176
1: [90, 91, 105, 104]
2: [104, 105, 91, 90]
3: [89, 103, 117, 118, 119, 120, 106, 92, 78, 77, 76, 75]
4: [75, 76, 90, 104, 118, 117, 103, 89]
5: [75, 76, 77, 91, 105, 119, 118, 117, 103, 89]
6: [76, 77, 78, 92, 106, 120, 119, 118, 104, 90]
7: [77, 78, 92, 106, 120, 119, 105, 91]
8: [75, 76, 77, 78, 92, 91, 90, 89]
9: [75, 76, 77, 78, 92, 106, 105, 104, 103, 89]
10: [89, 90, 91, 92, 106, 120, 119, 118, 117, 103]
11: [103, 104, 105, 106, 120, 119, 118, 117]
12: [74, 88, 102, 116, 130, 131, 132, 133, 134, 135, 121, 107, 93, 79, 65, 64, 63, 62, 61, 60]
13: [60, 61, 75, 89, 103, 117, 131, 130, 116, 102, 88, 74]
14: [60, 61, 62, 76, 90, 104, 118, 132, 131, 130, 116, 102, 88, 74]
15: [60, 61, 62, 63, 77, 91, 105, 119, 133, 132, 131, 130, 116, 102, 88, 74]
16: [60, 61, 62, 63, 64, 78, 92, 106, 120, 134, 133, 132, 131, 130, 116, 102, 88, 74]
17: [61, 62, 63, 64, 65, 79, 93, 107, 121, 135, 134, 133, 132, 131, 117, 103, 89, 75]
18: [62, 63, 64, 65, 79, 93, 107, 121, 135, 134, 133, 132, 118, 104, 90, 76]
19: [63, 64, 65, 79, 93, 107, 121, 135, 134, 133, 119, 105, 91, 77]
20: [64, 65, 79, 93, 107, 121, 135, 134, 120, 106, 92, 78]
21: [60, 61, 62, 63, 64, 65, 79, 78, 77, 76, 75, 74]
22: [60, 61, 62, 63, 64, 65, 79, 93, 92, 91, 90, 89, 88, 74]
23: [60, 61, 62, 63, 64, 65, 79, 93, 107, 106, 105, 104, 103, 102, 88, 74]
24: [60, 61, 62, 63, 64, 65, 79, 93, 107, 121, 120, 119, 118, 117, 116, 102, 88, 74]
25: [74, 75, 76, 77, 78, 79, 93, 107, 121, 135, 134, 133, 132, 131, 130, 116, 102, 88]
26: [88, 89, 90, 91, 92, 93, 107, 121, 135, 134, 133, 132, 131, 130, 116, 102]
27: [102, 103, 104, 105, 106, 107, 121, 135, 134, 133, 132, 131, 130, 116]
28: [116, 117, 118, 119, 120, 121, 135, 134, 133, 132, 131, 130]
29: [59, 73, 87, 101, 115, 129, 143, 144, 145, 146, 147, 148, 149, 150, 136, 122, 108, 94, 80, 66, 52, 51, 50, 49, 48, 47, 46, 45]
30: [45, 46, 60, 74, 88, 102, 116, 130, 144, 143, 129, 115, 101, 87, 73, 59]
31: [45, 46, 47, 61, 75, 89, 103, 117, 131, 145, 144, 143, 129, 115, 101, 87, 73, 59]
32: [45, 46, 47, 48, 62, 76, 90, 104, 118, 132, 146, 145, 144, 143, 129, 115, 101, 87, 73, 59]
33: [45, 46, 47, 48, 49, 63, 77, 91, 105, 119, 133, 147, 146, 145, 144, 143, 129, 115, 101, 87, 73, 59]
34: [45, 46, 47, 48, 49, 50, 64, 78, 92, 106, 120, 134, 148, 147, 146, 145, 144, 143, 129, 115, 101, 87, 73, 59]
35: [45, 46, 47, 48, 49, 50, 51, 65, 79, 93, 107, 121, 135, 149, 148, 147, 146, 145, 144, 143, 129, 115, 101, 87, 73, 59]
36: [46, 47, 48, 49, 50, 51, 52, 66, 80, 94, 108, 122, 136, 150, 149, 148, 147, 146, 145, 144, 130, 116, 102, 88, 74, 60]
37: [47, 48, 49, 50, 51, 52, 66, 80, 94, 108, 122, 136, 150, 149, 148, 147, 146, 145, 131, 117, 103, 89, 75, 61]
38: [48, 49, 50, 51, 52, 66, 80, 94, 108, 122, 136, 150, 149, 148, 147, 146, 132, 118, 104, 90, 76, 62]
39: [49, 50, 51, 52, 66, 80, 94, 108, 122, 136, 150, 149, 148, 147, 133, 119, 105, 91, 77, 63]
40: [50, 51, 52, 66, 80, 94, 108, 122, 136, 150, 149, 148, 134, 120, 106, 92, 78, 64]
41: [51, 52, 66, 80, 94, 108, 122, 136, 150, 149, 135, 121, 107, 93, 79, 65]
42: [45, 46, 47, 48, 49, 50, 51, 52, 66, 65, 64, 63, 62, 61, 60, 59]
43: [45, 46, 47, 48, 49, 50, 51, 52, 66, 80, 79, 78, 77, 76, 75, 74, 73, 59]
44: [45, 46, 47, 48, 49, 50, 51, 52, 66, 80, 94, 93, 92, 91, 90, 89, 88, 87, 73, 59]
45: [45, 46, 47, 48, 49, 50, 51, 52, 66, 80, 94, 108, 107, 106, 105, 104, 103, 102, 101, 87, 73, 59]
46: [45, 46, 47, 48, 49, 50, 51, 52, 66, 80, 94, 108, 122, 121, 120, 119, 118, 117, 116, 115, 101, 87, 73, 59]
47: [45, 46, 47, 48, 49, 50, 51, 52, 66, 80, 94, 108, 122, 136, 135, 134, 133, 132, 131, 130, 129, 115, 101, 87, 73, 59]
48: [59, 60, 61, 62, 63, 64, 65, 66, 80, 94, 108, 122, 136, 150, 149, 148, 147, 146, 145, 144, 143, 129, 115, 101, 87, 73]
49: [73, 74, 75, 76, 77, 78, 79, 80, 94, 108, 122, 136, 150, 149, 148, 147, 146, 145, 144, 143, 129, 115, 101, 87]
50: [87, 88, 89, 90, 91, 92, 93, 94, 108, 122, 136, 150, 149, 148, 147, 146, 145, 144, 143, 129, 115, 101]
51: [101, 102, 103, 104, 105, 106, 107, 108, 122, 136, 150, 149, 148, 147, 146, 145, 144, 143, 129, 115]
52: [115, 116, 117, 118, 119, 120, 121, 122, 136, 150, 149, 148, 147, 146, 145, 144, 143, 129]
53: [129, 130, 131, 132, 133, 134, 135, 136, 150, 149, 148, 147, 146, 145, 144, 143]
54: [44, 58, 72, 86, 100, 114, 128, 142, 156, 157, 158, 159, 160, 161, 162, 163, 164, 165, 151, 137, 123, 109, 95, 81, 67, 53, 39, 38, 37, 36, 35, 34, 33, 32, 31, 30]
55: [30, 31, 45, 59, 73, 87, 101, 115, 129, 143, 157, 156, 142, 128, 114, 100, 86, 72, 58, 44]
56: [30, 31, 32, 46, 60, 74, 88, 102, 116, 130, 144, 158, 157, 156, 142, 128, 114, 100, 86, 72, 58, 44]
57: [30, 31, 32, 33, 47, 61, 75, 89, 103, 117, 131, 145, 159, 158, 157, 156, 142, 128, 114, 100, 86, 72, 58, 44]
58: [30, 31, 32, 33, 34, 48, 62, 76, 90, 104, 118, 132, 146, 160, 159, 158, 157, 156, 142, 128, 114, 100, 86, 72, 58, 44]
59: [30, 31, 32, 33, 34, 35, 49, 63, 77, 91, 105, 119, 133, 147, 161, 160, 159, 158, 157, 156, 142, 128, 114, 100, 86, 72, 58, 44]
60: [30, 31, 32, 33, 34, 35, 36, 50, 64, 78, 92, 106, 120, 134, 148, 162, 161, 160, 159, 158, 157, 156, 142, 128, 114, 100, 86, 72, 58, 44]
61: [30, 31, 32, 33, 34, 35, 36, 37, 51, 65, 79, 93, 107, 121, 135, 149, 163, 162, 161, 160, 159, 158, 157, 156, 142, 128, 114, 100, 86, 72, 58, 44]
62: [30, 31, 32, 33, 34, 35, 36, 37, 38, 52, 66, 80, 94, 108, 122, 136, 150, 164, 163, 162, 161, 160, 159, 158, 157, 156, 142, 128, 114, 100, 86, 72, 58, 44]
63: [31, 32, 33, 34, 35, 36, 37, 38, 39, 53, 67, 81, 95, 109, 123, 137, 151, 165, 164, 163, 162, 161, 160, 159, 158, 157, 143, 129, 115, 101, 87, 73, 59, 45]
64: [32, 33, 34, 35, 36, 37, 38, 39, 53, 67, 81, 95, 109, 123, 137, 151, 165, 164, 163, 162, 161, 160, 159, 158, 144, 130, 116, 102, 88, 74, 60, 46]
65: [33, 34, 35, 36, 37, 38, 39, 53, 67, 81, 95, 109, 123, 137, 151, 165, 164, 163, 162, 161, 160, 159, 145, 131, 117, 103, 89, 75, 61, 47]
66: [34, 35, 36, 37, 38, 39, 53, 67, 81, 95, 109, 123, 137, 151, 165, 164, 163, 162, 161, 160, 146, 132, 118, 104, 90, 76, 62, 48]
67: [35, 36, 37, 38, 39, 53, 67, 81, 95, 109, 123, 137, 151, 165, 164, 163, 162, 161, 147, 133, 119, 105, 91, 77, 63, 49]
68: [36, 37, 38, 39, 53, 67, 81, 95, 109, 123, 137, 151, 165, 164, 163, 162, 148, 134, 120, 106, 92, 78, 64, 50]
69: [37, 38, 39, 53, 67, 81, 95, 109, 123, 137, 151, 165, 164, 163, 149, 135, 121, 107, 93, 79, 65, 51]
70: [38, 39, 53, 67, 81, 95, 109, 123, 137, 151, 165, 164, 150, 136, 122, 108, 94, 80, 66, 52]
71: [30, 31, 32, 33, 34, 35, 36, 37, 38, 39, 53, 52, 51, 50, 49, 48, 47, 46, 45, 44]
72: [30, 31, 32, 33, 34, 35, 36, 37, 38, 39, 53, 67, 66, 65, 64, 63, 62, 61, 60, 59, 58, 44]
73: [30, 31, 32, 33, 34, 35, 36, 37, 38, 39, 53, 67, 81, 80, 79, 78, 77, 76, 75, 74, 73, 72, 58, 44]
74: [30, 31, 32, 33, 34, 35, 36, 37, 38, 39, 53, 67, 81, 95, 94, 93, 92, 91, 90, 89, 88, 87, 86, 72, 58, 44]
75: [30, 31, 32, 33, 34, 35, 36, 37, 38, 39, 53, 67, 81, 95, 109, 108, 107, 106, 105, 104, 103, 102, 101, 100, 86, 72, 58, 44]
76: [30, 31, 32, 33, 34, 35, 36, 37, 38, 39, 53, 67, 81, 95, 109, 123, 122, 121, 120, 119, 118, 117, 116, 115, 114, 100, 86, 72, 58, 44]
77: [30, 31, 32, 33, 34, 35, 36, 37, 38, 39, 53, 67, 81, 95, 109, 123, 137, 136, 135, 134, 133, 132, 131, 130, 129, 128, 114, 100, 86, 72, 58, 44]
78: [30, 31, 32, 33, 34, 35, 36, 37, 38, 39, 53, 67, 81, 95, 109, 123, 137, 151, 150, 149, 148, 147, 146, 145, 144, 143, 142, 128, 114, 100, 86, 72, 58, 44]
79: [44, 45, 46, 47, 48, 49, 50, 51, 52, 53, 67, 81, 95, 109, 123, 137, 151, 165, 164, 163, 162, 161, 160, 159, 158, 157, 156, 142, 128, 114, 100, 86, 72, 58]
80: [58, 59, 60, 61, 62, 63, 64, 65, 66, 67, 81, 95, 109, 123, 137, 151, 165, 164, 163, 162, 161, 160, 159, 158, 157, 156, 142, 128, 114, 100, 86, 72]
81: [72, 73, 74, 75, 76, 77, 78, 79, 80, 81, 95, 109, 123, 137, 151, 165, 164, 163, 162, 161, 160, 159, 158, 157, 156, 142, 128, 114, 100, 86]
82: [86, 87, 88, 89, 90, 91, 92, 93, 94, 95, 109, 123, 137, 151, 165, 164, 163, 162, 161, 160, 159, 158, 157, 156, 142, 128, 114, 100]
83: [100, 101, 102, 103, 104, 105, 106, 107, 108, 109, 123, 137, 151, 165, 164, 163, 162, 161, 160, 159, 158, 157, 156, 142, 128, 114]
84: [114, 115, 116, 117, 118, 119, 120, 121, 122, 123, 137, 151, 165, 164, 163, 162, 161, 160, 159, 158, 157, 156, 142, 128]
85: [128, 129, 130, 131, 132, 133, 134, 135, 136, 137, 151, 165, 164, 163, 162, 161, 160, 159, 158, 157, 156, 142]
86: [142, 143, 144, 145, 146, 147, 148, 149, 150, 151, 165, 164, 163, 162, 161, 160, 159, 158, 157, 156]
87: [29, 43, 57, 71, 85, 99, 113, 127, 141, 155, 169, 170, 171, 172, 173, 174, 175, 176, 177, 178, 179, 180, 166, 152, 138, 124, 110, 96, 82, 68, 54, 40, 26, 25, 24, 23, 22, 21, 20, 19, 18, 17, 16, 15]
88: [15, 16, 30, 44, 58, 72, 86, 100, 114, 128, 142, 156, 170, 169, 155, 141, 127, 113, 99, 85, 71, 57, 43, 29]
89: [15, 16, 17, 31, 45, 59, 73, 87, 101, 115, 129, 143, 157, 171, 170, 169, 155, 141, 127, 113, 99, 85, 71, 57, 43, 29]
90: [15, 16, 17, 18, 32, 46, 60, 74, 88, 102, 116, 130, 144, 158, 172, 171, 170, 169, 155, 141, 127, 113, 99, 85, 71, 57, 43, 29]
91: [15, 16, 17, 18, 19, 33, 47, 61, 75, 89, 103, 117, 131, 145, 159, 173, 172, 171, 170, 169, 155, 141, 127, 113, 99, 85, 71, 57, 43, 29]
92: [15, 16, 17, 18, 19, 20, 34, 48, 62, 76, 90, 104, 118, 132, 146, 160, 174, 173, 172, 171, 170, 169, 155, 141, 127, 113, 99, 85, 71, 57, 43, 29]
93: [15, 16, 17, 18, 19, 20, 21, 35, 49, 63, 77, 91, 105, 119, 133, 147, 161, 175, 174, 173, 172, 171, 170, 169, 155, 141, 127, 113, 99, 85, 71, 57, 43, 29]
94: [15, 16, 17, 18, 19, 20, 21, 22, 36, 50, 64, 78, 92, 106, 120, 134, 148, 162, 176, 175, 174, 173, 172, 171, 170, 169, 155, 141, 127, 113, 99, 85, 71, 57, 43, 29]
95: [15, 16, 17, 18, 19, 20, 21, 22, 23, 37, 51, 65, 79, 93, 107, 121, 135, 149, 163, 177, 176, 175, 174, 173, 172, 171, 170, 169, 155, 141, 127, 113, 99, 85, 71, 57, 43, 29]
96: [15, 16, 17, 18, 19, 20, 21, 22, 23, 24, 38, 52, 66, 80, 94, 108, 122, 136, 150, 164, 178, 177, 176, 175, 174, 173, 172, 171, 170, 169, 155, 141, 127, 113, 99, 85, 71, 57, 43, 29]
97: [15, 16, 17, 18, 19, 20, 21, 22, 23, 24, 25, 39, 53, 67, 81, 95, 109, 123, 137, 151, 165, 179, 178, 177, 176, 175, 174, 173, 172, 171, 170, 169, 155, 141, 127, 113, 99, 85, 71, 57, 43, 29]
98: [16, 17, 18, 19, 20, 21, 22, 23, 24, 25, 26, 40, 54, 68, 82, 96, 110, 124, 138, 152, 166, 180, 179, 178, 177, 176, 175, 174, 173, 172, 171, 170, 156, 142, 128, 114, 100, 86, 72, 58, 44, 30]
99: [17, 18, 19, 20, 21, 22, 23, 24, 25, 26, 40, 54, 68, 82, 96, 110, 124, 138, 152, 166, 180, 179, 178, 177, 176, 175, 174, 173, 172, 171, 157, 143, 129, 115, 101, 87, 73, 59, 45, 31]
100: [18, 19, 20, 21, 22, 23, 24, 25, 26, 40, 54, 68, 82, 96, 110, 124, 138, 152, 166, 180, 179, 178, 177, 176, 175, 174, 173, 172, 158, 144, 130, 116, 102, 88, 74, 60, 46, 32]
101: [19, 20, 21, 22, 23, 24, 25, 26, 40, 54, 68, 82, 96, 110, 124, 138, 152, 166, 180, 179, 178, 177, 176, 175, 174, 173, 159, 145, 131, 117, 103, 89, 75, 61, 47, 33]
102: [20, 21, 22, 23, 24, 25, 26, 40, 54, 68, 82, 96, 110, 124, 138, 152, 166, 180, 179, 178, 177, 176, 175, 174, 160, 146, 132, 118, 104, 90, 76, 62, 48, 34]
103: [21, 22, 23, 24, 25, 26, 40, 54, 68, 82, 96, 110, 124, 138, 152, 166, 180, 179, 178, 177, 176, 175, 161, 147, 133, 119, 105, 91, 77, 63, 49, 35]
104: [22, 23, 24, 25, 26, 40, 54, 68, 82, 96, 110, 124, 138, 152, 166, 180, 179, 178, 177, 176, 162, 148, 134, 120, 106, 92, 78, 64, 50, 36]
105: [23, 24, 25, 26, 40, 54, 68, 82, 96, 110, 124, 138, 152, 166, 180, 179, 178, 177, 163, 149, 135, 121, 107, 93, 79, 65, 51, 37]
106: [24, 25, 26, 40, 54, 68, 82, 96, 110, 124, 138, 152, 166, 180, 179, 178, 164, 150, 136, 122, 108, 94, 80, 66, 52, 38]
107: [25, 26, 40, 54, 68, 82, 96, 110, 124, 138, 152, 166, 180, 179, 165, 151, 137, 123, 109, 95, 81, 67, 53, 39]
108: [15, 16, 17, 18, 19, 20, 21, 22, 23, 24, 25, 26, 40, 39, 38, 37, 36, 35, 34, 33, 32, 31, 30, 29]
109: [15, 16, 17, 18, 19, 20, 21, 22, 23, 24, 25, 26, 40, 54, 53, 52, 51, 50, 49, 48, 47, 46, 45, 44, 43, 29]
110: [15, 16, 17, 18, 19, 20, 21, 22, 23, 24, 25, 26, 40, 54, 68, 67, 66, 65, 64, 63, 62, 61, 60, 59, 58, 57, 43, 29]
111: [15, 16, 17, 18, 19, 20, 21, 22, 23, 24, 25, 26, 40, 54, 68, 82, 81, 80, 79, 78, 77, 76, 75, 74, 73, 72, 71, 57, 43, 29]
112: [15, 16, 17, 18, 19, 20, 21, 22, 23, 24, 25, 26, 40, 54, 68, 82, 96, 95, 94, 93, 92, 91, 90, 89, 88, 87, 86, 85, 71, 57, 43, 29]
113: [15, 16, 17, 18, 19, 20, 21, 22, 23, 24, 25, 26, 40, 54, 68, 82, 96, 110, 109, 108, 107, 106, 105, 104, 103, 102, 101, 100, 99, 85, 71, 57, 43, 29]
114: [15, 16, 17, 18, 19, 20, 21, 22, 23, 24, 25, 26, 40, 54, 68, 82, 96, 110, 124, 123, 122, 121, 120, 119, 118, 117, 116, 115, 114, 113, 99, 85, 71, 57, 43, 29]
115: [15, 16, 17, 18, 19, 20, 21, 22, 23, 24, 25, 26, 40, 54, 68, 82, 96, 110, 124, 138, 137, 136, 135, 134, 133, 132, 131, 130, 129, 128, 127, 113, 99, 85, 71, 57, 43, 29]
116: [15, 16, 17, 18, 19, 20, 21, 22, 23, 24, 25, 26, 40, 54, 68, 82, 96, 110, 124, 138, 152, 151, 150, 149, 148, 147, 146, 145, 144, 143, 142, 141, 127, 113, 99, 85, 71, 57, 43, 29]
117: [15, 16, 17, 18, 19, 20, 21, 22, 23, 24, 25, 26, 40, 54, 68, 82, 96, 110, 124, 138, 152, 166, 165, 164, 163, 162, 161, 160, 159, 158, 157, 156, 155, 141, 127, 113, 99, 85, 71, 57, 43, 29]
118: [29, 30, 31, 32, 33, 34, 35, 36, 37, 38, 39, 40, 54, 68, 82, 96, 110, 124, 138, 152, 166, 180, 179, 178, 177, 176, 175, 174, 173, 172, 171, 170, 169, 155, 141, 127, 113, 99, 85, 71, 57, 43]
119: [43, 44, 45, 46, 47, 48, 49, 50, 51, 52, 53, 54, 68, 82, 96, 110, 124, 138, 152, 166, 180, 179, 178, 177, 176, 175, 174, 173, 172, 171, 170, 169, 155, 141, 127, 113, 99, 85, 71, 57]
120: [57, 58, 59, 60, 61, 62, 63, 64, 65, 66, 67, 68, 82, 96, 110, 124, 138, 152, 166, 180, 179, 178, 177, 176, 175, 174, 173, 172, 171, 170, 169, 155, 141, 127, 113, 99, 85, 71]
121: [71, 72, 73, 74, 75, 76, 77, 78, 79, 80, 81, 82, 96, 110, 124, 138, 152, 166, 180, 179, 178, 177, 176, 175, 174, 173, 172, 171, 170, 169, 155, 141, 127, 113, 99, 85]
122: [85, 86, 87, 88, 89, 90, 91, 92, 93, 94, 95, 96, 110, 124, 138, 152, 166, 180, 179, 178, 177, 176, 175, 174, 173, 172, 171, 170, 169, 155, 141, 127, 113, 99]
123: [99, 100, 101, 102, 103, 104, 105, 106, 107, 108, 109, 110, 124, 138, 152, 166, 180, 179, 178, 177, 176, 175, 174, 173, 172, 171, 170, 169, 155, 141, 127, 113]
124: [113, 114, 115, 116, 117, 118, 119, 120, 121, 122, 123, 124, 138, 152, 166, 180, 179, 178, 177, 176, 175, 174, 173, 172, 171, 170, 169, 155, 141, 127]
125: [127, 128, 129, 130, 131, 132, 133, 134, 135, 136, 137, 138, 152, 166, 180, 179, 178, 177, 176, 175, 174, 173, 172, 171, 170, 169, 155, 141]
126: [141, 142, 143, 144, 145, 146, 147, 148, 149, 150, 151, 152, 166, 180, 179, 178, 177, 176, 175, 174, 173, 172, 171, 170, 169, 155]
127: [155, 156, 157, 158, 159, 160, 161, 162, 163, 164, 165, 166, 180, 179, 178, 177, 176, 175, 174, 173, 172, 171, 170, 169]
128: [14, 28, 42, 56, 70, 84, 98, 112, 126, 140, 154, 168, 182, 183, 184, 185, 186, 187, 188, 189, 190, 191, 192, 193, 194, 195, 181, 167, 153, 139, 125, 111, 97, 83, 69, 55, 41, 27, 13, 12, 11, 10, 9, 8, 7, 6, 5, 4, 3, 2, 1, 0]
129: [0, 1, 15, 29, 43, 57, 71, 85, 99, 113, 127, 141, 155, 169, 183, 182, 168, 154, 140, 126, 112, 98, 84, 70, 56, 42, 28, 14]
130: [0, 1, 2, 16, 30, 44, 58, 72, 86, 100, 114, 128, 142, 156, 170, 184, 183, 182, 168, 154, 140, 126, 112, 98, 84, 70, 56, 42, 28, 14]
131: [0, 1, 2, 3, 17, 31, 45, 59, 73, 87, 101, 115, 129, 143, 157, 171, 185, 184, 183, 182, 168, 154, 140, 126, 112, 98, 84, 70, 56, 42, 28, 14]
132: [0, 1, 2, 3, 4, 18, 32, 46, 60, 74, 88, 102, 116, 130, 144, 158, 172, 186, 185, 184, 183, 182, 168, 154, 140, 126, 112, 98, 84, 70, 56, 42, 28, 14]
133: [0, 1, 2, 3, 4, 5, 19, 33, 47, 61, 75, 89, 103, 117, 131, 145, 159, 173, 187, 186, 185, 184, 183, 182, 168, 154, 140, 126, 112, 98, 84, 70, 56, 42, 28, 14]
134: [0, 1, 2, 3, 4, 5, 6, 20, 34, 48, 62, 76, 90, 104, 118, 132, 146, 160, 174, 188, 187, 186, 185, 184, 183, 182, 168, 154, 140, 126, 112, 98, 84, 70, 56, 42, 28, 14]
135: [0, 1, 2, 3, 4, 5, 6, 7, 21, 35, 49, 63, 77, 91, 105, 119, 133, 147, 161, 175, 189, 188, 187, 186, 185, 184, 183, 182, 168, 154, 140, 126, 112, 98, 84, 70, 56, 42, 28, 14]
136: [0, 1, 2, 3, 4, 5, 6, 7, 8, 22, 36, 50, 64, 78, 92, 106, 120, 134, 148, 162, 176, 190, 189, 188, 187, 186, 185, 184, 183, 182, 168, 154, 140, 126, 112, 98, 84, 70, 56, 42, 28, 14]
137: [0, 1, 2, 3, 4, 5, 6, 7, 8, 9, 23, 37, 51, 65, 79, 93, 107, 121, 135, 149, 163, 177, 191, 190, 189, 188, 187, 186, 185, 184, 183, 182, 168, 154, 140, 126, 112, 98, 84, 70, 56, 42, 28, 14]
138: [0, 1, 2, 3, 4, 5, 6, 7, 8, 9, 10, 24, 38, 52, 66, 80, 94, 108, 122, 136, 150, 164, 178, 192, 191, 190, 189, 188, 187, 186, 185, 184, 183, 182, 168, 154, 140, 126, 112, 98, 84, 70, 56, 42, 28, 14]
139: [0, 1, 2, 3, 4, 5, 6, 7, 8, 9, 10, 11, 25, 39, 53, 67, 81, 95, 109, 123, 137, 151, 165, 179, 193, 192, 191, 190, 189, 188, 187, 186, 185, 184, 183, 182, 168, 154, 140, 126, 112, 98, 84, 70, 56, 42, 28, 14]
140: [0, 1, 2, 3, 4, 5, 6, 7, 8, 9, 10, 11, 12, 26, 40, 54, 68, 82, 96, 110, 124, 138, 152, 166, 180, 194, 193, 192, 191, 190, 189, 188, 187, 186, 185, 184, 183, 182, 168, 154, 140, 126, 112, 98, 84, 70, 56, 42, 28, 14]
141: [1, 2, 3, 4, 5, 6, 7, 8, 9, 10, 11, 12, 13, 27, 41, 55, 69, 83, 97, 111, 125, 139, 153, 167, 181, 195, 194, 193, 192, 191, 190, 189, 188, 187, 186, 185, 184, 183, 169, 155, 141, 127, 113, 99, 85, 71, 57, 43, 29, 15]
142: [2, 3, 4, 5, 6, 7, 8, 9, 10, 11, 12, 13, 27, 41, 55, 69, 83, 97, 111, 125, 139, 153, 167, 181, 195, 194, 193, 192, 191, 190, 189, 188, 187, 186, 185, 184, 170, 156, 142, 128, 114, 100, 86, 72, 58, 44, 30, 16]
143: [3, 4, 5, 6, 7, 8, 9, 10, 11, 12, 13, 27, 41, 55, 69, 83, 97, 111, 125, 139, 153, 167, 181, 195, 194, 193, 192, 191, 190, 189, 188, 187, 186, 185, 171, 157, 143, 129, 115, 101, 87, 73, 59, 45, 31, 17]
144: [4, 5, 6, 7, 8, 9, 10, 11, 12, 13, 27, 41, 55, 69, 83, 97, 111, 125, 139, 153, 167, 181, 195, 194, 193, 192, 191, 190, 189, 188, 187, 186, 172, 158, 144, 130, 116, 102, 88, 74, 60, 46, 32, 18]
145: [5, 6, 7, 8, 9, 10, 11, 12, 13, 27, 41, 55, 69, 83, 97, 111, 125, 139, 153, 167, 181, 195, 194, 193, 192, 191, 190, 189, 188, 187, 173, 159, 145, 131, 117, 103, 89, 75, 61, 47, 33, 19]
146: [6, 7, 8, 9, 10, 11, 12, 13, 27, 41, 55, 69, 83, 97, 111, 125, 139, 153, 167, 181, 195, 194, 193, 192, 191, 190, 189, 188, 174, 160, 146, 132, 118, 104, 90, 76, 62, 48, 34, 20]
147: [7, 8, 9, 10, 11, 12, 13, 27, 41, 55, 69, 83, 97, 111, 125, 139, 153, 167, 181, 195, 194, 193, 192, 191, 190, 189, 175, 161, 147, 133, 119, 105, 91, 77, 63, 49, 35, 21]
148: [8, 9, 10, 11, 12, 13, 27, 41, 55, 69, 83, 97, 111, 125, 139, 153, 167, 181, 195, 194, 193, 192, 191, 190, 176, 162, 148, 134, 120, 106, 92, 78, 64, 50, 36, 22]
149: [9, 10, 11, 12, 13, 27, 41, 55, 69, 83, 97, 111, 125, 139, 153, 167, 181, 195, 194, 193, 192, 191, 177, 163, 149, 135, 121, 107, 93, 79, 65, 51, 37, 23]
150: [10, 11, 12, 13, 27, 41, 55, 69, 83, 97, 111, 125, 139, 153, 167, 181, 195, 194, 193, 192, 178, 164, 150, 136, 122, 108, 94, 80, 66, 52, 38, 24]
151: [11, 12, 13, 27, 41, 55, 69, 83, 97, 111, 125, 139, 153, 167, 181, 195, 194, 193, 179, 165, 151, 137, 123, 109, 95, 81, 67, 53, 39, 25]
152: [12, 13, 27, 41, 55, 69, 83, 97, 111, 125, 139, 153, 167, 181, 195, 194, 180, 166, 152, 138, 124, 110, 96, 82, 68, 54, 40, 26]
153: [0, 1, 2, 3, 4, 5, 6, 7, 8, 9, 10, 11, 12, 13, 27, 26, 25, 24, 23, 22, 21, 20, 19, 18, 17, 16, 15, 14]
154: [0, 1, 2, 3, 4, 5, 6, 7, 8, 9, 10, 11, 12, 13, 27, 41, 40, 39, 38, 37, 36, 35, 34, 33, 32, 31, 30, 29, 28, 14]
155: [0, 1, 2, 3, 4, 5, 6, 7, 8, 9, 10, 11, 12, 13, 27, 41, 55, 54, 53, 52, 51, 50, 49, 48, 47, 46, 45, 44, 43, 42, 28, 14]
156: [0, 1, 2, 3, 4, 5, 6, 7, 8, 9, 10, 11, 12, 13, 27, 41, 55, 69, 68, 67, 66, 65, 64, 63, 62, 61, 60, 59, 58, 57, 56, 42, 28, 14]
157: [0, 1, 2, 3, 4, 5, 6, 7, 8, 9, 10, 11, 12, 13, 27, 41, 55, 69, 83, 82, 81, 80, 79, 78, 77, 76, 75, 74, 73, 72, 71, 70, 56, 42, 28, 14]
158: [0, 1, 2, 3, 4, 5, 6, 7, 8, 9, 10, 11, 12, 13, 27, 41, 55, 69, 83, 97, 96, 95, 94, 93, 92, 91, 90, 89, 88, 87, 86, 85, 84, 70, 56, 42, 28, 14]
159: [0, 1, 2, 3, 4, 5, 6, 7, 8, 9, 10, 11, 12, 13, 27, 41, 55, 69, 83, 97, 111, 110, 109, 108, 107, 106, 105, 104, 103, 102, 101, 100, 99, 98, 84, 70, 56, 42, 28, 14]
160: [0, 1, 2, 3, 4, 5, 6, 7, 8, 9, 10, 11, 12, 13, 27, 41, 55, 69, 83, 97, 111, 125, 124, 123, 122, 121, 120, 119, 118, 117, 116, 115, 114, 113, 112, 98, 84, 70, 56, 42, 28, 14]
161: [0, 1, 2, 3, 4, 5, 6, 7, 8, 9, 10, 11, 12, 13, 27, 41, 55, 69, 83, 97, 111, 125, 139, 138, 137, 136, 135, 134, 133, 132, 131, 130, 129, 128, 127, 126, 112, 98, 84, 70, 56, 42, 28, 14]
162: [0, 1, 2, 3, 4, 5, 6, 7, 8, 9, 10, 11, 12, 13, 27, 41, 55, 69, 83, 97, 111, 125, 139, 153, 152, 151, 150, 149, 148, 147, 146, 145, 144, 143, 142, 141, 140, 126, 112, 98, 84, 70, 56, 42, 28, 14]
163: [0, 1, 2, 3, 4, 5, 6, 7, 8, 9, 10, 11, 12, 13, 27, 41, 55, 69, 83, 97, 111, 125, 139, 153, 167, 166, 165, 164, 163, 162, 161, 160, 159, 158, 157, 156, 155, 154, 140, 126, 112, 98, 84, 70, 56, 42, 28, 14]
164: [0, 1, 2, 3, 4, 5, 6, 7, 8, 9, 10, 11, 12, 13, 27, 41, 55, 69, 83, 97, 111, 125, 139, 153, 167, 181, 180, 179, 178, 177, 176, 175, 174, 173, 172, 171, 170, 169, 168, 154, 140, 126, 112, 98, 84, 70, 56, 42, 28, 14]
165: [14, 15, 16, 17, 18, 19, 20, 21, 22, 23, 24, 25, 26, 27, 41, 55, 69, 83, 97, 111, 125, 139, 153, 167, 181, 195, 194, 193, 192, 191, 190, 189, 188, 187, 186, 185, 184, 183, 182, 168, 154, 140, 126, 112, 98, 84, 70, 56, 42, 28]
166: [28, 29, 30, 31, 32, 33, 34, 35, 36, 37, 38, 39, 40, 41, 55, 69, 83, 97, 111, 125, 139, 153, 167, 181, 195, 194, 193, 192, 191, 190, 189, 188, 187, 186, 185, 184, 183, 182, 168, 154, 140, 126, 112, 98, 84, 70, 56, 42]
167: [42, 43, 44, 45, 46, 47, 48, 49, 50, 51, 52, 53, 54, 55, 69, 83, 97, 111, 125, 139, 153, 167, 181, 195, 194, 193, 192, 191, 190, 189, 188, 187, 186, 185, 184, 183, 182, 168, 154, 140, 126, 112, 98, 84, 70, 56]
168: [56, 57, 58, 59, 60, 61, 62, 63, 64, 65, 66, 67, 68, 69, 83, 97, 111, 125, 139, 153, 167, 181, 195, 194, 193, 192, 191, 190, 189, 188, 187, 186, 185, 184, 183, 182, 168, 154, 140, 126, 112, 98, 84, 70]
169: [70, 71, 72, 73, 74, 75, 76, 77, 78, 79, 80, 81, 82, 83, 97, 111, 125, 139, 153, 167, 181, 195, 194, 193, 192, 191, 190, 189, 188, 187, 186, 185, 184, 183, 182, 168, 154, 140, 126, 112, 98, 84]
170: [84, 85, 86, 87, 88, 89, 90, 91, 92, 93, 94, 95, 96, 97, 111, 125, 139, 153, 167, 181, 195, 194, 193, 192, 191, 190, 189, 188, 187, 186, 185, 184, 183, 182, 168, 154, 140, 126, 112, 98]
171: [98, 99, 100, 101, 102, 103, 104, 105, 106, 107, 108, 109, 110, 111, 125, 139, 153, 167, 181, 195, 194, 193, 192, 191, 190, 189, 188, 187, 186, 185, 184, 183, 182, 168, 154, 140, 126, 112]
172: [112, 113, 114, 115, 116, 117, 118, 119, 120, 121, 122, 123, 124, 125, 139, 153, 167, 181, 195, 194, 193, 192, 191, 190, 189, 188, 187, 186, 185, 184, 183, 182, 168, 154, 140, 126]
173: [126, 127, 128, 129, 130, 131, 132, 133, 134, 135, 136, 137, 138, 139, 153, 167, 181, 195, 194, 193, 192, 191, 190, 189, 188, 187, 186, 185, 184, 183, 182, 168, 154, 140]
174: [140, 141, 142, 143, 144, 145, 146, 147, 148, 149, 150, 151, 152, 153, 167, 181, 195, 194, 193, 192, 191, 190, 189, 188, 187, 186, 185, 184, 183, 182, 168, 154]
175: [154, 155, 156, 157, 158, 159, 160, 161, 162, 163, 164, 165, 166, 167, 181, 195, 194, 193, 192, 191, 190, 189, 188, 187, 186, 185, 184, 183, 182, 168]
176: [168, 169, 170, 171, 172, 173, 174, 175, 176, 177, 178, 179, 180, 181, 195, 194, 193, 192, 191, 190, 189, 188, 187, 186, 185, 184, 183, 182]
196
0
0: []
1: [129, 130, 131, 132, 133, 134, 135, 136, 137, 138, 139, 140, 153, 154, 155, 156, 157, 158, 159, 160, 161, 162, 163, 164, 128]
2: [130, 131, 132, 133, 134, 135, 136, 137, 138, 139, 140, 153, 154, 155, 156, 157, 158, 159, 160, 161, 162, 163, 164, 128]
3: [131, 132, 133, 134, 135, 136, 137, 138, 139, 140, 153, 154, 155, 156, 157, 158, 159, 160, 161, 162, 163, 164, 128]
4: [132, 133, 134, 135, 136, 137, 138, 139, 140, 153, 154, 155, 156, 157, 158, 159, 160, 161, 162, 163, 164, 128]
5: [133, 134, 135, 136, 137, 138, 139, 140, 153, 154, 155, 156, 157, 158, 159, 160, 161, 162, 163, 164, 128]
6: [134, 135, 136, 137, 138, 139, 140, 153, 154, 155, 156, 157, 158, 159, 160, 161, 162, 163, 164, 128]
7: [160, 161, 162, 163, 164, 135, 136, 137, 138, 139, 140, 153, 154, 155, 156, 157, 158, 159, 128]
8: [160, 161, 162, 163, 164, 136, 137, 138, 139, 140, 153, 154, 155, 156, 157, 158, 159, 128]
9: [160, 161, 162, 163, 164, 137, 138, 139, 140, 153, 154, 155, 156, 157, 158, 159, 128]
10: [160, 161, 162, 163, 164, 138, 139, 140, 153, 154, 155, 156, 157, 158, 159, 128]
11: [160, 161, 162, 163, 164, 139, 140, 153, 154, 155, 156, 157, 158, 159, 128]
12: [160, 161, 162, 163, 164, 140, 153, 154, 155, 156, 157, 158, 159, 128]
13: [160, 161, 162, 163, 164, 153, 154, 155, 156, 157, 158, 159, 128]
14: [128, 129, 153, 130, 154, 131, 155, 156, 132, 133, 157, 158, 134, 159, 135, 136, 160, 137, 161, 162, 138, 139, 163, 164, 140]
15: [129, 153]
16: [130, 153]
17: [131, 153]
18: [132, 153]
19: [133, 153]
20: [134, 153]
21: [135, 153]
22: [136, 153]
23: [137, 153]
24: [138, 153]
25: [139, 153]
26: [140, 153]
27: [160, 161, 162, 163, 164, 153, 154, 155, 156, 157, 158, 159, 128]
28: [128, 129, 130, 154, 131, 155, 156, 132, 133, 157, 158, 134, 159, 135, 136, 160, 137, 161, 162, 138, 139, 163, 164, 140]
29: [129, 154]
30: [130, 154]
31: [131, 154]
32: [132, 154]
33: [133, 154]
34: [134, 154]
35: [135, 154]
36: [136, 154]
37: [137, 154]
38: [138, 154]
39: [139, 154]
40: [140, 154]
41: [160, 161, 162, 163, 164, 154, 155, 156, 157, 158, 159, 128]
42: [128, 129, 130, 131, 155, 156, 132, 133, 157, 158, 134, 159, 135, 136, 160, 137, 161, 162, 138, 139, 163, 164, 140]
43: [129, 155]
44: [130, 155]
45: [131, 155]
46: [132, 155]
47: [133, 155]
48: [134, 155]
49: [135, 155]
50: [136, 155]
51: [137, 155]
52: [138, 155]
53: [139, 155]
54: [140, 155]
55: [160, 161, 162, 163, 164, 155, 156, 157, 158, 159, 128]
56: [128, 129, 130, 131, 156, 132, 133, 157, 158, 134, 159, 135, 136, 160, 137, 161, 162, 138, 139, 163, 164, 140]
57: [129, 156]
58: [130, 156]
59: [131, 156]
60: [132, 156]
61: [133, 156]
62: [134, 156]
63: [135, 156]
64: [136, 156]
65: [137, 156]
66: [138, 156]
67: [139, 156]
68: [140, 156]
69: [160, 161, 162, 163, 164, 156, 157, 158, 159, 128]
70: [128, 129, 130, 131, 132, 133, 157, 158, 134, 159, 135, 136, 160, 137, 161, 162, 138, 139, 163, 164, 140]
71: [129, 157]
72: [130, 157]
73: [131, 157]
74: [132, 157]
75: [133, 157]
76: [134, 157]
77: [135, 157]
78: [136, 157]
79: [137, 157]
80: [138, 157]
81: [139, 157]
82: [140, 157]
83: [160, 161, 162, 163, 164, 157, 158, 159, 128]
84: [128, 129, 130, 131, 132, 133, 158, 134, 159, 135, 136, 160, 137, 161, 162, 138, 139, 163, 164, 140]
85: [129, 158]
86: [130, 158]
87: [131, 158]
88: [132, 158]
89: [133, 158]
90: [134, 158]
91: [135, 158]
92: [136, 158]
93: [137, 158]
94: [138, 158]
95: [139, 158]
96: [140, 158]
97: [160, 161, 162, 163, 164, 158, 159, 128]
98: [128, 129, 130, 131, 132, 133, 134, 159, 135, 136, 160, 137, 161, 162, 138, 139, 163, 164, 140]
99: [129, 159]
100: [130, 159]
101: [131, 159]
102: [132, 159]
103: [133, 159]
104: [134, 159]
105: [135, 159]
106: [136, 159]
107: [137, 159]
108: [138, 159]
109: [139, 159]
110: [140, 159]
111: [160, 161, 162, 163, 164, 159, 128]
112: [128, 129, 130, 131, 132, 133, 134, 135, 136, 160, 137, 161, 162, 138, 139, 163, 164, 140]
113: [129, 160]
114: [130, 160]
115: [131, 160]
116: [132, 160]
117: [133, 160]
118: [134, 160]
119: [135, 160]
120: [136, 160]
121: [137, 160]
122: [138, 160]
123: [139, 160]
124: [140, 160]
125: [160, 161, 162, 163, 164, 128]
126: [128, 129, 130, 131, 132, 133, 134, 135, 136, 137, 161, 162, 138, 139, 163, 164, 140]
127: [129, 161]
128: [130, 161]
129: [131, 161]
130: [132, 161]
131: [133, 161]
132: [134, 161]
133: [135, 161]
134: [136, 161]
135: [137, 161]
136: [138, 161]
137: [139, 161]
138: [140, 161]
139: [161, 162, 163, 164, 128]
140: [128, 129, 130, 131, 132, 133, 134, 135, 136, 137, 162, 138, 139, 163, 164, 140]
141: [129, 162]
142: [130, 162]
143: [131, 162]
144: [132, 162]
145: [133, 162]
146: [134, 162]
147: [135, 162]
148: [136, 162]
149: [137, 162]
150: [138, 162]
151: [139, 162]
152: [140, 162]
153: [162, 163, 164, 128]
154: [128, 129, 130, 131, 132, 133, 134, 135, 136, 137, 138, 139, 163, 164, 140]
155: [129, 163]
156: [130, 163]
157: [131, 163]
158: [132, 163]
159: [133, 163]
160: [134, 163]
161: [135, 163]
162: [136, 163]
163: [137, 163]
164: [138, 163]
165: [139, 163]
166: [140, 163]
167: [163, 164, 128]
168: [128, 129, 130, 131, 132, 133, 134, 135, 136, 137, 138, 139, 164, 140]
169: [129, 164]
170: [130, 164]
171: [131, 164]
172: [132, 164]
173: [133, 164]
174: [134, 164]
175: [135, 164]
176: [136, 164]
177: [137, 164]
178: [138, 164]
179: [139, 164]
180: [140, 164]
181: [164, 128]
182: [128, 129, 130, 131, 132, 133, 134, 135, 136, 137, 138, 139, 140]
183: [128, 129, 130, 131, 132, 133, 134, 135, 136, 137, 138, 139, 140]
184: [128, 130, 131, 132, 133, 134, 135, 136, 137, 138, 139, 140]
185: [128, 131, 132, 133, 134, 135, 136, 137, 138, 139, 140]
186: [128, 132, 133, 134, 135, 136, 137, 138, 139, 140]
187: [128, 133, 134, 135, 136, 137, 138, 139, 140]
188: [128, 134, 135, 136, 137, 138, 139, 140]
189: [128, 135, 136, 137, 138, 139, 140]
190: [128, 136, 137, 138, 139, 140]
191: [128, 137, 138, 139, 140]
192: [128, 138, 139, 140]
193: [128, 139, 140]
194: [128, 140]
195: [128]
1
0: [128, 129, 153, 130, 154, 131, 155, 156, 132, 133, 157, 158, 134, 159, 135, 136, 160, 137, 161, 162, 138, 139, 163, 164, 140]
1: []
2: [130, 131, 132, 133, 134, 135, 136, 137, 138, 139, 140, 141, 153, 154, 155, 156, 157, 158, 159, 160, 161, 162, 163, 164, 128]
3: [131, 132, 133, 134, 135, 136, 137, 138, 139, 140, 141, 153, 154, 155, 156, 157, 158, 159, 160, 161, 162, 163, 164, 128]
4: [132, 133, 134, 135, 136, 137, 138, 139, 140, 141, 153, 154, 155, 156, 157, 158, 159, 160, 161, 162, 163, 164, 128]
5: [133, 134, 135, 136, 137, 138, 139, 140, 141, 153, 154, 155, 156, 157, 158, 159, 160, 161, 162, 163, 164, 128]
6: [134, 135, 136, 137, 138, 139, 140, 141, 153, 154, 155, 156, 157, 158, 159, 160, 161, 162, 163, 164, 128]
7: [135, 136, 137, 138, 139, 140, 141, 153, 154, 155, 156, 157, 158, 159, 160, 161, 162, 163, 164, 128]
8: [160, 161, 162, 163, 164, 136, 137, 138, 139, 140, 141, 153, 154, 155, 156, 157, 158, 159, 128]
9: [160, 161, 162, 163, 164, 137, 138, 139, 140, 141, 153, 154, 155, 156, 157, 158, 159, 128]
10: [160, 161, 162, 163, 164, 138, 139, 140, 141, 153, 154, 155, 156, 157, 158, 159, 128]
11: [160, 161, 162, 163, 164, 139, 140, 141, 153, 154, 155, 156, 157, 158, 159, 128]
12: [160, 161, 162, 163, 164, 140, 141, 153, 154, 155, 156, 157, 158, 159, 128]
13: [160, 161, 162, 163, 164, 141, 153, 154, 155, 156, 157, 158, 159, 128]
14: [128, 129, 153, 130, 154, 131, 155, 156, 132, 133, 157, 158, 134, 159, 135, 136, 160, 137, 161, 162, 138, 139, 163, 164, 140]
15: [129, 153, 141]
16: [130, 153]
17: [131, 153]
18: [132, 153]
19: [133, 153]
20: [134, 153]
21: [135, 153]
22: [136, 153]
23: [137, 153]
24: [138, 153]
25: [139, 153]
26: [140, 153]
27: [160, 161, 162, 163, 164, 141, 153, 154, 155, 156, 157, 158, 159, 128]
28: [128, 129, 130, 154, 131, 155, 156, 132, 133, 157, 158, 134, 159, 135, 136, 160, 137, 161, 162, 138, 139, 163, 164, 140]
29: [129, 154, 141]
30: [130, 154]
31: [131, 154]
32: [132, 154]
33: [133, 154]
34: [134, 154]
35: [135, 154]
36: [136, 154]
37: [137, 154]
38: [138, 154]
39: [139, 154]
40: [140, 154]
41: [160, 161, 162, 163, 164, 141, 154, 155, 156, 157, 158, 159, 128]
42: [128, 129, 130, 131, 155, 156, 132, 133, 157, 158, 134, 159, 135, 136, 160, 137, 161, 162, 138, 139, 163, 164, 140]
43: [129, 155, 141]
44: [130, 155]
45: [131, 155]
46: [132, 155]
47: [133, 155]
48: [134, 155]
49: [135, 155]
50: [136, 155]
51: [137, 155]
52: [138, 155]
53: [139, 155]
54: [140, 155]
55: [160, 161, 162, 163, 164, 141, 155, 156, 157, 158, 159, 128]
56: [128, 129, 130, 131, 156, 132, 133, 157, 158, 134, 159, 135, 136, 160, 137, 161, 162, 138, 139, 163, 164, 140]
57: [129, 156, 141]
58: [130, 156]
59: [131, 156]
60: [132, 156]
61: [133, 156]
62: [134, 156]
63: [135, 156]
64: [136, 156]
65: [137, 156]
66: [138, 156]
67: [139, 156]
68: [140, 156]
69: [160, 161, 162, 163, 164, 141, 156, 157, 158, 159, 128]
70: [128, 129, 130, 131, 132, 133, 157, 158, 134, 159, 135, 136, 160, 137, 161, 162, 138, 139, 163, 164, 140]
71: [129, 157, 141]
72: [130, 157]
73: [131, 157]
74: [132, 157]
75: [133, 157]
76: [134, 157]
77: [135, 157]
78: [136, 157]
79: [137, 157]
80: [138, 157]
81: [139, 157]
82: [140, 157]
83: [160, 161, 162, 163, 164, 141, 157, 158, 159, 128]
84: [128, 129, 130, 131, 132, 133, 158, 134, 159, 135, 136, 160, 137, 161, 162, 138, 139, 163, 164, 140]
85: [129, 158, 141]
86: [130, 158]
87: [131, 158]
88: [132, 158]
89: [133, 158]
90: [134, 158]
91: [135, 158]
92: [136, 158]
93: [137, 158]
94: [138, 158]
95: [139, 158]
96: [140, 158]
97: [160, 161, 162, 163, 164, 141, 158, 159, 128]
98: [128, 129, 130, 131, 132, 133, 134, 159, 135, 136, 160, 137, 161, 162, 138, 139, 163, 164, 140]
99: [129, 159, 141]
100: [130, 159]
101: [131, 159]
102: [132, 159]
103: [133, 159]
104: [134, 159]
105: [135, 159]
106: [136, 159]
107: [137, 159]
108: [138, 159]
109: [139, 159]
110: [140, 159]
111: [160, 161, 162, 163, 164, 141, 159, 128]
112: [128, 129, 130, 131, 132, 133, 134, 135, 136, 160, 137, 161, 162, 138, 139, 163, 164, 140]
113: [129, 160, 141]
114: [130, 160]
115: [131, 160]
116: [132, 160]
117: [133, 160]
118: [134, 160]
119: [135, 160]
120: [136, 160]
121: [137, 160]
122: [138, 160]
123: [139, 160]
124: [140, 160]
125: [160, 161, 162, 163, 164, 141, 128]
126: [128, 129, 130, 131, 132, 133, 134, 135, 136, 137, 161, 162, 138, 139, 163, 164, 140]
127: [129, 161, 141]
128: [130, 161]
129: [131, 161]
130: [132, 161]
131: [133, 161]
132: [134, 161]
133: [135, 161]
134: [136, 161]
135: [137, 161]
136: [138, 161]
137: [139, 161]
138: [140, 161]
139: [161, 162, 163, 164, 141, 128]
140: [128, 129, 130, 131, 132, 133, 134, 135, 136, 137, 162, 138, 139, 163, 164, 140]
141: [129, 162, 141]
142: [130, 162]
143: [131, 162]
144: [132, 162]
145: [133, 162]
146: [134, 162]
147: [135, 162]
148: [136, 162]
149: [137, 162]
150: [138, 162]
151: [139, 162]
152: [140, 162]
153: [162, 163, 164, 141, 128]
154: [128, 129, 130, 131, 132, 133, 134, 135, 136, 137, 138, 139, 163, 164, 140]
155: [129, 163, 141]
156: [130, 163]
157: [131, 163]
158: [132, 163]
159: [133, 163]
160: [134, 163]
161: [135, 163]
162: [136, 163]
163: [137, 163]
164: [138, 163]
165: [139, 163]
166: [140, 163]
167: [163, 164, 141, 128]
168: [128, 129, 130, 131, 132, 133, 134, 135, 136, 137, 138, 139, 164, 140]
169: [129, 164, 141]
170: [130, 164]
171: [131, 164]
172: [132, 164]
173: [133, 164]
174: [134, 164]
175: [135, 164]
176: [136, 164]
177: [137, 164]
178: [138, 164]
179: [139, 164]
180: [140, 164]
181: [164, 141, 128]
182: [128, 129, 130, 131, 132, 133, 134, 135, 136, 137, 138, 139, 140]
183: [129, 128, 130, 131, 132, 133, 134, 135, 136, 137, 138, 139, 140, 141]
184: [130, 128, 131, 132, 133, 134, 135, 136, 137, 138, 139, 140, 141]
185: [131, 128, 132, 133, 134, 135, 136, 137, 138, 139, 140, 141]
186: [132, 128, 133, 134, 135, 136, 137, 138, 139, 140, 141]
187: [133, 128, 134, 135, 136, 137, 138, 139, 140, 141]
188: [134, 128, 135, 136, 137, 138, 139, 140, 141]
189: [135, 128, 136, 137, 138, 139, 140, 141]
190: [136, 128, 137, 138, 139, 140, 141]
191: [137, 128, 138, 139, 140, 141]
192: [138, 128, 139, 140, 141]
193: [139, 128, 140, 141]
194: [140, 128, 141]
195: [141, 128]
2
0: [128, 153, 130, 154, 131, 155, 156, 132, 133, 157, 158, 134, 159, 135, 136, 160, 137, 161, 162, 138, 139, 163, 164, 140]
1: [128, 153, 130, 154, 131, 155, 156, 132, 133, 157, 158, 134, 159, 135, 136, 160, 137, 161, 162, 138, 139, 163, 164, 140, 141]
2: []
3: [131, 132, 133, 134, 135, 136, 137, 138, 139, 140, 141, 142, 153, 154, 155, 156, 157, 158, 159, 160, 161, 162, 163, 164, 128]
4: [132, 133, 134, 135, 136, 137, 138, 139, 140, 141, 142, 153, 154, 155, 156, 157, 158, 159, 160, 161, 162, 163, 164, 128]
5: [133, 134, 135, 136, 137, 138, 139, 140, 141, 142, 153, 154, 155, 156, 157, 158, 159, 160, 161, 162, 163, 164, 128]
6: [134, 135, 136, 137, 138, 139, 140, 141, 142, 153, 154, 155, 156, 157, 158, 159, 160, 161, 162, 163, 164, 128]
7: [135, 136, 137, 138, 139, 140, 141, 142, 153, 154, 155, 156, 157, 158, 159, 160, 161, 162, 163, 164, 128]
8: [136, 137, 138, 139, 140, 141, 142, 153, 154, 155, 156, 157, 158, 159, 160, 161, 162, 163, 164, 128]
9: [160, 161, 162, 163, 164, 137, 138, 139, 140, 141, 142, 153, 154, 155, 156, 157, 158, 159, 128]
10: [160, 161, 162, 163, 164, 138, 139, 140, 141, 142, 153, 154, 155, 156, 157, 158, 159, 128]
11: [160, 161, 162, 163, 164, 139, 140, 141, 142, 153, 154, 155, 156, 157, 158, 159, 128]
12: [160, 161, 162, 163, 164, 140, 141, 142, 153, 154, 155, 156, 157, 158, 159, 128]
13: [160, 161, 162, 163, 164, 141, 142, 153, 154, 155, 156, 157, 158, 159, 128]
14: [128, 153, 130, 154, 131, 155, 156, 132, 133, 157, 158, 134, 159, 135, 136, 160, 137, 161, 162, 138, 139, 163, 164, 140]
15: [153, 141]
16: [130, 153, 142]
17: [131, 153]
18: [132, 153]
19: [133, 153]
20: [134, 153]
21: [135, 153]
22: [136, 153]
23: [137, 153]
24: [138, 153]
25: [139, 153]
26: [140, 153]
27: [160, 161, 162, 163, 164, 141, 142, 153, 154, 155, 156, 157, 158, 159, 128]
28: [128, 130, 154, 131, 155, 156, 132, 133, 157, 158, 134, 159, 135, 136, 160, 137, 161, 162, 138, 139, 163, 164, 140]
29: [154, 141]
30: [130, 154, 142]
31: [131, 154]
32: [132, 154]
33: [133, 154]
34: [134, 154]
35: [135, 154]
36: [136, 154]
37: [137, 154]
38: [138, 154]
39: [139, 154]
40: [140, 154]
41: [160, 161, 162, 163, 164, 141, 142, 154, 155, 156, 157, 158, 159, 128]
42: [128, 130, 131, 155, 156, 132, 133, 157, 158, 134, 159, 135, 136, 160, 137, 161, 162, 138, 139, 163, 164, 140]
43: [155, 141]
44: [130, 155, 142]
45: [131, 155]
46: [132, 155]
47: [133, 155]
48: [134, 155]
49: [135, 155]
50: [136, 155]
51: [137, 155]
52: [138, 155]
53: [139, 155]
54: [140, 155]
55: [160, 161, 162, 163, 164, 141, 142, 155, 156, 157, 158, 159, 128]
56: [128, 130, 131, 156, 132, 133, 157, 158, 134, 159, 135, 136, 160, 137, 161, 162, 138, 139, 163, 164, 140]
57: [156, 141]
58: [130, 156, 142]
59: [131, 156]
60: [132, 156]
61: [133, 156]
62: [134, 156]
63: [135, 156]
64: [136, 156]
65: [137, 156]
66: [138, 156]
67: [139, 156]
68: [140, 156]
69: [160, 161, 162, 163, 164, 141, 142, 156, 157, 158, 159, 128]
70: [128, 130, 131, 132, 133, 157, 158, 134, 159, 135, 136, 160, 137, 161, 162, 138, 139, 163, 164, 140]
71: [157, 141]
72: [130, 157, 142]
73: [131, 157]
74: [132, 157]
75: [133, 157]
76: [134, 157]
77: [135, 157]
78: [136, 157]
79: [137, 157]
80: [138, 157]
81: [139, 157]
82: [140, 157]
83: [160, 161, 162, 163, 164, 141, 142, 157, 158, 159, 128]
84: [128, 130, 131, 132, 133, 158, 134, 159, 135, 136, 160, 137, 161, 162, 138, 139, 163, 164, 140]
85: [158, 141]
86: [130, 158, 142]
87: [131, 158]
88: [132, 158]
89: [133, 158]
90: [134, 158]
91: [135, 158]
92: [136, 158]
93: [137, 158]
94: [138, 158]
95: [139, 158]
96: [140, 158]
97: [160, 161, 162, 163, 164, 141, 142, 158, 159, 128]
98: [128, 130, 131, 132, 133, 134, 159, 135, 136, 160, 137, 161, 162, 138, 139, 163, 164, 140]
99: [159, 141]
100: [130, 159, 142]
101: [131, 159]
102: [132, 159]
103: [133, 159]
104: [134, 159]
105: [135, 159]
106: [136, 159]
107: [137, 159]
108: [138, 159]
109: [139, 159]
110: [140, 159]
111: [160, 161, 162, 163, 164, 141, 142, 159, 128]
112: [128, 130, 131, 132, 133, 134, 135, 136, 160, 137, 161, 162, 138, 139, 163, 164, 140]
113: [160, 141]
114: [130, 160, 142]
115: [131, 160]
116: [132, 160]
117: [133, 160]
118: [134, 160]
119: [135, 160]
120: [136, 160]
121: [137, 160]
122: [138, 160]
123: [139, 160]
124: [140, 160]
125: [160, 161, 162, 163, 164, 141, 142, 128]
126: [128, 130, 131, 132, 133, 134, 135, 136, 137, 161, 162, 138, 139, 163, 164, 140]
127: [161, 141]
128: [130, 161, 142]
129: [131, 161]
130: [132, 161]
131: [133, 161]
132: [134, 161]
133: [135, 161]
134: [136, 161]
135: [137, 161]
136: [138, 161]
137: [139, 161]
138: [140, 161]
139: [161, 162, 163, 164, 141, 142, 128]
140: [128, 130, 131, 132, 133, 134, 135, 136, 137, 162, 138, 139, 163, 164, 140]
141: [162, 141]
142: [130, 162, 142]
143: [131, 162]
144: [132, 162]
145: [133, 162]
146: [134, 162]
147: [135, 162]
148: [136, 162]
149: [137, 162]
150: [138, 162]
151: [139, 162]
152: [140, 162]
153: [162, 163, 164, 141, 142, 128]
154: [128, 130, 131, 132, 133, 134, 135, 136, 137, 138, 139, 163, 164, 140]
155: [163, 141]
156: [130, 163, 142]
157: [131, 163]
158: [132, 163]
159: [133, 163]
160: [134, 163]
161: [135, 163]
162: [136, 163]
163: [137, 163]
164: [138, 163]
165: [139, 163]
166: [140, 163]
167: [163, 164, 141, 142, 128]
168: [128, 130, 131, 132, 133, 134, 135, 136, 137, 138, 139, 164, 140]
169: [164, 141]
170: [130, 164, 142]
171: [131, 164]
172: [132, 164]
173: [133, 164]
174: [134, 164]
175: [135, 164]
176: [136, 164]
177: [137, 164]
178: [138, 164]
179: [139, 164]
180: [140, 164]
181: [164, 141, 142, 128]
182: [128, 130, 131, 132, 133, 134, 135, 136, 137, 138, 139, 140]
183: [130, 128, 131, 132, 133, 134, 135, 136, 137, 138, 139, 140, 141]
184: [130, 131, 128, 132, 133, 134, 135, 136, 137, 138, 139, 140, 141, 142]
185: [131, 132, 128, 133, 134, 135, 136, 137, 138, 139, 140, 141, 142]
186: [132, 133, 128, 134, 135, 136, 137, 138, 139, 140, 141, 142]
187: [133, 134, 128, 135, 136, 137, 138, 139, 140, 141, 142]
188: [134, 135, 128, 136, 137, 138, 139, 140, 141, 142]
189: [135, 136, 128, 137, 138, 139, 140, 141, 142]
190: [136, 137, 128, 138, 139, 140, 141, 142]
191: [137, 138, 128, 139, 140, 141, 142]
192: [138, 139, 128, 140, 141, 142]
193: [139, 140, 128, 141, 142]
194: [140, 141, 142, 128]
195: [141, 142, 128]
3
0: [128, 153, 154, 131, 155, 156, 132, 133, 157, 158, 134, 159, 135, 136, 160, 137, 161, 162, 138, 139, 163, 164, 140]
1: [128, 153, 154, 131, 155, 156, 132, 133, 157, 158, 134, 159, 135, 136, 160, 137, 161, 162, 138, 139, 163, 164, 140, 141]
2: [128, 153, 154, 131, 155, 156, 132, 133, 157, 158, 134, 159, 135, 136, 160, 137, 161, 162, 138, 139, 163, 142, 164, 140, 141]
3: []
4: [132, 133, 134, 135, 136, 137, 138, 139, 140, 141, 142, 143, 153, 154, 155, 156, 157, 158, 159, 160, 161, 162, 163, 164, 128]
5: [133, 134, 135, 136, 137, 138, 139, 140, 141, 142, 143, 153, 154, 155, 156, 157, 158, 159, 160, 161, 162, 163, 164, 128]
6: [134, 135, 136, 137, 138, 139, 140, 141, 142, 143, 153, 154, 155, 156, 157, 158, 159, 160, 161, 162, 163, 164, 128]
7: [135, 136, 137, 138, 139, 140, 141, 142, 143, 153, 154, 155, 156, 157, 158, 159, 160, 161, 162, 163, 164, 128]
8: [136, 137, 138, 139, 140, 141, 142, 143, 153, 154, 155, 156, 157, 158, 159, 160, 161, 162, 163, 164, 128]
9: [137, 138, 139, 140, 141, 142, 143, 153, 154, 155, 156, 157, 158, 159, 160, 161, 162, 163, 164, 128]
10: [160, 161, 162, 163, 164, 138, 139, 140, 141, 142, 143, 153, 154, 155, 156, 157, 158, 159, 128]
11: [160, 161, 162, 163, 164, 139, 140, 141, 142, 143, 153, 154, 155, 156, 157, 158, 159, 128]
12: [160, 161, 162, 163, 164, 140, 141, 142, 143, 153, 154, 155, 156, 157, 158, 159, 128]
13: [160, 161, 162, 163, 164, 141, 142, 143, 153, 154, 155, 156, 157, 158, 159, 128]
14: [128, 153, 154, 131, 155, 156, 132, 133, 157, 158, 134, 159, 135, 136, 160, 137, 161, 162, 138, 139, 163, 164, 140]
15: [153, 141]
16: [153, 142]
17: [131, 153, 143]
18: [132, 153]
19: [133, 153]
20: [134, 153]
21: [135, 153]
22: [136, 153]
23: [137, 153]
24: [138, 153]
25: [139, 153]
26: [140, 153]
27: [160, 161, 162, 163, 164, 141, 142, 143, 153, 154, 155, 156, 157, 158, 159, 128]
28: [128, 154, 131, 155, 156, 132, 133, 157, 158, 134, 159, 135, 136, 160, 137, 161, 162, 138, 139, 163, 164, 140]
29: [154, 141]
30: [154, 142]
31: [131, 154, 143]
32: [132, 154]
33: [133, 154]
34: [134, 154]
35: [135, 154]
36: [136, 154]
37: [137, 154]
38: [138, 154]
39: [139, 154]
40: [140, 154]
41: [160, 161, 162, 163, 164, 141, 142, 143, 154, 155, 156, 157, 158, 159, 128]
42: [128, 131, 155, 156, 132, 133, 157, 158, 134, 159, 135, 136, 160, 137, 161, 162, 138, 139, 163, 164, 140]
43: [155, 141]
44: [155, 142]
45: [131, 155, 143]
46: [132, 155]
47: [133, 155]
48: [134, 155]
49: [135, 155]
50: [136, 155]
51: [137, 155]
52: [138, 155]
53: [139, 155]
54: [140, 155]
55: [160, 161, 162, 163, 164, 141, 142, 143, 155, 156, 157, 158, 159, 128]
56: [128, 131, 156, 132, 133, 157, 158, 134, 159, 135, 136, 160, 137, 161, 162, 138, 139, 163, 164, 140]
57: [156, 141]
58: [156, 142]
59: [131, 156, 143]
60: [132, 156]
61: [133, 156]
62: [134, 156]
63: [135, 156]
64: [136, 156]
65: [137, 156]
66: [138, 156]
67: [139, 156]
68: [140, 156]
69: [160, 161, 162, 163, 164, 141, 142, 143, 156, 157, 158, 159, 128]
70: [128, 131, 132, 133, 157, 158, 134, 159, 135, 136, 160, 137, 161, 162, 138, 139, 163, 164, 140]
71: [157, 141]
72: [157, 142]
73: [131, 157, 143]
74: [132, 157]
75: [133, 157]
76: [134, 157]
77: [135, 157]
78: [136, 157]
79: [137, 157]
80: [138, 157]
81: [139, 157]
82: [140, 157]
83: [160, 161, 162, 163, 164, 141, 142, 143, 157, 158, 159, 128]
84: [128, 131, 132, 133, 158, 134, 159, 135, 136, 160, 137, 161, 162, 138, 139, 163, 164, 140]
85: [158, 141]
86: [158, 142]
87: [131, 158, 143]
88: [132, 158]
89: [133, 158]
90: [134, 158]
91: [135, 158]
92: [136, 158]
93: [137, 158]
94: [138, 158]
95: [139, 158]
96: [140, 158]
97: [160, 161, 162, 163, 164, 141, 142, 143, 158, 159, 128]
98: [128, 131, 132, 133, 134, 159, 135, 136, 160, 137, 161, 162, 138, 139, 163, 164, 140]
99: [159, 141]
100: [159, 142]
101: [131, 159, 143]
102: [132, 159]
103: [133, 159]
104: [134, 159]
105: [135, 159]
106: [136, 159]
107: [137, 159]
108: [138, 159]
109: [139, 159]
110: [140, 159]
111: [160, 161, 162, 163, 164, 141, 142, 143, 159, 128]
112: [128, 131, 132, 133, 134, 135, 136, 160, 137, 161, 162, 138, 139, 163, 164, 140]
113: [160, 141]
114: [160, 142]
115: [131, 160, 143]
116: [132, 160]
117: [133, 160]
118: [134, 160]
119: [135, 160]
120: [136, 160]
121: [137, 160]
122: [138, 160]
123: [139, 160]
124: [140, 160]
125: [160, 161, 162, 163, 164, 141, 142, 143, 128]
126: [128, 131, 132, 133, 134, 135, 136, 137, 161, 162, 138, 139, 163, 164, 140]
127: [161, 141]
128: [161, 142]
129: [131, 161, 143]
130: [132, 161]
131: [133, 161]
132: [134, 161]
133: [135, 161]
134: [136, 161]
135: [137, 161]
136: [138, 161]
137: [139, 161]
138: [140, 161]
139: [161, 162, 163, 164, 141, 142, 143, 128]
140: [128, 131, 132, 133, 134, 135, 136, 137, 162, 138, 139, 163, 164, 140]
141: [162, 141]
142: [162, 142]
143: [131, 162, 143]
144: [132, 162]
145: [133, 162]
146: [134, 162]
147: [135, 162]
148: [136, 162]
149: [137, 162]
150: [138, 162]
151: [139, 162]
152: [140, 162]
153: [162, 163, 164, 141, 142, 143, 128]
154: [128, 131, 132, 133, 134, 135, 136, 137, 138, 139, 163, 164, 140]
155: [163, 141]
156: [163, 142]
157: [131, 163, 143]
158: [132, 163]
159: [133, 163]
160: [134, 163]
161: [135, 163]
162: [136, 163]
163: [137, 163]
164: [138, 163]
165: [139, 163]
166: [140, 163]
167: [163, 164, 141, 142, 143, 128]
168: [128, 131, 132, 133, 134, 135, 136, 137, 138, 139, 164, 140]
169: [164, 141]
170: [164, 142]
171: [131, 164, 143]
172: [132, 164]
173: [133, 164]
174: [134, 164]
175: [135, 164]
176: [136, 164]
177: [137, 164]
178: [138, 164]
179: [139, 164]
180: [140, 164]
181: [164, 141, 142, 143, 128]
182: [128, 131, 132, 133, 134, 135, 136, 137, 138, 139, 140]
183: [131, 128, 132, 133, 134, 135, 136, 137, 138, 139, 140, 141]
184: [131, 132, 128, 133, 134, 135, 136, 137, 138, 139, 140, 141, 142]
185: [131, 132, 133, 128, 134, 135, 136, 137, 138, 139, 140, 141, 142, 143]
186: [132, 133, 134, 128, 135, 136, 137, 138, 139, 140, 141, 142, 143]
187: [133, 134, 135, 128, 136, 137, 138, 139, 140, 141, 142, 143]
188: [134, 135, 136, 128, 137, 138, 139, 140, 141, 142, 143]
189: [135, 136, 137, 128, 138, 139, 140, 141, 142, 143]
190: [136, 137, 138, 128, 139, 140, 141, 142, 143]
191: [137, 138, 139, 128, 140, 141, 142, 143]
192: [138, 139, 140, 128, 141, 142, 143]
193: [139, 140, 141, 142, 143, 128]
194: [140, 141, 142, 143, 128]
195: [141, 142, 143, 128]
4
0: [128, 153, 154, 155, 156, 132, 133, 157, 158, 134, 159, 135, 136, 160, 137, 161, 162, 138, 139, 163, 164, 140]
1: [128, 153, 154, 155, 156, 132, 133, 157, 158, 134, 159, 135, 136, 160, 137, 161, 162, 138, 139, 163, 164, 140, 141]
2: [128, 153, 154, 155, 156, 132, 133, 157, 158, 134, 159, 135, 136, 160, 137, 161, 162, 138, 139, 163, 142, 164, 140, 141]
3: [128, 153, 154, 155, 156, 132, 133, 157, 158, 134, 159, 135, 136, 160, 137, 161, 162, 138, 143, 139, 163, 142, 164, 140, 141]
4: []
5: [133, 134, 135, 136, 137, 138, 139, 140, 141, 142, 143, 144, 153, 154, 155, 156, 157, 158, 159, 160, 161, 162, 163, 164, 128]
6: [134, 135, 136, 137, 138, 139, 140, 141, 142, 143, 144, 153, 154, 155, 156, 157, 158, 159, 160, 161, 162, 163, 164, 128]
7: [135, 136, 137, 138, 139, 140, 141, 142, 143, 144, 153, 154, 155, 156, 157, 158, 159, 160, 161, 162, 163, 164, 128]
8: [136, 137, 138, 139, 140, 141, 142, 143, 144, 153, 154, 155, 156, 157, 158, 159, 160, 161, 162, 163, 164, 128]
9: [137, 138, 139, 140, 141, 142, 143, 144, 153, 154, 155, 156, 157, 158, 159, 160, 161, 162, 163, 164, 128]
10: [138, 139, 140, 141, 142, 143, 144, 153, 154, 155, 156, 157, 158, 159, 160, 161, 162, 163, 164, 128]
11: [160, 161, 162, 163, 164, 139, 140, 141, 142, 143, 144, 153, 154, 155, 156, 157, 158, 159, 128]
12: [160, 161, 162, 163, 164, 140, 141, 142, 143, 144, 153, 154, 155, 156, 157, 158, 159, 128]
13: [160, 161, 162, 163, 164, 141, 142, 143, 144, 153, 154, 155, 156, 157, 158, 159, 128]
14: [128, 153, 154, 155, 156, 132, 133, 157, 158, 134, 159, 135, 136, 160, 137, 161, 162, 138, 139, 163, 164, 140]
15: [153, 141]
16: [153, 142]
17: [153, 143]
18: [132, 153, 144]
19: [133, 153]
20: [134, 153]
21: [135, 153]
22: [136, 153]
23: [137, 153]
24: [138, 153]
25: [139, 153]
26: [140, 153]
27: [160, 161, 162, 163, 164, 141, 142, 143, 144, 153, 154, 155, 156, 157, 158, 159, 128]
28: [128, 154, 155, 156, 132, 133, 157, 158, 134, 159, 135, 136, 160, 137, 161, 162, 138, 139, 163, 164, 140]
29: [154, 141]
30: [154, 142]
31: [154, 143]
32: [132, 154, 144]
33: [133, 154]
34: [134, 154]
35: [135, 154]
36: [136, 154]
37: [137, 154]
38: [138, 154]
39: [139, 154]
40: [140, 154]
41: [160, 161, 162, 163, 164, 141, 142, 143, 144, 154, 155, 156, 157, 158, 159, 128]
42: [128, 155, 156, 132, 133, 157, 158, 134, 159, 135, 136, 160, 137, 161, 162, 138, 139, 163, 164, 140]
43: [155, 141]
44: [155, 142]
45: [155, 143]
46: [132, 155, 144]
47: [133, 155]
48: [134, 155]
49: [135, 155]
50: [136, 155]
51: [137, 155]
52: [138, 155]
53: [139, 155]
54: [140, 155]
55: [160, 161, 162, 163, 164, 141, 142, 143, 144, 155, 156, 157, 158, 159, 128]
56: [128, 156, 132, 133, 157, 158, 134, 159, 135, 136, 160, 137, 161, 162, 138, 139, 163, 164, 140]
57: [156, 141]
58: [156, 142]
59: [156, 143]
60: [132, 156, 144]
61: [133, 156]
62: [134, 156]
63: [135, 156]
64: [136, 156]
65: [137, 156]
66: [138, 156]
67: [139, 156]
68: [140, 156]
69: [160, 161, 162, 163, 164, 141, 142, 143, 144, 156, 157, 158, 159, 128]
70: [128, 132, 133, 157, 158, 134, 159, 135, 136, 160, 137, 161, 162, 138, 139, 163, 164, 140]
71: [157, 141]
72: [157, 142]
73: [157, 143]
74: [132, 157, 144]
75: [133, 157]
76: [134, 157]
77: [135, 157]
78: [136, 157]
79: [137, 157]
80: [138, 157]
81: [139, 157]
82: [140, 157]
83: [160, 161, 162, 163, 164, 141, 142, 143, 144, 157, 158, 159, 128]
84: [128, 132, 133, 158, 134, 159, 135, 136, 160, 137, 161, 162, 138, 139, 163, 164, 140]
85: [158, 141]
86: [158, 142]
87: [158, 143]
88: [132, 158, 144]
89: [133, 158]
90: [134, 158]
91: [135, 158]
92: [136, 158]
93: [137, 158]
94: [138, 158]
95: [139, 158]
96: [140, 158]
97: [160, 161, 162, 163, 164, 141, 142, 143, 144, 158, 159, 128]
98: [128, 132, 133, 134, 159, 135, 136, 160, 137, 161, 162, 138, 139, 163, 164, 140]
99: [159, 141]
100: [159, 142]
101: [159, 143]
102: [132, 159, 144]
103: [133, 159]
104: [134, 159]
105: [135, 159]
106: [136, 159]
107: [137, 159]
108: [138, 159]
109: [139, 159]
110: [140, 159]
111: [160, 161, 162, 163, 164, 141, 142, 143, 144, 159, 128]
112: [128, 132, 133, 134, 135, 136, 160, 137, 161, 162, 138, 139, 163, 164, 140]
113: [160, 141]
114: [160, 142]
115: [160, 143]
116: [132, 160, 144]
117: [133, 160]
118: [134, 160]
119: [135, 160]
120: [136, 160]
121: [137, 160]
122: [138, 160]
123: [139, 160]
124: [140, 160]
125: [160, 161, 162, 163, 164, 141, 142, 143, 144, 128]
126: [128, 132, 133, 134, 135, 136, 137, 161, 162, 138, 139, 163, 164, 140]
127: [161, 141]
128: [161, 142]
129: [161, 143]
130: [132, 161, 144]
131: [133, 161]
132: [134, 161]
133: [135, 161]
134: [136, 161]
135: [137, 161]
136: [138, 161]
137: [139, 161]
138: [140, 161]
139: [161, 162, 163, 164, 141, 142, 143, 144, 128]
140: [128, 132, 133, 134, 135, 136, 137, 162, 138, 139, 163, 164, 140]
141: [162, 141]
142: [162, 142]
143: [162, 143]
144: [132, 162, 144]
145: [133, 162]
146: [134, 162]
147: [135, 162]
148: [136, 162]
149: [137, 162]
150: [138, 162]
151: [139, 162]
152: [140, 162]
153: [162, 163, 164, 141, 142, 143, 144, 128]
154: [128, 132, 133, 134, 135, 136, 137, 138, 139, 163, 164, 140]
155: [163, 141]
156: [163, 142]
157: [163, 143]
158: [132, 163, 144]
159: [133, 163]
160: [134, 163]
161: [135, 163]
162: [136, 163]
163: [137, 163]
164: [138, 163]
165: [139, 163]
166: [140, 163]
167: [163, 164, 141, 142, 143, 144, 128]
168: [128, 132, 133, 134, 135, 136, 137, 138, 139, 164, 140]
169: [164, 141]
170: [164, 142]
171: [164, 143]
172: [132, 164, 144]
173: [133, 164]
174: [134, 164]
175: [135, 164]
176: [136, 164]
177: [137, 164]
178: [138, 164]
179: [139, 164]
180: [140, 164]
181: [164, 141, 142, 143, 144, 128]
182: [128, 132, 133, 134, 135, 136, 137, 138, 139, 140]
183: [132, 128, 133, 134, 135, 136, 137, 138, 139, 140, 141]
184: [132, 133, 128, 134, 135, 136, 137, 138, 139, 140, 141, 142]
185: [132, 133, 134, 128, 135, 136, 137, 138, 139, 140, 141, 142, 143]
186: [132, 133, 134, 135, 128, 136, 137, 138, 139, 140, 144, 141, 142, 143]
187: [133, 134, 135, 136, 128, 137, 138, 139, 140, 144, 141, 142, 143]
188: [134, 135, 136, 137, 128, 138, 139, 140, 144, 141, 142, 143]
189: [135, 136, 137, 138, 128, 139, 140, 144, 141, 142, 143]
190: [136, 137, 138, 139, 128, 140, 144, 141, 142, 143]
191: [137, 138, 139, 140, 128, 141, 142, 143, 144]
192: [138, 139, 140, 144, 141, 142, 143, 128]
193: [139, 140, 144, 141, 142, 143, 128]
194: [140, 144, 141, 142, 143, 128]
195: [144, 141, 142, 143, 128]
5
0: [128, 153, 154, 155, 156, 133, 157, 158, 134, 159, 135, 136, 160, 137, 161, 162, 138, 139, 163, 164, 140]
1: [128, 153, 154, 155, 156, 133, 157, 158, 134, 159, 135, 136, 160, 137, 161, 162, 138, 139, 163, 164, 140, 141]
2: [128, 153, 154, 155, 156, 133, 157, 158, 134, 159, 135, 136, 160, 137, 161, 162, 138, 139, 163, 142, 164, 140, 141]
3: [128, 153, 154, 155, 156, 133, 157, 158, 134, 159, 135, 136, 160, 137, 161, 162, 138, 143, 139, 163, 142, 164, 140, 141]
4: [128, 153, 154, 155, 156, 133, 157, 158, 134, 159, 135, 136, 160, 144, 137, 161, 162, 138, 143, 139, 163, 142, 164, 140, 141]
5: []
6: [134, 135, 136, 137, 138, 139, 140, 141, 142, 143, 144, 145, 153, 154, 155, 156, 157, 158, 159, 160, 161, 162, 163, 164, 128]
7: [135, 136, 137, 138, 139, 140, 141, 142, 143, 144, 145, 153, 154, 155, 156, 157, 158, 159, 160, 161, 162, 163, 164, 128]
8: [136, 137, 138, 139, 140, 141, 142, 143, 144, 145, 153, 154, 155, 156, 157, 158, 159, 160, 161, 162, 163, 164, 128]
9: [137, 138, 139, 140, 141, 142, 143, 144, 145, 153, 154, 155, 156, 157, 158, 159, 160, 161, 162, 163, 164, 128]
10: [138, 139, 140, 141, 142, 143, 144, 145, 153, 154, 155, 156, 157, 158, 159, 160, 161, 162, 163, 164, 128]
11: [139, 140, 141, 142, 143, 144, 145, 153, 154, 155, 156, 157, 158, 159, 160, 161, 162, 163, 164, 128]
12: [160, 161, 162, 163, 164, 140, 141, 142, 143, 144, 145, 153, 154, 155, 156, 157, 158, 159, 128]
13: [160, 161, 162, 163, 164, 141, 142, 143, 144, 145, 153, 154, 155, 156, 157, 158, 159, 128]
14: [128, 153, 154, 155, 156, 133, 157, 158, 134, 159, 135, 136, 160, 137, 161, 162, 138, 139, 163, 164, 140]
15: [153, 141]
16: [153, 142]
17: [153, 143]
18: [153, 144]
19: [133, 153, 145]
20: [134, 153]
21: [135, 153]
22: [136, 153]
23: [137, 153]
24: [138, 153]
25: [139, 153]
26: [140, 153]
27: [160, 161, 162, 163, 164, 141, 142, 143, 144, 145, 153, 154, 155, 156, 157, 158, 159, 128]
28: [128, 154, 155, 156, 133, 157, 158, 134, 159, 135, 136, 160, 137, 161, 162, 138, 139, 163, 164, 140]
29: [154, 141]
30: [154, 142]
31: [154, 143]
32: [154, 144]
33: [133, 154, 145]
34: [134, 154]
35: [135, 154]
36: [136, 154]
37: [137, 154]
38: [138, 154]
39: [139, 154]
40: [140, 154]
41: [160, 161, 162, 163, 164, 141, 142, 143, 144, 145, 154, 155, 156, 157, 158, 159, 128]
42: [128, 155, 156, 133, 157, 158, 134, 159, 135, 136, 160, 137, 161, 162, 138, 139, 163, 164, 140]
43: [155, 141]
44: [155, 142]
45: [155, 143]
46: [155, 144]
47: [133, 155, 145]
48: [134, 155]
49: [135, 155]
50: [136, 155]
51: [137, 155]
52: [138, 155]
53: [139, 155]
54: [140, 155]
55: [160, 161, 162, 163, 164, 141, 142, 143, 144, 145, 155, 156, 157, 158, 159, 128]
56: [128, 156, 133, 157, 158, 134, 159, 135, 136, 160, 137, 161, 162, 138, 139, 163, 164, 140]
57: [156, 141]
58: [156, 142]
59: [156, 143]
60: [156, 144]
61: [133, 156, 145]
62: [134, 156]
63: [135, 156]
64: [136, 156]
65: [137, 156]
66: [138, 156]
67: [139, 156]
68: [140, 156]
69: [160, 161, 162, 163, 164, 141, 142, 143, 144, 145, 156, 157, 158, 159, 128]
70: [128, 133, 157, 158, 134, 159, 135, 136, 160, 137, 161, 162, 138, 139, 163, 164, 140]
71: [157, 141]
72: [157, 142]
73: [157, 143]
74: [157, 144]
75: [133, 157, 145]
76: [134, 157]
77: [135, 157]
78: [136, 157]
79: [137, 157]
80: [138, 157]
81: [139, 157]
82: [140, 157]
83: [160, 161, 162, 163, 164, 141, 142, 143, 144, 145, 157, 158, 159, 128]
84: [128, 133, 158, 134, 159, 135, 136, 160, 137, 161, 162, 138, 139, 163, 164, 140]
85: [158, 141]
86: [158, 142]
87: [158, 143]
88: [158, 144]
89: [133, 158, 145]
90: [134, 158]
91: [135, 158]
92: [136, 158]
93: [137, 158]
94: [138, 158]
95: [139, 158]
96: [140, 158]
97: [160, 161, 162, 163, 164, 141, 142, 143, 144, 145, 158, 159, 128]
98: [128, 133, 134, 159, 135, 136, 160, 137, 161, 162, 138, 139, 163, 164, 140]
99: [159, 141]
100: [159, 142]
101: [159, 143]
102: [159, 144]
103: [133, 159, 145]
104: [134, 159]
105: [135, 159]
106: [136, 159]
107: [137, 159]
108: [138, 159]
109: [139, 159]
110: [140, 159]
111: [160, 161, 162, 163, 164, 141, 142, 143, 144, 145, 159, 128]
112: [128, 133, 134, 135, 136, 160, 137, 161, 162, 138, 139, 163, 164, 140]
113: [160, 141]
114: [160, 142]
115: [160, 143]
116: [160, 144]
117: [133, 160, 145]
118: [134, 160]
119: [135, 160]
120: [136, 160]
121: [137, 160]
122: [138, 160]
123: [139, 160]
124: [140, 160]
125: [160, 161, 162, 163, 164, 141, 142, 143, 144, 145, 128]
126: [128, 133, 134, 135, 136, 137, 161, 162, 138, 139, 163, 164, 140]
127: [161, 141]
128: [161, 142]
129: [161, 143]
130: [161, 144]
131: [133, 161, 145]
132: [134, 161]
133: [135, 161]
134: [136, 161]
135: [137, 161]
136: [138, 161]
137: [139, 161]
138: [140, 161]
139: [161, 162, 163, 164, 141, 142, 143, 144, 145, 128]
140: [128, 133, 134, 135, 136, 137, 162, 138, 139, 163, 164, 140]
141: [162, 141]
142: [162, 142]
143: [162, 143]
144: [162, 144]
145: [133, 162, 145]
146: [134, 162]
147: [135, 162]
148: [136, 162]
149: [137, 162]
150: [138, 162]
151: [139, 162]
152: [140, 162]
153: [162, 163, 164, 141, 142, 143, 144, 145, 128]
154: [128, 133, 134, 135, 136, 137, 138, 139, 163, 164, 140]
155: [163, 141]
156: [163, 142]
157: [163, 143]
158: [163, 144]
159: [133, 163, 145]
160: [134, 163]
161: [135, 163]
162: [136, 163]
163: [137, 163]
164: [138, 163]
165: [139, 163]
166: [140, 163]
167: [163, 164, 141, 142, 143, 144, 145, 128]
168: [128, 133, 134, 135, 136, 137, 138, 139, 164, 140]
169: [164, 141]
170: [164, 142]
171: [164, 143]
172: [164, 144]
173: [133, 164, 145]
174: [134, 164]
175: [135, 164]
176: [136, 164]
177: [137, 164]
178: [138, 164]
179: [139, 164]
180: [140, 164]
181: [164, 141, 142, 143, 144, 145, 128]
182: [128, 133, 134, 135, 136, 137, 138, 139, 140]
183: [133, 128, 134, 135, 136, 137, 138, 139, 140, 141]
184: [133, 134, 128, 135, 136, 137, 138, 139, 140, 141, 142]
185: [133, 134, 135, 128, 136, 137, 138, 139, 140, 141, 142, 143]
186: [133, 134, 135, 136, 128, 137, 138, 139, 140, 144, 141, 142, 143]
187: [133, 134, 135, 136, 137, 128, 138, 139, 140, 141, 142, 143, 144, 145]
188: [134, 135, 136, 137, 138, 128, 139, 140, 141, 142, 143, 144, 145]
189: [135, 136, 137, 138, 139, 128, 140, 141, 142, 143, 144, 145]
190: [136, 137, 138, 139, 140, 128, 141, 142, 143, 144, 145]
191: [137, 138, 139, 140, 141, 142, 143, 144, 145, 128]
192: [138, 139, 140, 141, 142, 143, 144, 145, 128]
193: [139, 140, 141, 142, 143, 144, 145, 128]
194: [140, 141, 142, 143, 144, 145, 128]
195: [141, 142, 143, 144, 145, 128]
6
0: [128, 153, 154, 155, 156, 157, 158, 134, 159, 135, 136, 160, 137, 161, 162, 138, 139, 163, 164, 140]
1: [128, 153, 154, 155, 156, 157, 158, 134, 159, 135, 136, 160, 137, 161, 162, 138, 139, 163, 164, 140, 141]
2: [128, 153, 154, 155, 156, 157, 158, 134, 159, 135, 136, 160, 137, 161, 162, 138, 139, 163, 142, 164, 140, 141]
3: [128, 153, 154, 155, 156, 157, 158, 134, 159, 135, 136, 160, 137, 161, 162, 138, 143, 139, 163, 142, 164, 140, 141]
4: [128, 153, 154, 155, 156, 157, 158, 134, 159, 135, 136, 160, 144, 137, 161, 162, 138, 143, 139, 163, 142, 164, 140, 141]
5: [128, 153, 154, 155, 156, 157, 158, 134, 159, 135, 136, 145, 160, 144, 137, 161, 162, 138, 143, 139, 163, 142, 164, 140, 141]
6: []
7: [135, 136, 137, 138, 139, 140, 141, 142, 143, 144, 145, 146, 153, 154, 155, 156, 157, 158, 159, 160, 161, 162, 163, 164, 128]
8: [136, 137, 138, 139, 140, 141, 142, 143, 144, 145, 146, 153, 154, 155, 156, 157, 158, 159, 160, 161, 162, 163, 164, 128]
9: [137, 138, 139, 140, 141, 142, 143, 144, 145, 146, 153, 154, 155, 156, 157, 158, 159, 160, 161, 162, 163, 164, 128]
10: [138, 139, 140, 141, 142, 143, 144, 145, 146, 153, 154, 155, 156, 157, 158, 159, 160, 161, 162, 163, 164, 128]
11: [139, 140, 141, 142, 143, 144, 145, 146, 153, 154, 155, 156, 157, 158, 159, 160, 161, 162, 163, 164, 128]
12: [140, 141, 142, 143, 144, 145, 146, 153, 154, 155, 156, 157, 158, 159, 160, 161, 162, 163, 164, 128]
13: [160, 161, 162, 163, 164, 141, 142, 143, 144, 145, 146, 153, 154, 155, 156, 157, 158, 159, 128]
14: [128, 153, 154, 155, 156, 157, 158, 134, 159, 135, 136, 160, 137, 161, 162, 138, 139, 163, 164, 140]
15: [153, 141]
16: [153, 142]
17: [153, 143]
18: [153, 144]
19: [153, 145]
20: [134, 153, 146]
21: [135, 153]
22: [136, 153]
23: [137, 153]
24: [138, 153]
25: [139, 153]
26: [140, 153]
27: [160, 161, 162, 163, 164, 141, 142, 143, 144, 145, 146, 153, 154, 155, 156, 157, 158, 159, 128]
28: [128, 154, 155, 156, 157, 158, 134, 159, 135, 136, 160, 137, 161, 162, 138, 139, 163, 164, 140]
29: [154, 141]
30: [154, 142]
31: [154, 143]
32: [154, 144]
33: [154, 145]
34: [134, 154, 146]
35: [135, 154]
36: [136, 154]
37: [137, 154]
38: [138, 154]
39: [139, 154]
40: [140, 154]
41: [160, 161, 162, 163, 164, 141, 142, 143, 144, 145, 146, 154, 155, 156, 157, 158, 159, 128]
42: [128, 155, 156, 157, 158, 134, 159, 135, 136, 160, 137, 161, 162, 138, 139, 163, 164, 140]
43: [155, 141]
44: [155, 142]
45: [155, 143]
46: [155, 144]
47: [155, 145]
48: [134, 155, 146]
49: [135, 155]
50: [136, 155]
51: [137, 155]
52: [138, 155]
53: [139, 155]
54: [140, 155]
55: [160, 161, 162, 163, 164, 141, 142, 143, 144, 145, 146, 155, 156, 157, 158, 159, 128]
56: [128, 156, 157, 158, 134, 159, 135, 136, 160, 137, 161, 162, 138, 139, 163, 164, 140]
57: [156, 141]
58: [156, 142]
59: [156, 143]
60: [156, 144]
61: [156, 145]
62: [134, 156, 146]
63: [135, 156]
64: [136, 156]
65: [137, 156]
66: [138, 156]
67: [139, 156]
68: [140, 156]
69: [160, 161, 162, 163, 164, 141, 142, 143, 144, 145, 146, 156, 157, 158, 159, 128]
70: [128, 157, 158, 134, 159, 135, 136, 160, 137, 161, 162, 138, 139, 163, 164, 140]
71: [157, 141]
72: [157, 142]
73: [157, 143]
74: [157, 144]
75: [157, 145]
76: [134, 157, 146]
77: [135, 157]
78: [136, 157]
79: [137, 157]
80: [138, 157]
81: [139, 157]
82: [140, 157]
83: [160, 161, 162, 163, 164, 141, 142, 143, 144, 145, 146, 157, 158, 159, 128]
84: [128, 158, 134, 159, 135, 136, 160, 137, 161, 162, 138, 139, 163, 164, 140]
85: [158, 141]
86: [158, 142]
87: [158, 143]
88: [158, 144]
89: [158, 145]
90: [134, 158, 146]
91: [135, 158]
92: [136, 158]
93: [137, 158]
94: [138, 158]
95: [139, 158]
96: [140, 158]
97: [160, 161, 162, 163, 164, 141, 142, 143, 144, 145, 146, 158, 159, 128]
98: [128, 134, 159, 135, 136, 160, 137, 161, 162, 138, 139, 163, 164, 140]
99: [159, 141]
100: [159, 142]
101: [159, 143]
102: [159, 144]
103: [159, 145]
104: [134, 159, 146]
105: [135, 159]
106: [136, 159]
107: [137, 159]
108: [138, 159]
109: [139, 159]
110: [140, 159]
111: [160, 161, 162, 163, 164, 141, 142, 143, 144, 145, 146, 159, 128]
112: [128, 134, 135, 136, 160, 137, 161, 162, 138, 139, 163, 164, 140]
113: [160, 141]
114: [160, 142]
115: [160, 143]
116: [160, 144]
117: [160, 145]
118: [134, 160, 146]
119: [135, 160]
120: [136, 160]
121: [137, 160]
122: [138, 160]
123: [139, 160]
124: [140, 160]
125: [160, 161, 162, 163, 164, 141, 142, 143, 144, 145, 146, 128]
126: [128, 134, 135, 136, 137, 161, 162, 138, 139, 163, 164, 140]
127: [161, 141]
128: [161, 142]
129: [161, 143]
130: [161, 144]
131: [161, 145]
132: [134, 161, 146]
133: [135, 161]
134: [136, 161]
135: [137, 161]
136: [138, 161]
137: [139, 161]
138: [140, 161]
139: [161, 162, 163, 164, 141, 142, 143, 144, 145, 146, 128]
140: [128, 134, 135, 136, 137, 162, 138, 139, 163, 164, 140]
141: [162, 141]
142: [162, 142]
143: [162, 143]
144: [162, 144]
145: [162, 145]
146: [134, 162, 146]
147: [135, 162]
148: [136, 162]
149: [137, 162]
150: [138, 162]
151: [139, 162]
152: [140, 162]
153: [162, 163, 164, 141, 142, 143, 144, 145, 146, 128]
154: [128, 134, 135, 136, 137, 138, 139, 163, 164, 140]
155: [163, 141]
156: [163, 142]
157: [163, 143]
158: [163, 144]
159: [163, 145]
160: [134, 163, 146]
161: [135, 163]
162: [136, 163]
163: [137, 163]
164: [138, 163]
165: [139, 163]
166: [140, 163]
167: [163, 164, 141, 142, 143, 144, 145, 146, 128]
168: [128, 134, 135, 136, 137, 138, 139, 164, 140]
169: [164, 141]
170: [164, 142]
171: [164, 143]
172: [164, 144]
173: [164, 145]
174: [134, 164, 146]
175: [135, 164]
176: [136, 164]
177: [137, 164]
178: [138, 164]
179: [139, 164]
180: [140, 164]
181: [164, 141, 142, 143, 144, 145, 146, 128]
182: [128, 134, 135, 136, 137, 138, 139, 140]
183: [134, 128, 135, 136, 137, 138, 139, 140, 141]
184: [134, 135, 128, 136, 137, 138, 139, 140, 141, 142]
185: [134, 135, 136, 128, 137, 138, 139, 140, 141, 142, 143]
186: [134, 135, 136, 137, 128, 138, 139, 140, 144, 141, 142, 143]
187: [134, 135, 136, 137, 138, 128, 139, 140, 141, 142, 143, 144, 145]
188: [134, 135, 136, 137, 138, 139, 128, 140, 141, 142, 143, 144, 145, 146]
189: [135, 136, 137, 138, 139, 140, 128, 141, 142, 143, 144, 145, 146]
190: [136, 137, 138, 139, 140, 141, 142, 143, 144, 145, 146, 128]
191: [137, 138, 139, 140, 141, 142, 143, 144, 145, 146, 128]
192: [138, 139, 140, 141, 142, 143, 144, 145, 146, 128]
193: [139, 140, 141, 142, 143, 144, 145, 146, 128]
194: [140, 141, 142, 143, 144, 145, 146, 128]
195: [141, 142, 143, 144, 145, 146, 128]
7
0: [128, 153, 154, 155, 156, 157, 158, 159, 135, 136, 160, 137, 161, 162, 138, 139, 163, 164, 140]
1: [128, 153, 154, 155, 156, 157, 158, 159, 135, 136, 160, 137, 161, 162, 138, 139, 163, 164, 140, 141]
2: [128, 153, 154, 155, 156, 157, 158, 159, 135, 136, 160, 137, 161, 162, 138, 139, 163, 142, 164, 140, 141]
3: [128, 153, 154, 155, 156, 157, 158, 159, 135, 136, 160, 137, 161, 162, 138, 143, 139, 163, 142, 164, 140, 141]
4: [128, 153, 154, 155, 156, 157, 158, 159, 135, 136, 160, 144, 137, 161, 162, 138, 143, 139, 163, 142, 164, 140, 141]
5: [128, 153, 154, 155, 156, 157, 158, 159, 135, 136, 145, 160, 144, 137, 161, 162, 138, 143, 139, 163, 142, 164, 140, 141]
6: [128, 153, 154, 155, 156, 157, 158, 159, 146, 135, 136, 145, 160, 144, 137, 161, 162, 138, 143, 139, 163, 142, 164, 140, 141]
7: []
8: [136, 137, 138, 139, 140, 141, 142, 143, 144, 145, 146, 147, 153, 154, 155, 156, 157, 158, 159, 160, 161, 162, 163, 164, 128]
9: [137, 138, 139, 140, 141, 142, 143, 144, 145, 146, 147, 153, 154, 155, 156, 157, 158, 159, 160, 161, 162, 163, 164, 128]
10: [138, 139, 140, 141, 142, 143, 144, 145, 146, 147, 153, 154, 155, 156, 157, 158, 159, 160, 161, 162, 163, 164, 128]
11: [139, 140, 141, 142, 143, 144, 145, 146, 147, 153, 154, 155, 156, 157, 158, 159, 160, 161, 162, 163, 164, 128]
12: [140, 141, 142, 143, 144, 145, 146, 147, 153, 154, 155, 156, 157, 158, 159, 160, 161, 162, 163, 164, 128]
13: [141, 142, 143, 144, 145, 146, 147, 153, 154, 155, 156, 157, 158, 159, 160, 161, 162, 163, 164, 128]
14: [128, 153, 154, 155, 156, 157, 158, 159, 135, 136, 160, 137, 161, 162, 138, 139, 163, 164, 140]
15: [153, 141]
16: [153, 142]
17: [153, 143]
18: [153, 144]
19: [153, 145]
20: [153, 146]
21: [135, 153, 147]
22: [136, 153]
23: [137, 153]
24: [138, 153]
25: [139, 153]
26: [140, 153]
27: [141, 142, 143, 144, 145, 146, 147, 153, 154, 155, 156, 157, 158, 159, 160, 161, 162, 163, 164, 128]
28: [128, 154, 155, 156, 157, 158, 159, 135, 136, 160, 137, 161, 162, 138, 139, 163, 164, 140]
29: [154, 141]
30: [154, 142]
31: [154, 143]
32: [154, 144]
33: [154, 145]
34: [154, 146]
35: [135, 154, 147]
36: [136, 154]
37: [137, 154]
38: [138, 154]
39: [139, 154]
40: [140, 154]
41: [160, 161, 162, 163, 164, 141, 142, 143, 144, 145, 146, 147, 154, 155, 156, 157, 158, 159, 128]
42: [128, 155, 156, 157, 158, 159, 135, 136, 160, 137, 161, 162, 138, 139, 163, 164, 140]
43: [155, 141]
44: [155, 142]
45: [155, 143]
46: [155, 144]
47: [155, 145]
48: [155, 146]
49: [135, 155, 147]
50: [136, 155]
51: [137, 155]
52: [138, 155]
53: [139, 155]
54: [140, 155]
55: [160, 161, 162, 163, 164, 141, 142, 143, 144, 145, 146, 147, 155, 156, 157, 158, 159, 128]
56: [128, 156, 157, 158, 159, 135, 136, 160, 137, 161, 162, 138, 139, 163, 164, 140]
57: [156, 141]
58: [156, 142]
59: [156, 143]
60: [156, 144]
61: [156, 145]
62: [156, 146]
63: [135, 156, 147]
64: [136, 156]
65: [137, 156]
66: [138, 156]
67: [139, 156]
68: [140, 156]
69: [160, 161, 162, 163, 164, 141, 142, 143, 144, 145, 146, 147, 156, 157, 158, 159, 128]
70: [128, 157, 158, 159, 135, 136, 160, 137, 161, 162, 138, 139, 163, 164, 140]
71: [157, 141]
72: [157, 142]
73: [157, 143]
74: [157, 144]
75: [157, 145]
76: [157, 146]
77: [135, 157, 147]
78: [136, 157]
79: [137, 157]
80: [138, 157]
81: [139, 157]
82: [140, 157]
83: [160, 161, 162, 163, 164, 141, 142, 143, 144, 145, 146, 147, 157, 158, 159, 128]
84: [128, 158, 159, 135, 136, 160, 137, 161, 162, 138, 139, 163, 164, 140]
85: [158, 141]
86: [158, 142]
87: [158, 143]
88: [158, 144]
89: [158, 145]
90: [158, 146]
91: [135, 158, 147]
92: [136, 158]
93: [137, 158]
94: [138, 158]
95: [139, 158]
96: [140, 158]
97: [160, 161, 162, 163, 164, 141, 142, 143, 144, 145, 146, 147, 158, 159, 128]
98: [128, 159, 135, 136, 160, 137, 161, 162, 138, 139, 163, 164, 140]
99: [159, 141]
100: [159, 142]
101: [159, 143]
102: [159, 144]
103: [159, 145]
104: [159, 146]
105: [135, 159, 147]
106: [136, 159]
107: [137, 159]
108: [138, 159]
109: [139, 159]
110: [140, 159]
111: [160, 161, 162, 163, 164, 141, 142, 143, 144, 145, 146, 147, 159, 128]
112: [128, 135, 136, 160, 137, 161, 162, 138, 139, 163, 164, 140]
113: [160, 141]
114: [160, 142]
115: [160, 143]
116: [160, 144]
117: [160, 145]
118: [160, 146]
119: [135, 160, 147]
120: [136, 160]
121: [137, 160]
122: [138, 160]
123: [139, 160]
124: [140, 160]
125: [160, 161, 162, 163, 164, 141, 142, 143, 144, 145, 146, 147, 128]
126: [128, 135, 136, 137, 161, 162, 138, 139, 163, 164, 140]
127: [161, 141]
128: [161, 142]
129: [161, 143]
130: [161, 144]
131: [161, 145]
132: [161, 146]
133: [135, 161, 147]
134: [136, 161]
135: [137, 161]
136: [138, 161]
137: [139, 161]
138: [140, 161]
139: [161, 162, 163, 164, 141, 142, 143, 144, 145, 146, 147, 128]
140: [128, 135, 136, 137, 162, 138, 139, 163, 164, 140]
141: [162, 141]
142: [162, 142]
143: [162, 143]
144: [162, 144]
145: [162, 145]
146: [162, 146]
147: [135, 162, 147]
148: [136, 162]
149: [137, 162]
150: [138, 162]
151: [139, 162]
152: [140, 162]
153: [162, 163, 164, 141, 142, 143, 144, 145, 146, 147, 128]
154: [128, 135, 136, 137, 138, 139, 163, 164, 140]
155: [163, 141]
156: [163, 142]
157: [163, 143]
158: [163, 144]
159: [163, 145]
160: [163, 146]
161: [135, 163, 147]
162: [136, 163]
163: [137, 163]
164: [138, 163]
165: [139, 163]
166: [140, 163]
167: [163, 164, 141, 142, 143, 144, 145, 146, 147, 128]
168: [128, 135, 136, 137, 138, 139, 164, 140]
169: [164, 141]
170: [164, 142]
171: [164, 143]
172: [164, 144]
173: [164, 145]
174: [164, 146]
175: [135, 164, 147]
176: [136, 164]
177: [137, 164]
178: [138, 164]
179: [139, 164]
180: [140, 164]
181: [164, 141, 142, 143, 144, 145, 146, 147, 128]
182: [128, 135, 136, 137, 138, 139, 140]
183: [135, 128, 136, 137, 138, 139, 140, 141]
184: [135, 136, 128, 137, 138, 139, 140, 141, 142]
185: [135, 136, 137, 128, 138, 139, 140, 141, 142, 143]
186: [135, 136, 137, 138, 128, 139, 140, 144, 141, 142, 143]
187: [135, 136, 137, 138, 139, 128, 140, 141, 142, 143, 144, 145]
188: [135, 136, 137, 138, 139, 140, 128, 141, 142, 143, 144, 145, 146]
189: [135, 136, 137, 138, 139, 140, 141, 142, 143, 144, 145, 146, 147, 128]
190: [136, 137, 138, 139, 140, 141, 142, 143, 144, 145, 146, 147, 128]
191: [137, 138, 139, 140, 141, 142, 143, 144, 145, 146, 147, 128]
192: [138, 139, 140, 141, 142, 143, 144, 145, 146, 147, 128]
193: [139, 140, 141, 142, 143, 144, 145, 146, 147, 128]
194: [140, 141, 142, 143, 144, 145, 146, 147, 128]
195: [141, 142, 143, 144, 145, 146, 147, 128]
8
0: [128, 153, 154, 155, 156, 157, 158, 159, 136, 160, 137, 161, 162, 138, 139, 163, 164, 140]
1: [128, 153, 154, 155, 156, 157, 158, 159, 136, 160, 137, 161, 162, 138, 139, 163, 164, 140, 141]
2: [128, 153, 154, 155, 156, 157, 158, 159, 136, 160, 137, 161, 162, 138, 139, 163, 142, 164, 140, 141]
3: [128, 153, 154, 155, 156, 157, 158, 159, 136, 160, 137, 161, 162, 138, 143, 139, 163, 142, 164, 140, 141]
4: [128, 153, 154, 155, 156, 157, 158, 159, 136, 160, 144, 137, 161, 162, 138, 143, 139, 163, 142, 164, 140, 141]
5: [128, 153, 154, 155, 156, 157, 158, 159, 136, 145, 160, 144, 137, 161, 162, 138, 143, 139, 163, 142, 164, 140, 141]
6: [128, 153, 154, 155, 156, 157, 158, 146, 159, 136, 145, 160, 144, 137, 161, 162, 138, 143, 139, 163, 142, 164, 140, 141]
7: [128, 153, 154, 155, 156, 157, 147, 158, 146, 159, 136, 145, 160, 144, 137, 161, 162, 138, 143, 139, 163, 142, 164, 140, 141]
8: []
9: [137, 138, 139, 140, 141, 142, 143, 144, 145, 146, 147, 148, 153, 154, 155, 156, 157, 158, 159, 160, 161, 162, 163, 164, 128]
10: [138, 139, 140, 141, 142, 143, 144, 145, 146, 147, 148, 153, 154, 155, 156, 157, 158, 159, 160, 161, 162, 163, 164, 128]
11: [139, 140, 141, 142, 143, 144, 145, 146, 147, 148, 153, 154, 155, 156, 157, 158, 159, 160, 161, 162, 163, 164, 128]
12: [140, 141, 142, 143, 144, 145, 146, 147, 148, 153, 154, 155, 156, 157, 158, 159, 160, 161, 162, 163, 164, 128]
13: [141, 142, 143, 144, 145, 146, 147, 148, 153, 154, 155, 156, 157, 158, 159, 160, 161, 162, 163, 164, 128]
14: [128, 153, 154, 155, 156, 157, 158, 159, 136, 160, 137, 161, 162, 138, 139, 163, 164, 140]
15: [153, 141]
16: [153, 142]
17: [153, 143]
18: [153, 144]
19: [153, 145]
20: [153, 146]
21: [153, 147]
22: [136, 153, 148]
23: [137, 153]
24: [138, 153]
25: [139, 153]
26: [140, 153]
27: [141, 142, 143, 144, 145, 146, 147, 148, 153, 154, 155, 156, 157, 158, 159, 160, 161, 162, 163, 164, 128]
28: [128, 154, 155, 156, 157, 158, 159, 136, 160, 137, 161, 162, 138, 139, 163, 164, 140]
29: [154, 141]
30: [154, 142]
31: [154, 143]
32: [154, 144]
33: [154, 145]
34: [154, 146]
35: [154, 147]
36: [136, 154, 148]
37: [137, 154]
38: [138, 154]
39: [139, 154]
40: [140, 154]
41: [141, 142, 143, 144, 145, 146, 147, 148, 154, 155, 156, 157, 158, 159, 160, 161, 162, 163, 164, 128]
42: [128, 155, 156, 157, 158, 159, 136, 160, 137, 161, 162, 138, 139, 163, 164, 140]
43: [155, 141]
44: [155, 142]
45: [155, 143]
46: [155, 144]
47: [155, 145]
48: [155, 146]
49: [155, 147]
50: [136, 155, 148]
51: [137, 155]
52: [138, 155]
53: [139, 155]
54: [140, 155]
55: [160, 161, 162, 163, 164, 141, 142, 143, 144, 145, 146, 147, 148, 155, 156, 157, 158, 159, 128]
56: [128, 156, 157, 158, 159, 136, 160, 137, 161, 162, 138, 139, 163, 164, 140]
57: [156, 141]
58: [156, 142]
59: [156, 143]
60: [156, 144]
61: [156, 145]
62: [156, 146]
63: [156, 147]
64: [136, 156, 148]
65: [137, 156]
66: [138, 156]
67: [139, 156]
68: [140, 156]
69: [160, 161, 162, 163, 164, 141, 142, 143, 144, 145, 146, 147, 148, 156, 157, 158, 159, 128]
70: [128, 157, 158, 159, 136, 160, 137, 161, 162, 138, 139, 163, 164, 140]
71: [157, 141]
72: [157, 142]
73: [157, 143]
74: [157, 144]
75: [157, 145]
76: [157, 146]
77: [157, 147]
78: [136, 157, 148]
79: [137, 157]
80: [138, 157]
81: [139, 157]
82: [140, 157]
83: [160, 161, 162, 163, 164, 141, 142, 143, 144, 145, 146, 147, 148, 157, 158, 159, 128]
84: [128, 158, 159, 136, 160, 137, 161, 162, 138, 139, 163, 164, 140]
85: [158, 141]
86: [158, 142]
87: [158, 143]
88: [158, 144]
89: [158, 145]
90: [158, 146]
91: [158, 147]
92: [136, 158, 148]
93: [137, 158]
94: [138, 158]
95: [139, 158]
96: [140, 158]
97: [160, 161, 162, 163, 164, 141, 142, 143, 144, 145, 146, 147, 148, 158, 159, 128]
98: [128, 159, 136, 160, 137, 161, 162, 138, 139, 163, 164, 140]
99: [159, 141]
100: [159, 142]
101: [159, 143]
102: [159, 144]
103: [159, 145]
104: [159, 146]
105: [159, 147]
106: [136, 159, 148]
107: [137, 159]
108: [138, 159]
109: [139, 159]
110: [140, 159]
111: [160, 161, 162, 163, 164, 141, 142, 143, 144, 145, 146, 147, 148, 159, 128]
112: [128, 136, 160, 137, 161, 162, 138, 139, 163, 164, 140]
113: [160, 141]
114: [160, 142]
115: [160, 143]
116: [160, 144]
117: [160, 145]
118: [160, 146]
119: [160, 147]
120: [136, 160, 148]
121: [137, 160]
122: [138, 160]
123: [139, 160]
124: [140, 160]
125: [160, 161, 162, 163, 164, 141, 142, 143, 144, 145, 146, 147, 148, 128]
126: [128, 136, 137, 161, 162, 138, 139, 163, 164, 140]
127: [161, 141]
128: [161, 142]
129: [161, 143]
130: [161, 144]
131: [161, 145]
132: [161, 146]
133: [161, 147]
134: [136, 161, 148]
135: [137, 161]
136: [138, 161]
137: [139, 161]
138: [140, 161]
139: [161, 162, 163, 164, 141, 142, 143, 144, 145, 146, 147, 148, 128]
140: [128, 136, 137, 162, 138, 139, 163, 164, 140]
141: [162, 141]
142: [162, 142]
143: [162, 143]
144: [162, 144]
145: [162, 145]
146: [162, 146]
147: [162, 147]
148: [136, 162, 148]
149: [137, 162]
150: [138, 162]
151: [139, 162]
152: [140, 162]
153: [162, 163, 164, 141, 142, 143, 144, 145, 146, 147, 148, 128]
154: [128, 136, 137, 138, 139, 163, 164, 140]
155: [163, 141]
156: [163, 142]
157: [163, 143]
158: [163, 144]
159: [163, 145]
160: [163, 146]
161: [163, 147]
162: [136, 163, 148]
163: [137, 163]
164: [138, 163]
165: [139, 163]
166: [140, 163]
167: [163, 164, 141, 142, 143, 144, 145, 146, 147, 148, 128]
168: [128, 136, 137, 138, 139, 164, 140]
169: [164, 141]
170: [164, 142]
171: [164, 143]
172: [164, 144]
173: [164, 145]
174: [164, 146]
175: [164, 147]
176: [136, 164, 148]
177: [137, 164]
178: [138, 164]
179: [139, 164]
180: [140, 164]
181: [164, 141, 142, 143, 144, 145, 146, 147, 148, 128]
182: [128, 136, 137, 138, 139, 140]
183: [136, 128, 137, 138, 139, 140, 141]
184: [136, 137, 128, 138, 139, 140, 141, 142]
185: [136, 137, 138, 128, 139, 140, 141, 142, 143]
186: [136, 137, 138, 139, 128, 140, 144, 141, 142, 143]
187: [136, 137, 138, 139, 140, 128, 141, 142, 143, 144, 145]
188: [136, 137, 138, 139, 140, 141, 142, 143, 144, 145, 146, 128]
189: [136, 137, 138, 139, 140, 141, 142, 143, 144, 145, 146, 147, 128]
190: [136, 137, 138, 139, 140, 141, 142, 143, 144, 145, 146, 147, 148, 128]
191: [137, 138, 139, 140, 141, 142, 143, 144, 145, 146, 147, 148, 128]
192: [138, 139, 140, 141, 142, 143, 144, 145, 146, 147, 148, 128]
193: [139, 140, 141, 142, 143, 144, 145, 146, 147, 148, 128]
194: [140, 141, 142, 143, 144, 145, 146, 147, 148, 128]
195: [141, 142, 143, 144, 145, 146, 147, 148, 128]
9
0: [128, 153, 154, 155, 156, 157, 158, 159, 160, 137, 161, 162, 138, 139, 163, 164, 140]
1: [128, 153, 154, 155, 156, 157, 158, 159, 160, 137, 161, 162, 138, 139, 163, 164, 140, 141]
2: [128, 153, 154, 155, 156, 157, 158, 159, 160, 137, 161, 162, 138, 139, 163, 142, 164, 140, 141]
3: [128, 153, 154, 155, 156, 157, 158, 159, 160, 137, 161, 162, 138, 143, 139, 163, 142, 164, 140, 141]
4: [128, 153, 154, 155, 156, 157, 158, 159, 160, 144, 137, 161, 162, 138, 143, 139, 163, 142, 164, 140, 141]
5: [128, 153, 154, 155, 156, 157, 158, 159, 160, 145, 144, 137, 161, 162, 138, 143, 139, 163, 142, 164, 140, 141]
6: [128, 153, 154, 155, 156, 157, 158, 146, 159, 160, 145, 144, 137, 161, 162, 138, 143, 139, 163, 142, 164, 140, 141]
7: [128, 153, 154, 155, 156, 157, 147, 158, 146, 159, 160, 145, 144, 137, 161, 162, 138, 143, 139, 163, 142, 164, 140, 141]
8: [128, 153, 154, 155, 156, 148, 157, 147, 158, 146, 159, 160, 145, 144, 137, 161, 162, 138, 143, 139, 163, 142, 164, 140, 141]
9: []
10: [138, 139, 140, 141, 142, 143, 144, 145, 146, 147, 148, 149, 153, 154, 155, 156, 157, 158, 159, 160, 161, 162, 163, 164, 128]
11: [139, 140, 141, 142, 143, 144, 145, 146, 147, 148, 149, 153, 154, 155, 156, 157, 158, 159, 160, 161, 162, 163, 164, 128]
12: [140, 141, 142, 143, 144, 145, 146, 147, 148, 149, 153, 154, 155, 156, 157, 158, 159, 160, 161, 162, 163, 164, 128]
13: [141, 142, 143, 144, 145, 146, 147, 148, 149, 153, 154, 155, 156, 157, 158, 159, 160, 161, 162, 163, 164, 128]
14: [128, 153, 154, 155, 156, 157, 158, 159, 160, 137, 161, 162, 138, 139, 163, 164, 140]
15: [153, 141]
16: [153, 142]
17: [153, 143]
18: [153, 144]
19: [153, 145]
20: [153, 146]
21: [153, 147]
22: [153, 148]
23: [137, 153, 149]
24: [138, 153]
25: [139, 153]
26: [140, 153]
27: [141, 142, 143, 144, 145, 146, 147, 148, 149, 153, 154, 155, 156, 157, 158, 159, 160, 161, 162, 163, 164, 128]
28: [128, 154, 155, 156, 157, 158, 159, 160, 137, 161, 162, 138, 139, 163, 164, 140]
29: [154, 141]
30: [154, 142]
31: [154, 143]
32: [154, 144]
33: [154, 145]
34: [154, 146]
35: [154, 147]
36: [154, 148]
37: [137, 154, 149]
38: [138, 154]
39: [139, 154]
40: [140, 154]
41: [141, 142, 143, 144, 145, 146, 147, 148, 149, 154, 155, 156, 157, 158, 159, 160, 161, 162, 163, 164, 128]
42: [128, 155, 156, 157, 158, 159, 160, 137, 161, 162, 138, 139, 163, 164, 140]
43: [155, 141]
44: [155, 142]
45: [155, 143]
46: [155, 144]
47: [155, 145]
48: [155, 146]
49: [155, 147]
50: [155, 148]
51: [137, 155, 149]
52: [138, 155]
53: [139, 155]
54: [140, 155]
55: [141, 142, 143, 144, 145, 146, 147, 148, 149, 155, 156, 157, 158, 159, 160, 161, 162, 163, 164, 128]
56: [128, 156, 157, 158, 159, 160, 137, 161, 162, 138, 139, 163, 164, 140]
57: [156, 141]
58: [156, 142]
59: [156, 143]
60: [156, 144]
61: [156, 145]
62: [156, 146]
63: [156, 147]
64: [156, 148]
65: [137, 156, 149]
66: [138, 156]
67: [139, 156]
68: [140, 156]
69: [160, 161, 162, 163, 164, 141, 142, 143, 144, 145, 146, 147, 148, 149, 156, 157, 158, 159, 128]
70: [128, 157, 158, 159, 160, 137, 161, 162, 138, 139, 163, 164, 140]
71: [157, 141]
72: [157, 142]
73: [157, 143]
74: [157, 144]
75: [157, 145]
76: [157, 146]
77: [157, 147]
78: [157, 148]
79: [137, 157, 149]
80: [138, 157]
81: [139, 157]
82: [140, 157]
83: [160, 161, 162, 163, 164, 141, 142, 143, 144, 145, 146, 147, 148, 149, 157, 158, 159, 128]
84: [128, 158, 159, 160, 137, 161, 162, 138, 139, 163, 164, 140]
85: [158, 141]
86: [158, 142]
87: [158, 143]
88: [158, 144]
89: [158, 145]
90: [158, 146]
91: [158, 147]
92: [158, 148]
93: [137, 158, 149]
94: [138, 158]
95: [139, 158]
96: [140, 158]
97: [160, 161, 162, 163, 164, 141, 142, 143, 144, 145, 146, 147, 148, 149, 158, 159, 128]
98: [128, 159, 160, 137, 161, 162, 138, 139, 163, 164, 140]
99: [159, 141]
100: [159, 142]
101: [159, 143]
102: [159, 144]
103: [159, 145]
104: [159, 146]
105: [159, 147]
106: [159, 148]
107: [137, 159, 149]
108: [138, 159]
109: [139, 159]
110: [140, 159]
111: [160, 161, 162, 163, 164, 141, 142, 143, 144, 145, 146, 147, 148, 149, 159, 128]
112: [128, 160, 137, 161, 162, 138, 139, 163, 164, 140]
113: [160, 141]
114: [160, 142]
115: [160, 143]
116: [160, 144]
117: [160, 145]
118: [160, 146]
119: [160, 147]
120: [160, 148]
121: [137, 160, 149]
122: [138, 160]
123: [139, 160]
124: [140, 160]
125: [160, 161, 162, 163, 164, 141, 142, 143, 144, 145, 146, 147, 148, 149, 128]
126: [128, 137, 161, 162, 138, 139, 163, 164, 140]
127: [161, 141]
128: [161, 142]
129: [161, 143]
130: [161, 144]
131: [161, 145]
132: [161, 146]
133: [161, 147]
134: [161, 148]
135: [137, 161, 149]
136: [138, 161]
137: [139, 161]
138: [140, 161]
139: [161, 162, 163, 164, 141, 142, 143, 144, 145, 146, 147, 148, 149, 128]
140: [128, 137, 162, 138, 139, 163, 164, 140]
141: [162, 141]
142: [162, 142]
143: [162, 143]
144: [162, 144]
145: [162, 145]
146: [162, 146]
147: [162, 147]
148: [162, 148]
149: [137, 162, 149]
150: [138, 162]
151: [139, 162]
152: [140, 162]
153: [162, 163, 164, 141, 142, 143, 144, 145, 146, 147, 148, 149, 128]
154: [128, 137, 138, 139, 163, 164, 140]
155: [163, 141]
156: [163, 142]
157: [163, 143]
158: [163, 144]
159: [163, 145]
160: [163, 146]
161: [163, 147]
162: [163, 148]
163: [137, 163, 149]
164: [138, 163]
165: [139, 163]
166: [140, 163]
167: [163, 164, 141, 142, 143, 144, 145, 146, 147, 148, 149, 128]
168: [128, 137, 138, 139, 164, 140]
169: [164, 141]
170: [164, 142]
171: [164, 143]
172: [164, 144]
173: [164, 145]
174: [164, 146]
175: [164, 147]
176: [164, 148]
177: [137, 164, 149]
178: [138, 164]
179: [139, 164]
180: [140, 164]
181: [164, 141, 142, 143, 144, 145, 146, 147, 148, 149, 128]
182: [128, 137, 138, 139, 140]
183: [137, 128, 138, 139, 140, 141]
184: [137, 138, 128, 139, 140, 141, 142]
185: [137, 138, 139, 128, 140, 141, 142, 143]
186: [137, 138, 139, 140, 128, 141, 142, 143, 144]
187: [137, 138, 139, 140, 141, 142, 143, 144, 145, 128]
188: [137, 138, 139, 140, 141, 142, 143, 144, 145, 146, 128]
189: [137, 138, 139, 140, 141, 142, 143, 144, 145, 146, 147, 128]
190: [137, 138, 139, 140, 141, 142, 143, 144, 145, 146, 147, 148, 128]
191: [137, 138, 139, 140, 141, 142, 143, 144, 145, 146, 147, 148, 149, 128]
192: [138, 139, 140, 141, 142, 143, 144, 145, 146, 147, 148, 149, 128]
193: [139, 140, 141, 142, 143, 144, 145, 146, 147, 148, 149, 128]
194: [140, 141, 142, 143, 144, 145, 146, 147, 148, 149, 128]
195: [141, 142, 143, 144, 145, 146, 147, 148, 149, 128]
10
0: [128, 153, 154, 155, 156, 157, 158, 159, 160, 161, 162, 138, 139, 163, 164, 140]
1: [128, 153, 154, 155, 156, 157, 158, 159, 160, 161, 162, 138, 139, 163, 164, 140, 141]
2: [128, 153, 154, 155, 156, 157, 158, 159, 160, 161, 162, 138, 139, 163, 142, 164, 140, 141]
3: [128, 153, 154, 155, 156, 157, 158, 159, 160, 161, 162, 138, 143, 139, 163, 142, 164, 140, 141]
4: [128, 153, 154, 155, 156, 157, 158, 159, 160, 144, 161, 162, 138, 143, 139, 163, 142, 164, 140, 141]
5: [128, 153, 154, 155, 156, 157, 158, 159, 160, 145, 144, 161, 162, 138, 143, 139, 163, 142, 164, 140, 141]
6: [128, 153, 154, 155, 156, 157, 158, 146, 159, 160, 145, 144, 161, 162, 138, 143, 139, 163, 142, 164, 140, 141]
7: [128, 153, 154, 155, 156, 157, 147, 158, 146, 159, 160, 145, 144, 161, 162, 138, 143, 139, 163, 142, 164, 140, 141]
8: [128, 153, 154, 155, 156, 148, 157, 147, 158, 146, 159, 160, 145, 144, 161, 162, 138, 143, 139, 163, 142, 164, 140, 141]
9: [128, 153, 154, 155, 156, 149, 148, 157, 147, 158, 146, 159, 160, 145, 144, 161, 162, 138, 143, 139, 163, 142, 164, 140, 141]
10: []
11: [139, 140, 141, 142, 143, 144, 145, 146, 147, 148, 149, 150, 153, 154, 155, 156, 157, 158, 159, 160, 161, 162, 163, 164, 128]
12: [140, 141, 142, 143, 144, 145, 146, 147, 148, 149, 150, 153, 154, 155, 156, 157, 158, 159, 160, 161, 162, 163, 164, 128]
13: [141, 142, 143, 144, 145, 146, 147, 148, 149, 150, 153, 154, 155, 156, 157, 158, 159, 160, 161, 162, 163, 164, 128]
14: [128, 153, 154, 155, 156, 157, 158, 159, 160, 161, 162, 138, 139, 163, 164, 140]
15: [153, 141]
16: [153, 142]
17: [153, 143]
18: [153, 144]
19: [153, 145]
20: [153, 146]
21: [153, 147]
22: [153, 148]
23: [153, 149]
24: [138, 153, 150]
25: [139, 153]
26: [140, 153]
27: [141, 142, 143, 144, 145, 146, 147, 148, 149, 150, 153, 154, 155, 156, 157, 158, 159, 160, 161, 162, 163, 164, 128]
28: [128, 154, 155, 156, 157, 158, 159, 160, 161, 162, 138, 139, 163, 164, 140]
29: [154, 141]
30: [154, 142]
31: [154, 143]
32: [154, 144]
33: [154, 145]
34: [154, 146]
35: [154, 147]
36: [154, 148]
37: [154, 149]
38: [138, 154, 150]
39: [139, 154]
40: [140, 154]
41: [141, 142, 143, 144, 145, 146, 147, 148, 149, 150, 154, 155, 156, 157, 158, 159, 160, 161, 162, 163, 164, 128]
42: [128, 155, 156, 157, 158, 159, 160, 161, 162, 138, 139, 163, 164, 140]
43: [155, 141]
44: [155, 142]
45: [155, 143]
46: [155, 144]
47: [155, 145]
48: [155, 146]
49: [155, 147]
50: [155, 148]
51: [155, 149]
52: [138, 155, 150]
53: [139, 155]
54: [140, 155]
55: [141, 142, 143, 144, 145, 146, 147, 148, 149, 150, 155, 156, 157, 158, 159, 160, 161, 162, 163, 164, 128]
56: [128, 156, 157, 158, 159, 160, 161, 162, 138, 139, 163, 164, 140]
57: [156, 141]
58: [156, 142]
59: [156, 143]
60: [156, 144]
61: [156, 145]
62: [156, 146]
63: [156, 147]
64: [156, 148]
65: [156, 149]
66: [138, 156, 150]
67: [139, 156]
68: [140, 156]
69: [141, 142, 143, 144, 145, 146, 147, 148, 149, 150, 156, 157, 158, 159, 160, 161, 162, 163, 164, 128]
70: [128, 157, 158, 159, 160, 161, 162, 138, 139, 163, 164, 140]
71: [157, 141]
72: [157, 142]
73: [157, 143]
74: [157, 144]
75: [157, 145]
76: [157, 146]
77: [157, 147]
78: [157, 148]
79: [157, 149]
80: [138, 157, 150]
81: [139, 157]
82: [140, 157]
83: [160, 161, 162, 163, 164, 141, 142, 143, 144, 145, 146, 147, 148, 149, 150, 157, 158, 159, 128]
84: [128, 158, 159, 160, 161, 162, 138, 139, 163, 164, 140]
85: [158, 141]
86: [158, 142]
87: [158, 143]
88: [158, 144]
89: [158, 145]
90: [158, 146]
91: [158, 147]
92: [158, 148]
93: [158, 149]
94: [138, 158, 150]
95: [139, 158]
96: [140, 158]
97: [160, 161, 162, 163, 164, 141, 142, 143, 144, 145, 146, 147, 148, 149, 150, 158, 159, 128]
98: [128, 159, 160, 161, 162, 138, 139, 163, 164, 140]
99: [159, 141]
100: [159, 142]
101: [159, 143]
102: [159, 144]
103: [159, 145]
104: [159, 146]
105: [159, 147]
106: [159, 148]
107: [159, 149]
108: [138, 159, 150]
109: [139, 159]
110: [140, 159]
111: [160, 161, 162, 163, 164, 141, 142, 143, 144, 145, 146, 147, 148, 149, 150, 159, 128]
112: [128, 160, 161, 162, 138, 139, 163, 164, 140]
113: [160, 141]
114: [160, 142]
115: [160, 143]
116: [160, 144]
117: [160, 145]
118: [160, 146]
119: [160, 147]
120: [160, 148]
121: [160, 149]
122: [138, 160, 150]
123: [139, 160]
124: [140, 160]
125: [160, 161, 162, 163, 164, 141, 142, 143, 144, 145, 146, 147, 148, 149, 150, 128]
126: [128, 161, 162, 138, 139, 163, 164, 140]
127: [161, 141]
128: [161, 142]
129: [161, 143]
130: [161, 144]
131: [161, 145]
132: [161, 146]
133: [161, 147]
134: [161, 148]
135: [161, 149]
136: [138, 161, 150]
137: [139, 161]
138: [140, 161]
139: [161, 162, 163, 164, 141, 142, 143, 144, 145, 146, 147, 148, 149, 150, 128]
140: [128, 162, 138, 139, 163, 164, 140]
141: [162, 141]
142: [162, 142]
143: [162, 143]
144: [162, 144]
145: [162, 145]
146: [162, 146]
147: [162, 147]
148: [162, 148]
149: [162, 149]
150: [138, 162, 150]
151: [139, 162]
152: [140, 162]
153: [162, 163, 164, 141, 142, 143, 144, 145, 146, 147, 148, 149, 150, 128]
154: [128, 138, 139, 163, 164, 140]
155: [163, 141]
156: [163, 142]
157: [163, 143]
158: [163, 144]
159: [163, 145]
160: [163, 146]
161: [163, 147]
162: [163, 148]
163: [163, 149]
164: [138, 163, 150]
165: [139, 163]
166: [140, 163]
167: [163, 164, 141, 142, 143, 144, 145, 146, 147, 148, 149, 150, 128]
168: [128, 138, 139, 164, 140]
169: [164, 141]
170: [164, 142]
171: [164, 143]
172: [164, 144]
173: [164, 145]
174: [164, 146]
175: [164, 147]
176: [164, 148]
177: [164, 149]
178: [138, 164, 150]
179: [139, 164]
180: [140, 164]
181: [164, 141, 142, 143, 144, 145, 146, 147, 148, 149, 150, 128]
182: [128, 138, 139, 140]
183: [138, 128, 139, 140, 141]
184: [138, 139, 128, 140, 141, 142]
185: [138, 139, 140, 128, 141, 142, 143]
186: [138, 139, 140, 144, 141, 142, 143, 128]
187: [138, 139, 140, 141, 142, 143, 144, 145, 128]
188: [138, 139, 140, 141, 142, 143, 144, 145, 146, 128]
189: [138, 139, 140, 141, 142, 143, 144, 145, 146, 147, 128]
190: [138, 139, 140, 141, 142, 143, 144, 145, 146, 147, 148, 128]
191: [138, 139, 140, 141, 142, 143, 144, 145, 146, 147, 148, 149, 128]
192: [138, 139, 140, 141, 142, 143, 144, 145, 146, 147, 148, 149, 150, 128]
193: [139, 140, 141, 142, 143, 144, 145, 146, 147, 148, 149, 150, 128]
194: [140, 141, 142, 143, 144, 145, 146, 147, 148, 149, 150, 128]
195: [141, 142, 143, 144, 145, 146, 147, 148, 149, 150, 128]
11
0: [128, 153, 154, 155, 156, 157, 158, 159, 160, 161, 162, 139, 163, 164, 140]
1: [128, 153, 154, 155, 156, 157, 158, 159, 160, 161, 162, 139, 163, 164, 140, 141]
2: [128, 153, 154, 155, 156, 157, 158, 159, 160, 161, 162, 139, 163, 142, 164, 140, 141]
3: [128, 153, 154, 155, 156, 157, 158, 159, 160, 161, 162, 143, 139, 163, 142, 164, 140, 141]
4: [128, 153, 154, 155, 156, 157, 158, 159, 160, 144, 161, 162, 143, 139, 163, 142, 164, 140, 141]
5: [128, 153, 154, 155, 156, 157, 158, 159, 160, 145, 144, 161, 162, 143, 139, 163, 142, 164, 140, 141]
6: [128, 153, 154, 155, 156, 157, 158, 146, 159, 160, 145, 144, 161, 162, 143, 139, 163, 142, 164, 140, 141]
7: [128, 153, 154, 155, 156, 157, 147, 158, 146, 159, 160, 145, 144, 161, 162, 143, 139, 163, 142, 164, 140, 141]
8: [128, 153, 154, 155, 156, 148, 157, 147, 158, 146, 159, 160, 145, 144, 161, 162, 143, 139, 163, 142, 164, 140, 141]
9: [128, 153, 154, 155, 156, 149, 148, 157, 147, 158, 146, 159, 160, 145, 144, 161, 162, 143, 139, 163, 142, 164, 140, 141]
10: [128, 153, 154, 155, 150, 156, 149, 148, 157, 147, 158, 146, 159, 160, 145, 144, 161, 162, 143, 139, 163, 142, 164, 140, 141]
11: []
12: [140, 141, 142, 143, 144, 145, 146, 147, 148, 149, 150, 151, 153, 154, 155, 156, 157, 158, 159, 160, 161, 162, 163, 164, 128]
13: [141, 142, 143, 144, 145, 146, 147, 148, 149, 150, 151, 153, 154, 155, 156, 157, 158, 159, 160, 161, 162, 163, 164, 128]
14: [128, 153, 154, 155, 156, 157, 158, 159, 160, 161, 162, 139, 163, 164, 140]
15: [153, 141]
16: [153, 142]
17: [153, 143]
18: [153, 144]
19: [153, 145]
20: [153, 146]
21: [153, 147]
22: [153, 148]
23: [153, 149]
24: [153, 150]
25: [139, 153, 151]
26: [140, 153]
27: [141, 142, 143, 144, 145, 146, 147, 148, 149, 150, 151, 153, 154, 155, 156, 157, 158, 159, 160, 161, 162, 163, 164, 128]
28: [128, 154, 155, 156, 157, 158, 159, 160, 161, 162, 139, 163, 164, 140]
29: [154, 141]
30: [154, 142]
31: [154, 143]
32: [154, 144]
33: [154, 145]
34: [154, 146]
35: [154, 147]
36: [154, 148]
37: [154, 149]
38: [154, 150]
39: [139, 154, 151]
40: [140, 154]
41: [141, 142, 143, 144, 145, 146, 147, 148, 149, 150, 151, 154, 155, 156, 157, 158, 159, 160, 161, 162, 163, 164, 128]
42: [128, 155, 156, 157, 158, 159, 160, 161, 162, 139, 163, 164, 140]
43: [155, 141]
44: [155, 142]
45: [155, 143]
46: [155, 144]
47: [155, 145]
48: [155, 146]
49: [155, 147]
50: [155, 148]
51: [155, 149]
52: [155, 150]
53: [139, 155, 151]
54: [140, 155]
55: [141, 142, 143, 144, 145, 146, 147, 148, 149, 150, 151, 155, 156, 157, 158, 159, 160, 161, 162, 163, 164, 128]
56: [128, 156, 157, 158, 159, 160, 161, 162, 139, 163, 164, 140]
57: [156, 141]
58: [156, 142]
59: [156, 143]
60: [156, 144]
61: [156, 145]
62: [156, 146]
63: [156, 147]
64: [156, 148]
65: [156, 149]
66: [156, 150]
67: [139, 156, 151]
68: [140, 156]
69: [141, 142, 143, 144, 145, 146, 147, 148, 149, 150, 151, 156, 157, 158, 159, 160, 161, 162, 163, 164, 128]
70: [128, 157, 158, 159, 160, 161, 162, 139, 163, 164, 140]
71: [157, 141]
72: [157, 142]
73: [157, 143]
74: [157, 144]
75: [157, 145]
76: [157, 146]
77: [157, 147]
78: [157, 148]
79: [157, 149]
80: [157, 150]
81: [139, 157, 151]
82: [140, 157]
83: [141, 142, 143, 144, 145, 146, 147, 148, 149, 150, 151, 157, 158, 159, 160, 161, 162, 163, 164, 128]
84: [128, 158, 159, 160, 161, 162, 139, 163, 164, 140]
85: [158, 141]
86: [158, 142]
87: [158, 143]
88: [158, 144]
89: [158, 145]
90: [158, 146]
91: [158, 147]
92: [158, 148]
93: [158, 149]
94: [158, 150]
95: [139, 158, 151]
96: [140, 158]
97: [160, 161, 162, 163, 164, 141, 142, 143, 144, 145, 146, 147, 148, 149, 150, 151, 158, 159, 128]
98: [128, 159, 160, 161, 162, 139, 163, 164, 140]
99: [159, 141]
100: [159, 142]
101: [159, 143]
102: [159, 144]
103: [159, 145]
104: [159, 146]
105: [159, 147]
106: [159, 148]
107: [159, 149]
108: [159, 150]
109: [139, 159, 151]
110: [140, 159]
111: [160, 161, 162, 163, 164, 141, 142, 143, 144, 145, 146, 147, 148, 149, 150, 151, 159, 128]
112: [128, 160, 161, 162, 139, 163, 164, 140]
113: [160, 141]
114: [160, 142]
115: [160, 143]
116: [160, 144]
117: [160, 145]
118: [160, 146]
119: [160, 147]
120: [160, 148]
121: [160, 149]
122: [160, 150]
123: [139, 160, 151]
124: [140, 160]
125: [160, 161, 162, 163, 164, 141, 142, 143, 144, 145, 146, 147, 148, 149, 150, 151, 128]
126: [128, 161, 162, 139, 163, 164, 140]
127: [161, 141]
128: [161, 142]
129: [161, 143]
130: [161, 144]
131: [161, 145]
132: [161, 146]
133: [161, 147]
134: [161, 148]
135: [161, 149]
136: [161, 150]
137: [139, 161, 151]
138: [140, 161]
139: [161, 162, 163, 164, 141, 142, 143, 144, 145, 146, 147, 148, 149, 150, 151, 128]
140: [128, 162, 139, 163, 164, 140]
141: [162, 141]
142: [162, 142]
143: [162, 143]
144: [162, 144]
145: [162, 145]
146: [162, 146]
147: [162, 147]
148: [162, 148]
149: [162, 149]
150: [162, 150]
151: [139, 162, 151]
152: [140, 162]
153: [162, 163, 164, 141, 142, 143, 144, 145, 146, 147, 148, 149, 150, 151, 128]
154: [128, 139, 163, 164, 140]
155: [163, 141]
156: [163, 142]
157: [163, 143]
158: [163, 144]
159: [163, 145]
160: [163, 146]
161: [163, 147]
162: [163, 148]
163: [163, 149]
164: [163, 150]
165: [139, 163, 151]
166: [140, 163]
167: [163, 164, 141, 142, 143, 144, 145, 146, 147, 148, 149, 150, 151, 128]
168: [128, 139, 164, 140]
169: [164, 141]
170: [164, 142]
171: [164, 143]
172: [164, 144]
173: [164, 145]
174: [164, 146]
175: [164, 147]
176: [164, 148]
177: [164, 149]
178: [164, 150]
179: [139, 164, 151]
180: [140, 164]
181: [164, 141, 142, 143, 144, 145, 146, 147, 148, 149, 150, 151, 128]
182: [128, 139, 140]
183: [139, 128, 140, 141]
184: [139, 140, 128, 141, 142]
185: [139, 140, 141, 142, 143, 128]
186: [139, 140, 144, 141, 142, 143, 128]
187: [139, 140, 141, 142, 143, 144, 145, 128]
188: [139, 140, 141, 142, 143, 144, 145, 146, 128]
189: [139, 140, 141, 142, 143, 144, 145, 146, 147, 128]
190: [139, 140, 141, 142, 143, 144, 145, 146, 147, 148, 128]
191: [139, 140, 141, 142, 143, 144, 145, 146, 147, 148, 149, 128]
192: [139, 140, 141, 142, 143, 144, 145, 146, 147, 148, 149, 150, 128]
193: [139, 140, 141, 142, 143, 144, 145, 146, 147, 148, 149, 150, 151, 128]
194: [140, 141, 142, 143, 144, 145, 146, 147, 148, 149, 150, 151, 128]
195: [141, 142, 143, 144, 145, 146, 147, 148, 149, 150, 151, 128]
12
0: [128, 153, 154, 155, 156, 157, 158, 159, 160, 161, 162, 163, 164, 140]
1: [128, 153, 154, 155, 156, 157, 158, 159, 160, 161, 162, 163, 164, 140, 141]
2: [128, 153, 154, 155, 156, 157, 158, 159, 160, 161, 162, 163, 142, 164, 140, 141]
3: [128, 153, 154, 155, 156, 157, 158, 159, 160, 161, 162, 143, 163, 142, 164, 140, 141]
4: [128, 153, 154, 155, 156, 157, 158, 159, 160, 144, 161, 162, 143, 163, 142, 164, 140, 141]
5: [128, 153, 154, 155, 156, 157, 158, 159, 160, 145, 144, 161, 162, 143, 163, 142, 164, 140, 141]
6: [128, 153, 154, 155, 156, 157, 158, 146, 159, 160, 145, 144, 161, 162, 143, 163, 142, 164, 140, 141]
7: [128, 153, 154, 155, 156, 157, 147, 158, 146, 159, 160, 145, 144, 161, 162, 143, 163, 142, 164, 140, 141]
8: [128, 153, 154, 155, 156, 148, 157, 147, 158, 146, 159, 160, 145, 144, 161, 162, 143, 163, 142, 164, 140, 141]
9: [128, 153, 154, 155, 156, 149, 148, 157, 147, 158, 146, 159, 160, 145, 144, 161, 162, 143, 163, 142, 164, 140, 141]
10: [128, 153, 154, 155, 150, 156, 149, 148, 157, 147, 158, 146, 159, 160, 145, 144, 161, 162, 143, 163, 142, 164, 140, 141]
11: [128, 153, 154, 151, 155, 150, 156, 149, 148, 157, 147, 158, 146, 159, 160, 145, 144, 161, 162, 143, 163, 142, 164, 140, 141]
12: []
13: [141, 142, 143, 144, 145, 146, 147, 148, 149, 150, 151, 152, 153, 154, 155, 156, 157, 158, 159, 160, 161, 162, 163, 164, 128]
14: [128, 153, 154, 155, 156, 157, 158, 159, 160, 161, 162, 163, 164, 140]
15: [153, 141]
16: [153, 142]
17: [153, 143]
18: [153, 144]
19: [153, 145]
20: [153, 146]
21: [153, 147]
22: [153, 148]
23: [153, 149]
24: [153, 150]
25: [153, 151]
26: [140, 153, 152]
27: [141, 142, 143, 144, 145, 146, 147, 148, 149, 150, 151, 152, 153, 154, 155, 156, 157, 158, 159, 160, 161, 162, 163, 164, 128]
28: [128, 154, 155, 156, 157, 158, 159, 160, 161, 162, 163, 164, 140]
29: [154, 141]
30: [154, 142]
31: [154, 143]
32: [154, 144]
33: [154, 145]
34: [154, 146]
35: [154, 147]
36: [154, 148]
37: [154, 149]
38: [154, 150]
39: [154, 151]
40: [140, 154, 152]
41: [141, 142, 143, 144, 145, 146, 147, 148, 149, 150, 151, 152, 154, 155, 156, 157, 158, 159, 160, 161, 162, 163, 164, 128]
42: [128, 155, 156, 157, 158, 159, 160, 161, 162, 163, 164, 140]
43: [155, 141]
44: [155, 142]
45: [155, 143]
46: [155, 144]
47: [155, 145]
48: [155, 146]
49: [155, 147]
50: [155, 148]
51: [155, 149]
52: [155, 150]
53: [155, 151]
54: [140, 155, 152]
55: [141, 142, 143, 144, 145, 146, 147, 148, 149, 150, 151, 152, 155, 156, 157, 158, 159, 160, 161, 162, 163, 164, 128]
56: [128, 156, 157, 158, 159, 160, 161, 162, 163, 164, 140]
57: [156, 141]
58: [156, 142]
59: [156, 143]
60: [156, 144]
61: [156, 145]
62: [156, 146]
63: [156, 147]
64: [156, 148]
65: [156, 149]
66: [156, 150]
67: [156, 151]
68: [140, 156, 152]
69: [141, 142, 143, 144, 145, 146, 147, 148, 149, 150, 151, 152, 156, 157, 158, 159, 160, 161, 162, 163, 164, 128]
70: [128, 157, 158, 159, 160, 161, 162, 163, 164, 140]
71: [157, 141]
72: [157, 142]
73: [157, 143]
74: [157, 144]
75: [157, 145]
76: [157, 146]
77: [157, 147]
78: [157, 148]
79: [157, 149]
80: [157, 150]
81: [157, 151]
82: [140, 157, 152]
83: [141, 142, 143, 144, 145, 146, 147, 148, 149, 150, 151, 152, 157, 158, 159, 160, 161, 162, 163, 164, 128]
84: [128, 158, 159, 160, 161, 162, 163, 164, 140]
85: [158, 141]
86: [158, 142]
87: [158, 143]
88: [158, 144]
89: [158, 145]
90: [158, 146]
91: [158, 147]
92: [158, 148]
93: [158, 149]
94: [158, 150]
95: [158, 151]
96: [140, 158, 152]
97: [141, 142, 143, 144, 145, 146, 147, 148, 149, 150, 151, 152, 158, 159, 160, 161, 162, 163, 164, 128]
98: [128, 159, 160, 161, 162, 163, 164, 140]
99: [159, 141]
100: [159, 142]
101: [159, 143]
102: [159, 144]
103: [159, 145]
104: [159, 146]
105: [159, 147]
106: [159, 148]
107: [159, 149]
108: [159, 150]
109: [159, 151]
110: [140, 159, 152]
111: [160, 161, 162, 163, 164, 141, 142, 143, 144, 145, 146, 147, 148, 149, 150, 151, 152, 159, 128]
112: [128, 160, 161, 162, 163, 164, 140]
113: [160, 141]
114: [160, 142]
115: [160, 143]
116: [160, 144]
117: [160, 145]
118: [160, 146]
119: [160, 147]
120: [160, 148]
121: [160, 149]
122: [160, 150]
123: [160, 151]
124: [140, 160, 152]
125: [160, 161, 162, 163, 164, 141, 142, 143, 144, 145, 146, 147, 148, 149, 150, 151, 152, 128]
126: [128, 161, 162, 163, 164, 140]
127: [161, 141]
128: [161, 142]
129: [161, 143]
130: [161, 144]
131: [161, 145]
132: [161, 146]
133: [161, 147]
134: [161, 148]
135: [161, 149]
136: [161, 150]
137: [161, 151]
138: [140, 161, 152]
139: [161, 162, 163, 164, 141, 142, 143, 144, 145, 146, 147, 148, 149, 150, 151, 152, 128]
140: [128, 162, 163, 164, 140]
141: [162, 141]
142: [162, 142]
143: [162, 143]
144: [162, 144]
145: [162, 145]
146: [162, 146]
147: [162, 147]
148: [162, 148]
149: [162, 149]
150: [162, 150]
151: [162, 151]
152: [140, 162, 152]
153: [162, 163, 164, 141, 142, 143, 144, 145, 146, 147, 148, 149, 150, 151, 152, 128]
154: [128, 163, 164, 140]
155: [163, 141]
156: [163, 142]
157: [163, 143]
158: [163, 144]
159: [163, 145]
160: [163, 146]
161: [163, 147]
162: [163, 148]
163: [163, 149]
164: [163, 150]
165: [163, 151]
166: [140, 163, 152]
167: [163, 164, 141, 142, 143, 144, 145, 146, 147, 148, 149, 150, 151, 152, 128]
168: [128, 164, 140]
169: [164, 141]
170: [164, 142]
171: [164, 143]
172: [164, 144]
173: [164, 145]
174: [164, 146]
175: [164, 147]
176: [164, 148]
177: [164, 149]
178: [164, 150]
179: [164, 151]
180: [140, 164, 152]
181: [164, 141, 142, 143, 144, 145, 146, 147, 148, 149, 150, 151, 152, 128]
182: [128, 140]
183: [140, 128, 141]
184: [140, 141, 142, 128]
185: [140, 141, 142, 143, 128]
186: [140, 144, 141, 142, 143, 128]
187: [140, 141, 142, 143, 144, 145, 128]
188: [140, 141, 142, 143, 144, 145, 146, 128]
189: [140, 141, 142, 143, 144, 145, 146, 147, 128]
190: [140, 141, 142, 143, 144, 145, 146, 147, 148, 128]
191: [140, 141, 142, 143, 144, 145, 146, 147, 148, 149, 128]
192: [140, 141, 142, 143, 144, 145, 146, 147, 148, 149, 150, 128]
193: [140, 141, 142, 143, 144, 145, 146, 147, 148, 149, 150, 151, 128]
194: [140, 141, 142, 143, 144, 145, 146, 147, 148, 149, 150, 151, 152, 128]
195: [141, 142, 143, 144, 145, 146, 147, 148, 149, 150, 151, 152, 128]
13
0: [128, 153, 154, 155, 156, 157, 158, 159, 160, 161, 162, 163, 164]
1: [128, 153, 154, 155, 156, 157, 158, 159, 160, 161, 162, 163, 164, 141]
2: [128, 153, 154, 155, 156, 157, 158, 159, 160, 161, 162, 163, 142, 164, 141]
3: [128, 153, 154, 155, 156, 157, 158, 159, 160, 161, 162, 143, 163, 142, 164, 141]
4: [128, 153, 154, 155, 156, 157, 158, 159, 160, 144, 161, 162, 143, 163, 142, 164, 141]
5: [128, 153, 154, 155, 156, 157, 158, 159, 160, 145, 144, 161, 162, 143, 163, 142, 164, 141]
6: [128, 153, 154, 155, 156, 157, 158, 146, 159, 160, 145, 144, 161, 162, 143, 163, 142, 164, 141]
7: [128, 153, 154, 155, 156, 157, 147, 158, 146, 159, 160, 145, 144, 161, 162, 143, 163, 142, 164, 141]
8: [128, 153, 154, 155, 156, 148, 157, 147, 158, 146, 159, 160, 145, 144, 161, 162, 143, 163, 142, 164, 141]
9: [128, 153, 154, 155, 156, 149, 148, 157, 147, 158, 146, 159, 160, 145, 144, 161, 162, 143, 163, 142, 164, 141]
10: [128, 153, 154, 155, 150, 156, 149, 148, 157, 147, 158, 146, 159, 160, 145, 144, 161, 162, 143, 163, 142, 164, 141]
11: [128, 153, 154, 151, 155, 150, 156, 149, 148, 157, 147, 158, 146, 159, 160, 145, 144, 161, 162, 143, 163, 142, 164, 141]
12: [128, 152, 153, 154, 151, 155, 150, 156, 149, 148, 157, 147, 158, 146, 159, 160, 145, 144, 161, 162, 143, 163, 142, 164, 141]
13: []
14: [128, 153, 154, 155, 156, 157, 158, 159, 160, 161, 162, 163, 164]
15: [153, 141]
16: [153, 142]
17: [153, 143]
18: [153, 144]
19: [153, 145]
20: [153, 146]
21: [153, 147]
22: [153, 148]
23: [153, 149]
24: [153, 150]
25: [153, 151]
26: [153, 152]
27: [141, 142, 143, 144, 145, 146, 147, 148, 149, 150, 151, 152, 153, 154, 155, 156, 157, 158, 159, 160, 161, 162, 163, 164, 128]
28: [128, 154, 155, 156, 157, 158, 159, 160, 161, 162, 163, 164]
29: [154, 141]
30: [154, 142]
31: [154, 143]
32: [154, 144]
33: [154, 145]
34: [154, 146]
35: [154, 147]
36: [154, 148]
37: [154, 149]
38: [154, 150]
39: [154, 151]
40: [154, 152]
41: [141, 142, 143, 144, 145, 146, 147, 148, 149, 150, 151, 152, 154, 155, 156, 157, 158, 159, 160, 161, 162, 163, 164, 128]
42: [128, 155, 156, 157, 158, 159, 160, 161, 162, 163, 164]
43: [155, 141]
44: [155, 142]
45: [155, 143]
46: [155, 144]
47: [155, 145]
48: [155, 146]
49: [155, 147]
50: [155, 148]
51: [155, 149]
52: [155, 150]
53: [155, 151]
54: [155, 152]
55: [141, 142, 143, 144, 145, 146, 147, 148, 149, 150, 151, 152, 155, 156, 157, 158, 159, 160, 161, 162, 163, 164, 128]
56: [128, 156, 157, 158, 159, 160, 161, 162, 163, 164]
57: [156, 141]
58: [156, 142]
59: [156, 143]
60: [156, 144]
61: [156, 145]
62: [156, 146]
63: [156, 147]
64: [156, 148]
65: [156, 149]
66: [156, 150]
67: [156, 151]
68: [156, 152]
69: [141, 142, 143, 144, 145, 146, 147, 148, 149, 150, 151, 152, 156, 157, 158, 159, 160, 161, 162, 163, 164, 128]
70: [128, 157, 158, 159, 160, 161, 162, 163, 164]
71: [157, 141]
72: [157, 142]
73: [157, 143]
74: [157, 144]
75: [157, 145]
76: [157, 146]
77: [157, 147]
78: [157, 148]
79: [157, 149]
80: [157, 150]
81: [157, 151]
82: [157, 152]
83: [141, 142, 143, 144, 145, 146, 147, 148, 149, 150, 151, 152, 157, 158, 159, 160, 161, 162, 163, 164, 128]
84: [128, 158, 159, 160, 161, 162, 163, 164]
85: [158, 141]
86: [158, 142]
87: [158, 143]
88: [158, 144]
89: [158, 145]
90: [158, 146]
91: [158, 147]
92: [158, 148]
93: [158, 149]
94: [158, 150]
95: [158, 151]
96: [158, 152]
97: [141, 142, 143, 144, 145, 146, 147, 148, 149, 150, 151, 152, 158, 159, 160, 161, 162, 163, 164, 128]
98: [128, 159, 160, 161, 162, 163, 164]
99: [159, 141]
100: [159, 142]
101: [159, 143]
102: [159, 144]
103: [159, 145]
104: [159, 146]
105: [159, 147]
106: [159, 148]
107: [159, 149]
108: [159, 150]
109: [159, 151]
110: [159, 152]
111: [160, 161, 162, 163, 164, 141, 142, 143, 144, 145, 146, 147, 148, 149, 150, 151, 152, 159, 128]
112: [128, 160, 161, 162, 163, 164]
113: [160, 141]
114: [160, 142]
115: [160, 143]
116: [160, 144]
117: [160, 145]
118: [160, 146]
119: [160, 147]
120: [160, 148]
121: [160, 149]
122: [160, 150]
123: [160, 151]
124: [160, 152]
125: [160, 161, 162, 163, 164, 141, 142, 143, 144, 145, 146, 147, 148, 149, 150, 151, 152, 128]
126: [128, 161, 162, 163, 164]
127: [161, 141]
128: [161, 142]
129: [161, 143]
130: [161, 144]
131: [161, 145]
132: [161, 146]
133: [161, 147]
134: [161, 148]
135: [161, 149]
136: [161, 150]
137: [161, 151]
138: [161, 152]
139: [161, 162, 163, 164, 141, 142, 143, 144, 145, 146, 147, 148, 149, 150, 151, 152, 128]
140: [128, 162, 163, 164]
141: [162, 141]
142: [162, 142]
143: [162, 143]
144: [162, 144]
145: [162, 145]
146: [162, 146]
147: [162, 147]
148: [162, 148]
149: [162, 149]
150: [162, 150]
151: [162, 151]
152: [162, 152]
153: [162, 163, 164, 141, 142, 143, 144, 145, 146, 147, 148, 149, 150, 151, 152, 128]
154: [128, 163, 164]
155: [163, 141]
156: [163, 142]
157: [163, 143]
158: [163, 144]
159: [163, 145]
160: [163, 146]
161: [163, 147]
162: [163, 148]
163: [163, 149]
164: [163, 150]
165: [163, 151]
166: [163, 152]
167: [163, 164, 141, 142, 143, 144, 145, 146, 147, 148, 149, 150, 151, 152, 128]
168: [128, 164]
169: [164, 141]
170: [164, 142]
171: [164, 143]
172: [164, 144]
173: [164, 145]
174: [164, 146]
175: [164, 147]
176: [164, 148]
177: [164, 149]
178: [164, 150]
179: [164, 151]
180: [164, 152]
181: [164, 141, 142, 143, 144, 145, 146, 147, 148, 149, 150, 151, 152, 128]
182: [128]
183: [141, 128]
184: [141, 142, 128]
185: [141, 142, 143, 128]
186: [144, 141, 142, 143, 128]
187: [141, 142, 143, 144, 145, 128]
188: [141, 142, 143, 144, 145, 146, 128]
189: [141, 142, 143, 144, 145, 146, 147, 128]
190: [141, 142, 143, 144, 145, 146, 147, 148, 128]
191: [141, 142, 143, 144, 145, 146, 147, 148, 149, 128]
192: [141, 142, 143, 144, 145, 146, 147, 148, 149, 150, 128]
193: [141, 142, 143, 144, 145, 146, 147, 148, 149, 150, 151, 128]
194: [141, 142, 143, 144, 145, 146, 147, 148, 149, 150, 151, 152, 128]
195: [141, 142, 143, 144, 145, 146, 147, 148, 149, 150, 151, 152, 128]
14
0: [129, 130, 131, 132, 133, 134, 135, 136, 137, 138, 139, 140, 153, 154, 155, 156, 157, 158, 159, 160, 161, 162, 163, 164, 128]
1: [129, 130, 131, 132, 133, 134, 135, 136, 137, 138, 139, 140, 153, 154, 155, 156, 157, 158, 159, 160, 161, 162, 163, 164, 128]
2: [130, 131, 132, 133, 134, 135, 136, 137, 138, 139, 140, 153, 154, 155, 156, 157, 158, 159, 160, 161, 162, 163, 164, 128]
3: [131, 132, 133, 134, 135, 136, 137, 138, 139, 140, 153, 154, 155, 156, 157, 158, 159, 160, 161, 162, 163, 164, 128]
4: [132, 133, 134, 135, 136, 137, 138, 139, 140, 153, 154, 155, 156, 157, 158, 159, 160, 161, 162, 163, 164, 128]
5: [133, 134, 135, 136, 137, 138, 139, 140, 153, 154, 155, 156, 157, 158, 159, 160, 161, 162, 163, 164, 128]
6: [134, 135, 136, 137, 138, 139, 140, 153, 154, 155, 156, 157, 158, 159, 160, 161, 162, 163, 164, 128]
7: [160, 161, 162, 163, 164, 135, 136, 137, 138, 139, 140, 153, 154, 155, 156, 157, 158, 159, 128]
8: [160, 161, 162, 163, 164, 136, 137, 138, 139, 140, 153, 154, 155, 156, 157, 158, 159, 128]
9: [160, 161, 162, 163, 164, 137, 138, 139, 140, 153, 154, 155, 156, 157, 158, 159, 128]
10: [160, 161, 162, 163, 164, 138, 139, 140, 153, 154, 155, 156, 157, 158, 159, 128]
11: [160, 161, 162, 163, 164, 139, 140, 153, 154, 155, 156, 157, 158, 159, 128]
12: [160, 161, 162, 163, 164, 140, 153, 154, 155, 156, 157, 158, 159, 128]
13: [160, 161, 162, 163, 164, 153, 154, 155, 156, 157, 158, 159, 128]
14: []
15: [165, 129, 153]
16: [165, 130, 153]
17: [165, 131, 153]
18: [165, 132, 153]
19: [165, 133, 153]
20: [165, 134, 153]
21: [165, 135, 153]
22: [165, 136, 153]
23: [165, 137, 153]
24: [165, 138, 153]
25: [165, 139, 153]
26: [165, 140, 153]
27: [165, 160, 161, 162, 163, 164, 153, 154, 155, 156, 157, 158, 159, 128]
28: [128, 129, 130, 154, 131, 155, 156, 132, 133, 157, 158, 134, 159, 135, 136, 160, 137, 161, 162, 138, 139, 163, 164, 140, 165]
29: [129, 154]
30: [130, 154]
31: [131, 154]
32: [132, 154]
33: [133, 154]
34: [134, 154]
35: [135, 154]
36: [136, 154]
37: [137, 154]
38: [138, 154]
39: [139, 154]
40: [140, 154]
41: [165, 160, 161, 162, 163, 164, 154, 155, 156, 157, 158, 159, 128]
42: [128, 129, 130, 131, 155, 156, 132, 133, 157, 158, 134, 159, 135, 136, 160, 137, 161, 162, 138, 139, 163, 164, 140, 165]
43: [129, 155]
44: [130, 155]
45: [131, 155]
46: [132, 155]
47: [133, 155]
48: [134, 155]
49: [135, 155]
50: [136, 155]
51: [137, 155]
52: [138, 155]
53: [139, 155]
54: [140, 155]
55: [165, 160, 161, 162, 163, 164, 155, 156, 157, 158, 159, 128]
56: [128, 129, 130, 131, 156, 132, 133, 157, 158, 134, 159, 135, 136, 160, 137, 161, 162, 138, 139, 163, 164, 140, 165]
57: [129, 156]
58: [130, 156]
59: [131, 156]
60: [132, 156]
61: [133, 156]
62: [134, 156]
63: [135, 156]
64: [136, 156]
65: [137, 156]
66: [138, 156]
67: [139, 156]
68: [140, 156]
69: [165, 160, 161, 162, 163, 164, 156, 157, 158, 159, 128]
70: [128, 129, 130, 131, 132, 133, 157, 158, 134, 159, 135, 136, 160, 137, 161, 162, 138, 139, 163, 164, 140, 165]
71: [129, 157]
72: [130, 157]
73: [131, 157]
74: [132, 157]
75: [133, 157]
76: [134, 157]
77: [135, 157]
78: [136, 157]
79: [137, 157]
80: [138, 157]
81: [139, 157]
82: [140, 157]
83: [165, 160, 161, 162, 163, 164, 157, 158, 159, 128]
84: [128, 129, 130, 131, 132, 133, 158, 134, 159, 135, 136, 160, 137, 161, 162, 138, 139, 163, 164, 140, 165]
85: [129, 158]
86: [130, 158]
87: [131, 158]
88: [132, 158]
89: [133, 158]
90: [134, 158]
91: [135, 158]
92: [136, 158]
93: [137, 158]
94: [138, 158]
95: [139, 158]
96: [140, 158]
97: [165, 160, 161, 162, 163, 164, 158, 159, 128]
98: [128, 129, 130, 131, 132, 133, 134, 159, 135, 136, 160, 137, 161, 162, 138, 139, 163, 164, 140, 165]
99: [129, 159]
100: [130, 159]
101: [131, 159]
102: [132, 159]
103: [133, 159]
104: [134, 159]
105: [135, 159]
106: [136, 159]
107: [137, 159]
108: [138, 159]
109: [139, 159]
110: [140, 159]
111: [165, 160, 161, 162, 163, 164, 159, 128]
112: [128, 129, 130, 131, 132, 133, 134, 135, 136, 160, 137, 161, 162, 138, 139, 163, 164, 140, 165]
113: [129, 160]
114: [130, 160]
115: [131, 160]
116: [132, 160]
117: [133, 160]
118: [134, 160]
119: [135, 160]
120: [136, 160]
121: [137, 160]
122: [138, 160]
123: [139, 160]
124: [140, 160]
125: [165, 160, 161, 162, 163, 164, 128]
126: [128, 129, 130, 131, 132, 133, 134, 135, 136, 137, 161, 162, 138, 139, 163, 164, 140, 165]
127: [129, 161]
128: [130, 161]
129: [131, 161]
130: [132, 161]
131: [133, 161]
132: [134, 161]
133: [135, 161]
134: [136, 161]
135: [137, 161]
136: [138, 161]
137: [139, 161]
138: [140, 161]
139: [165, 161, 162, 163, 164, 128]
140: [128, 129, 130, 131, 132, 133, 134, 135, 136, 137, 162, 138, 139, 163, 164, 140, 165]
141: [129, 162]
142: [130, 162]
143: [131, 162]
144: [132, 162]
145: [133, 162]
146: [134, 162]
147: [135, 162]
148: [136, 162]
149: [137, 162]
150: [138, 162]
151: [139, 162]
152: [140, 162]
153: [165, 162, 163, 164, 128]
154: [128, 129, 130, 131, 132, 133, 134, 135, 136, 137, 138, 139, 163, 164, 140, 165]
155: [129, 163]
156: [130, 163]
157: [131, 163]
158: [132, 163]
159: [133, 163]
160: [134, 163]
161: [135, 163]
162: [136, 163]
163: [137, 163]
164: [138, 163]
165: [139, 163]
166: [140, 163]
167: [165, 163, 164, 128]
168: [128, 129, 130, 131, 132, 133, 134, 135, 136, 137, 138, 139, 164, 140, 165]
169: [129, 164]
170: [130, 164]
171: [131, 164]
172: [132, 164]
173: [133, 164]
174: [134, 164]
175: [135, 164]
176: [136, 164]
177: [137, 164]
178: [138, 164]
179: [139, 164]
180: [140, 164]
181: [165, 128, 164]
182: [128, 129, 130, 131, 132, 133, 134, 135, 136, 137, 138, 139, 140, 165]
183: [128, 129, 130, 131, 132, 133, 134, 135, 136, 137, 138, 139, 140, 165]
184: [128, 130, 131, 132, 133, 134, 135, 136, 137, 138, 139, 140, 165]
185: [128, 131, 132, 133, 134, 135, 136, 137, 138, 139, 140, 165]
186: [128, 132, 133, 134, 135, 136, 137, 138, 139, 140, 165]
187: [128, 133, 134, 135, 136, 137, 138, 139, 140, 165]
188: [128, 134, 135, 136, 137, 138, 139, 140, 165]
189: [128, 135, 136, 137, 138, 139, 140, 165]
190: [128, 136, 137, 138, 139, 140, 165]
191: [128, 137, 138, 139, 140, 165]
192: [128, 138, 139, 140, 165]
193: [128, 139, 140, 165]
194: [128, 140, 165]
195: [128, 165]
15
0: [153, 129]
1: [141, 153, 129]
2: [141, 153]
3: [141, 153]
4: [141, 153]
5: [141, 153]
6: [141, 153]
7: [141, 153]
8: [141, 153]
9: [141, 153]
10: [141, 153]
11: [141, 153]
12: [141, 153]
13: [141, 153]
14: [153, 129, 165]
15: []
16: [88, 89, 90, 91, 92, 93, 94, 95, 96, 97, 108, 109, 110, 111, 112, 113, 114, 115, 116, 117, 87]
17: [89, 90, 91, 92, 93, 94, 95, 96, 97, 108, 109, 110, 111, 112, 113, 114, 115, 116, 117, 87]
18: [96, 97, 108, 109, 110, 111, 112, 113, 114, 115, 116, 117, 90, 91, 92, 93, 94, 95, 87]
19: [96, 97, 108, 109, 110, 111, 112, 113, 114, 115, 116, 117, 91, 92, 93, 94, 95, 87]
20: [96, 97, 108, 109, 110, 111, 112, 113, 114, 115, 116, 117, 92, 93, 94, 95, 87]
21: [96, 97, 108, 109, 110, 111, 112, 113, 114, 115, 116, 117, 93, 94, 95, 87]
22: [96, 97, 108, 109, 110, 111, 112, 113, 114, 115, 116, 117, 94, 95, 87]
23: [96, 97, 108, 109, 110, 111, 112, 113, 114, 115, 116, 117, 95, 87]
24: [96, 97, 108, 109, 110, 111, 112, 113, 114, 115, 116, 117, 87]
25: [97, 108, 109, 110, 111, 112, 113, 114, 115, 116, 117, 87]
26: [108, 109, 110, 111, 112, 113, 114, 115, 116, 117, 87]
27: [165, 141, 153]
28: [129, 165]
29: [87, 88, 108, 89, 109, 90, 110, 91, 111, 112, 92, 113, 93, 114, 94, 115, 95, 96, 116, 97, 117]
30: [88, 108]
31: [89, 108]
32: [90, 108]
33: [91, 108]
34: [92, 108]
35: [93, 108]
36: [94, 108]
37: [95, 108]
38: [96, 108]
39: [97, 108]
40: [108, 109, 110, 111, 112, 113, 114, 115, 116, 117, 87]
41: [165, 141]
42: [129, 165]
43: [87, 88, 89, 109, 90, 110, 91, 111, 112, 92, 113, 93, 114, 94, 115, 95, 96, 116, 97, 117]
44: [88, 109]
45: [89, 109]
46: [90, 109]
47: [91, 109]
48: [92, 109]
49: [93, 109]
50: [94, 109]
51: [95, 109]
52: [96, 109]
53: [97, 109]
54: [109, 110, 111, 112, 113, 114, 115, 116, 117, 87]
55: [165, 141]
56: [129, 165]
57: [87, 88, 89, 90, 110, 91, 111, 112, 92, 113, 93, 114, 94, 115, 95, 96, 116, 97, 117]
58: [88, 110]
59: [89, 110]
60: [90, 110]
61: [91, 110]
62: [92, 110]
63: [93, 110]
64: [94, 110]
65: [95, 110]
66: [96, 110]
67: [97, 110]
68: [110, 111, 112, 113, 114, 115, 116, 117, 87]
69: [165, 141]
70: [129, 165]
71: [87, 88, 89, 90, 91, 111, 112, 92, 113, 93, 114, 94, 115, 95, 96, 116, 97, 117]
72: [88, 111]
73: [89, 111]
74: [90, 111]
75: [91, 111]
76: [92, 111]
77: [93, 111]
78: [94, 111]
79: [95, 111]
80: [96, 111]
81: [97, 111]
82: [111, 112, 113, 114, 115, 116, 117, 87]
83: [165, 141]
84: [129, 165]
85: [87, 88, 89, 90, 91, 112, 92, 113, 93, 114, 94, 115, 95, 96, 116, 97, 117]
86: [88, 112]
87: [89, 112]
88: [90, 112]
89: [91, 112]
90: [92, 112]
91: [93, 112]
92: [94, 112]
93: [95, 112]
94: [96, 112]
95: [97, 112]
96: [112, 113, 114, 115, 116, 117, 87]
97: [165, 141]
98: [129, 165]
99: [87, 88, 89, 90, 91, 92, 113, 93, 114, 94, 115, 95, 96, 116, 97, 117]
100: [88, 113]
101: [89, 113]
102: [90, 113]
103: [91, 113]
104: [92, 113]
105: [93, 113]
106: [94, 113]
107: [95, 113]
108: [96, 113]
109: [97, 113]
110: [113, 114, 115, 116, 117, 87]
111: [165, 141]
112: [129, 165]
113: [87, 88, 89, 90, 91, 92, 93, 114, 94, 115, 95, 96, 116, 97, 117]
114: [88, 114]
115: [89, 114]
116: [90, 114]
117: [91, 114]
118: [92, 114]
119: [93, 114]
120: [94, 114]
121: [95, 114]
122: [96, 114]
123: [97, 114]
124: [114, 115, 116, 117, 87]
125: [165, 141]
126: [129, 165]
127: [87, 88, 89, 90, 91, 92, 93, 94, 115, 95, 96, 116, 97, 117]
128: [88, 115]
129: [89, 115]
130: [90, 115]
131: [91, 115]
132: [92, 115]
133: [93, 115]
134: [94, 115]
135: [95, 115]
136: [96, 115]
137: [97, 115]
138: [115, 116, 117, 87]
139: [165, 141]
140: [129, 165]
141: [87, 88, 89, 90, 91, 92, 93, 94, 95, 96, 116, 97, 117]
142: [88, 116]
143: [89, 116]
144: [90, 116]
145: [91, 116]
146: [92, 116]
147: [93, 116]
148: [94, 116]
149: [95, 116]
150: [96, 116]
151: [97, 116]
152: [116, 117, 87]
153: [165, 141]
154: [129, 165]
155: [87, 88, 89, 90, 91, 92, 93, 94, 95, 96, 97, 117]
156: [88, 117]
157: [89, 117]
158: [90, 117]
159: [91, 117]
160: [92, 117]
161: [93, 117]
162: [94, 117]
163: [95, 117]
164: [96, 117]
165: [97, 117]
166: [117, 87]
167: [165, 141]
168: [129, 165]
169: [87, 88, 89, 90, 91, 92, 93, 94, 95, 96, 97]
170: [88, 87, 89, 90, 91, 92, 93, 94, 95, 96, 97]
171: [89, 87, 90, 91, 92, 93, 94, 95, 96, 97]
172: [90, 87, 91, 92, 93, 94, 95, 96, 97]
173: [91, 87, 92, 93, 94, 95, 96, 97]
174: [92, 87, 93, 94, 95, 96, 97]
175: [93, 87, 94, 95, 96, 97]
176: [94, 87, 95, 96, 97]
177: [95, 87, 96, 97]
178: [96, 87, 97]
179: [97, 87]
180: [87]
181: [165, 141]
182: [129, 165]
183: [129, 165, 141]
184: [165, 141]
185: [165, 141]
186: [165, 141]
187: [165, 141]
188: [165, 141]
189: [165, 141]
190: [165, 141]
191: [165, 141]
192: [165, 141]
193: [165, 141]
194: [165, 141]
195: [165, 141]
16
0: [153, 130]
1: [153, 130]
2: [142, 153, 130]
3: [142, 153]
4: [142, 153]
5: [142, 153]
6: [142, 153]
7: [142, 153]
8: [142, 153]
9: [142, 153]
10: [142, 153]
11: [142, 153]
12: [142, 153]
13: [142, 153]
14: [153, 130, 165]
15: [87, 88, 108, 89, 109, 90, 110, 91, 111, 112, 92, 113, 93, 114, 94, 115, 95, 96, 116, 97, 117]
16: []
17: [89, 90, 91, 92, 93, 94, 95, 96, 97, 98, 108, 109, 110, 111, 112, 113, 114, 115, 116, 117, 87]
18: [90, 91, 92, 93, 94, 95, 96, 97, 98, 108, 109, 110, 111, 112, 113, 114, 115, 116, 117, 87]
19: [96, 97, 98, 108, 109, 110, 111, 112, 113, 114, 115, 116, 117, 91, 92, 93, 94, 95, 87]
20: [96, 97, 98, 108, 109, 110, 111, 112, 113, 114, 115, 116, 117, 92, 93, 94, 95, 87]
21: [96, 97, 98, 108, 109, 110, 111, 112, 113, 114, 115, 116, 117, 93, 94, 95, 87]
22: [96, 97, 98, 108, 109, 110, 111, 112, 113, 114, 115, 116, 117, 94, 95, 87]
23: [96, 97, 98, 108, 109, 110, 111, 112, 113, 114, 115, 116, 117, 95, 87]
24: [96, 97, 98, 108, 109, 110, 111, 112, 113, 114, 115, 116, 117, 87]
25: [97, 98, 108, 109, 110, 111, 112, 113, 114, 115, 116, 117, 87]
26: [98, 108, 109, 110, 111, 112, 113, 114, 115, 116, 117, 87]
27: [165, 142, 153]
28: [130, 165]
29: [87, 88, 108, 89, 109, 90, 110, 91, 111, 112, 92, 113, 93, 114, 94, 115, 95, 96, 116, 97, 117]
30: [88, 108, 98]
31: [89, 108]
32: [90, 108]
33: [91, 108]
34: [92, 108]
35: [93, 108]
36: [94, 108]
37: [95, 108]
38: [96, 108]
39: [97, 108]
40: [98, 108, 109, 110, 111, 112, 113, 114, 115, 116, 117, 87]
41: [165, 142]
42: [130, 165]
43: [87, 88, 89, 109, 90, 110, 91, 111, 112, 92, 113, 93, 114, 94, 115, 95, 96, 116, 97, 117]
44: [88, 109, 98]
45: [89, 109]
46: [90, 109]
47: [91, 109]
48: [92, 109]
49: [93, 109]
50: [94, 109]
51: [95, 109]
52: [96, 109]
53: [97, 109]
54: [98, 109, 110, 111, 112, 113, 114, 115, 116, 117, 87]
55: [165, 142]
56: [130, 165]
57: [87, 88, 89, 90, 110, 91, 111, 112, 92, 113, 93, 114, 94, 115, 95, 96, 116, 97, 117]
58: [88, 110, 98]
59: [89, 110]
60: [90, 110]
61: [91, 110]
62: [92, 110]
63: [93, 110]
64: [94, 110]
65: [95, 110]
66: [96, 110]
67: [97, 110]
68: [98, 110, 111, 112, 113, 114, 115, 116, 117, 87]
69: [165, 142]
70: [130, 165]
71: [87, 88, 89, 90, 91, 111, 112, 92, 113, 93, 114, 94, 115, 95, 96, 116, 97, 117]
72: [88, 111, 98]
73: [89, 111]
74: [90, 111]
75: [91, 111]
76: [92, 111]
77: [93, 111]
78: [94, 111]
79: [95, 111]
80: [96, 111]
81: [97, 111]
82: [98, 111, 112, 113, 114, 115, 116, 117, 87]
83: [165, 142]
84: [130, 165]
85: [87, 88, 89, 90, 91, 112, 92, 113, 93, 114, 94, 115, 95, 96, 116, 97, 117]
86: [88, 112, 98]
87: [89, 112]
88: [90, 112]
89: [91, 112]
90: [92, 112]
91: [93, 112]
92: [94, 112]
93: [95, 112]
94: [96, 112]
95: [97, 112]
96: [98, 112, 113, 114, 115, 116, 117, 87]
97: [165, 142]
98: [130, 165]
99: [87, 88, 89, 90, 91, 92, 113, 93, 114, 94, 115, 95, 96, 116, 97, 117]
100: [88, 113, 98]
101: [89, 113]
102: [90, 113]
103: [91, 113]
104: [92, 113]
105: [93, 113]
106: [94, 113]
107: [95, 113]
108: [96, 113]
109: [97, 113]
110: [98, 113, 114, 115, 116, 117, 87]
111: [165, 142]
112: [130, 165]
113: [87, 88, 89, 90, 91, 92, 93, 114, 94, 115, 95, 96, 116, 97, 117]
114: [88, 114, 98]
115: [89, 114]
116: [90, 114]
117: [91, 114]
118: [92, 114]
119: [93, 114]
120: [94, 114]
121: [95, 114]
122: [96, 114]
123: [97, 114]
124: [98, 114, 115, 116, 117, 87]
125: [165, 142]
126: [130, 165]
127: [87, 88, 89, 90, 91, 92, 93, 94, 115, 95, 96, 116, 97, 117]
128: [88, 115, 98]
129: [89, 115]
130: [90, 115]
131: [91, 115]
132: [92, 115]
133: [93, 115]
134: [94, 115]
135: [95, 115]
136: [96, 115]
137: [97, 115]
138: [98, 115, 116, 117, 87]
139: [165, 142]
140: [130, 165]
141: [87, 88, 89, 90, 91, 92, 93, 94, 95, 96, 116, 97, 117]
142: [88, 116, 98]
143: [89, 116]
144: [90, 116]
145: [91, 116]
146: [92, 116]
147: [93, 116]
148: [94, 116]
149: [95, 116]
150: [96, 116]
151: [97, 116]
152: [98, 116, 117, 87]
153: [165, 142]
154: [130, 165]
155: [87, 88, 89, 90, 91, 92, 93, 94, 95, 96, 97, 117]
156: [88, 117, 98]
157: [89, 117]
158: [90, 117]
159: [91, 117]
160: [92, 117]
161: [93, 117]
162: [94, 117]
163: [95, 117]
164: [96, 117]
165: [97, 117]
166: [98, 117, 87]
167: [165, 142]
168: [130, 165]
169: [88, 87, 89, 90, 91, 92, 93, 94, 95, 96, 97]
170: [88, 89, 87, 90, 91, 92, 93, 94, 95, 96, 97, 98]
171: [89, 90, 87, 91, 92, 93, 94, 95, 96, 97, 98]
172: [90, 91, 87, 92, 93, 94, 95, 96, 97, 98]
173: [91, 92, 87, 93, 94, 95, 96, 97, 98]
174: [92, 93, 87, 94, 95, 96, 97, 98]
175: [93, 94, 87, 95, 96, 97, 98]
176: [94, 95, 87, 96, 97, 98]
177: [95, 96, 87, 97, 98]
178: [96, 97, 87, 98]
179: [97, 98, 87]
180: [98, 87]
181: [165, 142]
182: [130, 165]
183: [130, 165]
184: [130, 165, 142]
185: [165, 142]
186: [165, 142]
187: [165, 142]
188: [165, 142]
189: [165, 142]
190: [165, 142]
191: [165, 142]
192: [165, 142]
193: [165, 142]
194: [165, 142]
195: [165, 142]
17
0: [153, 131]
1: [153, 131]
2: [153, 131]
3: [143, 153, 131]
4: [143, 153]
5: [143, 153]
6: [143, 153]
7: [143, 153]
8: [143, 153]
9: [143, 153]
10: [143, 153]
11: [143, 153]
12: [143, 153]
13: [143, 153]
14: [153, 131, 165]
15: [87, 108, 89, 109, 90, 110, 91, 111, 112, 92, 113, 93, 114, 94, 115, 95, 96, 116, 97, 117]
16: [87, 108, 89, 109, 90, 110, 91, 111, 112, 92, 113, 93, 114, 94, 115, 95, 96, 116, 97, 98, 117]
17: []
18: [90, 91, 92, 93, 94, 95, 96, 97, 98, 99, 108, 109, 110, 111, 112, 113, 114, 115, 116, 117, 87]
19: [91, 92, 93, 94, 95, 96, 97, 98, 99, 108, 109, 110, 111, 112, 113, 114, 115, 116, 117, 87]
20: [96, 97, 98, 99, 108, 109, 110, 111, 112, 113, 114, 115, 116, 117, 92, 93, 94, 95, 87]
21: [96, 97, 98, 99, 108, 109, 110, 111, 112, 113, 114, 115, 116, 117, 93, 94, 95, 87]
22: [96, 97, 98, 99, 108, 109, 110, 111, 112, 113, 114, 115, 116, 117, 94, 95, 87]
23: [96, 97, 98, 99, 108, 109, 110, 111, 112, 113, 114, 115, 116, 117, 95, 87]
24: [96, 97, 98, 99, 108, 109, 110, 111, 112, 113, 114, 115, 116, 117, 87]
25: [97, 98, 99, 108, 109, 110, 111, 112, 113, 114, 115, 116, 117, 87]
26: [98, 99, 108, 109, 110, 111, 112, 113, 114, 115, 116, 117, 87]
27: [165, 143, 153]
28: [131, 165]
29: [87, 108, 89, 109, 90, 110, 91, 111, 112, 92, 113, 93, 114, 94, 115, 95, 96, 116, 97, 117]
30: [108, 98]
31: [89, 108, 99]
32: [90, 108]
33: [91, 108]
34: [92, 108]
35: [93, 108]
36: [94, 108]
37: [95, 108]
38: [96, 108]
39: [97, 108]
40: [98, 99, 108, 109, 110, 111, 112, 113, 114, 115, 116, 117, 87]
41: [165, 143]
42: [131, 165]
43: [87, 89, 109, 90, 110, 91, 111, 112, 92, 113, 93, 114, 94, 115, 95, 96, 116, 97, 117]
44: [109, 98]
45: [89, 109, 99]
46: [90, 109]
47: [91, 109]
48: [92, 109]
49: [93, 109]
50: [94, 109]
51: [95, 109]
52: [96, 109]
53: [97, 109]
54: [98, 99, 109, 110, 111, 112, 113, 114, 115, 116, 117, 87]
55: [165, 143]
56: [131, 165]
57: [87, 89, 90, 110, 91, 111, 112, 92, 113, 93, 114, 94, 115, 95, 96, 116, 97, 117]
58: [110, 98]
59: [89, 110, 99]
60: [90, 110]
61: [91, 110]
62: [92, 110]
63: [93, 110]
64: [94, 110]
65: [95, 110]
66: [96, 110]
67: [97, 110]
68: [98, 99, 110, 111, 112, 113, 114, 115, 116, 117, 87]
69: [165, 143]
70: [131, 165]
71: [87, 89, 90, 91, 111, 112, 92, 113, 93, 114, 94, 115, 95, 96, 116, 97, 117]
72: [111, 98]
73: [89, 111, 99]
74: [90, 111]
75: [91, 111]
76: [92, 111]
77: [93, 111]
78: [94, 111]
79: [95, 111]
80: [96, 111]
81: [97, 111]
82: [98, 99, 111, 112, 113, 114, 115, 116, 117, 87]
83: [165, 143]
84: [131, 165]
85: [87, 89, 90, 91, 112, 92, 113, 93, 114, 94, 115, 95, 96, 116, 97, 117]
86: [112, 98]
87: [89, 112, 99]
88: [90, 112]
89: [91, 112]
90: [92, 112]
91: [93, 112]
92: [94, 112]
93: [95, 112]
94: [96, 112]
95: [97, 112]
96: [98, 99, 112, 113, 114, 115, 116, 117, 87]
97: [165, 143]
98: [131, 165]
99: [87, 89, 90, 91, 92, 113, 93, 114, 94, 115, 95, 96, 116, 97, 117]
100: [113, 98]
101: [89, 113, 99]
102: [90, 113]
103: [91, 113]
104: [92, 113]
105: [93, 113]
106: [94, 113]
107: [95, 113]
108: [96, 113]
109: [97, 113]
110: [98, 99, 113, 114, 115, 116, 117, 87]
111: [165, 143]
112: [131, 165]
113: [87, 89, 90, 91, 92, 93, 114, 94, 115, 95, 96, 116, 97, 117]
114: [114, 98]
115: [89, 114, 99]
116: [90, 114]
117: [91, 114]
118: [92, 114]
119: [93, 114]
120: [94, 114]
121: [95, 114]
122: [96, 114]
123: [97, 114]
124: [98, 99, 114, 115, 116, 117, 87]
125: [165, 143]
126: [131, 165]
127: [87, 89, 90, 91, 92, 93, 94, 115, 95, 96, 116, 97, 117]
128: [115, 98]
129: [89, 115, 99]
130: [90, 115]
131: [91, 115]
132: [92, 115]
133: [93, 115]
134: [94, 115]
135: [95, 115]
136: [96, 115]
137: [97, 115]
138: [98, 99, 115, 116, 117, 87]
139: [165, 143]
140: [131, 165]
141: [87, 89, 90, 91, 92, 93, 94, 95, 96, 116, 97, 117]
142: [116, 98]
143: [89, 116, 99]
144: [90, 116]
145: [91, 116]
146: [92, 116]
147: [93, 116]
148: [94, 116]
149: [95, 116]
150: [96, 116]
151: [97, 116]
152: [98, 99, 116, 117, 87]
153: [165, 143]
154: [131, 165]
155: [87, 89, 90, 91, 92, 93, 94, 95, 96, 97, 117]
156: [117, 98]
157: [89, 117, 99]
158: [90, 117]
159: [91, 117]
160: [92, 117]
161: [93, 117]
162: [94, 117]
163: [95, 117]
164: [96, 117]
165: [97, 117]
166: [98, 99, 117, 87]
167: [165, 143]
168: [131, 165]
169: [89, 87, 90, 91, 92, 93, 94, 95, 96, 97]
170: [89, 90, 87, 91, 92, 93, 94, 95, 96, 97, 98]
171: [89, 90, 91, 87, 92, 93, 94, 95, 96, 97, 98, 99]
172: [90, 91, 92, 87, 93, 94, 95, 96, 97, 98, 99]
173: [91, 92, 93, 87, 94, 95, 96, 97, 98, 99]
174: [92, 93, 94, 87, 95, 96, 97, 98, 99]
175: [93, 94, 95, 87, 96, 97, 98, 99]
176: [94, 95, 96, 87, 97, 98, 99]
177: [95, 96, 97, 87, 98, 99]
178: [96, 97, 98, 99, 87]
179: [97, 98, 99, 87]
180: [98, 99, 87]
181: [165, 143]
182: [131, 165]
183: [131, 165]
184: [131, 165]
185: [131, 165, 143]
186: [165, 143]
187: [165, 143]
188: [165, 143]
189: [165, 143]
190: [165, 143]
191: [165, 143]
192: [165, 143]
193: [165, 143]
194: [165, 143]
195: [165, 143]
18
0: [153, 132]
1: [153, 132]
2: [153, 132]
3: [153, 132]
4: [144, 153, 132]
5: [144, 153]
6: [144, 153]
7: [144, 153]
8: [144, 153]
9: [144, 153]
10: [144, 153]
11: [144, 153]
12: [144, 153]
13: [144, 153]
14: [153, 132, 165]
15: [87, 108, 109, 90, 110, 91, 111, 112, 92, 113, 93, 114, 94, 115, 95, 96, 116, 97, 117]
16: [87, 108, 109, 90, 110, 91, 111, 112, 92, 113, 93, 114, 94, 115, 95, 96, 116, 97, 98, 117]
17: [87, 108, 109, 90, 110, 91, 111, 112, 92, 113, 93, 114, 94, 115, 95, 96, 99, 116, 97, 98, 117]
18: []
19: [91, 92, 93, 94, 95, 96, 97, 98, 99, 100, 108, 109, 110, 111, 112, 113, 114, 115, 116, 117, 87]
20: [92, 93, 94, 95, 96, 97, 98, 99, 100, 108, 109, 110, 111, 112, 113, 114, 115, 116, 117, 87]
21: [96, 97, 98, 99, 100, 108, 109, 110, 111, 112, 113, 114, 115, 116, 117, 93, 94, 95, 87]
22: [96, 97, 98, 99, 100, 108, 109, 110, 111, 112, 113, 114, 115, 116, 117, 94, 95, 87]
23: [96, 97, 98, 99, 100, 108, 109, 110, 111, 112, 113, 114, 115, 116, 117, 95, 87]
24: [96, 97, 98, 99, 100, 108, 109, 110, 111, 112, 113, 114, 115, 116, 117, 87]
25: [97, 98, 99, 100, 108, 109, 110, 111, 112, 113, 114, 115, 116, 117, 87]
26: [98, 99, 100, 108, 109, 110, 111, 112, 113, 114, 115, 116, 117, 87]
27: [165, 144, 153]
28: [132, 165]
29: [87, 108, 109, 90, 110, 91, 111, 112, 92, 113, 93, 114, 94, 115, 95, 96, 116, 97, 117]
30: [108, 98]
31: [108, 99]
32: [90, 108, 100]
33: [91, 108]
34: [92, 108]
35: [93, 108]
36: [94, 108]
37: [95, 108]
38: [96, 108]
39: [97, 108]
40: [98, 99, 100, 108, 109, 110, 111, 112, 113, 114, 115, 116, 117, 87]
41: [165, 144]
42: [132, 165]
43: [87, 109, 90, 110, 91, 111, 112, 92, 113, 93, 114, 94, 115, 95, 96, 116, 97, 117]
44: [109, 98]
45: [109, 99]
46: [90, 109, 100]
47: [91, 109]
48: [92, 109]
49: [93, 109]
50: [94, 109]
51: [95, 109]
52: [96, 109]
53: [97, 109]
54: [98, 99, 100, 109, 110, 111, 112, 113, 114, 115, 116, 117, 87]
55: [165, 144]
56: [132, 165]
57: [87, 90, 110, 91, 111, 112, 92, 113, 93, 114, 94, 115, 95, 96, 116, 97, 117]
58: [110, 98]
59: [110, 99]
60: [90, 110, 100]
61: [91, 110]
62: [92, 110]
63: [93, 110]
64: [94, 110]
65: [95, 110]
66: [96, 110]
67: [97, 110]
68: [98, 99, 100, 110, 111, 112, 113, 114, 115, 116, 117, 87]
69: [165, 144]
70: [132, 165]
71: [87, 90, 91, 111, 112, 92, 113, 93, 114, 94, 115, 95, 96, 116, 97, 117]
72: [111, 98]
73: [111, 99]
74: [90, 111, 100]
75: [91, 111]
76: [92, 111]
77: [93, 111]
78: [94, 111]
79: [95, 111]
80: [96, 111]
81: [97, 111]
82: [98, 99, 100, 111, 112, 113, 114, 115, 116, 117, 87]
83: [165, 144]
84: [132, 165]
85: [87, 90, 91, 112, 92, 113, 93, 114, 94, 115, 95, 96, 116, 97, 117]
86: [112, 98]
87: [112, 99]
88: [90, 112, 100]
89: [91, 112]
90: [92, 112]
91: [93, 112]
92: [94, 112]
93: [95, 112]
94: [96, 112]
95: [97, 112]
96: [98, 99, 100, 112, 113, 114, 115, 116, 117, 87]
97: [165, 144]
98: [132, 165]
99: [87, 90, 91, 92, 113, 93, 114, 94, 115, 95, 96, 116, 97, 117]
100: [113, 98]
101: [113, 99]
102: [90, 113, 100]
103: [91, 113]
104: [92, 113]
105: [93, 113]
106: [94, 113]
107: [95, 113]
108: [96, 113]
109: [97, 113]
110: [98, 99, 100, 113, 114, 115, 116, 117, 87]
111: [165, 144]
112: [132, 165]
113: [87, 90, 91, 92, 93, 114, 94, 115, 95, 96, 116, 97, 117]
114: [114, 98]
115: [114, 99]
116: [90, 114, 100]
117: [91, 114]
118: [92, 114]
119: [93, 114]
120: [94, 114]
121: [95, 114]
122: [96, 114]
123: [97, 114]
124: [98, 99, 100, 114, 115, 116, 117, 87]
125: [165, 144]
126: [132, 165]
127: [87, 90, 91, 92, 93, 94, 115, 95, 96, 116, 97, 117]
128: [115, 98]
129: [115, 99]
130: [90, 115, 100]
131: [91, 115]
132: [92, 115]
133: [93, 115]
134: [94, 115]
135: [95, 115]
136: [96, 115]
137: [97, 115]
138: [98, 99, 100, 115, 116, 117, 87]
139: [165, 144]
140: [132, 165]
141: [87, 90, 91, 92, 93, 94, 95, 96, 116, 97, 117]
142: [116, 98]
143: [116, 99]
144: [90, 116, 100]
145: [91, 116]
146: [92, 116]
147: [93, 116]
148: [94, 116]
149: [95, 116]
150: [96, 116]
151: [97, 116]
152: [98, 99, 100, 116, 117, 87]
153: [165, 144]
154: [132, 165]
155: [87, 90, 91, 92, 93, 94, 95, 96, 97, 117]
156: [117, 98]
157: [117, 99]
158: [90, 117, 100]
159: [91, 117]
160: [92, 117]
161: [93, 117]
162: [94, 117]
163: [95, 117]
164: [96, 117]
165: [97, 117]
166: [98, 99, 100, 117, 87]
167: [165, 144]
168: [132, 165]
169: [90, 87, 91, 92, 93, 94, 95, 96, 97]
170: [90, 91, 87, 92, 93, 94, 95, 96, 97, 98]
171: [90, 91, 92, 87, 93, 94, 95, 96, 97, 98, 99]
172: [90, 91, 92, 93, 87, 94, 95, 96, 97, 98, 99, 100]
173: [91, 92, 93, 94, 87, 95, 96, 97, 98, 99, 100]
174: [92, 93, 94, 95, 87, 96, 97, 98, 99, 100]
175: [93, 94, 95, 96, 87, 97, 98, 99, 100]
176: [94, 95, 96, 97, 87, 98, 99, 100]
177: [95, 96, 97, 98, 99, 100, 87]
178: [96, 97, 98, 99, 100, 87]
179: [97, 98, 99, 100, 87]
180: [98, 99, 100, 87]
181: [165, 144]
182: [132, 165]
183: [132, 165]
184: [132, 165]
185: [132, 165]
186: [132, 165, 144]
187: [165, 144]
188: [165, 144]
189: [165, 144]
190: [165, 144]
191: [165, 144]
192: [165, 144]
193: [165, 144]
194: [165, 144]
195: [165, 144]
19
0: [153, 133]
1: [153, 133]
2: [153, 133]
3: [153, 133]
4: [153, 133]
5: [145, 153, 133]
6: [145, 153]
7: [145, 153]
8: [145, 153]
9: [145, 153]
10: [145, 153]
11: [145, 153]
12: [145, 153]
13: [145, 153]
14: [153, 133, 165]
15: [87, 108, 109, 110, 91, 111, 112, 92, 113, 93, 114, 94, 115, 95, 96, 116, 97, 117]
16: [87, 108, 109, 110, 91, 111, 112, 92, 113, 93, 114, 94, 115, 95, 96, 116, 97, 98, 117]
17: [87, 108, 109, 110, 91, 111, 112, 92, 113, 93, 114, 94, 115, 95, 96, 99, 116, 97, 98, 117]
18: [87, 108, 109, 110, 91, 111, 112, 92, 113, 93, 114, 94, 115, 100, 95, 96, 99, 116, 97, 98, 117]
19: []
20: [92, 93, 94, 95, 96, 97, 98, 99, 100, 101, 108, 109, 110, 111, 112, 113, 114, 115, 116, 117, 87]
21: [93, 94, 95, 96, 97, 98, 99, 100, 101, 108, 109, 110, 111, 112, 113, 114, 115, 116, 117, 87]
22: [96, 97, 98, 99, 100, 101, 108, 109, 110, 111, 112, 113, 114, 115, 116, 117, 94, 95, 87]
23: [96, 97, 98, 99, 100, 101, 108, 109, 110, 111, 112, 113, 114, 115, 116, 117, 95, 87]
24: [96, 97, 98, 99, 100, 101, 108, 109, 110, 111, 112, 113, 114, 115, 116, 117, 87]
25: [97, 98, 99, 100, 101, 108, 109, 110, 111, 112, 113, 114, 115, 116, 117, 87]
26: [98, 99, 100, 101, 108, 109, 110, 111, 112, 113, 114, 115, 116, 117, 87]
27: [165, 145, 153]
28: [133, 165]
29: [87, 108, 109, 110, 91, 111, 112, 92, 113, 93, 114, 94, 115, 95, 96, 116, 97, 117]
30: [108, 98]
31: [108, 99]
32: [108, 100]
33: [91, 108, 101]
34: [92, 108]
35: [93, 108]
36: [94, 108]
37: [95, 108]
38: [96, 108]
39: [97, 108]
40: [98, 99, 100, 101, 108, 109, 110, 111, 112, 113, 114, 115, 116, 117, 87]
41: [165, 145]
42: [133, 165]
43: [87, 109, 110, 91, 111, 112, 92, 113, 93, 114, 94, 115, 95, 96, 116, 97, 117]
44: [109, 98]
45: [109, 99]
46: [109, 100]
47: [91, 109, 101]
48: [92, 109]
49: [93, 109]
50: [94, 109]
51: [95, 109]
52: [96, 109]
53: [97, 109]
54: [98, 99, 100, 101, 109, 110, 111, 112, 113, 114, 115, 116, 117, 87]
55: [165, 145]
56: [133, 165]
57: [87, 110, 91, 111, 112, 92, 113, 93, 114, 94, 115, 95, 96, 116, 97, 117]
58: [110, 98]
59: [110, 99]
60: [110, 100]
61: [91, 110, 101]
62: [92, 110]
63: [93, 110]
64: [94, 110]
65: [95, 110]
66: [96, 110]
67: [97, 110]
68: [98, 99, 100, 101, 110, 111, 112, 113, 114, 115, 116, 117, 87]
69: [165, 145]
70: [133, 165]
71: [87, 91, 111, 112, 92, 113, 93, 114, 94, 115, 95, 96, 116, 97, 117]
72: [111, 98]
73: [111, 99]
74: [111, 100]
75: [91, 111, 101]
76: [92, 111]
77: [93, 111]
78: [94, 111]
79: [95, 111]
80: [96, 111]
81: [97, 111]
82: [98, 99, 100, 101, 111, 112, 113, 114, 115, 116, 117, 87]
83: [165, 145]
84: [133, 165]
85: [87, 91, 112, 92, 113, 93, 114, 94, 115, 95, 96, 116, 97, 117]
86: [112, 98]
87: [112, 99]
88: [112, 100]
89: [91, 112, 101]
90: [92, 112]
91: [93, 112]
92: [94, 112]
93: [95, 112]
94: [96, 112]
95: [97, 112]
96: [98, 99, 100, 101, 112, 113, 114, 115, 116, 117, 87]
97: [165, 145]
98: [133, 165]
99: [87, 91, 92, 113, 93, 114, 94, 115, 95, 96, 116, 97, 117]
100: [113, 98]
101: [113, 99]
102: [113, 100]
103: [91, 113, 101]
104: [92, 113]
105: [93, 113]
106: [94, 113]
107: [95, 113]
108: [96, 113]
109: [97, 113]
110: [98, 99, 100, 101, 113, 114, 115, 116, 117, 87]
111: [165, 145]
112: [133, 165]
113: [87, 91, 92, 93, 114, 94, 115, 95, 96, 116, 97, 117]
114: [114, 98]
115: [114, 99]
116: [114, 100]
117: [91, 114, 101]
118: [92, 114]
119: [93, 114]
120: [94, 114]
121: [95, 114]
122: [96, 114]
123: [97, 114]
124: [98, 99, 100, 101, 114, 115, 116, 117, 87]
125: [165, 145]
126: [133, 165]
127: [87, 91, 92, 93, 94, 115, 95, 96, 116, 97, 117]
128: [115, 98]
129: [115, 99]
130: [115, 100]
131: [91, 115, 101]
132: [92, 115]
133: [93, 115]
134: [94, 115]
135: [95, 115]
136: [96, 115]
137: [97, 115]
138: [98, 99, 100, 101, 115, 116, 117, 87]
139: [165, 145]
140: [133, 165]
141: [87, 91, 92, 93, 94, 95, 96, 116, 97, 117]
142: [116, 98]
143: [116, 99]
144: [116, 100]
145: [91, 116, 101]
146: [92, 116]
147: [93, 116]
148: [94, 116]
149: [95, 116]
150: [96, 116]
151: [97, 116]
152: [98, 99, 100, 101, 116, 117, 87]
153: [165, 145]
154: [133, 165]
155: [87, 91, 92, 93, 94, 95, 96, 97, 117]
156: [117, 98]
157: [117, 99]
158: [117, 100]
159: [91, 117, 101]
160: [92, 117]
161: [93, 117]
162: [94, 117]
163: [95, 117]
164: [96, 117]
165: [97, 117]
166: [98, 99, 100, 101, 117, 87]
167: [165, 145]
168: [133, 165]
169: [91, 87, 92, 93, 94, 95, 96, 97]
170: [91, 92, 87, 93, 94, 95, 96, 97, 98]
171: [91, 92, 93, 87, 94, 95, 96, 97, 98, 99]
172: [91, 92, 93, 94, 87, 95, 96, 97, 98, 99, 100]
173: [91, 92, 93, 94, 95, 87, 96, 97, 98, 99, 100, 101]
174: [92, 93, 94, 95, 96, 87, 97, 98, 99, 100, 101]
175: [93, 94, 95, 96, 97, 87, 98, 99, 100, 101]
176: [94, 95, 96, 97, 98, 99, 100, 101, 87]
177: [95, 96, 97, 98, 99, 100, 101, 87]
178: [96, 97, 98, 99, 100, 101, 87]
179: [97, 98, 99, 100, 101, 87]
180: [98, 99, 100, 101, 87]
181: [165, 145]
182: [133, 165]
183: [133, 165]
184: [133, 165]
185: [133, 165]
186: [133, 165]
187: [133, 165, 145]
188: [165, 145]
189: [165, 145]
190: [165, 145]
191: [165, 145]
192: [165, 145]
193: [165, 145]
194: [165, 145]
195: [165, 145]
20
0: [153, 134]
1: [153, 134]
2: [153, 134]
3: [153, 134]
4: [153, 134]
5: [153, 134]
6: [146, 153, 134]
7: [146, 153]
8: [146, 153]
9: [146, 153]
10: [146, 153]
11: [146, 153]
12: [146, 153]
13: [146, 153]
14: [153, 134, 165]
15: [87, 108, 109, 110, 111, 112, 92, 113, 93, 114, 94, 115, 95, 96, 116, 97, 117]
16: [87, 108, 109, 110, 111, 112, 92, 113, 93, 114, 94, 115, 95, 96, 116, 97, 98, 117]
17: [87, 108, 109, 110, 111, 112, 92, 113, 93, 114, 94, 115, 95, 96, 99, 116, 97, 98, 117]
18: [87, 108, 109, 110, 111, 112, 92, 113, 93, 114, 94, 115, 100, 95, 96, 99, 116, 97, 98, 117]
19: [87, 108, 109, 110, 111, 112, 92, 113, 93, 114, 101, 94, 115, 100, 95, 96, 99, 116, 97, 98, 117]
20: []
21: [93, 94, 95, 96, 97, 98, 99, 100, 101, 102, 108, 109, 110, 111, 112, 113, 114, 115, 116, 117, 87]
22: [94, 95, 96, 97, 98, 99, 100, 101, 102, 108, 109, 110, 111, 112, 113, 114, 115, 116, 117, 87]
23: [96, 97, 98, 99, 100, 101, 102, 108, 109, 110, 111, 112, 113, 114, 115, 116, 117, 95, 87]
24: [96, 97, 98, 99, 100, 101, 102, 108, 109, 110, 111, 112, 113, 114, 115, 116, 117, 87]
25: [97, 98, 99, 100, 101, 102, 108, 109, 110, 111, 112, 113, 114, 115, 116, 117, 87]
26: [98, 99, 100, 101, 102, 108, 109, 110, 111, 112, 113, 114, 115, 116, 117, 87]
27: [165, 146, 153]
28: [134, 165]
29: [87, 108, 109, 110, 111, 112, 92, 113, 93, 114, 94, 115, 95, 96, 116, 97, 117]
30: [108, 98]
31: [108, 99]
32: [108, 100]
33: [108, 101]
34: [92, 108, 102]
35: [93, 108]
36: [94, 108]
37: [95, 108]
38: [96, 108]
39: [97, 108]
40: [98, 99, 100, 101, 102, 108, 109, 110, 111, 112, 113, 114, 115, 116, 117, 87]
41: [165, 146]
42: [134, 165]
43: [87, 109, 110, 111, 112, 92, 113, 93, 114, 94, 115, 95, 96, 116, 97, 117]
44: [109, 98]
45: [109, 99]
46: [109, 100]
47: [109, 101]
48: [92, 109, 102]
49: [93, 109]
50: [94, 109]
51: [95, 109]
52: [96, 109]
53: [97, 109]
54: [98, 99, 100, 101, 102, 109, 110, 111, 112, 113, 114, 115, 116, 117, 87]
55: [165, 146]
56: [134, 165]
57: [87, 110, 111, 112, 92, 113, 93, 114, 94, 115, 95, 96, 116, 97, 117]
58: [110, 98]
59: [110, 99]
60: [110, 100]
61: [110, 101]
62: [92, 110, 102]
63: [93, 110]
64: [94, 110]
65: [95, 110]
66: [96, 110]
67: [97, 110]
68: [98, 99, 100, 101, 102, 110, 111, 112, 113, 114, 115, 116, 117, 87]
69: [165, 146]
70: [134, 165]
71: [87, 111, 112, 92, 113, 93, 114, 94, 115, 95, 96, 116, 97, 117]
72: [111, 98]
73: [111, 99]
74: [111, 100]
75: [111, 101]
76: [92, 111, 102]
77: [93, 111]
78: [94, 111]
79: [95, 111]
80: [96, 111]
81: [97, 111]
82: [98, 99, 100, 101, 102, 111, 112, 113, 114, 115, 116, 117, 87]
83: [165, 146]
84: [134, 165]
85: [87, 112, 92, 113, 93, 114, 94, 115, 95, 96, 116, 97, 117]
86: [112, 98]
87: [112, 99]
88: [112, 100]
89: [112, 101]
90: [92, 112, 102]
91: [93, 112]
92: [94, 112]
93: [95, 112]
94: [96, 112]
95: [97, 112]
96: [98, 99, 100, 101, 102, 112, 113, 114, 115, 116, 117, 87]
97: [165, 146]
98: [134, 165]
99: [87, 92, 113, 93, 114, 94, 115, 95, 96, 116, 97, 117]
100: [113, 98]
101: [113, 99]
102: [113, 100]
103: [113, 101]
104: [92, 113, 102]
105: [93, 113]
106: [94, 113]
107: [95, 113]
108: [96, 113]
109: [97, 113]
110: [98, 99, 100, 101, 102, 113, 114, 115, 116, 117, 87]
111: [165, 146]
112: [134, 165]
113: [87, 92, 93, 114, 94, 115, 95, 96, 116, 97, 117]
114: [114, 98]
115: [114, 99]
116: [114, 100]
117: [114, 101]
118: [92, 114, 102]
119: [93, 114]
120: [94, 114]
121: [95, 114]
122: [96, 114]
123: [97, 114]
124: [98, 99, 100, 101, 102, 114, 115, 116, 117, 87]
125: [165, 146]
126: [134, 165]
127: [87, 92, 93, 94, 115, 95, 96, 116, 97, 117]
128: [115, 98]
129: [115, 99]
130: [115, 100]
131: [115, 101]
132: [92, 115, 102]
133: [93, 115]
134: [94, 115]
135: [95, 115]
136: [96, 115]
137: [97, 115]
138: [98, 99, 100, 101, 102, 115, 116, 117, 87]
139: [165, 146]
140: [134, 165]
141: [87, 92, 93, 94, 95, 96, 116, 97, 117]
142: [116, 98]
143: [116, 99]
144: [116, 100]
145: [116, 101]
146: [92, 116, 102]
147: [93, 116]
148: [94, 116]
149: [95, 116]
150: [96, 116]
151: [97, 116]
152: [98, 99, 100, 101, 102, 116, 117, 87]
153: [165, 146]
154: [134, 165]
155: [87, 92, 93, 94, 95, 96, 97, 117]
156: [117, 98]
157: [117, 99]
158: [117, 100]
159: [117, 101]
160: [92, 117, 102]
161: [93, 117]
162: [94, 117]
163: [95, 117]
164: [96, 117]
165: [97, 117]
166: [98, 99, 100, 101, 102, 117, 87]
167: [165, 146]
168: [134, 165]
169: [92, 87, 93, 94, 95, 96, 97]
170: [92, 93, 87, 94, 95, 96, 97, 98]
171: [92, 93, 94, 87, 95, 96, 97, 98, 99]
172: [92, 93, 94, 95, 87, 96, 97, 98, 99, 100]
173: [92, 93, 94, 95, 96, 87, 97, 98, 99, 100, 101]
174: [92, 93, 94, 95, 96, 97, 87, 98, 99, 100, 101, 102]
175: [93, 94, 95, 96, 97, 98, 99, 100, 101, 102, 87]
176: [94, 95, 96, 97, 98, 99, 100, 101, 102, 87]
177: [95, 96, 97, 98, 99, 100, 101, 102, 87]
178: [96, 97, 98, 99, 100, 101, 102, 87]
179: [97, 98, 99, 100, 101, 102, 87]
180: [98, 99, 100, 101, 102, 87]
181: [165, 146]
182: [134, 165]
183: [134, 165]
184: [134, 165]
185: [134, 165]
186: [134, 165]
187: [134, 165]
188: [134, 165, 146]
189: [165, 146]
190: [165, 146]
191: [165, 146]
192: [165, 146]
193: [165, 146]
194: [165, 146]
195: [165, 146]
21
0: [153, 135]
1: [153, 135]
2: [153, 135]
3: [153, 135]
4: [153, 135]
5: [153, 135]
6: [153, 135]
7: [147, 153, 135]
8: [147, 153]
9: [147, 153]
10: [147, 153]
11: [147, 153]
12: [147, 153]
13: [147, 153]
14: [153, 135, 165]
15: [87, 108, 109, 110, 111, 112, 113, 93, 114, 94, 115, 95, 96, 116, 97, 117]
16: [87, 108, 109, 110, 111, 112, 113, 93, 114, 94, 115, 95, 96, 116, 97, 98, 117]
17: [87, 108, 109, 110, 111, 112, 113, 93, 114, 94, 115, 95, 96, 99, 116, 97, 98, 117]
18: [87, 108, 109, 110, 111, 112, 113, 93, 114, 94, 115, 100, 95, 96, 99, 116, 97, 98, 117]
19: [87, 108, 109, 110, 111, 112, 113, 93, 114, 101, 94, 115, 100, 95, 96, 99, 116, 97, 98, 117]
20: [87, 108, 109, 110, 111, 112, 113, 93, 102, 114, 101, 94, 115, 100, 95, 96, 99, 116, 97, 98, 117]
21: []
22: [94, 95, 96, 97, 98, 99, 100, 101, 102, 103, 108, 109, 110, 111, 112, 113, 114, 115, 116, 117, 87]
23: [95, 96, 97, 98, 99, 100, 101, 102, 103, 108, 109, 110, 111, 112, 113, 114, 115, 116, 117, 87]
24: [96, 97, 98, 99, 100, 101, 102, 103, 108, 109, 110, 111, 112, 113, 114, 115, 116, 117, 87]
25: [97, 98, 99, 100, 101, 102, 103, 108, 109, 110, 111, 112, 113, 114, 115, 116, 117, 87]
26: [98, 99, 100, 101, 102, 103, 108, 109, 110, 111, 112, 113, 114, 115, 116, 117, 87]
27: [165, 147, 153]
28: [135, 165]
29: [87, 108, 109, 110, 111, 112, 113, 93, 114, 94, 115, 95, 96, 116, 97, 117]
30: [108, 98]
31: [108, 99]
32: [108, 100]
33: [108, 101]
34: [108, 102]
35: [93, 108, 103]
36: [94, 108]
37: [95, 108]
38: [96, 108]
39: [97, 108]
40: [98, 99, 100, 101, 102, 103, 108, 109, 110, 111, 112, 113, 114, 115, 116, 117, 87]
41: [165, 147]
42: [135, 165]
43: [87, 109, 110, 111, 112, 113, 93, 114, 94, 115, 95, 96, 116, 97, 117]
44: [109, 98]
45: [109, 99]
46: [109, 100]
47: [109, 101]
48: [109, 102]
49: [93, 109, 103]
50: [94, 109]
51: [95, 109]
52: [96, 109]
53: [97, 109]
54: [98, 99, 100, 101, 102, 103, 109, 110, 111, 112, 113, 114, 115, 116, 117, 87]
55: [165, 147]
56: [135, 165]
57: [87, 110, 111, 112, 113, 93, 114, 94, 115, 95, 96, 116, 97, 117]
58: [110, 98]
59: [110, 99]
60: [110, 100]
61: [110, 101]
62: [110, 102]
63: [93, 110, 103]
64: [94, 110]
65: [95, 110]
66: [96, 110]
67: [97, 110]
68: [98, 99, 100, 101, 102, 103, 110, 111, 112, 113, 114, 115, 116, 117, 87]
69: [165, 147]
70: [135, 165]
71: [87, 111, 112, 113, 93, 114, 94, 115, 95, 96, 116, 97, 117]
72: [111, 98]
73: [111, 99]
74: [111, 100]
75: [111, 101]
76: [111, 102]
77: [93, 111, 103]
78: [94, 111]
79: [95, 111]
80: [96, 111]
81: [97, 111]
82: [98, 99, 100, 101, 102, 103, 111, 112, 113, 114, 115, 116, 117, 87]
83: [165, 147]
84: [135, 165]
85: [87, 112, 113, 93, 114, 94, 115, 95, 96, 116, 97, 117]
86: [112, 98]
87: [112, 99]
88: [112, 100]
89: [112, 101]
90: [112, 102]
91: [93, 112, 103]
92: [94, 112]
93: [95, 112]
94: [96, 112]
95: [97, 112]
96: [98, 99, 100, 101, 102, 103, 112, 113, 114, 115, 116, 117, 87]
97: [165, 147]
98: [135, 165]
99: [87, 113, 93, 114, 94, 115, 95, 96, 116, 97, 117]
100: [113, 98]
101: [113, 99]
102: [113, 100]
103: [113, 101]
104: [113, 102]
105: [93, 113, 103]
106: [94, 113]
107: [95, 113]
108: [96, 113]
109: [97, 113]
110: [98, 99, 100, 101, 102, 103, 113, 114, 115, 116, 117, 87]
111: [165, 147]
112: [135, 165]
113: [87, 93, 114, 94, 115, 95, 96, 116, 97, 117]
114: [114, 98]
115: [114, 99]
116: [114, 100]
117: [114, 101]
118: [114, 102]
119: [93, 114, 103]
120: [94, 114]
121: [95, 114]
122: [96, 114]
123: [97, 114]
124: [98, 99, 100, 101, 102, 103, 114, 115, 116, 117, 87]
125: [165, 147]
126: [135, 165]
127: [87, 93, 94, 115, 95, 96, 116, 97, 117]
128: [115, 98]
129: [115, 99]
130: [115, 100]
131: [115, 101]
132: [115, 102]
133: [93, 115, 103]
134: [94, 115]
135: [95, 115]
136: [96, 115]
137: [97, 115]
138: [98, 99, 100, 101, 102, 103, 115, 116, 117, 87]
139: [165, 147]
140: [135, 165]
141: [87, 93, 94, 95, 96, 116, 97, 117]
142: [116, 98]
143: [116, 99]
144: [116, 100]
145: [116, 101]
146: [116, 102]
147: [93, 116, 103]
148: [94, 116]
149: [95, 116]
150: [96, 116]
151: [97, 116]
152: [98, 99, 100, 101, 102, 103, 116, 117, 87]
153: [165, 147]
154: [135, 165]
155: [87, 93, 94, 95, 96, 97, 117]
156: [117, 98]
157: [117, 99]
158: [117, 100]
159: [117, 101]
160: [117, 102]
161: [93, 117, 103]
162: [94, 117]
163: [95, 117]
164: [96, 117]
165: [97, 117]
166: [98, 99, 100, 101, 102, 103, 117, 87]
167: [165, 147]
168: [135, 165]
169: [93, 87, 94, 95, 96, 97]
170: [93, 94, 87, 95, 96, 97, 98]
171: [93, 94, 95, 87, 96, 97, 98, 99]
172: [93, 94, 95, 96, 87, 97, 98, 99, 100]
173: [93, 94, 95, 96, 97, 87, 98, 99, 100, 101]
174: [93, 94, 95, 96, 97, 98, 99, 100, 101, 102, 87]
175: [93, 94, 95, 96, 97, 98, 99, 100, 101, 102, 103, 87]
176: [94, 95, 96, 97, 98, 99, 100, 101, 102, 103, 87]
177: [95, 96, 97, 98, 99, 100, 101, 102, 103, 87]
178: [96, 97, 98, 99, 100, 101, 102, 103, 87]
179: [97, 98, 99, 100, 101, 102, 103, 87]
180: [98, 99, 100, 101, 102, 103, 87]
181: [165, 147]
182: [135, 165]
183: [135, 165]
184: [135, 165]
185: [135, 165]
186: [135, 165]
187: [135, 165]
188: [135, 165]
189: [135, 165, 147]
190: [165, 147]
191: [165, 147]
192: [165, 147]
193: [165, 147]
194: [165, 147]
195: [165, 147]
22
0: [153, 136]
1: [153, 136]
2: [153, 136]
3: [153, 136]
4: [153, 136]
5: [153, 136]
6: [153, 136]
7: [153, 136]
8: [148, 153, 136]
9: [148, 153]
10: [148, 153]
11: [148, 153]
12: [148, 153]
13: [148, 153]
14: [153, 136, 165]
15: [87, 108, 109, 110, 111, 112, 113, 114, 94, 115, 95, 96, 116, 97, 117]
16: [87, 108, 109, 110, 111, 112, 113, 114, 94, 115, 95, 96, 116, 97, 98, 117]
17: [87, 108, 109, 110, 111, 112, 113, 114, 94, 115, 95, 96, 99, 116, 97, 98, 117]
18: [87, 108, 109, 110, 111, 112, 113, 114, 94, 115, 100, 95, 96, 99, 116, 97, 98, 117]
19: [87, 108, 109, 110, 111, 112, 113, 114, 101, 94, 115, 100, 95, 96, 99, 116, 97, 98, 117]
20: [87, 108, 109, 110, 111, 112, 113, 102, 114, 101, 94, 115, 100, 95, 96, 99, 116, 97, 98, 117]
21: [87, 108, 109, 110, 111, 112, 103, 113, 102, 114, 101, 94, 115, 100, 95, 96, 99, 116, 97, 98, 117]
22: []
23: [95, 96, 97, 98, 99, 100, 101, 102, 103, 104, 108, 109, 110, 111, 112, 113, 114, 115, 116, 117, 87]
24: [96, 97, 98, 99, 100, 101, 102, 103, 104, 108, 109, 110, 111, 112, 113, 114, 115, 116, 117, 87]
25: [97, 98, 99, 100, 101, 102, 103, 104, 108, 109, 110, 111, 112, 113, 114, 115, 116, 117, 87]
26: [98, 99, 100, 101, 102, 103, 104, 108, 109, 110, 111, 112, 113, 114, 115, 116, 117, 87]
27: [165, 148, 153]
28: [136, 165]
29: [87, 108, 109, 110, 111, 112, 113, 114, 94, 115, 95, 96, 116, 97, 117]
30: [108, 98]
31: [108, 99]
32: [108, 100]
33: [108, 101]
34: [108, 102]
35: [108, 103]
36: [94, 108, 104]
37: [95, 108]
38: [96, 108]
39: [97, 108]
40: [98, 99, 100, 101, 102, 103, 104, 108, 109, 110, 111, 112, 113, 114, 115, 116, 117, 87]
41: [165, 148]
42: [136, 165]
43: [87, 109, 110, 111, 112, 113, 114, 94, 115, 95, 96, 116, 97, 117]
44: [109, 98]
45: [109, 99]
46: [109, 100]
47: [109, 101]
48: [109, 102]
49: [109, 103]
50: [94, 109, 104]
51: [95, 109]
52: [96, 109]
53: [97, 109]
54: [98, 99, 100, 101, 102, 103, 104, 109, 110, 111, 112, 113, 114, 115, 116, 117, 87]
55: [165, 148]
56: [136, 165]
57: [87, 110, 111, 112, 113, 114, 94, 115, 95, 96, 116, 97, 117]
58: [110, 98]
59: [110, 99]
60: [110, 100]
61: [110, 101]
62: [110, 102]
63: [110, 103]
64: [94, 110, 104]
65: [95, 110]
66: [96, 110]
67: [97, 110]
68: [98, 99, 100, 101, 102, 103, 104, 110, 111, 112, 113, 114, 115, 116, 117, 87]
69: [165, 148]
70: [136, 165]
71: [87, 111, 112, 113, 114, 94, 115, 95, 96, 116, 97, 117]
72: [111, 98]
73: [111, 99]
74: [111, 100]
75: [111, 101]
76: [111, 102]
77: [111, 103]
78: [94, 111, 104]
79: [95, 111]
80: [96, 111]
81: [97, 111]
82: [98, 99, 100, 101, 102, 103, 104, 111, 112, 113, 114, 115, 116, 117, 87]
83: [165, 148]
84: [136, 165]
85: [87, 112, 113, 114, 94, 115, 95, 96, 116, 97, 117]
86: [112, 98]
87: [112, 99]
88: [112, 100]
89: [112, 101]
90: [112, 102]
91: [112, 103]
92: [94, 112, 104]
93: [95, 112]
94: [96, 112]
95: [97, 112]
96: [98, 99, 100, 101, 102, 103, 104, 112, 113, 114, 115, 116, 117, 87]
97: [165, 148]
98: [136, 165]
99: [87, 113, 114, 94, 115, 95, 96, 116, 97, 117]
100: [113, 98]
101: [113, 99]
102: [113, 100]
103: [113, 101]
104: [113, 102]
105: [113, 103]
106: [94, 113, 104]
107: [95, 113]
108: [96, 113]
109: [97, 113]
110: [98, 99, 100, 101, 102, 103, 104, 113, 114, 115, 116, 117, 87]
111: [165, 148]
112: [136, 165]
113: [87, 114, 94, 115, 95, 96, 116, 97, 117]
114: [114, 98]
115: [114, 99]
116: [114, 100]
117: [114, 101]
118: [114, 102]
119: [114, 103]
120: [94, 114, 104]
121: [95, 114]
122: [96, 114]
123: [97, 114]
124: [98, 99, 100, 101, 102, 103, 104, 114, 115, 116, 117, 87]
125: [165, 148]
126: [136, 165]
127: [87, 94, 115, 95, 96, 116, 97, 117]
128: [115, 98]
129: [115, 99]
130: [115, 100]
131: [115, 101]
132: [115, 102]
133: [115, 103]
134: [94, 115, 104]
135: [95, 115]
136: [96, 115]
137: [97, 115]
138: [98, 99, 100, 101, 102, 103, 104, 115, 116, 117, 87]
139: [165, 148]
140: [136, 165]
141: [87, 94, 95, 96, 116, 97, 117]
142: [116, 98]
143: [116, 99]
144: [116, 100]
145: [116, 101]
146: [116, 102]
147: [116, 103]
148: [94, 116, 104]
149: [95, 116]
150: [96, 116]
151: [97, 116]
152: [98, 99, 100, 101, 102, 103, 104, 116, 117, 87]
153: [165, 148]
154: [136, 165]
155: [87, 94, 95, 96, 97, 117]
156: [117, 98]
157: [117, 99]
158: [117, 100]
159: [117, 101]
160: [117, 102]
161: [117, 103]
162: [94, 117, 104]
163: [95, 117]
164: [96, 117]
165: [97, 117]
166: [98, 99, 100, 101, 102, 103, 104, 117, 87]
167: [165, 148]
168: [136, 165]
169: [94, 87, 95, 96, 97]
170: [94, 95, 87, 96, 97, 98]
171: [94, 95, 96, 87, 97, 98, 99]
172: [94, 95, 96, 97, 87, 98, 99, 100]
173: [94, 95, 96, 97, 98, 99, 100, 101, 87]
174: [94, 95, 96, 97, 98, 99, 100, 101, 102, 87]
175: [94, 95, 96, 97, 98, 99, 100, 101, 102, 103, 87]
176: [94, 95, 96, 97, 98, 99, 100, 101, 102, 103, 104, 87]
177: [95, 96, 97, 98, 99, 100, 101, 102, 103, 104, 87]
178: [96, 97, 98, 99, 100, 101, 102, 103, 104, 87]
179: [97, 98, 99, 100, 101, 102, 103, 104, 87]
180: [98, 99, 100, 101, 102, 103, 104, 87]
181: [165, 148]
182: [136, 165]
183: [136, 165]
184: [136, 165]
185: [136, 165]
186: [136, 165]
187: [136, 165]
188: [136, 165]
189: [136, 165]
190: [136, 165, 148]
191: [165, 148]
192: [165, 148]
193: [165, 148]
194: [165, 148]
195: [165, 148]
23
0: [153, 137]
1: [153, 137]
2: [153, 137]
3: [153, 137]
4: [153, 137]
5: [153, 137]
6: [153, 137]
7: [153, 137]
8: [153, 137]
9: [149, 153, 137]
10: [149, 153]
11: [149, 153]
12: [149, 153]
13: [149, 153]
14: [153, 137, 165]
15: [87, 108, 109, 110, 111, 112, 113, 114, 115, 95, 96, 116, 97, 117]
16: [87, 108, 109, 110, 111, 112, 113, 114, 115, 95, 96, 116, 97, 98, 117]
17: [87, 108, 109, 110, 111, 112, 113, 114, 115, 95, 96, 99, 116, 97, 98, 117]
18: [87, 108, 109, 110, 111, 112, 113, 114, 115, 100, 95, 96, 99, 116, 97, 98, 117]
19: [87, 108, 109, 110, 111, 112, 113, 114, 101, 115, 100, 95, 96, 99, 116, 97, 98, 117]
20: [87, 108, 109, 110, 111, 112, 113, 102, 114, 101, 115, 100, 95, 96, 99, 116, 97, 98, 117]
21: [87, 108, 109, 110, 111, 112, 103, 113, 102, 114, 101, 115, 100, 95, 96, 99, 116, 97, 98, 117]
22: [87, 108, 109, 110, 104, 111, 112, 103, 113, 102, 114, 101, 115, 100, 95, 96, 99, 116, 97, 98, 117]
23: []
24: [96, 97, 98, 99, 100, 101, 102, 103, 104, 105, 108, 109, 110, 111, 112, 113, 114, 115, 116, 117, 87]
25: [97, 98, 99, 100, 101, 102, 103, 104, 105, 108, 109, 110, 111, 112, 113, 114, 115, 116, 117, 87]
26: [98, 99, 100, 101, 102, 103, 104, 105, 108, 109, 110, 111, 112, 113, 114, 115, 116, 117, 87]
27: [165, 149, 153]
28: [137, 165]
29: [87, 108, 109, 110, 111, 112, 113, 114, 115, 95, 96, 116, 97, 117]
30: [108, 98]
31: [108, 99]
32: [108, 100]
33: [108, 101]
34: [108, 102]
35: [108, 103]
36: [108, 104]
37: [95, 108, 105]
38: [96, 108]
39: [97, 108]
40: [98, 99, 100, 101, 102, 103, 104, 105, 108, 109, 110, 111, 112, 113, 114, 115, 116, 117, 87]
41: [165, 149]
42: [137, 165]
43: [87, 109, 110, 111, 112, 113, 114, 115, 95, 96, 116, 97, 117]
44: [109, 98]
45: [109, 99]
46: [109, 100]
47: [109, 101]
48: [109, 102]
49: [109, 103]
50: [109, 104]
51: [95, 109, 105]
52: [96, 109]
53: [97, 109]
54: [98, 99, 100, 101, 102, 103, 104, 105, 109, 110, 111, 112, 113, 114, 115, 116, 117, 87]
55: [165, 149]
56: [137, 165]
57: [87, 110, 111, 112, 113, 114, 115, 95, 96, 116, 97, 117]
58: [110, 98]
59: [110, 99]
60: [110, 100]
61: [110, 101]
62: [110, 102]
63: [110, 103]
64: [110, 104]
65: [95, 110, 105]
66: [96, 110]
67: [97, 110]
68: [98, 99, 100, 101, 102, 103, 104, 105, 110, 111, 112, 113, 114, 115, 116, 117, 87]
69: [165, 149]
70: [137, 165]
71: [87, 111, 112, 113, 114, 115, 95, 96, 116, 97, 117]
72: [111, 98]
73: [111, 99]
74: [111, 100]
75: [111, 101]
76: [111, 102]
77: [111, 103]
78: [111, 104]
79: [95, 111, 105]
80: [96, 111]
81: [97, 111]
82: [98, 99, 100, 101, 102, 103, 104, 105, 111, 112, 113, 114, 115, 116, 117, 87]
83: [165, 149]
84: [137, 165]
85: [87, 112, 113, 114, 115, 95, 96, 116, 97, 117]
86: [112, 98]
87: [112, 99]
88: [112, 100]
89: [112, 101]
90: [112, 102]
91: [112, 103]
92: [112, 104]
93: [95, 112, 105]
94: [96, 112]
95: [97, 112]
96: [98, 99, 100, 101, 102, 103, 104, 105, 112, 113, 114, 115, 116, 117, 87]
97: [165, 149]
98: [137, 165]
99: [87, 113, 114, 115, 95, 96, 116, 97, 117]
100: [113, 98]
101: [113, 99]
102: [113, 100]
103: [113, 101]
104: [113, 102]
105: [113, 103]
106: [113, 104]
107: [95, 113, 105]
108: [96, 113]
109: [97, 113]
110: [98, 99, 100, 101, 102, 103, 104, 105, 113, 114, 115, 116, 117, 87]
111: [165, 149]
112: [137, 165]
113: [87, 114, 115, 95, 96, 116, 97, 117]
114: [114, 98]
115: [114, 99]
116: [114, 100]
117: [114, 101]
118: [114, 102]
119: [114, 103]
120: [114, 104]
121: [95, 114, 105]
122: [96, 114]
123: [97, 114]
124: [98, 99, 100, 101, 102, 103, 104, 105, 114, 115, 116, 117, 87]
125: [165, 149]
126: [137, 165]
127: [87, 115, 95, 96, 116, 97, 117]
128: [115, 98]
129: [115, 99]
130: [115, 100]
131: [115, 101]
132: [115, 102]
133: [115, 103]
134: [115, 104]
135: [95, 115, 105]
136: [96, 115]
137: [97, 115]
138: [98, 99, 100, 101, 102, 103, 104, 105, 115, 116, 117, 87]
139: [165, 149]
140: [137, 165]
141: [87, 95, 96, 116, 97, 117]
142: [116, 98]
143: [116, 99]
144: [116, 100]
145: [116, 101]
146: [116, 102]
147: [116, 103]
148: [116, 104]
149: [95, 116, 105]
150: [96, 116]
151: [97, 116]
152: [98, 99, 100, 101, 102, 103, 104, 105, 116, 117, 87]
153: [165, 149]
154: [137, 165]
155: [87, 95, 96, 97, 117]
156: [117, 98]
157: [117, 99]
158: [117, 100]
159: [117, 101]
160: [117, 102]
161: [117, 103]
162: [117, 104]
163: [95, 117, 105]
164: [96, 117]
165: [97, 117]
166: [98, 99, 100, 101, 102, 103, 104, 105, 117, 87]
167: [165, 149]
168: [137, 165]
169: [95, 87, 96, 97]
170: [95, 96, 87, 97, 98]
171: [95, 96, 97, 87, 98, 99]
172: [95, 96, 97, 98, 99, 100, 87]
173: [95, 96, 97, 98, 99, 100, 101, 87]
174: [95, 96, 97, 98, 99, 100, 101, 102, 87]
175: [95, 96, 97, 98, 99, 100, 101, 102, 103, 87]
176: [95, 96, 97, 98, 99, 100, 101, 102, 103, 104, 87]
177: [95, 96, 97, 98, 99, 100, 101, 102, 103, 104, 105, 87]
178: [96, 97, 98, 99, 100, 101, 102, 103, 104, 105, 87]
179: [97, 98, 99, 100, 101, 102, 103, 104, 105, 87]
180: [98, 99, 100, 101, 102, 103, 104, 105, 87]
181: [165, 149]
182: [137, 165]
183: [137, 165]
184: [137, 165]
185: [137, 165]
186: [137, 165]
187: [137, 165]
188: [137, 165]
189: [137, 165]
190: [137, 165]
191: [137, 165, 149]
192: [165, 149]
193: [165, 149]
194: [165, 149]
195: [165, 149]
24
0: [153, 138]
1: [153, 138]
2: [153, 138]
3: [153, 138]
4: [153, 138]
5: [153, 138]
6: [153, 138]
7: [153, 138]
8: [153, 138]
9: [153, 138]
10: [150, 153, 138]
11: [150, 153]
12: [150, 153]
13: [150, 153]
14: [153, 138, 165]
15: [87, 108, 109, 110, 111, 112, 113, 114, 115, 96, 116, 97, 117]
16: [87, 108, 109, 110, 111, 112, 113, 114, 115, 96, 116, 97, 98, 117]
17: [87, 108, 109, 110, 111, 112, 113, 114, 115, 96, 99, 116, 97, 98, 117]
18: [87, 108, 109, 110, 111, 112, 113, 114, 115, 100, 96, 99, 116, 97, 98, 117]
19: [87, 108, 109, 110, 111, 112, 113, 114, 101, 115, 100, 96, 99, 116, 97, 98, 117]
20: [87, 108, 109, 110, 111, 112, 113, 102, 114, 101, 115, 100, 96, 99, 116, 97, 98, 117]
21: [87, 108, 109, 110, 111, 112, 103, 113, 102, 114, 101, 115, 100, 96, 99, 116, 97, 98, 117]
22: [87, 108, 109, 110, 104, 111, 112, 103, 113, 102, 114, 101, 115, 100, 96, 99, 116, 97, 98, 117]
23: [87, 108, 109, 105, 110, 104, 111, 112, 103, 113, 102, 114, 101, 115, 100, 96, 99, 116, 97, 98, 117]
24: []
25: [97, 98, 99, 100, 101, 102, 103, 104, 105, 106, 108, 109, 110, 111, 112, 113, 114, 115, 116, 117, 87]
26: [98, 99, 100, 101, 102, 103, 104, 105, 106, 108, 109, 110, 111, 112, 113, 114, 115, 116, 117, 87]
27: [165, 150, 153]
28: [138, 165]
29: [87, 108, 109, 110, 111, 112, 113, 114, 115, 96, 116, 97, 117]
30: [108, 98]
31: [108, 99]
32: [108, 100]
33: [108, 101]
34: [108, 102]
35: [108, 103]
36: [108, 104]
37: [108, 105]
38: [96, 108, 106]
39: [97, 108]
40: [98, 99, 100, 101, 102, 103, 104, 105, 106, 108, 109, 110, 111, 112, 113, 114, 115, 116, 117, 87]
41: [165, 150]
42: [138, 165]
43: [87, 109, 110, 111, 112, 113, 114, 115, 96, 116, 97, 117]
44: [109, 98]
45: [109, 99]
46: [109, 100]
47: [109, 101]
48: [109, 102]
49: [109, 103]
50: [109, 104]
51: [109, 105]
52: [96, 109, 106]
53: [97, 109]
54: [98, 99, 100, 101, 102, 103, 104, 105, 106, 109, 110, 111, 112, 113, 114, 115, 116, 117, 87]
55: [165, 150]
56: [138, 165]
57: [87, 110, 111, 112, 113, 114, 115, 96, 116, 97, 117]
58: [110, 98]
59: [110, 99]
60: [110, 100]
61: [110, 101]
62: [110, 102]
63: [110, 103]
64: [110, 104]
65: [110, 105]
66: [96, 110, 106]
67: [97, 110]
68: [98, 99, 100, 101, 102, 103, 104, 105, 106, 110, 111, 112, 113, 114, 115, 116, 117, 87]
69: [165, 150]
70: [138, 165]
71: [87, 111, 112, 113, 114, 115, 96, 116, 97, 117]
72: [111, 98]
73: [111, 99]
74: [111, 100]
75: [111, 101]
76: [111, 102]
77: [111, 103]
78: [111, 104]
79: [111, 105]
80: [96, 111, 106]
81: [97, 111]
82: [98, 99, 100, 101, 102, 103, 104, 105, 106, 111, 112, 113, 114, 115, 116, 117, 87]
83: [165, 150]
84: [138, 165]
85: [87, 112, 113, 114, 115, 96, 116, 97, 117]
86: [112, 98]
87: [112, 99]
88: [112, 100]
89: [112, 101]
90: [112, 102]
91: [112, 103]
92: [112, 104]
93: [112, 105]
94: [96, 112, 106]
95: [97, 112]
96: [98, 99, 100, 101, 102, 103, 104, 105, 106, 112, 113, 114, 115, 116, 117, 87]
97: [165, 150]
98: [138, 165]
99: [87, 113, 114, 115, 96, 116, 97, 117]
100: [113, 98]
101: [113, 99]
102: [113, 100]
103: [113, 101]
104: [113, 102]
105: [113, 103]
106: [113, 104]
107: [113, 105]
108: [96, 113, 106]
109: [97, 113]
110: [98, 99, 100, 101, 102, 103, 104, 105, 106, 113, 114, 115, 116, 117, 87]
111: [165, 150]
112: [138, 165]
113: [87, 114, 115, 96, 116, 97, 117]
114: [114, 98]
115: [114, 99]
116: [114, 100]
117: [114, 101]
118: [114, 102]
119: [114, 103]
120: [114, 104]
121: [114, 105]
122: [96, 114, 106]
123: [97, 114]
124: [98, 99, 100, 101, 102, 103, 104, 105, 106, 114, 115, 116, 117, 87]
125: [165, 150]
126: [138, 165]
127: [87, 115, 96, 116, 97, 117]
128: [115, 98]
129: [115, 99]
130: [115, 100]
131: [115, 101]
132: [115, 102]
133: [115, 103]
134: [115, 104]
135: [115, 105]
136: [96, 115, 106]
137: [97, 115]
138: [98, 99, 100, 101, 102, 103, 104, 105, 106, 115, 116, 117, 87]
139: [165, 150]
140: [138, 165]
141: [87, 96, 116, 97, 117]
142: [116, 98]
143: [116, 99]
144: [116, 100]
145: [116, 101]
146: [116, 102]
147: [116, 103]
148: [116, 104]
149: [116, 105]
150: [96, 116, 106]
151: [97, 116]
152: [98, 99, 100, 101, 102, 103, 104, 105, 106, 116, 117, 87]
153: [165, 150]
154: [138, 165]
155: [87, 96, 97, 117]
156: [117, 98]
157: [117, 99]
158: [117, 100]
159: [117, 101]
160: [117, 102]
161: [117, 103]
162: [117, 104]
163: [117, 105]
164: [96, 117, 106]
165: [97, 117]
166: [98, 99, 100, 101, 102, 103, 104, 105, 106, 117, 87]
167: [165, 150]
168: [138, 165]
169: [96, 87, 97]
170: [96, 97, 87, 98]
171: [96, 97, 98, 99, 87]
172: [96, 97, 98, 99, 100, 87]
173: [96, 97, 98, 99, 100, 101, 87]
174: [96, 97, 98, 99, 100, 101, 102, 87]
175: [96, 97, 98, 99, 100, 101, 102, 103, 87]
176: [96, 97, 98, 99, 100, 101, 102, 103, 104, 87]
177: [96, 97, 98, 99, 100, 101, 102, 103, 104, 105, 87]
178: [96, 97, 98, 99, 100, 101, 102, 103, 104, 105, 106, 87]
179: [97, 98, 99, 100, 101, 102, 103, 104, 105, 106, 87]
180: [98, 99, 100, 101, 102, 103, 104, 105, 106, 87]
181: [165, 150]
182: [138, 165]
183: [138, 165]
184: [138, 165]
185: [138, 165]
186: [138, 165]
187: [138, 165]
188: [138, 165]
189: [138, 165]
190: [138, 165]
191: [138, 165]
192: [138, 165, 150]
193: [165, 150]
194: [165, 150]
195: [165, 150]
25
0: [153, 139]
1: [153, 139]
2: [153, 139]
3: [153, 139]
4: [153, 139]
5: [153, 139]
6: [153, 139]
7: [153, 139]
8: [153, 139]
9: [153, 139]
10: [153, 139]
11: [151, 153, 139]
12: [151, 153]
13: [151, 153]
14: [153, 139, 165]
15: [87, 108, 109, 110, 111, 112, 113, 114, 115, 116, 97, 117]
16: [87, 108, 109, 110, 111, 112, 113, 114, 115, 116, 97, 98, 117]
17: [87, 108, 109, 110, 111, 112, 113, 114, 115, 99, 116, 97, 98, 117]
18: [87, 108, 109, 110, 111, 112, 113, 114, 115, 100, 99, 116, 97, 98, 117]
19: [87, 108, 109, 110, 111, 112, 113, 114, 101, 115, 100, 99, 116, 97, 98, 117]
20: [87, 108, 109, 110, 111, 112, 113, 102, 114, 101, 115, 100, 99, 116, 97, 98, 117]
21: [87, 108, 109, 110, 111, 112, 103, 113, 102, 114, 101, 115, 100, 99, 116, 97, 98, 117]
22: [87, 108, 109, 110, 104, 111, 112, 103, 113, 102, 114, 101, 115, 100, 99, 116, 97, 98, 117]
23: [87, 108, 109, 105, 110, 104, 111, 112, 103, 113, 102, 114, 101, 115, 100, 99, 116, 97, 98, 117]
24: [87, 108, 106, 109, 105, 110, 104, 111, 112, 103, 113, 102, 114, 101, 115, 100, 99, 116, 97, 98, 117]
25: []
26: [98, 99, 100, 101, 102, 103, 104, 105, 106, 107, 108, 109, 110, 111, 112, 113, 114, 115, 116, 117, 87]
27: [165, 151, 153]
28: [139, 165]
29: [87, 108, 109, 110, 111, 112, 113, 114, 115, 116, 97, 117]
30: [108, 98]
31: [108, 99]
32: [108, 100]
33: [108, 101]
34: [108, 102]
35: [108, 103]
36: [108, 104]
37: [108, 105]
38: [108, 106]
39: [97, 108, 107]
40: [98, 99, 100, 101, 102, 103, 104, 105, 106, 107, 108, 109, 110, 111, 112, 113, 114, 115, 116, 117, 87]
41: [165, 151]
42: [139, 165]
43: [87, 109, 110, 111, 112, 113, 114, 115, 116, 97, 117]
44: [109, 98]
45: [109, 99]
46: [109, 100]
47: [109, 101]
48: [109, 102]
49: [109, 103]
50: [109, 104]
51: [109, 105]
52: [109, 106]
53: [97, 109, 107]
54: [98, 99, 100, 101, 102, 103, 104, 105, 106, 107, 109, 110, 111, 112, 113, 114, 115, 116, 117, 87]
55: [165, 151]
56: [139, 165]
57: [87, 110, 111, 112, 113, 114, 115, 116, 97, 117]
58: [110, 98]
59: [110, 99]
60: [110, 100]
61: [110, 101]
62: [110, 102]
63: [110, 103]
64: [110, 104]
65: [110, 105]
66: [110, 106]
67: [97, 110, 107]
68: [98, 99, 100, 101, 102, 103, 104, 105, 106, 107, 110, 111, 112, 113, 114, 115, 116, 117, 87]
69: [165, 151]
70: [139, 165]
71: [87, 111, 112, 113, 114, 115, 116, 97, 117]
72: [111, 98]
73: [111, 99]
74: [111, 100]
75: [111, 101]
76: [111, 102]
77: [111, 103]
78: [111, 104]
79: [111, 105]
80: [111, 106]
81: [97, 111, 107]
82: [98, 99, 100, 101, 102, 103, 104, 105, 106, 107, 111, 112, 113, 114, 115, 116, 117, 87]
83: [165, 151]
84: [139, 165]
85: [87, 112, 113, 114, 115, 116, 97, 117]
86: [112, 98]
87: [112, 99]
88: [112, 100]
89: [112, 101]
90: [112, 102]
91: [112, 103]
92: [112, 104]
93: [112, 105]
94: [112, 106]
95: [97, 112, 107]
96: [98, 99, 100, 101, 102, 103, 104, 105, 106, 107, 112, 113, 114, 115, 116, 117, 87]
97: [165, 151]
98: [139, 165]
99: [87, 113, 114, 115, 116, 97, 117]
100: [113, 98]
101: [113, 99]
102: [113, 100]
103: [113, 101]
104: [113, 102]
105: [113, 103]
106: [113, 104]
107: [113, 105]
108: [113, 106]
109: [97, 113, 107]
110: [98, 99, 100, 101, 102, 103, 104, 105, 106, 107, 113, 114, 115, 116, 117, 87]
111: [165, 151]
112: [139, 165]
113: [87, 114, 115, 116, 97, 117]
114: [114, 98]
115: [114, 99]
116: [114, 100]
117: [114, 101]
118: [114, 102]
119: [114, 103]
120: [114, 104]
121: [114, 105]
122: [114, 106]
123: [97, 114, 107]
124: [98, 99, 100, 101, 102, 103, 104, 105, 106, 107, 114, 115, 116, 117, 87]
125: [165, 151]
126: [139, 165]
127: [87, 115, 116, 97, 117]
128: [115, 98]
129: [115, 99]
130: [115, 100]
131: [115, 101]
132: [115, 102]
133: [115, 103]
134: [115, 104]
135: [115, 105]
136: [115, 106]
137: [97, 115, 107]
138: [98, 99, 100, 101, 102, 103, 104, 105, 106, 107, 115, 116, 117, 87]
139: [165, 151]
140: [139, 165]
141: [87, 116, 97, 117]
142: [116, 98]
143: [116, 99]
144: [116, 100]
145: [116, 101]
146: [116, 102]
147: [116, 103]
148: [116, 104]
149: [116, 105]
150: [116, 106]
151: [97, 116, 107]
152: [98, 99, 100, 101, 102, 103, 104, 105, 106, 107, 116, 117, 87]
153: [165, 151]
154: [139, 165]
155: [87, 97, 117]
156: [117, 98]
157: [117, 99]
158: [117, 100]
159: [117, 101]
160: [117, 102]
161: [117, 103]
162: [117, 104]
163: [117, 105]
164: [117, 106]
165: [97, 117, 107]
166: [98, 99, 100, 101, 102, 103, 104, 105, 106, 107, 117, 87]
167: [165, 151]
168: [139, 165]
169: [97, 87]
170: [97, 98, 87]
171: [97, 98, 99, 87]
172: [97, 98, 99, 100, 87]
173: [97, 98, 99, 100, 101, 87]
174: [97, 98, 99, 100, 101, 102, 87]
175: [97, 98, 99, 100, 101, 102, 103, 87]
176: [97, 98, 99, 100, 101, 102, 103, 104, 87]
177: [97, 98, 99, 100, 101, 102, 103, 104, 105, 87]
178: [97, 98, 99, 100, 101, 102, 103, 104, 105, 106, 87]
179: [97, 98, 99, 100, 101, 102, 103, 104, 105, 106, 107, 87]
180: [98, 99, 100, 101, 102, 103, 104, 105, 106, 107, 87]
181: [165, 151]
182: [139, 165]
183: [139, 165]
184: [139, 165]
185: [139, 165]
186: [139, 165]
187: [139, 165]
188: [139, 165]
189: [139, 165]
190: [139, 165]
191: [139, 165]
192: [139, 165]
193: [139, 165, 151]
194: [165, 151]
195: [165, 151]
26
0: [153, 140]
1: [153, 140]
2: [153, 140]
3: [153, 140]
4: [153, 140]
5: [153, 140]
6: [153, 140]
7: [153, 140]
8: [153, 140]
9: [153, 140]
10: [153, 140]
11: [153, 140]
12: [152, 153, 140]
13: [152, 153]
14: [153, 140, 165]
15: [87, 108, 109, 110, 111, 112, 113, 114, 115, 116, 117]
16: [87, 108, 109, 110, 111, 112, 113, 114, 115, 116, 98, 117]
17: [87, 108, 109, 110, 111, 112, 113, 114, 115, 99, 116, 98, 117]
18: [87, 108, 109, 110, 111, 112, 113, 114, 115, 100, 99, 116, 98, 117]
19: [87, 108, 109, 110, 111, 112, 113, 114, 101, 115, 100, 99, 116, 98, 117]
20: [87, 108, 109, 110, 111, 112, 113, 102, 114, 101, 115, 100, 99, 116, 98, 117]
21: [87, 108, 109, 110, 111, 112, 103, 113, 102, 114, 101, 115, 100, 99, 116, 98, 117]
22: [87, 108, 109, 110, 104, 111, 112, 103, 113, 102, 114, 101, 115, 100, 99, 116, 98, 117]
23: [87, 108, 109, 105, 110, 104, 111, 112, 103, 113, 102, 114, 101, 115, 100, 99, 116, 98, 117]
24: [87, 108, 106, 109, 105, 110, 104, 111, 112, 103, 113, 102, 114, 101, 115, 100, 99, 116, 98, 117]
25: [87, 107, 108, 106, 109, 105, 110, 104, 111, 112, 103, 113, 102, 114, 101, 115, 100, 99, 116, 98, 117]
26: []
27: [165, 152, 153]
28: [140, 165]
29: [108, 87, 109, 110, 111, 112, 113, 114, 115, 116, 117]
30: [108, 98]
31: [108, 99]
32: [108, 100]
33: [108, 101]
34: [108, 102]
35: [108, 103]
36: [108, 104]
37: [108, 105]
38: [108, 106]
39: [108, 107]
40: [98, 99, 100, 101, 102, 103, 104, 105, 106, 107, 108, 109, 110, 111, 112, 113, 114, 115, 116, 117, 87]
41: [165, 152]
42: [140, 165]
43: [109, 87, 110, 111, 112, 113, 114, 115, 116, 117]
44: [109, 98]
45: [109, 99]
46: [109, 100]
47: [109, 101]
48: [109, 102]
49: [109, 103]
50: [109, 104]
51: [109, 105]
52: [109, 106]
53: [109, 107]
54: [98, 99, 100, 101, 102, 103, 104, 105, 106, 107, 109, 110, 111, 112, 113, 114, 115, 116, 117, 87]
55: [165, 152]
56: [140, 165]
57: [110, 87, 111, 112, 113, 114, 115, 116, 117]
58: [110, 98]
59: [110, 99]
60: [110, 100]
61: [110, 101]
62: [110, 102]
63: [110, 103]
64: [110, 104]
65: [110, 105]
66: [110, 106]
67: [110, 107]
68: [98, 99, 100, 101, 102, 103, 104, 105, 106, 107, 110, 111, 112, 113, 114, 115, 116, 117, 87]
69: [165, 152]
70: [140, 165]
71: [111, 87, 112, 113, 114, 115, 116, 117]
72: [111, 98]
73: [111, 99]
74: [111, 100]
75: [111, 101]
76: [111, 102]
77: [111, 103]
78: [111, 104]
79: [111, 105]
80: [111, 106]
81: [111, 107]
82: [98, 99, 100, 101, 102, 103, 104, 105, 106, 107, 111, 112, 113, 114, 115, 116, 117, 87]
83: [165, 152]
84: [140, 165]
85: [112, 87, 113, 114, 115, 116, 117]
86: [112, 98]
87: [112, 99]
88: [112, 100]
89: [112, 101]
90: [112, 102]
91: [112, 103]
92: [112, 104]
93: [112, 105]
94: [112, 106]
95: [112, 107]
96: [98, 99, 100, 101, 102, 103, 104, 105, 106, 107, 112, 113, 114, 115, 116, 117, 87]
97: [165, 152]
98: [140, 165]
99: [113, 87, 114, 115, 116, 117]
100: [113, 98]
101: [113, 99]
102: [113, 100]
103: [113, 101]
104: [113, 102]
105: [113, 103]
106: [113, 104]
107: [113, 105]
108: [113, 106]
109: [113, 107]
110: [98, 99, 100, 101, 102, 103, 104, 105, 106, 107, 113, 114, 115, 116, 117, 87]
111: [165, 152]
112: [140, 165]
113: [114, 87, 115, 116, 117]
114: [114, 98]
115: [114, 99]
116: [114, 100]
117: [114, 101]
118: [114, 102]
119: [114, 103]
120: [114, 104]
121: [114, 105]
122: [114, 106]
123: [114, 107]
124: [98, 99, 100, 101, 102, 103, 104, 105, 106, 107, 114, 115, 116, 117, 87]
125: [165, 152]
126: [140, 165]
127: [115, 87, 116, 117]
128: [115, 98]
129: [115, 99]
130: [115, 100]
131: [115, 101]
132: [115, 102]
133: [115, 103]
134: [115, 104]
135: [115, 105]
136: [115, 106]
137: [115, 107]
138: [98, 99, 100, 101, 102, 103, 104, 105, 106, 107, 115, 116, 117, 87]
139: [165, 152]
140: [140, 165]
141: [116, 87, 117]
142: [116, 98]
143: [116, 99]
144: [116, 100]
145: [116, 101]
146: [116, 102]
147: [116, 103]
148: [116, 104]
149: [116, 105]
150: [116, 106]
151: [116, 107]
152: [98, 99, 100, 101, 102, 103, 104, 105, 106, 107, 116, 117, 87]
153: [165, 152]
154: [140, 165]
155: [117, 87]
156: [117, 98]
157: [117, 99]
158: [117, 100]
159: [117, 101]
160: [117, 102]
161: [117, 103]
162: [117, 104]
163: [117, 105]
164: [117, 106]
165: [117, 107]
166: [98, 99, 100, 101, 102, 103, 104, 105, 106, 107, 117, 87]
167: [165, 152]
168: [140, 165]
169: [87]
170: [98, 87]
171: [98, 99, 87]
172: [98, 99, 100, 87]
173: [98, 99, 100, 101, 87]
174: [98, 99, 100, 101, 102, 87]
175: [98, 99, 100, 101, 102, 103, 87]
176: [98, 99, 100, 101, 102, 103, 104, 87]
177: [98, 99, 100, 101, 102, 103, 104, 105, 87]
178: [98, 99, 100, 101, 102, 103, 104, 105, 106, 87]
179: [98, 99, 100, 101, 102, 103, 104, 105, 106, 107, 87]
180: [98, 99, 100, 101, 102, 103, 104, 105, 106, 107, 87]
181: [165, 152]
182: [140, 165]
183: [140, 165]
184: [140, 165]
185: [140, 165]
186: [140, 165]
187: [140, 165]
188: [140, 165]
189: [140, 165]
190: [140, 165]
191: [140, 165]
192: [140, 165]
193: [140, 165]
194: [140, 165, 152]
195: [165, 152]
27
0: [128, 153, 154, 155, 156, 157, 158, 159, 160, 161, 162, 163, 164]
1: [128, 153, 154, 155, 156, 157, 158, 159, 160, 161, 162, 163, 164, 141]
2: [128, 153, 154, 155, 156, 157, 158, 159, 160, 161, 162, 163, 142, 164, 141]
3: [128, 153, 154, 155, 156, 157, 158, 159, 160, 161, 162, 143, 163, 142, 164, 141]
4: [128, 153, 154, 155, 156, 157, 158, 159, 160, 144, 161, 162, 143, 163, 142, 164, 141]
5: [128, 153, 154, 155, 156, 157, 158, 159, 160, 145, 144, 161, 162, 143, 163, 142, 164, 141]
6: [128, 153, 154, 155, 156, 157, 158, 146, 159, 160, 145, 144, 161, 162, 143, 163, 142, 164, 141]
7: [128, 153, 154, 155, 156, 157, 147, 158, 146, 159, 160, 145, 144, 161, 162, 143, 163, 142, 164, 141]
8: [128, 153, 154, 155, 156, 148, 157, 147, 158, 146, 159, 160, 145, 144, 161, 162, 143, 163, 142, 164, 141]
9: [128, 153, 154, 155, 156, 149, 148, 157, 147, 158, 146, 159, 160, 145, 144, 161, 162, 143, 163, 142, 164, 141]
10: [128, 153, 154, 155, 150, 156, 149, 148, 157, 147, 158, 146, 159, 160, 145, 144, 161, 162, 143, 163, 142, 164, 141]
11: [128, 153, 154, 151, 155, 150, 156, 149, 148, 157, 147, 158, 146, 159, 160, 145, 144, 161, 162, 143, 163, 142, 164, 141]
12: [128, 152, 153, 154, 151, 155, 150, 156, 149, 148, 157, 147, 158, 146, 159, 160, 145, 144, 161, 162, 143, 163, 142, 164, 141]
13: [128, 152, 153, 154, 151, 155, 150, 156, 149, 148, 157, 147, 158, 146, 159, 160, 145, 144, 161, 162, 143, 163, 142, 164, 141]
14: [153, 128, 154, 155, 156, 157, 158, 159, 160, 161, 162, 163, 164, 165]
15: [153, 141, 165]
16: [153, 142, 165]
17: [153, 143, 165]
18: [153, 144, 165]
19: [153, 145, 165]
20: [153, 146, 165]
21: [153, 147, 165]
22: [153, 148, 165]
23: [153, 149, 165]
24: [153, 150, 165]
25: [153, 151, 165]
26: [153, 152, 165]
27: []
28: [154, 128, 155, 156, 157, 158, 159, 160, 161, 162, 163, 164, 165]
29: [154, 141]
30: [154, 142]
31: [154, 143]
32: [154, 144]
33: [154, 145]
34: [154, 146]
35: [154, 147]
36: [154, 148]
37: [154, 149]
38: [154, 150]
39: [154, 151]
40: [154, 152]
41: [141, 142, 143, 144, 145, 146, 147, 148, 149, 150, 151, 152, 154, 155, 156, 157, 158, 159, 160, 161, 162, 163, 164, 165, 128]
42: [155, 128, 156, 157, 158, 159, 160, 161, 162, 163, 164, 165]
43: [155, 141]
44: [155, 142]
45: [155, 143]
46: [155, 144]
47: [155, 145]
48: [155, 146]
49: [155, 147]
50: [155, 148]
51: [155, 149]
52: [155, 150]
53: [155, 151]
54: [155, 152]
55: [141, 142, 143, 144, 145, 146, 147, 148, 149, 150, 151, 152, 155, 156, 157, 158, 159, 160, 161, 162, 163, 164, 165, 128]
56: [156, 128, 157, 158, 159, 160, 161, 162, 163, 164, 165]
57: [156, 141]
58: [156, 142]
59: [156, 143]
60: [156, 144]
61: [156, 145]
62: [156, 146]
63: [156, 147]
64: [156, 148]
65: [156, 149]
66: [156, 150]
67: [156, 151]
68: [156, 152]
69: [141, 142, 143, 144, 145, 146, 147, 148, 149, 150, 151, 152, 156, 157, 158, 159, 160, 161, 162, 163, 164, 165, 128]
70: [157, 128, 158, 159, 160, 161, 162, 163, 164, 165]
71: [157, 141]
72: [157, 142]
73: [157, 143]
74: [157, 144]
75: [157, 145]
76: [157, 146]
77: [157, 147]
78: [157, 148]
79: [157, 149]
80: [157, 150]
81: [157, 151]
82: [157, 152]
83: [141, 142, 143, 144, 145, 146, 147, 148, 149, 150, 151, 152, 157, 158, 159, 160, 161, 162, 163, 164, 165, 128]
84: [158, 128, 159, 160, 161, 162, 163, 164, 165]
85: [158, 141]
86: [158, 142]
87: [158, 143]
88: [158, 144]
89: [158, 145]
90: [158, 146]
91: [158, 147]
92: [158, 148]
93: [158, 149]
94: [158, 150]
95: [158, 151]
96: [158, 152]
97: [141, 142, 143, 144, 145, 146, 147, 148, 149, 150, 151, 152, 158, 159, 160, 161, 162, 163, 164, 165, 128]
98: [159, 128, 160, 161, 162, 163, 164, 165]
99: [159, 141]
100: [159, 142]
101: [159, 143]
102: [159, 144]
103: [159, 145]
104: [159, 146]
105: [159, 147]
106: [159, 148]
107: [159, 149]
108: [159, 150]
109: [159, 151]
110: [159, 152]
111: [141, 142, 143, 144, 145, 146, 147, 148, 149, 150, 151, 152, 159, 160, 161, 162, 163, 164, 165, 128]
112: [160, 128, 161, 162, 163, 164, 165]
113: [160, 141]
114: [160, 142]
115: [160, 143]
116: [160, 144]
117: [160, 145]
118: [160, 146]
119: [160, 147]
120: [160, 148]
121: [160, 149]
122: [160, 150]
123: [160, 151]
124: [160, 152]
125: [160, 161, 162, 163, 164, 165, 141, 142, 143, 144, 145, 146, 147, 148, 149, 150, 151, 152, 128]
126: [161, 128, 162, 163, 164, 165]
127: [161, 141]
128: [161, 142]
129: [161, 143]
130: [161, 144]
131: [161, 145]
132: [161, 146]
133: [161, 147]
134: [161, 148]
135: [161, 149]
136: [161, 150]
137: [161, 151]
138: [161, 152]
139: [161, 162, 163, 164, 165, 141, 142, 143, 144, 145, 146, 147, 148, 149, 150, 151, 152, 128]
140: [162, 128, 163, 164, 165]
141: [162, 141]
142: [162, 142]
143: [162, 143]
144: [162, 144]
145: [162, 145]
146: [162, 146]
147: [162, 147]
148: [162, 148]
149: [162, 149]
150: [162, 150]
151: [162, 151]
152: [162, 152]
153: [162, 163, 164, 165, 141, 142, 143, 144, 145, 146, 147, 148, 149, 150, 151, 152, 128]
154: [163, 128, 164, 165]
155: [163, 141]
156: [163, 142]
157: [163, 143]
158: [163, 144]
159: [163, 145]
160: [163, 146]
161: [163, 147]
162: [163, 148]
163: [163, 149]
164: [163, 150]
165: [163, 151]
166: [163, 152]
167: [163, 164, 165, 141, 142, 143, 144, 145, 146, 147, 148, 149, 150, 151, 152, 128]
168: [164, 128, 165]
169: [164, 141]
170: [164, 142]
171: [164, 143]
172: [164, 144]
173: [164, 145]
174: [164, 146]
175: [164, 147]
176: [164, 148]
177: [164, 149]
178: [164, 150]
179: [164, 151]
180: [164, 152]
181: [164, 165, 141, 142, 143, 144, 145, 146, 147, 148, 149, 150, 151, 152, 128]
182: [165, 128]
183: [141, 165, 128]
184: [141, 142, 165, 128]
185: [165, 141, 142, 143, 128]
186: [165, 141, 142, 143, 144, 128]
187: [165, 141, 142, 143, 144, 145, 128]
188: [165, 141, 142, 143, 144, 145, 146, 128]
189: [165, 141, 142, 143, 144, 145, 146, 147, 128]
190: [165, 141, 142, 143, 144, 145, 146, 147, 148, 128]
191: [165, 141, 142, 143, 144, 145, 146, 147, 148, 149, 128]
192: [165, 141, 142, 143, 144, 145, 146, 147, 148, 149, 150, 128]
193: [165, 141, 142, 143, 144, 145, 146, 147, 148, 149, 150, 151, 128]
194: [165, 141, 142, 143, 144, 145, 146, 147, 148, 149, 150, 151, 152, 128]
195: [165, 141, 142, 143, 144, 145, 146, 147, 148, 149, 150, 151, 152, 128]
28
0: [129, 130, 131, 132, 133, 134, 135, 136, 137, 138, 139, 140, 154, 155, 156, 157, 158, 159, 160, 161, 162, 163, 164, 128]
1: [129, 130, 131, 132, 133, 134, 135, 136, 137, 138, 139, 140, 154, 155, 156, 157, 158, 159, 160, 161, 162, 163, 164, 128]
2: [130, 131, 132, 133, 134, 135, 136, 137, 138, 139, 140, 154, 155, 156, 157, 158, 159, 160, 161, 162, 163, 164, 128]
3: [131, 132, 133, 134, 135, 136, 137, 138, 139, 140, 154, 155, 156, 157, 158, 159, 160, 161, 162, 163, 164, 128]
4: [132, 133, 134, 135, 136, 137, 138, 139, 140, 154, 155, 156, 157, 158, 159, 160, 161, 162, 163, 164, 128]
5: [133, 134, 135, 136, 137, 138, 139, 140, 154, 155, 156, 157, 158, 159, 160, 161, 162, 163, 164, 128]
6: [160, 161, 162, 163, 164, 134, 135, 136, 137, 138, 139, 140, 154, 155, 156, 157, 158, 159, 128]
7: [160, 161, 162, 163, 164, 135, 136, 137, 138, 139, 140, 154, 155, 156, 157, 158, 159, 128]
8: [160, 161, 162, 163, 164, 136, 137, 138, 139, 140, 154, 155, 156, 157, 158, 159, 128]
9: [160, 161, 162, 163, 164, 137, 138, 139, 140, 154, 155, 156, 157, 158, 159, 128]
10: [160, 161, 162, 163, 164, 138, 139, 140, 154, 155, 156, 157, 158, 159, 128]
11: [160, 161, 162, 163, 164, 139, 140, 154, 155, 156, 157, 158, 159, 128]
12: [160, 161, 162, 163, 164, 140, 154, 155, 156, 157, 158, 159, 128]
13: [160, 161, 162, 163, 164, 154, 155, 156, 157, 158, 159, 128]
14: [129, 130, 131, 132, 133, 134, 135, 136, 137, 138, 139, 140, 154, 155, 156, 157, 158, 159, 160, 161, 162, 163, 164, 165, 128]
15: [165, 129]
16: [165, 130]
17: [165, 131]
18: [165, 132]
19: [165, 133]
20: [165, 134]
21: [165, 135]
22: [165, 136]
23: [165, 137]
24: [165, 138]
25: [165, 139]
26: [165, 140]
27: [165, 160, 161, 162, 163, 164, 154, 155, 156, 157, 158, 159, 128]
28: []
29: [166, 129, 154]
30: [166, 130, 154]
31: [166, 131, 154]
32: [166, 132, 154]
33: [166, 133, 154]
34: [166, 134, 154]
35: [166, 135, 154]
36: [166, 136, 154]
37: [166, 137, 154]
38: [166, 138, 154]
39: [166, 139, 154]
40: [166, 140, 154]
41: [166, 165, 160, 161, 162, 163, 164, 154, 155, 156, 157, 158, 159, 128]
42: [128, 129, 130, 131, 155, 156, 132, 133, 157, 158, 134, 159, 135, 136, 160, 137, 161, 162, 138, 139, 163, 166, 164, 140, 165]
43: [129, 155]
44: [130, 155]
45: [131, 155]
46: [132, 155]
47: [133, 155]
48: [134, 155]
49: [135, 155]
50: [136, 155]
51: [137, 155]
52: [138, 155]
53: [139, 155]
54: [140, 155]
55: [166, 165, 160, 161, 162, 163, 164, 155, 156, 157, 158, 159, 128]
56: [128, 129, 130, 131, 156, 132, 133, 157, 158, 134, 159, 135, 136, 160, 137, 161, 162, 138, 139, 163, 166, 164, 140, 165]
57: [129, 156]
58: [130, 156]
59: [131, 156]
60: [132, 156]
61: [133, 156]
62: [134, 156]
63: [135, 156]
64: [136, 156]
65: [137, 156]
66: [138, 156]
67: [139, 156]
68: [140, 156]
69: [166, 165, 160, 161, 162, 163, 164, 156, 157, 158, 159, 128]
70: [128, 129, 130, 131, 132, 133, 157, 158, 134, 159, 135, 136, 160, 137, 161, 162, 138, 139, 163, 166, 164, 140, 165]
71: [129, 157]
72: [130, 157]
73: [131, 157]
74: [132, 157]
75: [133, 157]
76: [134, 157]
77: [135, 157]
78: [136, 157]
79: [137, 157]
80: [138, 157]
81: [139, 157]
82: [140, 157]
83: [166, 165, 160, 161, 162, 163, 164, 157, 158, 159, 128]
84: [128, 129, 130, 131, 132, 133, 158, 134, 159, 135, 136, 160, 137, 161, 162, 138, 139, 163, 166, 164, 140, 165]
85: [129, 158]
86: [130, 158]
87: [131, 158]
88: [132, 158]
89: [133, 158]
90: [134, 158]
91: [135, 158]
92: [136, 158]
93: [137, 158]
94: [138, 158]
95: [139, 158]
96: [140, 158]
97: [166, 165, 160, 161, 162, 163, 164, 158, 159, 128]
98: [128, 129, 130, 131, 132, 133, 134, 159, 135, 136, 160, 137, 161, 162, 138, 139, 163, 166, 164, 140, 165]
99: [129, 159]
100: [130, 159]
101: [131, 159]
102: [132, 159]
103: [133, 159]
104: [134, 159]
105: [135, 159]
106: [136, 159]
107: [137, 159]
108: [138, 159]
109: [139, 159]
110: [140, 159]
111: [166, 165, 160, 161, 162, 163, 164, 159, 128]
112: [128, 129, 130, 131, 132, 133, 134, 135, 136, 160, 137, 161, 162, 138, 139, 163, 166, 164, 140, 165]
113: [129, 160]
114: [130, 160]
115: [131, 160]
116: [132, 160]
117: [133, 160]
118: [134, 160]
119: [135, 160]
120: [136, 160]
121: [137, 160]
122: [138, 160]
123: [139, 160]
124: [140, 160]
125: [166, 165, 160, 161, 162, 163, 164, 128]
126: [128, 129, 130, 131, 132, 133, 134, 135, 136, 137, 161, 162, 138, 139, 163, 166, 164, 140, 165]
127: [129, 161]
128: [130, 161]
129: [131, 161]
130: [132, 161]
131: [133, 161]
132: [134, 161]
133: [135, 161]
134: [136, 161]
135: [137, 161]
136: [138, 161]
137: [139, 161]
138: [140, 161]
139: [166, 165, 161, 162, 163, 164, 128]
140: [128, 129, 130, 131, 132, 133, 134, 135, 136, 137, 162, 138, 139, 163, 166, 164, 140, 165]
141: [129, 162]
142: [130, 162]
143: [131, 162]
144: [132, 162]
145: [133, 162]
146: [134, 162]
147: [135, 162]
148: [136, 162]
149: [137, 162]
150: [138, 162]
151: [139, 162]
152: [140, 162]
153: [166, 165, 162, 163, 164, 128]
154: [128, 129, 130, 131, 132, 133, 134, 135, 136, 137, 138, 139, 163, 166, 164, 140, 165]
155: [129, 163]
156: [130, 163]
157: [131, 163]
158: [132, 163]
159: [133, 163]
160: [134, 163]
161: [135, 163]
162: [136, 163]
163: [137, 163]
164: [138, 163]
165: [139, 163]
166: [140, 163]
167: [166, 165, 128, 163, 164]
168: [128, 129, 130, 131, 132, 133, 134, 135, 136, 137, 138, 139, 166, 164, 140, 165]
169: [129, 164]
170: [130, 164]
171: [131, 164]
172: [132, 164]
173: [133, 164]
174: [134, 164]
175: [135, 164]
176: [136, 164]
177: [137, 164]
178: [138, 164]
179: [139, 164]
180: [140, 164]
181: [166, 128, 165, 164]
182: [128, 129, 130, 131, 132, 133, 134, 135, 136, 137, 138, 139, 166, 140, 165]
183: [128, 129, 130, 131, 132, 133, 134, 135, 136, 137, 138, 139, 166, 140, 165]
184: [128, 130, 131, 132, 133, 134, 135, 136, 137, 138, 139, 166, 140, 165]
185: [128, 131, 132, 133, 134, 135, 136, 137, 138, 139, 166, 140, 165]
186: [128, 132, 133, 134, 135, 136, 137, 138, 139, 166, 140, 165]
187: [128, 133, 134, 135, 136, 137, 138, 139, 166, 140, 165]
188: [128, 134, 135, 136, 137, 138, 139, 166, 140, 165]
189: [128, 135, 136, 137, 138, 139, 166, 140, 165]
190: [128, 136, 137, 138, 139, 166, 140, 165]
191: [128, 137, 138, 139, 166, 140, 165]
192: [128, 138, 139, 166, 140, 165]
193: [128, 139, 166, 140, 165]
194: [128, 166, 140, 165]
195: [128, 166, 165]
29
0: [154, 129]
1: [141, 154, 129]
2: [141, 154]
3: [141, 154]
4: [141, 154]
5: [141, 154]
6: [141, 154]
7: [141, 154]
8: [141, 154]
9: [141, 154]
10: [141, 154]
11: [141, 154]
12: [141, 154]
13: [141, 154]
14: [154, 129]
15: [88, 89, 90, 91, 92, 93, 94, 95, 96, 97, 108, 109, 110, 111, 112, 113, 114, 115, 116, 117, 87]
16: [88, 89, 90, 91, 92, 93, 94, 95, 96, 97, 108, 109, 110, 111, 112, 113, 114, 115, 116, 117, 87]
17: [89, 90, 91, 92, 93, 94, 95, 96, 97, 108, 109, 110, 111, 112, 113, 114, 115, 116, 117, 87]
18: [96, 97, 108, 109, 110, 111, 112, 113, 114, 115, 116, 117, 90, 91, 92, 93, 94, 95, 87]
19: [96, 97, 108, 109, 110, 111, 112, 113, 114, 115, 116, 117, 91, 92, 93, 94, 95, 87]
20: [96, 97, 108, 109, 110, 111, 112, 113, 114, 115, 116, 117, 92, 93, 94, 95, 87]
21: [96, 97, 108, 109, 110, 111, 112, 113, 114, 115, 116, 117, 93, 94, 95, 87]
22: [96, 97, 108, 109, 110, 111, 112, 113, 114, 115, 116, 117, 94, 95, 87]
23: [96, 97, 108, 109, 110, 111, 112, 113, 114, 115, 116, 117, 95, 87]
24: [96, 97, 108, 109, 110, 111, 112, 113, 114, 115, 116, 117, 87]
25: [97, 108, 109, 110, 111, 112, 113, 114, 115, 116, 117, 87]
26: [108, 109, 110, 111, 112, 113, 114, 115, 116, 117, 87]
27: [141, 154]
28: [154, 129, 166]
29: []
30: [118, 88, 108]
31: [118, 89, 108]
32: [118, 90, 108]
33: [118, 91, 108]
34: [118, 92, 108]
35: [118, 93, 108]
36: [118, 94, 108]
37: [118, 95, 108]
38: [118, 96, 108]
39: [118, 97, 108]
40: [118, 108, 109, 110, 111, 112, 113, 114, 115, 116, 117, 87]
41: [166, 141, 154]
42: [129, 166]
43: [87, 88, 89, 109, 90, 110, 91, 111, 112, 92, 113, 93, 114, 94, 115, 95, 96, 116, 97, 117, 118]
44: [88, 109]
45: [89, 109]
46: [90, 109]
47: [91, 109]
48: [92, 109]
49: [93, 109]
50: [94, 109]
51: [95, 109]
52: [96, 109]
53: [97, 109]
54: [118, 109, 110, 111, 112, 113, 114, 115, 116, 117, 87]
55: [166, 141]
56: [129, 166]
57: [87, 88, 89, 90, 110, 91, 111, 112, 92, 113, 93, 114, 94, 115, 95, 96, 116, 97, 117, 118]
58: [88, 110]
59: [89, 110]
60: [90, 110]
61: [91, 110]
62: [92, 110]
63: [93, 110]
64: [94, 110]
65: [95, 110]
66: [96, 110]
67: [97, 110]
68: [118, 110, 111, 112, 113, 114, 115, 116, 117, 87]
69: [166, 141]
70: [129, 166]
71: [87, 88, 89, 90, 91, 111, 112, 92, 113, 93, 114, 94, 115, 95, 96, 116, 97, 117, 118]
72: [88, 111]
73: [89, 111]
74: [90, 111]
75: [91, 111]
76: [92, 111]
77: [93, 111]
78: [94, 111]
79: [95, 111]
80: [96, 111]
81: [97, 111]
82: [118, 111, 112, 113, 114, 115, 116, 117, 87]
83: [166, 141]
84: [129, 166]
85: [87, 88, 89, 90, 91, 112, 92, 113, 93, 114, 94, 115, 95, 96, 116, 97, 117, 118]
86: [88, 112]
87: [89, 112]
88: [90, 112]
89: [91, 112]
90: [92, 112]
91: [93, 112]
92: [94, 112]
93: [95, 112]
94: [96, 112]
95: [97, 112]
96: [118, 112, 113, 114, 115, 116, 117, 87]
97: [166, 141]
98: [129, 166]
99: [87, 88, 89, 90, 91, 92, 113, 93, 114, 94, 115, 95, 96, 116, 97, 117, 118]
100: [88, 113]
101: [89, 113]
102: [90, 113]
103: [91, 113]
104: [92, 113]
105: [93, 113]
106: [94, 113]
107: [95, 113]
108: [96, 113]
109: [97, 113]
110: [118, 113, 114, 115, 116, 117, 87]
111: [166, 141]
112: [129, 166]
113: [87, 88, 89, 90, 91, 92, 93, 114, 94, 115, 95, 96, 116, 97, 117, 118]
114: [88, 114]
115: [89, 114]
116: [90, 114]
117: [91, 114]
118: [92, 114]
119: [93, 114]
120: [94, 114]
121: [95, 114]
122: [96, 114]
123: [97, 114]
124: [118, 114, 115, 116, 117, 87]
125: [166, 141]
126: [129, 166]
127: [87, 88, 89, 90, 91, 92, 93, 94, 115, 95, 96, 116, 97, 117, 118]
128: [88, 115]
129: [89, 115]
130: [90, 115]
131: [91, 115]
132: [92, 115]
133: [93, 115]
134: [94, 115]
135: [95, 115]
136: [96, 115]
137: [97, 115]
138: [118, 115, 116, 117, 87]
139: [166, 141]
140: [129, 166]
141: [87, 88, 89, 90, 91, 92, 93, 94, 95, 96, 116, 97, 117, 118]
142: [88, 116]
143: [89, 116]
144: [90, 116]
145: [91, 116]
146: [92, 116]
147: [93, 116]
148: [94, 116]
149: [95, 116]
150: [96, 116]
151: [97, 116]
152: [118, 116, 117, 87]
153: [166, 141]
154: [129, 166]
155: [87, 88, 89, 90, 91, 92, 93, 94, 95, 96, 97, 117, 118]
156: [88, 117]
157: [89, 117]
158: [90, 117]
159: [91, 117]
160: [92, 117]
161: [93, 117]
162: [94, 117]
163: [95, 117]
164: [96, 117]
165: [97, 117]
166: [118, 117, 87]
167: [166, 141]
168: [129, 166]
169: [87, 88, 89, 90, 91, 92, 93, 94, 95, 96, 97, 118]
170: [87, 88, 89, 90, 91, 92, 93, 94, 95, 96, 97, 118]
171: [87, 89, 90, 91, 92, 93, 94, 95, 96, 97, 118]
172: [87, 90, 91, 92, 93, 94, 95, 96, 97, 118]
173: [87, 91, 92, 93, 94, 95, 96, 97, 118]
174: [87, 92, 93, 94, 95, 96, 97, 118]
175: [87, 93, 94, 95, 96, 97, 118]
176: [87, 94, 95, 96, 97, 118]
177: [87, 95, 96, 97, 118]
178: [87, 96, 97, 118]
179: [87, 97, 118]
180: [118, 87]
181: [166, 141]
182: [129, 166]
183: [129, 166, 141]
184: [166, 141]
185: [166, 141]
186: [166, 141]
187: [166, 141]
188: [166, 141]
189: [166, 141]
190: [166, 141]
191: [166, 141]
192: [166, 141]
193: [166, 141]
194: [166, 141]
195: [166, 141]
30
0: [154, 130]
1: [154, 130]
2: [142, 154, 130]
3: [142, 154]
4: [142, 154]
5: [142, 154]
6: [142, 154]
7: [142, 154]
8: [142, 154]
9: [142, 154]
10: [142, 154]
11: [142, 154]
12: [142, 154]
13: [142, 154]
14: [154, 130]
15: [108, 88]
16: [98, 108, 88]
17: [98, 108]
18: [98, 108]
19: [98, 108]
20: [98, 108]
21: [98, 108]
22: [98, 108]
23: [98, 108]
24: [98, 108]
25: [98, 108]
26: [98, 108]
27: [142, 154]
28: [154, 130, 166]
29: [108, 88, 118]
30: []
31: [71, 72, 73, 74, 75, 76, 77, 78, 55, 56, 57, 58, 59, 60, 61, 62, 54]
32: [71, 72, 73, 74, 75, 76, 77, 78, 56, 57, 58, 59, 60, 61, 62, 54]
33: [71, 72, 73, 74, 75, 76, 77, 78, 57, 58, 59, 60, 61, 62, 54]
34: [71, 72, 73, 74, 75, 76, 77, 78, 58, 59, 60, 61, 62, 54]
35: [71, 72, 73, 74, 75, 76, 77, 78, 59, 60, 61, 62, 54]
36: [71, 72, 73, 74, 75, 76, 77, 78, 60, 61, 62, 54]
37: [71, 72, 73, 74, 75, 76, 77, 78, 61, 62, 54]
38: [71, 72, 73, 74, 75, 76, 77, 78, 62, 54]
39: [71, 72, 73, 74, 75, 76, 77, 78, 54]
40: [118, 98, 108]
41: [166, 142, 154]
42: [130, 166]
43: [88, 118]
44: [54, 71, 55, 56, 72, 73, 57, 58, 74, 75, 59, 60, 76, 77, 61, 78, 62]
45: [55, 71]
46: [56, 71]
47: [57, 71]
48: [58, 71]
49: [59, 71]
50: [60, 71]
51: [61, 71]
52: [62, 71]
53: [71, 72, 73, 74, 75, 76, 77, 78, 54]
54: [118, 98]
55: [166, 142]
56: [130, 166]
57: [88, 118]
58: [54, 55, 56, 72, 73, 57, 58, 74, 75, 59, 60, 76, 77, 61, 78, 62]
59: [55, 72]
60: [56, 72]
61: [57, 72]
62: [58, 72]
63: [59, 72]
64: [60, 72]
65: [61, 72]
66: [62, 72]
67: [72, 73, 74, 75, 76, 77, 78, 54]
68: [118, 98]
69: [166, 142]
70: [130, 166]
71: [88, 118]
72: [54, 55, 56, 73, 57, 58, 74, 75, 59, 60, 76, 77, 61, 78, 62]
73: [55, 73]
74: [56, 73]
75: [57, 73]
76: [58, 73]
77: [59, 73]
78: [60, 73]
79: [61, 73]
80: [62, 73]
81: [73, 74, 75, 76, 77, 78, 54]
82: [118, 98]
83: [166, 142]
84: [130, 166]
85: [88, 118]
86: [54, 55, 56, 57, 58, 74, 75, 59, 60, 76, 77, 61, 78, 62]
87: [55, 74]
88: [56, 74]
89: [57, 74]
90: [58, 74]
91: [59, 74]
92: [60, 74]
93: [61, 74]
94: [62, 74]
95: [74, 75, 76, 77, 78, 54]
96: [118, 98]
97: [166, 142]
98: [130, 166]
99: [88, 118]
100: [54, 55, 56, 57, 58, 75, 59, 60, 76, 77, 61, 78, 62]
101: [55, 75]
102: [56, 75]
103: [57, 75]
104: [58, 75]
105: [59, 75]
106: [60, 75]
107: [61, 75]
108: [62, 75]
109: [75, 76, 77, 78, 54]
110: [118, 98]
111: [166, 142]
112: [130, 166]
113: [88, 118]
114: [54, 55, 56, 57, 58, 59, 60, 76, 77, 61, 78, 62]
115: [55, 76]
116: [56, 76]
117: [57, 76]
118: [58, 76]
119: [59, 76]
120: [60, 76]
121: [61, 76]
122: [62, 76]
123: [76, 77, 78, 54]
124: [118, 98]
125: [166, 142]
126: [130, 166]
127: [88, 118]
128: [54, 55, 56, 57, 58, 59, 60, 77, 61, 78, 62]
129: [55, 77]
130: [56, 77]
131: [57, 77]
132: [58, 77]
133: [59, 77]
134: [60, 77]
135: [61, 77]
136: [62, 77]
137: [77, 78, 54]
138: [118, 98]
139: [166, 142]
140: [130, 166]
141: [88, 118]
142: [54, 55, 56, 57, 58, 59, 60, 61, 78, 62]
143: [55, 78]
144: [56, 78]
145: [57, 78]
146: [58, 78]
147: [59, 78]
148: [60, 78]
149: [61, 78]
150: [62, 78]
151: [78, 54]
152: [118, 98]
153: [166, 142]
154: [130, 166]
155: [88, 118]
156: [54, 55, 56, 57, 58, 59, 60, 61, 62]
157: [54, 55, 56, 57, 58, 59, 60, 61, 62]
158: [56, 54, 57, 58, 59, 60, 61, 62]
159: [57, 54, 58, 59, 60, 61, 62]
160: [58, 54, 59, 60, 61, 62]
161: [59, 54, 60, 61, 62]
162: [60, 54, 61, 62]
163: [61, 54, 62]
164: [62, 54]
165: [54]
166: [118, 98]
167: [166, 142]
168: [130, 166]
169: [88, 118]
170: [88, 118, 98]
171: [118, 98]
172: [118, 98]
173: [118, 98]
174: [118, 98]
175: [118, 98]
176: [118, 98]
177: [118, 98]
178: [118, 98]
179: [118, 98]
180: [118, 98]
181: [166, 142]
182: [130, 166]
183: [130, 166]
184: [130, 166, 142]
185: [166, 142]
186: [166, 142]
187: [166, 142]
188: [166, 142]
189: [166, 142]
190: [166, 142]
191: [166, 142]
192: [166, 142]
193: [166, 142]
194: [166, 142]
195: [166, 142]
31
0: [154, 131]
1: [154, 131]
2: [154, 131]
3: [143, 154, 131]
4: [143, 154]
5: [143, 154]
6: [143, 154]
7: [143, 154]
8: [143, 154]
9: [143, 154]
10: [143, 154]
11: [143, 154]
12: [143, 154]
13: [143, 154]
14: [154, 131]
15: [108, 89]
16: [108, 89]
17: [99, 108, 89]
18: [99, 108]
19: [99, 108]
20: [99, 108]
21: [99, 108]
22: [99, 108]
23: [99, 108]
24: [99, 108]
25: [99, 108]
26: [99, 108]
27: [143, 154]
28: [154, 131, 166]
29: [108, 89, 118]
30: [54, 71, 55, 56, 72, 73, 57, 58, 74, 75, 59, 60, 76, 77, 61, 78, 62]
31: []
32: [71, 72, 73, 74, 75, 76, 77, 78, 56, 57, 58, 59, 60, 61, 62, 63, 54]
33: [71, 72, 73, 74, 75, 76, 77, 78, 57, 58, 59, 60, 61, 62, 63, 54]
34: [71, 72, 73, 74, 75, 76, 77, 78, 58, 59, 60, 61, 62, 63, 54]
35: [71, 72, 73, 74, 75, 76, 77, 78, 59, 60, 61, 62, 63, 54]
36: [71, 72, 73, 74, 75, 76, 77, 78, 60, 61, 62, 63, 54]
37: [71, 72, 73, 74, 75, 76, 77, 78, 61, 62, 63, 54]
38: [71, 72, 73, 74, 75, 76, 77, 78, 62, 63, 54]
39: [71, 72, 73, 74, 75, 76, 77, 78, 63, 54]
40: [118, 99, 108]
41: [166, 143, 154]
42: [131, 166]
43: [89, 118]
44: [54, 71, 55, 56, 72, 73, 57, 58, 74, 75, 59, 60, 76, 77, 61, 78, 62]
45: [55, 71, 63]
46: [56, 71]
47: [57, 71]
48: [58, 71]
49: [59, 71]
50: [60, 71]
51: [61, 71]
52: [62, 71]
53: [71, 72, 73, 74, 75, 76, 77, 78, 63, 54]
54: [118, 99]
55: [166, 143]
56: [131, 166]
57: [89, 118]
58: [54, 55, 56, 72, 73, 57, 58, 74, 75, 59, 60, 76, 77, 61, 78, 62]
59: [55, 72, 63]
60: [56, 72]
61: [57, 72]
62: [58, 72]
63: [59, 72]
64: [60, 72]
65: [61, 72]
66: [62, 72]
67: [72, 73, 74, 75, 76, 77, 78, 63, 54]
68: [118, 99]
69: [166, 143]
70: [131, 166]
71: [89, 118]
72: [54, 55, 56, 73, 57, 58, 74, 75, 59, 60, 76, 77, 61, 78, 62]
73: [55, 73, 63]
74: [56, 73]
75: [57, 73]
76: [58, 73]
77: [59, 73]
78: [60, 73]
79: [61, 73]
80: [62, 73]
81: [73, 74, 75, 76, 77, 78, 63, 54]
82: [118, 99]
83: [166, 143]
84: [131, 166]
85: [89, 118]
86: [54, 55, 56, 57, 58, 74, 75, 59, 60, 76, 77, 61, 78, 62]
87: [55, 74, 63]
88: [56, 74]
89: [57, 74]
90: [58, 74]
91: [59, 74]
92: [60, 74]
93: [61, 74]
94: [62, 74]
95: [74, 75, 76, 77, 78, 63, 54]
96: [118, 99]
97: [166, 143]
98: [131, 166]
99: [89, 118]
100: [54, 55, 56, 57, 58, 75, 59, 60, 76, 77, 61, 78, 62]
101: [55, 75, 63]
102: [56, 75]
103: [57, 75]
104: [58, 75]
105: [59, 75]
106: [60, 75]
107: [61, 75]
108: [62, 75]
109: [75, 76, 77, 78, 63, 54]
110: [118, 99]
111: [166, 143]
112: [131, 166]
113: [89, 118]
114: [54, 55, 56, 57, 58, 59, 60, 76, 77, 61, 78, 62]
115: [55, 76, 63]
116: [56, 76]
117: [57, 76]
118: [58, 76]
119: [59, 76]
120: [60, 76]
121: [61, 76]
122: [62, 76]
123: [76, 77, 78, 63, 54]
124: [118, 99]
125: [166, 143]
126: [131, 166]
127: [89, 118]
128: [54, 55, 56, 57, 58, 59, 60, 77, 61, 78, 62]
129: [55, 77, 63]
130: [56, 77]
131: [57, 77]
132: [58, 77]
133: [59, 77]
134: [60, 77]
135: [61, 77]
136: [62, 77]
137: [77, 78, 63, 54]
138: [118, 99]
139: [166, 143]
140: [131, 166]
141: [89, 118]
142: [54, 55, 56, 57, 58, 59, 60, 61, 78, 62]
143: [55, 78, 63]
144: [56, 78]
145: [57, 78]
146: [58, 78]
147: [59, 78]
148: [60, 78]
149: [61, 78]
150: [62, 78]
151: [78, 63, 54]
152: [118, 99]
153: [166, 143]
154: [131, 166]
155: [89, 118]
156: [54, 55, 56, 57, 58, 59, 60, 61, 62]
157: [55, 56, 54, 57, 58, 59, 60, 61, 62, 63]
158: [56, 57, 54, 58, 59, 60, 61, 62, 63]
159: [57, 58, 54, 59, 60, 61, 62, 63]
160: [58, 59, 54, 60, 61, 62, 63]
161: [59, 60, 54, 61, 62, 63]
162: [60, 61, 54, 62, 63]
163: [61, 62, 54, 63]
164: [62, 54, 63]
165: [63, 54]
166: [118, 99]
167: [166, 143]
168: [131, 166]
169: [89, 118]
170: [89, 118]
171: [89, 118, 99]
172: [118, 99]
173: [118, 99]
174: [118, 99]
175: [118, 99]
176: [118, 99]
177: [118, 99]
178: [118, 99]
179: [118, 99]
180: [118, 99]
181: [166, 143]
182: [131, 166]
183: [131, 166]
184: [131, 166]
185: [131, 166, 143]
186: [166, 143]
187: [166, 143]
188: [166, 143]
189: [166, 143]
190: [166, 143]
191: [166, 143]
192: [166, 143]
193: [166, 143]
194: [166, 143]
195: [166, 143]
32
0: [154, 132]
1: [154, 132]
2: [154, 132]
3: [154, 132]
4: [144, 154, 132]
5: [144, 154]
6: [144, 154]
7: [144, 154]
8: [144, 154]
9: [144, 154]
10: [144, 154]
11: [144, 154]
12: [144, 154]
13: [144, 154]
14: [154, 132]
15: [108, 90]
16: [108, 90]
17: [108, 90]
18: [100, 108, 90]
19: [100, 108]
20: [100, 108]
21: [100, 108]
22: [100, 108]
23: [100, 108]
24: [100, 108]
25: [100, 108]
26: [100, 108]
27: [144, 154]
28: [154, 132, 166]
29: [108, 90, 118]
30: [54, 71, 56, 72, 73, 57, 58, 74, 75, 59, 60, 76, 77, 61, 78, 62]
31: [54, 71, 56, 72, 73, 57, 58, 74, 75, 59, 60, 76, 77, 61, 78, 62, 63]
32: []
33: [64, 71, 72, 73, 74, 75, 76, 77, 78, 57, 58, 59, 60, 61, 62, 63, 54]
34: [64, 71, 72, 73, 74, 75, 76, 77, 78, 58, 59, 60, 61, 62, 63, 54]
35: [64, 71, 72, 73, 74, 75, 76, 77, 78, 59, 60, 61, 62, 63, 54]
36: [64, 71, 72, 73, 74, 75, 76, 77, 78, 60, 61, 62, 63, 54]
37: [64, 71, 72, 73, 74, 75, 76, 77, 78, 61, 62, 63, 54]
38: [64, 71, 72, 73, 74, 75, 76, 77, 78, 62, 63, 54]
39: [64, 71, 72, 73, 74, 75, 76, 77, 78, 63, 54]
40: [118, 100, 108]
41: [166, 144, 154]
42: [132, 166]
43: [90, 118]
44: [54, 71, 56, 72, 73, 57, 58, 74, 75, 59, 60, 76, 77, 61, 78, 62]
45: [71, 63]
46: [56, 71, 64]
47: [57, 71]
48: [58, 71]
49: [59, 71]
50: [60, 71]
51: [61, 71]
52: [62, 71]
53: [64, 71, 72, 73, 74, 75, 76, 77, 78, 63, 54]
54: [118, 100]
55: [166, 144]
56: [132, 166]
57: [90, 118]
58: [54, 56, 72, 73, 57, 58, 74, 75, 59, 60, 76, 77, 61, 78, 62]
59: [72, 63]
60: [56, 72, 64]
61: [57, 72]
62: [58, 72]
63: [59, 72]
64: [60, 72]
65: [61, 72]
66: [62, 72]
67: [64, 72, 73, 74, 75, 76, 77, 78, 63, 54]
68: [118, 100]
69: [166, 144]
70: [132, 166]
71: [90, 118]
72: [54, 56, 73, 57, 58, 74, 75, 59, 60, 76, 77, 61, 78, 62]
73: [73, 63]
74: [56, 73, 64]
75: [57, 73]
76: [58, 73]
77: [59, 73]
78: [60, 73]
79: [61, 73]
80: [62, 73]
81: [64, 73, 74, 75, 76, 77, 78, 63, 54]
82: [118, 100]
83: [166, 144]
84: [132, 166]
85: [90, 118]
86: [54, 56, 57, 58, 74, 75, 59, 60, 76, 77, 61, 78, 62]
87: [74, 63]
88: [56, 74, 64]
89: [57, 74]
90: [58, 74]
91: [59, 74]
92: [60, 74]
93: [61, 74]
94: [62, 74]
95: [64, 74, 75, 76, 77, 78, 63, 54]
96: [118, 100]
97: [166, 144]
98: [132, 166]
99: [90, 118]
100: [54, 56, 57, 58, 75, 59, 60, 76, 77, 61, 78, 62]
101: [75, 63]
102: [56, 75, 64]
103: [57, 75]
104: [58, 75]
105: [59, 75]
106: [60, 75]
107: [61, 75]
108: [62, 75]
109: [64, 75, 76, 77, 78, 63, 54]
110: [118, 100]
111: [166, 144]
112: [132, 166]
113: [90, 118]
114: [54, 56, 57, 58, 59, 60, 76, 77, 61, 78, 62]
115: [76, 63]
116: [56, 76, 64]
117: [57, 76]
118: [58, 76]
119: [59, 76]
120: [60, 76]
121: [61, 76]
122: [62, 76]
123: [64, 76, 77, 78, 63, 54]
124: [118, 100]
125: [166, 144]
126: [132, 166]
127: [90, 118]
128: [54, 56, 57, 58, 59, 60, 77, 61, 78, 62]
129: [77, 63]
130: [56, 77, 64]
131: [57, 77]
132: [58, 77]
133: [59, 77]
134: [60, 77]
135: [61, 77]
136: [62, 77]
137: [64, 77, 78, 63, 54]
138: [118, 100]
139: [166, 144]
140: [132, 166]
141: [90, 118]
142: [54, 56, 57, 58, 59, 60, 61, 78, 62]
143: [78, 63]
144: [56, 78, 64]
145: [57, 78]
146: [58, 78]
147: [59, 78]
148: [60, 78]
149: [61, 78]
150: [62, 78]
151: [64, 78, 63, 54]
152: [118, 100]
153: [166, 144]
154: [132, 166]
155: [90, 118]
156: [56, 54, 57, 58, 59, 60, 61, 62]
157: [56, 57, 54, 58, 59, 60, 61, 62, 63]
158: [56, 57, 58, 54, 59, 60, 61, 62, 64, 63]
159: [57, 58, 59, 54, 60, 61, 62, 64, 63]
160: [58, 59, 60, 54, 61, 62, 64, 63]
161: [59, 60, 61, 54, 62, 64, 63]
162: [60, 61, 62, 54, 64, 63]
163: [61, 62, 64, 54, 63]
164: [62, 64, 63, 54]
165: [64, 63, 54]
166: [118, 100]
167: [166, 144]
168: [132, 166]
169: [90, 118]
170: [90, 118]
171: [90, 118]
172: [90, 118, 100]
173: [118, 100]
174: [118, 100]
175: [118, 100]
176: [118, 100]
177: [118, 100]
178: [118, 100]
179: [118, 100]
180: [118, 100]
181: [166, 144]
182: [132, 166]
183: [132, 166]
184: [132, 166]
185: [132, 166]
186: [132, 166, 144]
187: [166, 144]
188: [166, 144]
189: [166, 144]
190: [166, 144]
191: [166, 144]
192: [166, 144]
193: [166, 144]
194: [166, 144]
195: [166, 144]
33
0: [154, 133]
1: [154, 133]
2: [154, 133]
3: [154, 133]
4: [154, 133]
5: [145, 154, 133]
6: [145, 154]
7: [145, 154]
8: [145, 154]
9: [145, 154]
10: [145, 154]
11: [145, 154]
12: [145, 154]
13: [145, 154]
14: [154, 133]
15: [108, 91]
16: [108, 91]
17: [108, 91]
18: [108, 91]
19: [101, 108, 91]
20: [101, 108]
21: [101, 108]
22: [101, 108]
23: [101, 108]
24: [101, 108]
25: [101, 108]
26: [101, 108]
27: [145, 154]
28: [154, 133, 166]
29: [108, 91, 118]
30: [54, 71, 72, 73, 57, 58, 74, 75, 59, 60, 76, 77, 61, 78, 62]
31: [54, 71, 72, 73, 57, 58, 74, 75, 59, 60, 76, 77, 61, 78, 62, 63]
32: [54, 71, 72, 73, 57, 58, 74, 75, 59, 60, 76, 64, 77, 61, 78, 62, 63]
33: []
34: [64, 65, 71, 72, 73, 74, 75, 76, 77, 78, 58, 59, 60, 61, 62, 63, 54]
35: [64, 65, 71, 72, 73, 74, 75, 76, 77, 78, 59, 60, 61, 62, 63, 54]
36: [64, 65, 71, 72, 73, 74, 75, 76, 77, 78, 60, 61, 62, 63, 54]
37: [64, 65, 71, 72, 73, 74, 75, 76, 77, 78, 61, 62, 63, 54]
38: [64, 65, 71, 72, 73, 74, 75, 76, 77, 78, 62, 63, 54]
39: [64, 65, 71, 72, 73, 74, 75, 76, 77, 78, 63, 54]
40: [118, 101, 108]
41: [166, 145, 154]
42: [133, 166]
43: [91, 118]
44: [54, 71, 72, 73, 57, 58, 74, 75, 59, 60, 76, 77, 61, 78, 62]
45: [71, 63]
46: [71, 64]
47: [57, 71, 65]
48: [58, 71]
49: [59, 71]
50: [60, 71]
51: [61, 71]
52: [62, 71]
53: [64, 65, 71, 72, 73, 74, 75, 76, 77, 78, 63, 54]
54: [118, 101]
55: [166, 145]
56: [133, 166]
57: [91, 118]
58: [54, 72, 73, 57, 58, 74, 75, 59, 60, 76, 77, 61, 78, 62]
59: [72, 63]
60: [72, 64]
61: [57, 72, 65]
62: [58, 72]
63: [59, 72]
64: [60, 72]
65: [61, 72]
66: [62, 72]
67: [64, 65, 72, 73, 74, 75, 76, 77, 78, 63, 54]
68: [118, 101]
69: [166, 145]
70: [133, 166]
71: [91, 118]
72: [54, 73, 57, 58, 74, 75, 59, 60, 76, 77, 61, 78, 62]
73: [73, 63]
74: [73, 64]
75: [57, 73, 65]
76: [58, 73]
77: [59, 73]
78: [60, 73]
79: [61, 73]
80: [62, 73]
81: [64, 65, 73, 74, 75, 76, 77, 78, 63, 54]
82: [118, 101]
83: [166, 145]
84: [133, 166]
85: [91, 118]
86: [54, 57, 58, 74, 75, 59, 60, 76, 77, 61, 78, 62]
87: [74, 63]
88: [74, 64]
89: [57, 74, 65]
90: [58, 74]
91: [59, 74]
92: [60, 74]
93: [61, 74]
94: [62, 74]
95: [64, 65, 74, 75, 76, 77, 78, 63, 54]
96: [118, 101]
97: [166, 145]
98: [133, 166]
99: [91, 118]
100: [54, 57, 58, 75, 59, 60, 76, 77, 61, 78, 62]
101: [75, 63]
102: [75, 64]
103: [57, 75, 65]
104: [58, 75]
105: [59, 75]
106: [60, 75]
107: [61, 75]
108: [62, 75]
109: [64, 65, 75, 76, 77, 78, 63, 54]
110: [118, 101]
111: [166, 145]
112: [133, 166]
113: [91, 118]
114: [54, 57, 58, 59, 60, 76, 77, 61, 78, 62]
115: [76, 63]
116: [76, 64]
117: [57, 76, 65]
118: [58, 76]
119: [59, 76]
120: [60, 76]
121: [61, 76]
122: [62, 76]
123: [64, 65, 76, 77, 78, 63, 54]
124: [118, 101]
125: [166, 145]
126: [133, 166]
127: [91, 118]
128: [54, 57, 58, 59, 60, 77, 61, 78, 62]
129: [77, 63]
130: [77, 64]
131: [57, 77, 65]
132: [58, 77]
133: [59, 77]
134: [60, 77]
135: [61, 77]
136: [62, 77]
137: [64, 65, 77, 78, 63, 54]
138: [118, 101]
139: [166, 145]
140: [133, 166]
141: [91, 118]
142: [54, 57, 58, 59, 60, 61, 78, 62]
143: [78, 63]
144: [78, 64]
145: [57, 78, 65]
146: [58, 78]
147: [59, 78]
148: [60, 78]
149: [61, 78]
150: [62, 78]
151: [64, 65, 78, 63, 54]
152: [118, 101]
153: [166, 145]
154: [133, 166]
155: [91, 118]
156: [57, 54, 58, 59, 60, 61, 62]
157: [57, 58, 54, 59, 60, 61, 62, 63]
158: [57, 58, 59, 54, 60, 61, 62, 64, 63]
159: [57, 58, 59, 60, 54, 61, 62, 64, 65, 63]
160: [58, 59, 60, 61, 54, 62, 64, 65, 63]
161: [59, 60, 61, 62, 54, 64, 65, 63]
162: [60, 61, 62, 64, 65, 54, 63]
163: [61, 62, 64, 65, 63, 54]
164: [62, 64, 65, 63, 54]
165: [64, 65, 63, 54]
166: [118, 101]
167: [166, 145]
168: [133, 166]
169: [91, 118]
170: [91, 118]
171: [91, 118]
172: [91, 118]
173: [91, 118, 101]
174: [118, 101]
175: [118, 101]
176: [118, 101]
177: [118, 101]
178: [118, 101]
179: [118, 101]
180: [118, 101]
181: [166, 145]
182: [133, 166]
183: [133, 166]
184: [133, 166]
185: [133, 166]
186: [133, 166]
187: [133, 166, 145]
188: [166, 145]
189: [166, 145]
190: [166, 145]
191: [166, 145]
192: [166, 145]
193: [166, 145]
194: [166, 145]
195: [166, 145]
34
0: [154, 134]
1: [154, 134]
2: [154, 134]
3: [154, 134]
4: [154, 134]
5: [154, 134]
6: [146, 154, 134]
7: [146, 154]
8: [146, 154]
9: [146, 154]
10: [146, 154]
11: [146, 154]
12: [146, 154]
13: [146, 154]
14: [154, 134]
15: [108, 92]
16: [108, 92]
17: [108, 92]
18: [108, 92]
19: [108, 92]
20: [102, 108, 92]
21: [102, 108]
22: [102, 108]
23: [102, 108]
24: [102, 108]
25: [102, 108]
26: [102, 108]
27: [146, 154]
28: [154, 134, 166]
29: [108, 92, 118]
30: [54, 71, 72, 73, 58, 74, 75, 59, 60, 76, 77, 61, 78, 62]
31: [54, 71, 72, 73, 58, 74, 75, 59, 60, 76, 77, 61, 78, 62, 63]
32: [54, 71, 72, 73, 58, 74, 75, 59, 60, 76, 64, 77, 61, 78, 62, 63]
33: [54, 71, 72, 73, 58, 74, 75, 59, 65, 60, 76, 64, 77, 61, 78, 62, 63]
34: []
35: [64, 65, 66, 71, 72, 73, 74, 75, 76, 77, 78, 59, 60, 61, 62, 63, 54]
36: [64, 65, 66, 71, 72, 73, 74, 75, 76, 77, 78, 60, 61, 62, 63, 54]
37: [64, 65, 66, 71, 72, 73, 74, 75, 76, 77, 78, 61, 62, 63, 54]
38: [64, 65, 66, 71, 72, 73, 74, 75, 76, 77, 78, 62, 63, 54]
39: [64, 65, 66, 71, 72, 73, 74, 75, 76, 77, 78, 63, 54]
40: [118, 102, 108]
41: [166, 146, 154]
42: [134, 166]
43: [92, 118]
44: [54, 71, 72, 73, 58, 74, 75, 59, 60, 76, 77, 61, 78, 62]
45: [71, 63]
46: [71, 64]
47: [71, 65]
48: [58, 71, 66]
49: [59, 71]
50: [60, 71]
51: [61, 71]
52: [62, 71]
53: [64, 65, 66, 71, 72, 73, 74, 75, 76, 77, 78, 63, 54]
54: [118, 102]
55: [166, 146]
56: [134, 166]
57: [92, 118]
58: [54, 72, 73, 58, 74, 75, 59, 60, 76, 77, 61, 78, 62]
59: [72, 63]
60: [72, 64]
61: [72, 65]
62: [58, 72, 66]
63: [59, 72]
64: [60, 72]
65: [61, 72]
66: [62, 72]
67: [64, 65, 66, 72, 73, 74, 75, 76, 77, 78, 63, 54]
68: [118, 102]
69: [166, 146]
70: [134, 166]
71: [92, 118]
72: [54, 73, 58, 74, 75, 59, 60, 76, 77, 61, 78, 62]
73: [73, 63]
74: [73, 64]
75: [73, 65]
76: [58, 73, 66]
77: [59, 73]
78: [60, 73]
79: [61, 73]
80: [62, 73]
81: [64, 65, 66, 73, 74, 75, 76, 77, 78, 63, 54]
82: [118, 102]
83: [166, 146]
84: [134, 166]
85: [92, 118]
86: [54, 58, 74, 75, 59, 60, 76, 77, 61, 78, 62]
87: [74, 63]
88: [74, 64]
89: [74, 65]
90: [58, 74, 66]
91: [59, 74]
92: [60, 74]
93: [61, 74]
94: [62, 74]
95: [64, 65, 66, 74, 75, 76, 77, 78, 63, 54]
96: [118, 102]
97: [166, 146]
98: [134, 166]
99: [92, 118]
100: [54, 58, 75, 59, 60, 76, 77, 61, 78, 62]
101: [75, 63]
102: [75, 64]
103: [75, 65]
104: [58, 75, 66]
105: [59, 75]
106: [60, 75]
107: [61, 75]
108: [62, 75]
109: [64, 65, 66, 75, 76, 77, 78, 63, 54]
110: [118, 102]
111: [166, 146]
112: [134, 166]
113: [92, 118]
114: [54, 58, 59, 60, 76, 77, 61, 78, 62]
115: [76, 63]
116: [76, 64]
117: [76, 65]
118: [58, 76, 66]
119: [59, 76]
120: [60, 76]
121: [61, 76]
122: [62, 76]
123: [64, 65, 66, 76, 77, 78, 63, 54]
124: [118, 102]
125: [166, 146]
126: [134, 166]
127: [92, 118]
128: [54, 58, 59, 60, 77, 61, 78, 62]
129: [77, 63]
130: [77, 64]
131: [77, 65]
132: [58, 77, 66]
133: [59, 77]
134: [60, 77]
135: [61, 77]
136: [62, 77]
137: [64, 65, 66, 77, 78, 63, 54]
138: [118, 102]
139: [166, 146]
140: [134, 166]
141: [92, 118]
142: [54, 58, 59, 60, 61, 78, 62]
143: [78, 63]
144: [78, 64]
145: [78, 65]
146: [58, 78, 66]
147: [59, 78]
148: [60, 78]
149: [61, 78]
150: [62, 78]
151: [64, 65, 66, 78, 63, 54]
152: [118, 102]
153: [166, 146]
154: [134, 166]
155: [92, 118]
156: [58, 54, 59, 60, 61, 62]
157: [58, 59, 54, 60, 61, 62, 63]
158: [58, 59, 60, 54, 61, 62, 64, 63]
159: [58, 59, 60, 61, 54, 62, 64, 65, 63]
160: [58, 59, 60, 61, 62, 54, 64, 65, 66, 63]
161: [59, 60, 61, 62, 64, 65, 66, 54, 63]
162: [60, 61, 62, 64, 65, 66, 63, 54]
163: [61, 62, 64, 65, 66, 63, 54]
164: [62, 64, 65, 66, 63, 54]
165: [64, 65, 66, 63, 54]
166: [118, 102]
167: [166, 146]
168: [134, 166]
169: [92, 118]
170: [92, 118]
171: [92, 118]
172: [92, 118]
173: [92, 118]
174: [92, 118, 102]
175: [118, 102]
176: [118, 102]
177: [118, 102]
178: [118, 102]
179: [118, 102]
180: [118, 102]
181: [166, 146]
182: [134, 166]
183: [134, 166]
184: [134, 166]
185: [134, 166]
186: [134, 166]
187: [134, 166]
188: [134, 166, 146]
189: [166, 146]
190: [166, 146]
191: [166, 146]
192: [166, 146]
193: [166, 146]
194: [166, 146]
195: [166, 146]
35
0: [154, 135]
1: [154, 135]
2: [154, 135]
3: [154, 135]
4: [154, 135]
5: [154, 135]
6: [154, 135]
7: [147, 154, 135]
8: [147, 154]
9: [147, 154]
10: [147, 154]
11: [147, 154]
12: [147, 154]
13: [147, 154]
14: [154, 135]
15: [108, 93]
16: [108, 93]
17: [108, 93]
18: [108, 93]
19: [108, 93]
20: [108, 93]
21: [103, 108, 93]
22: [103, 108]
23: [103, 108]
24: [103, 108]
25: [103, 108]
26: [103, 108]
27: [147, 154]
28: [154, 135, 166]
29: [108, 93, 118]
30: [54, 71, 72, 73, 74, 75, 59, 60, 76, 77, 61, 78, 62]
31: [54, 71, 72, 73, 74, 75, 59, 60, 76, 77, 61, 78, 62, 63]
32: [54, 71, 72, 73, 74, 75, 59, 60, 76, 64, 77, 61, 78, 62, 63]
33: [54, 71, 72, 73, 74, 75, 59, 65, 60, 76, 64, 77, 61, 78, 62, 63]
34: [54, 71, 72, 73, 74, 75, 66, 59, 65, 60, 76, 64, 77, 61, 78, 62, 63]
35: []
36: [64, 65, 66, 67, 71, 72, 73, 74, 75, 76, 77, 78, 60, 61, 62, 63, 54]
37: [64, 65, 66, 67, 71, 72, 73, 74, 75, 76, 77, 78, 61, 62, 63, 54]
38: [64, 65, 66, 67, 71, 72, 73, 74, 75, 76, 77, 78, 62, 63, 54]
39: [64, 65, 66, 67, 71, 72, 73, 74, 75, 76, 77, 78, 63, 54]
40: [118, 103, 108]
41: [166, 147, 154]
42: [135, 166]
43: [93, 118]
44: [54, 71, 72, 73, 74, 75, 59, 60, 76, 77, 61, 78, 62]
45: [71, 63]
46: [71, 64]
47: [71, 65]
48: [71, 66]
49: [59, 71, 67]
50: [60, 71]
51: [61, 71]
52: [62, 71]
53: [64, 65, 66, 67, 71, 72, 73, 74, 75, 76, 77, 78, 63, 54]
54: [118, 103]
55: [166, 147]
56: [135, 166]
57: [93, 118]
58: [54, 72, 73, 74, 75, 59, 60, 76, 77, 61, 78, 62]
59: [72, 63]
60: [72, 64]
61: [72, 65]
62: [72, 66]
63: [59, 72, 67]
64: [60, 72]
65: [61, 72]
66: [62, 72]
67: [64, 65, 66, 67, 72, 73, 74, 75, 76, 77, 78, 63, 54]
68: [118, 103]
69: [166, 147]
70: [135, 166]
71: [93, 118]
72: [54, 73, 74, 75, 59, 60, 76, 77, 61, 78, 62]
73: [73, 63]
74: [73, 64]
75: [73, 65]
76: [73, 66]
77: [59, 73, 67]
78: [60, 73]
79: [61, 73]
80: [62, 73]
81: [64, 65, 66, 67, 73, 74, 75, 76, 77, 78, 63, 54]
82: [118, 103]
83: [166, 147]
84: [135, 166]
85: [93, 118]
86: [54, 74, 75, 59, 60, 76, 77, 61, 78, 62]
87: [74, 63]
88: [74, 64]
89: [74, 65]
90: [74, 66]
91: [59, 74, 67]
92: [60, 74]
93: [61, 74]
94: [62, 74]
95: [64, 65, 66, 67, 74, 75, 76, 77, 78, 63, 54]
96: [118, 103]
97: [166, 147]
98: [135, 166]
99: [93, 118]
100: [54, 75, 59, 60, 76, 77, 61, 78, 62]
101: [75, 63]
102: [75, 64]
103: [75, 65]
104: [75, 66]
105: [59, 75, 67]
106: [60, 75]
107: [61, 75]
108: [62, 75]
109: [64, 65, 66, 67, 75, 76, 77, 78, 63, 54]
110: [118, 103]
111: [166, 147]
112: [135, 166]
113: [93, 118]
114: [54, 59, 60, 76, 77, 61, 78, 62]
115: [76, 63]
116: [76, 64]
117: [76, 65]
118: [76, 66]
119: [59, 76, 67]
120: [60, 76]
121: [61, 76]
122: [62, 76]
123: [64, 65, 66, 67, 76, 77, 78, 63, 54]
124: [118, 103]
125: [166, 147]
126: [135, 166]
127: [93, 118]
128: [54, 59, 60, 77, 61, 78, 62]
129: [77, 63]
130: [77, 64]
131: [77, 65]
132: [77, 66]
133: [59, 77, 67]
134: [60, 77]
135: [61, 77]
136: [62, 77]
137: [64, 65, 66, 67, 77, 78, 63, 54]
138: [118, 103]
139: [166, 147]
140: [135, 166]
141: [93, 118]
142: [54, 59, 60, 61, 78, 62]
143: [78, 63]
144: [78, 64]
145: [78, 65]
146: [78, 66]
147: [59, 78, 67]
148: [60, 78]
149: [61, 78]
150: [62, 78]
151: [64, 65, 66, 67, 78, 63, 54]
152: [118, 103]
153: [166, 147]
154: [135, 166]
155: [93, 118]
156: [59, 54, 60, 61, 62]
157: [59, 60, 54, 61, 62, 63]
158: [59, 60, 61, 54, 62, 64, 63]
159: [59, 60, 61, 62, 54, 64, 65, 63]
160: [59, 60, 61, 62, 64, 65, 66, 54, 63]
161: [59, 60, 61, 62, 64, 65, 66, 67, 63, 54]
162: [60, 61, 62, 64, 65, 66, 67, 63, 54]
163: [61, 62, 64, 65, 66, 67, 63, 54]
164: [62, 64, 65, 66, 67, 63, 54]
165: [64, 65, 66, 67, 63, 54]
166: [118, 103]
167: [166, 147]
168: [135, 166]
169: [93, 118]
170: [93, 118]
171: [93, 118]
172: [93, 118]
173: [93, 118]
174: [93, 118]
175: [93, 118, 103]
176: [118, 103]
177: [118, 103]
178: [118, 103]
179: [118, 103]
180: [118, 103]
181: [166, 147]
182: [135, 166]
183: [135, 166]
184: [135, 166]
185: [135, 166]
186: [135, 166]
187: [135, 166]
188: [135, 166]
189: [135, 166, 147]
190: [166, 147]
191: [166, 147]
192: [166, 147]
193: [166, 147]
194: [166, 147]
195: [166, 147]
36
0: [154, 136]
1: [154, 136]
2: [154, 136]
3: [154, 136]
4: [154, 136]
5: [154, 136]
6: [154, 136]
7: [154, 136]
8: [148, 154, 136]
9: [148, 154]
10: [148, 154]
11: [148, 154]
12: [148, 154]
13: [148, 154]
14: [154, 136]
15: [108, 94]
16: [108, 94]
17: [108, 94]
18: [108, 94]
19: [108, 94]
20: [108, 94]
21: [108, 94]
22: [104, 108, 94]
23: [104, 108]
24: [104, 108]
25: [104, 108]
26: [104, 108]
27: [148, 154]
28: [154, 136, 166]
29: [108, 94, 118]
30: [54, 71, 72, 73, 74, 75, 60, 76, 77, 61, 78, 62]
31: [54, 71, 72, 73, 74, 75, 60, 76, 77, 61, 78, 62, 63]
32: [54, 71, 72, 73, 74, 75, 60, 76, 64, 77, 61, 78, 62, 63]
33: [54, 71, 72, 73, 74, 75, 65, 60, 76, 64, 77, 61, 78, 62, 63]
34: [54, 71, 72, 73, 74, 66, 75, 65, 60, 76, 64, 77, 61, 78, 62, 63]
35: [54, 71, 72, 73, 74, 67, 66, 75, 65, 60, 76, 64, 77, 61, 78, 62, 63]
36: []
37: [64, 65, 66, 67, 68, 71, 72, 73, 74, 75, 76, 77, 78, 61, 62, 63, 54]
38: [64, 65, 66, 67, 68, 71, 72, 73, 74, 75, 76, 77, 78, 62, 63, 54]
39: [64, 65, 66, 67, 68, 71, 72, 73, 74, 75, 76, 77, 78, 63, 54]
40: [118, 104, 108]
41: [166, 148, 154]
42: [136, 166]
43: [94, 118]
44: [54, 71, 72, 73, 74, 75, 60, 76, 77, 61, 78, 62]
45: [71, 63]
46: [71, 64]
47: [71, 65]
48: [71, 66]
49: [71, 67]
50: [60, 71, 68]
51: [61, 71]
52: [62, 71]
53: [64, 65, 66, 67, 68, 71, 72, 73, 74, 75, 76, 77, 78, 63, 54]
54: [118, 104]
55: [166, 148]
56: [136, 166]
57: [94, 118]
58: [54, 72, 73, 74, 75, 60, 76, 77, 61, 78, 62]
59: [72, 63]
60: [72, 64]
61: [72, 65]
62: [72, 66]
63: [72, 67]
64: [60, 72, 68]
65: [61, 72]
66: [62, 72]
67: [64, 65, 66, 67, 68, 72, 73, 74, 75, 76, 77, 78, 63, 54]
68: [118, 104]
69: [166, 148]
70: [136, 166]
71: [94, 118]
72: [54, 73, 74, 75, 60, 76, 77, 61, 78, 62]
73: [73, 63]
74: [73, 64]
75: [73, 65]
76: [73, 66]
77: [73, 67]
78: [60, 73, 68]
79: [61, 73]
80: [62, 73]
81: [64, 65, 66, 67, 68, 73, 74, 75, 76, 77, 78, 63, 54]
82: [118, 104]
83: [166, 148]
84: [136, 166]
85: [94, 118]
86: [54, 74, 75, 60, 76, 77, 61, 78, 62]
87: [74, 63]
88: [74, 64]
89: [74, 65]
90: [74, 66]
91: [74, 67]
92: [60, 74, 68]
93: [61, 74]
94: [62, 74]
95: [64, 65, 66, 67, 68, 74, 75, 76, 77, 78, 63, 54]
96: [118, 104]
97: [166, 148]
98: [136, 166]
99: [94, 118]
100: [54, 75, 60, 76, 77, 61, 78, 62]
101: [75, 63]
102: [75, 64]
103: [75, 65]
104: [75, 66]
105: [75, 67]
106: [60, 75, 68]
107: [61, 75]
108: [62, 75]
109: [64, 65, 66, 67, 68, 75, 76, 77, 78, 63, 54]
110: [118, 104]
111: [166, 148]
112: [136, 166]
113: [94, 118]
114: [54, 60, 76, 77, 61, 78, 62]
115: [76, 63]
116: [76, 64]
117: [76, 65]
118: [76, 66]
119: [76, 67]
120: [60, 76, 68]
121: [61, 76]
122: [62, 76]
123: [64, 65, 66, 67, 68, 76, 77, 78, 63, 54]
124: [118, 104]
125: [166, 148]
126: [136, 166]
127: [94, 118]
128: [54, 60, 77, 61, 78, 62]
129: [77, 63]
130: [77, 64]
131: [77, 65]
132: [77, 66]
133: [77, 67]
134: [60, 77, 68]
135: [61, 77]
136: [62, 77]
137: [64, 65, 66, 67, 68, 77, 78, 63, 54]
138: [118, 104]
139: [166, 148]
140: [136, 166]
141: [94, 118]
142: [54, 60, 61, 78, 62]
143: [78, 63]
144: [78, 64]
145: [78, 65]
146: [78, 66]
147: [78, 67]
148: [60, 78, 68]
149: [61, 78]
150: [62, 78]
151: [64, 65, 66, 67, 68, 78, 63, 54]
152: [118, 104]
153: [166, 148]
154: [136, 166]
155: [94, 118]
156: [60, 54, 61, 62]
157: [60, 61, 54, 62, 63]
158: [60, 61, 62, 54, 64, 63]
159: [60, 61, 62, 64, 65, 54, 63]
160: [60, 61, 62, 64, 65, 66, 63, 54]
161: [60, 61, 62, 64, 65, 66, 67, 63, 54]
162: [60, 61, 62, 64, 65, 66, 67, 68, 63, 54]
163: [61, 62, 64, 65, 66, 67, 68, 63, 54]
164: [62, 64, 65, 66, 67, 68, 63, 54]
165: [64, 65, 66, 67, 68, 63, 54]
166: [118, 104]
167: [166, 148]
168: [136, 166]
169: [94, 118]
170: [94, 118]
171: [94, 118]
172: [94, 118]
173: [94, 118]
174: [94, 118]
175: [94, 118]
176: [94, 118, 104]
177: [118, 104]
178: [118, 104]
179: [118, 104]
180: [118, 104]
181: [166, 148]
182: [136, 166]
183: [136, 166]
184: [136, 166]
185: [136, 166]
186: [136, 166]
187: [136, 166]
188: [136, 166]
189: [136, 166]
190: [136, 166, 148]
191: [166, 148]
192: [166, 148]
193: [166, 148]
194: [166, 148]
195: [166, 148]
37
0: [154, 137]
1: [154, 137]
2: [154, 137]
3: [154, 137]
4: [154, 137]
5: [154, 137]
6: [154, 137]
7: [154, 137]
8: [154, 137]
9: [149, 154, 137]
10: [149, 154]
11: [149, 154]
12: [149, 154]
13: [149, 154]
14: [154, 137]
15: [108, 95]
16: [108, 95]
17: [108, 95]
18: [108, 95]
19: [108, 95]
20: [108, 95]
21: [108, 95]
22: [108, 95]
23: [105, 108, 95]
24: [105, 108]
25: [105, 108]
26: [105, 108]
27: [149, 154]
28: [154, 137, 166]
29: [108, 95, 118]
30: [54, 71, 72, 73, 74, 75, 76, 77, 61, 78, 62]
31: [54, 71, 72, 73, 74, 75, 76, 77, 61, 78, 62, 63]
32: [54, 71, 72, 73, 74, 75, 76, 64, 77, 61, 78, 62, 63]
33: [54, 71, 72, 73, 74, 75, 65, 76, 64, 77, 61, 78, 62, 63]
34: [54, 71, 72, 73, 74, 66, 75, 65, 76, 64, 77, 61, 78, 62, 63]
35: [54, 71, 72, 73, 74, 67, 66, 75, 65, 76, 64, 77, 61, 78, 62, 63]
36: [54, 71, 72, 73, 68, 74, 67, 66, 75, 65, 76, 64, 77, 61, 78, 62, 63]
37: []
38: [64, 65, 66, 67, 68, 69, 71, 72, 73, 74, 75, 76, 77, 78, 62, 63, 54]
39: [64, 65, 66, 67, 68, 69, 71, 72, 73, 74, 75, 76, 77, 78, 63, 54]
40: [118, 105, 108]
41: [166, 149, 154]
42: [137, 166]
43: [95, 118]
44: [54, 71, 72, 73, 74, 75, 76, 77, 61, 78, 62]
45: [71, 63]
46: [71, 64]
47: [71, 65]
48: [71, 66]
49: [71, 67]
50: [71, 68]
51: [61, 71, 69]
52: [62, 71]
53: [64, 65, 66, 67, 68, 69, 71, 72, 73, 74, 75, 76, 77, 78, 63, 54]
54: [118, 105]
55: [166, 149]
56: [137, 166]
57: [95, 118]
58: [54, 72, 73, 74, 75, 76, 77, 61, 78, 62]
59: [72, 63]
60: [72, 64]
61: [72, 65]
62: [72, 66]
63: [72, 67]
64: [72, 68]
65: [61, 72, 69]
66: [62, 72]
67: [64, 65, 66, 67, 68, 69, 72, 73, 74, 75, 76, 77, 78, 63, 54]
68: [118, 105]
69: [166, 149]
70: [137, 166]
71: [95, 118]
72: [54, 73, 74, 75, 76, 77, 61, 78, 62]
73: [73, 63]
74: [73, 64]
75: [73, 65]
76: [73, 66]
77: [73, 67]
78: [73, 68]
79: [61, 73, 69]
80: [62, 73]
81: [64, 65, 66, 67, 68, 69, 73, 74, 75, 76, 77, 78, 63, 54]
82: [118, 105]
83: [166, 149]
84: [137, 166]
85: [95, 118]
86: [54, 74, 75, 76, 77, 61, 78, 62]
87: [74, 63]
88: [74, 64]
89: [74, 65]
90: [74, 66]
91: [74, 67]
92: [74, 68]
93: [61, 74, 69]
94: [62, 74]
95: [64, 65, 66, 67, 68, 69, 74, 75, 76, 77, 78, 63, 54]
96: [118, 105]
97: [166, 149]
98: [137, 166]
99: [95, 118]
100: [54, 75, 76, 77, 61, 78, 62]
101: [75, 63]
102: [75, 64]
103: [75, 65]
104: [75, 66]
105: [75, 67]
106: [75, 68]
107: [61, 75, 69]
108: [62, 75]
109: [64, 65, 66, 67, 68, 69, 75, 76, 77, 78, 63, 54]
110: [118, 105]
111: [166, 149]
112: [137, 166]
113: [95, 118]
114: [54, 76, 77, 61, 78, 62]
115: [76, 63]
116: [76, 64]
117: [76, 65]
118: [76, 66]
119: [76, 67]
120: [76, 68]
121: [61, 76, 69]
122: [62, 76]
123: [64, 65, 66, 67, 68, 69, 76, 77, 78, 63, 54]
124: [118, 105]
125: [166, 149]
126: [137, 166]
127: [95, 118]
128: [54, 77, 61, 78, 62]
129: [77, 63]
130: [77, 64]
131: [77, 65]
132: [77, 66]
133: [77, 67]
134: [77, 68]
135: [61, 77, 69]
136: [62, 77]
137: [64, 65, 66, 67, 68, 69, 77, 78, 63, 54]
138: [118, 105]
139: [166, 149]
140: [137, 166]
141: [95, 118]
142: [54, 61, 78, 62]
143: [78, 63]
144: [78, 64]
145: [78, 65]
146: [78, 66]
147: [78, 67]
148: [78, 68]
149: [61, 78, 69]
150: [62, 78]
151: [64, 65, 66, 67, 68, 69, 78, 63, 54]
152: [118, 105]
153: [166, 149]
154: [137, 166]
155: [95, 118]
156: [61, 54, 62]
157: [61, 62, 54, 63]
158: [61, 62, 64, 54, 63]
159: [61, 62, 64, 65, 63, 54]
160: [61, 62, 64, 65, 66, 63, 54]
161: [61, 62, 64, 65, 66, 67, 63, 54]
162: [61, 62, 64, 65, 66, 67, 68, 63, 54]
163: [61, 62, 64, 65, 66, 67, 68, 69, 63, 54]
164: [62, 64, 65, 66, 67, 68, 69, 63, 54]
165: [64, 65, 66, 67, 68, 69, 63, 54]
166: [118, 105]
167: [166, 149]
168: [137, 166]
169: [95, 118]
170: [95, 118]
171: [95, 118]
172: [95, 118]
173: [95, 118]
174: [95, 118]
175: [95, 118]
176: [95, 118]
177: [95, 118, 105]
178: [118, 105]
179: [118, 105]
180: [118, 105]
181: [166, 149]
182: [137, 166]
183: [137, 166]
184: [137, 166]
185: [137, 166]
186: [137, 166]
187: [137, 166]
188: [137, 166]
189: [137, 166]
190: [137, 166]
191: [137, 166, 149]
192: [166, 149]
193: [166, 149]
194: [166, 149]
195: [166, 149]
38
0: [154, 138]
1: [154, 138]
2: [154, 138]
3: [154, 138]
4: [154, 138]
5: [154, 138]
6: [154, 138]
7: [154, 138]
8: [154, 138]
9: [154, 138]
10: [150, 154, 138]
11: [150, 154]
12: [150, 154]
13: [150, 154]
14: [154, 138]
15: [108, 96]
16: [108, 96]
17: [108, 96]
18: [108, 96]
19: [108, 96]
20: [108, 96]
21: [108, 96]
22: [108, 96]
23: [108, 96]
24: [106, 108, 96]
25: [106, 108]
26: [106, 108]
27: [150, 154]
28: [154, 138, 166]
29: [108, 96, 118]
30: [54, 71, 72, 73, 74, 75, 76, 77, 78, 62]
31: [54, 71, 72, 73, 74, 75, 76, 77, 78, 62, 63]
32: [54, 71, 72, 73, 74, 75, 76, 64, 77, 78, 62, 63]
33: [54, 71, 72, 73, 74, 75, 65, 76, 64, 77, 78, 62, 63]
34: [54, 71, 72, 73, 74, 66, 75, 65, 76, 64, 77, 78, 62, 63]
35: [54, 71, 72, 73, 74, 67, 66, 75, 65, 76, 64, 77, 78, 62, 63]
36: [54, 71, 72, 73, 68, 74, 67, 66, 75, 65, 76, 64, 77, 78, 62, 63]
37: [54, 71, 72, 69, 73, 68, 74, 67, 66, 75, 65, 76, 64, 77, 78, 62, 63]
38: []
39: [64, 65, 66, 67, 68, 69, 70, 71, 72, 73, 74, 75, 76, 77, 78, 63, 54]
40: [118, 106, 108]
41: [166, 150, 154]
42: [138, 166]
43: [96, 118]
44: [54, 71, 72, 73, 74, 75, 76, 77, 78, 62]
45: [71, 63]
46: [71, 64]
47: [71, 65]
48: [71, 66]
49: [71, 67]
50: [71, 68]
51: [71, 69]
52: [62, 71, 70]
53: [64, 65, 66, 67, 68, 69, 70, 71, 72, 73, 74, 75, 76, 77, 78, 63, 54]
54: [118, 106]
55: [166, 150]
56: [138, 166]
57: [96, 118]
58: [54, 72, 73, 74, 75, 76, 77, 78, 62]
59: [72, 63]
60: [72, 64]
61: [72, 65]
62: [72, 66]
63: [72, 67]
64: [72, 68]
65: [72, 69]
66: [62, 72, 70]
67: [64, 65, 66, 67, 68, 69, 70, 72, 73, 74, 75, 76, 77, 78, 63, 54]
68: [118, 106]
69: [166, 150]
70: [138, 166]
71: [96, 118]
72: [54, 73, 74, 75, 76, 77, 78, 62]
73: [73, 63]
74: [73, 64]
75: [73, 65]
76: [73, 66]
77: [73, 67]
78: [73, 68]
79: [73, 69]
80: [62, 73, 70]
81: [64, 65, 66, 67, 68, 69, 70, 73, 74, 75, 76, 77, 78, 63, 54]
82: [118, 106]
83: [166, 150]
84: [138, 166]
85: [96, 118]
86: [54, 74, 75, 76, 77, 78, 62]
87: [74, 63]
88: [74, 64]
89: [74, 65]
90: [74, 66]
91: [74, 67]
92: [74, 68]
93: [74, 69]
94: [62, 74, 70]
95: [64, 65, 66, 67, 68, 69, 70, 74, 75, 76, 77, 78, 63, 54]
96: [118, 106]
97: [166, 150]
98: [138, 166]
99: [96, 118]
100: [54, 75, 76, 77, 78, 62]
101: [75, 63]
102: [75, 64]
103: [75, 65]
104: [75, 66]
105: [75, 67]
106: [75, 68]
107: [75, 69]
108: [62, 75, 70]
109: [64, 65, 66, 67, 68, 69, 70, 75, 76, 77, 78, 63, 54]
110: [118, 106]
111: [166, 150]
112: [138, 166]
113: [96, 118]
114: [54, 76, 77, 78, 62]
115: [76, 63]
116: [76, 64]
117: [76, 65]
118: [76, 66]
119: [76, 67]
120: [76, 68]
121: [76, 69]
122: [62, 76, 70]
123: [64, 65, 66, 67, 68, 69, 70, 76, 77, 78, 63, 54]
124: [118, 106]
125: [166, 150]
126: [138, 166]
127: [96, 118]
128: [54, 77, 78, 62]
129: [77, 63]
130: [77, 64]
131: [77, 65]
132: [77, 66]
133: [77, 67]
134: [77, 68]
135: [77, 69]
136: [62, 77, 70]
137: [64, 65, 66, 67, 68, 69, 70, 77, 78, 63, 54]
138: [118, 106]
139: [166, 150]
140: [138, 166]
141: [96, 118]
142: [54, 78, 62]
143: [78, 63]
144: [78, 64]
145: [78, 65]
146: [78, 66]
147: [78, 67]
148: [78, 68]
149: [78, 69]
150: [62, 78, 70]
151: [64, 65, 66, 67, 68, 69, 70, 78, 63, 54]
152: [118, 106]
153: [166, 150]
154: [138, 166]
155: [96, 118]
156: [62, 54]
157: [62, 54, 63]
158: [62, 64, 63, 54]
159: [62, 64, 65, 63, 54]
160: [62, 64, 65, 66, 63, 54]
161: [62, 64, 65, 66, 67, 63, 54]
162: [62, 64, 65, 66, 67, 68, 63, 54]
163: [62, 64, 65, 66, 67, 68, 69, 63, 54]
164: [62, 64, 65, 66, 67, 68, 69, 70, 63, 54]
165: [64, 65, 66, 67, 68, 69, 70, 63, 54]
166: [118, 106]
167: [166, 150]
168: [138, 166]
169: [96, 118]
170: [96, 118]
171: [96, 118]
172: [96, 118]
173: [96, 118]
174: [96, 118]
175: [96, 118]
176: [96, 118]
177: [96, 118]
178: [96, 118, 106]
179: [118, 106]
180: [118, 106]
181: [166, 150]
182: [138, 166]
183: [138, 166]
184: [138, 166]
185: [138, 166]
186: [138, 166]
187: [138, 166]
188: [138, 166]
189: [138, 166]
190: [138, 166]
191: [138, 166]
192: [138, 166, 150]
193: [166, 150]
194: [166, 150]
195: [166, 150]
39
0: [154, 139]
1: [154, 139]
2: [154, 139]
3: [154, 139]
4: [154, 139]
5: [154, 139]
6: [154, 139]
7: [154, 139]
8: [154, 139]
9: [154, 139]
10: [154, 139]
11: [151, 154, 139]
12: [151, 154]
13: [151, 154]
14: [154, 139]
15: [108, 97]
16: [108, 97]
17: [108, 97]
18: [108, 97]
19: [108, 97]
20: [108, 97]
21: [108, 97]
22: [108, 97]
23: [108, 97]
24: [108, 97]
25: [107, 108, 97]
26: [107, 108]
27: [151, 154]
28: [154, 139, 166]
29: [108, 97, 118]
30: [54, 71, 72, 73, 74, 75, 76, 77, 78]
31: [54, 71, 72, 73, 74, 75, 76, 77, 78, 63]
32: [54, 71, 72, 73, 74, 75, 76, 64, 77, 78, 63]
33: [54, 71, 72, 73, 74, 75, 65, 76, 64, 77, 78, 63]
34: [54, 71, 72, 73, 74, 66, 75, 65, 76, 64, 77, 78, 63]
35: [54, 71, 72, 73, 74, 67, 66, 75, 65, 76, 64, 77, 78, 63]
36: [54, 71, 72, 73, 68, 74, 67, 66, 75, 65, 76, 64, 77, 78, 63]
37: [54, 71, 72, 69, 73, 68, 74, 67, 66, 75, 65, 76, 64, 77, 78, 63]
38: [54, 70, 71, 72, 69, 73, 68, 74, 67, 66, 75, 65, 76, 64, 77, 78, 63]
39: []
40: [118, 107, 108]
41: [166, 151, 154]
42: [139, 166]
43: [97, 118]
44: [54, 71, 72, 73, 74, 75, 76, 77, 78]
45: [71, 63]
46: [71, 64]
47: [71, 65]
48: [71, 66]
49: [71, 67]
50: [71, 68]
51: [71, 69]
52: [71, 70]
53: [64, 65, 66, 67, 68, 69, 70, 71, 72, 73, 74, 75, 76, 77, 78, 63, 54]
54: [118, 107]
55: [166, 151]
56: [139, 166]
57: [97, 118]
58: [72, 54, 73, 74, 75, 76, 77, 78]
59: [72, 63]
60: [72, 64]
61: [72, 65]
62: [72, 66]
63: [72, 67]
64: [72, 68]
65: [72, 69]
66: [72, 70]
67: [64, 65, 66, 67, 68, 69, 70, 72, 73, 74, 75, 76, 77, 78, 63, 54]
68: [118, 107]
69: [166, 151]
70: [139, 166]
71: [97, 118]
72: [73, 54, 74, 75, 76, 77, 78]
73: [73, 63]
74: [73, 64]
75: [73, 65]
76: [73, 66]
77: [73, 67]
78: [73, 68]
79: [73, 69]
80: [73, 70]
81: [64, 65, 66, 67, 68, 69, 70, 73, 74, 75, 76, 77, 78, 63, 54]
82: [118, 107]
83: [166, 151]
84: [139, 166]
85: [97, 118]
86: [74, 54, 75, 76, 77, 78]
87: [74, 63]
88: [74, 64]
89: [74, 65]
90: [74, 66]
91: [74, 67]
92: [74, 68]
93: [74, 69]
94: [74, 70]
95: [64, 65, 66, 67, 68, 69, 70, 74, 75, 76, 77, 78, 63, 54]
96: [118, 107]
97: [166, 151]
98: [139, 166]
99: [97, 118]
100: [75, 54, 76, 77, 78]
101: [75, 63]
102: [75, 64]
103: [75, 65]
104: [75, 66]
105: [75, 67]
106: [75, 68]
107: [75, 69]
108: [75, 70]
109: [64, 65, 66, 67, 68, 69, 70, 75, 76, 77, 78, 63, 54]
110: [118, 107]
111: [166, 151]
112: [139, 166]
113: [97, 118]
114: [76, 54, 77, 78]
115: [76, 63]
116: [76, 64]
117: [76, 65]
118: [76, 66]
119: [76, 67]
120: [76, 68]
121: [76, 69]
122: [76, 70]
123: [64, 65, 66, 67, 68, 69, 70, 76, 77, 78, 63, 54]
124: [118, 107]
125: [166, 151]
126: [139, 166]
127: [97, 118]
128: [77, 54, 78]
129: [77, 63]
130: [77, 64]
131: [77, 65]
132: [77, 66]
133: [77, 67]
134: [77, 68]
135: [77, 69]
136: [77, 70]
137: [64, 65, 66, 67, 68, 69, 70, 77, 78, 63, 54]
138: [118, 107]
139: [166, 151]
140: [139, 166]
141: [97, 118]
142: [78, 54]
143: [78, 63]
144: [78, 64]
145: [78, 65]
146: [78, 66]
147: [78, 67]
148: [78, 68]
149: [78, 69]
150: [78, 70]
151: [64, 65, 66, 67, 68, 69, 70, 78, 63, 54]
152: [118, 107]
153: [166, 151]
154: [139, 166]
155: [97, 118]
156: [54]
157: [63, 54]
158: [64, 63, 54]
159: [64, 65, 63, 54]
160: [64, 65, 66, 63, 54]
161: [64, 65, 66, 67, 63, 54]
162: [64, 65, 66, 67, 68, 63, 54]
163: [64, 65, 66, 67, 68, 69, 63, 54]
164: [64, 65, 66, 67, 68, 69, 70, 63, 54]
165: [64, 65, 66, 67, 68, 69, 70, 63, 54]
166: [118, 107]
167: [166, 151]
168: [139, 166]
169: [97, 118]
170: [97, 118]
171: [97, 118]
172: [97, 118]
173: [97, 118]
174: [97, 118]
175: [97, 118]
176: [97, 118]
177: [97, 118]
178: [97, 118]
179: [97, 118, 107]
180: [118, 107]
181: [166, 151]
182: [139, 166]
183: [139, 166]
184: [139, 166]
185: [139, 166]
186: [139, 166]
187: [139, 166]
188: [139, 166]
189: [139, 166]
190: [139, 166]
191: [139, 166]
192: [139, 166]
193: [139, 166, 151]
194: [166, 151]
195: [166, 151]
40
0: [154, 140]
1: [154, 140]
2: [154, 140]
3: [154, 140]
4: [154, 140]
5: [154, 140]
6: [154, 140]
7: [154, 140]
8: [154, 140]
9: [154, 140]
10: [154, 140]
11: [154, 140]
12: [152, 154, 140]
13: [152, 154]
14: [154, 140]
15: [108, 87, 109, 110, 111, 112, 113, 114, 115, 116, 117]
16: [87, 108, 109, 110, 111, 112, 113, 114, 115, 116, 98, 117]
17: [87, 108, 109, 110, 111, 112, 113, 114, 115, 99, 116, 98, 117]
18: [87, 108, 109, 110, 111, 112, 113, 114, 115, 100, 99, 116, 98, 117]
19: [87, 108, 109, 110, 111, 112, 113, 114, 101, 115, 100, 99, 116, 98, 117]
20: [87, 108, 109, 110, 111, 112, 113, 102, 114, 101, 115, 100, 99, 116, 98, 117]
21: [87, 108, 109, 110, 111, 112, 103, 113, 102, 114, 101, 115, 100, 99, 116, 98, 117]
22: [87, 108, 109, 110, 104, 111, 112, 103, 113, 102, 114, 101, 115, 100, 99, 116, 98, 117]
23: [87, 108, 109, 105, 110, 104, 111, 112, 103, 113, 102, 114, 101, 115, 100, 99, 116, 98, 117]
24: [87, 108, 106, 109, 105, 110, 104, 111, 112, 103, 113, 102, 114, 101, 115, 100, 99, 116, 98, 117]
25: [87, 107, 108, 106, 109, 105, 110, 104, 111, 112, 103, 113, 102, 114, 101, 115, 100, 99, 116, 98, 117]
26: [87, 107, 108, 106, 109, 105, 110, 104, 111, 112, 103, 113, 102, 114, 101, 115, 100, 99, 116, 98, 117]
27: [152, 154]
28: [154, 140, 166]
29: [108, 109, 87, 110, 111, 112, 113, 114, 115, 116, 117, 118]
30: [108, 98, 118]
31: [108, 99, 118]
32: [108, 100, 118]
33: [108, 101, 118]
34: [108, 102, 118]
35: [108, 103, 118]
36: [108, 104, 118]
37: [108, 105, 118]
38: [108, 106, 118]
39: [108, 107, 118]
40: []
41: [166, 152, 154]
42: [140, 166]
43: [109, 110, 87, 111, 112, 113, 114, 115, 116, 117, 118]
44: [109, 98]
45: [109, 99]
46: [109, 100]
47: [109, 101]
48: [109, 102]
49: [109, 103]
50: [109, 104]
51: [109, 105]
52: [109, 106]
53: [109, 107]
54: [98, 99, 100, 101, 102, 103, 104, 105, 106, 107, 109, 110, 111, 112, 113, 114, 115, 116, 117, 118, 87]
55: [166, 152]
56: [140, 166]
57: [110, 111, 87, 112, 113, 114, 115, 116, 117, 118]
58: [110, 98]
59: [110, 99]
60: [110, 100]
61: [110, 101]
62: [110, 102]
63: [110, 103]
64: [110, 104]
65: [110, 105]
66: [110, 106]
67: [110, 107]
68: [98, 99, 100, 101, 102, 103, 104, 105, 106, 107, 110, 111, 112, 113, 114, 115, 116, 117, 118, 87]
69: [166, 152]
70: [140, 166]
71: [111, 112, 87, 113, 114, 115, 116, 117, 118]
72: [111, 98]
73: [111, 99]
74: [111, 100]
75: [111, 101]
76: [111, 102]
77: [111, 103]
78: [111, 104]
79: [111, 105]
80: [111, 106]
81: [111, 107]
82: [98, 99, 100, 101, 102, 103, 104, 105, 106, 107, 111, 112, 113, 114, 115, 116, 117, 118, 87]
83: [166, 152]
84: [140, 166]
85: [112, 113, 87, 114, 115, 116, 117, 118]
86: [112, 98]
87: [112, 99]
88: [112, 100]
89: [112, 101]
90: [112, 102]
91: [112, 103]
92: [112, 104]
93: [112, 105]
94: [112, 106]
95: [112, 107]
96: [98, 99, 100, 101, 102, 103, 104, 105, 106, 107, 112, 113, 114, 115, 116, 117, 118, 87]
97: [166, 152]
98: [140, 166]
99: [113, 114, 87, 115, 116, 117, 118]
100: [113, 98]
101: [113, 99]
102: [113, 100]
103: [113, 101]
104: [113, 102]
105: [113, 103]
106: [113, 104]
107: [113, 105]
108: [113, 106]
109: [113, 107]
110: [98, 99, 100, 101, 102, 103, 104, 105, 106, 107, 113, 114, 115, 116, 117, 118, 87]
111: [166, 152]
112: [140, 166]
113: [114, 115, 87, 116, 117, 118]
114: [114, 98]
115: [114, 99]
116: [114, 100]
117: [114, 101]
118: [114, 102]
119: [114, 103]
120: [114, 104]
121: [114, 105]
122: [114, 106]
123: [114, 107]
124: [98, 99, 100, 101, 102, 103, 104, 105, 106, 107, 114, 115, 116, 117, 118, 87]
125: [166, 152]
126: [140, 166]
127: [115, 116, 87, 117, 118]
128: [115, 98]
129: [115, 99]
130: [115, 100]
131: [115, 101]
132: [115, 102]
133: [115, 103]
134: [115, 104]
135: [115, 105]
136: [115, 106]
137: [115, 107]
138: [98, 99, 100, 101, 102, 103, 104, 105, 106, 107, 115, 116, 117, 118, 87]
139: [166, 152]
140: [140, 166]
141: [116, 117, 87, 118]
142: [116, 98]
143: [116, 99]
144: [116, 100]
145: [116, 101]
146: [116, 102]
147: [116, 103]
148: [116, 104]
149: [116, 105]
150: [116, 106]
151: [116, 107]
152: [98, 99, 100, 101, 102, 103, 104, 105, 106, 107, 116, 117, 118, 87]
153: [166, 152]
154: [140, 166]
155: [117, 118, 87]
156: [117, 98]
157: [117, 99]
158: [117, 100]
159: [117, 101]
160: [117, 102]
161: [117, 103]
162: [117, 104]
163: [117, 105]
164: [117, 106]
165: [117, 107]
166: [98, 99, 100, 101, 102, 103, 104, 105, 106, 107, 117, 118, 87]
167: [166, 152]
168: [140, 166]
169: [118, 87]
170: [98, 118, 87]
171: [98, 99, 118, 87]
172: [98, 99, 100, 118, 87]
173: [98, 99, 100, 101, 118, 87]
174: [98, 99, 100, 101, 102, 118, 87]
175: [98, 99, 100, 101, 102, 103, 118, 87]
176: [98, 99, 100, 101, 102, 103, 104, 118, 87]
177: [98, 99, 100, 101, 102, 103, 104, 105, 118, 87]
178: [98, 99, 100, 101, 102, 103, 104, 105, 106, 118, 87]
179: [98, 99, 100, 101, 102, 103, 104, 105, 106, 107, 118, 87]
180: [98, 99, 100, 101, 102, 103, 104, 105, 106, 107, 118, 87]
181: [166, 152]
182: [140, 166]
183: [140, 166]
184: [140, 166]
185: [140, 166]
186: [140, 166]
187: [140, 166]
188: [140, 166]
189: [140, 166]
190: [140, 166]
191: [140, 166]
192: [140, 166]
193: [140, 166]
194: [140, 166, 152]
195: [166, 152]
41
0: [128, 154, 155, 156, 157, 158, 159, 160, 161, 162, 163, 164]
1: [128, 154, 155, 156, 157, 158, 159, 160, 161, 162, 163, 164, 141]
2: [128, 154, 155, 156, 157, 158, 159, 160, 161, 162, 163, 142, 164, 141]
3: [128, 154, 155, 156, 157, 158, 159, 160, 161, 162, 143, 163, 142, 164, 141]
4: [128, 154, 155, 156, 157, 158, 159, 160, 144, 161, 162, 143, 163, 142, 164, 141]
5: [128, 154, 155, 156, 157, 158, 159, 160, 145, 144, 161, 162, 143, 163, 142, 164, 141]
6: [128, 154, 155, 156, 157, 158, 146, 159, 160, 145, 144, 161, 162, 143, 163, 142, 164, 141]
7: [128, 154, 155, 156, 157, 147, 158, 146, 159, 160, 145, 144, 161, 162, 143, 163, 142, 164, 141]
8: [128, 154, 155, 156, 148, 157, 147, 158, 146, 159, 160, 145, 144, 161, 162, 143, 163, 142, 164, 141]
9: [128, 154, 155, 156, 149, 148, 157, 147, 158, 146, 159, 160, 145, 144, 161, 162, 143, 163, 142, 164, 141]
10: [128, 154, 155, 150, 156, 149, 148, 157, 147, 158, 146, 159, 160, 145, 144, 161, 162, 143, 163, 142, 164, 141]
11: [128, 154, 151, 155, 150, 156, 149, 148, 157, 147, 158, 146, 159, 160, 145, 144, 161, 162, 143, 163, 142, 164, 141]
12: [128, 152, 154, 151, 155, 150, 156, 149, 148, 157, 147, 158, 146, 159, 160, 145, 144, 161, 162, 143, 163, 142, 164, 141]
13: [128, 152, 154, 151, 155, 150, 156, 149, 148, 157, 147, 158, 146, 159, 160, 145, 144, 161, 162, 143, 163, 142, 164, 141]
14: [154, 128, 155, 156, 157, 158, 159, 160, 161, 162, 163, 164, 165]
15: [141, 165]
16: [142, 165]
17: [143, 165]
18: [144, 165]
19: [145, 165]
20: [146, 165]
21: [147, 165]
22: [148, 165]
23: [149, 165]
24: [150, 165]
25: [151, 165]
26: [152, 165]
27: [128, 152, 154, 151, 155, 150, 156, 149, 148, 157, 147, 158, 146, 159, 160, 145, 144, 161, 162, 143, 163, 142, 164, 141, 165]
28: [154, 155, 128, 156, 157, 158, 159, 160, 161, 162, 163, 164, 165, 166]
29: [154, 141, 166]
30: [154, 142, 166]
31: [154, 143, 166]
32: [154, 144, 166]
33: [154, 145, 166]
34: [154, 146, 166]
35: [154, 147, 166]
36: [154, 148, 166]
37: [154, 149, 166]
38: [154, 150, 166]
39: [154, 151, 166]
40: [154, 152, 166]
41: []
42: [155, 156, 128, 157, 158, 159, 160, 161, 162, 163, 164, 165, 166]
43: [155, 141]
44: [155, 142]
45: [155, 143]
46: [155, 144]
47: [155, 145]
48: [155, 146]
49: [155, 147]
50: [155, 148]
51: [155, 149]
52: [155, 150]
53: [155, 151]
54: [155, 152]
55: [141, 142, 143, 144, 145, 146, 147, 148, 149, 150, 151, 152, 155, 156, 157, 158, 159, 160, 161, 162, 163, 164, 165, 166, 128]
56: [156, 157, 128, 158, 159, 160, 161, 162, 163, 164, 165, 166]
57: [156, 141]
58: [156, 142]
59: [156, 143]
60: [156, 144]
61: [156, 145]
62: [156, 146]
63: [156, 147]
64: [156, 148]
65: [156, 149]
66: [156, 150]
67: [156, 151]
68: [156, 152]
69: [141, 142, 143, 144, 145, 146, 147, 148, 149, 150, 151, 152, 156, 157, 158, 159, 160, 161, 162, 163, 164, 165, 166, 128]
70: [157, 158, 128, 159, 160, 161, 162, 163, 164, 165, 166]
71: [157, 141]
72: [157, 142]
73: [157, 143]
74: [157, 144]
75: [157, 145]
76: [157, 146]
77: [157, 147]
78: [157, 148]
79: [157, 149]
80: [157, 150]
81: [157, 151]
82: [157, 152]
83: [141, 142, 143, 144, 145, 146, 147, 148, 149, 150, 151, 152, 157, 158, 159, 160, 161, 162, 163, 164, 165, 166, 128]
84: [158, 159, 128, 160, 161, 162, 163, 164, 165, 166]
85: [158, 141]
86: [158, 142]
87: [158, 143]
88: [158, 144]
89: [158, 145]
90: [158, 146]
91: [158, 147]
92: [158, 148]
93: [158, 149]
94: [158, 150]
95: [158, 151]
96: [158, 152]
97: [141, 142, 143, 144, 145, 146, 147, 148, 149, 150, 151, 152, 158, 159, 160, 161, 162, 163, 164, 165, 166, 128]
98: [159, 160, 128, 161, 162, 163, 164, 165, 166]
99: [159, 141]
100: [159, 142]
101: [159, 143]
102: [159, 144]
103: [159, 145]
104: [159, 146]
105: [159, 147]
106: [159, 148]
107: [159, 149]
108: [159, 150]
109: [159, 151]
110: [159, 152]
111: [141, 142, 143, 144, 145, 146, 147, 148, 149, 150, 151, 152, 159, 160, 161, 162, 163, 164, 165, 166, 128]
112: [160, 161, 128, 162, 163, 164, 165, 166]
113: [160, 141]
114: [160, 142]
115: [160, 143]
116: [160, 144]
117: [160, 145]
118: [160, 146]
119: [160, 147]
120: [160, 148]
121: [160, 149]
122: [160, 150]
123: [160, 151]
124: [160, 152]
125: [141, 142, 143, 144, 145, 146, 147, 148, 149, 150, 151, 152, 160, 161, 162, 163, 164, 165, 166, 128]
126: [161, 162, 128, 163, 164, 165, 166]
127: [161, 141]
128: [161, 142]
129: [161, 143]
130: [161, 144]
131: [161, 145]
132: [161, 146]
133: [161, 147]
134: [161, 148]
135: [161, 149]
136: [161, 150]
137: [161, 151]
138: [161, 152]
139: [161, 162, 163, 164, 165, 166, 141, 142, 143, 144, 145, 146, 147, 148, 149, 150, 151, 152, 128]
140: [162, 163, 128, 164, 165, 166]
141: [162, 141]
142: [162, 142]
143: [162, 143]
144: [162, 144]
145: [162, 145]
146: [162, 146]
147: [162, 147]
148: [162, 148]
149: [162, 149]
150: [162, 150]
151: [162, 151]
152: [162, 152]
153: [162, 163, 164, 165, 166, 141, 142, 143, 144, 145, 146, 147, 148, 149, 150, 151, 152, 128]
154: [163, 164, 128, 165, 166]
155: [163, 141]
156: [163, 142]
157: [163, 143]
158: [163, 144]
159: [163, 145]
160: [163, 146]
161: [163, 147]
162: [163, 148]
163: [163, 149]
164: [163, 150]
165: [163, 151]
166: [163, 152]
167: [163, 164, 165, 166, 141, 142, 143, 144, 145, 146, 147, 148, 149, 150, 151, 152, 128]
168: [164, 165, 166, 128]
169: [164, 141]
170: [164, 142]
171: [164, 143]
172: [164, 144]
173: [164, 145]
174: [164, 146]
175: [164, 147]
176: [164, 148]
177: [164, 149]
178: [164, 150]
179: [164, 151]
180: [164, 152]
181: [164, 165, 166, 141, 142, 143, 144, 145, 146, 147, 148, 149, 150, 151, 152, 128]
182: [165, 166, 128]
183: [141, 166, 165, 128]
184: [166, 141, 142, 165, 128]
185: [165, 166, 141, 142, 143, 128]
186: [165, 166, 141, 142, 143, 144, 128]
187: [165, 166, 141, 142, 143, 144, 145, 128]
188: [165, 166, 141, 142, 143, 144, 145, 146, 128]
189: [165, 166, 141, 142, 143, 144, 145, 146, 147, 128]
190: [165, 166, 141, 142, 143, 144, 145, 146, 147, 148, 128]
191: [165, 166, 141, 142, 143, 144, 145, 146, 147, 148, 149, 128]
192: [165, 166, 141, 142, 143, 144, 145, 146, 147, 148, 149, 150, 128]
193: [165, 166, 141, 142, 143, 144, 145, 146, 147, 148, 149, 150, 151, 128]
194: [165, 166, 141, 142, 143, 144, 145, 146, 147, 148, 149, 150, 151, 152, 128]
195: [165, 166, 141, 142, 143, 144, 145, 146, 147, 148, 149, 150, 151, 152, 128]
42
0: [129, 130, 131, 132, 133, 134, 135, 136, 137, 138, 139, 140, 155, 156, 157, 158, 159, 160, 161, 162, 163, 164, 128]
1: [129, 130, 131, 132, 133, 134, 135, 136, 137, 138, 139, 140, 155, 156, 157, 158, 159, 160, 161, 162, 163, 164, 128]
2: [130, 131, 132, 133, 134, 135, 136, 137, 138, 139, 140, 155, 156, 157, 158, 159, 160, 161, 162, 163, 164, 128]
3: [131, 132, 133, 134, 135, 136, 137, 138, 139, 140, 155, 156, 157, 158, 159, 160, 161, 162, 163, 164, 128]
4: [132, 133, 134, 135, 136, 137, 138, 139, 140, 155, 156, 157, 158, 159, 160, 161, 162, 163, 164, 128]
5: [160, 161, 162, 163, 164, 133, 134, 135, 136, 137, 138, 139, 140, 155, 156, 157, 158, 159, 128]
6: [160, 161, 162, 163, 164, 134, 135, 136, 137, 138, 139, 140, 155, 156, 157, 158, 159, 128]
7: [160, 161, 162, 163, 164, 135, 136, 137, 138, 139, 140, 155, 156, 157, 158, 159, 128]
8: [160, 161, 162, 163, 164, 136, 137, 138, 139, 140, 155, 156, 157, 158, 159, 128]
9: [160, 161, 162, 163, 164, 137, 138, 139, 140, 155, 156, 157, 158, 159, 128]
10: [160, 161, 162, 163, 164, 138, 139, 140, 155, 156, 157, 158, 159, 128]
11: [160, 161, 162, 163, 164, 139, 140, 155, 156, 157, 158, 159, 128]
12: [160, 161, 162, 163, 164, 140, 155, 156, 157, 158, 159, 128]
13: [160, 161, 162, 163, 164, 155, 156, 157, 158, 159, 128]
14: [129, 130, 131, 132, 133, 134, 135, 136, 137, 138, 139, 140, 155, 156, 157, 158, 159, 160, 161, 162, 163, 164, 165, 128]
15: [165, 129]
16: [165, 130]
17: [165, 131]
18: [165, 132]
19: [165, 133]
20: [165, 134]
21: [165, 135]
22: [165, 136]
23: [165, 137]
24: [165, 138]
25: [165, 139]
26: [165, 140]
27: [165, 160, 161, 162, 163, 164, 155, 156, 157, 158, 159, 128]
28: [129, 130, 131, 132, 133, 134, 135, 136, 137, 138, 139, 140, 155, 156, 157, 158, 159, 160, 161, 162, 163, 164, 165, 166, 128]
29: [166, 129]
30: [166, 130]
31: [166, 131]
32: [166, 132]
33: [166, 133]
34: [166, 134]
35: [166, 135]
36: [166, 136]
37: [166, 137]
38: [166, 138]
39: [166, 139]
40: [166, 140]
41: [166, 165, 160, 161, 162, 163, 164, 155, 156, 157, 158, 159, 128]
42: []
43: [167, 129, 155]
44: [167, 130, 155]
45: [167, 131, 155]
46: [167, 132, 155]
47: [167, 133, 155]
48: [167, 134, 155]
49: [167, 135, 155]
50: [167, 136, 155]
51: [167, 137, 155]
52: [167, 138, 155]
53: [167, 139, 155]
54: [167, 140, 155]
55: [167, 166, 165, 160, 161, 162, 163, 164, 155, 156, 157, 158, 159, 128]
56: [128, 129, 130, 131, 156, 132, 133, 157, 158, 134, 159, 135, 136, 160, 137, 161, 162, 138, 167, 139, 163, 166, 164, 140, 165]
57: [129, 156]
58: [130, 156]
59: [131, 156]
60: [132, 156]
61: [133, 156]
62: [134, 156]
63: [135, 156]
64: [136, 156]
65: [137, 156]
66: [138, 156]
67: [139, 156]
68: [140, 156]
69: [167, 166, 165, 160, 161, 162, 163, 164, 156, 157, 158, 159, 128]
70: [128, 129, 130, 131, 132, 133, 157, 158, 134, 159, 135, 136, 160, 137, 161, 162, 138, 167, 139, 163, 166, 164, 140, 165]
71: [129, 157]
72: [130, 157]
73: [131, 157]
74: [132, 157]
75: [133, 157]
76: [134, 157]
77: [135, 157]
78: [136, 157]
79: [137, 157]
80: [138, 157]
81: [139, 157]
82: [140, 157]
83: [167, 166, 165, 160, 161, 162, 163, 164, 157, 158, 159, 128]
84: [128, 129, 130, 131, 132, 133, 158, 134, 159, 135, 136, 160, 137, 161, 162, 138, 167, 139, 163, 166, 164, 140, 165]
85: [129, 158]
86: [130, 158]
87: [131, 158]
88: [132, 158]
89: [133, 158]
90: [134, 158]
91: [135, 158]
92: [136, 158]
93: [137, 158]
94: [138, 158]
95: [139, 158]
96: [140, 158]
97: [167, 166, 165, 160, 161, 162, 163, 164, 158, 159, 128]
98: [128, 129, 130, 131, 132, 133, 134, 159, 135, 136, 160, 137, 161, 162, 138, 167, 139, 163, 166, 164, 140, 165]
99: [129, 159]
100: [130, 159]
101: [131, 159]
102: [132, 159]
103: [133, 159]
104: [134, 159]
105: [135, 159]
106: [136, 159]
107: [137, 159]
108: [138, 159]
109: [139, 159]
110: [140, 159]
111: [167, 166, 165, 160, 161, 162, 163, 164, 159, 128]
112: [128, 129, 130, 131, 132, 133, 134, 135, 136, 160, 137, 161, 162, 138, 167, 139, 163, 166, 164, 140, 165]
113: [129, 160]
114: [130, 160]
115: [131, 160]
116: [132, 160]
117: [133, 160]
118: [134, 160]
119: [135, 160]
120: [136, 160]
121: [137, 160]
122: [138, 160]
123: [139, 160]
124: [140, 160]
125: [167, 166, 165, 160, 161, 162, 163, 164, 128]
126: [128, 129, 130, 131, 132, 133, 134, 135, 136, 137, 161, 162, 138, 167, 139, 163, 166, 164, 140, 165]
127: [129, 161]
128: [130, 161]
129: [131, 161]
130: [132, 161]
131: [133, 161]
132: [134, 161]
133: [135, 161]
134: [136, 161]
135: [137, 161]
136: [138, 161]
137: [139, 161]
138: [140, 161]
139: [167, 166, 165, 161, 162, 163, 164, 128]
140: [128, 129, 130, 131, 132, 133, 134, 135, 136, 137, 162, 138, 167, 139, 163, 166, 164, 140, 165]
141: [129, 162]
142: [130, 162]
143: [131, 162]
144: [132, 162]
145: [133, 162]
146: [134, 162]
147: [135, 162]
148: [136, 162]
149: [137, 162]
150: [138, 162]
151: [139, 162]
152: [140, 162]
153: [167, 166, 165, 128, 162, 163, 164]
154: [128, 129, 130, 131, 132, 133, 134, 135, 136, 137, 138, 167, 139, 163, 166, 164, 140, 165]
155: [129, 163]
156: [130, 163]
157: [131, 163]
158: [132, 163]
159: [133, 163]
160: [134, 163]
161: [135, 163]
162: [136, 163]
163: [137, 163]
164: [138, 163]
165: [139, 163]
166: [140, 163]
167: [167, 166, 128, 165, 163, 164]
168: [128, 129, 130, 131, 132, 133, 134, 135, 136, 137, 138, 167, 139, 166, 164, 140, 165]
169: [129, 164]
170: [130, 164]
171: [131, 164]
172: [132, 164]
173: [133, 164]
174: [134, 164]
175: [135, 164]
176: [136, 164]
177: [137, 164]
178: [138, 164]
179: [139, 164]
180: [140, 164]
181: [167, 128, 166, 165, 164]
182: [128, 129, 130, 131, 132, 133, 134, 135, 136, 137, 138, 167, 139, 166, 140, 165]
183: [128, 129, 130, 131, 132, 133, 134, 135, 136, 137, 138, 167, 139, 166, 140, 165]
184: [128, 130, 131, 132, 133, 134, 135, 136, 137, 138, 167, 139, 166, 140, 165]
185: [128, 131, 132, 133, 134, 135, 136, 137, 138, 167, 139, 166, 140, 165]
186: [128, 132, 133, 134, 135, 136, 137, 138, 167, 139, 166, 140, 165]
187: [128, 133, 134, 135, 136, 137, 138, 167, 139, 166, 140, 165]
188: [128, 134, 135, 136, 137, 138, 167, 139, 166, 140, 165]
189: [128, 135, 136, 137, 138, 167, 139, 166, 140, 165]
190: [128, 136, 137, 138, 167, 139, 166, 140, 165]
191: [128, 137, 138, 167, 139, 166, 140, 165]
192: [128, 138, 167, 139, 166, 140, 165]
193: [128, 167, 139, 166, 140, 165]
194: [128, 167, 166, 140, 165]
195: [128, 167, 166, 165]
43
0: [155, 129]
1: [141, 155, 129]
2: [141, 155]
3: [141, 155]
4: [141, 155]
5: [141, 155]
6: [141, 155]
7: [141, 155]
8: [141, 155]
9: [141, 155]
10: [141, 155]
11: [141, 155]
12: [141, 155]
13: [141, 155]
14: [155, 129]
15: [88, 89, 90, 91, 92, 93, 94, 95, 96, 97, 109, 110, 111, 112, 113, 114, 115, 116, 117, 87]
16: [88, 89, 90, 91, 92, 93, 94, 95, 96, 97, 109, 110, 111, 112, 113, 114, 115, 116, 117, 87]
17: [96, 97, 109, 110, 111, 112, 113, 114, 115, 116, 117, 89, 90, 91, 92, 93, 94, 95, 87]
18: [96, 97, 109, 110, 111, 112, 113, 114, 115, 116, 117, 90, 91, 92, 93, 94, 95, 87]
19: [96, 97, 109, 110, 111, 112, 113, 114, 115, 116, 117, 91, 92, 93, 94, 95, 87]
20: [96, 97, 109, 110, 111, 112, 113, 114, 115, 116, 117, 92, 93, 94, 95, 87]
21: [96, 97, 109, 110, 111, 112, 113, 114, 115, 116, 117, 93, 94, 95, 87]
22: [96, 97, 109, 110, 111, 112, 113, 114, 115, 116, 117, 94, 95, 87]
23: [96, 97, 109, 110, 111, 112, 113, 114, 115, 116, 117, 95, 87]
24: [96, 97, 109, 110, 111, 112, 113, 114, 115, 116, 117, 87]
25: [97, 109, 110, 111, 112, 113, 114, 115, 116, 117, 87]
26: [109, 110, 111, 112, 113, 114, 115, 116, 117, 87]
27: [141, 155]
28: [155, 129]
29: [88, 89, 90, 91, 92, 93, 94, 95, 96, 97, 109, 110, 111, 112, 113, 114, 115, 116, 117, 118, 87]
30: [118, 88]
31: [118, 89]
32: [118, 90]
33: [118, 91]
34: [118, 92]
35: [118, 93]
36: [118, 94]
37: [118, 95]
38: [118, 96]
39: [118, 97]
40: [118, 109, 110, 111, 112, 113, 114, 115, 116, 117, 87]
41: [141, 155]
42: [155, 129, 167]
43: []
44: [119, 88, 109]
45: [119, 89, 109]
46: [119, 90, 109]
47: [119, 91, 109]
48: [119, 92, 109]
49: [119, 93, 109]
50: [119, 94, 109]
51: [119, 95, 109]
52: [119, 96, 109]
53: [119, 97, 109]
54: [119, 118, 109, 110, 111, 112, 113, 114, 115, 116, 117, 87]
55: [167, 141, 155]
56: [129, 167]
57: [87, 88, 89, 90, 110, 91, 111, 112, 92, 113, 93, 114, 94, 115, 95, 96, 116, 119, 97, 117, 118]
58: [88, 110]
59: [89, 110]
60: [90, 110]
61: [91, 110]
62: [92, 110]
63: [93, 110]
64: [94, 110]
65: [95, 110]
66: [96, 110]
67: [97, 110]
68: [119, 118, 110, 111, 112, 113, 114, 115, 116, 117, 87]
69: [167, 141]
70: [129, 167]
71: [87, 88, 89, 90, 91, 111, 112, 92, 113, 93, 114, 94, 115, 95, 96, 116, 119, 97, 117, 118]
72: [88, 111]
73: [89, 111]
74: [90, 111]
75: [91, 111]
76: [92, 111]
77: [93, 111]
78: [94, 111]
79: [95, 111]
80: [96, 111]
81: [97, 111]
82: [119, 118, 111, 112, 113, 114, 115, 116, 117, 87]
83: [167, 141]
84: [129, 167]
85: [87, 88, 89, 90, 91, 112, 92, 113, 93, 114, 94, 115, 95, 96, 116, 119, 97, 117, 118]
86: [88, 112]
87: [89, 112]
88: [90, 112]
89: [91, 112]
90: [92, 112]
91: [93, 112]
92: [94, 112]
93: [95, 112]
94: [96, 112]
95: [97, 112]
96: [119, 118, 112, 113, 114, 115, 116, 117, 87]
97: [167, 141]
98: [129, 167]
99: [87, 88, 89, 90, 91, 92, 113, 93, 114, 94, 115, 95, 96, 116, 119, 97, 117, 118]
100: [88, 113]
101: [89, 113]
102: [90, 113]
103: [91, 113]
104: [92, 113]
105: [93, 113]
106: [94, 113]
107: [95, 113]
108: [96, 113]
109: [97, 113]
110: [119, 118, 113, 114, 115, 116, 117, 87]
111: [167, 141]
112: [129, 167]
113: [87, 88, 89, 90, 91, 92, 93, 114, 94, 115, 95, 96, 116, 119, 97, 117, 118]
114: [88, 114]
115: [89, 114]
116: [90, 114]
117: [91, 114]
118: [92, 114]
119: [93, 114]
120: [94, 114]
121: [95, 114]
122: [96, 114]
123: [97, 114]
124: [119, 118, 114, 115, 116, 117, 87]
125: [167, 141]
126: [129, 167]
127: [87, 88, 89, 90, 91, 92, 93, 94, 115, 95, 96, 116, 119, 97, 117, 118]
128: [88, 115]
129: [89, 115]
130: [90, 115]
131: [91, 115]
132: [92, 115]
133: [93, 115]
134: [94, 115]
135: [95, 115]
136: [96, 115]
137: [97, 115]
138: [119, 118, 115, 116, 117, 87]
139: [167, 141]
140: [129, 167]
141: [87, 88, 89, 90, 91, 92, 93, 94, 95, 96, 116, 119, 97, 117, 118]
142: [88, 116]
143: [89, 116]
144: [90, 116]
145: [91, 116]
146: [92, 116]
147: [93, 116]
148: [94, 116]
149: [95, 116]
150: [96, 116]
151: [97, 116]
152: [119, 118, 116, 117, 87]
153: [167, 141]
154: [129, 167]
155: [87, 88, 89, 90, 91, 92, 93, 94, 95, 96, 119, 97, 117, 118]
156: [88, 117]
157: [89, 117]
158: [90, 117]
159: [91, 117]
160: [92, 117]
161: [93, 117]
162: [94, 117]
163: [95, 117]
164: [96, 117]
165: [97, 117]
166: [119, 118, 87, 117]
167: [167, 141]
168: [129, 167]
169: [87, 88, 89, 90, 91, 92, 93, 94, 95, 96, 119, 97, 118]
170: [87, 88, 89, 90, 91, 92, 93, 94, 95, 96, 119, 97, 118]
171: [87, 89, 90, 91, 92, 93, 94, 95, 96, 119, 97, 118]
172: [87, 90, 91, 92, 93, 94, 95, 96, 119, 97, 118]
173: [87, 91, 92, 93, 94, 95, 96, 119, 97, 118]
174: [87, 92, 93, 94, 95, 96, 119, 97, 118]
175: [87, 93, 94, 95, 96, 119, 97, 118]
176: [87, 94, 95, 96, 119, 97, 118]
177: [87, 95, 96, 119, 97, 118]
178: [87, 96, 119, 97, 118]
179: [87, 119, 97, 118]
180: [119, 87, 118]
181: [167, 141]
182: [129, 167]
183: [129, 167, 141]
184: [167, 141]
185: [167, 141]
186: [167, 141]
187: [167, 141]
188: [167, 141]
189: [167, 141]
190: [167, 141]
191: [167, 141]
192: [167, 141]
193: [167, 141]
194: [167, 141]
195: [167, 141]
44
0: [155, 130]
1: [155, 130]
2: [142, 155, 130]
3: [142, 155]
4: [142, 155]
5: [142, 155]
6: [142, 155]
7: [142, 155]
8: [142, 155]
9: [142, 155]
10: [142, 155]
11: [142, 155]
12: [142, 155]
13: [142, 155]
14: [155, 130]
15: [109, 88]
16: [98, 109, 88]
17: [98, 109]
18: [98, 109]
19: [98, 109]
20: [98, 109]
21: [98, 109]
22: [98, 109]
23: [98, 109]
24: [98, 109]
25: [98, 109]
26: [98, 109]
27: [142, 155]
28: [155, 130]
29: [109, 88]
30: [71, 72, 73, 74, 75, 76, 77, 78, 55, 56, 57, 58, 59, 60, 61, 62, 54]
31: [71, 72, 73, 74, 75, 76, 77, 78, 55, 56, 57, 58, 59, 60, 61, 62, 54]
32: [71, 72, 73, 74, 75, 76, 77, 78, 56, 57, 58, 59, 60, 61, 62, 54]
33: [71, 72, 73, 74, 75, 76, 77, 78, 57, 58, 59, 60, 61, 62, 54]
34: [71, 72, 73, 74, 75, 76, 77, 78, 58, 59, 60, 61, 62, 54]
35: [71, 72, 73, 74, 75, 76, 77, 78, 59, 60, 61, 62, 54]
36: [71, 72, 73, 74, 75, 76, 77, 78, 60, 61, 62, 54]
37: [71, 72, 73, 74, 75, 76, 77, 78, 61, 62, 54]
38: [71, 72, 73, 74, 75, 76, 77, 78, 62, 54]
39: [71, 72, 73, 74, 75, 76, 77, 78, 54]
40: [98, 109]
41: [142, 155]
42: [155, 130, 167]
43: [109, 88, 119]
44: []
45: [79, 55, 71]
46: [79, 56, 71]
47: [79, 57, 71]
48: [79, 58, 71]
49: [79, 59, 71]
50: [79, 60, 71]
51: [79, 61, 71]
52: [79, 62, 71]
53: [79, 71, 72, 73, 74, 75, 76, 77, 78, 54]
54: [119, 98, 109]
55: [167, 142, 155]
56: [130, 167]
57: [88, 119]
58: [54, 55, 56, 72, 73, 57, 58, 74, 75, 59, 60, 76, 77, 61, 78, 62, 79]
59: [55, 72]
60: [56, 72]
61: [57, 72]
62: [58, 72]
63: [59, 72]
64: [60, 72]
65: [61, 72]
66: [62, 72]
67: [79, 72, 73, 74, 75, 76, 77, 78, 54]
68: [119, 98]
69: [167, 142]
70: [130, 167]
71: [88, 119]
72: [54, 55, 56, 73, 57, 58, 74, 75, 59, 60, 76, 77, 61, 78, 62, 79]
73: [55, 73]
74: [56, 73]
75: [57, 73]
76: [58, 73]
77: [59, 73]
78: [60, 73]
79: [61, 73]
80: [62, 73]
81: [79, 73, 74, 75, 76, 77, 78, 54]
82: [119, 98]
83: [167, 142]
84: [130, 167]
85: [88, 119]
86: [54, 55, 56, 57, 58, 74, 75, 59, 60, 76, 77, 61, 78, 62, 79]
87: [55, 74]
88: [56, 74]
89: [57, 74]
90: [58, 74]
91: [59, 74]
92: [60, 74]
93: [61, 74]
94: [62, 74]
95: [79, 74, 75, 76, 77, 78, 54]
96: [119, 98]
97: [167, 142]
98: [130, 167]
99: [88, 119]
100: [54, 55, 56, 57, 58, 75, 59, 60, 76, 77, 61, 78, 62, 79]
101: [55, 75]
102: [56, 75]
103: [57, 75]
104: [58, 75]
105: [59, 75]
106: [60, 75]
107: [61, 75]
108: [62, 75]
109: [79, 75, 76, 77, 78, 54]
110: [119, 98]
111: [167, 142]
112: [130, 167]
113: [88, 119]
114: [54, 55, 56, 57, 58, 59, 60, 76, 77, 61, 78, 62, 79]
115: [55, 76]
116: [56, 76]
117: [57, 76]
118: [58, 76]
119: [59, 76]
120: [60, 76]
121: [61, 76]
122: [62, 76]
123: [79, 76, 77, 78, 54]
124: [119, 98]
125: [167, 142]
126: [130, 167]
127: [88, 119]
128: [54, 55, 56, 57, 58, 59, 60, 77, 61, 78, 62, 79]
129: [55, 77]
130: [56, 77]
131: [57, 77]
132: [58, 77]
133: [59, 77]
134: [60, 77]
135: [61, 77]
136: [62, 77]
137: [79, 77, 78, 54]
138: [119, 98]
139: [167, 142]
140: [130, 167]
141: [88, 119]
142: [54, 55, 56, 57, 58, 59, 60, 61, 78, 62, 79]
143: [55, 78]
144: [56, 78]
145: [57, 78]
146: [58, 78]
147: [59, 78]
148: [60, 78]
149: [61, 78]
150: [62, 78]
151: [79, 78, 54]
152: [119, 98]
153: [167, 142]
154: [130, 167]
155: [88, 119]
156: [54, 55, 56, 57, 58, 59, 60, 61, 62, 79]
157: [54, 55, 56, 57, 58, 59, 60, 61, 62, 79]
158: [54, 56, 57, 58, 59, 60, 61, 62, 79]
159: [54, 57, 58, 59, 60, 61, 62, 79]
160: [54, 58, 59, 60, 61, 62, 79]
161: [54, 59, 60, 61, 62, 79]
162: [54, 60, 61, 62, 79]
163: [54, 61, 62, 79]
164: [54, 62, 79]
165: [54, 79]
166: [119, 98]
167: [167, 142]
168: [130, 167]
169: [88, 119]
170: [88, 119, 98]
171: [119, 98]
172: [119, 98]
173: [119, 98]
174: [119, 98]
175: [119, 98]
176: [119, 98]
177: [119, 98]
178: [119, 98]
179: [119, 98]
180: [119, 98]
181: [167, 142]
182: [130, 167]
183: [130, 167]
184: [130, 167, 142]
185: [167, 142]
186: [167, 142]
187: [167, 142]
188: [167, 142]
189: [167, 142]
190: [167, 142]
191: [167, 142]
192: [167, 142]
193: [167, 142]
194: [167, 142]
195: [167, 142]
45
0: [155, 131]
1: [155, 131]
2: [155, 131]
3: [143, 155, 131]
4: [143, 155]
5: [143, 155]
6: [143, 155]
7: [143, 155]
8: [143, 155]
9: [143, 155]
10: [143, 155]
11: [143, 155]
12: [143, 155]
13: [143, 155]
14: [155, 131]
15: [109, 89]
16: [109, 89]
17: [99, 109, 89]
18: [99, 109]
19: [99, 109]
20: [99, 109]
21: [99, 109]
22: [99, 109]
23: [99, 109]
24: [99, 109]
25: [99, 109]
26: [99, 109]
27: [143, 155]
28: [155, 131]
29: [109, 89]
30: [71, 55]
31: [63, 71, 55]
32: [63, 71]
33: [63, 71]
34: [63, 71]
35: [63, 71]
36: [63, 71]
37: [63, 71]
38: [63, 71]
39: [63, 71]
40: [99, 109]
41: [143, 155]
42: [155, 131, 167]
43: [109, 89, 119]
44: [71, 55, 79]
45: []
46: [32, 33, 34, 35, 42, 43, 44, 45, 46, 47, 30, 31, 29]
47: [32, 33, 34, 35, 42, 43, 44, 45, 46, 47, 31, 29]
48: [32, 33, 34, 35, 42, 43, 44, 45, 46, 47, 29]
49: [33, 34, 35, 42, 43, 44, 45, 46, 47, 29]
50: [34, 35, 42, 43, 44, 45, 46, 47, 29]
51: [35, 42, 43, 44, 45, 46, 47, 29]
52: [42, 43, 44, 45, 46, 47, 29]
53: [79, 63, 71]
54: [119, 99, 109]
55: [167, 143, 155]
56: [131, 167]
57: [89, 119]
58: [55, 79]
59: [29, 42, 30, 43, 31, 32, 44, 33, 45, 34, 46, 35, 47]
60: [30, 42]
61: [31, 42]
62: [32, 42]
63: [33, 42]
64: [34, 42]
65: [35, 42]
66: [42, 43, 44, 45, 46, 47, 29]
67: [79, 63]
68: [119, 99]
69: [167, 143]
70: [131, 167]
71: [89, 119]
72: [55, 79]
73: [29, 30, 43, 31, 32, 44, 33, 45, 34, 46, 35, 47]
74: [30, 43]
75: [31, 43]
76: [32, 43]
77: [33, 43]
78: [34, 43]
79: [35, 43]
80: [43, 44, 45, 46, 47, 29]
81: [79, 63]
82: [119, 99]
83: [167, 143]
84: [131, 167]
85: [89, 119]
86: [55, 79]
87: [29, 30, 31, 32, 44, 33, 45, 34, 46, 35, 47]
88: [30, 44]
89: [31, 44]
90: [32, 44]
91: [33, 44]
92: [34, 44]
93: [35, 44]
94: [44, 45, 46, 47, 29]
95: [79, 63]
96: [119, 99]
97: [167, 143]
98: [131, 167]
99: [89, 119]
100: [55, 79]
101: [29, 30, 31, 32, 33, 45, 34, 46, 35, 47]
102: [30, 45]
103: [31, 45]
104: [32, 45]
105: [33, 45]
106: [34, 45]
107: [35, 45]
108: [45, 46, 47, 29]
109: [79, 63]
110: [119, 99]
111: [167, 143]
112: [131, 167]
113: [89, 119]
114: [55, 79]
115: [29, 30, 31, 32, 33, 34, 46, 35, 47]
116: [30, 46]
117: [31, 46]
118: [32, 46]
119: [33, 46]
120: [34, 46]
121: [35, 46]
122: [46, 47, 29]
123: [79, 63]
124: [119, 99]
125: [167, 143]
126: [131, 167]
127: [89, 119]
128: [55, 79]
129: [29, 30, 31, 32, 33, 34, 35, 47]
130: [30, 47]
131: [31, 47]
132: [32, 47]
133: [33, 47]
134: [34, 47]
135: [35, 47]
136: [47, 29]
137: [79, 63]
138: [119, 99]
139: [167, 143]
140: [131, 167]
141: [89, 119]
142: [55, 79]
143: [29, 30, 31, 32, 33, 34, 35]
144: [29, 30, 31, 32, 33, 34, 35]
145: [29, 31, 32, 33, 34, 35]
146: [32, 29, 33, 34, 35]
147: [33, 29, 34, 35]
148: [34, 29, 35]
149: [35, 29]
150: [29]
151: [79, 63]
152: [119, 99]
153: [167, 143]
154: [131, 167]
155: [89, 119]
156: [55, 79]
157: [55, 79, 63]
158: [79, 63]
159: [79, 63]
160: [79, 63]
161: [79, 63]
162: [79, 63]
163: [79, 63]
164: [79, 63]
165: [79, 63]
166: [119, 99]
167: [167, 143]
168: [131, 167]
169: [89, 119]
170: [89, 119]
171: [89, 119, 99]
172: [119, 99]
173: [119, 99]
174: [119, 99]
175: [119, 99]
176: [119, 99]
177: [119, 99]
178: [119, 99]
179: [119, 99]
180: [119, 99]
181: [167, 143]
182: [131, 167]
183: [131, 167]
184: [131, 167]
185: [131, 167, 143]
186: [167, 143]
187: [167, 143]
188: [167, 143]
189: [167, 143]
190: [167, 143]
191: [167, 143]
192: [167, 143]
193: [167, 143]
194: [167, 143]
195: [167, 143]
46
0: [155, 132]
1: [155, 132]
2: [155, 132]
3: [155, 132]
4: [144, 155, 132]
5: [144, 155]
6: [144, 155]
7: [144, 155]
8: [144, 155]
9: [144, 155]
10: [144, 155]
11: [144, 155]
12: [144, 155]
13: [144, 155]
14: [155, 132]
15: [109, 90]
16: [109, 90]
17: [109, 90]
18: [100, 109, 90]
19: [100, 109]
20: [100, 109]
21: [100, 109]
22: [100, 109]
23: [100, 109]
24: [100, 109]
25: [100, 109]
26: [100, 109]
27: [144, 155]
28: [155, 132]
29: [109, 90]
30: [71, 56]
31: [71, 56]
32: [64, 71, 56]
33: [64, 71]
34: [64, 71]
35: [64, 71]
36: [64, 71]
37: [64, 71]
38: [64, 71]
39: [64, 71]
40: [100, 109]
41: [144, 155]
42: [155, 132, 167]
43: [109, 90, 119]
44: [71, 56, 79]
45: [29, 42, 30, 43, 31, 32, 44, 33, 45, 34, 46, 35, 47]
46: []
47: [32, 33, 34, 35, 36, 42, 43, 44, 45, 46, 47, 31, 29]
48: [32, 33, 34, 35, 36, 42, 43, 44, 45, 46, 47, 29]
49: [33, 34, 35, 36, 42, 43, 44, 45, 46, 47, 29]
50: [34, 35, 36, 42, 43, 44, 45, 46, 47, 29]
51: [35, 36, 42, 43, 44, 45, 46, 47, 29]
52: [36, 42, 43, 44, 45, 46, 47, 29]
53: [79, 64, 71]
54: [119, 100, 109]
55: [167, 144, 155]
56: [132, 167]
57: [90, 119]
58: [56, 79]
59: [29, 42, 30, 43, 31, 32, 44, 33, 45, 34, 46, 35, 47]
60: [30, 42, 36]
61: [31, 42]
62: [32, 42]
63: [33, 42]
64: [34, 42]
65: [35, 42]
66: [36, 42, 43, 44, 45, 46, 47, 29]
67: [79, 64]
68: [119, 100]
69: [167, 144]
70: [132, 167]
71: [90, 119]
72: [56, 79]
73: [29, 30, 43, 31, 32, 44, 33, 45, 34, 46, 35, 47]
74: [30, 43, 36]
75: [31, 43]
76: [32, 43]
77: [33, 43]
78: [34, 43]
79: [35, 43]
80: [36, 43, 44, 45, 46, 47, 29]
81: [79, 64]
82: [119, 100]
83: [167, 144]
84: [132, 167]
85: [90, 119]
86: [56, 79]
87: [29, 30, 31, 32, 44, 33, 45, 34, 46, 35, 47]
88: [30, 44, 36]
89: [31, 44]
90: [32, 44]
91: [33, 44]
92: [34, 44]
93: [35, 44]
94: [36, 44, 45, 46, 47, 29]
95: [79, 64]
96: [119, 100]
97: [167, 144]
98: [132, 167]
99: [90, 119]
100: [56, 79]
101: [29, 30, 31, 32, 33, 45, 34, 46, 35, 47]
102: [30, 45, 36]
103: [31, 45]
104: [32, 45]
105: [33, 45]
106: [34, 45]
107: [35, 45]
108: [36, 45, 46, 47, 29]
109: [79, 64]
110: [119, 100]
111: [167, 144]
112: [132, 167]
113: [90, 119]
114: [56, 79]
115: [29, 30, 31, 32, 33, 34, 46, 35, 47]
116: [30, 46, 36]
117: [31, 46]
118: [32, 46]
119: [33, 46]
120: [34, 46]
121: [35, 46]
122: [36, 46, 47, 29]
123: [79, 64]
124: [119, 100]
125: [167, 144]
126: [132, 167]
127: [90, 119]
128: [56, 79]
129: [29, 30, 31, 32, 33, 34, 35, 47]
130: [30, 47, 36]
131: [31, 47]
132: [32, 47]
133: [33, 47]
134: [34, 47]
135: [35, 47]
136: [36, 47, 29]
137: [79, 64]
138: [119, 100]
139: [167, 144]
140: [132, 167]
141: [90, 119]
142: [56, 79]
143: [29, 30, 31, 32, 33, 34, 35]
144: [30, 29, 31, 32, 33, 34, 35, 36]
145: [31, 32, 29, 33, 34, 35, 36]
146: [32, 33, 29, 34, 35, 36]
147: [33, 34, 29, 35, 36]
148: [34, 35, 29, 36]
149: [35, 36, 29]
150: [36, 29]
151: [79, 64]
152: [119, 100]
153: [167, 144]
154: [132, 167]
155: [90, 119]
156: [56, 79]
157: [56, 79]
158: [56, 79, 64]
159: [79, 64]
160: [79, 64]
161: [79, 64]
162: [79, 64]
163: [79, 64]
164: [79, 64]
165: [79, 64]
166: [119, 100]
167: [167, 144]
168: [132, 167]
169: [90, 119]
170: [90, 119]
171: [90, 119]
172: [90, 119, 100]
173: [119, 100]
174: [119, 100]
175: [119, 100]
176: [119, 100]
177: [119, 100]
178: [119, 100]
179: [119, 100]
180: [119, 100]
181: [167, 144]
182: [132, 167]
183: [132, 167]
184: [132, 167]
185: [132, 167]
186: [132, 167, 144]
187: [167, 144]
188: [167, 144]
189: [167, 144]
190: [167, 144]
191: [167, 144]
192: [167, 144]
193: [167, 144]
194: [167, 144]
195: [167, 144]
47
0: [155, 133]
1: [155, 133]
2: [155, 133]
3: [155, 133]
4: [155, 133]
5: [145, 155, 133]
6: [145, 155]
7: [145, 155]
8: [145, 155]
9: [145, 155]
10: [145, 155]
11: [145, 155]
12: [145, 155]
13: [145, 155]
14: [155, 133]
15: [109, 91]
16: [109, 91]
17: [109, 91]
18: [109, 91]
19: [101, 109, 91]
20: [101, 109]
21: [101, 109]
22: [101, 109]
23: [101, 109]
24: [101, 109]
25: [101, 109]
26: [101, 109]
27: [145, 155]
28: [155, 133]
29: [109, 91]
30: [71, 57]
31: [71, 57]
32: [71, 57]
33: [65, 71, 57]
34: [65, 71]
35: [65, 71]
36: [65, 71]
37: [65, 71]
38: [65, 71]
39: [65, 71]
40: [101, 109]
41: [145, 155]
42: [155, 133, 167]
43: [109, 91, 119]
44: [71, 57, 79]
45: [29, 42, 43, 31, 32, 44, 33, 45, 34, 46, 35, 47]
46: [29, 42, 43, 31, 32, 44, 33, 45, 34, 46, 35, 36, 47]
47: []
48: [32, 33, 34, 35, 36, 37, 42, 43, 44, 45, 46, 47, 29]
49: [33, 34, 35, 36, 37, 42, 43, 44, 45, 46, 47, 29]
50: [34, 35, 36, 37, 42, 43, 44, 45, 46, 47, 29]
51: [35, 36, 37, 42, 43, 44, 45, 46, 47, 29]
52: [36, 37, 42, 43, 44, 45, 46, 47, 29]
53: [79, 65, 71]
54: [119, 101, 109]
55: [167, 145, 155]
56: [133, 167]
57: [91, 119]
58: [57, 79]
59: [29, 42, 43, 31, 32, 44, 33, 45, 34, 46, 35, 47]
60: [42, 36]
61: [31, 42, 37]
62: [32, 42]
63: [33, 42]
64: [34, 42]
65: [35, 42]
66: [36, 37, 42, 43, 44, 45, 46, 47, 29]
67: [79, 65]
68: [119, 101]
69: [167, 145]
70: [133, 167]
71: [91, 119]
72: [57, 79]
73: [29, 43, 31, 32, 44, 33, 45, 34, 46, 35, 47]
74: [43, 36]
75: [31, 43, 37]
76: [32, 43]
77: [33, 43]
78: [34, 43]
79: [35, 43]
80: [36, 37, 43, 44, 45, 46, 47, 29]
81: [79, 65]
82: [119, 101]
83: [167, 145]
84: [133, 167]
85: [91, 119]
86: [57, 79]
87: [29, 31, 32, 44, 33, 45, 34, 46, 35, 47]
88: [44, 36]
89: [31, 44, 37]
90: [32, 44]
91: [33, 44]
92: [34, 44]
93: [35, 44]
94: [36, 37, 44, 45, 46, 47, 29]
95: [79, 65]
96: [119, 101]
97: [167, 145]
98: [133, 167]
99: [91, 119]
100: [57, 79]
101: [29, 31, 32, 33, 45, 34, 46, 35, 47]
102: [45, 36]
103: [31, 45, 37]
104: [32, 45]
105: [33, 45]
106: [34, 45]
107: [35, 45]
108: [36, 37, 45, 46, 47, 29]
109: [79, 65]
110: [119, 101]
111: [167, 145]
112: [133, 167]
113: [91, 119]
114: [57, 79]
115: [29, 31, 32, 33, 34, 46, 35, 47]
116: [46, 36]
117: [31, 46, 37]
118: [32, 46]
119: [33, 46]
120: [34, 46]
121: [35, 46]
122: [36, 37, 46, 47, 29]
123: [79, 65]
124: [119, 101]
125: [167, 145]
126: [133, 167]
127: [91, 119]
128: [57, 79]
129: [29, 31, 32, 33, 34, 35, 47]
130: [47, 36]
131: [31, 47, 37]
132: [32, 47]
133: [33, 47]
134: [34, 47]
135: [35, 47]
136: [36, 37, 47, 29]
137: [79, 65]
138: [119, 101]
139: [167, 145]
140: [133, 167]
141: [91, 119]
142: [57, 79]
143: [29, 31, 32, 33, 34, 35]
144: [31, 32, 29, 33, 34, 35, 36]
145: [31, 32, 33, 29, 34, 35, 36, 37]
146: [32, 33, 34, 29, 35, 36, 37]
147: [33, 34, 35, 29, 36, 37]
148: [34, 35, 37, 36, 29]
149: [35, 36, 37, 29]
150: [36, 37, 29]
151: [79, 65]
152: [119, 101]
153: [167, 145]
154: [133, 167]
155: [91, 119]
156: [57, 79]
157: [57, 79]
158: [57, 79]
159: [57, 79, 65]
160: [79, 65]
161: [79, 65]
162: [79, 65]
163: [79, 65]
164: [79, 65]
165: [79, 65]
166: [119, 101]
167: [167, 145]
168: [133, 167]
169: [91, 119]
170: [91, 119]
171: [91, 119]
172: [91, 119]
173: [91, 119, 101]
174: [119, 101]
175: [119, 101]
176: [119, 101]
177: [119, 101]
178: [119, 101]
179: [119, 101]
180: [119, 101]
181: [167, 145]
182: [133, 167]
183: [133, 167]
184: [133, 167]
185: [133, 167]
186: [133, 167]
187: [133, 167, 145]
188: [167, 145]
189: [167, 145]
190: [167, 145]
191: [167, 145]
192: [167, 145]
193: [167, 145]
194: [167, 145]
195: [167, 145]
48
0: [155, 134]
1: [155, 134]
2: [155, 134]
3: [155, 134]
4: [155, 134]
5: [155, 134]
6: [146, 155, 134]
7: [146, 155]
8: [146, 155]
9: [146, 155]
10: [146, 155]
11: [146, 155]
12: [146, 155]
13: [146, 155]
14: [155, 134]
15: [109, 92]
16: [109, 92]
17: [109, 92]
18: [109, 92]
19: [109, 92]
20: [102, 109, 92]
21: [102, 109]
22: [102, 109]
23: [102, 109]
24: [102, 109]
25: [102, 109]
26: [102, 109]
27: [146, 155]
28: [155, 134]
29: [109, 92]
30: [71, 58]
31: [71, 58]
32: [71, 58]
33: [71, 58]
34: [66, 71, 58]
35: [66, 71]
36: [66, 71]
37: [66, 71]
38: [66, 71]
39: [66, 71]
40: [102, 109]
41: [146, 155]
42: [155, 134, 167]
43: [109, 92, 119]
44: [71, 58, 79]
45: [29, 42, 43, 32, 44, 33, 45, 34, 46, 35, 47]
46: [29, 42, 43, 32, 44, 33, 45, 34, 46, 35, 36, 47]
47: [29, 42, 43, 32, 44, 33, 45, 34, 37, 46, 35, 36, 47]
48: []
49: [33, 34, 35, 36, 37, 38, 42, 43, 44, 45, 46, 47, 29]
50: [34, 35, 36, 37, 38, 42, 43, 44, 45, 46, 47, 29]
51: [35, 36, 37, 38, 42, 43, 44, 45, 46, 47, 29]
52: [36, 37, 38, 42, 43, 44, 45, 46, 47, 29]
53: [79, 66, 71]
54: [119, 102, 109]
55: [167, 146, 155]
56: [134, 167]
57: [92, 119]
58: [58, 79]
59: [29, 42, 43, 32, 44, 33, 45, 34, 46, 35, 47]
60: [42, 36]
61: [42, 37]
62: [32, 42, 38]
63: [33, 42]
64: [34, 42]
65: [35, 42]
66: [36, 37, 38, 42, 43, 44, 45, 46, 47, 29]
67: [79, 66]
68: [119, 102]
69: [167, 146]
70: [134, 167]
71: [92, 119]
72: [58, 79]
73: [29, 43, 32, 44, 33, 45, 34, 46, 35, 47]
74: [43, 36]
75: [43, 37]
76: [32, 43, 38]
77: [33, 43]
78: [34, 43]
79: [35, 43]
80: [36, 37, 38, 43, 44, 45, 46, 47, 29]
81: [79, 66]
82: [119, 102]
83: [167, 146]
84: [134, 167]
85: [92, 119]
86: [58, 79]
87: [29, 32, 44, 33, 45, 34, 46, 35, 47]
88: [44, 36]
89: [44, 37]
90: [32, 44, 38]
91: [33, 44]
92: [34, 44]
93: [35, 44]
94: [36, 37, 38, 44, 45, 46, 47, 29]
95: [79, 66]
96: [119, 102]
97: [167, 146]
98: [134, 167]
99: [92, 119]
100: [58, 79]
101: [29, 32, 33, 45, 34, 46, 35, 47]
102: [45, 36]
103: [45, 37]
104: [32, 45, 38]
105: [33, 45]
106: [34, 45]
107: [35, 45]
108: [36, 37, 38, 45, 46, 47, 29]
109: [79, 66]
110: [119, 102]
111: [167, 146]
112: [134, 167]
113: [92, 119]
114: [58, 79]
115: [29, 32, 33, 34, 46, 35, 47]
116: [46, 36]
117: [46, 37]
118: [32, 46, 38]
119: [33, 46]
120: [34, 46]
121: [35, 46]
122: [36, 37, 38, 46, 47, 29]
123: [79, 66]
124: [119, 102]
125: [167, 146]
126: [134, 167]
127: [92, 119]
128: [58, 79]
129: [29, 32, 33, 34, 35, 47]
130: [47, 36]
131: [47, 37]
132: [32, 47, 38]
133: [33, 47]
134: [34, 47]
135: [35, 47]
136: [36, 37, 38, 47, 29]
137: [79, 66]
138: [119, 102]
139: [167, 146]
140: [134, 167]
141: [92, 119]
142: [58, 79]
143: [32, 29, 33, 34, 35]
144: [32, 33, 29, 34, 35, 36]
145: [32, 33, 34, 29, 35, 36, 37]
146: [32, 33, 34, 35, 29, 36, 37, 38]
147: [33, 34, 35, 37, 36, 29, 38]
148: [34, 35, 36, 37, 38, 29]
149: [35, 36, 37, 38, 29]
150: [36, 37, 38, 29]
151: [79, 66]
152: [119, 102]
153: [167, 146]
154: [134, 167]
155: [92, 119]
156: [58, 79]
157: [58, 79]
158: [58, 79]
159: [58, 79]
160: [58, 79, 66]
161: [79, 66]
162: [79, 66]
163: [79, 66]
164: [79, 66]
165: [79, 66]
166: [119, 102]
167: [167, 146]
168: [134, 167]
169: [92, 119]
170: [92, 119]
171: [92, 119]
172: [92, 119]
173: [92, 119]
174: [92, 119, 102]
175: [119, 102]
176: [119, 102]
177: [119, 102]
178: [119, 102]
179: [119, 102]
180: [119, 102]
181: [167, 146]
182: [134, 167]
183: [134, 167]
184: [134, 167]
185: [134, 167]
186: [134, 167]
187: [134, 167]
188: [134, 167, 146]
189: [167, 146]
190: [167, 146]
191: [167, 146]
192: [167, 146]
193: [167, 146]
194: [167, 146]
195: [167, 146]
49
0: [155, 135]
1: [155, 135]
2: [155, 135]
3: [155, 135]
4: [155, 135]
5: [155, 135]
6: [155, 135]
7: [147, 155, 135]
8: [147, 155]
9: [147, 155]
10: [147, 155]
11: [147, 155]
12: [147, 155]
13: [147, 155]
14: [155, 135]
15: [109, 93]
16: [109, 93]
17: [109, 93]
18: [109, 93]
19: [109, 93]
20: [109, 93]
21: [103, 109, 93]
22: [103, 109]
23: [103, 109]
24: [103, 109]
25: [103, 109]
26: [103, 109]
27: [147, 155]
28: [155, 135]
29: [109, 93]
30: [71, 59]
31: [71, 59]
32: [71, 59]
33: [71, 59]
34: [71, 59]
35: [67, 71, 59]
36: [67, 71]
37: [67, 71]
38: [67, 71]
39: [67, 71]
40: [103, 109]
41: [147, 155]
42: [155, 135, 167]
43: [109, 93, 119]
44: [71, 59, 79]
45: [29, 42, 43, 44, 33, 45, 34, 46, 35, 47]
46: [29, 42, 43, 44, 33, 45, 34, 46, 35, 36, 47]
47: [29, 42, 43, 44, 33, 45, 34, 37, 46, 35, 36, 47]
48: [29, 42, 43, 44, 33, 45, 38, 34, 37, 46, 35, 36, 47]
49: []
50: [34, 35, 36, 37, 38, 39, 42, 43, 44, 45, 46, 47, 29]
51: [35, 36, 37, 38, 39, 42, 43, 44, 45, 46, 47, 29]
52: [36, 37, 38, 39, 42, 43, 44, 45, 46, 47, 29]
53: [79, 67, 71]
54: [119, 103, 109]
55: [167, 147, 155]
56: [135, 167]
57: [93, 119]
58: [59, 79]
59: [29, 42, 43, 44, 33, 45, 34, 46, 35, 47]
60: [42, 36]
61: [42, 37]
62: [42, 38]
63: [33, 42, 39]
64: [34, 42]
65: [35, 42]
66: [36, 37, 38, 39, 42, 43, 44, 45, 46, 47, 29]
67: [79, 67]
68: [119, 103]
69: [167, 147]
70: [135, 167]
71: [93, 119]
72: [59, 79]
73: [29, 43, 44, 33, 45, 34, 46, 35, 47]
74: [43, 36]
75: [43, 37]
76: [43, 38]
77: [33, 43, 39]
78: [34, 43]
79: [35, 43]
80: [36, 37, 38, 39, 43, 44, 45, 46, 47, 29]
81: [79, 67]
82: [119, 103]
83: [167, 147]
84: [135, 167]
85: [93, 119]
86: [59, 79]
87: [29, 44, 33, 45, 34, 46, 35, 47]
88: [44, 36]
89: [44, 37]
90: [44, 38]
91: [33, 44, 39]
92: [34, 44]
93: [35, 44]
94: [36, 37, 38, 39, 44, 45, 46, 47, 29]
95: [79, 67]
96: [119, 103]
97: [167, 147]
98: [135, 167]
99: [93, 119]
100: [59, 79]
101: [29, 33, 45, 34, 46, 35, 47]
102: [45, 36]
103: [45, 37]
104: [45, 38]
105: [33, 45, 39]
106: [34, 45]
107: [35, 45]
108: [36, 37, 38, 39, 45, 46, 47, 29]
109: [79, 67]
110: [119, 103]
111: [167, 147]
112: [135, 167]
113: [93, 119]
114: [59, 79]
115: [29, 33, 34, 46, 35, 47]
116: [46, 36]
117: [46, 37]
118: [46, 38]
119: [33, 46, 39]
120: [34, 46]
121: [35, 46]
122: [36, 37, 38, 39, 46, 47, 29]
123: [79, 67]
124: [119, 103]
125: [167, 147]
126: [135, 167]
127: [93, 119]
128: [59, 79]
129: [29, 33, 34, 35, 47]
130: [47, 36]
131: [47, 37]
132: [47, 38]
133: [33, 47, 39]
134: [34, 47]
135: [35, 47]
136: [36, 37, 38, 39, 47, 29]
137: [79, 67]
138: [119, 103]
139: [167, 147]
140: [135, 167]
141: [93, 119]
142: [59, 79]
143: [33, 29, 34, 35]
144: [33, 34, 29, 35, 36]
145: [33, 34, 35, 29, 36, 37]
146: [33, 34, 35, 37, 36, 29, 38]
147: [33, 34, 35, 36, 37, 38, 39, 29]
148: [34, 35, 36, 37, 38, 39, 29]
149: [35, 36, 37, 38, 39, 29]
150: [36, 37, 38, 39, 29]
151: [79, 67]
152: [119, 103]
153: [167, 147]
154: [135, 167]
155: [93, 119]
156: [59, 79]
157: [59, 79]
158: [59, 79]
159: [59, 79]
160: [59, 79]
161: [59, 79, 67]
162: [79, 67]
163: [79, 67]
164: [79, 67]
165: [79, 67]
166: [119, 103]
167: [167, 147]
168: [135, 167]
169: [93, 119]
170: [93, 119]
171: [93, 119]
172: [93, 119]
173: [93, 119]
174: [93, 119]
175: [93, 119, 103]
176: [119, 103]
177: [119, 103]
178: [119, 103]
179: [119, 103]
180: [119, 103]
181: [167, 147]
182: [135, 167]
183: [135, 167]
184: [135, 167]
185: [135, 167]
186: [135, 167]
187: [135, 167]
188: [135, 167]
189: [135, 167, 147]
190: [167, 147]
191: [167, 147]
192: [167, 147]
193: [167, 147]
194: [167, 147]
195: [167, 147]
50
0: [155, 136]
1: [155, 136]
2: [155, 136]
3: [155, 136]
4: [155, 136]
5: [155, 136]
6: [155, 136]
7: [155, 136]
8: [148, 155, 136]
9: [148, 155]
10: [148, 155]
11: [148, 155]
12: [148, 155]
13: [148, 155]
14: [155, 136]
15: [109, 94]
16: [109, 94]
17: [109, 94]
18: [109, 94]
19: [109, 94]
20: [109, 94]
21: [109, 94]
22: [104, 109, 94]
23: [104, 109]
24: [104, 109]
25: [104, 109]
26: [104, 109]
27: [148, 155]
28: [155, 136]
29: [109, 94]
30: [71, 60]
31: [71, 60]
32: [71, 60]
33: [71, 60]
34: [71, 60]
35: [71, 60]
36: [68, 71, 60]
37: [68, 71]
38: [68, 71]
39: [68, 71]
40: [104, 109]
41: [148, 155]
42: [155, 136, 167]
43: [109, 94, 119]
44: [71, 60, 79]
45: [29, 42, 43, 44, 45, 34, 46, 35, 47]
46: [29, 42, 43, 44, 45, 34, 46, 35, 36, 47]
47: [29, 42, 43, 44, 45, 34, 37, 46, 35, 36, 47]
48: [29, 42, 43, 44, 45, 38, 34, 37, 46, 35, 36, 47]
49: [29, 42, 43, 44, 39, 45, 38, 34, 37, 46, 35, 36, 47]
50: []
51: [35, 36, 37, 38, 39, 40, 42, 43, 44, 45, 46, 47, 29]
52: [36, 37, 38, 39, 40, 42, 43, 44, 45, 46, 47, 29]
53: [79, 68, 71]
54: [119, 104, 109]
55: [167, 148, 155]
56: [136, 167]
57: [94, 119]
58: [60, 79]
59: [29, 42, 43, 44, 45, 34, 46, 35, 47]
60: [42, 36]
61: [42, 37]
62: [42, 38]
63: [42, 39]
64: [34, 42, 40]
65: [35, 42]
66: [36, 37, 38, 39, 40, 42, 43, 44, 45, 46, 47, 29]
67: [79, 68]
68: [119, 104]
69: [167, 148]
70: [136, 167]
71: [94, 119]
72: [60, 79]
73: [29, 43, 44, 45, 34, 46, 35, 47]
74: [43, 36]
75: [43, 37]
76: [43, 38]
77: [43, 39]
78: [34, 43, 40]
79: [35, 43]
80: [36, 37, 38, 39, 40, 43, 44, 45, 46, 47, 29]
81: [79, 68]
82: [119, 104]
83: [167, 148]
84: [136, 167]
85: [94, 119]
86: [60, 79]
87: [29, 44, 45, 34, 46, 35, 47]
88: [44, 36]
89: [44, 37]
90: [44, 38]
91: [44, 39]
92: [34, 44, 40]
93: [35, 44]
94: [36, 37, 38, 39, 40, 44, 45, 46, 47, 29]
95: [79, 68]
96: [119, 104]
97: [167, 148]
98: [136, 167]
99: [94, 119]
100: [60, 79]
101: [29, 45, 34, 46, 35, 47]
102: [45, 36]
103: [45, 37]
104: [45, 38]
105: [45, 39]
106: [34, 45, 40]
107: [35, 45]
108: [36, 37, 38, 39, 40, 45, 46, 47, 29]
109: [79, 68]
110: [119, 104]
111: [167, 148]
112: [136, 167]
113: [94, 119]
114: [60, 79]
115: [29, 34, 46, 35, 47]
116: [46, 36]
117: [46, 37]
118: [46, 38]
119: [46, 39]
120: [34, 46, 40]
121: [35, 46]
122: [36, 37, 38, 39, 40, 46, 47, 29]
123: [79, 68]
124: [119, 104]
125: [167, 148]
126: [136, 167]
127: [94, 119]
128: [60, 79]
129: [29, 34, 35, 47]
130: [47, 36]
131: [47, 37]
132: [47, 38]
133: [47, 39]
134: [34, 47, 40]
135: [35, 47]
136: [36, 37, 38, 39, 40, 47, 29]
137: [79, 68]
138: [119, 104]
139: [167, 148]
140: [136, 167]
141: [94, 119]
142: [60, 79]
143: [34, 29, 35]
144: [34, 35, 29, 36]
145: [34, 35, 37, 36, 29]
146: [34, 35, 36, 37, 38, 29]
147: [34, 35, 36, 37, 38, 39, 29]
148: [34, 35, 36, 37, 38, 39, 40, 29]
149: [35, 36, 37, 38, 39, 40, 29]
150: [36, 37, 38, 39, 40, 29]
151: [79, 68]
152: [119, 104]
153: [167, 148]
154: [136, 167]
155: [94, 119]
156: [60, 79]
157: [60, 79]
158: [60, 79]
159: [60, 79]
160: [60, 79]
161: [60, 79]
162: [60, 79, 68]
163: [79, 68]
164: [79, 68]
165: [79, 68]
166: [119, 104]
167: [167, 148]
168: [136, 167]
169: [94, 119]
170: [94, 119]
171: [94, 119]
172: [94, 119]
173: [94, 119]
174: [94, 119]
175: [94, 119]
176: [94, 119, 104]
177: [119, 104]
178: [119, 104]
179: [119, 104]
180: [119, 104]
181: [167, 148]
182: [136, 167]
183: [136, 167]
184: [136, 167]
185: [136, 167]
186: [136, 167]
187: [136, 167]
188: [136, 167]
189: [136, 167]
190: [136, 167, 148]
191: [167, 148]
192: [167, 148]
193: [167, 148]
194: [167, 148]
195: [167, 148]
51
0: [155, 137]
1: [155, 137]
2: [155, 137]
3: [155, 137]
4: [155, 137]
5: [155, 137]
6: [155, 137]
7: [155, 137]
8: [155, 137]
9: [149, 155, 137]
10: [149, 155]
11: [149, 155]
12: [149, 155]
13: [149, 155]
14: [155, 137]
15: [109, 95]
16: [109, 95]
17: [109, 95]
18: [109, 95]
19: [109, 95]
20: [109, 95]
21: [109, 95]
22: [109, 95]
23: [105, 109, 95]
24: [105, 109]
25: [105, 109]
26: [105, 109]
27: [149, 155]
28: [155, 137]
29: [109, 95]
30: [71, 61]
31: [71, 61]
32: [71, 61]
33: [71, 61]
34: [71, 61]
35: [71, 61]
36: [71, 61]
37: [69, 71, 61]
38: [69, 71]
39: [69, 71]
40: [105, 109]
41: [149, 155]
42: [155, 137, 167]
43: [109, 95, 119]
44: [71, 61, 79]
45: [29, 42, 43, 44, 45, 46, 35, 47]
46: [29, 42, 43, 44, 45, 46, 35, 36, 47]
47: [29, 42, 43, 44, 45, 37, 46, 35, 36, 47]
48: [29, 42, 43, 44, 45, 38, 37, 46, 35, 36, 47]
49: [29, 42, 43, 44, 39, 45, 38, 37, 46, 35, 36, 47]
50: [29, 42, 40, 43, 44, 39, 45, 38, 37, 46, 35, 36, 47]
51: []
52: [36, 37, 38, 39, 40, 41, 42, 43, 44, 45, 46, 47, 29]
53: [79, 69, 71]
54: [119, 105, 109]
55: [167, 149, 155]
56: [137, 167]
57: [95, 119]
58: [61, 79]
59: [29, 42, 43, 44, 45, 46, 35, 47]
60: [42, 36]
61: [42, 37]
62: [42, 38]
63: [42, 39]
64: [42, 40]
65: [35, 42, 41]
66: [36, 37, 38, 39, 40, 41, 42, 43, 44, 45, 46, 47, 29]
67: [79, 69]
68: [119, 105]
69: [167, 149]
70: [137, 167]
71: [95, 119]
72: [61, 79]
73: [29, 43, 44, 45, 46, 35, 47]
74: [43, 36]
75: [43, 37]
76: [43, 38]
77: [43, 39]
78: [43, 40]
79: [35, 43, 41]
80: [36, 37, 38, 39, 40, 41, 43, 44, 45, 46, 47, 29]
81: [79, 69]
82: [119, 105]
83: [167, 149]
84: [137, 167]
85: [95, 119]
86: [61, 79]
87: [29, 44, 45, 46, 35, 47]
88: [44, 36]
89: [44, 37]
90: [44, 38]
91: [44, 39]
92: [44, 40]
93: [35, 44, 41]
94: [36, 37, 38, 39, 40, 41, 44, 45, 46, 47, 29]
95: [79, 69]
96: [119, 105]
97: [167, 149]
98: [137, 167]
99: [95, 119]
100: [61, 79]
101: [29, 45, 46, 35, 47]
102: [45, 36]
103: [45, 37]
104: [45, 38]
105: [45, 39]
106: [45, 40]
107: [35, 45, 41]
108: [36, 37, 38, 39, 40, 41, 45, 46, 47, 29]
109: [79, 69]
110: [119, 105]
111: [167, 149]
112: [137, 167]
113: [95, 119]
114: [61, 79]
115: [29, 46, 35, 47]
116: [46, 36]
117: [46, 37]
118: [46, 38]
119: [46, 39]
120: [46, 40]
121: [35, 46, 41]
122: [36, 37, 38, 39, 40, 41, 46, 47, 29]
123: [79, 69]
124: [119, 105]
125: [167, 149]
126: [137, 167]
127: [95, 119]
128: [61, 79]
129: [29, 35, 47]
130: [47, 36]
131: [47, 37]
132: [47, 38]
133: [47, 39]
134: [47, 40]
135: [35, 47, 41]
136: [36, 37, 38, 39, 40, 41, 47, 29]
137: [79, 69]
138: [119, 105]
139: [167, 149]
140: [137, 167]
141: [95, 119]
142: [61, 79]
143: [35, 29]
144: [35, 36, 29]
145: [35, 36, 37, 29]
146: [35, 36, 37, 38, 29]
147: [35, 36, 37, 38, 39, 29]
148: [35, 36, 37, 38, 39, 40, 29]
149: [35, 36, 37, 38, 39, 40, 41, 29]
150: [36, 37, 38, 39, 40, 41, 29]
151: [79, 69]
152: [119, 105]
153: [167, 149]
154: [137, 167]
155: [95, 119]
156: [61, 79]
157: [61, 79]
158: [61, 79]
159: [61, 79]
160: [61, 79]
161: [61, 79]
162: [61, 79]
163: [61, 79, 69]
164: [79, 69]
165: [79, 69]
166: [119, 105]
167: [167, 149]
168: [137, 167]
169: [95, 119]
170: [95, 119]
171: [95, 119]
172: [95, 119]
173: [95, 119]
174: [95, 119]
175: [95, 119]
176: [95, 119]
177: [95, 119, 105]
178: [119, 105]
179: [119, 105]
180: [119, 105]
181: [167, 149]
182: [137, 167]
183: [137, 167]
184: [137, 167]
185: [137, 167]
186: [137, 167]
187: [137, 167]
188: [137, 167]
189: [137, 167]
190: [137, 167]
191: [137, 167, 149]
192: [167, 149]
193: [167, 149]
194: [167, 149]
195: [167, 149]
52
0: [155, 138]
1: [155, 138]
2: [155, 138]
3: [155, 138]
4: [155, 138]
5: [155, 138]
6: [155, 138]
7: [155, 138]
8: [155, 138]
9: [155, 138]
10: [150, 155, 138]
11: [150, 155]
12: [150, 155]
13: [150, 155]
14: [155, 138]
15: [109, 96]
16: [109, 96]
17: [109, 96]
18: [109, 96]
19: [109, 96]
20: [109, 96]
21: [109, 96]
22: [109, 96]
23: [109, 96]
24: [106, 109, 96]
25: [106, 109]
26: [106, 109]
27: [150, 155]
28: [155, 138]
29: [109, 96]
30: [71, 62]
31: [71, 62]
32: [71, 62]
33: [71, 62]
34: [71, 62]
35: [71, 62]
36: [71, 62]
37: [71, 62]
38: [70, 71, 62]
39: [70, 71]
40: [106, 109]
41: [150, 155]
42: [155, 138, 167]
43: [109, 96, 119]
44: [71, 62, 79]
45: [29, 42, 43, 44, 45, 46, 47]
46: [29, 42, 43, 44, 45, 46, 36, 47]
47: [29, 42, 43, 44, 45, 37, 46, 36, 47]
48: [29, 42, 43, 44, 45, 38, 37, 46, 36, 47]
49: [29, 42, 43, 44, 39, 45, 38, 37, 46, 36, 47]
50: [29, 42, 40, 43, 44, 39, 45, 38, 37, 46, 36, 47]
51: [29, 41, 42, 40, 43, 44, 39, 45, 38, 37, 46, 36, 47]
52: []
53: [79, 70, 71]
54: [119, 106, 109]
55: [167, 150, 155]
56: [138, 167]
57: [96, 119]
58: [62, 79]
59: [42, 29, 43, 44, 45, 46, 47]
60: [42, 36]
61: [42, 37]
62: [42, 38]
63: [42, 39]
64: [42, 40]
65: [42, 41]
66: [36, 37, 38, 39, 40, 41, 42, 43, 44, 45, 46, 47, 29]
67: [79, 70]
68: [119, 106]
69: [167, 150]
70: [138, 167]
71: [96, 119]
72: [62, 79]
73: [43, 29, 44, 45, 46, 47]
74: [43, 36]
75: [43, 37]
76: [43, 38]
77: [43, 39]
78: [43, 40]
79: [43, 41]
80: [36, 37, 38, 39, 40, 41, 43, 44, 45, 46, 47, 29]
81: [79, 70]
82: [119, 106]
83: [167, 150]
84: [138, 167]
85: [96, 119]
86: [62, 79]
87: [44, 29, 45, 46, 47]
88: [44, 36]
89: [44, 37]
90: [44, 38]
91: [44, 39]
92: [44, 40]
93: [44, 41]
94: [36, 37, 38, 39, 40, 41, 44, 45, 46, 47, 29]
95: [79, 70]
96: [119, 106]
97: [167, 150]
98: [138, 167]
99: [96, 119]
100: [62, 79]
101: [45, 29, 46, 47]
102: [45, 36]
103: [45, 37]
104: [45, 38]
105: [45, 39]
106: [45, 40]
107: [45, 41]
108: [36, 37, 38, 39, 40, 41, 45, 46, 47, 29]
109: [79, 70]
110: [119, 106]
111: [167, 150]
112: [138, 167]
113: [96, 119]
114: [62, 79]
115: [29, 46, 47]
116: [46, 36]
117: [46, 37]
118: [46, 38]
119: [46, 39]
120: [46, 40]
121: [46, 41]
122: [36, 37, 38, 39, 40, 41, 46, 47, 29]
123: [79, 70]
124: [119, 106]
125: [167, 150]
126: [138, 167]
127: [96, 119]
128: [62, 79]
129: [29, 47]
130: [47, 36]
131: [47, 37]
132: [47, 38]
133: [47, 39]
134: [47, 40]
135: [47, 41]
136: [36, 37, 38, 39, 40, 41, 47, 29]
137: [79, 70]
138: [119, 106]
139: [167, 150]
140: [138, 167]
141: [96, 119]
142: [62, 79]
143: [29]
144: [36, 29]
145: [36, 37, 29]
146: [36, 37, 38, 29]
147: [36, 37, 38, 39, 29]
148: [36, 37, 38, 39, 40, 29]
149: [36, 37, 38, 39, 40, 41, 29]
150: [36, 37, 38, 39, 40, 41, 29]
151: [79, 70]
152: [119, 106]
153: [167, 150]
154: [138, 167]
155: [96, 119]
156: [62, 79]
157: [62, 79]
158: [62, 79]
159: [62, 79]
160: [62, 79]
161: [62, 79]
162: [62, 79]
163: [62, 79]
164: [62, 79, 70]
165: [79, 70]
166: [119, 106]
167: [167, 150]
168: [138, 167]
169: [96, 119]
170: [96, 119]
171: [96, 119]
172: [96, 119]
173: [96, 119]
174: [96, 119]
175: [96, 119]
176: [96, 119]
177: [96, 119]
178: [96, 119, 106]
179: [119, 106]
180: [119, 106]
181: [167, 150]
182: [138, 167]
183: [138, 167]
184: [138, 167]
185: [138, 167]
186: [138, 167]
187: [138, 167]
188: [138, 167]
189: [138, 167]
190: [138, 167]
191: [138, 167]
192: [138, 167, 150]
193: [167, 150]
194: [167, 150]
195: [167, 150]
53
0: [155, 139]
1: [155, 139]
2: [155, 139]
3: [155, 139]
4: [155, 139]
5: [155, 139]
6: [155, 139]
7: [155, 139]
8: [155, 139]
9: [155, 139]
10: [155, 139]
11: [151, 155, 139]
12: [151, 155]
13: [151, 155]
14: [155, 139]
15: [109, 97]
16: [109, 97]
17: [109, 97]
18: [109, 97]
19: [109, 97]
20: [109, 97]
21: [109, 97]
22: [109, 97]
23: [109, 97]
24: [109, 97]
25: [107, 109, 97]
26: [107, 109]
27: [151, 155]
28: [155, 139]
29: [109, 97]
30: [54, 71, 72, 73, 74, 75, 76, 77, 78]
31: [54, 71, 72, 73, 74, 75, 76, 77, 78, 63]
32: [54, 71, 72, 73, 74, 75, 76, 64, 77, 78, 63]
33: [54, 71, 72, 73, 74, 75, 65, 76, 64, 77, 78, 63]
34: [54, 71, 72, 73, 74, 66, 75, 65, 76, 64, 77, 78, 63]
35: [54, 71, 72, 73, 74, 67, 66, 75, 65, 76, 64, 77, 78, 63]
36: [54, 71, 72, 73, 68, 74, 67, 66, 75, 65, 76, 64, 77, 78, 63]
37: [54, 71, 72, 69, 73, 68, 74, 67, 66, 75, 65, 76, 64, 77, 78, 63]
38: [54, 70, 71, 72, 69, 73, 68, 74, 67, 66, 75, 65, 76, 64, 77, 78, 63]
39: [54, 70, 71, 72, 69, 73, 68, 74, 67, 66, 75, 65, 76, 64, 77, 78, 63]
40: [107, 109]
41: [151, 155]
42: [155, 139, 167]
43: [109, 97, 119]
44: [71, 72, 54, 73, 74, 75, 76, 77, 78, 79]
45: [71, 63, 79]
46: [71, 64, 79]
47: [71, 65, 79]
48: [71, 66, 79]
49: [71, 67, 79]
50: [71, 68, 79]
51: [71, 69, 79]
52: [71, 70, 79]
53: []
54: [119, 107, 109]
55: [167, 151, 155]
56: [139, 167]
57: [97, 119]
58: [72, 73, 54, 74, 75, 76, 77, 78, 79]
59: [72, 63]
60: [72, 64]
61: [72, 65]
62: [72, 66]
63: [72, 67]
64: [72, 68]
65: [72, 69]
66: [72, 70]
67: [64, 65, 66, 67, 68, 69, 70, 72, 73, 74, 75, 76, 77, 78, 79, 63, 54]
68: [119, 107]
69: [167, 151]
70: [139, 167]
71: [97, 119]
72: [73, 74, 54, 75, 76, 77, 78, 79]
73: [73, 63]
74: [73, 64]
75: [73, 65]
76: [73, 66]
77: [73, 67]
78: [73, 68]
79: [73, 69]
80: [73, 70]
81: [64, 65, 66, 67, 68, 69, 70, 73, 74, 75, 76, 77, 78, 79, 63, 54]
82: [119, 107]
83: [167, 151]
84: [139, 167]
85: [97, 119]
86: [74, 75, 54, 76, 77, 78, 79]
87: [74, 63]
88: [74, 64]
89: [74, 65]
90: [74, 66]
91: [74, 67]
92: [74, 68]
93: [74, 69]
94: [74, 70]
95: [64, 65, 66, 67, 68, 69, 70, 74, 75, 76, 77, 78, 79, 63, 54]
96: [119, 107]
97: [167, 151]
98: [139, 167]
99: [97, 119]
100: [75, 76, 54, 77, 78, 79]
101: [75, 63]
102: [75, 64]
103: [75, 65]
104: [75, 66]
105: [75, 67]
106: [75, 68]
107: [75, 69]
108: [75, 70]
109: [64, 65, 66, 67, 68, 69, 70, 75, 76, 77, 78, 79, 63, 54]
110: [119, 107]
111: [167, 151]
112: [139, 167]
113: [97, 119]
114: [76, 77, 54, 78, 79]
115: [76, 63]
116: [76, 64]
117: [76, 65]
118: [76, 66]
119: [76, 67]
120: [76, 68]
121: [76, 69]
122: [76, 70]
123: [64, 65, 66, 67, 68, 69, 70, 76, 77, 78, 79, 63, 54]
124: [119, 107]
125: [167, 151]
126: [139, 167]
127: [97, 119]
128: [77, 78, 54, 79]
129: [77, 63]
130: [77, 64]
131: [77, 65]
132: [77, 66]
133: [77, 67]
134: [77, 68]
135: [77, 69]
136: [77, 70]
137: [64, 65, 66, 67, 68, 69, 70, 77, 78, 79, 63, 54]
138: [119, 107]
139: [167, 151]
140: [139, 167]
141: [97, 119]
142: [78, 54, 79]
143: [78, 63]
144: [78, 64]
145: [78, 65]
146: [78, 66]
147: [78, 67]
148: [78, 68]
149: [78, 69]
150: [78, 70]
151: [64, 65, 66, 67, 68, 69, 70, 78, 79, 63, 54]
152: [119, 107]
153: [167, 151]
154: [139, 167]
155: [97, 119]
156: [79, 54]
157: [79, 63, 54]
158: [64, 79, 63, 54]
159: [64, 65, 79, 63, 54]
160: [64, 65, 66, 79, 63, 54]
161: [64, 65, 66, 67, 79, 63, 54]
162: [64, 65, 66, 67, 68, 79, 63, 54]
163: [64, 65, 66, 67, 68, 69, 79, 63, 54]
164: [64, 65, 66, 67, 68, 69, 70, 79, 63, 54]
165: [64, 65, 66, 67, 68, 69, 70, 79, 63, 54]
166: [119, 107]
167: [167, 151]
168: [139, 167]
169: [97, 119]
170: [97, 119]
171: [97, 119]
172: [97, 119]
173: [97, 119]
174: [97, 119]
175: [97, 119]
176: [97, 119]
177: [97, 119]
178: [97, 119]
179: [97, 119, 107]
180: [119, 107]
181: [167, 151]
182: [139, 167]
183: [139, 167]
184: [139, 167]
185: [139, 167]
186: [139, 167]
187: [139, 167]
188: [139, 167]
189: [139, 167]
190: [139, 167]
191: [139, 167]
192: [139, 167]
193: [139, 167, 151]
194: [167, 151]
195: [167, 151]
54
0: [155, 140]
1: [155, 140]
2: [155, 140]
3: [155, 140]
4: [155, 140]
5: [155, 140]
6: [155, 140]
7: [155, 140]
8: [155, 140]
9: [155, 140]
10: [155, 140]
11: [155, 140]
12: [152, 155, 140]
13: [152, 155]
14: [155, 140]
15: [109, 87, 110, 111, 112, 113, 114, 115, 116, 117]
16: [87, 109, 110, 111, 112, 113, 114, 115, 116, 98, 117]
17: [87, 109, 110, 111, 112, 113, 114, 115, 99, 116, 98, 117]
18: [87, 109, 110, 111, 112, 113, 114, 115, 100, 99, 116, 98, 117]
19: [87, 109, 110, 111, 112, 113, 114, 101, 115, 100, 99, 116, 98, 117]
20: [87, 109, 110, 111, 112, 113, 102, 114, 101, 115, 100, 99, 116, 98, 117]
21: [87, 109, 110, 111, 112, 103, 113, 102, 114, 101, 115, 100, 99, 116, 98, 117]
22: [87, 109, 110, 104, 111, 112, 103, 113, 102, 114, 101, 115, 100, 99, 116, 98, 117]
23: [87, 109, 105, 110, 104, 111, 112, 103, 113, 102, 114, 101, 115, 100, 99, 116, 98, 117]
24: [87, 106, 109, 105, 110, 104, 111, 112, 103, 113, 102, 114, 101, 115, 100, 99, 116, 98, 117]
25: [87, 107, 106, 109, 105, 110, 104, 111, 112, 103, 113, 102, 114, 101, 115, 100, 99, 116, 98, 117]
26: [87, 107, 106, 109, 105, 110, 104, 111, 112, 103, 113, 102, 114, 101, 115, 100, 99, 116, 98, 117]
27: [152, 155]
28: [155, 140]
29: [109, 110, 87, 111, 112, 113, 114, 115, 116, 117, 118]
30: [98, 118]
31: [99, 118]
32: [100, 118]
33: [101, 118]
34: [102, 118]
35: [103, 118]
36: [104, 118]
37: [105, 118]
38: [106, 118]
39: [107, 118]
40: [87, 107, 106, 109, 105, 110, 104, 111, 112, 103, 113, 102, 114, 101, 115, 100, 99, 116, 98, 117, 118]
41: [152, 155]
42: [155, 140, 167]
43: [109, 110, 111, 87, 112, 113, 114, 115, 116, 117, 118, 119]
44: [109, 98, 119]
45: [109, 99, 119]
46: [109, 100, 119]
47: [109, 101, 119]
48: [109, 102, 119]
49: [109, 103, 119]
50: [109, 104, 119]
51: [109, 105, 119]
52: [109, 106, 119]
53: [109, 107, 119]
54: []
55: [167, 152, 155]
56: [140, 167]
57: [110, 111, 112, 87, 113, 114, 115, 116, 117, 118, 119]
58: [110, 98]
59: [110, 99]
60: [110, 100]
61: [110, 101]
62: [110, 102]
63: [110, 103]
64: [110, 104]
65: [110, 105]
66: [110, 106]
67: [110, 107]
68: [98, 99, 100, 101, 102, 103, 104, 105, 106, 107, 110, 111, 112, 113, 114, 115, 116, 117, 118, 119, 87]
69: [167, 152]
70: [140, 167]
71: [111, 112, 113, 87, 114, 115, 116, 117, 118, 119]
72: [111, 98]
73: [111, 99]
74: [111, 100]
75: [111, 101]
76: [111, 102]
77: [111, 103]
78: [111, 104]
79: [111, 105]
80: [111, 106]
81: [111, 107]
82: [98, 99, 100, 101, 102, 103, 104, 105, 106, 107, 111, 112, 113, 114, 115, 116, 117, 118, 119, 87]
83: [167, 152]
84: [140, 167]
85: [112, 113, 114, 87, 115, 116, 117, 118, 119]
86: [112, 98]
87: [112, 99]
88: [112, 100]
89: [112, 101]
90: [112, 102]
91: [112, 103]
92: [112, 104]
93: [112, 105]
94: [112, 106]
95: [112, 107]
96: [98, 99, 100, 101, 102, 103, 104, 105, 106, 107, 112, 113, 114, 115, 116, 117, 118, 119, 87]
97: [167, 152]
98: [140, 167]
99: [113, 114, 115, 87, 116, 117, 118, 119]
100: [113, 98]
101: [113, 99]
102: [113, 100]
103: [113, 101]
104: [113, 102]
105: [113, 103]
106: [113, 104]
107: [113, 105]
108: [113, 106]
109: [113, 107]
110: [98, 99, 100, 101, 102, 103, 104, 105, 106, 107, 113, 114, 115, 116, 117, 118, 119, 87]
111: [167, 152]
112: [140, 167]
113: [114, 115, 116, 87, 117, 118, 119]
114: [114, 98]
115: [114, 99]
116: [114, 100]
117: [114, 101]
118: [114, 102]
119: [114, 103]
120: [114, 104]
121: [114, 105]
122: [114, 106]
123: [114, 107]
124: [98, 99, 100, 101, 102, 103, 104, 105, 106, 107, 114, 115, 116, 117, 118, 119, 87]
125: [167, 152]
126: [140, 167]
127: [115, 116, 117, 87, 118, 119]
128: [115, 98]
129: [115, 99]
130: [115, 100]
131: [115, 101]
132: [115, 102]
133: [115, 103]
134: [115, 104]
135: [115, 105]
136: [115, 106]
137: [115, 107]
138: [98, 99, 100, 101, 102, 103, 104, 105, 106, 107, 115, 116, 117, 118, 119, 87]
139: [167, 152]
140: [140, 167]
141: [116, 117, 119, 118, 87]
142: [116, 98]
143: [116, 99]
144: [116, 100]
145: [116, 101]
146: [116, 102]
147: [116, 103]
148: [116, 104]
149: [116, 105]
150: [116, 106]
151: [116, 107]
152: [98, 99, 100, 101, 102, 103, 104, 105, 106, 107, 116, 117, 118, 119, 87]
153: [167, 152]
154: [140, 167]
155: [117, 118, 119, 87]
156: [117, 98]
157: [117, 99]
158: [117, 100]
159: [117, 101]
160: [117, 102]
161: [117, 103]
162: [117, 104]
163: [117, 105]
164: [117, 106]
165: [117, 107]
166: [98, 99, 100, 101, 102, 103, 104, 105, 106, 107, 117, 118, 119, 87]
167: [167, 152]
168: [140, 167]
169: [118, 119, 87]
170: [98, 118, 119, 87]
171: [98, 99, 118, 119, 87]
172: [98, 99, 100, 118, 119, 87]
173: [98, 99, 100, 101, 118, 119, 87]
174: [98, 99, 100, 101, 102, 118, 119, 87]
175: [98, 99, 100, 101, 102, 103, 118, 119, 87]
176: [98, 99, 100, 101, 102, 103, 104, 118, 119, 87]
177: [98, 99, 100, 101, 102, 103, 104, 105, 118, 119, 87]
178: [98, 99, 100, 101, 102, 103, 104, 105, 106, 118, 119, 87]
179: [98, 99, 100, 101, 102, 103, 104, 105, 106, 107, 118, 119, 87]
180: [98, 99, 100, 101, 102, 103, 104, 105, 106, 107, 118, 119, 87]
181: [167, 152]
182: [140, 167]
183: [140, 167]
184: [140, 167]
185: [140, 167]
186: [140, 167]
187: [140, 167]
188: [140, 167]
189: [140, 167]
190: [140, 167]
191: [140, 167]
192: [140, 167]
193: [140, 167]
194: [140, 167, 152]
195: [167, 152]
55
0: [128, 155, 156, 157, 158, 159, 160, 161, 162, 163, 164]
1: [128, 155, 156, 157, 158, 159, 160, 161, 162, 163, 164, 141]
2: [128, 155, 156, 157, 158, 159, 160, 161, 162, 163, 142, 164, 141]
3: [128, 155, 156, 157, 158, 159, 160, 161, 162, 143, 163, 142, 164, 141]
4: [128, 155, 156, 157, 158, 159, 160, 144, 161, 162, 143, 163, 142, 164, 141]
5: [128, 155, 156, 157, 158, 159, 160, 145, 144, 161, 162, 143, 163, 142, 164, 141]
6: [128, 155, 156, 157, 158, 146, 159, 160, 145, 144, 161, 162, 143, 163, 142, 164, 141]
7: [128, 155, 156, 157, 147, 158, 146, 159, 160, 145, 144, 161, 162, 143, 163, 142, 164, 141]
8: [128, 155, 156, 148, 157, 147, 158, 146, 159, 160, 145, 144, 161, 162, 143, 163, 142, 164, 141]
9: [128, 155, 156, 149, 148, 157, 147, 158, 146, 159, 160, 145, 144, 161, 162, 143, 163, 142, 164, 141]
10: [128, 155, 150, 156, 149, 148, 157, 147, 158, 146, 159, 160, 145, 144, 161, 162, 143, 163, 142, 164, 141]
11: [128, 151, 155, 150, 156, 149, 148, 157, 147, 158, 146, 159, 160, 145, 144, 161, 162, 143, 163, 142, 164, 141]
12: [128, 152, 151, 155, 150, 156, 149, 148, 157, 147, 158, 146, 159, 160, 145, 144, 161, 162, 143, 163, 142, 164, 141]
13: [128, 152, 151, 155, 150, 156, 149, 148, 157, 147, 158, 146, 159, 160, 145, 144, 161, 162, 143, 163, 142, 164, 141]
14: [155, 128, 156, 157, 158, 159, 160, 161, 162, 163, 164, 165]
15: [141, 165]
16: [142, 165]
17: [143, 165]
18: [144, 165]
19: [145, 165]
20: [146, 165]
21: [147, 165]
22: [148, 165]
23: [149, 165]
24: [150, 165]
25: [151, 165]
26: [152, 165]
27: [128, 152, 151, 155, 150, 156, 149, 148, 157, 147, 158, 146, 159, 160, 145, 144, 161, 162, 143, 163, 142, 164, 141, 165]
28: [155, 156, 128, 157, 158, 159, 160, 161, 162, 163, 164, 165, 166]
29: [141, 166]
30: [142, 166]
31: [143, 166]
32: [144, 166]
33: [145, 166]
34: [146, 166]
35: [147, 166]
36: [148, 166]
37: [149, 166]
38: [150, 166]
39: [151, 166]
40: [152, 166]
41: [128, 152, 151, 155, 150, 156, 149, 148, 157, 147, 158, 146, 159, 160, 145, 144, 161, 162, 143, 163, 166, 142, 164, 141, 165]
42: [155, 156, 157, 128, 158, 159, 160, 161, 162, 163, 164, 165, 166, 167]
43: [155, 141, 167]
44: [155, 142, 167]
45: [155, 143, 167]
46: [155, 144, 167]
47: [155, 145, 167]
48: [155, 146, 167]
49: [155, 147, 167]
50: [155, 148, 167]
51: [155, 149, 167]
52: [155, 150, 167]
53: [155, 151, 167]
54: [155, 152, 167]
55: []
56: [156, 157, 158, 128, 159, 160, 161, 162, 163, 164, 165, 166, 167]
57: [156, 141]
58: [156, 142]
59: [156, 143]
60: [156, 144]
61: [156, 145]
62: [156, 146]
63: [156, 147]
64: [156, 148]
65: [156, 149]
66: [156, 150]
67: [156, 151]
68: [156, 152]
69: [141, 142, 143, 144, 145, 146, 147, 148, 149, 150, 151, 152, 156, 157, 158, 159, 160, 161, 162, 163, 164, 165, 166, 167, 128]
70: [157, 158, 159, 128, 160, 161, 162, 163, 164, 165, 166, 167]
71: [157, 141]
72: [157, 142]
73: [157, 143]
74: [157, 144]
75: [157, 145]
76: [157, 146]
77: [157, 147]
78: [157, 148]
79: [157, 149]
80: [157, 150]
81: [157, 151]
82: [157, 152]
83: [141, 142, 143, 144, 145, 146, 147, 148, 149, 150, 151, 152, 157, 158, 159, 160, 161, 162, 163, 164, 165, 166, 167, 128]
84: [158, 159, 160, 128, 161, 162, 163, 164, 165, 166, 167]
85: [158, 141]
86: [158, 142]
87: [158, 143]
88: [158, 144]
89: [158, 145]
90: [158, 146]
91: [158, 147]
92: [158, 148]
93: [158, 149]
94: [158, 150]
95: [158, 151]
96: [158, 152]
97: [141, 142, 143, 144, 145, 146, 147, 148, 149, 150, 151, 152, 158, 159, 160, 161, 162, 163, 164, 165, 166, 167, 128]
98: [159, 160, 161, 128, 162, 163, 164, 165, 166, 167]
99: [159, 141]
100: [159, 142]
101: [159, 143]
102: [159, 144]
103: [159, 145]
104: [159, 146]
105: [159, 147]
106: [159, 148]
107: [159, 149]
108: [159, 150]
109: [159, 151]
110: [159, 152]
111: [141, 142, 143, 144, 145, 146, 147, 148, 149, 150, 151, 152, 159, 160, 161, 162, 163, 164, 165, 166, 167, 128]
112: [160, 161, 162, 128, 163, 164, 165, 166, 167]
113: [160, 141]
114: [160, 142]
115: [160, 143]
116: [160, 144]
117: [160, 145]
118: [160, 146]
119: [160, 147]
120: [160, 148]
121: [160, 149]
122: [160, 150]
123: [160, 151]
124: [160, 152]
125: [141, 142, 143, 144, 145, 146, 147, 148, 149, 150, 151, 152, 160, 161, 162, 163, 164, 165, 166, 167, 128]
126: [161, 162, 163, 128, 164, 165, 166, 167]
127: [161, 141]
128: [161, 142]
129: [161, 143]
130: [161, 144]
131: [161, 145]
132: [161, 146]
133: [161, 147]
134: [161, 148]
135: [161, 149]
136: [161, 150]
137: [161, 151]
138: [161, 152]
139: [141, 142, 143, 144, 145, 146, 147, 148, 149, 150, 151, 152, 161, 162, 163, 164, 165, 166, 167, 128]
140: [162, 163, 164, 128, 165, 166, 167]
141: [162, 141]
142: [162, 142]
143: [162, 143]
144: [162, 144]
145: [162, 145]
146: [162, 146]
147: [162, 147]
148: [162, 148]
149: [162, 149]
150: [162, 150]
151: [162, 151]
152: [162, 152]
153: [162, 163, 164, 165, 166, 167, 141, 142, 143, 144, 145, 146, 147, 148, 149, 150, 151, 152, 128]
154: [163, 164, 165, 166, 167, 128]
155: [163, 141]
156: [163, 142]
157: [163, 143]
158: [163, 144]
159: [163, 145]
160: [163, 146]
161: [163, 147]
162: [163, 148]
163: [163, 149]
164: [163, 150]
165: [163, 151]
166: [163, 152]
167: [163, 164, 165, 166, 167, 141, 142, 143, 144, 145, 146, 147, 148, 149, 150, 151, 152, 128]
168: [164, 165, 166, 167, 128]
169: [164, 141]
170: [164, 142]
171: [164, 143]
172: [164, 144]
173: [164, 145]
174: [164, 146]
175: [164, 147]
176: [164, 148]
177: [164, 149]
178: [164, 150]
179: [164, 151]
180: [164, 152]
181: [164, 165, 166, 167, 141, 142, 143, 144, 145, 146, 147, 148, 149, 150, 151, 152, 128]
182: [165, 166, 167, 128]
183: [167, 141, 166, 165, 128]
184: [165, 166, 167, 141, 142, 128]
185: [165, 166, 167, 141, 142, 143, 128]
186: [165, 166, 167, 141, 142, 143, 144, 128]
187: [165, 166, 167, 141, 142, 143, 144, 145, 128]
188: [165, 166, 167, 141, 142, 143, 144, 145, 146, 128]
189: [165, 166, 167, 141, 142, 143, 144, 145, 146, 147, 128]
190: [165, 166, 167, 141, 142, 143, 144, 145, 146, 147, 148, 128]
191: [165, 166, 167, 141, 142, 143, 144, 145, 146, 147, 148, 149, 128]
192: [165, 166, 167, 141, 142, 143, 144, 145, 146, 147, 148, 149, 150, 128]
193: [165, 166, 167, 141, 142, 143, 144, 145, 146, 147, 148, 149, 150, 151, 128]
194: [165, 166, 167, 141, 142, 143, 144, 145, 146, 147, 148, 149, 150, 151, 152, 128]
195: [165, 166, 167, 141, 142, 143, 144, 145, 146, 147, 148, 149, 150, 151, 152, 128]
56
0: [129, 130, 131, 132, 133, 134, 135, 136, 137, 138, 139, 140, 156, 157, 158, 159, 160, 161, 162, 163, 164, 128]
1: [129, 130, 131, 132, 133, 134, 135, 136, 137, 138, 139, 140, 156, 157, 158, 159, 160, 161, 162, 163, 164, 128]
2: [130, 131, 132, 133, 134, 135, 136, 137, 138, 139, 140, 156, 157, 158, 159, 160, 161, 162, 163, 164, 128]
3: [131, 132, 133, 134, 135, 136, 137, 138, 139, 140, 156, 157, 158, 159, 160, 161, 162, 163, 164, 128]
4: [160, 161, 162, 163, 132, 133, 134, 135, 136, 137, 138, 139, 140, 164, 156, 157, 158, 159, 128]
5: [160, 161, 162, 163, 164, 133, 134, 135, 136, 137, 138, 139, 140, 156, 157, 158, 159, 128]
6: [160, 161, 162, 163, 164, 134, 135, 136, 137, 138, 139, 140, 156, 157, 158, 159, 128]
7: [160, 161, 162, 163, 164, 135, 136, 137, 138, 139, 140, 156, 157, 158, 159, 128]
8: [160, 161, 162, 163, 164, 136, 137, 138, 139, 140, 156, 157, 158, 159, 128]
9: [160, 161, 162, 163, 164, 137, 138, 139, 140, 156, 157, 158, 159, 128]
10: [160, 161, 162, 163, 164, 138, 139, 140, 156, 157, 158, 159, 128]
11: [160, 161, 162, 163, 164, 139, 140, 156, 157, 158, 159, 128]
12: [160, 161, 162, 163, 164, 140, 156, 157, 158, 159, 128]
13: [160, 161, 162, 163, 164, 156, 157, 158, 159, 128]
14: [129, 130, 131, 132, 133, 134, 135, 136, 137, 138, 139, 140, 156, 157, 158, 159, 160, 161, 162, 163, 164, 165, 128]
15: [165, 129]
16: [165, 130]
17: [165, 131]
18: [165, 132]
19: [165, 133]
20: [165, 134]
21: [165, 135]
22: [165, 136]
23: [165, 137]
24: [165, 138]
25: [165, 139]
26: [165, 140]
27: [165, 160, 161, 162, 163, 164, 156, 157, 158, 159, 128]
28: [129, 130, 131, 132, 133, 134, 135, 136, 137, 138, 139, 140, 156, 157, 158, 159, 160, 161, 162, 163, 164, 165, 166, 128]
29: [166, 129]
30: [166, 130]
31: [166, 131]
32: [166, 132]
33: [166, 133]
34: [166, 134]
35: [166, 135]
36: [166, 136]
37: [166, 137]
38: [166, 138]
39: [166, 139]
40: [166, 140]
41: [166, 165, 160, 161, 162, 163, 164, 156, 157, 158, 159, 128]
42: [129, 130, 131, 132, 133, 134, 135, 136, 137, 138, 139, 140, 156, 157, 158, 159, 160, 161, 162, 163, 164, 165, 166, 167, 128]
43: [167, 129]
44: [167, 130]
45: [167, 131]
46: [167, 132]
47: [167, 133]
48: [167, 134]
49: [167, 135]
50: [167, 136]
51: [167, 137]
52: [167, 138]
53: [167, 139]
54: [167, 140]
55: [167, 166, 165, 160, 161, 162, 163, 164, 156, 157, 158, 159, 128]
56: []
57: [168, 129, 156]
58: [168, 130, 156]
59: [168, 131, 156]
60: [168, 132, 156]
61: [168, 133, 156]
62: [168, 134, 156]
63: [168, 135, 156]
64: [168, 136, 156]
65: [168, 137, 156]
66: [168, 138, 156]
67: [168, 139, 156]
68: [168, 140, 156]
69: [168, 167, 166, 165, 160, 161, 162, 163, 164, 156, 157, 158, 159, 128]
70: [128, 129, 130, 131, 132, 133, 157, 158, 134, 159, 135, 136, 160, 168, 137, 161, 162, 138, 167, 139, 163, 166, 164, 140, 165]
71: [129, 157]
72: [130, 157]
73: [131, 157]
74: [132, 157]
75: [133, 157]
76: [134, 157]
77: [135, 157]
78: [136, 157]
79: [137, 157]
80: [138, 157]
81: [139, 157]
82: [140, 157]
83: [168, 167, 166, 165, 160, 161, 162, 163, 164, 157, 158, 159, 128]
84: [128, 129, 130, 131, 132, 133, 158, 134, 159, 135, 136, 160, 168, 137, 161, 162, 138, 167, 139, 163, 166, 164, 140, 165]
85: [129, 158]
86: [130, 158]
87: [131, 158]
88: [132, 158]
89: [133, 158]
90: [134, 158]
91: [135, 158]
92: [136, 158]
93: [137, 158]
94: [138, 158]
95: [139, 158]
96: [140, 158]
97: [168, 167, 166, 165, 160, 161, 162, 163, 164, 158, 159, 128]
98: [128, 129, 130, 131, 132, 133, 134, 159, 135, 136, 160, 168, 137, 161, 162, 138, 167, 139, 163, 166, 164, 140, 165]
99: [129, 159]
100: [130, 159]
101: [131, 159]
102: [132, 159]
103: [133, 159]
104: [134, 159]
105: [135, 159]
106: [136, 159]
107: [137, 159]
108: [138, 159]
109: [139, 159]
110: [140, 159]
111: [168, 167, 166, 165, 160, 161, 162, 163, 164, 159, 128]
112: [128, 129, 130, 131, 132, 133, 134, 135, 136, 160, 168, 137, 161, 162, 138, 167, 139, 163, 166, 164, 140, 165]
113: [129, 160]
114: [130, 160]
115: [131, 160]
116: [132, 160]
117: [133, 160]
118: [134, 160]
119: [135, 160]
120: [136, 160]
121: [137, 160]
122: [138, 160]
123: [139, 160]
124: [140, 160]
125: [168, 167, 166, 165, 160, 161, 162, 163, 164, 128]
126: [128, 129, 130, 131, 132, 133, 134, 135, 136, 168, 137, 161, 162, 138, 167, 139, 163, 166, 164, 140, 165]
127: [129, 161]
128: [130, 161]
129: [131, 161]
130: [132, 161]
131: [133, 161]
132: [134, 161]
133: [135, 161]
134: [136, 161]
135: [137, 161]
136: [138, 161]
137: [139, 161]
138: [140, 161]
139: [168, 167, 166, 165, 128, 161, 162, 163, 164]
140: [128, 129, 130, 131, 132, 133, 134, 135, 136, 168, 137, 162, 138, 167, 139, 163, 166, 164, 140, 165]
141: [129, 162]
142: [130, 162]
143: [131, 162]
144: [132, 162]
145: [133, 162]
146: [134, 162]
147: [135, 162]
148: [136, 162]
149: [137, 162]
150: [138, 162]
151: [139, 162]
152: [140, 162]
153: [168, 167, 166, 128, 165, 162, 163, 164]
154: [128, 129, 130, 131, 132, 133, 134, 135, 136, 168, 137, 138, 167, 139, 163, 166, 164, 140, 165]
155: [129, 163]
156: [130, 163]
157: [131, 163]
158: [132, 163]
159: [133, 163]
160: [134, 163]
161: [135, 163]
162: [136, 163]
163: [137, 163]
164: [138, 163]
165: [139, 163]
166: [140, 163]
167: [168, 167, 128, 166, 165, 163, 164]
168: [128, 129, 130, 131, 132, 133, 134, 135, 136, 168, 137, 138, 167, 139, 166, 164, 140, 165]
169: [129, 164]
170: [130, 164]
171: [131, 164]
172: [132, 164]
173: [133, 164]
174: [134, 164]
175: [135, 164]
176: [136, 164]
177: [137, 164]
178: [138, 164]
179: [139, 164]
180: [140, 164]
181: [168, 128, 167, 166, 165, 164]
182: [128, 129, 130, 131, 132, 133, 134, 135, 136, 168, 137, 138, 167, 139, 166, 140, 165]
183: [128, 129, 130, 131, 132, 133, 134, 135, 136, 168, 137, 138, 167, 139, 166, 140, 165]
184: [128, 130, 131, 132, 133, 134, 135, 136, 168, 137, 138, 167, 139, 166, 140, 165]
185: [128, 131, 132, 133, 134, 135, 136, 168, 137, 138, 167, 139, 166, 140, 165]
186: [128, 132, 133, 134, 135, 136, 168, 137, 138, 167, 139, 166, 140, 165]
187: [128, 133, 134, 135, 136, 168, 137, 138, 167, 139, 166, 140, 165]
188: [128, 134, 135, 136, 168, 137, 138, 167, 139, 166, 140, 165]
189: [128, 135, 136, 168, 137, 138, 167, 139, 166, 140, 165]
190: [128, 136, 168, 137, 138, 167, 139, 166, 140, 165]
191: [128, 168, 137, 138, 167, 139, 166, 140, 165]
192: [128, 168, 138, 167, 139, 166, 140, 165]
193: [128, 168, 167, 139, 166, 140, 165]
194: [128, 168, 167, 166, 140, 165]
195: [128, 168, 167, 166, 165]
57
0: [156, 129]
1: [141, 156, 129]
2: [141, 156]
3: [141, 156]
4: [141, 156]
5: [141, 156]
6: [141, 156]
7: [141, 156]
8: [141, 156]
9: [141, 156]
10: [141, 156]
11: [141, 156]
12: [141, 156]
13: [141, 156]
14: [156, 129]
15: [96, 97, 110, 111, 112, 113, 114, 115, 116, 117, 88, 89, 90, 91, 92, 93, 94, 95, 87]
16: [96, 97, 110, 111, 112, 113, 114, 115, 116, 117, 88, 89, 90, 91, 92, 93, 94, 95, 87]
17: [96, 97, 110, 111, 112, 113, 114, 115, 116, 117, 89, 90, 91, 92, 93, 94, 95, 87]
18: [96, 97, 110, 111, 112, 113, 114, 115, 116, 117, 90, 91, 92, 93, 94, 95, 87]
19: [96, 97, 110, 111, 112, 113, 114, 115, 116, 117, 91, 92, 93, 94, 95, 87]
20: [96, 97, 110, 111, 112, 113, 114, 115, 116, 117, 92, 93, 94, 95, 87]
21: [96, 97, 110, 111, 112, 113, 114, 115, 116, 117, 93, 94, 95, 87]
22: [96, 97, 110, 111, 112, 113, 114, 115, 116, 117, 94, 95, 87]
23: [96, 97, 110, 111, 112, 113, 114, 115, 116, 117, 95, 87]
24: [96, 97, 110, 111, 112, 113, 114, 115, 116, 117, 87]
25: [97, 110, 111, 112, 113, 114, 115, 116, 117, 87]
26: [110, 111, 112, 113, 114, 115, 116, 117, 87]
27: [141, 156]
28: [156, 129]
29: [88, 89, 90, 91, 92, 93, 94, 95, 96, 97, 110, 111, 112, 113, 114, 115, 116, 117, 118, 87]
30: [118, 88]
31: [118, 89]
32: [118, 90]
33: [118, 91]
34: [118, 92]
35: [118, 93]
36: [118, 94]
37: [118, 95]
38: [118, 96]
39: [118, 97]
40: [118, 110, 111, 112, 113, 114, 115, 116, 117, 87]
41: [141, 156]
42: [156, 129]
43: [88, 89, 90, 91, 92, 93, 94, 95, 96, 97, 110, 111, 112, 113, 114, 115, 116, 117, 118, 119, 87]
44: [119, 88]
45: [119, 89]
46: [119, 90]
47: [119, 91]
48: [119, 92]
49: [119, 93]
50: [119, 94]
51: [119, 95]
52: [119, 96]
53: [119, 97]
54: [119, 118, 110, 111, 112, 113, 114, 115, 116, 117, 87]
55: [141, 156]
56: [156, 129, 168]
57: []
58: [120, 88, 110]
59: [120, 89, 110]
60: [120, 90, 110]
61: [120, 91, 110]
62: [120, 92, 110]
63: [120, 93, 110]
64: [120, 94, 110]
65: [120, 95, 110]
66: [120, 96, 110]
67: [120, 97, 110]
68: [120, 119, 118, 110, 111, 112, 113, 114, 115, 116, 117, 87]
69: [168, 141, 156]
70: [129, 168]
71: [87, 88, 89, 90, 91, 111, 112, 92, 113, 93, 114, 94, 120, 115, 95, 96, 116, 119, 97, 117, 118]
72: [88, 111]
73: [89, 111]
74: [90, 111]
75: [91, 111]
76: [92, 111]
77: [93, 111]
78: [94, 111]
79: [95, 111]
80: [96, 111]
81: [97, 111]
82: [120, 119, 118, 111, 112, 113, 114, 115, 116, 117, 87]
83: [168, 141]
84: [129, 168]
85: [87, 88, 89, 90, 91, 112, 92, 113, 93, 114, 94, 120, 115, 95, 96, 116, 119, 97, 117, 118]
86: [88, 112]
87: [89, 112]
88: [90, 112]
89: [91, 112]
90: [92, 112]
91: [93, 112]
92: [94, 112]
93: [95, 112]
94: [96, 112]
95: [97, 112]
96: [120, 119, 118, 112, 113, 114, 115, 116, 117, 87]
97: [168, 141]
98: [129, 168]
99: [87, 88, 89, 90, 91, 92, 113, 93, 114, 94, 120, 115, 95, 96, 116, 119, 97, 117, 118]
100: [88, 113]
101: [89, 113]
102: [90, 113]
103: [91, 113]
104: [92, 113]
105: [93, 113]
106: [94, 113]
107: [95, 113]
108: [96, 113]
109: [97, 113]
110: [120, 119, 118, 113, 114, 115, 116, 117, 87]
111: [168, 141]
112: [129, 168]
113: [87, 88, 89, 90, 91, 92, 93, 114, 94, 120, 115, 95, 96, 116, 119, 97, 117, 118]
114: [88, 114]
115: [89, 114]
116: [90, 114]
117: [91, 114]
118: [92, 114]
119: [93, 114]
120: [94, 114]
121: [95, 114]
122: [96, 114]
123: [97, 114]
124: [120, 119, 118, 114, 115, 116, 117, 87]
125: [168, 141]
126: [129, 168]
127: [87, 88, 89, 90, 91, 92, 93, 94, 120, 115, 95, 96, 116, 119, 97, 117, 118]
128: [88, 115]
129: [89, 115]
130: [90, 115]
131: [91, 115]
132: [92, 115]
133: [93, 115]
134: [94, 115]
135: [95, 115]
136: [96, 115]
137: [97, 115]
138: [120, 119, 118, 115, 116, 117, 87]
139: [168, 141]
140: [129, 168]
141: [87, 88, 89, 90, 91, 92, 93, 94, 120, 95, 96, 116, 119, 97, 117, 118]
142: [88, 116]
143: [89, 116]
144: [90, 116]
145: [91, 116]
146: [92, 116]
147: [93, 116]
148: [94, 116]
149: [95, 116]
150: [96, 116]
151: [97, 116]
152: [120, 119, 118, 87, 116, 117]
153: [168, 141]
154: [129, 168]
155: [87, 88, 89, 90, 91, 92, 93, 94, 120, 95, 96, 119, 97, 117, 118]
156: [88, 117]
157: [89, 117]
158: [90, 117]
159: [91, 117]
160: [92, 117]
161: [93, 117]
162: [94, 117]
163: [95, 117]
164: [96, 117]
165: [97, 117]
166: [120, 119, 87, 118, 117]
167: [168, 141]
168: [129, 168]
169: [87, 88, 89, 90, 91, 92, 93, 94, 120, 95, 96, 119, 97, 118]
170: [87, 88, 89, 90, 91, 92, 93, 94, 120, 95, 96, 119, 97, 118]
171: [87, 89, 90, 91, 92, 93, 94, 120, 95, 96, 119, 97, 118]
172: [87, 90, 91, 92, 93, 94, 120, 95, 96, 119, 97, 118]
173: [87, 91, 92, 93, 94, 120, 95, 96, 119, 97, 118]
174: [87, 92, 93, 94, 120, 95, 96, 119, 97, 118]
175: [87, 93, 94, 120, 95, 96, 119, 97, 118]
176: [87, 94, 120, 95, 96, 119, 97, 118]
177: [87, 120, 95, 96, 119, 97, 118]
178: [87, 120, 96, 119, 97, 118]
179: [87, 120, 119, 97, 118]
180: [120, 87, 119, 118]
181: [168, 141]
182: [129, 168]
183: [129, 168, 141]
184: [168, 141]
185: [168, 141]
186: [168, 141]
187: [168, 141]
188: [168, 141]
189: [168, 141]
190: [168, 141]
191: [168, 141]
192: [168, 141]
193: [168, 141]
194: [168, 141]
195: [168, 141]
58
0: [156, 130]
1: [156, 130]
2: [142, 156, 130]
3: [142, 156]
4: [142, 156]
5: [142, 156]
6: [142, 156]
7: [142, 156]
8: [142, 156]
9: [142, 156]
10: [142, 156]
11: [142, 156]
12: [142, 156]
13: [142, 156]
14: [156, 130]
15: [110, 88]
16: [98, 110, 88]
17: [98, 110]
18: [98, 110]
19: [98, 110]
20: [98, 110]
21: [98, 110]
22: [98, 110]
23: [98, 110]
24: [98, 110]
25: [98, 110]
26: [98, 110]
27: [142, 156]
28: [156, 130]
29: [110, 88]
30: [72, 73, 74, 75, 76, 77, 78, 55, 56, 57, 58, 59, 60, 61, 62, 54]
31: [72, 73, 74, 75, 76, 77, 78, 55, 56, 57, 58, 59, 60, 61, 62, 54]
32: [72, 73, 74, 75, 76, 77, 78, 56, 57, 58, 59, 60, 61, 62, 54]
33: [72, 73, 74, 75, 76, 77, 78, 57, 58, 59, 60, 61, 62, 54]
34: [72, 73, 74, 75, 76, 77, 78, 58, 59, 60, 61, 62, 54]
35: [72, 73, 74, 75, 76, 77, 78, 59, 60, 61, 62, 54]
36: [72, 73, 74, 75, 76, 77, 78, 60, 61, 62, 54]
37: [72, 73, 74, 75, 76, 77, 78, 61, 62, 54]
38: [72, 73, 74, 75, 76, 77, 78, 62, 54]
39: [72, 73, 74, 75, 76, 77, 78, 54]
40: [98, 110]
41: [142, 156]
42: [156, 130]
43: [110, 88]
44: [72, 73, 74, 75, 76, 77, 78, 79, 55, 56, 57, 58, 59, 60, 61, 62, 54]
45: [79, 55]
46: [79, 56]
47: [79, 57]
48: [79, 58]
49: [79, 59]
50: [79, 60]
51: [79, 61]
52: [79, 62]
53: [79, 72, 73, 74, 75, 76, 77, 78, 54]
54: [98, 110]
55: [142, 156]
56: [156, 130, 168]
57: [110, 88, 120]
58: []
59: [80, 55, 72]
60: [80, 56, 72]
61: [80, 57, 72]
62: [80, 58, 72]
63: [80, 59, 72]
64: [80, 60, 72]
65: [80, 61, 72]
66: [80, 62, 72]
67: [80, 79, 72, 73, 74, 75, 76, 77, 78, 54]
68: [120, 98, 110]
69: [168, 142, 156]
70: [130, 168]
71: [88, 120]
72: [54, 55, 56, 73, 57, 58, 74, 75, 59, 60, 76, 80, 77, 61, 78, 62, 79]
73: [55, 73]
74: [56, 73]
75: [57, 73]
76: [58, 73]
77: [59, 73]
78: [60, 73]
79: [61, 73]
80: [62, 73]
81: [80, 79, 73, 74, 75, 76, 77, 78, 54]
82: [120, 98]
83: [168, 142]
84: [130, 168]
85: [88, 120]
86: [54, 55, 56, 57, 58, 74, 75, 59, 60, 76, 80, 77, 61, 78, 62, 79]
87: [55, 74]
88: [56, 74]
89: [57, 74]
90: [58, 74]
91: [59, 74]
92: [60, 74]
93: [61, 74]
94: [62, 74]
95: [80, 79, 74, 75, 76, 77, 78, 54]
96: [120, 98]
97: [168, 142]
98: [130, 168]
99: [88, 120]
100: [54, 55, 56, 57, 58, 75, 59, 60, 76, 80, 77, 61, 78, 62, 79]
101: [55, 75]
102: [56, 75]
103: [57, 75]
104: [58, 75]
105: [59, 75]
106: [60, 75]
107: [61, 75]
108: [62, 75]
109: [80, 79, 75, 76, 77, 78, 54]
110: [120, 98]
111: [168, 142]
112: [130, 168]
113: [88, 120]
114: [54, 55, 56, 57, 58, 59, 60, 76, 80, 77, 61, 78, 62, 79]
115: [55, 76]
116: [56, 76]
117: [57, 76]
118: [58, 76]
119: [59, 76]
120: [60, 76]
121: [61, 76]
122: [62, 76]
123: [80, 79, 76, 77, 78, 54]
124: [120, 98]
125: [168, 142]
126: [130, 168]
127: [88, 120]
128: [54, 55, 56, 57, 58, 59, 60, 80, 77, 61, 78, 62, 79]
129: [55, 77]
130: [56, 77]
131: [57, 77]
132: [58, 77]
133: [59, 77]
134: [60, 77]
135: [61, 77]
136: [62, 77]
137: [80, 79, 78, 77, 54]
138: [120, 98]
139: [168, 142]
140: [130, 168]
141: [88, 120]
142: [54, 55, 56, 57, 58, 59, 60, 80, 61, 78, 62, 79]
143: [55, 78]
144: [56, 78]
145: [57, 78]
146: [58, 78]
147: [59, 78]
148: [60, 78]
149: [61, 78]
150: [62, 78]
151: [80, 54, 79, 78]
152: [120, 98]
153: [168, 142]
154: [130, 168]
155: [88, 120]
156: [54, 55, 56, 57, 58, 59, 60, 80, 61, 62, 79]
157: [54, 55, 56, 57, 58, 59, 60, 80, 61, 62, 79]
158: [54, 56, 57, 58, 59, 60, 80, 61, 62, 79]
159: [54, 57, 58, 59, 60, 80, 61, 62, 79]
160: [54, 58, 59, 60, 80, 61, 62, 79]
161: [54, 59, 60, 80, 61, 62, 79]
162: [54, 60, 80, 61, 62, 79]
163: [54, 80, 61, 62, 79]
164: [54, 80, 62, 79]
165: [80, 54, 79]
166: [120, 98]
167: [168, 142]
168: [130, 168]
169: [88, 120]
170: [88, 120, 98]
171: [120, 98]
172: [120, 98]
173: [120, 98]
174: [120, 98]
175: [120, 98]
176: [120, 98]
177: [120, 98]
178: [120, 98]
179: [120, 98]
180: [120, 98]
181: [168, 142]
182: [130, 168]
183: [130, 168]
184: [130, 168, 142]
185: [168, 142]
186: [168, 142]
187: [168, 142]
188: [168, 142]
189: [168, 142]
190: [168, 142]
191: [168, 142]
192: [168, 142]
193: [168, 142]
194: [168, 142]
195: [168, 142]
59
0: [156, 131]
1: [156, 131]
2: [156, 131]
3: [143, 156, 131]
4: [143, 156]
5: [143, 156]
6: [143, 156]
7: [143, 156]
8: [143, 156]
9: [143, 156]
10: [143, 156]
11: [143, 156]
12: [143, 156]
13: [143, 156]
14: [156, 131]
15: [110, 89]
16: [110, 89]
17: [99, 110, 89]
18: [99, 110]
19: [99, 110]
20: [99, 110]
21: [99, 110]
22: [99, 110]
23: [99, 110]
24: [99, 110]
25: [99, 110]
26: [99, 110]
27: [143, 156]
28: [156, 131]
29: [110, 89]
30: [72, 55]
31: [63, 72, 55]
32: [63, 72]
33: [63, 72]
34: [63, 72]
35: [63, 72]
36: [63, 72]
37: [63, 72]
38: [63, 72]
39: [63, 72]
40: [99, 110]
41: [143, 156]
42: [156, 131]
43: [110, 89]
44: [72, 55]
45: [32, 33, 34, 35, 42, 43, 44, 45, 46, 47, 30, 31, 29]
46: [32, 33, 34, 35, 42, 43, 44, 45, 46, 47, 30, 31, 29]
47: [32, 33, 34, 35, 42, 43, 44, 45, 46, 47, 31, 29]
48: [32, 33, 34, 35, 42, 43, 44, 45, 46, 47, 29]
49: [33, 34, 35, 42, 43, 44, 45, 46, 47, 29]
50: [34, 35, 42, 43, 44, 45, 46, 47, 29]
51: [35, 42, 43, 44, 45, 46, 47, 29]
52: [42, 43, 44, 45, 46, 47, 29]
53: [63, 72]
54: [99, 110]
55: [143, 156]
56: [156, 131, 168]
57: [110, 89, 120]
58: [72, 55, 80]
59: []
60: [48, 30, 42]
61: [48, 31, 42]
62: [48, 32, 42]
63: [48, 33, 42]
64: [48, 34, 42]
65: [48, 35, 42]
66: [48, 42, 43, 44, 45, 46, 47, 29]
67: [80, 63, 72]
68: [120, 99, 110]
69: [168, 143, 156]
70: [131, 168]
71: [89, 120]
72: [55, 80]
73: [29, 30, 43, 31, 32, 44, 33, 45, 34, 46, 48, 35, 47]
74: [30, 43]
75: [31, 43]
76: [32, 43]
77: [33, 43]
78: [34, 43]
79: [35, 43]
80: [48, 43, 44, 45, 46, 47, 29]
81: [80, 63]
82: [120, 99]
83: [168, 143]
84: [131, 168]
85: [89, 120]
86: [55, 80]
87: [29, 30, 31, 32, 44, 33, 45, 34, 46, 48, 35, 47]
88: [30, 44]
89: [31, 44]
90: [32, 44]
91: [33, 44]
92: [34, 44]
93: [35, 44]
94: [48, 44, 45, 46, 47, 29]
95: [80, 63]
96: [120, 99]
97: [168, 143]
98: [131, 168]
99: [89, 120]
100: [55, 80]
101: [29, 30, 31, 32, 33, 45, 34, 46, 48, 35, 47]
102: [30, 45]
103: [31, 45]
104: [32, 45]
105: [33, 45]
106: [34, 45]
107: [35, 45]
108: [48, 45, 46, 47, 29]
109: [80, 63]
110: [120, 99]
111: [168, 143]
112: [131, 168]
113: [89, 120]
114: [55, 80]
115: [29, 30, 31, 32, 33, 34, 46, 48, 35, 47]
116: [30, 46]
117: [31, 46]
118: [32, 46]
119: [33, 46]
120: [34, 46]
121: [35, 46]
122: [48, 46, 47, 29]
123: [80, 63]
124: [120, 99]
125: [168, 143]
126: [131, 168]
127: [89, 120]
128: [55, 80]
129: [29, 30, 31, 32, 33, 34, 48, 35, 47]
130: [30, 47]
131: [31, 47]
132: [32, 47]
133: [33, 47]
134: [34, 47]
135: [35, 47]
136: [48, 29, 47]
137: [80, 63]
138: [120, 99]
139: [168, 143]
140: [131, 168]
141: [89, 120]
142: [55, 80]
143: [29, 30, 31, 32, 33, 34, 48, 35]
144: [29, 30, 31, 32, 33, 34, 48, 35]
145: [29, 31, 32, 33, 34, 48, 35]
146: [29, 32, 33, 34, 48, 35]
147: [29, 33, 34, 48, 35]
148: [29, 34, 48, 35]
149: [29, 48, 35]
150: [48, 29]
151: [80, 63]
152: [120, 99]
153: [168, 143]
154: [131, 168]
155: [89, 120]
156: [55, 80]
157: [55, 80, 63]
158: [80, 63]
159: [80, 63]
160: [80, 63]
161: [80, 63]
162: [80, 63]
163: [80, 63]
164: [80, 63]
165: [80, 63]
166: [120, 99]
167: [168, 143]
168: [131, 168]
169: [89, 120]
170: [89, 120]
171: [89, 120, 99]
172: [120, 99]
173: [120, 99]
174: [120, 99]
175: [120, 99]
176: [120, 99]
177: [120, 99]
178: [120, 99]
179: [120, 99]
180: [120, 99]
181: [168, 143]
182: [131, 168]
183: [131, 168]
184: [131, 168]
185: [131, 168, 143]
186: [168, 143]
187: [168, 143]
188: [168, 143]
189: [168, 143]
190: [168, 143]
191: [168, 143]
192: [168, 143]
193: [168, 143]
194: [168, 143]
195: [168, 143]
60
0: [156, 132]
1: [156, 132]
2: [156, 132]
3: [156, 132]
4: [144, 156, 132]
5: [144, 156]
6: [144, 156]
7: [144, 156]
8: [144, 156]
9: [144, 156]
10: [144, 156]
11: [144, 156]
12: [144, 156]
13: [144, 156]
14: [156, 132]
15: [110, 90]
16: [110, 90]
17: [110, 90]
18: [100, 110, 90]
19: [100, 110]
20: [100, 110]
21: [100, 110]
22: [100, 110]
23: [100, 110]
24: [100, 110]
25: [100, 110]
26: [100, 110]
27: [144, 156]
28: [156, 132]
29: [110, 90]
30: [72, 56]
31: [72, 56]
32: [64, 72, 56]
33: [64, 72]
34: [64, 72]
35: [64, 72]
36: [64, 72]
37: [64, 72]
38: [64, 72]
39: [64, 72]
40: [100, 110]
41: [144, 156]
42: [156, 132]
43: [110, 90]
44: [72, 56]
45: [42, 30]
46: [36, 42, 30]
47: [36, 42]
48: [36, 42]
49: [36, 42]
50: [36, 42]
51: [36, 42]
52: [36, 42]
53: [64, 72]
54: [100, 110]
55: [144, 156]
56: [156, 132, 168]
57: [110, 90, 120]
58: [72, 56, 80]
59: [42, 30, 48]
60: []
61: [13, 14, 15, 16, 21, 22, 23, 24, 12]
62: [14, 15, 16, 21, 22, 23, 24, 12]
63: [15, 16, 21, 22, 23, 24, 12]
64: [16, 21, 22, 23, 24, 12]
65: [24, 21, 22, 23, 12]
66: [48, 36, 42]
67: [80, 64, 72]
68: [120, 100, 110]
69: [168, 144, 156]
70: [132, 168]
71: [90, 120]
72: [56, 80]
73: [30, 48]
74: [12, 21, 13, 14, 22, 23, 15, 16, 24]
75: [13, 21]
76: [14, 21]
77: [15, 21]
78: [16, 21]
79: [24, 21, 22, 23, 12]
80: [48, 36]
81: [80, 64]
82: [120, 100]
83: [168, 144]
84: [132, 168]
85: [90, 120]
86: [56, 80]
87: [30, 48]
88: [12, 13, 14, 22, 23, 15, 16, 24]
89: [13, 22]
90: [14, 22]
91: [15, 22]
92: [16, 22]
93: [24, 22, 23, 12]
94: [48, 36]
95: [80, 64]
96: [120, 100]
97: [168, 144]
98: [132, 168]
99: [90, 120]
100: [56, 80]
101: [30, 48]
102: [12, 13, 14, 23, 15, 16, 24]
103: [13, 23]
104: [14, 23]
105: [15, 23]
106: [16, 23]
107: [24, 23, 12]
108: [48, 36]
109: [80, 64]
110: [120, 100]
111: [168, 144]
112: [132, 168]
113: [90, 120]
114: [56, 80]
115: [30, 48]
116: [12, 13, 14, 15, 16, 24]
117: [13, 24]
118: [14, 24]
119: [15, 24]
120: [16, 24]
121: [24, 12]
122: [48, 36]
123: [80, 64]
124: [120, 100]
125: [168, 144]
126: [132, 168]
127: [90, 120]
128: [56, 80]
129: [30, 48]
130: [12, 13, 14, 15, 16]
131: [12, 13, 14, 15, 16]
132: [12, 14, 15, 16]
133: [12, 15, 16]
134: [16, 12]
135: [12]
136: [48, 36]
137: [80, 64]
138: [120, 100]
139: [168, 144]
140: [132, 168]
141: [90, 120]
142: [56, 80]
143: [30, 48]
144: [30, 48, 36]
145: [48, 36]
146: [48, 36]
147: [48, 36]
148: [48, 36]
149: [48, 36]
150: [48, 36]
151: [80, 64]
152: [120, 100]
153: [168, 144]
154: [132, 168]
155: [90, 120]
156: [56, 80]
157: [56, 80]
158: [56, 80, 64]
159: [80, 64]
160: [80, 64]
161: [80, 64]
162: [80, 64]
163: [80, 64]
164: [80, 64]
165: [80, 64]
166: [120, 100]
167: [168, 144]
168: [132, 168]
169: [90, 120]
170: [90, 120]
171: [90, 120]
172: [90, 120, 100]
173: [120, 100]
174: [120, 100]
175: [120, 100]
176: [120, 100]
177: [120, 100]
178: [120, 100]
179: [120, 100]
180: [120, 100]
181: [168, 144]
182: [132, 168]
183: [132, 168]
184: [132, 168]
185: [132, 168]
186: [132, 168, 144]
187: [168, 144]
188: [168, 144]
189: [168, 144]
190: [168, 144]
191: [168, 144]
192: [168, 144]
193: [168, 144]
194: [168, 144]
195: [168, 144]
61
0: [156, 133]
1: [156, 133]
2: [156, 133]
3: [156, 133]
4: [156, 133]
5: [145, 156, 133]
6: [145, 156]
7: [145, 156]
8: [145, 156]
9: [145, 156]
10: [145, 156]
11: [145, 156]
12: [145, 156]
13: [145, 156]
14: [156, 133]
15: [110, 91]
16: [110, 91]
17: [110, 91]
18: [110, 91]
19: [101, 110, 91]
20: [101, 110]
21: [101, 110]
22: [101, 110]
23: [101, 110]
24: [101, 110]
25: [101, 110]
26: [101, 110]
27: [145, 156]
28: [156, 133]
29: [110, 91]
30: [72, 57]
31: [72, 57]
32: [72, 57]
33: [65, 72, 57]
34: [65, 72]
35: [65, 72]
36: [65, 72]
37: [65, 72]
38: [65, 72]
39: [65, 72]
40: [101, 110]
41: [145, 156]
42: [156, 133]
43: [110, 91]
44: [72, 57]
45: [42, 31]
46: [42, 31]
47: [37, 42, 31]
48: [37, 42]
49: [37, 42]
50: [37, 42]
51: [37, 42]
52: [37, 42]
53: [65, 72]
54: [101, 110]
55: [145, 156]
56: [156, 133, 168]
57: [110, 91, 120]
58: [72, 57, 80]
59: [42, 31, 48]
60: [12, 21, 13, 14, 22, 23, 15, 16, 24]
61: []
62: [14, 15, 16, 17, 21, 22, 23, 24, 12]
63: [15, 16, 17, 21, 22, 23, 24, 12]
64: [16, 17, 21, 22, 23, 24, 12]
65: [17, 21, 22, 23, 24, 12]
66: [48, 37, 42]
67: [80, 65, 72]
68: [120, 101, 110]
69: [168, 145, 156]
70: [133, 168]
71: [91, 120]
72: [57, 80]
73: [31, 48]
74: [12, 21, 13, 14, 22, 23, 15, 16, 24]
75: [13, 21, 17]
76: [14, 21]
77: [15, 21]
78: [16, 21]
79: [17, 21, 22, 23, 24, 12]
80: [48, 37]
81: [80, 65]
82: [120, 101]
83: [168, 145]
84: [133, 168]
85: [91, 120]
86: [57, 80]
87: [31, 48]
88: [12, 13, 14, 22, 23, 15, 16, 24]
89: [13, 22, 17]
90: [14, 22]
91: [15, 22]
92: [16, 22]
93: [24, 17, 22, 23, 12]
94: [48, 37]
95: [80, 65]
96: [120, 101]
97: [168, 145]
98: [133, 168]
99: [91, 120]
100: [57, 80]
101: [31, 48]
102: [12, 13, 14, 23, 15, 16, 24]
103: [13, 23, 17]
104: [14, 23]
105: [15, 23]
106: [16, 23]
107: [24, 17, 23, 12]
108: [48, 37]
109: [80, 65]
110: [120, 101]
111: [168, 145]
112: [133, 168]
113: [91, 120]
114: [57, 80]
115: [31, 48]
116: [12, 13, 14, 15, 16, 24]
117: [13, 24, 17]
118: [14, 24]
119: [15, 24]
120: [16, 24]
121: [24, 17, 12]
122: [48, 37]
123: [80, 65]
124: [120, 101]
125: [168, 145]
126: [133, 168]
127: [91, 120]
128: [57, 80]
129: [31, 48]
130: [12, 13, 14, 15, 16]
131: [13, 12, 14, 15, 16, 17]
132: [14, 12, 15, 16, 17]
133: [15, 16, 12, 17]
134: [16, 17, 12]
135: [17, 12]
136: [48, 37]
137: [80, 65]
138: [120, 101]
139: [168, 145]
140: [133, 168]
141: [91, 120]
142: [57, 80]
143: [31, 48]
144: [31, 48]
145: [31, 48, 37]
146: [48, 37]
147: [48, 37]
148: [48, 37]
149: [48, 37]
150: [48, 37]
151: [80, 65]
152: [120, 101]
153: [168, 145]
154: [133, 168]
155: [91, 120]
156: [57, 80]
157: [57, 80]
158: [57, 80]
159: [57, 80, 65]
160: [80, 65]
161: [80, 65]
162: [80, 65]
163: [80, 65]
164: [80, 65]
165: [80, 65]
166: [120, 101]
167: [168, 145]
168: [133, 168]
169: [91, 120]
170: [91, 120]
171: [91, 120]
172: [91, 120]
173: [91, 120, 101]
174: [120, 101]
175: [120, 101]
176: [120, 101]
177: [120, 101]
178: [120, 101]
179: [120, 101]
180: [120, 101]
181: [168, 145]
182: [133, 168]
183: [133, 168]
184: [133, 168]
185: [133, 168]
186: [133, 168]
187: [133, 168, 145]
188: [168, 145]
189: [168, 145]
190: [168, 145]
191: [168, 145]
192: [168, 145]
193: [168, 145]
194: [168, 145]
195: [168, 145]
62
0: [156, 134]
1: [156, 134]
2: [156, 134]
3: [156, 134]
4: [156, 134]
5: [156, 134]
6: [146, 156, 134]
7: [146, 156]
8: [146, 156]
9: [146, 156]
10: [146, 156]
11: [146, 156]
12: [146, 156]
13: [146, 156]
14: [156, 134]
15: [110, 92]
16: [110, 92]
17: [110, 92]
18: [110, 92]
19: [110, 92]
20: [102, 110, 92]
21: [102, 110]
22: [102, 110]
23: [102, 110]
24: [102, 110]
25: [102, 110]
26: [102, 110]
27: [146, 156]
28: [156, 134]
29: [110, 92]
30: [72, 58]
31: [72, 58]
32: [72, 58]
33: [72, 58]
34: [66, 72, 58]
35: [66, 72]
36: [66, 72]
37: [66, 72]
38: [66, 72]
39: [66, 72]
40: [102, 110]
41: [146, 156]
42: [156, 134]
43: [110, 92]
44: [72, 58]
45: [42, 32]
46: [42, 32]
47: [42, 32]
48: [38, 42, 32]
49: [38, 42]
50: [38, 42]
51: [38, 42]
52: [38, 42]
53: [66, 72]
54: [102, 110]
55: [146, 156]
56: [156, 134, 168]
57: [110, 92, 120]
58: [72, 58, 80]
59: [42, 32, 48]
60: [12, 21, 14, 22, 23, 15, 16, 24]
61: [12, 21, 14, 22, 23, 15, 16, 17, 24]
62: []
63: [15, 16, 17, 18, 21, 22, 23, 24, 12]
64: [16, 17, 18, 21, 22, 23, 24, 12]
65: [17, 18, 21, 22, 23, 24, 12]
66: [48, 38, 42]
67: [80, 66, 72]
68: [120, 102, 110]
69: [168, 146, 156]
70: [134, 168]
71: [92, 120]
72: [58, 80]
73: [32, 48]
74: [12, 21, 14, 22, 23, 15, 16, 24]
75: [21, 17]
76: [14, 21, 18]
77: [15, 21]
78: [16, 21]
79: [17, 18, 21, 22, 23, 24, 12]
80: [48, 38]
81: [80, 66]
82: [120, 102]
83: [168, 146]
84: [134, 168]
85: [92, 120]
86: [58, 80]
87: [32, 48]
88: [12, 14, 22, 23, 15, 16, 24]
89: [22, 17]
90: [14, 22, 18]
91: [15, 22]
92: [16, 22]
93: [17, 18, 22, 23, 24, 12]
94: [48, 38]
95: [80, 66]
96: [120, 102]
97: [168, 146]
98: [134, 168]
99: [92, 120]
100: [58, 80]
101: [32, 48]
102: [12, 14, 23, 15, 16, 24]
103: [23, 17]
104: [14, 23, 18]
105: [15, 23]
106: [16, 23]
107: [24, 17, 18, 23, 12]
108: [48, 38]
109: [80, 66]
110: [120, 102]
111: [168, 146]
112: [134, 168]
113: [92, 120]
114: [58, 80]
115: [32, 48]
116: [12, 14, 15, 16, 24]
117: [24, 17]
118: [14, 24, 18]
119: [15, 24]
120: [16, 24]
121: [24, 17, 18, 12]
122: [48, 38]
123: [80, 66]
124: [120, 102]
125: [168, 146]
126: [134, 168]
127: [92, 120]
128: [58, 80]
129: [32, 48]
130: [12, 14, 15, 16]
131: [14, 12, 15, 16, 17]
132: [14, 15, 16, 12, 17, 18]
133: [15, 16, 17, 18, 12]
134: [16, 17, 18, 12]
135: [17, 18, 12]
136: [48, 38]
137: [80, 66]
138: [120, 102]
139: [168, 146]
140: [134, 168]
141: [92, 120]
142: [58, 80]
143: [32, 48]
144: [32, 48]
145: [32, 48]
146: [32, 48, 38]
147: [48, 38]
148: [48, 38]
149: [48, 38]
150: [48, 38]
151: [80, 66]
152: [120, 102]
153: [168, 146]
154: [134, 168]
155: [92, 120]
156: [58, 80]
157: [58, 80]
158: [58, 80]
159: [58, 80]
160: [58, 80, 66]
161: [80, 66]
162: [80, 66]
163: [80, 66]
164: [80, 66]
165: [80, 66]
166: [120, 102]
167: [168, 146]
168: [134, 168]
169: [92, 120]
170: [92, 120]
171: [92, 120]
172: [92, 120]
173: [92, 120]
174: [92, 120, 102]
175: [120, 102]
176: [120, 102]
177: [120, 102]
178: [120, 102]
179: [120, 102]
180: [120, 102]
181: [168, 146]
182: [134, 168]
183: [134, 168]
184: [134, 168]
185: [134, 168]
186: [134, 168]
187: [134, 168]
188: [134, 168, 146]
189: [168, 146]
190: [168, 146]
191: [168, 146]
192: [168, 146]
193: [168, 146]
194: [168, 146]
195: [168, 146]
63
0: [156, 135]
1: [156, 135]
2: [156, 135]
3: [156, 135]
4: [156, 135]
5: [156, 135]
6: [156, 135]
7: [147, 156, 135]
8: [147, 156]
9: [147, 156]
10: [147, 156]
11: [147, 156]
12: [147, 156]
13: [147, 156]
14: [156, 135]
15: [110, 93]
16: [110, 93]
17: [110, 93]
18: [110, 93]
19: [110, 93]
20: [110, 93]
21: [103, 110, 93]
22: [103, 110]
23: [103, 110]
24: [103, 110]
25: [103, 110]
26: [103, 110]
27: [147, 156]
28: [156, 135]
29: [110, 93]
30: [72, 59]
31: [72, 59]
32: [72, 59]
33: [72, 59]
34: [72, 59]
35: [67, 72, 59]
36: [67, 72]
37: [67, 72]
38: [67, 72]
39: [67, 72]
40: [103, 110]
41: [147, 156]
42: [156, 135]
43: [110, 93]
44: [72, 59]
45: [42, 33]
46: [42, 33]
47: [42, 33]
48: [42, 33]
49: [39, 42, 33]
50: [39, 42]
51: [39, 42]
52: [39, 42]
53: [67, 72]
54: [103, 110]
55: [147, 156]
56: [156, 135, 168]
57: [110, 93, 120]
58: [72, 59, 80]
59: [42, 33, 48]
60: [12, 21, 22, 23, 15, 16, 24]
61: [12, 21, 22, 23, 15, 16, 17, 24]
62: [12, 21, 22, 18, 23, 15, 16, 17, 24]
63: []
64: [16, 17, 18, 19, 21, 22, 23, 24, 12]
65: [17, 18, 19, 21, 22, 23, 24, 12]
66: [48, 39, 42]
67: [80, 67, 72]
68: [120, 103, 110]
69: [168, 147, 156]
70: [135, 168]
71: [93, 120]
72: [59, 80]
73: [33, 48]
74: [12, 21, 22, 23, 15, 16, 24]
75: [21, 17]
76: [21, 18]
77: [15, 21, 19]
78: [16, 21]
79: [17, 18, 19, 21, 22, 23, 24, 12]
80: [48, 39]
81: [80, 67]
82: [120, 103]
83: [168, 147]
84: [135, 168]
85: [93, 120]
86: [59, 80]
87: [33, 48]
88: [12, 22, 23, 15, 16, 24]
89: [22, 17]
90: [22, 18]
91: [15, 22, 19]
92: [16, 22]
93: [17, 18, 19, 22, 23, 24, 12]
94: [48, 39]
95: [80, 67]
96: [120, 103]
97: [168, 147]
98: [135, 168]
99: [93, 120]
100: [59, 80]
101: [33, 48]
102: [12, 23, 15, 16, 24]
103: [23, 17]
104: [23, 18]
105: [15, 23, 19]
106: [16, 23]
107: [17, 18, 19, 23, 24, 12]
108: [48, 39]
109: [80, 67]
110: [120, 103]
111: [168, 147]
112: [135, 168]
113: [93, 120]
114: [59, 80]
115: [33, 48]
116: [12, 15, 16, 24]
117: [24, 17]
118: [24, 18]
119: [15, 24, 19]
120: [16, 24]
121: [24, 17, 18, 19, 12]
122: [48, 39]
123: [80, 67]
124: [120, 103]
125: [168, 147]
126: [135, 168]
127: [93, 120]
128: [59, 80]
129: [33, 48]
130: [12, 15, 16]
131: [15, 16, 12, 17]
132: [15, 16, 17, 18, 12]
133: [15, 16, 17, 18, 19, 12]
134: [16, 17, 18, 19, 12]
135: [17, 18, 19, 12]
136: [48, 39]
137: [80, 67]
138: [120, 103]
139: [168, 147]
140: [135, 168]
141: [93, 120]
142: [59, 80]
143: [33, 48]
144: [33, 48]
145: [33, 48]
146: [33, 48]
147: [33, 48, 39]
148: [48, 39]
149: [48, 39]
150: [48, 39]
151: [80, 67]
152: [120, 103]
153: [168, 147]
154: [135, 168]
155: [93, 120]
156: [59, 80]
157: [59, 80]
158: [59, 80]
159: [59, 80]
160: [59, 80]
161: [59, 80, 67]
162: [80, 67]
163: [80, 67]
164: [80, 67]
165: [80, 67]
166: [120, 103]
167: [168, 147]
168: [135, 168]
169: [93, 120]
170: [93, 120]
171: [93, 120]
172: [93, 120]
173: [93, 120]
174: [93, 120]
175: [93, 120, 103]
176: [120, 103]
177: [120, 103]
178: [120, 103]
179: [120, 103]
180: [120, 103]
181: [168, 147]
182: [135, 168]
183: [135, 168]
184: [135, 168]
185: [135, 168]
186: [135, 168]
187: [135, 168]
188: [135, 168]
189: [135, 168, 147]
190: [168, 147]
191: [168, 147]
192: [168, 147]
193: [168, 147]
194: [168, 147]
195: [168, 147]
64
0: [156, 136]
1: [156, 136]
2: [156, 136]
3: [156, 136]
4: [156, 136]
5: [156, 136]
6: [156, 136]
7: [156, 136]
8: [148, 156, 136]
9: [148, 156]
10: [148, 156]
11: [148, 156]
12: [148, 156]
13: [148, 156]
14: [156, 136]
15: [110, 94]
16: [110, 94]
17: [110, 94]
18: [110, 94]
19: [110, 94]
20: [110, 94]
21: [110, 94]
22: [104, 110, 94]
23: [104, 110]
24: [104, 110]
25: [104, 110]
26: [104, 110]
27: [148, 156]
28: [156, 136]
29: [110, 94]
30: [72, 60]
31: [72, 60]
32: [72, 60]
33: [72, 60]
34: [72, 60]
35: [72, 60]
36: [68, 72, 60]
37: [68, 72]
38: [68, 72]
39: [68, 72]
40: [104, 110]
41: [148, 156]
42: [156, 136]
43: [110, 94]
44: [72, 60]
45: [42, 34]
46: [42, 34]
47: [42, 34]
48: [42, 34]
49: [42, 34]
50: [40, 42, 34]
51: [40, 42]
52: [40, 42]
53: [68, 72]
54: [104, 110]
55: [148, 156]
56: [156, 136, 168]
57: [110, 94, 120]
58: [72, 60, 80]
59: [42, 34, 48]
60: [12, 21, 22, 23, 16, 24]
61: [12, 21, 22, 23, 16, 17, 24]
62: [12, 21, 22, 18, 23, 16, 17, 24]
63: [12, 21, 19, 22, 18, 23, 16, 17, 24]
64: []
65: [17, 18, 19, 20, 21, 22, 23, 24, 12]
66: [48, 40, 42]
67: [80, 68, 72]
68: [120, 104, 110]
69: [168, 148, 156]
70: [136, 168]
71: [94, 120]
72: [60, 80]
73: [34, 48]
74: [12, 21, 22, 23, 16, 24]
75: [21, 17]
76: [21, 18]
77: [21, 19]
78: [16, 21, 20]
79: [17, 18, 19, 20, 21, 22, 23, 24, 12]
80: [48, 40]
81: [80, 68]
82: [120, 104]
83: [168, 148]
84: [136, 168]
85: [94, 120]
86: [60, 80]
87: [34, 48]
88: [12, 22, 23, 16, 24]
89: [22, 17]
90: [22, 18]
91: [22, 19]
92: [16, 22, 20]
93: [17, 18, 19, 20, 22, 23, 24, 12]
94: [48, 40]
95: [80, 68]
96: [120, 104]
97: [168, 148]
98: [136, 168]
99: [94, 120]
100: [60, 80]
101: [34, 48]
102: [12, 23, 16, 24]
103: [23, 17]
104: [23, 18]
105: [23, 19]
106: [16, 23, 20]
107: [17, 18, 19, 20, 23, 24, 12]
108: [48, 40]
109: [80, 68]
110: [120, 104]
111: [168, 148]
112: [136, 168]
113: [94, 120]
114: [60, 80]
115: [34, 48]
116: [12, 16, 24]
117: [24, 17]
118: [24, 18]
119: [24, 19]
120: [16, 24, 20]
121: [17, 18, 19, 20, 24, 12]
122: [48, 40]
123: [80, 68]
124: [120, 104]
125: [168, 148]
126: [136, 168]
127: [94, 120]
128: [60, 80]
129: [34, 48]
130: [16, 12]
131: [16, 17, 12]
132: [16, 17, 18, 12]
133: [16, 17, 18, 19, 12]
134: [16, 17, 18, 19, 20, 12]
135: [17, 18, 19, 20, 12]
136: [48, 40]
137: [80, 68]
138: [120, 104]
139: [168, 148]
140: [136, 168]
141: [94, 120]
142: [60, 80]
143: [34, 48]
144: [34, 48]
145: [34, 48]
146: [34, 48]
147: [34, 48]
148: [34, 48, 40]
149: [48, 40]
150: [48, 40]
151: [80, 68]
152: [120, 104]
153: [168, 148]
154: [136, 168]
155: [94, 120]
156: [60, 80]
157: [60, 80]
158: [60, 80]
159: [60, 80]
160: [60, 80]
161: [60, 80]
162: [60, 80, 68]
163: [80, 68]
164: [80, 68]
165: [80, 68]
166: [120, 104]
167: [168, 148]
168: [136, 168]
169: [94, 120]
170: [94, 120]
171: [94, 120]
172: [94, 120]
173: [94, 120]
174: [94, 120]
175: [94, 120]
176: [94, 120, 104]
177: [120, 104]
178: [120, 104]
179: [120, 104]
180: [120, 104]
181: [168, 148]
182: [136, 168]
183: [136, 168]
184: [136, 168]
185: [136, 168]
186: [136, 168]
187: [136, 168]
188: [136, 168]
189: [136, 168]
190: [136, 168, 148]
191: [168, 148]
192: [168, 148]
193: [168, 148]
194: [168, 148]
195: [168, 148]
65
0: [156, 137]
1: [156, 137]
2: [156, 137]
3: [156, 137]
4: [156, 137]
5: [156, 137]
6: [156, 137]
7: [156, 137]
8: [156, 137]
9: [149, 156, 137]
10: [149, 156]
11: [149, 156]
12: [149, 156]
13: [149, 156]
14: [156, 137]
15: [110, 95]
16: [110, 95]
17: [110, 95]
18: [110, 95]
19: [110, 95]
20: [110, 95]
21: [110, 95]
22: [110, 95]
23: [105, 110, 95]
24: [105, 110]
25: [105, 110]
26: [105, 110]
27: [149, 156]
28: [156, 137]
29: [110, 95]
30: [72, 61]
31: [72, 61]
32: [72, 61]
33: [72, 61]
34: [72, 61]
35: [72, 61]
36: [72, 61]
37: [69, 72, 61]
38: [69, 72]
39: [69, 72]
40: [105, 110]
41: [149, 156]
42: [156, 137]
43: [110, 95]
44: [72, 61]
45: [42, 35]
46: [42, 35]
47: [42, 35]
48: [42, 35]
49: [42, 35]
50: [42, 35]
51: [41, 42, 35]
52: [41, 42]
53: [69, 72]
54: [105, 110]
55: [149, 156]
56: [156, 137, 168]
57: [110, 95, 120]
58: [72, 61, 80]
59: [42, 35, 48]
60: [12, 21, 22, 23, 24]
61: [12, 21, 22, 23, 24, 17]
62: [12, 21, 22, 18, 23, 24, 17]
63: [12, 21, 19, 22, 18, 23, 24, 17]
64: [12, 20, 21, 19, 22, 18, 23, 24, 17]
65: []
66: [48, 41, 42]
67: [80, 69, 72]
68: [120, 105, 110]
69: [168, 149, 156]
70: [137, 168]
71: [95, 120]
72: [61, 80]
73: [35, 48]
74: [12, 21, 22, 23, 24]
75: [21, 17]
76: [21, 18]
77: [21, 19]
78: [21, 20]
79: [17, 18, 19, 20, 21, 22, 23, 24, 12]
80: [48, 41]
81: [80, 69]
82: [120, 105]
83: [168, 149]
84: [137, 168]
85: [95, 120]
86: [61, 80]
87: [35, 48]
88: [12, 22, 23, 24]
89: [22, 17]
90: [22, 18]
91: [22, 19]
92: [22, 20]
93: [17, 18, 19, 20, 22, 23, 24, 12]
94: [48, 41]
95: [80, 69]
96: [120, 105]
97: [168, 149]
98: [137, 168]
99: [95, 120]
100: [61, 80]
101: [35, 48]
102: [12, 23, 24]
103: [23, 17]
104: [23, 18]
105: [23, 19]
106: [23, 20]
107: [17, 18, 19, 20, 23, 24, 12]
108: [48, 41]
109: [80, 69]
110: [120, 105]
111: [168, 149]
112: [137, 168]
113: [95, 120]
114: [61, 80]
115: [35, 48]
116: [24, 12]
117: [24, 17]
118: [24, 18]
119: [24, 19]
120: [24, 20]
121: [17, 18, 19, 20, 24, 12]
122: [48, 41]
123: [80, 69]
124: [120, 105]
125: [168, 149]
126: [137, 168]
127: [95, 120]
128: [61, 80]
129: [35, 48]
130: [12]
131: [17, 12]
132: [17, 18, 12]
133: [17, 18, 19, 12]
134: [17, 18, 19, 20, 12]
135: [17, 18, 19, 20, 12]
136: [48, 41]
137: [80, 69]
138: [120, 105]
139: [168, 149]
140: [137, 168]
141: [95, 120]
142: [61, 80]
143: [35, 48]
144: [35, 48]
145: [35, 48]
146: [35, 48]
147: [35, 48]
148: [35, 48]
149: [35, 48, 41]
150: [48, 41]
151: [80, 69]
152: [120, 105]
153: [168, 149]
154: [137, 168]
155: [95, 120]
156: [61, 80]
157: [61, 80]
158: [61, 80]
159: [61, 80]
160: [61, 80]
161: [61, 80]
162: [61, 80]
163: [61, 80, 69]
164: [80, 69]
165: [80, 69]
166: [120, 105]
167: [168, 149]
168: [137, 168]
169: [95, 120]
170: [95, 120]
171: [95, 120]
172: [95, 120]
173: [95, 120]
174: [95, 120]
175: [95, 120]
176: [95, 120]
177: [95, 120, 105]
178: [120, 105]
179: [120, 105]
180: [120, 105]
181: [168, 149]
182: [137, 168]
183: [137, 168]
184: [137, 168]
185: [137, 168]
186: [137, 168]
187: [137, 168]
188: [137, 168]
189: [137, 168]
190: [137, 168]
191: [137, 168, 149]
192: [168, 149]
193: [168, 149]
194: [168, 149]
195: [168, 149]
66
0: [156, 138]
1: [156, 138]
2: [156, 138]
3: [156, 138]
4: [156, 138]
5: [156, 138]
6: [156, 138]
7: [156, 138]
8: [156, 138]
9: [156, 138]
10: [150, 156, 138]
11: [150, 156]
12: [150, 156]
13: [150, 156]
14: [156, 138]
15: [110, 96]
16: [110, 96]
17: [110, 96]
18: [110, 96]
19: [110, 96]
20: [110, 96]
21: [110, 96]
22: [110, 96]
23: [110, 96]
24: [106, 110, 96]
25: [106, 110]
26: [106, 110]
27: [150, 156]
28: [156, 138]
29: [110, 96]
30: [72, 62]
31: [72, 62]
32: [72, 62]
33: [72, 62]
34: [72, 62]
35: [72, 62]
36: [72, 62]
37: [72, 62]
38: [70, 72, 62]
39: [70, 72]
40: [106, 110]
41: [150, 156]
42: [156, 138]
43: [110, 96]
44: [72, 62]
45: [42, 29, 43, 44, 45, 46, 47]
46: [29, 42, 43, 44, 45, 46, 36, 47]
47: [29, 42, 43, 44, 45, 37, 46, 36, 47]
48: [29, 42, 43, 44, 45, 38, 37, 46, 36, 47]
49: [29, 42, 43, 44, 39, 45, 38, 37, 46, 36, 47]
50: [29, 42, 40, 43, 44, 39, 45, 38, 37, 46, 36, 47]
51: [29, 41, 42, 40, 43, 44, 39, 45, 38, 37, 46, 36, 47]
52: [29, 41, 42, 40, 43, 44, 39, 45, 38, 37, 46, 36, 47]
53: [70, 72]
54: [106, 110]
55: [150, 156]
56: [156, 138, 168]
57: [110, 96, 120]
58: [72, 62, 80]
59: [42, 43, 29, 44, 45, 46, 47, 48]
60: [42, 36, 48]
61: [42, 37, 48]
62: [42, 38, 48]
63: [42, 39, 48]
64: [42, 40, 48]
65: [42, 41, 48]
66: []
67: [80, 70, 72]
68: [120, 106, 110]
69: [168, 150, 156]
70: [138, 168]
71: [96, 120]
72: [62, 80]
73: [43, 44, 29, 45, 46, 47, 48]
74: [43, 36]
75: [43, 37]
76: [43, 38]
77: [43, 39]
78: [43, 40]
79: [43, 41]
80: [36, 37, 38, 39, 40, 41, 43, 44, 45, 46, 47, 48, 29]
81: [80, 70]
82: [120, 106]
83: [168, 150]
84: [138, 168]
85: [96, 120]
86: [62, 80]
87: [44, 45, 29, 46, 47, 48]
88: [44, 36]
89: [44, 37]
90: [44, 38]
91: [44, 39]
92: [44, 40]
93: [44, 41]
94: [36, 37, 38, 39, 40, 41, 44, 45, 46, 47, 48, 29]
95: [80, 70]
96: [120, 106]
97: [168, 150]
98: [138, 168]
99: [96, 120]
100: [62, 80]
101: [45, 29, 46, 47, 48]
102: [45, 36]
103: [45, 37]
104: [45, 38]
105: [45, 39]
106: [45, 40]
107: [45, 41]
108: [36, 37, 38, 39, 40, 41, 45, 46, 47, 48, 29]
109: [80, 70]
110: [120, 106]
111: [168, 150]
112: [138, 168]
113: [96, 120]
114: [62, 80]
115: [46, 29, 47, 48]
116: [46, 36]
117: [46, 37]
118: [46, 38]
119: [46, 39]
120: [46, 40]
121: [46, 41]
122: [36, 37, 38, 39, 40, 41, 46, 47, 48, 29]
123: [80, 70]
124: [120, 106]
125: [168, 150]
126: [138, 168]
127: [96, 120]
128: [62, 80]
129: [47, 48, 29]
130: [47, 36]
131: [47, 37]
132: [47, 38]
133: [47, 39]
134: [47, 40]
135: [47, 41]
136: [36, 37, 38, 39, 40, 41, 47, 48, 29]
137: [80, 70]
138: [120, 106]
139: [168, 150]
140: [138, 168]
141: [96, 120]
142: [62, 80]
143: [48, 29]
144: [48, 36, 29]
145: [48, 36, 37, 29]
146: [48, 36, 37, 38, 29]
147: [36, 37, 38, 39, 48, 29]
148: [36, 37, 38, 39, 40, 48, 29]
149: [36, 37, 38, 39, 40, 41, 48, 29]
150: [36, 37, 38, 39, 40, 41, 48, 29]
151: [80, 70]
152: [120, 106]
153: [168, 150]
154: [138, 168]
155: [96, 120]
156: [62, 80]
157: [62, 80]
158: [62, 80]
159: [62, 80]
160: [62, 80]
161: [62, 80]
162: [62, 80]
163: [62, 80]
164: [62, 80, 70]
165: [80, 70]
166: [120, 106]
167: [168, 150]
168: [138, 168]
169: [96, 120]
170: [96, 120]
171: [96, 120]
172: [96, 120]
173: [96, 120]
174: [96, 120]
175: [96, 120]
176: [96, 120]
177: [96, 120]
178: [96, 120, 106]
179: [120, 106]
180: [120, 106]
181: [168, 150]
182: [138, 168]
183: [138, 168]
184: [138, 168]
185: [138, 168]
186: [138, 168]
187: [138, 168]
188: [138, 168]
189: [138, 168]
190: [138, 168]
191: [138, 168]
192: [138, 168, 150]
193: [168, 150]
194: [168, 150]
195: [168, 150]
67
0: [156, 139]
1: [156, 139]
2: [156, 139]
3: [156, 139]
4: [156, 139]
5: [156, 139]
6: [156, 139]
7: [156, 139]
8: [156, 139]
9: [156, 139]
10: [156, 139]
11: [151, 156, 139]
12: [151, 156]
13: [151, 156]
14: [156, 139]
15: [110, 97]
16: [110, 97]
17: [110, 97]
18: [110, 97]
19: [110, 97]
20: [110, 97]
21: [110, 97]
22: [110, 97]
23: [110, 97]
24: [110, 97]
25: [107, 110, 97]
26: [107, 110]
27: [151, 156]
28: [156, 139]
29: [110, 97]
30: [72, 54, 73, 74, 75, 76, 77, 78]
31: [54, 72, 73, 74, 75, 76, 77, 78, 63]
32: [54, 72, 73, 74, 75, 76, 64, 77, 78, 63]
33: [54, 72, 73, 74, 75, 65, 76, 64, 77, 78, 63]
34: [54, 72, 73, 74, 66, 75, 65, 76, 64, 77, 78, 63]
35: [54, 72, 73, 74, 67, 66, 75, 65, 76, 64, 77, 78, 63]
36: [54, 72, 73, 68, 74, 67, 66, 75, 65, 76, 64, 77, 78, 63]
37: [54, 72, 69, 73, 68, 74, 67, 66, 75, 65, 76, 64, 77, 78, 63]
38: [54, 70, 72, 69, 73, 68, 74, 67, 66, 75, 65, 76, 64, 77, 78, 63]
39: [54, 70, 72, 69, 73, 68, 74, 67, 66, 75, 65, 76, 64, 77, 78, 63]
40: [107, 110]
41: [151, 156]
42: [156, 139]
43: [110, 97]
44: [72, 73, 54, 74, 75, 76, 77, 78, 79]
45: [63, 79]
46: [64, 79]
47: [65, 79]
48: [66, 79]
49: [67, 79]
50: [68, 79]
51: [69, 79]
52: [70, 79]
53: [54, 70, 72, 69, 73, 68, 74, 67, 66, 75, 65, 76, 64, 77, 79, 78, 63]
54: [107, 110]
55: [151, 156]
56: [156, 139, 168]
57: [110, 97, 120]
58: [72, 73, 74, 54, 75, 76, 77, 78, 80, 79]
59: [72, 63, 80]
60: [72, 64, 80]
61: [72, 65, 80]
62: [72, 66, 80]
63: [72, 67, 80]
64: [72, 68, 80]
65: [72, 69, 80]
66: [72, 70, 80]
67: []
68: [120, 107, 110]
69: [168, 151, 156]
70: [139, 168]
71: [97, 120]
72: [73, 74, 75, 54, 76, 77, 78, 80, 79]
73: [73, 63]
74: [73, 64]
75: [73, 65]
76: [73, 66]
77: [73, 67]
78: [73, 68]
79: [73, 69]
80: [73, 70]
81: [64, 65, 66, 67, 68, 69, 70, 73, 74, 75, 76, 77, 78, 79, 80, 63, 54]
82: [120, 107]
83: [168, 151]
84: [139, 168]
85: [97, 120]
86: [74, 75, 76, 54, 77, 78, 80, 79]
87: [74, 63]
88: [74, 64]
89: [74, 65]
90: [74, 66]
91: [74, 67]
92: [74, 68]
93: [74, 69]
94: [74, 70]
95: [64, 65, 66, 67, 68, 69, 70, 74, 75, 76, 77, 78, 79, 80, 63, 54]
96: [120, 107]
97: [168, 151]
98: [139, 168]
99: [97, 120]
100: [75, 76, 77, 54, 78, 80, 79]
101: [75, 63]
102: [75, 64]
103: [75, 65]
104: [75, 66]
105: [75, 67]
106: [75, 68]
107: [75, 69]
108: [75, 70]
109: [64, 65, 66, 67, 68, 69, 70, 75, 76, 77, 78, 79, 80, 63, 54]
110: [120, 107]
111: [168, 151]
112: [139, 168]
113: [97, 120]
114: [76, 77, 78, 54, 80, 79]
115: [76, 63]
116: [76, 64]
117: [76, 65]
118: [76, 66]
119: [76, 67]
120: [76, 68]
121: [76, 69]
122: [76, 70]
123: [64, 65, 66, 67, 68, 69, 70, 76, 77, 78, 79, 80, 63, 54]
124: [120, 107]
125: [168, 151]
126: [139, 168]
127: [97, 120]
128: [77, 78, 80, 54, 79]
129: [77, 63]
130: [77, 64]
131: [77, 65]
132: [77, 66]
133: [77, 67]
134: [77, 68]
135: [77, 69]
136: [77, 70]
137: [64, 65, 66, 67, 68, 69, 70, 77, 78, 79, 80, 63, 54]
138: [120, 107]
139: [168, 151]
140: [139, 168]
141: [97, 120]
142: [78, 80, 79, 54]
143: [78, 63]
144: [78, 64]
145: [78, 65]
146: [78, 66]
147: [78, 67]
148: [78, 68]
149: [78, 69]
150: [78, 70]
151: [64, 65, 66, 67, 68, 69, 70, 78, 79, 80, 63, 54]
152: [120, 107]
153: [168, 151]
154: [139, 168]
155: [97, 120]
156: [80, 79, 54]
157: [80, 79, 63, 54]
158: [64, 80, 79, 63, 54]
159: [64, 65, 79, 80, 63, 54]
160: [64, 65, 66, 79, 80, 63, 54]
161: [64, 65, 66, 67, 79, 80, 63, 54]
162: [64, 65, 66, 67, 68, 79, 80, 63, 54]
163: [64, 65, 66, 67, 68, 69, 79, 80, 63, 54]
164: [64, 65, 66, 67, 68, 69, 70, 79, 80, 63, 54]
165: [64, 65, 66, 67, 68, 69, 70, 79, 80, 63, 54]
166: [120, 107]
167: [168, 151]
168: [139, 168]
169: [97, 120]
170: [97, 120]
171: [97, 120]
172: [97, 120]
173: [97, 120]
174: [97, 120]
175: [97, 120]
176: [97, 120]
177: [97, 120]
178: [97, 120]
179: [97, 120, 107]
180: [120, 107]
181: [168, 151]
182: [139, 168]
183: [139, 168]
184: [139, 168]
185: [139, 168]
186: [139, 168]
187: [139, 168]
188: [139, 168]
189: [139, 168]
190: [139, 168]
191: [139, 168]
192: [139, 168]
193: [139, 168, 151]
194: [168, 151]
195: [168, 151]
68
0: [156, 140]
1: [156, 140]
2: [156, 140]
3: [156, 140]
4: [156, 140]
5: [156, 140]
6: [156, 140]
7: [156, 140]
8: [156, 140]
9: [156, 140]
10: [156, 140]
11: [156, 140]
12: [152, 156, 140]
13: [152, 156]
14: [156, 140]
15: [110, 87, 111, 112, 113, 114, 115, 116, 117]
16: [87, 110, 111, 112, 113, 114, 115, 116, 98, 117]
17: [87, 110, 111, 112, 113, 114, 115, 99, 116, 98, 117]
18: [87, 110, 111, 112, 113, 114, 115, 100, 99, 116, 98, 117]
19: [87, 110, 111, 112, 113, 114, 101, 115, 100, 99, 116, 98, 117]
20: [87, 110, 111, 112, 113, 102, 114, 101, 115, 100, 99, 116, 98, 117]
21: [87, 110, 111, 112, 103, 113, 102, 114, 101, 115, 100, 99, 116, 98, 117]
22: [87, 110, 104, 111, 112, 103, 113, 102, 114, 101, 115, 100, 99, 116, 98, 117]
23: [87, 105, 110, 104, 111, 112, 103, 113, 102, 114, 101, 115, 100, 99, 116, 98, 117]
24: [87, 106, 105, 110, 104, 111, 112, 103, 113, 102, 114, 101, 115, 100, 99, 116, 98, 117]
25: [87, 107, 106, 105, 110, 104, 111, 112, 103, 113, 102, 114, 101, 115, 100, 99, 116, 98, 117]
26: [87, 107, 106, 105, 110, 104, 111, 112, 103, 113, 102, 114, 101, 115, 100, 99, 116, 98, 117]
27: [152, 156]
28: [156, 140]
29: [110, 111, 87, 112, 113, 114, 115, 116, 117, 118]
30: [98, 118]
31: [99, 118]
32: [100, 118]
33: [101, 118]
34: [102, 118]
35: [103, 118]
36: [104, 118]
37: [105, 118]
38: [106, 118]
39: [107, 118]
40: [87, 107, 106, 105, 110, 104, 111, 112, 103, 113, 102, 114, 101, 115, 100, 99, 116, 98, 117, 118]
41: [152, 156]
42: [156, 140]
43: [110, 111, 112, 87, 113, 114, 115, 116, 117, 118, 119]
44: [98, 119]
45: [99, 119]
46: [100, 119]
47: [101, 119]
48: [102, 119]
49: [103, 119]
50: [104, 119]
51: [105, 119]
52: [106, 119]
53: [107, 119]
54: [87, 107, 106, 105, 110, 104, 111, 112, 103, 113, 102, 114, 101, 115, 100, 99, 116, 119, 98, 117, 118]
55: [152, 156]
56: [156, 140, 168]
57: [110, 111, 112, 113, 87, 114, 115, 116, 117, 120, 118, 119]
58: [110, 98, 120]
59: [110, 99, 120]
60: [110, 100, 120]
61: [110, 101, 120]
62: [110, 102, 120]
63: [110, 103, 120]
64: [110, 104, 120]
65: [110, 105, 120]
66: [110, 106, 120]
67: [110, 107, 120]
68: []
69: [168, 152, 156]
70: [140, 168]
71: [111, 112, 113, 114, 87, 115, 116, 117, 120, 118, 119]
72: [111, 98]
73: [111, 99]
74: [111, 100]
75: [111, 101]
76: [111, 102]
77: [111, 103]
78: [111, 104]
79: [111, 105]
80: [111, 106]
81: [111, 107]
82: [98, 99, 100, 101, 102, 103, 104, 105, 106, 107, 111, 112, 113, 114, 115, 116, 117, 118, 119, 120, 87]
83: [168, 152]
84: [140, 168]
85: [112, 113, 114, 115, 87, 116, 117, 120, 118, 119]
86: [112, 98]
87: [112, 99]
88: [112, 100]
89: [112, 101]
90: [112, 102]
91: [112, 103]
92: [112, 104]
93: [112, 105]
94: [112, 106]
95: [112, 107]
96: [98, 99, 100, 101, 102, 103, 104, 105, 106, 107, 112, 113, 114, 115, 116, 117, 118, 119, 120, 87]
97: [168, 152]
98: [140, 168]
99: [113, 114, 115, 116, 87, 117, 120, 118, 119]
100: [113, 98]
101: [113, 99]
102: [113, 100]
103: [113, 101]
104: [113, 102]
105: [113, 103]
106: [113, 104]
107: [113, 105]
108: [113, 106]
109: [113, 107]
110: [98, 99, 100, 101, 102, 103, 104, 105, 106, 107, 113, 114, 115, 116, 117, 118, 119, 120, 87]
111: [168, 152]
112: [140, 168]
113: [114, 115, 116, 117, 87, 120, 118, 119]
114: [114, 98]
115: [114, 99]
116: [114, 100]
117: [114, 101]
118: [114, 102]
119: [114, 103]
120: [114, 104]
121: [114, 105]
122: [114, 106]
123: [114, 107]
124: [98, 99, 100, 101, 102, 103, 104, 105, 106, 107, 114, 115, 116, 117, 118, 119, 120, 87]
125: [168, 152]
126: [140, 168]
127: [115, 116, 117, 120, 119, 118, 87]
128: [115, 98]
129: [115, 99]
130: [115, 100]
131: [115, 101]
132: [115, 102]
133: [115, 103]
134: [115, 104]
135: [115, 105]
136: [115, 106]
137: [115, 107]
138: [98, 99, 100, 101, 102, 103, 104, 105, 106, 107, 115, 116, 117, 118, 119, 120, 87]
139: [168, 152]
140: [140, 168]
141: [116, 117, 120, 118, 119, 87]
142: [116, 98]
143: [116, 99]
144: [116, 100]
145: [116, 101]
146: [116, 102]
147: [116, 103]
148: [116, 104]
149: [116, 105]
150: [116, 106]
151: [116, 107]
152: [98, 99, 100, 101, 102, 103, 104, 105, 106, 107, 116, 117, 118, 119, 120, 87]
153: [168, 152]
154: [140, 168]
155: [117, 120, 118, 119, 87]
156: [117, 98]
157: [117, 99]
158: [117, 100]
159: [117, 101]
160: [117, 102]
161: [117, 103]
162: [117, 104]
163: [117, 105]
164: [117, 106]
165: [117, 107]
166: [98, 99, 100, 101, 102, 103, 104, 105, 106, 107, 117, 118, 119, 120, 87]
167: [168, 152]
168: [140, 168]
169: [120, 118, 119, 87]
170: [120, 98, 118, 119, 87]
171: [98, 99, 118, 119, 120, 87]
172: [98, 99, 100, 118, 119, 120, 87]
173: [98, 99, 100, 101, 118, 119, 120, 87]
174: [98, 99, 100, 101, 102, 118, 119, 120, 87]
175: [98, 99, 100, 101, 102, 103, 118, 119, 120, 87]
176: [98, 99, 100, 101, 102, 103, 104, 118, 119, 120, 87]
177: [98, 99, 100, 101, 102, 103, 104, 105, 118, 119, 120, 87]
178: [98, 99, 100, 101, 102, 103, 104, 105, 106, 118, 119, 120, 87]
179: [98, 99, 100, 101, 102, 103, 104, 105, 106, 107, 118, 119, 120, 87]
180: [98, 99, 100, 101, 102, 103, 104, 105, 106, 107, 118, 119, 120, 87]
181: [168, 152]
182: [140, 168]
183: [140, 168]
184: [140, 168]
185: [140, 168]
186: [140, 168]
187: [140, 168]
188: [140, 168]
189: [140, 168]
190: [140, 168]
191: [140, 168]
192: [140, 168]
193: [140, 168]
194: [140, 168, 152]
195: [168, 152]
69
0: [128, 156, 157, 158, 159, 160, 161, 162, 163, 164]
1: [128, 156, 157, 158, 159, 160, 161, 162, 163, 164, 141]
2: [128, 156, 157, 158, 159, 160, 161, 162, 163, 142, 164, 141]
3: [128, 156, 157, 158, 159, 160, 161, 162, 143, 163, 142, 164, 141]
4: [128, 156, 157, 158, 159, 160, 144, 161, 162, 143, 163, 142, 164, 141]
5: [128, 156, 157, 158, 159, 160, 145, 144, 161, 162, 143, 163, 142, 164, 141]
6: [128, 156, 157, 158, 146, 159, 160, 145, 144, 161, 162, 143, 163, 142, 164, 141]
7: [128, 156, 157, 147, 158, 146, 159, 160, 145, 144, 161, 162, 143, 163, 142, 164, 141]
8: [128, 156, 148, 157, 147, 158, 146, 159, 160, 145, 144, 161, 162, 143, 163, 142, 164, 141]
9: [128, 156, 149, 148, 157, 147, 158, 146, 159, 160, 145, 144, 161, 162, 143, 163, 142, 164, 141]
10: [128, 150, 156, 149, 148, 157, 147, 158, 146, 159, 160, 145, 144, 161, 162, 143, 163, 142, 164, 141]
11: [128, 151, 150, 156, 149, 148, 157, 147, 158, 146, 159, 160, 145, 144, 161, 162, 143, 163, 142, 164, 141]
12: [128, 152, 151, 150, 156, 149, 148, 157, 147, 158, 146, 159, 160, 145, 144, 161, 162, 143, 163, 142, 164, 141]
13: [128, 152, 151, 150, 156, 149, 148, 157, 147, 158, 146, 159, 160, 145, 144, 161, 162, 143, 163, 142, 164, 141]
14: [156, 128, 157, 158, 159, 160, 161, 162, 163, 164, 165]
15: [141, 165]
16: [142, 165]
17: [143, 165]
18: [144, 165]
19: [145, 165]
20: [146, 165]
21: [147, 165]
22: [148, 165]
23: [149, 165]
24: [150, 165]
25: [151, 165]
26: [152, 165]
27: [128, 152, 151, 150, 156, 149, 148, 157, 147, 158, 146, 159, 160, 145, 144, 161, 162, 143, 163, 142, 164, 141, 165]
28: [156, 157, 128, 158, 159, 160, 161, 162, 163, 164, 165, 166]
29: [141, 166]
30: [142, 166]
31: [143, 166]
32: [144, 166]
33: [145, 166]
34: [146, 166]
35: [147, 166]
36: [148, 166]
37: [149, 166]
38: [150, 166]
39: [151, 166]
40: [152, 166]
41: [128, 152, 151, 150, 156, 149, 148, 157, 147, 158, 146, 159, 160, 145, 144, 161, 162, 143, 163, 166, 142, 164, 141, 165]
42: [156, 157, 158, 128, 159, 160, 161, 162, 163, 164, 165, 166, 167]
43: [141, 167]
44: [142, 167]
45: [143, 167]
46: [144, 167]
47: [145, 167]
48: [146, 167]
49: [147, 167]
50: [148, 167]
51: [149, 167]
52: [150, 167]
53: [151, 167]
54: [152, 167]
55: [128, 152, 151, 150, 156, 149, 148, 157, 147, 158, 146, 159, 160, 145, 144, 161, 167, 162, 143, 163, 166, 142, 164, 141, 165]
56: [156, 157, 158, 159, 128, 160, 161, 162, 163, 164, 168, 165, 166, 167]
57: [156, 141, 168]
58: [156, 142, 168]
59: [156, 143, 168]
60: [156, 144, 168]
61: [156, 145, 168]
62: [156, 146, 168]
63: [156, 147, 168]
64: [156, 148, 168]
65: [156, 149, 168]
66: [156, 150, 168]
67: [156, 151, 168]
68: [156, 152, 168]
69: []
70: [157, 158, 159, 160, 128, 161, 162, 163, 164, 168, 165, 166, 167]
71: [157, 141]
72: [157, 142]
73: [157, 143]
74: [157, 144]
75: [157, 145]
76: [157, 146]
77: [157, 147]
78: [157, 148]
79: [157, 149]
80: [157, 150]
81: [157, 151]
82: [157, 152]
83: [141, 142, 143, 144, 145, 146, 147, 148, 149, 150, 151, 152, 157, 158, 159, 160, 161, 162, 163, 164, 165, 166, 167, 168, 128]
84: [158, 159, 160, 161, 128, 162, 163, 164, 168, 165, 166, 167]
85: [158, 141]
86: [158, 142]
87: [158, 143]
88: [158, 144]
89: [158, 145]
90: [158, 146]
91: [158, 147]
92: [158, 148]
93: [158, 149]
94: [158, 150]
95: [158, 151]
96: [158, 152]
97: [141, 142, 143, 144, 145, 146, 147, 148, 149, 150, 151, 152, 158, 159, 160, 161, 162, 163, 164, 165, 166, 167, 168, 128]
98: [159, 160, 161, 162, 128, 163, 164, 168, 165, 166, 167]
99: [159, 141]
100: [159, 142]
101: [159, 143]
102: [159, 144]
103: [159, 145]
104: [159, 146]
105: [159, 147]
106: [159, 148]
107: [159, 149]
108: [159, 150]
109: [159, 151]
110: [159, 152]
111: [141, 142, 143, 144, 145, 146, 147, 148, 149, 150, 151, 152, 159, 160, 161, 162, 163, 164, 165, 166, 167, 168, 128]
112: [160, 161, 162, 163, 128, 164, 168, 165, 166, 167]
113: [160, 141]
114: [160, 142]
115: [160, 143]
116: [160, 144]
117: [160, 145]
118: [160, 146]
119: [160, 147]
120: [160, 148]
121: [160, 149]
122: [160, 150]
123: [160, 151]
124: [160, 152]
125: [141, 142, 143, 144, 145, 146, 147, 148, 149, 150, 151, 152, 160, 161, 162, 163, 164, 165, 166, 167, 168, 128]
126: [161, 162, 163, 164, 128, 165, 166, 167, 168]
127: [161, 141]
128: [161, 142]
129: [161, 143]
130: [161, 144]
131: [161, 145]
132: [161, 146]
133: [161, 147]
134: [161, 148]
135: [161, 149]
136: [161, 150]
137: [161, 151]
138: [161, 152]
139: [141, 142, 143, 144, 145, 146, 147, 148, 149, 150, 151, 152, 161, 162, 163, 164, 165, 166, 167, 168, 128]
140: [162, 163, 164, 168, 165, 166, 167, 128]
141: [162, 141]
142: [162, 142]
143: [162, 143]
144: [162, 144]
145: [162, 145]
146: [162, 146]
147: [162, 147]
148: [162, 148]
149: [162, 149]
150: [162, 150]
151: [162, 151]
152: [162, 152]
153: [141, 142, 143, 144, 145, 146, 147, 148, 149, 150, 151, 152, 162, 163, 164, 165, 166, 167, 168, 128]
154: [163, 164, 168, 165, 166, 167, 128]
155: [163, 141]
156: [163, 142]
157: [163, 143]
158: [163, 144]
159: [163, 145]
160: [163, 146]
161: [163, 147]
162: [163, 148]
163: [163, 149]
164: [163, 150]
165: [163, 151]
166: [163, 152]
167: [163, 164, 165, 166, 167, 168, 141, 142, 143, 144, 145, 146, 147, 148, 149, 150, 151, 152, 128]
168: [164, 168, 165, 166, 167, 128]
169: [164, 141]
170: [164, 142]
171: [164, 143]
172: [164, 144]
173: [164, 145]
174: [164, 146]
175: [164, 147]
176: [164, 148]
177: [164, 149]
178: [164, 150]
179: [164, 151]
180: [164, 152]
181: [164, 165, 166, 167, 168, 141, 142, 143, 144, 145, 146, 147, 148, 149, 150, 151, 152, 128]
182: [168, 165, 166, 167, 128]
183: [165, 166, 167, 168, 141, 128]
184: [165, 166, 167, 168, 141, 142, 128]
185: [165, 166, 167, 168, 141, 142, 143, 128]
186: [165, 166, 167, 168, 141, 142, 143, 144, 128]
187: [165, 166, 167, 168, 141, 142, 143, 144, 145, 128]
188: [165, 166, 167, 168, 141, 142, 143, 144, 145, 146, 128]
189: [165, 166, 167, 168, 141, 142, 143, 144, 145, 146, 147, 128]
190: [165, 166, 167, 168, 141, 142, 143, 144, 145, 146, 147, 148, 128]
191: [165, 166, 167, 168, 141, 142, 143, 144, 145, 146, 147, 148, 149, 128]
192: [165, 166, 167, 168, 141, 142, 143, 144, 145, 146, 147, 148, 149, 150, 128]
193: [165, 166, 167, 168, 141, 142, 143, 144, 145, 146, 147, 148, 149, 150, 151, 128]
194: [165, 166, 167, 168, 141, 142, 143, 144, 145, 146, 147, 148, 149, 150, 151, 152, 128]
195: [165, 166, 167, 168, 141, 142, 143, 144, 145, 146, 147, 148, 149, 150, 151, 152, 128]
70
0: [129, 130, 131, 132, 133, 134, 135, 136, 137, 138, 139, 140, 157, 158, 159, 160, 161, 162, 163, 164, 128]
1: [129, 130, 131, 132, 133, 134, 135, 136, 137, 138, 139, 140, 157, 158, 159, 160, 161, 162, 163, 164, 128]
2: [130, 131, 132, 133, 134, 135, 136, 137, 138, 139, 140, 157, 158, 159, 160, 161, 162, 163, 164, 128]
3: [160, 161, 162, 131, 132, 133, 134, 135, 136, 137, 138, 139, 140, 164, 163, 157, 158, 159, 128]
4: [160, 161, 162, 163, 132, 133, 134, 135, 136, 137, 138, 139, 140, 164, 157, 158, 159, 128]
5: [160, 161, 162, 163, 164, 133, 134, 135, 136, 137, 138, 139, 140, 157, 158, 159, 128]
6: [160, 161, 162, 163, 164, 134, 135, 136, 137, 138, 139, 140, 157, 158, 159, 128]
7: [160, 161, 162, 163, 164, 135, 136, 137, 138, 139, 140, 157, 158, 159, 128]
8: [160, 161, 162, 163, 164, 136, 137, 138, 139, 140, 157, 158, 159, 128]
9: [160, 161, 162, 163, 164, 137, 138, 139, 140, 157, 158, 159, 128]
10: [160, 161, 162, 163, 164, 138, 139, 140, 157, 158, 159, 128]
11: [160, 161, 162, 163, 164, 139, 140, 157, 158, 159, 128]
12: [160, 161, 162, 163, 164, 140, 157, 158, 159, 128]
13: [160, 161, 162, 163, 164, 157, 158, 159, 128]
14: [129, 130, 131, 132, 133, 134, 135, 136, 137, 138, 139, 140, 157, 158, 159, 160, 161, 162, 163, 164, 165, 128]
15: [165, 129]
16: [165, 130]
17: [165, 131]
18: [165, 132]
19: [165, 133]
20: [165, 134]
21: [165, 135]
22: [165, 136]
23: [165, 137]
24: [165, 138]
25: [165, 139]
26: [165, 140]
27: [165, 160, 161, 162, 163, 164, 157, 158, 159, 128]
28: [129, 130, 131, 132, 133, 134, 135, 136, 137, 138, 139, 140, 157, 158, 159, 160, 161, 162, 163, 164, 165, 166, 128]
29: [166, 129]
30: [166, 130]
31: [166, 131]
32: [166, 132]
33: [166, 133]
34: [166, 134]
35: [166, 135]
36: [166, 136]
37: [166, 137]
38: [166, 138]
39: [166, 139]
40: [166, 140]
41: [166, 165, 160, 161, 162, 163, 164, 157, 158, 159, 128]
42: [129, 130, 131, 132, 133, 134, 135, 136, 137, 138, 139, 140, 157, 158, 159, 160, 161, 162, 163, 164, 165, 166, 167, 128]
43: [167, 129]
44: [167, 130]
45: [167, 131]
46: [167, 132]
47: [167, 133]
48: [167, 134]
49: [167, 135]
50: [167, 136]
51: [167, 137]
52: [167, 138]
53: [167, 139]
54: [167, 140]
55: [167, 166, 165, 160, 161, 162, 163, 164, 157, 158, 159, 128]
56: [129, 130, 131, 132, 133, 134, 135, 136, 137, 138, 139, 140, 157, 158, 159, 160, 161, 162, 163, 164, 165, 166, 167, 168, 128]
57: [168, 129]
58: [168, 130]
59: [168, 131]
60: [168, 132]
61: [168, 133]
62: [168, 134]
63: [168, 135]
64: [168, 136]
65: [168, 137]
66: [168, 138]
67: [168, 139]
68: [168, 140]
69: [168, 167, 166, 165, 160, 161, 162, 163, 164, 157, 158, 159, 128]
70: []
71: [169, 129, 157]
72: [169, 130, 157]
73: [169, 131, 157]
74: [169, 132, 157]
75: [169, 133, 157]
76: [169, 134, 157]
77: [169, 135, 157]
78: [169, 136, 157]
79: [169, 137, 157]
80: [169, 138, 157]
81: [169, 139, 157]
82: [169, 140, 157]
83: [169, 168, 167, 166, 165, 160, 161, 162, 163, 164, 157, 158, 159, 128]
84: [128, 129, 130, 131, 132, 133, 158, 134, 159, 135, 136, 169, 160, 168, 137, 161, 162, 138, 167, 139, 163, 166, 164, 140, 165]
85: [129, 158]
86: [130, 158]
87: [131, 158]
88: [132, 158]
89: [133, 158]
90: [134, 158]
91: [135, 158]
92: [136, 158]
93: [137, 158]
94: [138, 158]
95: [139, 158]
96: [140, 158]
97: [169, 168, 167, 166, 165, 160, 161, 162, 163, 164, 158, 159, 128]
98: [128, 129, 130, 131, 132, 133, 134, 159, 135, 136, 169, 160, 168, 137, 161, 162, 138, 167, 139, 163, 166, 164, 140, 165]
99: [129, 159]
100: [130, 159]
101: [131, 159]
102: [132, 159]
103: [133, 159]
104: [134, 159]
105: [135, 159]
106: [136, 159]
107: [137, 159]
108: [138, 159]
109: [139, 159]
110: [140, 159]
111: [169, 168, 167, 166, 165, 160, 161, 162, 163, 164, 159, 128]
112: [128, 129, 130, 131, 132, 133, 134, 135, 136, 169, 160, 168, 137, 161, 162, 138, 167, 139, 163, 166, 164, 140, 165]
113: [129, 160]
114: [130, 160]
115: [131, 160]
116: [132, 160]
117: [133, 160]
118: [134, 160]
119: [135, 160]
120: [136, 160]
121: [137, 160]
122: [138, 160]
123: [139, 160]
124: [140, 160]
125: [169, 168, 167, 166, 165, 128, 161, 162, 163, 160, 164]
126: [128, 129, 130, 131, 132, 133, 134, 135, 136, 169, 168, 137, 161, 162, 138, 167, 139, 163, 166, 164, 140, 165]
127: [129, 161]
128: [130, 161]
129: [131, 161]
130: [132, 161]
131: [133, 161]
132: [134, 161]
133: [135, 161]
134: [136, 161]
135: [137, 161]
136: [138, 161]
137: [139, 161]
138: [140, 161]
139: [169, 168, 167, 166, 128, 165, 161, 162, 163, 164]
140: [128, 129, 130, 131, 132, 133, 134, 135, 136, 169, 168, 137, 162, 138, 167, 139, 163, 166, 164, 140, 165]
141: [129, 162]
142: [130, 162]
143: [131, 162]
144: [132, 162]
145: [133, 162]
146: [134, 162]
147: [135, 162]
148: [136, 162]
149: [137, 162]
150: [138, 162]
151: [139, 162]
152: [140, 162]
153: [169, 168, 167, 128, 166, 165, 162, 163, 164]
154: [128, 129, 130, 131, 132, 133, 134, 135, 136, 169, 168, 137, 138, 167, 139, 163, 166, 164, 140, 165]
155: [129, 163]
156: [130, 163]
157: [131, 163]
158: [132, 163]
159: [133, 163]
160: [134, 163]
161: [135, 163]
162: [136, 163]
163: [137, 163]
164: [138, 163]
165: [139, 163]
166: [140, 163]
167: [169, 168, 128, 167, 166, 165, 163, 164]
168: [128, 129, 130, 131, 132, 133, 134, 135, 136, 169, 168, 137, 138, 167, 139, 166, 164, 140, 165]
169: [129, 164]
170: [130, 164]
171: [131, 164]
172: [132, 164]
173: [133, 164]
174: [134, 164]
175: [135, 164]
176: [136, 164]
177: [137, 164]
178: [138, 164]
179: [139, 164]
180: [140, 164]
181: [169, 128, 168, 167, 166, 165, 164]
182: [128, 129, 130, 131, 132, 133, 134, 135, 136, 169, 168, 137, 138, 167, 139, 166, 140, 165]
183: [128, 129, 130, 131, 132, 133, 134, 135, 136, 169, 168, 137, 138, 167, 139, 166, 140, 165]
184: [128, 130, 131, 132, 133, 134, 135, 136, 169, 168, 137, 138, 167, 139, 166, 140, 165]
185: [128, 131, 132, 133, 134, 135, 136, 169, 168, 137, 138, 167, 139, 166, 140, 165]
186: [128, 132, 133, 134, 135, 136, 169, 168, 137, 138, 167, 139, 166, 140, 165]
187: [128, 133, 134, 135, 136, 169, 168, 137, 138, 167, 139, 166, 140, 165]
188: [128, 134, 135, 136, 169, 168, 137, 138, 167, 139, 166, 140, 165]
189: [128, 135, 136, 169, 168, 137, 138, 167, 139, 166, 140, 165]
190: [128, 136, 169, 168, 137, 138, 167, 139, 166, 140, 165]
191: [128, 169, 168, 137, 138, 167, 139, 166, 140, 165]
192: [128, 169, 168, 138, 167, 139, 166, 140, 165]
193: [128, 169, 168, 167, 139, 166, 140, 165]
194: [128, 169, 168, 167, 166, 140, 165]
195: [128, 169, 168, 167, 166, 165]
71
0: [157, 129]
1: [141, 157, 129]
2: [141, 157]
3: [141, 157]
4: [141, 157]
5: [141, 157]
6: [141, 157]
7: [141, 157]
8: [141, 157]
9: [141, 157]
10: [141, 157]
11: [141, 157]
12: [141, 157]
13: [141, 157]
14: [157, 129]
15: [96, 97, 111, 112, 113, 114, 115, 116, 117, 88, 89, 90, 91, 92, 93, 94, 95, 87]
16: [96, 97, 111, 112, 113, 114, 115, 116, 117, 88, 89, 90, 91, 92, 93, 94, 95, 87]
17: [96, 97, 111, 112, 113, 114, 115, 116, 117, 89, 90, 91, 92, 93, 94, 95, 87]
18: [96, 97, 111, 112, 113, 114, 115, 116, 117, 90, 91, 92, 93, 94, 95, 87]
19: [96, 97, 111, 112, 113, 114, 115, 116, 117, 91, 92, 93, 94, 95, 87]
20: [96, 97, 111, 112, 113, 114, 115, 116, 117, 92, 93, 94, 95, 87]
21: [96, 97, 111, 112, 113, 114, 115, 116, 117, 93, 94, 95, 87]
22: [96, 97, 111, 112, 113, 114, 115, 116, 117, 94, 95, 87]
23: [96, 97, 111, 112, 113, 114, 115, 116, 117, 95, 87]
24: [96, 97, 111, 112, 113, 114, 115, 116, 117, 87]
25: [97, 111, 112, 113, 114, 115, 116, 117, 87]
26: [111, 112, 113, 114, 115, 116, 117, 87]
27: [141, 157]
28: [157, 129]
29: [96, 97, 111, 112, 113, 114, 115, 116, 117, 118, 88, 89, 90, 91, 92, 93, 94, 95, 87]
30: [118, 88]
31: [118, 89]
32: [118, 90]
33: [118, 91]
34: [118, 92]
35: [118, 93]
36: [118, 94]
37: [118, 95]
38: [118, 96]
39: [118, 97]
40: [118, 111, 112, 113, 114, 115, 116, 117, 87]
41: [141, 157]
42: [157, 129]
43: [88, 89, 90, 91, 92, 93, 94, 95, 96, 97, 111, 112, 113, 114, 115, 116, 117, 118, 119, 87]
44: [119, 88]
45: [119, 89]
46: [119, 90]
47: [119, 91]
48: [119, 92]
49: [119, 93]
50: [119, 94]
51: [119, 95]
52: [119, 96]
53: [119, 97]
54: [119, 118, 111, 112, 113, 114, 115, 116, 117, 87]
55: [141, 157]
56: [157, 129]
57: [88, 89, 90, 91, 92, 93, 94, 95, 96, 97, 111, 112, 113, 114, 115, 116, 117, 118, 119, 120, 87]
58: [120, 88]
59: [120, 89]
60: [120, 90]
61: [120, 91]
62: [120, 92]
63: [120, 93]
64: [120, 94]
65: [120, 95]
66: [120, 96]
67: [120, 97]
68: [120, 119, 118, 111, 112, 113, 114, 115, 116, 117, 87]
69: [141, 157]
70: [157, 129, 169]
71: []
72: [121, 88, 111]
73: [121, 89, 111]
74: [121, 90, 111]
75: [121, 91, 111]
76: [121, 92, 111]
77: [121, 93, 111]
78: [121, 94, 111]
79: [121, 95, 111]
80: [121, 96, 111]
81: [121, 97, 111]
82: [121, 120, 119, 118, 111, 112, 113, 114, 115, 116, 117, 87]
83: [169, 141, 157]
84: [129, 169]
85: [87, 88, 89, 90, 91, 112, 92, 113, 93, 121, 114, 94, 120, 115, 95, 96, 116, 119, 97, 117, 118]
86: [88, 112]
87: [89, 112]
88: [90, 112]
89: [91, 112]
90: [92, 112]
91: [93, 112]
92: [94, 112]
93: [95, 112]
94: [96, 112]
95: [97, 112]
96: [121, 120, 119, 118, 112, 113, 114, 115, 116, 117, 87]
97: [169, 141]
98: [129, 169]
99: [87, 88, 89, 90, 91, 92, 113, 93, 121, 114, 94, 120, 115, 95, 96, 116, 119, 97, 117, 118]
100: [88, 113]
101: [89, 113]
102: [90, 113]
103: [91, 113]
104: [92, 113]
105: [93, 113]
106: [94, 113]
107: [95, 113]
108: [96, 113]
109: [97, 113]
110: [121, 120, 119, 118, 113, 114, 115, 116, 117, 87]
111: [169, 141]
112: [129, 169]
113: [87, 88, 89, 90, 91, 92, 93, 121, 114, 94, 120, 115, 95, 96, 116, 119, 97, 117, 118]
114: [88, 114]
115: [89, 114]
116: [90, 114]
117: [91, 114]
118: [92, 114]
119: [93, 114]
120: [94, 114]
121: [95, 114]
122: [96, 114]
123: [97, 114]
124: [121, 120, 119, 118, 114, 115, 116, 117, 87]
125: [169, 141]
126: [129, 169]
127: [87, 88, 89, 90, 91, 92, 93, 121, 94, 120, 115, 95, 96, 116, 119, 97, 117, 118]
128: [88, 115]
129: [89, 115]
130: [90, 115]
131: [91, 115]
132: [92, 115]
133: [93, 115]
134: [94, 115]
135: [95, 115]
136: [96, 115]
137: [97, 115]
138: [121, 120, 119, 118, 87, 115, 116, 117]
139: [169, 141]
140: [129, 169]
141: [87, 88, 89, 90, 91, 92, 93, 121, 94, 120, 95, 96, 116, 119, 97, 117, 118]
142: [88, 116]
143: [89, 116]
144: [90, 116]
145: [91, 116]
146: [92, 116]
147: [93, 116]
148: [94, 116]
149: [95, 116]
150: [96, 116]
151: [97, 116]
152: [121, 120, 119, 87, 118, 116, 117]
153: [169, 141]
154: [129, 169]
155: [87, 88, 89, 90, 91, 92, 93, 121, 94, 120, 95, 96, 119, 97, 117, 118]
156: [88, 117]
157: [89, 117]
158: [90, 117]
159: [91, 117]
160: [92, 117]
161: [93, 117]
162: [94, 117]
163: [95, 117]
164: [96, 117]
165: [97, 117]
166: [121, 120, 87, 119, 118, 117]
167: [169, 141]
168: [129, 169]
169: [87, 88, 89, 90, 91, 92, 93, 121, 94, 120, 95, 96, 119, 97, 118]
170: [87, 88, 89, 90, 91, 92, 93, 121, 94, 120, 95, 96, 119, 97, 118]
171: [87, 89, 90, 91, 92, 93, 121, 94, 120, 95, 96, 119, 97, 118]
172: [87, 90, 91, 92, 93, 121, 94, 120, 95, 96, 119, 97, 118]
173: [87, 91, 92, 93, 121, 94, 120, 95, 96, 119, 97, 118]
174: [87, 92, 93, 121, 94, 120, 95, 96, 119, 97, 118]
175: [87, 93, 121, 94, 120, 95, 96, 119, 97, 118]
176: [87, 121, 94, 120, 95, 96, 119, 97, 118]
177: [87, 121, 120, 95, 96, 119, 97, 118]
178: [87, 121, 120, 96, 119, 97, 118]
179: [87, 121, 120, 119, 97, 118]
180: [121, 87, 120, 119, 118]
181: [169, 141]
182: [129, 169]
183: [129, 169, 141]
184: [169, 141]
185: [169, 141]
186: [169, 141]
187: [169, 141]
188: [169, 141]
189: [169, 141]
190: [169, 141]
191: [169, 141]
192: [169, 141]
193: [169, 141]
194: [169, 141]
195: [169, 141]
72
0: [157, 130]
1: [157, 130]
2: [142, 157, 130]
3: [142, 157]
4: [142, 157]
5: [142, 157]
6: [142, 157]
7: [142, 157]
8: [142, 157]
9: [142, 157]
10: [142, 157]
11: [142, 157]
12: [142, 157]
13: [142, 157]
14: [157, 130]
15: [111, 88]
16: [98, 111, 88]
17: [98, 111]
18: [98, 111]
19: [98, 111]
20: [98, 111]
21: [98, 111]
22: [98, 111]
23: [98, 111]
24: [98, 111]
25: [98, 111]
26: [98, 111]
27: [142, 157]
28: [157, 130]
29: [111, 88]
30: [73, 74, 75, 76, 77, 78, 55, 56, 57, 58, 59, 60, 61, 62, 54]
31: [73, 74, 75, 76, 77, 78, 55, 56, 57, 58, 59, 60, 61, 62, 54]
32: [73, 74, 75, 76, 77, 78, 56, 57, 58, 59, 60, 61, 62, 54]
33: [73, 74, 75, 76, 77, 78, 57, 58, 59, 60, 61, 62, 54]
34: [73, 74, 75, 76, 77, 78, 58, 59, 60, 61, 62, 54]
35: [73, 74, 75, 76, 77, 78, 59, 60, 61, 62, 54]
36: [73, 74, 75, 76, 77, 78, 60, 61, 62, 54]
37: [73, 74, 75, 76, 77, 78, 61, 62, 54]
38: [73, 74, 75, 76, 77, 78, 62, 54]
39: [73, 74, 75, 76, 77, 78, 54]
40: [98, 111]
41: [142, 157]
42: [157, 130]
43: [111, 88]
44: [73, 74, 75, 76, 77, 78, 79, 55, 56, 57, 58, 59, 60, 61, 62, 54]
45: [79, 55]
46: [79, 56]
47: [79, 57]
48: [79, 58]
49: [79, 59]
50: [79, 60]
51: [79, 61]
52: [79, 62]
53: [79, 73, 74, 75, 76, 77, 78, 54]
54: [98, 111]
55: [142, 157]
56: [157, 130]
57: [111, 88]
58: [73, 74, 75, 76, 77, 78, 79, 80, 55, 56, 57, 58, 59, 60, 61, 62, 54]
59: [80, 55]
60: [80, 56]
61: [80, 57]
62: [80, 58]
63: [80, 59]
64: [80, 60]
65: [80, 61]
66: [80, 62]
67: [80, 79, 73, 74, 75, 76, 77, 78, 54]
68: [98, 111]
69: [142, 157]
70: [157, 130, 169]
71: [111, 88, 121]
72: []
73: [81, 55, 73]
74: [81, 56, 73]
75: [81, 57, 73]
76: [81, 58, 73]
77: [81, 59, 73]
78: [81, 60, 73]
79: [81, 61, 73]
80: [81, 62, 73]
81: [81, 80, 79, 73, 74, 75, 76, 77, 78, 54]
82: [121, 98, 111]
83: [169, 142, 157]
84: [130, 169]
85: [88, 121]
86: [54, 55, 56, 57, 58, 74, 75, 59, 81, 60, 76, 80, 77, 61, 78, 62, 79]
87: [55, 74]
88: [56, 74]
89: [57, 74]
90: [58, 74]
91: [59, 74]
92: [60, 74]
93: [61, 74]
94: [62, 74]
95: [81, 80, 79, 74, 75, 76, 77, 78, 54]
96: [121, 98]
97: [169, 142]
98: [130, 169]
99: [88, 121]
100: [54, 55, 56, 57, 58, 75, 59, 81, 60, 76, 80, 77, 61, 78, 62, 79]
101: [55, 75]
102: [56, 75]
103: [57, 75]
104: [58, 75]
105: [59, 75]
106: [60, 75]
107: [61, 75]
108: [62, 75]
109: [81, 80, 79, 75, 76, 77, 78, 54]
110: [121, 98]
111: [169, 142]
112: [130, 169]
113: [88, 121]
114: [54, 55, 56, 57, 58, 59, 81, 60, 76, 80, 77, 61, 78, 62, 79]
115: [55, 76]
116: [56, 76]
117: [57, 76]
118: [58, 76]
119: [59, 76]
120: [60, 76]
121: [61, 76]
122: [62, 76]
123: [81, 80, 79, 78, 76, 77, 54]
124: [121, 98]
125: [169, 142]
126: [130, 169]
127: [88, 121]
128: [54, 55, 56, 57, 58, 59, 81, 60, 80, 77, 61, 78, 62, 79]
129: [55, 77]
130: [56, 77]
131: [57, 77]
132: [58, 77]
133: [59, 77]
134: [60, 77]
135: [61, 77]
136: [62, 77]
137: [81, 80, 54, 79, 77, 78]
138: [121, 98]
139: [169, 142]
140: [130, 169]
141: [88, 121]
142: [54, 55, 56, 57, 58, 59, 81, 60, 80, 61, 78, 62, 79]
143: [55, 78]
144: [56, 78]
145: [57, 78]
146: [58, 78]
147: [59, 78]
148: [60, 78]
149: [61, 78]
150: [62, 78]
151: [81, 80, 54, 79, 78]
152: [121, 98]
153: [169, 142]
154: [130, 169]
155: [88, 121]
156: [54, 55, 56, 57, 58, 59, 81, 60, 80, 61, 62, 79]
157: [54, 55, 56, 57, 58, 59, 81, 60, 80, 61, 62, 79]
158: [54, 56, 57, 58, 59, 81, 60, 80, 61, 62, 79]
159: [54, 57, 58, 59, 81, 60, 80, 61, 62, 79]
160: [54, 58, 59, 81, 60, 80, 61, 62, 79]
161: [54, 59, 81, 60, 80, 61, 62, 79]
162: [54, 81, 60, 80, 61, 62, 79]
163: [54, 81, 80, 61, 62, 79]
164: [54, 81, 80, 62, 79]
165: [81, 54, 80, 79]
166: [121, 98]
167: [169, 142]
168: [130, 169]
169: [88, 121]
170: [88, 121, 98]
171: [121, 98]
172: [121, 98]
173: [121, 98]
174: [121, 98]
175: [121, 98]
176: [121, 98]
177: [121, 98]
178: [121, 98]
179: [121, 98]
180: [121, 98]
181: [169, 142]
182: [130, 169]
183: [130, 169]
184: [130, 169, 142]
185: [169, 142]
186: [169, 142]
187: [169, 142]
188: [169, 142]
189: [169, 142]
190: [169, 142]
191: [169, 142]
192: [169, 142]
193: [169, 142]
194: [169, 142]
195: [169, 142]
73
0: [157, 131]
1: [157, 131]
2: [157, 131]
3: [143, 157, 131]
4: [143, 157]
5: [143, 157]
6: [143, 157]
7: [143, 157]
8: [143, 157]
9: [143, 157]
10: [143, 157]
11: [143, 157]
12: [143, 157]
13: [143, 157]
14: [157, 131]
15: [111, 89]
16: [111, 89]
17: [99, 111, 89]
18: [99, 111]
19: [99, 111]
20: [99, 111]
21: [99, 111]
22: [99, 111]
23: [99, 111]
24: [99, 111]
25: [99, 111]
26: [99, 111]
27: [143, 157]
28: [157, 131]
29: [111, 89]
30: [73, 55]
31: [63, 73, 55]
32: [63, 73]
33: [63, 73]
34: [63, 73]
35: [63, 73]
36: [63, 73]
37: [63, 73]
38: [63, 73]
39: [63, 73]
40: [99, 111]
41: [143, 157]
42: [157, 131]
43: [111, 89]
44: [73, 55]
45: [32, 33, 34, 35, 43, 44, 45, 46, 47, 30, 31, 29]
46: [32, 33, 34, 35, 43, 44, 45, 46, 47, 30, 31, 29]
47: [32, 33, 34, 35, 43, 44, 45, 46, 47, 31, 29]
48: [32, 33, 34, 35, 43, 44, 45, 46, 47, 29]
49: [33, 34, 35, 43, 44, 45, 46, 47, 29]
50: [34, 35, 43, 44, 45, 46, 47, 29]
51: [35, 43, 44, 45, 46, 47, 29]
52: [43, 44, 45, 46, 47, 29]
53: [63, 73]
54: [99, 111]
55: [143, 157]
56: [157, 131]
57: [111, 89]
58: [73, 55]
59: [32, 33, 34, 35, 43, 44, 45, 46, 47, 48, 30, 31, 29]
60: [48, 30]
61: [48, 31]
62: [48, 32]
63: [48, 33]
64: [48, 34]
65: [48, 35]
66: [48, 43, 44, 45, 46, 47, 29]
67: [63, 73]
68: [99, 111]
69: [143, 157]
70: [157, 131, 169]
71: [111, 89, 121]
72: [73, 55, 81]
73: []
74: [49, 30, 43]
75: [49, 31, 43]
76: [49, 32, 43]
77: [49, 33, 43]
78: [49, 34, 43]
79: [49, 35, 43]
80: [49, 48, 43, 44, 45, 46, 47, 29]
81: [81, 63, 73]
82: [121, 99, 111]
83: [169, 143, 157]
84: [131, 169]
85: [89, 121]
86: [55, 81]
87: [29, 30, 31, 32, 44, 33, 45, 49, 34, 46, 48, 35, 47]
88: [30, 44]
89: [31, 44]
90: [32, 44]
91: [33, 44]
92: [34, 44]
93: [35, 44]
94: [49, 48, 44, 45, 46, 47, 29]
95: [81, 63]
96: [121, 99]
97: [169, 143]
98: [131, 169]
99: [89, 121]
100: [55, 81]
101: [29, 30, 31, 32, 33, 45, 49, 34, 46, 48, 35, 47]
102: [30, 45]
103: [31, 45]
104: [32, 45]
105: [33, 45]
106: [34, 45]
107: [35, 45]
108: [49, 48, 45, 46, 47, 29]
109: [81, 63]
110: [121, 99]
111: [169, 143]
112: [131, 169]
113: [89, 121]
114: [55, 81]
115: [29, 30, 31, 32, 33, 49, 34, 46, 48, 35, 47]
116: [30, 46]
117: [31, 46]
118: [32, 46]
119: [33, 46]
120: [34, 46]
121: [35, 46]
122: [49, 48, 29, 46, 47]
123: [81, 63]
124: [121, 99]
125: [169, 143]
126: [131, 169]
127: [89, 121]
128: [55, 81]
129: [29, 30, 31, 32, 33, 49, 34, 48, 35, 47]
130: [30, 47]
131: [31, 47]
132: [32, 47]
133: [33, 47]
134: [34, 47]
135: [35, 47]
136: [49, 48, 29, 47]
137: [81, 63]
138: [121, 99]
139: [169, 143]
140: [131, 169]
141: [89, 121]
142: [55, 81]
143: [29, 30, 31, 32, 33, 49, 34, 48, 35]
144: [29, 30, 31, 32, 33, 49, 34, 48, 35]
145: [29, 31, 32, 33, 49, 34, 48, 35]
146: [29, 32, 33, 49, 34, 48, 35]
147: [29, 33, 49, 34, 48, 35]
148: [29, 49, 34, 48, 35]
149: [29, 49, 48, 35]
150: [49, 29, 48]
151: [81, 63]
152: [121, 99]
153: [169, 143]
154: [131, 169]
155: [89, 121]
156: [55, 81]
157: [55, 81, 63]
158: [81, 63]
159: [81, 63]
160: [81, 63]
161: [81, 63]
162: [81, 63]
163: [81, 63]
164: [81, 63]
165: [81, 63]
166: [121, 99]
167: [169, 143]
168: [131, 169]
169: [89, 121]
170: [89, 121]
171: [89, 121, 99]
172: [121, 99]
173: [121, 99]
174: [121, 99]
175: [121, 99]
176: [121, 99]
177: [121, 99]
178: [121, 99]
179: [121, 99]
180: [121, 99]
181: [169, 143]
182: [131, 169]
183: [131, 169]
184: [131, 169]
185: [131, 169, 143]
186: [169, 143]
187: [169, 143]
188: [169, 143]
189: [169, 143]
190: [169, 143]
191: [169, 143]
192: [169, 143]
193: [169, 143]
194: [169, 143]
195: [169, 143]
74
0: [157, 132]
1: [157, 132]
2: [157, 132]
3: [157, 132]
4: [144, 157, 132]
5: [144, 157]
6: [144, 157]
7: [144, 157]
8: [144, 157]
9: [144, 157]
10: [144, 157]
11: [144, 157]
12: [144, 157]
13: [144, 157]
14: [157, 132]
15: [111, 90]
16: [111, 90]
17: [111, 90]
18: [100, 111, 90]
19: [100, 111]
20: [100, 111]
21: [100, 111]
22: [100, 111]
23: [100, 111]
24: [100, 111]
25: [100, 111]
26: [100, 111]
27: [144, 157]
28: [157, 132]
29: [111, 90]
30: [73, 56]
31: [73, 56]
32: [64, 73, 56]
33: [64, 73]
34: [64, 73]
35: [64, 73]
36: [64, 73]
37: [64, 73]
38: [64, 73]
39: [64, 73]
40: [100, 111]
41: [144, 157]
42: [157, 132]
43: [111, 90]
44: [73, 56]
45: [43, 30]
46: [36, 43, 30]
47: [36, 43]
48: [36, 43]
49: [36, 43]
50: [36, 43]
51: [36, 43]
52: [36, 43]
53: [64, 73]
54: [100, 111]
55: [144, 157]
56: [157, 132]
57: [111, 90]
58: [73, 56]
59: [43, 30]
60: [13, 14, 15, 16, 21, 22, 23, 24, 12]
61: [13, 14, 15, 16, 21, 22, 23, 24, 12]
62: [14, 15, 16, 21, 22, 23, 24, 12]
63: [15, 16, 21, 22, 23, 24, 12]
64: [16, 21, 22, 23, 24, 12]
65: [24, 21, 22, 23, 12]
66: [36, 43]
67: [64, 73]
68: [100, 111]
69: [144, 157]
70: [157, 132, 169]
71: [111, 90, 121]
72: [73, 56, 81]
73: [43, 30, 49]
74: []
75: [25, 13, 21]
76: [25, 14, 21]
77: [25, 15, 21]
78: [25, 16, 21]
79: [25, 24, 21, 22, 23, 12]
80: [49, 36, 43]
81: [81, 64, 73]
82: [121, 100, 111]
83: [169, 144, 157]
84: [132, 169]
85: [90, 121]
86: [56, 81]
87: [30, 49]
88: [12, 13, 14, 22, 23, 15, 16, 24, 25]
89: [13, 22]
90: [14, 22]
91: [15, 22]
92: [16, 22]
93: [25, 24, 22, 23, 12]
94: [49, 36]
95: [81, 64]
96: [121, 100]
97: [169, 144]
98: [132, 169]
99: [90, 121]
100: [56, 81]
101: [30, 49]
102: [12, 13, 14, 23, 15, 16, 24, 25]
103: [13, 23]
104: [14, 23]
105: [15, 23]
106: [16, 23]
107: [25, 24, 23, 12]
108: [49, 36]
109: [81, 64]
110: [121, 100]
111: [169, 144]
112: [132, 169]
113: [90, 121]
114: [56, 81]
115: [30, 49]
116: [12, 13, 14, 15, 16, 24, 25]
117: [13, 24]
118: [14, 24]
119: [15, 24]
120: [16, 24]
121: [25, 24, 12]
122: [49, 36]
123: [81, 64]
124: [121, 100]
125: [169, 144]
126: [132, 169]
127: [90, 121]
128: [56, 81]
129: [30, 49]
130: [12, 13, 14, 15, 16, 25]
131: [12, 13, 14, 15, 16, 25]
132: [12, 14, 15, 16, 25]
133: [12, 15, 16, 25]
134: [12, 16, 25]
135: [25, 12]
136: [49, 36]
137: [81, 64]
138: [121, 100]
139: [169, 144]
140: [132, 169]
141: [90, 121]
142: [56, 81]
143: [30, 49]
144: [30, 49, 36]
145: [49, 36]
146: [49, 36]
147: [49, 36]
148: [49, 36]
149: [49, 36]
150: [49, 36]
151: [81, 64]
152: [121, 100]
153: [169, 144]
154: [132, 169]
155: [90, 121]
156: [56, 81]
157: [56, 81]
158: [56, 81, 64]
159: [81, 64]
160: [81, 64]
161: [81, 64]
162: [81, 64]
163: [81, 64]
164: [81, 64]
165: [81, 64]
166: [121, 100]
167: [169, 144]
168: [132, 169]
169: [90, 121]
170: [90, 121]
171: [90, 121]
172: [90, 121, 100]
173: [121, 100]
174: [121, 100]
175: [121, 100]
176: [121, 100]
177: [121, 100]
178: [121, 100]
179: [121, 100]
180: [121, 100]
181: [169, 144]
182: [132, 169]
183: [132, 169]
184: [132, 169]
185: [132, 169]
186: [132, 169, 144]
187: [169, 144]
188: [169, 144]
189: [169, 144]
190: [169, 144]
191: [169, 144]
192: [169, 144]
193: [169, 144]
194: [169, 144]
195: [169, 144]
75
0: [157, 133]
1: [157, 133]
2: [157, 133]
3: [157, 133]
4: [157, 133]
5: [145, 157, 133]
6: [145, 157]
7: [145, 157]
8: [145, 157]
9: [145, 157]
10: [145, 157]
11: [145, 157]
12: [145, 157]
13: [145, 157]
14: [157, 133]
15: [111, 91]
16: [111, 91]
17: [111, 91]
18: [111, 91]
19: [101, 111, 91]
20: [101, 111]
21: [101, 111]
22: [101, 111]
23: [101, 111]
24: [101, 111]
25: [101, 111]
26: [101, 111]
27: [145, 157]
28: [157, 133]
29: [111, 91]
30: [73, 57]
31: [73, 57]
32: [73, 57]
33: [65, 73, 57]
34: [65, 73]
35: [65, 73]
36: [65, 73]
37: [65, 73]
38: [65, 73]
39: [65, 73]
40: [101, 111]
41: [145, 157]
42: [157, 133]
43: [111, 91]
44: [73, 57]
45: [43, 31]
46: [43, 31]
47: [37, 43, 31]
48: [37, 43]
49: [37, 43]
50: [37, 43]
51: [37, 43]
52: [37, 43]
53: [65, 73]
54: [101, 111]
55: [145, 157]
56: [157, 133]
57: [111, 91]
58: [73, 57]
59: [43, 31]
60: [21, 13]
61: [17, 21, 13]
62: [17, 21]
63: [17, 21]
64: [17, 21]
65: [17, 21]
66: [37, 43]
67: [65, 73]
68: [101, 111]
69: [145, 157]
70: [157, 133, 169]
71: [111, 91, 121]
72: [73, 57, 81]
73: [43, 31, 49]
74: [21, 13, 25]
75: []
76: [8, 9, 4, 5, 3]
77: [8, 9, 5, 3]
78: [8, 9, 3]
79: [25, 17, 21]
80: [49, 37, 43]
81: [81, 65, 73]
82: [121, 101, 111]
83: [169, 145, 157]
84: [133, 169]
85: [91, 121]
86: [57, 81]
87: [31, 49]
88: [13, 25]
89: [3, 8, 4, 9, 5]
90: [4, 8]
91: [5, 8]
92: [8, 9, 3]
93: [25, 17]
94: [49, 37]
95: [81, 65]
96: [121, 101]
97: [169, 145]
98: [133, 169]
99: [91, 121]
100: [57, 81]
101: [31, 49]
102: [13, 25]
103: [3, 4, 9, 5]
104: [4, 9]
105: [5, 9]
106: [9, 3]
107: [25, 17]
108: [49, 37]
109: [81, 65]
110: [121, 101]
111: [169, 145]
112: [133, 169]
113: [91, 121]
114: [57, 81]
115: [31, 49]
116: [13, 25]
117: [3, 4, 5]
118: [3, 4, 5]
119: [3, 5]
120: [3]
121: [25, 17]
122: [49, 37]
123: [81, 65]
124: [121, 101]
125: [169, 145]
126: [133, 169]
127: [91, 121]
128: [57, 81]
129: [31, 49]
130: [13, 25]
131: [13, 25, 17]
132: [25, 17]
133: [25, 17]
134: [25, 17]
135: [25, 17]
136: [49, 37]
137: [81, 65]
138: [121, 101]
139: [169, 145]
140: [133, 169]
141: [91, 121]
142: [57, 81]
143: [31, 49]
144: [31, 49]
145: [31, 49, 37]
146: [49, 37]
147: [49, 37]
148: [49, 37]
149: [49, 37]
150: [49, 37]
151: [81, 65]
152: [121, 101]
153: [169, 145]
154: [133, 169]
155: [91, 121]
156: [57, 81]
157: [57, 81]
158: [57, 81]
159: [57, 81, 65]
160: [81, 65]
161: [81, 65]
162: [81, 65]
163: [81, 65]
164: [81, 65]
165: [81, 65]
166: [121, 101]
167: [169, 145]
168: [133, 169]
169: [91, 121]
170: [91, 121]
171: [91, 121]
172: [91, 121]
173: [91, 121, 101]
174: [121, 101]
175: [121, 101]
176: [121, 101]
177: [121, 101]
178: [121, 101]
179: [121, 101]
180: [121, 101]
181: [169, 145]
182: [133, 169]
183: [133, 169]
184: [133, 169]
185: [133, 169]
186: [133, 169]
187: [133, 169, 145]
188: [169, 145]
189: [169, 145]
190: [169, 145]
191: [169, 145]
192: [169, 145]
193: [169, 145]
194: [169, 145]
195: [169, 145]
76
0: [157, 134]
1: [157, 134]
2: [157, 134]
3: [157, 134]
4: [157, 134]
5: [157, 134]
6: [146, 157, 134]
7: [146, 157]
8: [146, 157]
9: [146, 157]
10: [146, 157]
11: [146, 157]
12: [146, 157]
13: [146, 157]
14: [157, 134]
15: [111, 92]
16: [111, 92]
17: [111, 92]
18: [111, 92]
19: [111, 92]
20: [102, 111, 92]
21: [102, 111]
22: [102, 111]
23: [102, 111]
24: [102, 111]
25: [102, 111]
26: [102, 111]
27: [146, 157]
28: [157, 134]
29: [111, 92]
30: [73, 58]
31: [73, 58]
32: [73, 58]
33: [73, 58]
34: [66, 73, 58]
35: [66, 73]
36: [66, 73]
37: [66, 73]
38: [66, 73]
39: [66, 73]
40: [102, 111]
41: [146, 157]
42: [157, 134]
43: [111, 92]
44: [73, 58]
45: [43, 32]
46: [43, 32]
47: [43, 32]
48: [38, 43, 32]
49: [38, 43]
50: [38, 43]
51: [38, 43]
52: [38, 43]
53: [66, 73]
54: [102, 111]
55: [146, 157]
56: [157, 134]
57: [111, 92]
58: [73, 58]
59: [43, 32]
60: [21, 14]
61: [21, 14]
62: [18, 21, 14]
63: [18, 21]
64: [18, 21]
65: [18, 21]
66: [38, 43]
67: [66, 73]
68: [102, 111]
69: [146, 157]
70: [157, 134, 169]
71: [111, 92, 121]
72: [73, 58, 81]
73: [43, 32, 49]
74: [21, 14, 25]
75: [3, 8, 4, 9, 5]
76: []
77: [8, 9, 5, 6, 3]
78: [8, 9, 6, 3]
79: [25, 18, 21]
80: [49, 38, 43]
81: [81, 66, 73]
82: [121, 102, 111]
83: [169, 146, 157]
84: [134, 169]
85: [92, 121]
86: [58, 81]
87: [32, 49]
88: [14, 25]
89: [3, 8, 4, 9, 5]
90: [4, 8, 6]
91: [5, 8]
92: [8, 9, 6, 3]
93: [25, 18]
94: [49, 38]
95: [81, 66]
96: [121, 102]
97: [169, 146]
98: [134, 169]
99: [92, 121]
100: [58, 81]
101: [32, 49]
102: [14, 25]
103: [3, 4, 9, 5]
104: [4, 9, 6]
105: [5, 9]
106: [9, 6, 3]
107: [25, 18]
108: [49, 38]
109: [81, 66]
110: [121, 102]
111: [169, 146]
112: [134, 169]
113: [92, 121]
114: [58, 81]
115: [32, 49]
116: [14, 25]
117: [3, 4, 5]
118: [4, 3, 5, 6]
119: [5, 3, 6]
120: [6, 3]
121: [25, 18]
122: [49, 38]
123: [81, 66]
124: [121, 102]
125: [169, 146]
126: [134, 169]
127: [92, 121]
128: [58, 81]
129: [32, 49]
130: [14, 25]
131: [14, 25]
132: [14, 25, 18]
133: [25, 18]
134: [25, 18]
135: [25, 18]
136: [49, 38]
137: [81, 66]
138: [121, 102]
139: [169, 146]
140: [134, 169]
141: [92, 121]
142: [58, 81]
143: [32, 49]
144: [32, 49]
145: [32, 49]
146: [32, 49, 38]
147: [49, 38]
148: [49, 38]
149: [49, 38]
150: [49, 38]
151: [81, 66]
152: [121, 102]
153: [169, 146]
154: [134, 169]
155: [92, 121]
156: [58, 81]
157: [58, 81]
158: [58, 81]
159: [58, 81]
160: [58, 81, 66]
161: [81, 66]
162: [81, 66]
163: [81, 66]
164: [81, 66]
165: [81, 66]
166: [121, 102]
167: [169, 146]
168: [134, 169]
169: [92, 121]
170: [92, 121]
171: [92, 121]
172: [92, 121]
173: [92, 121]
174: [92, 121, 102]
175: [121, 102]
176: [121, 102]
177: [121, 102]
178: [121, 102]
179: [121, 102]
180: [121, 102]
181: [169, 146]
182: [134, 169]
183: [134, 169]
184: [134, 169]
185: [134, 169]
186: [134, 169]
187: [134, 169]
188: [134, 169, 146]
189: [169, 146]
190: [169, 146]
191: [169, 146]
192: [169, 146]
193: [169, 146]
194: [169, 146]
195: [169, 146]
77
0: [157, 135]
1: [157, 135]
2: [157, 135]
3: [157, 135]
4: [157, 135]
5: [157, 135]
6: [157, 135]
7: [147, 157, 135]
8: [147, 157]
9: [147, 157]
10: [147, 157]
11: [147, 157]
12: [147, 157]
13: [147, 157]
14: [157, 135]
15: [111, 93]
16: [111, 93]
17: [111, 93]
18: [111, 93]
19: [111, 93]
20: [111, 93]
21: [103, 111, 93]
22: [103, 111]
23: [103, 111]
24: [103, 111]
25: [103, 111]
26: [103, 111]
27: [147, 157]
28: [157, 135]
29: [111, 93]
30: [73, 59]
31: [73, 59]
32: [73, 59]
33: [73, 59]
34: [73, 59]
35: [67, 73, 59]
36: [67, 73]
37: [67, 73]
38: [67, 73]
39: [67, 73]
40: [103, 111]
41: [147, 157]
42: [157, 135]
43: [111, 93]
44: [73, 59]
45: [43, 33]
46: [43, 33]
47: [43, 33]
48: [43, 33]
49: [39, 43, 33]
50: [39, 43]
51: [39, 43]
52: [39, 43]
53: [67, 73]
54: [103, 111]
55: [147, 157]
56: [157, 135]
57: [111, 93]
58: [73, 59]
59: [43, 33]
60: [21, 15]
61: [21, 15]
62: [21, 15]
63: [19, 21, 15]
64: [19, 21]
65: [19, 21]
66: [39, 43]
67: [67, 73]
68: [103, 111]
69: [147, 157]
70: [157, 135, 169]
71: [111, 93, 121]
72: [73, 59, 81]
73: [43, 33, 49]
74: [21, 15, 25]
75: [3, 8, 9, 5]
76: [3, 8, 9, 5, 6]
77: []
78: [8, 9, 6, 7, 3]
79: [25, 19, 21]
80: [49, 39, 43]
81: [81, 67, 73]
82: [121, 103, 111]
83: [169, 147, 157]
84: [135, 169]
85: [93, 121]
86: [59, 81]
87: [33, 49]
88: [15, 25]
89: [3, 8, 9, 5]
90: [8, 6]
91: [5, 8, 7]
92: [8, 9, 6, 7, 3]
93: [25, 19]
94: [49, 39]
95: [81, 67]
96: [121, 103]
97: [169, 147]
98: [135, 169]
99: [93, 121]
100: [59, 81]
101: [33, 49]
102: [15, 25]
103: [3, 9, 5]
104: [9, 6]
105: [5, 9, 7]
106: [9, 6, 7, 3]
107: [25, 19]
108: [49, 39]
109: [81, 67]
110: [121, 103]
111: [169, 147]
112: [135, 169]
113: [93, 121]
114: [59, 81]
115: [33, 49]
116: [15, 25]
117: [3, 5]
118: [5, 3, 6]
119: [5, 6, 7, 3]
120: [6, 7, 3]
121: [25, 19]
122: [49, 39]
123: [81, 67]
124: [121, 103]
125: [169, 147]
126: [135, 169]
127: [93, 121]
128: [59, 81]
129: [33, 49]
130: [15, 25]
131: [15, 25]
132: [15, 25]
133: [15, 25, 19]
134: [25, 19]
135: [25, 19]
136: [49, 39]
137: [81, 67]
138: [121, 103]
139: [169, 147]
140: [135, 169]
141: [93, 121]
142: [59, 81]
143: [33, 49]
144: [33, 49]
145: [33, 49]
146: [33, 49]
147: [33, 49, 39]
148: [49, 39]
149: [49, 39]
150: [49, 39]
151: [81, 67]
152: [121, 103]
153: [169, 147]
154: [135, 169]
155: [93, 121]
156: [59, 81]
157: [59, 81]
158: [59, 81]
159: [59, 81]
160: [59, 81]
161: [59, 81, 67]
162: [81, 67]
163: [81, 67]
164: [81, 67]
165: [81, 67]
166: [121, 103]
167: [169, 147]
168: [135, 169]
169: [93, 121]
170: [93, 121]
171: [93, 121]
172: [93, 121]
173: [93, 121]
174: [93, 121]
175: [93, 121, 103]
176: [121, 103]
177: [121, 103]
178: [121, 103]
179: [121, 103]
180: [121, 103]
181: [169, 147]
182: [135, 169]
183: [135, 169]
184: [135, 169]
185: [135, 169]
186: [135, 169]
187: [135, 169]
188: [135, 169]
189: [135, 169, 147]
190: [169, 147]
191: [169, 147]
192: [169, 147]
193: [169, 147]
194: [169, 147]
195: [169, 147]
78
0: [157, 136]
1: [157, 136]
2: [157, 136]
3: [157, 136]
4: [157, 136]
5: [157, 136]
6: [157, 136]
7: [157, 136]
8: [148, 157, 136]
9: [148, 157]
10: [148, 157]
11: [148, 157]
12: [148, 157]
13: [148, 157]
14: [157, 136]
15: [111, 94]
16: [111, 94]
17: [111, 94]
18: [111, 94]
19: [111, 94]
20: [111, 94]
21: [111, 94]
22: [104, 111, 94]
23: [104, 111]
24: [104, 111]
25: [104, 111]
26: [104, 111]
27: [148, 157]
28: [157, 136]
29: [111, 94]
30: [73, 60]
31: [73, 60]
32: [73, 60]
33: [73, 60]
34: [73, 60]
35: [73, 60]
36: [68, 73, 60]
37: [68, 73]
38: [68, 73]
39: [68, 73]
40: [104, 111]
41: [148, 157]
42: [157, 136]
43: [111, 94]
44: [73, 60]
45: [43, 34]
46: [43, 34]
47: [43, 34]
48: [43, 34]
49: [43, 34]
50: [40, 43, 34]
51: [40, 43]
52: [40, 43]
53: [68, 73]
54: [104, 111]
55: [148, 157]
56: [157, 136]
57: [111, 94]
58: [73, 60]
59: [43, 34]
60: [21, 16]
61: [21, 16]
62: [21, 16]
63: [21, 16]
64: [20, 21, 16]
65: [20, 21]
66: [40, 43]
67: [68, 73]
68: [104, 111]
69: [148, 157]
70: [157, 136, 169]
71: [111, 94, 121]
72: [73, 60, 81]
73: [43, 34, 49]
74: [21, 16, 25]
75: [3, 8, 9]
76: [3, 8, 9, 6]
77: [3, 8, 7, 9, 6]
78: []
79: [25, 20, 21]
80: [49, 40, 43]
81: [81, 68, 73]
82: [121, 104, 111]
83: [169, 148, 157]
84: [136, 169]
85: [94, 121]
86: [60, 81]
87: [34, 49]
88: [16, 25]
89: [8, 3, 9]
90: [8, 6]
91: [8, 7]
92: [8, 9, 6, 7, 3]
93: [25, 20]
94: [49, 40]
95: [81, 68]
96: [121, 104]
97: [169, 148]
98: [136, 169]
99: [94, 121]
100: [60, 81]
101: [34, 49]
102: [16, 25]
103: [9, 3]
104: [9, 6]
105: [9, 7]
106: [9, 6, 7, 3]
107: [25, 20]
108: [49, 40]
109: [81, 68]
110: [121, 104]
111: [169, 148]
112: [136, 169]
113: [94, 121]
114: [60, 81]
115: [34, 49]
116: [16, 25]
117: [3]
118: [6, 3]
119: [6, 7, 3]
120: [6, 7, 3]
121: [25, 20]
122: [49, 40]
123: [81, 68]
124: [121, 104]
125: [169, 148]
126: [136, 169]
127: [94, 121]
128: [60, 81]
129: [34, 49]
130: [16, 25]
131: [16, 25]
132: [16, 25]
133: [16, 25]
134: [16, 25, 20]
135: [25, 20]
136: [49, 40]
137: [81, 68]
138: [121, 104]
139: [169, 148]
140: [136, 169]
141: [94, 121]
142: [60, 81]
143: [34, 49]
144: [34, 49]
145: [34, 49]
146: [34, 49]
147: [34, 49]
148: [34, 49, 40]
149: [49, 40]
150: [49, 40]
151: [81, 68]
152: [121, 104]
153: [169, 148]
154: [136, 169]
155: [94, 121]
156: [60, 81]
157: [60, 81]
158: [60, 81]
159: [60, 81]
160: [60, 81]
161: [60, 81]
162: [60, 81, 68]
163: [81, 68]
164: [81, 68]
165: [81, 68]
166: [121, 104]
167: [169, 148]
168: [136, 169]
169: [94, 121]
170: [94, 121]
171: [94, 121]
172: [94, 121]
173: [94, 121]
174: [94, 121]
175: [94, 121]
176: [94, 121, 104]
177: [121, 104]
178: [121, 104]
179: [121, 104]
180: [121, 104]
181: [169, 148]
182: [136, 169]
183: [136, 169]
184: [136, 169]
185: [136, 169]
186: [136, 169]
187: [136, 169]
188: [136, 169]
189: [136, 169]
190: [136, 169, 148]
191: [169, 148]
192: [169, 148]
193: [169, 148]
194: [169, 148]
195: [169, 148]
79
0: [157, 137]
1: [157, 137]
2: [157, 137]
3: [157, 137]
4: [157, 137]
5: [157, 137]
6: [157, 137]
7: [157, 137]
8: [157, 137]
9: [149, 157, 137]
10: [149, 157]
11: [149, 157]
12: [149, 157]
13: [149, 157]
14: [157, 137]
15: [111, 95]
16: [111, 95]
17: [111, 95]
18: [111, 95]
19: [111, 95]
20: [111, 95]
21: [111, 95]
22: [111, 95]
23: [105, 111, 95]
24: [105, 111]
25: [105, 111]
26: [105, 111]
27: [149, 157]
28: [157, 137]
29: [111, 95]
30: [73, 61]
31: [73, 61]
32: [73, 61]
33: [73, 61]
34: [73, 61]
35: [73, 61]
36: [73, 61]
37: [69, 73, 61]
38: [69, 73]
39: [69, 73]
40: [105, 111]
41: [149, 157]
42: [157, 137]
43: [111, 95]
44: [73, 61]
45: [43, 35]
46: [43, 35]
47: [43, 35]
48: [43, 35]
49: [43, 35]
50: [43, 35]
51: [41, 43, 35]
52: [41, 43]
53: [69, 73]
54: [105, 111]
55: [149, 157]
56: [157, 137]
57: [111, 95]
58: [73, 61]
59: [43, 35]
60: [12, 21, 22, 23, 24]
61: [12, 21, 22, 23, 24, 17]
62: [12, 21, 22, 18, 23, 24, 17]
63: [12, 21, 19, 22, 18, 23, 24, 17]
64: [12, 20, 21, 19, 22, 18, 23, 24, 17]
65: [12, 20, 21, 19, 22, 18, 23, 24, 17]
66: [41, 43]
67: [69, 73]
68: [105, 111]
69: [149, 157]
70: [157, 137, 169]
71: [111, 95, 121]
72: [73, 61, 81]
73: [43, 35, 49]
74: [21, 12, 22, 23, 24, 25]
75: [21, 17, 25]
76: [21, 18, 25]
77: [21, 19, 25]
78: [21, 20, 25]
79: []
80: [49, 41, 43]
81: [81, 69, 73]
82: [121, 105, 111]
83: [169, 149, 157]
84: [137, 169]
85: [95, 121]
86: [61, 81]
87: [35, 49]
88: [22, 12, 23, 24, 25]
89: [22, 17]
90: [22, 18]
91: [22, 19]
92: [22, 20]
93: [17, 18, 19, 20, 22, 23, 24, 25, 12]
94: [49, 41]
95: [81, 69]
96: [121, 105]
97: [169, 149]
98: [137, 169]
99: [95, 121]
100: [61, 81]
101: [35, 49]
102: [23, 24, 12, 25]
103: [23, 17]
104: [23, 18]
105: [23, 19]
106: [23, 20]
107: [17, 18, 19, 20, 23, 24, 25, 12]
108: [49, 41]
109: [81, 69]
110: [121, 105]
111: [169, 149]
112: [137, 169]
113: [95, 121]
114: [61, 81]
115: [35, 49]
116: [24, 25, 12]
117: [24, 17]
118: [24, 18]
119: [24, 19]
120: [24, 20]
121: [17, 18, 19, 20, 24, 25, 12]
122: [49, 41]
123: [81, 69]
124: [121, 105]
125: [169, 149]
126: [137, 169]
127: [95, 121]
128: [61, 81]
129: [35, 49]
130: [25, 12]
131: [17, 25, 12]
132: [17, 18, 25, 12]
133: [17, 18, 19, 25, 12]
134: [17, 18, 19, 20, 25, 12]
135: [17, 18, 19, 20, 25, 12]
136: [49, 41]
137: [81, 69]
138: [121, 105]
139: [169, 149]
140: [137, 169]
141: [95, 121]
142: [61, 81]
143: [35, 49]
144: [35, 49]
145: [35, 49]
146: [35, 49]
147: [35, 49]
148: [35, 49]
149: [35, 49, 41]
150: [49, 41]
151: [81, 69]
152: [121, 105]
153: [169, 149]
154: [137, 169]
155: [95, 121]
156: [61, 81]
157: [61, 81]
158: [61, 81]
159: [61, 81]
160: [61, 81]
161: [61, 81]
162: [61, 81]
163: [61, 81, 69]
164: [81, 69]
165: [81, 69]
166: [121, 105]
167: [169, 149]
168: [137, 169]
169: [95, 121]
170: [95, 121]
171: [95, 121]
172: [95, 121]
173: [95, 121]
174: [95, 121]
175: [95, 121]
176: [95, 121]
177: [95, 121, 105]
178: [121, 105]
179: [121, 105]
180: [121, 105]
181: [169, 149]
182: [137, 169]
183: [137, 169]
184: [137, 169]
185: [137, 169]
186: [137, 169]
187: [137, 169]
188: [137, 169]
189: [137, 169]
190: [137, 169]
191: [137, 169, 149]
192: [169, 149]
193: [169, 149]
194: [169, 149]
195: [169, 149]
80
0: [157, 138]
1: [157, 138]
2: [157, 138]
3: [157, 138]
4: [157, 138]
5: [157, 138]
6: [157, 138]
7: [157, 138]
8: [157, 138]
9: [157, 138]
10: [150, 157, 138]
11: [150, 157]
12: [150, 157]
13: [150, 157]
14: [157, 138]
15: [111, 96]
16: [111, 96]
17: [111, 96]
18: [111, 96]
19: [111, 96]
20: [111, 96]
21: [111, 96]
22: [111, 96]
23: [111, 96]
24: [106, 111, 96]
25: [106, 111]
26: [106, 111]
27: [150, 157]
28: [157, 138]
29: [111, 96]
30: [73, 62]
31: [73, 62]
32: [73, 62]
33: [73, 62]
34: [73, 62]
35: [73, 62]
36: [73, 62]
37: [73, 62]
38: [70, 73, 62]
39: [70, 73]
40: [106, 111]
41: [150, 157]
42: [157, 138]
43: [111, 96]
44: [73, 62]
45: [43, 29, 44, 45, 46, 47]
46: [29, 43, 44, 45, 46, 36, 47]
47: [29, 43, 44, 45, 37, 46, 36, 47]
48: [29, 43, 44, 45, 38, 37, 46, 36, 47]
49: [29, 43, 44, 39, 45, 38, 37, 46, 36, 47]
50: [29, 40, 43, 44, 39, 45, 38, 37, 46, 36, 47]
51: [29, 41, 40, 43, 44, 39, 45, 38, 37, 46, 36, 47]
52: [29, 41, 40, 43, 44, 39, 45, 38, 37, 46, 36, 47]
53: [70, 73]
54: [106, 111]
55: [150, 157]
56: [157, 138]
57: [111, 96]
58: [73, 62]
59: [43, 44, 29, 45, 46, 47, 48]
60: [36, 48]
61: [37, 48]
62: [38, 48]
63: [39, 48]
64: [40, 48]
65: [41, 48]
66: [29, 41, 40, 43, 44, 39, 45, 38, 37, 46, 48, 36, 47]
67: [70, 73]
68: [106, 111]
69: [150, 157]
70: [157, 138, 169]
71: [111, 96, 121]
72: [73, 62, 81]
73: [43, 44, 45, 29, 46, 47, 48, 49]
74: [43, 36, 49]
75: [43, 37, 49]
76: [43, 38, 49]
77: [43, 39, 49]
78: [43, 40, 49]
79: [43, 41, 49]
80: []
81: [81, 70, 73]
82: [121, 106, 111]
83: [169, 150, 157]
84: [138, 169]
85: [96, 121]
86: [62, 81]
87: [44, 45, 29, 46, 47, 48, 49]
88: [44, 36]
89: [44, 37]
90: [44, 38]
91: [44, 39]
92: [44, 40]
93: [44, 41]
94: [36, 37, 38, 39, 40, 41, 44, 45, 46, 47, 48, 49, 29]
95: [81, 70]
96: [121, 106]
97: [169, 150]
98: [138, 169]
99: [96, 121]
100: [62, 81]
101: [45, 46, 29, 47, 48, 49]
102: [45, 36]
103: [45, 37]
104: [45, 38]
105: [45, 39]
106: [45, 40]
107: [45, 41]
108: [36, 37, 38, 39, 40, 41, 45, 46, 47, 48, 49, 29]
109: [81, 70]
110: [121, 106]
111: [169, 150]
112: [138, 169]
113: [96, 121]
114: [62, 81]
115: [46, 47, 48, 49, 29]
116: [46, 36]
117: [46, 37]
118: [46, 38]
119: [46, 39]
120: [46, 40]
121: [46, 41]
122: [36, 37, 38, 39, 40, 41, 46, 47, 48, 49, 29]
123: [81, 70]
124: [121, 106]
125: [169, 150]
126: [138, 169]
127: [96, 121]
128: [62, 81]
129: [47, 48, 49, 29]
130: [47, 36]
131: [47, 37]
132: [47, 38]
133: [47, 39]
134: [47, 40]
135: [47, 41]
136: [36, 37, 38, 39, 40, 41, 47, 48, 49, 29]
137: [81, 70]
138: [121, 106]
139: [169, 150]
140: [138, 169]
141: [96, 121]
142: [62, 81]
143: [48, 49, 29]
144: [48, 49, 36, 29]
145: [48, 49, 36, 37, 29]
146: [36, 37, 38, 48, 49, 29]
147: [36, 37, 38, 39, 48, 49, 29]
148: [36, 37, 38, 39, 40, 48, 49, 29]
149: [36, 37, 38, 39, 40, 41, 48, 49, 29]
150: [36, 37, 38, 39, 40, 41, 48, 49, 29]
151: [81, 70]
152: [121, 106]
153: [169, 150]
154: [138, 169]
155: [96, 121]
156: [62, 81]
157: [62, 81]
158: [62, 81]
159: [62, 81]
160: [62, 81]
161: [62, 81]
162: [62, 81]
163: [62, 81]
164: [62, 81, 70]
165: [81, 70]
166: [121, 106]
167: [169, 150]
168: [138, 169]
169: [96, 121]
170: [96, 121]
171: [96, 121]
172: [96, 121]
173: [96, 121]
174: [96, 121]
175: [96, 121]
176: [96, 121]
177: [96, 121]
178: [96, 121, 106]
179: [121, 106]
180: [121, 106]
181: [169, 150]
182: [138, 169]
183: [138, 169]
184: [138, 169]
185: [138, 169]
186: [138, 169]
187: [138, 169]
188: [138, 169]
189: [138, 169]
190: [138, 169]
191: [138, 169]
192: [138, 169, 150]
193: [169, 150]
194: [169, 150]
195: [169, 150]
81
0: [157, 139]
1: [157, 139]
2: [157, 139]
3: [157, 139]
4: [157, 139]
5: [157, 139]
6: [157, 139]
7: [157, 139]
8: [157, 139]
9: [157, 139]
10: [157, 139]
11: [151, 157, 139]
12: [151, 157]
13: [151, 157]
14: [157, 139]
15: [111, 97]
16: [111, 97]
17: [111, 97]
18: [111, 97]
19: [111, 97]
20: [111, 97]
21: [111, 97]
22: [111, 97]
23: [111, 97]
24: [111, 97]
25: [107, 111, 97]
26: [107, 111]
27: [151, 157]
28: [157, 139]
29: [111, 97]
30: [73, 54, 74, 75, 76, 77, 78]
31: [54, 73, 74, 75, 76, 77, 78, 63]
32: [54, 73, 74, 75, 76, 64, 77, 78, 63]
33: [54, 73, 74, 75, 65, 76, 64, 77, 78, 63]
34: [54, 73, 74, 66, 75, 65, 76, 64, 77, 78, 63]
35: [54, 73, 74, 67, 66, 75, 65, 76, 64, 77, 78, 63]
36: [54, 73, 68, 74, 67, 66, 75, 65, 76, 64, 77, 78, 63]
37: [54, 69, 73, 68, 74, 67, 66, 75, 65, 76, 64, 77, 78, 63]
38: [54, 70, 69, 73, 68, 74, 67, 66, 75, 65, 76, 64, 77, 78, 63]
39: [54, 70, 69, 73, 68, 74, 67, 66, 75, 65, 76, 64, 77, 78, 63]
40: [107, 111]
41: [151, 157]
42: [157, 139]
43: [111, 97]
44: [73, 74, 54, 75, 76, 77, 78, 79]
45: [63, 79]
46: [64, 79]
47: [65, 79]
48: [66, 79]
49: [67, 79]
50: [68, 79]
51: [69, 79]
52: [70, 79]
53: [54, 70, 69, 73, 68, 74, 67, 66, 75, 65, 76, 64, 77, 79, 78, 63]
54: [107, 111]
55: [151, 157]
56: [157, 139]
57: [111, 97]
58: [73, 74, 75, 54, 76, 77, 78, 80, 79]
59: [63, 80]
60: [64, 80]
61: [65, 80]
62: [66, 80]
63: [67, 80]
64: [68, 80]
65: [69, 80]
66: [70, 80]
67: [54, 70, 69, 73, 68, 74, 67, 66, 75, 65, 76, 64, 80, 77, 79, 78, 63]
68: [107, 111]
69: [151, 157]
70: [157, 139, 169]
71: [111, 97, 121]
72: [73, 74, 75, 76, 54, 77, 78, 80, 81, 79]
73: [73, 63, 81]
74: [73, 64, 81]
75: [73, 65, 81]
76: [73, 66, 81]
77: [73, 67, 81]
78: [73, 68, 81]
79: [73, 69, 81]
80: [73, 70, 81]
81: []
82: [121, 107, 111]
83: [169, 151, 157]
84: [139, 169]
85: [97, 121]
86: [74, 75, 76, 77, 54, 78, 80, 81, 79]
87: [74, 63]
88: [74, 64]
89: [74, 65]
90: [74, 66]
91: [74, 67]
92: [74, 68]
93: [74, 69]
94: [74, 70]
95: [64, 65, 66, 67, 68, 69, 70, 74, 75, 76, 77, 78, 79, 80, 81, 63, 54]
96: [121, 107]
97: [169, 151]
98: [139, 169]
99: [97, 121]
100: [75, 76, 77, 78, 54, 80, 81, 79]
101: [75, 63]
102: [75, 64]
103: [75, 65]
104: [75, 66]
105: [75, 67]
106: [75, 68]
107: [75, 69]
108: [75, 70]
109: [64, 65, 66, 67, 68, 69, 70, 75, 76, 77, 78, 79, 80, 81, 63, 54]
110: [121, 107]
111: [169, 151]
112: [139, 169]
113: [97, 121]
114: [76, 77, 78, 80, 81, 54, 79]
115: [76, 63]
116: [76, 64]
117: [76, 65]
118: [76, 66]
119: [76, 67]
120: [76, 68]
121: [76, 69]
122: [76, 70]
123: [64, 65, 66, 67, 68, 69, 70, 76, 77, 78, 79, 80, 81, 63, 54]
124: [121, 107]
125: [169, 151]
126: [139, 169]
127: [97, 121]
128: [77, 78, 80, 81, 79, 54]
129: [77, 63]
130: [77, 64]
131: [77, 65]
132: [77, 66]
133: [77, 67]
134: [77, 68]
135: [77, 69]
136: [77, 70]
137: [64, 65, 66, 67, 68, 69, 70, 77, 78, 79, 80, 81, 63, 54]
138: [121, 107]
139: [169, 151]
140: [139, 169]
141: [97, 121]
142: [78, 80, 81, 79, 54]
143: [78, 63]
144: [78, 64]
145: [78, 65]
146: [78, 66]
147: [78, 67]
148: [78, 68]
149: [78, 69]
150: [78, 70]
151: [64, 65, 66, 67, 68, 69, 70, 78, 79, 80, 81, 63, 54]
152: [121, 107]
153: [169, 151]
154: [139, 169]
155: [97, 121]
156: [80, 81, 79, 54]
157: [80, 81, 79, 63, 54]
158: [64, 79, 80, 81, 63, 54]
159: [64, 65, 79, 80, 81, 63, 54]
160: [64, 65, 66, 79, 80, 81, 63, 54]
161: [64, 65, 66, 67, 79, 80, 81, 63, 54]
162: [64, 65, 66, 67, 68, 79, 80, 81, 63, 54]
163: [64, 65, 66, 67, 68, 69, 79, 80, 81, 63, 54]
164: [64, 65, 66, 67, 68, 69, 70, 79, 80, 81, 63, 54]
165: [64, 65, 66, 67, 68, 69, 70, 79, 80, 81, 63, 54]
166: [121, 107]
167: [169, 151]
168: [139, 169]
169: [97, 121]
170: [97, 121]
171: [97, 121]
172: [97, 121]
173: [97, 121]
174: [97, 121]
175: [97, 121]
176: [97, 121]
177: [97, 121]
178: [97, 121]
179: [97, 121, 107]
180: [121, 107]
181: [169, 151]
182: [139, 169]
183: [139, 169]
184: [139, 169]
185: [139, 169]
186: [139, 169]
187: [139, 169]
188: [139, 169]
189: [139, 169]
190: [139, 169]
191: [139, 169]
192: [139, 169]
193: [139, 169, 151]
194: [169, 151]
195: [169, 151]
82
0: [157, 140]
1: [157, 140]
2: [157, 140]
3: [157, 140]
4: [157, 140]
5: [157, 140]
6: [157, 140]
7: [157, 140]
8: [157, 140]
9: [157, 140]
10: [157, 140]
11: [157, 140]
12: [152, 157, 140]
13: [152, 157]
14: [157, 140]
15: [111, 87, 112, 113, 114, 115, 116, 117]
16: [87, 111, 112, 113, 114, 115, 116, 98, 117]
17: [87, 111, 112, 113, 114, 115, 99, 116, 98, 117]
18: [87, 111, 112, 113, 114, 115, 100, 99, 116, 98, 117]
19: [87, 111, 112, 113, 114, 101, 115, 100, 99, 116, 98, 117]
20: [87, 111, 112, 113, 102, 114, 101, 115, 100, 99, 116, 98, 117]
21: [87, 111, 112, 103, 113, 102, 114, 101, 115, 100, 99, 116, 98, 117]
22: [87, 104, 111, 112, 103, 113, 102, 114, 101, 115, 100, 99, 116, 98, 117]
23: [87, 105, 104, 111, 112, 103, 113, 102, 114, 101, 115, 100, 99, 116, 98, 117]
24: [87, 106, 105, 104, 111, 112, 103, 113, 102, 114, 101, 115, 100, 99, 116, 98, 117]
25: [87, 107, 106, 105, 104, 111, 112, 103, 113, 102, 114, 101, 115, 100, 99, 116, 98, 117]
26: [87, 107, 106, 105, 104, 111, 112, 103, 113, 102, 114, 101, 115, 100, 99, 116, 98, 117]
27: [152, 157]
28: [157, 140]
29: [111, 112, 87, 113, 114, 115, 116, 117, 118]
30: [98, 118]
31: [99, 118]
32: [100, 118]
33: [101, 118]
34: [102, 118]
35: [103, 118]
36: [104, 118]
37: [105, 118]
38: [106, 118]
39: [107, 118]
40: [87, 107, 106, 105, 104, 111, 112, 103, 113, 102, 114, 101, 115, 100, 99, 116, 98, 117, 118]
41: [152, 157]
42: [157, 140]
43: [111, 112, 113, 87, 114, 115, 116, 117, 118, 119]
44: [98, 119]
45: [99, 119]
46: [100, 119]
47: [101, 119]
48: [102, 119]
49: [103, 119]
50: [104, 119]
51: [105, 119]
52: [106, 119]
53: [107, 119]
54: [87, 107, 106, 105, 104, 111, 112, 103, 113, 102, 114, 101, 115, 100, 99, 116, 119, 98, 117, 118]
55: [152, 157]
56: [157, 140]
57: [111, 112, 113, 114, 87, 115, 116, 117, 120, 118, 119]
58: [98, 120]
59: [99, 120]
60: [100, 120]
61: [101, 120]
62: [102, 120]
63: [103, 120]
64: [104, 120]
65: [105, 120]
66: [106, 120]
67: [107, 120]
68: [87, 107, 106, 105, 104, 111, 112, 103, 113, 102, 114, 101, 120, 115, 100, 99, 116, 119, 98, 117, 118]
69: [152, 157]
70: [157, 140, 169]
71: [111, 112, 113, 114, 115, 87, 116, 117, 120, 121, 118, 119]
72: [111, 98, 121]
73: [111, 99, 121]
74: [111, 100, 121]
75: [111, 101, 121]
76: [111, 102, 121]
77: [111, 103, 121]
78: [111, 104, 121]
79: [111, 105, 121]
80: [111, 106, 121]
81: [111, 107, 121]
82: []
83: [169, 152, 157]
84: [140, 169]
85: [112, 113, 114, 115, 116, 87, 117, 120, 121, 118, 119]
86: [112, 98]
87: [112, 99]
88: [112, 100]
89: [112, 101]
90: [112, 102]
91: [112, 103]
92: [112, 104]
93: [112, 105]
94: [112, 106]
95: [112, 107]
96: [98, 99, 100, 101, 102, 103, 104, 105, 106, 107, 112, 113, 114, 115, 116, 117, 118, 119, 120, 121, 87]
97: [169, 152]
98: [140, 169]
99: [113, 114, 115, 116, 117, 87, 120, 121, 118, 119]
100: [113, 98]
101: [113, 99]
102: [113, 100]
103: [113, 101]
104: [113, 102]
105: [113, 103]
106: [113, 104]
107: [113, 105]
108: [113, 106]
109: [113, 107]
110: [98, 99, 100, 101, 102, 103, 104, 105, 106, 107, 113, 114, 115, 116, 117, 118, 119, 120, 121, 87]
111: [169, 152]
112: [140, 169]
113: [114, 115, 116, 117, 118, 119, 120, 121, 87]
114: [114, 98]
115: [114, 99]
116: [114, 100]
117: [114, 101]
118: [114, 102]
119: [114, 103]
120: [114, 104]
121: [114, 105]
122: [114, 106]
123: [114, 107]
124: [98, 99, 100, 101, 102, 103, 104, 105, 106, 107, 114, 115, 116, 117, 118, 119, 120, 121, 87]
125: [169, 152]
126: [140, 169]
127: [115, 116, 117, 120, 121, 118, 119, 87]
128: [115, 98]
129: [115, 99]
130: [115, 100]
131: [115, 101]
132: [115, 102]
133: [115, 103]
134: [115, 104]
135: [115, 105]
136: [115, 106]
137: [115, 107]
138: [98, 99, 100, 101, 102, 103, 104, 105, 106, 107, 115, 116, 117, 118, 119, 120, 121, 87]
139: [169, 152]
140: [140, 169]
141: [116, 117, 120, 121, 118, 119, 87]
142: [116, 98]
143: [116, 99]
144: [116, 100]
145: [116, 101]
146: [116, 102]
147: [116, 103]
148: [116, 104]
149: [116, 105]
150: [116, 106]
151: [116, 107]
152: [98, 99, 100, 101, 102, 103, 104, 105, 106, 107, 116, 117, 118, 119, 120, 121, 87]
153: [169, 152]
154: [140, 169]
155: [117, 120, 121, 118, 119, 87]
156: [117, 98]
157: [117, 99]
158: [117, 100]
159: [117, 101]
160: [117, 102]
161: [117, 103]
162: [117, 104]
163: [117, 105]
164: [117, 106]
165: [117, 107]
166: [98, 99, 100, 101, 102, 103, 104, 105, 106, 107, 117, 118, 119, 120, 121, 87]
167: [169, 152]
168: [140, 169]
169: [120, 121, 118, 119, 87]
170: [98, 118, 119, 120, 121, 87]
171: [98, 99, 118, 119, 120, 121, 87]
172: [98, 99, 100, 118, 119, 120, 121, 87]
173: [98, 99, 100, 101, 118, 119, 120, 121, 87]
174: [98, 99, 100, 101, 102, 118, 119, 120, 121, 87]
175: [98, 99, 100, 101, 102, 103, 118, 119, 120, 121, 87]
176: [98, 99, 100, 101, 102, 103, 104, 118, 119, 120, 121, 87]
177: [98, 99, 100, 101, 102, 103, 104, 105, 118, 119, 120, 121, 87]
178: [98, 99, 100, 101, 102, 103, 104, 105, 106, 118, 119, 120, 121, 87]
179: [98, 99, 100, 101, 102, 103, 104, 105, 106, 107, 118, 119, 120, 121, 87]
180: [98, 99, 100, 101, 102, 103, 104, 105, 106, 107, 118, 119, 120, 121, 87]
181: [169, 152]
182: [140, 169]
183: [140, 169]
184: [140, 169]
185: [140, 169]
186: [140, 169]
187: [140, 169]
188: [140, 169]
189: [140, 169]
190: [140, 169]
191: [140, 169]
192: [140, 169]
193: [140, 169]
194: [140, 169, 152]
195: [169, 152]
83
0: [128, 157, 158, 159, 160, 161, 162, 163, 164]
1: [128, 157, 158, 159, 160, 161, 162, 163, 164, 141]
2: [128, 157, 158, 159, 160, 161, 162, 163, 142, 164, 141]
3: [128, 157, 158, 159, 160, 161, 162, 143, 163, 142, 164, 141]
4: [128, 157, 158, 159, 160, 144, 161, 162, 143, 163, 142, 164, 141]
5: [128, 157, 158, 159, 160, 145, 144, 161, 162, 143, 163, 142, 164, 141]
6: [128, 157, 158, 146, 159, 160, 145, 144, 161, 162, 143, 163, 142, 164, 141]
7: [128, 157, 147, 158, 146, 159, 160, 145, 144, 161, 162, 143, 163, 142, 164, 141]
8: [128, 148, 157, 147, 158, 146, 159, 160, 145, 144, 161, 162, 143, 163, 142, 164, 141]
9: [128, 149, 148, 157, 147, 158, 146, 159, 160, 145, 144, 161, 162, 143, 163, 142, 164, 141]
10: [128, 150, 149, 148, 157, 147, 158, 146, 159, 160, 145, 144, 161, 162, 143, 163, 142, 164, 141]
11: [128, 151, 150, 149, 148, 157, 147, 158, 146, 159, 160, 145, 144, 161, 162, 143, 163, 142, 164, 141]
12: [128, 152, 151, 150, 149, 148, 157, 147, 158, 146, 159, 160, 145, 144, 161, 162, 143, 163, 142, 164, 141]
13: [128, 152, 151, 150, 149, 148, 157, 147, 158, 146, 159, 160, 145, 144, 161, 162, 143, 163, 142, 164, 141]
14: [157, 128, 158, 159, 160, 161, 162, 163, 164, 165]
15: [141, 165]
16: [142, 165]
17: [143, 165]
18: [144, 165]
19: [145, 165]
20: [146, 165]
21: [147, 165]
22: [148, 165]
23: [149, 165]
24: [150, 165]
25: [151, 165]
26: [152, 165]
27: [128, 152, 151, 150, 149, 148, 157, 147, 158, 146, 159, 160, 145, 144, 161, 162, 143, 163, 142, 164, 141, 165]
28: [157, 158, 128, 159, 160, 161, 162, 163, 164, 165, 166]
29: [141, 166]
30: [142, 166]
31: [143, 166]
32: [144, 166]
33: [145, 166]
34: [146, 166]
35: [147, 166]
36: [148, 166]
37: [149, 166]
38: [150, 166]
39: [151, 166]
40: [152, 166]
41: [128, 152, 151, 150, 149, 148, 157, 147, 158, 146, 159, 160, 145, 144, 161, 162, 143, 163, 166, 142, 164, 141, 165]
42: [157, 158, 159, 128, 160, 161, 162, 163, 164, 165, 166, 167]
43: [141, 167]
44: [142, 167]
45: [143, 167]
46: [144, 167]
47: [145, 167]
48: [146, 167]
49: [147, 167]
50: [148, 167]
51: [149, 167]
52: [150, 167]
53: [151, 167]
54: [152, 167]
55: [128, 152, 151, 150, 149, 148, 157, 147, 158, 146, 159, 160, 145, 144, 161, 167, 162, 143, 163, 166, 142, 164, 141, 165]
56: [157, 158, 159, 160, 128, 161, 162, 163, 164, 168, 165, 166, 167]
57: [141, 168]
58: [142, 168]
59: [143, 168]
60: [144, 168]
61: [145, 168]
62: [146, 168]
63: [147, 168]
64: [148, 168]
65: [149, 168]
66: [150, 168]
67: [151, 168]
68: [152, 168]
69: [128, 152, 151, 150, 149, 148, 157, 147, 158, 146, 159, 160, 145, 144, 161, 168, 167, 162, 143, 163, 166, 142, 164, 141, 165]
70: [157, 158, 159, 160, 161, 128, 162, 163, 164, 165, 166, 167, 168, 169]
71: [157, 141, 169]
72: [157, 142, 169]
73: [157, 143, 169]
74: [157, 144, 169]
75: [157, 145, 169]
76: [157, 146, 169]
77: [157, 147, 169]
78: [157, 148, 169]
79: [157, 149, 169]
80: [157, 150, 169]
81: [157, 151, 169]
82: [157, 152, 169]
83: []
84: [158, 159, 160, 161, 162, 128, 163, 164, 165, 166, 167, 168, 169]
85: [158, 141]
86: [158, 142]
87: [158, 143]
88: [158, 144]
89: [158, 145]
90: [158, 146]
91: [158, 147]
92: [158, 148]
93: [158, 149]
94: [158, 150]
95: [158, 151]
96: [158, 152]
97: [141, 142, 143, 144, 145, 146, 147, 148, 149, 150, 151, 152, 158, 159, 160, 161, 162, 163, 164, 165, 166, 167, 168, 169, 128]
98: [159, 160, 161, 162, 163, 128, 164, 165, 166, 167, 168, 169]
99: [159, 141]
100: [159, 142]
101: [159, 143]
102: [159, 144]
103: [159, 145]
104: [159, 146]
105: [159, 147]
106: [159, 148]
107: [159, 149]
108: [159, 150]
109: [159, 151]
110: [159, 152]
111: [141, 142, 143, 144, 145, 146, 147, 148, 149, 150, 151, 152, 159, 160, 161, 162, 163, 164, 165, 166, 167, 168, 169, 128]
112: [160, 161, 162, 163, 164, 128, 165, 166, 167, 168, 169]
113: [160, 141]
114: [160, 142]
115: [160, 143]
116: [160, 144]
117: [160, 145]
118: [160, 146]
119: [160, 147]
120: [160, 148]
121: [160, 149]
122: [160, 150]
123: [160, 151]
124: [160, 152]
125: [141, 142, 143, 144, 145, 146, 147, 148, 149, 150, 151, 152, 160, 161, 162, 163, 164, 165, 166, 167, 168, 169, 128]
126: [161, 162, 163, 164, 165, 166, 167, 168, 169, 128]
127: [161, 141]
128: [161, 142]
129: [161, 143]
130: [161, 144]
131: [161, 145]
132: [161, 146]
133: [161, 147]
134: [161, 148]
135: [161, 149]
136: [161, 150]
137: [161, 151]
138: [161, 152]
139: [141, 142, 143, 144, 145, 146, 147, 148, 149, 150, 151, 152, 161, 162, 163, 164, 165, 166, 167, 168, 169, 128]
140: [162, 163, 164, 165, 166, 167, 168, 169, 128]
141: [162, 141]
142: [162, 142]
143: [162, 143]
144: [162, 144]
145: [162, 145]
146: [162, 146]
147: [162, 147]
148: [162, 148]
149: [162, 149]
150: [162, 150]
151: [162, 151]
152: [162, 152]
153: [141, 142, 143, 144, 145, 146, 147, 148, 149, 150, 151, 152, 162, 163, 164, 165, 166, 167, 168, 169, 128]
154: [163, 164, 165, 166, 167, 168, 169, 128]
155: [163, 141]
156: [163, 142]
157: [163, 143]
158: [163, 144]
159: [163, 145]
160: [163, 146]
161: [163, 147]
162: [163, 148]
163: [163, 149]
164: [163, 150]
165: [163, 151]
166: [163, 152]
167: [141, 142, 143, 144, 145, 146, 147, 148, 149, 150, 151, 152, 163, 164, 165, 166, 167, 168, 169, 128]
168: [164, 165, 166, 167, 168, 169, 128]
169: [164, 141]
170: [164, 142]
171: [164, 143]
172: [164, 144]
173: [164, 145]
174: [164, 146]
175: [164, 147]
176: [164, 148]
177: [164, 149]
178: [164, 150]
179: [164, 151]
180: [164, 152]
181: [164, 165, 166, 167, 168, 169, 141, 142, 143, 144, 145, 146, 147, 148, 149, 150, 151, 152, 128]
182: [165, 166, 167, 168, 169, 128]
183: [165, 166, 167, 168, 169, 141, 128]
184: [165, 166, 167, 168, 169, 141, 142, 128]
185: [165, 166, 167, 168, 169, 141, 142, 143, 128]
186: [165, 166, 167, 168, 169, 141, 142, 143, 144, 128]
187: [165, 166, 167, 168, 169, 141, 142, 143, 144, 145, 128]
188: [165, 166, 167, 168, 169, 141, 142, 143, 144, 145, 146, 128]
189: [165, 166, 167, 168, 169, 141, 142, 143, 144, 145, 146, 147, 128]
190: [165, 166, 167, 168, 169, 141, 142, 143, 144, 145, 146, 147, 148, 128]
191: [165, 166, 167, 168, 169, 141, 142, 143, 144, 145, 146, 147, 148, 149, 128]
192: [165, 166, 167, 168, 169, 141, 142, 143, 144, 145, 146, 147, 148, 149, 150, 128]
193: [165, 166, 167, 168, 169, 141, 142, 143, 144, 145, 146, 147, 148, 149, 150, 151, 128]
194: [165, 166, 167, 168, 169, 141, 142, 143, 144, 145, 146, 147, 148, 149, 150, 151, 152, 128]
195: [165, 166, 167, 168, 169, 141, 142, 143, 144, 145, 146, 147, 148, 149, 150, 151, 152, 128]
84
0: [129, 130, 131, 132, 133, 134, 135, 136, 137, 138, 139, 140, 158, 159, 160, 161, 162, 163, 164, 128]
1: [129, 130, 131, 132, 133, 134, 135, 136, 137, 138, 139, 140, 158, 159, 160, 161, 162, 163, 164, 128]
2: [160, 161, 130, 131, 132, 133, 134, 135, 136, 137, 138, 139, 140, 164, 162, 163, 158, 159, 128]
3: [160, 161, 162, 131, 132, 133, 134, 135, 136, 137, 138, 139, 140, 164, 163, 158, 159, 128]
4: [160, 161, 162, 163, 132, 133, 134, 135, 136, 137, 138, 139, 140, 164, 158, 159, 128]
5: [160, 161, 162, 163, 164, 133, 134, 135, 136, 137, 138, 139, 140, 158, 159, 128]
6: [160, 161, 162, 163, 164, 134, 135, 136, 137, 138, 139, 140, 158, 159, 128]
7: [160, 161, 162, 163, 164, 135, 136, 137, 138, 139, 140, 158, 159, 128]
8: [160, 161, 162, 163, 164, 136, 137, 138, 139, 140, 158, 159, 128]
9: [160, 161, 162, 163, 164, 137, 138, 139, 140, 158, 159, 128]
10: [160, 161, 162, 163, 164, 138, 139, 140, 158, 159, 128]
11: [160, 161, 162, 163, 164, 139, 140, 158, 159, 128]
12: [160, 161, 162, 163, 164, 140, 158, 159, 128]
13: [160, 161, 162, 163, 164, 158, 159, 128]
14: [129, 130, 131, 132, 133, 134, 135, 136, 137, 138, 139, 140, 158, 159, 160, 161, 162, 163, 164, 165, 128]
15: [165, 129]
16: [165, 130]
17: [165, 131]
18: [165, 132]
19: [165, 133]
20: [165, 134]
21: [165, 135]
22: [165, 136]
23: [165, 137]
24: [165, 138]
25: [165, 139]
26: [165, 140]
27: [165, 160, 161, 162, 163, 164, 158, 159, 128]
28: [129, 130, 131, 132, 133, 134, 135, 136, 137, 138, 139, 140, 158, 159, 160, 161, 162, 163, 164, 165, 166, 128]
29: [166, 129]
30: [166, 130]
31: [166, 131]
32: [166, 132]
33: [166, 133]
34: [166, 134]
35: [166, 135]
36: [166, 136]
37: [166, 137]
38: [166, 138]
39: [166, 139]
40: [166, 140]
41: [166, 165, 160, 161, 162, 163, 164, 158, 159, 128]
42: [129, 130, 131, 132, 133, 134, 135, 136, 137, 138, 139, 140, 158, 159, 160, 161, 162, 163, 164, 165, 166, 167, 128]
43: [167, 129]
44: [167, 130]
45: [167, 131]
46: [167, 132]
47: [167, 133]
48: [167, 134]
49: [167, 135]
50: [167, 136]
51: [167, 137]
52: [167, 138]
53: [167, 139]
54: [167, 140]
55: [167, 166, 165, 160, 161, 162, 163, 164, 158, 159, 128]
56: [129, 130, 131, 132, 133, 134, 135, 136, 137, 138, 139, 140, 158, 159, 160, 161, 162, 163, 164, 165, 166, 167, 168, 128]
57: [168, 129]
58: [168, 130]
59: [168, 131]
60: [168, 132]
61: [168, 133]
62: [168, 134]
63: [168, 135]
64: [168, 136]
65: [168, 137]
66: [168, 138]
67: [168, 139]
68: [168, 140]
69: [168, 167, 166, 165, 160, 161, 162, 163, 164, 158, 159, 128]
70: [129, 130, 131, 132, 133, 134, 135, 136, 137, 138, 139, 140, 158, 159, 160, 161, 162, 163, 164, 165, 166, 167, 168, 169, 128]
71: [169, 129]
72: [169, 130]
73: [169, 131]
74: [169, 132]
75: [169, 133]
76: [169, 134]
77: [169, 135]
78: [169, 136]
79: [169, 137]
80: [169, 138]
81: [169, 139]
82: [169, 140]
83: [169, 168, 167, 166, 165, 160, 161, 162, 163, 164, 158, 159, 128]
84: []
85: [170, 129, 158]
86: [170, 130, 158]
87: [170, 131, 158]
88: [170, 132, 158]
89: [170, 133, 158]
90: [170, 134, 158]
91: [170, 135, 158]
92: [170, 136, 158]
93: [170, 137, 158]
94: [170, 138, 158]
95: [170, 139, 158]
96: [170, 140, 158]
97: [170, 169, 168, 167, 166, 165, 160, 161, 162, 163, 164, 158, 159, 128]
98: [128, 129, 130, 131, 132, 133, 134, 159, 170, 135, 136, 169, 160, 168, 137, 161, 162, 138, 167, 139, 163, 166, 164, 140, 165]
99: [129, 159]
100: [130, 159]
101: [131, 159]
102: [132, 159]
103: [133, 159]
104: [134, 159]
105: [135, 159]
106: [136, 159]
107: [137, 159]
108: [138, 159]
109: [139, 159]
110: [140, 159]
111: [170, 169, 168, 167, 166, 165, 128, 161, 162, 160, 163, 164, 159]
112: [128, 129, 130, 131, 132, 133, 134, 170, 135, 136, 169, 160, 168, 137, 161, 162, 138, 167, 139, 163, 166, 164, 140, 165]
113: [129, 160]
114: [130, 160]
115: [131, 160]
116: [132, 160]
117: [133, 160]
118: [134, 160]
119: [135, 160]
120: [136, 160]
121: [137, 160]
122: [138, 160]
123: [139, 160]
124: [140, 160]
125: [170, 169, 168, 167, 166, 128, 165, 160, 161, 162, 163, 164]
126: [128, 129, 130, 131, 132, 133, 134, 170, 135, 136, 169, 168, 137, 161, 162, 138, 167, 139, 163, 166, 164, 140, 165]
127: [129, 161]
128: [130, 161]
129: [131, 161]
130: [132, 161]
131: [133, 161]
132: [134, 161]
133: [135, 161]
134: [136, 161]
135: [137, 161]
136: [138, 161]
137: [139, 161]
138: [140, 161]
139: [170, 169, 168, 167, 128, 166, 165, 161, 162, 163, 164]
140: [128, 129, 130, 131, 132, 133, 134, 170, 135, 136, 169, 168, 137, 162, 138, 167, 139, 163, 166, 164, 140, 165]
141: [129, 162]
142: [130, 162]
143: [131, 162]
144: [132, 162]
145: [133, 162]
146: [134, 162]
147: [135, 162]
148: [136, 162]
149: [137, 162]
150: [138, 162]
151: [139, 162]
152: [140, 162]
153: [170, 169, 168, 128, 167, 166, 165, 162, 163, 164]
154: [128, 129, 130, 131, 132, 133, 134, 170, 135, 136, 169, 168, 137, 138, 167, 139, 163, 166, 164, 140, 165]
155: [129, 163]
156: [130, 163]
157: [131, 163]
158: [132, 163]
159: [133, 163]
160: [134, 163]
161: [135, 163]
162: [136, 163]
163: [137, 163]
164: [138, 163]
165: [139, 163]
166: [140, 163]
167: [170, 169, 128, 168, 167, 166, 165, 163, 164]
168: [128, 129, 130, 131, 132, 133, 134, 170, 135, 136, 169, 168, 137, 138, 167, 139, 166, 164, 140, 165]
169: [129, 164]
170: [130, 164]
171: [131, 164]
172: [132, 164]
173: [133, 164]
174: [134, 164]
175: [135, 164]
176: [136, 164]
177: [137, 164]
178: [138, 164]
179: [139, 164]
180: [140, 164]
181: [170, 128, 169, 168, 167, 166, 165, 164]
182: [128, 129, 130, 131, 132, 133, 134, 170, 135, 136, 169, 168, 137, 138, 167, 139, 166, 140, 165]
183: [128, 129, 130, 131, 132, 133, 134, 170, 135, 136, 169, 168, 137, 138, 167, 139, 166, 140, 165]
184: [128, 130, 131, 132, 133, 134, 170, 135, 136, 169, 168, 137, 138, 167, 139, 166, 140, 165]
185: [128, 131, 132, 133, 134, 170, 135, 136, 169, 168, 137, 138, 167, 139, 166, 140, 165]
186: [128, 132, 133, 134, 170, 135, 136, 169, 168, 137, 138, 167, 139, 166, 140, 165]
187: [128, 133, 134, 170, 135, 136, 169, 168, 137, 138, 167, 139, 166, 140, 165]
188: [128, 134, 170, 135, 136, 169, 168, 137, 138, 167, 139, 166, 140, 165]
189: [128, 170, 135, 136, 169, 168, 137, 138, 167, 139, 166, 140, 165]
190: [128, 170, 136, 169, 168, 137, 138, 167, 139, 166, 140, 165]
191: [128, 170, 169, 168, 137, 138, 167, 139, 166, 140, 165]
192: [128, 170, 169, 168, 138, 167, 139, 166, 140, 165]
193: [128, 170, 169, 168, 167, 139, 166, 140, 165]
194: [128, 170, 169, 168, 167, 166, 140, 165]
195: [128, 170, 169, 168, 167, 166, 165]
85
0: [158, 129]
1: [141, 158, 129]
2: [141, 158]
3: [141, 158]
4: [141, 158]
5: [141, 158]
6: [141, 158]
7: [141, 158]
8: [141, 158]
9: [141, 158]
10: [141, 158]
11: [141, 158]
12: [141, 158]
13: [141, 158]
14: [158, 129]
15: [96, 97, 112, 113, 114, 115, 116, 117, 88, 89, 90, 91, 92, 93, 94, 95, 87]
16: [96, 97, 112, 113, 114, 115, 116, 117, 88, 89, 90, 91, 92, 93, 94, 95, 87]
17: [96, 97, 112, 113, 114, 115, 116, 117, 89, 90, 91, 92, 93, 94, 95, 87]
18: [96, 97, 112, 113, 114, 115, 116, 117, 90, 91, 92, 93, 94, 95, 87]
19: [96, 97, 112, 113, 114, 115, 116, 117, 91, 92, 93, 94, 95, 87]
20: [96, 97, 112, 113, 114, 115, 116, 117, 92, 93, 94, 95, 87]
21: [96, 97, 112, 113, 114, 115, 116, 117, 93, 94, 95, 87]
22: [96, 97, 112, 113, 114, 115, 116, 117, 94, 95, 87]
23: [96, 97, 112, 113, 114, 115, 116, 117, 95, 87]
24: [96, 97, 112, 113, 114, 115, 116, 117, 87]
25: [97, 112, 113, 114, 115, 116, 117, 87]
26: [112, 113, 114, 115, 116, 117, 87]
27: [141, 158]
28: [158, 129]
29: [96, 97, 112, 113, 114, 115, 116, 117, 118, 88, 89, 90, 91, 92, 93, 94, 95, 87]
30: [118, 88]
31: [118, 89]
32: [118, 90]
33: [118, 91]
34: [118, 92]
35: [118, 93]
36: [118, 94]
37: [118, 95]
38: [118, 96]
39: [118, 97]
40: [118, 112, 113, 114, 115, 116, 117, 87]
41: [141, 158]
42: [158, 129]
43: [96, 97, 112, 113, 114, 115, 116, 117, 118, 119, 88, 89, 90, 91, 92, 93, 94, 95, 87]
44: [119, 88]
45: [119, 89]
46: [119, 90]
47: [119, 91]
48: [119, 92]
49: [119, 93]
50: [119, 94]
51: [119, 95]
52: [119, 96]
53: [119, 97]
54: [119, 118, 112, 113, 114, 115, 116, 117, 87]
55: [141, 158]
56: [158, 129]
57: [88, 89, 90, 91, 92, 93, 94, 95, 96, 97, 112, 113, 114, 115, 116, 117, 118, 119, 120, 87]
58: [120, 88]
59: [120, 89]
60: [120, 90]
61: [120, 91]
62: [120, 92]
63: [120, 93]
64: [120, 94]
65: [120, 95]
66: [120, 96]
67: [120, 97]
68: [120, 119, 118, 112, 113, 114, 115, 116, 117, 87]
69: [141, 158]
70: [158, 129]
71: [88, 89, 90, 91, 92, 93, 94, 95, 96, 97, 112, 113, 114, 115, 116, 117, 118, 119, 120, 121, 87]
72: [121, 88]
73: [121, 89]
74: [121, 90]
75: [121, 91]
76: [121, 92]
77: [121, 93]
78: [121, 94]
79: [121, 95]
80: [121, 96]
81: [121, 97]
82: [121, 120, 119, 118, 112, 113, 114, 115, 116, 117, 87]
83: [141, 158]
84: [158, 129, 170]
85: []
86: [122, 88, 112]
87: [122, 89, 112]
88: [122, 90, 112]
89: [122, 91, 112]
90: [122, 92, 112]
91: [122, 93, 112]
92: [122, 94, 112]
93: [122, 95, 112]
94: [122, 96, 112]
95: [122, 97, 112]
96: [122, 121, 120, 119, 118, 112, 113, 114, 115, 116, 117, 87]
97: [170, 141, 158]
98: [129, 170]
99: [87, 88, 89, 90, 91, 92, 113, 122, 93, 121, 114, 94, 120, 115, 95, 96, 116, 119, 97, 117, 118]
100: [88, 113]
101: [89, 113]
102: [90, 113]
103: [91, 113]
104: [92, 113]
105: [93, 113]
106: [94, 113]
107: [95, 113]
108: [96, 113]
109: [97, 113]
110: [122, 121, 120, 119, 118, 113, 114, 115, 116, 117, 87]
111: [170, 141]
112: [129, 170]
113: [87, 88, 89, 90, 91, 92, 122, 93, 121, 114, 94, 120, 115, 95, 96, 116, 119, 97, 117, 118]
114: [88, 114]
115: [89, 114]
116: [90, 114]
117: [91, 114]
118: [92, 114]
119: [93, 114]
120: [94, 114]
121: [95, 114]
122: [96, 114]
123: [97, 114]
124: [122, 121, 120, 119, 118, 87, 114, 115, 116, 117]
125: [170, 141]
126: [129, 170]
127: [87, 88, 89, 90, 91, 92, 122, 93, 121, 94, 120, 115, 95, 96, 116, 119, 97, 117, 118]
128: [88, 115]
129: [89, 115]
130: [90, 115]
131: [91, 115]
132: [92, 115]
133: [93, 115]
134: [94, 115]
135: [95, 115]
136: [96, 115]
137: [97, 115]
138: [122, 121, 120, 119, 87, 118, 115, 116, 117]
139: [170, 141]
140: [129, 170]
141: [87, 88, 89, 90, 91, 92, 122, 93, 121, 94, 120, 95, 96, 116, 119, 97, 117, 118]
142: [88, 116]
143: [89, 116]
144: [90, 116]
145: [91, 116]
146: [92, 116]
147: [93, 116]
148: [94, 116]
149: [95, 116]
150: [96, 116]
151: [97, 116]
152: [122, 121, 120, 87, 119, 118, 116, 117]
153: [170, 141]
154: [129, 170]
155: [87, 88, 89, 90, 91, 92, 122, 93, 121, 94, 120, 95, 96, 119, 97, 117, 118]
156: [88, 117]
157: [89, 117]
158: [90, 117]
159: [91, 117]
160: [92, 117]
161: [93, 117]
162: [94, 117]
163: [95, 117]
164: [96, 117]
165: [97, 117]
166: [122, 121, 87, 120, 119, 118, 117]
167: [170, 141]
168: [129, 170]
169: [87, 88, 89, 90, 91, 92, 122, 93, 121, 94, 120, 95, 96, 119, 97, 118]
170: [87, 88, 89, 90, 91, 92, 122, 93, 121, 94, 120, 95, 96, 119, 97, 118]
171: [87, 89, 90, 91, 92, 122, 93, 121, 94, 120, 95, 96, 119, 97, 118]
172: [87, 90, 91, 92, 122, 93, 121, 94, 120, 95, 96, 119, 97, 118]
173: [87, 91, 92, 122, 93, 121, 94, 120, 95, 96, 119, 97, 118]
174: [87, 92, 122, 93, 121, 94, 120, 95, 96, 119, 97, 118]
175: [87, 122, 93, 121, 94, 120, 95, 96, 119, 97, 118]
176: [87, 122, 121, 94, 120, 95, 96, 119, 97, 118]
177: [87, 122, 121, 120, 95, 96, 119, 97, 118]
178: [87, 122, 121, 120, 96, 119, 97, 118]
179: [87, 122, 121, 120, 119, 97, 118]
180: [122, 87, 121, 120, 119, 118]
181: [170, 141]
182: [129, 170]
183: [129, 170, 141]
184: [170, 141]
185: [170, 141]
186: [170, 141]
187: [170, 141]
188: [170, 141]
189: [170, 141]
190: [170, 141]
191: [170, 141]
192: [170, 141]
193: [170, 141]
194: [170, 141]
195: [170, 141]
86
0: [158, 130]
1: [158, 130]
2: [142, 158, 130]
3: [142, 158]
4: [142, 158]
5: [142, 158]
6: [142, 158]
7: [142, 158]
8: [142, 158]
9: [142, 158]
10: [142, 158]
11: [142, 158]
12: [142, 158]
13: [142, 158]
14: [158, 130]
15: [112, 88]
16: [98, 112, 88]
17: [98, 112]
18: [98, 112]
19: [98, 112]
20: [98, 112]
21: [98, 112]
22: [98, 112]
23: [98, 112]
24: [98, 112]
25: [98, 112]
26: [98, 112]
27: [142, 158]
28: [158, 130]
29: [112, 88]
30: [74, 75, 76, 77, 78, 55, 56, 57, 58, 59, 60, 61, 62, 54]
31: [74, 75, 76, 77, 78, 55, 56, 57, 58, 59, 60, 61, 62, 54]
32: [74, 75, 76, 77, 78, 56, 57, 58, 59, 60, 61, 62, 54]
33: [74, 75, 76, 77, 78, 57, 58, 59, 60, 61, 62, 54]
34: [74, 75, 76, 77, 78, 58, 59, 60, 61, 62, 54]
35: [74, 75, 76, 77, 78, 59, 60, 61, 62, 54]
36: [74, 75, 76, 77, 78, 60, 61, 62, 54]
37: [74, 75, 76, 77, 78, 61, 62, 54]
38: [74, 75, 76, 77, 78, 62, 54]
39: [74, 75, 76, 77, 78, 54]
40: [98, 112]
41: [142, 158]
42: [158, 130]
43: [112, 88]
44: [74, 75, 76, 77, 78, 79, 55, 56, 57, 58, 59, 60, 61, 62, 54]
45: [79, 55]
46: [79, 56]
47: [79, 57]
48: [79, 58]
49: [79, 59]
50: [79, 60]
51: [79, 61]
52: [79, 62]
53: [79, 74, 75, 76, 77, 78, 54]
54: [98, 112]
55: [142, 158]
56: [158, 130]
57: [112, 88]
58: [74, 75, 76, 77, 78, 79, 80, 55, 56, 57, 58, 59, 60, 61, 62, 54]
59: [80, 55]
60: [80, 56]
61: [80, 57]
62: [80, 58]
63: [80, 59]
64: [80, 60]
65: [80, 61]
66: [80, 62]
67: [80, 79, 74, 75, 76, 77, 78, 54]
68: [98, 112]
69: [142, 158]
70: [158, 130]
71: [112, 88]
72: [74, 75, 76, 77, 78, 79, 80, 81, 55, 56, 57, 58, 59, 60, 61, 62, 54]
73: [81, 55]
74: [81, 56]
75: [81, 57]
76: [81, 58]
77: [81, 59]
78: [81, 60]
79: [81, 61]
80: [81, 62]
81: [81, 80, 79, 74, 75, 76, 77, 78, 54]
82: [98, 112]
83: [142, 158]
84: [158, 130, 170]
85: [112, 88, 122]
86: []
87: [82, 55, 74]
88: [82, 56, 74]
89: [82, 57, 74]
90: [82, 58, 74]
91: [82, 59, 74]
92: [82, 60, 74]
93: [82, 61, 74]
94: [82, 62, 74]
95: [82, 81, 80, 79, 74, 75, 76, 77, 78, 54]
96: [122, 98, 112]
97: [170, 142, 158]
98: [130, 170]
99: [88, 122]
100: [54, 55, 56, 57, 58, 75, 59, 82, 81, 60, 76, 80, 77, 61, 78, 62, 79]
101: [55, 75]
102: [56, 75]
103: [57, 75]
104: [58, 75]
105: [59, 75]
106: [60, 75]
107: [61, 75]
108: [62, 75]
109: [82, 81, 80, 79, 75, 76, 77, 78, 54]
110: [122, 98]
111: [170, 142]
112: [130, 170]
113: [88, 122]
114: [54, 55, 56, 57, 58, 82, 59, 81, 60, 76, 80, 77, 61, 78, 62, 79]
115: [55, 76]
116: [56, 76]
117: [57, 76]
118: [58, 76]
119: [59, 76]
120: [60, 76]
121: [61, 76]
122: [62, 76]
123: [82, 81, 80, 54, 79, 76, 77, 78]
124: [122, 98]
125: [170, 142]
126: [130, 170]
127: [88, 122]
128: [54, 55, 56, 57, 58, 82, 59, 81, 60, 80, 77, 61, 78, 62, 79]
129: [55, 77]
130: [56, 77]
131: [57, 77]
132: [58, 77]
133: [59, 77]
134: [60, 77]
135: [61, 77]
136: [62, 77]
137: [82, 81, 80, 54, 79, 77, 78]
138: [122, 98]
139: [170, 142]
140: [130, 170]
141: [88, 122]
142: [54, 55, 56, 57, 58, 82, 59, 81, 60, 80, 61, 78, 62, 79]
143: [55, 78]
144: [56, 78]
145: [57, 78]
146: [58, 78]
147: [59, 78]
148: [60, 78]
149: [61, 78]
150: [62, 78]
151: [82, 81, 54, 80, 79, 78]
152: [122, 98]
153: [170, 142]
154: [130, 170]
155: [88, 122]
156: [54, 55, 56, 57, 58, 82, 59, 81, 60, 80, 61, 62, 79]
157: [54, 55, 56, 57, 58, 82, 59, 81, 60, 80, 61, 62, 79]
158: [54, 56, 57, 58, 82, 59, 81, 60, 80, 61, 62, 79]
159: [54, 57, 58, 82, 59, 81, 60, 80, 61, 62, 79]
160: [54, 58, 82, 59, 81, 60, 80, 61, 62, 79]
161: [54, 82, 59, 81, 60, 80, 61, 62, 79]
162: [54, 82, 81, 60, 80, 61, 62, 79]
163: [54, 82, 81, 80, 61, 62, 79]
164: [54, 82, 81, 80, 62, 79]
165: [82, 54, 81, 80, 79]
166: [122, 98]
167: [170, 142]
168: [130, 170]
169: [88, 122]
170: [88, 122, 98]
171: [122, 98]
172: [122, 98]
173: [122, 98]
174: [122, 98]
175: [122, 98]
176: [122, 98]
177: [122, 98]
178: [122, 98]
179: [122, 98]
180: [122, 98]
181: [170, 142]
182: [130, 170]
183: [130, 170]
184: [130, 170, 142]
185: [170, 142]
186: [170, 142]
187: [170, 142]
188: [170, 142]
189: [170, 142]
190: [170, 142]
191: [170, 142]
192: [170, 142]
193: [170, 142]
194: [170, 142]
195: [170, 142]
87
0: [158, 131]
1: [158, 131]
2: [158, 131]
3: [143, 158, 131]
4: [143, 158]
5: [143, 158]
6: [143, 158]
7: [143, 158]
8: [143, 158]
9: [143, 158]
10: [143, 158]
11: [143, 158]
12: [143, 158]
13: [143, 158]
14: [158, 131]
15: [112, 89]
16: [112, 89]
17: [99, 112, 89]
18: [99, 112]
19: [99, 112]
20: [99, 112]
21: [99, 112]
22: [99, 112]
23: [99, 112]
24: [99, 112]
25: [99, 112]
26: [99, 112]
27: [143, 158]
28: [158, 131]
29: [112, 89]
30: [74, 55]
31: [63, 74, 55]
32: [63, 74]
33: [63, 74]
34: [63, 74]
35: [63, 74]
36: [63, 74]
37: [63, 74]
38: [63, 74]
39: [63, 74]
40: [99, 112]
41: [143, 158]
42: [158, 131]
43: [112, 89]
44: [74, 55]
45: [32, 33, 34, 35, 44, 45, 46, 47, 30, 31, 29]
46: [32, 33, 34, 35, 44, 45, 46, 47, 30, 31, 29]
47: [32, 33, 34, 35, 44, 45, 46, 47, 31, 29]
48: [32, 33, 34, 35, 44, 45, 46, 47, 29]
49: [33, 34, 35, 44, 45, 46, 47, 29]
50: [34, 35, 44, 45, 46, 47, 29]
51: [35, 44, 45, 46, 47, 29]
52: [44, 45, 46, 47, 29]
53: [63, 74]
54: [99, 112]
55: [143, 158]
56: [158, 131]
57: [112, 89]
58: [74, 55]
59: [32, 33, 34, 35, 44, 45, 46, 47, 48, 30, 31, 29]
60: [48, 30]
61: [48, 31]
62: [48, 32]
63: [48, 33]
64: [48, 34]
65: [48, 35]
66: [48, 44, 45, 46, 47, 29]
67: [63, 74]
68: [99, 112]
69: [143, 158]
70: [158, 131]
71: [112, 89]
72: [74, 55]
73: [32, 33, 34, 35, 44, 45, 46, 47, 48, 49, 30, 31, 29]
74: [49, 30]
75: [49, 31]
76: [49, 32]
77: [49, 33]
78: [49, 34]
79: [49, 35]
80: [49, 48, 44, 45, 46, 47, 29]
81: [63, 74]
82: [99, 112]
83: [143, 158]
84: [158, 131, 170]
85: [112, 89, 122]
86: [74, 55, 82]
87: []
88: [50, 30, 44]
89: [50, 31, 44]
90: [50, 32, 44]
91: [50, 33, 44]
92: [50, 34, 44]
93: [50, 35, 44]
94: [50, 49, 48, 44, 45, 46, 47, 29]
95: [82, 63, 74]
96: [122, 99, 112]
97: [170, 143, 158]
98: [131, 170]
99: [89, 122]
100: [55, 82]
101: [29, 30, 31, 32, 33, 50, 45, 49, 34, 46, 48, 35, 47]
102: [30, 45]
103: [31, 45]
104: [32, 45]
105: [33, 45]
106: [34, 45]
107: [35, 45]
108: [50, 49, 48, 45, 29, 46, 47]
109: [82, 63]
110: [122, 99]
111: [170, 143]
112: [131, 170]
113: [89, 122]
114: [55, 82]
115: [29, 30, 31, 32, 33, 50, 49, 34, 46, 48, 35, 47]
116: [30, 46]
117: [31, 46]
118: [32, 46]
119: [33, 46]
120: [34, 46]
121: [35, 46]
122: [50, 49, 48, 29, 46, 47]
123: [82, 63]
124: [122, 99]
125: [170, 143]
126: [131, 170]
127: [89, 122]
128: [55, 82]
129: [29, 30, 31, 32, 33, 50, 49, 34, 48, 35, 47]
130: [30, 47]
131: [31, 47]
132: [32, 47]
133: [33, 47]
134: [34, 47]
135: [35, 47]
136: [50, 49, 29, 48, 47]
137: [82, 63]
138: [122, 99]
139: [170, 143]
140: [131, 170]
141: [89, 122]
142: [55, 82]
143: [29, 30, 31, 32, 33, 50, 49, 34, 48, 35]
144: [29, 30, 31, 32, 33, 50, 49, 34, 48, 35]
145: [29, 31, 32, 33, 50, 49, 34, 48, 35]
146: [29, 32, 33, 50, 49, 34, 48, 35]
147: [29, 33, 50, 49, 34, 48, 35]
148: [29, 50, 49, 34, 48, 35]
149: [29, 50, 49, 48, 35]
150: [50, 29, 49, 48]
151: [82, 63]
152: [122, 99]
153: [170, 143]
154: [131, 170]
155: [89, 122]
156: [55, 82]
157: [55, 82, 63]
158: [82, 63]
159: [82, 63]
160: [82, 63]
161: [82, 63]
162: [82, 63]
163: [82, 63]
164: [82, 63]
165: [82, 63]
166: [122, 99]
167: [170, 143]
168: [131, 170]
169: [89, 122]
170: [89, 122]
171: [89, 122, 99]
172: [122, 99]
173: [122, 99]
174: [122, 99]
175: [122, 99]
176: [122, 99]
177: [122, 99]
178: [122, 99]
179: [122, 99]
180: [122, 99]
181: [170, 143]
182: [131, 170]
183: [131, 170]
184: [131, 170]
185: [131, 170, 143]
186: [170, 143]
187: [170, 143]
188: [170, 143]
189: [170, 143]
190: [170, 143]
191: [170, 143]
192: [170, 143]
193: [170, 143]
194: [170, 143]
195: [170, 143]
88
0: [158, 132]
1: [158, 132]
2: [158, 132]
3: [158, 132]
4: [144, 158, 132]
5: [144, 158]
6: [144, 158]
7: [144, 158]
8: [144, 158]
9: [144, 158]
10: [144, 158]
11: [144, 158]
12: [144, 158]
13: [144, 158]
14: [158, 132]
15: [112, 90]
16: [112, 90]
17: [112, 90]
18: [100, 112, 90]
19: [100, 112]
20: [100, 112]
21: [100, 112]
22: [100, 112]
23: [100, 112]
24: [100, 112]
25: [100, 112]
26: [100, 112]
27: [144, 158]
28: [158, 132]
29: [112, 90]
30: [74, 56]
31: [74, 56]
32: [64, 74, 56]
33: [64, 74]
34: [64, 74]
35: [64, 74]
36: [64, 74]
37: [64, 74]
38: [64, 74]
39: [64, 74]
40: [100, 112]
41: [144, 158]
42: [158, 132]
43: [112, 90]
44: [74, 56]
45: [44, 30]
46: [36, 44, 30]
47: [36, 44]
48: [36, 44]
49: [36, 44]
50: [36, 44]
51: [36, 44]
52: [36, 44]
53: [64, 74]
54: [100, 112]
55: [144, 158]
56: [158, 132]
57: [112, 90]
58: [74, 56]
59: [44, 30]
60: [13, 14, 15, 16, 22, 23, 24, 12]
61: [13, 14, 15, 16, 22, 23, 24, 12]
62: [14, 15, 16, 22, 23, 24, 12]
63: [15, 16, 22, 23, 24, 12]
64: [16, 24, 22, 23, 12]
65: [24, 22, 23, 12]
66: [36, 44]
67: [64, 74]
68: [100, 112]
69: [144, 158]
70: [158, 132]
71: [112, 90]
72: [74, 56]
73: [44, 30]
74: [13, 14, 15, 16, 22, 23, 24, 25, 12]
75: [25, 13]
76: [25, 14]
77: [25, 15]
78: [25, 16]
79: [25, 24, 22, 23, 12]
80: [36, 44]
81: [64, 74]
82: [100, 112]
83: [144, 158]
84: [158, 132, 170]
85: [112, 90, 122]
86: [74, 56, 82]
87: [44, 30, 50]
88: []
89: [26, 13, 22]
90: [26, 14, 22]
91: [26, 15, 22]
92: [26, 16, 22]
93: [26, 25, 24, 22, 23, 12]
94: [50, 36, 44]
95: [82, 64, 74]
96: [122, 100, 112]
97: [170, 144, 158]
98: [132, 170]
99: [90, 122]
100: [56, 82]
101: [30, 50]
102: [12, 13, 14, 26, 23, 15, 16, 24, 25]
103: [13, 23]
104: [14, 23]
105: [15, 23]
106: [16, 23]
107: [26, 25, 24, 12, 23]
108: [50, 36]
109: [82, 64]
110: [122, 100]
111: [170, 144]
112: [132, 170]
113: [90, 122]
114: [56, 82]
115: [30, 50]
116: [12, 13, 14, 26, 15, 16, 24, 25]
117: [13, 24]
118: [14, 24]
119: [15, 24]
120: [16, 24]
121: [26, 25, 12, 24]
122: [50, 36]
123: [82, 64]
124: [122, 100]
125: [170, 144]
126: [132, 170]
127: [90, 122]
128: [56, 82]
129: [30, 50]
130: [12, 13, 14, 26, 15, 16, 25]
131: [12, 13, 14, 26, 15, 16, 25]
132: [12, 14, 26, 15, 16, 25]
133: [12, 26, 15, 16, 25]
134: [12, 26, 16, 25]
135: [26, 12, 25]
136: [50, 36]
137: [82, 64]
138: [122, 100]
139: [170, 144]
140: [132, 170]
141: [90, 122]
142: [56, 82]
143: [30, 50]
144: [30, 50, 36]
145: [50, 36]
146: [50, 36]
147: [50, 36]
148: [50, 36]
149: [50, 36]
150: [50, 36]
151: [82, 64]
152: [122, 100]
153: [170, 144]
154: [132, 170]
155: [90, 122]
156: [56, 82]
157: [56, 82]
158: [56, 82, 64]
159: [82, 64]
160: [82, 64]
161: [82, 64]
162: [82, 64]
163: [82, 64]
164: [82, 64]
165: [82, 64]
166: [122, 100]
167: [170, 144]
168: [132, 170]
169: [90, 122]
170: [90, 122]
171: [90, 122]
172: [90, 122, 100]
173: [122, 100]
174: [122, 100]
175: [122, 100]
176: [122, 100]
177: [122, 100]
178: [122, 100]
179: [122, 100]
180: [122, 100]
181: [170, 144]
182: [132, 170]
183: [132, 170]
184: [132, 170]
185: [132, 170]
186: [132, 170, 144]
187: [170, 144]
188: [170, 144]
189: [170, 144]
190: [170, 144]
191: [170, 144]
192: [170, 144]
193: [170, 144]
194: [170, 144]
195: [170, 144]
89
0: [158, 133]
1: [158, 133]
2: [158, 133]
3: [158, 133]
4: [158, 133]
5: [145, 158, 133]
6: [145, 158]
7: [145, 158]
8: [145, 158]
9: [145, 158]
10: [145, 158]
11: [145, 158]
12: [145, 158]
13: [145, 158]
14: [158, 133]
15: [112, 91]
16: [112, 91]
17: [112, 91]
18: [112, 91]
19: [101, 112, 91]
20: [101, 112]
21: [101, 112]
22: [101, 112]
23: [101, 112]
24: [101, 112]
25: [101, 112]
26: [101, 112]
27: [145, 158]
28: [158, 133]
29: [112, 91]
30: [74, 57]
31: [74, 57]
32: [74, 57]
33: [65, 74, 57]
34: [65, 74]
35: [65, 74]
36: [65, 74]
37: [65, 74]
38: [65, 74]
39: [65, 74]
40: [101, 112]
41: [145, 158]
42: [158, 133]
43: [112, 91]
44: [74, 57]
45: [44, 31]
46: [44, 31]
47: [37, 44, 31]
48: [37, 44]
49: [37, 44]
50: [37, 44]
51: [37, 44]
52: [37, 44]
53: [65, 74]
54: [101, 112]
55: [145, 158]
56: [158, 133]
57: [112, 91]
58: [74, 57]
59: [44, 31]
60: [22, 13]
61: [17, 22, 13]
62: [17, 22]
63: [17, 22]
64: [17, 22]
65: [17, 22]
66: [37, 44]
67: [65, 74]
68: [101, 112]
69: [145, 158]
70: [158, 133]
71: [112, 91]
72: [74, 57]
73: [44, 31]
74: [22, 13]
75: [8, 9, 4, 5, 3]
76: [8, 9, 4, 5, 3]
77: [8, 9, 5, 3]
78: [8, 9, 3]
79: [17, 22]
80: [37, 44]
81: [65, 74]
82: [101, 112]
83: [145, 158]
84: [158, 133, 170]
85: [112, 91, 122]
86: [74, 57, 82]
87: [44, 31, 50]
88: [22, 13, 26]
89: []
90: [10, 4, 8]
91: [10, 5, 8]
92: [10, 8, 9, 3]
93: [26, 17, 22]
94: [50, 37, 44]
95: [82, 65, 74]
96: [122, 101, 112]
97: [170, 145, 158]
98: [133, 170]
99: [91, 122]
100: [57, 82]
101: [31, 50]
102: [13, 26]
103: [3, 4, 9, 10, 5]
104: [4, 9]
105: [5, 9]
106: [10, 9, 3]
107: [26, 17]
108: [50, 37]
109: [82, 65]
110: [122, 101]
111: [170, 145]
112: [133, 170]
113: [91, 122]
114: [57, 82]
115: [31, 50]
116: [13, 26]
117: [3, 4, 10, 5]
118: [3, 4, 10, 5]
119: [3, 10, 5]
120: [10, 3]
121: [26, 17]
122: [50, 37]
123: [82, 65]
124: [122, 101]
125: [170, 145]
126: [133, 170]
127: [91, 122]
128: [57, 82]
129: [31, 50]
130: [13, 26]
131: [13, 26, 17]
132: [26, 17]
133: [26, 17]
134: [26, 17]
135: [26, 17]
136: [50, 37]
137: [82, 65]
138: [122, 101]
139: [170, 145]
140: [133, 170]
141: [91, 122]
142: [57, 82]
143: [31, 50]
144: [31, 50]
145: [31, 50, 37]
146: [50, 37]
147: [50, 37]
148: [50, 37]
149: [50, 37]
150: [50, 37]
151: [82, 65]
152: [122, 101]
153: [170, 145]
154: [133, 170]
155: [91, 122]
156: [57, 82]
157: [57, 82]
158: [57, 82]
159: [57, 82, 65]
160: [82, 65]
161: [82, 65]
162: [82, 65]
163: [82, 65]
164: [82, 65]
165: [82, 65]
166: [122, 101]
167: [170, 145]
168: [133, 170]
169: [91, 122]
170: [91, 122]
171: [91, 122]
172: [91, 122]
173: [91, 122, 101]
174: [122, 101]
175: [122, 101]
176: [122, 101]
177: [122, 101]
178: [122, 101]
179: [122, 101]
180: [122, 101]
181: [170, 145]
182: [133, 170]
183: [133, 170]
184: [133, 170]
185: [133, 170]
186: [133, 170]
187: [133, 170, 145]
188: [170, 145]
189: [170, 145]
190: [170, 145]
191: [170, 145]
192: [170, 145]
193: [170, 145]
194: [170, 145]
195: [170, 145]
90
0: [158, 134]
1: [158, 134]
2: [158, 134]
3: [158, 134]
4: [158, 134]
5: [158, 134]
6: [146, 158, 134]
7: [146, 158]
8: [146, 158]
9: [146, 158]
10: [146, 158]
11: [146, 158]
12: [146, 158]
13: [146, 158]
14: [158, 134]
15: [112, 92]
16: [112, 92]
17: [112, 92]
18: [112, 92]
19: [112, 92]
20: [102, 112, 92]
21: [102, 112]
22: [102, 112]
23: [102, 112]
24: [102, 112]
25: [102, 112]
26: [102, 112]
27: [146, 158]
28: [158, 134]
29: [112, 92]
30: [74, 58]
31: [74, 58]
32: [74, 58]
33: [74, 58]
34: [66, 74, 58]
35: [66, 74]
36: [66, 74]
37: [66, 74]
38: [66, 74]
39: [66, 74]
40: [102, 112]
41: [146, 158]
42: [158, 134]
43: [112, 92]
44: [74, 58]
45: [44, 32]
46: [44, 32]
47: [44, 32]
48: [38, 44, 32]
49: [38, 44]
50: [38, 44]
51: [38, 44]
52: [38, 44]
53: [66, 74]
54: [102, 112]
55: [146, 158]
56: [158, 134]
57: [112, 92]
58: [74, 58]
59: [44, 32]
60: [22, 14]
61: [22, 14]
62: [18, 22, 14]
63: [18, 22]
64: [18, 22]
65: [18, 22]
66: [38, 44]
67: [66, 74]
68: [102, 112]
69: [146, 158]
70: [158, 134]
71: [112, 92]
72: [74, 58]
73: [44, 32]
74: [22, 14]
75: [8, 4]
76: [6, 8, 4]
77: [6, 8]
78: [6, 8]
79: [18, 22]
80: [38, 44]
81: [66, 74]
82: [102, 112]
83: [146, 158]
84: [158, 134, 170]
85: [112, 92, 122]
86: [74, 58, 82]
87: [44, 32, 50]
88: [22, 14, 26]
89: [8, 4, 10]
90: []
91: [1, 2]
92: [10, 6, 8]
93: [26, 18, 22]
94: [50, 38, 44]
95: [82, 66, 74]
96: [122, 102, 112]
97: [170, 146, 158]
98: [134, 170]
99: [92, 122]
100: [58, 82]
101: [32, 50]
102: [14, 26]
103: [4, 10]
104: [2, 1]
105: [1, 2]
106: [10, 6]
107: [26, 18]
108: [50, 38]
109: [82, 66]
110: [122, 102]
111: [170, 146]
112: [134, 170]
113: [92, 122]
114: [58, 82]
115: [32, 50]
116: [14, 26]
117: [4, 10]
118: [4, 10, 6]
119: [10, 6]
120: [10, 6]
121: [26, 18]
122: [50, 38]
123: [82, 66]
124: [122, 102]
125: [170, 146]
126: [134, 170]
127: [92, 122]
128: [58, 82]
129: [32, 50]
130: [14, 26]
131: [14, 26]
132: [14, 26, 18]
133: [26, 18]
134: [26, 18]
135: [26, 18]
136: [50, 38]
137: [82, 66]
138: [122, 102]
139: [170, 146]
140: [134, 170]
141: [92, 122]
142: [58, 82]
143: [32, 50]
144: [32, 50]
145: [32, 50]
146: [32, 50, 38]
147: [50, 38]
148: [50, 38]
149: [50, 38]
150: [50, 38]
151: [82, 66]
152: [122, 102]
153: [170, 146]
154: [134, 170]
155: [92, 122]
156: [58, 82]
157: [58, 82]
158: [58, 82]
159: [58, 82]
160: [58, 82, 66]
161: [82, 66]
162: [82, 66]
163: [82, 66]
164: [82, 66]
165: [82, 66]
166: [122, 102]
167: [170, 146]
168: [134, 170]
169: [92, 122]
170: [92, 122]
171: [92, 122]
172: [92, 122]
173: [92, 122]
174: [92, 122, 102]
175: [122, 102]
176: [122, 102]
177: [122, 102]
178: [122, 102]
179: [122, 102]
180: [122, 102]
181: [170, 146]
182: [134, 170]
183: [134, 170]
184: [134, 170]
185: [134, 170]
186: [134, 170]
187: [134, 170]
188: [134, 170, 146]
189: [170, 146]
190: [170, 146]
191: [170, 146]
192: [170, 146]
193: [170, 146]
194: [170, 146]
195: [170, 146]
91
0: [158, 135]
1: [158, 135]
2: [158, 135]
3: [158, 135]
4: [158, 135]
5: [158, 135]
6: [158, 135]
7: [147, 158, 135]
8: [147, 158]
9: [147, 158]
10: [147, 158]
11: [147, 158]
12: [147, 158]
13: [147, 158]
14: [158, 135]
15: [112, 93]
16: [112, 93]
17: [112, 93]
18: [112, 93]
19: [112, 93]
20: [112, 93]
21: [103, 112, 93]
22: [103, 112]
23: [103, 112]
24: [103, 112]
25: [103, 112]
26: [103, 112]
27: [147, 158]
28: [158, 135]
29: [112, 93]
30: [74, 59]
31: [74, 59]
32: [74, 59]
33: [74, 59]
34: [74, 59]
35: [67, 74, 59]
36: [67, 74]
37: [67, 74]
38: [67, 74]
39: [67, 74]
40: [103, 112]
41: [147, 158]
42: [158, 135]
43: [112, 93]
44: [74, 59]
45: [44, 33]
46: [44, 33]
47: [44, 33]
48: [44, 33]
49: [39, 44, 33]
50: [39, 44]
51: [39, 44]
52: [39, 44]
53: [67, 74]
54: [103, 112]
55: [147, 158]
56: [158, 135]
57: [112, 93]
58: [74, 59]
59: [44, 33]
60: [22, 15]
61: [22, 15]
62: [22, 15]
63: [19, 22, 15]
64: [19, 22]
65: [19, 22]
66: [39, 44]
67: [67, 74]
68: [103, 112]
69: [147, 158]
70: [158, 135]
71: [112, 93]
72: [74, 59]
73: [44, 33]
74: [22, 15]
75: [8, 5]
76: [8, 5]
77: [7, 8, 5]
78: [7, 8]
79: [19, 22]
80: [39, 44]
81: [67, 74]
82: [103, 112]
83: [147, 158]
84: [158, 135, 170]
85: [112, 93, 122]
86: [74, 59, 82]
87: [44, 33, 50]
88: [22, 15, 26]
89: [8, 5, 10]
90: [2, 1]
91: []
92: [10, 7, 8]
93: [26, 19, 22]
94: [50, 39, 44]
95: [82, 67, 74]
96: [122, 103, 112]
97: [170, 147, 158]
98: [135, 170]
99: [93, 122]
100: [59, 82]
101: [33, 50]
102: [15, 26]
103: [5, 10]
104: [1, 2]
105: [1, 2]
106: [10, 7]
107: [26, 19]
108: [50, 39]
109: [82, 67]
110: [122, 103]
111: [170, 147]
112: [135, 170]
113: [93, 122]
114: [59, 82]
115: [33, 50]
116: [15, 26]
117: [5, 10]
118: [5, 10]
119: [5, 10, 7]
120: [10, 7]
121: [26, 19]
122: [50, 39]
123: [82, 67]
124: [122, 103]
125: [170, 147]
126: [135, 170]
127: [93, 122]
128: [59, 82]
129: [33, 50]
130: [15, 26]
131: [15, 26]
132: [15, 26]
133: [15, 26, 19]
134: [26, 19]
135: [26, 19]
136: [50, 39]
137: [82, 67]
138: [122, 103]
139: [170, 147]
140: [135, 170]
141: [93, 122]
142: [59, 82]
143: [33, 50]
144: [33, 50]
145: [33, 50]
146: [33, 50]
147: [33, 50, 39]
148: [50, 39]
149: [50, 39]
150: [50, 39]
151: [82, 67]
152: [122, 103]
153: [170, 147]
154: [135, 170]
155: [93, 122]
156: [59, 82]
157: [59, 82]
158: [59, 82]
159: [59, 82]
160: [59, 82]
161: [59, 82, 67]
162: [82, 67]
163: [82, 67]
164: [82, 67]
165: [82, 67]
166: [122, 103]
167: [170, 147]
168: [135, 170]
169: [93, 122]
170: [93, 122]
171: [93, 122]
172: [93, 122]
173: [93, 122]
174: [93, 122]
175: [93, 122, 103]
176: [122, 103]
177: [122, 103]
178: [122, 103]
179: [122, 103]
180: [122, 103]
181: [170, 147]
182: [135, 170]
183: [135, 170]
184: [135, 170]
185: [135, 170]
186: [135, 170]
187: [135, 170]
188: [135, 170]
189: [135, 170, 147]
190: [170, 147]
191: [170, 147]
192: [170, 147]
193: [170, 147]
194: [170, 147]
195: [170, 147]
92
0: [158, 136]
1: [158, 136]
2: [158, 136]
3: [158, 136]
4: [158, 136]
5: [158, 136]
6: [158, 136]
7: [158, 136]
8: [148, 158, 136]
9: [148, 158]
10: [148, 158]
11: [148, 158]
12: [148, 158]
13: [148, 158]
14: [158, 136]
15: [112, 94]
16: [112, 94]
17: [112, 94]
18: [112, 94]
19: [112, 94]
20: [112, 94]
21: [112, 94]
22: [104, 112, 94]
23: [104, 112]
24: [104, 112]
25: [104, 112]
26: [104, 112]
27: [148, 158]
28: [158, 136]
29: [112, 94]
30: [74, 60]
31: [74, 60]
32: [74, 60]
33: [74, 60]
34: [74, 60]
35: [74, 60]
36: [68, 74, 60]
37: [68, 74]
38: [68, 74]
39: [68, 74]
40: [104, 112]
41: [148, 158]
42: [158, 136]
43: [112, 94]
44: [74, 60]
45: [44, 34]
46: [44, 34]
47: [44, 34]
48: [44, 34]
49: [44, 34]
50: [40, 44, 34]
51: [40, 44]
52: [40, 44]
53: [68, 74]
54: [104, 112]
55: [148, 158]
56: [158, 136]
57: [112, 94]
58: [74, 60]
59: [44, 34]
60: [22, 16]
61: [22, 16]
62: [22, 16]
63: [22, 16]
64: [20, 22, 16]
65: [20, 22]
66: [40, 44]
67: [68, 74]
68: [104, 112]
69: [148, 158]
70: [158, 136]
71: [112, 94]
72: [74, 60]
73: [44, 34]
74: [22, 16]
75: [8, 3, 9]
76: [3, 8, 9, 6]
77: [3, 8, 7, 9, 6]
78: [3, 8, 7, 9, 6]
79: [20, 22]
80: [40, 44]
81: [68, 74]
82: [104, 112]
83: [148, 158]
84: [158, 136, 170]
85: [112, 94, 122]
86: [74, 60, 82]
87: [44, 34, 50]
88: [22, 16, 26]
89: [8, 9, 3, 10]
90: [8, 6, 10]
91: [8, 7, 10]
92: []
93: [26, 20, 22]
94: [50, 40, 44]
95: [82, 68, 74]
96: [122, 104, 112]
97: [170, 148, 158]
98: [136, 170]
99: [94, 122]
100: [60, 82]
101: [34, 50]
102: [16, 26]
103: [9, 10, 3]
104: [9, 6]
105: [9, 7]
106: [9, 10, 6, 7, 3]
107: [26, 20]
108: [50, 40]
109: [82, 68]
110: [122, 104]
111: [170, 148]
112: [136, 170]
113: [94, 122]
114: [60, 82]
115: [34, 50]
116: [16, 26]
117: [10, 3]
118: [10, 6, 3]
119: [10, 6, 7, 3]
120: [10, 6, 7, 3]
121: [26, 20]
122: [50, 40]
123: [82, 68]
124: [122, 104]
125: [170, 148]
126: [136, 170]
127: [94, 122]
128: [60, 82]
129: [34, 50]
130: [16, 26]
131: [16, 26]
132: [16, 26]
133: [16, 26]
134: [16, 26, 20]
135: [26, 20]
136: [50, 40]
137: [82, 68]
138: [122, 104]
139: [170, 148]
140: [136, 170]
141: [94, 122]
142: [60, 82]
143: [34, 50]
144: [34, 50]
145: [34, 50]
146: [34, 50]
147: [34, 50]
148: [34, 50, 40]
149: [50, 40]
150: [50, 40]
151: [82, 68]
152: [122, 104]
153: [170, 148]
154: [136, 170]
155: [94, 122]
156: [60, 82]
157: [60, 82]
158: [60, 82]
159: [60, 82]
160: [60, 82]
161: [60, 82]
162: [60, 82, 68]
163: [82, 68]
164: [82, 68]
165: [82, 68]
166: [122, 104]
167: [170, 148]
168: [136, 170]
169: [94, 122]
170: [94, 122]
171: [94, 122]
172: [94, 122]
173: [94, 122]
174: [94, 122]
175: [94, 122]
176: [94, 122, 104]
177: [122, 104]
178: [122, 104]
179: [122, 104]
180: [122, 104]
181: [170, 148]
182: [136, 170]
183: [136, 170]
184: [136, 170]
185: [136, 170]
186: [136, 170]
187: [136, 170]
188: [136, 170]
189: [136, 170]
190: [136, 170, 148]
191: [170, 148]
192: [170, 148]
193: [170, 148]
194: [170, 148]
195: [170, 148]
93
0: [158, 137]
1: [158, 137]
2: [158, 137]
3: [158, 137]
4: [158, 137]
5: [158, 137]
6: [158, 137]
7: [158, 137]
8: [158, 137]
9: [149, 158, 137]
10: [149, 158]
11: [149, 158]
12: [149, 158]
13: [149, 158]
14: [158, 137]
15: [112, 95]
16: [112, 95]
17: [112, 95]
18: [112, 95]
19: [112, 95]
20: [112, 95]
21: [112, 95]
22: [112, 95]
23: [105, 112, 95]
24: [105, 112]
25: [105, 112]
26: [105, 112]
27: [149, 158]
28: [158, 137]
29: [112, 95]
30: [74, 61]
31: [74, 61]
32: [74, 61]
33: [74, 61]
34: [74, 61]
35: [74, 61]
36: [74, 61]
37: [69, 74, 61]
38: [69, 74]
39: [69, 74]
40: [105, 112]
41: [149, 158]
42: [158, 137]
43: [112, 95]
44: [74, 61]
45: [44, 35]
46: [44, 35]
47: [44, 35]
48: [44, 35]
49: [44, 35]
50: [44, 35]
51: [41, 44, 35]
52: [41, 44]
53: [69, 74]
54: [105, 112]
55: [149, 158]
56: [158, 137]
57: [112, 95]
58: [74, 61]
59: [44, 35]
60: [12, 22, 23, 24]
61: [12, 22, 23, 24, 17]
62: [12, 22, 18, 23, 24, 17]
63: [12, 19, 22, 18, 23, 24, 17]
64: [12, 20, 19, 22, 18, 23, 24, 17]
65: [12, 20, 19, 22, 18, 23, 24, 17]
66: [41, 44]
67: [69, 74]
68: [105, 112]
69: [149, 158]
70: [158, 137]
71: [112, 95]
72: [74, 61]
73: [44, 35]
74: [22, 12, 23, 24, 25]
75: [17, 25]
76: [18, 25]
77: [19, 25]
78: [20, 25]
79: [12, 20, 19, 22, 18, 23, 24, 17, 25]
80: [41, 44]
81: [69, 74]
82: [105, 112]
83: [149, 158]
84: [158, 137, 170]
85: [112, 95, 122]
86: [74, 61, 82]
87: [44, 35, 50]
88: [22, 23, 24, 12, 25, 26]
89: [22, 17, 26]
90: [22, 18, 26]
91: [22, 19, 26]
92: [22, 20, 26]
93: []
94: [50, 41, 44]
95: [82, 69, 74]
96: [122, 105, 112]
97: [170, 149, 158]
98: [137, 170]
99: [95, 122]
100: [61, 82]
101: [35, 50]
102: [23, 24, 25, 26, 12]
103: [23, 17]
104: [23, 18]
105: [23, 19]
106: [23, 20]
107: [17, 18, 19, 20, 23, 24, 25, 26, 12]
108: [50, 41]
109: [82, 69]
110: [122, 105]
111: [170, 149]
112: [137, 170]
113: [95, 122]
114: [61, 82]
115: [35, 50]
116: [24, 25, 26, 12]
117: [24, 17]
118: [24, 18]
119: [24, 19]
120: [24, 20]
121: [17, 18, 19, 20, 24, 25, 26, 12]
122: [50, 41]
123: [82, 69]
124: [122, 105]
125: [170, 149]
126: [137, 170]
127: [95, 122]
128: [61, 82]
129: [35, 50]
130: [25, 26, 12]
131: [17, 26, 25, 12]
132: [17, 18, 26, 25, 12]
133: [17, 18, 19, 25, 26, 12]
134: [17, 18, 19, 20, 25, 26, 12]
135: [17, 18, 19, 20, 25, 26, 12]
136: [50, 41]
137: [82, 69]
138: [122, 105]
139: [170, 149]
140: [137, 170]
141: [95, 122]
142: [61, 82]
143: [35, 50]
144: [35, 50]
145: [35, 50]
146: [35, 50]
147: [35, 50]
148: [35, 50]
149: [35, 50, 41]
150: [50, 41]
151: [82, 69]
152: [122, 105]
153: [170, 149]
154: [137, 170]
155: [95, 122]
156: [61, 82]
157: [61, 82]
158: [61, 82]
159: [61, 82]
160: [61, 82]
161: [61, 82]
162: [61, 82]
163: [61, 82, 69]
164: [82, 69]
165: [82, 69]
166: [122, 105]
167: [170, 149]
168: [137, 170]
169: [95, 122]
170: [95, 122]
171: [95, 122]
172: [95, 122]
173: [95, 122]
174: [95, 122]
175: [95, 122]
176: [95, 122]
177: [95, 122, 105]
178: [122, 105]
179: [122, 105]
180: [122, 105]
181: [170, 149]
182: [137, 170]
183: [137, 170]
184: [137, 170]
185: [137, 170]
186: [137, 170]
187: [137, 170]
188: [137, 170]
189: [137, 170]
190: [137, 170]
191: [137, 170, 149]
192: [170, 149]
193: [170, 149]
194: [170, 149]
195: [170, 149]
94
0: [158, 138]
1: [158, 138]
2: [158, 138]
3: [158, 138]
4: [158, 138]
5: [158, 138]
6: [158, 138]
7: [158, 138]
8: [158, 138]
9: [158, 138]
10: [150, 158, 138]
11: [150, 158]
12: [150, 158]
13: [150, 158]
14: [158, 138]
15: [112, 96]
16: [112, 96]
17: [112, 96]
18: [112, 96]
19: [112, 96]
20: [112, 96]
21: [112, 96]
22: [112, 96]
23: [112, 96]
24: [106, 112, 96]
25: [106, 112]
26: [106, 112]
27: [150, 158]
28: [158, 138]
29: [112, 96]
30: [74, 62]
31: [74, 62]
32: [74, 62]
33: [74, 62]
34: [74, 62]
35: [74, 62]
36: [74, 62]
37: [74, 62]
38: [70, 74, 62]
39: [70, 74]
40: [106, 112]
41: [150, 158]
42: [158, 138]
43: [112, 96]
44: [74, 62]
45: [44, 29, 45, 46, 47]
46: [29, 44, 45, 46, 36, 47]
47: [29, 44, 45, 37, 46, 36, 47]
48: [29, 44, 45, 38, 37, 46, 36, 47]
49: [29, 44, 39, 45, 38, 37, 46, 36, 47]
50: [29, 40, 44, 39, 45, 38, 37, 46, 36, 47]
51: [29, 41, 40, 44, 39, 45, 38, 37, 46, 36, 47]
52: [29, 41, 40, 44, 39, 45, 38, 37, 46, 36, 47]
53: [70, 74]
54: [106, 112]
55: [150, 158]
56: [158, 138]
57: [112, 96]
58: [74, 62]
59: [44, 45, 29, 46, 47, 48]
60: [36, 48]
61: [37, 48]
62: [38, 48]
63: [39, 48]
64: [40, 48]
65: [41, 48]
66: [29, 41, 40, 44, 39, 45, 38, 37, 46, 48, 36, 47]
67: [70, 74]
68: [106, 112]
69: [150, 158]
70: [158, 138]
71: [112, 96]
72: [74, 62]
73: [44, 45, 29, 46, 47, 48, 49]
74: [36, 49]
75: [37, 49]
76: [38, 49]
77: [39, 49]
78: [40, 49]
79: [41, 49]
80: [29, 41, 40, 44, 39, 45, 38, 49, 37, 46, 48, 36, 47]
81: [70, 74]
82: [106, 112]
83: [150, 158]
84: [158, 138, 170]
85: [112, 96, 122]
86: [74, 62, 82]
87: [44, 45, 46, 29, 47, 48, 49, 50]
88: [44, 36, 50]
89: [44, 37, 50]
90: [44, 38, 50]
91: [44, 39, 50]
92: [44, 40, 50]
93: [44, 41, 50]
94: []
95: [82, 70, 74]
96: [122, 106, 112]
97: [170, 150, 158]
98: [138, 170]
99: [96, 122]
100: [62, 82]
101: [45, 46, 47, 48, 49, 50, 29]
102: [45, 36]
103: [45, 37]
104: [45, 38]
105: [45, 39]
106: [45, 40]
107: [45, 41]
108: [36, 37, 38, 39, 40, 41, 45, 46, 47, 48, 49, 50, 29]
109: [82, 70]
110: [122, 106]
111: [170, 150]
112: [138, 170]
113: [96, 122]
114: [62, 82]
115: [46, 47, 48, 49, 50, 29]
116: [46, 36]
117: [46, 37]
118: [46, 38]
119: [46, 39]
120: [46, 40]
121: [46, 41]
122: [36, 37, 38, 39, 40, 41, 46, 47, 48, 49, 50, 29]
123: [82, 70]
124: [122, 106]
125: [170, 150]
126: [138, 170]
127: [96, 122]
128: [62, 82]
129: [47, 48, 49, 50, 29]
130: [47, 36]
131: [47, 37]
132: [47, 38]
133: [47, 39]
134: [47, 40]
135: [47, 41]
136: [36, 37, 38, 39, 40, 41, 47, 48, 49, 50, 29]
137: [82, 70]
138: [122, 106]
139: [170, 150]
140: [138, 170]
141: [96, 122]
142: [62, 82]
143: [48, 49, 50, 29]
144: [48, 49, 50, 36, 29]
145: [36, 37, 48, 49, 50, 29]
146: [36, 37, 38, 48, 49, 50, 29]
147: [36, 37, 38, 39, 48, 49, 50, 29]
148: [36, 37, 38, 39, 40, 48, 49, 50, 29]
149: [36, 37, 38, 39, 40, 41, 48, 49, 50, 29]
150: [36, 37, 38, 39, 40, 41, 48, 49, 50, 29]
151: [82, 70]
152: [122, 106]
153: [170, 150]
154: [138, 170]
155: [96, 122]
156: [62, 82]
157: [62, 82]
158: [62, 82]
159: [62, 82]
160: [62, 82]
161: [62, 82]
162: [62, 82]
163: [62, 82]
164: [62, 82, 70]
165: [82, 70]
166: [122, 106]
167: [170, 150]
168: [138, 170]
169: [96, 122]
170: [96, 122]
171: [96, 122]
172: [96, 122]
173: [96, 122]
174: [96, 122]
175: [96, 122]
176: [96, 122]
177: [96, 122]
178: [96, 122, 106]
179: [122, 106]
180: [122, 106]
181: [170, 150]
182: [138, 170]
183: [138, 170]
184: [138, 170]
185: [138, 170]
186: [138, 170]
187: [138, 170]
188: [138, 170]
189: [138, 170]
190: [138, 170]
191: [138, 170]
192: [138, 170, 150]
193: [170, 150]
194: [170, 150]
195: [170, 150]
95
0: [158, 139]
1: [158, 139]
2: [158, 139]
3: [158, 139]
4: [158, 139]
5: [158, 139]
6: [158, 139]
7: [158, 139]
8: [158, 139]
9: [158, 139]
10: [158, 139]
11: [151, 158, 139]
12: [151, 158]
13: [151, 158]
14: [158, 139]
15: [112, 97]
16: [112, 97]
17: [112, 97]
18: [112, 97]
19: [112, 97]
20: [112, 97]
21: [112, 97]
22: [112, 97]
23: [112, 97]
24: [112, 97]
25: [107, 112, 97]
26: [107, 112]
27: [151, 158]
28: [158, 139]
29: [112, 97]
30: [74, 54, 75, 76, 77, 78]
31: [54, 74, 75, 76, 77, 78, 63]
32: [54, 74, 75, 76, 64, 77, 78, 63]
33: [54, 74, 75, 65, 76, 64, 77, 78, 63]
34: [54, 74, 66, 75, 65, 76, 64, 77, 78, 63]
35: [54, 74, 67, 66, 75, 65, 76, 64, 77, 78, 63]
36: [54, 68, 74, 67, 66, 75, 65, 76, 64, 77, 78, 63]
37: [54, 69, 68, 74, 67, 66, 75, 65, 76, 64, 77, 78, 63]
38: [54, 70, 69, 68, 74, 67, 66, 75, 65, 76, 64, 77, 78, 63]
39: [54, 70, 69, 68, 74, 67, 66, 75, 65, 76, 64, 77, 78, 63]
40: [107, 112]
41: [151, 158]
42: [158, 139]
43: [112, 97]
44: [74, 75, 54, 76, 77, 78, 79]
45: [63, 79]
46: [64, 79]
47: [65, 79]
48: [66, 79]
49: [67, 79]
50: [68, 79]
51: [69, 79]
52: [70, 79]
53: [54, 70, 69, 68, 74, 67, 66, 75, 65, 76, 64, 77, 79, 78, 63]
54: [107, 112]
55: [151, 158]
56: [158, 139]
57: [112, 97]
58: [74, 75, 76, 54, 77, 78, 80, 79]
59: [63, 80]
60: [64, 80]
61: [65, 80]
62: [66, 80]
63: [67, 80]
64: [68, 80]
65: [69, 80]
66: [70, 80]
67: [54, 70, 69, 68, 74, 67, 66, 75, 65, 76, 64, 80, 77, 79, 78, 63]
68: [107, 112]
69: [151, 158]
70: [158, 139]
71: [112, 97]
72: [74, 75, 76, 77, 54, 78, 80, 81, 79]
73: [63, 81]
74: [64, 81]
75: [65, 81]
76: [66, 81]
77: [67, 81]
78: [68, 81]
79: [69, 81]
80: [70, 81]
81: [54, 70, 69, 68, 74, 67, 66, 75, 81, 65, 76, 64, 80, 77, 79, 78, 63]
82: [107, 112]
83: [151, 158]
84: [158, 139, 170]
85: [112, 97, 122]
86: [74, 75, 76, 77, 78, 54, 80, 81, 82, 79]
87: [74, 63, 82]
88: [74, 64, 82]
89: [74, 65, 82]
90: [74, 66, 82]
91: [74, 67, 82]
92: [74, 68, 82]
93: [74, 69, 82]
94: [74, 70, 82]
95: []
96: [122, 107, 112]
97: [170, 151, 158]
98: [139, 170]
99: [97, 122]
100: [75, 76, 77, 78, 79, 80, 81, 82, 54]
101: [75, 63]
102: [75, 64]
103: [75, 65]
104: [75, 66]
105: [75, 67]
106: [75, 68]
107: [75, 69]
108: [75, 70]
109: [64, 65, 66, 67, 68, 69, 70, 75, 76, 77, 78, 79, 80, 81, 82, 63, 54]
110: [122, 107]
111: [170, 151]
112: [139, 170]
113: [97, 122]
114: [76, 77, 78, 80, 81, 82, 79, 54]
115: [76, 63]
116: [76, 64]
117: [76, 65]
118: [76, 66]
119: [76, 67]
120: [76, 68]
121: [76, 69]
122: [76, 70]
123: [64, 65, 66, 67, 68, 69, 70, 76, 77, 78, 79, 80, 81, 82, 63, 54]
124: [122, 107]
125: [170, 151]
126: [139, 170]
127: [97, 122]
128: [77, 78, 80, 81, 82, 79, 54]
129: [77, 63]
130: [77, 64]
131: [77, 65]
132: [77, 66]
133: [77, 67]
134: [77, 68]
135: [77, 69]
136: [77, 70]
137: [64, 65, 66, 67, 68, 69, 70, 77, 78, 79, 80, 81, 82, 63, 54]
138: [122, 107]
139: [170, 151]
140: [139, 170]
141: [97, 122]
142: [78, 80, 81, 82, 79, 54]
143: [78, 63]
144: [78, 64]
145: [78, 65]
146: [78, 66]
147: [78, 67]
148: [78, 68]
149: [78, 69]
150: [78, 70]
151: [64, 65, 66, 67, 68, 69, 70, 78, 79, 80, 81, 82, 63, 54]
152: [122, 107]
153: [170, 151]
154: [139, 170]
155: [97, 122]
156: [80, 81, 82, 79, 54]
157: [79, 80, 81, 82, 63, 54]
158: [64, 79, 80, 81, 82, 63, 54]
159: [64, 65, 79, 80, 81, 82, 63, 54]
160: [64, 65, 66, 79, 80, 81, 82, 63, 54]
161: [64, 65, 66, 67, 79, 80, 81, 82, 63, 54]
162: [64, 65, 66, 67, 68, 79, 80, 81, 82, 63, 54]
163: [64, 65, 66, 67, 68, 69, 79, 80, 81, 82, 63, 54]
164: [64, 65, 66, 67, 68, 69, 70, 79, 80, 81, 82, 63, 54]
165: [64, 65, 66, 67, 68, 69, 70, 79, 80, 81, 82, 63, 54]
166: [122, 107]
167: [170, 151]
168: [139, 170]
169: [97, 122]
170: [97, 122]
171: [97, 122]
172: [97, 122]
173: [97, 122]
174: [97, 122]
175: [97, 122]
176: [97, 122]
177: [97, 122]
178: [97, 122]
179: [97, 122, 107]
180: [122, 107]
181: [170, 151]
182: [139, 170]
183: [139, 170]
184: [139, 170]
185: [139, 170]
186: [139, 170]
187: [139, 170]
188: [139, 170]
189: [139, 170]
190: [139, 170]
191: [139, 170]
192: [139, 170]
193: [139, 170, 151]
194: [170, 151]
195: [170, 151]
96
0: [158, 140]
1: [158, 140]
2: [158, 140]
3: [158, 140]
4: [158, 140]
5: [158, 140]
6: [158, 140]
7: [158, 140]
8: [158, 140]
9: [158, 140]
10: [158, 140]
11: [158, 140]
12: [152, 158, 140]
13: [152, 158]
14: [158, 140]
15: [112, 87, 113, 114, 115, 116, 117]
16: [87, 112, 113, 114, 115, 116, 98, 117]
17: [87, 112, 113, 114, 115, 99, 116, 98, 117]
18: [87, 112, 113, 114, 115, 100, 99, 116, 98, 117]
19: [87, 112, 113, 114, 101, 115, 100, 99, 116, 98, 117]
20: [87, 112, 113, 102, 114, 101, 115, 100, 99, 116, 98, 117]
21: [87, 112, 103, 113, 102, 114, 101, 115, 100, 99, 116, 98, 117]
22: [87, 104, 112, 103, 113, 102, 114, 101, 115, 100, 99, 116, 98, 117]
23: [87, 105, 104, 112, 103, 113, 102, 114, 101, 115, 100, 99, 116, 98, 117]
24: [87, 106, 105, 104, 112, 103, 113, 102, 114, 101, 115, 100, 99, 116, 98, 117]
25: [87, 107, 106, 105, 104, 112, 103, 113, 102, 114, 101, 115, 100, 99, 116, 98, 117]
26: [87, 107, 106, 105, 104, 112, 103, 113, 102, 114, 101, 115, 100, 99, 116, 98, 117]
27: [152, 158]
28: [158, 140]
29: [112, 113, 87, 114, 115, 116, 117, 118]
30: [98, 118]
31: [99, 118]
32: [100, 118]
33: [101, 118]
34: [102, 118]
35: [103, 118]
36: [104, 118]
37: [105, 118]
38: [106, 118]
39: [107, 118]
40: [87, 107, 106, 105, 104, 112, 103, 113, 102, 114, 101, 115, 100, 99, 116, 98, 117, 118]
41: [152, 158]
42: [158, 140]
43: [112, 113, 114, 87, 115, 116, 117, 118, 119]
44: [98, 119]
45: [99, 119]
46: [100, 119]
47: [101, 119]
48: [102, 119]
49: [103, 119]
50: [104, 119]
51: [105, 119]
52: [106, 119]
53: [107, 119]
54: [87, 107, 106, 105, 104, 112, 103, 113, 102, 114, 101, 115, 100, 99, 116, 119, 98, 117, 118]
55: [152, 158]
56: [158, 140]
57: [112, 113, 114, 115, 87, 116, 117, 120, 118, 119]
58: [98, 120]
59: [99, 120]
60: [100, 120]
61: [101, 120]
62: [102, 120]
63: [103, 120]
64: [104, 120]
65: [105, 120]
66: [106, 120]
67: [107, 120]
68: [87, 107, 106, 105, 104, 112, 103, 113, 102, 114, 101, 120, 115, 100, 99, 116, 119, 98, 117, 118]
69: [152, 158]
70: [158, 140]
71: [112, 113, 114, 115, 116, 87, 117, 120, 121, 118, 119]
72: [98, 121]
73: [99, 121]
74: [100, 121]
75: [101, 121]
76: [102, 121]
77: [103, 121]
78: [104, 121]
79: [105, 121]
80: [106, 121]
81: [107, 121]
82: [87, 107, 106, 105, 104, 112, 103, 113, 102, 121, 114, 101, 120, 115, 100, 99, 116, 119, 98, 117, 118]
83: [152, 158]
84: [158, 140, 170]
85: [112, 113, 114, 115, 116, 117, 87, 118, 119, 120, 121, 122]
86: [112, 98, 122]
87: [112, 99, 122]
88: [112, 100, 122]
89: [112, 101, 122]
90: [112, 102, 122]
91: [112, 103, 122]
92: [112, 104, 122]
93: [112, 105, 122]
94: [112, 106, 122]
95: [112, 107, 122]
96: []
97: [170, 152, 158]
98: [140, 170]
99: [113, 114, 115, 116, 117, 122, 118, 119, 120, 121, 87]
100: [113, 98]
101: [113, 99]
102: [113, 100]
103: [113, 101]
104: [113, 102]
105: [113, 103]
106: [113, 104]
107: [113, 105]
108: [113, 106]
109: [113, 107]
110: [98, 99, 100, 101, 102, 103, 104, 105, 106, 107, 113, 114, 115, 116, 117, 118, 119, 120, 121, 122, 87]
111: [170, 152]
112: [140, 170]
113: [114, 115, 116, 117, 118, 119, 120, 121, 122, 87]
114: [114, 98]
115: [114, 99]
116: [114, 100]
117: [114, 101]
118: [114, 102]
119: [114, 103]
120: [114, 104]
121: [114, 105]
122: [114, 106]
123: [114, 107]
124: [98, 99, 100, 101, 102, 103, 104, 105, 106, 107, 114, 115, 116, 117, 118, 119, 120, 121, 122, 87]
125: [170, 152]
126: [140, 170]
127: [115, 116, 117, 118, 119, 120, 121, 122, 87]
128: [115, 98]
129: [115, 99]
130: [115, 100]
131: [115, 101]
132: [115, 102]
133: [115, 103]
134: [115, 104]
135: [115, 105]
136: [115, 106]
137: [115, 107]
138: [98, 99, 100, 101, 102, 103, 104, 105, 106, 107, 115, 116, 117, 118, 119, 120, 121, 122, 87]
139: [170, 152]
140: [140, 170]
141: [116, 117, 118, 119, 120, 121, 122, 87]
142: [116, 98]
143: [116, 99]
144: [116, 100]
145: [116, 101]
146: [116, 102]
147: [116, 103]
148: [116, 104]
149: [116, 105]
150: [116, 106]
151: [116, 107]
152: [98, 99, 100, 101, 102, 103, 104, 105, 106, 107, 116, 117, 118, 119, 120, 121, 122, 87]
153: [170, 152]
154: [140, 170]
155: [117, 118, 119, 120, 121, 122, 87]
156: [117, 98]
157: [117, 99]
158: [117, 100]
159: [117, 101]
160: [117, 102]
161: [117, 103]
162: [117, 104]
163: [117, 105]
164: [117, 106]
165: [117, 107]
166: [98, 99, 100, 101, 102, 103, 104, 105, 106, 107, 117, 118, 119, 120, 121, 122, 87]
167: [170, 152]
168: [140, 170]
169: [118, 119, 120, 121, 122, 87]
170: [98, 118, 119, 120, 121, 122, 87]
171: [98, 99, 118, 119, 120, 121, 122, 87]
172: [98, 99, 100, 118, 119, 120, 121, 122, 87]
173: [98, 99, 100, 101, 118, 119, 120, 121, 122, 87]
174: [98, 99, 100, 101, 102, 118, 119, 120, 121, 122, 87]
175: [98, 99, 100, 101, 102, 103, 118, 119, 120, 121, 122, 87]
176: [98, 99, 100, 101, 102, 103, 104, 118, 119, 120, 121, 122, 87]
177: [98, 99, 100, 101, 102, 103, 104, 105, 118, 119, 120, 121, 122, 87]
178: [98, 99, 100, 101, 102, 103, 104, 105, 106, 118, 119, 120, 121, 122, 87]
179: [98, 99, 100, 101, 102, 103, 104, 105, 106, 107, 118, 119, 120, 121, 122, 87]
180: [98, 99, 100, 101, 102, 103, 104, 105, 106, 107, 118, 119, 120, 121, 122, 87]
181: [170, 152]
182: [140, 170]
183: [140, 170]
184: [140, 170]
185: [140, 170]
186: [140, 170]
187: [140, 170]
188: [140, 170]
189: [140, 170]
190: [140, 170]
191: [140, 170]
192: [140, 170]
193: [140, 170]
194: [140, 170, 152]
195: [170, 152]
97
0: [128, 158, 159, 160, 161, 162, 163, 164]
1: [128, 158, 159, 160, 161, 162, 163, 164, 141]
2: [128, 158, 159, 160, 161, 162, 163, 142, 164, 141]
3: [128, 158, 159, 160, 161, 162, 143, 163, 142, 164, 141]
4: [128, 158, 159, 160, 144, 161, 162, 143, 163, 142, 164, 141]
5: [128, 158, 159, 160, 145, 144, 161, 162, 143, 163, 142, 164, 141]
6: [128, 158, 146, 159, 160, 145, 144, 161, 162, 143, 163, 142, 164, 141]
7: [128, 147, 158, 146, 159, 160, 145, 144, 161, 162, 143, 163, 142, 164, 141]
8: [128, 148, 147, 158, 146, 159, 160, 145, 144, 161, 162, 143, 163, 142, 164, 141]
9: [128, 149, 148, 147, 158, 146, 159, 160, 145, 144, 161, 162, 143, 163, 142, 164, 141]
10: [128, 150, 149, 148, 147, 158, 146, 159, 160, 145, 144, 161, 162, 143, 163, 142, 164, 141]
11: [128, 151, 150, 149, 148, 147, 158, 146, 159, 160, 145, 144, 161, 162, 143, 163, 142, 164, 141]
12: [128, 152, 151, 150, 149, 148, 147, 158, 146, 159, 160, 145, 144, 161, 162, 143, 163, 142, 164, 141]
13: [128, 152, 151, 150, 149, 148, 147, 158, 146, 159, 160, 145, 144, 161, 162, 143, 163, 142, 164, 141]
14: [158, 128, 159, 160, 161, 162, 163, 164, 165]
15: [141, 165]
16: [142, 165]
17: [143, 165]
18: [144, 165]
19: [145, 165]
20: [146, 165]
21: [147, 165]
22: [148, 165]
23: [149, 165]
24: [150, 165]
25: [151, 165]
26: [152, 165]
27: [128, 152, 151, 150, 149, 148, 147, 158, 146, 159, 160, 145, 144, 161, 162, 143, 163, 142, 164, 141, 165]
28: [158, 159, 128, 160, 161, 162, 163, 164, 165, 166]
29: [141, 166]
30: [142, 166]
31: [143, 166]
32: [144, 166]
33: [145, 166]
34: [146, 166]
35: [147, 166]
36: [148, 166]
37: [149, 166]
38: [150, 166]
39: [151, 166]
40: [152, 166]
41: [128, 152, 151, 150, 149, 148, 147, 158, 146, 159, 160, 145, 144, 161, 162, 143, 163, 166, 142, 164, 141, 165]
42: [158, 159, 160, 128, 161, 162, 163, 164, 165, 166, 167]
43: [141, 167]
44: [142, 167]
45: [143, 167]
46: [144, 167]
47: [145, 167]
48: [146, 167]
49: [147, 167]
50: [148, 167]
51: [149, 167]
52: [150, 167]
53: [151, 167]
54: [152, 167]
55: [128, 152, 151, 150, 149, 148, 147, 158, 146, 159, 160, 145, 144, 161, 167, 162, 143, 163, 166, 142, 164, 141, 165]
56: [158, 159, 160, 161, 128, 162, 163, 164, 168, 165, 166, 167]
57: [141, 168]
58: [142, 168]
59: [143, 168]
60: [144, 168]
61: [145, 168]
62: [146, 168]
63: [147, 168]
64: [148, 168]
65: [149, 168]
66: [150, 168]
67: [151, 168]
68: [152, 168]
69: [128, 152, 151, 150, 149, 148, 147, 158, 146, 159, 160, 145, 144, 161, 168, 167, 162, 143, 163, 166, 142, 164, 141, 165]
70: [158, 159, 160, 161, 162, 128, 163, 164, 165, 166, 167, 168, 169]
71: [141, 169]
72: [142, 169]
73: [143, 169]
74: [144, 169]
75: [145, 169]
76: [146, 169]
77: [147, 169]
78: [148, 169]
79: [149, 169]
80: [150, 169]
81: [151, 169]
82: [152, 169]
83: [128, 152, 151, 150, 149, 148, 147, 158, 146, 159, 160, 145, 169, 144, 161, 168, 167, 162, 143, 163, 166, 142, 164, 141, 165]
84: [158, 159, 160, 161, 162, 163, 128, 164, 165, 166, 167, 168, 169, 170]
85: [158, 141, 170]
86: [158, 142, 170]
87: [158, 143, 170]
88: [158, 144, 170]
89: [158, 145, 170]
90: [158, 146, 170]
91: [158, 147, 170]
92: [158, 148, 170]
93: [158, 149, 170]
94: [158, 150, 170]
95: [158, 151, 170]
96: [158, 152, 170]
97: []
98: [159, 160, 161, 162, 163, 164, 128, 165, 166, 167, 168, 169, 170]
99: [159, 141]
100: [159, 142]
101: [159, 143]
102: [159, 144]
103: [159, 145]
104: [159, 146]
105: [159, 147]
106: [159, 148]
107: [159, 149]
108: [159, 150]
109: [159, 151]
110: [159, 152]
111: [141, 142, 143, 144, 145, 146, 147, 148, 149, 150, 151, 152, 159, 160, 161, 162, 163, 164, 165, 166, 167, 168, 169, 170, 128]
112: [160, 161, 162, 163, 164, 165, 166, 167, 168, 169, 170, 128]
113: [160, 141]
114: [160, 142]
115: [160, 143]
116: [160, 144]
117: [160, 145]
118: [160, 146]
119: [160, 147]
120: [160, 148]
121: [160, 149]
122: [160, 150]
123: [160, 151]
124: [160, 152]
125: [141, 142, 143, 144, 145, 146, 147, 148, 149, 150, 151, 152, 160, 161, 162, 163, 164, 165, 166, 167, 168, 169, 170, 128]
126: [161, 162, 163, 164, 165, 166, 167, 168, 169, 170, 128]
127: [161, 141]
128: [161, 142]
129: [161, 143]
130: [161, 144]
131: [161, 145]
132: [161, 146]
133: [161, 147]
134: [161, 148]
135: [161, 149]
136: [161, 150]
137: [161, 151]
138: [161, 152]
139: [141, 142, 143, 144, 145, 146, 147, 148, 149, 150, 151, 152, 161, 162, 163, 164, 165, 166, 167, 168, 169, 170, 128]
140: [162, 163, 164, 165, 166, 167, 168, 169, 170, 128]
141: [162, 141]
142: [162, 142]
143: [162, 143]
144: [162, 144]
145: [162, 145]
146: [162, 146]
147: [162, 147]
148: [162, 148]
149: [162, 149]
150: [162, 150]
151: [162, 151]
152: [162, 152]
153: [141, 142, 143, 144, 145, 146, 147, 148, 149, 150, 151, 152, 162, 163, 164, 165, 166, 167, 168, 169, 170, 128]
154: [163, 164, 165, 166, 167, 168, 169, 170, 128]
155: [163, 141]
156: [163, 142]
157: [163, 143]
158: [163, 144]
159: [163, 145]
160: [163, 146]
161: [163, 147]
162: [163, 148]
163: [163, 149]
164: [163, 150]
165: [163, 151]
166: [163, 152]
167: [141, 142, 143, 144, 145, 146, 147, 148, 149, 150, 151, 152, 163, 164, 165, 166, 167, 168, 169, 170, 128]
168: [164, 165, 166, 167, 168, 169, 170, 128]
169: [164, 141]
170: [164, 142]
171: [164, 143]
172: [164, 144]
173: [164, 145]
174: [164, 146]
175: [164, 147]
176: [164, 148]
177: [164, 149]
178: [164, 150]
179: [164, 151]
180: [164, 152]
181: [141, 142, 143, 144, 145, 146, 147, 148, 149, 150, 151, 152, 164, 165, 166, 167, 168, 169, 170, 128]
182: [165, 166, 167, 168, 169, 170, 128]
183: [165, 166, 167, 168, 169, 170, 141, 128]
184: [165, 166, 167, 168, 169, 170, 141, 142, 128]
185: [165, 166, 167, 168, 169, 170, 141, 142, 143, 128]
186: [165, 166, 167, 168, 169, 170, 141, 142, 143, 144, 128]
187: [165, 166, 167, 168, 169, 170, 141, 142, 143, 144, 145, 128]
188: [165, 166, 167, 168, 169, 170, 141, 142, 143, 144, 145, 146, 128]
189: [165, 166, 167, 168, 169, 170, 141, 142, 143, 144, 145, 146, 147, 128]
190: [165, 166, 167, 168, 169, 170, 141, 142, 143, 144, 145, 146, 147, 148, 128]
191: [165, 166, 167, 168, 169, 170, 141, 142, 143, 144, 145, 146, 147, 148, 149, 128]
192: [165, 166, 167, 168, 169, 170, 141, 142, 143, 144, 145, 146, 147, 148, 149, 150, 128]
193: [165, 166, 167, 168, 169, 170, 141, 142, 143, 144, 145, 146, 147, 148, 149, 150, 151, 128]
194: [165, 166, 167, 168, 169, 170, 141, 142, 143, 144, 145, 146, 147, 148, 149, 150, 151, 152, 128]
195: [165, 166, 167, 168, 169, 170, 141, 142, 143, 144, 145, 146, 147, 148, 149, 150, 151, 152, 128]
98
0: [160, 129, 130, 131, 132, 133, 134, 135, 136, 137, 138, 139, 140, 161, 162, 163, 164, 159, 128]
1: [160, 129, 130, 131, 132, 133, 134, 135, 136, 137, 138, 139, 140, 161, 162, 163, 164, 159, 128]
2: [160, 161, 130, 131, 132, 133, 134, 135, 136, 137, 138, 139, 140, 164, 162, 163, 159, 128]
3: [160, 161, 162, 131, 132, 133, 134, 135, 136, 137, 138, 139, 140, 164, 163, 159, 128]
4: [160, 161, 162, 163, 132, 133, 134, 135, 136, 137, 138, 139, 140, 164, 159, 128]
5: [160, 161, 162, 163, 164, 133, 134, 135, 136, 137, 138, 139, 140, 159, 128]
6: [160, 161, 162, 163, 164, 134, 135, 136, 137, 138, 139, 140, 159, 128]
7: [160, 161, 162, 163, 164, 135, 136, 137, 138, 139, 140, 159, 128]
8: [160, 161, 162, 163, 164, 136, 137, 138, 139, 140, 159, 128]
9: [160, 161, 162, 163, 164, 137, 138, 139, 140, 159, 128]
10: [160, 161, 162, 163, 164, 138, 139, 140, 159, 128]
11: [160, 161, 162, 163, 164, 139, 140, 159, 128]
12: [160, 161, 162, 163, 164, 140, 159, 128]
13: [160, 161, 162, 163, 164, 159, 128]
14: [129, 130, 131, 132, 133, 134, 135, 136, 137, 138, 139, 140, 159, 160, 161, 162, 163, 164, 165, 128]
15: [165, 129]
16: [165, 130]
17: [165, 131]
18: [165, 132]
19: [165, 133]
20: [165, 134]
21: [165, 135]
22: [165, 136]
23: [165, 137]
24: [165, 138]
25: [165, 139]
26: [165, 140]
27: [165, 160, 161, 162, 163, 164, 159, 128]
28: [129, 130, 131, 132, 133, 134, 135, 136, 137, 138, 139, 140, 159, 160, 161, 162, 163, 164, 165, 166, 128]
29: [166, 129]
30: [166, 130]
31: [166, 131]
32: [166, 132]
33: [166, 133]
34: [166, 134]
35: [166, 135]
36: [166, 136]
37: [166, 137]
38: [166, 138]
39: [166, 139]
40: [166, 140]
41: [166, 165, 160, 161, 162, 163, 164, 159, 128]
42: [129, 130, 131, 132, 133, 134, 135, 136, 137, 138, 139, 140, 159, 160, 161, 162, 163, 164, 165, 166, 167, 128]
43: [167, 129]
44: [167, 130]
45: [167, 131]
46: [167, 132]
47: [167, 133]
48: [167, 134]
49: [167, 135]
50: [167, 136]
51: [167, 137]
52: [167, 138]
53: [167, 139]
54: [167, 140]
55: [167, 166, 165, 160, 161, 162, 163, 164, 159, 128]
56: [129, 130, 131, 132, 133, 134, 135, 136, 137, 138, 139, 140, 159, 160, 161, 162, 163, 164, 165, 166, 167, 168, 128]
57: [168, 129]
58: [168, 130]
59: [168, 131]
60: [168, 132]
61: [168, 133]
62: [168, 134]
63: [168, 135]
64: [168, 136]
65: [168, 137]
66: [168, 138]
67: [168, 139]
68: [168, 140]
69: [168, 167, 166, 165, 160, 161, 162, 163, 164, 159, 128]
70: [129, 130, 131, 132, 133, 134, 135, 136, 137, 138, 139, 140, 159, 160, 161, 162, 163, 164, 165, 166, 167, 168, 169, 128]
71: [169, 129]
72: [169, 130]
73: [169, 131]
74: [169, 132]
75: [169, 133]
76: [169, 134]
77: [169, 135]
78: [169, 136]
79: [169, 137]
80: [169, 138]
81: [169, 139]
82: [169, 140]
83: [169, 168, 167, 166, 165, 160, 161, 162, 163, 164, 159, 128]
84: [129, 130, 131, 132, 133, 134, 135, 136, 137, 138, 139, 140, 159, 160, 161, 162, 163, 164, 165, 166, 167, 168, 169, 170, 128]
85: [170, 129]
86: [170, 130]
87: [170, 131]
88: [170, 132]
89: [170, 133]
90: [170, 134]
91: [170, 135]
92: [170, 136]
93: [170, 137]
94: [170, 138]
95: [170, 139]
96: [170, 140]
97: [170, 169, 168, 167, 166, 165, 128, 161, 162, 160, 163, 164, 159]
98: []
99: [171, 129, 159]
100: [171, 130, 159]
101: [171, 131, 159]
102: [171, 132, 159]
103: [171, 133, 159]
104: [171, 134, 159]
105: [171, 135, 159]
106: [171, 136, 159]
107: [171, 137, 159]
108: [171, 138, 159]
109: [171, 139, 159]
110: [171, 140, 159]
111: [171, 170, 169, 168, 167, 166, 128, 165, 160, 161, 162, 163, 164, 159]
112: [128, 129, 130, 131, 132, 133, 171, 134, 170, 135, 136, 169, 160, 168, 137, 161, 162, 138, 167, 139, 163, 166, 164, 140, 165]
113: [129, 160]
114: [130, 160]
115: [131, 160]
116: [132, 160]
117: [133, 160]
118: [134, 160]
119: [135, 160]
120: [136, 160]
121: [137, 160]
122: [138, 160]
123: [139, 160]
124: [140, 160]
125: [171, 170, 169, 168, 167, 128, 166, 165, 160, 161, 162, 163, 164]
126: [128, 129, 130, 131, 132, 133, 171, 134, 170, 135, 136, 169, 168, 137, 161, 162, 138, 167, 139, 163, 166, 164, 140, 165]
127: [129, 161]
128: [130, 161]
129: [131, 161]
130: [132, 161]
131: [133, 161]
132: [134, 161]
133: [135, 161]
134: [136, 161]
135: [137, 161]
136: [138, 161]
137: [139, 161]
138: [140, 161]
139: [171, 170, 169, 168, 128, 167, 166, 165, 161, 162, 163, 164]
140: [128, 129, 130, 131, 132, 133, 171, 134, 170, 135, 136, 169, 168, 137, 162, 138, 167, 139, 163, 166, 164, 140, 165]
141: [129, 162]
142: [130, 162]
143: [131, 162]
144: [132, 162]
145: [133, 162]
146: [134, 162]
147: [135, 162]
148: [136, 162]
149: [137, 162]
150: [138, 162]
151: [139, 162]
152: [140, 162]
153: [171, 170, 169, 128, 168, 167, 166, 165, 162, 163, 164]
154: [128, 129, 130, 131, 132, 133, 171, 134, 170, 135, 136, 169, 168, 137, 138, 167, 139, 163, 166, 164, 140, 165]
155: [129, 163]
156: [130, 163]
157: [131, 163]
158: [132, 163]
159: [133, 163]
160: [134, 163]
161: [135, 163]
162: [136, 163]
163: [137, 163]
164: [138, 163]
165: [139, 163]
166: [140, 163]
167: [171, 170, 128, 169, 168, 167, 166, 165, 163, 164]
168: [128, 129, 130, 131, 132, 133, 171, 134, 170, 135, 136, 169, 168, 137, 138, 167, 139, 166, 164, 140, 165]
169: [129, 164]
170: [130, 164]
171: [131, 164]
172: [132, 164]
173: [133, 164]
174: [134, 164]
175: [135, 164]
176: [136, 164]
177: [137, 164]
178: [138, 164]
179: [139, 164]
180: [140, 164]
181: [171, 128, 170, 169, 168, 167, 166, 165, 164]
182: [128, 129, 130, 131, 132, 133, 171, 134, 170, 135, 136, 169, 168, 137, 138, 167, 139, 166, 140, 165]
183: [128, 129, 130, 131, 132, 133, 171, 134, 170, 135, 136, 169, 168, 137, 138, 167, 139, 166, 140, 165]
184: [128, 130, 131, 132, 133, 171, 134, 170, 135, 136, 169, 168, 137, 138, 167, 139, 166, 140, 165]
185: [128, 131, 132, 133, 171, 134, 170, 135, 136, 169, 168, 137, 138, 167, 139, 166, 140, 165]
186: [128, 132, 133, 171, 134, 170, 135, 136, 169, 168, 137, 138, 167, 139, 166, 140, 165]
187: [128, 133, 171, 134, 170, 135, 136, 169, 168, 137, 138, 167, 139, 166, 140, 165]
188: [128, 171, 134, 170, 135, 136, 169, 168, 137, 138, 167, 139, 166, 140, 165]
189: [128, 171, 170, 135, 136, 169, 168, 137, 138, 167, 139, 166, 140, 165]
190: [128, 171, 170, 136, 169, 168, 137, 138, 167, 139, 166, 140, 165]
191: [128, 171, 170, 169, 168, 137, 138, 167, 139, 166, 140, 165]
192: [128, 171, 170, 169, 168, 138, 167, 139, 166, 140, 165]
193: [128, 171, 170, 169, 168, 167, 139, 166, 140, 165]
194: [128, 171, 170, 169, 168, 167, 166, 140, 165]
195: [128, 171, 170, 169, 168, 167, 166, 165]
99
0: [159, 129]
1: [141, 159, 129]
2: [141, 159]
3: [141, 159]
4: [141, 159]
5: [141, 159]
6: [141, 159]
7: [141, 159]
8: [141, 159]
9: [141, 159]
10: [141, 159]
11: [141, 159]
12: [141, 159]
13: [141, 159]
14: [159, 129]
15: [96, 97, 113, 114, 115, 116, 117, 88, 89, 90, 91, 92, 93, 94, 95, 87]
16: [96, 97, 113, 114, 115, 116, 117, 88, 89, 90, 91, 92, 93, 94, 95, 87]
17: [96, 97, 113, 114, 115, 116, 117, 89, 90, 91, 92, 93, 94, 95, 87]
18: [96, 97, 113, 114, 115, 116, 117, 90, 91, 92, 93, 94, 95, 87]
19: [96, 97, 113, 114, 115, 116, 117, 91, 92, 93, 94, 95, 87]
20: [96, 97, 113, 114, 115, 116, 117, 92, 93, 94, 95, 87]
21: [96, 97, 113, 114, 115, 116, 117, 93, 94, 95, 87]
22: [96, 97, 113, 114, 115, 116, 117, 94, 95, 87]
23: [96, 97, 113, 114, 115, 116, 117, 95, 87]
24: [96, 97, 113, 114, 115, 116, 117, 87]
25: [97, 113, 114, 115, 116, 117, 87]
26: [113, 114, 115, 116, 117, 87]
27: [141, 159]
28: [159, 129]
29: [96, 97, 113, 114, 115, 116, 117, 118, 88, 89, 90, 91, 92, 93, 94, 95, 87]
30: [118, 88]
31: [118, 89]
32: [118, 90]
33: [118, 91]
34: [118, 92]
35: [118, 93]
36: [118, 94]
37: [118, 95]
38: [118, 96]
39: [118, 97]
40: [118, 113, 114, 115, 116, 117, 87]
41: [141, 159]
42: [159, 129]
43: [96, 97, 113, 114, 115, 116, 117, 118, 119, 88, 89, 90, 91, 92, 93, 94, 95, 87]
44: [119, 88]
45: [119, 89]
46: [119, 90]
47: [119, 91]
48: [119, 92]
49: [119, 93]
50: [119, 94]
51: [119, 95]
52: [119, 96]
53: [119, 97]
54: [119, 118, 113, 114, 115, 116, 117, 87]
55: [141, 159]
56: [159, 129]
57: [96, 97, 120, 113, 114, 115, 116, 117, 118, 119, 88, 89, 90, 91, 92, 93, 94, 95, 87]
58: [120, 88]
59: [120, 89]
60: [120, 90]
61: [120, 91]
62: [120, 92]
63: [120, 93]
64: [120, 94]
65: [120, 95]
66: [120, 96]
67: [120, 97]
68: [120, 119, 118, 113, 114, 115, 116, 117, 87]
69: [141, 159]
70: [159, 129]
71: [88, 89, 90, 91, 92, 93, 94, 95, 96, 97, 113, 114, 115, 116, 117, 118, 119, 120, 121, 87]
72: [121, 88]
73: [121, 89]
74: [121, 90]
75: [121, 91]
76: [121, 92]
77: [121, 93]
78: [121, 94]
79: [121, 95]
80: [121, 96]
81: [121, 97]
82: [121, 120, 119, 118, 113, 114, 115, 116, 117, 87]
83: [141, 159]
84: [159, 129]
85: [88, 89, 90, 91, 92, 93, 94, 95, 96, 97, 113, 114, 115, 116, 117, 118, 119, 120, 121, 122, 87]
86: [122, 88]
87: [122, 89]
88: [122, 90]
89: [122, 91]
90: [122, 92]
91: [122, 93]
92: [122, 94]
93: [122, 95]
94: [122, 96]
95: [122, 97]
96: [122, 121, 120, 119, 118, 113, 114, 115, 116, 117, 87]
97: [141, 159]
98: [159, 129, 171]
99: []
100: [123, 88, 113]
101: [123, 89, 113]
102: [123, 90, 113]
103: [123, 91, 113]
104: [123, 92, 113]
105: [123, 93, 113]
106: [123, 94, 113]
107: [123, 95, 113]
108: [123, 96, 113]
109: [123, 97, 113]
110: [123, 122, 121, 120, 119, 118, 87, 113, 114, 115, 116, 117]
111: [171, 141, 159]
112: [129, 171]
113: [87, 88, 89, 90, 91, 123, 92, 122, 93, 121, 114, 94, 120, 115, 95, 96, 116, 119, 97, 117, 118]
114: [88, 114]
115: [89, 114]
116: [90, 114]
117: [91, 114]
118: [92, 114]
119: [93, 114]
120: [94, 114]
121: [95, 114]
122: [96, 114]
123: [97, 114]
124: [123, 122, 121, 120, 119, 87, 118, 114, 115, 116, 117]
125: [171, 141]
126: [129, 171]
127: [87, 88, 89, 90, 91, 123, 92, 122, 93, 121, 94, 120, 115, 95, 96, 116, 119, 97, 117, 118]
128: [88, 115]
129: [89, 115]
130: [90, 115]
131: [91, 115]
132: [92, 115]
133: [93, 115]
134: [94, 115]
135: [95, 115]
136: [96, 115]
137: [97, 115]
138: [123, 122, 121, 120, 87, 119, 118, 115, 116, 117]
139: [171, 141]
140: [129, 171]
141: [87, 88, 89, 90, 91, 123, 92, 122, 93, 121, 94, 120, 95, 96, 116, 119, 97, 117, 118]
142: [88, 116]
143: [89, 116]
144: [90, 116]
145: [91, 116]
146: [92, 116]
147: [93, 116]
148: [94, 116]
149: [95, 116]
150: [96, 116]
151: [97, 116]
152: [123, 122, 121, 87, 120, 119, 118, 116, 117]
153: [171, 141]
154: [129, 171]
155: [87, 88, 89, 90, 91, 123, 92, 122, 93, 121, 94, 120, 95, 96, 119, 97, 117, 118]
156: [88, 117]
157: [89, 117]
158: [90, 117]
159: [91, 117]
160: [92, 117]
161: [93, 117]
162: [94, 117]
163: [95, 117]
164: [96, 117]
165: [97, 117]
166: [123, 122, 87, 121, 120, 119, 118, 117]
167: [171, 141]
168: [129, 171]
169: [87, 88, 89, 90, 91, 123, 92, 122, 93, 121, 94, 120, 95, 96, 119, 97, 118]
170: [87, 88, 89, 90, 91, 123, 92, 122, 93, 121, 94, 120, 95, 96, 119, 97, 118]
171: [87, 89, 90, 91, 123, 92, 122, 93, 121, 94, 120, 95, 96, 119, 97, 118]
172: [87, 90, 91, 123, 92, 122, 93, 121, 94, 120, 95, 96, 119, 97, 118]
173: [87, 91, 123, 92, 122, 93, 121, 94, 120, 95, 96, 119, 97, 118]
174: [87, 123, 92, 122, 93, 121, 94, 120, 95, 96, 119, 97, 118]
175: [87, 123, 122, 93, 121, 94, 120, 95, 96, 119, 97, 118]
176: [87, 123, 122, 121, 94, 120, 95, 96, 119, 97, 118]
177: [87, 123, 122, 121, 120, 95, 96, 119, 97, 118]
178: [87, 123, 122, 121, 120, 96, 119, 97, 118]
179: [87, 123, 122, 121, 120, 119, 97, 118]
180: [123, 87, 122, 121, 120, 119, 118]
181: [171, 141]
182: [129, 171]
183: [129, 171, 141]
184: [171, 141]
185: [171, 141]
186: [171, 141]
187: [171, 141]
188: [171, 141]
189: [171, 141]
190: [171, 141]
191: [171, 141]
192: [171, 141]
193: [171, 141]
194: [171, 141]
195: [171, 141]
100
0: [159, 130]
1: [159, 130]
2: [142, 159, 130]
3: [142, 159]
4: [142, 159]
5: [142, 159]
6: [142, 159]
7: [142, 159]
8: [142, 159]
9: [142, 159]
10: [142, 159]
11: [142, 159]
12: [142, 159]
13: [142, 159]
14: [159, 130]
15: [113, 88]
16: [98, 113, 88]
17: [98, 113]
18: [98, 113]
19: [98, 113]
20: [98, 113]
21: [98, 113]
22: [98, 113]
23: [98, 113]
24: [98, 113]
25: [98, 113]
26: [98, 113]
27: [142, 159]
28: [159, 130]
29: [113, 88]
30: [75, 76, 77, 78, 55, 56, 57, 58, 59, 60, 61, 62, 54]
31: [75, 76, 77, 78, 55, 56, 57, 58, 59, 60, 61, 62, 54]
32: [75, 76, 77, 78, 56, 57, 58, 59, 60, 61, 62, 54]
33: [75, 76, 77, 78, 57, 58, 59, 60, 61, 62, 54]
34: [75, 76, 77, 78, 58, 59, 60, 61, 62, 54]
35: [75, 76, 77, 78, 59, 60, 61, 62, 54]
36: [75, 76, 77, 78, 60, 61, 62, 54]
37: [75, 76, 77, 78, 61, 62, 54]
38: [75, 76, 77, 78, 62, 54]
39: [75, 76, 77, 78, 54]
40: [98, 113]
41: [142, 159]
42: [159, 130]
43: [113, 88]
44: [75, 76, 77, 78, 79, 55, 56, 57, 58, 59, 60, 61, 62, 54]
45: [79, 55]
46: [79, 56]
47: [79, 57]
48: [79, 58]
49: [79, 59]
50: [79, 60]
51: [79, 61]
52: [79, 62]
53: [79, 75, 76, 77, 78, 54]
54: [98, 113]
55: [142, 159]
56: [159, 130]
57: [113, 88]
58: [75, 76, 77, 78, 79, 80, 55, 56, 57, 58, 59, 60, 61, 62, 54]
59: [80, 55]
60: [80, 56]
61: [80, 57]
62: [80, 58]
63: [80, 59]
64: [80, 60]
65: [80, 61]
66: [80, 62]
67: [80, 79, 75, 76, 77, 78, 54]
68: [98, 113]
69: [142, 159]
70: [159, 130]
71: [113, 88]
72: [75, 76, 77, 78, 79, 80, 81, 55, 56, 57, 58, 59, 60, 61, 62, 54]
73: [81, 55]
74: [81, 56]
75: [81, 57]
76: [81, 58]
77: [81, 59]
78: [81, 60]
79: [81, 61]
80: [81, 62]
81: [81, 80, 79, 75, 76, 77, 78, 54]
82: [98, 113]
83: [142, 159]
84: [159, 130]
85: [113, 88]
86: [75, 76, 77, 78, 79, 80, 81, 82, 55, 56, 57, 58, 59, 60, 61, 62, 54]
87: [82, 55]
88: [82, 56]
89: [82, 57]
90: [82, 58]
91: [82, 59]
92: [82, 60]
93: [82, 61]
94: [82, 62]
95: [82, 81, 80, 79, 75, 76, 77, 78, 54]
96: [98, 113]
97: [142, 159]
98: [159, 130, 171]
99: [113, 88, 123]
100: []
101: [83, 55, 75]
102: [83, 56, 75]
103: [83, 57, 75]
104: [83, 58, 75]
105: [83, 59, 75]
106: [83, 60, 75]
107: [83, 61, 75]
108: [83, 62, 75]
109: [83, 82, 81, 80, 54, 79, 75, 76, 77, 78]
110: [123, 98, 113]
111: [171, 142, 159]
112: [130, 171]
113: [88, 123]
114: [54, 55, 56, 57, 58, 83, 82, 59, 81, 60, 76, 80, 77, 61, 78, 62, 79]
115: [55, 76]
116: [56, 76]
117: [57, 76]
118: [58, 76]
119: [59, 76]
120: [60, 76]
121: [61, 76]
122: [62, 76]
123: [83, 82, 81, 80, 54, 79, 76, 77, 78]
124: [123, 98]
125: [171, 142]
126: [130, 171]
127: [88, 123]
128: [54, 55, 56, 57, 58, 83, 82, 59, 81, 60, 80, 77, 61, 78, 62, 79]
129: [55, 77]
130: [56, 77]
131: [57, 77]
132: [58, 77]
133: [59, 77]
134: [60, 77]
135: [61, 77]
136: [62, 77]
137: [83, 82, 81, 54, 80, 79, 77, 78]
138: [123, 98]
139: [171, 142]
140: [130, 171]
141: [88, 123]
142: [54, 55, 56, 57, 58, 83, 82, 59, 81, 60, 80, 61, 78, 62, 79]
143: [55, 78]
144: [56, 78]
145: [57, 78]
146: [58, 78]
147: [59, 78]
148: [60, 78]
149: [61, 78]
150: [62, 78]
151: [83, 82, 54, 81, 80, 79, 78]
152: [123, 98]
153: [171, 142]
154: [130, 171]
155: [88, 123]
156: [54, 55, 56, 57, 58, 83, 82, 59, 81, 60, 80, 61, 62, 79]
157: [54, 55, 56, 57, 58, 83, 82, 59, 81, 60, 80, 61, 62, 79]
158: [54, 56, 57, 58, 83, 82, 59, 81, 60, 80, 61, 62, 79]
159: [54, 57, 58, 83, 82, 59, 81, 60, 80, 61, 62, 79]
160: [54, 58, 83, 82, 59, 81, 60, 80, 61, 62, 79]
161: [54, 83, 82, 59, 81, 60, 80, 61, 62, 79]
162: [54, 83, 82, 81, 60, 80, 61, 62, 79]
163: [54, 83, 82, 81, 80, 61, 62, 79]
164: [54, 83, 82, 81, 80, 62, 79]
165: [83, 54, 82, 81, 80, 79]
166: [123, 98]
167: [171, 142]
168: [130, 171]
169: [88, 123]
170: [88, 123, 98]
171: [123, 98]
172: [123, 98]
173: [123, 98]
174: [123, 98]
175: [123, 98]
176: [123, 98]
177: [123, 98]
178: [123, 98]
179: [123, 98]
180: [123, 98]
181: [171, 142]
182: [130, 171]
183: [130, 171]
184: [130, 171, 142]
185: [171, 142]
186: [171, 142]
187: [171, 142]
188: [171, 142]
189: [171, 142]
190: [171, 142]
191: [171, 142]
192: [171, 142]
193: [171, 142]
194: [171, 142]
195: [171, 142]
101
0: [159, 131]
1: [159, 131]
2: [159, 131]
3: [143, 159, 131]
4: [143, 159]
5: [143, 159]
6: [143, 159]
7: [143, 159]
8: [143, 159]
9: [143, 159]
10: [143, 159]
11: [143, 159]
12: [143, 159]
13: [143, 159]
14: [159, 131]
15: [113, 89]
16: [113, 89]
17: [99, 113, 89]
18: [99, 113]
19: [99, 113]
20: [99, 113]
21: [99, 113]
22: [99, 113]
23: [99, 113]
24: [99, 113]
25: [99, 113]
26: [99, 113]
27: [143, 159]
28: [159, 131]
29: [113, 89]
30: [75, 55]
31: [63, 75, 55]
32: [63, 75]
33: [63, 75]
34: [63, 75]
35: [63, 75]
36: [63, 75]
37: [63, 75]
38: [63, 75]
39: [63, 75]
40: [99, 113]
41: [143, 159]
42: [159, 131]
43: [113, 89]
44: [75, 55]
45: [32, 33, 34, 35, 45, 46, 47, 30, 31, 29]
46: [32, 33, 34, 35, 45, 46, 47, 30, 31, 29]
47: [32, 33, 34, 35, 45, 46, 47, 31, 29]
48: [32, 33, 34, 35, 45, 46, 47, 29]
49: [33, 34, 35, 45, 46, 47, 29]
50: [34, 35, 45, 46, 47, 29]
51: [35, 45, 46, 47, 29]
52: [45, 46, 47, 29]
53: [63, 75]
54: [99, 113]
55: [143, 159]
56: [159, 131]
57: [113, 89]
58: [75, 55]
59: [32, 33, 34, 35, 45, 46, 47, 48, 30, 31, 29]
60: [48, 30]
61: [48, 31]
62: [48, 32]
63: [48, 33]
64: [48, 34]
65: [48, 35]
66: [48, 45, 46, 47, 29]
67: [63, 75]
68: [99, 113]
69: [143, 159]
70: [159, 131]
71: [113, 89]
72: [75, 55]
73: [32, 33, 34, 35, 45, 46, 47, 48, 49, 30, 31, 29]
74: [49, 30]
75: [49, 31]
76: [49, 32]
77: [49, 33]
78: [49, 34]
79: [49, 35]
80: [49, 48, 45, 46, 47, 29]
81: [63, 75]
82: [99, 113]
83: [143, 159]
84: [159, 131]
85: [113, 89]
86: [75, 55]
87: [32, 33, 34, 35, 45, 46, 47, 48, 49, 50, 30, 31, 29]
88: [50, 30]
89: [50, 31]
90: [50, 32]
91: [50, 33]
92: [50, 34]
93: [50, 35]
94: [50, 49, 48, 45, 29, 46, 47]
95: [63, 75]
96: [99, 113]
97: [143, 159]
98: [159, 131, 171]
99: [113, 89, 123]
100: [75, 55, 83]
101: []
102: [51, 30, 45]
103: [51, 31, 45]
104: [51, 32, 45]
105: [51, 33, 45]
106: [51, 34, 45]
107: [51, 35, 45]
108: [51, 50, 49, 48, 29, 45, 46, 47]
109: [83, 63, 75]
110: [123, 99, 113]
111: [171, 143, 159]
112: [131, 171]
113: [89, 123]
114: [55, 83]
115: [29, 30, 31, 32, 51, 33, 50, 49, 34, 46, 48, 35, 47]
116: [30, 46]
117: [31, 46]
118: [32, 46]
119: [33, 46]
120: [34, 46]
121: [35, 46]
122: [51, 50, 49, 29, 48, 46, 47]
123: [83, 63]
124: [123, 99]
125: [171, 143]
126: [131, 171]
127: [89, 123]
128: [55, 83]
129: [29, 30, 31, 32, 51, 33, 50, 49, 34, 48, 35, 47]
130: [30, 47]
131: [31, 47]
132: [32, 47]
133: [33, 47]
134: [34, 47]
135: [35, 47]
136: [51, 50, 29, 49, 48, 47]
137: [83, 63]
138: [123, 99]
139: [171, 143]
140: [131, 171]
141: [89, 123]
142: [55, 83]
143: [29, 30, 31, 32, 51, 33, 50, 49, 34, 48, 35]
144: [29, 30, 31, 32, 51, 33, 50, 49, 34, 48, 35]
145: [29, 31, 32, 51, 33, 50, 49, 34, 48, 35]
146: [29, 32, 51, 33, 50, 49, 34, 48, 35]
147: [29, 51, 33, 50, 49, 34, 48, 35]
148: [29, 51, 50, 49, 34, 48, 35]
149: [29, 51, 50, 49, 48, 35]
150: [51, 29, 50, 49, 48]
151: [83, 63]
152: [123, 99]
153: [171, 143]
154: [131, 171]
155: [89, 123]
156: [55, 83]
157: [55, 83, 63]
158: [83, 63]
159: [83, 63]
160: [83, 63]
161: [83, 63]
162: [83, 63]
163: [83, 63]
164: [83, 63]
165: [83, 63]
166: [123, 99]
167: [171, 143]
168: [131, 171]
169: [89, 123]
170: [89, 123]
171: [89, 123, 99]
172: [123, 99]
173: [123, 99]
174: [123, 99]
175: [123, 99]
176: [123, 99]
177: [123, 99]
178: [123, 99]
179: [123, 99]
180: [123, 99]
181: [171, 143]
182: [131, 171]
183: [131, 171]
184: [131, 171]
185: [131, 171, 143]
186: [171, 143]
187: [171, 143]
188: [171, 143]
189: [171, 143]
190: [171, 143]
191: [171, 143]
192: [171, 143]
193: [171, 143]
194: [171, 143]
195: [171, 143]
102
0: [159, 132]
1: [159, 132]
2: [159, 132]
3: [159, 132]
4: [144, 159, 132]
5: [144, 159]
6: [144, 159]
7: [144, 159]
8: [144, 159]
9: [144, 159]
10: [144, 159]
11: [144, 159]
12: [144, 159]
13: [144, 159]
14: [159, 132]
15: [113, 90]
16: [113, 90]
17: [113, 90]
18: [100, 113, 90]
19: [100, 113]
20: [100, 113]
21: [100, 113]
22: [100, 113]
23: [100, 113]
24: [100, 113]
25: [100, 113]
26: [100, 113]
27: [144, 159]
28: [159, 132]
29: [113, 90]
30: [75, 56]
31: [75, 56]
32: [64, 75, 56]
33: [64, 75]
34: [64, 75]
35: [64, 75]
36: [64, 75]
37: [64, 75]
38: [64, 75]
39: [64, 75]
40: [100, 113]
41: [144, 159]
42: [159, 132]
43: [113, 90]
44: [75, 56]
45: [45, 30]
46: [36, 45, 30]
47: [36, 45]
48: [36, 45]
49: [36, 45]
50: [36, 45]
51: [36, 45]
52: [36, 45]
53: [64, 75]
54: [100, 113]
55: [144, 159]
56: [159, 132]
57: [113, 90]
58: [75, 56]
59: [45, 30]
60: [13, 14, 15, 16, 23, 24, 12]
61: [13, 14, 15, 16, 23, 24, 12]
62: [14, 15, 16, 23, 24, 12]
63: [16, 24, 23, 15, 12]
64: [16, 24, 23, 12]
65: [24, 23, 12]
66: [36, 45]
67: [64, 75]
68: [100, 113]
69: [144, 159]
70: [159, 132]
71: [113, 90]
72: [75, 56]
73: [45, 30]
74: [13, 14, 15, 16, 23, 24, 25, 12]
75: [25, 13]
76: [25, 14]
77: [25, 15]
78: [25, 16]
79: [25, 24, 23, 12]
80: [36, 45]
81: [64, 75]
82: [100, 113]
83: [144, 159]
84: [159, 132]
85: [113, 90]
86: [75, 56]
87: [45, 30]
88: [13, 14, 15, 16, 23, 24, 25, 26, 12]
89: [26, 13]
90: [26, 14]
91: [26, 15]
92: [26, 16]
93: [26, 25, 24, 12, 23]
94: [36, 45]
95: [64, 75]
96: [100, 113]
97: [144, 159]
98: [159, 132, 171]
99: [113, 90, 123]
100: [75, 56, 83]
101: [45, 30, 51]
102: []
103: [27, 13, 23]
104: [27, 14, 23]
105: [27, 15, 23]
106: [27, 16, 23]
107: [27, 26, 25, 12, 24, 23]
108: [51, 36, 45]
109: [83, 64, 75]
110: [123, 100, 113]
111: [171, 144, 159]
112: [132, 171]
113: [90, 123]
114: [56, 83]
115: [30, 51]
116: [12, 13, 27, 14, 26, 15, 16, 24, 25]
117: [13, 24]
118: [14, 24]
119: [15, 24]
120: [16, 24]
121: [27, 26, 12, 25, 24]
122: [51, 36]
123: [83, 64]
124: [123, 100]
125: [171, 144]
126: [132, 171]
127: [90, 123]
128: [56, 83]
129: [30, 51]
130: [12, 13, 27, 14, 26, 15, 16, 25]
131: [12, 13, 27, 14, 26, 15, 16, 25]
132: [12, 27, 14, 26, 15, 16, 25]
133: [12, 27, 26, 15, 16, 25]
134: [12, 27, 26, 16, 25]
135: [27, 12, 26, 25]
136: [51, 36]
137: [83, 64]
138: [123, 100]
139: [171, 144]
140: [132, 171]
141: [90, 123]
142: [56, 83]
143: [30, 51]
144: [30, 51, 36]
145: [51, 36]
146: [51, 36]
147: [51, 36]
148: [51, 36]
149: [51, 36]
150: [51, 36]
151: [83, 64]
152: [123, 100]
153: [171, 144]
154: [132, 171]
155: [90, 123]
156: [56, 83]
157: [56, 83]
158: [56, 83, 64]
159: [83, 64]
160: [83, 64]
161: [83, 64]
162: [83, 64]
163: [83, 64]
164: [83, 64]
165: [83, 64]
166: [123, 100]
167: [171, 144]
168: [132, 171]
169: [90, 123]
170: [90, 123]
171: [90, 123]
172: [90, 123, 100]
173: [123, 100]
174: [123, 100]
175: [123, 100]
176: [123, 100]
177: [123, 100]
178: [123, 100]
179: [123, 100]
180: [123, 100]
181: [171, 144]
182: [132, 171]
183: [132, 171]
184: [132, 171]
185: [132, 171]
186: [132, 171, 144]
187: [171, 144]
188: [171, 144]
189: [171, 144]
190: [171, 144]
191: [171, 144]
192: [171, 144]
193: [171, 144]
194: [171, 144]
195: [171, 144]
103
0: [159, 133]
1: [159, 133]
2: [159, 133]
3: [159, 133]
4: [159, 133]
5: [145, 159, 133]
6: [145, 159]
7: [145, 159]
8: [145, 159]
9: [145, 159]
10: [145, 159]
11: [145, 159]
12: [145, 159]
13: [145, 159]
14: [159, 133]
15: [113, 91]
16: [113, 91]
17: [113, 91]
18: [113, 91]
19: [101, 113, 91]
20: [101, 113]
21: [101, 113]
22: [101, 113]
23: [101, 113]
24: [101, 113]
25: [101, 113]
26: [101, 113]
27: [145, 159]
28: [159, 133]
29: [113, 91]
30: [75, 57]
31: [75, 57]
32: [75, 57]
33: [65, 75, 57]
34: [65, 75]
35: [65, 75]
36: [65, 75]
37: [65, 75]
38: [65, 75]
39: [65, 75]
40: [101, 113]
41: [145, 159]
42: [159, 133]
43: [113, 91]
44: [75, 57]
45: [45, 31]
46: [45, 31]
47: [37, 45, 31]
48: [37, 45]
49: [37, 45]
50: [37, 45]
51: [37, 45]
52: [37, 45]
53: [65, 75]
54: [101, 113]
55: [145, 159]
56: [159, 133]
57: [113, 91]
58: [75, 57]
59: [45, 31]
60: [23, 13]
61: [17, 23, 13]
62: [17, 23]
63: [17, 23]
64: [17, 23]
65: [17, 23]
66: [37, 45]
67: [65, 75]
68: [101, 113]
69: [145, 159]
70: [159, 133]
71: [113, 91]
72: [75, 57]
73: [45, 31]
74: [23, 13]
75: [9, 4, 5, 3]
76: [9, 4, 5, 3]
77: [9, 5, 3]
78: [9, 3]
79: [17, 23]
80: [37, 45]
81: [65, 75]
82: [101, 113]
83: [145, 159]
84: [159, 133]
85: [113, 91]
86: [75, 57]
87: [45, 31]
88: [23, 13]
89: [9, 10, 4, 5, 3]
90: [10, 4]
91: [10, 5]
92: [10, 9, 3]
93: [17, 23]
94: [37, 45]
95: [65, 75]
96: [101, 113]
97: [145, 159]
98: [159, 133, 171]
99: [113, 91, 123]
100: [75, 57, 83]
101: [45, 31, 51]
102: [23, 13, 27]
103: []
104: [11, 4, 9]
105: [11, 5, 9]
106: [11, 10, 3, 9]
107: [27, 17, 23]
108: [51, 37, 45]
109: [83, 65, 75]
110: [123, 101, 113]
111: [171, 145, 159]
112: [133, 171]
113: [91, 123]
114: [57, 83]
115: [31, 51]
116: [13, 27]
117: [3, 11, 4, 10, 5]
118: [3, 11, 4, 10, 5]
119: [3, 11, 10, 5]
120: [11, 3, 10]
121: [27, 17]
122: [51, 37]
123: [83, 65]
124: [123, 101]
125: [171, 145]
126: [133, 171]
127: [91, 123]
128: [57, 83]
129: [31, 51]
130: [13, 27]
131: [13, 27, 17]
132: [27, 17]
133: [27, 17]
134: [27, 17]
135: [27, 17]
136: [51, 37]
137: [83, 65]
138: [123, 101]
139: [171, 145]
140: [133, 171]
141: [91, 123]
142: [57, 83]
143: [31, 51]
144: [31, 51]
145: [31, 51, 37]
146: [51, 37]
147: [51, 37]
148: [51, 37]
149: [51, 37]
150: [51, 37]
151: [83, 65]
152: [123, 101]
153: [171, 145]
154: [133, 171]
155: [91, 123]
156: [57, 83]
157: [57, 83]
158: [57, 83]
159: [57, 83, 65]
160: [83, 65]
161: [83, 65]
162: [83, 65]
163: [83, 65]
164: [83, 65]
165: [83, 65]
166: [123, 101]
167: [171, 145]
168: [133, 171]
169: [91, 123]
170: [91, 123]
171: [91, 123]
172: [91, 123]
173: [91, 123, 101]
174: [123, 101]
175: [123, 101]
176: [123, 101]
177: [123, 101]
178: [123, 101]
179: [123, 101]
180: [123, 101]
181: [171, 145]
182: [133, 171]
183: [133, 171]
184: [133, 171]
185: [133, 171]
186: [133, 171]
187: [133, 171, 145]
188: [171, 145]
189: [171, 145]
190: [171, 145]
191: [171, 145]
192: [171, 145]
193: [171, 145]
194: [171, 145]
195: [171, 145]
104
0: [159, 134]
1: [159, 134]
2: [159, 134]
3: [159, 134]
4: [159, 134]
5: [159, 134]
6: [146, 159, 134]
7: [146, 159]
8: [146, 159]
9: [146, 159]
10: [146, 159]
11: [146, 159]
12: [146, 159]
13: [146, 159]
14: [159, 134]
15: [113, 92]
16: [113, 92]
17: [113, 92]
18: [113, 92]
19: [113, 92]
20: [102, 113, 92]
21: [102, 113]
22: [102, 113]
23: [102, 113]
24: [102, 113]
25: [102, 113]
26: [102, 113]
27: [146, 159]
28: [159, 134]
29: [113, 92]
30: [75, 58]
31: [75, 58]
32: [75, 58]
33: [75, 58]
34: [66, 75, 58]
35: [66, 75]
36: [66, 75]
37: [66, 75]
38: [66, 75]
39: [66, 75]
40: [102, 113]
41: [146, 159]
42: [159, 134]
43: [113, 92]
44: [75, 58]
45: [45, 32]
46: [45, 32]
47: [45, 32]
48: [38, 45, 32]
49: [38, 45]
50: [38, 45]
51: [38, 45]
52: [38, 45]
53: [66, 75]
54: [102, 113]
55: [146, 159]
56: [159, 134]
57: [113, 92]
58: [75, 58]
59: [45, 32]
60: [23, 14]
61: [23, 14]
62: [18, 23, 14]
63: [18, 23]
64: [18, 23]
65: [18, 23]
66: [38, 45]
67: [66, 75]
68: [102, 113]
69: [146, 159]
70: [159, 134]
71: [113, 92]
72: [75, 58]
73: [45, 32]
74: [23, 14]
75: [9, 4]
76: [6, 9, 4]
77: [6, 9]
78: [6, 9]
79: [18, 23]
80: [38, 45]
81: [66, 75]
82: [102, 113]
83: [146, 159]
84: [159, 134]
85: [113, 92]
86: [75, 58]
87: [45, 32]
88: [23, 14]
89: [9, 4]
90: [1, 2]
91: [1, 2]
92: [6, 9]
93: [18, 23]
94: [38, 45]
95: [66, 75]
96: [102, 113]
97: [146, 159]
98: [159, 134, 171]
99: [113, 92, 123]
100: [75, 58, 83]
101: [45, 32, 51]
102: [23, 14, 27]
103: [9, 4, 11]
104: []
105: [2, 1]
106: [11, 6, 9]
107: [27, 18, 23]
108: [51, 38, 45]
109: [83, 66, 75]
110: [123, 102, 113]
111: [171, 146, 159]
112: [134, 171]
113: [92, 123]
114: [58, 83]
115: [32, 51]
116: [14, 27]
117: [4, 11]
118: [4, 11, 6]
119: [11, 6]
120: [11, 6]
121: [27, 18]
122: [51, 38]
123: [83, 66]
124: [123, 102]
125: [171, 146]
126: [134, 171]
127: [92, 123]
128: [58, 83]
129: [32, 51]
130: [14, 27]
131: [14, 27]
132: [14, 27, 18]
133: [27, 18]
134: [27, 18]
135: [27, 18]
136: [51, 38]
137: [83, 66]
138: [123, 102]
139: [171, 146]
140: [134, 171]
141: [92, 123]
142: [58, 83]
143: [32, 51]
144: [32, 51]
145: [32, 51]
146: [32, 51, 38]
147: [51, 38]
148: [51, 38]
149: [51, 38]
150: [51, 38]
151: [83, 66]
152: [123, 102]
153: [171, 146]
154: [134, 171]
155: [92, 123]
156: [58, 83]
157: [58, 83]
158: [58, 83]
159: [58, 83]
160: [58, 83, 66]
161: [83, 66]
162: [83, 66]
163: [83, 66]
164: [83, 66]
165: [83, 66]
166: [123, 102]
167: [171, 146]
168: [134, 171]
169: [92, 123]
170: [92, 123]
171: [92, 123]
172: [92, 123]
173: [92, 123]
174: [92, 123, 102]
175: [123, 102]
176: [123, 102]
177: [123, 102]
178: [123, 102]
179: [123, 102]
180: [123, 102]
181: [171, 146]
182: [134, 171]
183: [134, 171]
184: [134, 171]
185: [134, 171]
186: [134, 171]
187: [134, 171]
188: [134, 171, 146]
189: [171, 146]
190: [171, 146]
191: [171, 146]
192: [171, 146]
193: [171, 146]
194: [171, 146]
195: [171, 146]
105
0: [159, 135]
1: [159, 135]
2: [159, 135]
3: [159, 135]
4: [159, 135]
5: [159, 135]
6: [159, 135]
7: [147, 159, 135]
8: [147, 159]
9: [147, 159]
10: [147, 159]
11: [147, 159]
12: [147, 159]
13: [147, 159]
14: [159, 135]
15: [113, 93]
16: [113, 93]
17: [113, 93]
18: [113, 93]
19: [113, 93]
20: [113, 93]
21: [103, 113, 93]
22: [103, 113]
23: [103, 113]
24: [103, 113]
25: [103, 113]
26: [103, 113]
27: [147, 159]
28: [159, 135]
29: [113, 93]
30: [75, 59]
31: [75, 59]
32: [75, 59]
33: [75, 59]
34: [75, 59]
35: [67, 75, 59]
36: [67, 75]
37: [67, 75]
38: [67, 75]
39: [67, 75]
40: [103, 113]
41: [147, 159]
42: [159, 135]
43: [113, 93]
44: [75, 59]
45: [45, 33]
46: [45, 33]
47: [45, 33]
48: [45, 33]
49: [39, 45, 33]
50: [39, 45]
51: [39, 45]
52: [39, 45]
53: [67, 75]
54: [103, 113]
55: [147, 159]
56: [159, 135]
57: [113, 93]
58: [75, 59]
59: [45, 33]
60: [23, 15]
61: [23, 15]
62: [23, 15]
63: [19, 23, 15]
64: [19, 23]
65: [19, 23]
66: [39, 45]
67: [67, 75]
68: [103, 113]
69: [147, 159]
70: [159, 135]
71: [113, 93]
72: [75, 59]
73: [45, 33]
74: [23, 15]
75: [9, 5]
76: [9, 5]
77: [7, 9, 5]
78: [7, 9]
79: [19, 23]
80: [39, 45]
81: [67, 75]
82: [103, 113]
83: [147, 159]
84: [159, 135]
85: [113, 93]
86: [75, 59]
87: [45, 33]
88: [23, 15]
89: [9, 5]
90: [1, 2]
91: [2, 1]
92: [7, 9]
93: [19, 23]
94: [39, 45]
95: [67, 75]
96: [103, 113]
97: [147, 159]
98: [159, 135, 171]
99: [113, 93, 123]
100: [75, 59, 83]
101: [45, 33, 51]
102: [23, 15, 27]
103: [9, 5, 11]
104: [1, 2]
105: []
106: [11, 7, 9]
107: [27, 19, 23]
108: [51, 39, 45]
109: [83, 67, 75]
110: [123, 103, 113]
111: [171, 147, 159]
112: [135, 171]
113: [93, 123]
114: [59, 83]
115: [33, 51]
116: [15, 27]
117: [5, 11]
118: [5, 11]
119: [5, 11, 7]
120: [11, 7]
121: [27, 19]
122: [51, 39]
123: [83, 67]
124: [123, 103]
125: [171, 147]
126: [135, 171]
127: [93, 123]
128: [59, 83]
129: [33, 51]
130: [15, 27]
131: [15, 27]
132: [15, 27]
133: [15, 27, 19]
134: [27, 19]
135: [27, 19]
136: [51, 39]
137: [83, 67]
138: [123, 103]
139: [171, 147]
140: [135, 171]
141: [93, 123]
142: [59, 83]
143: [33, 51]
144: [33, 51]
145: [33, 51]
146: [33, 51]
147: [33, 51, 39]
148: [51, 39]
149: [51, 39]
150: [51, 39]
151: [83, 67]
152: [123, 103]
153: [171, 147]
154: [135, 171]
155: [93, 123]
156: [59, 83]
157: [59, 83]
158: [59, 83]
159: [59, 83]
160: [59, 83]
161: [59, 83, 67]
162: [83, 67]
163: [83, 67]
164: [83, 67]
165: [83, 67]
166: [123, 103]
167: [171, 147]
168: [135, 171]
169: [93, 123]
170: [93, 123]
171: [93, 123]
172: [93, 123]
173: [93, 123]
174: [93, 123]
175: [93, 123, 103]
176: [123, 103]
177: [123, 103]
178: [123, 103]
179: [123, 103]
180: [123, 103]
181: [171, 147]
182: [135, 171]
183: [135, 171]
184: [135, 171]
185: [135, 171]
186: [135, 171]
187: [135, 171]
188: [135, 171]
189: [135, 171, 147]
190: [171, 147]
191: [171, 147]
192: [171, 147]
193: [171, 147]
194: [171, 147]
195: [171, 147]
106
0: [159, 136]
1: [159, 136]
2: [159, 136]
3: [159, 136]
4: [159, 136]
5: [159, 136]
6: [159, 136]
7: [159, 136]
8: [148, 159, 136]
9: [148, 159]
10: [148, 159]
11: [148, 159]
12: [148, 159]
13: [148, 159]
14: [159, 136]
15: [113, 94]
16: [113, 94]
17: [113, 94]
18: [113, 94]
19: [113, 94]
20: [113, 94]
21: [113, 94]
22: [104, 113, 94]
23: [104, 113]
24: [104, 113]
25: [104, 113]
26: [104, 113]
27: [148, 159]
28: [159, 136]
29: [113, 94]
30: [75, 60]
31: [75, 60]
32: [75, 60]
33: [75, 60]
34: [75, 60]
35: [75, 60]
36: [68, 75, 60]
37: [68, 75]
38: [68, 75]
39: [68, 75]
40: [104, 113]
41: [148, 159]
42: [159, 136]
43: [113, 94]
44: [75, 60]
45: [45, 34]
46: [45, 34]
47: [45, 34]
48: [45, 34]
49: [45, 34]
50: [40, 45, 34]
51: [40, 45]
52: [40, 45]
53: [68, 75]
54: [104, 113]
55: [148, 159]
56: [159, 136]
57: [113, 94]
58: [75, 60]
59: [45, 34]
60: [23, 16]
61: [23, 16]
62: [23, 16]
63: [23, 16]
64: [20, 23, 16]
65: [20, 23]
66: [40, 45]
67: [68, 75]
68: [104, 113]
69: [148, 159]
70: [159, 136]
71: [113, 94]
72: [75, 60]
73: [45, 34]
74: [23, 16]
75: [9, 3]
76: [3, 9, 6]
77: [3, 7, 9, 6]
78: [3, 7, 9, 6]
79: [20, 23]
80: [40, 45]
81: [68, 75]
82: [104, 113]
83: [148, 159]
84: [159, 136]
85: [113, 94]
86: [75, 60]
87: [45, 34]
88: [23, 16]
89: [9, 10, 3]
90: [6, 10]
91: [7, 10]
92: [3, 7, 9, 10, 6]
93: [20, 23]
94: [40, 45]
95: [68, 75]
96: [104, 113]
97: [148, 159]
98: [159, 136, 171]
99: [113, 94, 123]
100: [75, 60, 83]
101: [45, 34, 51]
102: [23, 16, 27]
103: [9, 10, 11, 3]
104: [9, 6, 11]
105: [9, 7, 11]
106: []
107: [27, 20, 23]
108: [51, 40, 45]
109: [83, 68, 75]
110: [123, 104, 113]
111: [171, 148, 159]
112: [136, 171]
113: [94, 123]
114: [60, 83]
115: [34, 51]
116: [16, 27]
117: [10, 11, 3]
118: [10, 11, 6, 3]
119: [10, 11, 6, 7, 3]
120: [10, 11, 6, 7, 3]
121: [27, 20]
122: [51, 40]
123: [83, 68]
124: [123, 104]
125: [171, 148]
126: [136, 171]
127: [94, 123]
128: [60, 83]
129: [34, 51]
130: [16, 27]
131: [16, 27]
132: [16, 27]
133: [16, 27]
134: [16, 27, 20]
135: [27, 20]
136: [51, 40]
137: [83, 68]
138: [123, 104]
139: [171, 148]
140: [136, 171]
141: [94, 123]
142: [60, 83]
143: [34, 51]
144: [34, 51]
145: [34, 51]
146: [34, 51]
147: [34, 51]
148: [34, 51, 40]
149: [51, 40]
150: [51, 40]
151: [83, 68]
152: [123, 104]
153: [171, 148]
154: [136, 171]
155: [94, 123]
156: [60, 83]
157: [60, 83]
158: [60, 83]
159: [60, 83]
160: [60, 83]
161: [60, 83]
162: [60, 83, 68]
163: [83, 68]
164: [83, 68]
165: [83, 68]
166: [123, 104]
167: [171, 148]
168: [136, 171]
169: [94, 123]
170: [94, 123]
171: [94, 123]
172: [94, 123]
173: [94, 123]
174: [94, 123]
175: [94, 123]
176: [94, 123, 104]
177: [123, 104]
178: [123, 104]
179: [123, 104]
180: [123, 104]
181: [171, 148]
182: [136, 171]
183: [136, 171]
184: [136, 171]
185: [136, 171]
186: [136, 171]
187: [136, 171]
188: [136, 171]
189: [136, 171]
190: [136, 171, 148]
191: [171, 148]
192: [171, 148]
193: [171, 148]
194: [171, 148]
195: [171, 148]
107
0: [159, 137]
1: [159, 137]
2: [159, 137]
3: [159, 137]
4: [159, 137]
5: [159, 137]
6: [159, 137]
7: [159, 137]
8: [159, 137]
9: [149, 159, 137]
10: [149, 159]
11: [149, 159]
12: [149, 159]
13: [149, 159]
14: [159, 137]
15: [113, 95]
16: [113, 95]
17: [113, 95]
18: [113, 95]
19: [113, 95]
20: [113, 95]
21: [113, 95]
22: [113, 95]
23: [105, 113, 95]
24: [105, 113]
25: [105, 113]
26: [105, 113]
27: [149, 159]
28: [159, 137]
29: [113, 95]
30: [75, 61]
31: [75, 61]
32: [75, 61]
33: [75, 61]
34: [75, 61]
35: [75, 61]
36: [75, 61]
37: [69, 75, 61]
38: [69, 75]
39: [69, 75]
40: [105, 113]
41: [149, 159]
42: [159, 137]
43: [113, 95]
44: [75, 61]
45: [45, 35]
46: [45, 35]
47: [45, 35]
48: [45, 35]
49: [45, 35]
50: [45, 35]
51: [41, 45, 35]
52: [41, 45]
53: [69, 75]
54: [105, 113]
55: [149, 159]
56: [159, 137]
57: [113, 95]
58: [75, 61]
59: [45, 35]
60: [12, 23, 24]
61: [12, 23, 24, 17]
62: [12, 18, 23, 24, 17]
63: [12, 19, 18, 23, 24, 17]
64: [12, 20, 19, 18, 23, 24, 17]
65: [12, 20, 19, 18, 23, 24, 17]
66: [41, 45]
67: [69, 75]
68: [105, 113]
69: [149, 159]
70: [159, 137]
71: [113, 95]
72: [75, 61]
73: [45, 35]
74: [23, 24, 12, 25]
75: [17, 25]
76: [18, 25]
77: [19, 25]
78: [20, 25]
79: [12, 20, 19, 18, 23, 24, 17, 25]
80: [41, 45]
81: [69, 75]
82: [105, 113]
83: [149, 159]
84: [159, 137]
85: [113, 95]
86: [75, 61]
87: [45, 35]
88: [23, 24, 25, 26, 12]
89: [17, 26]
90: [18, 26]
91: [19, 26]
92: [20, 26]
93: [12, 20, 19, 18, 26, 23, 24, 17, 25]
94: [41, 45]
95: [69, 75]
96: [105, 113]
97: [149, 159]
98: [159, 137, 171]
99: [113, 95, 123]
100: [75, 61, 83]
101: [45, 35, 51]
102: [23, 24, 25, 26, 27, 12]
103: [23, 17, 27]
104: [23, 18, 27]
105: [23, 19, 27]
106: [23, 20, 27]
107: []
108: [51, 41, 45]
109: [83, 69, 75]
110: [123, 105, 113]
111: [171, 149, 159]
112: [137, 171]
113: [95, 123]
114: [61, 83]
115: [35, 51]
116: [24, 25, 26, 27, 12]
117: [24, 17]
118: [24, 18]
119: [24, 19]
120: [24, 20]
121: [17, 18, 19, 20, 24, 25, 26, 27, 12]
122: [51, 41]
123: [83, 69]
124: [123, 105]
125: [171, 149]
126: [137, 171]
127: [95, 123]
128: [61, 83]
129: [35, 51]
130: [25, 26, 27, 12]
131: [17, 26, 27, 25, 12]
132: [17, 18, 25, 26, 27, 12]
133: [17, 18, 19, 25, 26, 27, 12]
134: [17, 18, 19, 20, 25, 26, 27, 12]
135: [17, 18, 19, 20, 25, 26, 27, 12]
136: [51, 41]
137: [83, 69]
138: [123, 105]
139: [171, 149]
140: [137, 171]
141: [95, 123]
142: [61, 83]
143: [35, 51]
144: [35, 51]
145: [35, 51]
146: [35, 51]
147: [35, 51]
148: [35, 51]
149: [35, 51, 41]
150: [51, 41]
151: [83, 69]
152: [123, 105]
153: [171, 149]
154: [137, 171]
155: [95, 123]
156: [61, 83]
157: [61, 83]
158: [61, 83]
159: [61, 83]
160: [61, 83]
161: [61, 83]
162: [61, 83]
163: [61, 83, 69]
164: [83, 69]
165: [83, 69]
166: [123, 105]
167: [171, 149]
168: [137, 171]
169: [95, 123]
170: [95, 123]
171: [95, 123]
172: [95, 123]
173: [95, 123]
174: [95, 123]
175: [95, 123]
176: [95, 123]
177: [95, 123, 105]
178: [123, 105]
179: [123, 105]
180: [123, 105]
181: [171, 149]
182: [137, 171]
183: [137, 171]
184: [137, 171]
185: [137, 171]
186: [137, 171]
187: [137, 171]
188: [137, 171]
189: [137, 171]
190: [137, 171]
191: [137, 171, 149]
192: [171, 149]
193: [171, 149]
194: [171, 149]
195: [171, 149]
108
0: [159, 138]
1: [159, 138]
2: [159, 138]
3: [159, 138]
4: [159, 138]
5: [159, 138]
6: [159, 138]
7: [159, 138]
8: [159, 138]
9: [159, 138]
10: [150, 159, 138]
11: [150, 159]
12: [150, 159]
13: [150, 159]
14: [159, 138]
15: [113, 96]
16: [113, 96]
17: [113, 96]
18: [113, 96]
19: [113, 96]
20: [113, 96]
21: [113, 96]
22: [113, 96]
23: [113, 96]
24: [106, 113, 96]
25: [106, 113]
26: [106, 113]
27: [150, 159]
28: [159, 138]
29: [113, 96]
30: [75, 62]
31: [75, 62]
32: [75, 62]
33: [75, 62]
34: [75, 62]
35: [75, 62]
36: [75, 62]
37: [75, 62]
38: [70, 75, 62]
39: [70, 75]
40: [106, 113]
41: [150, 159]
42: [159, 138]
43: [113, 96]
44: [75, 62]
45: [45, 29, 46, 47]
46: [29, 45, 46, 36, 47]
47: [29, 45, 37, 46, 36, 47]
48: [29, 45, 38, 37, 46, 36, 47]
49: [29, 39, 45, 38, 37, 46, 36, 47]
50: [29, 40, 39, 45, 38, 37, 46, 36, 47]
51: [29, 41, 40, 39, 45, 38, 37, 46, 36, 47]
52: [29, 41, 40, 39, 45, 38, 37, 46, 36, 47]
53: [70, 75]
54: [106, 113]
55: [150, 159]
56: [159, 138]
57: [113, 96]
58: [75, 62]
59: [45, 29, 46, 47, 48]
60: [36, 48]
61: [37, 48]
62: [38, 48]
63: [39, 48]
64: [40, 48]
65: [41, 48]
66: [29, 41, 40, 39, 45, 38, 37, 46, 48, 36, 47]
67: [70, 75]
68: [106, 113]
69: [150, 159]
70: [159, 138]
71: [113, 96]
72: [75, 62]
73: [45, 46, 29, 47, 48, 49]
74: [36, 49]
75: [37, 49]
76: [38, 49]
77: [39, 49]
78: [40, 49]
79: [41, 49]
80: [29, 41, 40, 39, 45, 38, 49, 37, 46, 48, 36, 47]
81: [70, 75]
82: [106, 113]
83: [150, 159]
84: [159, 138]
85: [113, 96]
86: [75, 62]
87: [45, 46, 47, 48, 49, 50, 29]
88: [36, 50]
89: [37, 50]
90: [38, 50]
91: [39, 50]
92: [40, 50]
93: [41, 50]
94: [29, 41, 40, 39, 50, 45, 38, 49, 37, 46, 48, 36, 47]
95: [70, 75]
96: [106, 113]
97: [150, 159]
98: [159, 138, 171]
99: [113, 96, 123]
100: [75, 62, 83]
101: [45, 46, 47, 48, 49, 50, 51, 29]
102: [45, 36, 51]
103: [45, 37, 51]
104: [45, 38, 51]
105: [45, 39, 51]
106: [45, 40, 51]
107: [45, 41, 51]
108: []
109: [83, 70, 75]
110: [123, 106, 113]
111: [171, 150, 159]
112: [138, 171]
113: [96, 123]
114: [62, 83]
115: [46, 47, 48, 49, 50, 51, 29]
116: [46, 36]
117: [46, 37]
118: [46, 38]
119: [46, 39]
120: [46, 40]
121: [46, 41]
122: [36, 37, 38, 39, 40, 41, 46, 47, 48, 49, 50, 51, 29]
123: [83, 70]
124: [123, 106]
125: [171, 150]
126: [138, 171]
127: [96, 123]
128: [62, 83]
129: [47, 48, 49, 50, 51, 29]
130: [47, 36]
131: [47, 37]
132: [47, 38]
133: [47, 39]
134: [47, 40]
135: [47, 41]
136: [36, 37, 38, 39, 40, 41, 47, 48, 49, 50, 51, 29]
137: [83, 70]
138: [123, 106]
139: [171, 150]
140: [138, 171]
141: [96, 123]
142: [62, 83]
143: [48, 49, 50, 51, 29]
144: [36, 48, 49, 50, 51, 29]
145: [36, 37, 48, 49, 50, 51, 29]
146: [36, 37, 38, 48, 49, 50, 51, 29]
147: [36, 37, 38, 39, 48, 49, 50, 51, 29]
148: [36, 37, 38, 39, 40, 48, 49, 50, 51, 29]
149: [36, 37, 38, 39, 40, 41, 48, 49, 50, 51, 29]
150: [36, 37, 38, 39, 40, 41, 48, 49, 50, 51, 29]
151: [83, 70]
152: [123, 106]
153: [171, 150]
154: [138, 171]
155: [96, 123]
156: [62, 83]
157: [62, 83]
158: [62, 83]
159: [62, 83]
160: [62, 83]
161: [62, 83]
162: [62, 83]
163: [62, 83]
164: [62, 83, 70]
165: [83, 70]
166: [123, 106]
167: [171, 150]
168: [138, 171]
169: [96, 123]
170: [96, 123]
171: [96, 123]
172: [96, 123]
173: [96, 123]
174: [96, 123]
175: [96, 123]
176: [96, 123]
177: [96, 123]
178: [96, 123, 106]
179: [123, 106]
180: [123, 106]
181: [171, 150]
182: [138, 171]
183: [138, 171]
184: [138, 171]
185: [138, 171]
186: [138, 171]
187: [138, 171]
188: [138, 171]
189: [138, 171]
190: [138, 171]
191: [138, 171]
192: [138, 171, 150]
193: [171, 150]
194: [171, 150]
195: [171, 150]
109
0: [159, 139]
1: [159, 139]
2: [159, 139]
3: [159, 139]
4: [159, 139]
5: [159, 139]
6: [159, 139]
7: [159, 139]
8: [159, 139]
9: [159, 139]
10: [159, 139]
11: [151, 159, 139]
12: [151, 159]
13: [151, 159]
14: [159, 139]
15: [113, 97]
16: [113, 97]
17: [113, 97]
18: [113, 97]
19: [113, 97]
20: [113, 97]
21: [113, 97]
22: [113, 97]
23: [113, 97]
24: [113, 97]
25: [107, 113, 97]
26: [107, 113]
27: [151, 159]
28: [159, 139]
29: [113, 97]
30: [75, 54, 76, 77, 78]
31: [54, 75, 76, 77, 78, 63]
32: [54, 75, 76, 64, 77, 78, 63]
33: [54, 75, 65, 76, 64, 77, 78, 63]
34: [54, 66, 75, 65, 76, 64, 77, 78, 63]
35: [54, 67, 66, 75, 65, 76, 64, 77, 78, 63]
36: [54, 68, 67, 66, 75, 65, 76, 64, 77, 78, 63]
37: [54, 69, 68, 67, 66, 75, 65, 76, 64, 77, 78, 63]
38: [54, 70, 69, 68, 67, 66, 75, 65, 76, 64, 77, 78, 63]
39: [54, 70, 69, 68, 67, 66, 75, 65, 76, 64, 77, 78, 63]
40: [107, 113]
41: [151, 159]
42: [159, 139]
43: [113, 97]
44: [75, 76, 54, 77, 78, 79]
45: [63, 79]
46: [64, 79]
47: [65, 79]
48: [66, 79]
49: [67, 79]
50: [68, 79]
51: [69, 79]
52: [70, 79]
53: [54, 70, 69, 68, 67, 66, 75, 65, 76, 64, 77, 79, 78, 63]
54: [107, 113]
55: [151, 159]
56: [159, 139]
57: [113, 97]
58: [75, 76, 77, 54, 78, 80, 79]
59: [63, 80]
60: [64, 80]
61: [65, 80]
62: [66, 80]
63: [67, 80]
64: [68, 80]
65: [69, 80]
66: [70, 80]
67: [54, 70, 69, 68, 67, 66, 75, 65, 76, 64, 80, 77, 79, 78, 63]
68: [107, 113]
69: [151, 159]
70: [159, 139]
71: [113, 97]
72: [75, 76, 77, 78, 54, 80, 81, 79]
73: [63, 81]
74: [64, 81]
75: [65, 81]
76: [66, 81]
77: [67, 81]
78: [68, 81]
79: [69, 81]
80: [70, 81]
81: [54, 70, 69, 68, 67, 66, 75, 81, 65, 76, 64, 80, 77, 79, 78, 63]
82: [107, 113]
83: [151, 159]
84: [159, 139]
85: [113, 97]
86: [75, 76, 77, 78, 79, 80, 81, 82, 54]
87: [63, 82]
88: [64, 82]
89: [65, 82]
90: [66, 82]
91: [67, 82]
92: [68, 82]
93: [69, 82]
94: [70, 82]
95: [54, 70, 69, 68, 67, 66, 75, 82, 81, 65, 76, 64, 80, 77, 79, 78, 63]
96: [107, 113]
97: [151, 159]
98: [159, 139, 171]
99: [113, 97, 123]
100: [75, 76, 77, 78, 79, 80, 81, 82, 83, 54]
101: [75, 63, 83]
102: [75, 64, 83]
103: [75, 65, 83]
104: [75, 66, 83]
105: [75, 67, 83]
106: [75, 68, 83]
107: [75, 69, 83]
108: [75, 70, 83]
109: []
110: [123, 107, 113]
111: [171, 151, 159]
112: [139, 171]
113: [97, 123]
114: [76, 77, 78, 79, 80, 81, 82, 83, 54]
115: [76, 63]
116: [76, 64]
117: [76, 65]
118: [76, 66]
119: [76, 67]
120: [76, 68]
121: [76, 69]
122: [76, 70]
123: [64, 65, 66, 67, 68, 69, 70, 76, 77, 78, 79, 80, 81, 82, 83, 63, 54]
124: [123, 107]
125: [171, 151]
126: [139, 171]
127: [97, 123]
128: [77, 78, 79, 80, 81, 82, 83, 54]
129: [77, 63]
130: [77, 64]
131: [77, 65]
132: [77, 66]
133: [77, 67]
134: [77, 68]
135: [77, 69]
136: [77, 70]
137: [64, 65, 66, 67, 68, 69, 70, 77, 78, 79, 80, 81, 82, 83, 63, 54]
138: [123, 107]
139: [171, 151]
140: [139, 171]
141: [97, 123]
142: [78, 79, 80, 81, 82, 83, 54]
143: [78, 63]
144: [78, 64]
145: [78, 65]
146: [78, 66]
147: [78, 67]
148: [78, 68]
149: [78, 69]
150: [78, 70]
151: [64, 65, 66, 67, 68, 69, 70, 78, 79, 80, 81, 82, 83, 63, 54]
152: [123, 107]
153: [171, 151]
154: [139, 171]
155: [97, 123]
156: [79, 80, 81, 82, 83, 54]
157: [79, 80, 81, 82, 83, 63, 54]
158: [64, 79, 80, 81, 82, 83, 63, 54]
159: [64, 65, 79, 80, 81, 82, 83, 63, 54]
160: [64, 65, 66, 79, 80, 81, 82, 83, 63, 54]
161: [64, 65, 66, 67, 79, 80, 81, 82, 83, 63, 54]
162: [64, 65, 66, 67, 68, 79, 80, 81, 82, 83, 63, 54]
163: [64, 65, 66, 67, 68, 69, 79, 80, 81, 82, 83, 63, 54]
164: [64, 65, 66, 67, 68, 69, 70, 79, 80, 81, 82, 83, 63, 54]
165: [64, 65, 66, 67, 68, 69, 70, 79, 80, 81, 82, 83, 63, 54]
166: [123, 107]
167: [171, 151]
168: [139, 171]
169: [97, 123]
170: [97, 123]
171: [97, 123]
172: [97, 123]
173: [97, 123]
174: [97, 123]
175: [97, 123]
176: [97, 123]
177: [97, 123]
178: [97, 123]
179: [97, 123, 107]
180: [123, 107]
181: [171, 151]
182: [139, 171]
183: [139, 171]
184: [139, 171]
185: [139, 171]
186: [139, 171]
187: [139, 171]
188: [139, 171]
189: [139, 171]
190: [139, 171]
191: [139, 171]
192: [139, 171]
193: [139, 171, 151]
194: [171, 151]
195: [171, 151]
110
0: [159, 140]
1: [159, 140]
2: [159, 140]
3: [159, 140]
4: [159, 140]
5: [159, 140]
6: [159, 140]
7: [159, 140]
8: [159, 140]
9: [159, 140]
10: [159, 140]
11: [159, 140]
12: [152, 159, 140]
13: [152, 159]
14: [159, 140]
15: [113, 87, 114, 115, 116, 117]
16: [87, 113, 114, 115, 116, 98, 117]
17: [87, 113, 114, 115, 99, 116, 98, 117]
18: [87, 113, 114, 115, 100, 99, 116, 98, 117]
19: [87, 113, 114, 101, 115, 100, 99, 116, 98, 117]
20: [87, 113, 102, 114, 101, 115, 100, 99, 116, 98, 117]
21: [87, 103, 113, 102, 114, 101, 115, 100, 99, 116, 98, 117]
22: [87, 104, 103, 113, 102, 114, 101, 115, 100, 99, 116, 98, 117]
23: [87, 105, 104, 103, 113, 102, 114, 101, 115, 100, 99, 116, 98, 117]
24: [87, 106, 105, 104, 103, 113, 102, 114, 101, 115, 100, 99, 116, 98, 117]
25: [87, 107, 106, 105, 104, 103, 113, 102, 114, 101, 115, 100, 99, 116, 98, 117]
26: [87, 107, 106, 105, 104, 103, 113, 102, 114, 101, 115, 100, 99, 116, 98, 117]
27: [152, 159]
28: [159, 140]
29: [113, 114, 87, 115, 116, 117, 118]
30: [98, 118]
31: [99, 118]
32: [100, 118]
33: [101, 118]
34: [102, 118]
35: [103, 118]
36: [104, 118]
37: [105, 118]
38: [106, 118]
39: [107, 118]
40: [87, 107, 106, 105, 104, 103, 113, 102, 114, 101, 115, 100, 99, 116, 98, 117, 118]
41: [152, 159]
42: [159, 140]
43: [113, 114, 115, 87, 116, 117, 118, 119]
44: [98, 119]
45: [99, 119]
46: [100, 119]
47: [101, 119]
48: [102, 119]
49: [103, 119]
50: [104, 119]
51: [105, 119]
52: [106, 119]
53: [107, 119]
54: [87, 107, 106, 105, 104, 103, 113, 102, 114, 101, 115, 100, 99, 116, 119, 98, 117, 118]
55: [152, 159]
56: [159, 140]
57: [113, 114, 115, 116, 87, 117, 120, 118, 119]
58: [98, 120]
59: [99, 120]
60: [100, 120]
61: [101, 120]
62: [102, 120]
63: [103, 120]
64: [104, 120]
65: [105, 120]
66: [106, 120]
67: [107, 120]
68: [87, 107, 106, 105, 104, 103, 113, 102, 114, 101, 120, 115, 100, 99, 116, 119, 98, 117, 118]
69: [152, 159]
70: [159, 140]
71: [113, 114, 115, 116, 117, 87, 120, 121, 118, 119]
72: [98, 121]
73: [99, 121]
74: [100, 121]
75: [101, 121]
76: [102, 121]
77: [103, 121]
78: [104, 121]
79: [105, 121]
80: [106, 121]
81: [107, 121]
82: [87, 107, 106, 105, 104, 103, 113, 102, 121, 114, 101, 120, 115, 100, 99, 116, 119, 98, 117, 118]
83: [152, 159]
84: [159, 140]
85: [113, 114, 115, 116, 117, 122, 118, 119, 120, 121, 87]
86: [98, 122]
87: [99, 122]
88: [100, 122]
89: [101, 122]
90: [102, 122]
91: [103, 122]
92: [104, 122]
93: [105, 122]
94: [106, 122]
95: [107, 122]
96: [87, 107, 106, 105, 104, 103, 113, 122, 102, 121, 114, 101, 120, 115, 100, 99, 116, 119, 98, 117, 118]
97: [152, 159]
98: [159, 140, 171]
99: [113, 114, 115, 116, 117, 118, 119, 120, 121, 122, 123, 87]
100: [113, 98, 123]
101: [113, 99, 123]
102: [113, 100, 123]
103: [113, 101, 123]
104: [113, 102, 123]
105: [113, 103, 123]
106: [113, 104, 123]
107: [113, 105, 123]
108: [113, 106, 123]
109: [113, 107, 123]
110: []
111: [171, 152, 159]
112: [140, 171]
113: [114, 115, 116, 117, 118, 119, 120, 121, 122, 123, 87]
114: [114, 98]
115: [114, 99]
116: [114, 100]
117: [114, 101]
118: [114, 102]
119: [114, 103]
120: [114, 104]
121: [114, 105]
122: [114, 106]
123: [114, 107]
124: [98, 99, 100, 101, 102, 103, 104, 105, 106, 107, 114, 115, 116, 117, 118, 119, 120, 121, 122, 123, 87]
125: [171, 152]
126: [140, 171]
127: [115, 116, 117, 118, 119, 120, 121, 122, 123, 87]
128: [115, 98]
129: [115, 99]
130: [115, 100]
131: [115, 101]
132: [115, 102]
133: [115, 103]
134: [115, 104]
135: [115, 105]
136: [115, 106]
137: [115, 107]
138: [98, 99, 100, 101, 102, 103, 104, 105, 106, 107, 115, 116, 117, 118, 119, 120, 121, 122, 123, 87]
139: [171, 152]
140: [140, 171]
141: [116, 117, 118, 119, 120, 121, 122, 123, 87]
142: [116, 98]
143: [116, 99]
144: [116, 100]
145: [116, 101]
146: [116, 102]
147: [116, 103]
148: [116, 104]
149: [116, 105]
150: [116, 106]
151: [116, 107]
152: [98, 99, 100, 101, 102, 103, 104, 105, 106, 107, 116, 117, 118, 119, 120, 121, 122, 123, 87]
153: [171, 152]
154: [140, 171]
155: [117, 118, 119, 120, 121, 122, 123, 87]
156: [117, 98]
157: [117, 99]
158: [117, 100]
159: [117, 101]
160: [117, 102]
161: [117, 103]
162: [117, 104]
163: [117, 105]
164: [117, 106]
165: [117, 107]
166: [98, 99, 100, 101, 102, 103, 104, 105, 106, 107, 117, 118, 119, 120, 121, 122, 123, 87]
167: [171, 152]
168: [140, 171]
169: [118, 119, 120, 121, 122, 123, 87]
170: [98, 118, 119, 120, 121, 122, 123, 87]
171: [98, 99, 118, 119, 120, 121, 122, 123, 87]
172: [98, 99, 100, 118, 119, 120, 121, 122, 123, 87]
173: [98, 99, 100, 101, 118, 119, 120, 121, 122, 123, 87]
174: [98, 99, 100, 101, 102, 118, 119, 120, 121, 122, 123, 87]
175: [98, 99, 100, 101, 102, 103, 118, 119, 120, 121, 122, 123, 87]
176: [98, 99, 100, 101, 102, 103, 104, 118, 119, 120, 121, 122, 123, 87]
177: [98, 99, 100, 101, 102, 103, 104, 105, 118, 119, 120, 121, 122, 123, 87]
178: [98, 99, 100, 101, 102, 103, 104, 105, 106, 118, 119, 120, 121, 122, 123, 87]
179: [98, 99, 100, 101, 102, 103, 104, 105, 106, 107, 118, 119, 120, 121, 122, 123, 87]
180: [98, 99, 100, 101, 102, 103, 104, 105, 106, 107, 118, 119, 120, 121, 122, 123, 87]
181: [171, 152]
182: [140, 171]
183: [140, 171]
184: [140, 171]
185: [140, 171]
186: [140, 171]
187: [140, 171]
188: [140, 171]
189: [140, 171]
190: [140, 171]
191: [140, 171]
192: [140, 171]
193: [140, 171]
194: [140, 171, 152]
195: [171, 152]
111
0: [128, 159, 160, 161, 162, 163, 164]
1: [128, 159, 160, 161, 162, 163, 164, 141]
2: [128, 159, 160, 161, 162, 163, 142, 164, 141]
3: [128, 159, 160, 161, 162, 143, 163, 142, 164, 141]
4: [128, 159, 160, 144, 161, 162, 143, 163, 142, 164, 141]
5: [128, 159, 160, 145, 144, 161, 162, 143, 163, 142, 164, 141]
6: [128, 146, 159, 160, 145, 144, 161, 162, 143, 163, 142, 164, 141]
7: [128, 147, 146, 159, 160, 145, 144, 161, 162, 143, 163, 142, 164, 141]
8: [128, 148, 147, 146, 159, 160, 145, 144, 161, 162, 143, 163, 142, 164, 141]
9: [128, 149, 148, 147, 146, 159, 160, 145, 144, 161, 162, 143, 163, 142, 164, 141]
10: [128, 150, 149, 148, 147, 146, 159, 160, 145, 144, 161, 162, 143, 163, 142, 164, 141]
11: [128, 151, 150, 149, 148, 147, 146, 159, 160, 145, 144, 161, 162, 143, 163, 142, 164, 141]
12: [128, 152, 151, 150, 149, 148, 147, 146, 159, 160, 145, 144, 161, 162, 143, 163, 142, 164, 141]
13: [128, 152, 151, 150, 149, 148, 147, 146, 159, 160, 145, 144, 161, 162, 143, 163, 142, 164, 141]
14: [159, 128, 160, 161, 162, 163, 164, 165]
15: [141, 165]
16: [142, 165]
17: [143, 165]
18: [144, 165]
19: [145, 165]
20: [146, 165]
21: [147, 165]
22: [148, 165]
23: [149, 165]
24: [150, 165]
25: [151, 165]
26: [152, 165]
27: [128, 152, 151, 150, 149, 148, 147, 146, 159, 160, 145, 144, 161, 162, 143, 163, 142, 164, 141, 165]
28: [159, 160, 128, 161, 162, 163, 164, 165, 166]
29: [141, 166]
30: [142, 166]
31: [143, 166]
32: [144, 166]
33: [145, 166]
34: [146, 166]
35: [147, 166]
36: [148, 166]
37: [149, 166]
38: [150, 166]
39: [151, 166]
40: [152, 166]
41: [128, 152, 151, 150, 149, 148, 147, 146, 159, 160, 145, 144, 161, 162, 143, 163, 166, 142, 164, 141, 165]
42: [159, 160, 161, 128, 162, 163, 164, 165, 166, 167]
43: [141, 167]
44: [142, 167]
45: [143, 167]
46: [144, 167]
47: [145, 167]
48: [146, 167]
49: [147, 167]
50: [148, 167]
51: [149, 167]
52: [150, 167]
53: [151, 167]
54: [152, 167]
55: [128, 152, 151, 150, 149, 148, 147, 146, 159, 160, 145, 144, 161, 167, 162, 143, 163, 166, 142, 164, 141, 165]
56: [159, 160, 161, 162, 128, 163, 164, 168, 165, 166, 167]
57: [141, 168]
58: [142, 168]
59: [143, 168]
60: [144, 168]
61: [145, 168]
62: [146, 168]
63: [147, 168]
64: [148, 168]
65: [149, 168]
66: [150, 168]
67: [151, 168]
68: [152, 168]
69: [128, 152, 151, 150, 149, 148, 147, 146, 159, 160, 145, 144, 161, 168, 167, 162, 143, 163, 166, 142, 164, 141, 165]
70: [159, 160, 161, 162, 163, 128, 164, 165, 166, 167, 168, 169]
71: [141, 169]
72: [142, 169]
73: [143, 169]
74: [144, 169]
75: [145, 169]
76: [146, 169]
77: [147, 169]
78: [148, 169]
79: [149, 169]
80: [150, 169]
81: [151, 169]
82: [152, 169]
83: [128, 152, 151, 150, 149, 148, 147, 146, 159, 160, 145, 169, 144, 161, 168, 167, 162, 143, 163, 166, 142, 164, 141, 165]
84: [159, 160, 161, 162, 163, 164, 128, 165, 166, 167, 168, 169, 170]
85: [141, 170]
86: [142, 170]
87: [143, 170]
88: [144, 170]
89: [145, 170]
90: [146, 170]
91: [147, 170]
92: [148, 170]
93: [149, 170]
94: [150, 170]
95: [151, 170]
96: [152, 170]
97: [128, 152, 151, 150, 149, 148, 147, 170, 146, 159, 160, 145, 169, 144, 161, 168, 167, 162, 143, 163, 166, 142, 164, 141, 165]
98: [159, 160, 161, 162, 163, 164, 165, 166, 167, 168, 169, 170, 171, 128]
99: [159, 141, 171]
100: [159, 142, 171]
101: [159, 143, 171]
102: [159, 144, 171]
103: [159, 145, 171]
104: [159, 146, 171]
105: [159, 147, 171]
106: [159, 148, 171]
107: [159, 149, 171]
108: [159, 150, 171]
109: [159, 151, 171]
110: [159, 152, 171]
111: []
112: [160, 161, 162, 163, 164, 165, 166, 167, 168, 169, 170, 171, 128]
113: [160, 141]
114: [160, 142]
115: [160, 143]
116: [160, 144]
117: [160, 145]
118: [160, 146]
119: [160, 147]
120: [160, 148]
121: [160, 149]
122: [160, 150]
123: [160, 151]
124: [160, 152]
125: [141, 142, 143, 144, 145, 146, 147, 148, 149, 150, 151, 152, 160, 161, 162, 163, 164, 165, 166, 167, 168, 169, 170, 171, 128]
126: [161, 162, 163, 164, 165, 166, 167, 168, 169, 170, 171, 128]
127: [161, 141]
128: [161, 142]
129: [161, 143]
130: [161, 144]
131: [161, 145]
132: [161, 146]
133: [161, 147]
134: [161, 148]
135: [161, 149]
136: [161, 150]
137: [161, 151]
138: [161, 152]
139: [141, 142, 143, 144, 145, 146, 147, 148, 149, 150, 151, 152, 161, 162, 163, 164, 165, 166, 167, 168, 169, 170, 171, 128]
140: [162, 163, 164, 165, 166, 167, 168, 169, 170, 171, 128]
141: [162, 141]
142: [162, 142]
143: [162, 143]
144: [162, 144]
145: [162, 145]
146: [162, 146]
147: [162, 147]
148: [162, 148]
149: [162, 149]
150: [162, 150]
151: [162, 151]
152: [162, 152]
153: [141, 142, 143, 144, 145, 146, 147, 148, 149, 150, 151, 152, 162, 163, 164, 165, 166, 167, 168, 169, 170, 171, 128]
154: [163, 164, 165, 166, 167, 168, 169, 170, 171, 128]
155: [163, 141]
156: [163, 142]
157: [163, 143]
158: [163, 144]
159: [163, 145]
160: [163, 146]
161: [163, 147]
162: [163, 148]
163: [163, 149]
164: [163, 150]
165: [163, 151]
166: [163, 152]
167: [141, 142, 143, 144, 145, 146, 147, 148, 149, 150, 151, 152, 163, 164, 165, 166, 167, 168, 169, 170, 171, 128]
168: [164, 165, 166, 167, 168, 169, 170, 171, 128]
169: [164, 141]
170: [164, 142]
171: [164, 143]
172: [164, 144]
173: [164, 145]
174: [164, 146]
175: [164, 147]
176: [164, 148]
177: [164, 149]
178: [164, 150]
179: [164, 151]
180: [164, 152]
181: [141, 142, 143, 144, 145, 146, 147, 148, 149, 150, 151, 152, 164, 165, 166, 167, 168, 169, 170, 171, 128]
182: [165, 166, 167, 168, 169, 170, 171, 128]
183: [165, 166, 167, 168, 169, 170, 171, 141, 128]
184: [165, 166, 167, 168, 169, 170, 171, 141, 142, 128]
185: [165, 166, 167, 168, 169, 170, 171, 141, 142, 143, 128]
186: [165, 166, 167, 168, 169, 170, 171, 141, 142, 143, 144, 128]
187: [165, 166, 167, 168, 169, 170, 171, 141, 142, 143, 144, 145, 128]
188: [165, 166, 167, 168, 169, 170, 171, 141, 142, 143, 144, 145, 146, 128]
189: [165, 166, 167, 168, 169, 170, 171, 141, 142, 143, 144, 145, 146, 147, 128]
190: [165, 166, 167, 168, 169, 170, 171, 141, 142, 143, 144, 145, 146, 147, 148, 128]
191: [165, 166, 167, 168, 169, 170, 171, 141, 142, 143, 144, 145, 146, 147, 148, 149, 128]
192: [165, 166, 167, 168, 169, 170, 171, 141, 142, 143, 144, 145, 146, 147, 148, 149, 150, 128]
193: [165, 166, 167, 168, 169, 170, 171, 141, 142, 143, 144, 145, 146, 147, 148, 149, 150, 151, 128]
194: [141, 142, 143, 144, 145, 146, 147, 148, 149, 150, 151, 152, 165, 166, 167, 168, 169, 170, 171, 128]
195: [141, 142, 143, 144, 145, 146, 147, 148, 149, 150, 151, 152, 165, 166, 167, 168, 169, 170, 171, 128]
112
0: [160, 129, 130, 131, 132, 133, 134, 135, 136, 137, 138, 139, 140, 161, 162, 163, 164, 128]
1: [160, 129, 130, 131, 132, 133, 134, 135, 136, 137, 138, 139, 140, 161, 162, 163, 164, 128]
2: [160, 161, 130, 131, 132, 133, 134, 135, 136, 137, 138, 139, 140, 164, 162, 163, 128]
3: [160, 161, 162, 131, 132, 133, 134, 135, 136, 137, 138, 139, 140, 164, 163, 128]
4: [160, 161, 162, 163, 132, 133, 134, 135, 136, 137, 138, 139, 140, 164, 128]
5: [160, 161, 162, 163, 164, 133, 134, 135, 136, 137, 138, 139, 140, 128]
6: [160, 161, 162, 163, 164, 134, 135, 136, 137, 138, 139, 140, 128]
7: [160, 161, 162, 163, 164, 135, 136, 137, 138, 139, 140, 128]
8: [160, 161, 162, 163, 164, 136, 137, 138, 139, 140, 128]
9: [160, 161, 162, 163, 164, 137, 138, 139, 140, 128]
10: [160, 161, 162, 163, 164, 138, 139, 140, 128]
11: [160, 161, 162, 163, 164, 139, 140, 128]
12: [160, 161, 162, 163, 164, 140, 128]
13: [160, 161, 162, 163, 164, 128]
14: [160, 129, 130, 131, 132, 133, 134, 135, 136, 137, 138, 139, 140, 161, 165, 162, 163, 164, 128]
15: [165, 129]
16: [165, 130]
17: [165, 131]
18: [165, 132]
19: [165, 133]
20: [165, 134]
21: [165, 135]
22: [165, 136]
23: [165, 137]
24: [165, 138]
25: [165, 139]
26: [165, 140]
27: [165, 160, 161, 162, 163, 164, 128]
28: [129, 130, 131, 132, 133, 134, 135, 136, 137, 138, 139, 140, 160, 161, 162, 163, 164, 165, 166, 128]
29: [166, 129]
30: [166, 130]
31: [166, 131]
32: [166, 132]
33: [166, 133]
34: [166, 134]
35: [166, 135]
36: [166, 136]
37: [166, 137]
38: [166, 138]
39: [166, 139]
40: [166, 140]
41: [166, 165, 160, 161, 162, 163, 164, 128]
42: [129, 130, 131, 132, 133, 134, 135, 136, 137, 138, 139, 140, 160, 161, 162, 163, 164, 165, 166, 167, 128]
43: [167, 129]
44: [167, 130]
45: [167, 131]
46: [167, 132]
47: [167, 133]
48: [167, 134]
49: [167, 135]
50: [167, 136]
51: [167, 137]
52: [167, 138]
53: [167, 139]
54: [167, 140]
55: [167, 166, 165, 160, 161, 162, 163, 164, 128]
56: [129, 130, 131, 132, 133, 134, 135, 136, 137, 138, 139, 140, 160, 161, 162, 163, 164, 165, 166, 167, 168, 128]
57: [168, 129]
58: [168, 130]
59: [168, 131]
60: [168, 132]
61: [168, 133]
62: [168, 134]
63: [168, 135]
64: [168, 136]
65: [168, 137]
66: [168, 138]
67: [168, 139]
68: [168, 140]
69: [168, 167, 166, 165, 160, 161, 162, 163, 164, 128]
70: [129, 130, 131, 132, 133, 134, 135, 136, 137, 138, 139, 140, 160, 161, 162, 163, 164, 165, 166, 167, 168, 169, 128]
71: [169, 129]
72: [169, 130]
73: [169, 131]
74: [169, 132]
75: [169, 133]
76: [169, 134]
77: [169, 135]
78: [169, 136]
79: [169, 137]
80: [169, 138]
81: [169, 139]
82: [169, 140]
83: [169, 168, 167, 166, 165, 128, 161, 162, 163, 160, 164]
84: [129, 130, 131, 132, 133, 134, 135, 136, 137, 138, 139, 140, 160, 161, 162, 163, 164, 165, 166, 167, 168, 169, 170, 128]
85: [170, 129]
86: [170, 130]
87: [170, 131]
88: [170, 132]
89: [170, 133]
90: [170, 134]
91: [170, 135]
92: [170, 136]
93: [170, 137]
94: [170, 138]
95: [170, 139]
96: [170, 140]
97: [170, 169, 168, 167, 166, 128, 165, 160, 161, 162, 163, 164]
98: [129, 130, 131, 132, 133, 134, 135, 136, 137, 138, 139, 140, 160, 161, 162, 163, 164, 165, 166, 167, 168, 169, 170, 171, 128]
99: [171, 129]
100: [171, 130]
101: [171, 131]
102: [171, 132]
103: [171, 133]
104: [171, 134]
105: [171, 135]
106: [171, 136]
107: [171, 137]
108: [171, 138]
109: [171, 139]
110: [171, 140]
111: [171, 170, 169, 168, 167, 128, 166, 165, 160, 161, 162, 163, 164]
112: []
113: [172, 129, 160]
114: [172, 130, 160]
115: [172, 131, 160]
116: [172, 132, 160]
117: [172, 133, 160]
118: [172, 134, 160]
119: [172, 135, 160]
120: [172, 136, 160]
121: [172, 137, 160]
122: [172, 138, 160]
123: [172, 139, 160]
124: [172, 140, 160]
125: [172, 171, 170, 169, 168, 128, 167, 166, 165, 160, 161, 162, 163, 164]
126: [128, 129, 130, 131, 132, 172, 133, 171, 134, 170, 135, 136, 169, 168, 137, 161, 162, 138, 167, 139, 163, 166, 164, 140, 165]
127: [129, 161]
128: [130, 161]
129: [131, 161]
130: [132, 161]
131: [133, 161]
132: [134, 161]
133: [135, 161]
134: [136, 161]
135: [137, 161]
136: [138, 161]
137: [139, 161]
138: [140, 161]
139: [172, 171, 170, 169, 128, 168, 167, 166, 165, 161, 162, 163, 164]
140: [128, 129, 130, 131, 132, 172, 133, 171, 134, 170, 135, 136, 169, 168, 137, 162, 138, 167, 139, 163, 166, 164, 140, 165]
141: [129, 162]
142: [130, 162]
143: [131, 162]
144: [132, 162]
145: [133, 162]
146: [134, 162]
147: [135, 162]
148: [136, 162]
149: [137, 162]
150: [138, 162]
151: [139, 162]
152: [140, 162]
153: [172, 171, 170, 128, 169, 168, 167, 166, 165, 162, 163, 164]
154: [128, 129, 130, 131, 132, 172, 133, 171, 134, 170, 135, 136, 169, 168, 137, 138, 167, 139, 163, 166, 164, 140, 165]
155: [129, 163]
156: [130, 163]
157: [131, 163]
158: [132, 163]
159: [133, 163]
160: [134, 163]
161: [135, 163]
162: [136, 163]
163: [137, 163]
164: [138, 163]
165: [139, 163]
166: [140, 163]
167: [172, 171, 128, 170, 169, 168, 167, 166, 165, 163, 164]
168: [128, 129, 130, 131, 132, 172, 133, 171, 134, 170, 135, 136, 169, 168, 137, 138, 167, 139, 166, 164, 140, 165]
169: [129, 164]
170: [130, 164]
171: [131, 164]
172: [132, 164]
173: [133, 164]
174: [134, 164]
175: [135, 164]
176: [136, 164]
177: [137, 164]
178: [138, 164]
179: [139, 164]
180: [140, 164]
181: [172, 128, 171, 170, 169, 168, 167, 166, 165, 164]
182: [128, 129, 130, 131, 132, 172, 133, 171, 134, 170, 135, 136, 169, 168, 137, 138, 167, 139, 166, 140, 165]
183: [128, 129, 130, 131, 132, 172, 133, 171, 134, 170, 135, 136, 169, 168, 137, 138, 167, 139, 166, 140, 165]
184: [128, 130, 131, 132, 172, 133, 171, 134, 170, 135, 136, 169, 168, 137, 138, 167, 139, 166, 140, 165]
185: [128, 131, 132, 172, 133, 171, 134, 170, 135, 136, 169, 168, 137, 138, 167, 139, 166, 140, 165]
186: [128, 132, 172, 133, 171, 134, 170, 135, 136, 169, 168, 137, 138, 167, 139, 166, 140, 165]
187: [128, 172, 133, 171, 134, 170, 135, 136, 169, 168, 137, 138, 167, 139, 166, 140, 165]
188: [128, 172, 171, 134, 170, 135, 136, 169, 168, 137, 138, 167, 139, 166, 140, 165]
189: [128, 172, 171, 170, 135, 136, 169, 168, 137, 138, 167, 139, 166, 140, 165]
190: [128, 172, 171, 170, 136, 169, 168, 137, 138, 167, 139, 166, 140, 165]
191: [128, 172, 171, 170, 169, 168, 137, 138, 167, 139, 166, 140, 165]
192: [128, 172, 171, 170, 169, 168, 138, 167, 139, 166, 140, 165]
193: [128, 172, 171, 170, 169, 168, 167, 139, 166, 140, 165]
194: [128, 172, 171, 170, 169, 168, 167, 166, 140, 165]
195: [128, 172, 171, 170, 169, 168, 167, 166, 165]
113
0: [160, 129]
1: [141, 160, 129]
2: [141, 160]
3: [141, 160]
4: [141, 160]
5: [141, 160]
6: [141, 160]
7: [141, 160]
8: [141, 160]
9: [141, 160]
10: [141, 160]
11: [141, 160]
12: [141, 160]
13: [141, 160]
14: [160, 129]
15: [96, 97, 114, 115, 116, 117, 88, 89, 90, 91, 92, 93, 94, 95, 87]
16: [96, 97, 114, 115, 116, 117, 88, 89, 90, 91, 92, 93, 94, 95, 87]
17: [96, 97, 114, 115, 116, 117, 89, 90, 91, 92, 93, 94, 95, 87]
18: [96, 97, 114, 115, 116, 117, 90, 91, 92, 93, 94, 95, 87]
19: [96, 97, 114, 115, 116, 117, 91, 92, 93, 94, 95, 87]
20: [96, 97, 114, 115, 116, 117, 92, 93, 94, 95, 87]
21: [96, 97, 114, 115, 116, 117, 93, 94, 95, 87]
22: [96, 97, 114, 115, 116, 117, 94, 95, 87]
23: [96, 97, 114, 115, 116, 117, 95, 87]
24: [96, 97, 114, 115, 116, 117, 87]
25: [97, 114, 115, 116, 117, 87]
26: [114, 115, 116, 117, 87]
27: [141, 160]
28: [160, 129]
29: [96, 97, 114, 115, 116, 117, 118, 88, 89, 90, 91, 92, 93, 94, 95, 87]
30: [118, 88]
31: [118, 89]
32: [118, 90]
33: [118, 91]
34: [118, 92]
35: [118, 93]
36: [118, 94]
37: [118, 95]
38: [118, 96]
39: [118, 97]
40: [118, 114, 115, 116, 117, 87]
41: [141, 160]
42: [160, 129]
43: [96, 97, 114, 115, 116, 117, 118, 119, 88, 89, 90, 91, 92, 93, 94, 95, 87]
44: [119, 88]
45: [119, 89]
46: [119, 90]
47: [119, 91]
48: [119, 92]
49: [119, 93]
50: [119, 94]
51: [119, 95]
52: [119, 96]
53: [119, 97]
54: [119, 118, 114, 115, 116, 117, 87]
55: [141, 160]
56: [160, 129]
57: [96, 97, 120, 114, 115, 116, 117, 118, 119, 88, 89, 90, 91, 92, 93, 94, 95, 87]
58: [120, 88]
59: [120, 89]
60: [120, 90]
61: [120, 91]
62: [120, 92]
63: [120, 93]
64: [120, 94]
65: [120, 95]
66: [120, 96]
67: [120, 97]
68: [120, 119, 118, 114, 115, 116, 117, 87]
69: [141, 160]
70: [160, 129]
71: [96, 97, 121, 120, 114, 115, 116, 117, 118, 119, 88, 89, 90, 91, 92, 93, 94, 95, 87]
72: [121, 88]
73: [121, 89]
74: [121, 90]
75: [121, 91]
76: [121, 92]
77: [121, 93]
78: [121, 94]
79: [121, 95]
80: [121, 96]
81: [121, 97]
82: [121, 120, 119, 118, 114, 115, 116, 117, 87]
83: [141, 160]
84: [160, 129]
85: [88, 89, 90, 91, 92, 93, 94, 95, 96, 97, 114, 115, 116, 117, 118, 119, 120, 121, 122, 87]
86: [122, 88]
87: [122, 89]
88: [122, 90]
89: [122, 91]
90: [122, 92]
91: [122, 93]
92: [122, 94]
93: [122, 95]
94: [122, 96]
95: [122, 97]
96: [122, 121, 120, 119, 118, 87, 114, 115, 116, 117]
97: [141, 160]
98: [160, 129]
99: [88, 89, 90, 91, 92, 93, 94, 95, 96, 97, 114, 115, 116, 117, 118, 119, 120, 121, 122, 123, 87]
100: [123, 88]
101: [123, 89]
102: [123, 90]
103: [123, 91]
104: [123, 92]
105: [123, 93]
106: [123, 94]
107: [123, 95]
108: [123, 96]
109: [123, 97]
110: [123, 122, 121, 120, 119, 87, 118, 114, 115, 116, 117]
111: [141, 160]
112: [160, 129, 172]
113: []
114: [124, 88, 114]
115: [124, 89, 114]
116: [124, 90, 114]
117: [124, 91, 114]
118: [124, 92, 114]
119: [124, 93, 114]
120: [124, 94, 114]
121: [124, 95, 114]
122: [124, 96, 114]
123: [124, 97, 114]
124: [124, 123, 122, 121, 120, 87, 119, 118, 114, 115, 116, 117]
125: [172, 141, 160]
126: [129, 172]
127: [87, 88, 89, 90, 91, 124, 123, 92, 122, 93, 121, 94, 120, 115, 95, 96, 116, 119, 97, 117, 118]
128: [88, 115]
129: [89, 115]
130: [90, 115]
131: [91, 115]
132: [92, 115]
133: [93, 115]
134: [94, 115]
135: [95, 115]
136: [96, 115]
137: [97, 115]
138: [124, 123, 122, 121, 87, 120, 119, 118, 115, 116, 117]
139: [172, 141]
140: [129, 172]
141: [87, 88, 89, 90, 91, 124, 123, 92, 122, 93, 121, 94, 120, 95, 96, 116, 119, 97, 117, 118]
142: [88, 116]
143: [89, 116]
144: [90, 116]
145: [91, 116]
146: [92, 116]
147: [93, 116]
148: [94, 116]
149: [95, 116]
150: [96, 116]
151: [97, 116]
152: [124, 123, 122, 87, 121, 120, 119, 118, 116, 117]
153: [172, 141]
154: [129, 172]
155: [87, 88, 89, 90, 91, 124, 123, 92, 122, 93, 121, 94, 120, 95, 96, 119, 97, 117, 118]
156: [88, 117]
157: [89, 117]
158: [90, 117]
159: [91, 117]
160: [92, 117]
161: [93, 117]
162: [94, 117]
163: [95, 117]
164: [96, 117]
165: [97, 117]
166: [124, 123, 87, 122, 121, 120, 119, 118, 117]
167: [172, 141]
168: [129, 172]
169: [87, 88, 89, 90, 91, 124, 123, 92, 122, 93, 121, 94, 120, 95, 96, 119, 97, 118]
170: [87, 88, 89, 90, 91, 124, 123, 92, 122, 93, 121, 94, 120, 95, 96, 119, 97, 118]
171: [87, 89, 90, 91, 124, 123, 92, 122, 93, 121, 94, 120, 95, 96, 119, 97, 118]
172: [87, 90, 91, 124, 123, 92, 122, 93, 121, 94, 120, 95, 96, 119, 97, 118]
173: [87, 91, 124, 123, 92, 122, 93, 121, 94, 120, 95, 96, 119, 97, 118]
174: [87, 124, 123, 92, 122, 93, 121, 94, 120, 95, 96, 119, 97, 118]
175: [87, 124, 123, 122, 93, 121, 94, 120, 95, 96, 119, 97, 118]
176: [87, 124, 123, 122, 121, 94, 120, 95, 96, 119, 97, 118]
177: [87, 124, 123, 122, 121, 120, 95, 96, 119, 97, 118]
178: [87, 124, 123, 122, 121, 120, 96, 119, 97, 118]
179: [87, 124, 123, 122, 121, 120, 119, 97, 118]
180: [124, 87, 123, 122, 121, 120, 119, 118]
181: [172, 141]
182: [129, 172]
183: [129, 172, 141]
184: [172, 141]
185: [172, 141]
186: [172, 141]
187: [172, 141]
188: [172, 141]
189: [172, 141]
190: [172, 141]
191: [172, 141]
192: [172, 141]
193: [172, 141]
194: [172, 141]
195: [172, 141]
114
0: [160, 130]
1: [160, 130]
2: [142, 160, 130]
3: [142, 160]
4: [142, 160]
5: [142, 160]
6: [142, 160]
7: [142, 160]
8: [142, 160]
9: [142, 160]
10: [142, 160]
11: [142, 160]
12: [142, 160]
13: [142, 160]
14: [160, 130]
15: [114, 88]
16: [98, 114, 88]
17: [98, 114]
18: [98, 114]
19: [98, 114]
20: [98, 114]
21: [98, 114]
22: [98, 114]
23: [98, 114]
24: [98, 114]
25: [98, 114]
26: [98, 114]
27: [142, 160]
28: [160, 130]
29: [114, 88]
30: [76, 77, 78, 55, 56, 57, 58, 59, 60, 61, 62, 54]
31: [76, 77, 78, 55, 56, 57, 58, 59, 60, 61, 62, 54]
32: [76, 77, 78, 56, 57, 58, 59, 60, 61, 62, 54]
33: [76, 77, 78, 57, 58, 59, 60, 61, 62, 54]
34: [76, 77, 78, 58, 59, 60, 61, 62, 54]
35: [76, 77, 78, 59, 60, 61, 62, 54]
36: [76, 77, 78, 60, 61, 62, 54]
37: [76, 77, 78, 61, 62, 54]
38: [78, 76, 77, 62, 54]
39: [76, 77, 78, 54]
40: [98, 114]
41: [142, 160]
42: [160, 130]
43: [114, 88]
44: [76, 77, 78, 79, 55, 56, 57, 58, 59, 60, 61, 62, 54]
45: [79, 55]
46: [79, 56]
47: [79, 57]
48: [79, 58]
49: [79, 59]
50: [79, 60]
51: [79, 61]
52: [79, 62]
53: [79, 76, 77, 78, 54]
54: [98, 114]
55: [142, 160]
56: [160, 130]
57: [114, 88]
58: [76, 77, 78, 79, 80, 55, 56, 57, 58, 59, 60, 61, 62, 54]
59: [80, 55]
60: [80, 56]
61: [80, 57]
62: [80, 58]
63: [80, 59]
64: [80, 60]
65: [80, 61]
66: [80, 62]
67: [80, 79, 76, 77, 78, 54]
68: [98, 114]
69: [142, 160]
70: [160, 130]
71: [114, 88]
72: [76, 77, 78, 79, 80, 81, 55, 56, 57, 58, 59, 60, 61, 62, 54]
73: [81, 55]
74: [81, 56]
75: [81, 57]
76: [81, 58]
77: [81, 59]
78: [81, 60]
79: [81, 61]
80: [81, 62]
81: [81, 80, 79, 78, 76, 77, 54]
82: [98, 114]
83: [142, 160]
84: [160, 130]
85: [114, 88]
86: [76, 77, 78, 79, 80, 81, 82, 55, 56, 57, 58, 59, 60, 61, 62, 54]
87: [82, 55]
88: [82, 56]
89: [82, 57]
90: [82, 58]
91: [82, 59]
92: [82, 60]
93: [82, 61]
94: [82, 62]
95: [82, 81, 80, 54, 79, 76, 77, 78]
96: [98, 114]
97: [142, 160]
98: [160, 130]
99: [114, 88]
100: [76, 77, 78, 79, 80, 81, 82, 83, 55, 56, 57, 58, 59, 60, 61, 62, 54]
101: [83, 55]
102: [83, 56]
103: [83, 57]
104: [83, 58]
105: [83, 59]
106: [83, 60]
107: [83, 61]
108: [83, 62]
109: [83, 82, 81, 80, 54, 79, 76, 77, 78]
110: [98, 114]
111: [142, 160]
112: [160, 130, 172]
113: [114, 88, 124]
114: []
115: [84, 55, 76]
116: [84, 56, 76]
117: [84, 57, 76]
118: [84, 58, 76]
119: [84, 59, 76]
120: [84, 60, 76]
121: [84, 61, 76]
122: [84, 62, 76]
123: [84, 83, 82, 81, 54, 80, 79, 76, 77, 78]
124: [124, 98, 114]
125: [172, 142, 160]
126: [130, 172]
127: [88, 124]
128: [54, 55, 56, 57, 84, 58, 83, 82, 59, 81, 60, 80, 77, 61, 78, 62, 79]
129: [55, 77]
130: [56, 77]
131: [57, 77]
132: [58, 77]
133: [59, 77]
134: [60, 77]
135: [61, 77]
136: [62, 77]
137: [84, 83, 82, 54, 81, 80, 79, 77, 78]
138: [124, 98]
139: [172, 142]
140: [130, 172]
141: [88, 124]
142: [54, 55, 56, 57, 84, 58, 83, 82, 59, 81, 60, 80, 61, 78, 62, 79]
143: [55, 78]
144: [56, 78]
145: [57, 78]
146: [58, 78]
147: [59, 78]
148: [60, 78]
149: [61, 78]
150: [62, 78]
151: [84, 83, 54, 82, 81, 80, 79, 78]
152: [124, 98]
153: [172, 142]
154: [130, 172]
155: [88, 124]
156: [54, 55, 56, 57, 84, 58, 83, 82, 59, 81, 60, 80, 61, 62, 79]
157: [54, 55, 56, 57, 84, 58, 83, 82, 59, 81, 60, 80, 61, 62, 79]
158: [54, 56, 57, 84, 58, 83, 82, 59, 81, 60, 80, 61, 62, 79]
159: [54, 57, 84, 58, 83, 82, 59, 81, 60, 80, 61, 62, 79]
160: [54, 84, 58, 83, 82, 59, 81, 60, 80, 61, 62, 79]
161: [54, 84, 83, 82, 59, 81, 60, 80, 61, 62, 79]
162: [54, 84, 83, 82, 81, 60, 80, 61, 62, 79]
163: [54, 84, 83, 82, 81, 80, 61, 62, 79]
164: [54, 84, 83, 82, 81, 80, 62, 79]
165: [84, 54, 83, 82, 81, 80, 79]
166: [124, 98]
167: [172, 142]
168: [130, 172]
169: [88, 124]
170: [88, 124, 98]
171: [124, 98]
172: [124, 98]
173: [124, 98]
174: [124, 98]
175: [124, 98]
176: [124, 98]
177: [124, 98]
178: [124, 98]
179: [124, 98]
180: [124, 98]
181: [172, 142]
182: [130, 172]
183: [130, 172]
184: [130, 172, 142]
185: [172, 142]
186: [172, 142]
187: [172, 142]
188: [172, 142]
189: [172, 142]
190: [172, 142]
191: [172, 142]
192: [172, 142]
193: [172, 142]
194: [172, 142]
195: [172, 142]
115
0: [160, 131]
1: [160, 131]
2: [160, 131]
3: [143, 160, 131]
4: [143, 160]
5: [143, 160]
6: [143, 160]
7: [143, 160]
8: [143, 160]
9: [143, 160]
10: [143, 160]
11: [143, 160]
12: [143, 160]
13: [143, 160]
14: [160, 131]
15: [114, 89]
16: [114, 89]
17: [99, 114, 89]
18: [99, 114]
19: [99, 114]
20: [99, 114]
21: [99, 114]
22: [99, 114]
23: [99, 114]
24: [99, 114]
25: [99, 114]
26: [99, 114]
27: [143, 160]
28: [160, 131]
29: [114, 89]
30: [76, 55]
31: [63, 76, 55]
32: [63, 76]
33: [63, 76]
34: [63, 76]
35: [63, 76]
36: [63, 76]
37: [63, 76]
38: [63, 76]
39: [63, 76]
40: [99, 114]
41: [143, 160]
42: [160, 131]
43: [114, 89]
44: [76, 55]
45: [32, 33, 34, 35, 46, 47, 30, 31, 29]
46: [32, 33, 34, 35, 46, 47, 30, 31, 29]
47: [32, 33, 34, 35, 46, 47, 31, 29]
48: [32, 33, 34, 35, 46, 47, 29]
49: [33, 34, 35, 46, 47, 29]
50: [34, 35, 46, 47, 29]
51: [35, 46, 47, 29]
52: [46, 47, 29]
53: [63, 76]
54: [99, 114]
55: [143, 160]
56: [160, 131]
57: [114, 89]
58: [76, 55]
59: [32, 33, 34, 35, 46, 47, 48, 30, 31, 29]
60: [48, 30]
61: [48, 31]
62: [48, 32]
63: [48, 33]
64: [48, 34]
65: [48, 35]
66: [48, 46, 47, 29]
67: [63, 76]
68: [99, 114]
69: [143, 160]
70: [160, 131]
71: [114, 89]
72: [76, 55]
73: [32, 33, 34, 35, 46, 47, 48, 49, 30, 31, 29]
74: [49, 30]
75: [49, 31]
76: [49, 32]
77: [49, 33]
78: [49, 34]
79: [49, 35]
80: [49, 48, 29, 46, 47]
81: [63, 76]
82: [99, 114]
83: [143, 160]
84: [160, 131]
85: [114, 89]
86: [76, 55]
87: [32, 33, 34, 35, 46, 47, 48, 49, 50, 30, 31, 29]
88: [50, 30]
89: [50, 31]
90: [50, 32]
91: [50, 33]
92: [50, 34]
93: [50, 35]
94: [50, 49, 48, 29, 46, 47]
95: [63, 76]
96: [99, 114]
97: [143, 160]
98: [160, 131]
99: [114, 89]
100: [76, 55]
101: [32, 33, 34, 35, 46, 47, 48, 49, 50, 51, 30, 31, 29]
102: [51, 30]
103: [51, 31]
104: [51, 32]
105: [51, 33]
106: [51, 34]
107: [51, 35]
108: [51, 50, 49, 29, 48, 46, 47]
109: [63, 76]
110: [99, 114]
111: [143, 160]
112: [160, 131, 172]
113: [114, 89, 124]
114: [76, 55, 84]
115: []
116: [52, 30, 46]
117: [52, 31, 46]
118: [52, 32, 46]
119: [52, 33, 46]
120: [52, 34, 46]
121: [52, 35, 46]
122: [52, 51, 50, 29, 49, 48, 46, 47]
123: [84, 63, 76]
124: [124, 99, 114]
125: [172, 143, 160]
126: [131, 172]
127: [89, 124]
128: [55, 84]
129: [29, 30, 52, 31, 32, 51, 33, 50, 49, 34, 48, 35, 47]
130: [30, 47]
131: [31, 47]
132: [32, 47]
133: [33, 47]
134: [34, 47]
135: [35, 47]
136: [52, 51, 29, 50, 49, 48, 47]
137: [84, 63]
138: [124, 99]
139: [172, 143]
140: [131, 172]
141: [89, 124]
142: [55, 84]
143: [29, 30, 52, 31, 32, 51, 33, 50, 49, 34, 48, 35]
144: [29, 30, 52, 31, 32, 51, 33, 50, 49, 34, 48, 35]
145: [29, 52, 31, 32, 51, 33, 50, 49, 34, 48, 35]
146: [29, 52, 32, 51, 33, 50, 49, 34, 48, 35]
147: [29, 52, 51, 33, 50, 49, 34, 48, 35]
148: [29, 52, 51, 50, 49, 34, 48, 35]
149: [29, 52, 51, 50, 49, 48, 35]
150: [52, 29, 51, 50, 49, 48]
151: [84, 63]
152: [124, 99]
153: [172, 143]
154: [131, 172]
155: [89, 124]
156: [55, 84]
157: [55, 84, 63]
158: [84, 63]
159: [84, 63]
160: [84, 63]
161: [84, 63]
162: [84, 63]
163: [84, 63]
164: [84, 63]
165: [84, 63]
166: [124, 99]
167: [172, 143]
168: [131, 172]
169: [89, 124]
170: [89, 124]
171: [89, 124, 99]
172: [124, 99]
173: [124, 99]
174: [124, 99]
175: [124, 99]
176: [124, 99]
177: [124, 99]
178: [124, 99]
179: [124, 99]
180: [124, 99]
181: [172, 143]
182: [131, 172]
183: [131, 172]
184: [131, 172]
185: [131, 172, 143]
186: [172, 143]
187: [172, 143]
188: [172, 143]
189: [172, 143]
190: [172, 143]
191: [172, 143]
192: [172, 143]
193: [172, 143]
194: [172, 143]
195: [172, 143]
116
0: [160, 132]
1: [160, 132]
2: [160, 132]
3: [160, 132]
4: [144, 160, 132]
5: [144, 160]
6: [144, 160]
7: [144, 160]
8: [144, 160]
9: [144, 160]
10: [144, 160]
11: [144, 160]
12: [144, 160]
13: [144, 160]
14: [160, 132]
15: [114, 90]
16: [114, 90]
17: [114, 90]
18: [100, 114, 90]
19: [100, 114]
20: [100, 114]
21: [100, 114]
22: [100, 114]
23: [100, 114]
24: [100, 114]
25: [100, 114]
26: [100, 114]
27: [144, 160]
28: [160, 132]
29: [114, 90]
30: [76, 56]
31: [76, 56]
32: [64, 76, 56]
33: [64, 76]
34: [64, 76]
35: [64, 76]
36: [64, 76]
37: [64, 76]
38: [64, 76]
39: [64, 76]
40: [100, 114]
41: [144, 160]
42: [160, 132]
43: [114, 90]
44: [76, 56]
45: [46, 30]
46: [36, 46, 30]
47: [36, 46]
48: [36, 46]
49: [36, 46]
50: [36, 46]
51: [36, 46]
52: [36, 46]
53: [64, 76]
54: [100, 114]
55: [144, 160]
56: [160, 132]
57: [114, 90]
58: [76, 56]
59: [46, 30]
60: [13, 14, 15, 16, 24, 12]
61: [13, 14, 15, 16, 24, 12]
62: [16, 24, 14, 15, 12]
63: [16, 24, 15, 12]
64: [16, 24, 12]
65: [24, 12]
66: [36, 46]
67: [64, 76]
68: [100, 114]
69: [144, 160]
70: [160, 132]
71: [114, 90]
72: [76, 56]
73: [46, 30]
74: [13, 14, 15, 16, 24, 25, 12]
75: [25, 13]
76: [25, 14]
77: [25, 15]
78: [25, 16]
79: [25, 24, 12]
80: [36, 46]
81: [64, 76]
82: [100, 114]
83: [144, 160]
84: [160, 132]
85: [114, 90]
86: [76, 56]
87: [46, 30]
88: [13, 14, 15, 16, 24, 25, 26, 12]
89: [26, 13]
90: [26, 14]
91: [26, 15]
92: [26, 16]
93: [26, 25, 12, 24]
94: [36, 46]
95: [64, 76]
96: [100, 114]
97: [144, 160]
98: [160, 132]
99: [114, 90]
100: [76, 56]
101: [46, 30]
102: [13, 14, 15, 16, 24, 25, 26, 27, 12]
103: [27, 13]
104: [27, 14]
105: [27, 15]
106: [27, 16]
107: [27, 26, 12, 25, 24]
108: [36, 46]
109: [64, 76]
110: [100, 114]
111: [144, 160]
112: [160, 132, 172]
113: [114, 90, 124]
114: [76, 56, 84]
115: [46, 30, 52]
116: []
117: [28, 13, 24]
118: [28, 14, 24]
119: [28, 15, 24]
120: [28, 16, 24]
121: [28, 27, 12, 26, 25, 24]
122: [52, 36, 46]
123: [84, 64, 76]
124: [124, 100, 114]
125: [172, 144, 160]
126: [132, 172]
127: [90, 124]
128: [56, 84]
129: [30, 52]
130: [12, 28, 13, 27, 14, 26, 15, 16, 25]
131: [12, 28, 13, 27, 14, 26, 15, 16, 25]
132: [12, 28, 27, 14, 26, 15, 16, 25]
133: [12, 28, 27, 26, 15, 16, 25]
134: [12, 28, 27, 26, 16, 25]
135: [12, 28, 27, 26, 25]
136: [52, 36]
137: [84, 64]
138: [124, 100]
139: [172, 144]
140: [132, 172]
141: [90, 124]
142: [56, 84]
143: [30, 52]
144: [30, 52, 36]
145: [52, 36]
146: [52, 36]
147: [52, 36]
148: [52, 36]
149: [52, 36]
150: [52, 36]
151: [84, 64]
152: [124, 100]
153: [172, 144]
154: [132, 172]
155: [90, 124]
156: [56, 84]
157: [56, 84]
158: [56, 84, 64]
159: [84, 64]
160: [84, 64]
161: [84, 64]
162: [84, 64]
163: [84, 64]
164: [84, 64]
165: [84, 64]
166: [124, 100]
167: [172, 144]
168: [132, 172]
169: [90, 124]
170: [90, 124]
171: [90, 124]
172: [90, 124, 100]
173: [124, 100]
174: [124, 100]
175: [124, 100]
176: [124, 100]
177: [124, 100]
178: [124, 100]
179: [124, 100]
180: [124, 100]
181: [172, 144]
182: [132, 172]
183: [132, 172]
184: [132, 172]
185: [132, 172]
186: [132, 172, 144]
187: [172, 144]
188: [172, 144]
189: [172, 144]
190: [172, 144]
191: [172, 144]
192: [172, 144]
193: [172, 144]
194: [172, 144]
195: [172, 144]
117
0: [160, 133]
1: [160, 133]
2: [160, 133]
3: [160, 133]
4: [160, 133]
5: [145, 160, 133]
6: [145, 160]
7: [145, 160]
8: [145, 160]
9: [145, 160]
10: [145, 160]
11: [145, 160]
12: [145, 160]
13: [145, 160]
14: [160, 133]
15: [114, 91]
16: [114, 91]
17: [114, 91]
18: [114, 91]
19: [101, 114, 91]
20: [101, 114]
21: [101, 114]
22: [101, 114]
23: [101, 114]
24: [101, 114]
25: [101, 114]
26: [101, 114]
27: [145, 160]
28: [160, 133]
29: [114, 91]
30: [76, 57]
31: [76, 57]
32: [76, 57]
33: [65, 76, 57]
34: [65, 76]
35: [65, 76]
36: [65, 76]
37: [65, 76]
38: [65, 76]
39: [65, 76]
40: [101, 114]
41: [145, 160]
42: [160, 133]
43: [114, 91]
44: [76, 57]
45: [46, 31]
46: [46, 31]
47: [37, 46, 31]
48: [37, 46]
49: [37, 46]
50: [37, 46]
51: [37, 46]
52: [37, 46]
53: [65, 76]
54: [101, 114]
55: [145, 160]
56: [160, 133]
57: [114, 91]
58: [76, 57]
59: [46, 31]
60: [24, 13]
61: [17, 24, 13]
62: [17, 24]
63: [17, 24]
64: [17, 24]
65: [17, 24]
66: [37, 46]
67: [65, 76]
68: [101, 114]
69: [145, 160]
70: [160, 133]
71: [114, 91]
72: [76, 57]
73: [46, 31]
74: [24, 13]
75: [4, 5, 3]
76: [4, 5, 3]
77: [5, 3]
78: [3]
79: [17, 24]
80: [37, 46]
81: [65, 76]
82: [101, 114]
83: [145, 160]
84: [160, 133]
85: [114, 91]
86: [76, 57]
87: [46, 31]
88: [24, 13]
89: [10, 4, 5, 3]
90: [10, 4]
91: [10, 5]
92: [10, 3]
93: [17, 24]
94: [37, 46]
95: [65, 76]
96: [101, 114]
97: [145, 160]
98: [160, 133]
99: [114, 91]
100: [76, 57]
101: [46, 31]
102: [24, 13]
103: [10, 11, 4, 5, 3]
104: [11, 4]
105: [11, 5]
106: [11, 3, 10]
107: [17, 24]
108: [37, 46]
109: [65, 76]
110: [101, 114]
111: [145, 160]
112: [160, 133, 172]
113: [114, 91, 124]
114: [76, 57, 84]
115: [46, 31, 52]
116: [24, 13, 28]
117: []
118: [3, 11, 4, 10, 5]
119: [3, 11, 10, 5]
120: [3, 11, 10]
121: [28, 17, 24]
122: [52, 37, 46]
123: [84, 65, 76]
124: [124, 101, 114]
125: [172, 145, 160]
126: [133, 172]
127: [91, 124]
128: [57, 84]
129: [31, 52]
130: [13, 28]
131: [13, 28, 17]
132: [28, 17]
133: [28, 17]
134: [28, 17]
135: [28, 17]
136: [52, 37]
137: [84, 65]
138: [124, 101]
139: [172, 145]
140: [133, 172]
141: [91, 124]
142: [57, 84]
143: [31, 52]
144: [31, 52]
145: [31, 52, 37]
146: [52, 37]
147: [52, 37]
148: [52, 37]
149: [52, 37]
150: [52, 37]
151: [84, 65]
152: [124, 101]
153: [172, 145]
154: [133, 172]
155: [91, 124]
156: [57, 84]
157: [57, 84]
158: [57, 84]
159: [57, 84, 65]
160: [84, 65]
161: [84, 65]
162: [84, 65]
163: [84, 65]
164: [84, 65]
165: [84, 65]
166: [124, 101]
167: [172, 145]
168: [133, 172]
169: [91, 124]
170: [91, 124]
171: [91, 124]
172: [91, 124]
173: [91, 124, 101]
174: [124, 101]
175: [124, 101]
176: [124, 101]
177: [124, 101]
178: [124, 101]
179: [124, 101]
180: [124, 101]
181: [172, 145]
182: [133, 172]
183: [133, 172]
184: [133, 172]
185: [133, 172]
186: [133, 172]
187: [133, 172, 145]
188: [172, 145]
189: [172, 145]
190: [172, 145]
191: [172, 145]
192: [172, 145]
193: [172, 145]
194: [172, 145]
195: [172, 145]
118
0: [160, 134]
1: [160, 134]
2: [160, 134]
3: [160, 134]
4: [160, 134]
5: [160, 134]
6: [146, 160, 134]
7: [146, 160]
8: [146, 160]
9: [146, 160]
10: [146, 160]
11: [146, 160]
12: [146, 160]
13: [146, 160]
14: [160, 134]
15: [114, 92]
16: [114, 92]
17: [114, 92]
18: [114, 92]
19: [114, 92]
20: [102, 114, 92]
21: [102, 114]
22: [102, 114]
23: [102, 114]
24: [102, 114]
25: [102, 114]
26: [102, 114]
27: [146, 160]
28: [160, 134]
29: [114, 92]
30: [76, 58]
31: [76, 58]
32: [76, 58]
33: [76, 58]
34: [66, 76, 58]
35: [66, 76]
36: [66, 76]
37: [66, 76]
38: [66, 76]
39: [66, 76]
40: [102, 114]
41: [146, 160]
42: [160, 134]
43: [114, 92]
44: [76, 58]
45: [46, 32]
46: [46, 32]
47: [46, 32]
48: [38, 46, 32]
49: [38, 46]
50: [38, 46]
51: [38, 46]
52: [38, 46]
53: [66, 76]
54: [102, 114]
55: [146, 160]
56: [160, 134]
57: [114, 92]
58: [76, 58]
59: [46, 32]
60: [24, 14]
61: [24, 14]
62: [18, 24, 14]
63: [18, 24]
64: [18, 24]
65: [18, 24]
66: [38, 46]
67: [66, 76]
68: [102, 114]
69: [146, 160]
70: [160, 134]
71: [114, 92]
72: [76, 58]
73: [46, 32]
74: [24, 14]
75: [4, 5, 3]
76: [6, 4, 5, 3]
77: [6, 3, 5]
78: [3, 6]
79: [18, 24]
80: [38, 46]
81: [66, 76]
82: [102, 114]
83: [146, 160]
84: [160, 134]
85: [114, 92]
86: [76, 58]
87: [46, 32]
88: [24, 14]
89: [10, 4, 5, 3]
90: [6, 10, 4]
91: [10, 5]
92: [3, 10, 6]
93: [18, 24]
94: [38, 46]
95: [66, 76]
96: [102, 114]
97: [146, 160]
98: [160, 134]
99: [114, 92]
100: [76, 58]
101: [46, 32]
102: [24, 14]
103: [10, 11, 4, 5, 3]
104: [6, 11, 4]
105: [11, 5]
106: [3, 11, 10, 6]
107: [18, 24]
108: [38, 46]
109: [66, 76]
110: [102, 114]
111: [146, 160]
112: [160, 134, 172]
113: [114, 92, 124]
114: [76, 58, 84]
115: [46, 32, 52]
116: [24, 14, 28]
117: [10, 11, 4, 5, 3]
118: []
119: [3, 11, 10, 5, 6]
120: [3, 11, 10, 6]
121: [28, 18, 24]
122: [52, 38, 46]
123: [84, 66, 76]
124: [124, 102, 114]
125: [172, 146, 160]
126: [134, 172]
127: [92, 124]
128: [58, 84]
129: [32, 52]
130: [14, 28]
131: [14, 28]
132: [14, 28, 18]
133: [28, 18]
134: [28, 18]
135: [28, 18]
136: [52, 38]
137: [84, 66]
138: [124, 102]
139: [172, 146]
140: [134, 172]
141: [92, 124]
142: [58, 84]
143: [32, 52]
144: [32, 52]
145: [32, 52]
146: [32, 52, 38]
147: [52, 38]
148: [52, 38]
149: [52, 38]
150: [52, 38]
151: [84, 66]
152: [124, 102]
153: [172, 146]
154: [134, 172]
155: [92, 124]
156: [58, 84]
157: [58, 84]
158: [58, 84]
159: [58, 84]
160: [58, 84, 66]
161: [84, 66]
162: [84, 66]
163: [84, 66]
164: [84, 66]
165: [84, 66]
166: [124, 102]
167: [172, 146]
168: [134, 172]
169: [92, 124]
170: [92, 124]
171: [92, 124]
172: [92, 124]
173: [92, 124]
174: [92, 124, 102]
175: [124, 102]
176: [124, 102]
177: [124, 102]
178: [124, 102]
179: [124, 102]
180: [124, 102]
181: [172, 146]
182: [134, 172]
183: [134, 172]
184: [134, 172]
185: [134, 172]
186: [134, 172]
187: [134, 172]
188: [134, 172, 146]
189: [172, 146]
190: [172, 146]
191: [172, 146]
192: [172, 146]
193: [172, 146]
194: [172, 146]
195: [172, 146]
119
0: [160, 135]
1: [160, 135]
2: [160, 135]
3: [160, 135]
4: [160, 135]
5: [160, 135]
6: [160, 135]
7: [147, 160, 135]
8: [147, 160]
9: [147, 160]
10: [147, 160]
11: [147, 160]
12: [147, 160]
13: [147, 160]
14: [160, 135]
15: [114, 93]
16: [114, 93]
17: [114, 93]
18: [114, 93]
19: [114, 93]
20: [114, 93]
21: [103, 114, 93]
22: [103, 114]
23: [103, 114]
24: [103, 114]
25: [103, 114]
26: [103, 114]
27: [147, 160]
28: [160, 135]
29: [114, 93]
30: [76, 59]
31: [76, 59]
32: [76, 59]
33: [76, 59]
34: [76, 59]
35: [67, 76, 59]
36: [67, 76]
37: [67, 76]
38: [67, 76]
39: [67, 76]
40: [103, 114]
41: [147, 160]
42: [160, 135]
43: [114, 93]
44: [76, 59]
45: [46, 33]
46: [46, 33]
47: [46, 33]
48: [46, 33]
49: [39, 46, 33]
50: [39, 46]
51: [39, 46]
52: [39, 46]
53: [67, 76]
54: [103, 114]
55: [147, 160]
56: [160, 135]
57: [114, 93]
58: [76, 59]
59: [46, 33]
60: [24, 15]
61: [24, 15]
62: [24, 15]
63: [19, 24, 15]
64: [19, 24]
65: [19, 24]
66: [39, 46]
67: [67, 76]
68: [103, 114]
69: [147, 160]
70: [160, 135]
71: [114, 93]
72: [76, 59]
73: [46, 33]
74: [24, 15]
75: [5, 3]
76: [6, 3, 5]
77: [7, 3, 6, 5]
78: [3, 7, 6]
79: [19, 24]
80: [39, 46]
81: [67, 76]
82: [103, 114]
83: [147, 160]
84: [160, 135]
85: [114, 93]
86: [76, 59]
87: [46, 33]
88: [24, 15]
89: [10, 5, 3]
90: [6, 10]
91: [7, 10, 5]
92: [3, 7, 10, 6]
93: [19, 24]
94: [39, 46]
95: [67, 76]
96: [103, 114]
97: [147, 160]
98: [160, 135]
99: [114, 93]
100: [76, 59]
101: [46, 33]
102: [24, 15]
103: [10, 11, 5, 3]
104: [6, 11]
105: [7, 11, 5]
106: [3, 11, 7, 10, 6]
107: [19, 24]
108: [39, 46]
109: [67, 76]
110: [103, 114]
111: [147, 160]
112: [160, 135, 172]
113: [114, 93, 124]
114: [76, 59, 84]
115: [46, 33, 52]
116: [24, 15, 28]
117: [10, 11, 5, 3]
118: [10, 11, 5, 6, 3]
119: []
120: [3, 11, 7, 10, 6]
121: [28, 19, 24]
122: [52, 39, 46]
123: [84, 67, 76]
124: [124, 103, 114]
125: [172, 147, 160]
126: [135, 172]
127: [93, 124]
128: [59, 84]
129: [33, 52]
130: [15, 28]
131: [15, 28]
132: [15, 28]
133: [15, 28, 19]
134: [28, 19]
135: [28, 19]
136: [52, 39]
137: [84, 67]
138: [124, 103]
139: [172, 147]
140: [135, 172]
141: [93, 124]
142: [59, 84]
143: [33, 52]
144: [33, 52]
145: [33, 52]
146: [33, 52]
147: [33, 52, 39]
148: [52, 39]
149: [52, 39]
150: [52, 39]
151: [84, 67]
152: [124, 103]
153: [172, 147]
154: [135, 172]
155: [93, 124]
156: [59, 84]
157: [59, 84]
158: [59, 84]
159: [59, 84]
160: [59, 84]
161: [59, 84, 67]
162: [84, 67]
163: [84, 67]
164: [84, 67]
165: [84, 67]
166: [124, 103]
167: [172, 147]
168: [135, 172]
169: [93, 124]
170: [93, 124]
171: [93, 124]
172: [93, 124]
173: [93, 124]
174: [93, 124]
175: [93, 124, 103]
176: [124, 103]
177: [124, 103]
178: [124, 103]
179: [124, 103]
180: [124, 103]
181: [172, 147]
182: [135, 172]
183: [135, 172]
184: [135, 172]
185: [135, 172]
186: [135, 172]
187: [135, 172]
188: [135, 172]
189: [135, 172, 147]
190: [172, 147]
191: [172, 147]
192: [172, 147]
193: [172, 147]
194: [172, 147]
195: [172, 147]
120
0: [160, 136]
1: [160, 136]
2: [160, 136]
3: [160, 136]
4: [160, 136]
5: [160, 136]
6: [160, 136]
7: [160, 136]
8: [148, 160, 136]
9: [148, 160]
10: [148, 160]
11: [148, 160]
12: [148, 160]
13: [148, 160]
14: [160, 136]
15: [114, 94]
16: [114, 94]
17: [114, 94]
18: [114, 94]
19: [114, 94]
20: [114, 94]
21: [114, 94]
22: [104, 114, 94]
23: [104, 114]
24: [104, 114]
25: [104, 114]
26: [104, 114]
27: [148, 160]
28: [160, 136]
29: [114, 94]
30: [76, 60]
31: [76, 60]
32: [76, 60]
33: [76, 60]
34: [76, 60]
35: [76, 60]
36: [68, 76, 60]
37: [68, 76]
38: [68, 76]
39: [68, 76]
40: [104, 114]
41: [148, 160]
42: [160, 136]
43: [114, 94]
44: [76, 60]
45: [46, 34]
46: [46, 34]
47: [46, 34]
48: [46, 34]
49: [46, 34]
50: [40, 46, 34]
51: [40, 46]
52: [40, 46]
53: [68, 76]
54: [104, 114]
55: [148, 160]
56: [160, 136]
57: [114, 94]
58: [76, 60]
59: [46, 34]
60: [24, 16]
61: [24, 16]
62: [24, 16]
63: [24, 16]
64: [20, 24, 16]
65: [20, 24]
66: [40, 46]
67: [68, 76]
68: [104, 114]
69: [148, 160]
70: [160, 136]
71: [114, 94]
72: [76, 60]
73: [46, 34]
74: [24, 16]
75: [3]
76: [3, 6]
77: [3, 7, 6]
78: [3, 7, 6]
79: [20, 24]
80: [40, 46]
81: [68, 76]
82: [104, 114]
83: [148, 160]
84: [160, 136]
85: [114, 94]
86: [76, 60]
87: [46, 34]
88: [24, 16]
89: [10, 3]
90: [6, 10]
91: [7, 10]
92: [3, 7, 10, 6]
93: [20, 24]
94: [40, 46]
95: [68, 76]
96: [104, 114]
97: [148, 160]
98: [160, 136]
99: [114, 94]
100: [76, 60]
101: [46, 34]
102: [24, 16]
103: [10, 11, 3]
104: [6, 11]
105: [7, 11]
106: [3, 11, 7, 10, 6]
107: [20, 24]
108: [40, 46]
109: [68, 76]
110: [104, 114]
111: [148, 160]
112: [160, 136, 172]
113: [114, 94, 124]
114: [76, 60, 84]
115: [46, 34, 52]
116: [24, 16, 28]
117: [10, 11, 3]
118: [10, 11, 6, 3]
119: [10, 11, 6, 7, 3]
120: []
121: [28, 20, 24]
122: [52, 40, 46]
123: [84, 68, 76]
124: [124, 104, 114]
125: [172, 148, 160]
126: [136, 172]
127: [94, 124]
128: [60, 84]
129: [34, 52]
130: [16, 28]
131: [16, 28]
132: [16, 28]
133: [16, 28]
134: [16, 28, 20]
135: [28, 20]
136: [52, 40]
137: [84, 68]
138: [124, 104]
139: [172, 148]
140: [136, 172]
141: [94, 124]
142: [60, 84]
143: [34, 52]
144: [34, 52]
145: [34, 52]
146: [34, 52]
147: [34, 52]
148: [34, 52, 40]
149: [52, 40]
150: [52, 40]
151: [84, 68]
152: [124, 104]
153: [172, 148]
154: [136, 172]
155: [94, 124]
156: [60, 84]
157: [60, 84]
158: [60, 84]
159: [60, 84]
160: [60, 84]
161: [60, 84]
162: [60, 84, 68]
163: [84, 68]
164: [84, 68]
165: [84, 68]
166: [124, 104]
167: [172, 148]
168: [136, 172]
169: [94, 124]
170: [94, 124]
171: [94, 124]
172: [94, 124]
173: [94, 124]
174: [94, 124]
175: [94, 124]
176: [94, 124, 104]
177: [124, 104]
178: [124, 104]
179: [124, 104]
180: [124, 104]
181: [172, 148]
182: [136, 172]
183: [136, 172]
184: [136, 172]
185: [136, 172]
186: [136, 172]
187: [136, 172]
188: [136, 172]
189: [136, 172]
190: [136, 172, 148]
191: [172, 148]
192: [172, 148]
193: [172, 148]
194: [172, 148]
195: [172, 148]
121
0: [160, 137]
1: [160, 137]
2: [160, 137]
3: [160, 137]
4: [160, 137]
5: [160, 137]
6: [160, 137]
7: [160, 137]
8: [160, 137]
9: [149, 160, 137]
10: [149, 160]
11: [149, 160]
12: [149, 160]
13: [149, 160]
14: [160, 137]
15: [114, 95]
16: [114, 95]
17: [114, 95]
18: [114, 95]
19: [114, 95]
20: [114, 95]
21: [114, 95]
22: [114, 95]
23: [105, 114, 95]
24: [105, 114]
25: [105, 114]
26: [105, 114]
27: [149, 160]
28: [160, 137]
29: [114, 95]
30: [76, 61]
31: [76, 61]
32: [76, 61]
33: [76, 61]
34: [76, 61]
35: [76, 61]
36: [76, 61]
37: [69, 76, 61]
38: [69, 76]
39: [69, 76]
40: [105, 114]
41: [149, 160]
42: [160, 137]
43: [114, 95]
44: [76, 61]
45: [46, 35]
46: [46, 35]
47: [46, 35]
48: [46, 35]
49: [46, 35]
50: [46, 35]
51: [41, 46, 35]
52: [41, 46]
53: [69, 76]
54: [105, 114]
55: [149, 160]
56: [160, 137]
57: [114, 95]
58: [76, 61]
59: [46, 35]
60: [24, 12]
61: [12, 24, 17]
62: [12, 18, 24, 17]
63: [12, 19, 18, 24, 17]
64: [12, 20, 19, 18, 24, 17]
65: [12, 20, 19, 18, 24, 17]
66: [41, 46]
67: [69, 76]
68: [105, 114]
69: [149, 160]
70: [160, 137]
71: [114, 95]
72: [76, 61]
73: [46, 35]
74: [24, 25, 12]
75: [17, 25]
76: [18, 25]
77: [19, 25]
78: [20, 25]
79: [12, 20, 19, 18, 24, 17, 25]
80: [41, 46]
81: [69, 76]
82: [105, 114]
83: [149, 160]
84: [160, 137]
85: [114, 95]
86: [76, 61]
87: [46, 35]
88: [24, 25, 26, 12]
89: [17, 26]
90: [18, 26]
91: [19, 26]
92: [20, 26]
93: [12, 20, 19, 18, 26, 24, 17, 25]
94: [41, 46]
95: [69, 76]
96: [105, 114]
97: [149, 160]
98: [160, 137]
99: [114, 95]
100: [76, 61]
101: [46, 35]
102: [24, 25, 26, 27, 12]
103: [17, 27]
104: [18, 27]
105: [19, 27]
106: [20, 27]
107: [12, 20, 27, 19, 18, 26, 24, 17, 25]
108: [41, 46]
109: [69, 76]
110: [105, 114]
111: [149, 160]
112: [160, 137, 172]
113: [114, 95, 124]
114: [76, 61, 84]
115: [46, 35, 52]
116: [24, 25, 26, 27, 28, 12]
117: [24, 17, 28]
118: [24, 18, 28]
119: [24, 19, 28]
120: [24, 20, 28]
121: []
122: [52, 41, 46]
123: [84, 69, 76]
124: [124, 105, 114]
125: [172, 149, 160]
126: [137, 172]
127: [95, 124]
128: [61, 84]
129: [35, 52]
130: [25, 26, 27, 28, 12]
131: [17, 25, 26, 27, 28, 12]
132: [17, 18, 25, 26, 27, 28, 12]
133: [17, 18, 19, 25, 26, 27, 28, 12]
134: [17, 18, 19, 20, 25, 26, 27, 28, 12]
135: [17, 18, 19, 20, 25, 26, 27, 28, 12]
136: [52, 41]
137: [84, 69]
138: [124, 105]
139: [172, 149]
140: [137, 172]
141: [95, 124]
142: [61, 84]
143: [35, 52]
144: [35, 52]
145: [35, 52]
146: [35, 52]
147: [35, 52]
148: [35, 52]
149: [35, 52, 41]
150: [52, 41]
151: [84, 69]
152: [124, 105]
153: [172, 149]
154: [137, 172]
155: [95, 124]
156: [61, 84]
157: [61, 84]
158: [61, 84]
159: [61, 84]
160: [61, 84]
161: [61, 84]
162: [61, 84]
163: [61, 84, 69]
164: [84, 69]
165: [84, 69]
166: [124, 105]
167: [172, 149]
168: [137, 172]
169: [95, 124]
170: [95, 124]
171: [95, 124]
172: [95, 124]
173: [95, 124]
174: [95, 124]
175: [95, 124]
176: [95, 124]
177: [95, 124, 105]
178: [124, 105]
179: [124, 105]
180: [124, 105]
181: [172, 149]
182: [137, 172]
183: [137, 172]
184: [137, 172]
185: [137, 172]
186: [137, 172]
187: [137, 172]
188: [137, 172]
189: [137, 172]
190: [137, 172]
191: [137, 172, 149]
192: [172, 149]
193: [172, 149]
194: [172, 149]
195: [172, 149]
122
0: [160, 138]
1: [160, 138]
2: [160, 138]
3: [160, 138]
4: [160, 138]
5: [160, 138]
6: [160, 138]
7: [160, 138]
8: [160, 138]
9: [160, 138]
10: [150, 160, 138]
11: [150, 160]
12: [150, 160]
13: [150, 160]
14: [160, 138]
15: [114, 96]
16: [114, 96]
17: [114, 96]
18: [114, 96]
19: [114, 96]
20: [114, 96]
21: [114, 96]
22: [114, 96]
23: [114, 96]
24: [106, 114, 96]
25: [106, 114]
26: [106, 114]
27: [150, 160]
28: [160, 138]
29: [114, 96]
30: [76, 62]
31: [76, 62]
32: [76, 62]
33: [76, 62]
34: [76, 62]
35: [76, 62]
36: [76, 62]
37: [76, 62]
38: [70, 76, 62]
39: [70, 76]
40: [106, 114]
41: [150, 160]
42: [160, 138]
43: [114, 96]
44: [76, 62]
45: [29, 46, 47]
46: [29, 46, 36, 47]
47: [29, 37, 46, 36, 47]
48: [29, 38, 37, 46, 36, 47]
49: [29, 39, 38, 37, 46, 36, 47]
50: [29, 40, 39, 38, 37, 46, 36, 47]
51: [29, 41, 40, 39, 38, 37, 46, 36, 47]
52: [29, 41, 40, 39, 38, 37, 46, 36, 47]
53: [70, 76]
54: [106, 114]
55: [150, 160]
56: [160, 138]
57: [114, 96]
58: [76, 62]
59: [46, 29, 47, 48]
60: [36, 48]
61: [37, 48]
62: [38, 48]
63: [39, 48]
64: [40, 48]
65: [41, 48]
66: [29, 41, 40, 39, 38, 37, 46, 48, 36, 47]
67: [70, 76]
68: [106, 114]
69: [150, 160]
70: [160, 138]
71: [114, 96]
72: [76, 62]
73: [46, 47, 48, 49, 29]
74: [36, 49]
75: [37, 49]
76: [38, 49]
77: [39, 49]
78: [40, 49]
79: [41, 49]
80: [29, 41, 40, 39, 38, 49, 37, 46, 48, 36, 47]
81: [70, 76]
82: [106, 114]
83: [150, 160]
84: [160, 138]
85: [114, 96]
86: [76, 62]
87: [46, 47, 48, 49, 50, 29]
88: [36, 50]
89: [37, 50]
90: [38, 50]
91: [39, 50]
92: [40, 50]
93: [41, 50]
94: [29, 41, 40, 39, 50, 38, 49, 37, 46, 48, 36, 47]
95: [70, 76]
96: [106, 114]
97: [150, 160]
98: [160, 138]
99: [114, 96]
100: [76, 62]
101: [46, 47, 48, 49, 50, 51, 29]
102: [36, 51]
103: [37, 51]
104: [38, 51]
105: [39, 51]
106: [40, 51]
107: [41, 51]
108: [29, 41, 40, 51, 39, 50, 38, 49, 37, 46, 48, 36, 47]
109: [70, 76]
110: [106, 114]
111: [150, 160]
112: [160, 138, 172]
113: [114, 96, 124]
114: [76, 62, 84]
115: [46, 47, 48, 49, 50, 51, 52, 29]
116: [46, 36, 52]
117: [46, 37, 52]
118: [46, 38, 52]
119: [46, 39, 52]
120: [46, 40, 52]
121: [46, 41, 52]
122: []
123: [84, 70, 76]
124: [124, 106, 114]
125: [172, 150, 160]
126: [138, 172]
127: [96, 124]
128: [62, 84]
129: [47, 48, 49, 50, 51, 52, 29]
130: [47, 36]
131: [47, 37]
132: [47, 38]
133: [47, 39]
134: [47, 40]
135: [47, 41]
136: [36, 37, 38, 39, 40, 41, 47, 48, 49, 50, 51, 52, 29]
137: [84, 70]
138: [124, 106]
139: [172, 150]
140: [138, 172]
141: [96, 124]
142: [62, 84]
143: [48, 49, 50, 51, 52, 29]
144: [36, 48, 49, 50, 51, 52, 29]
145: [36, 37, 48, 49, 50, 51, 52, 29]
146: [36, 37, 38, 48, 49, 50, 51, 52, 29]
147: [36, 37, 38, 39, 48, 49, 50, 51, 52, 29]
148: [36, 37, 38, 39, 40, 48, 49, 50, 51, 52, 29]
149: [36, 37, 38, 39, 40, 41, 48, 49, 50, 51, 52, 29]
150: [36, 37, 38, 39, 40, 41, 48, 49, 50, 51, 52, 29]
151: [84, 70]
152: [124, 106]
153: [172, 150]
154: [138, 172]
155: [96, 124]
156: [62, 84]
157: [62, 84]
158: [62, 84]
159: [62, 84]
160: [62, 84]
161: [62, 84]
162: [62, 84]
163: [62, 84]
164: [62, 84, 70]
165: [84, 70]
166: [124, 106]
167: [172, 150]
168: [138, 172]
169: [96, 124]
170: [96, 124]
171: [96, 124]
172: [96, 124]
173: [96, 124]
174: [96, 124]
175: [96, 124]
176: [96, 124]
177: [96, 124]
178: [96, 124, 106]
179: [124, 106]
180: [124, 106]
181: [172, 150]
182: [138, 172]
183: [138, 172]
184: [138, 172]
185: [138, 172]
186: [138, 172]
187: [138, 172]
188: [138, 172]
189: [138, 172]
190: [138, 172]
191: [138, 172]
192: [138, 172, 150]
193: [172, 150]
194: [172, 150]
195: [172, 150]
123
0: [160, 139]
1: [160, 139]
2: [160, 139]
3: [160, 139]
4: [160, 139]
5: [160, 139]
6: [160, 139]
7: [160, 139]
8: [160, 139]
9: [160, 139]
10: [160, 139]
11: [151, 160, 139]
12: [151, 160]
13: [151, 160]
14: [160, 139]
15: [114, 97]
16: [114, 97]
17: [114, 97]
18: [114, 97]
19: [114, 97]
20: [114, 97]
21: [114, 97]
22: [114, 97]
23: [114, 97]
24: [114, 97]
25: [107, 114, 97]
26: [107, 114]
27: [151, 160]
28: [160, 139]
29: [114, 97]
30: [76, 54, 77, 78]
31: [54, 76, 77, 78, 63]
32: [54, 76, 64, 77, 78, 63]
33: [54, 65, 76, 64, 77, 78, 63]
34: [54, 66, 65, 76, 64, 77, 78, 63]
35: [54, 67, 66, 65, 76, 64, 77, 78, 63]
36: [54, 68, 67, 66, 65, 76, 64, 77, 78, 63]
37: [54, 69, 68, 67, 66, 65, 76, 64, 77, 78, 63]
38: [54, 70, 69, 68, 67, 66, 65, 76, 64, 77, 78, 63]
39: [54, 70, 69, 68, 67, 66, 65, 76, 64, 77, 78, 63]
40: [107, 114]
41: [151, 160]
42: [160, 139]
43: [114, 97]
44: [76, 77, 54, 78, 79]
45: [63, 79]
46: [64, 79]
47: [65, 79]
48: [66, 79]
49: [67, 79]
50: [68, 79]
51: [69, 79]
52: [70, 79]
53: [54, 70, 69, 68, 67, 66, 65, 76, 64, 77, 79, 78, 63]
54: [107, 114]
55: [151, 160]
56: [160, 139]
57: [114, 97]
58: [76, 77, 78, 54, 80, 79]
59: [63, 80]
60: [64, 80]
61: [65, 80]
62: [66, 80]
63: [67, 80]
64: [68, 80]
65: [69, 80]
66: [70, 80]
67: [54, 70, 69, 68, 67, 66, 65, 76, 64, 80, 77, 79, 78, 63]
68: [107, 114]
69: [151, 160]
70: [160, 139]
71: [114, 97]
72: [76, 77, 78, 80, 81, 54, 79]
73: [63, 81]
74: [64, 81]
75: [65, 81]
76: [66, 81]
77: [67, 81]
78: [68, 81]
79: [69, 81]
80: [70, 81]
81: [54, 70, 69, 68, 67, 66, 81, 65, 76, 64, 80, 77, 79, 78, 63]
82: [107, 114]
83: [151, 160]
84: [160, 139]
85: [114, 97]
86: [76, 77, 78, 80, 81, 82, 79, 54]
87: [63, 82]
88: [64, 82]
89: [65, 82]
90: [66, 82]
91: [67, 82]
92: [68, 82]
93: [69, 82]
94: [70, 82]
95: [54, 70, 69, 68, 67, 66, 82, 81, 65, 76, 64, 80, 77, 79, 78, 63]
96: [107, 114]
97: [151, 160]
98: [160, 139]
99: [114, 97]
100: [76, 77, 78, 79, 80, 81, 82, 83, 54]
101: [63, 83]
102: [64, 83]
103: [65, 83]
104: [66, 83]
105: [67, 83]
106: [68, 83]
107: [69, 83]
108: [70, 83]
109: [54, 70, 69, 68, 83, 67, 66, 82, 81, 65, 76, 64, 80, 77, 79, 78, 63]
110: [107, 114]
111: [151, 160]
112: [160, 139, 172]
113: [114, 97, 124]
114: [76, 77, 78, 79, 80, 81, 82, 83, 84, 54]
115: [76, 63, 84]
116: [76, 64, 84]
117: [76, 65, 84]
118: [76, 66, 84]
119: [76, 67, 84]
120: [76, 68, 84]
121: [76, 69, 84]
122: [76, 70, 84]
123: []
124: [124, 107, 114]
125: [172, 151, 160]
126: [139, 172]
127: [97, 124]
128: [77, 78, 79, 80, 81, 82, 83, 84, 54]
129: [77, 63]
130: [77, 64]
131: [77, 65]
132: [77, 66]
133: [77, 67]
134: [77, 68]
135: [77, 69]
136: [77, 70]
137: [64, 65, 66, 67, 68, 69, 70, 77, 78, 79, 80, 81, 82, 83, 84, 63, 54]
138: [124, 107]
139: [172, 151]
140: [139, 172]
141: [97, 124]
142: [78, 79, 80, 81, 82, 83, 84, 54]
143: [78, 63]
144: [78, 64]
145: [78, 65]
146: [78, 66]
147: [78, 67]
148: [78, 68]
149: [78, 69]
150: [78, 70]
151: [64, 65, 66, 67, 68, 69, 70, 78, 79, 80, 81, 82, 83, 84, 63, 54]
152: [124, 107]
153: [172, 151]
154: [139, 172]
155: [97, 124]
156: [79, 80, 81, 82, 83, 84, 54]
157: [79, 80, 81, 82, 83, 84, 63, 54]
158: [64, 79, 80, 81, 82, 83, 84, 63, 54]
159: [64, 65, 79, 80, 81, 82, 83, 84, 63, 54]
160: [64, 65, 66, 79, 80, 81, 82, 83, 84, 63, 54]
161: [64, 65, 66, 67, 79, 80, 81, 82, 83, 84, 63, 54]
162: [64, 65, 66, 67, 68, 79, 80, 81, 82, 83, 84, 63, 54]
163: [64, 65, 66, 67, 68, 69, 79, 80, 81, 82, 83, 84, 63, 54]
164: [64, 65, 66, 67, 68, 69, 70, 79, 80, 81, 82, 83, 84, 63, 54]
165: [64, 65, 66, 67, 68, 69, 70, 79, 80, 81, 82, 83, 84, 63, 54]
166: [124, 107]
167: [172, 151]
168: [139, 172]
169: [97, 124]
170: [97, 124]
171: [97, 124]
172: [97, 124]
173: [97, 124]
174: [97, 124]
175: [97, 124]
176: [97, 124]
177: [97, 124]
178: [97, 124]
179: [97, 124, 107]
180: [124, 107]
181: [172, 151]
182: [139, 172]
183: [139, 172]
184: [139, 172]
185: [139, 172]
186: [139, 172]
187: [139, 172]
188: [139, 172]
189: [139, 172]
190: [139, 172]
191: [139, 172]
192: [139, 172]
193: [139, 172, 151]
194: [172, 151]
195: [172, 151]
124
0: [160, 140]
1: [160, 140]
2: [160, 140]
3: [160, 140]
4: [160, 140]
5: [160, 140]
6: [160, 140]
7: [160, 140]
8: [160, 140]
9: [160, 140]
10: [160, 140]
11: [160, 140]
12: [152, 160, 140]
13: [152, 160]
14: [160, 140]
15: [114, 87, 115, 116, 117]
16: [87, 114, 115, 116, 98, 117]
17: [87, 114, 115, 99, 116, 98, 117]
18: [87, 114, 115, 100, 99, 116, 98, 117]
19: [87, 114, 101, 115, 100, 99, 116, 98, 117]
20: [87, 102, 114, 101, 115, 100, 99, 116, 98, 117]
21: [87, 103, 102, 114, 101, 115, 100, 99, 116, 98, 117]
22: [87, 104, 103, 102, 114, 101, 115, 100, 99, 116, 98, 117]
23: [87, 105, 104, 103, 102, 114, 101, 115, 100, 99, 116, 98, 117]
24: [87, 106, 105, 104, 103, 102, 114, 101, 115, 100, 99, 116, 98, 117]
25: [87, 107, 106, 105, 104, 103, 102, 114, 101, 115, 100, 99, 116, 98, 117]
26: [87, 107, 106, 105, 104, 103, 102, 114, 101, 115, 100, 99, 116, 98, 117]
27: [152, 160]
28: [160, 140]
29: [114, 115, 87, 116, 117, 118]
30: [98, 118]
31: [99, 118]
32: [100, 118]
33: [101, 118]
34: [102, 118]
35: [103, 118]
36: [104, 118]
37: [105, 118]
38: [106, 118]
39: [107, 118]
40: [87, 107, 106, 105, 104, 103, 102, 114, 101, 115, 100, 99, 116, 98, 117, 118]
41: [152, 160]
42: [160, 140]
43: [114, 115, 116, 87, 117, 118, 119]
44: [98, 119]
45: [99, 119]
46: [100, 119]
47: [101, 119]
48: [102, 119]
49: [103, 119]
50: [104, 119]
51: [105, 119]
52: [106, 119]
53: [107, 119]
54: [87, 107, 106, 105, 104, 103, 102, 114, 101, 115, 100, 99, 116, 119, 98, 117, 118]
55: [152, 160]
56: [160, 140]
57: [114, 115, 116, 117, 87, 120, 118, 119]
58: [98, 120]
59: [99, 120]
60: [100, 120]
61: [101, 120]
62: [102, 120]
63: [103, 120]
64: [104, 120]
65: [105, 120]
66: [106, 120]
67: [107, 120]
68: [87, 107, 106, 105, 104, 103, 102, 114, 101, 120, 115, 100, 99, 116, 119, 98, 117, 118]
69: [152, 160]
70: [160, 140]
71: [114, 115, 116, 117, 118, 119, 120, 121, 87]
72: [98, 121]
73: [99, 121]
74: [100, 121]
75: [101, 121]
76: [102, 121]
77: [103, 121]
78: [104, 121]
79: [105, 121]
80: [106, 121]
81: [107, 121]
82: [87, 107, 106, 105, 104, 103, 102, 121, 114, 101, 120, 115, 100, 99, 116, 119, 98, 117, 118]
83: [152, 160]
84: [160, 140]
85: [114, 115, 116, 117, 118, 119, 120, 121, 122, 87]
86: [98, 122]
87: [99, 122]
88: [100, 122]
89: [101, 122]
90: [102, 122]
91: [103, 122]
92: [104, 122]
93: [105, 122]
94: [106, 122]
95: [107, 122]
96: [87, 107, 106, 105, 104, 103, 122, 102, 121, 114, 101, 120, 115, 100, 99, 116, 119, 98, 117, 118]
97: [152, 160]
98: [160, 140]
99: [114, 115, 116, 117, 118, 119, 120, 121, 122, 123, 87]
100: [98, 123]
101: [99, 123]
102: [100, 123]
103: [101, 123]
104: [102, 123]
105: [103, 123]
106: [104, 123]
107: [105, 123]
108: [106, 123]
109: [107, 123]
110: [87, 107, 106, 105, 104, 123, 103, 122, 102, 121, 114, 101, 120, 115, 100, 99, 116, 119, 98, 117, 118]
111: [152, 160]
112: [160, 140, 172]
113: [114, 115, 116, 117, 118, 119, 120, 121, 122, 123, 124, 87]
114: [114, 98, 124]
115: [114, 99, 124]
116: [114, 100, 124]
117: [114, 101, 124]
118: [114, 102, 124]
119: [114, 103, 124]
120: [114, 104, 124]
121: [114, 105, 124]
122: [114, 106, 124]
123: [114, 107, 124]
124: []
125: [172, 152, 160]
126: [140, 172]
127: [115, 116, 117, 118, 119, 120, 121, 122, 123, 124, 87]
128: [115, 98]
129: [115, 99]
130: [115, 100]
131: [115, 101]
132: [115, 102]
133: [115, 103]
134: [115, 104]
135: [115, 105]
136: [115, 106]
137: [115, 107]
138: [98, 99, 100, 101, 102, 103, 104, 105, 106, 107, 115, 116, 117, 118, 119, 120, 121, 122, 123, 124, 87]
139: [172, 152]
140: [140, 172]
141: [116, 117, 118, 119, 120, 121, 122, 123, 124, 87]
142: [116, 98]
143: [116, 99]
144: [116, 100]
145: [116, 101]
146: [116, 102]
147: [116, 103]
148: [116, 104]
149: [116, 105]
150: [116, 106]
151: [116, 107]
152: [98, 99, 100, 101, 102, 103, 104, 105, 106, 107, 116, 117, 118, 119, 120, 121, 122, 123, 124, 87]
153: [172, 152]
154: [140, 172]
155: [117, 118, 119, 120, 121, 122, 123, 124, 87]
156: [117, 98]
157: [117, 99]
158: [117, 100]
159: [117, 101]
160: [117, 102]
161: [117, 103]
162: [117, 104]
163: [117, 105]
164: [117, 106]
165: [117, 107]
166: [98, 99, 100, 101, 102, 103, 104, 105, 106, 107, 117, 118, 119, 120, 121, 122, 123, 124, 87]
167: [172, 152]
168: [140, 172]
169: [118, 119, 120, 121, 122, 123, 124, 87]
170: [98, 118, 119, 120, 121, 122, 123, 124, 87]
171: [98, 99, 118, 119, 120, 121, 122, 123, 124, 87]
172: [98, 99, 100, 118, 119, 120, 121, 122, 123, 124, 87]
173: [98, 99, 100, 101, 118, 119, 120, 121, 122, 123, 124, 87]
174: [98, 99, 100, 101, 102, 118, 119, 120, 121, 122, 123, 124, 87]
175: [98, 99, 100, 101, 102, 103, 118, 119, 120, 121, 122, 123, 124, 87]
176: [98, 99, 100, 101, 102, 103, 104, 118, 119, 120, 121, 122, 123, 124, 87]
177: [98, 99, 100, 101, 102, 103, 104, 105, 118, 119, 120, 121, 122, 123, 124, 87]
178: [98, 99, 100, 101, 102, 103, 104, 105, 106, 118, 119, 120, 121, 122, 123, 124, 87]
179: [98, 99, 100, 101, 102, 103, 104, 105, 106, 107, 118, 119, 120, 121, 122, 123, 124, 87]
180: [98, 99, 100, 101, 102, 103, 104, 105, 106, 107, 118, 119, 120, 121, 122, 123, 124, 87]
181: [172, 152]
182: [140, 172]
183: [140, 172]
184: [140, 172]
185: [140, 172]
186: [140, 172]
187: [140, 172]
188: [140, 172]
189: [140, 172]
190: [140, 172]
191: [140, 172]
192: [140, 172]
193: [140, 172]
194: [140, 172, 152]
195: [172, 152]
125
0: [128, 160, 161, 162, 163, 164]
1: [128, 160, 161, 162, 163, 164, 141]
2: [128, 160, 161, 162, 163, 142, 164, 141]
3: [128, 160, 161, 162, 143, 163, 142, 164, 141]
4: [128, 160, 144, 161, 162, 143, 163, 142, 164, 141]
5: [128, 160, 145, 144, 161, 162, 143, 163, 142, 164, 141]
6: [128, 146, 160, 145, 144, 161, 162, 143, 163, 142, 164, 141]
7: [128, 147, 146, 160, 145, 144, 161, 162, 143, 163, 142, 164, 141]
8: [128, 148, 147, 146, 160, 145, 144, 161, 162, 143, 163, 142, 164, 141]
9: [128, 149, 148, 147, 146, 160, 145, 144, 161, 162, 143, 163, 142, 164, 141]
10: [128, 150, 149, 148, 147, 146, 160, 145, 144, 161, 162, 143, 163, 142, 164, 141]
11: [128, 151, 150, 149, 148, 147, 146, 160, 145, 144, 161, 162, 143, 163, 142, 164, 141]
12: [128, 152, 151, 150, 149, 148, 147, 146, 160, 145, 144, 161, 162, 143, 163, 142, 164, 141]
13: [128, 152, 151, 150, 149, 148, 147, 146, 160, 145, 144, 161, 162, 143, 163, 142, 164, 141]
14: [160, 128, 161, 162, 163, 164, 165]
15: [141, 165]
16: [142, 165]
17: [143, 165]
18: [144, 165]
19: [145, 165]
20: [146, 165]
21: [147, 165]
22: [148, 165]
23: [149, 165]
24: [150, 165]
25: [151, 165]
26: [152, 165]
27: [128, 152, 151, 150, 149, 148, 147, 146, 160, 145, 144, 161, 162, 143, 163, 142, 164, 141, 165]
28: [160, 161, 128, 162, 163, 164, 165, 166]
29: [141, 166]
30: [142, 166]
31: [143, 166]
32: [144, 166]
33: [145, 166]
34: [146, 166]
35: [147, 166]
36: [148, 166]
37: [149, 166]
38: [150, 166]
39: [151, 166]
40: [152, 166]
41: [128, 152, 151, 150, 149, 148, 147, 146, 160, 145, 144, 161, 162, 143, 163, 166, 142, 164, 141, 165]
42: [160, 161, 162, 128, 163, 164, 165, 166, 167]
43: [141, 167]
44: [142, 167]
45: [143, 167]
46: [144, 167]
47: [145, 167]
48: [146, 167]
49: [147, 167]
50: [148, 167]
51: [149, 167]
52: [150, 167]
53: [151, 167]
54: [152, 167]
55: [128, 152, 151, 150, 149, 148, 147, 146, 160, 145, 144, 161, 167, 162, 143, 163, 166, 142, 164, 141, 165]
56: [160, 161, 162, 163, 128, 164, 168, 165, 166, 167]
57: [141, 168]
58: [142, 168]
59: [143, 168]
60: [144, 168]
61: [145, 168]
62: [146, 168]
63: [147, 168]
64: [148, 168]
65: [149, 168]
66: [150, 168]
67: [151, 168]
68: [152, 168]
69: [128, 152, 151, 150, 149, 148, 147, 146, 160, 145, 144, 161, 168, 167, 162, 143, 163, 166, 142, 164, 141, 165]
70: [160, 161, 162, 163, 164, 128, 165, 166, 167, 168, 169]
71: [141, 169]
72: [142, 169]
73: [143, 169]
74: [144, 169]
75: [145, 169]
76: [146, 169]
77: [147, 169]
78: [148, 169]
79: [149, 169]
80: [150, 169]
81: [151, 169]
82: [152, 169]
83: [128, 152, 151, 150, 149, 148, 147, 146, 160, 145, 169, 144, 161, 168, 167, 162, 143, 163, 166, 142, 164, 141, 165]
84: [160, 161, 162, 163, 164, 165, 166, 167, 168, 169, 170, 128]
85: [141, 170]
86: [142, 170]
87: [143, 170]
88: [144, 170]
89: [145, 170]
90: [146, 170]
91: [147, 170]
92: [148, 170]
93: [149, 170]
94: [150, 170]
95: [151, 170]
96: [152, 170]
97: [128, 152, 151, 150, 149, 148, 147, 170, 146, 160, 145, 169, 144, 161, 168, 167, 162, 143, 163, 166, 142, 164, 141, 165]
98: [160, 161, 162, 163, 164, 165, 166, 167, 168, 169, 170, 171, 128]
99: [141, 171]
100: [142, 171]
101: [143, 171]
102: [144, 171]
103: [145, 171]
104: [146, 171]
105: [147, 171]
106: [148, 171]
107: [149, 171]
108: [150, 171]
109: [151, 171]
110: [152, 171]
111: [128, 152, 151, 150, 149, 148, 147, 171, 170, 146, 160, 145, 169, 144, 161, 168, 167, 162, 143, 163, 166, 142, 164, 141, 165]
112: [160, 161, 162, 163, 164, 165, 166, 167, 168, 169, 170, 171, 172, 128]
113: [160, 141, 172]
114: [160, 142, 172]
115: [160, 143, 172]
116: [160, 144, 172]
117: [160, 145, 172]
118: [160, 146, 172]
119: [160, 147, 172]
120: [160, 148, 172]
121: [160, 149, 172]
122: [160, 150, 172]
123: [160, 151, 172]
124: [160, 152, 172]
125: []
126: [161, 162, 163, 164, 165, 166, 167, 168, 169, 170, 171, 172, 128]
127: [161, 141]
128: [161, 142]
129: [161, 143]
130: [161, 144]
131: [161, 145]
132: [161, 146]
133: [161, 147]
134: [161, 148]
135: [161, 149]
136: [161, 150]
137: [161, 151]
138: [161, 152]
139: [141, 142, 143, 144, 145, 146, 147, 148, 149, 150, 151, 152, 161, 162, 163, 164, 165, 166, 167, 168, 169, 170, 171, 172, 128]
140: [162, 163, 164, 165, 166, 167, 168, 169, 170, 171, 172, 128]
141: [162, 141]
142: [162, 142]
143: [162, 143]
144: [162, 144]
145: [162, 145]
146: [162, 146]
147: [162, 147]
148: [162, 148]
149: [162, 149]
150: [162, 150]
151: [162, 151]
152: [162, 152]
153: [141, 142, 143, 144, 145, 146, 147, 148, 149, 150, 151, 152, 162, 163, 164, 165, 166, 167, 168, 169, 170, 171, 172, 128]
154: [163, 164, 165, 166, 167, 168, 169, 170, 171, 172, 128]
155: [163, 141]
156: [163, 142]
157: [163, 143]
158: [163, 144]
159: [163, 145]
160: [163, 146]
161: [163, 147]
162: [163, 148]
163: [163, 149]
164: [163, 150]
165: [163, 151]
166: [163, 152]
167: [141, 142, 143, 144, 145, 146, 147, 148, 149, 150, 151, 152, 163, 164, 165, 166, 167, 168, 169, 170, 171, 172, 128]
168: [164, 165, 166, 167, 168, 169, 170, 171, 172, 128]
169: [164, 141]
170: [164, 142]
171: [164, 143]
172: [164, 144]
173: [164, 145]
174: [164, 146]
175: [164, 147]
176: [164, 148]
177: [164, 149]
178: [164, 150]
179: [164, 151]
180: [164, 152]
181: [141, 142, 143, 144, 145, 146, 147, 148, 149, 150, 151, 152, 164, 165, 166, 167, 168, 169, 170, 171, 172, 128]
182: [165, 166, 167, 168, 169, 170, 171, 172, 128]
183: [165, 166, 167, 168, 169, 170, 171, 172, 141, 128]
184: [165, 166, 167, 168, 169, 170, 171, 172, 141, 142, 128]
185: [165, 166, 167, 168, 169, 170, 171, 172, 141, 142, 143, 128]
186: [165, 166, 167, 168, 169, 170, 171, 172, 141, 142, 143, 144, 128]
187: [165, 166, 167, 168, 169, 170, 171, 172, 141, 142, 143, 144, 145, 128]
188: [165, 166, 167, 168, 169, 170, 171, 172, 141, 142, 143, 144, 145, 146, 128]
189: [165, 166, 167, 168, 169, 170, 171, 172, 141, 142, 143, 144, 145, 146, 147, 128]
190: [165, 166, 167, 168, 169, 170, 171, 172, 141, 142, 143, 144, 145, 146, 147, 148, 128]
191: [165, 166, 167, 168, 169, 170, 171, 172, 141, 142, 143, 144, 145, 146, 147, 148, 149, 128]
192: [165, 166, 167, 168, 169, 170, 171, 172, 141, 142, 143, 144, 145, 146, 147, 148, 149, 150, 128]
193: [141, 142, 143, 144, 145, 146, 147, 148, 149, 150, 151, 165, 166, 167, 168, 169, 170, 171, 172, 128]
194: [141, 142, 143, 144, 145, 146, 147, 148, 149, 150, 151, 152, 165, 166, 167, 168, 169, 170, 171, 172, 128]
195: [141, 142, 143, 144, 145, 146, 147, 148, 149, 150, 151, 152, 165, 166, 167, 168, 169, 170, 171, 172, 128]
126
0: [129, 130, 131, 132, 133, 134, 135, 136, 137, 138, 139, 140, 161, 162, 163, 164, 128]
1: [129, 130, 131, 132, 133, 134, 135, 136, 137, 138, 139, 140, 161, 162, 163, 164, 128]
2: [161, 130, 131, 132, 133, 134, 135, 136, 137, 138, 139, 140, 164, 162, 163, 128]
3: [161, 162, 131, 132, 133, 134, 135, 136, 137, 138, 139, 140, 164, 163, 128]
4: [161, 162, 163, 132, 133, 134, 135, 136, 137, 138, 139, 140, 164, 128]
5: [161, 162, 163, 164, 133, 134, 135, 136, 137, 138, 139, 140, 128]
6: [161, 162, 163, 164, 134, 135, 136, 137, 138, 139, 140, 128]
7: [161, 162, 163, 164, 135, 136, 137, 138, 139, 140, 128]
8: [161, 162, 163, 164, 136, 137, 138, 139, 140, 128]
9: [161, 162, 163, 164, 137, 138, 139, 140, 128]
10: [161, 162, 163, 164, 138, 139, 140, 128]
11: [161, 162, 163, 164, 139, 140, 128]
12: [161, 162, 163, 164, 140, 128]
13: [161, 162, 163, 164, 128]
14: [129, 130, 131, 132, 133, 134, 135, 136, 137, 138, 139, 140, 161, 165, 162, 163, 164, 128]
15: [165, 129]
16: [165, 130]
17: [165, 131]
18: [165, 132]
19: [165, 133]
20: [165, 134]
21: [165, 135]
22: [165, 136]
23: [165, 137]
24: [165, 138]
25: [165, 139]
26: [165, 140]
27: [165, 161, 162, 163, 164, 128]
28: [129, 130, 131, 132, 133, 134, 135, 136, 137, 138, 139, 140, 161, 165, 166, 162, 163, 164, 128]
29: [166, 129]
30: [166, 130]
31: [166, 131]
32: [166, 132]
33: [166, 133]
34: [166, 134]
35: [166, 135]
36: [166, 136]
37: [166, 137]
38: [166, 138]
39: [166, 139]
40: [166, 140]
41: [166, 165, 161, 162, 163, 164, 128]
42: [129, 130, 131, 132, 133, 134, 135, 136, 137, 138, 139, 140, 161, 162, 163, 164, 165, 166, 167, 128]
43: [167, 129]
44: [167, 130]
45: [167, 131]
46: [167, 132]
47: [167, 133]
48: [167, 134]
49: [167, 135]
50: [167, 136]
51: [167, 137]
52: [167, 138]
53: [167, 139]
54: [167, 140]
55: [167, 166, 165, 161, 162, 163, 164, 128]
56: [129, 130, 131, 132, 133, 134, 135, 136, 137, 138, 139, 140, 161, 162, 163, 164, 165, 166, 167, 168, 128]
57: [168, 129]
58: [168, 130]
59: [168, 131]
60: [168, 132]
61: [168, 133]
62: [168, 134]
63: [168, 135]
64: [168, 136]
65: [168, 137]
66: [168, 138]
67: [168, 139]
68: [168, 140]
69: [168, 167, 166, 165, 128, 161, 162, 163, 164]
70: [129, 130, 131, 132, 133, 134, 135, 136, 137, 138, 139, 140, 161, 162, 163, 164, 165, 166, 167, 168, 169, 128]
71: [169, 129]
72: [169, 130]
73: [169, 131]
74: [169, 132]
75: [169, 133]
76: [169, 134]
77: [169, 135]
78: [169, 136]
79: [169, 137]
80: [169, 138]
81: [169, 139]
82: [169, 140]
83: [169, 168, 167, 166, 128, 165, 161, 162, 163, 164]
84: [129, 130, 131, 132, 133, 134, 135, 136, 137, 138, 139, 140, 161, 162, 163, 164, 165, 166, 167, 168, 169, 170, 128]
85: [170, 129]
86: [170, 130]
87: [170, 131]
88: [170, 132]
89: [170, 133]
90: [170, 134]
91: [170, 135]
92: [170, 136]
93: [170, 137]
94: [170, 138]
95: [170, 139]
96: [170, 140]
97: [170, 169, 168, 167, 128, 166, 165, 161, 162, 163, 164]
98: [129, 130, 131, 132, 133, 134, 135, 136, 137, 138, 139, 140, 161, 162, 163, 164, 165, 166, 167, 168, 169, 170, 171, 128]
99: [171, 129]
100: [171, 130]
101: [171, 131]
102: [171, 132]
103: [171, 133]
104: [171, 134]
105: [171, 135]
106: [171, 136]
107: [171, 137]
108: [171, 138]
109: [171, 139]
110: [171, 140]
111: [171, 170, 169, 168, 128, 167, 166, 165, 161, 162, 163, 164]
112: [129, 130, 131, 132, 133, 134, 135, 136, 137, 138, 139, 140, 161, 162, 163, 164, 165, 166, 167, 168, 169, 170, 171, 172, 128]
113: [172, 129]
114: [172, 130]
115: [172, 131]
116: [172, 132]
117: [172, 133]
118: [172, 134]
119: [172, 135]
120: [172, 136]
121: [172, 137]
122: [172, 138]
123: [172, 139]
124: [172, 140]
125: [172, 171, 170, 169, 128, 168, 167, 166, 165, 161, 162, 163, 164]
126: []
127: [173, 129, 161]
128: [173, 130, 161]
129: [173, 131, 161]
130: [173, 132, 161]
131: [173, 133, 161]
132: [173, 134, 161]
133: [173, 135, 161]
134: [173, 136, 161]
135: [173, 137, 161]
136: [173, 138, 161]
137: [173, 139, 161]
138: [173, 140, 161]
139: [173, 172, 171, 170, 128, 169, 168, 167, 166, 165, 161, 162, 163, 164]
140: [128, 129, 130, 131, 132, 173, 172, 133, 171, 134, 170, 135, 136, 169, 168, 137, 162, 138, 167, 139, 163, 166, 164, 140, 165]
141: [129, 162]
142: [130, 162]
143: [131, 162]
144: [132, 162]
145: [133, 162]
146: [134, 162]
147: [135, 162]
148: [136, 162]
149: [137, 162]
150: [138, 162]
151: [139, 162]
152: [140, 162]
153: [173, 172, 171, 128, 170, 169, 168, 167, 166, 165, 162, 163, 164]
154: [128, 129, 130, 131, 132, 173, 172, 133, 171, 134, 170, 135, 136, 169, 168, 137, 138, 167, 139, 163, 166, 164, 140, 165]
155: [129, 163]
156: [130, 163]
157: [131, 163]
158: [132, 163]
159: [133, 163]
160: [134, 163]
161: [135, 163]
162: [136, 163]
163: [137, 163]
164: [138, 163]
165: [139, 163]
166: [140, 163]
167: [173, 172, 128, 171, 170, 169, 168, 167, 166, 165, 163, 164]
168: [128, 129, 130, 131, 132, 173, 172, 133, 171, 134, 170, 135, 136, 169, 168, 137, 138, 167, 139, 166, 164, 140, 165]
169: [129, 164]
170: [130, 164]
171: [131, 164]
172: [132, 164]
173: [133, 164]
174: [134, 164]
175: [135, 164]
176: [136, 164]
177: [137, 164]
178: [138, 164]
179: [139, 164]
180: [140, 164]
181: [173, 128, 172, 171, 170, 169, 168, 167, 166, 165, 164]
182: [128, 129, 130, 131, 132, 173, 172, 133, 171, 134, 170, 135, 136, 169, 168, 137, 138, 167, 139, 166, 140, 165]
183: [128, 129, 130, 131, 132, 173, 172, 133, 171, 134, 170, 135, 136, 169, 168, 137, 138, 167, 139, 166, 140, 165]
184: [128, 130, 131, 132, 173, 172, 133, 171, 134, 170, 135, 136, 169, 168, 137, 138, 167, 139, 166, 140, 165]
185: [128, 131, 132, 173, 172, 133, 171, 134, 170, 135, 136, 169, 168, 137, 138, 167, 139, 166, 140, 165]
186: [128, 132, 173, 172, 133, 171, 134, 170, 135, 136, 169, 168, 137, 138, 167, 139, 166, 140, 165]
187: [128, 173, 172, 133, 171, 134, 170, 135, 136, 169, 168, 137, 138, 167, 139, 166, 140, 165]
188: [128, 173, 172, 171, 134, 170, 135, 136, 169, 168, 137, 138, 167, 139, 166, 140, 165]
189: [128, 173, 172, 171, 170, 135, 136, 169, 168, 137, 138, 167, 139, 166, 140, 165]
190: [128, 173, 172, 171, 170, 136, 169, 168, 137, 138, 167, 139, 166, 140, 165]
191: [128, 173, 172, 171, 170, 169, 168, 137, 138, 167, 139, 166, 140, 165]
192: [128, 173, 172, 171, 170, 169, 168, 138, 167, 139, 166, 140, 165]
193: [128, 173, 172, 171, 170, 169, 168, 167, 139, 166, 140, 165]
194: [128, 173, 172, 171, 170, 169, 168, 167, 166, 140, 165]
195: [128, 173, 172, 171, 170, 169, 168, 167, 166, 165]
127
0: [161, 129]
1: [141, 161, 129]
2: [141, 161]
3: [141, 161]
4: [141, 161]
5: [141, 161]
6: [141, 161]
7: [141, 161]
8: [141, 161]
9: [141, 161]
10: [141, 161]
11: [141, 161]
12: [141, 161]
13: [141, 161]
14: [161, 129]
15: [96, 97, 115, 116, 117, 88, 89, 90, 91, 92, 93, 94, 95, 87]
16: [96, 97, 115, 116, 117, 88, 89, 90, 91, 92, 93, 94, 95, 87]
17: [96, 97, 115, 116, 117, 89, 90, 91, 92, 93, 94, 95, 87]
18: [96, 97, 115, 116, 117, 90, 91, 92, 93, 94, 95, 87]
19: [96, 97, 115, 116, 117, 91, 92, 93, 94, 95, 87]
20: [96, 97, 115, 116, 117, 92, 93, 94, 95, 87]
21: [96, 97, 115, 116, 117, 93, 94, 95, 87]
22: [96, 97, 115, 116, 117, 94, 95, 87]
23: [96, 97, 115, 116, 117, 95, 87]
24: [96, 97, 115, 116, 117, 87]
25: [97, 115, 116, 117, 87]
26: [115, 116, 117, 87]
27: [141, 161]
28: [161, 129]
29: [96, 97, 115, 116, 117, 118, 88, 89, 90, 91, 92, 93, 94, 95, 87]
30: [118, 88]
31: [118, 89]
32: [118, 90]
33: [118, 91]
34: [118, 92]
35: [118, 93]
36: [118, 94]
37: [118, 95]
38: [118, 96]
39: [118, 97]
40: [118, 115, 116, 117, 87]
41: [141, 161]
42: [161, 129]
43: [96, 97, 115, 116, 117, 118, 119, 88, 89, 90, 91, 92, 93, 94, 95, 87]
44: [119, 88]
45: [119, 89]
46: [119, 90]
47: [119, 91]
48: [119, 92]
49: [119, 93]
50: [119, 94]
51: [119, 95]
52: [119, 96]
53: [119, 97]
54: [119, 118, 115, 116, 117, 87]
55: [141, 161]
56: [161, 129]
57: [96, 97, 120, 115, 116, 117, 118, 119, 88, 89, 90, 91, 92, 93, 94, 95, 87]
58: [120, 88]
59: [120, 89]
60: [120, 90]
61: [120, 91]
62: [120, 92]
63: [120, 93]
64: [120, 94]
65: [120, 95]
66: [120, 96]
67: [120, 97]
68: [120, 119, 118, 115, 116, 117, 87]
69: [141, 161]
70: [161, 129]
71: [96, 97, 121, 120, 115, 116, 117, 118, 119, 88, 89, 90, 91, 92, 93, 94, 95, 87]
72: [121, 88]
73: [121, 89]
74: [121, 90]
75: [121, 91]
76: [121, 92]
77: [121, 93]
78: [121, 94]
79: [121, 95]
80: [121, 96]
81: [121, 97]
82: [121, 120, 119, 118, 87, 115, 116, 117]
83: [141, 161]
84: [161, 129]
85: [96, 97, 121, 122, 120, 115, 116, 117, 118, 119, 88, 89, 90, 91, 92, 93, 94, 95, 87]
86: [122, 88]
87: [122, 89]
88: [122, 90]
89: [122, 91]
90: [122, 92]
91: [122, 93]
92: [122, 94]
93: [122, 95]
94: [122, 96]
95: [122, 97]
96: [122, 121, 120, 119, 87, 118, 115, 116, 117]
97: [141, 161]
98: [161, 129]
99: [88, 89, 90, 91, 92, 93, 94, 95, 96, 97, 115, 116, 117, 118, 119, 120, 121, 122, 123, 87]
100: [123, 88]
101: [123, 89]
102: [123, 90]
103: [123, 91]
104: [123, 92]
105: [123, 93]
106: [123, 94]
107: [123, 95]
108: [123, 96]
109: [123, 97]
110: [123, 122, 121, 120, 87, 119, 118, 115, 116, 117]
111: [141, 161]
112: [161, 129]
113: [88, 89, 90, 91, 92, 93, 94, 95, 96, 97, 115, 116, 117, 118, 119, 120, 121, 122, 123, 124, 87]
114: [124, 88]
115: [124, 89]
116: [124, 90]
117: [124, 91]
118: [124, 92]
119: [124, 93]
120: [124, 94]
121: [124, 95]
122: [124, 96]
123: [124, 97]
124: [124, 123, 122, 121, 87, 120, 119, 118, 115, 116, 117]
125: [141, 161]
126: [161, 129, 173]
127: []
128: [125, 88, 115]
129: [125, 89, 115]
130: [125, 90, 115]
131: [125, 91, 115]
132: [125, 92, 115]
133: [125, 93, 115]
134: [125, 94, 115]
135: [125, 95, 115]
136: [125, 96, 115]
137: [125, 97, 115]
138: [125, 124, 123, 122, 87, 121, 120, 119, 118, 115, 116, 117]
139: [173, 141, 161]
140: [129, 173]
141: [87, 88, 89, 90, 125, 91, 124, 123, 92, 122, 93, 121, 94, 120, 95, 96, 116, 119, 97, 117, 118]
142: [88, 116]
143: [89, 116]
144: [90, 116]
145: [91, 116]
146: [92, 116]
147: [93, 116]
148: [94, 116]
149: [95, 116]
150: [96, 116]
151: [97, 116]
152: [125, 124, 123, 87, 122, 121, 120, 119, 118, 116, 117]
153: [173, 141]
154: [129, 173]
155: [87, 88, 89, 90, 125, 91, 124, 123, 92, 122, 93, 121, 94, 120, 95, 96, 119, 97, 117, 118]
156: [88, 117]
157: [89, 117]
158: [90, 117]
159: [91, 117]
160: [92, 117]
161: [93, 117]
162: [94, 117]
163: [95, 117]
164: [96, 117]
165: [97, 117]
166: [125, 124, 87, 123, 122, 121, 120, 119, 118, 117]
167: [173, 141]
168: [129, 173]
169: [87, 88, 89, 90, 125, 91, 124, 123, 92, 122, 93, 121, 94, 120, 95, 96, 119, 97, 118]
170: [87, 88, 89, 90, 125, 91, 124, 123, 92, 122, 93, 121, 94, 120, 95, 96, 119, 97, 118]
171: [87, 89, 90, 125, 91, 124, 123, 92, 122, 93, 121, 94, 120, 95, 96, 119, 97, 118]
172: [87, 90, 125, 91, 124, 123, 92, 122, 93, 121, 94, 120, 95, 96, 119, 97, 118]
173: [87, 125, 91, 124, 123, 92, 122, 93, 121, 94, 120, 95, 96, 119, 97, 118]
174: [87, 125, 124, 123, 92, 122, 93, 121, 94, 120, 95, 96, 119, 97, 118]
175: [87, 125, 124, 123, 122, 93, 121, 94, 120, 95, 96, 119, 97, 118]
176: [87, 125, 124, 123, 122, 121, 94, 120, 95, 96, 119, 97, 118]
177: [87, 125, 124, 123, 122, 121, 120, 95, 96, 119, 97, 118]
178: [87, 125, 124, 123, 122, 121, 120, 96, 119, 97, 118]
179: [87, 125, 124, 123, 122, 121, 120, 119, 97, 118]
180: [125, 87, 124, 123, 122, 121, 120, 119, 118]
181: [173, 141]
182: [129, 173]
183: [129, 173, 141]
184: [173, 141]
185: [173, 141]
186: [173, 141]
187: [173, 141]
188: [173, 141]
189: [173, 141]
190: [173, 141]
191: [173, 141]
192: [173, 141]
193: [173, 141]
194: [173, 141]
195: [173, 141]
128
0: [161, 130]
1: [161, 130]
2: [142, 161, 130]
3: [142, 161]
4: [142, 161]
5: [142, 161]
6: [142, 161]
7: [142, 161]
8: [142, 161]
9: [142, 161]
10: [142, 161]
11: [142, 161]
12: [142, 161]
13: [142, 161]
14: [161, 130]
15: [115, 88]
16: [98, 115, 88]
17: [98, 115]
18: [98, 115]
19: [98, 115]
20: [98, 115]
21: [98, 115]
22: [98, 115]
23: [98, 115]
24: [98, 115]
25: [98, 115]
26: [98, 115]
27: [142, 161]
28: [161, 130]
29: [115, 88]
30: [77, 78, 55, 56, 57, 58, 59, 60, 61, 62, 54]
31: [77, 78, 55, 56, 57, 58, 59, 60, 61, 62, 54]
32: [77, 78, 56, 57, 58, 59, 60, 61, 62, 54]
33: [77, 78, 57, 58, 59, 60, 61, 62, 54]
34: [77, 78, 58, 59, 60, 61, 62, 54]
35: [77, 78, 59, 60, 61, 62, 54]
36: [77, 78, 60, 61, 62, 54]
37: [78, 77, 61, 62, 54]
38: [78, 77, 62, 54]
39: [77, 78, 54]
40: [98, 115]
41: [142, 161]
42: [161, 130]
43: [115, 88]
44: [77, 78, 79, 55, 56, 57, 58, 59, 60, 61, 62, 54]
45: [79, 55]
46: [79, 56]
47: [79, 57]
48: [79, 58]
49: [79, 59]
50: [79, 60]
51: [79, 61]
52: [79, 62]
53: [79, 77, 78, 54]
54: [98, 115]
55: [142, 161]
56: [161, 130]
57: [115, 88]
58: [77, 78, 79, 80, 55, 56, 57, 58, 59, 60, 61, 62, 54]
59: [80, 55]
60: [80, 56]
61: [80, 57]
62: [80, 58]
63: [80, 59]
64: [80, 60]
65: [80, 61]
66: [80, 62]
67: [80, 79, 78, 77, 54]
68: [98, 115]
69: [142, 161]
70: [161, 130]
71: [115, 88]
72: [77, 78, 79, 80, 81, 55, 56, 57, 58, 59, 60, 61, 62, 54]
73: [81, 55]
74: [81, 56]
75: [81, 57]
76: [81, 58]
77: [81, 59]
78: [81, 60]
79: [81, 61]
80: [81, 62]
81: [81, 80, 54, 79, 77, 78]
82: [98, 115]
83: [142, 161]
84: [161, 130]
85: [115, 88]
86: [77, 78, 79, 80, 81, 82, 55, 56, 57, 58, 59, 60, 61, 62, 54]
87: [82, 55]
88: [82, 56]
89: [82, 57]
90: [82, 58]
91: [82, 59]
92: [82, 60]
93: [82, 61]
94: [82, 62]
95: [82, 81, 80, 54, 79, 77, 78]
96: [98, 115]
97: [142, 161]
98: [161, 130]
99: [115, 88]
100: [77, 78, 79, 80, 81, 82, 83, 55, 56, 57, 58, 59, 60, 61, 62, 54]
101: [83, 55]
102: [83, 56]
103: [83, 57]
104: [83, 58]
105: [83, 59]
106: [83, 60]
107: [83, 61]
108: [83, 62]
109: [83, 82, 81, 54, 80, 79, 77, 78]
110: [98, 115]
111: [142, 161]
112: [161, 130]
113: [115, 88]
114: [77, 78, 79, 80, 81, 82, 83, 84, 55, 56, 57, 58, 59, 60, 61, 62, 54]
115: [84, 55]
116: [84, 56]
117: [84, 57]
118: [84, 58]
119: [84, 59]
120: [84, 60]
121: [84, 61]
122: [84, 62]
123: [84, 83, 82, 54, 81, 80, 79, 77, 78]
124: [98, 115]
125: [142, 161]
126: [161, 130, 173]
127: [115, 88, 125]
128: []
129: [85, 55, 77]
130: [85, 56, 77]
131: [85, 57, 77]
132: [85, 58, 77]
133: [85, 59, 77]
134: [85, 60, 77]
135: [85, 61, 77]
136: [85, 62, 77]
137: [85, 84, 83, 54, 82, 81, 80, 79, 77, 78]
138: [125, 98, 115]
139: [173, 142, 161]
140: [130, 173]
141: [88, 125]
142: [54, 55, 56, 85, 57, 84, 58, 83, 82, 59, 81, 60, 80, 61, 78, 62, 79]
143: [55, 78]
144: [56, 78]
145: [57, 78]
146: [58, 78]
147: [59, 78]
148: [60, 78]
149: [61, 78]
150: [62, 78]
151: [85, 84, 54, 83, 82, 81, 80, 79, 78]
152: [125, 98]
153: [173, 142]
154: [130, 173]
155: [88, 125]
156: [54, 55, 56, 85, 57, 84, 58, 83, 82, 59, 81, 60, 80, 61, 62, 79]
157: [54, 55, 56, 85, 57, 84, 58, 83, 82, 59, 81, 60, 80, 61, 62, 79]
158: [54, 56, 85, 57, 84, 58, 83, 82, 59, 81, 60, 80, 61, 62, 79]
159: [54, 85, 57, 84, 58, 83, 82, 59, 81, 60, 80, 61, 62, 79]
160: [54, 85, 84, 58, 83, 82, 59, 81, 60, 80, 61, 62, 79]
161: [54, 85, 84, 83, 82, 59, 81, 60, 80, 61, 62, 79]
162: [54, 85, 84, 83, 82, 81, 60, 80, 61, 62, 79]
163: [54, 85, 84, 83, 82, 81, 80, 61, 62, 79]
164: [54, 85, 84, 83, 82, 81, 80, 62, 79]
165: [85, 54, 84, 83, 82, 81, 80, 79]
166: [125, 98]
167: [173, 142]
168: [130, 173]
169: [88, 125]
170: [88, 125, 98]
171: [125, 98]
172: [125, 98]
173: [125, 98]
174: [125, 98]
175: [125, 98]
176: [125, 98]
177: [125, 98]
178: [125, 98]
179: [125, 98]
180: [125, 98]
181: [173, 142]
182: [130, 173]
183: [130, 173]
184: [130, 173, 142]
185: [173, 142]
186: [173, 142]
187: [173, 142]
188: [173, 142]
189: [173, 142]
190: [173, 142]
191: [173, 142]
192: [173, 142]
193: [173, 142]
194: [173, 142]
195: [173, 142]
129
0: [161, 131]
1: [161, 131]
2: [161, 131]
3: [143, 161, 131]
4: [143, 161]
5: [143, 161]
6: [143, 161]
7: [143, 161]
8: [143, 161]
9: [143, 161]
10: [143, 161]
11: [143, 161]
12: [143, 161]
13: [143, 161]
14: [161, 131]
15: [115, 89]
16: [115, 89]
17: [99, 115, 89]
18: [99, 115]
19: [99, 115]
20: [99, 115]
21: [99, 115]
22: [99, 115]
23: [99, 115]
24: [99, 115]
25: [99, 115]
26: [99, 115]
27: [143, 161]
28: [161, 131]
29: [115, 89]
30: [77, 55]
31: [63, 77, 55]
32: [63, 77]
33: [63, 77]
34: [63, 77]
35: [63, 77]
36: [63, 77]
37: [63, 77]
38: [63, 77]
39: [63, 77]
40: [99, 115]
41: [143, 161]
42: [161, 131]
43: [115, 89]
44: [77, 55]
45: [32, 33, 34, 35, 47, 30, 31, 29]
46: [32, 33, 34, 35, 47, 30, 31, 29]
47: [32, 33, 34, 35, 47, 31, 29]
48: [32, 33, 34, 35, 47, 29]
49: [33, 34, 35, 47, 29]
50: [34, 35, 47, 29]
51: [35, 47, 29]
52: [47, 29]
53: [63, 77]
54: [99, 115]
55: [143, 161]
56: [161, 131]
57: [115, 89]
58: [77, 55]
59: [32, 33, 34, 35, 47, 48, 30, 31, 29]
60: [48, 30]
61: [48, 31]
62: [48, 32]
63: [48, 33]
64: [48, 34]
65: [48, 35]
66: [48, 29, 47]
67: [63, 77]
68: [99, 115]
69: [143, 161]
70: [161, 131]
71: [115, 89]
72: [77, 55]
73: [32, 33, 34, 35, 47, 48, 49, 30, 31, 29]
74: [49, 30]
75: [49, 31]
76: [49, 32]
77: [49, 33]
78: [49, 34]
79: [49, 35]
80: [49, 48, 29, 47]
81: [63, 77]
82: [99, 115]
83: [143, 161]
84: [161, 131]
85: [115, 89]
86: [77, 55]
87: [32, 33, 34, 35, 47, 48, 49, 50, 30, 31, 29]
88: [50, 30]
89: [50, 31]
90: [50, 32]
91: [50, 33]
92: [50, 34]
93: [50, 35]
94: [50, 49, 29, 48, 47]
95: [63, 77]
96: [99, 115]
97: [143, 161]
98: [161, 131]
99: [115, 89]
100: [77, 55]
101: [32, 33, 34, 35, 47, 48, 49, 50, 51, 30, 31, 29]
102: [51, 30]
103: [51, 31]
104: [51, 32]
105: [51, 33]
106: [51, 34]
107: [51, 35]
108: [51, 50, 29, 49, 48, 47]
109: [63, 77]
110: [99, 115]
111: [143, 161]
112: [161, 131]
113: [115, 89]
114: [77, 55]
115: [32, 33, 34, 35, 47, 48, 49, 50, 51, 52, 30, 31, 29]
116: [52, 30]
117: [52, 31]
118: [52, 32]
119: [52, 33]
120: [52, 34]
121: [52, 35]
122: [52, 51, 29, 50, 49, 48, 47]
123: [63, 77]
124: [99, 115]
125: [143, 161]
126: [161, 131, 173]
127: [115, 89, 125]
128: [77, 55, 85]
129: []
130: [53, 30, 47]
131: [53, 31, 47]
132: [53, 32, 47]
133: [53, 33, 47]
134: [53, 34, 47]
135: [53, 35, 47]
136: [53, 52, 29, 51, 50, 49, 48, 47]
137: [85, 63, 77]
138: [125, 99, 115]
139: [173, 143, 161]
140: [131, 173]
141: [89, 125]
142: [55, 85]
143: [29, 53, 30, 52, 31, 32, 51, 33, 50, 49, 34, 48, 35]
144: [29, 53, 30, 52, 31, 32, 51, 33, 50, 49, 34, 48, 35]
145: [29, 53, 52, 31, 32, 51, 33, 50, 49, 34, 48, 35]
146: [29, 53, 52, 32, 51, 33, 50, 49, 34, 48, 35]
147: [29, 53, 52, 51, 33, 50, 49, 34, 48, 35]
148: [29, 53, 52, 51, 50, 49, 34, 48, 35]
149: [29, 53, 52, 51, 50, 49, 48, 35]
150: [53, 29, 52, 51, 50, 49, 48]
151: [85, 63]
152: [125, 99]
153: [173, 143]
154: [131, 173]
155: [89, 125]
156: [55, 85]
157: [55, 85, 63]
158: [85, 63]
159: [85, 63]
160: [85, 63]
161: [85, 63]
162: [85, 63]
163: [85, 63]
164: [85, 63]
165: [85, 63]
166: [125, 99]
167: [173, 143]
168: [131, 173]
169: [89, 125]
170: [89, 125]
171: [89, 125, 99]
172: [125, 99]
173: [125, 99]
174: [125, 99]
175: [125, 99]
176: [125, 99]
177: [125, 99]
178: [125, 99]
179: [125, 99]
180: [125, 99]
181: [173, 143]
182: [131, 173]
183: [131, 173]
184: [131, 173]
185: [131, 173, 143]
186: [173, 143]
187: [173, 143]
188: [173, 143]
189: [173, 143]
190: [173, 143]
191: [173, 143]
192: [173, 143]
193: [173, 143]
194: [173, 143]
195: [173, 143]
130
0: [161, 132]
1: [161, 132]
2: [161, 132]
3: [161, 132]
4: [144, 161, 132]
5: [144, 161]
6: [144, 161]
7: [144, 161]
8: [144, 161]
9: [144, 161]
10: [144, 161]
11: [144, 161]
12: [144, 161]
13: [144, 161]
14: [161, 132]
15: [115, 90]
16: [115, 90]
17: [115, 90]
18: [100, 115, 90]
19: [100, 115]
20: [100, 115]
21: [100, 115]
22: [100, 115]
23: [100, 115]
24: [100, 115]
25: [100, 115]
26: [100, 115]
27: [144, 161]
28: [161, 132]
29: [115, 90]
30: [77, 56]
31: [77, 56]
32: [64, 77, 56]
33: [64, 77]
34: [64, 77]
35: [64, 77]
36: [64, 77]
37: [64, 77]
38: [64, 77]
39: [64, 77]
40: [100, 115]
41: [144, 161]
42: [161, 132]
43: [115, 90]
44: [77, 56]
45: [47, 30]
46: [36, 47, 30]
47: [36, 47]
48: [36, 47]
49: [36, 47]
50: [36, 47]
51: [36, 47]
52: [36, 47]
53: [64, 77]
54: [100, 115]
55: [144, 161]
56: [161, 132]
57: [115, 90]
58: [77, 56]
59: [47, 30]
60: [16, 13, 14, 15, 12]
61: [16, 13, 14, 15, 12]
62: [16, 14, 15, 12]
63: [16, 15, 12]
64: [16, 12]
65: [12]
66: [36, 47]
67: [64, 77]
68: [100, 115]
69: [144, 161]
70: [161, 132]
71: [115, 90]
72: [77, 56]
73: [47, 30]
74: [13, 14, 15, 16, 25, 12]
75: [25, 13]
76: [25, 14]
77: [25, 15]
78: [25, 16]
79: [25, 12]
80: [36, 47]
81: [64, 77]
82: [100, 115]
83: [144, 161]
84: [161, 132]
85: [115, 90]
86: [77, 56]
87: [47, 30]
88: [13, 14, 15, 16, 25, 26, 12]
89: [26, 13]
90: [26, 14]
91: [26, 15]
92: [26, 16]
93: [26, 12, 25]
94: [36, 47]
95: [64, 77]
96: [100, 115]
97: [144, 161]
98: [161, 132]
99: [115, 90]
100: [77, 56]
101: [47, 30]
102: [13, 14, 15, 16, 25, 26, 27, 12]
103: [27, 13]
104: [27, 14]
105: [27, 15]
106: [27, 16]
107: [27, 12, 26, 25]
108: [36, 47]
109: [64, 77]
110: [100, 115]
111: [144, 161]
112: [161, 132]
113: [115, 90]
114: [77, 56]
115: [47, 30]
116: [13, 14, 15, 16, 25, 26, 27, 28, 12]
117: [28, 13]
118: [28, 14]
119: [28, 15]
120: [28, 16]
121: [12, 28, 27, 26, 25]
122: [36, 47]
123: [64, 77]
124: [100, 115]
125: [144, 161]
126: [161, 132, 173]
127: [115, 90, 125]
128: [77, 56, 85]
129: [47, 30, 53]
130: []
131: [12, 28, 13, 27, 14, 26, 15, 16, 25]
132: [12, 28, 27, 14, 26, 15, 16, 25]
133: [12, 28, 27, 26, 15, 16, 25]
134: [12, 28, 27, 26, 16, 25]
135: [12, 28, 27, 26, 25]
136: [53, 36, 47]
137: [85, 64, 77]
138: [125, 100, 115]
139: [173, 144, 161]
140: [132, 173]
141: [90, 125]
142: [56, 85]
143: [30, 53]
144: [30, 53, 36]
145: [53, 36]
146: [53, 36]
147: [53, 36]
148: [53, 36]
149: [53, 36]
150: [53, 36]
151: [85, 64]
152: [125, 100]
153: [173, 144]
154: [132, 173]
155: [90, 125]
156: [56, 85]
157: [56, 85]
158: [56, 85, 64]
159: [85, 64]
160: [85, 64]
161: [85, 64]
162: [85, 64]
163: [85, 64]
164: [85, 64]
165: [85, 64]
166: [125, 100]
167: [173, 144]
168: [132, 173]
169: [90, 125]
170: [90, 125]
171: [90, 125]
172: [90, 125, 100]
173: [125, 100]
174: [125, 100]
175: [125, 100]
176: [125, 100]
177: [125, 100]
178: [125, 100]
179: [125, 100]
180: [125, 100]
181: [173, 144]
182: [132, 173]
183: [132, 173]
184: [132, 173]
185: [132, 173]
186: [132, 173, 144]
187: [173, 144]
188: [173, 144]
189: [173, 144]
190: [173, 144]
191: [173, 144]
192: [173, 144]
193: [173, 144]
194: [173, 144]
195: [173, 144]
131
0: [161, 133]
1: [161, 133]
2: [161, 133]
3: [161, 133]
4: [161, 133]
5: [145, 161, 133]
6: [145, 161]
7: [145, 161]
8: [145, 161]
9: [145, 161]
10: [145, 161]
11: [145, 161]
12: [145, 161]
13: [145, 161]
14: [161, 133]
15: [115, 91]
16: [115, 91]
17: [115, 91]
18: [115, 91]
19: [101, 115, 91]
20: [101, 115]
21: [101, 115]
22: [101, 115]
23: [101, 115]
24: [101, 115]
25: [101, 115]
26: [101, 115]
27: [145, 161]
28: [161, 133]
29: [115, 91]
30: [77, 57]
31: [77, 57]
32: [77, 57]
33: [65, 77, 57]
34: [65, 77]
35: [65, 77]
36: [65, 77]
37: [65, 77]
38: [65, 77]
39: [65, 77]
40: [101, 115]
41: [145, 161]
42: [161, 133]
43: [115, 91]
44: [77, 57]
45: [47, 31]
46: [47, 31]
47: [37, 47, 31]
48: [37, 47]
49: [37, 47]
50: [37, 47]
51: [37, 47]
52: [37, 47]
53: [65, 77]
54: [101, 115]
55: [145, 161]
56: [161, 133]
57: [115, 91]
58: [77, 57]
59: [47, 31]
60: [16, 13, 14, 15, 12]
61: [17, 16, 13, 14, 15, 12]
62: [17, 16, 14, 15, 12]
63: [17, 16, 15, 12]
64: [17, 16, 12]
65: [17, 12]
66: [37, 47]
67: [65, 77]
68: [101, 115]
69: [145, 161]
70: [161, 133]
71: [115, 91]
72: [77, 57]
73: [47, 31]
74: [13, 14, 15, 16, 25, 12]
75: [17, 25, 13]
76: [25, 14]
77: [25, 15]
78: [25, 16]
79: [12, 17, 25]
80: [37, 47]
81: [65, 77]
82: [101, 115]
83: [145, 161]
84: [161, 133]
85: [115, 91]
86: [77, 57]
87: [47, 31]
88: [13, 14, 15, 16, 25, 26, 12]
89: [17, 26, 13]
90: [26, 14]
91: [26, 15]
92: [26, 16]
93: [12, 26, 17, 25]
94: [37, 47]
95: [65, 77]
96: [101, 115]
97: [145, 161]
98: [161, 133]
99: [115, 91]
100: [77, 57]
101: [47, 31]
102: [13, 14, 15, 16, 25, 26, 27, 12]
103: [17, 27, 13]
104: [27, 14]
105: [27, 15]
106: [27, 16]
107: [12, 27, 26, 17, 25]
108: [37, 47]
109: [65, 77]
110: [101, 115]
111: [145, 161]
112: [161, 133]
113: [115, 91]
114: [77, 57]
115: [47, 31]
116: [13, 14, 15, 16, 25, 26, 27, 28, 12]
117: [17, 28, 13]
118: [28, 14]
119: [28, 15]
120: [28, 16]
121: [12, 28, 27, 26, 17, 25]
122: [37, 47]
123: [65, 77]
124: [101, 115]
125: [145, 161]
126: [161, 133, 173]
127: [115, 91, 125]
128: [77, 57, 85]
129: [47, 31, 53]
130: [13, 14, 15, 16, 25, 26, 27, 28, 12]
131: []
132: [12, 28, 27, 14, 26, 15, 16, 17, 25]
133: [12, 28, 27, 26, 15, 16, 17, 25]
134: [12, 28, 27, 26, 16, 17, 25]
135: [12, 28, 27, 26, 17, 25]
136: [53, 37, 47]
137: [85, 65, 77]
138: [125, 101, 115]
139: [173, 145, 161]
140: [133, 173]
141: [91, 125]
142: [57, 85]
143: [31, 53]
144: [31, 53]
145: [31, 53, 37]
146: [53, 37]
147: [53, 37]
148: [53, 37]
149: [53, 37]
150: [53, 37]
151: [85, 65]
152: [125, 101]
153: [173, 145]
154: [133, 173]
155: [91, 125]
156: [57, 85]
157: [57, 85]
158: [57, 85]
159: [57, 85, 65]
160: [85, 65]
161: [85, 65]
162: [85, 65]
163: [85, 65]
164: [85, 65]
165: [85, 65]
166: [125, 101]
167: [173, 145]
168: [133, 173]
169: [91, 125]
170: [91, 125]
171: [91, 125]
172: [91, 125]
173: [91, 125, 101]
174: [125, 101]
175: [125, 101]
176: [125, 101]
177: [125, 101]
178: [125, 101]
179: [125, 101]
180: [125, 101]
181: [173, 145]
182: [133, 173]
183: [133, 173]
184: [133, 173]
185: [133, 173]
186: [133, 173]
187: [133, 173, 145]
188: [173, 145]
189: [173, 145]
190: [173, 145]
191: [173, 145]
192: [173, 145]
193: [173, 145]
194: [173, 145]
195: [173, 145]
132
0: [161, 134]
1: [161, 134]
2: [161, 134]
3: [161, 134]
4: [161, 134]
5: [161, 134]
6: [146, 161, 134]
7: [146, 161]
8: [146, 161]
9: [146, 161]
10: [146, 161]
11: [146, 161]
12: [146, 161]
13: [146, 161]
14: [161, 134]
15: [115, 92]
16: [115, 92]
17: [115, 92]
18: [115, 92]
19: [115, 92]
20: [102, 115, 92]
21: [102, 115]
22: [102, 115]
23: [102, 115]
24: [102, 115]
25: [102, 115]
26: [102, 115]
27: [146, 161]
28: [161, 134]
29: [115, 92]
30: [77, 58]
31: [77, 58]
32: [77, 58]
33: [77, 58]
34: [66, 77, 58]
35: [66, 77]
36: [66, 77]
37: [66, 77]
38: [66, 77]
39: [66, 77]
40: [102, 115]
41: [146, 161]
42: [161, 134]
43: [115, 92]
44: [77, 58]
45: [47, 32]
46: [47, 32]
47: [47, 32]
48: [38, 47, 32]
49: [38, 47]
50: [38, 47]
51: [38, 47]
52: [38, 47]
53: [66, 77]
54: [102, 115]
55: [146, 161]
56: [161, 134]
57: [115, 92]
58: [77, 58]
59: [47, 32]
60: [16, 14, 15, 12]
61: [17, 16, 14, 15, 12]
62: [18, 17, 16, 14, 15, 12]
63: [18, 17, 16, 12, 15]
64: [18, 17, 12, 16]
65: [18, 12, 17]
66: [38, 47]
67: [66, 77]
68: [102, 115]
69: [146, 161]
70: [161, 134]
71: [115, 92]
72: [77, 58]
73: [47, 32]
74: [16, 25, 14, 15, 12]
75: [17, 25]
76: [18, 25, 14]
77: [25, 15]
78: [25, 16]
79: [12, 18, 17, 25]
80: [38, 47]
81: [66, 77]
82: [102, 115]
83: [146, 161]
84: [161, 134]
85: [115, 92]
86: [77, 58]
87: [47, 32]
88: [14, 15, 16, 25, 26, 12]
89: [17, 26]
90: [18, 26, 14]
91: [26, 15]
92: [26, 16]
93: [12, 18, 26, 17, 25]
94: [38, 47]
95: [66, 77]
96: [102, 115]
97: [146, 161]
98: [161, 134]
99: [115, 92]
100: [77, 58]
101: [47, 32]
102: [14, 15, 16, 25, 26, 27, 12]
103: [17, 27]
104: [18, 27, 14]
105: [27, 15]
106: [27, 16]
107: [12, 27, 18, 26, 17, 25]
108: [38, 47]
109: [66, 77]
110: [102, 115]
111: [146, 161]
112: [161, 134]
113: [115, 92]
114: [77, 58]
115: [47, 32]
116: [14, 15, 16, 25, 26, 27, 28, 12]
117: [17, 28]
118: [18, 28, 14]
119: [28, 15]
120: [28, 16]
121: [12, 28, 27, 18, 26, 17, 25]
122: [38, 47]
123: [66, 77]
124: [102, 115]
125: [146, 161]
126: [161, 134, 173]
127: [115, 92, 125]
128: [77, 58, 85]
129: [47, 32, 53]
130: [14, 15, 16, 25, 26, 27, 28, 12]
131: [14, 15, 16, 17, 25, 26, 27, 28, 12]
132: []
133: [12, 28, 27, 18, 26, 15, 16, 17, 25]
134: [12, 28, 27, 18, 26, 16, 17, 25]
135: [12, 28, 27, 18, 26, 17, 25]
136: [53, 38, 47]
137: [85, 66, 77]
138: [125, 102, 115]
139: [173, 146, 161]
140: [134, 173]
141: [92, 125]
142: [58, 85]
143: [32, 53]
144: [32, 53]
145: [32, 53]
146: [32, 53, 38]
147: [53, 38]
148: [53, 38]
149: [53, 38]
150: [53, 38]
151: [85, 66]
152: [125, 102]
153: [173, 146]
154: [134, 173]
155: [92, 125]
156: [58, 85]
157: [58, 85]
158: [58, 85]
159: [58, 85]
160: [58, 85, 66]
161: [85, 66]
162: [85, 66]
163: [85, 66]
164: [85, 66]
165: [85, 66]
166: [125, 102]
167: [173, 146]
168: [134, 173]
169: [92, 125]
170: [92, 125]
171: [92, 125]
172: [92, 125]
173: [92, 125]
174: [92, 125, 102]
175: [125, 102]
176: [125, 102]
177: [125, 102]
178: [125, 102]
179: [125, 102]
180: [125, 102]
181: [173, 146]
182: [134, 173]
183: [134, 173]
184: [134, 173]
185: [134, 173]
186: [134, 173]
187: [134, 173]
188: [134, 173, 146]
189: [173, 146]
190: [173, 146]
191: [173, 146]
192: [173, 146]
193: [173, 146]
194: [173, 146]
195: [173, 146]
133
0: [161, 135]
1: [161, 135]
2: [161, 135]
3: [161, 135]
4: [161, 135]
5: [161, 135]
6: [161, 135]
7: [147, 161, 135]
8: [147, 161]
9: [147, 161]
10: [147, 161]
11: [147, 161]
12: [147, 161]
13: [147, 161]
14: [161, 135]
15: [115, 93]
16: [115, 93]
17: [115, 93]
18: [115, 93]
19: [115, 93]
20: [115, 93]
21: [103, 115, 93]
22: [103, 115]
23: [103, 115]
24: [103, 115]
25: [103, 115]
26: [103, 115]
27: [147, 161]
28: [161, 135]
29: [115, 93]
30: [77, 59]
31: [77, 59]
32: [77, 59]
33: [77, 59]
34: [77, 59]
35: [67, 77, 59]
36: [67, 77]
37: [67, 77]
38: [67, 77]
39: [67, 77]
40: [103, 115]
41: [147, 161]
42: [161, 135]
43: [115, 93]
44: [77, 59]
45: [47, 33]
46: [47, 33]
47: [47, 33]
48: [47, 33]
49: [39, 47, 33]
50: [39, 47]
51: [39, 47]
52: [39, 47]
53: [67, 77]
54: [103, 115]
55: [147, 161]
56: [161, 135]
57: [115, 93]
58: [77, 59]
59: [47, 33]
60: [16, 15, 12]
61: [17, 16, 15, 12]
62: [18, 17, 16, 12, 15]
63: [19, 18, 17, 12, 16, 15]
64: [19, 18, 12, 17, 16]
65: [19, 12, 18, 17]
66: [39, 47]
67: [67, 77]
68: [103, 115]
69: [147, 161]
70: [161, 135]
71: [115, 93]
72: [77, 59]
73: [47, 33]
74: [16, 25, 15, 12]
75: [17, 25]
76: [18, 25]
77: [19, 25, 15]
78: [25, 16]
79: [12, 19, 18, 17, 25]
80: [39, 47]
81: [67, 77]
82: [103, 115]
83: [147, 161]
84: [161, 135]
85: [115, 93]
86: [77, 59]
87: [47, 33]
88: [16, 25, 26, 15, 12]
89: [17, 26]
90: [18, 26]
91: [19, 26, 15]
92: [26, 16]
93: [12, 19, 18, 26, 17, 25]
94: [39, 47]
95: [67, 77]
96: [103, 115]
97: [147, 161]
98: [161, 135]
99: [115, 93]
100: [77, 59]
101: [47, 33]
102: [15, 16, 25, 26, 27, 12]
103: [17, 27]
104: [18, 27]
105: [19, 27, 15]
106: [27, 16]
107: [12, 27, 19, 18, 26, 17, 25]
108: [39, 47]
109: [67, 77]
110: [103, 115]
111: [147, 161]
112: [161, 135]
113: [115, 93]
114: [77, 59]
115: [47, 33]
116: [15, 16, 25, 26, 27, 28, 12]
117: [17, 28]
118: [18, 28]
119: [19, 28, 15]
120: [28, 16]
121: [12, 28, 27, 19, 18, 26, 17, 25]
122: [39, 47]
123: [67, 77]
124: [103, 115]
125: [147, 161]
126: [161, 135, 173]
127: [115, 93, 125]
128: [77, 59, 85]
129: [47, 33, 53]
130: [15, 16, 25, 26, 27, 28, 12]
131: [15, 16, 17, 25, 26, 27, 28, 12]
132: [15, 16, 17, 18, 25, 26, 27, 28, 12]
133: []
134: [12, 28, 27, 19, 18, 26, 16, 17, 25]
135: [12, 28, 27, 19, 18, 26, 17, 25]
136: [53, 39, 47]
137: [85, 67, 77]
138: [125, 103, 115]
139: [173, 147, 161]
140: [135, 173]
141: [93, 125]
142: [59, 85]
143: [33, 53]
144: [33, 53]
145: [33, 53]
146: [33, 53]
147: [33, 53, 39]
148: [53, 39]
149: [53, 39]
150: [53, 39]
151: [85, 67]
152: [125, 103]
153: [173, 147]
154: [135, 173]
155: [93, 125]
156: [59, 85]
157: [59, 85]
158: [59, 85]
159: [59, 85]
160: [59, 85]
161: [59, 85, 67]
162: [85, 67]
163: [85, 67]
164: [85, 67]
165: [85, 67]
166: [125, 103]
167: [173, 147]
168: [135, 173]
169: [93, 125]
170: [93, 125]
171: [93, 125]
172: [93, 125]
173: [93, 125]
174: [93, 125]
175: [93, 125, 103]
176: [125, 103]
177: [125, 103]
178: [125, 103]
179: [125, 103]
180: [125, 103]
181: [173, 147]
182: [135, 173]
183: [135, 173]
184: [135, 173]
185: [135, 173]
186: [135, 173]
187: [135, 173]
188: [135, 173]
189: [135, 173, 147]
190: [173, 147]
191: [173, 147]
192: [173, 147]
193: [173, 147]
194: [173, 147]
195: [173, 147]
134
0: [161, 136]
1: [161, 136]
2: [161, 136]
3: [161, 136]
4: [161, 136]
5: [161, 136]
6: [161, 136]
7: [161, 136]
8: [148, 161, 136]
9: [148, 161]
10: [148, 161]
11: [148, 161]
12: [148, 161]
13: [148, 161]
14: [161, 136]
15: [115, 94]
16: [115, 94]
17: [115, 94]
18: [115, 94]
19: [115, 94]
20: [115, 94]
21: [115, 94]
22: [104, 115, 94]
23: [104, 115]
24: [104, 115]
25: [104, 115]
26: [104, 115]
27: [148, 161]
28: [161, 136]
29: [115, 94]
30: [77, 60]
31: [77, 60]
32: [77, 60]
33: [77, 60]
34: [77, 60]
35: [77, 60]
36: [68, 77, 60]
37: [68, 77]
38: [68, 77]
39: [68, 77]
40: [104, 115]
41: [148, 161]
42: [161, 136]
43: [115, 94]
44: [77, 60]
45: [47, 34]
46: [47, 34]
47: [47, 34]
48: [47, 34]
49: [47, 34]
50: [40, 47, 34]
51: [40, 47]
52: [40, 47]
53: [68, 77]
54: [104, 115]
55: [148, 161]
56: [161, 136]
57: [115, 94]
58: [77, 60]
59: [47, 34]
60: [16, 12]
61: [17, 16, 12]
62: [18, 17, 12, 16]
63: [19, 18, 12, 17, 16]
64: [20, 19, 12, 18, 17, 16]
65: [12, 20, 19, 18, 17]
66: [40, 47]
67: [68, 77]
68: [104, 115]
69: [148, 161]
70: [161, 136]
71: [115, 94]
72: [77, 60]
73: [47, 34]
74: [16, 25, 12]
75: [17, 25]
76: [18, 25]
77: [19, 25]
78: [20, 25, 16]
79: [12, 20, 19, 18, 17, 25]
80: [40, 47]
81: [68, 77]
82: [104, 115]
83: [148, 161]
84: [161, 136]
85: [115, 94]
86: [77, 60]
87: [47, 34]
88: [16, 25, 26, 12]
89: [17, 26]
90: [18, 26]
91: [19, 26]
92: [20, 26, 16]
93: [12, 20, 19, 18, 26, 17, 25]
94: [40, 47]
95: [68, 77]
96: [104, 115]
97: [148, 161]
98: [161, 136]
99: [115, 94]
100: [77, 60]
101: [47, 34]
102: [16, 25, 26, 27, 12]
103: [17, 27]
104: [18, 27]
105: [19, 27]
106: [20, 27, 16]
107: [12, 20, 27, 19, 18, 26, 17, 25]
108: [40, 47]
109: [68, 77]
110: [104, 115]
111: [148, 161]
112: [161, 136]
113: [115, 94]
114: [77, 60]
115: [47, 34]
116: [16, 25, 26, 27, 28, 12]
117: [17, 28]
118: [18, 28]
119: [19, 28]
120: [20, 28, 16]
121: [12, 20, 28, 27, 19, 18, 26, 17, 25]
122: [40, 47]
123: [68, 77]
124: [104, 115]
125: [148, 161]
126: [161, 136, 173]
127: [115, 94, 125]
128: [77, 60, 85]
129: [47, 34, 53]
130: [16, 25, 26, 27, 28, 12]
131: [16, 17, 25, 26, 27, 28, 12]
132: [16, 17, 18, 25, 26, 27, 28, 12]
133: [16, 17, 18, 19, 25, 26, 27, 28, 12]
134: []
135: [12, 20, 28, 27, 19, 18, 26, 17, 25]
136: [53, 40, 47]
137: [85, 68, 77]
138: [125, 104, 115]
139: [173, 148, 161]
140: [136, 173]
141: [94, 125]
142: [60, 85]
143: [34, 53]
144: [34, 53]
145: [34, 53]
146: [34, 53]
147: [34, 53]
148: [34, 53, 40]
149: [53, 40]
150: [53, 40]
151: [85, 68]
152: [125, 104]
153: [173, 148]
154: [136, 173]
155: [94, 125]
156: [60, 85]
157: [60, 85]
158: [60, 85]
159: [60, 85]
160: [60, 85]
161: [60, 85]
162: [60, 85, 68]
163: [85, 68]
164: [85, 68]
165: [85, 68]
166: [125, 104]
167: [173, 148]
168: [136, 173]
169: [94, 125]
170: [94, 125]
171: [94, 125]
172: [94, 125]
173: [94, 125]
174: [94, 125]
175: [94, 125]
176: [94, 125, 104]
177: [125, 104]
178: [125, 104]
179: [125, 104]
180: [125, 104]
181: [173, 148]
182: [136, 173]
183: [136, 173]
184: [136, 173]
185: [136, 173]
186: [136, 173]
187: [136, 173]
188: [136, 173]
189: [136, 173]
190: [136, 173, 148]
191: [173, 148]
192: [173, 148]
193: [173, 148]
194: [173, 148]
195: [173, 148]
135
0: [161, 137]
1: [161, 137]
2: [161, 137]
3: [161, 137]
4: [161, 137]
5: [161, 137]
6: [161, 137]
7: [161, 137]
8: [161, 137]
9: [149, 161, 137]
10: [149, 161]
11: [149, 161]
12: [149, 161]
13: [149, 161]
14: [161, 137]
15: [115, 95]
16: [115, 95]
17: [115, 95]
18: [115, 95]
19: [115, 95]
20: [115, 95]
21: [115, 95]
22: [115, 95]
23: [105, 115, 95]
24: [105, 115]
25: [105, 115]
26: [105, 115]
27: [149, 161]
28: [161, 137]
29: [115, 95]
30: [77, 61]
31: [77, 61]
32: [77, 61]
33: [77, 61]
34: [77, 61]
35: [77, 61]
36: [77, 61]
37: [69, 77, 61]
38: [69, 77]
39: [69, 77]
40: [105, 115]
41: [149, 161]
42: [161, 137]
43: [115, 95]
44: [77, 61]
45: [47, 35]
46: [47, 35]
47: [47, 35]
48: [47, 35]
49: [47, 35]
50: [47, 35]
51: [41, 47, 35]
52: [41, 47]
53: [69, 77]
54: [105, 115]
55: [149, 161]
56: [161, 137]
57: [115, 95]
58: [77, 61]
59: [47, 35]
60: [12]
61: [17, 12]
62: [18, 12, 17]
63: [19, 12, 18, 17]
64: [12, 20, 19, 18, 17]
65: [12, 20, 19, 18, 17]
66: [41, 47]
67: [69, 77]
68: [105, 115]
69: [149, 161]
70: [161, 137]
71: [115, 95]
72: [77, 61]
73: [47, 35]
74: [25, 12]
75: [17, 25]
76: [18, 25]
77: [19, 25]
78: [20, 25]
79: [12, 20, 19, 18, 17, 25]
80: [41, 47]
81: [69, 77]
82: [105, 115]
83: [149, 161]
84: [161, 137]
85: [115, 95]
86: [77, 61]
87: [47, 35]
88: [25, 26, 12]
89: [17, 26]
90: [18, 26]
91: [19, 26]
92: [20, 26]
93: [12, 20, 19, 18, 26, 17, 25]
94: [41, 47]
95: [69, 77]
96: [105, 115]
97: [149, 161]
98: [161, 137]
99: [115, 95]
100: [77, 61]
101: [47, 35]
102: [25, 26, 27, 12]
103: [17, 27]
104: [18, 27]
105: [19, 27]
106: [20, 27]
107: [12, 20, 27, 19, 18, 26, 17, 25]
108: [41, 47]
109: [69, 77]
110: [105, 115]
111: [149, 161]
112: [161, 137]
113: [115, 95]
114: [77, 61]
115: [47, 35]
116: [25, 26, 27, 28, 12]
117: [17, 28]
118: [18, 28]
119: [19, 28]
120: [20, 28]
121: [12, 20, 28, 27, 19, 18, 26, 17, 25]
122: [41, 47]
123: [69, 77]
124: [105, 115]
125: [149, 161]
126: [161, 137, 173]
127: [115, 95, 125]
128: [77, 61, 85]
129: [47, 35, 53]
130: [25, 26, 27, 28, 12]
131: [17, 25, 26, 27, 28, 12]
132: [17, 18, 25, 26, 27, 28, 12]
133: [17, 18, 19, 25, 26, 27, 28, 12]
134: [17, 18, 19, 20, 25, 26, 27, 28, 12]
135: []
136: [53, 41, 47]
137: [85, 69, 77]
138: [125, 105, 115]
139: [173, 149, 161]
140: [137, 173]
141: [95, 125]
142: [61, 85]
143: [35, 53]
144: [35, 53]
145: [35, 53]
146: [35, 53]
147: [35, 53]
148: [35, 53]
149: [35, 53, 41]
150: [53, 41]
151: [85, 69]
152: [125, 105]
153: [173, 149]
154: [137, 173]
155: [95, 125]
156: [61, 85]
157: [61, 85]
158: [61, 85]
159: [61, 85]
160: [61, 85]
161: [61, 85]
162: [61, 85]
163: [61, 85, 69]
164: [85, 69]
165: [85, 69]
166: [125, 105]
167: [173, 149]
168: [137, 173]
169: [95, 125]
170: [95, 125]
171: [95, 125]
172: [95, 125]
173: [95, 125]
174: [95, 125]
175: [95, 125]
176: [95, 125]
177: [95, 125, 105]
178: [125, 105]
179: [125, 105]
180: [125, 105]
181: [173, 149]
182: [137, 173]
183: [137, 173]
184: [137, 173]
185: [137, 173]
186: [137, 173]
187: [137, 173]
188: [137, 173]
189: [137, 173]
190: [137, 173]
191: [137, 173, 149]
192: [173, 149]
193: [173, 149]
194: [173, 149]
195: [173, 149]
136
0: [161, 138]
1: [161, 138]
2: [161, 138]
3: [161, 138]
4: [161, 138]
5: [161, 138]
6: [161, 138]
7: [161, 138]
8: [161, 138]
9: [161, 138]
10: [150, 161, 138]
11: [150, 161]
12: [150, 161]
13: [150, 161]
14: [161, 138]
15: [115, 96]
16: [115, 96]
17: [115, 96]
18: [115, 96]
19: [115, 96]
20: [115, 96]
21: [115, 96]
22: [115, 96]
23: [115, 96]
24: [106, 115, 96]
25: [106, 115]
26: [106, 115]
27: [150, 161]
28: [161, 138]
29: [115, 96]
30: [77, 62]
31: [77, 62]
32: [77, 62]
33: [77, 62]
34: [77, 62]
35: [77, 62]
36: [77, 62]
37: [77, 62]
38: [70, 77, 62]
39: [70, 77]
40: [106, 115]
41: [150, 161]
42: [161, 138]
43: [115, 96]
44: [77, 62]
45: [29, 47]
46: [29, 36, 47]
47: [29, 37, 36, 47]
48: [29, 38, 37, 36, 47]
49: [29, 39, 38, 37, 36, 47]
50: [29, 40, 39, 38, 37, 36, 47]
51: [29, 41, 40, 39, 38, 37, 36, 47]
52: [29, 41, 40, 39, 38, 37, 36, 47]
53: [70, 77]
54: [106, 115]
55: [150, 161]
56: [161, 138]
57: [115, 96]
58: [77, 62]
59: [47, 48, 29]
60: [36, 48]
61: [37, 48]
62: [38, 48]
63: [39, 48]
64: [40, 48]
65: [41, 48]
66: [29, 41, 40, 39, 38, 37, 48, 36, 47]
67: [70, 77]
68: [106, 115]
69: [150, 161]
70: [161, 138]
71: [115, 96]
72: [77, 62]
73: [47, 48, 49, 29]
74: [36, 49]
75: [37, 49]
76: [38, 49]
77: [39, 49]
78: [40, 49]
79: [41, 49]
80: [29, 41, 40, 39, 38, 49, 37, 48, 36, 47]
81: [70, 77]
82: [106, 115]
83: [150, 161]
84: [161, 138]
85: [115, 96]
86: [77, 62]
87: [47, 48, 49, 50, 29]
88: [36, 50]
89: [37, 50]
90: [38, 50]
91: [39, 50]
92: [40, 50]
93: [41, 50]
94: [29, 41, 40, 39, 50, 38, 49, 37, 48, 36, 47]
95: [70, 77]
96: [106, 115]
97: [150, 161]
98: [161, 138]
99: [115, 96]
100: [77, 62]
101: [47, 48, 49, 50, 51, 29]
102: [36, 51]
103: [37, 51]
104: [38, 51]
105: [39, 51]
106: [40, 51]
107: [41, 51]
108: [29, 41, 40, 51, 39, 50, 38, 49, 37, 48, 36, 47]
109: [70, 77]
110: [106, 115]
111: [150, 161]
112: [161, 138]
113: [115, 96]
114: [77, 62]
115: [47, 48, 49, 50, 51, 52, 29]
116: [36, 52]
117: [37, 52]
118: [38, 52]
119: [39, 52]
120: [40, 52]
121: [41, 52]
122: [29, 41, 40, 52, 51, 39, 50, 38, 49, 37, 48, 36, 47]
123: [70, 77]
124: [106, 115]
125: [150, 161]
126: [161, 138, 173]
127: [115, 96, 125]
128: [77, 62, 85]
129: [47, 48, 49, 50, 51, 52, 53, 29]
130: [47, 36, 53]
131: [47, 37, 53]
132: [47, 38, 53]
133: [47, 39, 53]
134: [47, 40, 53]
135: [47, 41, 53]
136: []
137: [85, 70, 77]
138: [125, 106, 115]
139: [173, 150, 161]
140: [138, 173]
141: [96, 125]
142: [62, 85]
143: [48, 49, 50, 51, 52, 53, 29]
144: [36, 48, 49, 50, 51, 52, 53, 29]
145: [36, 37, 48, 49, 50, 51, 52, 53, 29]
146: [36, 37, 38, 48, 49, 50, 51, 52, 53, 29]
147: [36, 37, 38, 39, 48, 49, 50, 51, 52, 53, 29]
148: [36, 37, 38, 39, 40, 48, 49, 50, 51, 52, 53, 29]
149: [36, 37, 38, 39, 40, 41, 48, 49, 50, 51, 52, 53, 29]
150: [36, 37, 38, 39, 40, 41, 48, 49, 50, 51, 52, 53, 29]
151: [85, 70]
152: [125, 106]
153: [173, 150]
154: [138, 173]
155: [96, 125]
156: [62, 85]
157: [62, 85]
158: [62, 85]
159: [62, 85]
160: [62, 85]
161: [62, 85]
162: [62, 85]
163: [62, 85]
164: [62, 85, 70]
165: [85, 70]
166: [125, 106]
167: [173, 150]
168: [138, 173]
169: [96, 125]
170: [96, 125]
171: [96, 125]
172: [96, 125]
173: [96, 125]
174: [96, 125]
175: [96, 125]
176: [96, 125]
177: [96, 125]
178: [96, 125, 106]
179: [125, 106]
180: [125, 106]
181: [173, 150]
182: [138, 173]
183: [138, 173]
184: [138, 173]
185: [138, 173]
186: [138, 173]
187: [138, 173]
188: [138, 173]
189: [138, 173]
190: [138, 173]
191: [138, 173]
192: [138, 173, 150]
193: [173, 150]
194: [173, 150]
195: [173, 150]
137
0: [161, 139]
1: [161, 139]
2: [161, 139]
3: [161, 139]
4: [161, 139]
5: [161, 139]
6: [161, 139]
7: [161, 139]
8: [161, 139]
9: [161, 139]
10: [161, 139]
11: [151, 161, 139]
12: [151, 161]
13: [151, 161]
14: [161, 139]
15: [115, 97]
16: [115, 97]
17: [115, 97]
18: [115, 97]
19: [115, 97]
20: [115, 97]
21: [115, 97]
22: [115, 97]
23: [115, 97]
24: [115, 97]
25: [107, 115, 97]
26: [107, 115]
27: [151, 161]
28: [161, 139]
29: [115, 97]
30: [77, 54, 78]
31: [54, 77, 78, 63]
32: [54, 64, 77, 78, 63]
33: [54, 65, 64, 77, 78, 63]
34: [54, 66, 65, 64, 77, 78, 63]
35: [54, 67, 66, 65, 64, 77, 78, 63]
36: [54, 68, 67, 66, 65, 64, 77, 78, 63]
37: [54, 69, 68, 67, 66, 65, 64, 77, 78, 63]
38: [54, 70, 69, 68, 67, 66, 65, 64, 77, 78, 63]
39: [54, 70, 69, 68, 67, 66, 65, 64, 77, 78, 63]
40: [107, 115]
41: [151, 161]
42: [161, 139]
43: [115, 97]
44: [77, 78, 54, 79]
45: [63, 79]
46: [64, 79]
47: [65, 79]
48: [66, 79]
49: [67, 79]
50: [68, 79]
51: [69, 79]
52: [70, 79]
53: [54, 70, 69, 68, 67, 66, 65, 64, 77, 79, 78, 63]
54: [107, 115]
55: [151, 161]
56: [161, 139]
57: [115, 97]
58: [77, 78, 80, 54, 79]
59: [63, 80]
60: [64, 80]
61: [65, 80]
62: [66, 80]
63: [67, 80]
64: [68, 80]
65: [69, 80]
66: [70, 80]
67: [54, 70, 69, 68, 67, 66, 65, 64, 80, 77, 79, 78, 63]
68: [107, 115]
69: [151, 161]
70: [161, 139]
71: [115, 97]
72: [77, 78, 80, 81, 79, 54]
73: [63, 81]
74: [64, 81]
75: [65, 81]
76: [66, 81]
77: [67, 81]
78: [68, 81]
79: [69, 81]
80: [70, 81]
81: [54, 70, 69, 68, 67, 66, 81, 65, 64, 80, 77, 79, 78, 63]
82: [107, 115]
83: [151, 161]
84: [161, 139]
85: [115, 97]
86: [77, 78, 80, 81, 82, 79, 54]
87: [63, 82]
88: [64, 82]
89: [65, 82]
90: [66, 82]
91: [67, 82]
92: [68, 82]
93: [69, 82]
94: [70, 82]
95: [54, 70, 69, 68, 67, 66, 82, 81, 65, 64, 80, 77, 79, 78, 63]
96: [107, 115]
97: [151, 161]
98: [161, 139]
99: [115, 97]
100: [77, 78, 79, 80, 81, 82, 83, 54]
101: [63, 83]
102: [64, 83]
103: [65, 83]
104: [66, 83]
105: [67, 83]
106: [68, 83]
107: [69, 83]
108: [70, 83]
109: [54, 70, 69, 68, 83, 67, 66, 82, 81, 65, 64, 80, 77, 79, 78, 63]
110: [107, 115]
111: [151, 161]
112: [161, 139]
113: [115, 97]
114: [77, 78, 79, 80, 81, 82, 83, 84, 54]
115: [63, 84]
116: [64, 84]
117: [65, 84]
118: [66, 84]
119: [67, 84]
120: [68, 84]
121: [69, 84]
122: [70, 84]
123: [54, 70, 69, 68, 84, 83, 67, 66, 82, 81, 65, 64, 80, 77, 79, 78, 63]
124: [107, 115]
125: [151, 161]
126: [161, 139, 173]
127: [115, 97, 125]
128: [77, 78, 79, 80, 81, 82, 83, 84, 85, 54]
129: [77, 63, 85]
130: [77, 64, 85]
131: [77, 65, 85]
132: [77, 66, 85]
133: [77, 67, 85]
134: [77, 68, 85]
135: [77, 69, 85]
136: [77, 70, 85]
137: []
138: [125, 107, 115]
139: [173, 151, 161]
140: [139, 173]
141: [97, 125]
142: [78, 79, 80, 81, 82, 83, 84, 85, 54]
143: [78, 63]
144: [78, 64]
145: [78, 65]
146: [78, 66]
147: [78, 67]
148: [78, 68]
149: [78, 69]
150: [78, 70]
151: [64, 65, 66, 67, 68, 69, 70, 78, 79, 80, 81, 82, 83, 84, 85, 63, 54]
152: [125, 107]
153: [173, 151]
154: [139, 173]
155: [97, 125]
156: [79, 80, 81, 82, 83, 84, 85, 54]
157: [79, 80, 81, 82, 83, 84, 85, 63, 54]
158: [64, 79, 80, 81, 82, 83, 84, 85, 63, 54]
159: [64, 65, 79, 80, 81, 82, 83, 84, 85, 63, 54]
160: [64, 65, 66, 79, 80, 81, 82, 83, 84, 85, 63, 54]
161: [64, 65, 66, 67, 79, 80, 81, 82, 83, 84, 85, 63, 54]
162: [64, 65, 66, 67, 68, 79, 80, 81, 82, 83, 84, 85, 63, 54]
163: [64, 65, 66, 67, 68, 69, 79, 80, 81, 82, 83, 84, 85, 63, 54]
164: [64, 65, 66, 67, 68, 69, 70, 79, 80, 81, 82, 83, 84, 85, 63, 54]
165: [64, 65, 66, 67, 68, 69, 70, 79, 80, 81, 82, 83, 84, 85, 63, 54]
166: [125, 107]
167: [173, 151]
168: [139, 173]
169: [97, 125]
170: [97, 125]
171: [97, 125]
172: [97, 125]
173: [97, 125]
174: [97, 125]
175: [97, 125]
176: [97, 125]
177: [97, 125]
178: [97, 125]
179: [97, 125, 107]
180: [125, 107]
181: [173, 151]
182: [139, 173]
183: [139, 173]
184: [139, 173]
185: [139, 173]
186: [139, 173]
187: [139, 173]
188: [139, 173]
189: [139, 173]
190: [139, 173]
191: [139, 173]
192: [139, 173]
193: [139, 173, 151]
194: [173, 151]
195: [173, 151]
138
0: [161, 140]
1: [161, 140]
2: [161, 140]
3: [161, 140]
4: [161, 140]
5: [161, 140]
6: [161, 140]
7: [161, 140]
8: [161, 140]
9: [161, 140]
10: [161, 140]
11: [161, 140]
12: [152, 161, 140]
13: [152, 161]
14: [161, 140]
15: [115, 87, 116, 117]
16: [87, 115, 116, 98, 117]
17: [87, 115, 99, 116, 98, 117]
18: [87, 115, 100, 99, 116, 98, 117]
19: [87, 101, 115, 100, 99, 116, 98, 117]
20: [87, 102, 101, 115, 100, 99, 116, 98, 117]
21: [87, 103, 102, 101, 115, 100, 99, 116, 98, 117]
22: [87, 104, 103, 102, 101, 115, 100, 99, 116, 98, 117]
23: [87, 105, 104, 103, 102, 101, 115, 100, 99, 116, 98, 117]
24: [87, 106, 105, 104, 103, 102, 101, 115, 100, 99, 116, 98, 117]
25: [87, 107, 106, 105, 104, 103, 102, 101, 115, 100, 99, 116, 98, 117]
26: [87, 107, 106, 105, 104, 103, 102, 101, 115, 100, 99, 116, 98, 117]
27: [152, 161]
28: [161, 140]
29: [115, 116, 87, 117, 118]
30: [98, 118]
31: [99, 118]
32: [100, 118]
33: [101, 118]
34: [102, 118]
35: [103, 118]
36: [104, 118]
37: [105, 118]
38: [106, 118]
39: [107, 118]
40: [87, 107, 106, 105, 104, 103, 102, 101, 115, 100, 99, 116, 98, 117, 118]
41: [152, 161]
42: [161, 140]
43: [115, 116, 117, 87, 118, 119]
44: [98, 119]
45: [99, 119]
46: [100, 119]
47: [101, 119]
48: [102, 119]
49: [103, 119]
50: [104, 119]
51: [105, 119]
52: [106, 119]
53: [107, 119]
54: [87, 107, 106, 105, 104, 103, 102, 101, 115, 100, 99, 116, 119, 98, 117, 118]
55: [152, 161]
56: [161, 140]
57: [115, 116, 117, 120, 119, 118, 87]
58: [98, 120]
59: [99, 120]
60: [100, 120]
61: [101, 120]
62: [102, 120]
63: [103, 120]
64: [104, 120]
65: [105, 120]
66: [106, 120]
67: [107, 120]
68: [87, 107, 106, 105, 104, 103, 102, 101, 120, 115, 100, 99, 116, 119, 98, 117, 118]
69: [152, 161]
70: [161, 140]
71: [115, 116, 117, 120, 121, 118, 119, 87]
72: [98, 121]
73: [99, 121]
74: [100, 121]
75: [101, 121]
76: [102, 121]
77: [103, 121]
78: [104, 121]
79: [105, 121]
80: [106, 121]
81: [107, 121]
82: [87, 107, 106, 105, 104, 103, 102, 121, 101, 120, 115, 100, 99, 116, 119, 98, 117, 118]
83: [152, 161]
84: [161, 140]
85: [115, 116, 117, 118, 119, 120, 121, 122, 87]
86: [98, 122]
87: [99, 122]
88: [100, 122]
89: [101, 122]
90: [102, 122]
91: [103, 122]
92: [104, 122]
93: [105, 122]
94: [106, 122]
95: [107, 122]
96: [87, 107, 106, 105, 104, 103, 122, 102, 121, 101, 120, 115, 100, 99, 116, 119, 98, 117, 118]
97: [152, 161]
98: [161, 140]
99: [115, 116, 117, 118, 119, 120, 121, 122, 123, 87]
100: [98, 123]
101: [99, 123]
102: [100, 123]
103: [101, 123]
104: [102, 123]
105: [103, 123]
106: [104, 123]
107: [105, 123]
108: [106, 123]
109: [107, 123]
110: [87, 107, 106, 105, 104, 123, 103, 122, 102, 121, 101, 120, 115, 100, 99, 116, 119, 98, 117, 118]
111: [152, 161]
112: [161, 140]
113: [115, 116, 117, 118, 119, 120, 121, 122, 123, 124, 87]
114: [98, 124]
115: [99, 124]
116: [100, 124]
117: [101, 124]
118: [102, 124]
119: [103, 124]
120: [104, 124]
121: [105, 124]
122: [106, 124]
123: [107, 124]
124: [87, 107, 106, 105, 104, 124, 123, 103, 122, 102, 121, 101, 120, 115, 100, 99, 116, 119, 98, 117, 118]
125: [152, 161]
126: [161, 140, 173]
127: [115, 116, 117, 118, 119, 120, 121, 122, 123, 124, 125, 87]
128: [115, 98, 125]
129: [115, 99, 125]
130: [115, 100, 125]
131: [115, 101, 125]
132: [115, 102, 125]
133: [115, 103, 125]
134: [115, 104, 125]
135: [115, 105, 125]
136: [115, 106, 125]
137: [115, 107, 125]
138: []
139: [173, 152, 161]
140: [140, 173]
141: [116, 117, 118, 119, 120, 121, 122, 123, 124, 125, 87]
142: [116, 98]
143: [116, 99]
144: [116, 100]
145: [116, 101]
146: [116, 102]
147: [116, 103]
148: [116, 104]
149: [116, 105]
150: [116, 106]
151: [116, 107]
152: [98, 99, 100, 101, 102, 103, 104, 105, 106, 107, 116, 117, 118, 119, 120, 121, 122, 123, 124, 125, 87]
153: [173, 152]
154: [140, 173]
155: [117, 118, 119, 120, 121, 122, 123, 124, 125, 87]
156: [117, 98]
157: [117, 99]
158: [117, 100]
159: [117, 101]
160: [117, 102]
161: [117, 103]
162: [117, 104]
163: [117, 105]
164: [117, 106]
165: [117, 107]
166: [98, 99, 100, 101, 102, 103, 104, 105, 106, 107, 117, 118, 119, 120, 121, 122, 123, 124, 125, 87]
167: [173, 152]
168: [140, 173]
169: [118, 119, 120, 121, 122, 123, 124, 125, 87]
170: [98, 118, 119, 120, 121, 122, 123, 124, 125, 87]
171: [98, 99, 118, 119, 120, 121, 122, 123, 124, 125, 87]
172: [98, 99, 100, 118, 119, 120, 121, 122, 123, 124, 125, 87]
173: [98, 99, 100, 101, 118, 119, 120, 121, 122, 123, 124, 125, 87]
174: [98, 99, 100, 101, 102, 118, 119, 120, 121, 122, 123, 124, 125, 87]
175: [98, 99, 100, 101, 102, 103, 118, 119, 120, 121, 122, 123, 124, 125, 87]
176: [98, 99, 100, 101, 102, 103, 104, 118, 119, 120, 121, 122, 123, 124, 125, 87]
177: [98, 99, 100, 101, 102, 103, 104, 105, 118, 119, 120, 121, 122, 123, 124, 125, 87]
178: [98, 99, 100, 101, 102, 103, 104, 105, 106, 118, 119, 120, 121, 122, 123, 124, 125, 87]
179: [98, 99, 100, 101, 102, 103, 104, 105, 106, 107, 118, 119, 120, 121, 122, 123, 124, 125, 87]
180: [98, 99, 100, 101, 102, 103, 104, 105, 106, 107, 118, 119, 120, 121, 122, 123, 124, 125, 87]
181: [173, 152]
182: [140, 173]
183: [140, 173]
184: [140, 173]
185: [140, 173]
186: [140, 173]
187: [140, 173]
188: [140, 173]
189: [140, 173]
190: [140, 173]
191: [140, 173]
192: [140, 173]
193: [140, 173]
194: [140, 173, 152]
195: [173, 152]
139
0: [128, 161, 162, 163, 164]
1: [128, 161, 162, 163, 164, 141]
2: [128, 161, 162, 163, 142, 164, 141]
3: [128, 161, 162, 143, 163, 142, 164, 141]
4: [128, 144, 161, 162, 143, 163, 142, 164, 141]
5: [128, 145, 144, 161, 162, 143, 163, 142, 164, 141]
6: [128, 146, 145, 144, 161, 162, 143, 163, 142, 164, 141]
7: [128, 147, 146, 145, 144, 161, 162, 143, 163, 142, 164, 141]
8: [128, 148, 147, 146, 145, 144, 161, 162, 143, 163, 142, 164, 141]
9: [128, 149, 148, 147, 146, 145, 144, 161, 162, 143, 163, 142, 164, 141]
10: [128, 150, 149, 148, 147, 146, 145, 144, 161, 162, 143, 163, 142, 164, 141]
11: [128, 151, 150, 149, 148, 147, 146, 145, 144, 161, 162, 143, 163, 142, 164, 141]
12: [128, 152, 151, 150, 149, 148, 147, 146, 145, 144, 161, 162, 143, 163, 142, 164, 141]
13: [128, 152, 151, 150, 149, 148, 147, 146, 145, 144, 161, 162, 143, 163, 142, 164, 141]
14: [161, 128, 162, 163, 164, 165]
15: [141, 165]
16: [142, 165]
17: [143, 165]
18: [144, 165]
19: [145, 165]
20: [146, 165]
21: [147, 165]
22: [148, 165]
23: [149, 165]
24: [150, 165]
25: [151, 165]
26: [152, 165]
27: [128, 152, 151, 150, 149, 148, 147, 146, 145, 144, 161, 162, 143, 163, 142, 164, 141, 165]
28: [161, 162, 128, 163, 164, 165, 166]
29: [141, 166]
30: [142, 166]
31: [143, 166]
32: [144, 166]
33: [145, 166]
34: [146, 166]
35: [147, 166]
36: [148, 166]
37: [149, 166]
38: [150, 166]
39: [151, 166]
40: [152, 166]
41: [128, 152, 151, 150, 149, 148, 147, 146, 145, 144, 161, 162, 143, 163, 166, 142, 164, 141, 165]
42: [161, 162, 163, 128, 164, 165, 166, 167]
43: [141, 167]
44: [142, 167]
45: [143, 167]
46: [144, 167]
47: [145, 167]
48: [146, 167]
49: [147, 167]
50: [148, 167]
51: [149, 167]
52: [150, 167]
53: [151, 167]
54: [152, 167]
55: [128, 152, 151, 150, 149, 148, 147, 146, 145, 144, 161, 167, 162, 143, 163, 166, 142, 164, 141, 165]
56: [161, 162, 163, 164, 128, 165, 166, 167, 168]
57: [141, 168]
58: [142, 168]
59: [143, 168]
60: [144, 168]
61: [145, 168]
62: [146, 168]
63: [147, 168]
64: [148, 168]
65: [149, 168]
66: [150, 168]
67: [151, 168]
68: [152, 168]
69: [128, 152, 151, 150, 149, 148, 147, 146, 145, 144, 161, 168, 167, 162, 143, 163, 166, 142, 164, 141, 165]
70: [161, 162, 163, 164, 165, 166, 167, 168, 169, 128]
71: [141, 169]
72: [142, 169]
73: [143, 169]
74: [144, 169]
75: [145, 169]
76: [146, 169]
77: [147, 169]
78: [148, 169]
79: [149, 169]
80: [150, 169]
81: [151, 169]
82: [152, 169]
83: [128, 152, 151, 150, 149, 148, 147, 146, 145, 169, 144, 161, 168, 167, 162, 143, 163, 166, 142, 164, 141, 165]
84: [161, 162, 163, 164, 165, 166, 167, 168, 169, 170, 128]
85: [141, 170]
86: [142, 170]
87: [143, 170]
88: [144, 170]
89: [145, 170]
90: [146, 170]
91: [147, 170]
92: [148, 170]
93: [149, 170]
94: [150, 170]
95: [151, 170]
96: [152, 170]
97: [128, 152, 151, 150, 149, 148, 147, 170, 146, 145, 169, 144, 161, 168, 167, 162, 143, 163, 166, 142, 164, 141, 165]
98: [161, 162, 163, 164, 165, 166, 167, 168, 169, 170, 171, 128]
99: [141, 171]
100: [142, 171]
101: [143, 171]
102: [144, 171]
103: [145, 171]
104: [146, 171]
105: [147, 171]
106: [148, 171]
107: [149, 171]
108: [150, 171]
109: [151, 171]
110: [152, 171]
111: [128, 152, 151, 150, 149, 148, 147, 171, 170, 146, 145, 169, 144, 161, 168, 167, 162, 143, 163, 166, 142, 164, 141, 165]
112: [161, 162, 163, 164, 165, 166, 167, 168, 169, 170, 171, 172, 128]
113: [141, 172]
114: [142, 172]
115: [143, 172]
116: [144, 172]
117: [145, 172]
118: [146, 172]
119: [147, 172]
120: [148, 172]
121: [149, 172]
122: [150, 172]
123: [151, 172]
124: [152, 172]
125: [128, 152, 151, 150, 149, 172, 148, 147, 171, 170, 146, 145, 169, 144, 161, 168, 167, 162, 143, 163, 166, 142, 164, 141, 165]
126: [161, 162, 163, 164, 165, 166, 167, 168, 169, 170, 171, 172, 173, 128]
127: [161, 141, 173]
128: [161, 142, 173]
129: [161, 143, 173]
130: [161, 144, 173]
131: [161, 145, 173]
132: [161, 146, 173]
133: [161, 147, 173]
134: [161, 148, 173]
135: [161, 149, 173]
136: [161, 150, 173]
137: [161, 151, 173]
138: [161, 152, 173]
139: []
140: [162, 163, 164, 165, 166, 167, 168, 169, 170, 171, 172, 173, 128]
141: [162, 141]
142: [162, 142]
143: [162, 143]
144: [162, 144]
145: [162, 145]
146: [162, 146]
147: [162, 147]
148: [162, 148]
149: [162, 149]
150: [162, 150]
151: [162, 151]
152: [162, 152]
153: [141, 142, 143, 144, 145, 146, 147, 148, 149, 150, 151, 152, 162, 163, 164, 165, 166, 167, 168, 169, 170, 171, 172, 173, 128]
154: [163, 164, 165, 166, 167, 168, 169, 170, 171, 172, 173, 128]
155: [163, 141]
156: [163, 142]
157: [163, 143]
158: [163, 144]
159: [163, 145]
160: [163, 146]
161: [163, 147]
162: [163, 148]
163: [163, 149]
164: [163, 150]
165: [163, 151]
166: [163, 152]
167: [141, 142, 143, 144, 145, 146, 147, 148, 149, 150, 151, 152, 163, 164, 165, 166, 167, 168, 169, 170, 171, 172, 173, 128]
168: [164, 165, 166, 167, 168, 169, 170, 171, 172, 173, 128]
169: [164, 141]
170: [164, 142]
171: [164, 143]
172: [164, 144]
173: [164, 145]
174: [164, 146]
175: [164, 147]
176: [164, 148]
177: [164, 149]
178: [164, 150]
179: [164, 151]
180: [164, 152]
181: [141, 142, 143, 144, 145, 146, 147, 148, 149, 150, 151, 152, 164, 165, 166, 167, 168, 169, 170, 171, 172, 173, 128]
182: [165, 166, 167, 168, 169, 170, 171, 172, 173, 128]
183: [165, 166, 167, 168, 169, 170, 171, 172, 141, 173, 128]
184: [165, 166, 167, 168, 169, 170, 171, 172, 141, 142, 173, 128]
185: [165, 166, 167, 168, 169, 170, 171, 172, 141, 142, 143, 173, 128]
186: [165, 166, 167, 168, 169, 170, 171, 172, 141, 142, 143, 144, 173, 128]
187: [165, 166, 167, 168, 169, 170, 171, 172, 141, 142, 143, 144, 145, 173, 128]
188: [165, 166, 167, 168, 169, 170, 171, 172, 141, 142, 143, 144, 145, 146, 173, 128]
189: [165, 166, 167, 168, 169, 170, 171, 172, 141, 142, 143, 144, 145, 146, 147, 173, 128]
190: [165, 166, 167, 168, 169, 170, 171, 172, 141, 142, 143, 144, 145, 146, 147, 148, 173, 128]
191: [165, 166, 167, 168, 169, 170, 171, 172, 141, 142, 143, 144, 145, 146, 147, 148, 149, 173, 128]
192: [141, 142, 143, 144, 145, 146, 147, 148, 149, 150, 165, 166, 167, 168, 169, 170, 171, 172, 173, 128]
193: [141, 142, 143, 144, 145, 146, 147, 148, 149, 150, 151, 165, 166, 167, 168, 169, 170, 171, 172, 173, 128]
194: [141, 142, 143, 144, 145, 146, 147, 148, 149, 150, 151, 152, 165, 166, 167, 168, 169, 170, 171, 172, 173, 128]
195: [141, 142, 143, 144, 145, 146, 147, 148, 149, 150, 151, 152, 165, 166, 167, 168, 169, 170, 171, 172, 173, 128]
140
0: [129, 130, 131, 132, 133, 134, 135, 136, 137, 138, 139, 140, 164, 162, 163, 128]
1: [129, 130, 131, 132, 133, 134, 135, 136, 137, 138, 139, 140, 164, 162, 163, 128]
2: [130, 131, 132, 133, 134, 135, 136, 137, 138, 139, 140, 164, 162, 163, 128]
3: [162, 131, 132, 133, 134, 135, 136, 137, 138, 139, 140, 164, 163, 128]
4: [162, 163, 132, 133, 134, 135, 136, 137, 138, 139, 140, 164, 128]
5: [162, 163, 164, 133, 134, 135, 136, 137, 138, 139, 140, 128]
6: [162, 163, 164, 134, 135, 136, 137, 138, 139, 140, 128]
7: [162, 163, 164, 135, 136, 137, 138, 139, 140, 128]
8: [162, 163, 164, 136, 137, 138, 139, 140, 128]
9: [162, 163, 164, 137, 138, 139, 140, 128]
10: [162, 163, 164, 138, 139, 140, 128]
11: [162, 163, 164, 139, 140, 128]
12: [164, 162, 163, 140, 128]
13: [162, 163, 164, 128]
14: [129, 130, 131, 132, 133, 134, 135, 136, 137, 138, 139, 140, 164, 165, 162, 163, 128]
15: [165, 129]
16: [165, 130]
17: [165, 131]
18: [165, 132]
19: [165, 133]
20: [165, 134]
21: [165, 135]
22: [165, 136]
23: [165, 137]
24: [165, 138]
25: [165, 139]
26: [165, 140]
27: [165, 162, 163, 164, 128]
28: [129, 130, 131, 132, 133, 134, 135, 136, 137, 138, 139, 140, 164, 165, 166, 162, 163, 128]
29: [166, 129]
30: [166, 130]
31: [166, 131]
32: [166, 132]
33: [166, 133]
34: [166, 134]
35: [166, 135]
36: [166, 136]
37: [166, 137]
38: [166, 138]
39: [166, 139]
40: [166, 140]
41: [166, 165, 162, 163, 164, 128]
42: [129, 130, 131, 132, 133, 134, 135, 136, 137, 138, 139, 140, 164, 165, 166, 162, 167, 163, 128]
43: [167, 129]
44: [167, 130]
45: [167, 131]
46: [167, 132]
47: [167, 133]
48: [167, 134]
49: [167, 135]
50: [167, 136]
51: [167, 137]
52: [167, 138]
53: [167, 139]
54: [167, 140]
55: [167, 166, 165, 128, 162, 163, 164]
56: [129, 130, 131, 132, 133, 134, 135, 136, 137, 138, 139, 140, 162, 163, 164, 165, 166, 167, 168, 128]
57: [168, 129]
58: [168, 130]
59: [168, 131]
60: [168, 132]
61: [168, 133]
62: [168, 134]
63: [168, 135]
64: [168, 136]
65: [168, 137]
66: [168, 138]
67: [168, 139]
68: [168, 140]
69: [168, 167, 166, 128, 165, 162, 163, 164]
70: [129, 130, 131, 132, 133, 134, 135, 136, 137, 138, 139, 140, 162, 163, 164, 165, 166, 167, 168, 169, 128]
71: [169, 129]
72: [169, 130]
73: [169, 131]
74: [169, 132]
75: [169, 133]
76: [169, 134]
77: [169, 135]
78: [169, 136]
79: [169, 137]
80: [169, 138]
81: [169, 139]
82: [169, 140]
83: [169, 168, 167, 128, 166, 165, 162, 163, 164]
84: [129, 130, 131, 132, 133, 134, 135, 136, 137, 138, 139, 140, 162, 163, 164, 165, 166, 167, 168, 169, 170, 128]
85: [170, 129]
86: [170, 130]
87: [170, 131]
88: [170, 132]
89: [170, 133]
90: [170, 134]
91: [170, 135]
92: [170, 136]
93: [170, 137]
94: [170, 138]
95: [170, 139]
96: [170, 140]
97: [170, 169, 168, 128, 167, 166, 165, 162, 163, 164]
98: [129, 130, 131, 132, 133, 134, 135, 136, 137, 138, 139, 140, 162, 163, 164, 165, 166, 167, 168, 169, 170, 171, 128]
99: [171, 129]
100: [171, 130]
101: [171, 131]
102: [171, 132]
103: [171, 133]
104: [171, 134]
105: [171, 135]
106: [171, 136]
107: [171, 137]
108: [171, 138]
109: [171, 139]
110: [171, 140]
111: [171, 170, 169, 128, 168, 167, 166, 165, 162, 163, 164]
112: [129, 130, 131, 132, 133, 134, 135, 136, 137, 138, 139, 140, 162, 163, 164, 165, 166, 167, 168, 169, 170, 171, 172, 128]
113: [172, 129]
114: [172, 130]
115: [172, 131]
116: [172, 132]
117: [172, 133]
118: [172, 134]
119: [172, 135]
120: [172, 136]
121: [172, 137]
122: [172, 138]
123: [172, 139]
124: [172, 140]
125: [172, 171, 170, 128, 169, 168, 167, 166, 165, 162, 163, 164]
126: [129, 130, 131, 132, 133, 134, 135, 136, 137, 138, 139, 140, 162, 163, 164, 165, 166, 167, 168, 169, 170, 171, 172, 173, 128]
127: [173, 129]
128: [173, 130]
129: [173, 131]
130: [173, 132]
131: [173, 133]
132: [173, 134]
133: [173, 135]
134: [173, 136]
135: [173, 137]
136: [173, 138]
137: [173, 139]
138: [173, 140]
139: [173, 172, 171, 128, 170, 169, 168, 167, 166, 165, 162, 163, 164]
140: []
141: [174, 129, 162]
142: [174, 130, 162]
143: [174, 131, 162]
144: [174, 132, 162]
145: [174, 133, 162]
146: [174, 134, 162]
147: [174, 135, 162]
148: [174, 136, 162]
149: [174, 137, 162]
150: [174, 138, 162]
151: [174, 139, 162]
152: [174, 140, 162]
153: [174, 173, 172, 128, 171, 170, 169, 168, 167, 166, 165, 162, 163, 164]
154: [128, 129, 130, 131, 174, 132, 173, 172, 133, 171, 134, 170, 135, 136, 169, 168, 137, 138, 167, 139, 163, 166, 164, 140, 165]
155: [129, 163]
156: [130, 163]
157: [131, 163]
158: [132, 163]
159: [133, 163]
160: [134, 163]
161: [135, 163]
162: [136, 163]
163: [137, 163]
164: [138, 163]
165: [139, 163]
166: [140, 163]
167: [174, 173, 128, 172, 171, 170, 169, 168, 167, 166, 165, 163, 164]
168: [128, 129, 130, 131, 174, 132, 173, 172, 133, 171, 134, 170, 135, 136, 169, 168, 137, 138, 167, 139, 166, 164, 140, 165]
169: [129, 164]
170: [130, 164]
171: [131, 164]
172: [132, 164]
173: [133, 164]
174: [134, 164]
175: [135, 164]
176: [136, 164]
177: [137, 164]
178: [138, 164]
179: [139, 164]
180: [140, 164]
181: [174, 128, 173, 172, 171, 170, 169, 168, 167, 166, 165, 164]
182: [128, 129, 130, 131, 174, 132, 173, 172, 133, 171, 134, 170, 135, 136, 169, 168, 137, 138, 167, 139, 166, 140, 165]
183: [128, 129, 130, 131, 174, 132, 173, 172, 133, 171, 134, 170, 135, 136, 169, 168, 137, 138, 167, 139, 166, 140, 165]
184: [128, 130, 131, 174, 132, 173, 172, 133, 171, 134, 170, 135, 136, 169, 168, 137, 138, 167, 139, 166, 140, 165]
185: [128, 131, 174, 132, 173, 172, 133, 171, 134, 170, 135, 136, 169, 168, 137, 138, 167, 139, 166, 140, 165]
186: [128, 174, 132, 173, 172, 133, 171, 134, 170, 135, 136, 169, 168, 137, 138, 167, 139, 166, 140, 165]
187: [128, 174, 173, 172, 133, 171, 134, 170, 135, 136, 169, 168, 137, 138, 167, 139, 166, 140, 165]
188: [128, 174, 173, 172, 171, 134, 170, 135, 136, 169, 168, 137, 138, 167, 139, 166, 140, 165]
189: [128, 174, 173, 172, 171, 170, 135, 136, 169, 168, 137, 138, 167, 139, 166, 140, 165]
190: [128, 174, 173, 172, 171, 170, 136, 169, 168, 137, 138, 167, 139, 166, 140, 165]
191: [128, 174, 173, 172, 171, 170, 169, 168, 137, 138, 167, 139, 166, 140, 165]
192: [128, 174, 173, 172, 171, 170, 169, 168, 138, 167, 139, 166, 140, 165]
193: [128, 174, 173, 172, 171, 170, 169, 168, 167, 139, 166, 140, 165]
194: [128, 174, 173, 172, 171, 170, 169, 168, 167, 166, 140, 165]
195: [128, 174, 173, 172, 171, 170, 169, 168, 167, 166, 165]
141
0: [162, 129]
1: [141, 162, 129]
2: [141, 162]
3: [141, 162]
4: [141, 162]
5: [141, 162]
6: [141, 162]
7: [141, 162]
8: [141, 162]
9: [141, 162]
10: [141, 162]
11: [141, 162]
12: [141, 162]
13: [141, 162]
14: [162, 129]
15: [96, 97, 116, 117, 88, 89, 90, 91, 92, 93, 94, 95, 87]
16: [96, 97, 116, 117, 88, 89, 90, 91, 92, 93, 94, 95, 87]
17: [96, 97, 116, 117, 89, 90, 91, 92, 93, 94, 95, 87]
18: [96, 97, 116, 117, 90, 91, 92, 93, 94, 95, 87]
19: [96, 97, 116, 117, 91, 92, 93, 94, 95, 87]
20: [96, 97, 116, 117, 92, 93, 94, 95, 87]
21: [96, 97, 116, 117, 93, 94, 95, 87]
22: [96, 97, 116, 117, 94, 95, 87]
23: [96, 97, 116, 117, 95, 87]
24: [96, 97, 116, 117, 87]
25: [97, 116, 117, 87]
26: [116, 117, 87]
27: [141, 162]
28: [162, 129]
29: [96, 97, 116, 117, 118, 88, 89, 90, 91, 92, 93, 94, 95, 87]
30: [118, 88]
31: [118, 89]
32: [118, 90]
33: [118, 91]
34: [118, 92]
35: [118, 93]
36: [118, 94]
37: [118, 95]
38: [118, 96]
39: [118, 97]
40: [118, 116, 117, 87]
41: [141, 162]
42: [162, 129]
43: [96, 97, 116, 117, 118, 119, 88, 89, 90, 91, 92, 93, 94, 95, 87]
44: [119, 88]
45: [119, 89]
46: [119, 90]
47: [119, 91]
48: [119, 92]
49: [119, 93]
50: [119, 94]
51: [119, 95]
52: [119, 96]
53: [119, 97]
54: [119, 118, 116, 117, 87]
55: [141, 162]
56: [162, 129]
57: [96, 97, 120, 116, 117, 118, 119, 88, 89, 90, 91, 92, 93, 94, 95, 87]
58: [120, 88]
59: [120, 89]
60: [120, 90]
61: [120, 91]
62: [120, 92]
63: [120, 93]
64: [120, 94]
65: [120, 95]
66: [120, 96]
67: [120, 97]
68: [120, 119, 118, 87, 116, 117]
69: [141, 162]
70: [162, 129]
71: [96, 97, 121, 120, 116, 117, 118, 119, 88, 89, 90, 91, 92, 93, 94, 95, 87]
72: [121, 88]
73: [121, 89]
74: [121, 90]
75: [121, 91]
76: [121, 92]
77: [121, 93]
78: [121, 94]
79: [121, 95]
80: [121, 96]
81: [121, 97]
82: [121, 120, 119, 87, 118, 116, 117]
83: [141, 162]
84: [162, 129]
85: [96, 97, 121, 122, 120, 116, 117, 118, 119, 88, 89, 90, 91, 92, 93, 94, 95, 87]
86: [122, 88]
87: [122, 89]
88: [122, 90]
89: [122, 91]
90: [122, 92]
91: [122, 93]
92: [122, 94]
93: [122, 95]
94: [122, 96]
95: [122, 97]
96: [122, 121, 120, 87, 119, 118, 116, 117]
97: [141, 162]
98: [162, 129]
99: [96, 97, 121, 122, 123, 120, 116, 117, 118, 119, 88, 89, 90, 91, 92, 93, 94, 95, 87]
100: [123, 88]
101: [123, 89]
102: [123, 90]
103: [123, 91]
104: [123, 92]
105: [123, 93]
106: [123, 94]
107: [123, 95]
108: [123, 96]
109: [123, 97]
110: [123, 122, 121, 87, 120, 119, 118, 116, 117]
111: [141, 162]
112: [162, 129]
113: [88, 89, 90, 91, 92, 93, 94, 95, 96, 97, 116, 117, 118, 119, 120, 121, 122, 123, 124, 87]
114: [124, 88]
115: [124, 89]
116: [124, 90]
117: [124, 91]
118: [124, 92]
119: [124, 93]
120: [124, 94]
121: [124, 95]
122: [124, 96]
123: [124, 97]
124: [124, 123, 122, 87, 121, 120, 119, 118, 116, 117]
125: [141, 162]
126: [162, 129]
127: [88, 89, 90, 91, 92, 93, 94, 95, 96, 97, 116, 117, 118, 119, 120, 121, 122, 123, 124, 125, 87]
128: [125, 88]
129: [125, 89]
130: [125, 90]
131: [125, 91]
132: [125, 92]
133: [125, 93]
134: [125, 94]
135: [125, 95]
136: [125, 96]
137: [125, 97]
138: [125, 124, 123, 87, 122, 121, 120, 119, 118, 116, 117]
139: [141, 162]
140: [162, 129, 174]
141: []
142: [126, 88, 116]
143: [126, 89, 116]
144: [126, 90, 116]
145: [126, 91, 116]
146: [126, 92, 116]
147: [126, 93, 116]
148: [126, 94, 116]
149: [126, 95, 116]
150: [126, 96, 116]
151: [126, 97, 116]
152: [126, 125, 124, 87, 123, 122, 121, 120, 119, 118, 116, 117]
153: [174, 141, 162]
154: [129, 174]
155: [87, 88, 89, 126, 90, 125, 91, 124, 123, 92, 122, 93, 121, 94, 120, 95, 96, 119, 97, 117, 118]
156: [88, 117]
157: [89, 117]
158: [90, 117]
159: [91, 117]
160: [92, 117]
161: [93, 117]
162: [94, 117]
163: [95, 117]
164: [96, 117]
165: [97, 117]
166: [126, 125, 87, 124, 123, 122, 121, 120, 119, 118, 117]
167: [174, 141]
168: [129, 174]
169: [87, 88, 89, 126, 90, 125, 91, 124, 123, 92, 122, 93, 121, 94, 120, 95, 96, 119, 97, 118]
170: [87, 88, 89, 126, 90, 125, 91, 124, 123, 92, 122, 93, 121, 94, 120, 95, 96, 119, 97, 118]
171: [87, 89, 126, 90, 125, 91, 124, 123, 92, 122, 93, 121, 94, 120, 95, 96, 119, 97, 118]
172: [87, 126, 90, 125, 91, 124, 123, 92, 122, 93, 121, 94, 120, 95, 96, 119, 97, 118]
173: [87, 126, 125, 91, 124, 123, 92, 122, 93, 121, 94, 120, 95, 96, 119, 97, 118]
174: [87, 126, 125, 124, 123, 92, 122, 93, 121, 94, 120, 95, 96, 119, 97, 118]
175: [87, 126, 125, 124, 123, 122, 93, 121, 94, 120, 95, 96, 119, 97, 118]
176: [87, 126, 125, 124, 123, 122, 121, 94, 120, 95, 96, 119, 97, 118]
177: [87, 126, 125, 124, 123, 122, 121, 120, 95, 96, 119, 97, 118]
178: [87, 126, 125, 124, 123, 122, 121, 120, 96, 119, 97, 118]
179: [87, 126, 125, 124, 123, 122, 121, 120, 119, 97, 118]
180: [126, 87, 125, 124, 123, 122, 121, 120, 119, 118]
181: [174, 141]
182: [129, 174]
183: [129, 174, 141]
184: [174, 141]
185: [174, 141]
186: [174, 141]
187: [174, 141]
188: [174, 141]
189: [174, 141]
190: [174, 141]
191: [174, 141]
192: [174, 141]
193: [174, 141]
194: [174, 141]
195: [174, 141]
142
0: [162, 130]
1: [162, 130]
2: [142, 162, 130]
3: [142, 162]
4: [142, 162]
5: [142, 162]
6: [142, 162]
7: [142, 162]
8: [142, 162]
9: [142, 162]
10: [142, 162]
11: [142, 162]
12: [142, 162]
13: [142, 162]
14: [162, 130]
15: [116, 88]
16: [98, 116, 88]
17: [98, 116]
18: [98, 116]
19: [98, 116]
20: [98, 116]
21: [98, 116]
22: [98, 116]
23: [98, 116]
24: [98, 116]
25: [98, 116]
26: [98, 116]
27: [142, 162]
28: [162, 130]
29: [116, 88]
30: [78, 55, 56, 57, 58, 59, 60, 61, 62, 54]
31: [78, 55, 56, 57, 58, 59, 60, 61, 62, 54]
32: [78, 56, 57, 58, 59, 60, 61, 62, 54]
33: [78, 57, 58, 59, 60, 61, 62, 54]
34: [78, 58, 59, 60, 61, 62, 54]
35: [78, 59, 60, 61, 62, 54]
36: [78, 60, 61, 62, 54]
37: [78, 61, 62, 54]
38: [78, 62, 54]
39: [78, 54]
40: [98, 116]
41: [142, 162]
42: [162, 130]
43: [116, 88]
44: [78, 79, 55, 56, 57, 58, 59, 60, 61, 62, 54]
45: [79, 55]
46: [79, 56]
47: [79, 57]
48: [79, 58]
49: [79, 59]
50: [79, 60]
51: [79, 61]
52: [79, 62]
53: [79, 78, 54]
54: [98, 116]
55: [142, 162]
56: [162, 130]
57: [116, 88]
58: [78, 79, 80, 55, 56, 57, 58, 59, 60, 61, 62, 54]
59: [80, 55]
60: [80, 56]
61: [80, 57]
62: [80, 58]
63: [80, 59]
64: [80, 60]
65: [80, 61]
66: [80, 62]
67: [80, 54, 79, 78]
68: [98, 116]
69: [142, 162]
70: [162, 130]
71: [116, 88]
72: [78, 79, 80, 81, 55, 56, 57, 58, 59, 60, 61, 62, 54]
73: [81, 55]
74: [81, 56]
75: [81, 57]
76: [81, 58]
77: [81, 59]
78: [81, 60]
79: [81, 61]
80: [81, 62]
81: [81, 80, 54, 79, 78]
82: [98, 116]
83: [142, 162]
84: [162, 130]
85: [116, 88]
86: [78, 79, 80, 81, 82, 55, 56, 57, 58, 59, 60, 61, 62, 54]
87: [82, 55]
88: [82, 56]
89: [82, 57]
90: [82, 58]
91: [82, 59]
92: [82, 60]
93: [82, 61]
94: [82, 62]
95: [82, 81, 54, 80, 79, 78]
96: [98, 116]
97: [142, 162]
98: [162, 130]
99: [116, 88]
100: [78, 79, 80, 81, 82, 83, 55, 56, 57, 58, 59, 60, 61, 62, 54]
101: [83, 55]
102: [83, 56]
103: [83, 57]
104: [83, 58]
105: [83, 59]
106: [83, 60]
107: [83, 61]
108: [83, 62]
109: [83, 82, 54, 81, 80, 79, 78]
110: [98, 116]
111: [142, 162]
112: [162, 130]
113: [116, 88]
114: [78, 79, 80, 81, 82, 83, 84, 55, 56, 57, 58, 59, 60, 61, 62, 54]
115: [84, 55]
116: [84, 56]
117: [84, 57]
118: [84, 58]
119: [84, 59]
120: [84, 60]
121: [84, 61]
122: [84, 62]
123: [84, 83, 54, 82, 81, 80, 79, 78]
124: [98, 116]
125: [142, 162]
126: [162, 130]
127: [116, 88]
128: [78, 79, 80, 81, 82, 83, 84, 85, 55, 56, 57, 58, 59, 60, 61, 62, 54]
129: [85, 55]
130: [85, 56]
131: [85, 57]
132: [85, 58]
133: [85, 59]
134: [85, 60]
135: [85, 61]
136: [85, 62]
137: [85, 84, 54, 83, 82, 81, 80, 79, 78]
138: [98, 116]
139: [142, 162]
140: [162, 130, 174]
141: [116, 88, 126]
142: []
143: [86, 55, 78]
144: [86, 56, 78]
145: [86, 57, 78]
146: [86, 58, 78]
147: [86, 59, 78]
148: [86, 60, 78]
149: [86, 61, 78]
150: [86, 62, 78]
151: [86, 85, 54, 84, 83, 82, 81, 80, 79, 78]
152: [126, 98, 116]
153: [174, 142, 162]
154: [130, 174]
155: [88, 126]
156: [54, 86, 55, 56, 85, 57, 84, 58, 83, 82, 59, 81, 60, 80, 61, 62, 79]
157: [54, 86, 55, 56, 85, 57, 84, 58, 83, 82, 59, 81, 60, 80, 61, 62, 79]
158: [54, 86, 56, 85, 57, 84, 58, 83, 82, 59, 81, 60, 80, 61, 62, 79]
159: [54, 86, 85, 57, 84, 58, 83, 82, 59, 81, 60, 80, 61, 62, 79]
160: [54, 86, 85, 84, 58, 83, 82, 59, 81, 60, 80, 61, 62, 79]
161: [54, 86, 85, 84, 83, 82, 59, 81, 60, 80, 61, 62, 79]
162: [54, 86, 85, 84, 83, 82, 81, 60, 80, 61, 62, 79]
163: [54, 86, 85, 84, 83, 82, 81, 80, 61, 62, 79]
164: [54, 86, 85, 84, 83, 82, 81, 80, 62, 79]
165: [86, 54, 85, 84, 83, 82, 81, 80, 79]
166: [126, 98]
167: [174, 142]
168: [130, 174]
169: [88, 126]
170: [88, 126, 98]
171: [126, 98]
172: [126, 98]
173: [126, 98]
174: [126, 98]
175: [126, 98]
176: [126, 98]
177: [126, 98]
178: [126, 98]
179: [126, 98]
180: [126, 98]
181: [174, 142]
182: [130, 174]
183: [130, 174]
184: [130, 174, 142]
185: [174, 142]
186: [174, 142]
187: [174, 142]
188: [174, 142]
189: [174, 142]
190: [174, 142]
191: [174, 142]
192: [174, 142]
193: [174, 142]
194: [174, 142]
195: [174, 142]
143
0: [162, 131]
1: [162, 131]
2: [162, 131]
3: [143, 162, 131]
4: [143, 162]
5: [143, 162]
6: [143, 162]
7: [143, 162]
8: [143, 162]
9: [143, 162]
10: [143, 162]
11: [143, 162]
12: [143, 162]
13: [143, 162]
14: [162, 131]
15: [116, 89]
16: [116, 89]
17: [99, 116, 89]
18: [99, 116]
19: [99, 116]
20: [99, 116]
21: [99, 116]
22: [99, 116]
23: [99, 116]
24: [99, 116]
25: [99, 116]
26: [99, 116]
27: [143, 162]
28: [162, 131]
29: [116, 89]
30: [78, 55]
31: [63, 78, 55]
32: [63, 78]
33: [63, 78]
34: [63, 78]
35: [63, 78]
36: [63, 78]
37: [63, 78]
38: [63, 78]
39: [63, 78]
40: [99, 116]
41: [143, 162]
42: [162, 131]
43: [116, 89]
44: [78, 55]
45: [32, 33, 34, 35, 30, 31, 29]
46: [32, 33, 34, 35, 30, 31, 29]
47: [32, 33, 34, 35, 31, 29]
48: [32, 33, 34, 35, 29]
49: [33, 34, 35, 29]
50: [34, 35, 29]
51: [35, 29]
52: [29]
53: [63, 78]
54: [99, 116]
55: [143, 162]
56: [162, 131]
57: [116, 89]
58: [78, 55]
59: [32, 33, 34, 35, 48, 30, 31, 29]
60: [48, 30]
61: [48, 31]
62: [48, 32]
63: [48, 33]
64: [48, 34]
65: [48, 35]
66: [48, 29]
67: [63, 78]
68: [99, 116]
69: [143, 162]
70: [162, 131]
71: [116, 89]
72: [78, 55]
73: [32, 33, 34, 35, 48, 49, 30, 31, 29]
74: [49, 30]
75: [49, 31]
76: [49, 32]
77: [49, 33]
78: [49, 34]
79: [49, 35]
80: [49, 29, 48]
81: [63, 78]
82: [99, 116]
83: [143, 162]
84: [162, 131]
85: [116, 89]
86: [78, 55]
87: [32, 33, 34, 35, 48, 49, 50, 30, 31, 29]
88: [50, 30]
89: [50, 31]
90: [50, 32]
91: [50, 33]
92: [50, 34]
93: [50, 35]
94: [50, 29, 49, 48]
95: [63, 78]
96: [99, 116]
97: [143, 162]
98: [162, 131]
99: [116, 89]
100: [78, 55]
101: [32, 33, 34, 35, 48, 49, 50, 51, 30, 31, 29]
102: [51, 30]
103: [51, 31]
104: [51, 32]
105: [51, 33]
106: [51, 34]
107: [51, 35]
108: [51, 29, 50, 49, 48]
109: [63, 78]
110: [99, 116]
111: [143, 162]
112: [162, 131]
113: [116, 89]
114: [78, 55]
115: [32, 33, 34, 35, 48, 49, 50, 51, 52, 30, 31, 29]
116: [52, 30]
117: [52, 31]
118: [52, 32]
119: [52, 33]
120: [52, 34]
121: [52, 35]
122: [52, 29, 51, 50, 49, 48]
123: [63, 78]
124: [99, 116]
125: [143, 162]
126: [162, 131]
127: [116, 89]
128: [78, 55]
129: [32, 33, 34, 35, 48, 49, 50, 51, 52, 53, 30, 31, 29]
130: [53, 30]
131: [53, 31]
132: [53, 32]
133: [53, 33]
134: [53, 34]
135: [53, 35]
136: [53, 29, 52, 51, 50, 49, 48]
137: [63, 78]
138: [99, 116]
139: [143, 162]
140: [162, 131, 174]
141: [116, 89, 126]
142: [78, 55, 86]
143: []
144: [29, 53, 30, 52, 31, 32, 51, 33, 50, 49, 34, 48, 35]
145: [29, 53, 52, 31, 32, 51, 33, 50, 49, 34, 48, 35]
146: [29, 53, 52, 32, 51, 33, 50, 49, 34, 48, 35]
147: [29, 53, 52, 51, 33, 50, 49, 34, 48, 35]
148: [29, 53, 52, 51, 50, 49, 34, 48, 35]
149: [29, 53, 52, 51, 50, 49, 48, 35]
150: [29, 53, 52, 51, 50, 49, 48]
151: [86, 63, 78]
152: [126, 99, 116]
153: [174, 143, 162]
154: [131, 174]
155: [89, 126]
156: [55, 86]
157: [55, 86, 63]
158: [86, 63]
159: [86, 63]
160: [86, 63]
161: [86, 63]
162: [86, 63]
163: [86, 63]
164: [86, 63]
165: [86, 63]
166: [126, 99]
167: [174, 143]
168: [131, 174]
169: [89, 126]
170: [89, 126]
171: [89, 126, 99]
172: [126, 99]
173: [126, 99]
174: [126, 99]
175: [126, 99]
176: [126, 99]
177: [126, 99]
178: [126, 99]
179: [126, 99]
180: [126, 99]
181: [174, 143]
182: [131, 174]
183: [131, 174]
184: [131, 174]
185: [131, 174, 143]
186: [174, 143]
187: [174, 143]
188: [174, 143]
189: [174, 143]
190: [174, 143]
191: [174, 143]
192: [174, 143]
193: [174, 143]
194: [174, 143]
195: [174, 143]
144
0: [162, 132]
1: [162, 132]
2: [162, 132]
3: [162, 132]
4: [144, 162, 132]
5: [144, 162]
6: [144, 162]
7: [144, 162]
8: [144, 162]
9: [144, 162]
10: [144, 162]
11: [144, 162]
12: [144, 162]
13: [144, 162]
14: [162, 132]
15: [116, 90]
16: [116, 90]
17: [116, 90]
18: [100, 116, 90]
19: [100, 116]
20: [100, 116]
21: [100, 116]
22: [100, 116]
23: [100, 116]
24: [100, 116]
25: [100, 116]
26: [100, 116]
27: [144, 162]
28: [162, 132]
29: [116, 90]
30: [78, 56]
31: [78, 56]
32: [64, 78, 56]
33: [64, 78]
34: [64, 78]
35: [64, 78]
36: [64, 78]
37: [64, 78]
38: [64, 78]
39: [64, 78]
40: [100, 116]
41: [144, 162]
42: [162, 132]
43: [116, 90]
44: [78, 56]
45: [32, 33, 34, 35, 30, 31, 29]
46: [36, 32, 33, 34, 35, 30, 31, 29]
47: [36, 32, 33, 34, 35, 31, 29]
48: [36, 32, 33, 34, 35, 29]
49: [36, 33, 34, 35, 29]
50: [36, 34, 35, 29]
51: [36, 35, 29]
52: [36, 29]
53: [64, 78]
54: [100, 116]
55: [144, 162]
56: [162, 132]
57: [116, 90]
58: [78, 56]
59: [32, 33, 34, 35, 48, 30, 31, 29]
60: [36, 48, 30]
61: [48, 31]
62: [48, 32]
63: [48, 33]
64: [48, 34]
65: [48, 35]
66: [29, 48, 36]
67: [64, 78]
68: [100, 116]
69: [144, 162]
70: [162, 132]
71: [116, 90]
72: [78, 56]
73: [32, 33, 34, 35, 48, 49, 30, 31, 29]
74: [36, 49, 30]
75: [49, 31]
76: [49, 32]
77: [49, 33]
78: [49, 34]
79: [49, 35]
80: [29, 49, 48, 36]
81: [64, 78]
82: [100, 116]
83: [144, 162]
84: [162, 132]
85: [116, 90]
86: [78, 56]
87: [32, 33, 34, 35, 48, 49, 50, 30, 31, 29]
88: [36, 50, 30]
89: [50, 31]
90: [50, 32]
91: [50, 33]
92: [50, 34]
93: [50, 35]
94: [29, 50, 49, 48, 36]
95: [64, 78]
96: [100, 116]
97: [144, 162]
98: [162, 132]
99: [116, 90]
100: [78, 56]
101: [32, 33, 34, 35, 48, 49, 50, 51, 30, 31, 29]
102: [36, 51, 30]
103: [51, 31]
104: [51, 32]
105: [51, 33]
106: [51, 34]
107: [51, 35]
108: [29, 51, 50, 49, 48, 36]
109: [64, 78]
110: [100, 116]
111: [144, 162]
112: [162, 132]
113: [116, 90]
114: [78, 56]
115: [32, 33, 34, 35, 48, 49, 50, 51, 52, 30, 31, 29]
116: [36, 52, 30]
117: [52, 31]
118: [52, 32]
119: [52, 33]
120: [52, 34]
121: [52, 35]
122: [29, 52, 51, 50, 49, 48, 36]
123: [64, 78]
124: [100, 116]
125: [144, 162]
126: [162, 132]
127: [116, 90]
128: [78, 56]
129: [32, 33, 34, 35, 48, 49, 50, 51, 52, 53, 30, 31, 29]
130: [36, 53, 30]
131: [53, 31]
132: [53, 32]
133: [53, 33]
134: [53, 34]
135: [53, 35]
136: [29, 53, 52, 51, 50, 49, 48, 36]
137: [64, 78]
138: [100, 116]
139: [144, 162]
140: [162, 132, 174]
141: [116, 90, 126]
142: [78, 56, 86]
143: [32, 33, 34, 35, 48, 49, 50, 51, 52, 53, 30, 31, 29]
144: []
145: [29, 53, 52, 31, 32, 51, 33, 50, 49, 34, 48, 35, 36]
146: [29, 53, 52, 32, 51, 33, 50, 49, 34, 48, 35, 36]
147: [29, 53, 52, 51, 33, 50, 49, 34, 48, 35, 36]
148: [29, 53, 52, 51, 50, 49, 34, 48, 35, 36]
149: [29, 53, 52, 51, 50, 49, 48, 35, 36]
150: [29, 53, 52, 51, 50, 49, 48, 36]
151: [86, 64, 78]
152: [126, 100, 116]
153: [174, 144, 162]
154: [132, 174]
155: [90, 126]
156: [56, 86]
157: [56, 86]
158: [56, 86, 64]
159: [86, 64]
160: [86, 64]
161: [86, 64]
162: [86, 64]
163: [86, 64]
164: [86, 64]
165: [86, 64]
166: [126, 100]
167: [174, 144]
168: [132, 174]
169: [90, 126]
170: [90, 126]
171: [90, 126]
172: [90, 126, 100]
173: [126, 100]
174: [126, 100]
175: [126, 100]
176: [126, 100]
177: [126, 100]
178: [126, 100]
179: [126, 100]
180: [126, 100]
181: [174, 144]
182: [132, 174]
183: [132, 174]
184: [132, 174]
185: [132, 174]
186: [132, 174, 144]
187: [174, 144]
188: [174, 144]
189: [174, 144]
190: [174, 144]
191: [174, 144]
192: [174, 144]
193: [174, 144]
194: [174, 144]
195: [174, 144]
145
0: [162, 133]
1: [162, 133]
2: [162, 133]
3: [162, 133]
4: [162, 133]
5: [145, 162, 133]
6: [145, 162]
7: [145, 162]
8: [145, 162]
9: [145, 162]
10: [145, 162]
11: [145, 162]
12: [145, 162]
13: [145, 162]
14: [162, 133]
15: [116, 91]
16: [116, 91]
17: [116, 91]
18: [116, 91]
19: [101, 116, 91]
20: [101, 116]
21: [101, 116]
22: [101, 116]
23: [101, 116]
24: [101, 116]
25: [101, 116]
26: [101, 116]
27: [145, 162]
28: [162, 133]
29: [116, 91]
30: [78, 57]
31: [78, 57]
32: [78, 57]
33: [65, 78, 57]
34: [65, 78]
35: [65, 78]
36: [65, 78]
37: [65, 78]
38: [65, 78]
39: [65, 78]
40: [101, 116]
41: [145, 162]
42: [162, 133]
43: [116, 91]
44: [78, 57]
45: [32, 33, 34, 35, 31, 29]
46: [36, 32, 33, 34, 35, 31, 29]
47: [37, 36, 32, 33, 34, 35, 31, 29]
48: [37, 36, 32, 33, 34, 35, 29]
49: [37, 36, 33, 34, 35, 29]
50: [37, 36, 34, 35, 29]
51: [37, 36, 29, 35]
52: [37, 29, 36]
53: [65, 78]
54: [101, 116]
55: [145, 162]
56: [162, 133]
57: [116, 91]
58: [78, 57]
59: [32, 33, 34, 35, 48, 31, 29]
60: [36, 48]
61: [37, 48, 31]
62: [48, 32]
63: [48, 33]
64: [48, 34]
65: [48, 35]
66: [29, 37, 48, 36]
67: [65, 78]
68: [101, 116]
69: [145, 162]
70: [162, 133]
71: [116, 91]
72: [78, 57]
73: [32, 33, 34, 35, 48, 49, 31, 29]
74: [36, 49]
75: [37, 49, 31]
76: [49, 32]
77: [49, 33]
78: [49, 34]
79: [49, 35]
80: [29, 49, 37, 48, 36]
81: [65, 78]
82: [101, 116]
83: [145, 162]
84: [162, 133]
85: [116, 91]
86: [78, 57]
87: [32, 33, 34, 35, 48, 49, 50, 31, 29]
88: [36, 50]
89: [37, 50, 31]
90: [50, 32]
91: [50, 33]
92: [50, 34]
93: [50, 35]
94: [29, 50, 49, 37, 48, 36]
95: [65, 78]
96: [101, 116]
97: [145, 162]
98: [162, 133]
99: [116, 91]
100: [78, 57]
101: [32, 33, 34, 35, 48, 49, 50, 51, 31, 29]
102: [36, 51]
103: [37, 51, 31]
104: [51, 32]
105: [51, 33]
106: [51, 34]
107: [51, 35]
108: [29, 51, 50, 49, 37, 48, 36]
109: [65, 78]
110: [101, 116]
111: [145, 162]
112: [162, 133]
113: [116, 91]
114: [78, 57]
115: [32, 33, 34, 35, 48, 49, 50, 51, 52, 31, 29]
116: [36, 52]
117: [37, 52, 31]
118: [52, 32]
119: [52, 33]
120: [52, 34]
121: [52, 35]
122: [29, 52, 51, 50, 49, 37, 48, 36]
123: [65, 78]
124: [101, 116]
125: [145, 162]
126: [162, 133]
127: [116, 91]
128: [78, 57]
129: [32, 33, 34, 35, 48, 49, 50, 51, 52, 53, 31, 29]
130: [36, 53]
131: [37, 53, 31]
132: [53, 32]
133: [53, 33]
134: [53, 34]
135: [53, 35]
136: [29, 53, 52, 51, 50, 49, 37, 48, 36]
137: [65, 78]
138: [101, 116]
139: [145, 162]
140: [162, 133, 174]
141: [116, 91, 126]
142: [78, 57, 86]
143: [32, 33, 34, 35, 48, 49, 50, 51, 52, 53, 31, 29]
144: [32, 33, 34, 35, 36, 48, 49, 50, 51, 52, 53, 31, 29]
145: []
146: [29, 53, 52, 32, 51, 33, 50, 49, 34, 37, 48, 35, 36]
147: [29, 53, 52, 51, 33, 50, 49, 34, 37, 48, 35, 36]
148: [29, 53, 52, 51, 50, 49, 34, 37, 48, 35, 36]
149: [29, 53, 52, 51, 50, 49, 37, 48, 35, 36]
150: [29, 53, 52, 51, 50, 49, 37, 48, 36]
151: [86, 65, 78]
152: [126, 101, 116]
153: [174, 145, 162]
154: [133, 174]
155: [91, 126]
156: [57, 86]
157: [57, 86]
158: [57, 86]
159: [57, 86, 65]
160: [86, 65]
161: [86, 65]
162: [86, 65]
163: [86, 65]
164: [86, 65]
165: [86, 65]
166: [126, 101]
167: [174, 145]
168: [133, 174]
169: [91, 126]
170: [91, 126]
171: [91, 126]
172: [91, 126]
173: [91, 126, 101]
174: [126, 101]
175: [126, 101]
176: [126, 101]
177: [126, 101]
178: [126, 101]
179: [126, 101]
180: [126, 101]
181: [174, 145]
182: [133, 174]
183: [133, 174]
184: [133, 174]
185: [133, 174]
186: [133, 174]
187: [133, 174, 145]
188: [174, 145]
189: [174, 145]
190: [174, 145]
191: [174, 145]
192: [174, 145]
193: [174, 145]
194: [174, 145]
195: [174, 145]
146
0: [162, 134]
1: [162, 134]
2: [162, 134]
3: [162, 134]
4: [162, 134]
5: [162, 134]
6: [146, 162, 134]
7: [146, 162]
8: [146, 162]
9: [146, 162]
10: [146, 162]
11: [146, 162]
12: [146, 162]
13: [146, 162]
14: [162, 134]
15: [116, 92]
16: [116, 92]
17: [116, 92]
18: [116, 92]
19: [116, 92]
20: [102, 116, 92]
21: [102, 116]
22: [102, 116]
23: [102, 116]
24: [102, 116]
25: [102, 116]
26: [102, 116]
27: [146, 162]
28: [162, 134]
29: [116, 92]
30: [78, 58]
31: [78, 58]
32: [78, 58]
33: [78, 58]
34: [66, 78, 58]
35: [66, 78]
36: [66, 78]
37: [66, 78]
38: [66, 78]
39: [66, 78]
40: [102, 116]
41: [146, 162]
42: [162, 134]
43: [116, 92]
44: [78, 58]
45: [32, 33, 34, 35, 29]
46: [36, 32, 33, 34, 35, 29]
47: [37, 36, 32, 33, 34, 35, 29]
48: [38, 37, 36, 32, 33, 34, 35, 29]
49: [38, 37, 36, 33, 34, 35, 29]
50: [38, 37, 36, 29, 34, 35]
51: [38, 37, 29, 36, 35]
52: [29, 38, 37, 36]
53: [66, 78]
54: [102, 116]
55: [146, 162]
56: [162, 134]
57: [116, 92]
58: [78, 58]
59: [32, 33, 34, 35, 48, 29]
60: [36, 48]
61: [37, 48]
62: [38, 48, 32]
63: [48, 33]
64: [48, 34]
65: [48, 35]
66: [29, 38, 37, 48, 36]
67: [66, 78]
68: [102, 116]
69: [146, 162]
70: [162, 134]
71: [116, 92]
72: [78, 58]
73: [32, 33, 34, 35, 48, 49, 29]
74: [36, 49]
75: [37, 49]
76: [38, 49, 32]
77: [49, 33]
78: [49, 34]
79: [49, 35]
80: [29, 38, 49, 37, 48, 36]
81: [66, 78]
82: [102, 116]
83: [146, 162]
84: [162, 134]
85: [116, 92]
86: [78, 58]
87: [32, 33, 34, 35, 48, 49, 50, 29]
88: [36, 50]
89: [37, 50]
90: [38, 50, 32]
91: [50, 33]
92: [50, 34]
93: [50, 35]
94: [29, 50, 38, 49, 37, 48, 36]
95: [66, 78]
96: [102, 116]
97: [146, 162]
98: [162, 134]
99: [116, 92]
100: [78, 58]
101: [32, 33, 34, 35, 48, 49, 50, 51, 29]
102: [36, 51]
103: [37, 51]
104: [38, 51, 32]
105: [51, 33]
106: [51, 34]
107: [51, 35]
108: [29, 51, 50, 38, 49, 37, 48, 36]
109: [66, 78]
110: [102, 116]
111: [146, 162]
112: [162, 134]
113: [116, 92]
114: [78, 58]
115: [32, 33, 34, 35, 48, 49, 50, 51, 52, 29]
116: [36, 52]
117: [37, 52]
118: [38, 52, 32]
119: [52, 33]
120: [52, 34]
121: [52, 35]
122: [29, 52, 51, 50, 38, 49, 37, 48, 36]
123: [66, 78]
124: [102, 116]
125: [146, 162]
126: [162, 134]
127: [116, 92]
128: [78, 58]
129: [32, 33, 34, 35, 48, 49, 50, 51, 52, 53, 29]
130: [36, 53]
131: [37, 53]
132: [38, 53, 32]
133: [53, 33]
134: [53, 34]
135: [53, 35]
136: [29, 53, 52, 51, 50, 38, 49, 37, 48, 36]
137: [66, 78]
138: [102, 116]
139: [146, 162]
140: [162, 134, 174]
141: [116, 92, 126]
142: [78, 58, 86]
143: [32, 33, 34, 35, 48, 49, 50, 51, 52, 53, 29]
144: [32, 33, 34, 35, 36, 48, 49, 50, 51, 52, 53, 29]
145: [32, 33, 34, 35, 36, 37, 48, 49, 50, 51, 52, 53, 29]
146: []
147: [29, 53, 52, 51, 33, 50, 38, 49, 34, 37, 48, 35, 36]
148: [29, 53, 52, 51, 50, 38, 49, 34, 37, 48, 35, 36]
149: [29, 53, 52, 51, 50, 38, 49, 37, 48, 35, 36]
150: [29, 53, 52, 51, 50, 38, 49, 37, 48, 36]
151: [86, 66, 78]
152: [126, 102, 116]
153: [174, 146, 162]
154: [134, 174]
155: [92, 126]
156: [58, 86]
157: [58, 86]
158: [58, 86]
159: [58, 86]
160: [58, 86, 66]
161: [86, 66]
162: [86, 66]
163: [86, 66]
164: [86, 66]
165: [86, 66]
166: [126, 102]
167: [174, 146]
168: [134, 174]
169: [92, 126]
170: [92, 126]
171: [92, 126]
172: [92, 126]
173: [92, 126]
174: [92, 126, 102]
175: [126, 102]
176: [126, 102]
177: [126, 102]
178: [126, 102]
179: [126, 102]
180: [126, 102]
181: [174, 146]
182: [134, 174]
183: [134, 174]
184: [134, 174]
185: [134, 174]
186: [134, 174]
187: [134, 174]
188: [134, 174, 146]
189: [174, 146]
190: [174, 146]
191: [174, 146]
192: [174, 146]
193: [174, 146]
194: [174, 146]
195: [174, 146]
147
0: [162, 135]
1: [162, 135]
2: [162, 135]
3: [162, 135]
4: [162, 135]
5: [162, 135]
6: [162, 135]
7: [147, 162, 135]
8: [147, 162]
9: [147, 162]
10: [147, 162]
11: [147, 162]
12: [147, 162]
13: [147, 162]
14: [162, 135]
15: [116, 93]
16: [116, 93]
17: [116, 93]
18: [116, 93]
19: [116, 93]
20: [116, 93]
21: [103, 116, 93]
22: [103, 116]
23: [103, 116]
24: [103, 116]
25: [103, 116]
26: [103, 116]
27: [147, 162]
28: [162, 135]
29: [116, 93]
30: [78, 59]
31: [78, 59]
32: [78, 59]
33: [78, 59]
34: [78, 59]
35: [67, 78, 59]
36: [67, 78]
37: [67, 78]
38: [67, 78]
39: [67, 78]
40: [103, 116]
41: [147, 162]
42: [162, 135]
43: [116, 93]
44: [78, 59]
45: [33, 34, 35, 29]
46: [36, 33, 34, 35, 29]
47: [37, 36, 33, 34, 35, 29]
48: [38, 37, 36, 33, 34, 35, 29]
49: [39, 38, 37, 36, 29, 33, 34, 35]
50: [39, 38, 37, 29, 36, 34, 35]
51: [39, 29, 38, 37, 36, 35]
52: [29, 39, 38, 37, 36]
53: [67, 78]
54: [103, 116]
55: [147, 162]
56: [162, 135]
57: [116, 93]
58: [78, 59]
59: [48, 33, 34, 35, 29]
60: [36, 48]
61: [37, 48]
62: [38, 48]
63: [39, 48, 33]
64: [48, 34]
65: [48, 35]
66: [29, 39, 38, 37, 48, 36]
67: [67, 78]
68: [103, 116]
69: [147, 162]
70: [162, 135]
71: [116, 93]
72: [78, 59]
73: [33, 34, 35, 48, 49, 29]
74: [36, 49]
75: [37, 49]
76: [38, 49]
77: [39, 49, 33]
78: [49, 34]
79: [49, 35]
80: [29, 39, 38, 49, 37, 48, 36]
81: [67, 78]
82: [103, 116]
83: [147, 162]
84: [162, 135]
85: [116, 93]
86: [78, 59]
87: [33, 34, 35, 48, 49, 50, 29]
88: [36, 50]
89: [37, 50]
90: [38, 50]
91: [39, 50, 33]
92: [50, 34]
93: [50, 35]
94: [29, 39, 50, 38, 49, 37, 48, 36]
95: [67, 78]
96: [103, 116]
97: [147, 162]
98: [162, 135]
99: [116, 93]
100: [78, 59]
101: [33, 34, 35, 48, 49, 50, 51, 29]
102: [36, 51]
103: [37, 51]
104: [38, 51]
105: [39, 51, 33]
106: [51, 34]
107: [51, 35]
108: [29, 51, 39, 50, 38, 49, 37, 48, 36]
109: [67, 78]
110: [103, 116]
111: [147, 162]
112: [162, 135]
113: [116, 93]
114: [78, 59]
115: [33, 34, 35, 48, 49, 50, 51, 52, 29]
116: [36, 52]
117: [37, 52]
118: [38, 52]
119: [39, 52, 33]
120: [52, 34]
121: [52, 35]
122: [29, 52, 51, 39, 50, 38, 49, 37, 48, 36]
123: [67, 78]
124: [103, 116]
125: [147, 162]
126: [162, 135]
127: [116, 93]
128: [78, 59]
129: [33, 34, 35, 48, 49, 50, 51, 52, 53, 29]
130: [36, 53]
131: [37, 53]
132: [38, 53]
133: [39, 53, 33]
134: [53, 34]
135: [53, 35]
136: [29, 53, 52, 51, 39, 50, 38, 49, 37, 48, 36]
137: [67, 78]
138: [103, 116]
139: [147, 162]
140: [162, 135, 174]
141: [116, 93, 126]
142: [78, 59, 86]
143: [33, 34, 35, 48, 49, 50, 51, 52, 53, 29]
144: [33, 34, 35, 36, 48, 49, 50, 51, 52, 53, 29]
145: [33, 34, 35, 36, 37, 48, 49, 50, 51, 52, 53, 29]
146: [33, 34, 35, 36, 37, 38, 48, 49, 50, 51, 52, 53, 29]
147: []
148: [29, 53, 52, 51, 39, 50, 38, 49, 34, 37, 48, 35, 36]
149: [29, 53, 52, 51, 39, 50, 38, 49, 37, 48, 35, 36]
150: [29, 53, 52, 51, 39, 50, 38, 49, 37, 48, 36]
151: [86, 67, 78]
152: [126, 103, 116]
153: [174, 147, 162]
154: [135, 174]
155: [93, 126]
156: [59, 86]
157: [59, 86]
158: [59, 86]
159: [59, 86]
160: [59, 86]
161: [59, 86, 67]
162: [86, 67]
163: [86, 67]
164: [86, 67]
165: [86, 67]
166: [126, 103]
167: [174, 147]
168: [135, 174]
169: [93, 126]
170: [93, 126]
171: [93, 126]
172: [93, 126]
173: [93, 126]
174: [93, 126]
175: [93, 126, 103]
176: [126, 103]
177: [126, 103]
178: [126, 103]
179: [126, 103]
180: [126, 103]
181: [174, 147]
182: [135, 174]
183: [135, 174]
184: [135, 174]
185: [135, 174]
186: [135, 174]
187: [135, 174]
188: [135, 174]
189: [135, 174, 147]
190: [174, 147]
191: [174, 147]
192: [174, 147]
193: [174, 147]
194: [174, 147]
195: [174, 147]
148
0: [162, 136]
1: [162, 136]
2: [162, 136]
3: [162, 136]
4: [162, 136]
5: [162, 136]
6: [162, 136]
7: [162, 136]
8: [148, 162, 136]
9: [148, 162]
10: [148, 162]
11: [148, 162]
12: [148, 162]
13: [148, 162]
14: [162, 136]
15: [116, 94]
16: [116, 94]
17: [116, 94]
18: [116, 94]
19: [116, 94]
20: [116, 94]
21: [116, 94]
22: [104, 116, 94]
23: [104, 116]
24: [104, 116]
25: [104, 116]
26: [104, 116]
27: [148, 162]
28: [162, 136]
29: [116, 94]
30: [78, 60]
31: [78, 60]
32: [78, 60]
33: [78, 60]
34: [78, 60]
35: [78, 60]
36: [68, 78, 60]
37: [68, 78]
38: [68, 78]
39: [68, 78]
40: [104, 116]
41: [148, 162]
42: [162, 136]
43: [116, 94]
44: [78, 60]
45: [34, 35, 29]
46: [36, 34, 35, 29]
47: [37, 36, 34, 35, 29]
48: [38, 37, 36, 29, 34, 35]
49: [39, 38, 37, 29, 36, 34, 35]
50: [40, 39, 29, 38, 37, 36, 34, 35]
51: [40, 29, 39, 38, 37, 36, 35]
52: [40, 29, 39, 38, 37, 36]
53: [68, 78]
54: [104, 116]
55: [148, 162]
56: [162, 136]
57: [116, 94]
58: [78, 60]
59: [48, 34, 35, 29]
60: [36, 48]
61: [37, 48]
62: [38, 48]
63: [39, 48]
64: [40, 48, 34]
65: [48, 35]
66: [29, 40, 39, 38, 37, 48, 36]
67: [68, 78]
68: [104, 116]
69: [148, 162]
70: [162, 136]
71: [116, 94]
72: [78, 60]
73: [48, 49, 34, 35, 29]
74: [36, 49]
75: [37, 49]
76: [38, 49]
77: [39, 49]
78: [40, 49, 34]
79: [49, 35]
80: [29, 40, 39, 38, 49, 37, 48, 36]
81: [68, 78]
82: [104, 116]
83: [148, 162]
84: [162, 136]
85: [116, 94]
86: [78, 60]
87: [34, 35, 48, 49, 50, 29]
88: [36, 50]
89: [37, 50]
90: [38, 50]
91: [39, 50]
92: [40, 50, 34]
93: [50, 35]
94: [29, 40, 39, 50, 38, 49, 37, 48, 36]
95: [68, 78]
96: [104, 116]
97: [148, 162]
98: [162, 136]
99: [116, 94]
100: [78, 60]
101: [34, 35, 48, 49, 50, 51, 29]
102: [36, 51]
103: [37, 51]
104: [38, 51]
105: [39, 51]
106: [40, 51, 34]
107: [51, 35]
108: [29, 40, 51, 39, 50, 38, 49, 37, 48, 36]
109: [68, 78]
110: [104, 116]
111: [148, 162]
112: [162, 136]
113: [116, 94]
114: [78, 60]
115: [34, 35, 48, 49, 50, 51, 52, 29]
116: [36, 52]
117: [37, 52]
118: [38, 52]
119: [39, 52]
120: [40, 52, 34]
121: [52, 35]
122: [29, 40, 52, 51, 39, 50, 38, 49, 37, 48, 36]
123: [68, 78]
124: [104, 116]
125: [148, 162]
126: [162, 136]
127: [116, 94]
128: [78, 60]
129: [34, 35, 48, 49, 50, 51, 52, 53, 29]
130: [36, 53]
131: [37, 53]
132: [38, 53]
133: [39, 53]
134: [40, 53, 34]
135: [53, 35]
136: [29, 53, 40, 52, 51, 39, 50, 38, 49, 37, 48, 36]
137: [68, 78]
138: [104, 116]
139: [148, 162]
140: [162, 136, 174]
141: [116, 94, 126]
142: [78, 60, 86]
143: [34, 35, 48, 49, 50, 51, 52, 53, 29]
144: [34, 35, 36, 48, 49, 50, 51, 52, 53, 29]
145: [34, 35, 36, 37, 48, 49, 50, 51, 52, 53, 29]
146: [34, 35, 36, 37, 38, 48, 49, 50, 51, 52, 53, 29]
147: [34, 35, 36, 37, 38, 39, 48, 49, 50, 51, 52, 53, 29]
148: []
149: [29, 53, 40, 52, 51, 39, 50, 38, 49, 37, 48, 35, 36]
150: [29, 53, 40, 52, 51, 39, 50, 38, 49, 37, 48, 36]
151: [86, 68, 78]
152: [126, 104, 116]
153: [174, 148, 162]
154: [136, 174]
155: [94, 126]
156: [60, 86]
157: [60, 86]
158: [60, 86]
159: [60, 86]
160: [60, 86]
161: [60, 86]
162: [60, 86, 68]
163: [86, 68]
164: [86, 68]
165: [86, 68]
166: [126, 104]
167: [174, 148]
168: [136, 174]
169: [94, 126]
170: [94, 126]
171: [94, 126]
172: [94, 126]
173: [94, 126]
174: [94, 126]
175: [94, 126]
176: [94, 126, 104]
177: [126, 104]
178: [126, 104]
179: [126, 104]
180: [126, 104]
181: [174, 148]
182: [136, 174]
183: [136, 174]
184: [136, 174]
185: [136, 174]
186: [136, 174]
187: [136, 174]
188: [136, 174]
189: [136, 174]
190: [136, 174, 148]
191: [174, 148]
192: [174, 148]
193: [174, 148]
194: [174, 148]
195: [174, 148]
149
0: [162, 137]
1: [162, 137]
2: [162, 137]
3: [162, 137]
4: [162, 137]
5: [162, 137]
6: [162, 137]
7: [162, 137]
8: [162, 137]
9: [149, 162, 137]
10: [149, 162]
11: [149, 162]
12: [149, 162]
13: [149, 162]
14: [162, 137]
15: [116, 95]
16: [116, 95]
17: [116, 95]
18: [116, 95]
19: [116, 95]
20: [116, 95]
21: [116, 95]
22: [116, 95]
23: [105, 116, 95]
24: [105, 116]
25: [105, 116]
26: [105, 116]
27: [149, 162]
28: [162, 137]
29: [116, 95]
30: [78, 61]
31: [78, 61]
32: [78, 61]
33: [78, 61]
34: [78, 61]
35: [78, 61]
36: [78, 61]
37: [69, 78, 61]
38: [69, 78]
39: [69, 78]
40: [105, 116]
41: [149, 162]
42: [162, 137]
43: [116, 95]
44: [78, 61]
45: [35, 29]
46: [36, 35, 29]
47: [37, 36, 29, 35]
48: [38, 37, 29, 36, 35]
49: [39, 29, 38, 37, 36, 35]
50: [40, 29, 39, 38, 37, 36, 35]
51: [41, 40, 29, 39, 38, 37, 36, 35]
52: [41, 29, 40, 39, 38, 37, 36]
53: [69, 78]
54: [105, 116]
55: [149, 162]
56: [162, 137]
57: [116, 95]
58: [78, 61]
59: [48, 35, 29]
60: [36, 48]
61: [37, 48]
62: [38, 48]
63: [39, 48]
64: [40, 48]
65: [41, 48, 35]
66: [29, 41, 40, 39, 38, 37, 48, 36]
67: [69, 78]
68: [105, 116]
69: [149, 162]
70: [162, 137]
71: [116, 95]
72: [78, 61]
73: [48, 49, 35, 29]
74: [36, 49]
75: [37, 49]
76: [38, 49]
77: [39, 49]
78: [40, 49]
79: [41, 49, 35]
80: [29, 41, 40, 39, 38, 49, 37, 48, 36]
81: [69, 78]
82: [105, 116]
83: [149, 162]
84: [162, 137]
85: [116, 95]
86: [78, 61]
87: [48, 49, 50, 35, 29]
88: [36, 50]
89: [37, 50]
90: [38, 50]
91: [39, 50]
92: [40, 50]
93: [41, 50, 35]
94: [29, 41, 40, 39, 50, 38, 49, 37, 48, 36]
95: [69, 78]
96: [105, 116]
97: [149, 162]
98: [162, 137]
99: [116, 95]
100: [78, 61]
101: [35, 48, 49, 50, 51, 29]
102: [36, 51]
103: [37, 51]
104: [38, 51]
105: [39, 51]
106: [40, 51]
107: [41, 51, 35]
108: [29, 41, 40, 51, 39, 50, 38, 49, 37, 48, 36]
109: [69, 78]
110: [105, 116]
111: [149, 162]
112: [162, 137]
113: [116, 95]
114: [78, 61]
115: [35, 48, 49, 50, 51, 52, 29]
116: [36, 52]
117: [37, 52]
118: [38, 52]
119: [39, 52]
120: [40, 52]
121: [41, 52, 35]
122: [29, 41, 40, 52, 51, 39, 50, 38, 49, 37, 48, 36]
123: [69, 78]
124: [105, 116]
125: [149, 162]
126: [162, 137]
127: [116, 95]
128: [78, 61]
129: [35, 48, 49, 50, 51, 52, 53, 29]
130: [36, 53]
131: [37, 53]
132: [38, 53]
133: [39, 53]
134: [40, 53]
135: [41, 53, 35]
136: [29, 41, 53, 40, 52, 51, 39, 50, 38, 49, 37, 48, 36]
137: [69, 78]
138: [105, 116]
139: [149, 162]
140: [162, 137, 174]
141: [116, 95, 126]
142: [78, 61, 86]
143: [35, 48, 49, 50, 51, 52, 53, 29]
144: [35, 36, 48, 49, 50, 51, 52, 53, 29]
145: [35, 36, 37, 48, 49, 50, 51, 52, 53, 29]
146: [35, 36, 37, 38, 48, 49, 50, 51, 52, 53, 29]
147: [35, 36, 37, 38, 39, 48, 49, 50, 51, 52, 53, 29]
148: [35, 36, 37, 38, 39, 40, 48, 49, 50, 51, 52, 53, 29]
149: []
150: [29, 41, 53, 40, 52, 51, 39, 50, 38, 49, 37, 48, 36]
151: [86, 69, 78]
152: [126, 105, 116]
153: [174, 149, 162]
154: [137, 174]
155: [95, 126]
156: [61, 86]
157: [61, 86]
158: [61, 86]
159: [61, 86]
160: [61, 86]
161: [61, 86]
162: [61, 86]
163: [61, 86, 69]
164: [86, 69]
165: [86, 69]
166: [126, 105]
167: [174, 149]
168: [137, 174]
169: [95, 126]
170: [95, 126]
171: [95, 126]
172: [95, 126]
173: [95, 126]
174: [95, 126]
175: [95, 126]
176: [95, 126]
177: [95, 126, 105]
178: [126, 105]
179: [126, 105]
180: [126, 105]
181: [174, 149]
182: [137, 174]
183: [137, 174]
184: [137, 174]
185: [137, 174]
186: [137, 174]
187: [137, 174]
188: [137, 174]
189: [137, 174]
190: [137, 174]
191: [137, 174, 149]
192: [174, 149]
193: [174, 149]
194: [174, 149]
195: [174, 149]
150
0: [162, 138]
1: [162, 138]
2: [162, 138]
3: [162, 138]
4: [162, 138]
5: [162, 138]
6: [162, 138]
7: [162, 138]
8: [162, 138]
9: [162, 138]
10: [150, 162, 138]
11: [150, 162]
12: [150, 162]
13: [150, 162]
14: [162, 138]
15: [116, 96]
16: [116, 96]
17: [116, 96]
18: [116, 96]
19: [116, 96]
20: [116, 96]
21: [116, 96]
22: [116, 96]
23: [116, 96]
24: [106, 116, 96]
25: [106, 116]
26: [106, 116]
27: [150, 162]
28: [162, 138]
29: [116, 96]
30: [78, 62]
31: [78, 62]
32: [78, 62]
33: [78, 62]
34: [78, 62]
35: [78, 62]
36: [78, 62]
37: [78, 62]
38: [70, 78, 62]
39: [70, 78]
40: [106, 116]
41: [150, 162]
42: [162, 138]
43: [116, 96]
44: [78, 62]
45: [29]
46: [36, 29]
47: [37, 29, 36]
48: [29, 38, 37, 36]
49: [29, 39, 38, 37, 36]
50: [40, 29, 39, 38, 37, 36]
51: [41, 29, 40, 39, 38, 37, 36]
52: [29, 41, 40, 39, 38, 37, 36]
53: [70, 78]
54: [106, 116]
55: [150, 162]
56: [162, 138]
57: [116, 96]
58: [78, 62]
59: [48, 29]
60: [36, 48]
61: [37, 48]
62: [38, 48]
63: [39, 48]
64: [40, 48]
65: [41, 48]
66: [29, 41, 40, 39, 38, 37, 48, 36]
67: [70, 78]
68: [106, 116]
69: [150, 162]
70: [162, 138]
71: [116, 96]
72: [78, 62]
73: [48, 49, 29]
74: [36, 49]
75: [37, 49]
76: [38, 49]
77: [39, 49]
78: [40, 49]
79: [41, 49]
80: [29, 41, 40, 39, 38, 49, 37, 48, 36]
81: [70, 78]
82: [106, 116]
83: [150, 162]
84: [162, 138]
85: [116, 96]
86: [78, 62]
87: [48, 49, 50, 29]
88: [36, 50]
89: [37, 50]
90: [38, 50]
91: [39, 50]
92: [40, 50]
93: [41, 50]
94: [29, 41, 40, 39, 50, 38, 49, 37, 48, 36]
95: [70, 78]
96: [106, 116]
97: [150, 162]
98: [162, 138]
99: [116, 96]
100: [78, 62]
101: [48, 49, 50, 51, 29]
102: [36, 51]
103: [37, 51]
104: [38, 51]
105: [39, 51]
106: [40, 51]
107: [41, 51]
108: [29, 41, 40, 51, 39, 50, 38, 49, 37, 48, 36]
109: [70, 78]
110: [106, 116]
111: [150, 162]
112: [162, 138]
113: [116, 96]
114: [78, 62]
115: [48, 49, 50, 51, 52, 29]
116: [36, 52]
117: [37, 52]
118: [38, 52]
119: [39, 52]
120: [40, 52]
121: [41, 52]
122: [29, 41, 40, 52, 51, 39, 50, 38, 49, 37, 48, 36]
123: [70, 78]
124: [106, 116]
125: [150, 162]
126: [162, 138]
127: [116, 96]
128: [78, 62]
129: [48, 49, 50, 51, 52, 53, 29]
130: [36, 53]
131: [37, 53]
132: [38, 53]
133: [39, 53]
134: [40, 53]
135: [41, 53]
136: [29, 41, 53, 40, 52, 51, 39, 50, 38, 49, 37, 48, 36]
137: [70, 78]
138: [106, 116]
139: [150, 162]
140: [162, 138, 174]
141: [116, 96, 126]
142: [78, 62, 86]
143: [48, 49, 50, 51, 52, 53, 29]
144: [36, 48, 49, 50, 51, 52, 53, 29]
145: [36, 37, 48, 49, 50, 51, 52, 53, 29]
146: [36, 37, 38, 48, 49, 50, 51, 52, 53, 29]
147: [36, 37, 38, 39, 48, 49, 50, 51, 52, 53, 29]
148: [36, 37, 38, 39, 40, 48, 49, 50, 51, 52, 53, 29]
149: [36, 37, 38, 39, 40, 41, 48, 49, 50, 51, 52, 53, 29]
150: []
151: [86, 70, 78]
152: [126, 106, 116]
153: [174, 150, 162]
154: [138, 174]
155: [96, 126]
156: [62, 86]
157: [62, 86]
158: [62, 86]
159: [62, 86]
160: [62, 86]
161: [62, 86]
162: [62, 86]
163: [62, 86]
164: [62, 86, 70]
165: [86, 70]
166: [126, 106]
167: [174, 150]
168: [138, 174]
169: [96, 126]
170: [96, 126]
171: [96, 126]
172: [96, 126]
173: [96, 126]
174: [96, 126]
175: [96, 126]
176: [96, 126]
177: [96, 126]
178: [96, 126, 106]
179: [126, 106]
180: [126, 106]
181: [174, 150]
182: [138, 174]
183: [138, 174]
184: [138, 174]
185: [138, 174]
186: [138, 174]
187: [138, 174]
188: [138, 174]
189: [138, 174]
190: [138, 174]
191: [138, 174]
192: [138, 174, 150]
193: [174, 150]
194: [174, 150]
195: [174, 150]
151
0: [162, 139]
1: [162, 139]
2: [162, 139]
3: [162, 139]
4: [162, 139]
5: [162, 139]
6: [162, 139]
7: [162, 139]
8: [162, 139]
9: [162, 139]
10: [162, 139]
11: [151, 162, 139]
12: [151, 162]
13: [151, 162]
14: [162, 139]
15: [116, 97]
16: [116, 97]
17: [116, 97]
18: [116, 97]
19: [116, 97]
20: [116, 97]
21: [116, 97]
22: [116, 97]
23: [116, 97]
24: [116, 97]
25: [107, 116, 97]
26: [107, 116]
27: [151, 162]
28: [162, 139]
29: [116, 97]
30: [78, 54]
31: [54, 78, 63]
32: [54, 64, 78, 63]
33: [54, 65, 64, 78, 63]
34: [54, 66, 65, 64, 78, 63]
35: [54, 67, 66, 65, 64, 78, 63]
36: [54, 68, 67, 66, 65, 64, 78, 63]
37: [54, 69, 68, 67, 66, 65, 64, 78, 63]
38: [54, 70, 69, 68, 67, 66, 65, 64, 78, 63]
39: [54, 70, 69, 68, 67, 66, 65, 64, 78, 63]
40: [107, 116]
41: [151, 162]
42: [162, 139]
43: [116, 97]
44: [78, 54, 79]
45: [63, 79]
46: [64, 79]
47: [65, 79]
48: [66, 79]
49: [67, 79]
50: [68, 79]
51: [69, 79]
52: [70, 79]
53: [54, 70, 69, 68, 67, 66, 65, 64, 79, 78, 63]
54: [107, 116]
55: [151, 162]
56: [162, 139]
57: [116, 97]
58: [78, 80, 79, 54]
59: [63, 80]
60: [64, 80]
61: [65, 80]
62: [66, 80]
63: [67, 80]
64: [68, 80]
65: [69, 80]
66: [70, 80]
67: [54, 70, 69, 68, 67, 66, 65, 64, 80, 79, 78, 63]
68: [107, 116]
69: [151, 162]
70: [162, 139]
71: [116, 97]
72: [78, 80, 81, 79, 54]
73: [63, 81]
74: [64, 81]
75: [65, 81]
76: [66, 81]
77: [67, 81]
78: [68, 81]
79: [69, 81]
80: [70, 81]
81: [54, 70, 69, 68, 67, 66, 81, 65, 64, 80, 79, 78, 63]
82: [107, 116]
83: [151, 162]
84: [162, 139]
85: [116, 97]
86: [78, 80, 81, 82, 79, 54]
87: [63, 82]
88: [64, 82]
89: [65, 82]
90: [66, 82]
91: [67, 82]
92: [68, 82]
93: [69, 82]
94: [70, 82]
95: [54, 70, 69, 68, 67, 66, 82, 81, 65, 64, 80, 79, 78, 63]
96: [107, 116]
97: [151, 162]
98: [162, 139]
99: [116, 97]
100: [78, 79, 80, 81, 82, 83, 54]
101: [63, 83]
102: [64, 83]
103: [65, 83]
104: [66, 83]
105: [67, 83]
106: [68, 83]
107: [69, 83]
108: [70, 83]
109: [54, 70, 69, 68, 83, 67, 66, 82, 81, 65, 64, 80, 79, 78, 63]
110: [107, 116]
111: [151, 162]
112: [162, 139]
113: [116, 97]
114: [78, 79, 80, 81, 82, 83, 84, 54]
115: [63, 84]
116: [64, 84]
117: [65, 84]
118: [66, 84]
119: [67, 84]
120: [68, 84]
121: [69, 84]
122: [70, 84]
123: [54, 70, 69, 68, 84, 83, 67, 66, 82, 81, 65, 64, 80, 79, 78, 63]
124: [107, 116]
125: [151, 162]
126: [162, 139]
127: [116, 97]
128: [78, 79, 80, 81, 82, 83, 84, 85, 54]
129: [63, 85]
130: [64, 85]
131: [65, 85]
132: [66, 85]
133: [67, 85]
134: [68, 85]
135: [69, 85]
136: [70, 85]
137: [54, 70, 85, 69, 68, 84, 83, 67, 66, 82, 81, 65, 64, 80, 79, 78, 63]
138: [107, 116]
139: [151, 162]
140: [162, 139, 174]
141: [116, 97, 126]
142: [78, 79, 80, 81, 82, 83, 84, 85, 86, 54]
143: [78, 63, 86]
144: [78, 64, 86]
145: [78, 65, 86]
146: [78, 66, 86]
147: [78, 67, 86]
148: [78, 68, 86]
149: [78, 69, 86]
150: [78, 70, 86]
151: []
152: [126, 107, 116]
153: [174, 151, 162]
154: [139, 174]
155: [97, 126]
156: [79, 80, 81, 82, 83, 84, 85, 86, 54]
157: [79, 80, 81, 82, 83, 84, 85, 86, 63, 54]
158: [64, 79, 80, 81, 82, 83, 84, 85, 86, 63, 54]
159: [64, 65, 79, 80, 81, 82, 83, 84, 85, 86, 63, 54]
160: [64, 65, 66, 79, 80, 81, 82, 83, 84, 85, 86, 63, 54]
161: [64, 65, 66, 67, 79, 80, 81, 82, 83, 84, 85, 86, 63, 54]
162: [64, 65, 66, 67, 68, 79, 80, 81, 82, 83, 84, 85, 86, 63, 54]
163: [64, 65, 66, 67, 68, 69, 79, 80, 81, 82, 83, 84, 85, 86, 63, 54]
164: [64, 65, 66, 67, 68, 69, 70, 79, 80, 81, 82, 83, 84, 85, 86, 63, 54]
165: [64, 65, 66, 67, 68, 69, 70, 79, 80, 81, 82, 83, 84, 85, 86, 63, 54]
166: [126, 107]
167: [174, 151]
168: [139, 174]
169: [97, 126]
170: [97, 126]
171: [97, 126]
172: [97, 126]
173: [97, 126]
174: [97, 126]
175: [97, 126]
176: [97, 126]
177: [97, 126]
178: [97, 126]
179: [97, 126, 107]
180: [126, 107]
181: [174, 151]
182: [139, 174]
183: [139, 174]
184: [139, 174]
185: [139, 174]
186: [139, 174]
187: [139, 174]
188: [139, 174]
189: [139, 174]
190: [139, 174]
191: [139, 174]
192: [139, 174]
193: [139, 174, 151]
194: [174, 151]
195: [174, 151]
152
0: [162, 140]
1: [162, 140]
2: [162, 140]
3: [162, 140]
4: [162, 140]
5: [162, 140]
6: [162, 140]
7: [162, 140]
8: [162, 140]
9: [162, 140]
10: [162, 140]
11: [162, 140]
12: [152, 162, 140]
13: [152, 162]
14: [162, 140]
15: [116, 87, 117]
16: [87, 116, 98, 117]
17: [87, 99, 116, 98, 117]
18: [87, 100, 99, 116, 98, 117]
19: [87, 101, 100, 99, 116, 98, 117]
20: [87, 102, 101, 100, 99, 116, 98, 117]
21: [87, 103, 102, 101, 100, 99, 116, 98, 117]
22: [87, 104, 103, 102, 101, 100, 99, 116, 98, 117]
23: [87, 105, 104, 103, 102, 101, 100, 99, 116, 98, 117]
24: [87, 106, 105, 104, 103, 102, 101, 100, 99, 116, 98, 117]
25: [87, 107, 106, 105, 104, 103, 102, 101, 100, 99, 116, 98, 117]
26: [87, 107, 106, 105, 104, 103, 102, 101, 100, 99, 116, 98, 117]
27: [152, 162]
28: [162, 140]
29: [116, 117, 87, 118]
30: [98, 118]
31: [99, 118]
32: [100, 118]
33: [101, 118]
34: [102, 118]
35: [103, 118]
36: [104, 118]
37: [105, 118]
38: [106, 118]
39: [107, 118]
40: [87, 107, 106, 105, 104, 103, 102, 101, 100, 99, 116, 98, 117, 118]
41: [152, 162]
42: [162, 140]
43: [116, 117, 119, 118, 87]
44: [98, 119]
45: [99, 119]
46: [100, 119]
47: [101, 119]
48: [102, 119]
49: [103, 119]
50: [104, 119]
51: [105, 119]
52: [106, 119]
53: [107, 119]
54: [87, 107, 106, 105, 104, 103, 102, 101, 100, 99, 116, 119, 98, 117, 118]
55: [152, 162]
56: [162, 140]
57: [116, 117, 120, 118, 119, 87]
58: [98, 120]
59: [99, 120]
60: [100, 120]
61: [101, 120]
62: [102, 120]
63: [103, 120]
64: [104, 120]
65: [105, 120]
66: [106, 120]
67: [107, 120]
68: [87, 107, 106, 105, 104, 103, 102, 101, 120, 100, 99, 116, 119, 98, 117, 118]
69: [152, 162]
70: [162, 140]
71: [116, 117, 120, 121, 118, 119, 87]
72: [98, 121]
73: [99, 121]
74: [100, 121]
75: [101, 121]
76: [102, 121]
77: [103, 121]
78: [104, 121]
79: [105, 121]
80: [106, 121]
81: [107, 121]
82: [87, 107, 106, 105, 104, 103, 102, 121, 101, 120, 100, 99, 116, 119, 98, 117, 118]
83: [152, 162]
84: [162, 140]
85: [116, 117, 118, 119, 120, 121, 122, 87]
86: [98, 122]
87: [99, 122]
88: [100, 122]
89: [101, 122]
90: [102, 122]
91: [103, 122]
92: [104, 122]
93: [105, 122]
94: [106, 122]
95: [107, 122]
96: [87, 107, 106, 105, 104, 103, 122, 102, 121, 101, 120, 100, 99, 116, 119, 98, 117, 118]
97: [152, 162]
98: [162, 140]
99: [116, 117, 118, 119, 120, 121, 122, 123, 87]
100: [98, 123]
101: [99, 123]
102: [100, 123]
103: [101, 123]
104: [102, 123]
105: [103, 123]
106: [104, 123]
107: [105, 123]
108: [106, 123]
109: [107, 123]
110: [87, 107, 106, 105, 104, 123, 103, 122, 102, 121, 101, 120, 100, 99, 116, 119, 98, 117, 118]
111: [152, 162]
112: [162, 140]
113: [116, 117, 118, 119, 120, 121, 122, 123, 124, 87]
114: [98, 124]
115: [99, 124]
116: [100, 124]
117: [101, 124]
118: [102, 124]
119: [103, 124]
120: [104, 124]
121: [105, 124]
122: [106, 124]
123: [107, 124]
124: [87, 107, 106, 105, 104, 124, 123, 103, 122, 102, 121, 101, 120, 100, 99, 116, 119, 98, 117, 118]
125: [152, 162]
126: [162, 140]
127: [116, 117, 118, 119, 120, 121, 122, 123, 124, 125, 87]
128: [98, 125]
129: [99, 125]
130: [100, 125]
131: [101, 125]
132: [102, 125]
133: [103, 125]
134: [104, 125]
135: [105, 125]
136: [106, 125]
137: [107, 125]
138: [87, 107, 106, 105, 125, 104, 124, 123, 103, 122, 102, 121, 101, 120, 100, 99, 116, 119, 98, 117, 118]
139: [152, 162]
140: [162, 140, 174]
141: [116, 117, 118, 119, 120, 121, 122, 123, 124, 125, 126, 87]
142: [116, 98, 126]
143: [116, 99, 126]
144: [116, 100, 126]
145: [116, 101, 126]
146: [116, 102, 126]
147: [116, 103, 126]
148: [116, 104, 126]
149: [116, 105, 126]
150: [116, 106, 126]
151: [116, 107, 126]
152: []
153: [174, 152, 162]
154: [140, 174]
155: [117, 118, 119, 120, 121, 122, 123, 124, 125, 126, 87]
156: [117, 98]
157: [117, 99]
158: [117, 100]
159: [117, 101]
160: [117, 102]
161: [117, 103]
162: [117, 104]
163: [117, 105]
164: [117, 106]
165: [117, 107]
166: [98, 99, 100, 101, 102, 103, 104, 105, 106, 107, 117, 118, 119, 120, 121, 122, 123, 124, 125, 126, 87]
167: [174, 152]
168: [140, 174]
169: [118, 119, 120, 121, 122, 123, 124, 125, 126, 87]
170: [98, 118, 119, 120, 121, 122, 123, 124, 125, 126, 87]
171: [98, 99, 118, 119, 120, 121, 122, 123, 124, 125, 126, 87]
172: [98, 99, 100, 118, 119, 120, 121, 122, 123, 124, 125, 126, 87]
173: [98, 99, 100, 101, 118, 119, 120, 121, 122, 123, 124, 125, 126, 87]
174: [98, 99, 100, 101, 102, 118, 119, 120, 121, 122, 123, 124, 125, 126, 87]
175: [98, 99, 100, 101, 102, 103, 118, 119, 120, 121, 122, 123, 124, 125, 126, 87]
176: [98, 99, 100, 101, 102, 103, 104, 118, 119, 120, 121, 122, 123, 124, 125, 126, 87]
177: [98, 99, 100, 101, 102, 103, 104, 105, 118, 119, 120, 121, 122, 123, 124, 125, 126, 87]
178: [98, 99, 100, 101, 102, 103, 104, 105, 106, 118, 119, 120, 121, 122, 123, 124, 125, 126, 87]
179: [98, 99, 100, 101, 102, 103, 104, 105, 106, 107, 118, 119, 120, 121, 122, 123, 124, 125, 126, 87]
180: [98, 99, 100, 101, 102, 103, 104, 105, 106, 107, 118, 119, 120, 121, 122, 123, 124, 125, 126, 87]
181: [174, 152]
182: [140, 174]
183: [140, 174]
184: [140, 174]
185: [140, 174]
186: [140, 174]
187: [140, 174]
188: [140, 174]
189: [140, 174]
190: [140, 174]
191: [140, 174]
192: [140, 174]
193: [140, 174]
194: [140, 174, 152]
195: [174, 152]
153
0: [128, 162, 163, 164]
1: [128, 162, 163, 164, 141]
2: [128, 162, 163, 142, 164, 141]
3: [128, 162, 143, 163, 142, 164, 141]
4: [128, 144, 162, 143, 163, 142, 164, 141]
5: [128, 145, 144, 162, 143, 163, 142, 164, 141]
6: [128, 146, 145, 144, 162, 143, 163, 142, 164, 141]
7: [128, 147, 146, 145, 144, 162, 143, 163, 142, 164, 141]
8: [128, 148, 147, 146, 145, 144, 162, 143, 163, 142, 164, 141]
9: [128, 149, 148, 147, 146, 145, 144, 162, 143, 163, 142, 164, 141]
10: [128, 150, 149, 148, 147, 146, 145, 144, 162, 143, 163, 142, 164, 141]
11: [128, 151, 150, 149, 148, 147, 146, 145, 144, 162, 143, 163, 142, 164, 141]
12: [128, 152, 151, 150, 149, 148, 147, 146, 145, 144, 162, 143, 163, 142, 164, 141]
13: [128, 152, 151, 150, 149, 148, 147, 146, 145, 144, 162, 143, 163, 142, 164, 141]
14: [162, 128, 163, 164, 165]
15: [141, 165]
16: [142, 165]
17: [143, 165]
18: [144, 165]
19: [145, 165]
20: [146, 165]
21: [147, 165]
22: [148, 165]
23: [149, 165]
24: [150, 165]
25: [151, 165]
26: [152, 165]
27: [128, 152, 151, 150, 149, 148, 147, 146, 145, 144, 162, 143, 163, 142, 164, 141, 165]
28: [162, 163, 128, 164, 165, 166]
29: [141, 166]
30: [142, 166]
31: [143, 166]
32: [144, 166]
33: [145, 166]
34: [146, 166]
35: [147, 166]
36: [148, 166]
37: [149, 166]
38: [150, 166]
39: [151, 166]
40: [152, 166]
41: [128, 152, 151, 150, 149, 148, 147, 146, 145, 144, 162, 143, 163, 166, 142, 164, 141, 165]
42: [162, 163, 164, 128, 165, 166, 167]
43: [141, 167]
44: [142, 167]
45: [143, 167]
46: [144, 167]
47: [145, 167]
48: [146, 167]
49: [147, 167]
50: [148, 167]
51: [149, 167]
52: [150, 167]
53: [151, 167]
54: [152, 167]
55: [128, 152, 151, 150, 149, 148, 147, 146, 145, 144, 167, 162, 143, 163, 166, 142, 164, 141, 165]
56: [162, 163, 164, 168, 165, 166, 167, 128]
57: [141, 168]
58: [142, 168]
59: [143, 168]
60: [144, 168]
61: [145, 168]
62: [146, 168]
63: [147, 168]
64: [148, 168]
65: [149, 168]
66: [150, 168]
67: [151, 168]
68: [152, 168]
69: [128, 152, 151, 150, 149, 148, 147, 146, 145, 144, 168, 167, 162, 143, 163, 166, 142, 164, 141, 165]
70: [162, 163, 164, 165, 166, 167, 168, 169, 128]
71: [141, 169]
72: [142, 169]
73: [143, 169]
74: [144, 169]
75: [145, 169]
76: [146, 169]
77: [147, 169]
78: [148, 169]
79: [149, 169]
80: [150, 169]
81: [151, 169]
82: [152, 169]
83: [128, 152, 151, 150, 149, 148, 147, 146, 145, 169, 144, 168, 167, 162, 143, 163, 166, 142, 164, 141, 165]
84: [162, 163, 164, 165, 166, 167, 168, 169, 170, 128]
85: [141, 170]
86: [142, 170]
87: [143, 170]
88: [144, 170]
89: [145, 170]
90: [146, 170]
91: [147, 170]
92: [148, 170]
93: [149, 170]
94: [150, 170]
95: [151, 170]
96: [152, 170]
97: [128, 152, 151, 150, 149, 148, 147, 170, 146, 145, 169, 144, 168, 167, 162, 143, 163, 166, 142, 164, 141, 165]
98: [162, 163, 164, 165, 166, 167, 168, 169, 170, 171, 128]
99: [141, 171]
100: [142, 171]
101: [143, 171]
102: [144, 171]
103: [145, 171]
104: [146, 171]
105: [147, 171]
106: [148, 171]
107: [149, 171]
108: [150, 171]
109: [151, 171]
110: [152, 171]
111: [128, 152, 151, 150, 149, 148, 147, 171, 170, 146, 145, 169, 144, 168, 167, 162, 143, 163, 166, 142, 164, 141, 165]
112: [162, 163, 164, 165, 166, 167, 168, 169, 170, 171, 172, 128]
113: [141, 172]
114: [142, 172]
115: [143, 172]
116: [144, 172]
117: [145, 172]
118: [146, 172]
119: [147, 172]
120: [148, 172]
121: [149, 172]
122: [150, 172]
123: [151, 172]
124: [152, 172]
125: [128, 152, 151, 150, 149, 172, 148, 147, 171, 170, 146, 145, 169, 144, 168, 167, 162, 143, 163, 166, 142, 164, 141, 165]
126: [162, 163, 164, 165, 166, 167, 168, 169, 170, 171, 172, 173, 128]
127: [141, 173]
128: [142, 173]
129: [143, 173]
130: [144, 173]
131: [145, 173]
132: [146, 173]
133: [147, 173]
134: [148, 173]
135: [149, 173]
136: [150, 173]
137: [151, 173]
138: [152, 173]
139: [128, 152, 151, 150, 149, 173, 172, 148, 147, 171, 170, 146, 145, 169, 144, 168, 167, 162, 143, 163, 166, 142, 164, 141, 165]
140: [162, 163, 164, 165, 166, 167, 168, 169, 170, 171, 172, 173, 174, 128]
141: [162, 141, 174]
142: [162, 142, 174]
143: [162, 143, 174]
144: [162, 144, 174]
145: [162, 145, 174]
146: [162, 146, 174]
147: [162, 147, 174]
148: [162, 148, 174]
149: [162, 149, 174]
150: [162, 150, 174]
151: [162, 151, 174]
152: [162, 152, 174]
153: []
154: [163, 164, 165, 166, 167, 168, 169, 170, 171, 172, 173, 174, 128]
155: [163, 141]
156: [163, 142]
157: [163, 143]
158: [163, 144]
159: [163, 145]
160: [163, 146]
161: [163, 147]
162: [163, 148]
163: [163, 149]
164: [163, 150]
165: [163, 151]
166: [163, 152]
167: [141, 142, 143, 144, 145, 146, 147, 148, 149, 150, 151, 152, 163, 164, 165, 166, 167, 168, 169, 170, 171, 172, 173, 174, 128]
168: [164, 165, 166, 167, 168, 169, 170, 171, 172, 173, 174, 128]
169: [164, 141]
170: [164, 142]
171: [164, 143]
172: [164, 144]
173: [164, 145]
174: [164, 146]
175: [164, 147]
176: [164, 148]
177: [164, 149]
178: [164, 150]
179: [164, 151]
180: [164, 152]
181: [141, 142, 143, 144, 145, 146, 147, 148, 149, 150, 151, 152, 164, 165, 166, 167, 168, 169, 170, 171, 172, 173, 174, 128]
182: [165, 166, 167, 168, 169, 170, 171, 172, 173, 174, 128]
183: [165, 166, 167, 168, 169, 170, 171, 172, 141, 173, 174, 128]
184: [165, 166, 167, 168, 169, 170, 171, 172, 141, 142, 173, 174, 128]
185: [165, 166, 167, 168, 169, 170, 171, 172, 141, 142, 143, 173, 174, 128]
186: [165, 166, 167, 168, 169, 170, 171, 172, 141, 142, 143, 144, 173, 174, 128]
187: [165, 166, 167, 168, 169, 170, 171, 172, 141, 142, 143, 144, 145, 173, 174, 128]
188: [165, 166, 167, 168, 169, 170, 171, 172, 141, 142, 143, 144, 145, 146, 173, 174, 128]
189: [165, 166, 167, 168, 169, 170, 171, 172, 141, 142, 143, 144, 145, 146, 147, 173, 174, 128]
190: [165, 166, 167, 168, 169, 170, 171, 172, 141, 142, 143, 144, 145, 146, 147, 148, 173, 174, 128]
191: [141, 142, 143, 144, 145, 146, 147, 148, 149, 165, 166, 167, 168, 169, 170, 171, 172, 173, 174, 128]
192: [141, 142, 143, 144, 145, 146, 147, 148, 149, 150, 165, 166, 167, 168, 169, 170, 171, 172, 173, 174, 128]
193: [141, 142, 143, 144, 145, 146, 147, 148, 149, 150, 151, 165, 166, 167, 168, 169, 170, 171, 172, 173, 174, 128]
194: [141, 142, 143, 144, 145, 146, 147, 148, 149, 150, 151, 152, 165, 166, 167, 168, 169, 170, 171, 172, 173, 174, 128]
195: [141, 142, 143, 144, 145, 146, 147, 148, 149, 150, 151, 152, 165, 166, 167, 168, 169, 170, 171, 172, 173, 174, 128]
154
0: [129, 130, 131, 132, 133, 134, 135, 136, 137, 138, 139, 140, 164, 163, 128]
1: [129, 130, 131, 132, 133, 134, 135, 136, 137, 138, 139, 140, 164, 163, 128]
2: [130, 131, 132, 133, 134, 135, 136, 137, 138, 139, 140, 164, 163, 128]
3: [131, 132, 133, 134, 135, 136, 137, 138, 139, 140, 164, 163, 128]
4: [163, 132, 133, 134, 135, 136, 137, 138, 139, 140, 164, 128]
5: [163, 164, 133, 134, 135, 136, 137, 138, 139, 140, 128]
6: [163, 164, 134, 135, 136, 137, 138, 139, 140, 128]
7: [163, 164, 135, 136, 137, 138, 139, 140, 128]
8: [163, 164, 136, 137, 138, 139, 140, 128]
9: [163, 164, 137, 138, 139, 140, 128]
10: [163, 164, 138, 139, 140, 128]
11: [164, 139, 140, 163, 128]
12: [164, 163, 140, 128]
13: [163, 164, 128]
14: [129, 130, 131, 132, 133, 134, 135, 136, 137, 138, 139, 140, 164, 165, 163, 128]
15: [165, 129]
16: [165, 130]
17: [165, 131]
18: [165, 132]
19: [165, 133]
20: [165, 134]
21: [165, 135]
22: [165, 136]
23: [165, 137]
24: [165, 138]
25: [165, 139]
26: [165, 140]
27: [165, 163, 164, 128]
28: [129, 130, 131, 132, 133, 134, 135, 136, 137, 138, 139, 140, 164, 165, 166, 163, 128]
29: [166, 129]
30: [166, 130]
31: [166, 131]
32: [166, 132]
33: [166, 133]
34: [166, 134]
35: [166, 135]
36: [166, 136]
37: [166, 137]
38: [166, 138]
39: [166, 139]
40: [166, 140]
41: [166, 165, 128, 163, 164]
42: [129, 130, 131, 132, 133, 134, 135, 136, 137, 138, 139, 140, 164, 165, 166, 167, 163, 128]
43: [167, 129]
44: [167, 130]
45: [167, 131]
46: [167, 132]
47: [167, 133]
48: [167, 134]
49: [167, 135]
50: [167, 136]
51: [167, 137]
52: [167, 138]
53: [167, 139]
54: [167, 140]
55: [167, 166, 128, 165, 163, 164]
56: [129, 130, 131, 132, 133, 134, 135, 136, 137, 138, 139, 140, 164, 165, 166, 167, 168, 163, 128]
57: [168, 129]
58: [168, 130]
59: [168, 131]
60: [168, 132]
61: [168, 133]
62: [168, 134]
63: [168, 135]
64: [168, 136]
65: [168, 137]
66: [168, 138]
67: [168, 139]
68: [168, 140]
69: [168, 167, 128, 166, 165, 163, 164]
70: [129, 130, 131, 132, 133, 134, 135, 136, 137, 138, 139, 140, 163, 164, 165, 166, 167, 168, 169, 128]
71: [169, 129]
72: [169, 130]
73: [169, 131]
74: [169, 132]
75: [169, 133]
76: [169, 134]
77: [169, 135]
78: [169, 136]
79: [169, 137]
80: [169, 138]
81: [169, 139]
82: [169, 140]
83: [169, 168, 128, 167, 166, 165, 163, 164]
84: [129, 130, 131, 132, 133, 134, 135, 136, 137, 138, 139, 140, 163, 164, 165, 166, 167, 168, 169, 170, 128]
85: [170, 129]
86: [170, 130]
87: [170, 131]
88: [170, 132]
89: [170, 133]
90: [170, 134]
91: [170, 135]
92: [170, 136]
93: [170, 137]
94: [170, 138]
95: [170, 139]
96: [170, 140]
97: [170, 169, 128, 168, 167, 166, 165, 163, 164]
98: [129, 130, 131, 132, 133, 134, 135, 136, 137, 138, 139, 140, 163, 164, 165, 166, 167, 168, 169, 170, 171, 128]
99: [171, 129]
100: [171, 130]
101: [171, 131]
102: [171, 132]
103: [171, 133]
104: [171, 134]
105: [171, 135]
106: [171, 136]
107: [171, 137]
108: [171, 138]
109: [171, 139]
110: [171, 140]
111: [171, 170, 128, 169, 168, 167, 166, 165, 163, 164]
112: [129, 130, 131, 132, 133, 134, 135, 136, 137, 138, 139, 140, 163, 164, 165, 166, 167, 168, 169, 170, 171, 172, 128]
113: [172, 129]
114: [172, 130]
115: [172, 131]
116: [172, 132]
117: [172, 133]
118: [172, 134]
119: [172, 135]
120: [172, 136]
121: [172, 137]
122: [172, 138]
123: [172, 139]
124: [172, 140]
125: [172, 171, 128, 170, 169, 168, 167, 166, 165, 163, 164]
126: [129, 130, 131, 132, 133, 134, 135, 136, 137, 138, 139, 140, 163, 164, 165, 166, 167, 168, 169, 170, 171, 172, 173, 128]
127: [173, 129]
128: [173, 130]
129: [173, 131]
130: [173, 132]
131: [173, 133]
132: [173, 134]
133: [173, 135]
134: [173, 136]
135: [173, 137]
136: [173, 138]
137: [173, 139]
138: [173, 140]
139: [173, 172, 128, 171, 170, 169, 168, 167, 166, 165, 163, 164]
140: [129, 130, 131, 132, 133, 134, 135, 136, 137, 138, 139, 140, 163, 164, 165, 166, 167, 168, 169, 170, 171, 172, 173, 174, 128]
141: [174, 129]
142: [174, 130]
143: [174, 131]
144: [174, 132]
145: [174, 133]
146: [174, 134]
147: [174, 135]
148: [174, 136]
149: [174, 137]
150: [174, 138]
151: [174, 139]
152: [174, 140]
153: [174, 173, 128, 172, 171, 170, 169, 168, 167, 166, 165, 163, 164]
154: []
155: [175, 129, 163]
156: [175, 130, 163]
157: [175, 131, 163]
158: [175, 132, 163]
159: [175, 133, 163]
160: [175, 134, 163]
161: [175, 135, 163]
162: [175, 136, 163]
163: [175, 137, 163]
164: [175, 138, 163]
165: [175, 139, 163]
166: [175, 140, 163]
167: [175, 174, 128, 173, 172, 171, 170, 169, 168, 167, 166, 165, 163, 164]
168: [128, 129, 130, 175, 131, 174, 132, 173, 172, 133, 171, 134, 170, 135, 136, 169, 168, 137, 138, 167, 139, 166, 164, 140, 165]
169: [129, 164]
170: [130, 164]
171: [131, 164]
172: [132, 164]
173: [133, 164]
174: [134, 164]
175: [135, 164]
176: [136, 164]
177: [137, 164]
178: [138, 164]
179: [139, 164]
180: [140, 164]
181: [175, 128, 174, 173, 172, 171, 170, 169, 168, 167, 166, 165, 164]
182: [128, 129, 130, 175, 131, 174, 132, 173, 172, 133, 171, 134, 170, 135, 136, 169, 168, 137, 138, 167, 139, 166, 140, 165]
183: [128, 129, 130, 175, 131, 174, 132, 173, 172, 133, 171, 134, 170, 135, 136, 169, 168, 137, 138, 167, 139, 166, 140, 165]
184: [128, 130, 175, 131, 174, 132, 173, 172, 133, 171, 134, 170, 135, 136, 169, 168, 137, 138, 167, 139, 166, 140, 165]
185: [128, 175, 131, 174, 132, 173, 172, 133, 171, 134, 170, 135, 136, 169, 168, 137, 138, 167, 139, 166, 140, 165]
186: [128, 175, 174, 132, 173, 172, 133, 171, 134, 170, 135, 136, 169, 168, 137, 138, 167, 139, 166, 140, 165]
187: [128, 175, 174, 173, 172, 133, 171, 134, 170, 135, 136, 169, 168, 137, 138, 167, 139, 166, 140, 165]
188: [128, 175, 174, 173, 172, 171, 134, 170, 135, 136, 169, 168, 137, 138, 167, 139, 166, 140, 165]
189: [128, 175, 174, 173, 172, 171, 170, 135, 136, 169, 168, 137, 138, 167, 139, 166, 140, 165]
190: [128, 175, 174, 173, 172, 171, 170, 136, 169, 168, 137, 138, 167, 139, 166, 140, 165]
191: [128, 175, 174, 173, 172, 171, 170, 169, 168, 137, 138, 167, 139, 166, 140, 165]
192: [128, 175, 174, 173, 172, 171, 170, 169, 168, 138, 167, 139, 166, 140, 165]
193: [128, 175, 174, 173, 172, 171, 170, 169, 168, 167, 139, 166, 140, 165]
194: [128, 175, 174, 173, 172, 171, 170, 169, 168, 167, 166, 140, 165]
195: [128, 175, 174, 173, 172, 171, 170, 169, 168, 167, 166, 165]
155
0: [163, 129]
1: [141, 163, 129]
2: [141, 163]
3: [141, 163]
4: [141, 163]
5: [141, 163]
6: [141, 163]
7: [141, 163]
8: [141, 163]
9: [141, 163]
10: [141, 163]
11: [141, 163]
12: [141, 163]
13: [141, 163]
14: [163, 129]
15: [96, 97, 117, 88, 89, 90, 91, 92, 93, 94, 95, 87]
16: [96, 97, 117, 88, 89, 90, 91, 92, 93, 94, 95, 87]
17: [96, 97, 117, 89, 90, 91, 92, 93, 94, 95, 87]
18: [96, 97, 117, 90, 91, 92, 93, 94, 95, 87]
19: [96, 97, 117, 91, 92, 93, 94, 95, 87]
20: [96, 97, 117, 92, 93, 94, 95, 87]
21: [96, 97, 117, 93, 94, 95, 87]
22: [96, 97, 117, 94, 95, 87]
23: [96, 97, 117, 95, 87]
24: [96, 97, 117, 87]
25: [97, 117, 87]
26: [117, 87]
27: [141, 163]
28: [163, 129]
29: [96, 97, 117, 118, 88, 89, 90, 91, 92, 93, 94, 95, 87]
30: [118, 88]
31: [118, 89]
32: [118, 90]
33: [118, 91]
34: [118, 92]
35: [118, 93]
36: [118, 94]
37: [118, 95]
38: [118, 96]
39: [118, 97]
40: [118, 117, 87]
41: [141, 163]
42: [163, 129]
43: [96, 97, 117, 118, 119, 88, 89, 90, 91, 92, 93, 94, 95, 87]
44: [119, 88]
45: [119, 89]
46: [119, 90]
47: [119, 91]
48: [119, 92]
49: [119, 93]
50: [119, 94]
51: [119, 95]
52: [119, 96]
53: [119, 97]
54: [119, 118, 87, 117]
55: [141, 163]
56: [163, 129]
57: [96, 97, 120, 117, 118, 119, 88, 89, 90, 91, 92, 93, 94, 95, 87]
58: [120, 88]
59: [120, 89]
60: [120, 90]
61: [120, 91]
62: [120, 92]
63: [120, 93]
64: [120, 94]
65: [120, 95]
66: [120, 96]
67: [120, 97]
68: [120, 119, 87, 118, 117]
69: [141, 163]
70: [163, 129]
71: [96, 97, 121, 120, 117, 118, 119, 88, 89, 90, 91, 92, 93, 94, 95, 87]
72: [121, 88]
73: [121, 89]
74: [121, 90]
75: [121, 91]
76: [121, 92]
77: [121, 93]
78: [121, 94]
79: [121, 95]
80: [121, 96]
81: [121, 97]
82: [121, 120, 87, 119, 118, 117]
83: [141, 163]
84: [163, 129]
85: [96, 97, 121, 122, 120, 117, 118, 119, 88, 89, 90, 91, 92, 93, 94, 95, 87]
86: [122, 88]
87: [122, 89]
88: [122, 90]
89: [122, 91]
90: [122, 92]
91: [122, 93]
92: [122, 94]
93: [122, 95]
94: [122, 96]
95: [122, 97]
96: [122, 121, 87, 120, 119, 118, 117]
97: [141, 163]
98: [163, 129]
99: [96, 97, 121, 122, 123, 120, 117, 118, 119, 88, 89, 90, 91, 92, 93, 94, 95, 87]
100: [123, 88]
101: [123, 89]
102: [123, 90]
103: [123, 91]
104: [123, 92]
105: [123, 93]
106: [123, 94]
107: [123, 95]
108: [123, 96]
109: [123, 97]
110: [123, 122, 87, 121, 120, 119, 118, 117]
111: [141, 163]
112: [163, 129]
113: [96, 97, 121, 122, 123, 120, 124, 117, 118, 119, 88, 89, 90, 91, 92, 93, 94, 95, 87]
114: [124, 88]
115: [124, 89]
116: [124, 90]
117: [124, 91]
118: [124, 92]
119: [124, 93]
120: [124, 94]
121: [124, 95]
122: [124, 96]
123: [124, 97]
124: [124, 123, 87, 122, 121, 120, 119, 118, 117]
125: [141, 163]
126: [163, 129]
127: [88, 89, 90, 91, 92, 93, 94, 95, 96, 97, 117, 118, 119, 120, 121, 122, 123, 124, 125, 87]
128: [125, 88]
129: [125, 89]
130: [125, 90]
131: [125, 91]
132: [125, 92]
133: [125, 93]
134: [125, 94]
135: [125, 95]
136: [125, 96]
137: [125, 97]
138: [125, 124, 87, 123, 122, 121, 120, 119, 118, 117]
139: [141, 163]
140: [163, 129]
141: [88, 89, 90, 91, 92, 93, 94, 95, 96, 97, 117, 118, 119, 120, 121, 122, 123, 124, 125, 126, 87]
142: [126, 88]
143: [126, 89]
144: [126, 90]
145: [126, 91]
146: [126, 92]
147: [126, 93]
148: [126, 94]
149: [126, 95]
150: [126, 96]
151: [126, 97]
152: [126, 125, 87, 124, 123, 122, 121, 120, 119, 118, 117]
153: [141, 163]
154: [163, 129, 175]
155: []
156: [127, 88, 117]
157: [127, 89, 117]
158: [127, 90, 117]
159: [127, 91, 117]
160: [127, 92, 117]
161: [127, 93, 117]
162: [127, 94, 117]
163: [127, 95, 117]
164: [127, 96, 117]
165: [127, 97, 117]
166: [127, 126, 87, 125, 124, 123, 122, 121, 120, 119, 118, 117]
167: [175, 141, 163]
168: [129, 175]
169: [87, 88, 127, 89, 126, 90, 125, 91, 124, 123, 92, 122, 93, 121, 94, 120, 95, 96, 119, 97, 118]
170: [87, 88, 127, 89, 126, 90, 125, 91, 124, 123, 92, 122, 93, 121, 94, 120, 95, 96, 119, 97, 118]
171: [87, 127, 89, 126, 90, 125, 91, 124, 123, 92, 122, 93, 121, 94, 120, 95, 96, 119, 97, 118]
172: [87, 127, 126, 90, 125, 91, 124, 123, 92, 122, 93, 121, 94, 120, 95, 96, 119, 97, 118]
173: [87, 127, 126, 125, 91, 124, 123, 92, 122, 93, 121, 94, 120, 95, 96, 119, 97, 118]
174: [87, 127, 126, 125, 124, 123, 92, 122, 93, 121, 94, 120, 95, 96, 119, 97, 118]
175: [87, 127, 126, 125, 124, 123, 122, 93, 121, 94, 120, 95, 96, 119, 97, 118]
176: [87, 127, 126, 125, 124, 123, 122, 121, 94, 120, 95, 96, 119, 97, 118]
177: [87, 127, 126, 125, 124, 123, 122, 121, 120, 95, 96, 119, 97, 118]
178: [87, 127, 126, 125, 124, 123, 122, 121, 120, 96, 119, 97, 118]
179: [87, 127, 126, 125, 124, 123, 122, 121, 120, 119, 97, 118]
180: [127, 87, 126, 125, 124, 123, 122, 121, 120, 119, 118]
181: [175, 141]
182: [129, 175]
183: [129, 175, 141]
184: [175, 141]
185: [175, 141]
186: [175, 141]
187: [175, 141]
188: [175, 141]
189: [175, 141]
190: [175, 141]
191: [175, 141]
192: [175, 141]
193: [175, 141]
194: [175, 141]
195: [175, 141]
156
0: [163, 130]
1: [163, 130]
2: [142, 163, 130]
3: [142, 163]
4: [142, 163]
5: [142, 163]
6: [142, 163]
7: [142, 163]
8: [142, 163]
9: [142, 163]
10: [142, 163]
11: [142, 163]
12: [142, 163]
13: [142, 163]
14: [163, 130]
15: [117, 88]
16: [98, 117, 88]
17: [98, 117]
18: [98, 117]
19: [98, 117]
20: [98, 117]
21: [98, 117]
22: [98, 117]
23: [98, 117]
24: [98, 117]
25: [98, 117]
26: [98, 117]
27: [142, 163]
28: [163, 130]
29: [117, 88]
30: [55, 56, 57, 58, 59, 60, 61, 62, 54]
31: [55, 56, 57, 58, 59, 60, 61, 62, 54]
32: [56, 57, 58, 59, 60, 61, 62, 54]
33: [57, 58, 59, 60, 61, 62, 54]
34: [58, 59, 60, 61, 62, 54]
35: [59, 60, 61, 62, 54]
36: [60, 61, 62, 54]
37: [61, 62, 54]
38: [62, 54]
39: [54]
40: [98, 117]
41: [142, 163]
42: [163, 130]
43: [117, 88]
44: [79, 55, 56, 57, 58, 59, 60, 61, 62, 54]
45: [79, 55]
46: [79, 56]
47: [79, 57]
48: [79, 58]
49: [79, 59]
50: [79, 60]
51: [79, 61]
52: [79, 62]
53: [54, 79]
54: [98, 117]
55: [142, 163]
56: [163, 130]
57: [117, 88]
58: [79, 80, 55, 56, 57, 58, 59, 60, 61, 62, 54]
59: [80, 55]
60: [80, 56]
61: [80, 57]
62: [80, 58]
63: [80, 59]
64: [80, 60]
65: [80, 61]
66: [80, 62]
67: [80, 54, 79]
68: [98, 117]
69: [142, 163]
70: [163, 130]
71: [117, 88]
72: [79, 80, 81, 55, 56, 57, 58, 59, 60, 61, 62, 54]
73: [81, 55]
74: [81, 56]
75: [81, 57]
76: [81, 58]
77: [81, 59]
78: [81, 60]
79: [81, 61]
80: [81, 62]
81: [81, 54, 80, 79]
82: [98, 117]
83: [142, 163]
84: [163, 130]
85: [117, 88]
86: [79, 80, 81, 82, 55, 56, 57, 58, 59, 60, 61, 62, 54]
87: [82, 55]
88: [82, 56]
89: [82, 57]
90: [82, 58]
91: [82, 59]
92: [82, 60]
93: [82, 61]
94: [82, 62]
95: [82, 54, 81, 80, 79]
96: [98, 117]
97: [142, 163]
98: [163, 130]
99: [117, 88]
100: [79, 80, 81, 82, 83, 55, 56, 57, 58, 59, 60, 61, 62, 54]
101: [83, 55]
102: [83, 56]
103: [83, 57]
104: [83, 58]
105: [83, 59]
106: [83, 60]
107: [83, 61]
108: [83, 62]
109: [83, 54, 82, 81, 80, 79]
110: [98, 117]
111: [142, 163]
112: [163, 130]
113: [117, 88]
114: [79, 80, 81, 82, 83, 84, 55, 56, 57, 58, 59, 60, 61, 62, 54]
115: [84, 55]
116: [84, 56]
117: [84, 57]
118: [84, 58]
119: [84, 59]
120: [84, 60]
121: [84, 61]
122: [84, 62]
123: [84, 54, 83, 82, 81, 80, 79]
124: [98, 117]
125: [142, 163]
126: [163, 130]
127: [117, 88]
128: [79, 80, 81, 82, 83, 84, 85, 55, 56, 57, 58, 59, 60, 61, 62, 54]
129: [85, 55]
130: [85, 56]
131: [85, 57]
132: [85, 58]
133: [85, 59]
134: [85, 60]
135: [85, 61]
136: [85, 62]
137: [85, 54, 84, 83, 82, 81, 80, 79]
138: [98, 117]
139: [142, 163]
140: [163, 130]
141: [117, 88]
142: [79, 80, 81, 82, 83, 84, 85, 86, 55, 56, 57, 58, 59, 60, 61, 62, 54]
143: [86, 55]
144: [86, 56]
145: [86, 57]
146: [86, 58]
147: [86, 59]
148: [86, 60]
149: [86, 61]
150: [86, 62]
151: [86, 54, 85, 84, 83, 82, 81, 80, 79]
152: [98, 117]
153: [142, 163]
154: [163, 130, 175]
155: [117, 88, 127]
156: []
157: [54, 86, 55, 56, 85, 57, 84, 58, 83, 82, 59, 81, 60, 80, 61, 62, 79]
158: [54, 86, 56, 85, 57, 84, 58, 83, 82, 59, 81, 60, 80, 61, 62, 79]
159: [54, 86, 85, 57, 84, 58, 83, 82, 59, 81, 60, 80, 61, 62, 79]
160: [54, 86, 85, 84, 58, 83, 82, 59, 81, 60, 80, 61, 62, 79]
161: [54, 86, 85, 84, 83, 82, 59, 81, 60, 80, 61, 62, 79]
162: [54, 86, 85, 84, 83, 82, 81, 60, 80, 61, 62, 79]
163: [54, 86, 85, 84, 83, 82, 81, 80, 61, 62, 79]
164: [54, 86, 85, 84, 83, 82, 81, 80, 62, 79]
165: [54, 86, 85, 84, 83, 82, 81, 80, 79]
166: [127, 98, 117]
167: [175, 142, 163]
168: [130, 175]
169: [88, 127]
170: [88, 127, 98]
171: [127, 98]
172: [127, 98]
173: [127, 98]
174: [127, 98]
175: [127, 98]
176: [127, 98]
177: [127, 98]
178: [127, 98]
179: [127, 98]
180: [127, 98]
181: [175, 142]
182: [130, 175]
183: [130, 175]
184: [130, 175, 142]
185: [175, 142]
186: [175, 142]
187: [175, 142]
188: [175, 142]
189: [175, 142]
190: [175, 142]
191: [175, 142]
192: [175, 142]
193: [175, 142]
194: [175, 142]
195: [175, 142]
157
0: [163, 131]
1: [163, 131]
2: [163, 131]
3: [143, 163, 131]
4: [143, 163]
5: [143, 163]
6: [143, 163]
7: [143, 163]
8: [143, 163]
9: [143, 163]
10: [143, 163]
11: [143, 163]
12: [143, 163]
13: [143, 163]
14: [163, 131]
15: [117, 89]
16: [117, 89]
17: [99, 117, 89]
18: [99, 117]
19: [99, 117]
20: [99, 117]
21: [99, 117]
22: [99, 117]
23: [99, 117]
24: [99, 117]
25: [99, 117]
26: [99, 117]
27: [143, 163]
28: [163, 131]
29: [117, 89]
30: [55, 56, 57, 58, 59, 60, 61, 62, 54]
31: [63, 55, 56, 57, 58, 59, 60, 61, 62, 54]
32: [63, 56, 57, 58, 59, 60, 61, 62, 54]
33: [63, 57, 58, 59, 60, 61, 62, 54]
34: [63, 58, 59, 60, 61, 62, 54]
35: [63, 59, 60, 61, 62, 54]
36: [63, 60, 61, 62, 54]
37: [63, 61, 62, 54]
38: [63, 62, 54]
39: [54, 63]
40: [99, 117]
41: [143, 163]
42: [163, 131]
43: [117, 89]
44: [79, 55, 56, 57, 58, 59, 60, 61, 62, 54]
45: [63, 79, 55]
46: [79, 56]
47: [79, 57]
48: [79, 58]
49: [79, 59]
50: [79, 60]
51: [79, 61]
52: [79, 62]
53: [54, 79, 63]
54: [99, 117]
55: [143, 163]
56: [163, 131]
57: [117, 89]
58: [79, 80, 55, 56, 57, 58, 59, 60, 61, 62, 54]
59: [63, 80, 55]
60: [80, 56]
61: [80, 57]
62: [80, 58]
63: [80, 59]
64: [80, 60]
65: [80, 61]
66: [80, 62]
67: [54, 80, 79, 63]
68: [99, 117]
69: [143, 163]
70: [163, 131]
71: [117, 89]
72: [79, 80, 81, 55, 56, 57, 58, 59, 60, 61, 62, 54]
73: [63, 81, 55]
74: [81, 56]
75: [81, 57]
76: [81, 58]
77: [81, 59]
78: [81, 60]
79: [81, 61]
80: [81, 62]
81: [54, 81, 80, 79, 63]
82: [99, 117]
83: [143, 163]
84: [163, 131]
85: [117, 89]
86: [79, 80, 81, 82, 55, 56, 57, 58, 59, 60, 61, 62, 54]
87: [63, 82, 55]
88: [82, 56]
89: [82, 57]
90: [82, 58]
91: [82, 59]
92: [82, 60]
93: [82, 61]
94: [82, 62]
95: [54, 82, 81, 80, 79, 63]
96: [99, 117]
97: [143, 163]
98: [163, 131]
99: [117, 89]
100: [79, 80, 81, 82, 83, 55, 56, 57, 58, 59, 60, 61, 62, 54]
101: [63, 83, 55]
102: [83, 56]
103: [83, 57]
104: [83, 58]
105: [83, 59]
106: [83, 60]
107: [83, 61]
108: [83, 62]
109: [54, 83, 82, 81, 80, 79, 63]
110: [99, 117]
111: [143, 163]
112: [163, 131]
113: [117, 89]
114: [79, 80, 81, 82, 83, 84, 55, 56, 57, 58, 59, 60, 61, 62, 54]
115: [63, 84, 55]
116: [84, 56]
117: [84, 57]
118: [84, 58]
119: [84, 59]
120: [84, 60]
121: [84, 61]
122: [84, 62]
123: [54, 84, 83, 82, 81, 80, 79, 63]
124: [99, 117]
125: [143, 163]
126: [163, 131]
127: [117, 89]
128: [79, 80, 81, 82, 83, 84, 85, 55, 56, 57, 58, 59, 60, 61, 62, 54]
129: [63, 85, 55]
130: [85, 56]
131: [85, 57]
132: [85, 58]
133: [85, 59]
134: [85, 60]
135: [85, 61]
136: [85, 62]
137: [54, 85, 84, 83, 82, 81, 80, 79, 63]
138: [99, 117]
139: [143, 163]
140: [163, 131]
141: [117, 89]
142: [79, 80, 81, 82, 83, 84, 85, 86, 55, 56, 57, 58, 59, 60, 61, 62, 54]
143: [63, 86, 55]
144: [86, 56]
145: [86, 57]
146: [86, 58]
147: [86, 59]
148: [86, 60]
149: [86, 61]
150: [86, 62]
151: [54, 86, 85, 84, 83, 82, 81, 80, 79, 63]
152: [99, 117]
153: [143, 163]
154: [163, 131, 175]
155: [117, 89, 127]
156: [79, 80, 81, 82, 83, 84, 85, 86, 55, 56, 57, 58, 59, 60, 61, 62, 54]
157: []
158: [54, 86, 56, 85, 57, 84, 58, 83, 82, 59, 81, 60, 80, 61, 79, 62, 63]
159: [54, 86, 85, 57, 84, 58, 83, 82, 59, 81, 60, 80, 61, 79, 62, 63]
160: [54, 86, 85, 84, 58, 83, 82, 59, 81, 60, 80, 61, 79, 62, 63]
161: [54, 86, 85, 84, 83, 82, 59, 81, 60, 80, 61, 79, 62, 63]
162: [54, 86, 85, 84, 83, 82, 81, 60, 80, 61, 79, 62, 63]
163: [54, 86, 85, 84, 83, 82, 81, 80, 61, 79, 62, 63]
164: [54, 86, 85, 84, 83, 82, 81, 80, 79, 62, 63]
165: [54, 86, 85, 84, 83, 82, 81, 80, 79, 63]
166: [127, 99, 117]
167: [175, 143, 163]
168: [131, 175]
169: [89, 127]
170: [89, 127]
171: [89, 127, 99]
172: [127, 99]
173: [127, 99]
174: [127, 99]
175: [127, 99]
176: [127, 99]
177: [127, 99]
178: [127, 99]
179: [127, 99]
180: [127, 99]
181: [175, 143]
182: [131, 175]
183: [131, 175]
184: [131, 175]
185: [131, 175, 143]
186: [175, 143]
187: [175, 143]
188: [175, 143]
189: [175, 143]
190: [175, 143]
191: [175, 143]
192: [175, 143]
193: [175, 143]
194: [175, 143]
195: [175, 143]
158
0: [163, 132]
1: [163, 132]
2: [163, 132]
3: [163, 132]
4: [144, 163, 132]
5: [144, 163]
6: [144, 163]
7: [144, 163]
8: [144, 163]
9: [144, 163]
10: [144, 163]
11: [144, 163]
12: [144, 163]
13: [144, 163]
14: [163, 132]
15: [117, 90]
16: [117, 90]
17: [117, 90]
18: [100, 117, 90]
19: [100, 117]
20: [100, 117]
21: [100, 117]
22: [100, 117]
23: [100, 117]
24: [100, 117]
25: [100, 117]
26: [100, 117]
27: [144, 163]
28: [163, 132]
29: [117, 90]
30: [56, 57, 58, 59, 60, 61, 62, 54]
31: [63, 56, 57, 58, 59, 60, 61, 62, 54]
32: [64, 63, 56, 57, 58, 59, 60, 61, 62, 54]
33: [64, 63, 57, 58, 59, 60, 61, 62, 54]
34: [64, 63, 58, 59, 60, 61, 62, 54]
35: [64, 63, 59, 60, 61, 62, 54]
36: [64, 63, 60, 61, 62, 54]
37: [64, 63, 62, 61, 54]
38: [64, 54, 63, 62]
39: [64, 54, 63]
40: [100, 117]
41: [144, 163]
42: [163, 132]
43: [117, 90]
44: [79, 56, 57, 58, 59, 60, 61, 62, 54]
45: [63, 79]
46: [64, 79, 56]
47: [79, 57]
48: [79, 58]
49: [79, 59]
50: [79, 60]
51: [79, 61]
52: [79, 62]
53: [54, 64, 79, 63]
54: [100, 117]
55: [144, 163]
56: [163, 132]
57: [117, 90]
58: [79, 80, 56, 57, 58, 59, 60, 61, 62, 54]
59: [63, 80]
60: [64, 80, 56]
61: [80, 57]
62: [80, 58]
63: [80, 59]
64: [80, 60]
65: [80, 61]
66: [80, 62]
67: [54, 64, 80, 79, 63]
68: [100, 117]
69: [144, 163]
70: [163, 132]
71: [117, 90]
72: [79, 80, 81, 56, 57, 58, 59, 60, 61, 62, 54]
73: [63, 81]
74: [64, 81, 56]
75: [81, 57]
76: [81, 58]
77: [81, 59]
78: [81, 60]
79: [81, 61]
80: [81, 62]
81: [54, 81, 64, 80, 79, 63]
82: [100, 117]
83: [144, 163]
84: [163, 132]
85: [117, 90]
86: [79, 80, 81, 82, 56, 57, 58, 59, 60, 61, 62, 54]
87: [63, 82]
88: [64, 82, 56]
89: [82, 57]
90: [82, 58]
91: [82, 59]
92: [82, 60]
93: [82, 61]
94: [82, 62]
95: [54, 82, 81, 64, 80, 79, 63]
96: [100, 117]
97: [144, 163]
98: [163, 132]
99: [117, 90]
100: [79, 80, 81, 82, 83, 56, 57, 58, 59, 60, 61, 62, 54]
101: [63, 83]
102: [64, 83, 56]
103: [83, 57]
104: [83, 58]
105: [83, 59]
106: [83, 60]
107: [83, 61]
108: [83, 62]
109: [54, 83, 82, 81, 64, 80, 79, 63]
110: [100, 117]
111: [144, 163]
112: [163, 132]
113: [117, 90]
114: [79, 80, 81, 82, 83, 84, 56, 57, 58, 59, 60, 61, 62, 54]
115: [63, 84]
116: [64, 84, 56]
117: [84, 57]
118: [84, 58]
119: [84, 59]
120: [84, 60]
121: [84, 61]
122: [84, 62]
123: [54, 84, 83, 82, 81, 64, 80, 79, 63]
124: [100, 117]
125: [144, 163]
126: [163, 132]
127: [117, 90]
128: [79, 80, 81, 82, 83, 84, 85, 56, 57, 58, 59, 60, 61, 62, 54]
129: [63, 85]
130: [64, 85, 56]
131: [85, 57]
132: [85, 58]
133: [85, 59]
134: [85, 60]
135: [85, 61]
136: [85, 62]
137: [54, 85, 84, 83, 82, 81, 64, 80, 79, 63]
138: [100, 117]
139: [144, 163]
140: [163, 132]
141: [117, 90]
142: [79, 80, 81, 82, 83, 84, 85, 86, 56, 57, 58, 59, 60, 61, 62, 54]
143: [63, 86]
144: [64, 86, 56]
145: [86, 57]
146: [86, 58]
147: [86, 59]
148: [86, 60]
149: [86, 61]
150: [86, 62]
151: [54, 86, 85, 84, 83, 82, 81, 64, 80, 79, 63]
152: [100, 117]
153: [144, 163]
154: [163, 132, 175]
155: [117, 90, 127]
156: [79, 80, 81, 82, 83, 84, 85, 86, 56, 57, 58, 59, 60, 61, 62, 54]
157: [79, 80, 81, 82, 83, 84, 85, 86, 56, 57, 58, 59, 60, 61, 62, 63, 54]
158: []
159: [54, 86, 85, 57, 84, 58, 83, 82, 59, 81, 60, 64, 80, 61, 79, 62, 63]
160: [54, 86, 85, 84, 58, 83, 82, 59, 81, 60, 64, 80, 61, 79, 62, 63]
161: [54, 86, 85, 84, 83, 82, 59, 81, 60, 64, 80, 61, 79, 62, 63]
162: [54, 86, 85, 84, 83, 82, 81, 60, 64, 80, 61, 79, 62, 63]
163: [54, 86, 85, 84, 83, 82, 81, 64, 80, 61, 79, 62, 63]
164: [54, 86, 85, 84, 83, 82, 81, 64, 80, 79, 62, 63]
165: [54, 86, 85, 84, 83, 82, 81, 64, 80, 79, 63]
166: [127, 100, 117]
167: [175, 144, 163]
168: [132, 175]
169: [90, 127]
170: [90, 127]
171: [90, 127]
172: [90, 127, 100]
173: [127, 100]
174: [127, 100]
175: [127, 100]
176: [127, 100]
177: [127, 100]
178: [127, 100]
179: [127, 100]
180: [127, 100]
181: [175, 144]
182: [132, 175]
183: [132, 175]
184: [132, 175]
185: [132, 175]
186: [132, 175, 144]
187: [175, 144]
188: [175, 144]
189: [175, 144]
190: [175, 144]
191: [175, 144]
192: [175, 144]
193: [175, 144]
194: [175, 144]
195: [175, 144]
159
0: [163, 133]
1: [163, 133]
2: [163, 133]
3: [163, 133]
4: [163, 133]
5: [145, 163, 133]
6: [145, 163]
7: [145, 163]
8: [145, 163]
9: [145, 163]
10: [145, 163]
11: [145, 163]
12: [145, 163]
13: [145, 163]
14: [163, 133]
15: [117, 91]
16: [117, 91]
17: [117, 91]
18: [117, 91]
19: [101, 117, 91]
20: [101, 117]
21: [101, 117]
22: [101, 117]
23: [101, 117]
24: [101, 117]
25: [101, 117]
26: [101, 117]
27: [145, 163]
28: [163, 133]
29: [117, 91]
30: [57, 58, 59, 60, 61, 62, 54]
31: [63, 57, 58, 59, 60, 61, 62, 54]
32: [64, 63, 57, 58, 59, 60, 61, 62, 54]
33: [65, 64, 63, 57, 58, 59, 60, 61, 62, 54]
34: [65, 64, 63, 58, 59, 60, 61, 62, 54]
35: [65, 64, 63, 59, 60, 61, 62, 54]
36: [65, 64, 63, 62, 60, 61, 54]
37: [65, 64, 54, 63, 61, 62]
38: [65, 64, 54, 63, 62]
39: [65, 54, 64, 63]
40: [101, 117]
41: [145, 163]
42: [163, 133]
43: [117, 91]
44: [79, 57, 58, 59, 60, 61, 62, 54]
45: [63, 79]
46: [64, 79]
47: [65, 79, 57]
48: [79, 58]
49: [79, 59]
50: [79, 60]
51: [79, 61]
52: [79, 62]
53: [54, 65, 64, 79, 63]
54: [101, 117]
55: [145, 163]
56: [163, 133]
57: [117, 91]
58: [79, 80, 57, 58, 59, 60, 61, 62, 54]
59: [63, 80]
60: [64, 80]
61: [65, 80, 57]
62: [80, 58]
63: [80, 59]
64: [80, 60]
65: [80, 61]
66: [80, 62]
67: [54, 65, 64, 80, 79, 63]
68: [101, 117]
69: [145, 163]
70: [163, 133]
71: [117, 91]
72: [79, 80, 81, 57, 58, 59, 60, 61, 62, 54]
73: [63, 81]
74: [64, 81]
75: [65, 81, 57]
76: [81, 58]
77: [81, 59]
78: [81, 60]
79: [81, 61]
80: [81, 62]
81: [54, 81, 65, 64, 80, 79, 63]
82: [101, 117]
83: [145, 163]
84: [163, 133]
85: [117, 91]
86: [79, 80, 81, 82, 57, 58, 59, 60, 61, 62, 54]
87: [63, 82]
88: [64, 82]
89: [65, 82, 57]
90: [82, 58]
91: [82, 59]
92: [82, 60]
93: [82, 61]
94: [82, 62]
95: [54, 82, 81, 65, 64, 80, 79, 63]
96: [101, 117]
97: [145, 163]
98: [163, 133]
99: [117, 91]
100: [79, 80, 81, 82, 83, 57, 58, 59, 60, 61, 62, 54]
101: [63, 83]
102: [64, 83]
103: [65, 83, 57]
104: [83, 58]
105: [83, 59]
106: [83, 60]
107: [83, 61]
108: [83, 62]
109: [54, 83, 82, 81, 65, 64, 80, 79, 63]
110: [101, 117]
111: [145, 163]
112: [163, 133]
113: [117, 91]
114: [79, 80, 81, 82, 83, 84, 57, 58, 59, 60, 61, 62, 54]
115: [63, 84]
116: [64, 84]
117: [65, 84, 57]
118: [84, 58]
119: [84, 59]
120: [84, 60]
121: [84, 61]
122: [84, 62]
123: [54, 84, 83, 82, 81, 65, 64, 80, 79, 63]
124: [101, 117]
125: [145, 163]
126: [163, 133]
127: [117, 91]
128: [79, 80, 81, 82, 83, 84, 85, 57, 58, 59, 60, 61, 62, 54]
129: [63, 85]
130: [64, 85]
131: [65, 85, 57]
132: [85, 58]
133: [85, 59]
134: [85, 60]
135: [85, 61]
136: [85, 62]
137: [54, 85, 84, 83, 82, 81, 65, 64, 80, 79, 63]
138: [101, 117]
139: [145, 163]
140: [163, 133]
141: [117, 91]
142: [79, 80, 81, 82, 83, 84, 85, 86, 57, 58, 59, 60, 61, 62, 54]
143: [63, 86]
144: [64, 86]
145: [65, 86, 57]
146: [86, 58]
147: [86, 59]
148: [86, 60]
149: [86, 61]
150: [86, 62]
151: [54, 86, 85, 84, 83, 82, 81, 65, 64, 80, 79, 63]
152: [101, 117]
153: [145, 163]
154: [163, 133, 175]
155: [117, 91, 127]
156: [79, 80, 81, 82, 83, 84, 85, 86, 57, 58, 59, 60, 61, 62, 54]
157: [79, 80, 81, 82, 83, 84, 85, 86, 57, 58, 59, 60, 61, 62, 63, 54]
158: [64, 79, 80, 81, 82, 83, 84, 85, 86, 57, 58, 59, 60, 61, 62, 63, 54]
159: []
160: [54, 86, 85, 84, 58, 83, 82, 59, 81, 65, 60, 64, 80, 61, 79, 62, 63]
161: [54, 86, 85, 84, 83, 82, 59, 81, 65, 60, 64, 80, 61, 79, 62, 63]
162: [54, 86, 85, 84, 83, 82, 81, 65, 60, 64, 80, 61, 79, 62, 63]
163: [54, 86, 85, 84, 83, 82, 81, 65, 64, 80, 61, 79, 62, 63]
164: [54, 86, 85, 84, 83, 82, 81, 65, 64, 80, 79, 62, 63]
165: [54, 86, 85, 84, 83, 82, 81, 65, 64, 80, 79, 63]
166: [127, 101, 117]
167: [175, 145, 163]
168: [133, 175]
169: [91, 127]
170: [91, 127]
171: [91, 127]
172: [91, 127]
173: [91, 127, 101]
174: [127, 101]
175: [127, 101]
176: [127, 101]
177: [127, 101]
178: [127, 101]
179: [127, 101]
180: [127, 101]
181: [175, 145]
182: [133, 175]
183: [133, 175]
184: [133, 175]
185: [133, 175]
186: [133, 175]
187: [133, 175, 145]
188: [175, 145]
189: [175, 145]
190: [175, 145]
191: [175, 145]
192: [175, 145]
193: [175, 145]
194: [175, 145]
195: [175, 145]
160
0: [163, 134]
1: [163, 134]
2: [163, 134]
3: [163, 134]
4: [163, 134]
5: [163, 134]
6: [146, 163, 134]
7: [146, 163]
8: [146, 163]
9: [146, 163]
10: [146, 163]
11: [146, 163]
12: [146, 163]
13: [146, 163]
14: [163, 134]
15: [117, 92]
16: [117, 92]
17: [117, 92]
18: [117, 92]
19: [117, 92]
20: [102, 117, 92]
21: [102, 117]
22: [102, 117]
23: [102, 117]
24: [102, 117]
25: [102, 117]
26: [102, 117]
27: [146, 163]
28: [163, 134]
29: [117, 92]
30: [58, 59, 60, 61, 62, 54]
31: [63, 58, 59, 60, 61, 62, 54]
32: [64, 63, 58, 59, 60, 61, 62, 54]
33: [65, 64, 63, 58, 59, 60, 61, 62, 54]
34: [66, 65, 64, 63, 58, 59, 60, 61, 62, 54]
35: [66, 65, 64, 63, 54, 59, 60, 61, 62]
36: [66, 65, 64, 54, 63, 60, 61, 62]
37: [66, 65, 64, 54, 63, 61, 62]
38: [66, 65, 54, 64, 63, 62]
39: [66, 54, 65, 64, 63]
40: [102, 117]
41: [146, 163]
42: [163, 134]
43: [117, 92]
44: [79, 58, 59, 60, 61, 62, 54]
45: [63, 79]
46: [64, 79]
47: [65, 79]
48: [66, 79, 58]
49: [79, 59]
50: [79, 60]
51: [79, 61]
52: [79, 62]
53: [54, 66, 65, 64, 79, 63]
54: [102, 117]
55: [146, 163]
56: [163, 134]
57: [117, 92]
58: [79, 80, 58, 59, 60, 61, 62, 54]
59: [63, 80]
60: [64, 80]
61: [65, 80]
62: [66, 80, 58]
63: [80, 59]
64: [80, 60]
65: [80, 61]
66: [80, 62]
67: [54, 66, 65, 64, 80, 79, 63]
68: [102, 117]
69: [146, 163]
70: [163, 134]
71: [117, 92]
72: [79, 80, 81, 58, 59, 60, 61, 62, 54]
73: [63, 81]
74: [64, 81]
75: [65, 81]
76: [66, 81, 58]
77: [81, 59]
78: [81, 60]
79: [81, 61]
80: [81, 62]
81: [54, 66, 81, 65, 64, 80, 79, 63]
82: [102, 117]
83: [146, 163]
84: [163, 134]
85: [117, 92]
86: [79, 80, 81, 82, 58, 59, 60, 61, 62, 54]
87: [63, 82]
88: [64, 82]
89: [65, 82]
90: [66, 82, 58]
91: [82, 59]
92: [82, 60]
93: [82, 61]
94: [82, 62]
95: [54, 66, 82, 81, 65, 64, 80, 79, 63]
96: [102, 117]
97: [146, 163]
98: [163, 134]
99: [117, 92]
100: [79, 80, 81, 82, 83, 58, 59, 60, 61, 62, 54]
101: [63, 83]
102: [64, 83]
103: [65, 83]
104: [66, 83, 58]
105: [83, 59]
106: [83, 60]
107: [83, 61]
108: [83, 62]
109: [54, 83, 66, 82, 81, 65, 64, 80, 79, 63]
110: [102, 117]
111: [146, 163]
112: [163, 134]
113: [117, 92]
114: [79, 80, 81, 82, 83, 84, 58, 59, 60, 61, 62, 54]
115: [63, 84]
116: [64, 84]
117: [65, 84]
118: [66, 84, 58]
119: [84, 59]
120: [84, 60]
121: [84, 61]
122: [84, 62]
123: [54, 84, 83, 66, 82, 81, 65, 64, 80, 79, 63]
124: [102, 117]
125: [146, 163]
126: [163, 134]
127: [117, 92]
128: [79, 80, 81, 82, 83, 84, 85, 58, 59, 60, 61, 62, 54]
129: [63, 85]
130: [64, 85]
131: [65, 85]
132: [66, 85, 58]
133: [85, 59]
134: [85, 60]
135: [85, 61]
136: [85, 62]
137: [54, 85, 84, 83, 66, 82, 81, 65, 64, 80, 79, 63]
138: [102, 117]
139: [146, 163]
140: [163, 134]
141: [117, 92]
142: [79, 80, 81, 82, 83, 84, 85, 86, 58, 59, 60, 61, 62, 54]
143: [63, 86]
144: [64, 86]
145: [65, 86]
146: [66, 86, 58]
147: [86, 59]
148: [86, 60]
149: [86, 61]
150: [86, 62]
151: [54, 86, 85, 84, 83, 66, 82, 81, 65, 64, 80, 79, 63]
152: [102, 117]
153: [146, 163]
154: [163, 134, 175]
155: [117, 92, 127]
156: [79, 80, 81, 82, 83, 84, 85, 86, 58, 59, 60, 61, 62, 54]
157: [79, 80, 81, 82, 83, 84, 85, 86, 58, 59, 60, 61, 62, 63, 54]
158: [64, 79, 80, 81, 82, 83, 84, 85, 86, 58, 59, 60, 61, 62, 63, 54]
159: [64, 65, 79, 80, 81, 82, 83, 84, 85, 86, 58, 59, 60, 61, 62, 63, 54]
160: []
161: [54, 86, 85, 84, 83, 66, 59, 82, 81, 65, 60, 64, 80, 61, 79, 62, 63]
162: [54, 86, 85, 84, 83, 66, 82, 81, 65, 60, 64, 80, 61, 79, 62, 63]
163: [54, 86, 85, 84, 83, 66, 82, 81, 65, 64, 80, 61, 79, 62, 63]
164: [54, 86, 85, 84, 83, 66, 82, 81, 65, 64, 80, 79, 62, 63]
165: [54, 86, 85, 84, 83, 66, 82, 81, 65, 64, 80, 79, 63]
166: [127, 102, 117]
167: [175, 146, 163]
168: [134, 175]
169: [92, 127]
170: [92, 127]
171: [92, 127]
172: [92, 127]
173: [92, 127]
174: [92, 127, 102]
175: [127, 102]
176: [127, 102]
177: [127, 102]
178: [127, 102]
179: [127, 102]
180: [127, 102]
181: [175, 146]
182: [134, 175]
183: [134, 175]
184: [134, 175]
185: [134, 175]
186: [134, 175]
187: [134, 175]
188: [134, 175, 146]
189: [175, 146]
190: [175, 146]
191: [175, 146]
192: [175, 146]
193: [175, 146]
194: [175, 146]
195: [175, 146]
161
0: [163, 135]
1: [163, 135]
2: [163, 135]
3: [163, 135]
4: [163, 135]
5: [163, 135]
6: [163, 135]
7: [147, 163, 135]
8: [147, 163]
9: [147, 163]
10: [147, 163]
11: [147, 163]
12: [147, 163]
13: [147, 163]
14: [163, 135]
15: [117, 93]
16: [117, 93]
17: [117, 93]
18: [117, 93]
19: [117, 93]
20: [117, 93]
21: [103, 117, 93]
22: [103, 117]
23: [103, 117]
24: [103, 117]
25: [103, 117]
26: [103, 117]
27: [147, 163]
28: [163, 135]
29: [117, 93]
30: [59, 60, 61, 62, 54]
31: [63, 59, 60, 61, 62, 54]
32: [64, 63, 59, 60, 61, 62, 54]
33: [65, 64, 63, 59, 60, 61, 62, 54]
34: [66, 65, 64, 63, 54, 59, 60, 61, 62]
35: [67, 66, 65, 64, 54, 63, 59, 60, 61, 62]
36: [67, 66, 65, 64, 54, 63, 60, 61, 62]
37: [67, 66, 65, 54, 64, 63, 61, 62]
38: [67, 66, 54, 65, 64, 63, 62]
39: [67, 54, 66, 65, 64, 63]
40: [103, 117]
41: [147, 163]
42: [163, 135]
43: [117, 93]
44: [79, 59, 60, 61, 62, 54]
45: [63, 79]
46: [64, 79]
47: [65, 79]
48: [66, 79]
49: [67, 79, 59]
50: [79, 60]
51: [79, 61]
52: [79, 62]
53: [54, 67, 66, 65, 64, 79, 63]
54: [103, 117]
55: [147, 163]
56: [163, 135]
57: [117, 93]
58: [79, 80, 59, 60, 61, 62, 54]
59: [63, 80]
60: [64, 80]
61: [65, 80]
62: [66, 80]
63: [67, 80, 59]
64: [80, 60]
65: [80, 61]
66: [80, 62]
67: [54, 67, 66, 65, 64, 80, 79, 63]
68: [103, 117]
69: [147, 163]
70: [163, 135]
71: [117, 93]
72: [79, 80, 81, 59, 60, 61, 62, 54]
73: [63, 81]
74: [64, 81]
75: [65, 81]
76: [66, 81]
77: [67, 81, 59]
78: [81, 60]
79: [81, 61]
80: [81, 62]
81: [54, 67, 66, 81, 65, 64, 80, 79, 63]
82: [103, 117]
83: [147, 163]
84: [163, 135]
85: [117, 93]
86: [79, 80, 81, 82, 59, 60, 61, 62, 54]
87: [63, 82]
88: [64, 82]
89: [65, 82]
90: [66, 82]
91: [67, 82, 59]
92: [82, 60]
93: [82, 61]
94: [82, 62]
95: [54, 67, 66, 82, 81, 65, 64, 80, 79, 63]
96: [103, 117]
97: [147, 163]
98: [163, 135]
99: [117, 93]
100: [79, 80, 81, 82, 83, 59, 60, 61, 62, 54]
101: [63, 83]
102: [64, 83]
103: [65, 83]
104: [66, 83]
105: [67, 83, 59]
106: [83, 60]
107: [83, 61]
108: [83, 62]
109: [54, 83, 67, 66, 82, 81, 65, 64, 80, 79, 63]
110: [103, 117]
111: [147, 163]
112: [163, 135]
113: [117, 93]
114: [79, 80, 81, 82, 83, 84, 59, 60, 61, 62, 54]
115: [63, 84]
116: [64, 84]
117: [65, 84]
118: [66, 84]
119: [67, 84, 59]
120: [84, 60]
121: [84, 61]
122: [84, 62]
123: [54, 84, 83, 67, 66, 82, 81, 65, 64, 80, 79, 63]
124: [103, 117]
125: [147, 163]
126: [163, 135]
127: [117, 93]
128: [79, 80, 81, 82, 83, 84, 85, 59, 60, 61, 62, 54]
129: [63, 85]
130: [64, 85]
131: [65, 85]
132: [66, 85]
133: [67, 85, 59]
134: [85, 60]
135: [85, 61]
136: [85, 62]
137: [54, 85, 84, 83, 67, 66, 82, 81, 65, 64, 80, 79, 63]
138: [103, 117]
139: [147, 163]
140: [163, 135]
141: [117, 93]
142: [79, 80, 81, 82, 83, 84, 85, 86, 59, 60, 61, 62, 54]
143: [63, 86]
144: [64, 86]
145: [65, 86]
146: [66, 86]
147: [67, 86, 59]
148: [86, 60]
149: [86, 61]
150: [86, 62]
151: [54, 86, 85, 84, 83, 67, 66, 82, 81, 65, 64, 80, 79, 63]
152: [103, 117]
153: [147, 163]
154: [163, 135, 175]
155: [117, 93, 127]
156: [79, 80, 81, 82, 83, 84, 85, 86, 59, 60, 61, 62, 54]
157: [79, 80, 81, 82, 83, 84, 85, 86, 59, 60, 61, 62, 63, 54]
158: [64, 79, 80, 81, 82, 83, 84, 85, 86, 59, 60, 61, 62, 63, 54]
159: [64, 65, 79, 80, 81, 82, 83, 84, 85, 86, 59, 60, 61, 62, 63, 54]
160: [64, 65, 66, 79, 80, 81, 82, 83, 84, 85, 86, 59, 60, 61, 62, 63, 54]
161: []
162: [54, 86, 85, 84, 83, 67, 66, 82, 81, 65, 60, 64, 80, 61, 79, 62, 63]
163: [54, 86, 85, 84, 83, 67, 66, 82, 81, 65, 64, 80, 61, 79, 62, 63]
164: [54, 86, 85, 84, 83, 67, 66, 82, 81, 65, 64, 80, 79, 62, 63]
165: [54, 86, 85, 84, 83, 67, 66, 82, 81, 65, 64, 80, 79, 63]
166: [127, 103, 117]
167: [175, 147, 163]
168: [135, 175]
169: [93, 127]
170: [93, 127]
171: [93, 127]
172: [93, 127]
173: [93, 127]
174: [93, 127]
175: [93, 127, 103]
176: [127, 103]
177: [127, 103]
178: [127, 103]
179: [127, 103]
180: [127, 103]
181: [175, 147]
182: [135, 175]
183: [135, 175]
184: [135, 175]
185: [135, 175]
186: [135, 175]
187: [135, 175]
188: [135, 175]
189: [135, 175, 147]
190: [175, 147]
191: [175, 147]
192: [175, 147]
193: [175, 147]
194: [175, 147]
195: [175, 147]
162
0: [163, 136]
1: [163, 136]
2: [163, 136]
3: [163, 136]
4: [163, 136]
5: [163, 136]
6: [163, 136]
7: [163, 136]
8: [148, 163, 136]
9: [148, 163]
10: [148, 163]
11: [148, 163]
12: [148, 163]
13: [148, 163]
14: [163, 136]
15: [117, 94]
16: [117, 94]
17: [117, 94]
18: [117, 94]
19: [117, 94]
20: [117, 94]
21: [117, 94]
22: [104, 117, 94]
23: [104, 117]
24: [104, 117]
25: [104, 117]
26: [104, 117]
27: [148, 163]
28: [163, 136]
29: [117, 94]
30: [60, 61, 62, 54]
31: [63, 60, 61, 62, 54]
32: [64, 63, 60, 61, 62, 54]
33: [65, 64, 63, 62, 60, 61, 54]
34: [66, 65, 64, 54, 63, 60, 61, 62]
35: [67, 66, 65, 64, 54, 63, 60, 61, 62]
36: [68, 67, 66, 65, 54, 64, 63, 60, 61, 62]
37: [68, 67, 66, 54, 65, 64, 63, 61, 62]
38: [68, 67, 54, 66, 65, 64, 63, 62]
39: [68, 54, 67, 66, 65, 64, 63]
40: [104, 117]
41: [148, 163]
42: [163, 136]
43: [117, 94]
44: [60, 61, 62, 79, 54]
45: [63, 79]
46: [64, 79]
47: [65, 79]
48: [66, 79]
49: [67, 79]
50: [68, 79, 60]
51: [79, 61]
52: [79, 62]
53: [54, 68, 67, 66, 65, 64, 79, 63]
54: [104, 117]
55: [148, 163]
56: [163, 136]
57: [117, 94]
58: [79, 80, 60, 61, 62, 54]
59: [63, 80]
60: [64, 80]
61: [65, 80]
62: [66, 80]
63: [67, 80]
64: [68, 80, 60]
65: [80, 61]
66: [80, 62]
67: [54, 68, 67, 66, 65, 64, 80, 79, 63]
68: [104, 117]
69: [148, 163]
70: [163, 136]
71: [117, 94]
72: [79, 80, 81, 60, 61, 62, 54]
73: [63, 81]
74: [64, 81]
75: [65, 81]
76: [66, 81]
77: [67, 81]
78: [68, 81, 60]
79: [81, 61]
80: [81, 62]
81: [54, 68, 67, 66, 81, 65, 64, 80, 79, 63]
82: [104, 117]
83: [148, 163]
84: [163, 136]
85: [117, 94]
86: [79, 80, 81, 82, 60, 61, 62, 54]
87: [63, 82]
88: [64, 82]
89: [65, 82]
90: [66, 82]
91: [67, 82]
92: [68, 82, 60]
93: [82, 61]
94: [82, 62]
95: [54, 68, 67, 66, 82, 81, 65, 64, 80, 79, 63]
96: [104, 117]
97: [148, 163]
98: [163, 136]
99: [117, 94]
100: [79, 80, 81, 82, 83, 60, 61, 62, 54]
101: [63, 83]
102: [64, 83]
103: [65, 83]
104: [66, 83]
105: [67, 83]
106: [68, 83, 60]
107: [83, 61]
108: [83, 62]
109: [54, 68, 83, 67, 66, 82, 81, 65, 64, 80, 79, 63]
110: [104, 117]
111: [148, 163]
112: [163, 136]
113: [117, 94]
114: [79, 80, 81, 82, 83, 84, 60, 61, 62, 54]
115: [63, 84]
116: [64, 84]
117: [65, 84]
118: [66, 84]
119: [67, 84]
120: [68, 84, 60]
121: [84, 61]
122: [84, 62]
123: [54, 68, 84, 83, 67, 66, 82, 81, 65, 64, 80, 79, 63]
124: [104, 117]
125: [148, 163]
126: [163, 136]
127: [117, 94]
128: [79, 80, 81, 82, 83, 84, 85, 60, 61, 62, 54]
129: [63, 85]
130: [64, 85]
131: [65, 85]
132: [66, 85]
133: [67, 85]
134: [68, 85, 60]
135: [85, 61]
136: [85, 62]
137: [54, 85, 68, 84, 83, 67, 66, 82, 81, 65, 64, 80, 79, 63]
138: [104, 117]
139: [148, 163]
140: [163, 136]
141: [117, 94]
142: [79, 80, 81, 82, 83, 84, 85, 86, 60, 61, 62, 54]
143: [63, 86]
144: [64, 86]
145: [65, 86]
146: [66, 86]
147: [67, 86]
148: [68, 86, 60]
149: [86, 61]
150: [86, 62]
151: [54, 86, 85, 68, 84, 83, 67, 66, 82, 81, 65, 64, 80, 79, 63]
152: [104, 117]
153: [148, 163]
154: [163, 136, 175]
155: [117, 94, 127]
156: [79, 80, 81, 82, 83, 84, 85, 86, 60, 61, 62, 54]
157: [79, 80, 81, 82, 83, 84, 85, 86, 60, 61, 62, 63, 54]
158: [64, 79, 80, 81, 82, 83, 84, 85, 86, 60, 61, 62, 63, 54]
159: [64, 65, 79, 80, 81, 82, 83, 84, 85, 86, 60, 61, 62, 63, 54]
160: [64, 65, 66, 79, 80, 81, 82, 83, 84, 85, 86, 60, 61, 62, 63, 54]
161: [64, 65, 66, 67, 79, 80, 81, 82, 83, 84, 85, 86, 60, 61, 62, 63, 54]
162: []
163: [54, 86, 85, 68, 84, 83, 67, 66, 82, 81, 65, 64, 80, 61, 79, 62, 63]
164: [54, 86, 85, 68, 84, 83, 67, 66, 82, 81, 65, 64, 80, 79, 62, 63]
165: [54, 86, 85, 68, 84, 83, 67, 66, 82, 81, 65, 64, 80, 79, 63]
166: [127, 104, 117]
167: [175, 148, 163]
168: [136, 175]
169: [94, 127]
170: [94, 127]
171: [94, 127]
172: [94, 127]
173: [94, 127]
174: [94, 127]
175: [94, 127]
176: [94, 127, 104]
177: [127, 104]
178: [127, 104]
179: [127, 104]
180: [127, 104]
181: [175, 148]
182: [136, 175]
183: [136, 175]
184: [136, 175]
185: [136, 175]
186: [136, 175]
187: [136, 175]
188: [136, 175]
189: [136, 175]
190: [136, 175, 148]
191: [175, 148]
192: [175, 148]
193: [175, 148]
194: [175, 148]
195: [175, 148]
163
0: [163, 137]
1: [163, 137]
2: [163, 137]
3: [163, 137]
4: [163, 137]
5: [163, 137]
6: [163, 137]
7: [163, 137]
8: [163, 137]
9: [149, 163, 137]
10: [149, 163]
11: [149, 163]
12: [149, 163]
13: [149, 163]
14: [163, 137]
15: [117, 95]
16: [117, 95]
17: [117, 95]
18: [117, 95]
19: [117, 95]
20: [117, 95]
21: [117, 95]
22: [117, 95]
23: [105, 117, 95]
24: [105, 117]
25: [105, 117]
26: [105, 117]
27: [149, 163]
28: [163, 137]
29: [117, 95]
30: [61, 62, 54]
31: [63, 61, 62, 54]
32: [64, 63, 62, 61, 54]
33: [65, 64, 54, 63, 61, 62]
34: [66, 65, 64, 54, 63, 61, 62]
35: [67, 66, 65, 54, 64, 63, 61, 62]
36: [68, 67, 66, 54, 65, 64, 63, 61, 62]
37: [69, 68, 67, 54, 66, 65, 64, 63, 61, 62]
38: [69, 68, 54, 67, 66, 65, 64, 63, 62]
39: [69, 54, 68, 67, 66, 65, 64, 63]
40: [105, 117]
41: [149, 163]
42: [163, 137]
43: [117, 95]
44: [61, 62, 79, 54]
45: [63, 79]
46: [64, 79]
47: [65, 79]
48: [66, 79]
49: [67, 79]
50: [68, 79]
51: [69, 79, 61]
52: [79, 62]
53: [54, 69, 68, 67, 66, 65, 64, 79, 63]
54: [105, 117]
55: [149, 163]
56: [163, 137]
57: [117, 95]
58: [80, 61, 62, 79, 54]
59: [63, 80]
60: [64, 80]
61: [65, 80]
62: [66, 80]
63: [67, 80]
64: [68, 80]
65: [69, 80, 61]
66: [80, 62]
67: [54, 69, 68, 67, 66, 65, 64, 80, 79, 63]
68: [105, 117]
69: [149, 163]
70: [163, 137]
71: [117, 95]
72: [79, 80, 81, 61, 62, 54]
73: [63, 81]
74: [64, 81]
75: [65, 81]
76: [66, 81]
77: [67, 81]
78: [68, 81]
79: [69, 81, 61]
80: [81, 62]
81: [54, 69, 68, 67, 66, 81, 65, 64, 80, 79, 63]
82: [105, 117]
83: [149, 163]
84: [163, 137]
85: [117, 95]
86: [79, 80, 81, 82, 61, 62, 54]
87: [63, 82]
88: [64, 82]
89: [65, 82]
90: [66, 82]
91: [67, 82]
92: [68, 82]
93: [69, 82, 61]
94: [82, 62]
95: [54, 69, 68, 67, 66, 82, 81, 65, 64, 80, 79, 63]
96: [105, 117]
97: [149, 163]
98: [163, 137]
99: [117, 95]
100: [79, 80, 81, 82, 83, 61, 62, 54]
101: [63, 83]
102: [64, 83]
103: [65, 83]
104: [66, 83]
105: [67, 83]
106: [68, 83]
107: [69, 83, 61]
108: [83, 62]
109: [54, 69, 68, 83, 67, 66, 82, 81, 65, 64, 80, 79, 63]
110: [105, 117]
111: [149, 163]
112: [163, 137]
113: [117, 95]
114: [79, 80, 81, 82, 83, 84, 61, 62, 54]
115: [63, 84]
116: [64, 84]
117: [65, 84]
118: [66, 84]
119: [67, 84]
120: [68, 84]
121: [69, 84, 61]
122: [84, 62]
123: [54, 69, 68, 84, 83, 67, 66, 82, 81, 65, 64, 80, 79, 63]
124: [105, 117]
125: [149, 163]
126: [163, 137]
127: [117, 95]
128: [79, 80, 81, 82, 83, 84, 85, 61, 62, 54]
129: [63, 85]
130: [64, 85]
131: [65, 85]
132: [66, 85]
133: [67, 85]
134: [68, 85]
135: [69, 85, 61]
136: [85, 62]
137: [54, 85, 69, 68, 84, 83, 67, 66, 82, 81, 65, 64, 80, 79, 63]
138: [105, 117]
139: [149, 163]
140: [163, 137]
141: [117, 95]
142: [79, 80, 81, 82, 83, 84, 85, 86, 61, 62, 54]
143: [63, 86]
144: [64, 86]
145: [65, 86]
146: [66, 86]
147: [67, 86]
148: [68, 86]
149: [69, 86, 61]
150: [86, 62]
151: [54, 86, 85, 69, 68, 84, 83, 67, 66, 82, 81, 65, 64, 80, 79, 63]
152: [105, 117]
153: [149, 163]
154: [163, 137, 175]
155: [117, 95, 127]
156: [79, 80, 81, 82, 83, 84, 85, 86, 61, 62, 54]
157: [79, 80, 81, 82, 83, 84, 85, 86, 61, 62, 63, 54]
158: [64, 79, 80, 81, 82, 83, 84, 85, 86, 61, 62, 63, 54]
159: [64, 65, 79, 80, 81, 82, 83, 84, 85, 86, 61, 62, 63, 54]
160: [64, 65, 66, 79, 80, 81, 82, 83, 84, 85, 86, 61, 62, 63, 54]
161: [64, 65, 66, 67, 79, 80, 81, 82, 83, 84, 85, 86, 61, 62, 63, 54]
162: [64, 65, 66, 67, 68, 79, 80, 81, 82, 83, 84, 85, 86, 61, 62, 63, 54]
163: []
164: [54, 86, 85, 69, 68, 84, 83, 67, 66, 82, 81, 65, 64, 80, 79, 62, 63]
165: [54, 86, 85, 69, 68, 84, 83, 67, 66, 82, 81, 65, 64, 80, 79, 63]
166: [127, 105, 117]
167: [175, 149, 163]
168: [137, 175]
169: [95, 127]
170: [95, 127]
171: [95, 127]
172: [95, 127]
173: [95, 127]
174: [95, 127]
175: [95, 127]
176: [95, 127]
177: [95, 127, 105]
178: [127, 105]
179: [127, 105]
180: [127, 105]
181: [175, 149]
182: [137, 175]
183: [137, 175]
184: [137, 175]
185: [137, 175]
186: [137, 175]
187: [137, 175]
188: [137, 175]
189: [137, 175]
190: [137, 175]
191: [137, 175, 149]
192: [175, 149]
193: [175, 149]
194: [175, 149]
195: [175, 149]
164
0: [163, 138]
1: [163, 138]
2: [163, 138]
3: [163, 138]
4: [163, 138]
5: [163, 138]
6: [163, 138]
7: [163, 138]
8: [163, 138]
9: [163, 138]
10: [150, 163, 138]
11: [150, 163]
12: [150, 163]
13: [150, 163]
14: [163, 138]
15: [117, 96]
16: [117, 96]
17: [117, 96]
18: [117, 96]
19: [117, 96]
20: [117, 96]
21: [117, 96]
22: [117, 96]
23: [117, 96]
24: [106, 117, 96]
25: [106, 117]
26: [106, 117]
27: [150, 163]
28: [163, 138]
29: [117, 96]
30: [62, 54]
31: [63, 62, 54]
32: [64, 54, 63, 62]
33: [65, 64, 54, 63, 62]
34: [66, 65, 54, 64, 63, 62]
35: [67, 66, 54, 65, 64, 63, 62]
36: [68, 67, 54, 66, 65, 64, 63, 62]
37: [69, 68, 54, 67, 66, 65, 64, 63, 62]
38: [70, 69, 54, 68, 67, 66, 65, 64, 63, 62]
39: [70, 54, 69, 68, 67, 66, 65, 64, 63]
40: [106, 117]
41: [150, 163]
42: [163, 138]
43: [117, 96]
44: [62, 79, 54]
45: [63, 79]
46: [64, 79]
47: [65, 79]
48: [66, 79]
49: [67, 79]
50: [68, 79]
51: [69, 79]
52: [70, 79, 62]
53: [54, 70, 69, 68, 67, 66, 65, 64, 79, 63]
54: [106, 117]
55: [150, 163]
56: [163, 138]
57: [117, 96]
58: [80, 62, 79, 54]
59: [63, 80]
60: [64, 80]
61: [65, 80]
62: [66, 80]
63: [67, 80]
64: [68, 80]
65: [69, 80]
66: [70, 80, 62]
67: [54, 70, 69, 68, 67, 66, 65, 64, 80, 79, 63]
68: [106, 117]
69: [150, 163]
70: [163, 138]
71: [117, 96]
72: [80, 81, 62, 79, 54]
73: [63, 81]
74: [64, 81]
75: [65, 81]
76: [66, 81]
77: [67, 81]
78: [68, 81]
79: [69, 81]
80: [70, 81, 62]
81: [54, 70, 69, 68, 67, 66, 81, 65, 64, 80, 79, 63]
82: [106, 117]
83: [150, 163]
84: [163, 138]
85: [117, 96]
86: [79, 80, 81, 82, 62, 54]
87: [63, 82]
88: [64, 82]
89: [65, 82]
90: [66, 82]
91: [67, 82]
92: [68, 82]
93: [69, 82]
94: [70, 82, 62]
95: [54, 70, 69, 68, 67, 66, 82, 81, 65, 64, 80, 79, 63]
96: [106, 117]
97: [150, 163]
98: [163, 138]
99: [117, 96]
100: [79, 80, 81, 82, 83, 62, 54]
101: [63, 83]
102: [64, 83]
103: [65, 83]
104: [66, 83]
105: [67, 83]
106: [68, 83]
107: [69, 83]
108: [70, 83, 62]
109: [54, 70, 69, 68, 83, 67, 66, 82, 81, 65, 64, 80, 79, 63]
110: [106, 117]
111: [150, 163]
112: [163, 138]
113: [117, 96]
114: [79, 80, 81, 82, 83, 84, 62, 54]
115: [63, 84]
116: [64, 84]
117: [65, 84]
118: [66, 84]
119: [67, 84]
120: [68, 84]
121: [69, 84]
122: [70, 84, 62]
123: [54, 70, 69, 68, 84, 83, 67, 66, 82, 81, 65, 64, 80, 79, 63]
124: [106, 117]
125: [150, 163]
126: [163, 138]
127: [117, 96]
128: [79, 80, 81, 82, 83, 84, 85, 62, 54]
129: [63, 85]
130: [64, 85]
131: [65, 85]
132: [66, 85]
133: [67, 85]
134: [68, 85]
135: [69, 85]
136: [70, 85, 62]
137: [54, 70, 85, 69, 68, 84, 83, 67, 66, 82, 81, 65, 64, 80, 79, 63]
138: [106, 117]
139: [150, 163]
140: [163, 138]
141: [117, 96]
142: [79, 80, 81, 82, 83, 84, 85, 86, 62, 54]
143: [63, 86]
144: [64, 86]
145: [65, 86]
146: [66, 86]
147: [67, 86]
148: [68, 86]
149: [69, 86]
150: [70, 86, 62]
151: [54, 86, 70, 85, 69, 68, 84, 83, 67, 66, 82, 81, 65, 64, 80, 79, 63]
152: [106, 117]
153: [150, 163]
154: [163, 138, 175]
155: [117, 96, 127]
156: [79, 80, 81, 82, 83, 84, 85, 86, 62, 54]
157: [79, 80, 81, 82, 83, 84, 85, 86, 62, 63, 54]
158: [64, 79, 80, 81, 82, 83, 84, 85, 86, 62, 63, 54]
159: [64, 65, 79, 80, 81, 82, 83, 84, 85, 86, 62, 63, 54]
160: [64, 65, 66, 79, 80, 81, 82, 83, 84, 85, 86, 62, 63, 54]
161: [64, 65, 66, 67, 79, 80, 81, 82, 83, 84, 85, 86, 62, 63, 54]
162: [64, 65, 66, 67, 68, 79, 80, 81, 82, 83, 84, 85, 86, 62, 63, 54]
163: [64, 65, 66, 67, 68, 69, 79, 80, 81, 82, 83, 84, 85, 86, 62, 63, 54]
164: []
165: [54, 86, 70, 85, 69, 68, 84, 83, 67, 66, 82, 81, 65, 64, 80, 79, 63]
166: [127, 106, 117]
167: [175, 150, 163]
168: [138, 175]
169: [96, 127]
170: [96, 127]
171: [96, 127]
172: [96, 127]
173: [96, 127]
174: [96, 127]
175: [96, 127]
176: [96, 127]
177: [96, 127]
178: [96, 127, 106]
179: [127, 106]
180: [127, 106]
181: [175, 150]
182: [138, 175]
183: [138, 175]
184: [138, 175]
185: [138, 175]
186: [138, 175]
187: [138, 175]
188: [138, 175]
189: [138, 175]
190: [138, 175]
191: [138, 175]
192: [138, 175, 150]
193: [175, 150]
194: [175, 150]
195: [175, 150]
165
0: [163, 139]
1: [163, 139]
2: [163, 139]
3: [163, 139]
4: [163, 139]
5: [163, 139]
6: [163, 139]
7: [163, 139]
8: [163, 139]
9: [163, 139]
10: [163, 139]
11: [151, 163, 139]
12: [151, 163]
13: [151, 163]
14: [163, 139]
15: [117, 97]
16: [117, 97]
17: [117, 97]
18: [117, 97]
19: [117, 97]
20: [117, 97]
21: [117, 97]
22: [117, 97]
23: [117, 97]
24: [117, 97]
25: [107, 117, 97]
26: [107, 117]
27: [151, 163]
28: [163, 139]
29: [117, 97]
30: [54]
31: [54, 63]
32: [64, 54, 63]
33: [65, 54, 64, 63]
34: [66, 54, 65, 64, 63]
35: [67, 54, 66, 65, 64, 63]
36: [68, 54, 67, 66, 65, 64, 63]
37: [69, 54, 68, 67, 66, 65, 64, 63]
38: [70, 54, 69, 68, 67, 66, 65, 64, 63]
39: [54, 70, 69, 68, 67, 66, 65, 64, 63]
40: [107, 117]
41: [151, 163]
42: [163, 139]
43: [117, 97]
44: [79, 54]
45: [63, 79]
46: [64, 79]
47: [65, 79]
48: [66, 79]
49: [67, 79]
50: [68, 79]
51: [69, 79]
52: [70, 79]
53: [54, 70, 69, 68, 67, 66, 65, 64, 79, 63]
54: [107, 117]
55: [151, 163]
56: [163, 139]
57: [117, 97]
58: [80, 79, 54]
59: [63, 80]
60: [64, 80]
61: [65, 80]
62: [66, 80]
63: [67, 80]
64: [68, 80]
65: [69, 80]
66: [70, 80]
67: [54, 70, 69, 68, 67, 66, 65, 64, 80, 79, 63]
68: [107, 117]
69: [151, 163]
70: [163, 139]
71: [117, 97]
72: [80, 81, 79, 54]
73: [63, 81]
74: [64, 81]
75: [65, 81]
76: [66, 81]
77: [67, 81]
78: [68, 81]
79: [69, 81]
80: [70, 81]
81: [54, 70, 69, 68, 67, 66, 81, 65, 64, 80, 79, 63]
82: [107, 117]
83: [151, 163]
84: [163, 139]
85: [117, 97]
86: [80, 81, 82, 79, 54]
87: [63, 82]
88: [64, 82]
89: [65, 82]
90: [66, 82]
91: [67, 82]
92: [68, 82]
93: [69, 82]
94: [70, 82]
95: [54, 70, 69, 68, 67, 66, 82, 81, 65, 64, 80, 79, 63]
96: [107, 117]
97: [151, 163]
98: [163, 139]
99: [117, 97]
100: [79, 80, 81, 82, 83, 54]
101: [63, 83]
102: [64, 83]
103: [65, 83]
104: [66, 83]
105: [67, 83]
106: [68, 83]
107: [69, 83]
108: [70, 83]
109: [54, 70, 69, 68, 83, 67, 66, 82, 81, 65, 64, 80, 79, 63]
110: [107, 117]
111: [151, 163]
112: [163, 139]
113: [117, 97]
114: [79, 80, 81, 82, 83, 84, 54]
115: [63, 84]
116: [64, 84]
117: [65, 84]
118: [66, 84]
119: [67, 84]
120: [68, 84]
121: [69, 84]
122: [70, 84]
123: [54, 70, 69, 68, 84, 83, 67, 66, 82, 81, 65, 64, 80, 79, 63]
124: [107, 117]
125: [151, 163]
126: [163, 139]
127: [117, 97]
128: [79, 80, 81, 82, 83, 84, 85, 54]
129: [63, 85]
130: [64, 85]
131: [65, 85]
132: [66, 85]
133: [67, 85]
134: [68, 85]
135: [69, 85]
136: [70, 85]
137: [54, 70, 85, 69, 68, 84, 83, 67, 66, 82, 81, 65, 64, 80, 79, 63]
138: [107, 117]
139: [151, 163]
140: [163, 139]
141: [117, 97]
142: [79, 80, 81, 82, 83, 84, 85, 86, 54]
143: [63, 86]
144: [64, 86]
145: [65, 86]
146: [66, 86]
147: [67, 86]
148: [68, 86]
149: [69, 86]
150: [70, 86]
151: [54, 86, 70, 85, 69, 68, 84, 83, 67, 66, 82, 81, 65, 64, 80, 79, 63]
152: [107, 117]
153: [151, 163]
154: [163, 139, 175]
155: [117, 97, 127]
156: [79, 80, 81, 82, 83, 84, 85, 86, 54]
157: [79, 80, 81, 82, 83, 84, 85, 86, 63, 54]
158: [64, 79, 80, 81, 82, 83, 84, 85, 86, 63, 54]
159: [64, 65, 79, 80, 81, 82, 83, 84, 85, 86, 63, 54]
160: [64, 65, 66, 79, 80, 81, 82, 83, 84, 85, 86, 63, 54]
161: [64, 65, 66, 67, 79, 80, 81, 82, 83, 84, 85, 86, 63, 54]
162: [64, 65, 66, 67, 68, 79, 80, 81, 82, 83, 84, 85, 86, 63, 54]
163: [64, 65, 66, 67, 68, 69, 79, 80, 81, 82, 83, 84, 85, 86, 63, 54]
164: [64, 65, 66, 67, 68, 69, 70, 79, 80, 81, 82, 83, 84, 85, 86, 63, 54]
165: []
166: [127, 107, 117]
167: [175, 151, 163]
168: [139, 175]
169: [97, 127]
170: [97, 127]
171: [97, 127]
172: [97, 127]
173: [97, 127]
174: [97, 127]
175: [97, 127]
176: [97, 127]
177: [97, 127]
178: [97, 127]
179: [97, 127, 107]
180: [127, 107]
181: [175, 151]
182: [139, 175]
183: [139, 175]
184: [139, 175]
185: [139, 175]
186: [139, 175]
187: [139, 175]
188: [139, 175]
189: [139, 175]
190: [139, 175]
191: [139, 175]
192: [139, 175]
193: [139, 175, 151]
194: [175, 151]
195: [175, 151]
166
0: [163, 140]
1: [163, 140]
2: [163, 140]
3: [163, 140]
4: [163, 140]
5: [163, 140]
6: [163, 140]
7: [163, 140]
8: [163, 140]
9: [163, 140]
10: [163, 140]
11: [163, 140]
12: [152, 163, 140]
13: [152, 163]
14: [163, 140]
15: [117, 87]
16: [87, 98, 117]
17: [87, 99, 98, 117]
18: [87, 100, 99, 98, 117]
19: [87, 101, 100, 99, 98, 117]
20: [87, 102, 101, 100, 99, 98, 117]
21: [87, 103, 102, 101, 100, 99, 98, 117]
22: [87, 104, 103, 102, 101, 100, 99, 98, 117]
23: [87, 105, 104, 103, 102, 101, 100, 99, 98, 117]
24: [87, 106, 105, 104, 103, 102, 101, 100, 99, 98, 117]
25: [87, 107, 106, 105, 104, 103, 102, 101, 100, 99, 98, 117]
26: [87, 107, 106, 105, 104, 103, 102, 101, 100, 99, 98, 117]
27: [152, 163]
28: [163, 140]
29: [117, 118, 87]
30: [98, 118]
31: [99, 118]
32: [100, 118]
33: [101, 118]
34: [102, 118]
35: [103, 118]
36: [104, 118]
37: [105, 118]
38: [106, 118]
39: [107, 118]
40: [87, 107, 106, 105, 104, 103, 102, 101, 100, 99, 98, 117, 118]
41: [152, 163]
42: [163, 140]
43: [117, 118, 119, 87]
44: [98, 119]
45: [99, 119]
46: [100, 119]
47: [101, 119]
48: [102, 119]
49: [103, 119]
50: [104, 119]
51: [105, 119]
52: [106, 119]
53: [107, 119]
54: [87, 107, 106, 105, 104, 103, 102, 101, 100, 99, 119, 98, 117, 118]
55: [152, 163]
56: [163, 140]
57: [117, 120, 118, 119, 87]
58: [98, 120]
59: [99, 120]
60: [100, 120]
61: [101, 120]
62: [102, 120]
63: [103, 120]
64: [104, 120]
65: [105, 120]
66: [106, 120]
67: [107, 120]
68: [87, 107, 106, 105, 104, 103, 102, 101, 120, 100, 99, 119, 98, 117, 118]
69: [152, 163]
70: [163, 140]
71: [117, 120, 121, 118, 119, 87]
72: [98, 121]
73: [99, 121]
74: [100, 121]
75: [101, 121]
76: [102, 121]
77: [103, 121]
78: [104, 121]
79: [105, 121]
80: [106, 121]
81: [107, 121]
82: [87, 107, 106, 105, 104, 103, 102, 121, 101, 120, 100, 99, 119, 98, 117, 118]
83: [152, 163]
84: [163, 140]
85: [117, 118, 119, 120, 121, 122, 87]
86: [98, 122]
87: [99, 122]
88: [100, 122]
89: [101, 122]
90: [102, 122]
91: [103, 122]
92: [104, 122]
93: [105, 122]
94: [106, 122]
95: [107, 122]
96: [87, 107, 106, 105, 104, 103, 122, 102, 121, 101, 120, 100, 99, 119, 98, 117, 118]
97: [152, 163]
98: [163, 140]
99: [117, 118, 119, 120, 121, 122, 123, 87]
100: [98, 123]
101: [99, 123]
102: [100, 123]
103: [101, 123]
104: [102, 123]
105: [103, 123]
106: [104, 123]
107: [105, 123]
108: [106, 123]
109: [107, 123]
110: [87, 107, 106, 105, 104, 123, 103, 122, 102, 121, 101, 120, 100, 99, 119, 98, 117, 118]
111: [152, 163]
112: [163, 140]
113: [117, 118, 119, 120, 121, 122, 123, 124, 87]
114: [98, 124]
115: [99, 124]
116: [100, 124]
117: [101, 124]
118: [102, 124]
119: [103, 124]
120: [104, 124]
121: [105, 124]
122: [106, 124]
123: [107, 124]
124: [87, 107, 106, 105, 104, 124, 123, 103, 122, 102, 121, 101, 120, 100, 99, 119, 98, 117, 118]
125: [152, 163]
126: [163, 140]
127: [117, 118, 119, 120, 121, 122, 123, 124, 125, 87]
128: [98, 125]
129: [99, 125]
130: [100, 125]
131: [101, 125]
132: [102, 125]
133: [103, 125]
134: [104, 125]
135: [105, 125]
136: [106, 125]
137: [107, 125]
138: [87, 107, 106, 105, 125, 104, 124, 123, 103, 122, 102, 121, 101, 120, 100, 99, 119, 98, 117, 118]
139: [152, 163]
140: [163, 140]
141: [117, 118, 119, 120, 121, 122, 123, 124, 125, 126, 87]
142: [98, 126]
143: [99, 126]
144: [100, 126]
145: [101, 126]
146: [102, 126]
147: [103, 126]
148: [104, 126]
149: [105, 126]
150: [106, 126]
151: [107, 126]
152: [87, 107, 106, 126, 105, 125, 104, 124, 123, 103, 122, 102, 121, 101, 120, 100, 99, 119, 98, 117, 118]
153: [152, 163]
154: [163, 140, 175]
155: [117, 118, 119, 120, 121, 122, 123, 124, 125, 126, 127, 87]
156: [117, 98, 127]
157: [117, 99, 127]
158: [117, 100, 127]
159: [117, 101, 127]
160: [117, 102, 127]
161: [117, 103, 127]
162: [117, 104, 127]
163: [117, 105, 127]
164: [117, 106, 127]
165: [117, 107, 127]
166: []
167: [175, 152, 163]
168: [140, 175]
169: [118, 119, 120, 121, 122, 123, 124, 125, 126, 127, 87]
170: [98, 118, 119, 120, 121, 122, 123, 124, 125, 126, 127, 87]
171: [98, 99, 118, 119, 120, 121, 122, 123, 124, 125, 126, 127, 87]
172: [98, 99, 100, 118, 119, 120, 121, 122, 123, 124, 125, 126, 127, 87]
173: [98, 99, 100, 101, 118, 119, 120, 121, 122, 123, 124, 125, 126, 127, 87]
174: [98, 99, 100, 101, 102, 118, 119, 120, 121, 122, 123, 124, 125, 126, 127, 87]
175: [98, 99, 100, 101, 102, 103, 118, 119, 120, 121, 122, 123, 124, 125, 126, 127, 87]
176: [98, 99, 100, 101, 102, 103, 104, 118, 119, 120, 121, 122, 123, 124, 125, 126, 127, 87]
177: [98, 99, 100, 101, 102, 103, 104, 105, 118, 119, 120, 121, 122, 123, 124, 125, 126, 127, 87]
178: [98, 99, 100, 101, 102, 103, 104, 105, 106, 118, 119, 120, 121, 122, 123, 124, 125, 126, 127, 87]
179: [98, 99, 100, 101, 102, 103, 104, 105, 106, 107, 118, 119, 120, 121, 122, 123, 124, 125, 126, 127, 87]
180: [98, 99, 100, 101, 102, 103, 104, 105, 106, 107, 118, 119, 120, 121, 122, 123, 124, 125, 126, 127, 87]
181: [175, 152]
182: [140, 175]
183: [140, 175]
184: [140, 175]
185: [140, 175]
186: [140, 175]
187: [140, 175]
188: [140, 175]
189: [140, 175]
190: [140, 175]
191: [140, 175]
192: [140, 175]
193: [140, 175]
194: [140, 175, 152]
195: [175, 152]
167
0: [128, 163, 164]
1: [128, 163, 164, 141]
2: [128, 163, 142, 164, 141]
3: [128, 143, 163, 142, 164, 141]
4: [128, 144, 143, 163, 142, 164, 141]
5: [128, 145, 144, 143, 163, 142, 164, 141]
6: [128, 146, 145, 144, 143, 163, 142, 164, 141]
7: [128, 147, 146, 145, 144, 143, 163, 142, 164, 141]
8: [128, 148, 147, 146, 145, 144, 143, 163, 142, 164, 141]
9: [128, 149, 148, 147, 146, 145, 144, 143, 163, 142, 164, 141]
10: [128, 150, 149, 148, 147, 146, 145, 144, 143, 163, 142, 164, 141]
11: [128, 151, 150, 149, 148, 147, 146, 145, 144, 143, 163, 142, 164, 141]
12: [128, 152, 151, 150, 149, 148, 147, 146, 145, 144, 143, 163, 142, 164, 141]
13: [128, 152, 151, 150, 149, 148, 147, 146, 145, 144, 143, 163, 142, 164, 141]
14: [163, 128, 164, 165]
15: [141, 165]
16: [142, 165]
17: [143, 165]
18: [144, 165]
19: [145, 165]
20: [146, 165]
21: [147, 165]
22: [148, 165]
23: [149, 165]
24: [150, 165]
25: [151, 165]
26: [152, 165]
27: [128, 152, 151, 150, 149, 148, 147, 146, 145, 144, 143, 163, 142, 164, 141, 165]
28: [163, 164, 128, 165, 166]
29: [141, 166]
30: [142, 166]
31: [143, 166]
32: [144, 166]
33: [145, 166]
34: [146, 166]
35: [147, 166]
36: [148, 166]
37: [149, 166]
38: [150, 166]
39: [151, 166]
40: [152, 166]
41: [128, 152, 151, 150, 149, 148, 147, 146, 145, 144, 143, 163, 166, 142, 164, 141, 165]
42: [163, 164, 165, 166, 167, 128]
43: [141, 167]
44: [142, 167]
45: [143, 167]
46: [144, 167]
47: [145, 167]
48: [146, 167]
49: [147, 167]
50: [148, 167]
51: [149, 167]
52: [150, 167]
53: [151, 167]
54: [152, 167]
55: [128, 152, 151, 150, 149, 148, 147, 146, 145, 144, 167, 143, 163, 166, 142, 164, 141, 165]
56: [163, 164, 168, 165, 166, 167, 128]
57: [141, 168]
58: [142, 168]
59: [143, 168]
60: [144, 168]
61: [145, 168]
62: [146, 168]
63: [147, 168]
64: [148, 168]
65: [149, 168]
66: [150, 168]
67: [151, 168]
68: [152, 168]
69: [128, 152, 151, 150, 149, 148, 147, 146, 145, 144, 168, 167, 143, 163, 166, 142, 164, 141, 165]
70: [163, 164, 165, 166, 167, 168, 169, 128]
71: [141, 169]
72: [142, 169]
73: [143, 169]
74: [144, 169]
75: [145, 169]
76: [146, 169]
77: [147, 169]
78: [148, 169]
79: [149, 169]
80: [150, 169]
81: [151, 169]
82: [152, 169]
83: [128, 152, 151, 150, 149, 148, 147, 146, 145, 169, 144, 168, 167, 143, 163, 166, 142, 164, 141, 165]
84: [163, 164, 165, 166, 167, 168, 169, 170, 128]
85: [141, 170]
86: [142, 170]
87: [143, 170]
88: [144, 170]
89: [145, 170]
90: [146, 170]
91: [147, 170]
92: [148, 170]
93: [149, 170]
94: [150, 170]
95: [151, 170]
96: [152, 170]
97: [128, 152, 151, 150, 149, 148, 147, 170, 146, 145, 169, 144, 168, 167, 143, 163, 166, 142, 164, 141, 165]
98: [163, 164, 165, 166, 167, 168, 169, 170, 171, 128]
99: [141, 171]
100: [142, 171]
101: [143, 171]
102: [144, 171]
103: [145, 171]
104: [146, 171]
105: [147, 171]
106: [148, 171]
107: [149, 171]
108: [150, 171]
109: [151, 171]
110: [152, 171]
111: [128, 152, 151, 150, 149, 148, 147, 171, 170, 146, 145, 169, 144, 168, 167, 143, 163, 166, 142, 164, 141, 165]
112: [163, 164, 165, 166, 167, 168, 169, 170, 171, 172, 128]
113: [141, 172]
114: [142, 172]
115: [143, 172]
116: [144, 172]
117: [145, 172]
118: [146, 172]
119: [147, 172]
120: [148, 172]
121: [149, 172]
122: [150, 172]
123: [151, 172]
124: [152, 172]
125: [128, 152, 151, 150, 149, 172, 148, 147, 171, 170, 146, 145, 169, 144, 168, 167, 143, 163, 166, 142, 164, 141, 165]
126: [163, 164, 165, 166, 167, 168, 169, 170, 171, 172, 173, 128]
127: [141, 173]
128: [142, 173]
129: [143, 173]
130: [144, 173]
131: [145, 173]
132: [146, 173]
133: [147, 173]
134: [148, 173]
135: [149, 173]
136: [150, 173]
137: [151, 173]
138: [152, 173]
139: [128, 152, 151, 150, 149, 173, 172, 148, 147, 171, 170, 146, 145, 169, 144, 168, 167, 143, 163, 166, 142, 164, 141, 165]
140: [163, 164, 165, 166, 167, 168, 169, 170, 171, 172, 173, 174, 128]
141: [141, 174]
142: [142, 174]
143: [143, 174]
144: [144, 174]
145: [145, 174]
146: [146, 174]
147: [147, 174]
148: [148, 174]
149: [149, 174]
150: [150, 174]
151: [151, 174]
152: [152, 174]
153: [128, 152, 151, 174, 150, 149, 173, 172, 148, 147, 171, 170, 146, 145, 169, 144, 168, 167, 143, 163, 166, 142, 164, 141, 165]
154: [163, 164, 165, 166, 167, 168, 169, 170, 171, 172, 173, 174, 175, 128]
155: [163, 141, 175]
156: [163, 142, 175]
157: [163, 143, 175]
158: [163, 144, 175]
159: [163, 145, 175]
160: [163, 146, 175]
161: [163, 147, 175]
162: [163, 148, 175]
163: [163, 149, 175]
164: [163, 150, 175]
165: [163, 151, 175]
166: [163, 152, 175]
167: []
168: [164, 165, 166, 167, 168, 169, 170, 171, 172, 173, 174, 175, 128]
169: [164, 141]
170: [164, 142]
171: [164, 143]
172: [164, 144]
173: [164, 145]
174: [164, 146]
175: [164, 147]
176: [164, 148]
177: [164, 149]
178: [164, 150]
179: [164, 151]
180: [164, 152]
181: [141, 142, 143, 144, 145, 146, 147, 148, 149, 150, 151, 152, 164, 165, 166, 167, 168, 169, 170, 171, 172, 173, 174, 175, 128]
182: [165, 166, 167, 168, 169, 170, 171, 172, 173, 174, 175, 128]
183: [165, 166, 167, 168, 169, 170, 171, 172, 141, 173, 174, 175, 128]
184: [165, 166, 167, 168, 169, 170, 171, 172, 141, 142, 173, 174, 175, 128]
185: [165, 166, 167, 168, 169, 170, 171, 172, 141, 142, 143, 173, 174, 175, 128]
186: [165, 166, 167, 168, 169, 170, 171, 172, 141, 142, 143, 144, 173, 174, 175, 128]
187: [165, 166, 167, 168, 169, 170, 171, 172, 141, 142, 143, 144, 145, 173, 174, 175, 128]
188: [165, 166, 167, 168, 169, 170, 171, 172, 141, 142, 143, 144, 145, 146, 173, 174, 175, 128]
189: [165, 166, 167, 168, 169, 170, 171, 172, 141, 142, 143, 144, 145, 146, 147, 173, 174, 175, 128]
190: [141, 142, 143, 144, 145, 146, 147, 148, 165, 166, 167, 168, 169, 170, 171, 172, 173, 174, 175, 128]
191: [141, 142, 143, 144, 145, 146, 147, 148, 149, 165, 166, 167, 168, 169, 170, 171, 172, 173, 174, 175, 128]
192: [141, 142, 143, 144, 145, 146, 147, 148, 149, 150, 165, 166, 167, 168, 169, 170, 171, 172, 173, 174, 175, 128]
193: [141, 142, 143, 144, 145, 146, 147, 148, 149, 150, 151, 165, 166, 167, 168, 169, 170, 171, 172, 173, 174, 175, 128]
194: [141, 142, 143, 144, 145, 146, 147, 148, 149, 150, 151, 152, 165, 166, 167, 168, 169, 170, 171, 172, 173, 174, 175, 128]
195: [141, 142, 143, 144, 145, 146, 147, 148, 149, 150, 151, 152, 165, 166, 167, 168, 169, 170, 171, 172, 173, 174, 175, 128]
168
0: [129, 130, 131, 132, 133, 134, 135, 136, 137, 138, 139, 140, 164, 128]
1: [129, 130, 131, 132, 133, 134, 135, 136, 137, 138, 139, 140, 164, 128]
2: [130, 131, 132, 133, 134, 135, 136, 137, 138, 139, 140, 164, 128]
3: [131, 132, 133, 134, 135, 136, 137, 138, 139, 140, 164, 128]
4: [132, 133, 134, 135, 136, 137, 138, 139, 140, 164, 128]
5: [164, 133, 134, 135, 136, 137, 138, 139, 140, 128]
6: [164, 134, 135, 136, 137, 138, 139, 140, 128]
7: [164, 135, 136, 137, 138, 139, 140, 128]
8: [164, 136, 137, 138, 139, 140, 128]
9: [164, 137, 138, 139, 140, 128]
10: [164, 138, 139, 140, 128]
11: [164, 139, 140, 128]
12: [164, 140, 128]
13: [164, 128]
14: [129, 130, 131, 132, 133, 134, 135, 136, 137, 138, 139, 140, 164, 165, 128]
15: [165, 129]
16: [165, 130]
17: [165, 131]
18: [165, 132]
19: [165, 133]
20: [165, 134]
21: [165, 135]
22: [165, 136]
23: [165, 137]
24: [165, 138]
25: [165, 139]
26: [165, 140]
27: [165, 128, 164]
28: [129, 130, 131, 132, 133, 134, 135, 136, 137, 138, 139, 140, 164, 165, 166, 128]
29: [166, 129]
30: [166, 130]
31: [166, 131]
32: [166, 132]
33: [166, 133]
34: [166, 134]
35: [166, 135]
36: [166, 136]
37: [166, 137]
38: [166, 138]
39: [166, 139]
40: [166, 140]
41: [166, 128, 165, 164]
42: [129, 130, 131, 132, 133, 134, 135, 136, 137, 138, 139, 140, 164, 165, 166, 167, 128]
43: [167, 129]
44: [167, 130]
45: [167, 131]
46: [167, 132]
47: [167, 133]
48: [167, 134]
49: [167, 135]
50: [167, 136]
51: [167, 137]
52: [167, 138]
53: [167, 139]
54: [167, 140]
55: [167, 128, 166, 165, 164]
56: [129, 130, 131, 132, 133, 134, 135, 136, 137, 138, 139, 140, 164, 165, 166, 167, 168, 128]
57: [168, 129]
58: [168, 130]
59: [168, 131]
60: [168, 132]
61: [168, 133]
62: [168, 134]
63: [168, 135]
64: [168, 136]
65: [168, 137]
66: [168, 138]
67: [168, 139]
68: [168, 140]
69: [168, 128, 167, 166, 165, 164]
70: [129, 130, 131, 132, 133, 134, 135, 136, 137, 138, 139, 140, 164, 165, 166, 167, 168, 169, 128]
71: [169, 129]
72: [169, 130]
73: [169, 131]
74: [169, 132]
75: [169, 133]
76: [169, 134]
77: [169, 135]
78: [169, 136]
79: [169, 137]
80: [169, 138]
81: [169, 139]
82: [169, 140]
83: [169, 128, 168, 167, 166, 165, 164]
84: [129, 130, 131, 132, 133, 134, 135, 136, 137, 138, 139, 140, 164, 165, 166, 167, 168, 169, 170, 128]
85: [170, 129]
86: [170, 130]
87: [170, 131]
88: [170, 132]
89: [170, 133]
90: [170, 134]
91: [170, 135]
92: [170, 136]
93: [170, 137]
94: [170, 138]
95: [170, 139]
96: [170, 140]
97: [170, 128, 169, 168, 167, 166, 165, 164]
98: [129, 130, 131, 132, 133, 134, 135, 136, 137, 138, 139, 140, 164, 165, 166, 167, 168, 169, 170, 171, 128]
99: [171, 129]
100: [171, 130]
101: [171, 131]
102: [171, 132]
103: [171, 133]
104: [171, 134]
105: [171, 135]
106: [171, 136]
107: [171, 137]
108: [171, 138]
109: [171, 139]
110: [171, 140]
111: [171, 128, 170, 169, 168, 167, 166, 165, 164]
112: [129, 130, 131, 132, 133, 134, 135, 136, 137, 138, 139, 140, 164, 165, 166, 167, 168, 169, 170, 171, 172, 128]
113: [172, 129]
114: [172, 130]
115: [172, 131]
116: [172, 132]
117: [172, 133]
118: [172, 134]
119: [172, 135]
120: [172, 136]
121: [172, 137]
122: [172, 138]
123: [172, 139]
124: [172, 140]
125: [172, 128, 171, 170, 169, 168, 167, 166, 165, 164]
126: [129, 130, 131, 132, 133, 134, 135, 136, 137, 138, 139, 140, 164, 165, 166, 167, 168, 169, 170, 171, 172, 173, 128]
127: [173, 129]
128: [173, 130]
129: [173, 131]
130: [173, 132]
131: [173, 133]
132: [173, 134]
133: [173, 135]
134: [173, 136]
135: [173, 137]
136: [173, 138]
137: [173, 139]
138: [173, 140]
139: [173, 128, 172, 171, 170, 169, 168, 167, 166, 165, 164]
140: [129, 130, 131, 132, 133, 134, 135, 136, 137, 138, 139, 140, 164, 165, 166, 167, 168, 169, 170, 171, 172, 173, 174, 128]
141: [174, 129]
142: [174, 130]
143: [174, 131]
144: [174, 132]
145: [174, 133]
146: [174, 134]
147: [174, 135]
148: [174, 136]
149: [174, 137]
150: [174, 138]
151: [174, 139]
152: [174, 140]
153: [174, 128, 173, 172, 171, 170, 169, 168, 167, 166, 165, 164]
154: [129, 130, 131, 132, 133, 134, 135, 136, 137, 138, 139, 140, 164, 165, 166, 167, 168, 169, 170, 171, 172, 173, 174, 175, 128]
155: [175, 129]
156: [175, 130]
157: [175, 131]
158: [175, 132]
159: [175, 133]
160: [175, 134]
161: [175, 135]
162: [175, 136]
163: [175, 137]
164: [175, 138]
165: [175, 139]
166: [175, 140]
167: [175, 128, 174, 173, 172, 171, 170, 169, 168, 167, 166, 165, 164]
168: []
169: [176, 129, 164]
170: [176, 130, 164]
171: [176, 131, 164]
172: [176, 132, 164]
173: [176, 133, 164]
174: [176, 134, 164]
175: [176, 135, 164]
176: [176, 136, 164]
177: [176, 137, 164]
178: [176, 138, 164]
179: [176, 139, 164]
180: [176, 140, 164]
181: [176, 128, 175, 174, 173, 172, 171, 170, 169, 168, 167, 166, 165, 164]
182: [128, 176, 129, 130, 175, 131, 174, 132, 173, 172, 133, 171, 134, 170, 135, 136, 169, 168, 137, 138, 167, 139, 166, 140, 165]
183: [128, 176, 129, 130, 175, 131, 174, 132, 173, 172, 133, 171, 134, 170, 135, 136, 169, 168, 137, 138, 167, 139, 166, 140, 165]
184: [128, 176, 130, 175, 131, 174, 132, 173, 172, 133, 171, 134, 170, 135, 136, 169, 168, 137, 138, 167, 139, 166, 140, 165]
185: [128, 176, 175, 131, 174, 132, 173, 172, 133, 171, 134, 170, 135, 136, 169, 168, 137, 138, 167, 139, 166, 140, 165]
186: [128, 176, 175, 174, 132, 173, 172, 133, 171, 134, 170, 135, 136, 169, 168, 137, 138, 167, 139, 166, 140, 165]
187: [128, 176, 175, 174, 173, 172, 133, 171, 134, 170, 135, 136, 169, 168, 137, 138, 167, 139, 166, 140, 165]
188: [128, 176, 175, 174, 173, 172, 171, 134, 170, 135, 136, 169, 168, 137, 138, 167, 139, 166, 140, 165]
189: [128, 176, 175, 174, 173, 172, 171, 170, 135, 136, 169, 168, 137, 138, 167, 139, 166, 140, 165]
190: [128, 176, 175, 174, 173, 172, 171, 170, 136, 169, 168, 137, 138, 167, 139, 166, 140, 165]
191: [128, 176, 175, 174, 173, 172, 171, 170, 169, 168, 137, 138, 167, 139, 166, 140, 165]
192: [128, 176, 175, 174, 173, 172, 171, 170, 169, 168, 138, 167, 139, 166, 140, 165]
193: [128, 176, 175, 174, 173, 172, 171, 170, 169, 168, 167, 139, 166, 140, 165]
194: [128, 176, 175, 174, 173, 172, 171, 170, 169, 168, 167, 166, 140, 165]
195: [128, 176, 175, 174, 173, 172, 171, 170, 169, 168, 167, 166, 165]
169
0: [164, 129]
1: [141, 164, 129]
2: [141, 164]
3: [141, 164]
4: [141, 164]
5: [141, 164]
6: [141, 164]
7: [141, 164]
8: [141, 164]
9: [141, 164]
10: [141, 164]
11: [141, 164]
12: [141, 164]
13: [141, 164]
14: [164, 129]
15: [96, 97, 88, 89, 90, 91, 92, 93, 94, 95, 87]
16: [96, 97, 88, 89, 90, 91, 92, 93, 94, 95, 87]
17: [96, 97, 89, 90, 91, 92, 93, 94, 95, 87]
18: [96, 97, 90, 91, 92, 93, 94, 95, 87]
19: [96, 97, 91, 92, 93, 94, 95, 87]
20: [96, 97, 92, 93, 94, 95, 87]
21: [96, 97, 93, 94, 95, 87]
22: [96, 97, 94, 95, 87]
23: [96, 97, 95, 87]
24: [96, 97, 87]
25: [97, 87]
26: [87]
27: [141, 164]
28: [164, 129]
29: [96, 97, 118, 88, 89, 90, 91, 92, 93, 94, 95, 87]
30: [118, 88]
31: [118, 89]
32: [118, 90]
33: [118, 91]
34: [118, 92]
35: [118, 93]
36: [118, 94]
37: [118, 95]
38: [118, 96]
39: [118, 97]
40: [118, 87]
41: [141, 164]
42: [164, 129]
43: [96, 97, 118, 119, 88, 89, 90, 91, 92, 93, 94, 95, 87]
44: [119, 88]
45: [119, 89]
46: [119, 90]
47: [119, 91]
48: [119, 92]
49: [119, 93]
50: [119, 94]
51: [119, 95]
52: [119, 96]
53: [119, 97]
54: [119, 87, 118]
55: [141, 164]
56: [164, 129]
57: [96, 97, 120, 118, 119, 88, 89, 90, 91, 92, 93, 94, 95, 87]
58: [120, 88]
59: [120, 89]
60: [120, 90]
61: [120, 91]
62: [120, 92]
63: [120, 93]
64: [120, 94]
65: [120, 95]
66: [120, 96]
67: [120, 97]
68: [120, 87, 119, 118]
69: [141, 164]
70: [164, 129]
71: [96, 97, 121, 120, 118, 119, 88, 89, 90, 91, 92, 93, 94, 95, 87]
72: [121, 88]
73: [121, 89]
74: [121, 90]
75: [121, 91]
76: [121, 92]
77: [121, 93]
78: [121, 94]
79: [121, 95]
80: [121, 96]
81: [121, 97]
82: [121, 87, 120, 119, 118]
83: [141, 164]
84: [164, 129]
85: [96, 97, 121, 122, 120, 118, 119, 88, 89, 90, 91, 92, 93, 94, 95, 87]
86: [122, 88]
87: [122, 89]
88: [122, 90]
89: [122, 91]
90: [122, 92]
91: [122, 93]
92: [122, 94]
93: [122, 95]
94: [122, 96]
95: [122, 97]
96: [122, 87, 121, 120, 119, 118]
97: [141, 164]
98: [164, 129]
99: [96, 97, 121, 122, 123, 120, 118, 119, 88, 89, 90, 91, 92, 93, 94, 95, 87]
100: [123, 88]
101: [123, 89]
102: [123, 90]
103: [123, 91]
104: [123, 92]
105: [123, 93]
106: [123, 94]
107: [123, 95]
108: [123, 96]
109: [123, 97]
110: [123, 87, 122, 121, 120, 119, 118]
111: [141, 164]
112: [164, 129]
113: [96, 97, 121, 122, 123, 120, 124, 118, 119, 88, 89, 90, 91, 92, 93, 94, 95, 87]
114: [124, 88]
115: [124, 89]
116: [124, 90]
117: [124, 91]
118: [124, 92]
119: [124, 93]
120: [124, 94]
121: [124, 95]
122: [124, 96]
123: [124, 97]
124: [124, 87, 123, 122, 121, 120, 119, 118]
125: [141, 164]
126: [164, 129]
127: [96, 97, 121, 122, 123, 120, 124, 125, 118, 119, 88, 89, 90, 91, 92, 93, 94, 95, 87]
128: [125, 88]
129: [125, 89]
130: [125, 90]
131: [125, 91]
132: [125, 92]
133: [125, 93]
134: [125, 94]
135: [125, 95]
136: [125, 96]
137: [125, 97]
138: [125, 87, 124, 123, 122, 121, 120, 119, 118]
139: [141, 164]
140: [164, 129]
141: [88, 89, 90, 91, 92, 93, 94, 95, 96, 97, 118, 119, 120, 121, 122, 123, 124, 125, 126, 87]
142: [126, 88]
143: [126, 89]
144: [126, 90]
145: [126, 91]
146: [126, 92]
147: [126, 93]
148: [126, 94]
149: [126, 95]
150: [126, 96]
151: [126, 97]
152: [126, 87, 125, 124, 123, 122, 121, 120, 119, 118]
153: [141, 164]
154: [164, 129]
155: [88, 89, 90, 91, 92, 93, 94, 95, 96, 97, 118, 119, 120, 121, 122, 123, 124, 125, 126, 127, 87]
156: [127, 88]
157: [127, 89]
158: [127, 90]
159: [127, 91]
160: [127, 92]
161: [127, 93]
162: [127, 94]
163: [127, 95]
164: [127, 96]
165: [127, 97]
166: [127, 87, 126, 125, 124, 123, 122, 121, 120, 119, 118]
167: [141, 164]
168: [164, 129, 176]
169: []
170: [87, 88, 127, 89, 126, 90, 125, 91, 124, 123, 92, 122, 93, 121, 94, 120, 95, 96, 119, 97, 118]
171: [87, 127, 89, 126, 90, 125, 91, 124, 123, 92, 122, 93, 121, 94, 120, 95, 96, 119, 97, 118]
172: [87, 127, 126, 90, 125, 91, 124, 123, 92, 122, 93, 121, 94, 120, 95, 96, 119, 97, 118]
173: [87, 127, 126, 125, 91, 124, 123, 92, 122, 93, 121, 94, 120, 95, 96, 119, 97, 118]
174: [87, 127, 126, 125, 124, 123, 92, 122, 93, 121, 94, 120, 95, 96, 119, 97, 118]
175: [87, 127, 126, 125, 124, 123, 122, 93, 121, 94, 120, 95, 96, 119, 97, 118]
176: [87, 127, 126, 125, 124, 123, 122, 121, 94, 120, 95, 96, 119, 97, 118]
177: [87, 127, 126, 125, 124, 123, 122, 121, 120, 95, 96, 119, 97, 118]
178: [87, 127, 126, 125, 124, 123, 122, 121, 120, 96, 119, 97, 118]
179: [87, 127, 126, 125, 124, 123, 122, 121, 120, 119, 97, 118]
180: [87, 127, 126, 125, 124, 123, 122, 121, 120, 119, 118]
181: [176, 141, 164]
182: [129, 176]
183: [129, 176, 141]
184: [176, 141]
185: [176, 141]
186: [176, 141]
187: [176, 141]
188: [176, 141]
189: [176, 141]
190: [176, 141]
191: [176, 141]
192: [176, 141]
193: [176, 141]
194: [176, 141]
195: [176, 141]
170
0: [164, 130]
1: [164, 130]
2: [142, 164, 130]
3: [142, 164]
4: [142, 164]
5: [142, 164]
6: [142, 164]
7: [142, 164]
8: [142, 164]
9: [142, 164]
10: [142, 164]
11: [142, 164]
12: [142, 164]
13: [142, 164]
14: [164, 130]
15: [96, 97, 88, 89, 90, 91, 92, 93, 94, 95, 87]
16: [98, 96, 97, 88, 89, 90, 91, 92, 93, 94, 95, 87]
17: [98, 96, 97, 89, 90, 91, 92, 93, 94, 95, 87]
18: [98, 96, 97, 90, 91, 92, 93, 94, 95, 87]
19: [98, 96, 97, 91, 92, 93, 94, 95, 87]
20: [98, 96, 97, 92, 93, 94, 95, 87]
21: [98, 96, 97, 93, 94, 95, 87]
22: [98, 96, 97, 94, 95, 87]
23: [98, 96, 97, 95, 87]
24: [98, 96, 97, 87]
25: [98, 97, 87]
26: [98, 87]
27: [142, 164]
28: [164, 130]
29: [96, 97, 118, 88, 89, 90, 91, 92, 93, 94, 95, 87]
30: [98, 118, 88]
31: [118, 89]
32: [118, 90]
33: [118, 91]
34: [118, 92]
35: [118, 93]
36: [118, 94]
37: [118, 95]
38: [118, 96]
39: [118, 97]
40: [87, 98, 118]
41: [142, 164]
42: [164, 130]
43: [96, 97, 118, 119, 88, 89, 90, 91, 92, 93, 94, 95, 87]
44: [98, 119, 88]
45: [119, 89]
46: [119, 90]
47: [119, 91]
48: [119, 92]
49: [119, 93]
50: [119, 94]
51: [119, 95]
52: [119, 96]
53: [119, 97]
54: [87, 119, 98, 118]
55: [142, 164]
56: [164, 130]
57: [96, 97, 120, 118, 119, 88, 89, 90, 91, 92, 93, 94, 95, 87]
58: [98, 120, 88]
59: [120, 89]
60: [120, 90]
61: [120, 91]
62: [120, 92]
63: [120, 93]
64: [120, 94]
65: [120, 95]
66: [120, 96]
67: [120, 97]
68: [87, 120, 119, 98, 118]
69: [142, 164]
70: [164, 130]
71: [96, 97, 121, 120, 118, 119, 88, 89, 90, 91, 92, 93, 94, 95, 87]
72: [98, 121, 88]
73: [121, 89]
74: [121, 90]
75: [121, 91]
76: [121, 92]
77: [121, 93]
78: [121, 94]
79: [121, 95]
80: [121, 96]
81: [121, 97]
82: [87, 121, 120, 119, 98, 118]
83: [142, 164]
84: [164, 130]
85: [96, 97, 121, 122, 120, 118, 119, 88, 89, 90, 91, 92, 93, 94, 95, 87]
86: [98, 122, 88]
87: [122, 89]
88: [122, 90]
89: [122, 91]
90: [122, 92]
91: [122, 93]
92: [122, 94]
93: [122, 95]
94: [122, 96]
95: [122, 97]
96: [87, 122, 121, 120, 119, 98, 118]
97: [142, 164]
98: [164, 130]
99: [96, 97, 121, 122, 123, 120, 118, 119, 88, 89, 90, 91, 92, 93, 94, 95, 87]
100: [98, 123, 88]
101: [123, 89]
102: [123, 90]
103: [123, 91]
104: [123, 92]
105: [123, 93]
106: [123, 94]
107: [123, 95]
108: [123, 96]
109: [123, 97]
110: [87, 123, 122, 121, 120, 119, 98, 118]
111: [142, 164]
112: [164, 130]
113: [96, 97, 121, 122, 123, 120, 124, 118, 119, 88, 89, 90, 91, 92, 93, 94, 95, 87]
114: [98, 124, 88]
115: [124, 89]
116: [124, 90]
117: [124, 91]
118: [124, 92]
119: [124, 93]
120: [124, 94]
121: [124, 95]
122: [124, 96]
123: [124, 97]
124: [87, 124, 123, 122, 121, 120, 119, 98, 118]
125: [142, 164]
126: [164, 130]
127: [96, 97, 121, 122, 123, 120, 124, 125, 118, 119, 88, 89, 90, 91, 92, 93, 94, 95, 87]
128: [98, 125, 88]
129: [125, 89]
130: [125, 90]
131: [125, 91]
132: [125, 92]
133: [125, 93]
134: [125, 94]
135: [125, 95]
136: [125, 96]
137: [125, 97]
138: [87, 125, 124, 123, 122, 121, 120, 119, 98, 118]
139: [142, 164]
140: [164, 130]
141: [88, 89, 90, 91, 92, 93, 94, 95, 96, 97, 118, 119, 120, 121, 122, 123, 124, 125, 126, 87]
142: [98, 126, 88]
143: [126, 89]
144: [126, 90]
145: [126, 91]
146: [126, 92]
147: [126, 93]
148: [126, 94]
149: [126, 95]
150: [126, 96]
151: [126, 97]
152: [87, 126, 125, 124, 123, 122, 121, 120, 119, 98, 118]
153: [142, 164]
154: [164, 130]
155: [88, 89, 90, 91, 92, 93, 94, 95, 96, 97, 118, 119, 120, 121, 122, 123, 124, 125, 126, 127, 87]
156: [98, 127, 88]
157: [127, 89]
158: [127, 90]
159: [127, 91]
160: [127, 92]
161: [127, 93]
162: [127, 94]
163: [127, 95]
164: [127, 96]
165: [127, 97]
166: [87, 127, 126, 125, 124, 123, 122, 121, 120, 119, 98, 118]
167: [142, 164]
168: [164, 130, 176]
169: [88, 89, 90, 91, 92, 93, 94, 95, 96, 97, 118, 119, 120, 121, 122, 123, 124, 125, 126, 127, 87]
170: []
171: [87, 127, 89, 126, 90, 125, 91, 124, 123, 92, 122, 93, 121, 94, 120, 95, 96, 119, 97, 98, 118]
172: [87, 127, 126, 90, 125, 91, 124, 123, 92, 122, 93, 121, 94, 120, 95, 96, 119, 97, 98, 118]
173: [87, 127, 126, 125, 91, 124, 123, 92, 122, 93, 121, 94, 120, 95, 96, 119, 97, 98, 118]
174: [87, 127, 126, 125, 124, 123, 92, 122, 93, 121, 94, 120, 95, 96, 119, 97, 98, 118]
175: [87, 127, 126, 125, 124, 123, 122, 93, 121, 94, 120, 95, 96, 119, 97, 98, 118]
176: [87, 127, 126, 125, 124, 123, 122, 121, 94, 120, 95, 96, 119, 97, 98, 118]
177: [87, 127, 126, 125, 124, 123, 122, 121, 120, 95, 96, 119, 97, 98, 118]
178: [87, 127, 126, 125, 124, 123, 122, 121, 120, 96, 119, 97, 98, 118]
179: [87, 127, 126, 125, 124, 123, 122, 121, 120, 119, 97, 98, 118]
180: [87, 127, 126, 125, 124, 123, 122, 121, 120, 119, 98, 118]
181: [176, 142, 164]
182: [130, 176]
183: [130, 176]
184: [130, 176, 142]
185: [176, 142]
186: [176, 142]
187: [176, 142]
188: [176, 142]
189: [176, 142]
190: [176, 142]
191: [176, 142]
192: [176, 142]
193: [176, 142]
194: [176, 142]
195: [176, 142]
171
0: [164, 131]
1: [164, 131]
2: [164, 131]
3: [143, 164, 131]
4: [143, 164]
5: [143, 164]
6: [143, 164]
7: [143, 164]
8: [143, 164]
9: [143, 164]
10: [143, 164]
11: [143, 164]
12: [143, 164]
13: [143, 164]
14: [164, 131]
15: [96, 97, 89, 90, 91, 92, 93, 94, 95, 87]
16: [98, 96, 97, 89, 90, 91, 92, 93, 94, 95, 87]
17: [99, 98, 96, 97, 89, 90, 91, 92, 93, 94, 95, 87]
18: [99, 98, 96, 97, 90, 91, 92, 93, 94, 95, 87]
19: [99, 98, 96, 97, 91, 92, 93, 94, 95, 87]
20: [99, 98, 96, 97, 92, 93, 94, 95, 87]
21: [99, 98, 96, 97, 93, 94, 95, 87]
22: [99, 98, 96, 97, 94, 95, 87]
23: [99, 98, 96, 97, 95, 87]
24: [99, 98, 96, 97, 87]
25: [99, 98, 87, 97]
26: [99, 87, 98]
27: [143, 164]
28: [164, 131]
29: [96, 97, 118, 89, 90, 91, 92, 93, 94, 95, 87]
30: [98, 118]
31: [99, 118, 89]
32: [118, 90]
33: [118, 91]
34: [118, 92]
35: [118, 93]
36: [118, 94]
37: [118, 95]
38: [118, 96]
39: [118, 97]
40: [87, 99, 98, 118]
41: [143, 164]
42: [164, 131]
43: [96, 97, 118, 119, 89, 90, 91, 92, 93, 94, 95, 87]
44: [98, 119]
45: [99, 119, 89]
46: [119, 90]
47: [119, 91]
48: [119, 92]
49: [119, 93]
50: [119, 94]
51: [119, 95]
52: [119, 96]
53: [119, 97]
54: [87, 99, 119, 98, 118]
55: [143, 164]
56: [164, 131]
57: [96, 97, 118, 119, 120, 89, 90, 91, 92, 93, 94, 95, 87]
58: [98, 120]
59: [99, 120, 89]
60: [120, 90]
61: [120, 91]
62: [120, 92]
63: [120, 93]
64: [120, 94]
65: [120, 95]
66: [120, 96]
67: [120, 97]
68: [87, 120, 99, 119, 98, 118]
69: [143, 164]
70: [164, 131]
71: [96, 97, 121, 118, 119, 120, 89, 90, 91, 92, 93, 94, 95, 87]
72: [98, 121]
73: [99, 121, 89]
74: [121, 90]
75: [121, 91]
76: [121, 92]
77: [121, 93]
78: [121, 94]
79: [121, 95]
80: [121, 96]
81: [121, 97]
82: [87, 121, 120, 99, 119, 98, 118]
83: [143, 164]
84: [164, 131]
85: [96, 97, 121, 122, 118, 119, 120, 89, 90, 91, 92, 93, 94, 95, 87]
86: [98, 122]
87: [99, 122, 89]
88: [122, 90]
89: [122, 91]
90: [122, 92]
91: [122, 93]
92: [122, 94]
93: [122, 95]
94: [122, 96]
95: [122, 97]
96: [87, 122, 121, 120, 99, 119, 98, 118]
97: [143, 164]
98: [164, 131]
99: [96, 97, 121, 122, 123, 118, 119, 120, 89, 90, 91, 92, 93, 94, 95, 87]
100: [98, 123]
101: [99, 123, 89]
102: [123, 90]
103: [123, 91]
104: [123, 92]
105: [123, 93]
106: [123, 94]
107: [123, 95]
108: [123, 96]
109: [123, 97]
110: [87, 123, 122, 121, 120, 99, 119, 98, 118]
111: [143, 164]
112: [164, 131]
113: [96, 97, 121, 122, 123, 124, 118, 119, 120, 89, 90, 91, 92, 93, 94, 95, 87]
114: [98, 124]
115: [99, 124, 89]
116: [124, 90]
117: [124, 91]
118: [124, 92]
119: [124, 93]
120: [124, 94]
121: [124, 95]
122: [124, 96]
123: [124, 97]
124: [87, 124, 123, 122, 121, 120, 99, 119, 98, 118]
125: [143, 164]
126: [164, 131]
127: [96, 97, 121, 122, 123, 124, 125, 118, 119, 120, 89, 90, 91, 92, 93, 94, 95, 87]
128: [98, 125]
129: [99, 125, 89]
130: [125, 90]
131: [125, 91]
132: [125, 92]
133: [125, 93]
134: [125, 94]
135: [125, 95]
136: [125, 96]
137: [125, 97]
138: [87, 125, 124, 123, 122, 121, 120, 99, 119, 98, 118]
139: [143, 164]
140: [164, 131]
141: [96, 97, 121, 126, 122, 123, 124, 125, 118, 119, 120, 89, 90, 91, 92, 93, 94, 95, 87]
142: [98, 126]
143: [99, 126, 89]
144: [126, 90]
145: [126, 91]
146: [126, 92]
147: [126, 93]
148: [126, 94]
149: [126, 95]
150: [126, 96]
151: [126, 97]
152: [87, 126, 125, 124, 123, 122, 121, 120, 99, 119, 98, 118]
153: [143, 164]
154: [164, 131]
155: [89, 90, 91, 92, 93, 94, 95, 96, 97, 118, 119, 120, 121, 122, 123, 124, 125, 126, 127, 87]
156: [98, 127]
157: [99, 127, 89]
158: [127, 90]
159: [127, 91]
160: [127, 92]
161: [127, 93]
162: [127, 94]
163: [127, 95]
164: [127, 96]
165: [127, 97]
166: [87, 127, 126, 125, 124, 123, 122, 121, 120, 99, 119, 98, 118]
167: [143, 164]
168: [164, 131, 176]
169: [89, 90, 91, 92, 93, 94, 95, 96, 97, 118, 119, 120, 121, 122, 123, 124, 125, 126, 127, 87]
170: [89, 90, 91, 92, 93, 94, 95, 96, 97, 98, 118, 119, 120, 121, 122, 123, 124, 125, 126, 127, 87]
171: []
172: [87, 127, 126, 90, 125, 91, 124, 123, 92, 122, 93, 121, 94, 120, 95, 96, 99, 119, 97, 98, 118]
173: [87, 127, 126, 125, 91, 124, 123, 92, 122, 93, 121, 94, 120, 95, 96, 99, 119, 97, 98, 118]
174: [87, 127, 126, 125, 124, 123, 92, 122, 93, 121, 94, 120, 95, 96, 99, 119, 97, 98, 118]
175: [87, 127, 126, 125, 124, 123, 122, 93, 121, 94, 120, 95, 96, 99, 119, 97, 98, 118]
176: [87, 127, 126, 125, 124, 123, 122, 121, 94, 120, 95, 96, 99, 119, 97, 98, 118]
177: [87, 127, 126, 125, 124, 123, 122, 121, 120, 95, 96, 99, 119, 97, 98, 118]
178: [87, 127, 126, 125, 124, 123, 122, 121, 120, 96, 99, 119, 97, 98, 118]
179: [87, 127, 126, 125, 124, 123, 122, 121, 120, 99, 119, 97, 98, 118]
180: [87, 127, 126, 125, 124, 123, 122, 121, 120, 99, 119, 98, 118]
181: [176, 143, 164]
182: [131, 176]
183: [131, 176]
184: [131, 176]
185: [131, 176, 143]
186: [176, 143]
187: [176, 143]
188: [176, 143]
189: [176, 143]
190: [176, 143]
191: [176, 143]
192: [176, 143]
193: [176, 143]
194: [176, 143]
195: [176, 143]
172
0: [164, 132]
1: [164, 132]
2: [164, 132]
3: [164, 132]
4: [144, 164, 132]
5: [144, 164]
6: [144, 164]
7: [144, 164]
8: [144, 164]
9: [144, 164]
10: [144, 164]
11: [144, 164]
12: [144, 164]
13: [144, 164]
14: [164, 132]
15: [96, 97, 90, 91, 92, 93, 94, 95, 87]
16: [98, 96, 97, 90, 91, 92, 93, 94, 95, 87]
17: [99, 98, 96, 97, 90, 91, 92, 93, 94, 95, 87]
18: [100, 99, 98, 96, 97, 90, 91, 92, 93, 94, 95, 87]
19: [100, 99, 98, 96, 97, 91, 92, 93, 94, 95, 87]
20: [100, 99, 98, 96, 97, 92, 93, 94, 95, 87]
21: [100, 99, 98, 96, 97, 93, 94, 95, 87]
22: [100, 99, 98, 96, 97, 94, 95, 87]
23: [100, 99, 98, 96, 97, 95, 87]
24: [100, 99, 98, 87, 96, 97]
25: [100, 99, 87, 98, 97]
26: [100, 87, 99, 98]
27: [144, 164]
28: [164, 132]
29: [96, 97, 118, 90, 91, 92, 93, 94, 95, 87]
30: [98, 118]
31: [99, 118]
32: [100, 118, 90]
33: [118, 91]
34: [118, 92]
35: [118, 93]
36: [118, 94]
37: [118, 95]
38: [118, 96]
39: [118, 97]
40: [87, 100, 99, 98, 118]
41: [144, 164]
42: [164, 132]
43: [96, 97, 118, 119, 90, 91, 92, 93, 94, 95, 87]
44: [98, 119]
45: [99, 119]
46: [100, 119, 90]
47: [119, 91]
48: [119, 92]
49: [119, 93]
50: [119, 94]
51: [119, 95]
52: [119, 96]
53: [119, 97]
54: [87, 100, 99, 119, 98, 118]
55: [144, 164]
56: [164, 132]
57: [96, 97, 118, 119, 120, 90, 91, 92, 93, 94, 95, 87]
58: [98, 120]
59: [99, 120]
60: [100, 120, 90]
61: [120, 91]
62: [120, 92]
63: [120, 93]
64: [120, 94]
65: [120, 95]
66: [120, 96]
67: [120, 97]
68: [87, 120, 100, 99, 119, 98, 118]
69: [144, 164]
70: [164, 132]
71: [96, 97, 118, 119, 120, 121, 90, 91, 92, 93, 94, 95, 87]
72: [98, 121]
73: [99, 121]
74: [100, 121, 90]
75: [121, 91]
76: [121, 92]
77: [121, 93]
78: [121, 94]
79: [121, 95]
80: [121, 96]
81: [121, 97]
82: [87, 121, 120, 100, 99, 119, 98, 118]
83: [144, 164]
84: [164, 132]
85: [96, 97, 122, 118, 119, 120, 121, 90, 91, 92, 93, 94, 95, 87]
86: [98, 122]
87: [99, 122]
88: [100, 122, 90]
89: [122, 91]
90: [122, 92]
91: [122, 93]
92: [122, 94]
93: [122, 95]
94: [122, 96]
95: [122, 97]
96: [87, 122, 121, 120, 100, 99, 119, 98, 118]
97: [144, 164]
98: [164, 132]
99: [96, 97, 122, 123, 118, 119, 120, 121, 90, 91, 92, 93, 94, 95, 87]
100: [98, 123]
101: [99, 123]
102: [100, 123, 90]
103: [123, 91]
104: [123, 92]
105: [123, 93]
106: [123, 94]
107: [123, 95]
108: [123, 96]
109: [123, 97]
110: [87, 123, 122, 121, 120, 100, 99, 119, 98, 118]
111: [144, 164]
112: [164, 132]
113: [96, 97, 122, 123, 124, 118, 119, 120, 121, 90, 91, 92, 93, 94, 95, 87]
114: [98, 124]
115: [99, 124]
116: [100, 124, 90]
117: [124, 91]
118: [124, 92]
119: [124, 93]
120: [124, 94]
121: [124, 95]
122: [124, 96]
123: [124, 97]
124: [87, 124, 123, 122, 121, 120, 100, 99, 119, 98, 118]
125: [144, 164]
126: [164, 132]
127: [96, 97, 122, 123, 124, 125, 118, 119, 120, 121, 90, 91, 92, 93, 94, 95, 87]
128: [98, 125]
129: [99, 125]
130: [100, 125, 90]
131: [125, 91]
132: [125, 92]
133: [125, 93]
134: [125, 94]
135: [125, 95]
136: [125, 96]
137: [125, 97]
138: [87, 125, 124, 123, 122, 121, 120, 100, 99, 119, 98, 118]
139: [144, 164]
140: [164, 132]
141: [96, 97, 126, 122, 123, 124, 125, 118, 119, 120, 121, 90, 91, 92, 93, 94, 95, 87]
142: [98, 126]
143: [99, 126]
144: [100, 126, 90]
145: [126, 91]
146: [126, 92]
147: [126, 93]
148: [126, 94]
149: [126, 95]
150: [126, 96]
151: [126, 97]
152: [87, 126, 125, 124, 123, 122, 121, 120, 100, 99, 119, 98, 118]
153: [144, 164]
154: [164, 132]
155: [96, 97, 126, 122, 123, 127, 124, 125, 118, 119, 120, 121, 90, 91, 92, 93, 94, 95, 87]
156: [98, 127]
157: [99, 127]
158: [100, 127, 90]
159: [127, 91]
160: [127, 92]
161: [127, 93]
162: [127, 94]
163: [127, 95]
164: [127, 96]
165: [127, 97]
166: [87, 127, 126, 125, 124, 123, 122, 121, 120, 100, 99, 119, 98, 118]
167: [144, 164]
168: [164, 132, 176]
169: [96, 97, 126, 122, 123, 127, 124, 125, 118, 119, 120, 121, 90, 91, 92, 93, 94, 95, 87]
170: [90, 91, 92, 93, 94, 95, 96, 97, 98, 118, 119, 120, 121, 122, 123, 124, 125, 126, 127, 87]
171: [90, 91, 92, 93, 94, 95, 96, 97, 98, 99, 118, 119, 120, 121, 122, 123, 124, 125, 126, 127, 87]
172: []
173: [87, 127, 126, 125, 91, 124, 123, 92, 122, 93, 121, 94, 120, 100, 95, 96, 99, 119, 97, 98, 118]
174: [87, 127, 126, 125, 124, 123, 92, 122, 93, 121, 94, 120, 100, 95, 96, 99, 119, 97, 98, 118]
175: [87, 127, 126, 125, 124, 123, 122, 93, 121, 94, 120, 100, 95, 96, 99, 119, 97, 98, 118]
176: [87, 127, 126, 125, 124, 123, 122, 121, 94, 120, 100, 95, 96, 99, 119, 97, 98, 118]
177: [87, 127, 126, 125, 124, 123, 122, 121, 120, 100, 95, 96, 99, 119, 97, 98, 118]
178: [87, 127, 126, 125, 124, 123, 122, 121, 120, 100, 96, 99, 119, 97, 98, 118]
179: [87, 127, 126, 125, 124, 123, 122, 121, 120, 100, 99, 119, 97, 98, 118]
180: [87, 127, 126, 125, 124, 123, 122, 121, 120, 100, 99, 119, 98, 118]
181: [176, 144, 164]
182: [132, 176]
183: [132, 176]
184: [132, 176]
185: [132, 176]
186: [132, 176, 144]
187: [176, 144]
188: [176, 144]
189: [176, 144]
190: [176, 144]
191: [176, 144]
192: [176, 144]
193: [176, 144]
194: [176, 144]
195: [176, 144]
173
0: [164, 133]
1: [164, 133]
2: [164, 133]
3: [164, 133]
4: [164, 133]
5: [145, 164, 133]
6: [145, 164]
7: [145, 164]
8: [145, 164]
9: [145, 164]
10: [145, 164]
11: [145, 164]
12: [145, 164]
13: [145, 164]
14: [164, 133]
15: [96, 97, 91, 92, 93, 94, 95, 87]
16: [98, 96, 97, 91, 92, 93, 94, 95, 87]
17: [99, 98, 96, 97, 91, 92, 93, 94, 95, 87]
18: [100, 99, 98, 96, 97, 91, 92, 93, 94, 95, 87]
19: [101, 100, 99, 98, 96, 97, 91, 92, 93, 94, 95, 87]
20: [101, 100, 99, 98, 96, 97, 92, 93, 94, 95, 87]
21: [101, 100, 99, 98, 96, 97, 93, 94, 95, 87]
22: [101, 100, 99, 98, 96, 97, 87, 94, 95]
23: [101, 100, 99, 98, 87, 96, 97, 95]
24: [101, 100, 99, 87, 98, 96, 97]
25: [101, 100, 87, 99, 98, 97]
26: [101, 87, 100, 99, 98]
27: [145, 164]
28: [164, 133]
29: [96, 97, 118, 91, 92, 93, 94, 95, 87]
30: [98, 118]
31: [99, 118]
32: [100, 118]
33: [101, 118, 91]
34: [118, 92]
35: [118, 93]
36: [118, 94]
37: [118, 95]
38: [118, 96]
39: [118, 97]
40: [87, 101, 100, 99, 98, 118]
41: [145, 164]
42: [164, 133]
43: [96, 97, 118, 119, 91, 92, 93, 94, 95, 87]
44: [98, 119]
45: [99, 119]
46: [100, 119]
47: [101, 119, 91]
48: [119, 92]
49: [119, 93]
50: [119, 94]
51: [119, 95]
52: [119, 96]
53: [119, 97]
54: [87, 101, 100, 99, 119, 98, 118]
55: [145, 164]
56: [164, 133]
57: [96, 97, 118, 119, 120, 91, 92, 93, 94, 95, 87]
58: [98, 120]
59: [99, 120]
60: [100, 120]
61: [101, 120, 91]
62: [120, 92]
63: [120, 93]
64: [120, 94]
65: [120, 95]
66: [120, 96]
67: [120, 97]
68: [87, 101, 120, 100, 99, 119, 98, 118]
69: [145, 164]
70: [164, 133]
71: [96, 97, 118, 119, 120, 121, 91, 92, 93, 94, 95, 87]
72: [98, 121]
73: [99, 121]
74: [100, 121]
75: [101, 121, 91]
76: [121, 92]
77: [121, 93]
78: [121, 94]
79: [121, 95]
80: [121, 96]
81: [121, 97]
82: [87, 121, 101, 120, 100, 99, 119, 98, 118]
83: [145, 164]
84: [164, 133]
85: [96, 97, 118, 119, 120, 121, 122, 91, 92, 93, 94, 95, 87]
86: [98, 122]
87: [99, 122]
88: [100, 122]
89: [101, 122, 91]
90: [122, 92]
91: [122, 93]
92: [122, 94]
93: [122, 95]
94: [122, 96]
95: [122, 97]
96: [87, 122, 121, 101, 120, 100, 99, 119, 98, 118]
97: [145, 164]
98: [164, 133]
99: [96, 97, 123, 118, 119, 120, 121, 122, 91, 92, 93, 94, 95, 87]
100: [98, 123]
101: [99, 123]
102: [100, 123]
103: [101, 123, 91]
104: [123, 92]
105: [123, 93]
106: [123, 94]
107: [123, 95]
108: [123, 96]
109: [123, 97]
110: [87, 123, 122, 121, 101, 120, 100, 99, 119, 98, 118]
111: [145, 164]
112: [164, 133]
113: [96, 97, 123, 124, 118, 119, 120, 121, 122, 91, 92, 93, 94, 95, 87]
114: [98, 124]
115: [99, 124]
116: [100, 124]
117: [101, 124, 91]
118: [124, 92]
119: [124, 93]
120: [124, 94]
121: [124, 95]
122: [124, 96]
123: [124, 97]
124: [87, 124, 123, 122, 121, 101, 120, 100, 99, 119, 98, 118]
125: [145, 164]
126: [164, 133]
127: [96, 97, 123, 124, 125, 118, 119, 120, 121, 122, 91, 92, 93, 94, 95, 87]
128: [98, 125]
129: [99, 125]
130: [100, 125]
131: [101, 125, 91]
132: [125, 92]
133: [125, 93]
134: [125, 94]
135: [125, 95]
136: [125, 96]
137: [125, 97]
138: [87, 125, 124, 123, 122, 121, 101, 120, 100, 99, 119, 98, 118]
139: [145, 164]
140: [164, 133]
141: [96, 97, 126, 123, 124, 125, 118, 119, 120, 121, 122, 91, 92, 93, 94, 95, 87]
142: [98, 126]
143: [99, 126]
144: [100, 126]
145: [101, 126, 91]
146: [126, 92]
147: [126, 93]
148: [126, 94]
149: [126, 95]
150: [126, 96]
151: [126, 97]
152: [87, 126, 125, 124, 123, 122, 121, 101, 120, 100, 99, 119, 98, 118]
153: [145, 164]
154: [164, 133]
155: [96, 97, 126, 123, 127, 124, 125, 118, 119, 120, 121, 122, 91, 92, 93, 94, 95, 87]
156: [98, 127]
157: [99, 127]
158: [100, 127]
159: [101, 127, 91]
160: [127, 92]
161: [127, 93]
162: [127, 94]
163: [127, 95]
164: [127, 96]
165: [127, 97]
166: [87, 127, 126, 125, 124, 123, 122, 121, 101, 120, 100, 99, 119, 98, 118]
167: [145, 164]
168: [164, 133, 176]
169: [96, 97, 126, 123, 127, 124, 125, 118, 119, 120, 121, 122, 91, 92, 93, 94, 95, 87]
170: [96, 97, 98, 126, 123, 127, 124, 125, 118, 119, 120, 121, 122, 91, 92, 93, 94, 95, 87]
171: [91, 92, 93, 94, 95, 96, 97, 98, 99, 118, 119, 120, 121, 122, 123, 124, 125, 126, 127, 87]
172: [91, 92, 93, 94, 95, 96, 97, 98, 99, 100, 118, 119, 120, 121, 122, 123, 124, 125, 126, 127, 87]
173: []
174: [87, 127, 126, 125, 124, 123, 92, 122, 93, 121, 101, 94, 120, 100, 95, 96, 99, 119, 97, 98, 118]
175: [87, 127, 126, 125, 124, 123, 122, 93, 121, 101, 94, 120, 100, 95, 96, 99, 119, 97, 98, 118]
176: [87, 127, 126, 125, 124, 123, 122, 121, 101, 94, 120, 100, 95, 96, 99, 119, 97, 98, 118]
177: [87, 127, 126, 125, 124, 123, 122, 121, 101, 120, 100, 95, 96, 99, 119, 97, 98, 118]
178: [87, 127, 126, 125, 124, 123, 122, 121, 101, 120, 100, 96, 99, 119, 97, 98, 118]
179: [87, 127, 126, 125, 124, 123, 122, 121, 101, 120, 100, 99, 119, 97, 98, 118]
180: [87, 127, 126, 125, 124, 123, 122, 121, 101, 120, 100, 99, 119, 98, 118]
181: [176, 145, 164]
182: [133, 176]
183: [133, 176]
184: [133, 176]
185: [133, 176]
186: [133, 176]
187: [133, 176, 145]
188: [176, 145]
189: [176, 145]
190: [176, 145]
191: [176, 145]
192: [176, 145]
193: [176, 145]
194: [176, 145]
195: [176, 145]
174
0: [164, 134]
1: [164, 134]
2: [164, 134]
3: [164, 134]
4: [164, 134]
5: [164, 134]
6: [146, 164, 134]
7: [146, 164]
8: [146, 164]
9: [146, 164]
10: [146, 164]
11: [146, 164]
12: [146, 164]
13: [146, 164]
14: [164, 134]
15: [96, 97, 92, 93, 94, 95, 87]
16: [98, 96, 97, 92, 93, 94, 95, 87]
17: [99, 98, 96, 97, 92, 93, 94, 95, 87]
18: [100, 99, 98, 96, 97, 92, 93, 94, 95, 87]
19: [101, 100, 99, 98, 96, 97, 92, 93, 94, 95, 87]
20: [102, 101, 100, 99, 98, 96, 97, 92, 93, 94, 95, 87]
21: [102, 101, 100, 99, 98, 96, 97, 87, 93, 94, 95]
22: [102, 101, 100, 99, 98, 87, 96, 97, 94, 95]
23: [102, 101, 100, 99, 87, 98, 96, 97, 95]
24: [102, 101, 100, 87, 99, 98, 96, 97]
25: [102, 101, 87, 100, 99, 98, 97]
26: [102, 87, 101, 100, 99, 98]
27: [146, 164]
28: [164, 134]
29: [96, 97, 118, 92, 93, 94, 95, 87]
30: [98, 118]
31: [99, 118]
32: [100, 118]
33: [101, 118]
34: [102, 118, 92]
35: [118, 93]
36: [118, 94]
37: [118, 95]
38: [118, 96]
39: [118, 97]
40: [87, 102, 101, 100, 99, 98, 118]
41: [146, 164]
42: [164, 134]
43: [96, 97, 118, 119, 92, 93, 94, 95, 87]
44: [98, 119]
45: [99, 119]
46: [100, 119]
47: [101, 119]
48: [102, 119, 92]
49: [119, 93]
50: [119, 94]
51: [119, 95]
52: [119, 96]
53: [119, 97]
54: [87, 102, 101, 100, 99, 119, 98, 118]
55: [146, 164]
56: [164, 134]
57: [96, 97, 118, 119, 120, 92, 93, 94, 95, 87]
58: [98, 120]
59: [99, 120]
60: [100, 120]
61: [101, 120]
62: [102, 120, 92]
63: [120, 93]
64: [120, 94]
65: [120, 95]
66: [120, 96]
67: [120, 97]
68: [87, 102, 101, 120, 100, 99, 119, 98, 118]
69: [146, 164]
70: [164, 134]
71: [96, 97, 118, 119, 120, 121, 92, 93, 94, 95, 87]
72: [98, 121]
73: [99, 121]
74: [100, 121]
75: [101, 121]
76: [102, 121, 92]
77: [121, 93]
78: [121, 94]
79: [121, 95]
80: [121, 96]
81: [121, 97]
82: [87, 102, 121, 101, 120, 100, 99, 119, 98, 118]
83: [146, 164]
84: [164, 134]
85: [96, 97, 118, 119, 120, 121, 122, 92, 93, 94, 95, 87]
86: [98, 122]
87: [99, 122]
88: [100, 122]
89: [101, 122]
90: [102, 122, 92]
91: [122, 93]
92: [122, 94]
93: [122, 95]
94: [122, 96]
95: [122, 97]
96: [87, 122, 102, 121, 101, 120, 100, 99, 119, 98, 118]
97: [146, 164]
98: [164, 134]
99: [96, 97, 118, 119, 120, 121, 122, 123, 92, 93, 94, 95, 87]
100: [98, 123]
101: [99, 123]
102: [100, 123]
103: [101, 123]
104: [102, 123, 92]
105: [123, 93]
106: [123, 94]
107: [123, 95]
108: [123, 96]
109: [123, 97]
110: [87, 123, 122, 102, 121, 101, 120, 100, 99, 119, 98, 118]
111: [146, 164]
112: [164, 134]
113: [96, 97, 124, 118, 119, 120, 121, 122, 123, 92, 93, 94, 95, 87]
114: [98, 124]
115: [99, 124]
116: [100, 124]
117: [101, 124]
118: [102, 124, 92]
119: [124, 93]
120: [124, 94]
121: [124, 95]
122: [124, 96]
123: [124, 97]
124: [87, 124, 123, 122, 102, 121, 101, 120, 100, 99, 119, 98, 118]
125: [146, 164]
126: [164, 134]
127: [96, 97, 124, 125, 118, 119, 120, 121, 122, 123, 92, 93, 94, 95, 87]
128: [98, 125]
129: [99, 125]
130: [100, 125]
131: [101, 125]
132: [102, 125, 92]
133: [125, 93]
134: [125, 94]
135: [125, 95]
136: [125, 96]
137: [125, 97]
138: [87, 125, 124, 123, 122, 102, 121, 101, 120, 100, 99, 119, 98, 118]
139: [146, 164]
140: [164, 134]
141: [96, 97, 126, 124, 125, 118, 119, 120, 121, 122, 123, 92, 93, 94, 95, 87]
142: [98, 126]
143: [99, 126]
144: [100, 126]
145: [101, 126]
146: [102, 126, 92]
147: [126, 93]
148: [126, 94]
149: [126, 95]
150: [126, 96]
151: [126, 97]
152: [87, 126, 125, 124, 123, 122, 102, 121, 101, 120, 100, 99, 119, 98, 118]
153: [146, 164]
154: [164, 134]
155: [96, 97, 126, 127, 124, 125, 118, 119, 120, 121, 122, 123, 92, 93, 94, 95, 87]
156: [98, 127]
157: [99, 127]
158: [100, 127]
159: [101, 127]
160: [102, 127, 92]
161: [127, 93]
162: [127, 94]
163: [127, 95]
164: [127, 96]
165: [127, 97]
166: [87, 127, 126, 125, 124, 123, 122, 102, 121, 101, 120, 100, 99, 119, 98, 118]
167: [146, 164]
168: [164, 134, 176]
169: [96, 97, 126, 127, 124, 125, 118, 119, 120, 121, 122, 123, 92, 93, 94, 95, 87]
170: [96, 97, 98, 126, 127, 124, 125, 118, 119, 120, 121, 122, 123, 92, 93, 94, 95, 87]
171: [96, 97, 98, 99, 126, 127, 124, 125, 118, 119, 120, 121, 122, 123, 92, 93, 94, 95, 87]
172: [92, 93, 94, 95, 96, 97, 98, 99, 100, 118, 119, 120, 121, 122, 123, 124, 125, 126, 127, 87]
173: [92, 93, 94, 95, 96, 97, 98, 99, 100, 101, 118, 119, 120, 121, 122, 123, 124, 125, 126, 127, 87]
174: []
175: [87, 127, 126, 125, 124, 123, 122, 93, 102, 121, 101, 94, 120, 100, 95, 96, 99, 119, 97, 98, 118]
176: [87, 127, 126, 125, 124, 123, 122, 102, 121, 101, 94, 120, 100, 95, 96, 99, 119, 97, 98, 118]
177: [87, 127, 126, 125, 124, 123, 122, 102, 121, 101, 120, 100, 95, 96, 99, 119, 97, 98, 118]
178: [87, 127, 126, 125, 124, 123, 122, 102, 121, 101, 120, 100, 96, 99, 119, 97, 98, 118]
179: [87, 127, 126, 125, 124, 123, 122, 102, 121, 101, 120, 100, 99, 119, 97, 98, 118]
180: [87, 127, 126, 125, 124, 123, 122, 102, 121, 101, 120, 100, 99, 119, 98, 118]
181: [176, 146, 164]
182: [134, 176]
183: [134, 176]
184: [134, 176]
185: [134, 176]
186: [134, 176]
187: [134, 176]
188: [134, 176, 146]
189: [176, 146]
190: [176, 146]
191: [176, 146]
192: [176, 146]
193: [176, 146]
194: [176, 146]
195: [176, 146]
175
0: [164, 135]
1: [164, 135]
2: [164, 135]
3: [164, 135]
4: [164, 135]
5: [164, 135]
6: [164, 135]
7: [147, 164, 135]
8: [147, 164]
9: [147, 164]
10: [147, 164]
11: [147, 164]
12: [147, 164]
13: [147, 164]
14: [164, 135]
15: [96, 97, 93, 94, 95, 87]
16: [98, 96, 97, 93, 94, 95, 87]
17: [99, 98, 96, 97, 93, 94, 95, 87]
18: [100, 99, 98, 96, 97, 93, 94, 95, 87]
19: [101, 100, 99, 98, 96, 97, 93, 94, 95, 87]
20: [102, 101, 100, 99, 98, 96, 97, 87, 93, 94, 95]
21: [103, 102, 101, 100, 99, 98, 87, 96, 97, 93, 94, 95]
22: [103, 102, 101, 100, 99, 87, 98, 96, 97, 94, 95]
23: [103, 102, 101, 100, 87, 99, 98, 96, 97, 95]
24: [103, 102, 101, 87, 100, 99, 98, 96, 97]
25: [103, 102, 87, 101, 100, 99, 98, 97]
26: [103, 87, 102, 101, 100, 99, 98]
27: [147, 164]
28: [164, 135]
29: [96, 97, 118, 93, 94, 95, 87]
30: [98, 118]
31: [99, 118]
32: [100, 118]
33: [101, 118]
34: [102, 118]
35: [103, 118, 93]
36: [118, 94]
37: [118, 95]
38: [118, 96]
39: [118, 97]
40: [87, 103, 102, 101, 100, 99, 98, 118]
41: [147, 164]
42: [164, 135]
43: [96, 97, 118, 119, 93, 94, 95, 87]
44: [98, 119]
45: [99, 119]
46: [100, 119]
47: [101, 119]
48: [102, 119]
49: [103, 119, 93]
50: [119, 94]
51: [119, 95]
52: [119, 96]
53: [119, 97]
54: [87, 103, 102, 101, 100, 99, 119, 98, 118]
55: [147, 164]
56: [164, 135]
57: [96, 97, 118, 119, 120, 93, 94, 95, 87]
58: [98, 120]
59: [99, 120]
60: [100, 120]
61: [101, 120]
62: [102, 120]
63: [103, 120, 93]
64: [120, 94]
65: [120, 95]
66: [120, 96]
67: [120, 97]
68: [87, 103, 102, 101, 120, 100, 99, 119, 98, 118]
69: [147, 164]
70: [164, 135]
71: [96, 97, 118, 119, 120, 121, 93, 94, 95, 87]
72: [98, 121]
73: [99, 121]
74: [100, 121]
75: [101, 121]
76: [102, 121]
77: [103, 121, 93]
78: [121, 94]
79: [121, 95]
80: [121, 96]
81: [121, 97]
82: [87, 103, 102, 121, 101, 120, 100, 99, 119, 98, 118]
83: [147, 164]
84: [164, 135]
85: [96, 97, 118, 119, 120, 121, 122, 93, 94, 95, 87]
86: [98, 122]
87: [99, 122]
88: [100, 122]
89: [101, 122]
90: [102, 122]
91: [103, 122, 93]
92: [122, 94]
93: [122, 95]
94: [122, 96]
95: [122, 97]
96: [87, 103, 122, 102, 121, 101, 120, 100, 99, 119, 98, 118]
97: [147, 164]
98: [164, 135]
99: [96, 97, 118, 119, 120, 121, 122, 123, 93, 94, 95, 87]
100: [98, 123]
101: [99, 123]
102: [100, 123]
103: [101, 123]
104: [102, 123]
105: [103, 123, 93]
106: [123, 94]
107: [123, 95]
108: [123, 96]
109: [123, 97]
110: [87, 123, 103, 122, 102, 121, 101, 120, 100, 99, 119, 98, 118]
111: [147, 164]
112: [164, 135]
113: [96, 97, 118, 119, 120, 121, 122, 123, 124, 93, 94, 95, 87]
114: [98, 124]
115: [99, 124]
116: [100, 124]
117: [101, 124]
118: [102, 124]
119: [103, 124, 93]
120: [124, 94]
121: [124, 95]
122: [124, 96]
123: [124, 97]
124: [87, 124, 123, 103, 122, 102, 121, 101, 120, 100, 99, 119, 98, 118]
125: [147, 164]
126: [164, 135]
127: [96, 97, 125, 118, 119, 120, 121, 122, 123, 124, 93, 94, 95, 87]
128: [98, 125]
129: [99, 125]
130: [100, 125]
131: [101, 125]
132: [102, 125]
133: [103, 125, 93]
134: [125, 94]
135: [125, 95]
136: [125, 96]
137: [125, 97]
138: [87, 125, 124, 123, 103, 122, 102, 121, 101, 120, 100, 99, 119, 98, 118]
139: [147, 164]
140: [164, 135]
141: [96, 97, 126, 125, 118, 119, 120, 121, 122, 123, 124, 93, 94, 95, 87]
142: [98, 126]
143: [99, 126]
144: [100, 126]
145: [101, 126]
146: [102, 126]
147: [103, 126, 93]
148: [126, 94]
149: [126, 95]
150: [126, 96]
151: [126, 97]
152: [87, 126, 125, 124, 123, 103, 122, 102, 121, 101, 120, 100, 99, 119, 98, 118]
153: [147, 164]
154: [164, 135]
155: [96, 97, 126, 127, 125, 118, 119, 120, 121, 122, 123, 124, 93, 94, 95, 87]
156: [98, 127]
157: [99, 127]
158: [100, 127]
159: [101, 127]
160: [102, 127]
161: [103, 127, 93]
162: [127, 94]
163: [127, 95]
164: [127, 96]
165: [127, 97]
166: [87, 127, 126, 125, 124, 123, 103, 122, 102, 121, 101, 120, 100, 99, 119, 98, 118]
167: [147, 164]
168: [164, 135, 176]
169: [96, 97, 126, 127, 125, 118, 119, 120, 121, 122, 123, 124, 93, 94, 95, 87]
170: [96, 97, 98, 126, 127, 125, 118, 119, 120, 121, 122, 123, 124, 93, 94, 95, 87]
171: [96, 97, 98, 99, 126, 127, 125, 118, 119, 120, 121, 122, 123, 124, 93, 94, 95, 87]
172: [96, 97, 98, 99, 100, 126, 127, 125, 118, 119, 120, 121, 122, 123, 124, 93, 94, 95, 87]
173: [93, 94, 95, 96, 97, 98, 99, 100, 101, 118, 119, 120, 121, 122, 123, 124, 125, 126, 127, 87]
174: [93, 94, 95, 96, 97, 98, 99, 100, 101, 102, 118, 119, 120, 121, 122, 123, 124, 125, 126, 127, 87]
175: []
176: [87, 127, 126, 125, 124, 123, 103, 122, 102, 121, 101, 94, 120, 100, 95, 96, 99, 119, 97, 98, 118]
177: [87, 127, 126, 125, 124, 123, 103, 122, 102, 121, 101, 120, 100, 95, 96, 99, 119, 97, 98, 118]
178: [87, 127, 126, 125, 124, 123, 103, 122, 102, 121, 101, 120, 100, 96, 99, 119, 97, 98, 118]
179: [87, 127, 126, 125, 124, 123, 103, 122, 102, 121, 101, 120, 100, 99, 119, 97, 98, 118]
180: [87, 127, 126, 125, 124, 123, 103, 122, 102, 121, 101, 120, 100, 99, 119, 98, 118]
181: [176, 147, 164]
182: [135, 176]
183: [135, 176]
184: [135, 176]
185: [135, 176]
186: [135, 176]
187: [135, 176]
188: [135, 176]
189: [135, 176, 147]
190: [176, 147]
191: [176, 147]
192: [176, 147]
193: [176, 147]
194: [176, 147]
195: [176, 147]
176
0: [164, 136]
1: [164, 136]
2: [164, 136]
3: [164, 136]
4: [164, 136]
5: [164, 136]
6: [164, 136]
7: [164, 136]
8: [148, 164, 136]
9: [148, 164]
10: [148, 164]
11: [148, 164]
12: [148, 164]
13: [148, 164]
14: [164, 136]
15: [96, 97, 94, 95, 87]
16: [98, 96, 97, 94, 95, 87]
17: [99, 98, 96, 97, 94, 95, 87]
18: [100, 99, 98, 96, 97, 94, 95, 87]
19: [101, 100, 99, 98, 96, 97, 87, 94, 95]
20: [102, 101, 100, 99, 98, 87, 96, 97, 94, 95]
21: [103, 102, 101, 100, 99, 87, 98, 96, 97, 94, 95]
22: [104, 103, 102, 101, 100, 87, 99, 98, 96, 97, 94, 95]
23: [104, 103, 102, 101, 87, 100, 99, 98, 96, 97, 95]
24: [104, 103, 102, 87, 101, 100, 99, 98, 96, 97]
25: [104, 103, 87, 102, 101, 100, 99, 98, 97]
26: [104, 87, 103, 102, 101, 100, 99, 98]
27: [148, 164]
28: [164, 136]
29: [96, 97, 118, 94, 95, 87]
30: [98, 118]
31: [99, 118]
32: [100, 118]
33: [101, 118]
34: [102, 118]
35: [103, 118]
36: [104, 118, 94]
37: [118, 95]
38: [118, 96]
39: [118, 97]
40: [87, 104, 103, 102, 101, 100, 99, 98, 118]
41: [148, 164]
42: [164, 136]
43: [96, 97, 118, 119, 94, 95, 87]
44: [98, 119]
45: [99, 119]
46: [100, 119]
47: [101, 119]
48: [102, 119]
49: [103, 119]
50: [104, 119, 94]
51: [119, 95]
52: [119, 96]
53: [119, 97]
54: [87, 104, 103, 102, 101, 100, 99, 119, 98, 118]
55: [148, 164]
56: [164, 136]
57: [96, 97, 118, 119, 120, 94, 95, 87]
58: [98, 120]
59: [99, 120]
60: [100, 120]
61: [101, 120]
62: [102, 120]
63: [103, 120]
64: [104, 120, 94]
65: [120, 95]
66: [120, 96]
67: [120, 97]
68: [87, 104, 103, 102, 101, 120, 100, 99, 119, 98, 118]
69: [148, 164]
70: [164, 136]
71: [96, 97, 118, 119, 120, 121, 94, 95, 87]
72: [98, 121]
73: [99, 121]
74: [100, 121]
75: [101, 121]
76: [102, 121]
77: [103, 121]
78: [104, 121, 94]
79: [121, 95]
80: [121, 96]
81: [121, 97]
82: [87, 104, 103, 102, 121, 101, 120, 100, 99, 119, 98, 118]
83: [148, 164]
84: [164, 136]
85: [96, 97, 118, 119, 120, 121, 122, 94, 95, 87]
86: [98, 122]
87: [99, 122]
88: [100, 122]
89: [101, 122]
90: [102, 122]
91: [103, 122]
92: [104, 122, 94]
93: [122, 95]
94: [122, 96]
95: [122, 97]
96: [87, 104, 103, 122, 102, 121, 101, 120, 100, 99, 119, 98, 118]
97: [148, 164]
98: [164, 136]
99: [96, 97, 118, 119, 120, 121, 122, 123, 94, 95, 87]
100: [98, 123]
101: [99, 123]
102: [100, 123]
103: [101, 123]
104: [102, 123]
105: [103, 123]
106: [104, 123, 94]
107: [123, 95]
108: [123, 96]
109: [123, 97]
110: [87, 104, 123, 103, 122, 102, 121, 101, 120, 100, 99, 119, 98, 118]
111: [148, 164]
112: [164, 136]
113: [96, 97, 118, 119, 120, 121, 122, 123, 124, 94, 95, 87]
114: [98, 124]
115: [99, 124]
116: [100, 124]
117: [101, 124]
118: [102, 124]
119: [103, 124]
120: [104, 124, 94]
121: [124, 95]
122: [124, 96]
123: [124, 97]
124: [87, 104, 124, 123, 103, 122, 102, 121, 101, 120, 100, 99, 119, 98, 118]
125: [148, 164]
126: [164, 136]
127: [96, 97, 118, 119, 120, 121, 122, 123, 124, 125, 94, 95, 87]
128: [98, 125]
129: [99, 125]
130: [100, 125]
131: [101, 125]
132: [102, 125]
133: [103, 125]
134: [104, 125, 94]
135: [125, 95]
136: [125, 96]
137: [125, 97]
138: [87, 125, 104, 124, 123, 103, 122, 102, 121, 101, 120, 100, 99, 119, 98, 118]
139: [148, 164]
140: [164, 136]
141: [96, 97, 126, 118, 119, 120, 121, 122, 123, 124, 125, 94, 95, 87]
142: [98, 126]
143: [99, 126]
144: [100, 126]
145: [101, 126]
146: [102, 126]
147: [103, 126]
148: [104, 126, 94]
149: [126, 95]
150: [126, 96]
151: [126, 97]
152: [87, 126, 125, 104, 124, 123, 103, 122, 102, 121, 101, 120, 100, 99, 119, 98, 118]
153: [148, 164]
154: [164, 136]
155: [96, 97, 126, 127, 118, 119, 120, 121, 122, 123, 124, 125, 94, 95, 87]
156: [98, 127]
157: [99, 127]
158: [100, 127]
159: [101, 127]
160: [102, 127]
161: [103, 127]
162: [104, 127, 94]
163: [127, 95]
164: [127, 96]
165: [127, 97]
166: [87, 127, 126, 125, 104, 124, 123, 103, 122, 102, 121, 101, 120, 100, 99, 119, 98, 118]
167: [148, 164]
168: [164, 136, 176]
169: [96, 97, 126, 127, 118, 119, 120, 121, 122, 123, 124, 125, 94, 95, 87]
170: [96, 97, 98, 126, 127, 118, 119, 120, 121, 122, 123, 124, 125, 94, 95, 87]
171: [96, 97, 98, 99, 126, 127, 118, 119, 120, 121, 122, 123, 124, 125, 94, 95, 87]
172: [96, 97, 98, 99, 100, 126, 127, 118, 119, 120, 121, 122, 123, 124, 125, 94, 95, 87]
173: [96, 97, 98, 99, 100, 101, 126, 127, 118, 119, 120, 121, 122, 123, 124, 125, 94, 95, 87]
174: [94, 95, 96, 97, 98, 99, 100, 101, 102, 118, 119, 120, 121, 122, 123, 124, 125, 126, 127, 87]
175: [94, 95, 96, 97, 98, 99, 100, 101, 102, 103, 118, 119, 120, 121, 122, 123, 124, 125, 126, 127, 87]
176: []
177: [87, 127, 126, 125, 104, 124, 123, 103, 122, 102, 121, 101, 120, 100, 95, 96, 99, 119, 97, 98, 118]
178: [87, 127, 126, 125, 104, 124, 123, 103, 122, 102, 121, 101, 120, 100, 96, 99, 119, 97, 98, 118]
179: [87, 127, 126, 125, 104, 124, 123, 103, 122, 102, 121, 101, 120, 100, 99, 119, 97, 98, 118]
180: [87, 127, 126, 125, 104, 124, 123, 103, 122, 102, 121, 101, 120, 100, 99, 119, 98, 118]
181: [176, 148, 164]
182: [136, 176]
183: [136, 176]
184: [136, 176]
185: [136, 176]
186: [136, 176]
187: [136, 176]
188: [136, 176]
189: [136, 176]
190: [136, 176, 148]
191: [176, 148]
192: [176, 148]
193: [176, 148]
194: [176, 148]
195: [176, 148]
177
0: [164, 137]
1: [164, 137]
2: [164, 137]
3: [164, 137]
4: [164, 137]
5: [164, 137]
6: [164, 137]
7: [164, 137]
8: [164, 137]
9: [149, 164, 137]
10: [149, 164]
11: [149, 164]
12: [149, 164]
13: [149, 164]
14: [164, 137]
15: [96, 97, 95, 87]
16: [98, 96, 97, 95, 87]
17: [99, 98, 96, 97, 95, 87]
18: [100, 99, 98, 96, 97, 95, 87]
19: [101, 100, 99, 98, 87, 96, 97, 95]
20: [102, 101, 100, 99, 87, 98, 96, 97, 95]
21: [103, 102, 101, 100, 87, 99, 98, 96, 97, 95]
22: [104, 103, 102, 101, 87, 100, 99, 98, 96, 97, 95]
23: [105, 104, 103, 102, 87, 101, 100, 99, 98, 96, 97, 95]
24: [105, 104, 103, 87, 102, 101, 100, 99, 98, 96, 97]
25: [105, 104, 87, 103, 102, 101, 100, 99, 98, 97]
26: [105, 87, 104, 103, 102, 101, 100, 99, 98]
27: [149, 164]
28: [164, 137]
29: [96, 97, 118, 95, 87]
30: [98, 118]
31: [99, 118]
32: [100, 118]
33: [101, 118]
34: [102, 118]
35: [103, 118]
36: [104, 118]
37: [105, 118, 95]
38: [118, 96]
39: [118, 97]
40: [87, 105, 104, 103, 102, 101, 100, 99, 98, 118]
41: [149, 164]
42: [164, 137]
43: [96, 97, 118, 119, 95, 87]
44: [98, 119]
45: [99, 119]
46: [100, 119]
47: [101, 119]
48: [102, 119]
49: [103, 119]
50: [104, 119]
51: [105, 119, 95]
52: [119, 96]
53: [119, 97]
54: [87, 105, 104, 103, 102, 101, 100, 99, 119, 98, 118]
55: [149, 164]
56: [164, 137]
57: [96, 97, 118, 119, 120, 95, 87]
58: [98, 120]
59: [99, 120]
60: [100, 120]
61: [101, 120]
62: [102, 120]
63: [103, 120]
64: [104, 120]
65: [105, 120, 95]
66: [120, 96]
67: [120, 97]
68: [87, 105, 104, 103, 102, 101, 120, 100, 99, 119, 98, 118]
69: [149, 164]
70: [164, 137]
71: [96, 97, 118, 119, 120, 121, 95, 87]
72: [98, 121]
73: [99, 121]
74: [100, 121]
75: [101, 121]
76: [102, 121]
77: [103, 121]
78: [104, 121]
79: [105, 121, 95]
80: [121, 96]
81: [121, 97]
82: [87, 105, 104, 103, 102, 121, 101, 120, 100, 99, 119, 98, 118]
83: [149, 164]
84: [164, 137]
85: [96, 97, 118, 119, 120, 121, 122, 95, 87]
86: [98, 122]
87: [99, 122]
88: [100, 122]
89: [101, 122]
90: [102, 122]
91: [103, 122]
92: [104, 122]
93: [105, 122, 95]
94: [122, 96]
95: [122, 97]
96: [87, 105, 104, 103, 122, 102, 121, 101, 120, 100, 99, 119, 98, 118]
97: [149, 164]
98: [164, 137]
99: [96, 97, 118, 119, 120, 121, 122, 123, 95, 87]
100: [98, 123]
101: [99, 123]
102: [100, 123]
103: [101, 123]
104: [102, 123]
105: [103, 123]
106: [104, 123]
107: [105, 123, 95]
108: [123, 96]
109: [123, 97]
110: [87, 105, 104, 123, 103, 122, 102, 121, 101, 120, 100, 99, 119, 98, 118]
111: [149, 164]
112: [164, 137]
113: [96, 97, 118, 119, 120, 121, 122, 123, 124, 95, 87]
114: [98, 124]
115: [99, 124]
116: [100, 124]
117: [101, 124]
118: [102, 124]
119: [103, 124]
120: [104, 124]
121: [105, 124, 95]
122: [124, 96]
123: [124, 97]
124: [87, 105, 104, 124, 123, 103, 122, 102, 121, 101, 120, 100, 99, 119, 98, 118]
125: [149, 164]
126: [164, 137]
127: [96, 97, 118, 119, 120, 121, 122, 123, 124, 125, 95, 87]
128: [98, 125]
129: [99, 125]
130: [100, 125]
131: [101, 125]
132: [102, 125]
133: [103, 125]
134: [104, 125]
135: [105, 125, 95]
136: [125, 96]
137: [125, 97]
138: [87, 105, 125, 104, 124, 123, 103, 122, 102, 121, 101, 120, 100, 99, 119, 98, 118]
139: [149, 164]
140: [164, 137]
141: [96, 97, 118, 119, 120, 121, 122, 123, 124, 125, 126, 95, 87]
142: [98, 126]
143: [99, 126]
144: [100, 126]
145: [101, 126]
146: [102, 126]
147: [103, 126]
148: [104, 126]
149: [105, 126, 95]
150: [126, 96]
151: [126, 97]
152: [87, 126, 105, 125, 104, 124, 123, 103, 122, 102, 121, 101, 120, 100, 99, 119, 98, 118]
153: [149, 164]
154: [164, 137]
155: [96, 97, 127, 118, 119, 120, 121, 122, 123, 124, 125, 126, 95, 87]
156: [98, 127]
157: [99, 127]
158: [100, 127]
159: [101, 127]
160: [102, 127]
161: [103, 127]
162: [104, 127]
163: [105, 127, 95]
164: [127, 96]
165: [127, 97]
166: [87, 127, 126, 105, 125, 104, 124, 123, 103, 122, 102, 121, 101, 120, 100, 99, 119, 98, 118]
167: [149, 164]
168: [164, 137, 176]
169: [96, 97, 127, 118, 119, 120, 121, 122, 123, 124, 125, 126, 95, 87]
170: [96, 97, 98, 127, 118, 119, 120, 121, 122, 123, 124, 125, 126, 95, 87]
171: [96, 97, 98, 99, 127, 118, 119, 120, 121, 122, 123, 124, 125, 126, 95, 87]
172: [96, 97, 98, 99, 100, 127, 118, 119, 120, 121, 122, 123, 124, 125, 126, 95, 87]
173: [96, 97, 98, 99, 100, 101, 127, 118, 119, 120, 121, 122, 123, 124, 125, 126, 95, 87]
174: [96, 97, 98, 99, 100, 101, 102, 127, 118, 119, 120, 121, 122, 123, 124, 125, 126, 95, 87]
175: [95, 96, 97, 98, 99, 100, 101, 102, 103, 118, 119, 120, 121, 122, 123, 124, 125, 126, 127, 87]
176: [95, 96, 97, 98, 99, 100, 101, 102, 103, 104, 118, 119, 120, 121, 122, 123, 124, 125, 126, 127, 87]
177: []
178: [87, 127, 126, 105, 125, 104, 124, 123, 103, 122, 102, 121, 101, 120, 100, 96, 99, 119, 97, 98, 118]
179: [87, 127, 126, 105, 125, 104, 124, 123, 103, 122, 102, 121, 101, 120, 100, 99, 119, 97, 98, 118]
180: [87, 127, 126, 105, 125, 104, 124, 123, 103, 122, 102, 121, 101, 120, 100, 99, 119, 98, 118]
181: [176, 149, 164]
182: [137, 176]
183: [137, 176]
184: [137, 176]
185: [137, 176]
186: [137, 176]
187: [137, 176]
188: [137, 176]
189: [137, 176]
190: [137, 176]
191: [137, 176, 149]
192: [176, 149]
193: [176, 149]
194: [176, 149]
195: [176, 149]
178
0: [164, 138]
1: [164, 138]
2: [164, 138]
3: [164, 138]
4: [164, 138]
5: [164, 138]
6: [164, 138]
7: [164, 138]
8: [164, 138]
9: [164, 138]
10: [150, 164, 138]
11: [150, 164]
12: [150, 164]
13: [150, 164]
14: [164, 138]
15: [96, 97, 87]
16: [98, 96, 97, 87]
17: [99, 98, 96, 97, 87]
18: [100, 99, 98, 87, 96, 97]
19: [101, 100, 99, 87, 98, 96, 97]
20: [102, 101, 100, 87, 99, 98, 96, 97]
21: [103, 102, 101, 87, 100, 99, 98, 96, 97]
22: [104, 103, 102, 87, 101, 100, 99, 98, 96, 97]
23: [105, 104, 103, 87, 102, 101, 100, 99, 98, 96, 97]
24: [106, 105, 104, 87, 103, 102, 101, 100, 99, 98, 96, 97]
25: [106, 105, 87, 104, 103, 102, 101, 100, 99, 98, 97]
26: [106, 87, 105, 104, 103, 102, 101, 100, 99, 98]
27: [150, 164]
28: [164, 138]
29: [96, 97, 118, 87]
30: [98, 118]
31: [99, 118]
32: [100, 118]
33: [101, 118]
34: [102, 118]
35: [103, 118]
36: [104, 118]
37: [105, 118]
38: [106, 118, 96]
39: [118, 97]
40: [87, 106, 105, 104, 103, 102, 101, 100, 99, 98, 118]
41: [150, 164]
42: [164, 138]
43: [96, 97, 118, 119, 87]
44: [98, 119]
45: [99, 119]
46: [100, 119]
47: [101, 119]
48: [102, 119]
49: [103, 119]
50: [104, 119]
51: [105, 119]
52: [106, 119, 96]
53: [119, 97]
54: [87, 106, 105, 104, 103, 102, 101, 100, 99, 119, 98, 118]
55: [150, 164]
56: [164, 138]
57: [96, 97, 118, 119, 120, 87]
58: [98, 120]
59: [99, 120]
60: [100, 120]
61: [101, 120]
62: [102, 120]
63: [103, 120]
64: [104, 120]
65: [105, 120]
66: [106, 120, 96]
67: [120, 97]
68: [87, 106, 105, 104, 103, 102, 101, 120, 100, 99, 119, 98, 118]
69: [150, 164]
70: [164, 138]
71: [96, 97, 118, 119, 120, 121, 87]
72: [98, 121]
73: [99, 121]
74: [100, 121]
75: [101, 121]
76: [102, 121]
77: [103, 121]
78: [104, 121]
79: [105, 121]
80: [106, 121, 96]
81: [121, 97]
82: [87, 106, 105, 104, 103, 102, 121, 101, 120, 100, 99, 119, 98, 118]
83: [150, 164]
84: [164, 138]
85: [96, 97, 118, 119, 120, 121, 122, 87]
86: [98, 122]
87: [99, 122]
88: [100, 122]
89: [101, 122]
90: [102, 122]
91: [103, 122]
92: [104, 122]
93: [105, 122]
94: [106, 122, 96]
95: [122, 97]
96: [87, 106, 105, 104, 103, 122, 102, 121, 101, 120, 100, 99, 119, 98, 118]
97: [150, 164]
98: [164, 138]
99: [96, 97, 118, 119, 120, 121, 122, 123, 87]
100: [98, 123]
101: [99, 123]
102: [100, 123]
103: [101, 123]
104: [102, 123]
105: [103, 123]
106: [104, 123]
107: [105, 123]
108: [106, 123, 96]
109: [123, 97]
110: [87, 106, 105, 104, 123, 103, 122, 102, 121, 101, 120, 100, 99, 119, 98, 118]
111: [150, 164]
112: [164, 138]
113: [96, 97, 118, 119, 120, 121, 122, 123, 124, 87]
114: [98, 124]
115: [99, 124]
116: [100, 124]
117: [101, 124]
118: [102, 124]
119: [103, 124]
120: [104, 124]
121: [105, 124]
122: [106, 124, 96]
123: [124, 97]
124: [87, 106, 105, 104, 124, 123, 103, 122, 102, 121, 101, 120, 100, 99, 119, 98, 118]
125: [150, 164]
126: [164, 138]
127: [96, 97, 118, 119, 120, 121, 122, 123, 124, 125, 87]
128: [98, 125]
129: [99, 125]
130: [100, 125]
131: [101, 125]
132: [102, 125]
133: [103, 125]
134: [104, 125]
135: [105, 125]
136: [106, 125, 96]
137: [125, 97]
138: [87, 106, 105, 125, 104, 124, 123, 103, 122, 102, 121, 101, 120, 100, 99, 119, 98, 118]
139: [150, 164]
140: [164, 138]
141: [96, 97, 118, 119, 120, 121, 122, 123, 124, 125, 126, 87]
142: [98, 126]
143: [99, 126]
144: [100, 126]
145: [101, 126]
146: [102, 126]
147: [103, 126]
148: [104, 126]
149: [105, 126]
150: [106, 126, 96]
151: [126, 97]
152: [87, 106, 126, 105, 125, 104, 124, 123, 103, 122, 102, 121, 101, 120, 100, 99, 119, 98, 118]
153: [150, 164]
154: [164, 138]
155: [96, 97, 118, 119, 120, 121, 122, 123, 124, 125, 126, 127, 87]
156: [98, 127]
157: [99, 127]
158: [100, 127]
159: [101, 127]
160: [102, 127]
161: [103, 127]
162: [104, 127]
163: [105, 127]
164: [106, 127, 96]
165: [127, 97]
166: [87, 127, 106, 126, 105, 125, 104, 124, 123, 103, 122, 102, 121, 101, 120, 100, 99, 119, 98, 118]
167: [150, 164]
168: [164, 138, 176]
169: [96, 97, 118, 119, 120, 121, 122, 123, 124, 125, 126, 127, 87]
170: [96, 97, 98, 118, 119, 120, 121, 122, 123, 124, 125, 126, 127, 87]
171: [96, 97, 98, 99, 118, 119, 120, 121, 122, 123, 124, 125, 126, 127, 87]
172: [96, 97, 98, 99, 100, 118, 119, 120, 121, 122, 123, 124, 125, 126, 127, 87]
173: [96, 97, 98, 99, 100, 101, 118, 119, 120, 121, 122, 123, 124, 125, 126, 127, 87]
174: [96, 97, 98, 99, 100, 101, 102, 118, 119, 120, 121, 122, 123, 124, 125, 126, 127, 87]
175: [96, 97, 98, 99, 100, 101, 102, 103, 118, 119, 120, 121, 122, 123, 124, 125, 126, 127, 87]
176: [96, 97, 98, 99, 100, 101, 102, 103, 104, 118, 119, 120, 121, 122, 123, 124, 125, 126, 127, 87]
177: [96, 97, 98, 99, 100, 101, 102, 103, 104, 105, 118, 119, 120, 121, 122, 123, 124, 125, 126, 127, 87]
178: []
179: [87, 127, 106, 126, 105, 125, 104, 124, 123, 103, 122, 102, 121, 101, 120, 100, 99, 119, 97, 98, 118]
180: [87, 127, 106, 126, 105, 125, 104, 124, 123, 103, 122, 102, 121, 101, 120, 100, 99, 119, 98, 118]
181: [176, 150, 164]
182: [138, 176]
183: [138, 176]
184: [138, 176]
185: [138, 176]
186: [138, 176]
187: [138, 176]
188: [138, 176]
189: [138, 176]
190: [138, 176]
191: [138, 176]
192: [138, 176, 150]
193: [176, 150]
194: [176, 150]
195: [176, 150]
179
0: [164, 139]
1: [164, 139]
2: [164, 139]
3: [164, 139]
4: [164, 139]
5: [164, 139]
6: [164, 139]
7: [164, 139]
8: [164, 139]
9: [164, 139]
10: [164, 139]
11: [151, 164, 139]
12: [151, 164]
13: [151, 164]
14: [164, 139]
15: [97, 87]
16: [98, 97, 87]
17: [99, 98, 87, 97]
18: [100, 99, 87, 98, 97]
19: [101, 100, 87, 99, 98, 97]
20: [102, 101, 87, 100, 99, 98, 97]
21: [103, 102, 87, 101, 100, 99, 98, 97]
22: [104, 103, 87, 102, 101, 100, 99, 98, 97]
23: [105, 104, 87, 103, 102, 101, 100, 99, 98, 97]
24: [106, 105, 87, 104, 103, 102, 101, 100, 99, 98, 97]
25: [107, 106, 87, 105, 104, 103, 102, 101, 100, 99, 98, 97]
26: [107, 87, 106, 105, 104, 103, 102, 101, 100, 99, 98]
27: [151, 164]
28: [164, 139]
29: [97, 118, 87]
30: [98, 118]
31: [99, 118]
32: [100, 118]
33: [101, 118]
34: [102, 118]
35: [103, 118]
36: [104, 118]
37: [105, 118]
38: [106, 118]
39: [107, 118, 97]
40: [87, 107, 106, 105, 104, 103, 102, 101, 100, 99, 98, 118]
41: [151, 164]
42: [164, 139]
43: [97, 118, 119, 87]
44: [98, 119]
45: [99, 119]
46: [100, 119]
47: [101, 119]
48: [102, 119]
49: [103, 119]
50: [104, 119]
51: [105, 119]
52: [106, 119]
53: [107, 119, 97]
54: [87, 107, 106, 105, 104, 103, 102, 101, 100, 99, 119, 98, 118]
55: [151, 164]
56: [164, 139]
57: [120, 97, 118, 119, 87]
58: [98, 120]
59: [99, 120]
60: [100, 120]
61: [101, 120]
62: [102, 120]
63: [103, 120]
64: [104, 120]
65: [105, 120]
66: [106, 120]
67: [107, 120, 97]
68: [87, 107, 106, 105, 104, 103, 102, 101, 120, 100, 99, 119, 98, 118]
69: [151, 164]
70: [164, 139]
71: [97, 118, 119, 120, 121, 87]
72: [98, 121]
73: [99, 121]
74: [100, 121]
75: [101, 121]
76: [102, 121]
77: [103, 121]
78: [104, 121]
79: [105, 121]
80: [106, 121]
81: [107, 121, 97]
82: [87, 107, 106, 105, 104, 103, 102, 121, 101, 120, 100, 99, 119, 98, 118]
83: [151, 164]
84: [164, 139]
85: [97, 118, 119, 120, 121, 122, 87]
86: [98, 122]
87: [99, 122]
88: [100, 122]
89: [101, 122]
90: [102, 122]
91: [103, 122]
92: [104, 122]
93: [105, 122]
94: [106, 122]
95: [107, 122, 97]
96: [87, 107, 106, 105, 104, 103, 122, 102, 121, 101, 120, 100, 99, 119, 98, 118]
97: [151, 164]
98: [164, 139]
99: [97, 118, 119, 120, 121, 122, 123, 87]
100: [98, 123]
101: [99, 123]
102: [100, 123]
103: [101, 123]
104: [102, 123]
105: [103, 123]
106: [104, 123]
107: [105, 123]
108: [106, 123]
109: [107, 123, 97]
110: [87, 107, 106, 105, 104, 123, 103, 122, 102, 121, 101, 120, 100, 99, 119, 98, 118]
111: [151, 164]
112: [164, 139]
113: [97, 118, 119, 120, 121, 122, 123, 124, 87]
114: [98, 124]
115: [99, 124]
116: [100, 124]
117: [101, 124]
118: [102, 124]
119: [103, 124]
120: [104, 124]
121: [105, 124]
122: [106, 124]
123: [107, 124, 97]
124: [87, 107, 106, 105, 104, 124, 123, 103, 122, 102, 121, 101, 120, 100, 99, 119, 98, 118]
125: [151, 164]
126: [164, 139]
127: [97, 118, 119, 120, 121, 122, 123, 124, 125, 87]
128: [98, 125]
129: [99, 125]
130: [100, 125]
131: [101, 125]
132: [102, 125]
133: [103, 125]
134: [104, 125]
135: [105, 125]
136: [106, 125]
137: [107, 125, 97]
138: [87, 107, 106, 105, 125, 104, 124, 123, 103, 122, 102, 121, 101, 120, 100, 99, 119, 98, 118]
139: [151, 164]
140: [164, 139]
141: [97, 118, 119, 120, 121, 122, 123, 124, 125, 126, 87]
142: [98, 126]
143: [99, 126]
144: [100, 126]
145: [101, 126]
146: [102, 126]
147: [103, 126]
148: [104, 126]
149: [105, 126]
150: [106, 126]
151: [107, 126, 97]
152: [87, 107, 106, 126, 105, 125, 104, 124, 123, 103, 122, 102, 121, 101, 120, 100, 99, 119, 98, 118]
153: [151, 164]
154: [164, 139]
155: [97, 118, 119, 120, 121, 122, 123, 124, 125, 126, 127, 87]
156: [98, 127]
157: [99, 127]
158: [100, 127]
159: [101, 127]
160: [102, 127]
161: [103, 127]
162: [104, 127]
163: [105, 127]
164: [106, 127]
165: [107, 127, 97]
166: [87, 107, 127, 106, 126, 105, 125, 104, 124, 123, 103, 122, 102, 121, 101, 120, 100, 99, 119, 98, 118]
167: [151, 164]
168: [164, 139, 176]
169: [97, 118, 119, 120, 121, 122, 123, 124, 125, 126, 127, 87]
170: [97, 98, 118, 119, 120, 121, 122, 123, 124, 125, 126, 127, 87]
171: [97, 98, 99, 118, 119, 120, 121, 122, 123, 124, 125, 126, 127, 87]
172: [97, 98, 99, 100, 118, 119, 120, 121, 122, 123, 124, 125, 126, 127, 87]
173: [97, 98, 99, 100, 101, 118, 119, 120, 121, 122, 123, 124, 125, 126, 127, 87]
174: [97, 98, 99, 100, 101, 102, 118, 119, 120, 121, 122, 123, 124, 125, 126, 127, 87]
175: [97, 98, 99, 100, 101, 102, 103, 118, 119, 120, 121, 122, 123, 124, 125, 126, 127, 87]
176: [97, 98, 99, 100, 101, 102, 103, 104, 118, 119, 120, 121, 122, 123, 124, 125, 126, 127, 87]
177: [97, 98, 99, 100, 101, 102, 103, 104, 105, 118, 119, 120, 121, 122, 123, 124, 125, 126, 127, 87]
178: [97, 98, 99, 100, 101, 102, 103, 104, 105, 106, 118, 119, 120, 121, 122, 123, 124, 125, 126, 127, 87]
179: []
180: [87, 107, 127, 106, 126, 105, 125, 104, 124, 123, 103, 122, 102, 121, 101, 120, 100, 99, 119, 98, 118]
181: [176, 151, 164]
182: [139, 176]
183: [139, 176]
184: [139, 176]
185: [139, 176]
186: [139, 176]
187: [139, 176]
188: [139, 176]
189: [139, 176]
190: [139, 176]
191: [139, 176]
192: [139, 176]
193: [139, 176, 151]
194: [176, 151]
195: [176, 151]
180
0: [164, 140]
1: [164, 140]
2: [164, 140]
3: [164, 140]
4: [164, 140]
5: [164, 140]
6: [164, 140]
7: [164, 140]
8: [164, 140]
9: [164, 140]
10: [164, 140]
11: [164, 140]
12: [152, 164, 140]
13: [152, 164]
14: [164, 140]
15: [87]
16: [98, 87]
17: [99, 87, 98]
18: [100, 87, 99, 98]
19: [101, 87, 100, 99, 98]
20: [102, 87, 101, 100, 99, 98]
21: [103, 87, 102, 101, 100, 99, 98]
22: [104, 87, 103, 102, 101, 100, 99, 98]
23: [105, 87, 104, 103, 102, 101, 100, 99, 98]
24: [106, 87, 105, 104, 103, 102, 101, 100, 99, 98]
25: [107, 87, 106, 105, 104, 103, 102, 101, 100, 99, 98]
26: [87, 107, 106, 105, 104, 103, 102, 101, 100, 99, 98]
27: [152, 164]
28: [164, 140]
29: [118, 87]
30: [98, 118]
31: [99, 118]
32: [100, 118]
33: [101, 118]
34: [102, 118]
35: [103, 118]
36: [104, 118]
37: [105, 118]
38: [106, 118]
39: [107, 118]
40: [87, 107, 106, 105, 104, 103, 102, 101, 100, 99, 98, 118]
41: [152, 164]
42: [164, 140]
43: [118, 119, 87]
44: [98, 119]
45: [99, 119]
46: [100, 119]
47: [101, 119]
48: [102, 119]
49: [103, 119]
50: [104, 119]
51: [105, 119]
52: [106, 119]
53: [107, 119]
54: [87, 107, 106, 105, 104, 103, 102, 101, 100, 99, 119, 98, 118]
55: [152, 164]
56: [164, 140]
57: [120, 118, 119, 87]
58: [98, 120]
59: [99, 120]
60: [100, 120]
61: [101, 120]
62: [102, 120]
63: [103, 120]
64: [104, 120]
65: [105, 120]
66: [106, 120]
67: [107, 120]
68: [87, 107, 106, 105, 104, 103, 102, 101, 120, 100, 99, 119, 98, 118]
69: [152, 164]
70: [164, 140]
71: [120, 121, 118, 119, 87]
72: [98, 121]
73: [99, 121]
74: [100, 121]
75: [101, 121]
76: [102, 121]
77: [103, 121]
78: [104, 121]
79: [105, 121]
80: [106, 121]
81: [107, 121]
82: [87, 107, 106, 105, 104, 103, 102, 121, 101, 120, 100, 99, 119, 98, 118]
83: [152, 164]
84: [164, 140]
85: [118, 119, 120, 121, 122, 87]
86: [98, 122]
87: [99, 122]
88: [100, 122]
89: [101, 122]
90: [102, 122]
91: [103, 122]
92: [104, 122]
93: [105, 122]
94: [106, 122]
95: [107, 122]
96: [87, 107, 106, 105, 104, 103, 122, 102, 121, 101, 120, 100, 99, 119, 98, 118]
97: [152, 164]
98: [164, 140]
99: [118, 119, 120, 121, 122, 123, 87]
100: [98, 123]
101: [99, 123]
102: [100, 123]
103: [101, 123]
104: [102, 123]
105: [103, 123]
106: [104, 123]
107: [105, 123]
108: [106, 123]
109: [107, 123]
110: [87, 107, 106, 105, 104, 123, 103, 122, 102, 121, 101, 120, 100, 99, 119, 98, 118]
111: [152, 164]
112: [164, 140]
113: [118, 119, 120, 121, 122, 123, 124, 87]
114: [98, 124]
115: [99, 124]
116: [100, 124]
117: [101, 124]
118: [102, 124]
119: [103, 124]
120: [104, 124]
121: [105, 124]
122: [106, 124]
123: [107, 124]
124: [87, 107, 106, 105, 104, 124, 123, 103, 122, 102, 121, 101, 120, 100, 99, 119, 98, 118]
125: [152, 164]
126: [164, 140]
127: [118, 119, 120, 121, 122, 123, 124, 125, 87]
128: [98, 125]
129: [99, 125]
130: [100, 125]
131: [101, 125]
132: [102, 125]
133: [103, 125]
134: [104, 125]
135: [105, 125]
136: [106, 125]
137: [107, 125]
138: [87, 107, 106, 105, 125, 104, 124, 123, 103, 122, 102, 121, 101, 120, 100, 99, 119, 98, 118]
139: [152, 164]
140: [164, 140]
141: [118, 119, 120, 121, 122, 123, 124, 125, 126, 87]
142: [98, 126]
143: [99, 126]
144: [100, 126]
145: [101, 126]
146: [102, 126]
147: [103, 126]
148: [104, 126]
149: [105, 126]
150: [106, 126]
151: [107, 126]
152: [87, 107, 106, 126, 105, 125, 104, 124, 123, 103, 122, 102, 121, 101, 120, 100, 99, 119, 98, 118]
153: [152, 164]
154: [164, 140]
155: [118, 119, 120, 121, 122, 123, 124, 125, 126, 127, 87]
156: [98, 127]
157: [99, 127]
158: [100, 127]
159: [101, 127]
160: [102, 127]
161: [103, 127]
162: [104, 127]
163: [105, 127]
164: [106, 127]
165: [107, 127]
166: [87, 107, 127, 106, 126, 105, 125, 104, 124, 123, 103, 122, 102, 121, 101, 120, 100, 99, 119, 98, 118]
167: [152, 164]
168: [164, 140, 176]
169: [118, 119, 120, 121, 122, 123, 124, 125, 126, 127, 87]
170: [98, 118, 119, 120, 121, 122, 123, 124, 125, 126, 127, 87]
171: [98, 99, 118, 119, 120, 121, 122, 123, 124, 125, 126, 127, 87]
172: [98, 99, 100, 118, 119, 120, 121, 122, 123, 124, 125, 126, 127, 87]
173: [98, 99, 100, 101, 118, 119, 120, 121, 122, 123, 124, 125, 126, 127, 87]
174: [98, 99, 100, 101, 102, 118, 119, 120, 121, 122, 123, 124, 125, 126, 127, 87]
175: [98, 99, 100, 101, 102, 103, 118, 119, 120, 121, 122, 123, 124, 125, 126, 127, 87]
176: [98, 99, 100, 101, 102, 103, 104, 118, 119, 120, 121, 122, 123, 124, 125, 126, 127, 87]
177: [98, 99, 100, 101, 102, 103, 104, 105, 118, 119, 120, 121, 122, 123, 124, 125, 126, 127, 87]
178: [98, 99, 100, 101, 102, 103, 104, 105, 106, 118, 119, 120, 121, 122, 123, 124, 125, 126, 127, 87]
179: [98, 99, 100, 101, 102, 103, 104, 105, 106, 107, 118, 119, 120, 121, 122, 123, 124, 125, 126, 127, 87]
180: []
181: [176, 152, 164]
182: [140, 176]
183: [140, 176]
184: [140, 176]
185: [140, 176]
186: [140, 176]
187: [140, 176]
188: [140, 176]
189: [140, 176]
190: [140, 176]
191: [140, 176]
192: [140, 176]
193: [140, 176]
194: [140, 176, 152]
195: [176, 152]
181
0: [128, 164]
1: [128, 164, 141]
2: [128, 142, 164, 141]
3: [128, 143, 142, 164, 141]
4: [128, 144, 143, 142, 164, 141]
5: [128, 145, 144, 143, 142, 164, 141]
6: [128, 146, 145, 144, 143, 142, 164, 141]
7: [128, 147, 146, 145, 144, 143, 142, 164, 141]
8: [128, 148, 147, 146, 145, 144, 143, 142, 164, 141]
9: [128, 149, 148, 147, 146, 145, 144, 143, 142, 164, 141]
10: [128, 150, 149, 148, 147, 146, 145, 144, 143, 142, 164, 141]
11: [128, 151, 150, 149, 148, 147, 146, 145, 144, 143, 142, 164, 141]
12: [128, 152, 151, 150, 149, 148, 147, 146, 145, 144, 143, 142, 164, 141]
13: [128, 152, 151, 150, 149, 148, 147, 146, 145, 144, 143, 142, 164, 141]
14: [164, 128, 165]
15: [141, 165]
16: [142, 165]
17: [143, 165]
18: [144, 165]
19: [145, 165]
20: [146, 165]
21: [147, 165]
22: [148, 165]
23: [149, 165]
24: [150, 165]
25: [151, 165]
26: [152, 165]
27: [128, 152, 151, 150, 149, 148, 147, 146, 145, 144, 143, 142, 164, 141, 165]
28: [164, 165, 166, 128]
29: [141, 166]
30: [142, 166]
31: [143, 166]
32: [144, 166]
33: [145, 166]
34: [146, 166]
35: [147, 166]
36: [148, 166]
37: [149, 166]
38: [150, 166]
39: [151, 166]
40: [152, 166]
41: [128, 152, 151, 150, 149, 148, 147, 146, 145, 144, 143, 166, 142, 164, 141, 165]
42: [164, 165, 166, 167, 128]
43: [141, 167]
44: [142, 167]
45: [143, 167]
46: [144, 167]
47: [145, 167]
48: [146, 167]
49: [147, 167]
50: [148, 167]
51: [149, 167]
52: [150, 167]
53: [151, 167]
54: [152, 167]
55: [128, 152, 151, 150, 149, 148, 147, 146, 145, 144, 167, 143, 166, 142, 164, 141, 165]
56: [164, 168, 165, 166, 167, 128]
57: [141, 168]
58: [142, 168]
59: [143, 168]
60: [144, 168]
61: [145, 168]
62: [146, 168]
63: [147, 168]
64: [148, 168]
65: [149, 168]
66: [150, 168]
67: [151, 168]
68: [152, 168]
69: [128, 152, 151, 150, 149, 148, 147, 146, 145, 144, 168, 167, 143, 166, 142, 164, 141, 165]
70: [164, 165, 166, 167, 168, 169, 128]
71: [141, 169]
72: [142, 169]
73: [143, 169]
74: [144, 169]
75: [145, 169]
76: [146, 169]
77: [147, 169]
78: [148, 169]
79: [149, 169]
80: [150, 169]
81: [151, 169]
82: [152, 169]
83: [128, 152, 151, 150, 149, 148, 147, 146, 145, 169, 144, 168, 167, 143, 166, 142, 164, 141, 165]
84: [164, 165, 166, 167, 168, 169, 170, 128]
85: [141, 170]
86: [142, 170]
87: [143, 170]
88: [144, 170]
89: [145, 170]
90: [146, 170]
91: [147, 170]
92: [148, 170]
93: [149, 170]
94: [150, 170]
95: [151, 170]
96: [152, 170]
97: [128, 152, 151, 150, 149, 148, 147, 170, 146, 145, 169, 144, 168, 167, 143, 166, 142, 164, 141, 165]
98: [164, 165, 166, 167, 168, 169, 170, 171, 128]
99: [141, 171]
100: [142, 171]
101: [143, 171]
102: [144, 171]
103: [145, 171]
104: [146, 171]
105: [147, 171]
106: [148, 171]
107: [149, 171]
108: [150, 171]
109: [151, 171]
110: [152, 171]
111: [128, 152, 151, 150, 149, 148, 147, 171, 170, 146, 145, 169, 144, 168, 167, 143, 166, 142, 164, 141, 165]
112: [164, 165, 166, 167, 168, 169, 170, 171, 172, 128]
113: [141, 172]
114: [142, 172]
115: [143, 172]
116: [144, 172]
117: [145, 172]
118: [146, 172]
119: [147, 172]
120: [148, 172]
121: [149, 172]
122: [150, 172]
123: [151, 172]
124: [152, 172]
125: [128, 152, 151, 150, 149, 172, 148, 147, 171, 170, 146, 145, 169, 144, 168, 167, 143, 166, 142, 164, 141, 165]
126: [164, 165, 166, 167, 168, 169, 170, 171, 172, 173, 128]
127: [141, 173]
128: [142, 173]
129: [143, 173]
130: [144, 173]
131: [145, 173]
132: [146, 173]
133: [147, 173]
134: [148, 173]
135: [149, 173]
136: [150, 173]
137: [151, 173]
138: [152, 173]
139: [128, 152, 151, 150, 149, 173, 172, 148, 147, 171, 170, 146, 145, 169, 144, 168, 167, 143, 166, 142, 164, 141, 165]
140: [164, 165, 166, 167, 168, 169, 170, 171, 172, 173, 174, 128]
141: [141, 174]
142: [142, 174]
143: [143, 174]
144: [144, 174]
145: [145, 174]
146: [146, 174]
147: [147, 174]
148: [148, 174]
149: [149, 174]
150: [150, 174]
151: [151, 174]
152: [152, 174]
153: [128, 152, 151, 174, 150, 149, 173, 172, 148, 147, 171, 170, 146, 145, 169, 144, 168, 167, 143, 166, 142, 164, 141, 165]
154: [164, 165, 166, 167, 168, 169, 170, 171, 172, 173, 174, 175, 128]
155: [141, 175]
156: [142, 175]
157: [143, 175]
158: [144, 175]
159: [145, 175]
160: [146, 175]
161: [147, 175]
162: [148, 175]
163: [149, 175]
164: [150, 175]
165: [151, 175]
166: [152, 175]
167: [128, 152, 175, 151, 174, 150, 149, 173, 172, 148, 147, 171, 170, 146, 145, 169, 144, 168, 167, 143, 166, 142, 164, 141, 165]
168: [164, 165, 166, 167, 168, 169, 170, 171, 172, 173, 174, 175, 176, 128]
169: [164, 141, 176]
170: [164, 142, 176]
171: [164, 143, 176]
172: [164, 144, 176]
173: [164, 145, 176]
174: [164, 146, 176]
175: [164, 147, 176]
176: [164, 148, 176]
177: [164, 149, 176]
178: [164, 150, 176]
179: [164, 151, 176]
180: [164, 152, 176]
181: []
182: [165, 166, 167, 168, 169, 170, 171, 172, 173, 174, 175, 176, 128]
183: [165, 166, 167, 168, 169, 170, 171, 172, 141, 173, 174, 175, 176, 128]
184: [165, 166, 167, 168, 169, 170, 171, 172, 141, 142, 173, 174, 175, 176, 128]
185: [165, 166, 167, 168, 169, 170, 171, 172, 141, 142, 143, 173, 174, 175, 176, 128]
186: [165, 166, 167, 168, 169, 170, 171, 172, 141, 142, 143, 144, 173, 174, 175, 176, 128]
187: [165, 166, 167, 168, 169, 170, 171, 172, 141, 142, 143, 144, 145, 173, 174, 175, 176, 128]
188: [165, 166, 167, 168, 169, 170, 171, 172, 141, 142, 143, 144, 145, 146, 173, 174, 175, 176, 128]
189: [141, 142, 143, 144, 145, 146, 147, 165, 166, 167, 168, 169, 170, 171, 172, 173, 174, 175, 176, 128]
190: [141, 142, 143, 144, 145, 146, 147, 148, 165, 166, 167, 168, 169, 170, 171, 172, 173, 174, 175, 176, 128]
191: [141, 142, 143, 144, 145, 146, 147, 148, 149, 165, 166, 167, 168, 169, 170, 171, 172, 173, 174, 175, 176, 128]
192: [141, 142, 143, 144, 145, 146, 147, 148, 149, 150, 165, 166, 167, 168, 169, 170, 171, 172, 173, 174, 175, 176, 128]
193: [141, 142, 143, 144, 145, 146, 147, 148, 149, 150, 151, 165, 166, 167, 168, 169, 170, 171, 172, 173, 174, 175, 176, 128]
194: [141, 142, 143, 144, 145, 146, 147, 148, 149, 150, 151, 152, 165, 166, 167, 168, 169, 170, 171, 172, 173, 174, 175, 176, 128]
195: [141, 142, 143, 144, 145, 146, 147, 148, 149, 150, 151, 152, 165, 166, 167, 168, 169, 170, 171, 172, 173, 174, 175, 176, 128]
182
0: [129, 130, 131, 132, 133, 134, 135, 136, 137, 138, 139, 140, 128]
1: [129, 130, 131, 132, 133, 134, 135, 136, 137, 138, 139, 140, 128]
2: [130, 131, 132, 133, 134, 135, 136, 137, 138, 139, 140, 128]
3: [131, 132, 133, 134, 135, 136, 137, 138, 139, 140, 128]
4: [132, 133, 134, 135, 136, 137, 138, 139, 140, 128]
5: [133, 134, 135, 136, 137, 138, 139, 140, 128]
6: [134, 135, 136, 137, 138, 139, 140, 128]
7: [135, 136, 137, 138, 139, 140, 128]
8: [136, 137, 138, 139, 140, 128]
9: [137, 138, 139, 140, 128]
10: [138, 139, 140, 128]
11: [139, 140, 128]
12: [140, 128]
13: [128]
14: [129, 130, 131, 132, 133, 134, 135, 136, 137, 138, 139, 140, 165, 128]
15: [165, 129]
16: [165, 130]
17: [165, 131]
18: [165, 132]
19: [165, 133]
20: [165, 134]
21: [165, 135]
22: [165, 136]
23: [165, 137]
24: [165, 138]
25: [165, 139]
26: [165, 140]
27: [128, 165]
28: [129, 130, 131, 132, 133, 134, 135, 136, 137, 138, 139, 140, 165, 166, 128]
29: [166, 129]
30: [166, 130]
31: [166, 131]
32: [166, 132]
33: [166, 133]
34: [166, 134]
35: [166, 135]
36: [166, 136]
37: [166, 137]
38: [166, 138]
39: [166, 139]
40: [166, 140]
41: [128, 166, 165]
42: [129, 130, 131, 132, 133, 134, 135, 136, 137, 138, 139, 140, 165, 166, 167, 128]
43: [167, 129]
44: [167, 130]
45: [167, 131]
46: [167, 132]
47: [167, 133]
48: [167, 134]
49: [167, 135]
50: [167, 136]
51: [167, 137]
52: [167, 138]
53: [167, 139]
54: [167, 140]
55: [128, 167, 166, 165]
56: [129, 130, 131, 132, 133, 134, 135, 136, 137, 138, 139, 140, 165, 166, 167, 168, 128]
57: [168, 129]
58: [168, 130]
59: [168, 131]
60: [168, 132]
61: [168, 133]
62: [168, 134]
63: [168, 135]
64: [168, 136]
65: [168, 137]
66: [168, 138]
67: [168, 139]
68: [168, 140]
69: [128, 168, 167, 166, 165]
70: [129, 130, 131, 132, 133, 134, 135, 136, 137, 138, 139, 140, 165, 166, 167, 168, 169, 128]
71: [169, 129]
72: [169, 130]
73: [169, 131]
74: [169, 132]
75: [169, 133]
76: [169, 134]
77: [169, 135]
78: [169, 136]
79: [169, 137]
80: [169, 138]
81: [169, 139]
82: [169, 140]
83: [128, 169, 168, 167, 166, 165]
84: [129, 130, 131, 132, 133, 134, 135, 136, 137, 138, 139, 140, 165, 166, 167, 168, 169, 170, 128]
85: [170, 129]
86: [170, 130]
87: [170, 131]
88: [170, 132]
89: [170, 133]
90: [170, 134]
91: [170, 135]
92: [170, 136]
93: [170, 137]
94: [170, 138]
95: [170, 139]
96: [170, 140]
97: [128, 170, 169, 168, 167, 166, 165]
98: [129, 130, 131, 132, 133, 134, 135, 136, 137, 138, 139, 140, 165, 166, 167, 168, 169, 170, 171, 128]
99: [171, 129]
100: [171, 130]
101: [171, 131]
102: [171, 132]
103: [171, 133]
104: [171, 134]
105: [171, 135]
106: [171, 136]
107: [171, 137]
108: [171, 138]
109: [171, 139]
110: [171, 140]
111: [128, 171, 170, 169, 168, 167, 166, 165]
112: [129, 130, 131, 132, 133, 134, 135, 136, 137, 138, 139, 140, 165, 166, 167, 168, 169, 170, 171, 172, 128]
113: [172, 129]
114: [172, 130]
115: [172, 131]
116: [172, 132]
117: [172, 133]
118: [172, 134]
119: [172, 135]
120: [172, 136]
121: [172, 137]
122: [172, 138]
123: [172, 139]
124: [172, 140]
125: [128, 172, 171, 170, 169, 168, 167, 166, 165]
126: [129, 130, 131, 132, 133, 134, 135, 136, 137, 138, 139, 140, 165, 166, 167, 168, 169, 170, 171, 172, 173, 128]
127: [173, 129]
128: [173, 130]
129: [173, 131]
130: [173, 132]
131: [173, 133]
132: [173, 134]
133: [173, 135]
134: [173, 136]
135: [173, 137]
136: [173, 138]
137: [173, 139]
138: [173, 140]
139: [128, 173, 172, 171, 170, 169, 168, 167, 166, 165]
140: [129, 130, 131, 132, 133, 134, 135, 136, 137, 138, 139, 140, 165, 166, 167, 168, 169, 170, 171, 172, 173, 174, 128]
141: [174, 129]
142: [174, 130]
143: [174, 131]
144: [174, 132]
145: [174, 133]
146: [174, 134]
147: [174, 135]
148: [174, 136]
149: [174, 137]
150: [174, 138]
151: [174, 139]
152: [174, 140]
153: [128, 174, 173, 172, 171, 170, 169, 168, 167, 166, 165]
154: [129, 130, 131, 132, 133, 134, 135, 136, 137, 138, 139, 140, 165, 166, 167, 168, 169, 170, 171, 172, 173, 174, 175, 128]
155: [175, 129]
156: [175, 130]
157: [175, 131]
158: [175, 132]
159: [175, 133]
160: [175, 134]
161: [175, 135]
162: [175, 136]
163: [175, 137]
164: [175, 138]
165: [175, 139]
166: [175, 140]
167: [128, 175, 174, 173, 172, 171, 170, 169, 168, 167, 166, 165]
168: [129, 130, 131, 132, 133, 134, 135, 136, 137, 138, 139, 140, 165, 166, 167, 168, 169, 170, 171, 172, 173, 174, 175, 176, 128]
169: [176, 129]
170: [176, 130]
171: [176, 131]
172: [176, 132]
173: [176, 133]
174: [176, 134]
175: [176, 135]
176: [176, 136]
177: [176, 137]
178: [176, 138]
179: [176, 139]
180: [176, 140]
181: [128, 176, 175, 174, 173, 172, 171, 170, 169, 168, 167, 166, 165]
182: []
183: [128, 176, 129, 130, 175, 131, 174, 132, 173, 172, 133, 171, 134, 170, 135, 136, 169, 168, 137, 138, 167, 139, 166, 140, 165]
184: [128, 176, 130, 175, 131, 174, 132, 173, 172, 133, 171, 134, 170, 135, 136, 169, 168, 137, 138, 167, 139, 166, 140, 165]
185: [128, 176, 175, 131, 174, 132, 173, 172, 133, 171, 134, 170, 135, 136, 169, 168, 137, 138, 167, 139, 166, 140, 165]
186: [128, 176, 175, 174, 132, 173, 172, 133, 171, 134, 170, 135, 136, 169, 168, 137, 138, 167, 139, 166, 140, 165]
187: [128, 176, 175, 174, 173, 172, 133, 171, 134, 170, 135, 136, 169, 168, 137, 138, 167, 139, 166, 140, 165]
188: [128, 176, 175, 174, 173, 172, 171, 134, 170, 135, 136, 169, 168, 137, 138, 167, 139, 166, 140, 165]
189: [128, 176, 175, 174, 173, 172, 171, 170, 135, 136, 169, 168, 137, 138, 167, 139, 166, 140, 165]
190: [128, 176, 175, 174, 173, 172, 171, 170, 136, 169, 168, 137, 138, 167, 139, 166, 140, 165]
191: [128, 176, 175, 174, 173, 172, 171, 170, 169, 168, 137, 138, 167, 139, 166, 140, 165]
192: [128, 176, 175, 174, 173, 172, 171, 170, 169, 168, 138, 167, 139, 166, 140, 165]
193: [128, 176, 175, 174, 173, 172, 171, 170, 169, 168, 167, 139, 166, 140, 165]
194: [128, 176, 175, 174, 173, 172, 171, 170, 169, 168, 167, 166, 140, 165]
195: [128, 176, 175, 174, 173, 172, 171, 170, 169, 168, 167, 166, 165]
183
0: [129, 130, 131, 132, 133, 134, 135, 136, 137, 138, 139, 140, 128]
1: [141, 129, 130, 131, 132, 133, 134, 135, 136, 137, 138, 139, 140, 128]
2: [141, 130, 131, 132, 133, 134, 135, 136, 137, 138, 139, 140, 128]
3: [141, 131, 132, 133, 134, 135, 136, 137, 138, 139, 140, 128]
4: [141, 132, 133, 134, 135, 136, 137, 138, 139, 140, 128]
5: [141, 133, 134, 135, 136, 137, 138, 139, 140, 128]
6: [141, 134, 135, 136, 137, 138, 139, 140, 128]
7: [141, 135, 136, 137, 138, 139, 140, 128]
8: [141, 136, 137, 138, 139, 140, 128]
9: [141, 137, 138, 139, 140, 128]
10: [141, 138, 139, 140, 128]
11: [141, 139, 140, 128]
12: [141, 128, 140]
13: [128, 141]
14: [129, 130, 131, 132, 133, 134, 135, 136, 137, 138, 139, 140, 165, 128]
15: [141, 165, 129]
16: [165, 130]
17: [165, 131]
18: [165, 132]
19: [165, 133]
20: [165, 134]
21: [165, 135]
22: [165, 136]
23: [165, 137]
24: [165, 138]
25: [165, 139]
26: [165, 140]
27: [128, 141, 165]
28: [129, 130, 131, 132, 133, 134, 135, 136, 137, 138, 139, 140, 165, 166, 128]
29: [141, 166, 129]
30: [166, 130]
31: [166, 131]
32: [166, 132]
33: [166, 133]
34: [166, 134]
35: [166, 135]
36: [166, 136]
37: [166, 137]
38: [166, 138]
39: [166, 139]
40: [166, 140]
41: [128, 166, 141, 165]
42: [129, 130, 131, 132, 133, 134, 135, 136, 137, 138, 139, 140, 165, 166, 167, 128]
43: [141, 167, 129]
44: [167, 130]
45: [167, 131]
46: [167, 132]
47: [167, 133]
48: [167, 134]
49: [167, 135]
50: [167, 136]
51: [167, 137]
52: [167, 138]
53: [167, 139]
54: [167, 140]
55: [128, 167, 166, 141, 165]
56: [129, 130, 131, 132, 133, 134, 135, 136, 137, 138, 139, 140, 165, 166, 167, 168, 128]
57: [141, 168, 129]
58: [168, 130]
59: [168, 131]
60: [168, 132]
61: [168, 133]
62: [168, 134]
63: [168, 135]
64: [168, 136]
65: [168, 137]
66: [168, 138]
67: [168, 139]
68: [168, 140]
69: [128, 168, 167, 166, 141, 165]
70: [129, 130, 131, 132, 133, 134, 135, 136, 137, 138, 139, 140, 165, 166, 167, 168, 169, 128]
71: [141, 169, 129]
72: [169, 130]
73: [169, 131]
74: [169, 132]
75: [169, 133]
76: [169, 134]
77: [169, 135]
78: [169, 136]
79: [169, 137]
80: [169, 138]
81: [169, 139]
82: [169, 140]
83: [128, 169, 168, 167, 166, 141, 165]
84: [129, 130, 131, 132, 133, 134, 135, 136, 137, 138, 139, 140, 165, 166, 167, 168, 169, 170, 128]
85: [141, 170, 129]
86: [170, 130]
87: [170, 131]
88: [170, 132]
89: [170, 133]
90: [170, 134]
91: [170, 135]
92: [170, 136]
93: [170, 137]
94: [170, 138]
95: [170, 139]
96: [170, 140]
97: [128, 170, 169, 168, 167, 166, 141, 165]
98: [129, 130, 131, 132, 133, 134, 135, 136, 137, 138, 139, 140, 165, 166, 167, 168, 169, 170, 171, 128]
99: [141, 171, 129]
100: [171, 130]
101: [171, 131]
102: [171, 132]
103: [171, 133]
104: [171, 134]
105: [171, 135]
106: [171, 136]
107: [171, 137]
108: [171, 138]
109: [171, 139]
110: [171, 140]
111: [128, 171, 170, 169, 168, 167, 166, 141, 165]
112: [129, 130, 131, 132, 133, 134, 135, 136, 137, 138, 139, 140, 165, 166, 167, 168, 169, 170, 171, 172, 128]
113: [141, 172, 129]
114: [172, 130]
115: [172, 131]
116: [172, 132]
117: [172, 133]
118: [172, 134]
119: [172, 135]
120: [172, 136]
121: [172, 137]
122: [172, 138]
123: [172, 139]
124: [172, 140]
125: [128, 172, 171, 170, 169, 168, 167, 166, 141, 165]
126: [129, 130, 131, 132, 133, 134, 135, 136, 137, 138, 139, 140, 165, 166, 167, 168, 169, 170, 171, 172, 173, 128]
127: [141, 173, 129]
128: [173, 130]
129: [173, 131]
130: [173, 132]
131: [173, 133]
132: [173, 134]
133: [173, 135]
134: [173, 136]
135: [173, 137]
136: [173, 138]
137: [173, 139]
138: [173, 140]
139: [128, 173, 172, 171, 170, 169, 168, 167, 166, 141, 165]
140: [129, 130, 131, 132, 133, 134, 135, 136, 137, 138, 139, 140, 165, 166, 167, 168, 169, 170, 171, 172, 173, 174, 128]
141: [141, 174, 129]
142: [174, 130]
143: [174, 131]
144: [174, 132]
145: [174, 133]
146: [174, 134]
147: [174, 135]
148: [174, 136]
149: [174, 137]
150: [174, 138]
151: [174, 139]
152: [174, 140]
153: [128, 174, 173, 172, 171, 170, 169, 168, 167, 166, 141, 165]
154: [129, 130, 131, 132, 133, 134, 135, 136, 137, 138, 139, 140, 165, 166, 167, 168, 169, 170, 171, 172, 173, 174, 175, 128]
155: [141, 175, 129]
156: [175, 130]
157: [175, 131]
158: [175, 132]
159: [175, 133]
160: [175, 134]
161: [175, 135]
162: [175, 136]
163: [175, 137]
164: [175, 138]
165: [175, 139]
166: [175, 140]
167: [128, 175, 174, 173, 172, 171, 170, 169, 168, 167, 166, 141, 165]
168: [129, 130, 131, 132, 133, 134, 135, 136, 137, 138, 139, 140, 165, 166, 167, 168, 169, 170, 171, 172, 173, 174, 175, 176, 128]
169: [141, 176, 129]
170: [176, 130]
171: [176, 131]
172: [176, 132]
173: [176, 133]
174: [176, 134]
175: [176, 135]
176: [176, 136]
177: [176, 137]
178: [176, 138]
179: [176, 139]
180: [176, 140]
181: [128, 176, 175, 174, 173, 172, 171, 170, 169, 168, 167, 166, 141, 165]
182: [129, 130, 131, 132, 133, 134, 135, 136, 137, 138, 139, 140, 165, 166, 167, 168, 169, 170, 171, 172, 173, 174, 175, 176, 128]
183: []
184: [128, 176, 130, 175, 131, 174, 132, 173, 172, 133, 171, 134, 170, 135, 136, 169, 168, 137, 138, 167, 139, 166, 140, 141, 165]
185: [128, 176, 175, 131, 174, 132, 173, 172, 133, 171, 134, 170, 135, 136, 169, 168, 137, 138, 167, 139, 166, 140, 141, 165]
186: [128, 176, 175, 174, 132, 173, 172, 133, 171, 134, 170, 135, 136, 169, 168, 137, 138, 167, 139, 166, 140, 141, 165]
187: [128, 176, 175, 174, 173, 172, 133, 171, 134, 170, 135, 136, 169, 168, 137, 138, 167, 139, 166, 140, 141, 165]
188: [128, 176, 175, 174, 173, 172, 171, 134, 170, 135, 136, 169, 168, 137, 138, 167, 139, 166, 140, 141, 165]
189: [128, 176, 175, 174, 173, 172, 171, 170, 135, 136, 169, 168, 137, 138, 167, 139, 166, 140, 141, 165]
190: [128, 176, 175, 174, 173, 172, 171, 170, 136, 169, 168, 137, 138, 167, 139, 166, 140, 141, 165]
191: [128, 176, 175, 174, 173, 172, 171, 170, 169, 168, 137, 138, 167, 139, 166, 140, 141, 165]
192: [128, 176, 175, 174, 173, 172, 171, 170, 169, 168, 138, 167, 139, 166, 140, 141, 165]
193: [128, 176, 175, 174, 173, 172, 171, 170, 169, 168, 167, 139, 166, 140, 141, 165]
194: [128, 176, 175, 174, 173, 172, 171, 170, 169, 168, 167, 166, 140, 141, 165]
195: [128, 176, 175, 174, 173, 172, 171, 170, 169, 168, 167, 166, 141, 165]
184
0: [130, 131, 132, 133, 134, 135, 136, 137, 138, 139, 140, 128]
1: [141, 130, 131, 132, 133, 134, 135, 136, 137, 138, 139, 140, 128]
2: [142, 141, 130, 131, 132, 133, 134, 135, 136, 137, 138, 139, 140, 128]
3: [142, 141, 131, 132, 133, 134, 135, 136, 137, 138, 139, 140, 128]
4: [142, 141, 132, 133, 134, 135, 136, 137, 138, 139, 140, 128]
5: [142, 141, 133, 134, 135, 136, 137, 138, 139, 140, 128]
6: [142, 141, 134, 135, 136, 137, 138, 139, 140, 128]
7: [142, 141, 135, 136, 137, 138, 139, 140, 128]
8: [142, 141, 136, 137, 138, 139, 140, 128]
9: [142, 141, 137, 138, 139, 140, 128]
10: [142, 141, 138, 139, 140, 128]
11: [142, 141, 128, 139, 140]
12: [142, 128, 141, 140]
13: [128, 142, 141]
14: [130, 131, 132, 133, 134, 135, 136, 137, 138, 139, 140, 165, 128]
15: [141, 165]
16: [142, 165, 130]
17: [165, 131]
18: [165, 132]
19: [165, 133]
20: [165, 134]
21: [165, 135]
22: [165, 136]
23: [165, 137]
24: [165, 138]
25: [165, 139]
26: [165, 140]
27: [128, 142, 141, 165]
28: [130, 131, 132, 133, 134, 135, 136, 137, 138, 139, 140, 165, 166, 128]
29: [141, 166]
30: [142, 166, 130]
31: [166, 131]
32: [166, 132]
33: [166, 133]
34: [166, 134]
35: [166, 135]
36: [166, 136]
37: [166, 137]
38: [166, 138]
39: [166, 139]
40: [166, 140]
41: [128, 166, 142, 141, 165]
42: [130, 131, 132, 133, 134, 135, 136, 137, 138, 139, 140, 165, 166, 167, 128]
43: [141, 167]
44: [142, 167, 130]
45: [167, 131]
46: [167, 132]
47: [167, 133]
48: [167, 134]
49: [167, 135]
50: [167, 136]
51: [167, 137]
52: [167, 138]
53: [167, 139]
54: [167, 140]
55: [128, 167, 166, 142, 141, 165]
56: [130, 131, 132, 133, 134, 135, 136, 137, 138, 139, 140, 165, 166, 167, 168, 128]
57: [141, 168]
58: [142, 168, 130]
59: [168, 131]
60: [168, 132]
61: [168, 133]
62: [168, 134]
63: [168, 135]
64: [168, 136]
65: [168, 137]
66: [168, 138]
67: [168, 139]
68: [168, 140]
69: [128, 168, 167, 166, 142, 141, 165]
70: [130, 131, 132, 133, 134, 135, 136, 137, 138, 139, 140, 165, 166, 167, 168, 169, 128]
71: [141, 169]
72: [142, 169, 130]
73: [169, 131]
74: [169, 132]
75: [169, 133]
76: [169, 134]
77: [169, 135]
78: [169, 136]
79: [169, 137]
80: [169, 138]
81: [169, 139]
82: [169, 140]
83: [128, 169, 168, 167, 166, 142, 141, 165]
84: [130, 131, 132, 133, 134, 135, 136, 137, 138, 139, 140, 165, 166, 167, 168, 169, 170, 128]
85: [141, 170]
86: [142, 170, 130]
87: [170, 131]
88: [170, 132]
89: [170, 133]
90: [170, 134]
91: [170, 135]
92: [170, 136]
93: [170, 137]
94: [170, 138]
95: [170, 139]
96: [170, 140]
97: [128, 170, 169, 168, 167, 166, 142, 141, 165]
98: [130, 131, 132, 133, 134, 135, 136, 137, 138, 139, 140, 165, 166, 167, 168, 169, 170, 171, 128]
99: [141, 171]
100: [142, 171, 130]
101: [171, 131]
102: [171, 132]
103: [171, 133]
104: [171, 134]
105: [171, 135]
106: [171, 136]
107: [171, 137]
108: [171, 138]
109: [171, 139]
110: [171, 140]
111: [128, 171, 170, 169, 168, 167, 166, 142, 141, 165]
112: [130, 131, 132, 133, 134, 135, 136, 137, 138, 139, 140, 165, 166, 167, 168, 169, 170, 171, 172, 128]
113: [141, 172]
114: [142, 172, 130]
115: [172, 131]
116: [172, 132]
117: [172, 133]
118: [172, 134]
119: [172, 135]
120: [172, 136]
121: [172, 137]
122: [172, 138]
123: [172, 139]
124: [172, 140]
125: [128, 172, 171, 170, 169, 168, 167, 166, 142, 141, 165]
126: [130, 131, 132, 133, 134, 135, 136, 137, 138, 139, 140, 165, 166, 167, 168, 169, 170, 171, 172, 173, 128]
127: [141, 173]
128: [142, 173, 130]
129: [173, 131]
130: [173, 132]
131: [173, 133]
132: [173, 134]
133: [173, 135]
134: [173, 136]
135: [173, 137]
136: [173, 138]
137: [173, 139]
138: [173, 140]
139: [128, 173, 172, 171, 170, 169, 168, 167, 166, 142, 141, 165]
140: [130, 131, 132, 133, 134, 135, 136, 137, 138, 139, 140, 165, 166, 167, 168, 169, 170, 171, 172, 173, 174, 128]
141: [141, 174]
142: [142, 174, 130]
143: [174, 131]
144: [174, 132]
145: [174, 133]
146: [174, 134]
147: [174, 135]
148: [174, 136]
149: [174, 137]
150: [174, 138]
151: [174, 139]
152: [174, 140]
153: [128, 174, 173, 172, 171, 170, 169, 168, 167, 166, 142, 141, 165]
154: [130, 131, 132, 133, 134, 135, 136, 137, 138, 139, 140, 165, 166, 167, 168, 169, 170, 171, 172, 173, 174, 175, 128]
155: [141, 175]
156: [142, 175, 130]
157: [175, 131]
158: [175, 132]
159: [175, 133]
160: [175, 134]
161: [175, 135]
162: [175, 136]
163: [175, 137]
164: [175, 138]
165: [175, 139]
166: [175, 140]
167: [128, 175, 174, 173, 172, 171, 170, 169, 168, 167, 166, 142, 141, 165]
168: [130, 131, 132, 133, 134, 135, 136, 137, 138, 139, 140, 165, 166, 167, 168, 169, 170, 171, 172, 173, 174, 175, 176, 128]
169: [141, 176]
170: [142, 176, 130]
171: [176, 131]
172: [176, 132]
173: [176, 133]
174: [176, 134]
175: [176, 135]
176: [176, 136]
177: [176, 137]
178: [176, 138]
179: [176, 139]
180: [176, 140]
181: [128, 176, 175, 174, 173, 172, 171, 170, 169, 168, 167, 166, 142, 141, 165]
182: [130, 131, 132, 133, 134, 135, 136, 137, 138, 139, 140, 165, 166, 167, 168, 169, 170, 171, 172, 173, 174, 175, 176, 128]
183: [130, 131, 132, 133, 134, 135, 136, 137, 138, 139, 140, 141, 165, 166, 167, 168, 169, 170, 171, 172, 173, 174, 175, 176, 128]
184: []
185: [128, 176, 175, 131, 174, 132, 173, 172, 133, 171, 134, 170, 135, 136, 169, 168, 137, 138, 167, 139, 166, 142, 140, 141, 165]
186: [128, 176, 175, 174, 132, 173, 172, 133, 171, 134, 170, 135, 136, 169, 168, 137, 138, 167, 139, 166, 142, 140, 141, 165]
187: [128, 176, 175, 174, 173, 172, 133, 171, 134, 170, 135, 136, 169, 168, 137, 138, 167, 139, 166, 142, 140, 141, 165]
188: [128, 176, 175, 174, 173, 172, 171, 134, 170, 135, 136, 169, 168, 137, 138, 167, 139, 166, 142, 140, 141, 165]
189: [128, 176, 175, 174, 173, 172, 171, 170, 135, 136, 169, 168, 137, 138, 167, 139, 166, 142, 140, 141, 165]
190: [128, 176, 175, 174, 173, 172, 171, 170, 136, 169, 168, 137, 138, 167, 139, 166, 142, 140, 141, 165]
191: [128, 176, 175, 174, 173, 172, 171, 170, 169, 168, 137, 138, 167, 139, 166, 142, 140, 141, 165]
192: [128, 176, 175, 174, 173, 172, 171, 170, 169, 168, 138, 167, 139, 166, 142, 140, 141, 165]
193: [128, 176, 175, 174, 173, 172, 171, 170, 169, 168, 167, 139, 166, 142, 140, 141, 165]
194: [128, 176, 175, 174, 173, 172, 171, 170, 169, 168, 167, 166, 142, 140, 141, 165]
195: [128, 176, 175, 174, 173, 172, 171, 170, 169, 168, 167, 166, 142, 141, 165]
185
0: [131, 132, 133, 134, 135, 136, 137, 138, 139, 140, 128]
1: [141, 131, 132, 133, 134, 135, 136, 137, 138, 139, 140, 128]
2: [142, 141, 131, 132, 133, 134, 135, 136, 137, 138, 139, 140, 128]
3: [143, 142, 141, 131, 132, 133, 134, 135, 136, 137, 138, 139, 140, 128]
4: [143, 142, 141, 132, 133, 134, 135, 136, 137, 138, 139, 140, 128]
5: [143, 142, 141, 133, 134, 135, 136, 137, 138, 139, 140, 128]
6: [143, 142, 141, 134, 135, 136, 137, 138, 139, 140, 128]
7: [143, 142, 141, 135, 136, 137, 138, 139, 140, 128]
8: [143, 142, 141, 136, 137, 138, 139, 140, 128]
9: [143, 142, 141, 137, 138, 139, 140, 128]
10: [143, 142, 141, 128, 138, 139, 140]
11: [143, 142, 128, 141, 139, 140]
12: [143, 128, 142, 141, 140]
13: [128, 143, 142, 141]
14: [131, 132, 133, 134, 135, 136, 137, 138, 139, 140, 165, 128]
15: [141, 165]
16: [142, 165]
17: [143, 165, 131]
18: [165, 132]
19: [165, 133]
20: [165, 134]
21: [165, 135]
22: [165, 136]
23: [165, 137]
24: [165, 138]
25: [165, 139]
26: [165, 140]
27: [128, 143, 142, 141, 165]
28: [131, 132, 133, 134, 135, 136, 137, 138, 139, 140, 165, 166, 128]
29: [141, 166]
30: [142, 166]
31: [143, 166, 131]
32: [166, 132]
33: [166, 133]
34: [166, 134]
35: [166, 135]
36: [166, 136]
37: [166, 137]
38: [166, 138]
39: [166, 139]
40: [166, 140]
41: [128, 143, 166, 142, 141, 165]
42: [131, 132, 133, 134, 135, 136, 137, 138, 139, 140, 165, 166, 167, 128]
43: [141, 167]
44: [142, 167]
45: [143, 167, 131]
46: [167, 132]
47: [167, 133]
48: [167, 134]
49: [167, 135]
50: [167, 136]
51: [167, 137]
52: [167, 138]
53: [167, 139]
54: [167, 140]
55: [128, 167, 143, 166, 142, 141, 165]
56: [131, 132, 133, 134, 135, 136, 137, 138, 139, 140, 165, 166, 167, 168, 128]
57: [141, 168]
58: [142, 168]
59: [143, 168, 131]
60: [168, 132]
61: [168, 133]
62: [168, 134]
63: [168, 135]
64: [168, 136]
65: [168, 137]
66: [168, 138]
67: [168, 139]
68: [168, 140]
69: [128, 168, 167, 143, 166, 142, 141, 165]
70: [131, 132, 133, 134, 135, 136, 137, 138, 139, 140, 165, 166, 167, 168, 169, 128]
71: [141, 169]
72: [142, 169]
73: [143, 169, 131]
74: [169, 132]
75: [169, 133]
76: [169, 134]
77: [169, 135]
78: [169, 136]
79: [169, 137]
80: [169, 138]
81: [169, 139]
82: [169, 140]
83: [128, 169, 168, 167, 143, 166, 142, 141, 165]
84: [131, 132, 133, 134, 135, 136, 137, 138, 139, 140, 165, 166, 167, 168, 169, 170, 128]
85: [141, 170]
86: [142, 170]
87: [143, 170, 131]
88: [170, 132]
89: [170, 133]
90: [170, 134]
91: [170, 135]
92: [170, 136]
93: [170, 137]
94: [170, 138]
95: [170, 139]
96: [170, 140]
97: [128, 170, 169, 168, 167, 143, 166, 142, 141, 165]
98: [131, 132, 133, 134, 135, 136, 137, 138, 139, 140, 165, 166, 167, 168, 169, 170, 171, 128]
99: [141, 171]
100: [142, 171]
101: [143, 171, 131]
102: [171, 132]
103: [171, 133]
104: [171, 134]
105: [171, 135]
106: [171, 136]
107: [171, 137]
108: [171, 138]
109: [171, 139]
110: [171, 140]
111: [128, 171, 170, 169, 168, 167, 143, 166, 142, 141, 165]
112: [131, 132, 133, 134, 135, 136, 137, 138, 139, 140, 165, 166, 167, 168, 169, 170, 171, 172, 128]
113: [141, 172]
114: [142, 172]
115: [143, 172, 131]
116: [172, 132]
117: [172, 133]
118: [172, 134]
119: [172, 135]
120: [172, 136]
121: [172, 137]
122: [172, 138]
123: [172, 139]
124: [172, 140]
125: [128, 172, 171, 170, 169, 168, 167, 143, 166, 142, 141, 165]
126: [131, 132, 133, 134, 135, 136, 137, 138, 139, 140, 165, 166, 167, 168, 169, 170, 171, 172, 173, 128]
127: [141, 173]
128: [142, 173]
129: [143, 173, 131]
130: [173, 132]
131: [173, 133]
132: [173, 134]
133: [173, 135]
134: [173, 136]
135: [173, 137]
136: [173, 138]
137: [173, 139]
138: [173, 140]
139: [128, 173, 172, 171, 170, 169, 168, 167, 143, 166, 142, 141, 165]
140: [131, 132, 133, 134, 135, 136, 137, 138, 139, 140, 165, 166, 167, 168, 169, 170, 171, 172, 173, 174, 128]
141: [141, 174]
142: [142, 174]
143: [143, 174, 131]
144: [174, 132]
145: [174, 133]
146: [174, 134]
147: [174, 135]
148: [174, 136]
149: [174, 137]
150: [174, 138]
151: [174, 139]
152: [174, 140]
153: [128, 174, 173, 172, 171, 170, 169, 168, 167, 143, 166, 142, 141, 165]
154: [131, 132, 133, 134, 135, 136, 137, 138, 139, 140, 165, 166, 167, 168, 169, 170, 171, 172, 173, 174, 175, 128]
155: [141, 175]
156: [142, 175]
157: [143, 175, 131]
158: [175, 132]
159: [175, 133]
160: [175, 134]
161: [175, 135]
162: [175, 136]
163: [175, 137]
164: [175, 138]
165: [175, 139]
166: [175, 140]
167: [128, 175, 174, 173, 172, 171, 170, 169, 168, 167, 143, 166, 142, 141, 165]
168: [131, 132, 133, 134, 135, 136, 137, 138, 139, 140, 165, 166, 167, 168, 169, 170, 171, 172, 173, 174, 175, 176, 128]
169: [141, 176]
170: [142, 176]
171: [143, 176, 131]
172: [176, 132]
173: [176, 133]
174: [176, 134]
175: [176, 135]
176: [176, 136]
177: [176, 137]
178: [176, 138]
179: [176, 139]
180: [176, 140]
181: [128, 176, 175, 174, 173, 172, 171, 170, 169, 168, 167, 143, 166, 142, 141, 165]
182: [131, 132, 133, 134, 135, 136, 137, 138, 139, 140, 165, 166, 167, 168, 169, 170, 171, 172, 173, 174, 175, 176, 128]
183: [131, 132, 133, 134, 135, 136, 137, 138, 139, 140, 141, 165, 166, 167, 168, 169, 170, 171, 172, 173, 174, 175, 176, 128]
184: [131, 132, 133, 134, 135, 136, 137, 138, 139, 140, 141, 142, 165, 166, 167, 168, 169, 170, 171, 172, 173, 174, 175, 176, 128]
185: []
186: [128, 176, 175, 174, 132, 173, 172, 133, 171, 134, 170, 135, 136, 169, 168, 137, 167, 138, 143, 139, 166, 142, 140, 141, 165]
187: [128, 176, 175, 174, 173, 172, 133, 171, 134, 170, 135, 136, 169, 168, 137, 167, 138, 143, 139, 166, 142, 140, 141, 165]
188: [128, 176, 175, 174, 173, 172, 171, 134, 170, 135, 136, 169, 168, 137, 167, 138, 143, 139, 166, 142, 140, 141, 165]
189: [128, 176, 175, 174, 173, 172, 171, 170, 135, 136, 169, 168, 137, 167, 138, 143, 139, 166, 142, 140, 141, 165]
190: [128, 176, 175, 174, 173, 172, 171, 170, 136, 169, 168, 137, 167, 138, 143, 139, 166, 142, 140, 141, 165]
191: [128, 176, 175, 174, 173, 172, 171, 170, 169, 168, 137, 167, 138, 143, 139, 166, 142, 140, 141, 165]
192: [128, 176, 175, 174, 173, 172, 171, 170, 169, 168, 167, 138, 143, 139, 166, 142, 140, 141, 165]
193: [128, 176, 175, 174, 173, 172, 171, 170, 169, 168, 167, 143, 139, 166, 142, 140, 141, 165]
194: [128, 176, 175, 174, 173, 172, 171, 170, 169, 168, 167, 143, 166, 142, 140, 141, 165]
195: [128, 176, 175, 174, 173, 172, 171, 170, 169, 168, 167, 143, 166, 142, 141, 165]
186
0: [132, 133, 134, 135, 136, 137, 138, 139, 140, 128]
1: [141, 132, 133, 134, 135, 136, 137, 138, 139, 140, 128]
2: [142, 141, 132, 133, 134, 135, 136, 137, 138, 139, 140, 128]
3: [143, 142, 141, 132, 133, 134, 135, 136, 137, 138, 139, 140, 128]
4: [144, 143, 142, 141, 132, 133, 134, 135, 136, 137, 138, 139, 140, 128]
5: [144, 143, 142, 141, 133, 134, 135, 136, 137, 138, 139, 140, 128]
6: [144, 143, 142, 141, 134, 135, 136, 137, 138, 139, 140, 128]
7: [144, 143, 142, 141, 135, 136, 137, 138, 139, 140, 128]
8: [144, 143, 142, 141, 136, 137, 138, 139, 140, 128]
9: [144, 143, 142, 141, 128, 137, 138, 139, 140]
10: [144, 143, 142, 128, 141, 138, 139, 140]
11: [144, 143, 128, 142, 141, 139, 140]
12: [144, 128, 143, 142, 141, 140]
13: [128, 144, 143, 142, 141]
14: [132, 133, 134, 135, 136, 137, 138, 139, 140, 165, 128]
15: [141, 165]
16: [142, 165]
17: [143, 165]
18: [144, 165, 132]
19: [165, 133]
20: [165, 134]
21: [165, 135]
22: [165, 136]
23: [165, 137]
24: [165, 138]
25: [165, 139]
26: [165, 140]
27: [128, 144, 143, 142, 141, 165]
28: [132, 133, 134, 135, 136, 137, 138, 139, 140, 165, 166, 128]
29: [141, 166]
30: [142, 166]
31: [143, 166]
32: [144, 166, 132]
33: [166, 133]
34: [166, 134]
35: [166, 135]
36: [166, 136]
37: [166, 137]
38: [166, 138]
39: [166, 139]
40: [166, 140]
41: [128, 144, 143, 166, 142, 141, 165]
42: [132, 133, 134, 135, 136, 137, 138, 139, 140, 165, 166, 167, 128]
43: [141, 167]
44: [142, 167]
45: [143, 167]
46: [144, 167, 132]
47: [167, 133]
48: [167, 134]
49: [167, 135]
50: [167, 136]
51: [167, 137]
52: [167, 138]
53: [167, 139]
54: [167, 140]
55: [128, 144, 167, 143, 166, 142, 141, 165]
56: [132, 133, 134, 135, 136, 137, 138, 139, 140, 165, 166, 167, 168, 128]
57: [141, 168]
58: [142, 168]
59: [143, 168]
60: [144, 168, 132]
61: [168, 133]
62: [168, 134]
63: [168, 135]
64: [168, 136]
65: [168, 137]
66: [168, 138]
67: [168, 139]
68: [168, 140]
69: [128, 144, 168, 167, 143, 166, 142, 141, 165]
70: [132, 133, 134, 135, 136, 137, 138, 139, 140, 165, 166, 167, 168, 169, 128]
71: [141, 169]
72: [142, 169]
73: [143, 169]
74: [144, 169, 132]
75: [169, 133]
76: [169, 134]
77: [169, 135]
78: [169, 136]
79: [169, 137]
80: [169, 138]
81: [169, 139]
82: [169, 140]
83: [128, 169, 144, 168, 167, 143, 166, 142, 141, 165]
84: [132, 133, 134, 135, 136, 137, 138, 139, 140, 165, 166, 167, 168, 169, 170, 128]
85: [141, 170]
86: [142, 170]
87: [143, 170]
88: [144, 170, 132]
89: [170, 133]
90: [170, 134]
91: [170, 135]
92: [170, 136]
93: [170, 137]
94: [170, 138]
95: [170, 139]
96: [170, 140]
97: [128, 170, 169, 144, 168, 167, 143, 166, 142, 141, 165]
98: [132, 133, 134, 135, 136, 137, 138, 139, 140, 165, 166, 167, 168, 169, 170, 171, 128]
99: [141, 171]
100: [142, 171]
101: [143, 171]
102: [144, 171, 132]
103: [171, 133]
104: [171, 134]
105: [171, 135]
106: [171, 136]
107: [171, 137]
108: [171, 138]
109: [171, 139]
110: [171, 140]
111: [128, 171, 170, 169, 144, 168, 167, 143, 166, 142, 141, 165]
112: [132, 133, 134, 135, 136, 137, 138, 139, 140, 165, 166, 167, 168, 169, 170, 171, 172, 128]
113: [141, 172]
114: [142, 172]
115: [143, 172]
116: [144, 172, 132]
117: [172, 133]
118: [172, 134]
119: [172, 135]
120: [172, 136]
121: [172, 137]
122: [172, 138]
123: [172, 139]
124: [172, 140]
125: [128, 172, 171, 170, 169, 144, 168, 167, 143, 166, 142, 141, 165]
126: [132, 133, 134, 135, 136, 137, 138, 139, 140, 165, 166, 167, 168, 169, 170, 171, 172, 173, 128]
127: [141, 173]
128: [142, 173]
129: [143, 173]
130: [144, 173, 132]
131: [173, 133]
132: [173, 134]
133: [173, 135]
134: [173, 136]
135: [173, 137]
136: [173, 138]
137: [173, 139]
138: [173, 140]
139: [128, 173, 172, 171, 170, 169, 144, 168, 167, 143, 166, 142, 141, 165]
140: [132, 133, 134, 135, 136, 137, 138, 139, 140, 165, 166, 167, 168, 169, 170, 171, 172, 173, 174, 128]
141: [141, 174]
142: [142, 174]
143: [143, 174]
144: [144, 174, 132]
145: [174, 133]
146: [174, 134]
147: [174, 135]
148: [174, 136]
149: [174, 137]
150: [174, 138]
151: [174, 139]
152: [174, 140]
153: [128, 174, 173, 172, 171, 170, 169, 144, 168, 167, 143, 166, 142, 141, 165]
154: [132, 133, 134, 135, 136, 137, 138, 139, 140, 165, 166, 167, 168, 169, 170, 171, 172, 173, 174, 175, 128]
155: [141, 175]
156: [142, 175]
157: [143, 175]
158: [144, 175, 132]
159: [175, 133]
160: [175, 134]
161: [175, 135]
162: [175, 136]
163: [175, 137]
164: [175, 138]
165: [175, 139]
166: [175, 140]
167: [128, 175, 174, 173, 172, 171, 170, 169, 144, 168, 167, 143, 166, 142, 141, 165]
168: [132, 133, 134, 135, 136, 137, 138, 139, 140, 165, 166, 167, 168, 169, 170, 171, 172, 173, 174, 175, 176, 128]
169: [141, 176]
170: [142, 176]
171: [143, 176]
172: [144, 176, 132]
173: [176, 133]
174: [176, 134]
175: [176, 135]
176: [176, 136]
177: [176, 137]
178: [176, 138]
179: [176, 139]
180: [176, 140]
181: [128, 176, 175, 174, 173, 172, 171, 170, 169, 144, 168, 167, 143, 166, 142, 141, 165]
182: [132, 133, 134, 135, 136, 137, 138, 139, 140, 165, 166, 167, 168, 169, 170, 171, 172, 173, 174, 175, 176, 128]
183: [132, 133, 134, 135, 136, 137, 138, 139, 140, 141, 165, 166, 167, 168, 169, 170, 171, 172, 173, 174, 175, 176, 128]
184: [132, 133, 134, 135, 136, 137, 138, 139, 140, 141, 142, 165, 166, 167, 168, 169, 170, 171, 172, 173, 174, 175, 176, 128]
185: [132, 133, 134, 135, 136, 137, 138, 139, 140, 141, 142, 143, 165, 166, 167, 168, 169, 170, 171, 172, 173, 174, 175, 176, 128]
186: []
187: [128, 176, 175, 174, 173, 172, 133, 171, 134, 170, 135, 136, 169, 144, 137, 168, 167, 138, 143, 139, 166, 142, 140, 141, 165]
188: [128, 176, 175, 174, 173, 172, 171, 134, 170, 135, 136, 169, 144, 137, 168, 167, 138, 143, 139, 166, 142, 140, 141, 165]
189: [128, 176, 175, 174, 173, 172, 171, 170, 135, 136, 169, 144, 137, 168, 167, 138, 143, 139, 166, 142, 140, 141, 165]
190: [128, 176, 175, 174, 173, 172, 171, 170, 136, 169, 144, 137, 168, 167, 138, 143, 139, 166, 142, 140, 141, 165]
191: [128, 176, 175, 174, 173, 172, 171, 170, 169, 144, 137, 168, 167, 138, 143, 139, 166, 142, 140, 141, 165]
192: [128, 176, 175, 174, 173, 172, 171, 170, 169, 144, 168, 167, 138, 143, 139, 166, 142, 140, 141, 165]
193: [128, 176, 175, 174, 173, 172, 171, 170, 169, 144, 168, 167, 143, 139, 166, 142, 140, 141, 165]
194: [128, 176, 175, 174, 173, 172, 171, 170, 169, 144, 168, 167, 143, 166, 142, 140, 141, 165]
195: [128, 176, 175, 174, 173, 172, 171, 170, 169, 144, 168, 167, 143, 166, 142, 141, 165]
187
0: [133, 134, 135, 136, 137, 138, 139, 140, 128]
1: [141, 133, 134, 135, 136, 137, 138, 139, 140, 128]
2: [142, 141, 133, 134, 135, 136, 137, 138, 139, 140, 128]
3: [143, 142, 141, 133, 134, 135, 136, 137, 138, 139, 140, 128]
4: [144, 143, 142, 141, 133, 134, 135, 136, 137, 138, 139, 140, 128]
5: [145, 144, 143, 142, 141, 133, 134, 135, 136, 137, 138, 139, 140, 128]
6: [145, 144, 143, 142, 141, 134, 135, 136, 137, 138, 139, 140, 128]
7: [145, 144, 143, 142, 141, 135, 136, 137, 138, 139, 140, 128]
8: [145, 144, 143, 142, 141, 128, 136, 137, 138, 139, 140]
9: [145, 144, 143, 142, 128, 141, 137, 138, 139, 140]
10: [145, 144, 143, 128, 142, 141, 138, 139, 140]
11: [145, 144, 128, 143, 142, 141, 139, 140]
12: [145, 128, 144, 143, 142, 141, 140]
13: [128, 145, 144, 143, 142, 141]
14: [133, 134, 135, 136, 137, 138, 139, 140, 165, 128]
15: [141, 165]
16: [142, 165]
17: [143, 165]
18: [144, 165]
19: [145, 165, 133]
20: [165, 134]
21: [165, 135]
22: [165, 136]
23: [165, 137]
24: [165, 138]
25: [165, 139]
26: [165, 140]
27: [128, 145, 144, 143, 142, 141, 165]
28: [133, 134, 135, 136, 137, 138, 139, 140, 165, 166, 128]
29: [141, 166]
30: [142, 166]
31: [143, 166]
32: [144, 166]
33: [145, 166, 133]
34: [166, 134]
35: [166, 135]
36: [166, 136]
37: [166, 137]
38: [166, 138]
39: [166, 139]
40: [166, 140]
41: [128, 145, 144, 143, 166, 142, 141, 165]
42: [133, 134, 135, 136, 137, 138, 139, 140, 165, 166, 167, 128]
43: [141, 167]
44: [142, 167]
45: [143, 167]
46: [144, 167]
47: [145, 167, 133]
48: [167, 134]
49: [167, 135]
50: [167, 136]
51: [167, 137]
52: [167, 138]
53: [167, 139]
54: [167, 140]
55: [128, 145, 144, 167, 143, 166, 142, 141, 165]
56: [133, 134, 135, 136, 137, 138, 139, 140, 165, 166, 167, 168, 128]
57: [141, 168]
58: [142, 168]
59: [143, 168]
60: [144, 168]
61: [145, 168, 133]
62: [168, 134]
63: [168, 135]
64: [168, 136]
65: [168, 137]
66: [168, 138]
67: [168, 139]
68: [168, 140]
69: [128, 145, 144, 168, 167, 143, 166, 142, 141, 165]
70: [133, 134, 135, 136, 137, 138, 139, 140, 165, 166, 167, 168, 169, 128]
71: [141, 169]
72: [142, 169]
73: [143, 169]
74: [144, 169]
75: [145, 169, 133]
76: [169, 134]
77: [169, 135]
78: [169, 136]
79: [169, 137]
80: [169, 138]
81: [169, 139]
82: [169, 140]
83: [128, 145, 169, 144, 168, 167, 143, 166, 142, 141, 165]
84: [133, 134, 135, 136, 137, 138, 139, 140, 165, 166, 167, 168, 169, 170, 128]
85: [141, 170]
86: [142, 170]
87: [143, 170]
88: [144, 170]
89: [145, 170, 133]
90: [170, 134]
91: [170, 135]
92: [170, 136]
93: [170, 137]
94: [170, 138]
95: [170, 139]
96: [170, 140]
97: [128, 170, 145, 169, 144, 168, 167, 143, 166, 142, 141, 165]
98: [133, 134, 135, 136, 137, 138, 139, 140, 165, 166, 167, 168, 169, 170, 171, 128]
99: [141, 171]
100: [142, 171]
101: [143, 171]
102: [144, 171]
103: [145, 171, 133]
104: [171, 134]
105: [171, 135]
106: [171, 136]
107: [171, 137]
108: [171, 138]
109: [171, 139]
110: [171, 140]
111: [128, 171, 170, 145, 169, 144, 168, 167, 143, 166, 142, 141, 165]
112: [133, 134, 135, 136, 137, 138, 139, 140, 165, 166, 167, 168, 169, 170, 171, 172, 128]
113: [141, 172]
114: [142, 172]
115: [143, 172]
116: [144, 172]
117: [145, 172, 133]
118: [172, 134]
119: [172, 135]
120: [172, 136]
121: [172, 137]
122: [172, 138]
123: [172, 139]
124: [172, 140]
125: [128, 172, 171, 170, 145, 169, 144, 168, 167, 143, 166, 142, 141, 165]
126: [133, 134, 135, 136, 137, 138, 139, 140, 165, 166, 167, 168, 169, 170, 171, 172, 173, 128]
127: [141, 173]
128: [142, 173]
129: [143, 173]
130: [144, 173]
131: [145, 173, 133]
132: [173, 134]
133: [173, 135]
134: [173, 136]
135: [173, 137]
136: [173, 138]
137: [173, 139]
138: [173, 140]
139: [128, 173, 172, 171, 170, 145, 169, 144, 168, 167, 143, 166, 142, 141, 165]
140: [133, 134, 135, 136, 137, 138, 139, 140, 165, 166, 167, 168, 169, 170, 171, 172, 173, 174, 128]
141: [141, 174]
142: [142, 174]
143: [143, 174]
144: [144, 174]
145: [145, 174, 133]
146: [174, 134]
147: [174, 135]
148: [174, 136]
149: [174, 137]
150: [174, 138]
151: [174, 139]
152: [174, 140]
153: [128, 174, 173, 172, 171, 170, 145, 169, 144, 168, 167, 143, 166, 142, 141, 165]
154: [133, 134, 135, 136, 137, 138, 139, 140, 165, 166, 167, 168, 169, 170, 171, 172, 173, 174, 175, 128]
155: [141, 175]
156: [142, 175]
157: [143, 175]
158: [144, 175]
159: [145, 175, 133]
160: [175, 134]
161: [175, 135]
162: [175, 136]
163: [175, 137]
164: [175, 138]
165: [175, 139]
166: [175, 140]
167: [128, 175, 174, 173, 172, 171, 170, 145, 169, 144, 168, 167, 143, 166, 142, 141, 165]
168: [133, 134, 135, 136, 137, 138, 139, 140, 165, 166, 167, 168, 169, 170, 171, 172, 173, 174, 175, 176, 128]
169: [141, 176]
170: [142, 176]
171: [143, 176]
172: [144, 176]
173: [145, 176, 133]
174: [176, 134]
175: [176, 135]
176: [176, 136]
177: [176, 137]
178: [176, 138]
179: [176, 139]
180: [176, 140]
181: [128, 176, 175, 174, 173, 172, 171, 170, 145, 169, 144, 168, 167, 143, 166, 142, 141, 165]
182: [133, 134, 135, 136, 137, 138, 139, 140, 165, 166, 167, 168, 169, 170, 171, 172, 173, 174, 175, 176, 128]
183: [133, 134, 135, 136, 137, 138, 139, 140, 141, 165, 166, 167, 168, 169, 170, 171, 172, 173, 174, 175, 176, 128]
184: [133, 134, 135, 136, 137, 138, 139, 140, 141, 142, 165, 166, 167, 168, 169, 170, 171, 172, 173, 174, 175, 176, 128]
185: [133, 134, 135, 136, 137, 138, 139, 140, 141, 142, 143, 165, 166, 167, 168, 169, 170, 171, 172, 173, 174, 175, 176, 128]
186: [133, 134, 135, 136, 137, 138, 139, 140, 141, 142, 143, 144, 165, 166, 167, 168, 169, 170, 171, 172, 173, 174, 175, 176, 128]
187: []
188: [128, 176, 175, 174, 173, 172, 171, 134, 170, 135, 136, 145, 169, 144, 137, 168, 167, 138, 143, 139, 166, 142, 140, 141, 165]
189: [128, 176, 175, 174, 173, 172, 171, 170, 135, 136, 145, 169, 144, 137, 168, 167, 138, 143, 139, 166, 142, 140, 141, 165]
190: [128, 176, 175, 174, 173, 172, 171, 170, 136, 145, 169, 144, 137, 168, 167, 138, 143, 139, 166, 142, 140, 141, 165]
191: [128, 176, 175, 174, 173, 172, 171, 170, 145, 169, 144, 137, 168, 167, 138, 143, 139, 166, 142, 140, 141, 165]
192: [128, 176, 175, 174, 173, 172, 171, 170, 145, 169, 144, 168, 167, 138, 143, 139, 166, 142, 140, 141, 165]
193: [128, 176, 175, 174, 173, 172, 171, 170, 145, 169, 144, 168, 167, 143, 139, 166, 142, 140, 141, 165]
194: [128, 176, 175, 174, 173, 172, 171, 170, 145, 169, 144, 168, 167, 143, 166, 142, 140, 141, 165]
195: [128, 176, 175, 174, 173, 172, 171, 170, 145, 169, 144, 168, 167, 143, 166, 142, 141, 165]
188
0: [134, 135, 136, 137, 138, 139, 140, 128]
1: [141, 134, 135, 136, 137, 138, 139, 140, 128]
2: [142, 141, 134, 135, 136, 137, 138, 139, 140, 128]
3: [143, 142, 141, 134, 135, 136, 137, 138, 139, 140, 128]
4: [144, 143, 142, 141, 134, 135, 136, 137, 138, 139, 140, 128]
5: [145, 144, 143, 142, 141, 134, 135, 136, 137, 138, 139, 140, 128]
6: [146, 145, 144, 143, 142, 141, 134, 135, 136, 137, 138, 139, 140, 128]
7: [146, 145, 144, 143, 142, 141, 128, 135, 136, 137, 138, 139, 140]
8: [146, 145, 144, 143, 142, 128, 141, 136, 137, 138, 139, 140]
9: [146, 145, 144, 143, 128, 142, 141, 137, 138, 139, 140]
10: [146, 145, 144, 128, 143, 142, 141, 138, 139, 140]
11: [146, 145, 128, 144, 143, 142, 141, 139, 140]
12: [146, 128, 145, 144, 143, 142, 141, 140]
13: [128, 146, 145, 144, 143, 142, 141]
14: [165, 134, 135, 136, 137, 138, 139, 140, 128]
15: [141, 165]
16: [142, 165]
17: [143, 165]
18: [144, 165]
19: [145, 165]
20: [146, 165, 134]
21: [165, 135]
22: [165, 136]
23: [165, 137]
24: [165, 138]
25: [165, 139]
26: [165, 140]
27: [128, 146, 145, 144, 143, 142, 141, 165]
28: [165, 134, 135, 136, 137, 138, 139, 140, 166, 128]
29: [141, 166]
30: [142, 166]
31: [143, 166]
32: [144, 166]
33: [145, 166]
34: [146, 166, 134]
35: [166, 135]
36: [166, 136]
37: [166, 137]
38: [166, 138]
39: [166, 139]
40: [166, 140]
41: [128, 146, 145, 144, 143, 166, 142, 141, 165]
42: [165, 134, 135, 136, 137, 138, 139, 140, 166, 167, 128]
43: [141, 167]
44: [142, 167]
45: [143, 167]
46: [144, 167]
47: [145, 167]
48: [146, 167, 134]
49: [167, 135]
50: [167, 136]
51: [167, 137]
52: [167, 138]
53: [167, 139]
54: [167, 140]
55: [128, 146, 145, 144, 167, 143, 166, 142, 141, 165]
56: [165, 134, 135, 136, 137, 138, 139, 140, 166, 167, 168, 128]
57: [141, 168]
58: [142, 168]
59: [143, 168]
60: [144, 168]
61: [145, 168]
62: [146, 168, 134]
63: [168, 135]
64: [168, 136]
65: [168, 137]
66: [168, 138]
67: [168, 139]
68: [168, 140]
69: [128, 146, 145, 144, 168, 167, 143, 166, 142, 141, 165]
70: [165, 134, 135, 136, 137, 138, 139, 140, 166, 167, 168, 169, 128]
71: [141, 169]
72: [142, 169]
73: [143, 169]
74: [144, 169]
75: [145, 169]
76: [146, 169, 134]
77: [169, 135]
78: [169, 136]
79: [169, 137]
80: [169, 138]
81: [169, 139]
82: [169, 140]
83: [128, 146, 145, 169, 144, 168, 167, 143, 166, 142, 141, 165]
84: [165, 134, 135, 136, 137, 138, 139, 140, 166, 167, 168, 169, 170, 128]
85: [141, 170]
86: [142, 170]
87: [143, 170]
88: [144, 170]
89: [145, 170]
90: [146, 170, 134]
91: [170, 135]
92: [170, 136]
93: [170, 137]
94: [170, 138]
95: [170, 139]
96: [170, 140]
97: [128, 170, 146, 145, 169, 144, 168, 167, 143, 166, 142, 141, 165]
98: [165, 134, 135, 136, 137, 138, 139, 140, 166, 167, 168, 169, 170, 171, 128]
99: [141, 171]
100: [142, 171]
101: [143, 171]
102: [144, 171]
103: [145, 171]
104: [146, 171, 134]
105: [171, 135]
106: [171, 136]
107: [171, 137]
108: [171, 138]
109: [171, 139]
110: [171, 140]
111: [128, 171, 170, 146, 145, 169, 144, 168, 167, 143, 166, 142, 141, 165]
112: [165, 134, 135, 136, 137, 138, 139, 140, 166, 167, 168, 169, 170, 171, 172, 128]
113: [141, 172]
114: [142, 172]
115: [143, 172]
116: [144, 172]
117: [145, 172]
118: [146, 172, 134]
119: [172, 135]
120: [172, 136]
121: [172, 137]
122: [172, 138]
123: [172, 139]
124: [172, 140]
125: [128, 172, 171, 170, 146, 145, 169, 144, 168, 167, 143, 166, 142, 141, 165]
126: [165, 134, 135, 136, 137, 138, 139, 140, 166, 167, 168, 169, 170, 171, 172, 173, 128]
127: [141, 173]
128: [142, 173]
129: [143, 173]
130: [144, 173]
131: [145, 173]
132: [146, 173, 134]
133: [173, 135]
134: [173, 136]
135: [173, 137]
136: [173, 138]
137: [173, 139]
138: [173, 140]
139: [128, 173, 172, 171, 170, 146, 145, 169, 144, 168, 167, 143, 166, 142, 141, 165]
140: [165, 134, 135, 136, 137, 138, 139, 140, 166, 167, 168, 169, 170, 171, 172, 173, 174, 128]
141: [141, 174]
142: [142, 174]
143: [143, 174]
144: [144, 174]
145: [145, 174]
146: [146, 174, 134]
147: [174, 135]
148: [174, 136]
149: [174, 137]
150: [174, 138]
151: [174, 139]
152: [174, 140]
153: [128, 174, 173, 172, 171, 170, 146, 145, 169, 144, 168, 167, 143, 166, 142, 141, 165]
154: [165, 134, 135, 136, 137, 138, 139, 140, 166, 167, 168, 169, 170, 171, 172, 173, 174, 175, 128]
155: [141, 175]
156: [142, 175]
157: [143, 175]
158: [144, 175]
159: [145, 175]
160: [146, 175, 134]
161: [175, 135]
162: [175, 136]
163: [175, 137]
164: [175, 138]
165: [175, 139]
166: [175, 140]
167: [128, 175, 174, 173, 172, 171, 170, 146, 145, 169, 144, 168, 167, 143, 166, 142, 141, 165]
168: [134, 135, 136, 137, 138, 139, 140, 165, 166, 167, 168, 169, 170, 171, 172, 173, 174, 175, 176, 128]
169: [141, 176]
170: [142, 176]
171: [143, 176]
172: [144, 176]
173: [145, 176]
174: [146, 176, 134]
175: [176, 135]
176: [176, 136]
177: [176, 137]
178: [176, 138]
179: [176, 139]
180: [176, 140]
181: [128, 176, 175, 174, 173, 172, 171, 170, 146, 145, 169, 144, 168, 167, 143, 166, 142, 141, 165]
182: [134, 135, 136, 137, 138, 139, 140, 165, 166, 167, 168, 169, 170, 171, 172, 173, 174, 175, 176, 128]
183: [134, 135, 136, 137, 138, 139, 140, 141, 165, 166, 167, 168, 169, 170, 171, 172, 173, 174, 175, 176, 128]
184: [134, 135, 136, 137, 138, 139, 140, 141, 142, 165, 166, 167, 168, 169, 170, 171, 172, 173, 174, 175, 176, 128]
185: [134, 135, 136, 137, 138, 139, 140, 141, 142, 143, 165, 166, 167, 168, 169, 170, 171, 172, 173, 174, 175, 176, 128]
186: [134, 135, 136, 137, 138, 139, 140, 141, 142, 143, 144, 165, 166, 167, 168, 169, 170, 171, 172, 173, 174, 175, 176, 128]
187: [134, 135, 136, 137, 138, 139, 140, 141, 142, 143, 144, 145, 165, 166, 167, 168, 169, 170, 171, 172, 173, 174, 175, 176, 128]
188: []
189: [128, 176, 175, 174, 173, 172, 171, 170, 146, 135, 136, 145, 169, 144, 137, 168, 167, 138, 143, 139, 166, 142, 140, 141, 165]
190: [128, 176, 175, 174, 173, 172, 171, 170, 146, 136, 145, 169, 144, 137, 168, 167, 138, 143, 139, 166, 142, 140, 141, 165]
191: [128, 176, 175, 174, 173, 172, 171, 170, 146, 145, 169, 144, 137, 168, 167, 138, 143, 139, 166, 142, 140, 141, 165]
192: [128, 176, 175, 174, 173, 172, 171, 170, 146, 145, 169, 144, 168, 167, 138, 143, 139, 166, 142, 140, 141, 165]
193: [128, 176, 175, 174, 173, 172, 171, 170, 146, 145, 169, 144, 168, 167, 143, 139, 166, 142, 140, 141, 165]
194: [128, 176, 175, 174, 173, 172, 171, 170, 146, 145, 169, 144, 168, 167, 143, 166, 142, 140, 141, 165]
195: [128, 176, 175, 174, 173, 172, 171, 170, 146, 145, 169, 144, 168, 167, 143, 166, 142, 141, 165]
189
0: [135, 136, 137, 138, 139, 140, 128]
1: [141, 135, 136, 137, 138, 139, 140, 128]
2: [142, 141, 135, 136, 137, 138, 139, 140, 128]
3: [143, 142, 141, 135, 136, 137, 138, 139, 140, 128]
4: [144, 143, 142, 141, 135, 136, 137, 138, 139, 140, 128]
5: [145, 144, 143, 142, 141, 135, 136, 137, 138, 139, 140, 128]
6: [146, 145, 144, 143, 142, 141, 128, 135, 136, 137, 138, 139, 140]
7: [147, 146, 145, 144, 143, 142, 128, 141, 135, 136, 137, 138, 139, 140]
8: [147, 146, 145, 144, 143, 128, 142, 141, 136, 137, 138, 139, 140]
9: [147, 146, 145, 144, 128, 143, 142, 141, 137, 138, 139, 140]
10: [147, 146, 145, 128, 144, 143, 142, 141, 138, 139, 140]
11: [147, 146, 128, 145, 144, 143, 142, 141, 139, 140]
12: [147, 128, 146, 145, 144, 143, 142, 141, 140]
13: [128, 147, 146, 145, 144, 143, 142, 141]
14: [165, 135, 136, 137, 138, 139, 140, 128]
15: [141, 165]
16: [142, 165]
17: [143, 165]
18: [144, 165]
19: [145, 165]
20: [146, 165]
21: [147, 165, 135]
22: [165, 136]
23: [165, 137]
24: [165, 138]
25: [165, 139]
26: [165, 140]
27: [128, 147, 146, 145, 144, 143, 142, 141, 165]
28: [165, 166, 135, 136, 137, 138, 139, 140, 128]
29: [141, 166]
30: [142, 166]
31: [143, 166]
32: [144, 166]
33: [145, 166]
34: [146, 166]
35: [147, 166, 135]
36: [166, 136]
37: [166, 137]
38: [166, 138]
39: [166, 139]
40: [166, 140]
41: [128, 147, 146, 145, 144, 143, 166, 142, 141, 165]
42: [165, 166, 135, 136, 137, 138, 139, 140, 167, 128]
43: [141, 167]
44: [142, 167]
45: [143, 167]
46: [144, 167]
47: [145, 167]
48: [146, 167]
49: [147, 167, 135]
50: [167, 136]
51: [167, 137]
52: [167, 138]
53: [167, 139]
54: [167, 140]
55: [128, 147, 146, 145, 144, 167, 143, 166, 142, 141, 165]
56: [165, 166, 135, 136, 137, 138, 139, 140, 167, 168, 128]
57: [141, 168]
58: [142, 168]
59: [143, 168]
60: [144, 168]
61: [145, 168]
62: [146, 168]
63: [147, 168, 135]
64: [168, 136]
65: [168, 137]
66: [168, 138]
67: [168, 139]
68: [168, 140]
69: [128, 147, 146, 145, 144, 168, 167, 143, 166, 142, 141, 165]
70: [165, 166, 135, 136, 137, 138, 139, 140, 167, 168, 169, 128]
71: [141, 169]
72: [142, 169]
73: [143, 169]
74: [144, 169]
75: [145, 169]
76: [146, 169]
77: [147, 169, 135]
78: [169, 136]
79: [169, 137]
80: [169, 138]
81: [169, 139]
82: [169, 140]
83: [128, 147, 146, 145, 169, 144, 168, 167, 143, 166, 142, 141, 165]
84: [165, 166, 135, 136, 137, 138, 139, 140, 167, 168, 169, 170, 128]
85: [141, 170]
86: [142, 170]
87: [143, 170]
88: [144, 170]
89: [145, 170]
90: [146, 170]
91: [147, 170, 135]
92: [170, 136]
93: [170, 137]
94: [170, 138]
95: [170, 139]
96: [170, 140]
97: [128, 147, 170, 146, 145, 169, 144, 168, 167, 143, 166, 142, 141, 165]
98: [165, 166, 135, 136, 137, 138, 139, 140, 167, 168, 169, 170, 171, 128]
99: [141, 171]
100: [142, 171]
101: [143, 171]
102: [144, 171]
103: [145, 171]
104: [146, 171]
105: [147, 171, 135]
106: [171, 136]
107: [171, 137]
108: [171, 138]
109: [171, 139]
110: [171, 140]
111: [128, 147, 171, 170, 146, 145, 169, 144, 168, 167, 143, 166, 142, 141, 165]
112: [165, 166, 135, 136, 137, 138, 139, 140, 167, 168, 169, 170, 171, 172, 128]
113: [141, 172]
114: [142, 172]
115: [143, 172]
116: [144, 172]
117: [145, 172]
118: [146, 172]
119: [147, 172, 135]
120: [172, 136]
121: [172, 137]
122: [172, 138]
123: [172, 139]
124: [172, 140]
125: [128, 172, 147, 171, 170, 146, 145, 169, 144, 168, 167, 143, 166, 142, 141, 165]
126: [165, 166, 135, 136, 137, 138, 139, 140, 167, 168, 169, 170, 171, 172, 173, 128]
127: [141, 173]
128: [142, 173]
129: [143, 173]
130: [144, 173]
131: [145, 173]
132: [146, 173]
133: [147, 173, 135]
134: [173, 136]
135: [173, 137]
136: [173, 138]
137: [173, 139]
138: [173, 140]
139: [128, 173, 172, 147, 171, 170, 146, 145, 169, 144, 168, 167, 143, 166, 142, 141, 165]
140: [165, 166, 135, 136, 137, 138, 139, 140, 167, 168, 169, 170, 171, 172, 173, 174, 128]
141: [141, 174]
142: [142, 174]
143: [143, 174]
144: [144, 174]
145: [145, 174]
146: [146, 174]
147: [147, 174, 135]
148: [174, 136]
149: [174, 137]
150: [174, 138]
151: [174, 139]
152: [174, 140]
153: [128, 174, 173, 172, 147, 171, 170, 146, 145, 169, 144, 168, 167, 143, 166, 142, 141, 165]
154: [165, 166, 135, 136, 137, 138, 139, 140, 167, 168, 169, 170, 171, 172, 173, 174, 175, 128]
155: [141, 175]
156: [142, 175]
157: [143, 175]
158: [144, 175]
159: [145, 175]
160: [146, 175]
161: [147, 175, 135]
162: [175, 136]
163: [175, 137]
164: [175, 138]
165: [175, 139]
166: [175, 140]
167: [128, 175, 174, 173, 172, 147, 171, 170, 146, 145, 169, 144, 168, 167, 143, 166, 142, 141, 165]
168: [165, 166, 135, 136, 137, 138, 139, 140, 167, 168, 169, 170, 171, 172, 173, 174, 175, 176, 128]
169: [141, 176]
170: [142, 176]
171: [143, 176]
172: [144, 176]
173: [145, 176]
174: [146, 176]
175: [147, 176, 135]
176: [176, 136]
177: [176, 137]
178: [176, 138]
179: [176, 139]
180: [176, 140]
181: [128, 176, 175, 174, 173, 172, 147, 171, 170, 146, 145, 169, 144, 168, 167, 143, 166, 142, 141, 165]
182: [165, 166, 135, 136, 137, 138, 139, 140, 167, 168, 169, 170, 171, 172, 173, 174, 175, 176, 128]
183: [135, 136, 137, 138, 139, 140, 141, 165, 166, 167, 168, 169, 170, 171, 172, 173, 174, 175, 176, 128]
184: [135, 136, 137, 138, 139, 140, 141, 142, 165, 166, 167, 168, 169, 170, 171, 172, 173, 174, 175, 176, 128]
185: [135, 136, 137, 138, 139, 140, 141, 142, 143, 165, 166, 167, 168, 169, 170, 171, 172, 173, 174, 175, 176, 128]
186: [135, 136, 137, 138, 139, 140, 141, 142, 143, 144, 165, 166, 167, 168, 169, 170, 171, 172, 173, 174, 175, 176, 128]
187: [135, 136, 137, 138, 139, 140, 141, 142, 143, 144, 145, 165, 166, 167, 168, 169, 170, 171, 172, 173, 174, 175, 176, 128]
188: [135, 136, 137, 138, 139, 140, 141, 142, 143, 144, 145, 146, 165, 166, 167, 168, 169, 170, 171, 172, 173, 174, 175, 176, 128]
189: []
190: [128, 176, 175, 174, 173, 172, 147, 171, 170, 146, 136, 145, 169, 144, 137, 168, 167, 138, 143, 139, 166, 142, 140, 141, 165]
191: [128, 176, 175, 174, 173, 172, 147, 171, 170, 146, 145, 169, 144, 137, 168, 167, 138, 143, 139, 166, 142, 140, 141, 165]
192: [128, 176, 175, 174, 173, 172, 147, 171, 170, 146, 145, 169, 144, 168, 167, 138, 143, 139, 166, 142, 140, 141, 165]
193: [128, 176, 175, 174, 173, 172, 147, 171, 170, 146, 145, 169, 144, 168, 167, 143, 139, 166, 142, 140, 141, 165]
194: [128, 176, 175, 174, 173, 172, 147, 171, 170, 146, 145, 169, 144, 168, 167, 143, 166, 142, 140, 141, 165]
195: [128, 176, 175, 174, 173, 172, 147, 171, 170, 146, 145, 169, 144, 168, 167, 143, 166, 142, 141, 165]
190
0: [136, 137, 138, 139, 140, 128]
1: [141, 136, 137, 138, 139, 140, 128]
2: [142, 141, 136, 137, 138, 139, 140, 128]
3: [143, 142, 141, 136, 137, 138, 139, 140, 128]
4: [144, 143, 142, 141, 136, 137, 138, 139, 140, 128]
5: [145, 144, 143, 142, 141, 128, 136, 137, 138, 139, 140]
6: [146, 145, 144, 143, 142, 128, 141, 136, 137, 138, 139, 140]
7: [147, 146, 145, 144, 143, 128, 142, 141, 136, 137, 138, 139, 140]
8: [148, 147, 146, 145, 144, 128, 143, 142, 141, 136, 137, 138, 139, 140]
9: [148, 147, 146, 145, 128, 144, 143, 142, 141, 137, 138, 139, 140]
10: [148, 147, 146, 128, 145, 144, 143, 142, 141, 138, 139, 140]
11: [148, 147, 128, 146, 145, 144, 143, 142, 141, 139, 140]
12: [148, 128, 147, 146, 145, 144, 143, 142, 141, 140]
13: [128, 148, 147, 146, 145, 144, 143, 142, 141]
14: [165, 136, 137, 138, 139, 140, 128]
15: [141, 165]
16: [142, 165]
17: [143, 165]
18: [144, 165]
19: [145, 165]
20: [146, 165]
21: [147, 165]
22: [148, 165, 136]
23: [165, 137]
24: [165, 138]
25: [165, 139]
26: [165, 140]
27: [128, 148, 147, 146, 145, 144, 143, 142, 141, 165]
28: [165, 166, 136, 137, 138, 139, 140, 128]
29: [141, 166]
30: [142, 166]
31: [143, 166]
32: [144, 166]
33: [145, 166]
34: [146, 166]
35: [147, 166]
36: [148, 166, 136]
37: [166, 137]
38: [166, 138]
39: [166, 139]
40: [166, 140]
41: [128, 148, 147, 146, 145, 144, 143, 166, 142, 141, 165]
42: [165, 166, 167, 136, 137, 138, 139, 140, 128]
43: [141, 167]
44: [142, 167]
45: [143, 167]
46: [144, 167]
47: [145, 167]
48: [146, 167]
49: [147, 167]
50: [148, 167, 136]
51: [167, 137]
52: [167, 138]
53: [167, 139]
54: [167, 140]
55: [128, 148, 147, 146, 145, 144, 167, 143, 166, 142, 141, 165]
56: [165, 166, 167, 136, 137, 138, 139, 140, 168, 128]
57: [141, 168]
58: [142, 168]
59: [143, 168]
60: [144, 168]
61: [145, 168]
62: [146, 168]
63: [147, 168]
64: [148, 168, 136]
65: [168, 137]
66: [168, 138]
67: [168, 139]
68: [168, 140]
69: [128, 148, 147, 146, 145, 144, 168, 167, 143, 166, 142, 141, 165]
70: [165, 166, 167, 136, 137, 138, 139, 140, 168, 169, 128]
71: [141, 169]
72: [142, 169]
73: [143, 169]
74: [144, 169]
75: [145, 169]
76: [146, 169]
77: [147, 169]
78: [148, 169, 136]
79: [169, 137]
80: [169, 138]
81: [169, 139]
82: [169, 140]
83: [128, 148, 147, 146, 145, 169, 144, 168, 167, 143, 166, 142, 141, 165]
84: [165, 166, 167, 136, 137, 138, 139, 140, 168, 169, 170, 128]
85: [141, 170]
86: [142, 170]
87: [143, 170]
88: [144, 170]
89: [145, 170]
90: [146, 170]
91: [147, 170]
92: [148, 170, 136]
93: [170, 137]
94: [170, 138]
95: [170, 139]
96: [170, 140]
97: [128, 148, 147, 170, 146, 145, 169, 144, 168, 167, 143, 166, 142, 141, 165]
98: [165, 166, 167, 136, 137, 138, 139, 140, 168, 169, 170, 171, 128]
99: [141, 171]
100: [142, 171]
101: [143, 171]
102: [144, 171]
103: [145, 171]
104: [146, 171]
105: [147, 171]
106: [148, 171, 136]
107: [171, 137]
108: [171, 138]
109: [171, 139]
110: [171, 140]
111: [128, 148, 147, 171, 170, 146, 145, 169, 144, 168, 167, 143, 166, 142, 141, 165]
112: [165, 166, 167, 136, 137, 138, 139, 140, 168, 169, 170, 171, 172, 128]
113: [141, 172]
114: [142, 172]
115: [143, 172]
116: [144, 172]
117: [145, 172]
118: [146, 172]
119: [147, 172]
120: [148, 172, 136]
121: [172, 137]
122: [172, 138]
123: [172, 139]
124: [172, 140]
125: [128, 172, 148, 147, 171, 170, 146, 145, 169, 144, 168, 167, 143, 166, 142, 141, 165]
126: [165, 166, 167, 136, 137, 138, 139, 140, 168, 169, 170, 171, 172, 173, 128]
127: [141, 173]
128: [142, 173]
129: [143, 173]
130: [144, 173]
131: [145, 173]
132: [146, 173]
133: [147, 173]
134: [148, 173, 136]
135: [173, 137]
136: [173, 138]
137: [173, 139]
138: [173, 140]
139: [128, 173, 172, 148, 147, 171, 170, 146, 145, 169, 144, 168, 167, 143, 166, 142, 141, 165]
140: [165, 166, 167, 136, 137, 138, 139, 140, 168, 169, 170, 171, 172, 173, 174, 128]
141: [141, 174]
142: [142, 174]
143: [143, 174]
144: [144, 174]
145: [145, 174]
146: [146, 174]
147: [147, 174]
148: [148, 174, 136]
149: [174, 137]
150: [174, 138]
151: [174, 139]
152: [174, 140]
153: [128, 174, 173, 172, 148, 147, 171, 170, 146, 145, 169, 144, 168, 167, 143, 166, 142, 141, 165]
154: [165, 166, 167, 136, 137, 138, 139, 140, 168, 169, 170, 171, 172, 173, 174, 175, 128]
155: [141, 175]
156: [142, 175]
157: [143, 175]
158: [144, 175]
159: [145, 175]
160: [146, 175]
161: [147, 175]
162: [148, 175, 136]
163: [175, 137]
164: [175, 138]
165: [175, 139]
166: [175, 140]
167: [128, 175, 174, 173, 172, 148, 147, 171, 170, 146, 145, 169, 144, 168, 167, 143, 166, 142, 141, 165]
168: [165, 166, 167, 136, 137, 138, 139, 140, 168, 169, 170, 171, 172, 173, 174, 175, 176, 128]
169: [141, 176]
170: [142, 176]
171: [143, 176]
172: [144, 176]
173: [145, 176]
174: [146, 176]
175: [147, 176]
176: [148, 176, 136]
177: [176, 137]
178: [176, 138]
179: [176, 139]
180: [176, 140]
181: [128, 176, 175, 174, 173, 172, 148, 147, 171, 170, 146, 145, 169, 144, 168, 167, 143, 166, 142, 141, 165]
182: [165, 166, 167, 136, 137, 138, 139, 140, 168, 169, 170, 171, 172, 173, 174, 175, 176, 128]
183: [165, 166, 167, 136, 137, 138, 139, 140, 141, 168, 169, 170, 171, 172, 173, 174, 175, 176, 128]
184: [136, 137, 138, 139, 140, 141, 142, 165, 166, 167, 168, 169, 170, 171, 172, 173, 174, 175, 176, 128]
185: [136, 137, 138, 139, 140, 141, 142, 143, 165, 166, 167, 168, 169, 170, 171, 172, 173, 174, 175, 176, 128]
186: [136, 137, 138, 139, 140, 141, 142, 143, 144, 165, 166, 167, 168, 169, 170, 171, 172, 173, 174, 175, 176, 128]
187: [136, 137, 138, 139, 140, 141, 142, 143, 144, 145, 165, 166, 167, 168, 169, 170, 171, 172, 173, 174, 175, 176, 128]
188: [136, 137, 138, 139, 140, 141, 142, 143, 144, 145, 146, 165, 166, 167, 168, 169, 170, 171, 172, 173, 174, 175, 176, 128]
189: [136, 137, 138, 139, 140, 141, 142, 143, 144, 145, 146, 147, 165, 166, 167, 168, 169, 170, 171, 172, 173, 174, 175, 176, 128]
190: []
191: [128, 176, 175, 174, 173, 172, 148, 147, 171, 170, 146, 145, 169, 144, 137, 168, 167, 138, 143, 139, 166, 142, 140, 141, 165]
192: [128, 176, 175, 174, 173, 172, 148, 147, 171, 170, 146, 145, 169, 144, 168, 167, 138, 143, 139, 166, 142, 140, 141, 165]
193: [128, 176, 175, 174, 173, 172, 148, 147, 171, 170, 146, 145, 169, 144, 168, 167, 143, 139, 166, 142, 140, 141, 165]
194: [128, 176, 175, 174, 173, 172, 148, 147, 171, 170, 146, 145, 169, 144, 168, 167, 143, 166, 142, 140, 141, 165]
195: [128, 176, 175, 174, 173, 172, 148, 147, 171, 170, 146, 145, 169, 144, 168, 167, 143, 166, 142, 141, 165]
191
0: [137, 138, 139, 140, 128]
1: [141, 137, 138, 139, 140, 128]
2: [142, 141, 137, 138, 139, 140, 128]
3: [143, 142, 141, 137, 138, 139, 140, 128]
4: [144, 143, 142, 141, 128, 137, 138, 139, 140]
5: [145, 144, 143, 142, 128, 141, 137, 138, 139, 140]
6: [146, 145, 144, 143, 128, 142, 141, 137, 138, 139, 140]
7: [147, 146, 145, 144, 128, 143, 142, 141, 137, 138, 139, 140]
8: [148, 147, 146, 145, 128, 144, 143, 142, 141, 137, 138, 139, 140]
9: [149, 148, 147, 146, 128, 145, 144, 143, 142, 141, 137, 138, 139, 140]
10: [149, 148, 147, 128, 146, 145, 144, 143, 142, 141, 138, 139, 140]
11: [149, 148, 128, 147, 146, 145, 144, 143, 142, 141, 139, 140]
12: [149, 128, 148, 147, 146, 145, 144, 143, 142, 141, 140]
13: [128, 149, 148, 147, 146, 145, 144, 143, 142, 141]
14: [165, 137, 138, 139, 140, 128]
15: [141, 165]
16: [142, 165]
17: [143, 165]
18: [144, 165]
19: [145, 165]
20: [146, 165]
21: [147, 165]
22: [148, 165]
23: [149, 165, 137]
24: [165, 138]
25: [165, 139]
26: [165, 140]
27: [128, 149, 148, 147, 146, 145, 144, 143, 142, 141, 165]
28: [165, 166, 137, 138, 139, 140, 128]
29: [141, 166]
30: [142, 166]
31: [143, 166]
32: [144, 166]
33: [145, 166]
34: [146, 166]
35: [147, 166]
36: [148, 166]
37: [149, 166, 137]
38: [166, 138]
39: [166, 139]
40: [166, 140]
41: [128, 149, 148, 147, 146, 145, 144, 143, 166, 142, 141, 165]
42: [165, 166, 167, 137, 138, 139, 140, 128]
43: [141, 167]
44: [142, 167]
45: [143, 167]
46: [144, 167]
47: [145, 167]
48: [146, 167]
49: [147, 167]
50: [148, 167]
51: [149, 167, 137]
52: [167, 138]
53: [167, 139]
54: [167, 140]
55: [128, 149, 148, 147, 146, 145, 144, 167, 143, 166, 142, 141, 165]
56: [165, 166, 167, 168, 137, 138, 139, 140, 128]
57: [141, 168]
58: [142, 168]
59: [143, 168]
60: [144, 168]
61: [145, 168]
62: [146, 168]
63: [147, 168]
64: [148, 168]
65: [149, 168, 137]
66: [168, 138]
67: [168, 139]
68: [168, 140]
69: [128, 149, 148, 147, 146, 145, 144, 168, 167, 143, 166, 142, 141, 165]
70: [165, 166, 167, 168, 137, 138, 139, 140, 169, 128]
71: [141, 169]
72: [142, 169]
73: [143, 169]
74: [144, 169]
75: [145, 169]
76: [146, 169]
77: [147, 169]
78: [148, 169]
79: [149, 169, 137]
80: [169, 138]
81: [169, 139]
82: [169, 140]
83: [128, 149, 148, 147, 146, 145, 169, 144, 168, 167, 143, 166, 142, 141, 165]
84: [165, 166, 167, 168, 137, 138, 139, 140, 169, 170, 128]
85: [141, 170]
86: [142, 170]
87: [143, 170]
88: [144, 170]
89: [145, 170]
90: [146, 170]
91: [147, 170]
92: [148, 170]
93: [149, 170, 137]
94: [170, 138]
95: [170, 139]
96: [170, 140]
97: [128, 149, 148, 147, 170, 146, 145, 169, 144, 168, 167, 143, 166, 142, 141, 165]
98: [165, 166, 167, 168, 137, 138, 139, 140, 169, 170, 171, 128]
99: [141, 171]
100: [142, 171]
101: [143, 171]
102: [144, 171]
103: [145, 171]
104: [146, 171]
105: [147, 171]
106: [148, 171]
107: [149, 171, 137]
108: [171, 138]
109: [171, 139]
110: [171, 140]
111: [128, 149, 148, 147, 171, 170, 146, 145, 169, 144, 168, 167, 143, 166, 142, 141, 165]
112: [165, 166, 167, 168, 137, 138, 139, 140, 169, 170, 171, 172, 128]
113: [141, 172]
114: [142, 172]
115: [143, 172]
116: [144, 172]
117: [145, 172]
118: [146, 172]
119: [147, 172]
120: [148, 172]
121: [149, 172, 137]
122: [172, 138]
123: [172, 139]
124: [172, 140]
125: [128, 149, 172, 148, 147, 171, 170, 146, 145, 169, 144, 168, 167, 143, 166, 142, 141, 165]
126: [165, 166, 167, 168, 137, 138, 139, 140, 169, 170, 171, 172, 173, 128]
127: [141, 173]
128: [142, 173]
129: [143, 173]
130: [144, 173]
131: [145, 173]
132: [146, 173]
133: [147, 173]
134: [148, 173]
135: [149, 173, 137]
136: [173, 138]
137: [173, 139]
138: [173, 140]
139: [128, 149, 173, 172, 148, 147, 171, 170, 146, 145, 169, 144, 168, 167, 143, 166, 142, 141, 165]
140: [165, 166, 167, 168, 137, 138, 139, 140, 169, 170, 171, 172, 173, 174, 128]
141: [141, 174]
142: [142, 174]
143: [143, 174]
144: [144, 174]
145: [145, 174]
146: [146, 174]
147: [147, 174]
148: [148, 174]
149: [149, 174, 137]
150: [174, 138]
151: [174, 139]
152: [174, 140]
153: [128, 174, 149, 173, 172, 148, 147, 171, 170, 146, 145, 169, 144, 168, 167, 143, 166, 142, 141, 165]
154: [165, 166, 167, 168, 137, 138, 139, 140, 169, 170, 171, 172, 173, 174, 175, 128]
155: [141, 175]
156: [142, 175]
157: [143, 175]
158: [144, 175]
159: [145, 175]
160: [146, 175]
161: [147, 175]
162: [148, 175]
163: [149, 175, 137]
164: [175, 138]
165: [175, 139]
166: [175, 140]
167: [128, 175, 174, 149, 173, 172, 148, 147, 171, 170, 146, 145, 169, 144, 168, 167, 143, 166, 142, 141, 165]
168: [165, 166, 167, 168, 137, 138, 139, 140, 169, 170, 171, 172, 173, 174, 175, 176, 128]
169: [141, 176]
170: [142, 176]
171: [143, 176]
172: [144, 176]
173: [145, 176]
174: [146, 176]
175: [147, 176]
176: [148, 176]
177: [149, 176, 137]
178: [176, 138]
179: [176, 139]
180: [176, 140]
181: [128, 176, 175, 174, 149, 173, 172, 148, 147, 171, 170, 146, 145, 169, 144, 168, 167, 143, 166, 142, 141, 165]
182: [165, 166, 167, 168, 137, 138, 139, 140, 169, 170, 171, 172, 173, 174, 175, 176, 128]
183: [165, 166, 167, 168, 137, 138, 139, 140, 141, 169, 170, 171, 172, 173, 174, 175, 176, 128]
184: [165, 166, 167, 168, 137, 138, 139, 140, 141, 142, 169, 170, 171, 172, 173, 174, 175, 176, 128]
185: [137, 138, 139, 140, 141, 142, 143, 165, 166, 167, 168, 169, 170, 171, 172, 173, 174, 175, 176, 128]
186: [137, 138, 139, 140, 141, 142, 143, 144, 165, 166, 167, 168, 169, 170, 171, 172, 173, 174, 175, 176, 128]
187: [137, 138, 139, 140, 141, 142, 143, 144, 145, 165, 166, 167, 168, 169, 170, 171, 172, 173, 174, 175, 176, 128]
188: [137, 138, 139, 140, 141, 142, 143, 144, 145, 146, 165, 166, 167, 168, 169, 170, 171, 172, 173, 174, 175, 176, 128]
189: [137, 138, 139, 140, 141, 142, 143, 144, 145, 146, 147, 165, 166, 167, 168, 169, 170, 171, 172, 173, 174, 175, 176, 128]
190: [137, 138, 139, 140, 141, 142, 143, 144, 145, 146, 147, 148, 165, 166, 167, 168, 169, 170, 171, 172, 173, 174, 175, 176, 128]
191: []
192: [128, 176, 175, 174, 149, 173, 172, 148, 147, 171, 170, 146, 145, 169, 144, 168, 167, 138, 143, 139, 166, 142, 140, 141, 165]
193: [128, 176, 175, 174, 149, 173, 172, 148, 147, 171, 170, 146, 145, 169, 144, 168, 167, 143, 139, 166, 142, 140, 141, 165]
194: [128, 176, 175, 174, 149, 173, 172, 148, 147, 171, 170, 146, 145, 169, 144, 168, 167, 143, 166, 142, 140, 141, 165]
195: [128, 176, 175, 174, 149, 173, 172, 148, 147, 171, 170, 146, 145, 169, 144, 168, 167, 143, 166, 142, 141, 165]
192
0: [138, 139, 140, 128]
1: [141, 138, 139, 140, 128]
2: [142, 141, 138, 139, 140, 128]
3: [143, 142, 141, 128, 138, 139, 140]
4: [144, 143, 142, 128, 141, 138, 139, 140]
5: [145, 144, 143, 128, 142, 141, 138, 139, 140]
6: [146, 145, 144, 128, 143, 142, 141, 138, 139, 140]
7: [147, 146, 145, 128, 144, 143, 142, 141, 138, 139, 140]
8: [148, 147, 146, 128, 145, 144, 143, 142, 141, 138, 139, 140]
9: [149, 148, 147, 128, 146, 145, 144, 143, 142, 141, 138, 139, 140]
10: [150, 149, 148, 128, 147, 146, 145, 144, 143, 142, 141, 138, 139, 140]
11: [150, 149, 128, 148, 147, 146, 145, 144, 143, 142, 141, 139, 140]
12: [150, 128, 149, 148, 147, 146, 145, 144, 143, 142, 141, 140]
13: [128, 150, 149, 148, 147, 146, 145, 144, 143, 142, 141]
14: [138, 139, 140, 165, 128]
15: [141, 165]
16: [142, 165]
17: [143, 165]
18: [144, 165]
19: [145, 165]
20: [146, 165]
21: [147, 165]
22: [148, 165]
23: [149, 165]
24: [150, 165, 138]
25: [165, 139]
26: [165, 140]
27: [128, 150, 149, 148, 147, 146, 145, 144, 143, 142, 141, 165]
28: [165, 166, 138, 139, 140, 128]
29: [141, 166]
30: [142, 166]
31: [143, 166]
32: [144, 166]
33: [145, 166]
34: [146, 166]
35: [147, 166]
36: [148, 166]
37: [149, 166]
38: [150, 166, 138]
39: [166, 139]
40: [166, 140]
41: [128, 150, 149, 148, 147, 146, 145, 144, 143, 166, 142, 141, 165]
42: [165, 166, 167, 138, 139, 140, 128]
43: [141, 167]
44: [142, 167]
45: [143, 167]
46: [144, 167]
47: [145, 167]
48: [146, 167]
49: [147, 167]
50: [148, 167]
51: [149, 167]
52: [150, 167, 138]
53: [167, 139]
54: [167, 140]
55: [128, 150, 149, 148, 147, 146, 145, 144, 167, 143, 166, 142, 141, 165]
56: [165, 166, 167, 168, 138, 139, 140, 128]
57: [141, 168]
58: [142, 168]
59: [143, 168]
60: [144, 168]
61: [145, 168]
62: [146, 168]
63: [147, 168]
64: [148, 168]
65: [149, 168]
66: [150, 168, 138]
67: [168, 139]
68: [168, 140]
69: [128, 150, 149, 148, 147, 146, 145, 144, 168, 167, 143, 166, 142, 141, 165]
70: [165, 166, 167, 168, 169, 138, 139, 140, 128]
71: [141, 169]
72: [142, 169]
73: [143, 169]
74: [144, 169]
75: [145, 169]
76: [146, 169]
77: [147, 169]
78: [148, 169]
79: [149, 169]
80: [150, 169, 138]
81: [169, 139]
82: [169, 140]
83: [128, 150, 149, 148, 147, 146, 145, 169, 144, 168, 167, 143, 166, 142, 141, 165]
84: [165, 166, 167, 168, 169, 138, 139, 140, 170, 128]
85: [141, 170]
86: [142, 170]
87: [143, 170]
88: [144, 170]
89: [145, 170]
90: [146, 170]
91: [147, 170]
92: [148, 170]
93: [149, 170]
94: [150, 170, 138]
95: [170, 139]
96: [170, 140]
97: [128, 150, 149, 148, 147, 170, 146, 145, 169, 144, 168, 167, 143, 166, 142, 141, 165]
98: [165, 166, 167, 168, 169, 138, 139, 140, 170, 171, 128]
99: [141, 171]
100: [142, 171]
101: [143, 171]
102: [144, 171]
103: [145, 171]
104: [146, 171]
105: [147, 171]
106: [148, 171]
107: [149, 171]
108: [150, 171, 138]
109: [171, 139]
110: [171, 140]
111: [128, 150, 149, 148, 147, 171, 170, 146, 145, 169, 144, 168, 167, 143, 166, 142, 141, 165]
112: [165, 166, 167, 168, 169, 138, 139, 140, 170, 171, 172, 128]
113: [141, 172]
114: [142, 172]
115: [143, 172]
116: [144, 172]
117: [145, 172]
118: [146, 172]
119: [147, 172]
120: [148, 172]
121: [149, 172]
122: [150, 172, 138]
123: [172, 139]
124: [172, 140]
125: [128, 150, 149, 172, 148, 147, 171, 170, 146, 145, 169, 144, 168, 167, 143, 166, 142, 141, 165]
126: [165, 166, 167, 168, 169, 138, 139, 140, 170, 171, 172, 173, 128]
127: [141, 173]
128: [142, 173]
129: [143, 173]
130: [144, 173]
131: [145, 173]
132: [146, 173]
133: [147, 173]
134: [148, 173]
135: [149, 173]
136: [150, 173, 138]
137: [173, 139]
138: [173, 140]
139: [128, 150, 149, 173, 172, 148, 147, 171, 170, 146, 145, 169, 144, 168, 167, 143, 166, 142, 141, 165]
140: [165, 166, 167, 168, 169, 138, 139, 140, 170, 171, 172, 173, 174, 128]
141: [141, 174]
142: [142, 174]
143: [143, 174]
144: [144, 174]
145: [145, 174]
146: [146, 174]
147: [147, 174]
148: [148, 174]
149: [149, 174]
150: [150, 174, 138]
151: [174, 139]
152: [174, 140]
153: [128, 174, 150, 149, 173, 172, 148, 147, 171, 170, 146, 145, 169, 144, 168, 167, 143, 166, 142, 141, 165]
154: [165, 166, 167, 168, 169, 138, 139, 140, 170, 171, 172, 173, 174, 175, 128]
155: [141, 175]
156: [142, 175]
157: [143, 175]
158: [144, 175]
159: [145, 175]
160: [146, 175]
161: [147, 175]
162: [148, 175]
163: [149, 175]
164: [150, 175, 138]
165: [175, 139]
166: [175, 140]
167: [128, 175, 174, 150, 149, 173, 172, 148, 147, 171, 170, 146, 145, 169, 144, 168, 167, 143, 166, 142, 141, 165]
168: [165, 166, 167, 168, 169, 138, 139, 140, 170, 171, 172, 173, 174, 175, 176, 128]
169: [141, 176]
170: [142, 176]
171: [143, 176]
172: [144, 176]
173: [145, 176]
174: [146, 176]
175: [147, 176]
176: [148, 176]
177: [149, 176]
178: [150, 176, 138]
179: [176, 139]
180: [176, 140]
181: [128, 176, 175, 174, 150, 149, 173, 172, 148, 147, 171, 170, 146, 145, 169, 144, 168, 167, 143, 166, 142, 141, 165]
182: [165, 166, 167, 168, 169, 138, 139, 140, 170, 171, 172, 173, 174, 175, 176, 128]
183: [165, 166, 167, 168, 169, 138, 139, 140, 141, 170, 171, 172, 173, 174, 175, 176, 128]
184: [165, 166, 167, 168, 169, 138, 139, 140, 141, 142, 170, 171, 172, 173, 174, 175, 176, 128]
185: [165, 166, 167, 168, 169, 138, 139, 140, 141, 142, 143, 170, 171, 172, 173, 174, 175, 176, 128]
186: [138, 139, 140, 141, 142, 143, 144, 165, 166, 167, 168, 169, 170, 171, 172, 173, 174, 175, 176, 128]
187: [138, 139, 140, 141, 142, 143, 144, 145, 165, 166, 167, 168, 169, 170, 171, 172, 173, 174, 175, 176, 128]
188: [138, 139, 140, 141, 142, 143, 144, 145, 146, 165, 166, 167, 168, 169, 170, 171, 172, 173, 174, 175, 176, 128]
189: [138, 139, 140, 141, 142, 143, 144, 145, 146, 147, 165, 166, 167, 168, 169, 170, 171, 172, 173, 174, 175, 176, 128]
190: [138, 139, 140, 141, 142, 143, 144, 145, 146, 147, 148, 165, 166, 167, 168, 169, 170, 171, 172, 173, 174, 175, 176, 128]
191: [138, 139, 140, 141, 142, 143, 144, 145, 146, 147, 148, 149, 165, 166, 167, 168, 169, 170, 171, 172, 173, 174, 175, 176, 128]
192: []
193: [128, 176, 175, 174, 150, 149, 173, 172, 148, 147, 171, 170, 146, 145, 169, 144, 168, 167, 143, 139, 166, 142, 140, 141, 165]
194: [128, 176, 175, 174, 150, 149, 173, 172, 148, 147, 171, 170, 146, 145, 169, 144, 168, 167, 143, 166, 142, 140, 141, 165]
195: [128, 176, 175, 174, 150, 149, 173, 172, 148, 147, 171, 170, 146, 145, 169, 144, 168, 167, 143, 166, 142, 141, 165]
193
0: [139, 140, 128]
1: [141, 139, 140, 128]
2: [142, 141, 128, 139, 140]
3: [143, 142, 128, 141, 139, 140]
4: [144, 143, 128, 142, 141, 139, 140]
5: [145, 144, 128, 143, 142, 141, 139, 140]
6: [146, 145, 128, 144, 143, 142, 141, 139, 140]
7: [147, 146, 128, 145, 144, 143, 142, 141, 139, 140]
8: [148, 147, 128, 146, 145, 144, 143, 142, 141, 139, 140]
9: [149, 148, 128, 147, 146, 145, 144, 143, 142, 141, 139, 140]
10: [150, 149, 128, 148, 147, 146, 145, 144, 143, 142, 141, 139, 140]
11: [151, 150, 128, 149, 148, 147, 146, 145, 144, 143, 142, 141, 139, 140]
12: [151, 128, 150, 149, 148, 147, 146, 145, 144, 143, 142, 141, 140]
13: [128, 151, 150, 149, 148, 147, 146, 145, 144, 143, 142, 141]
14: [139, 140, 165, 128]
15: [141, 165]
16: [142, 165]
17: [143, 165]
18: [144, 165]
19: [145, 165]
20: [146, 165]
21: [147, 165]
22: [148, 165]
23: [149, 165]
24: [150, 165]
25: [151, 165, 139]
26: [165, 140]
27: [128, 151, 150, 149, 148, 147, 146, 145, 144, 143, 142, 141, 165]
28: [139, 140, 165, 166, 128]
29: [141, 166]
30: [142, 166]
31: [143, 166]
32: [144, 166]
33: [145, 166]
34: [146, 166]
35: [147, 166]
36: [148, 166]
37: [149, 166]
38: [150, 166]
39: [151, 166, 139]
40: [166, 140]
41: [128, 151, 150, 149, 148, 147, 146, 145, 144, 143, 166, 142, 141, 165]
42: [165, 166, 167, 139, 140, 128]
43: [141, 167]
44: [142, 167]
45: [143, 167]
46: [144, 167]
47: [145, 167]
48: [146, 167]
49: [147, 167]
50: [148, 167]
51: [149, 167]
52: [150, 167]
53: [151, 167, 139]
54: [167, 140]
55: [128, 151, 150, 149, 148, 147, 146, 145, 144, 167, 143, 166, 142, 141, 165]
56: [165, 166, 167, 168, 139, 140, 128]
57: [141, 168]
58: [142, 168]
59: [143, 168]
60: [144, 168]
61: [145, 168]
62: [146, 168]
63: [147, 168]
64: [148, 168]
65: [149, 168]
66: [150, 168]
67: [151, 168, 139]
68: [168, 140]
69: [128, 151, 150, 149, 148, 147, 146, 145, 144, 168, 167, 143, 166, 142, 141, 165]
70: [165, 166, 167, 168, 169, 139, 140, 128]
71: [141, 169]
72: [142, 169]
73: [143, 169]
74: [144, 169]
75: [145, 169]
76: [146, 169]
77: [147, 169]
78: [148, 169]
79: [149, 169]
80: [150, 169]
81: [151, 169, 139]
82: [169, 140]
83: [128, 151, 150, 149, 148, 147, 146, 145, 169, 144, 168, 167, 143, 166, 142, 141, 165]
84: [165, 166, 167, 168, 169, 170, 139, 140, 128]
85: [141, 170]
86: [142, 170]
87: [143, 170]
88: [144, 170]
89: [145, 170]
90: [146, 170]
91: [147, 170]
92: [148, 170]
93: [149, 170]
94: [150, 170]
95: [151, 170, 139]
96: [170, 140]
97: [128, 151, 150, 149, 148, 147, 170, 146, 145, 169, 144, 168, 167, 143, 166, 142, 141, 165]
98: [165, 166, 167, 168, 169, 170, 139, 140, 171, 128]
99: [141, 171]
100: [142, 171]
101: [143, 171]
102: [144, 171]
103: [145, 171]
104: [146, 171]
105: [147, 171]
106: [148, 171]
107: [149, 171]
108: [150, 171]
109: [151, 171, 139]
110: [171, 140]
111: [128, 151, 150, 149, 148, 147, 171, 170, 146, 145, 169, 144, 168, 167, 143, 166, 142, 141, 165]
112: [165, 166, 167, 168, 169, 170, 139, 140, 171, 172, 128]
113: [141, 172]
114: [142, 172]
115: [143, 172]
116: [144, 172]
117: [145, 172]
118: [146, 172]
119: [147, 172]
120: [148, 172]
121: [149, 172]
122: [150, 172]
123: [151, 172, 139]
124: [172, 140]
125: [128, 151, 150, 149, 172, 148, 147, 171, 170, 146, 145, 169, 144, 168, 167, 143, 166, 142, 141, 165]
126: [165, 166, 167, 168, 169, 170, 139, 140, 171, 172, 173, 128]
127: [141, 173]
128: [142, 173]
129: [143, 173]
130: [144, 173]
131: [145, 173]
132: [146, 173]
133: [147, 173]
134: [148, 173]
135: [149, 173]
136: [150, 173]
137: [151, 173, 139]
138: [173, 140]
139: [128, 151, 150, 149, 173, 172, 148, 147, 171, 170, 146, 145, 169, 144, 168, 167, 143, 166, 142, 141, 165]
140: [165, 166, 167, 168, 169, 170, 139, 140, 171, 172, 173, 174, 128]
141: [141, 174]
142: [142, 174]
143: [143, 174]
144: [144, 174]
145: [145, 174]
146: [146, 174]
147: [147, 174]
148: [148, 174]
149: [149, 174]
150: [150, 174]
151: [151, 174, 139]
152: [174, 140]
153: [128, 151, 174, 150, 149, 173, 172, 148, 147, 171, 170, 146, 145, 169, 144, 168, 167, 143, 166, 142, 141, 165]
154: [165, 166, 167, 168, 169, 170, 139, 140, 171, 172, 173, 174, 175, 128]
155: [141, 175]
156: [142, 175]
157: [143, 175]
158: [144, 175]
159: [145, 175]
160: [146, 175]
161: [147, 175]
162: [148, 175]
163: [149, 175]
164: [150, 175]
165: [151, 175, 139]
166: [175, 140]
167: [128, 175, 151, 174, 150, 149, 173, 172, 148, 147, 171, 170, 146, 145, 169, 144, 168, 167, 143, 166, 142, 141, 165]
168: [165, 166, 167, 168, 169, 170, 139, 140, 171, 172, 173, 174, 175, 176, 128]
169: [141, 176]
170: [142, 176]
171: [143, 176]
172: [144, 176]
173: [145, 176]
174: [146, 176]
175: [147, 176]
176: [148, 176]
177: [149, 176]
178: [150, 176]
179: [151, 176, 139]
180: [176, 140]
181: [128, 176, 175, 151, 174, 150, 149, 173, 172, 148, 147, 171, 170, 146, 145, 169, 144, 168, 167, 143, 166, 142, 141, 165]
182: [165, 166, 167, 168, 169, 170, 139, 140, 171, 172, 173, 174, 175, 176, 128]
183: [165, 166, 167, 168, 169, 170, 139, 140, 141, 171, 172, 173, 174, 175, 176, 128]
184: [165, 166, 167, 168, 169, 170, 139, 140, 141, 142, 171, 172, 173, 174, 175, 176, 128]
185: [165, 166, 167, 168, 169, 170, 139, 140, 141, 142, 143, 171, 172, 173, 174, 175, 176, 128]
186: [165, 166, 167, 168, 169, 170, 139, 140, 141, 142, 143, 144, 171, 172, 173, 174, 175, 176, 128]
187: [139, 140, 141, 142, 143, 144, 145, 165, 166, 167, 168, 169, 170, 171, 172, 173, 174, 175, 176, 128]
188: [139, 140, 141, 142, 143, 144, 145, 146, 165, 166, 167, 168, 169, 170, 171, 172, 173, 174, 175, 176, 128]
189: [139, 140, 141, 142, 143, 144, 145, 146, 147, 165, 166, 167, 168, 169, 170, 171, 172, 173, 174, 175, 176, 128]
190: [139, 140, 141, 142, 143, 144, 145, 146, 147, 148, 165, 166, 167, 168, 169, 170, 171, 172, 173, 174, 175, 176, 128]
191: [139, 140, 141, 142, 143, 144, 145, 146, 147, 148, 149, 165, 166, 167, 168, 169, 170, 171, 172, 173, 174, 175, 176, 128]
192: [139, 140, 141, 142, 143, 144, 145, 146, 147, 148, 149, 150, 165, 166, 167, 168, 169, 170, 171, 172, 173, 174, 175, 176, 128]
193: []
194: [128, 176, 175, 151, 174, 150, 149, 173, 172, 148, 147, 171, 170, 146, 145, 169, 144, 168, 167, 143, 166, 142, 140, 141, 165]
195: [128, 176, 175, 151, 174, 150, 149, 173, 172, 148, 147, 171, 170, 146, 145, 169, 144, 168, 167, 143, 166, 142, 141, 165]
194
0: [140, 128]
1: [141, 128, 140]
2: [142, 128, 141, 140]
3: [143, 128, 142, 141, 140]
4: [144, 128, 143, 142, 141, 140]
5: [145, 128, 144, 143, 142, 141, 140]
6: [146, 128, 145, 144, 143, 142, 141, 140]
7: [147, 128, 146, 145, 144, 143, 142, 141, 140]
8: [148, 128, 147, 146, 145, 144, 143, 142, 141, 140]
9: [149, 128, 148, 147, 146, 145, 144, 143, 142, 141, 140]
10: [150, 128, 149, 148, 147, 146, 145, 144, 143, 142, 141, 140]
11: [151, 128, 150, 149, 148, 147, 146, 145, 144, 143, 142, 141, 140]
12: [152, 128, 151, 150, 149, 148, 147, 146, 145, 144, 143, 142, 141, 140]
13: [128, 152, 151, 150, 149, 148, 147, 146, 145, 144, 143, 142, 141]
14: [140, 165, 128]
15: [141, 165]
16: [142, 165]
17: [143, 165]
18: [144, 165]
19: [145, 165]
20: [146, 165]
21: [147, 165]
22: [148, 165]
23: [149, 165]
24: [150, 165]
25: [151, 165]
26: [152, 165, 140]
27: [128, 152, 151, 150, 149, 148, 147, 146, 145, 144, 143, 142, 141, 165]
28: [140, 165, 166, 128]
29: [141, 166]
30: [142, 166]
31: [143, 166]
32: [144, 166]
33: [145, 166]
34: [146, 166]
35: [147, 166]
36: [148, 166]
37: [149, 166]
38: [150, 166]
39: [151, 166]
40: [152, 166, 140]
41: [128, 152, 151, 150, 149, 148, 147, 146, 145, 144, 143, 166, 142, 141, 165]
42: [140, 165, 166, 167, 128]
43: [141, 167]
44: [142, 167]
45: [143, 167]
46: [144, 167]
47: [145, 167]
48: [146, 167]
49: [147, 167]
50: [148, 167]
51: [149, 167]
52: [150, 167]
53: [151, 167]
54: [152, 167, 140]
55: [128, 152, 151, 150, 149, 148, 147, 146, 145, 144, 167, 143, 166, 142, 141, 165]
56: [165, 166, 167, 168, 140, 128]
57: [141, 168]
58: [142, 168]
59: [143, 168]
60: [144, 168]
61: [145, 168]
62: [146, 168]
63: [147, 168]
64: [148, 168]
65: [149, 168]
66: [150, 168]
67: [151, 168]
68: [152, 168, 140]
69: [128, 152, 151, 150, 149, 148, 147, 146, 145, 144, 168, 167, 143, 166, 142, 141, 165]
70: [165, 166, 167, 168, 169, 140, 128]
71: [141, 169]
72: [142, 169]
73: [143, 169]
74: [144, 169]
75: [145, 169]
76: [146, 169]
77: [147, 169]
78: [148, 169]
79: [149, 169]
80: [150, 169]
81: [151, 169]
82: [152, 169, 140]
83: [128, 152, 151, 150, 149, 148, 147, 146, 145, 169, 144, 168, 167, 143, 166, 142, 141, 165]
84: [165, 166, 167, 168, 169, 170, 140, 128]
85: [141, 170]
86: [142, 170]
87: [143, 170]
88: [144, 170]
89: [145, 170]
90: [146, 170]
91: [147, 170]
92: [148, 170]
93: [149, 170]
94: [150, 170]
95: [151, 170]
96: [152, 170, 140]
97: [128, 152, 151, 150, 149, 148, 147, 170, 146, 145, 169, 144, 168, 167, 143, 166, 142, 141, 165]
98: [165, 166, 167, 168, 169, 170, 171, 140, 128]
99: [141, 171]
100: [142, 171]
101: [143, 171]
102: [144, 171]
103: [145, 171]
104: [146, 171]
105: [147, 171]
106: [148, 171]
107: [149, 171]
108: [150, 171]
109: [151, 171]
110: [152, 171, 140]
111: [128, 152, 151, 150, 149, 148, 147, 171, 170, 146, 145, 169, 144, 168, 167, 143, 166, 142, 141, 165]
112: [165, 166, 167, 168, 169, 170, 171, 140, 172, 128]
113: [141, 172]
114: [142, 172]
115: [143, 172]
116: [144, 172]
117: [145, 172]
118: [146, 172]
119: [147, 172]
120: [148, 172]
121: [149, 172]
122: [150, 172]
123: [151, 172]
124: [152, 172, 140]
125: [128, 152, 151, 150, 149, 172, 148, 147, 171, 170, 146, 145, 169, 144, 168, 167, 143, 166, 142, 141, 165]
126: [165, 166, 167, 168, 169, 170, 171, 140, 172, 173, 128]
127: [141, 173]
128: [142, 173]
129: [143, 173]
130: [144, 173]
131: [145, 173]
132: [146, 173]
133: [147, 173]
134: [148, 173]
135: [149, 173]
136: [150, 173]
137: [151, 173]
138: [152, 173, 140]
139: [128, 152, 151, 150, 149, 173, 172, 148, 147, 171, 170, 146, 145, 169, 144, 168, 167, 143, 166, 142, 141, 165]
140: [165, 166, 167, 168, 169, 170, 171, 140, 172, 173, 174, 128]
141: [141, 174]
142: [142, 174]
143: [143, 174]
144: [144, 174]
145: [145, 174]
146: [146, 174]
147: [147, 174]
148: [148, 174]
149: [149, 174]
150: [150, 174]
151: [151, 174]
152: [152, 174, 140]
153: [128, 152, 151, 174, 150, 149, 173, 172, 148, 147, 171, 170, 146, 145, 169, 144, 168, 167, 143, 166, 142, 141, 165]
154: [165, 166, 167, 168, 169, 170, 171, 140, 172, 173, 174, 175, 128]
155: [141, 175]
156: [142, 175]
157: [143, 175]
158: [144, 175]
159: [145, 175]
160: [146, 175]
161: [147, 175]
162: [148, 175]
163: [149, 175]
164: [150, 175]
165: [151, 175]
166: [152, 175, 140]
167: [128, 152, 175, 151, 174, 150, 149, 173, 172, 148, 147, 171, 170, 146, 145, 169, 144, 168, 167, 143, 166, 142, 141, 165]
168: [165, 166, 167, 168, 169, 170, 171, 140, 172, 173, 174, 175, 176, 128]
169: [141, 176]
170: [142, 176]
171: [143, 176]
172: [144, 176]
173: [145, 176]
174: [146, 176]
175: [147, 176]
176: [148, 176]
177: [149, 176]
178: [150, 176]
179: [151, 176]
180: [152, 176, 140]
181: [128, 152, 176, 175, 151, 174, 150, 149, 173, 172, 148, 147, 171, 170, 146, 145, 169, 144, 168, 167, 143, 166, 142, 141, 165]
182: [165, 166, 167, 168, 169, 170, 171, 140, 172, 173, 174, 175, 176, 128]
183: [165, 166, 167, 168, 169, 170, 171, 140, 141, 172, 173, 174, 175, 176, 128]
184: [165, 166, 167, 168, 169, 170, 171, 140, 141, 142, 172, 173, 174, 175, 176, 128]
185: [165, 166, 167, 168, 169, 170, 171, 140, 141, 142, 143, 172, 173, 174, 175, 176, 128]
186: [165, 166, 167, 168, 169, 170, 171, 140, 141, 142, 143, 144, 172, 173, 174, 175, 176, 128]
187: [165, 166, 167, 168, 169, 170, 171, 140, 141, 142, 143, 144, 145, 172, 173, 174, 175, 176, 128]
188: [140, 141, 142, 143, 144, 145, 146, 165, 166, 167, 168, 169, 170, 171, 172, 173, 174, 175, 176, 128]
189: [140, 141, 142, 143, 144, 145, 146, 147, 165, 166, 167, 168, 169, 170, 171, 172, 173, 174, 175, 176, 128]
190: [140, 141, 142, 143, 144, 145, 146, 147, 148, 165, 166, 167, 168, 169, 170, 171, 172, 173, 174, 175, 176, 128]
191: [140, 141, 142, 143, 144, 145, 146, 147, 148, 149, 165, 166, 167, 168, 169, 170, 171, 172, 173, 174, 175, 176, 128]
192: [140, 141, 142, 143, 144, 145, 146, 147, 148, 149, 150, 165, 166, 167, 168, 169, 170, 171, 172, 173, 174, 175, 176, 128]
193: [140, 141, 142, 143, 144, 145, 146, 147, 148, 149, 150, 151, 165, 166, 167, 168, 169, 170, 171, 172, 173, 174, 175, 176, 128]
194: []
195: [128, 152, 176, 175, 151, 174, 150, 149, 173, 172, 148, 147, 171, 170, 146, 145, 169, 144, 168, 167, 143, 166, 142, 141, 165]
195
0: [128]
1: [128, 141]
2: [128, 142, 141]
3: [128, 143, 142, 141]
4: [128, 144, 143, 142, 141]
5: [128, 145, 144, 143, 142, 141]
6: [128, 146, 145, 144, 143, 142, 141]
7: [128, 147, 146, 145, 144, 143, 142, 141]
8: [128, 148, 147, 146, 145, 144, 143, 142, 141]
9: [128, 149, 148, 147, 146, 145, 144, 143, 142, 141]
10: [128, 150, 149, 148, 147, 146, 145, 144, 143, 142, 141]
11: [128, 151, 150, 149, 148, 147, 146, 145, 144, 143, 142, 141]
12: [128, 152, 151, 150, 149, 148, 147, 146, 145, 144, 143, 142, 141]
13: [128, 152, 151, 150, 149, 148, 147, 146, 145, 144, 143, 142, 141]
14: [165, 128]
15: [141, 165]
16: [142, 165]
17: [143, 165]
18: [144, 165]
19: [145, 165]
20: [146, 165]
21: [147, 165]
22: [148, 165]
23: [149, 165]
24: [150, 165]
25: [151, 165]
26: [152, 165]
27: [128, 152, 151, 150, 149, 148, 147, 146, 145, 144, 143, 142, 141, 165]
28: [165, 166, 128]
29: [141, 166]
30: [142, 166]
31: [143, 166]
32: [144, 166]
33: [145, 166]
34: [146, 166]
35: [147, 166]
36: [148, 166]
37: [149, 166]
38: [150, 166]
39: [151, 166]
40: [152, 166]
41: [128, 152, 151, 150, 149, 148, 147, 146, 145, 144, 143, 166, 142, 141, 165]
42: [165, 166, 167, 128]
43: [141, 167]
44: [142, 167]
45: [143, 167]
46: [144, 167]
47: [145, 167]
48: [146, 167]
49: [147, 167]
50: [148, 167]
51: [149, 167]
52: [150, 167]
53: [151, 167]
54: [152, 167]
55: [128, 152, 151, 150, 149, 148, 147, 146, 145, 144, 167, 143, 166, 142, 141, 165]
56: [168, 165, 166, 167, 128]
57: [141, 168]
58: [142, 168]
59: [143, 168]
60: [144, 168]
61: [145, 168]
62: [146, 168]
63: [147, 168]
64: [148, 168]
65: [149, 168]
66: [150, 168]
67: [151, 168]
68: [152, 168]
69: [128, 152, 151, 150, 149, 148, 147, 146, 145, 144, 168, 167, 143, 166, 142, 141, 165]
70: [165, 166, 167, 168, 169, 128]
71: [141, 169]
72: [142, 169]
73: [143, 169]
74: [144, 169]
75: [145, 169]
76: [146, 169]
77: [147, 169]
78: [148, 169]
79: [149, 169]
80: [150, 169]
81: [151, 169]
82: [152, 169]
83: [128, 152, 151, 150, 149, 148, 147, 146, 145, 169, 144, 168, 167, 143, 166, 142, 141, 165]
84: [165, 166, 167, 168, 169, 170, 128]
85: [141, 170]
86: [142, 170]
87: [143, 170]
88: [144, 170]
89: [145, 170]
90: [146, 170]
91: [147, 170]
92: [148, 170]
93: [149, 170]
94: [150, 170]
95: [151, 170]
96: [152, 170]
97: [128, 152, 151, 150, 149, 148, 147, 170, 146, 145, 169, 144, 168, 167, 143, 166, 142, 141, 165]
98: [165, 166, 167, 168, 169, 170, 171, 128]
99: [141, 171]
100: [142, 171]
101: [143, 171]
102: [144, 171]
103: [145, 171]
104: [146, 171]
105: [147, 171]
106: [148, 171]
107: [149, 171]
108: [150, 171]
109: [151, 171]
110: [152, 171]
111: [128, 152, 151, 150, 149, 148, 147, 171, 170, 146, 145, 169, 144, 168, 167, 143, 166, 142, 141, 165]
112: [165, 166, 167, 168, 169, 170, 171, 172, 128]
113: [141, 172]
114: [142, 172]
115: [143, 172]
116: [144, 172]
117: [145, 172]
118: [146, 172]
119: [147, 172]
120: [148, 172]
121: [149, 172]
122: [150, 172]
123: [151, 172]
124: [152, 172]
125: [128, 152, 151, 150, 149, 172, 148, 147, 171, 170, 146, 145, 169, 144, 168, 167, 143, 166, 142, 141, 165]
126: [165, 166, 167, 168, 169, 170, 171, 172, 173, 128]
127: [141, 173]
128: [142, 173]
129: [143, 173]
130: [144, 173]
131: [145, 173]
132: [146, 173]
133: [147, 173]
134: [148, 173]
135: [149, 173]
136: [150, 173]
137: [151, 173]
138: [152, 173]
139: [128, 152, 151, 150, 149, 173, 172, 148, 147, 171, 170, 146, 145, 169, 144, 168, 167, 143, 166, 142, 141, 165]
140: [165, 166, 167, 168, 169, 170, 171, 172, 173, 174, 128]
141: [141, 174]
142: [142, 174]
143: [143, 174]
144: [144, 174]
145: [145, 174]
146: [146, 174]
147: [147, 174]
148: [148, 174]
149: [149, 174]
150: [150, 174]
151: [151, 174]
152: [152, 174]
153: [128, 152, 151, 174, 150, 149, 173, 172, 148, 147, 171, 170, 146, 145, 169, 144, 168, 167, 143, 166, 142, 141, 165]
154: [165, 166, 167, 168, 169, 170, 171, 172, 173, 174, 175, 128]
155: [141, 175]
156: [142, 175]
157: [143, 175]
158: [144, 175]
159: [145, 175]
160: [146, 175]
161: [147, 175]
162: [148, 175]
163: [149, 175]
164: [150, 175]
165: [151, 175]
166: [152, 175]
167: [128, 152, 175, 151, 174, 150, 149, 173, 172, 148, 147, 171, 170, 146, 145, 169, 144, 168, 167, 143, 166, 142, 141, 165]
168: [165, 166, 167, 168, 169, 170, 171, 172, 173, 174, 175, 176, 128]
169: [141, 176]
170: [142, 176]
171: [143, 176]
172: [144, 176]
173: [145, 176]
174: [146, 176]
175: [147, 176]
176: [148, 176]
177: [149, 176]
178: [150, 176]
179: [151, 176]
180: [152, 176]
181: [128, 152, 176, 175, 151, 174, 150, 149, 173, 172, 148, 147, 171, 170, 146, 145, 169, 144, 168, 167, 143, 166, 142, 141, 165]
182: [165, 166, 167, 168, 169, 170, 171, 172, 173, 174, 175, 176, 128]
183: [165, 166, 167, 168, 169, 170, 171, 172, 141, 173, 174, 175, 176, 128]
184: [165, 166, 167, 168, 169, 170, 171, 172, 141, 142, 173, 174, 175, 176, 128]
185: [165, 166, 167, 168, 169, 170, 171, 172, 141, 142, 143, 173, 174, 175, 176, 128]
186: [165, 166, 167, 168, 169, 170, 171, 172, 141, 142, 143, 144, 173, 174, 175, 176, 128]
187: [165, 166, 167, 168, 169, 170, 171, 172, 141, 142, 143, 144, 145, 173, 174, 175, 176, 128]
188: [165, 166, 167, 168, 169, 170, 171, 172, 141, 142, 143, 144, 145, 146, 173, 174, 175, 176, 128]
189: [141, 142, 143, 144, 145, 146, 147, 165, 166, 167, 168, 169, 170, 171, 172, 173, 174, 175, 176, 128]
190: [141, 142, 143, 144, 145, 146, 147, 148, 165, 166, 167, 168, 169, 170, 171, 172, 173, 174, 175, 176, 128]
191: [141, 142, 143, 144, 145, 146, 147, 148, 149, 165, 166, 167, 168, 169, 170, 171, 172, 173, 174, 175, 176, 128]
192: [141, 142, 143, 144, 145, 146, 147, 148, 149, 150, 165, 166, 167, 168, 169, 170, 171, 172, 173, 174, 175, 176, 128]
193: [141, 142, 143, 144, 145, 146, 147, 148, 149, 150, 151, 165, 166, 167, 168, 169, 170, 171, 172, 173, 174, 175, 176, 128]
194: [141, 142, 143, 144, 145, 146, 147, 148, 149, 150, 151, 152, 165, 166, 167, 168, 169, 170, 171, 172, 173, 174, 175, 176, 128]
195: []
