202
1: [65, 66, 78, 77]
2: [77, 78, 66, 65]
3: [64, 76, 88, 89, 90, 91, 79, 67, 55, 54, 53, 52]
4: [52, 53, 54, 55, 67, 79, 91, 90, 89, 88, 76, 64]
5: [52, 53, 65, 77, 89, 88, 76, 64]
6: [64, 76, 88, 89, 77, 65, 53, 52]
7: [52, 53, 54, 66, 78, 90, 89, 88, 76, 64]
8: [64, 76, 88, 89, 90, 78, 66, 54, 53, 52]
9: [53, 54, 55, 67, 79, 91, 90, 89, 77, 65]
10: [65, 77, 89, 90, 91, 79, 67, 55, 54, 53]
11: [54, 55, 67, 79, 91, 90, 78, 66]
12: [66, 78, 90, 91, 79, 67, 55, 54]
13: [52, 53, 54, 55, 67, 66, 65, 64]
14: [64, 65, 66, 67, 55, 54, 53, 52]
15: [64, 65, 66, 67, 79, 78, 77, 76]
16: [76, 77, 78, 79, 67, 66, 65, 64]
17: [76, 77, 78, 79, 91, 90, 89, 88]
18: [88, 89, 90, 91, 79, 78, 77, 76]
19: [39, 40, 41, 42, 43, 44, 56, 68, 80, 92, 104, 103, 102, 101, 100, 99, 87, 75, 63, 51]
20: [51, 63, 75, 87, 99, 100, 101, 102, 103, 104, 92, 80, 68, 56, 44, 43, 42, 41, 40, 39]
21: [51, 52, 53, 54, 55, 56, 44, 43, 42, 41, 40, 39]
22: [39, 40, 41, 42, 43, 44, 56, 55, 54, 53, 52, 51]
23: [51, 63, 64, 65, 66, 67, 68, 56, 44, 43, 42, 41, 40, 39]
24: [39, 40, 41, 42, 43, 44, 56, 68, 67, 66, 65, 64, 63, 51]
25: [51, 63, 75, 76, 77, 78, 79, 80, 68, 56, 44, 43, 42, 41, 40, 39]
26: [39, 40, 41, 42, 43, 44, 56, 68, 80, 79, 78, 77, 76, 75, 63, 51]
27: [51, 63, 75, 87, 88, 89, 90, 91, 92, 80, 68, 56, 44, 43, 42, 41, 40, 39]
28: [39, 40, 41, 42, 43, 44, 56, 68, 80, 92, 91, 90, 89, 88, 87, 75, 63, 51]
29: [63, 75, 87, 99, 100, 101, 102, 103, 104, 92, 80, 68, 56, 55, 54, 53, 52, 51]
30: [51, 52, 53, 54, 55, 56, 68, 80, 92, 104, 103, 102, 101, 100, 99, 87, 75, 63]
31: [75, 87, 99, 100, 101, 102, 103, 104, 92, 80, 68, 67, 66, 65, 64, 63]
32: [63, 64, 65, 66, 67, 68, 80, 92, 104, 103, 102, 101, 100, 99, 87, 75]
33: [87, 99, 100, 101, 102, 103, 104, 92, 80, 79, 78, 77, 76, 75]
34: [75, 76, 77, 78, 79, 80, 92, 104, 103, 102, 101, 100, 99, 87]
35: [99, 100, 101, 102, 103, 104, 92, 91, 90, 89, 88, 87]
36: [87, 88, 89, 90, 91, 92, 104, 103, 102, 101, 100, 99]
37: [51, 63, 75, 87, 99, 100, 88, 76, 64, 52, 40, 39]
38: [39, 40, 52, 64, 76, 88, 100, 99, 87, 75, 63, 51]
39: [52, 64, 76, 88, 100, 101, 89, 77, 65, 53, 41, 40]
40: [40, 41, 53, 65, 77, 89, 101, 100, 88, 76, 64, 52]
41: [53, 65, 77, 89, 101, 102, 90, 78, 66, 54, 42, 41]
42: [41, 42, 54, 66, 78, 90, 102, 101, 89, 77, 65, 53]
43: [54, 66, 78, 90, 102, 103, 91, 79, 67, 55, 43, 42]
44: [42, 43, 55, 67, 79, 91, 103, 102, 90, 78, 66, 54]
45: [55, 67, 79, 91, 103, 104, 92, 80, 68, 56, 44, 43]
46: [43, 44, 56, 68, 80, 92, 104, 103, 91, 79, 67, 55]
47: [38, 50, 62, 74, 86, 98, 110, 111, 112, 113, 114, 115, 116, 117, 105, 93, 81, 69, 57, 45, 33, 32, 31, 30, 29, 28, 27, 26]
48: [26, 27, 28, 29, 30, 31, 32, 33, 45, 57, 69, 81, 93, 105, 117, 116, 115, 114, 113, 112, 111, 110, 98, 86, 74, 62, 50, 38]
49: [26, 27, 39, 51, 63, 75, 87, 99, 111, 110, 98, 86, 74, 62, 50, 38]
50: [38, 50, 62, 74, 86, 98, 110, 111, 99, 87, 75, 63, 51, 39, 27, 26]
51: [26, 27, 28, 40, 52, 64, 76, 88, 100, 112, 111, 110, 98, 86, 74, 62, 50, 38]
52: [38, 50, 62, 74, 86, 98, 110, 111, 112, 100, 88, 76, 64, 52, 40, 28, 27, 26]
53: [26, 27, 28, 29, 41, 53, 65, 77, 89, 101, 113, 112, 111, 110, 98, 86, 74, 62, 50, 38]
54: [38, 50, 62, 74, 86, 98, 110, 111, 112, 113, 101, 89, 77, 65, 53, 41, 29, 28, 27, 26]
55: [26, 27, 28, 29, 30, 42, 54, 66, 78, 90, 102, 114, 113, 112, 111, 110, 98, 86, 74, 62, 50, 38]
56: [38, 50, 62, 74, 86, 98, 110, 111, 112, 113, 114, 102, 90, 78, 66, 54, 42, 30, 29, 28, 27, 26]
57: [26, 27, 28, 29, 30, 31, 43, 55, 67, 79, 91, 103, 115, 114, 113, 112, 111, 110, 98, 86, 74, 62, 50, 38]
58: [38, 50, 62, 74, 86, 98, 110, 111, 112, 113, 114, 115, 103, 91, 79, 67, 55, 43, 31, 30, 29, 28, 27, 26]
59: [26, 27, 28, 29, 30, 31, 32, 44, 56, 68, 80, 92, 104, 116, 115, 114, 113, 112, 111, 110, 98, 86, 74, 62, 50, 38]
60: [38, 50, 62, 74, 86, 98, 110, 111, 112, 113, 114, 115, 116, 104, 92, 80, 68, 56, 44, 32, 31, 30, 29, 28, 27, 26]
61: [27, 28, 29, 30, 31, 32, 33, 45, 57, 69, 81, 93, 105, 117, 116, 115, 114, 113, 112, 111, 99, 87, 75, 63, 51, 39]
62: [39, 51, 63, 75, 87, 99, 111, 112, 113, 114, 115, 116, 117, 105, 93, 81, 69, 57, 45, 33, 32, 31, 30, 29, 28, 27]
63: [28, 29, 30, 31, 32, 33, 45, 57, 69, 81, 93, 105, 117, 116, 115, 114, 113, 112, 100, 88, 76, 64, 52, 40]
64: [40, 52, 64, 76, 88, 100, 112, 113, 114, 115, 116, 117, 105, 93, 81, 69, 57, 45, 33, 32, 31, 30, 29, 28]
65: [29, 30, 31, 32, 33, 45, 57, 69, 81, 93, 105, 117, 116, 115, 114, 113, 101, 89, 77, 65, 53, 41]
66: [41, 53, 65, 77, 89, 101, 113, 114, 115, 116, 117, 105, 93, 81, 69, 57, 45, 33, 32, 31, 30, 29]
67: [30, 31, 32, 33, 45, 57, 69, 81, 93, 105, 117, 116, 115, 114, 102, 90, 78, 66, 54, 42]
68: [42, 54, 66, 78, 90, 102, 114, 115, 116, 117, 105, 93, 81, 69, 57, 45, 33, 32, 31, 30]
69: [31, 32, 33, 45, 57, 69, 81, 93, 105, 117, 116, 115, 103, 91, 79, 67, 55, 43]
70: [43, 55, 67, 79, 91, 103, 115, 116, 117, 105, 93, 81, 69, 57, 45, 33, 32, 31]
71: [32, 33, 45, 57, 69, 81, 93, 105, 117, 116, 104, 92, 80, 68, 56, 44]
72: [44, 56, 68, 80, 92, 104, 116, 117, 105, 93, 81, 69, 57, 45, 33, 32]
73: [26, 27, 28, 29, 30, 31, 32, 33, 45, 44, 43, 42, 41, 40, 39, 38]
74: [38, 39, 40, 41, 42, 43, 44, 45, 33, 32, 31, 30, 29, 28, 27, 26]
75: [38, 39, 40, 41, 42, 43, 44, 45, 57, 56, 55, 54, 53, 52, 51, 50]
76: [50, 51, 52, 53, 54, 55, 56, 57, 45, 44, 43, 42, 41, 40, 39, 38]
77: [50, 51, 52, 53, 54, 55, 56, 57, 69, 68, 67, 66, 65, 64, 63, 62]
78: [62, 63, 64, 65, 66, 67, 68, 69, 57, 56, 55, 54, 53, 52, 51, 50]
79: [62, 63, 64, 65, 66, 67, 68, 69, 81, 80, 79, 78, 77, 76, 75, 74]
80: [74, 75, 76, 77, 78, 79, 80, 81, 69, 68, 67, 66, 65, 64, 63, 62]
81: [74, 75, 76, 77, 78, 79, 80, 81, 93, 92, 91, 90, 89, 88, 87, 86]
82: [86, 87, 88, 89, 90, 91, 92, 93, 81, 80, 79, 78, 77, 76, 75, 74]
83: [86, 87, 88, 89, 90, 91, 92, 93, 105, 104, 103, 102, 101, 100, 99, 98]
84: [98, 99, 100, 101, 102, 103, 104, 105, 93, 92, 91, 90, 89, 88, 87, 86]
85: [98, 99, 100, 101, 102, 103, 104, 105, 117, 116, 115, 114, 113, 112, 111, 110]
86: [110, 111, 112, 113, 114, 115, 116, 117, 105, 104, 103, 102, 101, 100, 99, 98]
87: [13, 14, 15, 16, 17, 18, 19, 20, 21, 22, 34, 46, 58, 70, 82, 94, 106, 118, 130, 129, 128, 127, 126, 125, 124, 123, 122, 121, 109, 97, 85, 73, 61, 49, 37, 25]
88: [25, 37, 49, 61, 73, 85, 97, 109, 121, 122, 123, 124, 125, 126, 127, 128, 129, 130, 118, 106, 94, 82, 70, 58, 46, 34, 22, 21, 20, 19, 18, 17, 16, 15, 14, 13]
89: [25, 26, 27, 28, 29, 30, 31, 32, 33, 34, 22, 21, 20, 19, 18, 17, 16, 15, 14, 13]
90: [13, 14, 15, 16, 17, 18, 19, 20, 21, 22, 34, 33, 32, 31, 30, 29, 28, 27, 26, 25]
91: [25, 37, 38, 39, 40, 41, 42, 43, 44, 45, 46, 34, 22, 21, 20, 19, 18, 17, 16, 15, 14, 13]
92: [13, 14, 15, 16, 17, 18, 19, 20, 21, 22, 34, 46, 45, 44, 43, 42, 41, 40, 39, 38, 37, 25]
93: [25, 37, 49, 50, 51, 52, 53, 54, 55, 56, 57, 58, 46, 34, 22, 21, 20, 19, 18, 17, 16, 15, 14, 13]
94: [13, 14, 15, 16, 17, 18, 19, 20, 21, 22, 34, 46, 58, 57, 56, 55, 54, 53, 52, 51, 50, 49, 37, 25]
95: [25, 37, 49, 61, 62, 63, 64, 65, 66, 67, 68, 69, 70, 58, 46, 34, 22, 21, 20, 19, 18, 17, 16, 15, 14, 13]
96: [13, 14, 15, 16, 17, 18, 19, 20, 21, 22, 34, 46, 58, 70, 69, 68, 67, 66, 65, 64, 63, 62, 61, 49, 37, 25]
97: [25, 37, 49, 61, 73, 74, 75, 76, 77, 78, 79, 80, 81, 82, 70, 58, 46, 34, 22, 21, 20, 19, 18, 17, 16, 15, 14, 13]
98: [13, 14, 15, 16, 17, 18, 19, 20, 21, 22, 34, 46, 58, 70, 82, 81, 80, 79, 78, 77, 76, 75, 74, 73, 61, 49, 37, 25]
99: [25, 37, 49, 61, 73, 85, 86, 87, 88, 89, 90, 91, 92, 93, 94, 82, 70, 58, 46, 34, 22, 21, 20, 19, 18, 17, 16, 15, 14, 13]
100: [13, 14, 15, 16, 17, 18, 19, 20, 21, 22, 34, 46, 58, 70, 82, 94, 93, 92, 91, 90, 89, 88, 87, 86, 85, 73, 61, 49, 37, 25]
101: [25, 37, 49, 61, 73, 85, 97, 98, 99, 100, 101, 102, 103, 104, 105, 106, 94, 82, 70, 58, 46, 34, 22, 21, 20, 19, 18, 17, 16, 15, 14, 13]
102: [13, 14, 15, 16, 17, 18, 19, 20, 21, 22, 34, 46, 58, 70, 82, 94, 106, 105, 104, 103, 102, 101, 100, 99, 98, 97, 85, 73, 61, 49, 37, 25]
103: [25, 37, 49, 61, 73, 85, 97, 109, 110, 111, 112, 113, 114, 115, 116, 117, 118, 106, 94, 82, 70, 58, 46, 34, 22, 21, 20, 19, 18, 17, 16, 15, 14, 13]
104: [13, 14, 15, 16, 17, 18, 19, 20, 21, 22, 34, 46, 58, 70, 82, 94, 106, 118, 117, 116, 115, 114, 113, 112, 111, 110, 109, 97, 85, 73, 61, 49, 37, 25]
105: [37, 49, 61, 73, 85, 97, 109, 121, 122, 123, 124, 125, 126, 127, 128, 129, 130, 118, 106, 94, 82, 70, 58, 46, 34, 33, 32, 31, 30, 29, 28, 27, 26, 25]
106: [25, 26, 27, 28, 29, 30, 31, 32, 33, 34, 46, 58, 70, 82, 94, 106, 118, 130, 129, 128, 127, 126, 125, 124, 123, 122, 121, 109, 97, 85, 73, 61, 49, 37]
107: [49, 61, 73, 85, 97, 109, 121, 122, 123, 124, 125, 126, 127, 128, 129, 130, 118, 106, 94, 82, 70, 58, 46, 45, 44, 43, 42, 41, 40, 39, 38, 37]
108: [37, 38, 39, 40, 41, 42, 43, 44, 45, 46, 58, 70, 82, 94, 106, 118, 130, 129, 128, 127, 126, 125, 124, 123, 122, 121, 109, 97, 85, 73, 61, 49]
109: [61, 73, 85, 97, 109, 121, 122, 123, 124, 125, 126, 127, 128, 129, 130, 118, 106, 94, 82, 70, 58, 57, 56, 55, 54, 53, 52, 51, 50, 49]
110: [49, 50, 51, 52, 53, 54, 55, 56, 57, 58, 70, 82, 94, 106, 118, 130, 129, 128, 127, 126, 125, 124, 123, 122, 121, 109, 97, 85, 73, 61]
111: [73, 85, 97, 109, 121, 122, 123, 124, 125, 126, 127, 128, 129, 130, 118, 106, 94, 82, 70, 69, 68, 67, 66, 65, 64, 63, 62, 61]
112: [61, 62, 63, 64, 65, 66, 67, 68, 69, 70, 82, 94, 106, 118, 130, 129, 128, 127, 126, 125, 124, 123, 122, 121, 109, 97, 85, 73]
113: [85, 97, 109, 121, 122, 123, 124, 125, 126, 127, 128, 129, 130, 118, 106, 94, 82, 81, 80, 79, 78, 77, 76, 75, 74, 73]
114: [73, 74, 75, 76, 77, 78, 79, 80, 81, 82, 94, 106, 118, 130, 129, 128, 127, 126, 125, 124, 123, 122, 121, 109, 97, 85]
115: [97, 109, 121, 122, 123, 124, 125, 126, 127, 128, 129, 130, 118, 106, 94, 93, 92, 91, 90, 89, 88, 87, 86, 85]
116: [85, 86, 87, 88, 89, 90, 91, 92, 93, 94, 106, 118, 130, 129, 128, 127, 126, 125, 124, 123, 122, 121, 109, 97]
117: [109, 121, 122, 123, 124, 125, 126, 127, 128, 129, 130, 118, 106, 105, 104, 103, 102, 101, 100, 99, 98, 97]
118: [97, 98, 99, 100, 101, 102, 103, 104, 105, 106, 118, 130, 129, 128, 127, 126, 125, 124, 123, 122, 121, 109]
119: [121, 122, 123, 124, 125, 126, 127, 128, 129, 130, 118, 117, 116, 115, 114, 113, 112, 111, 110, 109]
120: [109, 110, 111, 112, 113, 114, 115, 116, 117, 118, 130, 129, 128, 127, 126, 125, 124, 123, 122, 121]
121: [25, 37, 49, 61, 73, 85, 97, 109, 121, 122, 110, 98, 86, 74, 62, 50, 38, 26, 14, 13]
122: [13, 14, 26, 38, 50, 62, 74, 86, 98, 110, 122, 121, 109, 97, 85, 73, 61, 49, 37, 25]
123: [26, 38, 50, 62, 74, 86, 98, 110, 122, 123, 111, 99, 87, 75, 63, 51, 39, 27, 15, 14]
124: [14, 15, 27, 39, 51, 63, 75, 87, 99, 111, 123, 122, 110, 98, 86, 74, 62, 50, 38, 26]
125: [27, 39, 51, 63, 75, 87, 99, 111, 123, 124, 112, 100, 88, 76, 64, 52, 40, 28, 16, 15]
126: [15, 16, 28, 40, 52, 64, 76, 88, 100, 112, 124, 123, 111, 99, 87, 75, 63, 51, 39, 27]
127: [28, 40, 52, 64, 76, 88, 100, 112, 124, 125, 113, 101, 89, 77, 65, 53, 41, 29, 17, 16]
128: [16, 17, 29, 41, 53, 65, 77, 89, 101, 113, 125, 124, 112, 100, 88, 76, 64, 52, 40, 28]
129: [29, 41, 53, 65, 77, 89, 101, 113, 125, 126, 114, 102, 90, 78, 66, 54, 42, 30, 18, 17]
130: [17, 18, 30, 42, 54, 66, 78, 90, 102, 114, 126, 125, 113, 101, 89, 77, 65, 53, 41, 29]
131: [30, 42, 54, 66, 78, 90, 102, 114, 126, 127, 115, 103, 91, 79, 67, 55, 43, 31, 19, 18]
132: [18, 19, 31, 43, 55, 67, 79, 91, 103, 115, 127, 126, 114, 102, 90, 78, 66, 54, 42, 30]
133: [31, 43, 55, 67, 79, 91, 103, 115, 127, 128, 116, 104, 92, 80, 68, 56, 44, 32, 20, 19]
134: [19, 20, 32, 44, 56, 68, 80, 92, 104, 116, 128, 127, 115, 103, 91, 79, 67, 55, 43, 31]
135: [32, 44, 56, 68, 80, 92, 104, 116, 128, 129, 117, 105, 93, 81, 69, 57, 45, 33, 21, 20]
136: [20, 21, 33, 45, 57, 69, 81, 93, 105, 117, 129, 128, 116, 104, 92, 80, 68, 56, 44, 32]
137: [33, 45, 57, 69, 81, 93, 105, 117, 129, 130, 118, 106, 94, 82, 70, 58, 46, 34, 22, 21]
138: [21, 22, 34, 46, 58, 70, 82, 94, 106, 118, 130, 129, 117, 105, 93, 81, 69, 57, 45, 33]
139: [12, 24, 36, 48, 60, 72, 84, 96, 108, 120, 132, 133, 134, 135, 136, 137, 138, 139, 140, 141, 142, 143, 131, 119, 107, 95, 83, 71, 59, 47, 35, 23, 11, 10, 9, 8, 7, 6, 5, 4, 3, 2, 1, 0]
140: [0, 1, 2, 3, 4, 5, 6, 7, 8, 9, 10, 11, 23, 35, 47, 59, 71, 83, 95, 107, 119, 131, 143, 142, 141, 140, 139, 138, 137, 136, 135, 134, 133, 132, 120, 108, 96, 84, 72, 60, 48, 36, 24, 12]
141: [0, 1, 13, 25, 37, 49, 61, 73, 85, 97, 109, 121, 133, 132, 120, 108, 96, 84, 72, 60, 48, 36, 24, 12]
142: [12, 24, 36, 48, 60, 72, 84, 96, 108, 120, 132, 133, 121, 109, 97, 85, 73, 61, 49, 37, 25, 13, 1, 0]
143: [0, 1, 2, 14, 26, 38, 50, 62, 74, 86, 98, 110, 122, 134, 133, 132, 120, 108, 96, 84, 72, 60, 48, 36, 24, 12]
144: [12, 24, 36, 48, 60, 72, 84, 96, 108, 120, 132, 133, 134, 122, 110, 98, 86, 74, 62, 50, 38, 26, 14, 2, 1, 0]
145: [0, 1, 2, 3, 15, 27, 39, 51, 63, 75, 87, 99, 111, 123, 135, 134, 133, 132, 120, 108, 96, 84, 72, 60, 48, 36, 24, 12]
146: [12, 24, 36, 48, 60, 72, 84, 96, 108, 120, 132, 133, 134, 135, 123, 111, 99, 87, 75, 63, 51, 39, 27, 15, 3, 2, 1, 0]
147: [0, 1, 2, 3, 4, 16, 28, 40, 52, 64, 76, 88, 100, 112, 124, 136, 135, 134, 133, 132, 120, 108, 96, 84, 72, 60, 48, 36, 24, 12]
148: [12, 24, 36, 48, 60, 72, 84, 96, 108, 120, 132, 133, 134, 135, 136, 124, 112, 100, 88, 76, 64, 52, 40, 28, 16, 4, 3, 2, 1, 0]
149: [0, 1, 2, 3, 4, 5, 17, 29, 41, 53, 65, 77, 89, 101, 113, 125, 137, 136, 135, 134, 133, 132, 120, 108, 96, 84, 72, 60, 48, 36, 24, 12]
150: [12, 24, 36, 48, 60, 72, 84, 96, 108, 120, 132, 133, 134, 135, 136, 137, 125, 113, 101, 89, 77, 65, 53, 41, 29, 17, 5, 4, 3, 2, 1, 0]
151: [0, 1, 2, 3, 4, 5, 6, 18, 30, 42, 54, 66, 78, 90, 102, 114, 126, 138, 137, 136, 135, 134, 133, 132, 120, 108, 96, 84, 72, 60, 48, 36, 24, 12]
152: [12, 24, 36, 48, 60, 72, 84, 96, 108, 120, 132, 133, 134, 135, 136, 137, 138, 126, 114, 102, 90, 78, 66, 54, 42, 30, 18, 6, 5, 4, 3, 2, 1, 0]
153: [0, 1, 2, 3, 4, 5, 6, 7, 19, 31, 43, 55, 67, 79, 91, 103, 115, 127, 139, 138, 137, 136, 135, 134, 133, 132, 120, 108, 96, 84, 72, 60, 48, 36, 24, 12]
154: [12, 24, 36, 48, 60, 72, 84, 96, 108, 120, 132, 133, 134, 135, 136, 137, 138, 139, 127, 115, 103, 91, 79, 67, 55, 43, 31, 19, 7, 6, 5, 4, 3, 2, 1, 0]
155: [0, 1, 2, 3, 4, 5, 6, 7, 8, 20, 32, 44, 56, 68, 80, 92, 104, 116, 128, 140, 139, 138, 137, 136, 135, 134, 133, 132, 120, 108, 96, 84, 72, 60, 48, 36, 24, 12]
156: [12, 24, 36, 48, 60, 72, 84, 96, 108, 120, 132, 133, 134, 135, 136, 137, 138, 139, 140, 128, 116, 104, 92, 80, 68, 56, 44, 32, 20, 8, 7, 6, 5, 4, 3, 2, 1, 0]
157: [0, 1, 2, 3, 4, 5, 6, 7, 8, 9, 21, 33, 45, 57, 69, 81, 93, 105, 117, 129, 141, 140, 139, 138, 137, 136, 135, 134, 133, 132, 120, 108, 96, 84, 72, 60, 48, 36, 24, 12]
158: [12, 24, 36, 48, 60, 72, 84, 96, 108, 120, 132, 133, 134, 135, 136, 137, 138, 139, 140, 141, 129, 117, 105, 93, 81, 69, 57, 45, 33, 21, 9, 8, 7, 6, 5, 4, 3, 2, 1, 0]
159: [0, 1, 2, 3, 4, 5, 6, 7, 8, 9, 10, 22, 34, 46, 58, 70, 82, 94, 106, 118, 130, 142, 141, 140, 139, 138, 137, 136, 135, 134, 133, 132, 120, 108, 96, 84, 72, 60, 48, 36, 24, 12]
160: [12, 24, 36, 48, 60, 72, 84, 96, 108, 120, 132, 133, 134, 135, 136, 137, 138, 139, 140, 141, 142, 130, 118, 106, 94, 82, 70, 58, 46, 34, 22, 10, 9, 8, 7, 6, 5, 4, 3, 2, 1, 0]
161: [1, 2, 3, 4, 5, 6, 7, 8, 9, 10, 11, 23, 35, 47, 59, 71, 83, 95, 107, 119, 131, 143, 142, 141, 140, 139, 138, 137, 136, 135, 134, 133, 121, 109, 97, 85, 73, 61, 49, 37, 25, 13]
162: [13, 25, 37, 49, 61, 73, 85, 97, 109, 121, 133, 134, 135, 136, 137, 138, 139, 140, 141, 142, 143, 131, 119, 107, 95, 83, 71, 59, 47, 35, 23, 11, 10, 9, 8, 7, 6, 5, 4, 3, 2, 1]
163: [2, 3, 4, 5, 6, 7, 8, 9, 10, 11, 23, 35, 47, 59, 71, 83, 95, 107, 119, 131, 143, 142, 141, 140, 139, 138, 137, 136, 135, 134, 122, 110, 98, 86, 74, 62, 50, 38, 26, 14]
164: [14, 26, 38, 50, 62, 74, 86, 98, 110, 122, 134, 135, 136, 137, 138, 139, 140, 141, 142, 143, 131, 119, 107, 95, 83, 71, 59, 47, 35, 23, 11, 10, 9, 8, 7, 6, 5, 4, 3, 2]
165: [3, 4, 5, 6, 7, 8, 9, 10, 11, 23, 35, 47, 59, 71, 83, 95, 107, 119, 131, 143, 142, 141, 140, 139, 138, 137, 136, 135, 123, 111, 99, 87, 75, 63, 51, 39, 27, 15]
166: [15, 27, 39, 51, 63, 75, 87, 99, 111, 123, 135, 136, 137, 138, 139, 140, 141, 142, 143, 131, 119, 107, 95, 83, 71, 59, 47, 35, 23, 11, 10, 9, 8, 7, 6, 5, 4, 3]
167: [4, 5, 6, 7, 8, 9, 10, 11, 23, 35, 47, 59, 71, 83, 95, 107, 119, 131, 143, 142, 141, 140, 139, 138, 137, 136, 124, 112, 100, 88, 76, 64, 52, 40, 28, 16]
168: [16, 28, 40, 52, 64, 76, 88, 100, 112, 124, 136, 137, 138, 139, 140, 141, 142, 143, 131, 119, 107, 95, 83, 71, 59, 47, 35, 23, 11, 10, 9, 8, 7, 6, 5, 4]
169: [5, 6, 7, 8, 9, 10, 11, 23, 35, 47, 59, 71, 83, 95, 107, 119, 131, 143, 142, 141, 140, 139, 138, 137, 125, 113, 101, 89, 77, 65, 53, 41, 29, 17]
170: [17, 29, 41, 53, 65, 77, 89, 101, 113, 125, 137, 138, 139, 140, 141, 142, 143, 131, 119, 107, 95, 83, 71, 59, 47, 35, 23, 11, 10, 9, 8, 7, 6, 5]
171: [6, 7, 8, 9, 10, 11, 23, 35, 47, 59, 71, 83, 95, 107, 119, 131, 143, 142, 141, 140, 139, 138, 126, 114, 102, 90, 78, 66, 54, 42, 30, 18]
172: [18, 30, 42, 54, 66, 78, 90, 102, 114, 126, 138, 139, 140, 141, 142, 143, 131, 119, 107, 95, 83, 71, 59, 47, 35, 23, 11, 10, 9, 8, 7, 6]
173: [7, 8, 9, 10, 11, 23, 35, 47, 59, 71, 83, 95, 107, 119, 131, 143, 142, 141, 140, 139, 127, 115, 103, 91, 79, 67, 55, 43, 31, 19]
174: [19, 31, 43, 55, 67, 79, 91, 103, 115, 127, 139, 140, 141, 142, 143, 131, 119, 107, 95, 83, 71, 59, 47, 35, 23, 11, 10, 9, 8, 7]
175: [8, 9, 10, 11, 23, 35, 47, 59, 71, 83, 95, 107, 119, 131, 143, 142, 141, 140, 128, 116, 104, 92, 80, 68, 56, 44, 32, 20]
176: [20, 32, 44, 56, 68, 80, 92, 104, 116, 128, 140, 141, 142, 143, 131, 119, 107, 95, 83, 71, 59, 47, 35, 23, 11, 10, 9, 8]
177: [9, 10, 11, 23, 35, 47, 59, 71, 83, 95, 107, 119, 131, 143, 142, 141, 129, 117, 105, 93, 81, 69, 57, 45, 33, 21]
178: [21, 33, 45, 57, 69, 81, 93, 105, 117, 129, 141, 142, 143, 131, 119, 107, 95, 83, 71, 59, 47, 35, 23, 11, 10, 9]
179: [10, 11, 23, 35, 47, 59, 71, 83, 95, 107, 119, 131, 143, 142, 130, 118, 106, 94, 82, 70, 58, 46, 34, 22]
180: [22, 34, 46, 58, 70, 82, 94, 106, 118, 130, 142, 143, 131, 119, 107, 95, 83, 71, 59, 47, 35, 23, 11, 10]
181: [0, 1, 2, 3, 4, 5, 6, 7, 8, 9, 10, 11, 23, 22, 21, 20, 19, 18, 17, 16, 15, 14, 13, 12]
182: [12, 13, 14, 15, 16, 17, 18, 19, 20, 21, 22, 23, 11, 10, 9, 8, 7, 6, 5, 4, 3, 2, 1, 0]
183: [12, 13, 14, 15, 16, 17, 18, 19, 20, 21, 22, 23, 35, 34, 33, 32, 31, 30, 29, 28, 27, 26, 25, 24]
184: [24, 25, 26, 27, 28, 29, 30, 31, 32, 33, 34, 35, 23, 22, 21, 20, 19, 18, 17, 16, 15, 14, 13, 12]
185: [24, 25, 26, 27, 28, 29, 30, 31, 32, 33, 34, 35, 47, 46, 45, 44, 43, 42, 41, 40, 39, 38, 37, 36]
186: [36, 37, 38, 39, 40, 41, 42, 43, 44, 45, 46, 47, 35, 34, 33, 32, 31, 30, 29, 28, 27, 26, 25, 24]
187: [36, 37, 38, 39, 40, 41, 42, 43, 44, 45, 46, 47, 59, 58, 57, 56, 55, 54, 53, 52, 51, 50, 49, 48]
188: [48, 49, 50, 51, 52, 53, 54, 55, 56, 57, 58, 59, 47, 46, 45, 44, 43, 42, 41, 40, 39, 38, 37, 36]
189: [48, 49, 50, 51, 52, 53, 54, 55, 56, 57, 58, 59, 71, 70, 69, 68, 67, 66, 65, 64, 63, 62, 61, 60]
190: [60, 61, 62, 63, 64, 65, 66, 67, 68, 69, 70, 71, 59, 58, 57, 56, 55, 54, 53, 52, 51, 50, 49, 48]
191: [60, 61, 62, 63, 64, 65, 66, 67, 68, 69, 70, 71, 83, 82, 81, 80, 79, 78, 77, 76, 75, 74, 73, 72]
192: [72, 73, 74, 75, 76, 77, 78, 79, 80, 81, 82, 83, 71, 70, 69, 68, 67, 66, 65, 64, 63, 62, 61, 60]
193: [72, 73, 74, 75, 76, 77, 78, 79, 80, 81, 82, 83, 95, 94, 93, 92, 91, 90, 89, 88, 87, 86, 85, 84]
194: [84, 85, 86, 87, 88, 89, 90, 91, 92, 93, 94, 95, 83, 82, 81, 80, 79, 78, 77, 76, 75, 74, 73, 72]
195: [84, 85, 86, 87, 88, 89, 90, 91, 92, 93, 94, 95, 107, 106, 105, 104, 103, 102, 101, 100, 99, 98, 97, 96]
196: [96, 97, 98, 99, 100, 101, 102, 103, 104, 105, 106, 107, 95, 94, 93, 92, 91, 90, 89, 88, 87, 86, 85, 84]
197: [96, 97, 98, 99, 100, 101, 102, 103, 104, 105, 106, 107, 119, 118, 117, 116, 115, 114, 113, 112, 111, 110, 109, 108]
198: [108, 109, 110, 111, 112, 113, 114, 115, 116, 117, 118, 119, 107, 106, 105, 104, 103, 102, 101, 100, 99, 98, 97, 96]
199: [108, 109, 110, 111, 112, 113, 114, 115, 116, 117, 118, 119, 131, 130, 129, 128, 127, 126, 125, 124, 123, 122, 121, 120]
200: [120, 121, 122, 123, 124, 125, 126, 127, 128, 129, 130, 131, 119, 118, 117, 116, 115, 114, 113, 112, 111, 110, 109, 108]
201: [120, 121, 122, 123, 124, 125, 126, 127, 128, 129, 130, 131, 143, 142, 141, 140, 139, 138, 137, 136, 135, 134, 133, 132]
202: [132, 133, 134, 135, 136, 137, 138, 139, 140, 141, 142, 143, 131, 130, 129, 128, 127, 126, 125, 124, 123, 122, 121, 120]
144
0
0: []
1: [140, 141, 143, 145, 147, 149, 181, 151, 153, 155, 157, 159, 182, 142, 144, 146, 148, 150, 152, 154, 156, 158, 160, 139]
2: [140, 143, 145, 147, 149, 181, 151, 153, 155, 157, 159, 182, 144, 146, 148, 150, 152, 154, 156, 158, 160, 139]
3: [140, 145, 147, 149, 181, 151, 153, 155, 157, 159, 182, 146, 148, 150, 152, 154, 156, 158, 160, 139]
4: [140, 147, 149, 181, 151, 153, 155, 157, 159, 182, 148, 150, 152, 154, 156, 158, 160, 139]
5: [140, 149, 181, 151, 153, 155, 157, 159, 182, 150, 152, 154, 156, 158, 160, 139]
6: [140, 181, 151, 153, 155, 157, 159, 182, 152, 154, 156, 158, 160, 139]
7: [140, 181, 153, 155, 157, 159, 182, 154, 156, 158, 160, 139]
8: [140, 181, 155, 157, 159, 182, 156, 158, 160, 139]
9: [181, 140, 157, 159, 182, 158, 160, 139]
10: [140, 181, 159, 182, 160, 139]
11: [140, 181, 182, 139]
12: [160, 139, 142, 144, 146, 148, 150, 182, 152, 154, 156, 158, 141, 181, 143, 145, 147, 149, 151, 153, 155, 157, 159, 140]
13: [141, 182, 181, 142]
14: [182, 143, 181, 144]
15: [145, 182, 181, 146]
16: [147, 182, 181, 148]
17: [149, 182, 181, 150]
18: [182, 151, 181, 152]
19: [153, 182, 181, 154]
20: [155, 182, 181, 156]
21: [157, 182, 181, 158]
22: [182, 159, 181, 160]
23: [140, 181, 182, 139]
24: [160, 139, 142, 144, 146, 148, 150, 152, 154, 156, 158, 141, 143, 145, 147, 149, 151, 153, 155, 157, 159, 140]
25: [141, 142]
26: [143, 144]
27: [145, 146]
28: [147, 148]
29: [149, 150]
30: [151, 152]
31: [153, 154]
32: [155, 156]
33: [157, 158]
34: [159, 160]
35: [140, 139]
36: [160, 139, 142, 144, 146, 148, 150, 152, 154, 156, 158, 141, 143, 145, 147, 149, 151, 153, 155, 157, 159, 140]
37: [141, 142]
38: [143, 144]
39: [145, 146]
40: [147, 148]
41: [149, 150]
42: [151, 152]
43: [153, 154]
44: [155, 156]
45: [157, 158]
46: [159, 160]
47: [140, 139]
48: [160, 139, 142, 144, 146, 148, 150, 152, 154, 156, 158, 141, 143, 145, 147, 149, 151, 153, 155, 157, 159, 140]
49: [141, 142]
50: [143, 144]
51: [145, 146]
52: [147, 148]
53: [149, 150]
54: [151, 152]
55: [153, 154]
56: [155, 156]
57: [157, 158]
58: [159, 160]
59: [140, 139]
60: [160, 139, 142, 144, 146, 148, 150, 152, 154, 156, 158, 141, 143, 145, 147, 149, 151, 153, 155, 157, 159, 140]
61: [141, 142]
62: [143, 144]
63: [145, 146]
64: [147, 148]
65: [149, 150]
66: [151, 152]
67: [153, 154]
68: [155, 156]
69: [157, 158]
70: [159, 160]
71: [140, 139]
72: [160, 139, 142, 144, 146, 148, 150, 152, 154, 156, 158, 141, 143, 145, 147, 149, 151, 153, 155, 157, 159, 140]
73: [141, 142]
74: [143, 144]
75: [145, 146]
76: [147, 148]
77: [149, 150]
78: [151, 152]
79: [153, 154]
80: [155, 156]
81: [157, 158]
82: [159, 160]
83: [140, 139]
84: [160, 139, 142, 144, 146, 148, 150, 152, 154, 156, 158, 141, 143, 145, 147, 149, 151, 153, 155, 157, 159, 140]
85: [141, 142]
86: [143, 144]
87: [145, 146]
88: [147, 148]
89: [149, 150]
90: [151, 152]
91: [153, 154]
92: [155, 156]
93: [157, 158]
94: [159, 160]
95: [140, 139]
96: [160, 139, 142, 144, 146, 148, 150, 152, 154, 156, 158, 141, 143, 145, 147, 149, 151, 153, 155, 157, 159, 140]
97: [141, 142]
98: [143, 144]
99: [145, 146]
100: [147, 148]
101: [149, 150]
102: [151, 152]
103: [153, 154]
104: [155, 156]
105: [157, 158]
106: [159, 160]
107: [140, 139]
108: [160, 139, 142, 144, 146, 148, 150, 152, 154, 156, 158, 141, 143, 145, 147, 149, 151, 153, 155, 157, 159, 140]
109: [141, 142]
110: [143, 144]
111: [145, 146]
112: [147, 148]
113: [149, 150]
114: [151, 152]
115: [153, 154]
116: [155, 156]
117: [157, 158]
118: [159, 160]
119: [140, 139]
120: [160, 139, 142, 144, 146, 148, 150, 152, 154, 156, 158, 141, 143, 145, 147, 149, 151, 153, 155, 157, 159, 140]
121: [141, 142]
122: [143, 144]
123: [145, 146]
124: [147, 148]
125: [149, 150]
126: [151, 152]
127: [153, 154]
128: [155, 156]
129: [157, 158]
130: [159, 160]
131: [140, 139]
132: [160, 139, 142, 144, 146, 148, 150, 152, 154, 156, 158, 141, 143, 145, 147, 149, 151, 153, 155, 157, 159, 140]
133: [160, 139, 141, 142, 144, 146, 148, 150, 152, 154, 156, 158, 143, 145, 147, 149, 151, 153, 155, 157, 159, 140]
134: [160, 139, 143, 144, 146, 148, 150, 152, 154, 156, 158, 145, 147, 149, 151, 153, 155, 157, 159, 140]
135: [160, 139, 145, 146, 148, 150, 152, 154, 156, 158, 147, 149, 151, 153, 155, 157, 159, 140]
136: [160, 139, 147, 148, 150, 152, 154, 156, 158, 149, 151, 153, 155, 157, 159, 140]
137: [160, 139, 149, 150, 152, 154, 156, 158, 151, 153, 155, 157, 159, 140]
138: [160, 139, 151, 152, 154, 156, 158, 153, 155, 157, 159, 140]
139: [160, 139, 153, 154, 156, 158, 155, 157, 159, 140]
140: [160, 139, 155, 156, 158, 157, 159, 140]
141: [160, 139, 157, 158, 159, 140]
142: [160, 139, 159, 140]
143: [139, 140]
1
0: [160, 139, 142, 144, 146, 148, 150, 182, 152, 154, 156, 158, 141, 181, 143, 145, 147, 149, 151, 153, 155, 157, 159, 140]
1: []
2: [161, 140, 143, 145, 147, 149, 181, 151, 153, 155, 157, 159, 182, 144, 146, 148, 150, 152, 154, 156, 158, 160, 162, 139]
3: [161, 140, 145, 147, 149, 181, 151, 153, 155, 157, 159, 182, 146, 148, 150, 152, 154, 156, 158, 160, 162, 139]
4: [161, 140, 147, 149, 181, 151, 153, 155, 157, 159, 182, 148, 150, 152, 154, 156, 158, 160, 162, 139]
5: [161, 140, 149, 181, 151, 153, 155, 157, 159, 182, 150, 152, 154, 156, 158, 160, 162, 139]
6: [161, 140, 181, 151, 153, 155, 157, 159, 182, 152, 154, 156, 158, 160, 162, 139]
7: [161, 140, 181, 153, 155, 157, 159, 182, 154, 156, 158, 160, 162, 139]
8: [161, 140, 181, 155, 157, 159, 182, 156, 158, 160, 162, 139]
9: [161, 140, 181, 157, 159, 182, 158, 160, 162, 139]
10: [161, 140, 181, 159, 182, 160, 162, 139]
11: [161, 140, 181, 182, 162, 139]
12: [160, 139, 142, 144, 146, 148, 150, 182, 152, 154, 156, 158, 141, 181, 143, 145, 147, 149, 151, 153, 155, 157, 159, 140]
13: [162, 141, 182, 181, 142, 161]
14: [143, 182, 181, 144]
15: [145, 182, 181, 146]
16: [147, 182, 181, 148]
17: [149, 182, 181, 150]
18: [151, 182, 181, 152]
19: [153, 182, 181, 154]
20: [155, 182, 181, 156]
21: [157, 182, 181, 158]
22: [159, 181, 182, 160]
23: [161, 140, 181, 182, 162, 139]
24: [160, 139, 142, 144, 146, 148, 150, 152, 154, 156, 158, 141, 143, 145, 147, 149, 151, 153, 155, 157, 159, 140]
25: [162, 141, 142, 161]
26: [143, 144]
27: [145, 146]
28: [147, 148]
29: [149, 150]
30: [151, 152]
31: [153, 154]
32: [155, 156]
33: [157, 158]
34: [159, 160]
35: [161, 140, 162, 139]
36: [160, 139, 142, 144, 146, 148, 150, 152, 154, 156, 158, 141, 143, 145, 147, 149, 151, 153, 155, 157, 159, 140]
37: [162, 141, 142, 161]
38: [143, 144]
39: [145, 146]
40: [147, 148]
41: [149, 150]
42: [151, 152]
43: [153, 154]
44: [155, 156]
45: [157, 158]
46: [159, 160]
47: [161, 140, 162, 139]
48: [160, 139, 142, 144, 146, 148, 150, 152, 154, 156, 158, 141, 143, 145, 147, 149, 151, 153, 155, 157, 159, 140]
49: [162, 141, 142, 161]
50: [143, 144]
51: [145, 146]
52: [147, 148]
53: [149, 150]
54: [151, 152]
55: [153, 154]
56: [155, 156]
57: [157, 158]
58: [159, 160]
59: [161, 140, 162, 139]
60: [160, 139, 142, 144, 146, 148, 150, 152, 154, 156, 158, 141, 143, 145, 147, 149, 151, 153, 155, 157, 159, 140]
61: [162, 141, 142, 161]
62: [143, 144]
63: [145, 146]
64: [147, 148]
65: [149, 150]
66: [151, 152]
67: [153, 154]
68: [155, 156]
69: [157, 158]
70: [159, 160]
71: [161, 140, 162, 139]
72: [160, 139, 142, 144, 146, 148, 150, 152, 154, 156, 158, 141, 143, 145, 147, 149, 151, 153, 155, 157, 159, 140]
73: [162, 141, 142, 161]
74: [143, 144]
75: [145, 146]
76: [147, 148]
77: [149, 150]
78: [151, 152]
79: [153, 154]
80: [155, 156]
81: [157, 158]
82: [159, 160]
83: [161, 140, 162, 139]
84: [160, 139, 142, 144, 146, 148, 150, 152, 154, 156, 158, 141, 143, 145, 147, 149, 151, 153, 155, 157, 159, 140]
85: [162, 141, 142, 161]
86: [143, 144]
87: [145, 146]
88: [147, 148]
89: [149, 150]
90: [151, 152]
91: [153, 154]
92: [155, 156]
93: [157, 158]
94: [159, 160]
95: [161, 140, 162, 139]
96: [160, 139, 142, 144, 146, 148, 150, 152, 154, 156, 158, 141, 143, 145, 147, 149, 151, 153, 155, 157, 159, 140]
97: [162, 141, 142, 161]
98: [143, 144]
99: [145, 146]
100: [147, 148]
101: [149, 150]
102: [151, 152]
103: [153, 154]
104: [155, 156]
105: [157, 158]
106: [159, 160]
107: [161, 140, 162, 139]
108: [160, 139, 142, 144, 146, 148, 150, 152, 154, 156, 158, 141, 143, 145, 147, 149, 151, 153, 155, 157, 159, 140]
109: [162, 141, 142, 161]
110: [143, 144]
111: [145, 146]
112: [147, 148]
113: [149, 150]
114: [151, 152]
115: [153, 154]
116: [155, 156]
117: [157, 158]
118: [159, 160]
119: [161, 140, 162, 139]
120: [160, 139, 142, 144, 146, 148, 150, 152, 154, 156, 158, 141, 143, 145, 147, 149, 151, 153, 155, 157, 159, 140]
121: [162, 141, 142, 161]
122: [143, 144]
123: [145, 146]
124: [147, 148]
125: [149, 150]
126: [151, 152]
127: [153, 154]
128: [155, 156]
129: [157, 158]
130: [159, 160]
131: [161, 140, 162, 139]
132: [160, 139, 141, 142, 144, 146, 148, 150, 152, 154, 156, 158, 143, 145, 147, 149, 151, 153, 155, 157, 159, 140]
133: [162, 141, 160, 139, 142, 143, 144, 146, 148, 150, 152, 154, 156, 158, 145, 147, 149, 151, 153, 155, 157, 159, 161, 140]
134: [162, 143, 160, 139, 144, 145, 146, 148, 150, 152, 154, 156, 158, 147, 149, 151, 153, 155, 157, 159, 161, 140]
135: [145, 162, 160, 139, 146, 147, 148, 150, 152, 154, 156, 158, 149, 151, 153, 155, 157, 159, 161, 140]
136: [162, 147, 160, 139, 148, 149, 150, 152, 154, 156, 158, 151, 153, 155, 157, 159, 161, 140]
137: [162, 149, 160, 139, 150, 151, 152, 154, 156, 158, 153, 155, 157, 159, 161, 140]
138: [162, 151, 160, 139, 152, 153, 154, 156, 158, 155, 157, 159, 161, 140]
139: [153, 162, 160, 139, 154, 155, 156, 158, 157, 159, 161, 140]
140: [162, 155, 160, 139, 156, 157, 158, 159, 161, 140]
141: [162, 157, 160, 139, 158, 159, 161, 140]
142: [162, 159, 160, 161, 139, 140]
143: [161, 162, 140, 139]
2
0: [160, 139, 144, 146, 148, 150, 182, 152, 154, 156, 158, 181, 143, 145, 147, 149, 151, 153, 155, 157, 159, 140]
1: [160, 162, 139, 144, 146, 148, 150, 182, 152, 154, 156, 158, 181, 143, 145, 147, 149, 151, 153, 155, 157, 161, 159, 140]
2: []
3: [161, 163, 140, 145, 147, 149, 181, 151, 153, 155, 157, 159, 182, 146, 148, 150, 152, 154, 156, 164, 158, 160, 162, 139]
4: [161, 163, 140, 147, 149, 181, 151, 153, 155, 157, 159, 182, 148, 150, 152, 154, 156, 164, 158, 160, 162, 139]
5: [161, 163, 140, 149, 181, 151, 153, 155, 157, 159, 182, 150, 152, 154, 156, 164, 158, 160, 162, 139]
6: [161, 163, 140, 181, 151, 153, 155, 157, 159, 182, 152, 154, 156, 164, 158, 160, 162, 139]
7: [161, 163, 140, 181, 153, 155, 157, 159, 182, 154, 156, 164, 158, 160, 162, 139]
8: [161, 163, 140, 181, 155, 157, 159, 182, 156, 164, 158, 160, 162, 139]
9: [161, 163, 140, 181, 157, 159, 182, 164, 158, 160, 162, 139]
10: [161, 163, 140, 181, 159, 182, 164, 160, 162, 139]
11: [161, 163, 140, 181, 182, 164, 162, 139]
12: [160, 139, 144, 146, 148, 150, 182, 152, 154, 156, 158, 181, 143, 145, 147, 149, 151, 153, 155, 157, 159, 140]
13: [162, 182, 181, 161]
14: [164, 143, 182, 181, 144, 163]
15: [145, 182, 181, 146]
16: [147, 182, 181, 148]
17: [149, 182, 181, 150]
18: [151, 182, 181, 152]
19: [153, 182, 181, 154]
20: [155, 182, 181, 156]
21: [157, 181, 182, 158]
22: [159, 181, 182, 160]
23: [161, 163, 140, 181, 182, 164, 162, 139]
24: [160, 139, 144, 146, 148, 150, 152, 154, 156, 158, 143, 145, 147, 149, 151, 153, 155, 157, 159, 140]
25: [162, 161]
26: [164, 143, 144, 163]
27: [145, 146]
28: [147, 148]
29: [149, 150]
30: [151, 152]
31: [153, 154]
32: [155, 156]
33: [157, 158]
34: [159, 160]
35: [161, 163, 140, 164, 162, 139]
36: [160, 139, 144, 146, 148, 150, 152, 154, 156, 158, 143, 145, 147, 149, 151, 153, 155, 157, 159, 140]
37: [162, 161]
38: [164, 143, 144, 163]
39: [145, 146]
40: [147, 148]
41: [149, 150]
42: [151, 152]
43: [153, 154]
44: [155, 156]
45: [157, 158]
46: [159, 160]
47: [161, 163, 140, 164, 162, 139]
48: [160, 139, 144, 146, 148, 150, 152, 154, 156, 158, 143, 145, 147, 149, 151, 153, 155, 157, 159, 140]
49: [162, 161]
50: [164, 143, 144, 163]
51: [145, 146]
52: [147, 148]
53: [149, 150]
54: [151, 152]
55: [153, 154]
56: [155, 156]
57: [157, 158]
58: [159, 160]
59: [161, 163, 140, 164, 162, 139]
60: [160, 139, 144, 146, 148, 150, 152, 154, 156, 158, 143, 145, 147, 149, 151, 153, 155, 157, 159, 140]
61: [162, 161]
62: [164, 143, 144, 163]
63: [145, 146]
64: [147, 148]
65: [149, 150]
66: [151, 152]
67: [153, 154]
68: [155, 156]
69: [157, 158]
70: [159, 160]
71: [161, 163, 140, 164, 162, 139]
72: [160, 139, 144, 146, 148, 150, 152, 154, 156, 158, 143, 145, 147, 149, 151, 153, 155, 157, 159, 140]
73: [162, 161]
74: [164, 143, 144, 163]
75: [145, 146]
76: [147, 148]
77: [149, 150]
78: [151, 152]
79: [153, 154]
80: [155, 156]
81: [157, 158]
82: [159, 160]
83: [161, 163, 140, 164, 162, 139]
84: [160, 139, 144, 146, 148, 150, 152, 154, 156, 158, 143, 145, 147, 149, 151, 153, 155, 157, 159, 140]
85: [162, 161]
86: [164, 143, 144, 163]
87: [145, 146]
88: [147, 148]
89: [149, 150]
90: [151, 152]
91: [153, 154]
92: [155, 156]
93: [157, 158]
94: [159, 160]
95: [161, 163, 140, 164, 162, 139]
96: [160, 139, 144, 146, 148, 150, 152, 154, 156, 158, 143, 145, 147, 149, 151, 153, 155, 157, 159, 140]
97: [162, 161]
98: [164, 143, 144, 163]
99: [145, 146]
100: [147, 148]
101: [149, 150]
102: [151, 152]
103: [153, 154]
104: [155, 156]
105: [157, 158]
106: [159, 160]
107: [161, 163, 140, 164, 162, 139]
108: [160, 139, 144, 146, 148, 150, 152, 154, 156, 158, 143, 145, 147, 149, 151, 153, 155, 157, 159, 140]
109: [162, 161]
110: [164, 143, 144, 163]
111: [145, 146]
112: [147, 148]
113: [149, 150]
114: [151, 152]
115: [153, 154]
116: [155, 156]
117: [157, 158]
118: [159, 160]
119: [161, 163, 140, 164, 162, 139]
120: [160, 139, 144, 146, 148, 150, 152, 154, 156, 158, 143, 145, 147, 149, 151, 153, 155, 157, 159, 140]
121: [162, 161]
122: [164, 143, 144, 163]
123: [145, 146]
124: [147, 148]
125: [149, 150]
126: [151, 152]
127: [153, 154]
128: [155, 156]
129: [157, 158]
130: [159, 160]
131: [161, 163, 140, 164, 162, 139]
132: [160, 139, 143, 144, 146, 148, 150, 152, 154, 156, 158, 145, 147, 149, 151, 153, 155, 157, 159, 140]
133: [162, 143, 160, 139, 144, 145, 146, 148, 150, 152, 154, 156, 158, 147, 149, 151, 153, 155, 157, 159, 161, 140]
134: [164, 143, 145, 162, 160, 139, 144, 146, 147, 148, 150, 152, 154, 156, 158, 149, 151, 153, 155, 157, 159, 161, 163, 140]
135: [145, 164, 162, 147, 160, 139, 146, 148, 149, 150, 152, 154, 156, 158, 151, 153, 155, 157, 159, 161, 163, 140]
136: [147, 164, 162, 149, 160, 139, 148, 150, 151, 152, 154, 156, 158, 153, 155, 157, 159, 161, 163, 140]
137: [164, 149, 162, 151, 160, 139, 150, 152, 153, 154, 156, 158, 155, 157, 159, 161, 163, 140]
138: [164, 151, 153, 162, 160, 139, 152, 154, 155, 156, 158, 157, 159, 161, 163, 140]
139: [153, 164, 162, 155, 160, 139, 154, 156, 157, 158, 159, 161, 163, 140]
140: [155, 164, 162, 157, 160, 139, 156, 158, 159, 161, 163, 140]
141: [164, 157, 162, 159, 160, 161, 163, 139, 140, 158]
142: [164, 159, 161, 162, 163, 140, 160, 139]
143: [161, 164, 163, 140, 162, 139]
3
0: [160, 139, 146, 148, 150, 182, 152, 154, 156, 158, 181, 145, 147, 149, 151, 153, 155, 157, 159, 140]
1: [160, 162, 139, 146, 148, 150, 182, 152, 154, 156, 158, 181, 145, 147, 149, 151, 153, 155, 157, 161, 159, 140]
2: [160, 162, 164, 139, 146, 148, 150, 182, 152, 154, 156, 158, 181, 145, 147, 149, 151, 153, 155, 163, 157, 161, 159, 140]
3: []
4: [161, 163, 165, 140, 147, 149, 181, 151, 153, 155, 157, 159, 182, 148, 150, 152, 154, 156, 166, 164, 158, 160, 162, 139]
5: [161, 163, 165, 140, 149, 181, 151, 153, 155, 157, 159, 182, 150, 152, 154, 156, 166, 164, 158, 160, 162, 139]
6: [161, 163, 165, 140, 181, 151, 153, 155, 157, 159, 182, 152, 154, 156, 166, 164, 158, 160, 162, 139]
7: [161, 163, 165, 140, 181, 153, 155, 157, 159, 182, 154, 156, 166, 164, 158, 160, 162, 139]
8: [161, 163, 165, 140, 181, 155, 157, 159, 182, 156, 166, 164, 158, 160, 162, 139]
9: [161, 163, 165, 140, 181, 157, 159, 182, 166, 164, 158, 160, 162, 139]
10: [161, 163, 165, 140, 181, 159, 182, 166, 164, 160, 162, 139]
11: [161, 163, 165, 140, 181, 182, 166, 164, 162, 139]
12: [160, 139, 146, 148, 150, 182, 152, 154, 156, 158, 181, 145, 147, 149, 151, 153, 155, 157, 159, 140]
13: [162, 182, 181, 161]
14: [164, 182, 181, 163]
15: [145, 166, 182, 181, 146, 165]
16: [147, 182, 181, 148]
17: [149, 182, 181, 150]
18: [151, 182, 181, 152]
19: [153, 182, 181, 154]
20: [155, 181, 182, 156]
21: [157, 181, 182, 158]
22: [159, 181, 182, 160]
23: [161, 163, 165, 140, 181, 182, 166, 164, 162, 139]
24: [160, 139, 146, 148, 150, 152, 154, 156, 158, 145, 147, 149, 151, 153, 155, 157, 159, 140]
25: [162, 161]
26: [164, 163]
27: [145, 166, 146, 165]
28: [147, 148]
29: [149, 150]
30: [151, 152]
31: [153, 154]
32: [155, 156]
33: [157, 158]
34: [159, 160]
35: [161, 163, 140, 165, 166, 164, 162, 139]
36: [160, 139, 146, 148, 150, 152, 154, 156, 158, 145, 147, 149, 151, 153, 155, 157, 159, 140]
37: [162, 161]
38: [164, 163]
39: [145, 166, 146, 165]
40: [147, 148]
41: [149, 150]
42: [151, 152]
43: [153, 154]
44: [155, 156]
45: [157, 158]
46: [159, 160]
47: [161, 163, 140, 165, 166, 164, 162, 139]
48: [160, 139, 146, 148, 150, 152, 154, 156, 158, 145, 147, 149, 151, 153, 155, 157, 159, 140]
49: [162, 161]
50: [164, 163]
51: [145, 166, 146, 165]
52: [147, 148]
53: [149, 150]
54: [151, 152]
55: [153, 154]
56: [155, 156]
57: [157, 158]
58: [159, 160]
59: [161, 163, 140, 165, 166, 164, 162, 139]
60: [160, 139, 146, 148, 150, 152, 154, 156, 158, 145, 147, 149, 151, 153, 155, 157, 159, 140]
61: [162, 161]
62: [164, 163]
63: [145, 166, 146, 165]
64: [147, 148]
65: [149, 150]
66: [151, 152]
67: [153, 154]
68: [155, 156]
69: [157, 158]
70: [159, 160]
71: [161, 163, 140, 165, 166, 164, 162, 139]
72: [160, 139, 146, 148, 150, 152, 154, 156, 158, 145, 147, 149, 151, 153, 155, 157, 159, 140]
73: [162, 161]
74: [164, 163]
75: [145, 166, 146, 165]
76: [147, 148]
77: [149, 150]
78: [151, 152]
79: [153, 154]
80: [155, 156]
81: [157, 158]
82: [159, 160]
83: [161, 163, 140, 165, 166, 164, 162, 139]
84: [160, 139, 146, 148, 150, 152, 154, 156, 158, 145, 147, 149, 151, 153, 155, 157, 159, 140]
85: [162, 161]
86: [164, 163]
87: [145, 166, 146, 165]
88: [147, 148]
89: [149, 150]
90: [151, 152]
91: [153, 154]
92: [155, 156]
93: [157, 158]
94: [159, 160]
95: [161, 163, 140, 165, 166, 164, 162, 139]
96: [160, 139, 146, 148, 150, 152, 154, 156, 158, 145, 147, 149, 151, 153, 155, 157, 159, 140]
97: [162, 161]
98: [164, 163]
99: [145, 166, 146, 165]
100: [147, 148]
101: [149, 150]
102: [151, 152]
103: [153, 154]
104: [155, 156]
105: [157, 158]
106: [159, 160]
107: [161, 163, 140, 165, 166, 164, 162, 139]
108: [160, 139, 146, 148, 150, 152, 154, 156, 158, 145, 147, 149, 151, 153, 155, 157, 159, 140]
109: [162, 161]
110: [164, 163]
111: [145, 166, 146, 165]
112: [147, 148]
113: [149, 150]
114: [151, 152]
115: [153, 154]
116: [155, 156]
117: [157, 158]
118: [159, 160]
119: [161, 163, 140, 165, 166, 164, 162, 139]
120: [160, 139, 146, 148, 150, 152, 154, 156, 158, 145, 147, 149, 151, 153, 155, 157, 159, 140]
121: [162, 161]
122: [164, 163]
123: [145, 166, 146, 165]
124: [147, 148]
125: [149, 150]
126: [151, 152]
127: [153, 154]
128: [155, 156]
129: [157, 158]
130: [159, 160]
131: [161, 163, 140, 165, 166, 164, 162, 139]
132: [160, 139, 145, 146, 148, 150, 152, 154, 156, 158, 147, 149, 151, 153, 155, 157, 159, 140]
133: [145, 162, 160, 139, 146, 147, 148, 150, 152, 154, 156, 158, 149, 151, 153, 155, 157, 159, 161, 140]
134: [145, 164, 162, 147, 160, 139, 146, 148, 149, 150, 152, 154, 156, 158, 151, 153, 155, 157, 159, 161, 163, 140]
135: [145, 166, 147, 164, 162, 149, 160, 139, 146, 148, 150, 151, 152, 154, 156, 158, 153, 155, 157, 159, 161, 163, 140, 165]
136: [147, 166, 164, 149, 162, 151, 160, 139, 148, 150, 152, 153, 154, 156, 158, 155, 157, 159, 161, 163, 140, 165]
137: [149, 166, 164, 151, 153, 162, 160, 139, 150, 152, 154, 155, 156, 158, 157, 159, 161, 163, 140, 165]
138: [166, 151, 153, 164, 162, 155, 160, 139, 152, 154, 156, 157, 158, 159, 161, 163, 140, 165]
139: [153, 166, 155, 164, 162, 157, 160, 139, 154, 156, 158, 159, 161, 163, 140, 165]
140: [155, 166, 164, 157, 162, 159, 160, 161, 163, 165, 139, 140, 156, 158]
141: [157, 166, 164, 159, 161, 162, 163, 165, 140, 160, 139, 158]
142: [166, 159, 161, 163, 164, 165, 140, 162, 160, 139]
143: [161, 163, 165, 166, 140, 164, 162, 139]
4
0: [160, 139, 148, 150, 182, 152, 154, 156, 158, 181, 147, 149, 151, 153, 155, 157, 159, 140]
1: [160, 162, 139, 148, 150, 182, 152, 154, 156, 158, 181, 147, 149, 151, 153, 155, 157, 161, 159, 140]
2: [160, 162, 164, 139, 148, 150, 182, 152, 154, 156, 158, 181, 147, 149, 151, 153, 155, 163, 157, 161, 159, 140]
3: [160, 162, 164, 166, 139, 148, 150, 182, 152, 154, 156, 158, 181, 147, 149, 151, 153, 155, 165, 163, 157, 161, 159, 140]
4: []
5: [161, 163, 165, 167, 140, 149, 181, 151, 153, 155, 157, 159, 182, 150, 152, 168, 154, 156, 166, 164, 158, 160, 162, 139]
6: [161, 163, 165, 167, 140, 181, 151, 153, 155, 157, 159, 182, 152, 168, 154, 156, 166, 164, 158, 160, 162, 139]
7: [161, 163, 165, 167, 140, 181, 153, 155, 157, 159, 182, 168, 154, 156, 166, 164, 158, 160, 162, 139]
8: [161, 163, 165, 167, 140, 181, 155, 157, 159, 182, 168, 156, 166, 164, 158, 160, 162, 139]
9: [161, 163, 165, 167, 140, 181, 157, 159, 182, 168, 166, 164, 158, 160, 162, 139]
10: [161, 163, 165, 167, 140, 181, 159, 182, 168, 166, 164, 160, 162, 139]
11: [161, 163, 165, 167, 140, 181, 182, 168, 166, 164, 162, 139]
12: [160, 139, 148, 150, 182, 152, 154, 156, 158, 181, 147, 149, 151, 153, 155, 157, 159, 140]
13: [162, 182, 181, 161]
14: [164, 182, 181, 163]
15: [166, 182, 181, 165]
16: [168, 147, 182, 181, 148, 167]
17: [149, 182, 181, 150]
18: [151, 182, 181, 152]
19: [153, 181, 182, 154]
20: [155, 181, 182, 156]
21: [157, 181, 182, 158]
22: [159, 181, 182, 160]
23: [161, 163, 165, 167, 140, 181, 182, 168, 166, 164, 162, 139]
24: [160, 139, 148, 150, 152, 154, 156, 158, 147, 149, 151, 153, 155, 157, 159, 140]
25: [162, 161]
26: [164, 163]
27: [166, 165]
28: [168, 147, 148, 167]
29: [149, 150]
30: [151, 152]
31: [153, 154]
32: [155, 156]
33: [157, 158]
34: [159, 160]
35: [161, 163, 165, 167, 140, 168, 166, 164, 162, 139]
36: [160, 139, 148, 150, 152, 154, 156, 158, 147, 149, 151, 153, 155, 157, 159, 140]
37: [162, 161]
38: [164, 163]
39: [166, 165]
40: [168, 147, 148, 167]
41: [149, 150]
42: [151, 152]
43: [153, 154]
44: [155, 156]
45: [157, 158]
46: [159, 160]
47: [161, 163, 165, 167, 140, 168, 166, 164, 162, 139]
48: [160, 139, 148, 150, 152, 154, 156, 158, 147, 149, 151, 153, 155, 157, 159, 140]
49: [162, 161]
50: [164, 163]
51: [166, 165]
52: [168, 147, 148, 167]
53: [149, 150]
54: [151, 152]
55: [153, 154]
56: [155, 156]
57: [157, 158]
58: [159, 160]
59: [161, 163, 165, 167, 140, 168, 166, 164, 162, 139]
60: [160, 139, 148, 150, 152, 154, 156, 158, 147, 149, 151, 153, 155, 157, 159, 140]
61: [162, 161]
62: [164, 163]
63: [166, 165]
64: [168, 147, 148, 167]
65: [149, 150]
66: [151, 152]
67: [153, 154]
68: [155, 156]
69: [157, 158]
70: [159, 160]
71: [161, 163, 165, 167, 140, 168, 166, 164, 162, 139]
72: [160, 139, 148, 150, 152, 154, 156, 158, 147, 149, 151, 153, 155, 157, 159, 140]
73: [162, 161]
74: [164, 163]
75: [166, 165]
76: [168, 147, 148, 167]
77: [149, 150]
78: [151, 152]
79: [153, 154]
80: [155, 156]
81: [157, 158]
82: [159, 160]
83: [161, 163, 165, 167, 140, 168, 166, 164, 162, 139]
84: [160, 139, 148, 150, 152, 154, 156, 158, 147, 149, 151, 153, 155, 157, 159, 140]
85: [162, 161]
86: [164, 163]
87: [166, 165]
88: [168, 147, 148, 167]
89: [149, 150]
90: [151, 152]
91: [153, 154]
92: [155, 156]
93: [157, 158]
94: [159, 160]
95: [161, 163, 165, 167, 140, 168, 166, 164, 162, 139]
96: [160, 139, 148, 150, 152, 154, 156, 158, 147, 149, 151, 153, 155, 157, 159, 140]
97: [162, 161]
98: [164, 163]
99: [166, 165]
100: [168, 147, 148, 167]
101: [149, 150]
102: [151, 152]
103: [153, 154]
104: [155, 156]
105: [157, 158]
106: [159, 160]
107: [161, 163, 165, 167, 140, 168, 166, 164, 162, 139]
108: [160, 139, 148, 150, 152, 154, 156, 158, 147, 149, 151, 153, 155, 157, 159, 140]
109: [162, 161]
110: [164, 163]
111: [166, 165]
112: [168, 147, 148, 167]
113: [149, 150]
114: [151, 152]
115: [153, 154]
116: [155, 156]
117: [157, 158]
118: [159, 160]
119: [161, 163, 165, 167, 140, 168, 166, 164, 162, 139]
120: [160, 139, 148, 150, 152, 154, 156, 158, 147, 149, 151, 153, 155, 157, 159, 140]
121: [162, 161]
122: [164, 163]
123: [166, 165]
124: [168, 147, 148, 167]
125: [149, 150]
126: [151, 152]
127: [153, 154]
128: [155, 156]
129: [157, 158]
130: [159, 160]
131: [161, 163, 165, 167, 140, 168, 166, 164, 162, 139]
132: [160, 139, 147, 148, 150, 152, 154, 156, 158, 149, 151, 153, 155, 157, 159, 140]
133: [162, 147, 160, 139, 148, 149, 150, 152, 154, 156, 158, 151, 153, 155, 157, 159, 161, 140]
134: [147, 164, 162, 149, 160, 139, 148, 150, 151, 152, 154, 156, 158, 153, 155, 157, 159, 161, 163, 140]
135: [147, 166, 164, 149, 162, 151, 160, 139, 148, 150, 152, 153, 154, 156, 158, 155, 157, 159, 161, 163, 140, 165]
136: [168, 147, 149, 166, 164, 151, 153, 162, 160, 139, 148, 150, 152, 154, 155, 156, 158, 157, 159, 161, 163, 165, 167, 140]
137: [168, 149, 166, 151, 153, 164, 162, 155, 160, 139, 150, 152, 154, 156, 157, 158, 159, 161, 163, 165, 167, 140]
138: [168, 151, 153, 166, 155, 164, 162, 157, 160, 139, 152, 154, 156, 158, 159, 161, 163, 165, 167, 140]
139: [168, 153, 155, 166, 164, 157, 162, 159, 160, 161, 163, 165, 167, 139, 140, 154, 156, 158]
140: [168, 155, 157, 166, 164, 159, 161, 162, 163, 165, 167, 140, 160, 139, 156, 158]
141: [168, 157, 166, 159, 161, 163, 164, 165, 167, 140, 162, 160, 139, 158]
142: [168, 159, 161, 163, 165, 166, 167, 140, 164, 162, 160, 139]
143: [161, 163, 165, 167, 168, 140, 166, 164, 162, 139]
5
0: [160, 139, 150, 182, 152, 154, 156, 158, 181, 149, 151, 153, 155, 157, 159, 140]
1: [160, 162, 139, 150, 182, 152, 154, 156, 158, 181, 149, 151, 153, 155, 157, 161, 159, 140]
2: [160, 162, 164, 139, 150, 182, 152, 154, 156, 158, 181, 149, 151, 153, 155, 163, 157, 161, 159, 140]
3: [160, 162, 164, 166, 139, 150, 182, 152, 154, 156, 158, 181, 149, 151, 153, 155, 165, 163, 157, 161, 159, 140]
4: [160, 162, 164, 166, 168, 139, 150, 182, 152, 154, 156, 158, 181, 149, 151, 153, 167, 155, 165, 163, 157, 161, 159, 140]
5: []
6: [161, 163, 165, 167, 169, 140, 181, 151, 153, 155, 157, 159, 182, 152, 170, 168, 154, 156, 166, 164, 158, 160, 162, 139]
7: [161, 163, 165, 167, 169, 140, 181, 153, 155, 157, 159, 182, 170, 168, 154, 156, 166, 164, 158, 160, 162, 139]
8: [161, 163, 165, 167, 169, 140, 181, 155, 157, 159, 182, 170, 168, 156, 166, 164, 158, 160, 162, 139]
9: [161, 163, 165, 167, 169, 140, 181, 157, 159, 182, 170, 168, 166, 164, 158, 160, 162, 139]
10: [161, 163, 165, 167, 169, 140, 181, 159, 182, 170, 168, 166, 164, 160, 162, 139]
11: [161, 163, 165, 167, 169, 140, 181, 182, 170, 168, 166, 164, 162, 139]
12: [160, 139, 150, 182, 152, 154, 156, 158, 181, 149, 151, 153, 155, 157, 159, 140]
13: [162, 182, 181, 161]
14: [164, 182, 181, 163]
15: [166, 182, 181, 165]
16: [168, 182, 181, 167]
17: [170, 149, 182, 181, 150, 169]
18: [151, 181, 182, 152]
19: [153, 181, 182, 154]
20: [155, 181, 182, 156]
21: [157, 181, 182, 158]
22: [159, 181, 182, 160]
23: [161, 163, 165, 167, 169, 140, 181, 182, 170, 168, 166, 164, 162, 139]
24: [160, 139, 150, 152, 154, 156, 158, 149, 151, 153, 155, 157, 159, 140]
25: [162, 161]
26: [164, 163]
27: [166, 165]
28: [168, 167]
29: [170, 149, 150, 169]
30: [151, 152]
31: [153, 154]
32: [155, 156]
33: [157, 158]
34: [159, 160]
35: [161, 163, 165, 167, 169, 140, 170, 168, 166, 164, 162, 139]
36: [160, 139, 150, 152, 154, 156, 158, 149, 151, 153, 155, 157, 159, 140]
37: [162, 161]
38: [164, 163]
39: [166, 165]
40: [168, 167]
41: [170, 149, 150, 169]
42: [151, 152]
43: [153, 154]
44: [155, 156]
45: [157, 158]
46: [159, 160]
47: [161, 163, 165, 167, 169, 140, 170, 168, 166, 164, 162, 139]
48: [160, 139, 150, 152, 154, 156, 158, 149, 151, 153, 155, 157, 159, 140]
49: [162, 161]
50: [164, 163]
51: [166, 165]
52: [168, 167]
53: [170, 149, 150, 169]
54: [151, 152]
55: [153, 154]
56: [155, 156]
57: [157, 158]
58: [159, 160]
59: [161, 163, 165, 167, 169, 140, 170, 168, 166, 164, 162, 139]
60: [160, 139, 150, 152, 154, 156, 158, 149, 151, 153, 155, 157, 159, 140]
61: [162, 161]
62: [164, 163]
63: [166, 165]
64: [168, 167]
65: [170, 149, 150, 169]
66: [151, 152]
67: [153, 154]
68: [155, 156]
69: [157, 158]
70: [159, 160]
71: [161, 163, 165, 167, 169, 140, 170, 168, 166, 164, 162, 139]
72: [160, 139, 150, 152, 154, 156, 158, 149, 151, 153, 155, 157, 159, 140]
73: [162, 161]
74: [164, 163]
75: [166, 165]
76: [168, 167]
77: [170, 149, 150, 169]
78: [151, 152]
79: [153, 154]
80: [155, 156]
81: [157, 158]
82: [159, 160]
83: [161, 163, 165, 167, 169, 140, 170, 168, 166, 164, 162, 139]
84: [160, 139, 150, 152, 154, 156, 158, 149, 151, 153, 155, 157, 159, 140]
85: [162, 161]
86: [164, 163]
87: [166, 165]
88: [168, 167]
89: [170, 149, 150, 169]
90: [151, 152]
91: [153, 154]
92: [155, 156]
93: [157, 158]
94: [159, 160]
95: [161, 163, 165, 167, 169, 140, 170, 168, 166, 164, 162, 139]
96: [160, 139, 150, 152, 154, 156, 158, 149, 151, 153, 155, 157, 159, 140]
97: [162, 161]
98: [164, 163]
99: [166, 165]
100: [168, 167]
101: [170, 149, 150, 169]
102: [151, 152]
103: [153, 154]
104: [155, 156]
105: [157, 158]
106: [159, 160]
107: [161, 163, 165, 167, 169, 140, 170, 168, 166, 164, 162, 139]
108: [160, 139, 150, 152, 154, 156, 158, 149, 151, 153, 155, 157, 159, 140]
109: [162, 161]
110: [164, 163]
111: [166, 165]
112: [168, 167]
113: [170, 149, 150, 169]
114: [151, 152]
115: [153, 154]
116: [155, 156]
117: [157, 158]
118: [159, 160]
119: [161, 163, 165, 167, 169, 140, 170, 168, 166, 164, 162, 139]
120: [160, 139, 150, 152, 154, 156, 158, 149, 151, 153, 155, 157, 159, 140]
121: [162, 161]
122: [164, 163]
123: [166, 165]
124: [168, 167]
125: [170, 149, 150, 169]
126: [151, 152]
127: [153, 154]
128: [155, 156]
129: [157, 158]
130: [159, 160]
131: [161, 163, 165, 167, 169, 140, 170, 168, 166, 164, 162, 139]
132: [160, 139, 149, 150, 152, 154, 156, 158, 151, 153, 155, 157, 159, 140]
133: [162, 149, 160, 139, 150, 151, 152, 154, 156, 158, 153, 155, 157, 159, 161, 140]
134: [164, 149, 162, 151, 160, 139, 150, 152, 153, 154, 156, 158, 155, 157, 159, 161, 163, 140]
135: [149, 166, 164, 151, 153, 162, 160, 139, 150, 152, 154, 155, 156, 158, 157, 159, 161, 163, 140, 165]
136: [168, 149, 166, 151, 153, 164, 162, 155, 160, 139, 150, 152, 154, 156, 157, 158, 159, 161, 163, 165, 167, 140]
137: [170, 149, 168, 151, 153, 166, 155, 164, 162, 157, 160, 139, 150, 152, 154, 156, 158, 159, 161, 163, 165, 167, 169, 140]
138: [170, 151, 168, 153, 155, 166, 164, 157, 162, 159, 160, 161, 163, 165, 167, 169, 139, 140, 152, 154, 156, 158]
139: [153, 170, 168, 155, 157, 166, 164, 159, 161, 162, 163, 165, 167, 169, 140, 160, 139, 154, 156, 158]
140: [170, 155, 168, 157, 166, 159, 161, 163, 164, 165, 167, 169, 140, 162, 160, 139, 156, 158]
141: [170, 157, 168, 159, 161, 163, 165, 166, 167, 169, 140, 164, 162, 160, 139, 158]
142: [170, 159, 161, 163, 165, 167, 168, 169, 140, 166, 164, 162, 160, 139]
143: [161, 163, 165, 167, 169, 170, 140, 168, 166, 164, 162, 139]
6
0: [160, 139, 182, 152, 154, 156, 158, 181, 151, 153, 155, 157, 159, 140]
1: [160, 162, 139, 182, 152, 154, 156, 158, 181, 151, 153, 155, 157, 161, 159, 140]
2: [160, 162, 164, 139, 182, 152, 154, 156, 158, 181, 151, 153, 155, 163, 157, 161, 159, 140]
3: [160, 162, 164, 166, 139, 182, 152, 154, 156, 158, 181, 151, 153, 155, 165, 163, 157, 161, 159, 140]
4: [160, 162, 164, 166, 168, 139, 182, 152, 154, 156, 158, 181, 151, 153, 167, 155, 165, 163, 157, 161, 159, 140]
5: [160, 162, 164, 166, 168, 170, 139, 182, 152, 154, 156, 158, 181, 169, 151, 153, 167, 155, 165, 163, 157, 161, 159, 140]
6: []
7: [161, 163, 165, 167, 169, 171, 140, 181, 153, 155, 157, 159, 182, 172, 170, 168, 154, 156, 166, 164, 158, 160, 162, 139]
8: [161, 163, 165, 167, 169, 171, 140, 181, 155, 157, 159, 182, 172, 170, 168, 156, 166, 164, 158, 160, 162, 139]
9: [161, 163, 165, 167, 169, 171, 140, 181, 157, 159, 182, 172, 170, 168, 166, 164, 158, 160, 162, 139]
10: [161, 163, 165, 167, 169, 171, 140, 181, 159, 182, 172, 170, 168, 166, 164, 160, 162, 139]
11: [161, 163, 165, 167, 169, 171, 140, 181, 182, 172, 170, 168, 166, 164, 162, 139]
12: [160, 139, 182, 152, 154, 156, 158, 181, 151, 153, 155, 157, 159, 140]
13: [162, 182, 181, 161]
14: [164, 182, 181, 163]
15: [166, 182, 181, 165]
16: [168, 182, 181, 167]
17: [170, 181, 182, 169]
18: [172, 151, 181, 182, 171, 152]
19: [153, 181, 182, 154]
20: [155, 181, 182, 156]
21: [157, 181, 182, 158]
22: [159, 181, 182, 160]
23: [161, 163, 165, 167, 169, 171, 140, 181, 182, 172, 170, 168, 166, 164, 162, 139]
24: [160, 139, 152, 154, 156, 158, 151, 153, 155, 157, 159, 140]
25: [162, 161]
26: [164, 163]
27: [166, 165]
28: [168, 167]
29: [170, 169]
30: [172, 151, 171, 152]
31: [153, 154]
32: [155, 156]
33: [157, 158]
34: [159, 160]
35: [161, 163, 165, 167, 169, 171, 140, 172, 170, 168, 166, 164, 162, 139]
36: [160, 139, 152, 154, 156, 158, 151, 153, 155, 157, 159, 140]
37: [162, 161]
38: [164, 163]
39: [166, 165]
40: [168, 167]
41: [170, 169]
42: [172, 151, 171, 152]
43: [153, 154]
44: [155, 156]
45: [157, 158]
46: [159, 160]
47: [161, 163, 165, 167, 169, 171, 140, 172, 170, 168, 166, 164, 162, 139]
48: [160, 139, 152, 154, 156, 158, 151, 153, 155, 157, 159, 140]
49: [162, 161]
50: [164, 163]
51: [166, 165]
52: [168, 167]
53: [170, 169]
54: [172, 151, 171, 152]
55: [153, 154]
56: [155, 156]
57: [157, 158]
58: [159, 160]
59: [161, 163, 165, 167, 169, 171, 140, 172, 170, 168, 166, 164, 162, 139]
60: [160, 139, 152, 154, 156, 158, 151, 153, 155, 157, 159, 140]
61: [162, 161]
62: [164, 163]
63: [166, 165]
64: [168, 167]
65: [170, 169]
66: [172, 151, 171, 152]
67: [153, 154]
68: [155, 156]
69: [157, 158]
70: [159, 160]
71: [161, 163, 165, 167, 169, 171, 140, 172, 170, 168, 166, 164, 162, 139]
72: [160, 139, 152, 154, 156, 158, 151, 153, 155, 157, 159, 140]
73: [162, 161]
74: [164, 163]
75: [166, 165]
76: [168, 167]
77: [170, 169]
78: [172, 151, 171, 152]
79: [153, 154]
80: [155, 156]
81: [157, 158]
82: [159, 160]
83: [161, 163, 165, 167, 169, 171, 140, 172, 170, 168, 166, 164, 162, 139]
84: [160, 139, 152, 154, 156, 158, 151, 153, 155, 157, 159, 140]
85: [162, 161]
86: [164, 163]
87: [166, 165]
88: [168, 167]
89: [170, 169]
90: [172, 151, 171, 152]
91: [153, 154]
92: [155, 156]
93: [157, 158]
94: [159, 160]
95: [161, 163, 165, 167, 169, 171, 140, 172, 170, 168, 166, 164, 162, 139]
96: [160, 139, 152, 154, 156, 158, 151, 153, 155, 157, 159, 140]
97: [162, 161]
98: [164, 163]
99: [166, 165]
100: [168, 167]
101: [170, 169]
102: [172, 151, 171, 152]
103: [153, 154]
104: [155, 156]
105: [157, 158]
106: [159, 160]
107: [161, 163, 165, 167, 169, 171, 140, 172, 170, 168, 166, 164, 162, 139]
108: [160, 139, 152, 154, 156, 158, 151, 153, 155, 157, 159, 140]
109: [162, 161]
110: [164, 163]
111: [166, 165]
112: [168, 167]
113: [170, 169]
114: [172, 151, 171, 152]
115: [153, 154]
116: [155, 156]
117: [157, 158]
118: [159, 160]
119: [161, 163, 165, 167, 169, 171, 140, 172, 170, 168, 166, 164, 162, 139]
120: [160, 139, 152, 154, 156, 158, 151, 153, 155, 157, 159, 140]
121: [162, 161]
122: [164, 163]
123: [166, 165]
124: [168, 167]
125: [170, 169]
126: [172, 151, 171, 152]
127: [153, 154]
128: [155, 156]
129: [157, 158]
130: [159, 160]
131: [161, 163, 165, 167, 169, 171, 140, 172, 170, 168, 166, 164, 162, 139]
132: [160, 139, 151, 152, 154, 156, 158, 153, 155, 157, 159, 140]
133: [162, 151, 160, 139, 152, 153, 154, 156, 158, 155, 157, 159, 161, 140]
134: [164, 151, 153, 162, 160, 139, 152, 154, 155, 156, 158, 157, 159, 161, 163, 140]
135: [166, 151, 153, 164, 162, 155, 160, 139, 152, 154, 156, 157, 158, 159, 161, 163, 140, 165]
136: [168, 151, 153, 166, 155, 164, 162, 157, 160, 139, 152, 154, 156, 158, 159, 161, 163, 165, 167, 140]
137: [170, 151, 168, 153, 155, 166, 164, 157, 162, 159, 160, 161, 163, 165, 167, 169, 139, 140, 152, 154, 156, 158]
138: [172, 151, 153, 170, 168, 155, 157, 166, 164, 159, 161, 162, 163, 165, 167, 169, 171, 140, 160, 139, 152, 154, 156, 158]
139: [153, 172, 170, 155, 168, 157, 166, 159, 161, 163, 164, 165, 167, 169, 171, 140, 162, 160, 139, 154, 156, 158]
140: [155, 172, 170, 157, 168, 159, 161, 163, 165, 166, 167, 169, 171, 140, 164, 162, 160, 139, 156, 158]
141: [172, 157, 170, 159, 161, 163, 165, 167, 168, 169, 171, 140, 166, 164, 162, 160, 139, 158]
142: [172, 159, 161, 163, 165, 167, 169, 170, 171, 140, 168, 166, 164, 162, 160, 139]
143: [161, 163, 165, 167, 169, 171, 140, 172, 170, 168, 166, 164, 162, 139]
7
0: [160, 139, 182, 154, 156, 158, 181, 153, 155, 157, 159, 140]
1: [160, 162, 139, 182, 154, 156, 158, 181, 153, 155, 157, 161, 159, 140]
2: [160, 162, 164, 139, 182, 154, 156, 158, 181, 153, 155, 163, 157, 161, 159, 140]
3: [160, 162, 164, 166, 139, 182, 154, 156, 158, 181, 153, 155, 165, 163, 157, 161, 159, 140]
4: [160, 162, 164, 166, 168, 139, 182, 154, 156, 158, 181, 153, 167, 155, 165, 163, 157, 161, 159, 140]
5: [160, 162, 164, 166, 168, 170, 139, 182, 154, 156, 158, 181, 169, 153, 167, 155, 165, 163, 157, 161, 159, 140]
6: [160, 162, 164, 166, 168, 170, 139, 172, 182, 154, 156, 158, 181, 171, 169, 153, 167, 155, 165, 163, 157, 161, 159, 140]
7: []
8: [161, 163, 165, 167, 169, 171, 140, 173, 181, 155, 157, 159, 182, 174, 172, 170, 168, 156, 166, 164, 158, 160, 162, 139]
9: [161, 163, 165, 167, 169, 171, 140, 173, 181, 157, 159, 182, 174, 172, 170, 168, 166, 164, 158, 160, 162, 139]
10: [161, 163, 165, 167, 169, 171, 140, 173, 181, 159, 182, 174, 172, 170, 168, 166, 164, 160, 162, 139]
11: [161, 163, 165, 167, 169, 171, 140, 173, 181, 182, 174, 172, 170, 168, 166, 164, 162, 139]
12: [160, 139, 182, 154, 156, 158, 181, 153, 155, 157, 159, 140]
13: [162, 182, 181, 161]
14: [164, 182, 181, 163]
15: [166, 182, 181, 165]
16: [168, 181, 182, 167]
17: [170, 181, 182, 169]
18: [172, 181, 182, 171]
19: [153, 174, 181, 182, 173, 154]
20: [155, 181, 182, 156]
21: [157, 181, 182, 158]
22: [159, 181, 182, 160]
23: [161, 163, 165, 167, 169, 171, 140, 173, 181, 182, 174, 172, 170, 168, 166, 164, 162, 139]
24: [160, 139, 154, 156, 158, 153, 155, 157, 159, 140]
25: [162, 161]
26: [164, 163]
27: [166, 165]
28: [168, 167]
29: [170, 169]
30: [172, 171]
31: [153, 174, 173, 154]
32: [155, 156]
33: [157, 158]
34: [159, 160]
35: [161, 163, 165, 167, 169, 171, 140, 173, 174, 172, 170, 168, 166, 164, 162, 139]
36: [160, 139, 154, 156, 158, 153, 155, 157, 159, 140]
37: [162, 161]
38: [164, 163]
39: [166, 165]
40: [168, 167]
41: [170, 169]
42: [172, 171]
43: [153, 174, 173, 154]
44: [155, 156]
45: [157, 158]
46: [159, 160]
47: [161, 163, 165, 167, 169, 171, 140, 173, 174, 172, 170, 168, 166, 164, 162, 139]
48: [160, 139, 154, 156, 158, 153, 155, 157, 159, 140]
49: [162, 161]
50: [164, 163]
51: [166, 165]
52: [168, 167]
53: [170, 169]
54: [172, 171]
55: [153, 174, 173, 154]
56: [155, 156]
57: [157, 158]
58: [159, 160]
59: [161, 163, 165, 167, 169, 171, 140, 173, 174, 172, 170, 168, 166, 164, 162, 139]
60: [160, 139, 154, 156, 158, 153, 155, 157, 159, 140]
61: [162, 161]
62: [164, 163]
63: [166, 165]
64: [168, 167]
65: [170, 169]
66: [172, 171]
67: [153, 174, 173, 154]
68: [155, 156]
69: [157, 158]
70: [159, 160]
71: [161, 163, 165, 167, 169, 171, 140, 173, 174, 172, 170, 168, 166, 164, 162, 139]
72: [160, 139, 154, 156, 158, 153, 155, 157, 159, 140]
73: [162, 161]
74: [164, 163]
75: [166, 165]
76: [168, 167]
77: [170, 169]
78: [172, 171]
79: [153, 174, 173, 154]
80: [155, 156]
81: [157, 158]
82: [159, 160]
83: [161, 163, 165, 167, 169, 171, 140, 173, 174, 172, 170, 168, 166, 164, 162, 139]
84: [160, 139, 154, 156, 158, 153, 155, 157, 159, 140]
85: [162, 161]
86: [164, 163]
87: [166, 165]
88: [168, 167]
89: [170, 169]
90: [172, 171]
91: [153, 174, 173, 154]
92: [155, 156]
93: [157, 158]
94: [159, 160]
95: [161, 163, 165, 167, 169, 171, 140, 173, 174, 172, 170, 168, 166, 164, 162, 139]
96: [160, 139, 154, 156, 158, 153, 155, 157, 159, 140]
97: [162, 161]
98: [164, 163]
99: [166, 165]
100: [168, 167]
101: [170, 169]
102: [172, 171]
103: [153, 174, 173, 154]
104: [155, 156]
105: [157, 158]
106: [159, 160]
107: [161, 163, 165, 167, 169, 171, 140, 173, 174, 172, 170, 168, 166, 164, 162, 139]
108: [160, 139, 154, 156, 158, 153, 155, 157, 159, 140]
109: [162, 161]
110: [164, 163]
111: [166, 165]
112: [168, 167]
113: [170, 169]
114: [172, 171]
115: [153, 174, 173, 154]
116: [155, 156]
117: [157, 158]
118: [159, 160]
119: [161, 163, 165, 167, 169, 171, 140, 173, 174, 172, 170, 168, 166, 164, 162, 139]
120: [160, 139, 154, 156, 158, 153, 155, 157, 159, 140]
121: [162, 161]
122: [164, 163]
123: [166, 165]
124: [168, 167]
125: [170, 169]
126: [172, 171]
127: [153, 174, 173, 154]
128: [155, 156]
129: [157, 158]
130: [159, 160]
131: [161, 163, 165, 167, 169, 171, 140, 173, 174, 172, 170, 168, 166, 164, 162, 139]
132: [160, 139, 153, 154, 156, 158, 155, 157, 159, 140]
133: [153, 162, 160, 139, 154, 155, 156, 158, 157, 159, 161, 140]
134: [153, 164, 162, 155, 160, 139, 154, 156, 157, 158, 159, 161, 163, 140]
135: [153, 166, 155, 164, 162, 157, 160, 139, 154, 156, 158, 159, 161, 163, 140, 165]
136: [168, 153, 155, 166, 164, 157, 162, 159, 160, 161, 163, 165, 167, 139, 140, 154, 156, 158]
137: [153, 170, 168, 155, 157, 166, 164, 159, 161, 162, 163, 165, 167, 169, 140, 160, 139, 154, 156, 158]
138: [153, 172, 170, 155, 168, 157, 166, 159, 161, 163, 164, 165, 167, 169, 171, 140, 162, 160, 139, 154, 156, 158]
139: [153, 174, 155, 172, 170, 157, 168, 159, 161, 163, 165, 166, 167, 169, 171, 140, 173, 164, 162, 160, 139, 154, 156, 158]
140: [155, 174, 172, 157, 170, 159, 161, 163, 165, 167, 168, 169, 171, 140, 173, 166, 164, 162, 160, 139, 156, 158]
141: [157, 174, 172, 159, 161, 163, 165, 167, 169, 170, 171, 140, 173, 168, 166, 164, 162, 160, 139, 158]
142: [174, 159, 161, 163, 165, 167, 169, 171, 140, 172, 173, 170, 168, 166, 164, 162, 160, 139]
143: [161, 163, 165, 167, 169, 171, 140, 173, 174, 172, 170, 168, 166, 164, 162, 139]
8
0: [160, 139, 182, 156, 158, 181, 155, 157, 159, 140]
1: [160, 162, 139, 182, 156, 158, 181, 155, 157, 161, 159, 140]
2: [160, 162, 164, 139, 182, 156, 158, 181, 155, 163, 157, 161, 159, 140]
3: [160, 162, 164, 166, 139, 182, 156, 158, 181, 155, 165, 163, 157, 161, 159, 140]
4: [160, 162, 164, 166, 168, 139, 182, 156, 158, 181, 167, 155, 165, 163, 157, 161, 159, 140]
5: [160, 162, 164, 166, 168, 170, 139, 182, 156, 158, 181, 169, 167, 155, 165, 163, 157, 161, 159, 140]
6: [160, 162, 164, 166, 168, 170, 139, 172, 182, 156, 158, 181, 171, 169, 167, 155, 165, 163, 157, 161, 159, 140]
7: [160, 162, 164, 166, 168, 170, 139, 172, 174, 182, 156, 158, 181, 173, 171, 169, 167, 155, 165, 163, 157, 161, 159, 140]
8: []
9: [161, 163, 165, 167, 169, 171, 140, 173, 175, 181, 157, 159, 182, 176, 174, 172, 170, 168, 166, 164, 158, 160, 162, 139]
10: [161, 163, 165, 167, 169, 171, 140, 173, 175, 181, 159, 182, 176, 174, 172, 170, 168, 166, 164, 160, 162, 139]
11: [161, 163, 165, 167, 169, 171, 140, 173, 175, 181, 182, 176, 174, 172, 170, 168, 166, 164, 162, 139]
12: [160, 139, 182, 156, 158, 181, 155, 157, 159, 140]
13: [162, 182, 181, 161]
14: [164, 182, 181, 163]
15: [166, 181, 182, 165]
16: [168, 181, 182, 167]
17: [170, 181, 182, 169]
18: [172, 181, 182, 171]
19: [174, 181, 182, 173]
20: [176, 155, 181, 182, 175, 156]
21: [157, 181, 182, 158]
22: [159, 181, 182, 160]
23: [161, 163, 165, 167, 169, 171, 140, 173, 175, 181, 182, 176, 174, 172, 170, 168, 166, 164, 162, 139]
24: [160, 139, 156, 158, 155, 157, 159, 140]
25: [162, 161]
26: [164, 163]
27: [166, 165]
28: [168, 167]
29: [170, 169]
30: [172, 171]
31: [174, 173]
32: [176, 155, 175, 156]
33: [157, 158]
34: [159, 160]
35: [161, 163, 165, 167, 169, 171, 140, 173, 175, 176, 174, 172, 170, 168, 166, 164, 162, 139]
36: [160, 139, 156, 158, 155, 157, 159, 140]
37: [162, 161]
38: [164, 163]
39: [166, 165]
40: [168, 167]
41: [170, 169]
42: [172, 171]
43: [174, 173]
44: [176, 155, 175, 156]
45: [157, 158]
46: [159, 160]
47: [161, 163, 165, 167, 169, 171, 140, 173, 175, 176, 174, 172, 170, 168, 166, 164, 162, 139]
48: [160, 139, 156, 158, 155, 157, 159, 140]
49: [162, 161]
50: [164, 163]
51: [166, 165]
52: [168, 167]
53: [170, 169]
54: [172, 171]
55: [174, 173]
56: [176, 155, 175, 156]
57: [157, 158]
58: [159, 160]
59: [161, 163, 165, 167, 169, 171, 140, 173, 175, 176, 174, 172, 170, 168, 166, 164, 162, 139]
60: [160, 139, 156, 158, 155, 157, 159, 140]
61: [162, 161]
62: [164, 163]
63: [166, 165]
64: [168, 167]
65: [170, 169]
66: [172, 171]
67: [174, 173]
68: [176, 155, 175, 156]
69: [157, 158]
70: [159, 160]
71: [161, 163, 165, 167, 169, 171, 140, 173, 175, 176, 174, 172, 170, 168, 166, 164, 162, 139]
72: [160, 139, 156, 158, 155, 157, 159, 140]
73: [162, 161]
74: [164, 163]
75: [166, 165]
76: [168, 167]
77: [170, 169]
78: [172, 171]
79: [174, 173]
80: [176, 155, 175, 156]
81: [157, 158]
82: [159, 160]
83: [161, 163, 165, 167, 169, 171, 140, 173, 175, 176, 174, 172, 170, 168, 166, 164, 162, 139]
84: [160, 139, 156, 158, 155, 157, 159, 140]
85: [162, 161]
86: [164, 163]
87: [166, 165]
88: [168, 167]
89: [170, 169]
90: [172, 171]
91: [174, 173]
92: [176, 155, 175, 156]
93: [157, 158]
94: [159, 160]
95: [161, 163, 165, 167, 169, 171, 140, 173, 175, 176, 174, 172, 170, 168, 166, 164, 162, 139]
96: [160, 139, 156, 158, 155, 157, 159, 140]
97: [162, 161]
98: [164, 163]
99: [166, 165]
100: [168, 167]
101: [170, 169]
102: [172, 171]
103: [174, 173]
104: [176, 155, 175, 156]
105: [157, 158]
106: [159, 160]
107: [161, 163, 165, 167, 169, 171, 140, 173, 175, 176, 174, 172, 170, 168, 166, 164, 162, 139]
108: [160, 139, 156, 158, 155, 157, 159, 140]
109: [162, 161]
110: [164, 163]
111: [166, 165]
112: [168, 167]
113: [170, 169]
114: [172, 171]
115: [174, 173]
116: [176, 155, 175, 156]
117: [157, 158]
118: [159, 160]
119: [161, 163, 165, 167, 169, 171, 140, 173, 175, 176, 174, 172, 170, 168, 166, 164, 162, 139]
120: [160, 139, 156, 158, 155, 157, 159, 140]
121: [162, 161]
122: [164, 163]
123: [166, 165]
124: [168, 167]
125: [170, 169]
126: [172, 171]
127: [174, 173]
128: [176, 155, 175, 156]
129: [157, 158]
130: [159, 160]
131: [161, 163, 165, 167, 169, 171, 140, 173, 175, 176, 174, 172, 170, 168, 166, 164, 162, 139]
132: [160, 139, 155, 156, 158, 157, 159, 140]
133: [162, 155, 160, 139, 156, 157, 158, 159, 161, 140]
134: [155, 164, 162, 157, 160, 139, 156, 158, 159, 161, 163, 140]
135: [155, 166, 164, 157, 162, 159, 160, 161, 163, 165, 139, 140, 156, 158]
136: [168, 155, 157, 166, 164, 159, 161, 162, 163, 165, 167, 140, 160, 139, 156, 158]
137: [170, 155, 168, 157, 166, 159, 161, 163, 164, 165, 167, 169, 140, 162, 160, 139, 156, 158]
138: [155, 172, 170, 157, 168, 159, 161, 163, 165, 166, 167, 169, 171, 140, 164, 162, 160, 139, 156, 158]
139: [155, 174, 172, 157, 170, 159, 161, 163, 165, 167, 168, 169, 171, 140, 173, 166, 164, 162, 160, 139, 156, 158]
140: [176, 155, 157, 174, 172, 159, 161, 163, 165, 167, 169, 170, 171, 140, 173, 175, 168, 166, 164, 162, 160, 139, 156, 158]
141: [176, 157, 174, 159, 161, 163, 165, 167, 169, 171, 140, 172, 173, 175, 170, 168, 166, 164, 162, 160, 139, 158]
142: [176, 159, 161, 163, 165, 167, 169, 171, 140, 173, 174, 175, 172, 170, 168, 166, 164, 162, 160, 139]
143: [161, 163, 165, 167, 169, 171, 140, 173, 175, 176, 174, 172, 170, 168, 166, 164, 162, 139]
9
0: [160, 139, 182, 158, 181, 157, 159, 140]
1: [160, 162, 139, 182, 158, 181, 157, 161, 159, 140]
2: [160, 162, 164, 139, 182, 158, 181, 163, 157, 161, 159, 140]
3: [160, 162, 164, 166, 139, 182, 158, 181, 165, 163, 157, 161, 159, 140]
4: [160, 162, 164, 166, 168, 139, 182, 158, 181, 167, 165, 163, 157, 161, 159, 140]
5: [160, 162, 164, 166, 168, 170, 139, 182, 158, 181, 169, 167, 165, 163, 157, 161, 159, 140]
6: [160, 162, 164, 166, 168, 170, 139, 172, 182, 158, 181, 171, 169, 167, 165, 163, 157, 161, 159, 140]
7: [160, 162, 164, 166, 168, 170, 139, 172, 174, 182, 158, 181, 173, 171, 169, 167, 165, 163, 157, 161, 159, 140]
8: [160, 162, 164, 166, 168, 170, 139, 172, 174, 176, 182, 158, 181, 175, 173, 171, 169, 167, 165, 163, 157, 161, 159, 140]
9: []
10: [161, 163, 165, 167, 169, 171, 140, 173, 175, 177, 181, 159, 182, 178, 176, 174, 172, 170, 168, 166, 164, 160, 162, 139]
11: [161, 163, 165, 167, 169, 171, 140, 173, 175, 177, 181, 182, 178, 176, 174, 172, 170, 168, 166, 164, 162, 139]
12: [160, 139, 182, 158, 181, 157, 159, 140]
13: [162, 182, 181, 161]
14: [164, 181, 182, 163]
15: [166, 181, 182, 165]
16: [168, 181, 182, 167]
17: [170, 181, 182, 169]
18: [172, 181, 182, 171]
19: [174, 181, 182, 173]
20: [176, 181, 182, 175]
21: [178, 157, 181, 182, 177, 158]
22: [159, 181, 182, 160]
23: [161, 163, 165, 167, 169, 171, 140, 173, 175, 177, 181, 182, 178, 176, 174, 172, 170, 168, 166, 164, 162, 139]
24: [160, 139, 158, 157, 159, 140]
25: [162, 161]
26: [164, 163]
27: [166, 165]
28: [168, 167]
29: [170, 169]
30: [172, 171]
31: [174, 173]
32: [176, 175]
33: [178, 157, 177, 158]
34: [159, 160]
35: [161, 163, 165, 167, 169, 171, 140, 173, 175, 177, 178, 176, 174, 172, 170, 168, 166, 164, 162, 139]
36: [160, 139, 158, 157, 159, 140]
37: [162, 161]
38: [164, 163]
39: [166, 165]
40: [168, 167]
41: [170, 169]
42: [172, 171]
43: [174, 173]
44: [176, 175]
45: [178, 157, 177, 158]
46: [159, 160]
47: [161, 163, 165, 167, 169, 171, 140, 173, 175, 177, 178, 176, 174, 172, 170, 168, 166, 164, 162, 139]
48: [160, 139, 158, 157, 159, 140]
49: [162, 161]
50: [164, 163]
51: [166, 165]
52: [168, 167]
53: [170, 169]
54: [172, 171]
55: [174, 173]
56: [176, 175]
57: [178, 157, 177, 158]
58: [159, 160]
59: [161, 163, 165, 167, 169, 171, 140, 173, 175, 177, 178, 176, 174, 172, 170, 168, 166, 164, 162, 139]
60: [160, 139, 158, 157, 159, 140]
61: [162, 161]
62: [164, 163]
63: [166, 165]
64: [168, 167]
65: [170, 169]
66: [172, 171]
67: [174, 173]
68: [176, 175]
69: [178, 157, 177, 158]
70: [159, 160]
71: [161, 163, 165, 167, 169, 171, 140, 173, 175, 177, 178, 176, 174, 172, 170, 168, 166, 164, 162, 139]
72: [160, 139, 158, 157, 159, 140]
73: [162, 161]
74: [164, 163]
75: [166, 165]
76: [168, 167]
77: [170, 169]
78: [172, 171]
79: [174, 173]
80: [176, 175]
81: [178, 157, 177, 158]
82: [159, 160]
83: [161, 163, 165, 167, 169, 171, 140, 173, 175, 177, 178, 176, 174, 172, 170, 168, 166, 164, 162, 139]
84: [160, 139, 158, 157, 159, 140]
85: [162, 161]
86: [164, 163]
87: [166, 165]
88: [168, 167]
89: [170, 169]
90: [172, 171]
91: [174, 173]
92: [176, 175]
93: [178, 157, 177, 158]
94: [159, 160]
95: [161, 163, 165, 167, 169, 171, 140, 173, 175, 177, 178, 176, 174, 172, 170, 168, 166, 164, 162, 139]
96: [160, 139, 158, 157, 159, 140]
97: [162, 161]
98: [164, 163]
99: [166, 165]
100: [168, 167]
101: [170, 169]
102: [172, 171]
103: [174, 173]
104: [176, 175]
105: [178, 157, 177, 158]
106: [159, 160]
107: [161, 163, 165, 167, 169, 171, 140, 173, 175, 177, 178, 176, 174, 172, 170, 168, 166, 164, 162, 139]
108: [160, 139, 158, 157, 159, 140]
109: [162, 161]
110: [164, 163]
111: [166, 165]
112: [168, 167]
113: [170, 169]
114: [172, 171]
115: [174, 173]
116: [176, 175]
117: [178, 157, 177, 158]
118: [159, 160]
119: [161, 163, 165, 167, 169, 171, 140, 173, 175, 177, 178, 176, 174, 172, 170, 168, 166, 164, 162, 139]
120: [160, 139, 158, 157, 159, 140]
121: [162, 161]
122: [164, 163]
123: [166, 165]
124: [168, 167]
125: [170, 169]
126: [172, 171]
127: [174, 173]
128: [176, 175]
129: [178, 157, 177, 158]
130: [159, 160]
131: [161, 163, 165, 167, 169, 171, 140, 173, 175, 177, 178, 176, 174, 172, 170, 168, 166, 164, 162, 139]
132: [160, 139, 157, 158, 159, 140]
133: [162, 157, 160, 139, 158, 159, 161, 140]
134: [164, 157, 162, 159, 160, 161, 163, 139, 140, 158]
135: [157, 166, 164, 159, 161, 162, 163, 165, 140, 160, 139, 158]
136: [168, 157, 166, 159, 161, 163, 164, 165, 167, 140, 162, 160, 139, 158]
137: [170, 157, 168, 159, 161, 163, 165, 166, 167, 169, 140, 164, 162, 160, 139, 158]
138: [172, 157, 170, 159, 161, 163, 165, 167, 168, 169, 171, 140, 166, 164, 162, 160, 139, 158]
139: [157, 174, 172, 159, 161, 163, 165, 167, 169, 170, 171, 140, 173, 168, 166, 164, 162, 160, 139, 158]
140: [176, 157, 174, 159, 161, 163, 165, 167, 169, 171, 140, 172, 173, 175, 170, 168, 166, 164, 162, 160, 139, 158]
141: [178, 157, 176, 159, 161, 163, 165, 167, 169, 171, 140, 173, 174, 175, 177, 172, 170, 168, 166, 164, 162, 160, 139, 158]
142: [178, 159, 161, 163, 165, 167, 169, 171, 140, 173, 175, 176, 177, 174, 172, 170, 168, 166, 164, 162, 160, 139]
143: [161, 163, 165, 167, 169, 171, 140, 173, 175, 177, 178, 176, 174, 172, 170, 168, 166, 164, 162, 139]
10
0: [160, 139, 182, 181, 159, 140]
1: [160, 162, 139, 182, 181, 161, 159, 140]
2: [160, 162, 164, 139, 182, 181, 163, 161, 159, 140]
3: [160, 162, 164, 166, 139, 182, 181, 165, 163, 161, 159, 140]
4: [160, 162, 164, 166, 168, 139, 182, 181, 167, 165, 163, 161, 159, 140]
5: [160, 162, 164, 166, 168, 170, 139, 182, 181, 169, 167, 165, 163, 161, 159, 140]
6: [160, 162, 164, 166, 168, 170, 139, 172, 182, 181, 171, 169, 167, 165, 163, 161, 159, 140]
7: [160, 162, 164, 166, 168, 170, 139, 172, 174, 182, 181, 173, 171, 169, 167, 165, 163, 161, 159, 140]
8: [160, 162, 164, 166, 168, 170, 139, 172, 174, 176, 182, 181, 175, 173, 171, 169, 167, 165, 163, 161, 159, 140]
9: [160, 162, 164, 166, 168, 170, 139, 172, 174, 176, 178, 182, 181, 177, 175, 173, 171, 169, 167, 165, 163, 161, 159, 140]
10: []
11: [161, 163, 165, 167, 169, 171, 140, 173, 175, 177, 179, 181, 180, 182, 178, 176, 174, 172, 170, 168, 166, 164, 162, 139]
12: [160, 139, 182, 181, 159, 140]
13: [162, 181, 182, 161]
14: [164, 181, 182, 163]
15: [166, 181, 182, 165]
16: [168, 181, 182, 167]
17: [170, 181, 182, 169]
18: [172, 181, 182, 171]
19: [174, 181, 182, 173]
20: [176, 181, 182, 175]
21: [178, 181, 182, 177]
22: [180, 159, 181, 182, 179, 160]
23: [161, 163, 165, 167, 169, 171, 140, 173, 175, 177, 179, 181, 180, 182, 178, 176, 174, 172, 170, 168, 166, 164, 162, 139]
24: [160, 139, 159, 140]
25: [162, 161]
26: [164, 163]
27: [166, 165]
28: [168, 167]
29: [170, 169]
30: [172, 171]
31: [174, 173]
32: [176, 175]
33: [178, 177]
34: [180, 159, 179, 160]
35: [161, 163, 165, 167, 169, 171, 140, 173, 175, 177, 179, 180, 178, 176, 174, 172, 170, 168, 166, 164, 162, 139]
36: [160, 139, 159, 140]
37: [162, 161]
38: [164, 163]
39: [166, 165]
40: [168, 167]
41: [170, 169]
42: [172, 171]
43: [174, 173]
44: [176, 175]
45: [178, 177]
46: [180, 159, 179, 160]
47: [161, 163, 165, 167, 169, 171, 140, 173, 175, 177, 179, 180, 178, 176, 174, 172, 170, 168, 166, 164, 162, 139]
48: [160, 139, 159, 140]
49: [162, 161]
50: [164, 163]
51: [166, 165]
52: [168, 167]
53: [170, 169]
54: [172, 171]
55: [174, 173]
56: [176, 175]
57: [178, 177]
58: [180, 159, 179, 160]
59: [161, 163, 165, 167, 169, 171, 140, 173, 175, 177, 179, 180, 178, 176, 174, 172, 170, 168, 166, 164, 162, 139]
60: [160, 139, 159, 140]
61: [162, 161]
62: [164, 163]
63: [166, 165]
64: [168, 167]
65: [170, 169]
66: [172, 171]
67: [174, 173]
68: [176, 175]
69: [178, 177]
70: [180, 159, 179, 160]
71: [161, 163, 165, 167, 169, 171, 140, 173, 175, 177, 179, 180, 178, 176, 174, 172, 170, 168, 166, 164, 162, 139]
72: [160, 139, 159, 140]
73: [162, 161]
74: [164, 163]
75: [166, 165]
76: [168, 167]
77: [170, 169]
78: [172, 171]
79: [174, 173]
80: [176, 175]
81: [178, 177]
82: [180, 159, 179, 160]
83: [161, 163, 165, 167, 169, 171, 140, 173, 175, 177, 179, 180, 178, 176, 174, 172, 170, 168, 166, 164, 162, 139]
84: [160, 139, 159, 140]
85: [162, 161]
86: [164, 163]
87: [166, 165]
88: [168, 167]
89: [170, 169]
90: [172, 171]
91: [174, 173]
92: [176, 175]
93: [178, 177]
94: [180, 159, 179, 160]
95: [161, 163, 165, 167, 169, 171, 140, 173, 175, 177, 179, 180, 178, 176, 174, 172, 170, 168, 166, 164, 162, 139]
96: [160, 139, 159, 140]
97: [162, 161]
98: [164, 163]
99: [166, 165]
100: [168, 167]
101: [170, 169]
102: [172, 171]
103: [174, 173]
104: [176, 175]
105: [178, 177]
106: [180, 159, 179, 160]
107: [161, 163, 165, 167, 169, 171, 140, 173, 175, 177, 179, 180, 178, 176, 174, 172, 170, 168, 166, 164, 162, 139]
108: [160, 139, 159, 140]
109: [162, 161]
110: [164, 163]
111: [166, 165]
112: [168, 167]
113: [170, 169]
114: [172, 171]
115: [174, 173]
116: [176, 175]
117: [178, 177]
118: [180, 159, 179, 160]
119: [161, 163, 165, 167, 169, 171, 140, 173, 175, 177, 179, 180, 178, 176, 174, 172, 170, 168, 166, 164, 162, 139]
120: [160, 139, 159, 140]
121: [162, 161]
122: [164, 163]
123: [166, 165]
124: [168, 167]
125: [170, 169]
126: [172, 171]
127: [174, 173]
128: [176, 175]
129: [178, 177]
130: [180, 159, 179, 160]
131: [161, 163, 165, 167, 169, 171, 140, 173, 175, 177, 179, 180, 178, 176, 174, 172, 170, 168, 166, 164, 162, 139]
132: [160, 139, 159, 140]
133: [162, 159, 160, 161, 139, 140]
134: [164, 159, 161, 162, 163, 140, 160, 139]
135: [166, 159, 161, 163, 164, 165, 140, 162, 160, 139]
136: [168, 159, 161, 163, 165, 166, 167, 140, 164, 162, 160, 139]
137: [170, 159, 161, 163, 165, 167, 168, 169, 140, 166, 164, 162, 160, 139]
138: [172, 159, 161, 163, 165, 167, 169, 170, 171, 140, 168, 166, 164, 162, 160, 139]
139: [174, 159, 161, 163, 165, 167, 169, 171, 140, 172, 173, 170, 168, 166, 164, 162, 160, 139]
140: [176, 159, 161, 163, 165, 167, 169, 171, 140, 173, 174, 175, 172, 170, 168, 166, 164, 162, 160, 139]
141: [178, 159, 161, 163, 165, 167, 169, 171, 140, 173, 175, 176, 177, 174, 172, 170, 168, 166, 164, 162, 160, 139]
142: [180, 159, 161, 163, 165, 167, 169, 171, 140, 173, 175, 177, 178, 179, 176, 174, 172, 170, 168, 166, 164, 162, 160, 139]
143: [161, 163, 165, 167, 169, 171, 140, 173, 175, 177, 179, 180, 178, 176, 174, 172, 170, 168, 166, 164, 162, 139]
11
0: [139, 182, 181, 140]
1: [162, 139, 182, 181, 161, 140]
2: [162, 139, 164, 182, 181, 163, 161, 140]
3: [162, 164, 166, 139, 182, 181, 165, 163, 161, 140]
4: [162, 164, 166, 168, 139, 182, 181, 167, 165, 163, 161, 140]
5: [162, 164, 166, 168, 170, 139, 182, 181, 169, 167, 165, 163, 161, 140]
6: [162, 164, 166, 168, 170, 139, 172, 182, 181, 171, 169, 167, 165, 163, 161, 140]
7: [162, 164, 166, 168, 170, 139, 172, 174, 182, 181, 173, 171, 169, 167, 165, 163, 161, 140]
8: [162, 164, 166, 168, 170, 139, 172, 174, 176, 182, 181, 175, 173, 171, 169, 167, 165, 163, 161, 140]
9: [162, 164, 166, 168, 170, 139, 172, 174, 176, 178, 182, 181, 177, 175, 173, 171, 169, 167, 165, 163, 161, 140]
10: [162, 164, 166, 168, 170, 139, 172, 174, 176, 178, 180, 182, 179, 181, 177, 175, 173, 171, 169, 167, 165, 163, 161, 140]
11: []
12: [139, 181, 182, 140]
13: [162, 181, 182, 161]
14: [164, 181, 182, 163]
15: [181, 166, 182, 165]
16: [168, 181, 182, 167]
17: [170, 181, 182, 169]
18: [172, 181, 182, 171]
19: [181, 174, 182, 173]
20: [176, 181, 182, 175]
21: [178, 181, 182, 177]
22: [180, 181, 179, 182]
23: [161, 163, 165, 167, 169, 171, 140, 173, 175, 177, 179, 181, 180, 182, 178, 176, 174, 172, 170, 168, 166, 164, 162, 139]
24: [139, 140]
25: [162, 161]
26: [164, 163]
27: [166, 165]
28: [168, 167]
29: [170, 169]
30: [172, 171]
31: [174, 173]
32: [176, 175]
33: [178, 177]
34: [180, 179]
35: [161, 163, 165, 167, 169, 171, 140, 173, 175, 177, 179, 180, 178, 176, 174, 172, 170, 168, 166, 164, 162, 139]
36: [139, 140]
37: [162, 161]
38: [164, 163]
39: [166, 165]
40: [168, 167]
41: [170, 169]
42: [172, 171]
43: [174, 173]
44: [176, 175]
45: [178, 177]
46: [180, 179]
47: [161, 163, 165, 167, 169, 171, 140, 173, 175, 177, 179, 180, 178, 176, 174, 172, 170, 168, 166, 164, 162, 139]
48: [139, 140]
49: [162, 161]
50: [164, 163]
51: [166, 165]
52: [168, 167]
53: [170, 169]
54: [172, 171]
55: [174, 173]
56: [176, 175]
57: [178, 177]
58: [180, 179]
59: [161, 163, 165, 167, 169, 171, 140, 173, 175, 177, 179, 180, 178, 176, 174, 172, 170, 168, 166, 164, 162, 139]
60: [139, 140]
61: [162, 161]
62: [164, 163]
63: [166, 165]
64: [168, 167]
65: [170, 169]
66: [172, 171]
67: [174, 173]
68: [176, 175]
69: [178, 177]
70: [180, 179]
71: [161, 163, 165, 167, 169, 171, 140, 173, 175, 177, 179, 180, 178, 176, 174, 172, 170, 168, 166, 164, 162, 139]
72: [139, 140]
73: [162, 161]
74: [164, 163]
75: [166, 165]
76: [168, 167]
77: [170, 169]
78: [172, 171]
79: [174, 173]
80: [176, 175]
81: [178, 177]
82: [180, 179]
83: [161, 163, 165, 167, 169, 171, 140, 173, 175, 177, 179, 180, 178, 176, 174, 172, 170, 168, 166, 164, 162, 139]
84: [139, 140]
85: [162, 161]
86: [164, 163]
87: [166, 165]
88: [168, 167]
89: [170, 169]
90: [172, 171]
91: [174, 173]
92: [176, 175]
93: [178, 177]
94: [180, 179]
95: [161, 163, 165, 167, 169, 171, 140, 173, 175, 177, 179, 180, 178, 176, 174, 172, 170, 168, 166, 164, 162, 139]
96: [139, 140]
97: [162, 161]
98: [164, 163]
99: [166, 165]
100: [168, 167]
101: [170, 169]
102: [172, 171]
103: [174, 173]
104: [176, 175]
105: [178, 177]
106: [180, 179]
107: [161, 163, 165, 167, 169, 171, 140, 173, 175, 177, 179, 180, 178, 176, 174, 172, 170, 168, 166, 164, 162, 139]
108: [139, 140]
109: [162, 161]
110: [164, 163]
111: [166, 165]
112: [168, 167]
113: [170, 169]
114: [172, 171]
115: [174, 173]
116: [176, 175]
117: [178, 177]
118: [180, 179]
119: [161, 163, 165, 167, 169, 171, 140, 173, 175, 177, 179, 180, 178, 176, 174, 172, 170, 168, 166, 164, 162, 139]
120: [139, 140]
121: [162, 161]
122: [164, 163]
123: [166, 165]
124: [168, 167]
125: [170, 169]
126: [172, 171]
127: [174, 173]
128: [176, 175]
129: [178, 177]
130: [180, 179]
131: [161, 163, 165, 167, 169, 171, 140, 173, 175, 177, 179, 180, 178, 176, 174, 172, 170, 168, 166, 164, 162, 139]
132: [139, 140]
133: [161, 162, 140, 139]
134: [161, 164, 163, 140, 162, 139]
135: [161, 163, 165, 166, 140, 164, 162, 139]
136: [161, 163, 165, 167, 168, 140, 166, 164, 162, 139]
137: [161, 163, 165, 167, 169, 170, 140, 168, 166, 164, 162, 139]
138: [161, 163, 165, 167, 169, 171, 140, 172, 170, 168, 166, 164, 162, 139]
139: [161, 163, 165, 167, 169, 171, 140, 173, 174, 172, 170, 168, 166, 164, 162, 139]
140: [161, 163, 165, 167, 169, 171, 140, 173, 175, 176, 174, 172, 170, 168, 166, 164, 162, 139]
141: [161, 163, 165, 167, 169, 171, 140, 173, 175, 177, 178, 176, 174, 172, 170, 168, 166, 164, 162, 139]
142: [161, 163, 165, 167, 169, 171, 140, 173, 175, 177, 179, 180, 178, 176, 174, 172, 170, 168, 166, 164, 162, 139]
143: [161, 163, 165, 167, 169, 171, 140, 173, 175, 177, 179, 180, 178, 176, 174, 172, 170, 168, 166, 164, 162, 139]
12
0: [140, 141, 143, 145, 147, 149, 181, 151, 153, 155, 157, 159, 182, 142, 144, 146, 148, 150, 152, 154, 156, 158, 160, 139]
1: [140, 141, 143, 145, 147, 149, 181, 151, 153, 155, 157, 159, 182, 142, 144, 146, 148, 150, 152, 154, 156, 158, 160, 139]
2: [140, 143, 145, 147, 149, 181, 151, 153, 155, 157, 159, 182, 144, 146, 148, 150, 152, 154, 156, 158, 160, 139]
3: [140, 145, 147, 149, 181, 151, 153, 155, 157, 159, 182, 146, 148, 150, 152, 154, 156, 158, 160, 139]
4: [140, 147, 149, 181, 151, 153, 155, 157, 159, 182, 148, 150, 152, 154, 156, 158, 160, 139]
5: [140, 149, 181, 151, 153, 155, 157, 159, 182, 150, 152, 154, 156, 158, 160, 139]
6: [140, 181, 151, 153, 155, 157, 159, 182, 152, 154, 156, 158, 160, 139]
7: [140, 181, 153, 155, 157, 159, 182, 154, 156, 158, 160, 139]
8: [140, 181, 155, 157, 159, 182, 156, 158, 160, 139]
9: [181, 140, 157, 159, 182, 158, 160, 139]
10: [140, 181, 159, 182, 160, 139]
11: [140, 181, 182, 139]
12: []
13: [182, 183, 141, 142, 184, 181]
14: [182, 183, 143, 144, 181, 184]
15: [182, 183, 145, 184, 181, 146]
16: [182, 183, 147, 184, 181, 148]
17: [182, 183, 149, 184, 181, 150]
18: [182, 183, 151, 184, 181, 152]
19: [182, 183, 153, 184, 181, 154]
20: [182, 183, 155, 184, 181, 156]
21: [182, 183, 157, 184, 181, 158]
22: [182, 183, 159, 184, 181, 160]
23: [182, 183, 184, 140, 181, 139]
24: [160, 139, 142, 144, 146, 148, 150, 184, 152, 154, 156, 158, 141, 183, 143, 145, 147, 149, 151, 153, 155, 157, 159, 140]
25: [184, 141, 142, 183]
26: [184, 143, 144, 183]
27: [184, 145, 183, 146]
28: [184, 147, 183, 148]
29: [184, 149, 183, 150]
30: [184, 151, 183, 152]
31: [184, 153, 183, 154]
32: [184, 155, 183, 156]
33: [184, 157, 183, 158]
34: [184, 183, 159, 160]
35: [184, 183, 140, 139]
36: [160, 139, 142, 144, 146, 148, 150, 152, 154, 156, 158, 141, 143, 145, 147, 149, 151, 153, 155, 157, 159, 140]
37: [141, 142]
38: [143, 144]
39: [145, 146]
40: [147, 148]
41: [149, 150]
42: [151, 152]
43: [153, 154]
44: [155, 156]
45: [157, 158]
46: [159, 160]
47: [140, 139]
48: [160, 139, 142, 144, 146, 148, 150, 152, 154, 156, 158, 141, 143, 145, 147, 149, 151, 153, 155, 157, 159, 140]
49: [141, 142]
50: [143, 144]
51: [145, 146]
52: [147, 148]
53: [149, 150]
54: [151, 152]
55: [153, 154]
56: [155, 156]
57: [157, 158]
58: [159, 160]
59: [140, 139]
60: [160, 139, 142, 144, 146, 148, 150, 152, 154, 156, 158, 141, 143, 145, 147, 149, 151, 153, 155, 157, 159, 140]
61: [141, 142]
62: [143, 144]
63: [145, 146]
64: [147, 148]
65: [149, 150]
66: [151, 152]
67: [153, 154]
68: [155, 156]
69: [157, 158]
70: [159, 160]
71: [140, 139]
72: [160, 139, 142, 144, 146, 148, 150, 152, 154, 156, 158, 141, 143, 145, 147, 149, 151, 153, 155, 157, 159, 140]
73: [141, 142]
74: [143, 144]
75: [145, 146]
76: [147, 148]
77: [149, 150]
78: [151, 152]
79: [153, 154]
80: [155, 156]
81: [157, 158]
82: [159, 160]
83: [140, 139]
84: [160, 139, 142, 144, 146, 148, 150, 152, 154, 156, 158, 141, 143, 145, 147, 149, 151, 153, 155, 157, 159, 140]
85: [141, 142]
86: [143, 144]
87: [145, 146]
88: [147, 148]
89: [149, 150]
90: [151, 152]
91: [153, 154]
92: [155, 156]
93: [157, 158]
94: [159, 160]
95: [140, 139]
96: [160, 139, 142, 144, 146, 148, 150, 152, 154, 156, 158, 141, 143, 145, 147, 149, 151, 153, 155, 157, 159, 140]
97: [141, 142]
98: [143, 144]
99: [145, 146]
100: [147, 148]
101: [149, 150]
102: [151, 152]
103: [153, 154]
104: [155, 156]
105: [157, 158]
106: [159, 160]
107: [140, 139]
108: [160, 139, 142, 144, 146, 148, 150, 152, 154, 156, 158, 141, 143, 145, 147, 149, 151, 153, 155, 157, 159, 140]
109: [141, 142]
110: [143, 144]
111: [145, 146]
112: [147, 148]
113: [149, 150]
114: [151, 152]
115: [153, 154]
116: [155, 156]
117: [157, 158]
118: [159, 160]
119: [140, 139]
120: [160, 139, 142, 144, 146, 148, 150, 152, 154, 156, 158, 141, 143, 145, 147, 149, 151, 153, 155, 157, 159, 140]
121: [141, 142]
122: [144, 143]
123: [145, 146]
124: [147, 148]
125: [149, 150]
126: [152, 151]
127: [153, 154]
128: [155, 156]
129: [157, 158]
130: [160, 159]
131: [139, 140]
132: [160, 139, 142, 144, 146, 148, 150, 152, 154, 156, 158, 141, 143, 145, 147, 149, 151, 153, 155, 157, 159, 140]
133: [160, 139, 142, 144, 146, 148, 150, 152, 154, 156, 158, 141, 143, 145, 147, 149, 151, 153, 155, 157, 159, 140]
134: [160, 139, 144, 146, 148, 150, 152, 154, 156, 158, 143, 145, 147, 149, 151, 153, 155, 157, 159, 140]
135: [160, 139, 146, 148, 150, 152, 154, 156, 158, 145, 147, 149, 151, 153, 155, 157, 159, 140]
136: [160, 139, 148, 150, 152, 154, 156, 158, 147, 149, 151, 153, 155, 157, 159, 140]
137: [160, 139, 150, 152, 154, 156, 158, 149, 151, 153, 155, 157, 159, 140]
138: [160, 139, 152, 154, 156, 158, 151, 153, 155, 157, 159, 140]
139: [160, 139, 154, 156, 158, 153, 155, 157, 159, 140]
140: [160, 139, 156, 158, 155, 157, 159, 140]
141: [160, 139, 158, 157, 159, 140]
142: [160, 139, 159, 140]
143: [139, 140]
13
0: [181, 142, 141, 182]
1: [161, 142, 181, 182, 141, 162]
2: [161, 181, 182, 162]
3: [161, 181, 182, 162]
4: [161, 181, 182, 162]
5: [161, 181, 182, 162]
6: [161, 181, 182, 162]
7: [161, 181, 182, 162]
8: [161, 181, 182, 162]
9: [161, 181, 182, 162]
10: [161, 181, 182, 162]
11: [161, 182, 181, 162]
12: [184, 181, 142, 141, 182, 183]
13: []
14: [96, 98, 100, 102, 122, 104, 87, 90, 92, 94, 89, 121, 91, 93, 95, 97, 99, 101, 103, 88]
15: [96, 98, 100, 102, 104, 87, 90, 92, 94, 89, 91, 93, 95, 97, 99, 101, 103, 88]
16: [96, 98, 100, 102, 104, 87, 90, 92, 94, 89, 91, 93, 95, 97, 99, 101, 103, 88]
17: [96, 98, 100, 102, 104, 87, 90, 92, 94, 89, 91, 93, 95, 97, 99, 101, 103, 88]
18: [96, 98, 100, 102, 104, 87, 90, 92, 94, 89, 91, 93, 95, 97, 99, 101, 103, 88]
19: [96, 98, 100, 102, 104, 87, 90, 92, 94, 89, 91, 93, 95, 97, 99, 101, 103, 88]
20: [96, 98, 100, 102, 104, 87, 90, 92, 94, 89, 91, 93, 95, 97, 99, 101, 103, 88]
21: [96, 98, 100, 102, 104, 87, 90, 92, 94, 89, 91, 93, 95, 97, 99, 101, 103, 88]
22: [96, 98, 100, 102, 104, 87, 90, 92, 94, 89, 91, 93, 95, 97, 99, 101, 103, 88]
23: [182, 183, 161, 184, 181, 162]
24: [184, 142, 141, 183]
25: [97, 121, 99, 101, 103, 88, 89, 91, 93, 95, 90, 122, 92, 94, 96, 98, 100, 102, 104, 87]
26: [89, 122, 121, 90]
27: [89, 90]
28: [89, 90]
29: [89, 90]
30: [89, 90]
31: [89, 90]
32: [89, 90]
33: [89, 90]
34: [96, 98, 100, 102, 104, 87, 89, 90, 92, 94, 91, 93, 95, 97, 99, 101, 103, 88]
35: [183, 184, 161, 162]
36: [142, 141]
37: [97, 99, 101, 103, 88, 121, 91, 93, 95, 122, 92, 94, 96, 98, 100, 102, 104, 87]
38: [122, 91, 121, 92]
39: [91, 92]
40: [91, 92]
41: [91, 92]
42: [91, 92]
43: [91, 92]
44: [91, 92]
45: [91, 92]
46: [96, 98, 100, 102, 104, 87, 91, 92, 94, 93, 95, 97, 99, 101, 103, 88]
47: [161, 162]
48: [142, 141]
49: [97, 99, 101, 103, 88, 121, 93, 95, 122, 94, 96, 98, 100, 102, 104, 87]
50: [122, 93, 121, 94]
51: [93, 94]
52: [93, 94]
53: [93, 94]
54: [93, 94]
55: [93, 94]
56: [93, 94]
57: [93, 94]
58: [96, 98, 100, 102, 104, 87, 93, 94, 95, 97, 99, 101, 103, 88]
59: [161, 162]
60: [142, 141]
61: [97, 99, 101, 103, 88, 121, 95, 122, 96, 98, 100, 102, 104, 87]
62: [122, 95, 121, 96]
63: [95, 96]
64: [95, 96]
65: [95, 96]
66: [95, 96]
67: [95, 96]
68: [95, 96]
69: [95, 96]
70: [96, 98, 100, 102, 104, 87, 95, 97, 99, 101, 103, 88]
71: [161, 162]
72: [142, 141]
73: [97, 99, 101, 103, 88, 121, 122, 98, 100, 102, 104, 87]
74: [97, 122, 121, 98]
75: [97, 98]
76: [97, 98]
77: [97, 98]
78: [97, 98]
79: [97, 98]
80: [97, 98]
81: [97, 98]
82: [97, 98, 100, 102, 104, 87, 99, 101, 103, 88]
83: [161, 162]
84: [142, 141]
85: [99, 101, 103, 88, 121, 122, 100, 102, 104, 87]
86: [122, 99, 121, 100]
87: [99, 100]
88: [99, 100]
89: [99, 100]
90: [99, 100]
91: [99, 100]
92: [99, 100]
93: [99, 100]
94: [99, 100, 102, 104, 87, 101, 103, 88]
95: [161, 162]
96: [142, 141]
97: [88, 121, 101, 103, 122, 102, 104, 87]
98: [122, 101, 121, 102]
99: [101, 102]
100: [101, 102]
101: [101, 102]
102: [101, 102]
103: [101, 102]
104: [101, 102]
105: [101, 102]
106: [104, 101, 102, 87, 103, 88]
107: [161, 162]
108: [142, 141]
109: [88, 121, 103, 122, 104, 87]
110: [122, 103, 121, 104]
111: [103, 104]
112: [103, 104]
113: [103, 104]
114: [103, 104]
115: [103, 104]
116: [103, 104]
117: [103, 104]
118: [104, 103, 87, 88]
119: [161, 162]
120: [141, 142]
121: [88, 121, 122, 87]
122: [88, 121, 122, 87]
123: [88, 87]
124: [88, 87]
125: [88, 87]
126: [88, 87]
127: [88, 87]
128: [88, 87]
129: [88, 87]
130: [88, 87]
131: [161, 162]
132: [141, 142]
133: [162, 141, 142, 161]
134: [162, 161]
135: [162, 161]
136: [162, 161]
137: [162, 161]
138: [162, 161]
139: [162, 161]
140: [162, 161]
141: [162, 161]
142: [162, 161]
143: [162, 161]
14
0: [144, 181, 182, 143]
1: [144, 181, 182, 143]
2: [144, 163, 181, 182, 143, 164]
3: [163, 181, 182, 164]
4: [163, 181, 182, 164]
5: [163, 181, 182, 164]
6: [163, 181, 182, 164]
7: [163, 181, 182, 164]
8: [163, 181, 182, 164]
9: [163, 181, 182, 164]
10: [163, 182, 181, 164]
11: [163, 182, 181, 164]
12: [184, 181, 144, 183, 182, 143]
13: [97, 121, 99, 101, 103, 88, 89, 91, 93, 95, 90, 122, 92, 94, 96, 98, 100, 102, 104, 87]
14: []
15: [96, 98, 100, 102, 104, 124, 87, 90, 92, 94, 89, 123, 91, 93, 95, 97, 99, 101, 103, 88]
16: [96, 98, 100, 102, 104, 87, 90, 92, 94, 89, 91, 93, 95, 97, 99, 101, 103, 88]
17: [96, 98, 100, 102, 104, 87, 90, 92, 94, 89, 91, 93, 95, 97, 99, 101, 103, 88]
18: [96, 98, 100, 102, 104, 87, 90, 92, 94, 89, 91, 93, 95, 97, 99, 101, 103, 88]
19: [96, 98, 100, 102, 104, 87, 90, 92, 94, 89, 91, 93, 95, 97, 99, 101, 103, 88]
20: [96, 98, 100, 102, 104, 87, 90, 92, 94, 89, 91, 93, 95, 97, 99, 101, 103, 88]
21: [96, 98, 100, 102, 104, 87, 90, 92, 94, 89, 91, 93, 95, 97, 99, 101, 103, 88]
22: [96, 98, 100, 102, 104, 87, 90, 92, 94, 89, 91, 93, 95, 97, 99, 101, 103, 88]
23: [182, 183, 163, 184, 181, 164]
24: [184, 144, 183, 143]
25: [97, 121, 99, 101, 103, 88, 89, 91, 93, 95, 90, 122, 92, 94, 96, 98, 100, 102, 104, 87]
26: [122, 123, 89, 90, 121, 124]
27: [124, 89, 90, 123]
28: [89, 90]
29: [89, 90]
30: [89, 90]
31: [89, 90]
32: [89, 90]
33: [89, 90]
34: [96, 98, 100, 102, 104, 87, 90, 92, 94, 89, 91, 93, 95, 97, 99, 101, 103, 88]
35: [183, 163, 184, 164]
36: [144, 143]
37: [97, 99, 101, 103, 88, 121, 91, 93, 95, 122, 92, 94, 96, 98, 100, 102, 104, 87]
38: [122, 123, 91, 124, 121, 92]
39: [124, 91, 123, 92]
40: [91, 92]
41: [91, 92]
42: [91, 92]
43: [91, 92]
44: [91, 92]
45: [91, 92]
46: [96, 98, 100, 102, 104, 87, 92, 94, 91, 93, 95, 97, 99, 101, 103, 88]
47: [163, 164]
48: [144, 143]
49: [97, 99, 101, 103, 88, 121, 93, 95, 122, 94, 96, 98, 100, 102, 104, 87]
50: [122, 123, 93, 121, 124, 94]
51: [124, 93, 123, 94]
52: [93, 94]
53: [93, 94]
54: [93, 94]
55: [93, 94]
56: [93, 94]
57: [93, 94]
58: [96, 98, 100, 102, 104, 87, 94, 93, 95, 97, 99, 101, 103, 88]
59: [163, 164]
60: [144, 143]
61: [97, 99, 101, 103, 88, 121, 95, 122, 96, 98, 100, 102, 104, 87]
62: [122, 123, 95, 121, 124, 96]
63: [124, 95, 123, 96]
64: [95, 96]
65: [95, 96]
66: [95, 96]
67: [95, 96]
68: [95, 96]
69: [96, 95]
70: [96, 98, 100, 102, 104, 87, 95, 97, 99, 101, 103, 88]
71: [163, 164]
72: [144, 143]
73: [97, 99, 101, 103, 88, 121, 122, 98, 100, 102, 104, 87]
74: [122, 123, 97, 121, 124, 98]
75: [124, 97, 123, 98]
76: [97, 98]
77: [97, 98]
78: [97, 98]
79: [97, 98]
80: [97, 98]
81: [97, 98]
82: [98, 100, 102, 104, 87, 97, 99, 101, 103, 88]
83: [163, 164]
84: [144, 143]
85: [99, 101, 103, 88, 121, 122, 100, 102, 104, 87]
86: [122, 123, 99, 121, 124, 100]
87: [124, 99, 123, 100]
88: [99, 100]
89: [99, 100]
90: [99, 100]
91: [99, 100]
92: [99, 100]
93: [99, 100]
94: [104, 100, 102, 87, 99, 101, 103, 88]
95: [163, 164]
96: [144, 143]
97: [88, 121, 101, 103, 122, 102, 104, 87]
98: [122, 123, 101, 121, 124, 102]
99: [124, 101, 123, 102]
100: [101, 102]
101: [101, 102]
102: [101, 102]
103: [101, 102]
104: [101, 102]
105: [101, 102]
106: [104, 102, 87, 101, 103, 88]
107: [163, 164]
108: [144, 143]
109: [88, 121, 103, 122, 104, 87]
110: [122, 123, 103, 121, 124, 104]
111: [124, 123, 103, 104]
112: [103, 104]
113: [103, 104]
114: [103, 104]
115: [103, 104]
116: [103, 104]
117: [104, 103]
118: [104, 87, 103, 88]
119: [163, 164]
120: [144, 143]
121: [88, 121, 122, 87]
122: [122, 123, 88, 121, 124, 87]
123: [123, 124, 88, 87]
124: [88, 87]
125: [88, 87]
126: [88, 87]
127: [88, 87]
128: [88, 87]
129: [88, 87]
130: [87, 88]
131: [163, 164]
132: [143, 144]
133: [143, 144]
134: [164, 143, 144, 163]
135: [164, 163]
136: [164, 163]
137: [164, 163]
138: [164, 163]
139: [164, 163]
140: [164, 163]
141: [164, 163]
142: [164, 163]
143: [164, 163]
15
0: [146, 181, 182, 145]
1: [146, 181, 182, 145]
2: [146, 181, 182, 145]
3: [146, 165, 181, 182, 145, 166]
4: [165, 181, 182, 166]
5: [165, 181, 182, 166]
6: [165, 181, 182, 166]
7: [165, 181, 182, 166]
8: [165, 181, 182, 166]
9: [165, 182, 181, 166]
10: [165, 182, 181, 166]
11: [165, 182, 181, 166]
12: [184, 181, 146, 182, 183, 145]
13: [97, 99, 101, 103, 88, 89, 91, 93, 95, 90, 92, 94, 96, 98, 100, 102, 104, 87]
14: [97, 99, 101, 103, 123, 88, 89, 91, 93, 95, 90, 124, 92, 94, 96, 98, 100, 102, 104, 87]
15: []
16: [96, 98, 126, 100, 102, 104, 87, 90, 92, 94, 89, 125, 91, 93, 95, 97, 99, 101, 103, 88]
17: [96, 98, 100, 102, 104, 87, 90, 92, 94, 89, 91, 93, 95, 97, 99, 101, 103, 88]
18: [96, 98, 100, 102, 104, 87, 90, 92, 94, 89, 91, 93, 95, 97, 99, 101, 103, 88]
19: [96, 98, 100, 102, 104, 87, 90, 92, 94, 89, 91, 93, 95, 97, 99, 101, 103, 88]
20: [96, 98, 100, 102, 104, 87, 90, 92, 94, 89, 91, 93, 95, 97, 99, 101, 103, 88]
21: [96, 98, 100, 102, 104, 87, 90, 92, 94, 89, 91, 93, 95, 97, 99, 101, 103, 88]
22: [96, 98, 100, 102, 104, 87, 90, 92, 94, 89, 91, 93, 95, 97, 99, 101, 103, 88]
23: [182, 183, 165, 184, 181, 166]
24: [184, 146, 183, 145]
25: [97, 99, 101, 103, 88, 89, 91, 93, 95, 90, 92, 94, 96, 98, 100, 102, 104, 87]
26: [123, 89, 90, 124]
27: [124, 125, 89, 90, 123, 126]
28: [126, 89, 90, 125]
29: [89, 90]
30: [89, 90]
31: [89, 90]
32: [89, 90]
33: [90, 89]
34: [96, 98, 100, 102, 104, 87, 90, 92, 94, 89, 91, 93, 95, 97, 99, 101, 103, 88]
35: [183, 165, 184, 166]
36: [146, 145]
37: [97, 99, 101, 103, 88, 91, 93, 95, 92, 94, 96, 98, 100, 102, 104, 87]
38: [123, 91, 124, 92]
39: [124, 125, 91, 92, 123, 126]
40: [126, 91, 92, 125]
41: [91, 92]
42: [91, 92]
43: [91, 92]
44: [91, 92]
45: [92, 91]
46: [96, 98, 100, 102, 104, 87, 92, 94, 91, 93, 95, 97, 99, 101, 103, 88]
47: [165, 166]
48: [146, 145]
49: [97, 99, 101, 103, 88, 93, 95, 94, 96, 98, 100, 102, 104, 87]
50: [123, 93, 124, 94]
51: [124, 125, 93, 126, 123, 94]
52: [126, 93, 125, 94]
53: [93, 94]
54: [93, 94]
55: [93, 94]
56: [93, 94]
57: [94, 93]
58: [96, 98, 100, 102, 104, 87, 94, 93, 95, 97, 99, 101, 103, 88]
59: [165, 166]
60: [146, 145]
61: [97, 99, 101, 103, 88, 95, 96, 98, 100, 102, 104, 87]
62: [123, 95, 124, 96]
63: [124, 125, 95, 123, 126, 96]
64: [126, 95, 125, 96]
65: [95, 96]
66: [95, 96]
67: [95, 96]
68: [96, 95]
69: [96, 95]
70: [96, 98, 100, 102, 104, 87, 95, 97, 99, 101, 103, 88]
71: [165, 166]
72: [146, 145]
73: [97, 99, 101, 103, 88, 98, 100, 102, 104, 87]
74: [123, 97, 124, 98]
75: [124, 125, 97, 123, 126, 98]
76: [126, 97, 125, 98]
77: [97, 98]
78: [97, 98]
79: [97, 98]
80: [97, 98]
81: [98, 97]
82: [98, 100, 102, 104, 87, 97, 99, 101, 103, 88]
83: [165, 166]
84: [146, 145]
85: [88, 99, 101, 103, 100, 102, 104, 87]
86: [123, 99, 124, 100]
87: [124, 125, 99, 123, 126, 100]
88: [126, 99, 125, 100]
89: [99, 100]
90: [99, 100]
91: [99, 100]
92: [99, 100]
93: [100, 99]
94: [104, 100, 102, 87, 99, 101, 103, 88]
95: [165, 166]
96: [146, 145]
97: [88, 101, 103, 102, 104, 87]
98: [123, 101, 124, 102]
99: [124, 125, 101, 123, 126, 102]
100: [126, 125, 101, 102]
101: [101, 102]
102: [101, 102]
103: [101, 102]
104: [101, 102]
105: [102, 101]
106: [104, 102, 87, 101, 103, 88]
107: [165, 166]
108: [146, 145]
109: [88, 103, 104, 87]
110: [123, 124, 103, 104]
111: [124, 125, 123, 126, 103, 104]
112: [126, 125, 103, 104]
113: [103, 104]
114: [103, 104]
115: [103, 104]
116: [104, 103]
117: [104, 103]
118: [104, 87, 103, 88]
119: [165, 166]
120: [145, 146]
121: [88, 87]
122: [123, 124, 88, 87]
123: [124, 125, 123, 126, 88, 87]
124: [125, 126, 88, 87]
125: [88, 87]
126: [88, 87]
127: [88, 87]
128: [88, 87]
129: [87, 88]
130: [87, 88]
131: [165, 166]
132: [145, 146]
133: [145, 146]
134: [145, 146]
135: [145, 166, 146, 165]
136: [166, 165]
137: [166, 165]
138: [166, 165]
139: [166, 165]
140: [166, 165]
141: [166, 165]
142: [166, 165]
143: [166, 165]
16
0: [148, 181, 182, 147]
1: [148, 181, 182, 147]
2: [148, 181, 182, 147]
3: [148, 181, 182, 147]
4: [148, 167, 181, 182, 147, 168]
5: [167, 181, 182, 168]
6: [167, 181, 182, 168]
7: [167, 181, 182, 168]
8: [167, 182, 181, 168]
9: [167, 182, 181, 168]
10: [167, 182, 181, 168]
11: [182, 167, 181, 168]
12: [184, 181, 148, 182, 183, 147]
13: [97, 99, 101, 103, 88, 89, 91, 93, 95, 90, 92, 94, 96, 98, 100, 102, 104, 87]
14: [97, 99, 101, 103, 88, 89, 91, 93, 95, 90, 92, 94, 96, 98, 100, 102, 104, 87]
15: [97, 99, 101, 103, 125, 88, 89, 91, 93, 95, 90, 126, 92, 94, 96, 98, 100, 102, 104, 87]
16: []
17: [96, 128, 98, 100, 102, 104, 87, 90, 92, 94, 89, 127, 91, 93, 95, 97, 99, 101, 103, 88]
18: [96, 98, 100, 102, 104, 87, 90, 92, 94, 89, 91, 93, 95, 97, 99, 101, 103, 88]
19: [96, 98, 100, 102, 104, 87, 90, 92, 94, 89, 91, 93, 95, 97, 99, 101, 103, 88]
20: [96, 98, 100, 102, 104, 87, 90, 92, 94, 89, 91, 93, 95, 97, 99, 101, 103, 88]
21: [96, 98, 100, 102, 104, 87, 90, 92, 94, 89, 91, 93, 95, 97, 99, 101, 103, 88]
22: [96, 98, 100, 102, 104, 87, 90, 92, 94, 89, 91, 93, 95, 97, 99, 101, 103, 88]
23: [182, 183, 167, 184, 181, 168]
24: [184, 148, 183, 147]
25: [97, 99, 101, 103, 88, 89, 91, 93, 95, 90, 92, 94, 96, 98, 100, 102, 104, 87]
26: [89, 90]
27: [125, 89, 90, 126]
28: [126, 127, 89, 90, 128, 125]
29: [128, 89, 90, 127]
30: [89, 90]
31: [89, 90]
32: [90, 89]
33: [90, 89]
34: [96, 98, 100, 102, 104, 87, 90, 92, 94, 89, 91, 93, 95, 97, 99, 101, 103, 88]
35: [183, 167, 184, 168]
36: [148, 147]
37: [97, 99, 101, 103, 88, 91, 93, 95, 92, 94, 96, 98, 100, 102, 104, 87]
38: [91, 92]
39: [125, 91, 92, 126]
40: [126, 127, 91, 92, 128, 125]
41: [128, 91, 92, 127]
42: [91, 92]
43: [91, 92]
44: [92, 91]
45: [92, 91]
46: [96, 98, 100, 102, 104, 87, 92, 94, 91, 93, 95, 97, 99, 101, 103, 88]
47: [167, 168]
48: [148, 147]
49: [97, 99, 101, 103, 88, 93, 95, 94, 96, 98, 100, 102, 104, 87]
50: [93, 94]
51: [125, 93, 126, 94]
52: [126, 127, 93, 94, 128, 125]
53: [128, 93, 94, 127]
54: [93, 94]
55: [93, 94]
56: [94, 93]
57: [94, 93]
58: [96, 98, 100, 102, 104, 87, 94, 93, 95, 97, 99, 101, 103, 88]
59: [167, 168]
60: [148, 147]
61: [97, 99, 101, 103, 88, 95, 96, 98, 100, 102, 104, 87]
62: [95, 96]
63: [125, 95, 126, 96]
64: [126, 127, 95, 96, 128, 125]
65: [128, 95, 96, 127]
66: [95, 96]
67: [96, 95]
68: [96, 95]
69: [96, 95]
70: [96, 98, 100, 102, 104, 87, 95, 97, 99, 101, 103, 88]
71: [167, 168]
72: [148, 147]
73: [97, 99, 101, 103, 88, 98, 100, 102, 104, 87]
74: [97, 98]
75: [125, 97, 126, 98]
76: [126, 127, 97, 128, 125, 98]
77: [128, 97, 127, 98]
78: [97, 98]
79: [97, 98]
80: [98, 97]
81: [98, 97]
82: [98, 100, 102, 104, 87, 97, 99, 101, 103, 88]
83: [167, 168]
84: [148, 147]
85: [88, 99, 101, 103, 100, 102, 104, 87]
86: [99, 100]
87: [125, 99, 126, 100]
88: [126, 127, 99, 128, 125, 100]
89: [128, 99, 127, 100]
90: [99, 100]
91: [99, 100]
92: [100, 99]
93: [100, 99]
94: [104, 100, 102, 87, 99, 101, 103, 88]
95: [167, 168]
96: [148, 147]
97: [88, 101, 103, 102, 104, 87]
98: [101, 102]
99: [125, 101, 126, 102]
100: [126, 127, 128, 125, 101, 102]
101: [128, 127, 101, 102]
102: [101, 102]
103: [101, 102]
104: [102, 101]
105: [102, 101]
106: [104, 102, 87, 101, 103, 88]
107: [167, 168]
108: [148, 147]
109: [88, 103, 104, 87]
110: [103, 104]
111: [125, 126, 103, 104]
112: [126, 127, 128, 125, 103, 104]
113: [128, 127, 103, 104]
114: [103, 104]
115: [104, 103]
116: [104, 103]
117: [104, 103]
118: [104, 87, 103, 88]
119: [167, 168]
120: [147, 148]
121: [88, 87]
122: [88, 87]
123: [125, 126, 88, 87]
124: [126, 127, 128, 125, 88, 87]
125: [128, 127, 88, 87]
126: [88, 87]
127: [88, 87]
128: [87, 88]
129: [87, 88]
130: [87, 88]
131: [168, 167]
132: [147, 148]
133: [147, 148]
134: [147, 148]
135: [147, 148]
136: [168, 147, 148, 167]
137: [168, 167]
138: [168, 167]
139: [168, 167]
140: [168, 167]
141: [168, 167]
142: [168, 167]
143: [168, 167]
17
0: [181, 150, 182, 149]
1: [150, 181, 182, 149]
2: [150, 181, 182, 149]
3: [150, 181, 182, 149]
4: [150, 181, 182, 149]
5: [169, 150, 181, 182, 149, 170]
6: [169, 181, 182, 170]
7: [169, 182, 181, 170]
8: [169, 182, 181, 170]
9: [169, 182, 181, 170]
10: [169, 182, 181, 170]
11: [169, 182, 181, 170]
12: [184, 181, 150, 182, 183, 149]
13: [97, 99, 101, 103, 88, 89, 91, 93, 95, 90, 92, 94, 96, 98, 100, 102, 104, 87]
14: [97, 99, 101, 103, 88, 89, 91, 93, 95, 90, 92, 94, 96, 98, 100, 102, 104, 87]
15: [97, 99, 101, 103, 88, 89, 91, 93, 95, 90, 92, 94, 96, 98, 100, 102, 104, 87]
16: [97, 99, 101, 103, 88, 89, 91, 127, 93, 95, 128, 90, 92, 94, 96, 98, 100, 102, 104, 87]
17: []
18: [96, 98, 130, 100, 102, 104, 87, 90, 92, 94, 89, 129, 91, 93, 95, 97, 99, 101, 103, 88]
19: [96, 98, 100, 102, 104, 87, 90, 92, 94, 89, 91, 93, 95, 97, 99, 101, 103, 88]
20: [96, 98, 100, 102, 104, 87, 90, 92, 94, 89, 91, 93, 95, 97, 99, 101, 103, 88]
21: [96, 98, 100, 102, 104, 87, 90, 92, 94, 89, 91, 93, 95, 97, 99, 101, 103, 88]
22: [96, 98, 100, 102, 104, 87, 90, 92, 94, 89, 91, 93, 95, 97, 99, 101, 103, 88]
23: [182, 183, 169, 184, 181, 170]
24: [184, 150, 183, 149]
25: [97, 99, 101, 103, 88, 89, 91, 93, 95, 90, 92, 94, 96, 98, 100, 102, 104, 87]
26: [89, 90]
27: [89, 90]
28: [127, 89, 90, 128]
29: [128, 129, 89, 90, 130, 127]
30: [130, 89, 90, 129]
31: [90, 89]
32: [90, 89]
33: [90, 89]
34: [96, 98, 100, 102, 104, 87, 90, 92, 94, 89, 91, 93, 95, 97, 99, 101, 103, 88]
35: [183, 169, 184, 170]
36: [150, 149]
37: [97, 99, 101, 103, 88, 91, 93, 95, 92, 94, 96, 98, 100, 102, 104, 87]
38: [91, 92]
39: [91, 92]
40: [127, 91, 92, 128]
41: [128, 129, 91, 92, 130, 127]
42: [130, 91, 92, 129]
43: [92, 91]
44: [92, 91]
45: [92, 91]
46: [96, 98, 100, 102, 104, 87, 92, 94, 91, 93, 95, 97, 99, 101, 103, 88]
47: [169, 170]
48: [150, 149]
49: [97, 99, 101, 103, 88, 93, 95, 94, 96, 98, 100, 102, 104, 87]
50: [93, 94]
51: [93, 94]
52: [127, 93, 94, 128]
53: [128, 129, 93, 94, 130, 127]
54: [130, 93, 94, 129]
55: [94, 93]
56: [94, 93]
57: [94, 93]
58: [96, 98, 100, 102, 104, 87, 94, 93, 95, 97, 99, 101, 103, 88]
59: [169, 170]
60: [150, 149]
61: [97, 99, 101, 103, 88, 95, 96, 98, 100, 102, 104, 87]
62: [95, 96]
63: [95, 96]
64: [127, 95, 96, 128]
65: [128, 129, 95, 96, 130, 127]
66: [130, 96, 95, 129]
67: [96, 95]
68: [96, 95]
69: [96, 95]
70: [96, 98, 100, 102, 104, 87, 95, 97, 99, 101, 103, 88]
71: [169, 170]
72: [150, 149]
73: [97, 99, 101, 103, 88, 98, 100, 102, 104, 87]
74: [97, 98]
75: [97, 98]
76: [127, 97, 128, 98]
77: [128, 129, 97, 98, 130, 127]
78: [130, 97, 98, 129]
79: [98, 97]
80: [98, 97]
81: [98, 97]
82: [98, 100, 102, 104, 87, 97, 99, 101, 103, 88]
83: [169, 170]
84: [150, 149]
85: [88, 99, 101, 103, 100, 102, 104, 87]
86: [99, 100]
87: [99, 100]
88: [127, 128, 99, 100]
89: [128, 129, 130, 99, 127, 100]
90: [130, 129, 99, 100]
91: [100, 99]
92: [100, 99]
93: [100, 99]
94: [104, 100, 102, 87, 99, 101, 103, 88]
95: [169, 170]
96: [150, 149]
97: [88, 101, 103, 102, 104, 87]
98: [101, 102]
99: [101, 102]
100: [127, 128, 101, 102]
101: [128, 129, 130, 127, 101, 102]
102: [130, 129, 101, 102]
103: [102, 101]
104: [102, 101]
105: [102, 101]
106: [104, 102, 87, 101, 103, 88]
107: [169, 170]
108: [150, 149]
109: [88, 103, 104, 87]
110: [103, 104]
111: [103, 104]
112: [127, 128, 103, 104]
113: [128, 129, 130, 127, 103, 104]
114: [130, 129, 104, 103]
115: [104, 103]
116: [104, 103]
117: [104, 103]
118: [104, 87, 103, 88]
119: [169, 170]
120: [149, 150]
121: [88, 87]
122: [88, 87]
123: [88, 87]
124: [128, 127, 88, 87]
125: [128, 129, 130, 127, 88, 87]
126: [129, 130, 88, 87]
127: [87, 88]
128: [87, 88]
129: [87, 88]
130: [87, 88]
131: [169, 170]
132: [149, 150]
133: [149, 150]
134: [149, 150]
135: [149, 150]
136: [149, 150]
137: [170, 149, 150, 169]
138: [170, 169]
139: [170, 169]
140: [170, 169]
141: [170, 169]
142: [170, 169]
143: [170, 169]
18
0: [152, 181, 182, 151]
1: [152, 181, 182, 151]
2: [152, 181, 182, 151]
3: [152, 181, 182, 151]
4: [152, 181, 182, 151]
5: [152, 181, 182, 151]
6: [152, 171, 182, 181, 172, 151]
7: [171, 182, 181, 172]
8: [171, 182, 181, 172]
9: [171, 182, 181, 172]
10: [171, 182, 181, 172]
11: [171, 182, 181, 172]
12: [184, 181, 152, 182, 183, 151]
13: [97, 99, 101, 103, 88, 89, 91, 93, 95, 90, 92, 94, 96, 98, 100, 102, 104, 87]
14: [97, 99, 101, 103, 88, 89, 91, 93, 95, 90, 92, 94, 96, 98, 100, 102, 104, 87]
15: [97, 99, 101, 103, 88, 89, 91, 93, 95, 90, 92, 94, 96, 98, 100, 102, 104, 87]
16: [97, 99, 101, 103, 88, 89, 91, 93, 95, 90, 92, 94, 96, 98, 100, 102, 104, 87]
17: [97, 129, 99, 101, 103, 88, 89, 91, 93, 95, 90, 130, 92, 94, 96, 98, 100, 102, 104, 87]
18: []
19: [96, 98, 100, 132, 102, 104, 87, 90, 92, 94, 89, 131, 91, 93, 95, 97, 99, 101, 103, 88]
20: [96, 98, 100, 102, 104, 87, 90, 92, 94, 89, 91, 93, 95, 97, 99, 101, 103, 88]
21: [96, 98, 100, 102, 104, 87, 90, 92, 94, 89, 91, 93, 95, 97, 99, 101, 103, 88]
22: [96, 98, 100, 102, 104, 87, 90, 92, 94, 89, 91, 93, 95, 97, 99, 101, 103, 88]
23: [182, 183, 171, 184, 181, 172]
24: [184, 152, 183, 151]
25: [97, 99, 101, 103, 88, 89, 91, 93, 95, 90, 92, 94, 96, 98, 100, 102, 104, 87]
26: [89, 90]
27: [89, 90]
28: [89, 90]
29: [129, 89, 90, 130]
30: [130, 131, 90, 89, 129, 132]
31: [132, 90, 89, 131]
32: [90, 89]
33: [90, 89]
34: [96, 98, 100, 102, 104, 87, 90, 92, 94, 89, 91, 93, 95, 97, 99, 101, 103, 88]
35: [183, 171, 184, 172]
36: [152, 151]
37: [97, 99, 101, 103, 88, 91, 93, 95, 92, 94, 96, 98, 100, 102, 104, 87]
38: [91, 92]
39: [91, 92]
40: [91, 92]
41: [129, 91, 92, 130]
42: [130, 131, 92, 91, 129, 132]
43: [132, 92, 91, 131]
44: [92, 91]
45: [92, 91]
46: [96, 98, 100, 102, 104, 87, 92, 94, 91, 93, 95, 97, 99, 101, 103, 88]
47: [171, 172]
48: [152, 151]
49: [97, 99, 101, 103, 88, 93, 95, 94, 96, 98, 100, 102, 104, 87]
50: [93, 94]
51: [93, 94]
52: [93, 94]
53: [129, 93, 94, 130]
54: [130, 131, 94, 93, 129, 132]
55: [132, 94, 93, 131]
56: [94, 93]
57: [94, 93]
58: [96, 98, 100, 102, 104, 87, 94, 93, 95, 97, 99, 101, 103, 88]
59: [171, 172]
60: [152, 151]
61: [97, 99, 101, 103, 88, 95, 96, 98, 100, 102, 104, 87]
62: [95, 96]
63: [95, 96]
64: [95, 96]
65: [129, 96, 95, 130]
66: [130, 131, 96, 95, 129, 132]
67: [132, 96, 131, 95]
68: [96, 95]
69: [96, 95]
70: [96, 98, 100, 102, 104, 87, 95, 97, 99, 101, 103, 88]
71: [171, 172]
72: [152, 151]
73: [97, 99, 101, 103, 88, 98, 100, 102, 104, 87]
74: [97, 98]
75: [97, 98]
76: [97, 98]
77: [129, 97, 98, 130]
78: [130, 131, 98, 97, 129, 132]
79: [132, 98, 131, 97]
80: [98, 97]
81: [98, 97]
82: [98, 100, 102, 104, 87, 97, 99, 101, 103, 88]
83: [171, 172]
84: [152, 151]
85: [88, 99, 101, 103, 100, 102, 104, 87]
86: [99, 100]
87: [99, 100]
88: [99, 100]
89: [129, 130, 99, 100]
90: [130, 131, 129, 100, 132, 99]
91: [132, 131, 100, 99]
92: [100, 99]
93: [100, 99]
94: [104, 100, 102, 87, 99, 101, 103, 88]
95: [171, 172]
96: [152, 151]
97: [88, 101, 103, 102, 104, 87]
98: [101, 102]
99: [101, 102]
100: [101, 102]
101: [129, 130, 101, 102]
102: [130, 131, 129, 132, 102, 101]
103: [132, 131, 102, 101]
104: [102, 101]
105: [102, 101]
106: [104, 102, 87, 101, 103, 88]
107: [171, 172]
108: [152, 151]
109: [88, 103, 104, 87]
110: [103, 104]
111: [103, 104]
112: [103, 104]
113: [129, 130, 104, 103]
114: [130, 131, 129, 132, 104, 103]
115: [132, 131, 104, 103]
116: [104, 103]
117: [104, 103]
118: [104, 87, 103, 88]
119: [171, 172]
120: [152, 151]
121: [88, 87]
122: [88, 87]
123: [88, 87]
124: [88, 87]
125: [129, 130, 88, 87]
126: [130, 131, 129, 132, 87, 88]
127: [131, 132, 87, 88]
128: [87, 88]
129: [87, 88]
130: [87, 88]
131: [171, 172]
132: [151, 152]
133: [151, 152]
134: [151, 152]
135: [151, 152]
136: [151, 152]
137: [151, 152]
138: [172, 151, 171, 152]
139: [172, 171]
140: [172, 171]
141: [172, 171]
142: [172, 171]
143: [172, 171]
19
0: [154, 181, 182, 153]
1: [154, 181, 182, 153]
2: [154, 181, 182, 153]
3: [154, 181, 182, 153]
4: [154, 181, 182, 153]
5: [154, 182, 181, 153]
6: [154, 182, 181, 153]
7: [154, 173, 182, 181, 174, 153]
8: [173, 182, 181, 174]
9: [173, 182, 181, 174]
10: [173, 182, 181, 174]
11: [173, 182, 181, 174]
12: [184, 181, 154, 182, 183, 153]
13: [97, 99, 101, 103, 88, 89, 91, 93, 95, 90, 92, 94, 96, 98, 100, 102, 104, 87]
14: [97, 99, 101, 103, 88, 89, 91, 93, 95, 90, 92, 94, 96, 98, 100, 102, 104, 87]
15: [97, 99, 101, 103, 88, 89, 91, 93, 95, 90, 92, 94, 96, 98, 100, 102, 104, 87]
16: [97, 99, 101, 103, 88, 89, 91, 93, 95, 90, 92, 94, 96, 98, 100, 102, 104, 87]
17: [97, 99, 101, 103, 88, 89, 91, 93, 95, 90, 92, 94, 96, 98, 100, 102, 104, 87]
18: [97, 99, 131, 101, 103, 88, 89, 91, 93, 95, 90, 132, 92, 94, 96, 98, 100, 102, 104, 87]
19: []
20: [96, 98, 100, 102, 134, 104, 87, 90, 92, 94, 89, 133, 91, 93, 95, 97, 99, 101, 103, 88]
21: [96, 98, 100, 102, 104, 87, 90, 92, 94, 89, 91, 93, 95, 97, 99, 101, 103, 88]
22: [96, 98, 100, 102, 104, 87, 90, 92, 94, 89, 91, 93, 95, 97, 99, 101, 103, 88]
23: [182, 183, 173, 184, 181, 174]
24: [184, 154, 183, 153]
25: [97, 99, 101, 103, 88, 89, 91, 93, 95, 90, 92, 94, 96, 98, 100, 102, 104, 87]
26: [89, 90]
27: [89, 90]
28: [89, 90]
29: [90, 89]
30: [131, 90, 89, 132]
31: [132, 133, 90, 89, 131, 134]
32: [134, 90, 89, 133]
33: [90, 89]
34: [96, 98, 100, 102, 104, 87, 90, 92, 94, 89, 91, 93, 95, 97, 99, 101, 103, 88]
35: [183, 173, 184, 174]
36: [154, 153]
37: [97, 99, 101, 103, 88, 91, 93, 95, 92, 94, 96, 98, 100, 102, 104, 87]
38: [91, 92]
39: [91, 92]
40: [91, 92]
41: [92, 91]
42: [131, 92, 91, 132]
43: [132, 133, 92, 91, 131, 134]
44: [134, 92, 91, 133]
45: [92, 91]
46: [96, 98, 100, 102, 104, 87, 92, 94, 91, 93, 95, 97, 99, 101, 103, 88]
47: [173, 174]
48: [154, 153]
49: [97, 99, 101, 103, 88, 93, 95, 94, 96, 98, 100, 102, 104, 87]
50: [93, 94]
51: [93, 94]
52: [93, 94]
53: [94, 93]
54: [131, 94, 93, 132]
55: [132, 133, 94, 93, 131, 134]
56: [134, 94, 93, 133]
57: [94, 93]
58: [96, 98, 100, 102, 104, 87, 94, 93, 95, 97, 99, 101, 103, 88]
59: [173, 174]
60: [154, 153]
61: [97, 99, 101, 103, 88, 95, 96, 98, 100, 102, 104, 87]
62: [95, 96]
63: [95, 96]
64: [96, 95]
65: [96, 95]
66: [131, 96, 132, 95]
67: [132, 133, 96, 131, 134, 95]
68: [134, 96, 133, 95]
69: [96, 95]
70: [96, 98, 100, 102, 104, 87, 95, 97, 99, 101, 103, 88]
71: [173, 174]
72: [154, 153]
73: [97, 99, 101, 103, 88, 98, 100, 102, 104, 87]
74: [97, 98]
75: [97, 98]
76: [97, 98]
77: [98, 97]
78: [131, 98, 132, 97]
79: [132, 133, 98, 131, 134, 97]
80: [134, 98, 133, 97]
81: [98, 97]
82: [98, 100, 102, 104, 87, 97, 99, 101, 103, 88]
83: [173, 174]
84: [154, 153]
85: [88, 99, 101, 103, 100, 102, 104, 87]
86: [99, 100]
87: [99, 100]
88: [99, 100]
89: [100, 99]
90: [131, 132, 100, 99]
91: [132, 133, 100, 131, 134, 99]
92: [134, 100, 133, 99]
93: [100, 99]
94: [104, 100, 102, 87, 99, 101, 103, 88]
95: [173, 174]
96: [154, 153]
97: [88, 101, 103, 102, 104, 87]
98: [101, 102]
99: [101, 102]
100: [101, 102]
101: [102, 101]
102: [131, 132, 102, 101]
103: [132, 133, 134, 131, 102, 101]
104: [134, 133, 102, 101]
105: [102, 101]
106: [104, 102, 87, 101, 103, 88]
107: [173, 174]
108: [154, 153]
109: [88, 103, 104, 87]
110: [103, 104]
111: [103, 104]
112: [104, 103]
113: [104, 103]
114: [131, 132, 104, 103]
115: [132, 133, 131, 134, 104, 103]
116: [134, 133, 104, 103]
117: [104, 103]
118: [104, 87, 103, 88]
119: [173, 174]
120: [153, 154]
121: [88, 87]
122: [88, 87]
123: [88, 87]
124: [88, 87]
125: [87, 88]
126: [131, 132, 87, 88]
127: [132, 133, 131, 134, 87, 88]
128: [133, 134, 87, 88]
129: [87, 88]
130: [87, 88]
131: [173, 174]
132: [153, 154]
133: [153, 154]
134: [153, 154]
135: [153, 154]
136: [153, 154]
137: [153, 154]
138: [153, 154]
139: [153, 174, 173, 154]
140: [174, 173]
141: [174, 173]
142: [174, 173]
143: [174, 173]
20
0: [156, 181, 182, 155]
1: [156, 181, 182, 155]
2: [156, 181, 182, 155]
3: [156, 181, 182, 155]
4: [156, 182, 181, 155]
5: [156, 182, 181, 155]
6: [156, 182, 181, 155]
7: [156, 182, 181, 155]
8: [156, 175, 182, 181, 176, 155]
9: [175, 182, 181, 176]
10: [175, 182, 181, 176]
11: [182, 175, 181, 176]
12: [184, 181, 156, 182, 183, 155]
13: [97, 99, 101, 103, 88, 89, 91, 93, 95, 90, 92, 94, 96, 98, 100, 102, 104, 87]
14: [97, 99, 101, 103, 88, 89, 91, 93, 95, 90, 92, 94, 96, 98, 100, 102, 104, 87]
15: [97, 99, 101, 103, 88, 89, 91, 93, 95, 90, 92, 94, 96, 98, 100, 102, 104, 87]
16: [97, 99, 101, 103, 88, 89, 91, 93, 95, 90, 92, 94, 96, 98, 100, 102, 104, 87]
17: [97, 99, 101, 103, 88, 89, 91, 93, 95, 90, 92, 94, 96, 98, 100, 102, 104, 87]
18: [97, 99, 101, 103, 88, 89, 91, 93, 95, 90, 92, 94, 96, 98, 100, 102, 104, 87]
19: [97, 99, 101, 133, 103, 88, 89, 91, 93, 95, 90, 134, 92, 94, 96, 98, 100, 102, 104, 87]
20: []
21: [96, 98, 100, 102, 104, 136, 87, 90, 92, 94, 89, 135, 91, 93, 95, 97, 99, 101, 103, 88]
22: [96, 98, 100, 102, 104, 87, 90, 92, 94, 89, 91, 93, 95, 97, 99, 101, 103, 88]
23: [182, 183, 175, 184, 181, 176]
24: [184, 156, 183, 155]
25: [97, 99, 101, 103, 88, 89, 91, 93, 95, 90, 92, 94, 96, 98, 100, 102, 104, 87]
26: [89, 90]
27: [89, 90]
28: [90, 89]
29: [90, 89]
30: [90, 89]
31: [133, 90, 89, 134]
32: [134, 135, 90, 89, 136, 133]
33: [136, 90, 89, 135]
34: [96, 98, 100, 102, 104, 87, 90, 92, 94, 89, 91, 93, 95, 97, 99, 101, 103, 88]
35: [183, 175, 184, 176]
36: [156, 155]
37: [97, 99, 101, 103, 88, 91, 93, 95, 92, 94, 96, 98, 100, 102, 104, 87]
38: [91, 92]
39: [91, 92]
40: [92, 91]
41: [92, 91]
42: [92, 91]
43: [133, 92, 91, 134]
44: [134, 135, 92, 91, 136, 133]
45: [136, 92, 91, 135]
46: [96, 98, 100, 102, 104, 87, 92, 94, 91, 93, 95, 97, 99, 101, 103, 88]
47: [175, 176]
48: [156, 155]
49: [97, 99, 101, 103, 88, 93, 95, 94, 96, 98, 100, 102, 104, 87]
50: [93, 94]
51: [93, 94]
52: [94, 93]
53: [94, 93]
54: [94, 93]
55: [133, 94, 93, 134]
56: [134, 135, 94, 136, 93, 133]
57: [136, 94, 135, 93]
58: [96, 98, 100, 102, 104, 87, 94, 93, 95, 97, 99, 101, 103, 88]
59: [175, 176]
60: [156, 155]
61: [97, 99, 101, 103, 88, 95, 96, 98, 100, 102, 104, 87]
62: [95, 96]
63: [96, 95]
64: [96, 95]
65: [96, 95]
66: [96, 95]
67: [133, 96, 134, 95]
68: [134, 135, 96, 136, 133, 95]
69: [136, 96, 135, 95]
70: [96, 98, 100, 102, 104, 87, 95, 97, 99, 101, 103, 88]
71: [175, 176]
72: [156, 155]
73: [97, 99, 101, 103, 88, 98, 100, 102, 104, 87]
74: [97, 98]
75: [97, 98]
76: [98, 97]
77: [98, 97]
78: [98, 97]
79: [133, 98, 134, 97]
80: [134, 135, 98, 136, 133, 97]
81: [136, 98, 135, 97]
82: [98, 100, 102, 104, 87, 97, 99, 101, 103, 88]
83: [175, 176]
84: [156, 155]
85: [88, 99, 101, 103, 100, 102, 104, 87]
86: [99, 100]
87: [99, 100]
88: [100, 99]
89: [100, 99]
90: [100, 99]
91: [133, 100, 134, 99]
92: [134, 135, 100, 136, 133, 99]
93: [136, 100, 135, 99]
94: [104, 100, 102, 87, 99, 101, 103, 88]
95: [175, 176]
96: [156, 155]
97: [88, 101, 103, 102, 104, 87]
98: [101, 102]
99: [101, 102]
100: [102, 101]
101: [102, 101]
102: [102, 101]
103: [133, 134, 102, 101]
104: [134, 135, 102, 136, 133, 101]
105: [136, 102, 135, 101]
106: [104, 102, 87, 101, 103, 88]
107: [175, 176]
108: [156, 155]
109: [88, 103, 104, 87]
110: [103, 104]
111: [104, 103]
112: [104, 103]
113: [104, 103]
114: [104, 103]
115: [133, 134, 104, 103]
116: [134, 135, 104, 136, 133, 103]
117: [136, 104, 135, 103]
118: [104, 87, 103, 88]
119: [175, 176]
120: [155, 156]
121: [88, 87]
122: [88, 87]
123: [88, 87]
124: [87, 88]
125: [87, 88]
126: [87, 88]
127: [133, 134, 87, 88]
128: [134, 135, 136, 133, 87, 88]
129: [136, 135, 87, 88]
130: [87, 88]
131: [176, 175]
132: [155, 156]
133: [155, 156]
134: [155, 156]
135: [155, 156]
136: [155, 156]
137: [155, 156]
138: [155, 156]
139: [155, 156]
140: [176, 155, 175, 156]
141: [176, 175]
142: [176, 175]
143: [176, 175]
21
0: [181, 158, 182, 157]
1: [158, 181, 182, 157]
2: [158, 181, 182, 157]
3: [158, 182, 181, 157]
4: [158, 182, 181, 157]
5: [158, 182, 181, 157]
6: [158, 182, 181, 157]
7: [158, 182, 181, 157]
8: [158, 182, 181, 157]
9: [177, 158, 182, 181, 178, 157]
10: [177, 182, 181, 178]
11: [177, 182, 181, 178]
12: [184, 181, 158, 182, 183, 157]
13: [97, 99, 101, 103, 88, 89, 91, 93, 95, 90, 92, 94, 96, 98, 100, 102, 104, 87]
14: [97, 99, 101, 103, 88, 89, 91, 93, 95, 90, 92, 94, 96, 98, 100, 102, 104, 87]
15: [97, 99, 101, 103, 88, 89, 91, 93, 95, 90, 92, 94, 96, 98, 100, 102, 104, 87]
16: [97, 99, 101, 103, 88, 89, 91, 93, 95, 90, 92, 94, 96, 98, 100, 102, 104, 87]
17: [97, 99, 101, 103, 88, 89, 91, 93, 95, 90, 92, 94, 96, 98, 100, 102, 104, 87]
18: [97, 99, 101, 103, 88, 89, 91, 93, 95, 90, 92, 94, 96, 98, 100, 102, 104, 87]
19: [97, 99, 101, 103, 88, 89, 91, 93, 95, 90, 92, 94, 96, 98, 100, 102, 104, 87]
20: [97, 99, 101, 103, 135, 88, 89, 91, 93, 95, 136, 90, 92, 94, 96, 98, 100, 102, 104, 87]
21: []
22: [96, 98, 100, 102, 104, 138, 87, 90, 92, 94, 89, 137, 91, 93, 95, 97, 99, 101, 103, 88]
23: [182, 183, 177, 184, 178, 181]
24: [184, 158, 183, 157]
25: [97, 99, 101, 103, 88, 89, 91, 93, 95, 90, 92, 94, 96, 98, 100, 102, 104, 87]
26: [89, 90]
27: [90, 89]
28: [90, 89]
29: [90, 89]
30: [90, 89]
31: [90, 89]
32: [135, 90, 89, 136]
33: [136, 137, 90, 89, 138, 135]
34: [96, 98, 100, 102, 104, 138, 87, 90, 92, 94, 89, 137, 91, 93, 95, 97, 99, 101, 103, 88]
35: [183, 177, 184, 178]
36: [158, 157]
37: [97, 99, 101, 103, 88, 91, 93, 95, 92, 94, 96, 98, 100, 102, 104, 87]
38: [91, 92]
39: [92, 91]
40: [92, 91]
41: [92, 91]
42: [92, 91]
43: [92, 91]
44: [135, 92, 136, 91]
45: [136, 137, 92, 138, 91, 135]
46: [96, 98, 100, 102, 104, 138, 87, 92, 94, 137, 91, 93, 95, 97, 99, 101, 103, 88]
47: [177, 178]
48: [158, 157]
49: [97, 99, 101, 103, 88, 93, 95, 94, 96, 98, 100, 102, 104, 87]
50: [93, 94]
51: [94, 93]
52: [94, 93]
53: [94, 93]
54: [94, 93]
55: [94, 93]
56: [135, 94, 136, 93]
57: [136, 137, 94, 138, 135, 93]
58: [96, 98, 100, 102, 104, 138, 87, 94, 137, 93, 95, 97, 99, 101, 103, 88]
59: [177, 178]
60: [158, 157]
61: [97, 99, 101, 103, 88, 95, 96, 98, 100, 102, 104, 87]
62: [96, 95]
63: [96, 95]
64: [96, 95]
65: [96, 95]
66: [96, 95]
67: [96, 95]
68: [135, 96, 136, 95]
69: [136, 137, 96, 138, 135, 95]
70: [96, 98, 100, 102, 104, 138, 87, 137, 95, 97, 99, 101, 103, 88]
71: [177, 178]
72: [158, 157]
73: [97, 99, 101, 103, 88, 98, 100, 102, 104, 87]
74: [97, 98]
75: [98, 97]
76: [98, 97]
77: [98, 97]
78: [98, 97]
79: [98, 97]
80: [135, 98, 136, 97]
81: [136, 137, 98, 138, 135, 97]
82: [98, 100, 102, 104, 138, 87, 137, 97, 99, 101, 103, 88]
83: [177, 178]
84: [158, 157]
85: [88, 99, 101, 103, 100, 102, 104, 87]
86: [99, 100]
87: [100, 99]
88: [100, 99]
89: [100, 99]
90: [100, 99]
91: [100, 99]
92: [135, 100, 136, 99]
93: [136, 137, 100, 138, 135, 99]
94: [100, 102, 104, 138, 87, 137, 99, 101, 103, 88]
95: [177, 178]
96: [158, 157]
97: [88, 101, 103, 102, 104, 87]
98: [101, 102]
99: [102, 101]
100: [102, 101]
101: [102, 101]
102: [102, 101]
103: [102, 101]
104: [135, 102, 136, 101]
105: [136, 137, 102, 138, 135, 101]
106: [104, 138, 102, 87, 137, 101, 103, 88]
107: [177, 178]
108: [158, 157]
109: [88, 103, 104, 87]
110: [104, 103]
111: [104, 103]
112: [104, 103]
113: [104, 103]
114: [104, 103]
115: [104, 103]
116: [135, 104, 136, 103]
117: [136, 137, 104, 138, 135, 103]
118: [104, 138, 87, 137, 103, 88]
119: [177, 178]
120: [157, 158]
121: [88, 87]
122: [88, 87]
123: [87, 88]
124: [87, 88]
125: [87, 88]
126: [87, 88]
127: [87, 88]
128: [136, 135, 87, 88]
129: [136, 137, 135, 138, 87, 88]
130: [137, 138, 87, 88]
131: [177, 178]
132: [157, 158]
133: [157, 158]
134: [157, 158]
135: [157, 158]
136: [157, 158]
137: [157, 158]
138: [157, 158]
139: [157, 158]
140: [157, 158]
141: [178, 157, 177, 158]
142: [178, 177]
143: [178, 177]
22
0: [160, 181, 182, 159]
1: [160, 181, 182, 159]
2: [160, 182, 181, 159]
3: [160, 182, 181, 159]
4: [160, 182, 181, 159]
5: [160, 182, 181, 159]
6: [160, 182, 181, 159]
7: [160, 182, 181, 159]
8: [160, 182, 181, 159]
9: [160, 182, 181, 159]
10: [160, 179, 182, 181, 180, 159]
11: [179, 182, 180, 181]
12: [184, 181, 160, 182, 183, 159]
13: [97, 99, 101, 103, 88, 89, 91, 93, 95, 90, 92, 94, 96, 98, 100, 102, 104, 87]
14: [97, 99, 101, 103, 88, 89, 91, 93, 95, 90, 92, 94, 96, 98, 100, 102, 104, 87]
15: [97, 99, 101, 103, 88, 89, 91, 93, 95, 90, 92, 94, 96, 98, 100, 102, 104, 87]
16: [97, 99, 101, 103, 88, 89, 91, 93, 95, 90, 92, 94, 96, 98, 100, 102, 104, 87]
17: [97, 99, 101, 103, 88, 89, 91, 93, 95, 90, 92, 94, 96, 98, 100, 102, 104, 87]
18: [97, 99, 101, 103, 88, 89, 91, 93, 95, 90, 92, 94, 96, 98, 100, 102, 104, 87]
19: [97, 99, 101, 103, 88, 89, 91, 93, 95, 90, 92, 94, 96, 98, 100, 102, 104, 87]
20: [97, 99, 101, 103, 88, 89, 91, 93, 95, 90, 92, 94, 96, 98, 100, 102, 104, 87]
21: [97, 99, 101, 103, 137, 88, 89, 91, 93, 95, 90, 138, 92, 94, 96, 98, 100, 102, 104, 87]
22: []
23: [182, 183, 179, 180, 184, 181]
24: [184, 160, 183, 159]
25: [97, 99, 101, 103, 88, 89, 90, 91, 93, 95, 92, 94, 96, 98, 100, 102, 104, 87]
26: [90, 89]
27: [90, 89]
28: [90, 89]
29: [90, 89]
30: [90, 89]
31: [90, 89]
32: [90, 89]
33: [137, 90, 89, 138]
34: [96, 98, 100, 102, 104, 138, 87, 90, 92, 94, 89, 137, 91, 93, 95, 97, 99, 101, 103, 88]
35: [183, 179, 180, 184]
36: [160, 159]
37: [97, 99, 101, 103, 88, 91, 92, 93, 95, 94, 96, 98, 100, 102, 104, 87]
38: [92, 91]
39: [92, 91]
40: [92, 91]
41: [92, 91]
42: [92, 91]
43: [92, 91]
44: [92, 91]
45: [137, 92, 138, 91]
46: [96, 98, 100, 102, 104, 138, 87, 92, 94, 137, 91, 93, 95, 97, 99, 101, 103, 88]
47: [179, 180]
48: [160, 159]
49: [97, 99, 101, 103, 88, 93, 94, 95, 96, 98, 100, 102, 104, 87]
50: [94, 93]
51: [94, 93]
52: [94, 93]
53: [94, 93]
54: [94, 93]
55: [94, 93]
56: [94, 93]
57: [137, 94, 138, 93]
58: [96, 98, 100, 102, 104, 138, 87, 94, 137, 93, 95, 97, 99, 101, 103, 88]
59: [179, 180]
60: [160, 159]
61: [96, 97, 99, 101, 103, 88, 95, 98, 100, 102, 104, 87]
62: [96, 95]
63: [96, 95]
64: [96, 95]
65: [96, 95]
66: [96, 95]
67: [96, 95]
68: [96, 95]
69: [96, 137, 138, 95]
70: [96, 98, 100, 102, 104, 138, 87, 137, 95, 97, 99, 101, 103, 88]
71: [179, 180]
72: [160, 159]
73: [97, 98, 99, 101, 103, 88, 100, 102, 104, 87]
74: [98, 97]
75: [98, 97]
76: [98, 97]
77: [98, 97]
78: [98, 97]
79: [98, 97]
80: [98, 97]
81: [137, 98, 138, 97]
82: [98, 100, 102, 104, 138, 87, 137, 97, 99, 101, 103, 88]
83: [179, 180]
84: [160, 159]
85: [99, 100, 101, 103, 88, 102, 104, 87]
86: [100, 99]
87: [100, 99]
88: [100, 99]
89: [100, 99]
90: [100, 99]
91: [100, 99]
92: [100, 99]
93: [137, 100, 138, 99]
94: [100, 102, 104, 138, 87, 137, 99, 101, 103, 88]
95: [179, 180]
96: [160, 159]
97: [88, 101, 102, 103, 104, 87]
98: [102, 101]
99: [102, 101]
100: [102, 101]
101: [102, 101]
102: [102, 101]
103: [102, 101]
104: [102, 101]
105: [137, 102, 138, 101]
106: [104, 138, 102, 87, 137, 101, 103, 88]
107: [179, 180]
108: [160, 159]
109: [88, 104, 103, 87]
110: [104, 103]
111: [104, 103]
112: [104, 103]
113: [104, 103]
114: [104, 103]
115: [104, 103]
116: [104, 103]
117: [104, 137, 138, 103]
118: [104, 138, 87, 137, 103, 88]
119: [179, 180]
120: [160, 159]
121: [88, 87]
122: [87, 88]
123: [87, 88]
124: [87, 88]
125: [87, 88]
126: [87, 88]
127: [87, 88]
128: [87, 88]
129: [137, 138, 87, 88]
130: [138, 87, 137, 88]
131: [179, 180]
132: [159, 160]
133: [159, 160]
134: [159, 160]
135: [159, 160]
136: [159, 160]
137: [159, 160]
138: [159, 160]
139: [159, 160]
140: [159, 160]
141: [159, 160]
142: [180, 159, 179, 160]
143: [180, 179]
23
0: [139, 181, 182, 140]
1: [162, 139, 182, 181, 161, 140]
2: [162, 139, 164, 182, 181, 163, 161, 140]
3: [162, 164, 166, 139, 182, 181, 165, 163, 161, 140]
4: [162, 164, 166, 168, 139, 182, 181, 167, 165, 163, 161, 140]
5: [162, 164, 166, 168, 170, 139, 182, 181, 169, 167, 165, 163, 161, 140]
6: [162, 164, 166, 168, 170, 139, 172, 182, 181, 171, 169, 167, 165, 163, 161, 140]
7: [162, 164, 166, 168, 170, 139, 172, 174, 182, 181, 173, 171, 169, 167, 165, 163, 161, 140]
8: [162, 164, 166, 168, 170, 139, 172, 174, 176, 182, 181, 175, 173, 171, 169, 167, 165, 163, 161, 140]
9: [162, 164, 166, 168, 170, 139, 172, 174, 176, 178, 182, 181, 177, 175, 173, 171, 169, 167, 165, 163, 161, 140]
10: [162, 164, 166, 168, 170, 139, 172, 174, 176, 178, 180, 182, 179, 181, 177, 175, 173, 171, 169, 167, 165, 163, 161, 140]
11: [162, 164, 166, 168, 170, 139, 172, 174, 176, 178, 180, 182, 179, 181, 177, 175, 173, 171, 169, 167, 165, 163, 161, 140]
12: [184, 181, 139, 182, 183, 140]
13: [184, 181, 162, 182, 183, 161]
14: [184, 181, 164, 182, 183, 163]
15: [184, 181, 166, 182, 183, 165]
16: [184, 181, 168, 182, 183, 167]
17: [184, 181, 170, 182, 183, 169]
18: [184, 181, 172, 182, 183, 171]
19: [184, 181, 174, 182, 183, 173]
20: [184, 181, 176, 182, 183, 175]
21: [184, 181, 178, 177, 182, 183]
22: [184, 181, 180, 179, 182, 183]
23: []
24: [184, 183, 139, 140]
25: [183, 184, 162, 161]
26: [183, 164, 184, 163]
27: [183, 166, 184, 165]
28: [183, 168, 184, 167]
29: [183, 170, 184, 169]
30: [183, 172, 184, 171]
31: [183, 174, 184, 173]
32: [183, 176, 184, 175]
33: [183, 178, 184, 177]
34: [183, 180, 179, 184]
35: [161, 163, 165, 167, 169, 171, 140, 173, 175, 177, 179, 183, 184, 180, 178, 176, 174, 172, 170, 168, 166, 164, 162, 139]
36: [139, 140]
37: [162, 161]
38: [164, 163]
39: [166, 165]
40: [168, 167]
41: [170, 169]
42: [172, 171]
43: [174, 173]
44: [176, 175]
45: [178, 177]
46: [180, 179]
47: [161, 163, 165, 167, 169, 171, 140, 173, 175, 177, 179, 180, 178, 176, 174, 172, 170, 168, 166, 164, 162, 139]
48: [139, 140]
49: [162, 161]
50: [164, 163]
51: [166, 165]
52: [168, 167]
53: [170, 169]
54: [172, 171]
55: [174, 173]
56: [176, 175]
57: [178, 177]
58: [180, 179]
59: [161, 163, 165, 167, 169, 171, 140, 173, 175, 177, 179, 180, 178, 176, 174, 172, 170, 168, 166, 164, 162, 139]
60: [139, 140]
61: [162, 161]
62: [164, 163]
63: [166, 165]
64: [168, 167]
65: [170, 169]
66: [172, 171]
67: [174, 173]
68: [176, 175]
69: [178, 177]
70: [180, 179]
71: [161, 163, 165, 167, 169, 171, 140, 173, 175, 177, 179, 180, 178, 176, 174, 172, 170, 168, 166, 164, 162, 139]
72: [139, 140]
73: [162, 161]
74: [164, 163]
75: [166, 165]
76: [168, 167]
77: [170, 169]
78: [172, 171]
79: [174, 173]
80: [176, 175]
81: [178, 177]
82: [180, 179]
83: [161, 163, 165, 167, 169, 171, 140, 173, 175, 177, 179, 180, 178, 176, 174, 172, 170, 168, 166, 164, 162, 139]
84: [139, 140]
85: [162, 161]
86: [164, 163]
87: [166, 165]
88: [168, 167]
89: [170, 169]
90: [172, 171]
91: [174, 173]
92: [176, 175]
93: [178, 177]
94: [180, 179]
95: [161, 163, 165, 167, 169, 171, 140, 173, 175, 177, 179, 180, 178, 176, 174, 172, 170, 168, 166, 164, 162, 139]
96: [139, 140]
97: [162, 161]
98: [164, 163]
99: [166, 165]
100: [168, 167]
101: [170, 169]
102: [172, 171]
103: [174, 173]
104: [176, 175]
105: [178, 177]
106: [180, 179]
107: [161, 163, 165, 167, 169, 171, 140, 173, 175, 177, 179, 180, 178, 176, 174, 172, 170, 168, 166, 164, 162, 139]
108: [139, 140]
109: [162, 161]
110: [164, 163]
111: [166, 165]
112: [168, 167]
113: [170, 169]
114: [172, 171]
115: [174, 173]
116: [176, 175]
117: [178, 177]
118: [180, 179]
119: [161, 163, 165, 167, 169, 171, 140, 173, 175, 177, 179, 180, 178, 176, 174, 172, 170, 168, 166, 164, 162, 139]
120: [139, 140]
121: [161, 162]
122: [163, 164]
123: [165, 166]
124: [168, 167]
125: [169, 170]
126: [171, 172]
127: [173, 174]
128: [176, 175]
129: [177, 178]
130: [179, 180]
131: [161, 163, 165, 167, 169, 171, 140, 173, 175, 177, 179, 180, 178, 176, 174, 172, 170, 168, 166, 164, 162, 139]
132: [140, 139]
133: [161, 140, 162, 139]
134: [161, 163, 140, 164, 162, 139]
135: [161, 163, 140, 165, 166, 164, 162, 139]
136: [161, 163, 165, 167, 140, 168, 166, 164, 162, 139]
137: [161, 163, 165, 167, 169, 140, 170, 168, 166, 164, 162, 139]
138: [161, 163, 165, 167, 169, 171, 140, 172, 170, 168, 166, 164, 162, 139]
139: [161, 163, 165, 167, 169, 171, 140, 173, 174, 172, 170, 168, 166, 164, 162, 139]
140: [161, 163, 165, 167, 169, 171, 140, 173, 175, 176, 174, 172, 170, 168, 166, 164, 162, 139]
141: [161, 163, 165, 167, 169, 171, 140, 173, 175, 177, 178, 176, 174, 172, 170, 168, 166, 164, 162, 139]
142: [161, 163, 165, 167, 169, 171, 140, 173, 175, 177, 179, 180, 178, 176, 174, 172, 170, 168, 166, 164, 162, 139]
143: [161, 163, 165, 167, 169, 171, 140, 173, 175, 177, 179, 180, 178, 176, 174, 172, 170, 168, 166, 164, 162, 139]
24
0: [140, 141, 143, 145, 147, 149, 151, 153, 155, 157, 159, 142, 144, 146, 148, 150, 152, 154, 156, 158, 160, 139]
1: [140, 141, 143, 145, 147, 149, 151, 153, 155, 157, 159, 142, 144, 146, 148, 150, 152, 154, 156, 158, 160, 139]
2: [140, 143, 145, 147, 149, 151, 153, 155, 157, 159, 144, 146, 148, 150, 152, 154, 156, 158, 160, 139]
3: [140, 145, 147, 149, 151, 153, 155, 157, 159, 146, 148, 150, 152, 154, 156, 158, 160, 139]
4: [140, 147, 149, 151, 153, 155, 157, 159, 148, 150, 152, 154, 156, 158, 160, 139]
5: [140, 149, 151, 153, 155, 157, 159, 150, 152, 154, 156, 158, 160, 139]
6: [140, 151, 153, 155, 157, 159, 152, 154, 156, 158, 160, 139]
7: [140, 153, 155, 157, 159, 154, 156, 158, 160, 139]
8: [155, 140, 157, 159, 156, 158, 160, 139]
9: [140, 157, 159, 158, 160, 139]
10: [140, 159, 160, 139]
11: [140, 139]
12: [140, 141, 143, 145, 147, 149, 151, 153, 155, 157, 183, 159, 184, 142, 144, 146, 148, 150, 152, 154, 156, 158, 160, 139]
13: [183, 141, 142, 184]
14: [183, 143, 144, 184]
15: [183, 145, 184, 146]
16: [183, 147, 184, 148]
17: [183, 149, 184, 150]
18: [183, 151, 184, 152]
19: [183, 153, 184, 154]
20: [183, 155, 184, 156]
21: [183, 157, 184, 158]
22: [183, 184, 159, 160]
23: [184, 183, 140, 139]
24: []
25: [184, 185, 141, 142, 186, 183]
26: [184, 185, 143, 144, 186, 183]
27: [184, 185, 145, 186, 146, 183]
28: [184, 185, 147, 186, 183, 148]
29: [184, 185, 149, 186, 183, 150]
30: [184, 185, 151, 186, 183, 152]
31: [184, 185, 153, 186, 183, 154]
32: [184, 185, 155, 186, 183, 156]
33: [184, 185, 157, 186, 183, 158]
34: [184, 185, 183, 186, 159, 160]
35: [184, 185, 186, 183, 140, 139]
36: [160, 186, 139, 142, 144, 146, 148, 150, 152, 154, 156, 158, 185, 141, 143, 145, 147, 149, 151, 153, 155, 157, 159, 140]
37: [186, 141, 142, 185]
38: [186, 143, 144, 185]
39: [186, 145, 185, 146]
40: [186, 147, 185, 148]
41: [186, 149, 185, 150]
42: [186, 151, 185, 152]
43: [186, 153, 185, 154]
44: [186, 155, 185, 156]
45: [186, 185, 157, 158]
46: [186, 185, 159, 160]
47: [185, 186, 140, 139]
48: [160, 139, 142, 144, 146, 148, 150, 152, 154, 156, 158, 141, 143, 145, 147, 149, 151, 153, 155, 157, 159, 140]
49: [141, 142]
50: [143, 144]
51: [145, 146]
52: [147, 148]
53: [149, 150]
54: [151, 152]
55: [153, 154]
56: [155, 156]
57: [157, 158]
58: [159, 160]
59: [140, 139]
60: [160, 139, 142, 144, 146, 148, 150, 152, 154, 156, 158, 141, 143, 145, 147, 149, 151, 153, 155, 157, 159, 140]
61: [141, 142]
62: [143, 144]
63: [145, 146]
64: [147, 148]
65: [149, 150]
66: [151, 152]
67: [153, 154]
68: [155, 156]
69: [157, 158]
70: [159, 160]
71: [140, 139]
72: [160, 139, 142, 144, 146, 148, 150, 152, 154, 156, 158, 141, 143, 145, 147, 149, 151, 153, 155, 157, 159, 140]
73: [141, 142]
74: [143, 144]
75: [145, 146]
76: [147, 148]
77: [149, 150]
78: [151, 152]
79: [153, 154]
80: [155, 156]
81: [157, 158]
82: [159, 160]
83: [140, 139]
84: [160, 139, 142, 144, 146, 148, 150, 152, 154, 156, 158, 141, 143, 145, 147, 149, 151, 153, 155, 157, 159, 140]
85: [141, 142]
86: [143, 144]
87: [145, 146]
88: [147, 148]
89: [149, 150]
90: [151, 152]
91: [153, 154]
92: [155, 156]
93: [157, 158]
94: [159, 160]
95: [140, 139]
96: [160, 139, 142, 144, 146, 148, 150, 152, 154, 156, 158, 141, 143, 145, 147, 149, 151, 153, 155, 157, 159, 140]
97: [141, 142]
98: [143, 144]
99: [145, 146]
100: [147, 148]
101: [149, 150]
102: [151, 152]
103: [153, 154]
104: [155, 156]
105: [157, 158]
106: [159, 160]
107: [140, 139]
108: [160, 139, 142, 144, 146, 148, 150, 152, 154, 156, 158, 141, 143, 145, 147, 149, 151, 153, 155, 157, 159, 140]
109: [141, 142]
110: [144, 143]
111: [145, 146]
112: [147, 148]
113: [149, 150]
114: [152, 151]
115: [153, 154]
116: [155, 156]
117: [157, 158]
118: [160, 159]
119: [139, 140]
120: [160, 139, 142, 144, 146, 148, 150, 152, 154, 156, 158, 141, 143, 145, 147, 149, 151, 153, 155, 157, 159, 140]
121: [142, 141]
122: [144, 143]
123: [146, 145]
124: [148, 147]
125: [150, 149]
126: [152, 151]
127: [154, 153]
128: [156, 155]
129: [158, 157]
130: [160, 159]
131: [139, 140]
132: [160, 139, 142, 144, 146, 148, 150, 152, 154, 156, 158, 141, 143, 145, 147, 149, 151, 153, 155, 157, 159, 140]
133: [160, 139, 142, 144, 146, 148, 150, 152, 154, 156, 158, 141, 143, 145, 147, 149, 151, 153, 155, 157, 159, 140]
134: [160, 139, 144, 146, 148, 150, 152, 154, 156, 158, 143, 145, 147, 149, 151, 153, 155, 157, 159, 140]
135: [160, 139, 146, 148, 150, 152, 154, 156, 158, 145, 147, 149, 151, 153, 155, 157, 159, 140]
136: [160, 139, 148, 150, 152, 154, 156, 158, 147, 149, 151, 153, 155, 157, 159, 140]
137: [160, 139, 150, 152, 154, 156, 158, 149, 151, 153, 155, 157, 159, 140]
138: [160, 139, 152, 154, 156, 158, 151, 153, 155, 157, 159, 140]
139: [160, 139, 154, 156, 158, 153, 155, 157, 159, 140]
140: [160, 139, 156, 158, 155, 157, 159, 140]
141: [160, 139, 158, 157, 159, 140]
142: [160, 139, 159, 140]
143: [139, 140]
25
0: [142, 141]
1: [161, 142, 141, 162]
2: [161, 162]
3: [161, 162]
4: [161, 162]
5: [161, 162]
6: [161, 162]
7: [161, 162]
8: [161, 162]
9: [161, 162]
10: [161, 162]
11: [161, 162]
12: [183, 142, 141, 184]
13: [96, 98, 100, 102, 122, 104, 87, 90, 92, 94, 89, 121, 91, 93, 95, 97, 99, 101, 103, 88]
14: [96, 98, 100, 102, 122, 104, 87, 90, 92, 94, 89, 121, 91, 93, 95, 97, 99, 101, 103, 88]
15: [96, 98, 100, 102, 104, 87, 90, 92, 94, 89, 91, 93, 95, 97, 99, 101, 103, 88]
16: [96, 98, 100, 102, 104, 87, 90, 92, 94, 89, 91, 93, 95, 97, 99, 101, 103, 88]
17: [96, 98, 100, 102, 104, 87, 90, 92, 94, 89, 91, 93, 95, 97, 99, 101, 103, 88]
18: [96, 98, 100, 102, 104, 87, 90, 92, 94, 89, 91, 93, 95, 97, 99, 101, 103, 88]
19: [96, 98, 100, 102, 104, 87, 90, 92, 94, 89, 91, 93, 95, 97, 99, 101, 103, 88]
20: [96, 98, 100, 102, 104, 87, 90, 92, 94, 89, 91, 93, 95, 97, 99, 101, 103, 88]
21: [96, 98, 100, 102, 104, 87, 90, 92, 94, 89, 91, 93, 95, 97, 99, 101, 103, 88]
22: [96, 98, 100, 102, 104, 87, 89, 90, 92, 94, 91, 93, 95, 97, 99, 101, 103, 88]
23: [184, 161, 183, 162]
24: [186, 183, 142, 141, 184, 185]
25: []
26: [89, 106, 122, 121, 90, 105]
27: [89, 106, 90, 105]
28: [89, 106, 90, 105]
29: [89, 106, 90, 105]
30: [89, 106, 90, 105]
31: [89, 106, 90, 105]
32: [89, 106, 90, 105]
33: [89, 106, 90, 105]
34: [89, 106, 96, 98, 100, 102, 104, 87, 90, 91, 92, 94, 93, 95, 97, 99, 101, 103, 88, 105]
35: [184, 185, 161, 186, 183, 162]
36: [186, 142, 141, 185]
37: [97, 99, 101, 103, 105, 88, 121, 91, 93, 95, 122, 92, 94, 96, 98, 100, 102, 104, 106, 87]
38: [91, 122, 121, 92]
39: [91, 92]
40: [91, 92]
41: [91, 92]
42: [91, 92]
43: [91, 92]
44: [91, 92]
45: [91, 92]
46: [106, 91, 96, 98, 100, 102, 104, 87, 92, 93, 94, 95, 97, 99, 101, 103, 88, 105]
47: [185, 186, 161, 162]
48: [142, 141]
49: [97, 99, 101, 103, 105, 88, 121, 93, 95, 122, 94, 96, 98, 100, 102, 104, 106, 87]
50: [93, 122, 121, 94]
51: [93, 94]
52: [93, 94]
53: [93, 94]
54: [93, 94]
55: [93, 94]
56: [93, 94]
57: [93, 94]
58: [106, 93, 96, 98, 100, 102, 104, 87, 94, 95, 97, 99, 101, 103, 88, 105]
59: [161, 162]
60: [142, 141]
61: [97, 99, 101, 103, 105, 88, 121, 95, 122, 96, 98, 100, 102, 104, 106, 87]
62: [95, 122, 121, 96]
63: [95, 96]
64: [95, 96]
65: [95, 96]
66: [95, 96]
67: [95, 96]
68: [95, 96]
69: [95, 96]
70: [106, 95, 96, 97, 98, 100, 102, 104, 87, 99, 101, 103, 88, 105]
71: [161, 162]
72: [142, 141]
73: [97, 99, 101, 103, 105, 88, 121, 122, 98, 100, 102, 104, 106, 87]
74: [97, 122, 121, 98]
75: [97, 98]
76: [97, 98]
77: [97, 98]
78: [97, 98]
79: [97, 98]
80: [97, 98]
81: [97, 98]
82: [97, 106, 98, 99, 100, 102, 104, 87, 101, 103, 88, 105]
83: [161, 162]
84: [142, 141]
85: [99, 101, 103, 105, 88, 121, 122, 100, 102, 104, 106, 87]
86: [99, 122, 121, 100]
87: [99, 100]
88: [99, 100]
89: [99, 100]
90: [99, 100]
91: [99, 100]
92: [99, 100]
93: [99, 100]
94: [106, 99, 100, 101, 102, 104, 87, 103, 88, 105]
95: [161, 162]
96: [142, 141]
97: [101, 103, 105, 88, 121, 122, 102, 104, 106, 87]
98: [101, 122, 121, 102]
99: [101, 102]
100: [101, 102]
101: [101, 102]
102: [101, 102]
103: [101, 102]
104: [101, 102]
105: [101, 102]
106: [106, 101, 104, 103, 102, 87, 88, 105]
107: [161, 162]
108: [141, 142]
109: [88, 105, 121, 103, 122, 104, 106, 87]
110: [103, 121, 122, 104]
111: [103, 104]
112: [103, 104]
113: [103, 104]
114: [103, 104]
115: [103, 104]
116: [103, 104]
117: [103, 104]
118: [106, 103, 88, 105, 104, 87]
119: [161, 162]
120: [141, 142]
121: [88, 105, 121, 122, 106, 87]
122: [88, 105, 121, 122, 106, 87]
123: [88, 105, 106, 87]
124: [88, 105, 106, 87]
125: [88, 105, 106, 87]
126: [88, 105, 106, 87]
127: [88, 105, 106, 87]
128: [88, 105, 106, 87]
129: [88, 105, 106, 87]
130: [88, 105, 106, 87]
131: [162, 161]
132: [141, 142]
133: [162, 141, 142, 161]
134: [162, 161]
135: [162, 161]
136: [162, 161]
137: [162, 161]
138: [162, 161]
139: [162, 161]
140: [162, 161]
141: [162, 161]
142: [162, 161]
143: [162, 161]
26
0: [144, 143]
1: [144, 143]
2: [144, 163, 143, 164]
3: [163, 164]
4: [163, 164]
5: [163, 164]
6: [163, 164]
7: [163, 164]
8: [163, 164]
9: [163, 164]
10: [163, 164]
11: [163, 164]
12: [183, 144, 184, 143]
13: [121, 90, 89, 122]
14: [121, 124, 90, 89, 122, 123]
15: [124, 90, 89, 123]
16: [90, 89]
17: [90, 89]
18: [90, 89]
19: [90, 89]
20: [90, 89]
21: [89, 90]
22: [89, 90]
23: [184, 163, 183, 164]
24: [186, 183, 144, 143, 184, 185]
25: [105, 90, 121, 122, 89, 106]
26: []
27: [73, 48, 49, 51, 53, 55, 57, 59, 50, 74, 52, 54, 56, 58, 60, 47]
28: [73, 48, 51, 53, 55, 57, 59, 74, 52, 54, 56, 58, 60, 47]
29: [73, 48, 53, 55, 57, 59, 74, 54, 56, 58, 60, 47]
30: [73, 48, 55, 57, 59, 74, 56, 58, 60, 47]
31: [48, 57, 59, 73, 74, 58, 60, 47]
32: [48, 73, 59, 74, 60, 47]
33: [48, 73, 74, 47]
34: [89, 106, 90, 105]
35: [184, 185, 163, 186, 183, 164]
36: [186, 144, 143, 185]
37: [105, 121, 122, 106]
38: [74, 47, 50, 52, 54, 56, 58, 60, 73, 49, 51, 53, 55, 57, 59, 48]
39: [49, 74, 73, 50]
40: [74, 51, 73, 52]
41: [74, 53, 73, 54]
42: [74, 55, 73, 56]
43: [57, 74, 73, 58]
44: [74, 59, 73, 60]
45: [48, 73, 74, 47]
46: [106, 105]
47: [185, 186, 163, 164]
48: [144, 143]
49: [105, 121, 122, 106]
50: [47, 50, 52, 54, 56, 58, 60, 49, 51, 53, 55, 57, 59, 48]
51: [49, 50]
52: [51, 52]
53: [53, 54]
54: [55, 56]
55: [57, 58]
56: [59, 60]
57: [48, 47]
58: [106, 105]
59: [163, 164]
60: [144, 143]
61: [105, 121, 122, 106]
62: [47, 50, 52, 54, 56, 58, 60, 49, 51, 53, 55, 57, 59, 48]
63: [49, 50]
64: [51, 52]
65: [53, 54]
66: [55, 56]
67: [57, 58]
68: [59, 60]
69: [48, 47]
70: [106, 105]
71: [163, 164]
72: [144, 143]
73: [105, 121, 122, 106]
74: [47, 50, 52, 54, 56, 58, 60, 49, 51, 53, 55, 57, 59, 48]
75: [49, 50]
76: [51, 52]
77: [53, 54]
78: [55, 56]
79: [57, 58]
80: [59, 60]
81: [48, 47]
82: [106, 105]
83: [163, 164]
84: [144, 143]
85: [105, 121, 122, 106]
86: [47, 50, 52, 54, 56, 58, 60, 49, 51, 53, 55, 57, 59, 48]
87: [49, 50]
88: [51, 52]
89: [53, 54]
90: [55, 56]
91: [57, 58]
92: [59, 60]
93: [48, 47]
94: [106, 105]
95: [163, 164]
96: [144, 143]
97: [105, 121, 122, 106]
98: [47, 50, 52, 54, 56, 58, 60, 49, 51, 53, 55, 57, 59, 48]
99: [49, 50]
100: [51, 52]
101: [53, 54]
102: [55, 56]
103: [57, 58]
104: [59, 60]
105: [48, 47]
106: [106, 105]
107: [163, 164]
108: [144, 143]
109: [105, 121, 122, 106]
110: [47, 50, 52, 54, 56, 58, 60, 49, 51, 53, 55, 57, 59, 48]
111: [47, 49, 50, 52, 54, 56, 58, 60, 51, 53, 55, 57, 59, 48]
112: [47, 51, 52, 54, 56, 58, 60, 53, 55, 57, 59, 48]
113: [47, 53, 54, 56, 58, 60, 55, 57, 59, 48]
114: [47, 55, 56, 58, 60, 57, 59, 48]
115: [57, 58, 60, 47, 59, 48]
116: [59, 60, 47, 48]
117: [48, 47]
118: [106, 105]
119: [163, 164]
120: [143, 144]
121: [105, 122, 121, 106]
122: [122, 123, 105, 121, 124, 106]
123: [123, 105, 124, 106]
124: [105, 106]
125: [105, 106]
126: [105, 106]
127: [105, 106]
128: [105, 106]
129: [105, 106]
130: [106, 105]
131: [164, 163]
132: [143, 144]
133: [143, 144]
134: [164, 143, 144, 163]
135: [164, 163]
136: [164, 163]
137: [164, 163]
138: [164, 163]
139: [164, 163]
140: [164, 163]
141: [164, 163]
142: [164, 163]
143: [164, 163]
27
0: [146, 145]
1: [146, 145]
2: [146, 145]
3: [146, 165, 145, 166]
4: [165, 166]
5: [165, 166]
6: [165, 166]
7: [165, 166]
8: [165, 166]
9: [165, 166]
10: [165, 166]
11: [165, 166]
12: [183, 146, 184, 145]
13: [90, 89]
14: [123, 90, 89, 124]
15: [123, 126, 90, 89, 124, 125]
16: [126, 90, 89, 125]
17: [90, 89]
18: [90, 89]
19: [90, 89]
20: [89, 90]
21: [89, 90]
22: [89, 90]
23: [184, 165, 183, 166]
24: [186, 183, 146, 184, 145, 185]
25: [105, 90, 89, 106]
26: [74, 47, 50, 52, 54, 56, 58, 60, 73, 49, 51, 53, 55, 57, 59, 48]
27: []
28: [73, 48, 51, 53, 55, 57, 59, 61, 74, 52, 54, 56, 58, 60, 62, 47]
29: [73, 48, 53, 55, 57, 59, 61, 74, 54, 56, 58, 60, 62, 47]
30: [73, 48, 55, 57, 59, 61, 74, 56, 58, 60, 62, 47]
31: [73, 48, 57, 59, 61, 74, 58, 60, 62, 47]
32: [48, 73, 59, 61, 74, 60, 62, 47]
33: [48, 73, 61, 74, 62, 47]
34: [89, 106, 90, 105]
35: [184, 185, 165, 186, 183, 166]
36: [186, 146, 145, 185]
37: [105, 106]
38: [74, 47, 50, 52, 54, 56, 58, 60, 73, 49, 51, 53, 55, 57, 59, 48]
39: [49, 62, 74, 73, 50, 61]
40: [51, 74, 73, 52]
41: [53, 74, 73, 54]
42: [55, 74, 73, 56]
43: [57, 74, 73, 58]
44: [59, 73, 74, 60]
45: [48, 73, 61, 74, 62, 47]
46: [106, 105]
47: [185, 165, 186, 166]
48: [146, 145]
49: [105, 106]
50: [47, 50, 52, 54, 56, 58, 60, 49, 51, 53, 55, 57, 59, 48]
51: [49, 62, 50, 61]
52: [51, 52]
53: [53, 54]
54: [55, 56]
55: [57, 58]
56: [59, 60]
57: [48, 61, 62, 47]
58: [106, 105]
59: [165, 166]
60: [146, 145]
61: [105, 106]
62: [47, 50, 52, 54, 56, 58, 60, 49, 51, 53, 55, 57, 59, 48]
63: [49, 62, 50, 61]
64: [51, 52]
65: [53, 54]
66: [55, 56]
67: [57, 58]
68: [59, 60]
69: [48, 61, 62, 47]
70: [106, 105]
71: [165, 166]
72: [146, 145]
73: [105, 106]
74: [47, 50, 52, 54, 56, 58, 60, 49, 51, 53, 55, 57, 59, 48]
75: [49, 62, 50, 61]
76: [51, 52]
77: [53, 54]
78: [55, 56]
79: [57, 58]
80: [59, 60]
81: [48, 61, 62, 47]
82: [106, 105]
83: [165, 166]
84: [146, 145]
85: [105, 106]
86: [47, 50, 52, 54, 56, 58, 60, 49, 51, 53, 55, 57, 59, 48]
87: [49, 62, 50, 61]
88: [51, 52]
89: [53, 54]
90: [55, 56]
91: [57, 58]
92: [59, 60]
93: [48, 61, 62, 47]
94: [106, 105]
95: [165, 166]
96: [146, 145]
97: [105, 106]
98: [47, 50, 52, 54, 56, 58, 60, 49, 51, 53, 55, 57, 59, 48]
99: [49, 62, 50, 61]
100: [51, 52]
101: [53, 54]
102: [55, 56]
103: [57, 58]
104: [59, 60]
105: [48, 61, 62, 47]
106: [106, 105]
107: [165, 166]
108: [145, 146]
109: [105, 106]
110: [47, 49, 50, 52, 54, 56, 58, 60, 51, 53, 55, 57, 59, 48]
111: [49, 62, 47, 50, 51, 52, 54, 56, 58, 60, 53, 55, 57, 59, 48, 61]
112: [51, 62, 47, 52, 53, 54, 56, 58, 60, 55, 57, 59, 48, 61]
113: [53, 62, 47, 54, 55, 56, 58, 60, 57, 59, 48, 61]
114: [62, 55, 47, 56, 57, 58, 60, 59, 48, 61]
115: [57, 62, 58, 59, 60, 47, 48, 61]
116: [59, 62, 48, 60, 61, 47]
117: [48, 61, 62, 47]
118: [106, 105]
119: [165, 166]
120: [145, 146]
121: [105, 106]
122: [124, 105, 123, 106]
123: [124, 125, 105, 123, 126, 106]
124: [125, 126, 105, 106]
125: [105, 106]
126: [105, 106]
127: [105, 106]
128: [105, 106]
129: [106, 105]
130: [106, 105]
131: [166, 165]
132: [145, 146]
133: [145, 146]
134: [145, 146]
135: [145, 166, 146, 165]
136: [166, 165]
137: [166, 165]
138: [166, 165]
139: [166, 165]
140: [166, 165]
141: [166, 165]
142: [166, 165]
143: [166, 165]
28
0: [148, 147]
1: [148, 147]
2: [148, 147]
3: [148, 147]
4: [148, 167, 147, 168]
5: [167, 168]
6: [167, 168]
7: [167, 168]
8: [167, 168]
9: [167, 168]
10: [167, 168]
11: [167, 168]
12: [183, 148, 184, 147]
13: [90, 89]
14: [90, 89]
15: [125, 90, 89, 126]
16: [128, 125, 90, 89, 126, 127]
17: [128, 90, 89, 127]
18: [90, 89]
19: [89, 90]
20: [89, 90]
21: [89, 90]
22: [89, 90]
23: [184, 167, 183, 168]
24: [186, 183, 148, 184, 185, 147]
25: [105, 90, 89, 106]
26: [74, 47, 52, 54, 56, 58, 60, 73, 51, 53, 55, 57, 59, 48]
27: [74, 47, 52, 54, 56, 58, 60, 62, 73, 51, 53, 55, 57, 59, 61, 48]
28: []
29: [73, 48, 53, 55, 57, 59, 61, 63, 74, 54, 56, 64, 58, 60, 62, 47]
30: [73, 48, 55, 57, 59, 61, 63, 74, 56, 64, 58, 60, 62, 47]
31: [73, 48, 57, 59, 61, 63, 74, 64, 58, 60, 62, 47]
32: [73, 48, 59, 61, 63, 74, 64, 60, 62, 47]
33: [48, 73, 61, 63, 74, 64, 62, 47]
34: [89, 106, 90, 105]
35: [184, 185, 167, 186, 183, 168]
36: [186, 148, 185, 147]
37: [105, 106]
38: [74, 47, 52, 54, 56, 58, 60, 73, 51, 53, 55, 57, 59, 48]
39: [62, 74, 73, 61]
40: [64, 51, 74, 73, 52, 63]
41: [53, 74, 73, 54]
42: [55, 74, 73, 56]
43: [57, 73, 74, 58]
44: [59, 73, 74, 60]
45: [48, 73, 61, 63, 74, 64, 62, 47]
46: [106, 105]
47: [185, 167, 186, 168]
48: [148, 147]
49: [105, 106]
50: [47, 52, 54, 56, 58, 60, 51, 53, 55, 57, 59, 48]
51: [62, 61]
52: [64, 51, 52, 63]
53: [53, 54]
54: [55, 56]
55: [57, 58]
56: [59, 60]
57: [48, 61, 63, 64, 62, 47]
58: [106, 105]
59: [167, 168]
60: [148, 147]
61: [105, 106]
62: [47, 52, 54, 56, 58, 60, 51, 53, 55, 57, 59, 48]
63: [62, 61]
64: [64, 51, 52, 63]
65: [53, 54]
66: [55, 56]
67: [57, 58]
68: [59, 60]
69: [48, 61, 63, 64, 62, 47]
70: [106, 105]
71: [167, 168]
72: [148, 147]
73: [105, 106]
74: [47, 52, 54, 56, 58, 60, 51, 53, 55, 57, 59, 48]
75: [62, 61]
76: [64, 51, 52, 63]
77: [53, 54]
78: [55, 56]
79: [57, 58]
80: [59, 60]
81: [48, 61, 63, 64, 62, 47]
82: [106, 105]
83: [167, 168]
84: [148, 147]
85: [105, 106]
86: [47, 52, 54, 56, 58, 60, 51, 53, 55, 57, 59, 48]
87: [62, 61]
88: [64, 51, 52, 63]
89: [53, 54]
90: [55, 56]
91: [57, 58]
92: [59, 60]
93: [48, 61, 63, 64, 62, 47]
94: [106, 105]
95: [167, 168]
96: [148, 147]
97: [105, 106]
98: [47, 52, 54, 56, 58, 60, 51, 53, 55, 57, 59, 48]
99: [62, 61]
100: [64, 51, 52, 63]
101: [53, 54]
102: [55, 56]
103: [57, 58]
104: [59, 60]
105: [48, 61, 63, 64, 62, 47]
106: [106, 105]
107: [167, 168]
108: [147, 148]
109: [105, 106]
110: [47, 51, 52, 54, 56, 58, 60, 53, 55, 57, 59, 48]
111: [51, 62, 47, 52, 53, 54, 56, 58, 60, 55, 57, 59, 48, 61]
112: [64, 51, 53, 62, 47, 52, 54, 55, 56, 58, 60, 57, 59, 48, 61, 63]
113: [64, 53, 62, 55, 47, 54, 56, 57, 58, 60, 59, 48, 61, 63]
114: [64, 55, 57, 62, 47, 56, 58, 59, 60, 48, 61, 63]
115: [64, 57, 59, 62, 47, 48, 58, 60, 61, 63]
116: [64, 59, 48, 61, 62, 63, 60, 47]
117: [48, 64, 61, 63, 62, 47]
118: [106, 105]
119: [168, 167]
120: [147, 148]
121: [105, 106]
122: [105, 106]
123: [126, 125, 105, 106]
124: [126, 127, 128, 125, 105, 106]
125: [127, 128, 105, 106]
126: [105, 106]
127: [105, 106]
128: [106, 105]
129: [106, 105]
130: [106, 105]
131: [168, 167]
132: [147, 148]
133: [147, 148]
134: [147, 148]
135: [147, 148]
136: [168, 147, 148, 167]
137: [168, 167]
138: [168, 167]
139: [168, 167]
140: [168, 167]
141: [168, 167]
142: [168, 167]
143: [168, 167]
29
0: [150, 149]
1: [150, 149]
2: [150, 149]
3: [150, 149]
4: [150, 149]
5: [169, 150, 149, 170]
6: [169, 170]
7: [169, 170]
8: [169, 170]
9: [169, 170]
10: [169, 170]
11: [169, 170]
12: [183, 150, 184, 149]
13: [90, 89]
14: [90, 89]
15: [90, 89]
16: [127, 90, 89, 128]
17: [130, 127, 90, 89, 128, 129]
18: [130, 89, 90, 129]
19: [89, 90]
20: [89, 90]
21: [89, 90]
22: [89, 90]
23: [184, 169, 183, 170]
24: [186, 183, 150, 184, 185, 149]
25: [105, 90, 89, 106]
26: [74, 47, 54, 56, 58, 60, 73, 53, 55, 57, 59, 48]
27: [74, 47, 54, 56, 58, 60, 62, 73, 53, 55, 57, 59, 61, 48]
28: [64, 74, 47, 54, 56, 58, 60, 62, 73, 53, 55, 57, 63, 59, 61, 48]
29: []
30: [65, 73, 48, 55, 57, 59, 61, 63, 74, 56, 66, 64, 58, 60, 62, 47]
31: [65, 73, 48, 57, 59, 61, 63, 74, 66, 64, 58, 60, 62, 47]
32: [65, 73, 48, 59, 61, 63, 74, 66, 64, 60, 62, 47]
33: [65, 73, 48, 61, 63, 74, 66, 64, 62, 47]
34: [89, 106, 90, 105]
35: [184, 185, 169, 186, 183, 170]
36: [186, 150, 185, 149]
37: [105, 106]
38: [74, 47, 54, 56, 58, 60, 73, 53, 55, 57, 59, 48]
39: [62, 74, 73, 61]
40: [64, 74, 73, 63]
41: [66, 53, 74, 73, 54, 65]
42: [55, 73, 74, 56]
43: [57, 73, 74, 58]
44: [59, 73, 74, 60]
45: [65, 73, 48, 61, 63, 74, 66, 64, 62, 47]
46: [106, 105]
47: [185, 169, 186, 170]
48: [150, 149]
49: [105, 106]
50: [47, 54, 56, 58, 60, 53, 55, 57, 59, 48]
51: [62, 61]
52: [64, 63]
53: [66, 53, 54, 65]
54: [55, 56]
55: [57, 58]
56: [59, 60]
57: [48, 65, 61, 63, 66, 64, 62, 47]
58: [106, 105]
59: [169, 170]
60: [150, 149]
61: [105, 106]
62: [47, 54, 56, 58, 60, 53, 55, 57, 59, 48]
63: [62, 61]
64: [64, 63]
65: [66, 53, 54, 65]
66: [55, 56]
67: [57, 58]
68: [59, 60]
69: [48, 65, 61, 63, 66, 64, 62, 47]
70: [106, 105]
71: [169, 170]
72: [150, 149]
73: [105, 106]
74: [47, 54, 56, 58, 60, 53, 55, 57, 59, 48]
75: [62, 61]
76: [64, 63]
77: [66, 53, 54, 65]
78: [55, 56]
79: [57, 58]
80: [59, 60]
81: [48, 65, 61, 63, 66, 64, 62, 47]
82: [106, 105]
83: [169, 170]
84: [150, 149]
85: [105, 106]
86: [47, 54, 56, 58, 60, 53, 55, 57, 59, 48]
87: [62, 61]
88: [64, 63]
89: [66, 53, 54, 65]
90: [55, 56]
91: [57, 58]
92: [59, 60]
93: [48, 65, 61, 63, 66, 64, 62, 47]
94: [106, 105]
95: [169, 170]
96: [150, 149]
97: [105, 106]
98: [47, 54, 56, 58, 60, 53, 55, 57, 59, 48]
99: [62, 61]
100: [64, 63]
101: [66, 53, 54, 65]
102: [55, 56]
103: [57, 58]
104: [59, 60]
105: [48, 65, 61, 63, 66, 64, 62, 47]
106: [106, 105]
107: [169, 170]
108: [149, 150]
109: [105, 106]
110: [47, 53, 54, 56, 58, 60, 55, 57, 59, 48]
111: [53, 62, 47, 54, 55, 56, 58, 60, 57, 59, 48, 61]
112: [64, 53, 62, 55, 47, 54, 56, 57, 58, 60, 59, 48, 61, 63]
113: [66, 53, 64, 55, 57, 62, 47, 54, 56, 58, 59, 60, 48, 65, 61, 63]
114: [66, 55, 64, 57, 59, 62, 65, 47, 48, 56, 58, 60, 61, 63]
115: [57, 66, 64, 59, 65, 48, 61, 62, 63, 58, 60, 47]
116: [66, 59, 64, 65, 48, 61, 63, 62, 60, 47]
117: [65, 66, 48, 61, 63, 64, 62, 47]
118: [106, 105]
119: [169, 170]
120: [149, 150]
121: [105, 106]
122: [105, 106]
123: [105, 106]
124: [128, 127, 105, 106]
125: [128, 129, 130, 127, 105, 106]
126: [129, 130, 105, 106]
127: [106, 105]
128: [106, 105]
129: [106, 105]
130: [106, 105]
131: [170, 169]
132: [149, 150]
133: [149, 150]
134: [149, 150]
135: [149, 150]
136: [149, 150]
137: [170, 149, 150, 169]
138: [170, 169]
139: [170, 169]
140: [170, 169]
141: [170, 169]
142: [170, 169]
143: [170, 169]
30
0: [152, 151]
1: [152, 151]
2: [152, 151]
3: [152, 151]
4: [152, 151]
5: [152, 151]
6: [152, 171, 172, 151]
7: [171, 172]
8: [171, 172]
9: [171, 172]
10: [171, 172]
11: [171, 172]
12: [183, 152, 184, 151]
13: [90, 89]
14: [90, 89]
15: [90, 89]
16: [90, 89]
17: [129, 89, 90, 130]
18: [129, 132, 89, 90, 130, 131]
19: [132, 89, 90, 131]
20: [89, 90]
21: [89, 90]
22: [89, 90]
23: [184, 171, 183, 172]
24: [186, 183, 152, 184, 185, 151]
25: [105, 90, 89, 106]
26: [74, 47, 56, 58, 60, 73, 55, 57, 59, 48]
27: [74, 47, 56, 58, 60, 62, 73, 55, 57, 59, 61, 48]
28: [64, 74, 47, 56, 58, 60, 62, 73, 55, 57, 63, 59, 61, 48]
29: [64, 66, 74, 47, 56, 58, 60, 62, 73, 65, 55, 57, 63, 59, 61, 48]
30: []
31: [65, 67, 73, 48, 57, 59, 61, 63, 74, 68, 66, 64, 58, 60, 62, 47]
32: [65, 67, 73, 48, 59, 61, 63, 74, 68, 66, 64, 60, 62, 47]
33: [65, 67, 73, 48, 61, 63, 74, 68, 66, 64, 62, 47]
34: [89, 106, 90, 105]
35: [184, 185, 171, 186, 183, 172]
36: [186, 152, 185, 151]
37: [105, 106]
38: [74, 47, 56, 58, 60, 73, 55, 57, 59, 48]
39: [62, 74, 73, 61]
40: [64, 74, 73, 63]
41: [66, 73, 74, 65]
42: [68, 55, 73, 74, 67, 56]
43: [57, 73, 74, 58]
44: [59, 73, 74, 60]
45: [65, 67, 73, 48, 61, 63, 74, 68, 66, 64, 62, 47]
46: [106, 105]
47: [185, 171, 186, 172]
48: [152, 151]
49: [105, 106]
50: [56, 58, 60, 47, 55, 57, 59, 48]
51: [62, 61]
52: [64, 63]
53: [66, 65]
54: [68, 55, 67, 56]
55: [57, 58]
56: [59, 60]
57: [65, 67, 48, 61, 63, 68, 66, 64, 62, 47]
58: [106, 105]
59: [171, 172]
60: [152, 151]
61: [105, 106]
62: [56, 58, 60, 47, 55, 57, 59, 48]
63: [62, 61]
64: [64, 63]
65: [66, 65]
66: [68, 55, 67, 56]
67: [57, 58]
68: [59, 60]
69: [65, 67, 48, 61, 63, 68, 66, 64, 62, 47]
70: [106, 105]
71: [171, 172]
72: [152, 151]
73: [105, 106]
74: [56, 58, 60, 47, 55, 57, 59, 48]
75: [62, 61]
76: [64, 63]
77: [66, 65]
78: [68, 55, 67, 56]
79: [57, 58]
80: [59, 60]
81: [65, 67, 48, 61, 63, 68, 66, 64, 62, 47]
82: [106, 105]
83: [171, 172]
84: [152, 151]
85: [105, 106]
86: [56, 58, 60, 47, 55, 57, 59, 48]
87: [62, 61]
88: [64, 63]
89: [66, 65]
90: [68, 55, 67, 56]
91: [57, 58]
92: [59, 60]
93: [65, 67, 48, 61, 63, 68, 66, 64, 62, 47]
94: [106, 105]
95: [171, 172]
96: [152, 151]
97: [105, 106]
98: [56, 58, 60, 47, 55, 57, 59, 48]
99: [62, 61]
100: [64, 63]
101: [66, 65]
102: [68, 55, 67, 56]
103: [57, 58]
104: [59, 60]
105: [65, 67, 48, 61, 63, 68, 66, 64, 62, 47]
106: [106, 105]
107: [171, 172]
108: [152, 151]
109: [105, 106]
110: [47, 55, 56, 58, 60, 57, 59, 48]
111: [62, 55, 47, 56, 57, 58, 60, 59, 48, 61]
112: [64, 55, 57, 62, 47, 56, 58, 59, 60, 48, 61, 63]
113: [66, 55, 64, 57, 59, 62, 65, 47, 48, 56, 58, 60, 61, 63]
114: [68, 55, 57, 66, 64, 59, 65, 67, 48, 61, 62, 63, 56, 58, 60, 47]
115: [57, 68, 66, 59, 64, 65, 67, 48, 61, 63, 62, 58, 60, 47]
116: [59, 68, 65, 66, 67, 48, 61, 63, 64, 62, 60, 47]
117: [65, 67, 68, 48, 61, 63, 66, 64, 62, 47]
118: [106, 105]
119: [171, 172]
120: [151, 152]
121: [105, 106]
122: [105, 106]
123: [105, 106]
124: [105, 106]
125: [130, 129, 105, 106]
126: [130, 131, 129, 132, 106, 105]
127: [131, 132, 106, 105]
128: [106, 105]
129: [106, 105]
130: [106, 105]
131: [172, 171]
132: [151, 152]
133: [151, 152]
134: [151, 152]
135: [151, 152]
136: [151, 152]
137: [151, 152]
138: [172, 151, 171, 152]
139: [172, 171]
140: [172, 171]
141: [172, 171]
142: [172, 171]
143: [172, 171]
31
0: [154, 153]
1: [154, 153]
2: [154, 153]
3: [154, 153]
4: [154, 153]
5: [154, 153]
6: [154, 153]
7: [154, 173, 174, 153]
8: [173, 174]
9: [173, 174]
10: [173, 174]
11: [173, 174]
12: [183, 154, 184, 153]
13: [90, 89]
14: [90, 89]
15: [90, 89]
16: [89, 90]
17: [89, 90]
18: [131, 89, 90, 132]
19: [131, 134, 89, 90, 132, 133]
20: [134, 89, 90, 133]
21: [89, 90]
22: [89, 90]
23: [184, 173, 183, 174]
24: [186, 183, 154, 184, 185, 153]
25: [105, 90, 89, 106]
26: [58, 60, 74, 47, 73, 57, 59, 48]
27: [74, 47, 58, 60, 62, 73, 57, 59, 61, 48]
28: [64, 74, 47, 58, 60, 62, 73, 57, 63, 59, 61, 48]
29: [64, 66, 74, 47, 58, 60, 62, 73, 65, 57, 63, 59, 61, 48]
30: [64, 66, 68, 74, 47, 58, 60, 62, 73, 67, 65, 57, 63, 59, 61, 48]
31: []
32: [65, 67, 69, 73, 48, 59, 61, 63, 74, 70, 68, 66, 64, 60, 62, 47]
33: [65, 67, 69, 73, 48, 61, 63, 74, 70, 68, 66, 64, 62, 47]
34: [89, 106, 90, 105]
35: [184, 185, 173, 186, 183, 174]
36: [186, 154, 185, 153]
37: [105, 106]
38: [58, 60, 74, 47, 73, 57, 59, 48]
39: [62, 74, 73, 61]
40: [64, 73, 74, 63]
41: [66, 73, 74, 65]
42: [68, 73, 74, 67]
43: [57, 70, 73, 74, 69, 58]
44: [59, 73, 74, 60]
45: [65, 67, 69, 73, 48, 61, 63, 74, 70, 68, 66, 64, 62, 47]
46: [106, 105]
47: [185, 173, 186, 174]
48: [154, 153]
49: [105, 106]
50: [58, 60, 47, 57, 59, 48]
51: [62, 61]
52: [64, 63]
53: [66, 65]
54: [68, 67]
55: [57, 70, 69, 58]
56: [59, 60]
57: [65, 67, 69, 48, 61, 63, 70, 68, 66, 64, 62, 47]
58: [106, 105]
59: [173, 174]
60: [154, 153]
61: [105, 106]
62: [58, 60, 47, 57, 59, 48]
63: [62, 61]
64: [64, 63]
65: [66, 65]
66: [68, 67]
67: [57, 70, 69, 58]
68: [59, 60]
69: [65, 67, 69, 48, 61, 63, 70, 68, 66, 64, 62, 47]
70: [106, 105]
71: [173, 174]
72: [154, 153]
73: [105, 106]
74: [58, 60, 47, 57, 59, 48]
75: [62, 61]
76: [64, 63]
77: [66, 65]
78: [68, 67]
79: [57, 70, 69, 58]
80: [59, 60]
81: [65, 67, 69, 48, 61, 63, 70, 68, 66, 64, 62, 47]
82: [106, 105]
83: [173, 174]
84: [154, 153]
85: [105, 106]
86: [58, 60, 47, 57, 59, 48]
87: [62, 61]
88: [64, 63]
89: [66, 65]
90: [68, 67]
91: [57, 70, 69, 58]
92: [59, 60]
93: [65, 67, 69, 48, 61, 63, 70, 68, 66, 64, 62, 47]
94: [106, 105]
95: [173, 174]
96: [154, 153]
97: [105, 106]
98: [58, 60, 47, 57, 59, 48]
99: [62, 61]
100: [64, 63]
101: [66, 65]
102: [68, 67]
103: [57, 70, 69, 58]
104: [59, 60]
105: [65, 67, 69, 48, 61, 63, 70, 68, 66, 64, 62, 47]
106: [106, 105]
107: [173, 174]
108: [153, 154]
109: [105, 106]
110: [57, 58, 60, 47, 59, 48]
111: [57, 62, 58, 59, 60, 47, 48, 61]
112: [64, 57, 59, 62, 47, 48, 58, 60, 61, 63]
113: [57, 66, 64, 59, 65, 48, 61, 62, 63, 58, 60, 47]
114: [57, 68, 66, 59, 64, 65, 67, 48, 61, 63, 62, 58, 60, 47]
115: [57, 70, 59, 68, 65, 66, 67, 69, 48, 61, 63, 64, 62, 58, 60, 47]
116: [59, 70, 65, 67, 68, 69, 48, 61, 63, 66, 64, 62, 60, 47]
117: [65, 67, 69, 70, 48, 61, 63, 68, 66, 64, 62, 47]
118: [106, 105]
119: [173, 174]
120: [153, 154]
121: [105, 106]
122: [105, 106]
123: [105, 106]
124: [105, 106]
125: [106, 105]
126: [132, 131, 106, 105]
127: [132, 133, 131, 134, 106, 105]
128: [133, 134, 106, 105]
129: [106, 105]
130: [106, 105]
131: [174, 173]
132: [153, 154]
133: [153, 154]
134: [153, 154]
135: [153, 154]
136: [153, 154]
137: [153, 154]
138: [153, 154]
139: [153, 174, 173, 154]
140: [174, 173]
141: [174, 173]
142: [174, 173]
143: [174, 173]
32
0: [156, 155]
1: [156, 155]
2: [156, 155]
3: [156, 155]
4: [156, 155]
5: [156, 155]
6: [156, 155]
7: [156, 155]
8: [156, 175, 176, 155]
9: [175, 176]
10: [175, 176]
11: [175, 176]
12: [183, 156, 184, 155]
13: [90, 89]
14: [90, 89]
15: [89, 90]
16: [89, 90]
17: [89, 90]
18: [89, 90]
19: [133, 89, 90, 134]
20: [136, 133, 89, 90, 134, 135]
21: [136, 89, 90, 135]
22: [89, 90]
23: [184, 175, 183, 176]
24: [186, 183, 156, 184, 185, 155]
25: [105, 90, 89, 106]
26: [74, 60, 47, 73, 59, 48]
27: [74, 60, 62, 47, 73, 59, 61, 48]
28: [64, 74, 47, 60, 62, 73, 63, 59, 61, 48]
29: [64, 66, 74, 47, 60, 62, 73, 65, 63, 59, 61, 48]
30: [64, 66, 68, 74, 47, 60, 62, 73, 67, 65, 63, 59, 61, 48]
31: [64, 66, 68, 70, 74, 47, 60, 62, 73, 69, 67, 65, 63, 59, 61, 48]
32: []
33: [65, 67, 69, 71, 73, 48, 61, 63, 72, 74, 70, 68, 66, 64, 62, 47]
34: [89, 106, 90, 105]
35: [184, 185, 175, 176, 186, 183]
36: [186, 156, 185, 155]
37: [105, 106]
38: [74, 60, 47, 73, 59, 48]
39: [62, 73, 74, 61]
40: [64, 73, 74, 63]
41: [66, 73, 74, 65]
42: [68, 73, 74, 67]
43: [70, 73, 74, 69]
44: [72, 59, 73, 74, 71, 60]
45: [65, 67, 69, 71, 73, 48, 61, 63, 72, 74, 70, 68, 66, 64, 62, 47]
46: [106, 105]
47: [185, 175, 176, 186]
48: [156, 155]
49: [105, 106]
50: [60, 47, 59, 48]
51: [62, 61]
52: [64, 63]
53: [66, 65]
54: [68, 67]
55: [70, 69]
56: [72, 59, 71, 60]
57: [65, 67, 69, 71, 48, 61, 63, 72, 70, 68, 66, 64, 62, 47]
58: [106, 105]
59: [175, 176]
60: [156, 155]
61: [105, 106]
62: [60, 47, 59, 48]
63: [62, 61]
64: [64, 63]
65: [66, 65]
66: [68, 67]
67: [70, 69]
68: [72, 59, 71, 60]
69: [65, 67, 69, 71, 48, 61, 63, 72, 70, 68, 66, 64, 62, 47]
70: [106, 105]
71: [175, 176]
72: [156, 155]
73: [105, 106]
74: [60, 47, 59, 48]
75: [62, 61]
76: [64, 63]
77: [66, 65]
78: [68, 67]
79: [70, 69]
80: [72, 59, 71, 60]
81: [65, 67, 69, 71, 48, 61, 63, 72, 70, 68, 66, 64, 62, 47]
82: [106, 105]
83: [175, 176]
84: [156, 155]
85: [105, 106]
86: [60, 47, 59, 48]
87: [62, 61]
88: [64, 63]
89: [66, 65]
90: [68, 67]
91: [70, 69]
92: [72, 59, 71, 60]
93: [65, 67, 69, 71, 48, 61, 63, 72, 70, 68, 66, 64, 62, 47]
94: [106, 105]
95: [175, 176]
96: [156, 155]
97: [105, 106]
98: [60, 47, 59, 48]
99: [62, 61]
100: [64, 63]
101: [66, 65]
102: [68, 67]
103: [70, 69]
104: [72, 59, 71, 60]
105: [65, 67, 69, 71, 48, 61, 63, 72, 70, 68, 66, 64, 62, 47]
106: [106, 105]
107: [175, 176]
108: [155, 156]
109: [105, 106]
110: [59, 60, 47, 48]
111: [59, 62, 48, 60, 61, 47]
112: [64, 59, 48, 61, 62, 63, 60, 47]
113: [66, 59, 64, 65, 48, 61, 63, 62, 60, 47]
114: [59, 68, 65, 66, 67, 48, 61, 63, 64, 62, 60, 47]
115: [59, 70, 65, 67, 68, 69, 48, 61, 63, 66, 64, 62, 60, 47]
116: [72, 59, 65, 67, 69, 70, 71, 48, 61, 63, 68, 66, 64, 62, 60, 47]
117: [65, 67, 69, 71, 72, 48, 61, 63, 70, 68, 66, 64, 62, 47]
118: [106, 105]
119: [176, 175]
120: [155, 156]
121: [105, 106]
122: [105, 106]
123: [105, 106]
124: [106, 105]
125: [106, 105]
126: [106, 105]
127: [134, 133, 106, 105]
128: [134, 135, 136, 106, 133, 105]
129: [135, 136, 106, 105]
130: [106, 105]
131: [176, 175]
132: [155, 156]
133: [155, 156]
134: [155, 156]
135: [155, 156]
136: [155, 156]
137: [155, 156]
138: [155, 156]
139: [155, 156]
140: [176, 155, 175, 156]
141: [176, 175]
142: [176, 175]
143: [176, 175]
33
0: [158, 157]
1: [158, 157]
2: [158, 157]
3: [158, 157]
4: [158, 157]
5: [158, 157]
6: [158, 157]
7: [158, 157]
8: [158, 157]
9: [177, 158, 178, 157]
10: [177, 178]
11: [177, 178]
12: [183, 158, 184, 157]
13: [90, 89]
14: [89, 90]
15: [89, 90]
16: [89, 90]
17: [89, 90]
18: [89, 90]
19: [89, 90]
20: [135, 89, 90, 136]
21: [138, 135, 89, 90, 136, 137]
22: [89, 138, 137, 90]
23: [184, 177, 178, 183]
24: [186, 183, 158, 184, 185, 157]
25: [105, 90, 89, 106]
26: [74, 47, 73, 48]
27: [74, 62, 47, 73, 61, 48]
28: [64, 74, 62, 47, 73, 63, 61, 48]
29: [64, 66, 74, 47, 62, 73, 65, 63, 61, 48]
30: [64, 66, 68, 74, 47, 62, 73, 67, 65, 63, 61, 48]
31: [64, 66, 68, 70, 74, 47, 62, 73, 69, 67, 65, 63, 61, 48]
32: [64, 66, 68, 70, 72, 74, 47, 62, 73, 71, 69, 67, 65, 63, 61, 48]
33: []
34: [89, 106, 138, 137, 90, 105]
35: [184, 185, 177, 178, 186, 183]
36: [186, 185, 158, 157]
37: [105, 106]
38: [73, 74, 47, 48]
39: [73, 62, 74, 61]
40: [64, 73, 74, 63]
41: [73, 66, 74, 65]
42: [73, 68, 74, 67]
43: [73, 70, 74, 69]
44: [72, 73, 74, 71]
45: [65, 67, 69, 71, 73, 48, 61, 63, 72, 74, 70, 68, 66, 64, 62, 47]
46: [106, 138, 137, 105]
47: [185, 177, 178, 186]
48: [158, 157]
49: [105, 106]
50: [47, 48]
51: [62, 61]
52: [64, 63]
53: [66, 65]
54: [68, 67]
55: [70, 69]
56: [72, 71]
57: [65, 67, 69, 71, 48, 61, 63, 72, 70, 68, 66, 64, 62, 47]
58: [106, 138, 137, 105]
59: [177, 178]
60: [158, 157]
61: [105, 106]
62: [47, 48]
63: [62, 61]
64: [64, 63]
65: [66, 65]
66: [68, 67]
67: [70, 69]
68: [72, 71]
69: [65, 67, 69, 71, 48, 61, 63, 72, 70, 68, 66, 64, 62, 47]
70: [106, 138, 137, 105]
71: [177, 178]
72: [158, 157]
73: [105, 106]
74: [47, 48]
75: [62, 61]
76: [64, 63]
77: [66, 65]
78: [68, 67]
79: [70, 69]
80: [72, 71]
81: [65, 67, 69, 71, 48, 61, 63, 72, 70, 68, 66, 64, 62, 47]
82: [106, 138, 137, 105]
83: [177, 178]
84: [158, 157]
85: [105, 106]
86: [47, 48]
87: [62, 61]
88: [64, 63]
89: [66, 65]
90: [68, 67]
91: [70, 69]
92: [72, 71]
93: [65, 67, 69, 71, 48, 61, 63, 72, 70, 68, 66, 64, 62, 47]
94: [106, 138, 137, 105]
95: [177, 178]
96: [158, 157]
97: [105, 106]
98: [47, 48]
99: [62, 61]
100: [64, 63]
101: [66, 65]
102: [68, 67]
103: [70, 69]
104: [72, 71]
105: [65, 67, 69, 71, 48, 61, 63, 72, 70, 68, 66, 64, 62, 47]
106: [106, 138, 137, 105]
107: [177, 178]
108: [157, 158]
109: [105, 106]
110: [48, 47]
111: [48, 61, 62, 47]
112: [48, 64, 61, 63, 62, 47]
113: [65, 66, 48, 61, 63, 64, 62, 47]
114: [65, 67, 68, 48, 61, 63, 66, 64, 62, 47]
115: [65, 67, 69, 70, 48, 61, 63, 68, 66, 64, 62, 47]
116: [65, 67, 69, 71, 72, 48, 61, 63, 70, 68, 66, 64, 62, 47]
117: [65, 67, 69, 71, 48, 61, 63, 72, 70, 68, 66, 64, 62, 47]
118: [106, 137, 138, 105]
119: [177, 178]
120: [157, 158]
121: [105, 106]
122: [105, 106]
123: [106, 105]
124: [106, 105]
125: [106, 105]
126: [106, 105]
127: [106, 105]
128: [136, 106, 135, 105]
129: [136, 137, 106, 138, 135, 105]
130: [137, 106, 138, 105]
131: [178, 177]
132: [157, 158]
133: [157, 158]
134: [157, 158]
135: [157, 158]
136: [157, 158]
137: [157, 158]
138: [157, 158]
139: [157, 158]
140: [157, 158]
141: [178, 157, 177, 158]
142: [178, 177]
143: [178, 177]
34
0: [160, 159]
1: [160, 159]
2: [160, 159]
3: [160, 159]
4: [160, 159]
5: [160, 159]
6: [160, 159]
7: [160, 159]
8: [160, 159]
9: [160, 159]
10: [160, 179, 180, 159]
11: [179, 180]
12: [183, 160, 184, 159]
13: [97, 99, 101, 103, 88, 89, 90, 91, 93, 95, 92, 94, 96, 98, 100, 102, 104, 87]
14: [97, 99, 101, 103, 88, 89, 91, 93, 95, 90, 92, 94, 96, 98, 100, 102, 104, 87]
15: [97, 99, 101, 103, 88, 89, 91, 93, 95, 90, 92, 94, 96, 98, 100, 102, 104, 87]
16: [97, 99, 101, 103, 88, 89, 91, 93, 95, 90, 92, 94, 96, 98, 100, 102, 104, 87]
17: [97, 99, 101, 103, 88, 89, 91, 93, 95, 90, 92, 94, 96, 98, 100, 102, 104, 87]
18: [97, 99, 101, 103, 88, 89, 91, 93, 95, 90, 92, 94, 96, 98, 100, 102, 104, 87]
19: [97, 99, 101, 103, 88, 89, 91, 93, 95, 90, 92, 94, 96, 98, 100, 102, 104, 87]
20: [97, 99, 101, 103, 88, 89, 91, 93, 95, 90, 92, 94, 96, 98, 100, 102, 104, 87]
21: [97, 99, 101, 103, 137, 88, 89, 91, 93, 95, 90, 138, 92, 94, 96, 98, 100, 102, 104, 87]
22: [97, 99, 101, 103, 137, 88, 89, 91, 93, 95, 90, 138, 92, 94, 96, 98, 100, 102, 104, 87]
23: [184, 179, 180, 183]
24: [186, 183, 160, 185, 184, 159]
25: [105, 90, 97, 99, 101, 103, 88, 89, 91, 92, 93, 95, 94, 96, 98, 100, 102, 104, 106, 87]
26: [105, 90, 89, 106]
27: [105, 90, 89, 106]
28: [105, 90, 89, 106]
29: [105, 90, 89, 106]
30: [105, 90, 89, 106]
31: [105, 90, 89, 106]
32: [105, 90, 89, 106]
33: [105, 90, 137, 138, 89, 106]
34: []
35: [184, 185, 179, 180, 186, 183]
36: [186, 185, 160, 159]
37: [105, 92, 97, 99, 101, 103, 88, 91, 93, 94, 95, 96, 98, 100, 102, 104, 106, 87]
38: [92, 91]
39: [92, 91]
40: [92, 91]
41: [92, 91]
42: [92, 91]
43: [92, 91]
44: [92, 91]
45: [92, 137, 138, 91]
46: [96, 98, 100, 102, 104, 106, 138, 87, 92, 94, 137, 91, 93, 95, 97, 99, 101, 105, 103, 88]
47: [185, 179, 180, 186]
48: [160, 159]
49: [105, 94, 96, 97, 99, 101, 103, 88, 93, 95, 98, 100, 102, 104, 106, 87]
50: [94, 93]
51: [94, 93]
52: [94, 93]
53: [94, 93]
54: [94, 93]
55: [94, 93]
56: [94, 93]
57: [94, 137, 138, 93]
58: [96, 98, 100, 102, 104, 106, 138, 87, 94, 137, 93, 95, 97, 99, 101, 105, 103, 88]
59: [179, 180]
60: [160, 159]
61: [96, 105, 97, 98, 99, 101, 103, 88, 95, 100, 102, 104, 106, 87]
62: [96, 95]
63: [96, 95]
64: [96, 95]
65: [96, 95]
66: [96, 95]
67: [96, 95]
68: [96, 95]
69: [96, 137, 138, 95]
70: [96, 98, 100, 102, 104, 106, 138, 87, 137, 95, 97, 99, 101, 105, 103, 88]
71: [179, 180]
72: [160, 159]
73: [105, 98, 97, 99, 100, 101, 103, 88, 102, 104, 106, 87]
74: [98, 97]
75: [98, 97]
76: [98, 97]
77: [98, 97]
78: [98, 97]
79: [98, 97]
80: [98, 97]
81: [98, 137, 138, 97]
82: [98, 100, 102, 104, 106, 138, 87, 137, 97, 99, 101, 105, 103, 88]
83: [179, 180]
84: [160, 159]
85: [105, 100, 99, 101, 102, 103, 88, 104, 106, 87]
86: [100, 99]
87: [100, 99]
88: [100, 99]
89: [100, 99]
90: [100, 99]
91: [100, 99]
92: [100, 99]
93: [100, 137, 138, 99]
94: [100, 102, 104, 106, 138, 87, 137, 99, 101, 105, 103, 88]
95: [179, 180]
96: [160, 159]
97: [105, 102, 88, 104, 101, 103, 106, 87]
98: [102, 101]
99: [102, 101]
100: [102, 101]
101: [102, 101]
102: [102, 101]
103: [102, 101]
104: [102, 101]
105: [102, 137, 138, 101]
106: [102, 104, 106, 138, 87, 137, 101, 105, 103, 88]
107: [179, 180]
108: [160, 159]
109: [104, 105, 88, 106, 103, 87]
110: [104, 103]
111: [104, 103]
112: [104, 103]
113: [104, 103]
114: [104, 103]
115: [104, 103]
116: [104, 103]
117: [104, 137, 138, 103]
118: [104, 106, 138, 87, 137, 105, 103, 88]
119: [179, 180]
120: [159, 160]
121: [105, 106, 87, 88]
122: [106, 87, 105, 88]
123: [106, 87, 105, 88]
124: [106, 87, 105, 88]
125: [106, 87, 105, 88]
126: [106, 87, 105, 88]
127: [106, 87, 105, 88]
128: [106, 87, 105, 88]
129: [106, 138, 87, 137, 105, 88]
130: [106, 138, 87, 137, 105, 88]
131: [180, 179]
132: [159, 160]
133: [159, 160]
134: [159, 160]
135: [159, 160]
136: [159, 160]
137: [159, 160]
138: [159, 160]
139: [159, 160]
140: [159, 160]
141: [159, 160]
142: [180, 159, 179, 160]
143: [180, 179]
35
0: [139, 140]
1: [162, 139, 161, 140]
2: [162, 139, 164, 163, 161, 140]
3: [162, 139, 164, 166, 165, 163, 161, 140]
4: [162, 164, 166, 168, 139, 167, 165, 163, 161, 140]
5: [162, 164, 166, 168, 170, 139, 169, 167, 165, 163, 161, 140]
6: [162, 164, 166, 168, 170, 139, 172, 171, 169, 167, 165, 163, 161, 140]
7: [162, 164, 166, 168, 170, 139, 172, 174, 173, 171, 169, 167, 165, 163, 161, 140]
8: [162, 164, 166, 168, 170, 139, 172, 174, 176, 175, 173, 171, 169, 167, 165, 163, 161, 140]
9: [162, 164, 166, 168, 170, 139, 172, 174, 176, 178, 177, 175, 173, 171, 169, 167, 165, 163, 161, 140]
10: [162, 164, 166, 168, 170, 139, 172, 174, 176, 178, 180, 179, 177, 175, 173, 171, 169, 167, 165, 163, 161, 140]
11: [162, 164, 166, 168, 170, 139, 172, 174, 176, 178, 180, 179, 177, 175, 173, 171, 169, 167, 165, 163, 161, 140]
12: [184, 183, 139, 140]
13: [184, 162, 183, 161]
14: [184, 164, 183, 163]
15: [184, 166, 183, 165]
16: [184, 168, 183, 167]
17: [184, 170, 183, 169]
18: [184, 172, 183, 171]
19: [184, 174, 183, 173]
20: [184, 176, 183, 175]
21: [184, 178, 177, 183]
22: [184, 180, 179, 183]
23: [162, 164, 166, 168, 170, 139, 172, 174, 176, 178, 180, 184, 179, 183, 177, 175, 173, 171, 169, 167, 165, 163, 161, 140]
24: [186, 183, 184, 185, 139, 140]
25: [186, 183, 184, 185, 162, 161]
26: [186, 183, 164, 184, 185, 163]
27: [186, 183, 166, 184, 185, 165]
28: [186, 183, 168, 184, 185, 167]
29: [186, 183, 170, 184, 185, 169]
30: [186, 183, 172, 184, 185, 171]
31: [186, 183, 174, 184, 185, 173]
32: [186, 183, 176, 184, 185, 175]
33: [186, 183, 178, 177, 184, 185]
34: [186, 183, 180, 179, 184, 185]
35: []
36: [185, 186, 139, 140]
37: [185, 186, 162, 161]
38: [185, 186, 164, 163]
39: [185, 166, 186, 165]
40: [185, 168, 186, 167]
41: [185, 170, 186, 169]
42: [185, 172, 186, 171]
43: [185, 174, 186, 173]
44: [185, 176, 186, 175]
45: [185, 178, 177, 186]
46: [185, 180, 179, 186]
47: [161, 163, 165, 167, 169, 171, 140, 173, 175, 177, 179, 185, 186, 180, 178, 176, 174, 172, 170, 168, 166, 164, 162, 139]
48: [139, 140]
49: [162, 161]
50: [164, 163]
51: [166, 165]
52: [168, 167]
53: [170, 169]
54: [172, 171]
55: [174, 173]
56: [176, 175]
57: [178, 177]
58: [180, 179]
59: [161, 163, 165, 167, 169, 171, 140, 173, 175, 177, 179, 180, 178, 176, 174, 172, 170, 168, 166, 164, 162, 139]
60: [139, 140]
61: [162, 161]
62: [164, 163]
63: [166, 165]
64: [168, 167]
65: [170, 169]
66: [172, 171]
67: [174, 173]
68: [176, 175]
69: [178, 177]
70: [180, 179]
71: [161, 163, 165, 167, 169, 171, 140, 173, 175, 177, 179, 180, 178, 176, 174, 172, 170, 168, 166, 164, 162, 139]
72: [139, 140]
73: [162, 161]
74: [164, 163]
75: [166, 165]
76: [168, 167]
77: [170, 169]
78: [172, 171]
79: [174, 173]
80: [176, 175]
81: [178, 177]
82: [180, 179]
83: [161, 163, 165, 167, 169, 171, 140, 173, 175, 177, 179, 180, 178, 176, 174, 172, 170, 168, 166, 164, 162, 139]
84: [139, 140]
85: [162, 161]
86: [164, 163]
87: [166, 165]
88: [168, 167]
89: [170, 169]
90: [172, 171]
91: [174, 173]
92: [176, 175]
93: [178, 177]
94: [180, 179]
95: [161, 163, 165, 167, 169, 171, 140, 173, 175, 177, 179, 180, 178, 176, 174, 172, 170, 168, 166, 164, 162, 139]
96: [139, 140]
97: [162, 161]
98: [164, 163]
99: [166, 165]
100: [168, 167]
101: [170, 169]
102: [172, 171]
103: [174, 173]
104: [176, 175]
105: [178, 177]
106: [180, 179]
107: [161, 163, 165, 167, 169, 171, 140, 173, 175, 177, 179, 180, 178, 176, 174, 172, 170, 168, 166, 164, 162, 139]
108: [139, 140]
109: [161, 162]
110: [163, 164]
111: [165, 166]
112: [168, 167]
113: [169, 170]
114: [171, 172]
115: [173, 174]
116: [176, 175]
117: [177, 178]
118: [179, 180]
119: [161, 163, 165, 167, 169, 171, 140, 173, 175, 177, 179, 180, 178, 176, 174, 172, 170, 168, 166, 164, 162, 139]
120: [140, 139]
121: [161, 162]
122: [163, 164]
123: [165, 166]
124: [167, 168]
125: [169, 170]
126: [171, 172]
127: [173, 174]
128: [175, 176]
129: [177, 178]
130: [179, 180]
131: [161, 163, 165, 167, 169, 171, 140, 173, 175, 177, 179, 180, 178, 176, 174, 172, 170, 168, 166, 164, 162, 139]
132: [140, 139]
133: [161, 140, 162, 139]
134: [161, 163, 140, 164, 162, 139]
135: [161, 163, 140, 165, 166, 164, 162, 139]
136: [161, 163, 165, 167, 140, 168, 166, 164, 162, 139]
137: [161, 163, 165, 167, 169, 140, 170, 168, 166, 164, 162, 139]
138: [161, 163, 165, 167, 169, 171, 140, 172, 170, 168, 166, 164, 162, 139]
139: [161, 163, 165, 167, 169, 171, 140, 173, 174, 172, 170, 168, 166, 164, 162, 139]
140: [161, 163, 165, 167, 169, 171, 140, 173, 175, 176, 174, 172, 170, 168, 166, 164, 162, 139]
141: [161, 163, 165, 167, 169, 171, 140, 173, 175, 177, 178, 176, 174, 172, 170, 168, 166, 164, 162, 139]
142: [161, 163, 165, 167, 169, 171, 140, 173, 175, 177, 179, 180, 178, 176, 174, 172, 170, 168, 166, 164, 162, 139]
143: [161, 163, 165, 167, 169, 171, 140, 173, 175, 177, 179, 180, 178, 176, 174, 172, 170, 168, 166, 164, 162, 139]
36
0: [140, 141, 143, 145, 147, 149, 151, 153, 155, 157, 159, 142, 144, 146, 148, 150, 152, 154, 156, 158, 160, 139]
1: [140, 141, 143, 145, 147, 149, 151, 153, 155, 157, 159, 142, 144, 146, 148, 150, 152, 154, 156, 158, 160, 139]
2: [140, 143, 145, 147, 149, 151, 153, 155, 157, 159, 144, 146, 148, 150, 152, 154, 156, 158, 160, 139]
3: [140, 145, 147, 149, 151, 153, 155, 157, 159, 146, 148, 150, 152, 154, 156, 158, 160, 139]
4: [140, 147, 149, 151, 153, 155, 157, 159, 148, 150, 152, 154, 156, 158, 160, 139]
5: [140, 149, 151, 153, 155, 157, 159, 150, 152, 154, 156, 158, 160, 139]
6: [140, 151, 153, 155, 157, 159, 152, 154, 156, 158, 160, 139]
7: [140, 153, 155, 157, 159, 154, 156, 158, 160, 139]
8: [155, 140, 157, 159, 156, 158, 160, 139]
9: [140, 157, 159, 158, 160, 139]
10: [140, 159, 160, 139]
11: [140, 139]
12: [140, 141, 143, 145, 147, 149, 151, 153, 155, 157, 159, 142, 144, 146, 148, 150, 152, 154, 156, 158, 160, 139]
13: [141, 142]
14: [143, 144]
15: [145, 146]
16: [147, 148]
17: [149, 150]
18: [151, 152]
19: [153, 154]
20: [155, 156]
21: [157, 158]
22: [159, 160]
23: [140, 139]
24: [185, 140, 141, 143, 145, 147, 149, 151, 153, 155, 157, 159, 186, 142, 144, 146, 148, 150, 152, 154, 156, 158, 160, 139]
25: [185, 141, 142, 186]
26: [185, 143, 144, 186]
27: [185, 145, 186, 146]
28: [185, 147, 186, 148]
29: [185, 149, 186, 150]
30: [185, 151, 186, 152]
31: [185, 153, 186, 154]
32: [185, 155, 186, 156]
33: [185, 186, 157, 158]
34: [185, 186, 159, 160]
35: [185, 186, 140, 139]
36: []
37: [186, 187, 141, 142, 185, 188]
38: [186, 187, 143, 144, 185, 188]
39: [186, 187, 145, 146, 185, 188]
40: [186, 187, 147, 185, 188, 148]
41: [186, 187, 149, 185, 188, 150]
42: [186, 187, 151, 185, 188, 152]
43: [186, 187, 153, 185, 188, 154]
44: [186, 187, 155, 185, 188, 156]
45: [186, 187, 185, 188, 157, 158]
46: [186, 187, 185, 188, 159, 160]
47: [186, 187, 185, 188, 140, 139]
48: [160, 139, 142, 144, 146, 188, 148, 150, 152, 154, 156, 158, 187, 141, 143, 145, 147, 149, 151, 153, 155, 157, 159, 140]
49: [188, 141, 142, 187]
50: [188, 143, 144, 187]
51: [188, 145, 146, 187]
52: [188, 147, 187, 148]
53: [188, 149, 187, 150]
54: [188, 151, 187, 152]
55: [188, 153, 187, 154]
56: [188, 155, 187, 156]
57: [188, 187, 157, 158]
58: [188, 187, 159, 160]
59: [187, 188, 140, 139]
60: [160, 139, 142, 144, 146, 148, 150, 152, 154, 156, 158, 141, 143, 145, 147, 149, 151, 153, 155, 157, 159, 140]
61: [141, 142]
62: [143, 144]
63: [145, 146]
64: [147, 148]
65: [149, 150]
66: [151, 152]
67: [153, 154]
68: [155, 156]
69: [157, 158]
70: [159, 160]
71: [140, 139]
72: [160, 139, 142, 144, 146, 148, 150, 152, 154, 156, 158, 141, 143, 145, 147, 149, 151, 153, 155, 157, 159, 140]
73: [141, 142]
74: [143, 144]
75: [145, 146]
76: [147, 148]
77: [149, 150]
78: [151, 152]
79: [153, 154]
80: [155, 156]
81: [157, 158]
82: [159, 160]
83: [140, 139]
84: [160, 139, 142, 144, 146, 148, 150, 152, 154, 156, 158, 141, 143, 145, 147, 149, 151, 153, 155, 157, 159, 140]
85: [141, 142]
86: [143, 144]
87: [145, 146]
88: [147, 148]
89: [149, 150]
90: [151, 152]
91: [153, 154]
92: [155, 156]
93: [157, 158]
94: [159, 160]
95: [140, 139]
96: [160, 139, 142, 144, 146, 148, 150, 152, 154, 156, 158, 141, 143, 145, 147, 149, 151, 153, 155, 157, 159, 140]
97: [141, 142]
98: [144, 143]
99: [145, 146]
100: [147, 148]
101: [149, 150]
102: [152, 151]
103: [153, 154]
104: [155, 156]
105: [157, 158]
106: [160, 159]
107: [139, 140]
108: [160, 139, 142, 144, 146, 148, 150, 152, 154, 156, 158, 141, 143, 145, 147, 149, 151, 153, 155, 157, 159, 140]
109: [142, 141]
110: [144, 143]
111: [146, 145]
112: [148, 147]
113: [150, 149]
114: [152, 151]
115: [154, 153]
116: [156, 155]
117: [158, 157]
118: [160, 159]
119: [139, 140]
120: [160, 139, 142, 144, 146, 148, 150, 152, 154, 156, 158, 141, 143, 145, 147, 149, 151, 153, 155, 157, 159, 140]
121: [142, 141]
122: [144, 143]
123: [146, 145]
124: [148, 147]
125: [150, 149]
126: [152, 151]
127: [154, 153]
128: [156, 155]
129: [158, 157]
130: [160, 159]
131: [139, 140]
132: [160, 139, 142, 144, 146, 148, 150, 152, 154, 156, 158, 141, 143, 145, 147, 149, 151, 153, 155, 157, 159, 140]
133: [160, 139, 142, 144, 146, 148, 150, 152, 154, 156, 158, 141, 143, 145, 147, 149, 151, 153, 155, 157, 159, 140]
134: [160, 139, 144, 146, 148, 150, 152, 154, 156, 158, 143, 145, 147, 149, 151, 153, 155, 157, 159, 140]
135: [160, 139, 146, 148, 150, 152, 154, 156, 158, 145, 147, 149, 151, 153, 155, 157, 159, 140]
136: [160, 139, 148, 150, 152, 154, 156, 158, 147, 149, 151, 153, 155, 157, 159, 140]
137: [160, 139, 150, 152, 154, 156, 158, 149, 151, 153, 155, 157, 159, 140]
138: [160, 139, 152, 154, 156, 158, 151, 153, 155, 157, 159, 140]
139: [160, 139, 154, 156, 158, 153, 155, 157, 159, 140]
140: [160, 139, 156, 158, 155, 157, 159, 140]
141: [160, 139, 158, 157, 159, 140]
142: [160, 139, 159, 140]
143: [139, 140]
37
0: [142, 141]
1: [161, 142, 141, 162]
2: [161, 162]
3: [161, 162]
4: [161, 162]
5: [161, 162]
6: [161, 162]
7: [161, 162]
8: [161, 162]
9: [161, 162]
10: [161, 162]
11: [161, 162]
12: [142, 141]
13: [96, 98, 100, 102, 104, 87, 122, 92, 94, 121, 91, 93, 95, 97, 99, 101, 103, 88]
14: [96, 98, 100, 102, 104, 87, 122, 92, 94, 121, 91, 93, 95, 97, 99, 101, 103, 88]
15: [96, 98, 100, 102, 104, 87, 92, 94, 91, 93, 95, 97, 99, 101, 103, 88]
16: [96, 98, 100, 102, 104, 87, 92, 94, 91, 93, 95, 97, 99, 101, 103, 88]
17: [96, 98, 100, 102, 104, 87, 92, 94, 91, 93, 95, 97, 99, 101, 103, 88]
18: [96, 98, 100, 102, 104, 87, 92, 94, 91, 93, 95, 97, 99, 101, 103, 88]
19: [96, 98, 100, 102, 104, 87, 92, 94, 91, 93, 95, 97, 99, 101, 103, 88]
20: [96, 98, 100, 102, 104, 87, 92, 94, 91, 93, 95, 97, 99, 101, 103, 88]
21: [96, 98, 100, 102, 104, 87, 92, 94, 91, 93, 95, 97, 99, 101, 103, 88]
22: [96, 98, 100, 102, 104, 87, 91, 92, 94, 93, 95, 97, 99, 101, 103, 88]
23: [161, 162]
24: [185, 142, 141, 186]
25: [96, 98, 100, 102, 104, 106, 87, 122, 92, 94, 121, 91, 93, 95, 97, 99, 101, 105, 103, 88]
26: [106, 122, 121, 105]
27: [106, 105]
28: [106, 105]
29: [106, 105]
30: [106, 105]
31: [106, 105]
32: [106, 105]
33: [106, 105]
34: [106, 91, 96, 98, 100, 102, 104, 87, 92, 93, 94, 95, 97, 99, 101, 103, 88, 105]
35: [186, 185, 161, 162]
36: [185, 188, 142, 141, 186, 187]
37: []
38: [91, 108, 122, 121, 92, 107]
39: [91, 108, 92, 107]
40: [91, 108, 92, 107]
41: [91, 108, 92, 107]
42: [91, 108, 92, 107]
43: [91, 108, 92, 107]
44: [91, 108, 92, 107]
45: [91, 108, 92, 107]
46: [91, 108, 106, 93, 96, 98, 100, 102, 104, 87, 92, 94, 95, 97, 99, 101, 103, 88, 105, 107]
47: [186, 187, 185, 188, 161, 162]
48: [188, 142, 141, 187]
49: [97, 99, 101, 103, 105, 107, 88, 121, 93, 95, 122, 94, 96, 98, 100, 108, 102, 104, 106, 87]
50: [93, 122, 121, 94]
51: [93, 94]
52: [93, 94]
53: [93, 94]
54: [93, 94]
55: [93, 94]
56: [93, 94]
57: [93, 94]
58: [108, 93, 106, 95, 96, 97, 98, 100, 102, 104, 87, 94, 99, 101, 103, 88, 105, 107]
59: [187, 188, 161, 162]
60: [142, 141]
61: [97, 99, 101, 103, 105, 107, 88, 121, 95, 122, 96, 98, 100, 108, 102, 104, 106, 87]
62: [95, 122, 121, 96]
63: [95, 96]
64: [95, 96]
65: [95, 96]
66: [95, 96]
67: [95, 96]
68: [95, 96]
69: [95, 96]
70: [108, 95, 97, 106, 96, 98, 99, 100, 102, 104, 87, 101, 103, 88, 105, 107]
71: [161, 162]
72: [142, 141]
73: [97, 99, 101, 103, 105, 107, 88, 121, 122, 98, 100, 108, 102, 104, 106, 87]
74: [97, 122, 121, 98]
75: [97, 98]
76: [97, 98]
77: [97, 98]
78: [97, 98]
79: [97, 98]
80: [97, 98]
81: [97, 98]
82: [97, 108, 106, 99, 98, 100, 101, 102, 104, 87, 103, 88, 105, 107]
83: [161, 162]
84: [142, 141]
85: [99, 101, 103, 105, 107, 88, 121, 122, 100, 108, 102, 104, 106, 87]
86: [99, 122, 121, 100]
87: [99, 100]
88: [99, 100]
89: [99, 100]
90: [99, 100]
91: [99, 100]
92: [99, 100]
93: [99, 100]
94: [99, 108, 106, 101, 100, 102, 103, 104, 87, 88, 105, 107]
95: [161, 162]
96: [141, 142]
97: [101, 103, 105, 107, 88, 121, 122, 108, 102, 104, 106, 87]
98: [101, 121, 122, 102]
99: [101, 102]
100: [101, 102]
101: [101, 102]
102: [101, 102]
103: [101, 102]
104: [101, 102]
105: [101, 102]
106: [108, 101, 106, 103, 102, 104, 105, 107, 87, 88]
107: [161, 162]
108: [141, 142]
109: [103, 105, 107, 88, 121, 122, 108, 104, 106, 87]
110: [103, 121, 122, 104]
111: [103, 104]
112: [103, 104]
113: [103, 104]
114: [103, 104]
115: [103, 104]
116: [103, 104]
117: [103, 104]
118: [108, 103, 88, 105, 106, 107, 104, 87]
119: [162, 161]
120: [141, 142]
121: [88, 105, 107, 121, 122, 108, 106, 87]
122: [88, 105, 107, 121, 122, 108, 106, 87]
123: [88, 105, 107, 108, 106, 87]
124: [88, 105, 107, 108, 106, 87]
125: [88, 105, 107, 108, 106, 87]
126: [88, 105, 107, 108, 106, 87]
127: [88, 105, 107, 108, 106, 87]
128: [88, 105, 107, 108, 106, 87]
129: [88, 105, 107, 108, 106, 87]
130: [88, 105, 107, 108, 106, 87]
131: [162, 161]
132: [141, 142]
133: [162, 141, 142, 161]
134: [162, 161]
135: [162, 161]
136: [162, 161]
137: [162, 161]
138: [162, 161]
139: [162, 161]
140: [162, 161]
141: [162, 161]
142: [162, 161]
143: [162, 161]
38
0: [144, 143]
1: [144, 143]
2: [144, 163, 143, 164]
3: [163, 164]
4: [163, 164]
5: [163, 164]
6: [163, 164]
7: [163, 164]
8: [163, 164]
9: [163, 164]
10: [163, 164]
11: [163, 164]
12: [144, 143]
13: [121, 92, 122, 91]
14: [121, 124, 92, 123, 122, 91]
15: [124, 92, 123, 91]
16: [92, 91]
17: [92, 91]
18: [92, 91]
19: [92, 91]
20: [92, 91]
21: [91, 92]
22: [91, 92]
23: [163, 164]
24: [185, 144, 143, 186]
25: [92, 121, 122, 91]
26: [73, 48, 49, 51, 53, 55, 57, 59, 50, 74, 52, 54, 56, 58, 60, 47]
27: [73, 48, 49, 51, 53, 55, 57, 59, 50, 74, 52, 54, 56, 58, 60, 47]
28: [73, 48, 51, 53, 55, 57, 59, 74, 52, 54, 56, 58, 60, 47]
29: [73, 48, 53, 55, 57, 59, 74, 54, 56, 58, 60, 47]
30: [73, 48, 55, 57, 59, 74, 56, 58, 60, 47]
31: [48, 57, 59, 73, 74, 58, 60, 47]
32: [48, 73, 59, 74, 60, 47]
33: [48, 73, 74, 47]
34: [91, 92]
35: [186, 185, 163, 164]
36: [185, 188, 144, 143, 186, 187]
37: [107, 92, 121, 122, 91, 108]
38: []
39: [74, 75, 49, 50, 73, 76]
40: [74, 75, 51, 73, 52, 76]
41: [74, 75, 53, 73, 76, 54]
42: [74, 75, 55, 73, 76, 56]
43: [74, 75, 57, 73, 76, 58]
44: [74, 75, 59, 73, 76, 60]
45: [74, 75, 48, 73, 76, 47]
46: [91, 108, 92, 107]
47: [186, 187, 185, 163, 188, 164]
48: [188, 144, 143, 187]
49: [107, 121, 122, 108]
50: [76, 47, 50, 52, 54, 56, 58, 60, 49, 75, 51, 53, 55, 57, 59, 48]
51: [76, 49, 50, 75]
52: [76, 51, 75, 52]
53: [76, 53, 75, 54]
54: [76, 55, 75, 56]
55: [76, 57, 75, 58]
56: [76, 75, 59, 60]
57: [75, 76, 48, 47]
58: [108, 107]
59: [187, 188, 163, 164]
60: [144, 143]
61: [107, 121, 122, 108]
62: [47, 50, 52, 54, 56, 58, 60, 49, 51, 53, 55, 57, 59, 48]
63: [49, 50]
64: [51, 52]
65: [53, 54]
66: [55, 56]
67: [57, 58]
68: [59, 60]
69: [48, 47]
70: [108, 107]
71: [163, 164]
72: [144, 143]
73: [107, 121, 122, 108]
74: [47, 50, 52, 54, 56, 58, 60, 49, 51, 53, 55, 57, 59, 48]
75: [49, 50]
76: [51, 52]
77: [53, 54]
78: [55, 56]
79: [57, 58]
80: [59, 60]
81: [48, 47]
82: [108, 107]
83: [163, 164]
84: [144, 143]
85: [107, 121, 122, 108]
86: [47, 50, 52, 54, 56, 58, 60, 49, 51, 53, 55, 57, 59, 48]
87: [49, 50]
88: [51, 52]
89: [53, 54]
90: [55, 56]
91: [57, 58]
92: [59, 60]
93: [48, 47]
94: [108, 107]
95: [163, 164]
96: [144, 143]
97: [107, 121, 122, 108]
98: [47, 50, 52, 54, 56, 58, 60, 49, 51, 53, 55, 57, 59, 48]
99: [49, 50]
100: [51, 52]
101: [53, 54]
102: [56, 55]
103: [57, 58]
104: [59, 60]
105: [48, 47]
106: [108, 107]
107: [163, 164]
108: [143, 144]
109: [107, 122, 121, 108]
110: [47, 50, 52, 54, 56, 58, 60, 49, 51, 53, 55, 57, 59, 48]
111: [47, 50, 52, 54, 56, 58, 60, 49, 51, 53, 55, 57, 59, 48]
112: [47, 52, 54, 56, 58, 60, 51, 53, 55, 57, 59, 48]
113: [47, 54, 56, 58, 60, 53, 55, 57, 59, 48]
114: [56, 58, 60, 47, 55, 57, 59, 48]
115: [58, 60, 47, 57, 59, 48]
116: [60, 47, 59, 48]
117: [47, 48]
118: [108, 107]
119: [164, 163]
120: [143, 144]
121: [122, 107, 121, 108]
122: [122, 123, 107, 121, 124, 108]
123: [123, 107, 124, 108]
124: [107, 108]
125: [107, 108]
126: [107, 108]
127: [107, 108]
128: [107, 108]
129: [107, 108]
130: [108, 107]
131: [164, 163]
132: [143, 144]
133: [143, 144]
134: [164, 143, 144, 163]
135: [164, 163]
136: [164, 163]
137: [164, 163]
138: [164, 163]
139: [164, 163]
140: [164, 163]
141: [164, 163]
142: [164, 163]
143: [164, 163]
39
0: [146, 145]
1: [146, 145]
2: [146, 145]
3: [146, 165, 145, 166]
4: [165, 166]
5: [165, 166]
6: [165, 166]
7: [165, 166]
8: [165, 166]
9: [165, 166]
10: [165, 166]
11: [165, 166]
12: [146, 145]
13: [92, 91]
14: [123, 92, 91, 124]
15: [123, 126, 92, 91, 124, 125]
16: [126, 92, 91, 125]
17: [92, 91]
18: [92, 91]
19: [92, 91]
20: [91, 92]
21: [91, 92]
22: [91, 92]
23: [165, 166]
24: [185, 146, 145, 186]
25: [92, 91]
26: [73, 50, 49, 74]
27: [50, 61, 73, 74, 49, 62]
28: [61, 73, 74, 62]
29: [61, 73, 74, 62]
30: [61, 73, 74, 62]
31: [61, 73, 74, 62]
32: [61, 73, 74, 62]
33: [74, 61, 73, 62]
34: [91, 92]
35: [186, 165, 185, 166]
36: [185, 188, 146, 145, 186, 187]
37: [107, 92, 91, 108]
38: [73, 76, 50, 49, 74, 75]
39: []
40: [38, 19, 22, 24, 26, 28, 37, 21, 23, 25, 27, 20]
41: [19, 22, 24, 26, 28, 21, 23, 25, 27, 20]
42: [19, 22, 24, 26, 28, 21, 23, 25, 27, 20]
43: [19, 22, 24, 26, 28, 21, 23, 25, 27, 20]
44: [19, 22, 24, 26, 28, 21, 23, 25, 27, 20]
45: [74, 75, 61, 73, 76, 62]
46: [91, 108, 92, 107]
47: [186, 187, 165, 185, 188, 166]
48: [188, 146, 145, 187]
49: [107, 108]
50: [76, 50, 49, 75]
51: [37, 20, 21, 23, 25, 27, 38, 22, 24, 26, 28, 19]
52: [21, 38, 37, 22]
53: [21, 22]
54: [21, 22]
55: [21, 22]
56: [19, 21, 22, 24, 26, 28, 23, 25, 27, 20]
57: [75, 76, 61, 62]
58: [108, 107]
59: [187, 188, 165, 166]
60: [146, 145]
61: [107, 108]
62: [50, 49]
63: [37, 20, 23, 25, 27, 38, 24, 26, 28, 19]
64: [38, 23, 37, 24]
65: [23, 24]
66: [23, 24]
67: [23, 24]
68: [19, 23, 24, 26, 28, 25, 27, 20]
69: [61, 62]
70: [108, 107]
71: [165, 166]
72: [146, 145]
73: [107, 108]
74: [50, 49]
75: [25, 27, 20, 37, 38, 26, 28, 19]
76: [25, 38, 37, 26]
77: [25, 26]
78: [25, 26]
79: [25, 26]
80: [25, 26, 19, 28, 27, 20]
81: [61, 62]
82: [108, 107]
83: [165, 166]
84: [146, 145]
85: [107, 108]
86: [50, 49]
87: [27, 20, 37, 38, 28, 19]
88: [27, 38, 37, 28]
89: [27, 28]
90: [27, 28]
91: [27, 28]
92: [27, 19, 28, 20]
93: [61, 62]
94: [108, 107]
95: [165, 166]
96: [145, 146]
97: [107, 108]
98: [49, 50]
99: [20, 37, 38, 19]
100: [20, 37, 38, 19]
101: [20, 19]
102: [20, 19]
103: [20, 19]
104: [19, 20]
105: [61, 62]
106: [108, 107]
107: [165, 166]
108: [145, 146]
109: [107, 108]
110: [49, 50]
111: [49, 62, 50, 61]
112: [62, 61]
113: [62, 61]
114: [62, 61]
115: [62, 61]
116: [62, 61]
117: [62, 61]
118: [108, 107]
119: [166, 165]
120: [145, 146]
121: [107, 108]
122: [124, 107, 123, 108]
123: [124, 125, 107, 123, 126, 108]
124: [125, 107, 126, 108]
125: [107, 108]
126: [107, 108]
127: [107, 108]
128: [107, 108]
129: [108, 107]
130: [108, 107]
131: [166, 165]
132: [145, 146]
133: [145, 146]
134: [145, 146]
135: [145, 166, 146, 165]
136: [166, 165]
137: [166, 165]
138: [166, 165]
139: [166, 165]
140: [166, 165]
141: [166, 165]
142: [166, 165]
143: [166, 165]
40
0: [148, 147]
1: [148, 147]
2: [148, 147]
3: [148, 147]
4: [148, 167, 147, 168]
5: [167, 168]
6: [167, 168]
7: [167, 168]
8: [167, 168]
9: [167, 168]
10: [167, 168]
11: [167, 168]
12: [148, 147]
13: [92, 91]
14: [92, 91]
15: [125, 92, 91, 126]
16: [128, 125, 92, 91, 126, 127]
17: [128, 92, 91, 127]
18: [92, 91]
19: [91, 92]
20: [91, 92]
21: [91, 92]
22: [91, 92]
23: [167, 168]
24: [185, 148, 186, 147]
25: [92, 91]
26: [73, 52, 74, 51]
27: [52, 73, 74, 51]
28: [52, 63, 73, 74, 51, 64]
29: [63, 73, 74, 64]
30: [63, 73, 74, 64]
31: [63, 73, 74, 64]
32: [63, 74, 73, 64]
33: [74, 63, 73, 64]
34: [91, 92]
35: [186, 167, 185, 168]
36: [185, 188, 148, 186, 147, 187]
37: [107, 92, 91, 108]
38: [73, 76, 52, 75, 74, 51]
39: [37, 20, 21, 23, 25, 27, 38, 22, 24, 26, 28, 19]
40: []
41: [40, 19, 22, 24, 26, 28, 21, 39, 23, 25, 27, 20]
42: [19, 22, 24, 26, 28, 21, 23, 25, 27, 20]
43: [19, 22, 24, 26, 28, 21, 23, 25, 27, 20]
44: [19, 22, 24, 26, 28, 21, 23, 25, 27, 20]
45: [74, 75, 63, 73, 76, 64]
46: [91, 108, 92, 107]
47: [186, 187, 167, 185, 188, 168]
48: [188, 148, 147, 187]
49: [107, 108]
50: [76, 52, 75, 51]
51: [37, 20, 21, 23, 25, 27, 38, 22, 24, 26, 28, 19]
52: [38, 39, 21, 22, 40, 37]
53: [40, 21, 22, 39]
54: [21, 22]
55: [21, 22]
56: [19, 22, 24, 26, 28, 21, 23, 25, 27, 20]
57: [75, 63, 76, 64]
58: [108, 107]
59: [187, 167, 188, 168]
60: [148, 147]
61: [107, 108]
62: [52, 51]
63: [37, 20, 23, 25, 27, 38, 24, 26, 28, 19]
64: [38, 39, 23, 24, 40, 37]
65: [40, 23, 24, 39]
66: [23, 24]
67: [24, 23]
68: [24, 26, 19, 28, 23, 25, 27, 20]
69: [63, 64]
70: [108, 107]
71: [167, 168]
72: [148, 147]
73: [107, 108]
74: [52, 51]
75: [25, 27, 20, 37, 38, 26, 28, 19]
76: [38, 39, 25, 40, 37, 26]
77: [40, 25, 39, 26]
78: [25, 26]
79: [25, 26]
80: [26, 19, 28, 25, 27, 20]
81: [63, 64]
82: [108, 107]
83: [167, 168]
84: [148, 147]
85: [107, 108]
86: [52, 51]
87: [27, 20, 37, 38, 28, 19]
88: [38, 39, 27, 40, 37, 28]
89: [40, 27, 39, 28]
90: [27, 28]
91: [27, 28]
92: [19, 28, 27, 20]
93: [63, 64]
94: [108, 107]
95: [167, 168]
96: [147, 148]
97: [107, 108]
98: [51, 52]
99: [20, 37, 38, 19]
100: [38, 39, 40, 20, 37, 19]
101: [40, 39, 20, 19]
102: [20, 19]
103: [19, 20]
104: [19, 20]
105: [64, 63]
106: [108, 107]
107: [168, 167]
108: [147, 148]
109: [107, 108]
110: [51, 52]
111: [51, 52]
112: [64, 51, 52, 63]
113: [64, 63]
114: [64, 63]
115: [64, 63]
116: [64, 63]
117: [64, 63]
118: [108, 107]
119: [168, 167]
120: [147, 148]
121: [107, 108]
122: [107, 108]
123: [126, 107, 125, 108]
124: [126, 127, 128, 107, 125, 108]
125: [127, 128, 107, 108]
126: [107, 108]
127: [107, 108]
128: [108, 107]
129: [108, 107]
130: [108, 107]
131: [168, 167]
132: [147, 148]
133: [147, 148]
134: [147, 148]
135: [147, 148]
136: [168, 147, 148, 167]
137: [168, 167]
138: [168, 167]
139: [168, 167]
140: [168, 167]
141: [168, 167]
142: [168, 167]
143: [168, 167]
41
0: [150, 149]
1: [150, 149]
2: [150, 149]
3: [150, 149]
4: [150, 149]
5: [169, 150, 149, 170]
6: [169, 170]
7: [169, 170]
8: [169, 170]
9: [169, 170]
10: [169, 170]
11: [169, 170]
12: [150, 149]
13: [92, 91]
14: [92, 91]
15: [92, 91]
16: [127, 92, 91, 128]
17: [130, 127, 92, 91, 128, 129]
18: [130, 91, 92, 129]
19: [91, 92]
20: [91, 92]
21: [91, 92]
22: [91, 92]
23: [169, 170]
24: [185, 150, 186, 149]
25: [92, 91]
26: [73, 54, 74, 53]
27: [54, 73, 74, 53]
28: [54, 73, 74, 53]
29: [65, 54, 73, 74, 53, 66]
30: [65, 73, 74, 66]
31: [65, 74, 73, 66]
32: [65, 74, 73, 66]
33: [65, 74, 73, 66]
34: [91, 92]
35: [186, 169, 185, 170]
36: [185, 188, 150, 186, 187, 149]
37: [107, 92, 91, 108]
38: [73, 76, 54, 74, 75, 53]
39: [20, 21, 23, 25, 27, 22, 24, 26, 28, 19]
40: [39, 20, 21, 23, 25, 27, 40, 22, 24, 26, 28, 19]
41: []
42: [42, 19, 22, 24, 26, 28, 41, 21, 23, 25, 27, 20]
43: [19, 22, 24, 26, 28, 21, 23, 25, 27, 20]
44: [19, 22, 24, 26, 28, 21, 23, 25, 27, 20]
45: [74, 75, 65, 73, 76, 66]
46: [91, 108, 92, 107]
47: [186, 187, 169, 185, 188, 170]
48: [188, 150, 187, 149]
49: [107, 108]
50: [76, 54, 75, 53]
51: [20, 21, 23, 25, 27, 22, 24, 26, 28, 19]
52: [39, 21, 22, 40]
53: [40, 41, 21, 22, 42, 39]
54: [42, 21, 22, 41]
55: [22, 21]
56: [19, 22, 24, 26, 28, 21, 23, 25, 27, 20]
57: [75, 65, 76, 66]
58: [108, 107]
59: [187, 169, 188, 170]
60: [150, 149]
61: [107, 108]
62: [54, 53]
63: [25, 27, 20, 23, 24, 26, 28, 19]
64: [39, 23, 24, 40]
65: [40, 41, 23, 24, 42, 39]
66: [42, 24, 23, 41]
67: [24, 23]
68: [24, 26, 19, 28, 23, 25, 27, 20]
69: [65, 66]
70: [108, 107]
71: [169, 170]
72: [150, 149]
73: [107, 108]
74: [54, 53]
75: [25, 27, 20, 26, 28, 19]
76: [39, 25, 40, 26]
77: [40, 41, 25, 26, 42, 39]
78: [42, 25, 26, 41]
79: [26, 25]
80: [26, 19, 28, 25, 27, 20]
81: [65, 66]
82: [108, 107]
83: [169, 170]
84: [150, 149]
85: [107, 108]
86: [54, 53]
87: [27, 20, 28, 19]
88: [39, 40, 27, 28]
89: [40, 41, 42, 27, 39, 28]
90: [42, 41, 27, 28]
91: [28, 27]
92: [19, 28, 27, 20]
93: [65, 66]
94: [108, 107]
95: [169, 170]
96: [149, 150]
97: [107, 108]
98: [53, 54]
99: [20, 19]
100: [40, 39, 20, 19]
101: [40, 41, 42, 39, 20, 19]
102: [41, 42, 19, 20]
103: [19, 20]
104: [19, 20]
105: [65, 66]
106: [108, 107]
107: [169, 170]
108: [149, 150]
109: [107, 108]
110: [53, 54]
111: [53, 54]
112: [53, 54]
113: [66, 53, 54, 65]
114: [66, 65]
115: [66, 65]
116: [66, 65]
117: [66, 65]
118: [108, 107]
119: [170, 169]
120: [149, 150]
121: [107, 108]
122: [107, 108]
123: [107, 108]
124: [128, 127, 107, 108]
125: [128, 129, 130, 127, 107, 108]
126: [129, 130, 107, 108]
127: [108, 107]
128: [108, 107]
129: [108, 107]
130: [108, 107]
131: [170, 169]
132: [149, 150]
133: [149, 150]
134: [149, 150]
135: [149, 150]
136: [149, 150]
137: [170, 149, 150, 169]
138: [170, 169]
139: [170, 169]
140: [170, 169]
141: [170, 169]
142: [170, 169]
143: [170, 169]
42
0: [152, 151]
1: [152, 151]
2: [152, 151]
3: [152, 151]
4: [152, 151]
5: [152, 151]
6: [152, 171, 172, 151]
7: [171, 172]
8: [171, 172]
9: [171, 172]
10: [171, 172]
11: [171, 172]
12: [152, 151]
13: [92, 91]
14: [92, 91]
15: [92, 91]
16: [92, 91]
17: [129, 91, 92, 130]
18: [129, 132, 91, 92, 130, 131]
19: [132, 91, 92, 131]
20: [91, 92]
21: [91, 92]
22: [91, 92]
23: [171, 172]
24: [185, 152, 186, 151]
25: [92, 91]
26: [56, 73, 74, 55]
27: [56, 73, 74, 55]
28: [56, 73, 74, 55]
29: [56, 73, 74, 55]
30: [56, 67, 74, 73, 68, 55]
31: [67, 74, 73, 68]
32: [67, 74, 73, 68]
33: [74, 67, 73, 68]
34: [91, 92]
35: [186, 171, 185, 172]
36: [185, 188, 152, 186, 187, 151]
37: [107, 92, 91, 108]
38: [73, 76, 56, 74, 75, 55]
39: [20, 21, 23, 25, 27, 22, 24, 26, 28, 19]
40: [20, 21, 23, 25, 27, 22, 24, 26, 28, 19]
41: [41, 20, 21, 23, 25, 27, 42, 22, 24, 26, 28, 19]
42: []
43: [44, 19, 22, 24, 26, 28, 43, 21, 23, 25, 27, 20]
44: [19, 22, 24, 26, 28, 21, 23, 25, 27, 20]
45: [74, 75, 67, 73, 76, 68]
46: [91, 108, 92, 107]
47: [186, 187, 171, 185, 188, 172]
48: [188, 152, 187, 151]
49: [107, 108]
50: [76, 56, 75, 55]
51: [20, 21, 23, 25, 27, 22, 24, 26, 28, 19]
52: [21, 22]
53: [41, 21, 22, 42]
54: [42, 43, 22, 21, 41, 44]
55: [44, 22, 21, 43]
56: [19, 22, 24, 26, 28, 21, 23, 25, 27, 20]
57: [75, 67, 76, 68]
58: [108, 107]
59: [187, 171, 188, 172]
60: [152, 151]
61: [107, 108]
62: [56, 55]
63: [25, 27, 20, 23, 24, 26, 28, 19]
64: [23, 24]
65: [41, 24, 23, 42]
66: [42, 43, 24, 23, 41, 44]
67: [44, 24, 43, 23]
68: [24, 26, 19, 28, 23, 25, 27, 20]
69: [67, 68]
70: [108, 107]
71: [171, 172]
72: [152, 151]
73: [107, 108]
74: [56, 55]
75: [25, 27, 20, 26, 28, 19]
76: [25, 26]
77: [41, 25, 26, 42]
78: [42, 43, 26, 25, 44, 41]
79: [44, 26, 43, 25]
80: [26, 19, 28, 25, 27, 20]
81: [67, 68]
82: [108, 107]
83: [171, 172]
84: [152, 151]
85: [107, 108]
86: [56, 55]
87: [27, 20, 28, 19]
88: [27, 28]
89: [41, 42, 27, 28]
90: [42, 43, 41, 28, 44, 27]
91: [44, 43, 28, 27]
92: [19, 28, 27, 20]
93: [67, 68]
94: [108, 107]
95: [171, 172]
96: [152, 151]
97: [107, 108]
98: [56, 55]
99: [20, 19]
100: [20, 19]
101: [41, 42, 19, 20]
102: [42, 43, 41, 44, 19, 20]
103: [43, 44, 19, 20]
104: [19, 20]
105: [67, 68]
106: [108, 107]
107: [171, 172]
108: [151, 152]
109: [107, 108]
110: [55, 56]
111: [55, 56]
112: [55, 56]
113: [55, 56]
114: [68, 55, 67, 56]
115: [68, 67]
116: [68, 67]
117: [68, 67]
118: [108, 107]
119: [172, 171]
120: [151, 152]
121: [107, 108]
122: [107, 108]
123: [107, 108]
124: [107, 108]
125: [130, 129, 107, 108]
126: [130, 131, 129, 132, 108, 107]
127: [131, 132, 108, 107]
128: [108, 107]
129: [108, 107]
130: [108, 107]
131: [172, 171]
132: [151, 152]
133: [151, 152]
134: [151, 152]
135: [151, 152]
136: [151, 152]
137: [151, 152]
138: [172, 151, 171, 152]
139: [172, 171]
140: [172, 171]
141: [172, 171]
142: [172, 171]
143: [172, 171]
43
0: [154, 153]
1: [154, 153]
2: [154, 153]
3: [154, 153]
4: [154, 153]
5: [154, 153]
6: [154, 153]
7: [154, 173, 174, 153]
8: [173, 174]
9: [173, 174]
10: [173, 174]
11: [173, 174]
12: [154, 153]
13: [92, 91]
14: [92, 91]
15: [92, 91]
16: [91, 92]
17: [91, 92]
18: [131, 91, 92, 132]
19: [131, 134, 91, 92, 132, 133]
20: [134, 91, 92, 133]
21: [91, 92]
22: [91, 92]
23: [173, 174]
24: [185, 154, 186, 153]
25: [92, 91]
26: [73, 58, 74, 57]
27: [58, 73, 74, 57]
28: [58, 73, 74, 57]
29: [58, 74, 73, 57]
30: [58, 74, 73, 57]
31: [58, 69, 74, 73, 70, 57]
32: [69, 74, 73, 70]
33: [74, 69, 73, 70]
34: [91, 92]
35: [186, 173, 185, 174]
36: [185, 188, 154, 186, 187, 153]
37: [107, 92, 91, 108]
38: [73, 76, 58, 74, 75, 57]
39: [20, 21, 23, 25, 27, 22, 24, 26, 28, 19]
40: [20, 21, 23, 25, 27, 22, 24, 26, 28, 19]
41: [20, 21, 23, 25, 27, 22, 24, 26, 28, 19]
42: [43, 20, 21, 23, 25, 27, 44, 22, 24, 26, 28, 19]
43: []
44: [46, 19, 22, 24, 26, 28, 45, 21, 23, 25, 27, 20]
45: [74, 75, 69, 73, 76, 70]
46: [91, 108, 92, 107]
47: [186, 187, 173, 185, 188, 174]
48: [188, 154, 187, 153]
49: [107, 108]
50: [76, 58, 75, 57]
51: [20, 21, 23, 25, 27, 22, 24, 26, 28, 19]
52: [21, 22]
53: [22, 21]
54: [43, 22, 21, 44]
55: [44, 45, 22, 21, 43, 46]
56: [46, 19, 22, 24, 26, 28, 45, 21, 23, 25, 27, 20]
57: [75, 69, 76, 70]
58: [108, 107]
59: [187, 173, 188, 174]
60: [154, 153]
61: [107, 108]
62: [58, 57]
63: [25, 27, 20, 23, 24, 26, 28, 19]
64: [24, 23]
65: [24, 23]
66: [43, 24, 44, 23]
67: [44, 45, 24, 43, 46, 23]
68: [46, 19, 24, 26, 28, 45, 23, 25, 27, 20]
69: [69, 70]
70: [108, 107]
71: [173, 174]
72: [154, 153]
73: [107, 108]
74: [58, 57]
75: [25, 27, 20, 26, 28, 19]
76: [25, 26]
77: [26, 25]
78: [43, 26, 44, 25]
79: [44, 45, 26, 43, 46, 25]
80: [26, 19, 28, 46, 45, 25, 27, 20]
81: [69, 70]
82: [108, 107]
83: [173, 174]
84: [154, 153]
85: [107, 108]
86: [58, 57]
87: [27, 20, 28, 19]
88: [27, 28]
89: [28, 27]
90: [43, 28, 44, 27]
91: [44, 45, 28, 43, 46, 27]
92: [19, 28, 46, 45, 27, 20]
93: [69, 70]
94: [108, 107]
95: [173, 174]
96: [153, 154]
97: [107, 108]
98: [57, 58]
99: [20, 19]
100: [19, 20]
101: [19, 20]
102: [43, 44, 19, 20]
103: [44, 45, 43, 19, 46, 20]
104: [19, 45, 46, 20]
105: [69, 70]
106: [108, 107]
107: [173, 174]
108: [153, 154]
109: [107, 108]
110: [57, 58]
111: [57, 58]
112: [57, 58]
113: [57, 58]
114: [57, 58]
115: [57, 70, 69, 58]
116: [70, 69]
117: [70, 69]
118: [108, 107]
119: [174, 173]
120: [153, 154]
121: [107, 108]
122: [107, 108]
123: [107, 108]
124: [107, 108]
125: [108, 107]
126: [132, 131, 108, 107]
127: [132, 133, 131, 108, 134, 107]
128: [133, 108, 134, 107]
129: [108, 107]
130: [108, 107]
131: [174, 173]
132: [153, 154]
133: [153, 154]
134: [153, 154]
135: [153, 154]
136: [153, 154]
137: [153, 154]
138: [153, 154]
139: [153, 174, 173, 154]
140: [174, 173]
141: [174, 173]
142: [174, 173]
143: [174, 173]
44
0: [156, 155]
1: [156, 155]
2: [156, 155]
3: [156, 155]
4: [156, 155]
5: [156, 155]
6: [156, 155]
7: [156, 155]
8: [156, 175, 176, 155]
9: [175, 176]
10: [175, 176]
11: [175, 176]
12: [156, 155]
13: [92, 91]
14: [92, 91]
15: [91, 92]
16: [91, 92]
17: [91, 92]
18: [91, 92]
19: [133, 91, 92, 134]
20: [136, 133, 91, 92, 134, 135]
21: [136, 91, 92, 135]
22: [91, 92]
23: [175, 176]
24: [185, 156, 186, 155]
25: [92, 91]
26: [73, 60, 74, 59]
27: [60, 73, 74, 59]
28: [60, 74, 73, 59]
29: [60, 74, 73, 59]
30: [60, 74, 73, 59]
31: [60, 74, 73, 59]
32: [60, 71, 74, 73, 72, 59]
33: [74, 71, 72, 73]
34: [91, 92]
35: [186, 175, 176, 185]
36: [185, 188, 156, 186, 187, 155]
37: [107, 92, 91, 108]
38: [73, 76, 60, 74, 75, 59]
39: [20, 21, 23, 25, 27, 22, 24, 26, 28, 19]
40: [20, 21, 23, 25, 27, 22, 24, 26, 28, 19]
41: [20, 21, 23, 25, 27, 22, 24, 26, 28, 19]
42: [20, 21, 23, 25, 27, 22, 24, 26, 28, 19]
43: [45, 20, 21, 23, 25, 27, 46, 22, 24, 26, 28, 19]
44: []
45: [74, 75, 71, 72, 73, 76]
46: [91, 108, 92, 107]
47: [186, 187, 175, 176, 185, 188]
48: [188, 187, 156, 155]
49: [107, 108]
50: [76, 75, 60, 59]
51: [20, 21, 22, 23, 25, 27, 24, 26, 28, 19]
52: [22, 21]
53: [22, 21]
54: [22, 21]
55: [45, 22, 21, 46]
56: [46, 19, 22, 24, 26, 28, 45, 21, 23, 25, 27, 20]
57: [75, 71, 72, 76]
58: [108, 107]
59: [187, 175, 176, 188]
60: [156, 155]
61: [107, 108]
62: [60, 59]
63: [20, 23, 24, 25, 27, 26, 28, 19]
64: [24, 23]
65: [24, 23]
66: [24, 23]
67: [24, 45, 46, 23]
68: [46, 19, 24, 26, 28, 45, 23, 25, 27, 20]
69: [71, 72]
70: [108, 107]
71: [175, 176]
72: [156, 155]
73: [107, 108]
74: [60, 59]
75: [25, 26, 27, 20, 28, 19]
76: [26, 25]
77: [26, 25]
78: [26, 25]
79: [26, 45, 46, 25]
80: [26, 19, 28, 46, 45, 25, 27, 20]
81: [71, 72]
82: [108, 107]
83: [175, 176]
84: [156, 155]
85: [107, 108]
86: [60, 59]
87: [27, 20, 28, 19]
88: [28, 27]
89: [28, 27]
90: [28, 27]
91: [28, 45, 46, 27]
92: [19, 28, 46, 45, 27, 20]
93: [71, 72]
94: [108, 107]
95: [175, 176]
96: [155, 156]
97: [107, 108]
98: [59, 60]
99: [19, 20]
100: [19, 20]
101: [19, 20]
102: [19, 20]
103: [19, 45, 46, 20]
104: [19, 46, 45, 20]
105: [72, 71]
106: [108, 107]
107: [176, 175]
108: [155, 156]
109: [107, 108]
110: [59, 60]
111: [59, 60]
112: [59, 60]
113: [59, 60]
114: [59, 60]
115: [59, 60]
116: [72, 59, 71, 60]
117: [72, 71]
118: [108, 107]
119: [176, 175]
120: [155, 156]
121: [107, 108]
122: [107, 108]
123: [107, 108]
124: [108, 107]
125: [108, 107]
126: [108, 107]
127: [134, 108, 133, 107]
128: [134, 135, 108, 136, 133, 107]
129: [135, 108, 136, 107]
130: [108, 107]
131: [176, 175]
132: [155, 156]
133: [155, 156]
134: [155, 156]
135: [155, 156]
136: [155, 156]
137: [155, 156]
138: [155, 156]
139: [155, 156]
140: [176, 155, 175, 156]
141: [176, 175]
142: [176, 175]
143: [176, 175]
45
0: [158, 157]
1: [158, 157]
2: [158, 157]
3: [158, 157]
4: [158, 157]
5: [158, 157]
6: [158, 157]
7: [158, 157]
8: [158, 157]
9: [177, 158, 178, 157]
10: [177, 178]
11: [177, 178]
12: [158, 157]
13: [92, 91]
14: [91, 92]
15: [91, 92]
16: [91, 92]
17: [91, 92]
18: [91, 92]
19: [91, 92]
20: [135, 91, 136, 92]
21: [138, 135, 91, 136, 137, 92]
22: [138, 91, 137, 92]
23: [177, 178]
24: [185, 186, 158, 157]
25: [92, 91]
26: [73, 74, 47, 48]
27: [74, 62, 47, 73, 61, 48]
28: [64, 74, 62, 47, 73, 63, 61, 48]
29: [64, 66, 74, 47, 62, 73, 65, 63, 61, 48]
30: [64, 66, 68, 74, 47, 62, 73, 67, 65, 63, 61, 48]
31: [64, 66, 68, 70, 74, 47, 62, 73, 69, 67, 65, 63, 61, 48]
32: [64, 66, 68, 70, 72, 74, 47, 62, 73, 71, 69, 67, 65, 63, 61, 48]
33: [64, 66, 68, 70, 72, 74, 47, 62, 73, 71, 69, 67, 65, 63, 61, 48]
34: [91, 138, 137, 92]
35: [186, 177, 178, 185]
36: [185, 188, 186, 187, 158, 157]
37: [107, 92, 91, 108]
38: [73, 76, 74, 75, 47, 48]
39: [73, 76, 62, 74, 75, 61]
40: [73, 76, 64, 74, 75, 63]
41: [73, 76, 66, 74, 75, 65]
42: [73, 76, 68, 74, 75, 67]
43: [73, 76, 70, 74, 75, 69]
44: [73, 76, 72, 71, 74, 75]
45: []
46: [91, 108, 138, 137, 92, 107]
47: [186, 187, 177, 178, 185, 188]
48: [188, 187, 158, 157]
49: [107, 108]
50: [75, 76, 47, 48]
51: [75, 76, 62, 61]
52: [75, 64, 76, 63]
53: [75, 66, 76, 65]
54: [75, 68, 76, 67]
55: [75, 70, 76, 69]
56: [75, 72, 71, 76]
57: [65, 67, 69, 71, 75, 48, 61, 63, 72, 76, 70, 68, 66, 64, 62, 47]
58: [108, 138, 137, 107]
59: [187, 177, 178, 188]
60: [158, 157]
61: [107, 108]
62: [47, 48]
63: [62, 61]
64: [64, 63]
65: [66, 65]
66: [68, 67]
67: [70, 69]
68: [72, 71]
69: [65, 67, 69, 71, 48, 61, 63, 72, 70, 68, 66, 64, 62, 47]
70: [108, 138, 137, 107]
71: [177, 178]
72: [158, 157]
73: [107, 108]
74: [47, 48]
75: [62, 61]
76: [64, 63]
77: [66, 65]
78: [68, 67]
79: [70, 69]
80: [72, 71]
81: [65, 67, 69, 71, 48, 61, 63, 72, 70, 68, 66, 64, 62, 47]
82: [108, 138, 137, 107]
83: [177, 178]
84: [158, 157]
85: [107, 108]
86: [47, 48]
87: [62, 61]
88: [64, 63]
89: [66, 65]
90: [68, 67]
91: [70, 69]
92: [72, 71]
93: [65, 67, 69, 71, 48, 61, 63, 72, 70, 68, 66, 64, 62, 47]
94: [108, 138, 137, 107]
95: [177, 178]
96: [157, 158]
97: [107, 108]
98: [48, 47]
99: [61, 62]
100: [64, 63]
101: [65, 66]
102: [67, 68]
103: [69, 70]
104: [72, 71]
105: [65, 67, 69, 71, 48, 61, 63, 72, 70, 68, 66, 64, 62, 47]
106: [108, 137, 138, 107]
107: [177, 178]
108: [157, 158]
109: [107, 108]
110: [48, 47]
111: [48, 61, 62, 47]
112: [48, 61, 63, 64, 62, 47]
113: [48, 65, 61, 63, 66, 64, 62, 47]
114: [65, 67, 48, 61, 63, 68, 66, 64, 62, 47]
115: [65, 67, 69, 48, 61, 63, 70, 68, 66, 64, 62, 47]
116: [65, 67, 69, 71, 48, 61, 63, 72, 70, 68, 66, 64, 62, 47]
117: [65, 67, 69, 71, 48, 61, 63, 72, 70, 68, 66, 64, 62, 47]
118: [108, 137, 138, 107]
119: [178, 177]
120: [157, 158]
121: [107, 108]
122: [107, 108]
123: [108, 107]
124: [108, 107]
125: [108, 107]
126: [108, 107]
127: [108, 107]
128: [136, 108, 135, 107]
129: [136, 137, 108, 138, 135, 107]
130: [137, 108, 138, 107]
131: [178, 177]
132: [157, 158]
133: [157, 158]
134: [157, 158]
135: [157, 158]
136: [157, 158]
137: [157, 158]
138: [157, 158]
139: [157, 158]
140: [157, 158]
141: [178, 157, 177, 158]
142: [178, 177]
143: [178, 177]
46
0: [160, 159]
1: [160, 159]
2: [160, 159]
3: [160, 159]
4: [160, 159]
5: [160, 159]
6: [160, 159]
7: [160, 159]
8: [160, 159]
9: [160, 159]
10: [160, 179, 180, 159]
11: [179, 180]
12: [160, 159]
13: [97, 99, 101, 103, 88, 91, 92, 93, 95, 94, 96, 98, 100, 102, 104, 87]
14: [97, 99, 101, 103, 88, 91, 93, 95, 92, 94, 96, 98, 100, 102, 104, 87]
15: [97, 99, 101, 103, 88, 91, 93, 95, 92, 94, 96, 98, 100, 102, 104, 87]
16: [97, 99, 101, 103, 88, 91, 93, 95, 92, 94, 96, 98, 100, 102, 104, 87]
17: [97, 99, 101, 103, 88, 91, 93, 95, 92, 94, 96, 98, 100, 102, 104, 87]
18: [97, 99, 101, 103, 88, 91, 93, 95, 92, 94, 96, 98, 100, 102, 104, 87]
19: [97, 99, 101, 103, 88, 91, 93, 95, 92, 94, 96, 98, 100, 102, 104, 87]
20: [97, 99, 101, 103, 88, 91, 93, 95, 92, 94, 96, 98, 100, 102, 104, 87]
21: [97, 99, 101, 103, 137, 88, 91, 93, 95, 138, 92, 94, 96, 98, 100, 102, 104, 87]
22: [97, 99, 101, 103, 137, 88, 91, 93, 95, 138, 92, 94, 96, 98, 100, 102, 104, 87]
23: [179, 180]
24: [185, 186, 160, 159]
25: [105, 92, 97, 99, 101, 103, 88, 91, 93, 94, 95, 96, 98, 100, 102, 104, 106, 87]
26: [105, 106]
27: [105, 106]
28: [105, 106]
29: [105, 106]
30: [105, 106]
31: [105, 106]
32: [105, 106]
33: [105, 137, 138, 106]
34: [97, 99, 101, 103, 105, 137, 88, 91, 93, 95, 138, 92, 94, 96, 98, 100, 102, 104, 106, 87]
35: [186, 179, 180, 185]
36: [185, 188, 186, 187, 160, 159]
37: [107, 92, 105, 94, 96, 97, 99, 101, 103, 88, 91, 93, 95, 98, 100, 102, 104, 106, 108, 87]
38: [107, 92, 91, 108]
39: [107, 92, 91, 108]
40: [107, 92, 91, 108]
41: [107, 92, 91, 108]
42: [107, 92, 91, 108]
43: [107, 92, 91, 108]
44: [107, 92, 91, 108]
45: [107, 92, 137, 138, 91, 108]
46: []
47: [186, 187, 179, 180, 185, 188]
48: [188, 187, 160, 159]
49: [107, 94, 96, 105, 97, 98, 99, 101, 103, 88, 93, 95, 100, 102, 104, 106, 108, 87]
50: [94, 93]
51: [94, 93]
52: [94, 93]
53: [94, 93]
54: [94, 93]
55: [94, 93]
56: [94, 93]
57: [94, 137, 138, 93]
58: [96, 98, 100, 102, 104, 106, 138, 108, 87, 94, 137, 93, 95, 97, 99, 107, 101, 105, 103, 88]
59: [187, 179, 180, 188]
60: [160, 159]
61: [96, 107, 105, 98, 97, 99, 100, 101, 103, 88, 95, 102, 104, 106, 108, 87]
62: [96, 95]
63: [96, 95]
64: [96, 95]
65: [96, 95]
66: [96, 95]
67: [96, 95]
68: [96, 95]
69: [96, 137, 138, 95]
70: [96, 98, 100, 102, 104, 106, 138, 108, 87, 137, 95, 97, 99, 107, 101, 105, 103, 88]
71: [179, 180]
72: [160, 159]
73: [98, 107, 105, 100, 97, 99, 101, 102, 103, 88, 104, 106, 108, 87]
74: [98, 97]
75: [98, 97]
76: [98, 97]
77: [98, 97]
78: [98, 97]
79: [98, 97]
80: [98, 97]
81: [98, 137, 138, 97]
82: [98, 100, 102, 104, 106, 138, 108, 87, 137, 97, 99, 107, 101, 105, 103, 88]
83: [179, 180]
84: [160, 159]
85: [107, 100, 105, 102, 99, 101, 103, 104, 88, 106, 108, 87]
86: [100, 99]
87: [100, 99]
88: [100, 99]
89: [100, 99]
90: [100, 99]
91: [100, 99]
92: [100, 99]
93: [100, 137, 138, 99]
94: [100, 102, 104, 106, 138, 108, 87, 137, 99, 107, 101, 105, 103, 88]
95: [179, 180]
96: [160, 159]
97: [107, 102, 104, 105, 101, 103, 106, 108, 87, 88]
98: [102, 101]
99: [102, 101]
100: [102, 101]
101: [102, 101]
102: [102, 101]
103: [102, 101]
104: [102, 101]
105: [102, 137, 138, 101]
106: [102, 104, 106, 138, 108, 87, 137, 107, 101, 105, 103, 88]
107: [179, 180]
108: [159, 160]
109: [104, 107, 105, 106, 108, 87, 88, 103]
110: [104, 103]
111: [104, 103]
112: [104, 103]
113: [104, 103]
114: [104, 103]
115: [104, 103]
116: [104, 103]
117: [104, 138, 137, 103]
118: [104, 106, 138, 108, 87, 137, 107, 105, 103, 88]
119: [180, 179]
120: [159, 160]
121: [106, 107, 108, 87, 105, 88]
122: [106, 108, 87, 107, 105, 88]
123: [106, 108, 87, 107, 105, 88]
124: [106, 108, 87, 107, 105, 88]
125: [106, 108, 87, 107, 105, 88]
126: [106, 108, 87, 107, 105, 88]
127: [106, 108, 87, 107, 105, 88]
128: [106, 108, 87, 107, 105, 88]
129: [106, 108, 138, 87, 137, 107, 105, 88]
130: [106, 108, 138, 87, 137, 107, 105, 88]
131: [180, 179]
132: [159, 160]
133: [159, 160]
134: [159, 160]
135: [159, 160]
136: [159, 160]
137: [159, 160]
138: [159, 160]
139: [159, 160]
140: [159, 160]
141: [159, 160]
142: [180, 159, 179, 160]
143: [180, 179]
47
0: [139, 140]
1: [162, 139, 161, 140]
2: [162, 139, 164, 163, 161, 140]
3: [162, 139, 164, 166, 165, 163, 161, 140]
4: [162, 164, 166, 168, 139, 167, 165, 163, 161, 140]
5: [162, 164, 166, 168, 170, 139, 169, 167, 165, 163, 161, 140]
6: [162, 164, 166, 168, 170, 139, 172, 171, 169, 167, 165, 163, 161, 140]
7: [162, 164, 166, 168, 170, 139, 172, 174, 173, 171, 169, 167, 165, 163, 161, 140]
8: [162, 164, 166, 168, 170, 139, 172, 174, 176, 175, 173, 171, 169, 167, 165, 163, 161, 140]
9: [162, 164, 166, 168, 170, 139, 172, 174, 176, 178, 177, 175, 173, 171, 169, 167, 165, 163, 161, 140]
10: [162, 164, 166, 168, 170, 139, 172, 174, 176, 178, 180, 179, 177, 175, 173, 171, 169, 167, 165, 163, 161, 140]
11: [162, 164, 166, 168, 170, 139, 172, 174, 176, 178, 180, 179, 177, 175, 173, 171, 169, 167, 165, 163, 161, 140]
12: [139, 140]
13: [162, 161]
14: [164, 163]
15: [166, 165]
16: [168, 167]
17: [170, 169]
18: [172, 171]
19: [174, 173]
20: [176, 175]
21: [178, 177]
22: [180, 179]
23: [162, 164, 166, 168, 170, 139, 172, 174, 176, 178, 180, 179, 177, 175, 173, 171, 169, 167, 165, 163, 161, 140]
24: [185, 186, 139, 140]
25: [186, 185, 162, 161]
26: [186, 185, 164, 163]
27: [186, 166, 185, 165]
28: [186, 168, 185, 167]
29: [186, 170, 185, 169]
30: [186, 172, 185, 171]
31: [186, 174, 185, 173]
32: [186, 176, 185, 175]
33: [186, 178, 177, 185]
34: [186, 180, 179, 185]
35: [162, 164, 166, 168, 170, 139, 172, 174, 176, 178, 180, 186, 185, 179, 177, 175, 173, 171, 169, 167, 165, 163, 161, 140]
36: [185, 188, 186, 187, 139, 140]
37: [185, 188, 186, 187, 162, 161]
38: [185, 188, 186, 187, 164, 163]
39: [185, 188, 166, 186, 187, 165]
40: [185, 188, 168, 186, 187, 167]
41: [185, 188, 170, 186, 187, 169]
42: [185, 188, 172, 186, 187, 171]
43: [185, 188, 174, 186, 187, 173]
44: [185, 188, 176, 175, 186, 187]
45: [185, 188, 178, 177, 186, 187]
46: [185, 188, 180, 179, 186, 187]
47: []
48: [187, 188, 139, 140]
49: [187, 188, 162, 161]
50: [187, 188, 164, 163]
51: [187, 188, 166, 165]
52: [187, 168, 188, 167]
53: [187, 170, 188, 169]
54: [187, 172, 188, 171]
55: [187, 174, 188, 173]
56: [187, 176, 175, 188]
57: [187, 178, 177, 188]
58: [187, 180, 179, 188]
59: [161, 163, 165, 167, 169, 171, 140, 173, 175, 177, 179, 187, 188, 180, 178, 176, 174, 172, 170, 168, 166, 164, 162, 139]
60: [139, 140]
61: [162, 161]
62: [164, 163]
63: [166, 165]
64: [168, 167]
65: [170, 169]
66: [172, 171]
67: [174, 173]
68: [176, 175]
69: [178, 177]
70: [180, 179]
71: [161, 163, 165, 167, 169, 171, 140, 173, 175, 177, 179, 180, 178, 176, 174, 172, 170, 168, 166, 164, 162, 139]
72: [139, 140]
73: [162, 161]
74: [164, 163]
75: [166, 165]
76: [168, 167]
77: [170, 169]
78: [172, 171]
79: [174, 173]
80: [176, 175]
81: [178, 177]
82: [180, 179]
83: [161, 163, 165, 167, 169, 171, 140, 173, 175, 177, 179, 180, 178, 176, 174, 172, 170, 168, 166, 164, 162, 139]
84: [139, 140]
85: [162, 161]
86: [164, 163]
87: [166, 165]
88: [168, 167]
89: [170, 169]
90: [172, 171]
91: [174, 173]
92: [176, 175]
93: [178, 177]
94: [180, 179]
95: [161, 163, 165, 167, 169, 171, 140, 173, 175, 177, 179, 180, 178, 176, 174, 172, 170, 168, 166, 164, 162, 139]
96: [139, 140]
97: [161, 162]
98: [163, 164]
99: [165, 166]
100: [168, 167]
101: [169, 170]
102: [171, 172]
103: [173, 174]
104: [176, 175]
105: [177, 178]
106: [179, 180]
107: [161, 163, 165, 167, 169, 171, 140, 173, 175, 177, 179, 180, 178, 176, 174, 172, 170, 168, 166, 164, 162, 139]
108: [140, 139]
109: [161, 162]
110: [163, 164]
111: [165, 166]
112: [167, 168]
113: [169, 170]
114: [171, 172]
115: [173, 174]
116: [175, 176]
117: [177, 178]
118: [179, 180]
119: [161, 163, 165, 167, 169, 171, 140, 173, 175, 177, 179, 180, 178, 176, 174, 172, 170, 168, 166, 164, 162, 139]
120: [140, 139]
121: [161, 162]
122: [163, 164]
123: [165, 166]
124: [167, 168]
125: [169, 170]
126: [171, 172]
127: [173, 174]
128: [175, 176]
129: [177, 178]
130: [179, 180]
131: [161, 163, 165, 167, 169, 171, 140, 173, 175, 177, 179, 180, 178, 176, 174, 172, 170, 168, 166, 164, 162, 139]
132: [140, 139]
133: [161, 140, 162, 139]
134: [161, 163, 140, 164, 162, 139]
135: [161, 163, 140, 165, 166, 164, 162, 139]
136: [161, 163, 165, 167, 140, 168, 166, 164, 162, 139]
137: [161, 163, 165, 167, 169, 140, 170, 168, 166, 164, 162, 139]
138: [161, 163, 165, 167, 169, 171, 140, 172, 170, 168, 166, 164, 162, 139]
139: [161, 163, 165, 167, 169, 171, 140, 173, 174, 172, 170, 168, 166, 164, 162, 139]
140: [161, 163, 165, 167, 169, 171, 140, 173, 175, 176, 174, 172, 170, 168, 166, 164, 162, 139]
141: [161, 163, 165, 167, 169, 171, 140, 173, 175, 177, 178, 176, 174, 172, 170, 168, 166, 164, 162, 139]
142: [161, 163, 165, 167, 169, 171, 140, 173, 175, 177, 179, 180, 178, 176, 174, 172, 170, 168, 166, 164, 162, 139]
143: [161, 163, 165, 167, 169, 171, 140, 173, 175, 177, 179, 180, 178, 176, 174, 172, 170, 168, 166, 164, 162, 139]
48
0: [140, 141, 143, 145, 147, 149, 151, 153, 155, 157, 159, 142, 144, 146, 148, 150, 152, 154, 156, 158, 160, 139]
1: [140, 141, 143, 145, 147, 149, 151, 153, 155, 157, 159, 142, 144, 146, 148, 150, 152, 154, 156, 158, 160, 139]
2: [140, 143, 145, 147, 149, 151, 153, 155, 157, 159, 144, 146, 148, 150, 152, 154, 156, 158, 160, 139]
3: [140, 145, 147, 149, 151, 153, 155, 157, 159, 146, 148, 150, 152, 154, 156, 158, 160, 139]
4: [140, 147, 149, 151, 153, 155, 157, 159, 148, 150, 152, 154, 156, 158, 160, 139]
5: [140, 149, 151, 153, 155, 157, 159, 150, 152, 154, 156, 158, 160, 139]
6: [140, 151, 153, 155, 157, 159, 152, 154, 156, 158, 160, 139]
7: [140, 153, 155, 157, 159, 154, 156, 158, 160, 139]
8: [155, 140, 157, 159, 156, 158, 160, 139]
9: [140, 157, 159, 158, 160, 139]
10: [140, 159, 160, 139]
11: [140, 139]
12: [140, 141, 143, 145, 147, 149, 151, 153, 155, 157, 159, 142, 144, 146, 148, 150, 152, 154, 156, 158, 160, 139]
13: [141, 142]
14: [143, 144]
15: [145, 146]
16: [147, 148]
17: [149, 150]
18: [151, 152]
19: [153, 154]
20: [155, 156]
21: [157, 158]
22: [159, 160]
23: [140, 139]
24: [140, 141, 143, 145, 147, 149, 151, 153, 155, 157, 159, 142, 144, 146, 148, 150, 152, 154, 156, 158, 160, 139]
25: [141, 142]
26: [143, 144]
27: [145, 146]
28: [147, 148]
29: [149, 150]
30: [151, 152]
31: [153, 154]
32: [155, 156]
33: [157, 158]
34: [159, 160]
35: [140, 139]
36: [140, 141, 187, 143, 145, 147, 149, 151, 153, 155, 157, 159, 188, 142, 144, 146, 148, 150, 152, 154, 156, 158, 160, 139]
37: [187, 141, 142, 188]
38: [187, 143, 144, 188]
39: [187, 145, 146, 188]
40: [187, 147, 188, 148]
41: [187, 149, 188, 150]
42: [187, 151, 188, 152]
43: [187, 153, 188, 154]
44: [187, 155, 188, 156]
45: [187, 188, 157, 158]
46: [187, 188, 159, 160]
47: [187, 188, 140, 139]
48: []
49: [188, 189, 141, 142, 187, 190]
50: [188, 189, 143, 144, 187, 190]
51: [188, 189, 145, 146, 187, 190]
52: [188, 189, 147, 148, 187, 190]
53: [188, 189, 149, 187, 190, 150]
54: [188, 189, 151, 187, 190, 152]
55: [188, 189, 153, 187, 190, 154]
56: [188, 189, 155, 187, 190, 156]
57: [188, 189, 187, 190, 157, 158]
58: [188, 189, 187, 190, 159, 160]
59: [188, 189, 187, 190, 140, 139]
60: [160, 139, 190, 142, 144, 146, 148, 150, 152, 154, 156, 158, 141, 189, 143, 145, 147, 149, 151, 153, 155, 157, 159, 140]
61: [190, 141, 142, 189]
62: [190, 143, 144, 189]
63: [190, 145, 146, 189]
64: [190, 147, 148, 189]
65: [190, 149, 189, 150]
66: [190, 151, 189, 152]
67: [190, 153, 189, 154]
68: [190, 189, 155, 156]
69: [190, 189, 157, 158]
70: [190, 189, 159, 160]
71: [189, 190, 140, 139]
72: [160, 139, 142, 144, 146, 148, 150, 152, 154, 156, 158, 141, 143, 145, 147, 149, 151, 153, 155, 157, 159, 140]
73: [141, 142]
74: [143, 144]
75: [145, 146]
76: [147, 148]
77: [149, 150]
78: [151, 152]
79: [153, 154]
80: [155, 156]
81: [157, 158]
82: [159, 160]
83: [140, 139]
84: [160, 139, 142, 144, 146, 148, 150, 152, 154, 156, 158, 141, 143, 145, 147, 149, 151, 153, 155, 157, 159, 140]
85: [141, 142]
86: [144, 143]
87: [145, 146]
88: [147, 148]
89: [149, 150]
90: [152, 151]
91: [153, 154]
92: [155, 156]
93: [157, 158]
94: [160, 159]
95: [139, 140]
96: [160, 139, 142, 144, 146, 148, 150, 152, 154, 156, 158, 141, 143, 145, 147, 149, 151, 153, 155, 157, 159, 140]
97: [142, 141]
98: [144, 143]
99: [146, 145]
100: [148, 147]
101: [150, 149]
102: [152, 151]
103: [154, 153]
104: [156, 155]
105: [158, 157]
106: [160, 159]
107: [139, 140]
108: [160, 139, 142, 144, 146, 148, 150, 152, 154, 156, 158, 141, 143, 145, 147, 149, 151, 153, 155, 157, 159, 140]
109: [142, 141]
110: [144, 143]
111: [146, 145]
112: [148, 147]
113: [150, 149]
114: [152, 151]
115: [154, 153]
116: [156, 155]
117: [158, 157]
118: [160, 159]
119: [139, 140]
120: [160, 139, 142, 144, 146, 148, 150, 152, 154, 156, 158, 141, 143, 145, 147, 149, 151, 153, 155, 157, 159, 140]
121: [142, 141]
122: [144, 143]
123: [146, 145]
124: [148, 147]
125: [150, 149]
126: [152, 151]
127: [154, 153]
128: [156, 155]
129: [158, 157]
130: [160, 159]
131: [139, 140]
132: [160, 139, 142, 144, 146, 148, 150, 152, 154, 156, 158, 141, 143, 145, 147, 149, 151, 153, 155, 157, 159, 140]
133: [160, 139, 142, 144, 146, 148, 150, 152, 154, 156, 158, 141, 143, 145, 147, 149, 151, 153, 155, 157, 159, 140]
134: [160, 139, 144, 146, 148, 150, 152, 154, 156, 158, 143, 145, 147, 149, 151, 153, 155, 157, 159, 140]
135: [160, 139, 146, 148, 150, 152, 154, 156, 158, 145, 147, 149, 151, 153, 155, 157, 159, 140]
136: [160, 139, 148, 150, 152, 154, 156, 158, 147, 149, 151, 153, 155, 157, 159, 140]
137: [160, 139, 150, 152, 154, 156, 158, 149, 151, 153, 155, 157, 159, 140]
138: [160, 139, 152, 154, 156, 158, 151, 153, 155, 157, 159, 140]
139: [160, 139, 154, 156, 158, 153, 155, 157, 159, 140]
140: [160, 139, 156, 158, 155, 157, 159, 140]
141: [160, 139, 158, 157, 159, 140]
142: [160, 139, 159, 140]
143: [139, 140]
49
0: [142, 141]
1: [161, 142, 141, 162]
2: [161, 162]
3: [161, 162]
4: [161, 162]
5: [161, 162]
6: [161, 162]
7: [161, 162]
8: [161, 162]
9: [161, 162]
10: [161, 162]
11: [161, 162]
12: [142, 141]
13: [96, 98, 100, 102, 104, 87, 122, 94, 121, 93, 95, 97, 99, 101, 103, 88]
14: [96, 98, 100, 102, 104, 87, 122, 94, 121, 93, 95, 97, 99, 101, 103, 88]
15: [96, 98, 100, 102, 104, 87, 94, 93, 95, 97, 99, 101, 103, 88]
16: [96, 98, 100, 102, 104, 87, 94, 93, 95, 97, 99, 101, 103, 88]
17: [96, 98, 100, 102, 104, 87, 94, 93, 95, 97, 99, 101, 103, 88]
18: [96, 98, 100, 102, 104, 87, 94, 93, 95, 97, 99, 101, 103, 88]
19: [96, 98, 100, 102, 104, 87, 94, 93, 95, 97, 99, 101, 103, 88]
20: [96, 98, 100, 102, 104, 87, 94, 93, 95, 97, 99, 101, 103, 88]
21: [96, 98, 100, 102, 104, 87, 94, 93, 95, 97, 99, 101, 103, 88]
22: [96, 98, 100, 102, 104, 87, 93, 94, 95, 97, 99, 101, 103, 88]
23: [161, 162]
24: [142, 141]
25: [96, 98, 100, 102, 104, 106, 87, 122, 94, 121, 93, 95, 97, 99, 101, 105, 103, 88]
26: [106, 122, 121, 105]
27: [106, 105]
28: [106, 105]
29: [106, 105]
30: [106, 105]
31: [106, 105]
32: [106, 105]
33: [106, 105]
34: [106, 93, 96, 98, 100, 102, 104, 87, 94, 95, 97, 99, 101, 103, 88, 105]
35: [161, 162]
36: [187, 142, 141, 188]
37: [96, 98, 100, 102, 104, 106, 108, 87, 122, 94, 121, 93, 95, 97, 99, 107, 101, 105, 103, 88]
38: [108, 122, 121, 107]
39: [108, 107]
40: [108, 107]
41: [108, 107]
42: [108, 107]
43: [108, 107]
44: [108, 107]
45: [108, 107]
46: [108, 93, 106, 95, 96, 97, 98, 100, 102, 104, 87, 94, 99, 101, 103, 88, 105, 107]
47: [188, 187, 161, 162]
48: [187, 190, 142, 141, 188, 189]
49: []
50: [93, 110, 122, 121, 94, 109]
51: [93, 110, 94, 109]
52: [93, 110, 94, 109]
53: [93, 110, 94, 109]
54: [93, 110, 94, 109]
55: [93, 110, 94, 109]
56: [93, 110, 94, 109]
57: [93, 110, 94, 109]
58: [93, 110, 108, 95, 97, 106, 96, 98, 99, 100, 102, 104, 87, 94, 101, 103, 88, 105, 107, 109]
59: [188, 189, 187, 190, 161, 162]
60: [190, 142, 141, 189]
61: [97, 99, 101, 103, 105, 107, 109, 88, 121, 95, 122, 96, 98, 100, 110, 108, 102, 104, 106, 87]
62: [95, 122, 121, 96]
63: [95, 96]
64: [95, 96]
65: [95, 96]
66: [95, 96]
67: [95, 96]
68: [95, 96]
69: [95, 96]
70: [110, 95, 97, 108, 106, 99, 96, 98, 100, 101, 102, 104, 87, 103, 88, 105, 107, 109]
71: [189, 190, 161, 162]
72: [142, 141]
73: [97, 99, 101, 103, 105, 107, 109, 88, 121, 122, 98, 100, 110, 108, 102, 104, 106, 87]
74: [97, 122, 121, 98]
75: [97, 98]
76: [97, 98]
77: [97, 98]
78: [97, 98]
79: [97, 98]
80: [97, 98]
81: [97, 98]
82: [97, 110, 99, 108, 106, 101, 98, 100, 102, 103, 104, 87, 88, 105, 107, 109]
83: [161, 162]
84: [141, 142]
85: [99, 101, 103, 105, 107, 109, 88, 121, 122, 100, 110, 108, 102, 104, 106, 87]
86: [99, 121, 122, 100]
87: [99, 100]
88: [99, 100]
89: [99, 100]
90: [99, 100]
91: [99, 100]
92: [99, 100]
93: [99, 100]
94: [99, 110, 108, 101, 106, 103, 100, 102, 104, 105, 107, 109, 87, 88]
95: [161, 162]
96: [141, 142]
97: [101, 103, 105, 107, 109, 88, 121, 122, 110, 108, 102, 104, 106, 87]
98: [101, 121, 122, 102]
99: [101, 102]
100: [101, 102]
101: [101, 102]
102: [101, 102]
103: [101, 102]
104: [101, 102]
105: [101, 102]
106: [101, 110, 108, 103, 105, 106, 107, 109, 88, 104, 102, 87]
107: [162, 161]
108: [141, 142]
109: [103, 105, 107, 109, 88, 121, 122, 110, 108, 104, 106, 87]
110: [103, 121, 122, 104]
111: [103, 104]
112: [103, 104]
113: [103, 104]
114: [103, 104]
115: [103, 104]
116: [103, 104]
117: [103, 104]
118: [110, 103, 105, 107, 108, 109, 88, 106, 104, 87]
119: [162, 161]
120: [141, 142]
121: [105, 107, 109, 88, 121, 122, 110, 108, 106, 87]
122: [105, 107, 109, 88, 121, 122, 110, 108, 106, 87]
123: [88, 105, 107, 109, 110, 108, 106, 87]
124: [88, 105, 107, 109, 110, 108, 106, 87]
125: [88, 105, 107, 109, 110, 108, 106, 87]
126: [88, 105, 107, 109, 110, 108, 106, 87]
127: [88, 105, 107, 109, 110, 108, 106, 87]
128: [88, 105, 107, 109, 110, 108, 106, 87]
129: [88, 105, 107, 109, 110, 108, 106, 87]
130: [105, 107, 109, 110, 88, 108, 106, 87]
131: [162, 161]
132: [141, 142]
133: [162, 141, 142, 161]
134: [162, 161]
135: [162, 161]
136: [162, 161]
137: [162, 161]
138: [162, 161]
139: [162, 161]
140: [162, 161]
141: [162, 161]
142: [162, 161]
143: [162, 161]
50
0: [144, 143]
1: [144, 143]
2: [144, 163, 143, 164]
3: [163, 164]
4: [163, 164]
5: [163, 164]
6: [163, 164]
7: [163, 164]
8: [163, 164]
9: [163, 164]
10: [163, 164]
11: [163, 164]
12: [144, 143]
13: [121, 94, 122, 93]
14: [121, 124, 94, 122, 123, 93]
15: [124, 94, 123, 93]
16: [94, 93]
17: [94, 93]
18: [94, 93]
19: [94, 93]
20: [94, 93]
21: [93, 94]
22: [93, 94]
23: [163, 164]
24: [144, 143]
25: [94, 121, 122, 93]
26: [48, 49, 51, 53, 55, 57, 59, 50, 52, 54, 56, 58, 60, 47]
27: [48, 49, 51, 53, 55, 57, 59, 50, 52, 54, 56, 58, 60, 47]
28: [48, 51, 53, 55, 57, 59, 52, 54, 56, 58, 60, 47]
29: [48, 53, 55, 57, 59, 54, 56, 58, 60, 47]
30: [48, 57, 59, 55, 56, 58, 60, 47]
31: [48, 57, 59, 58, 60, 47]
32: [48, 59, 60, 47]
33: [48, 47]
34: [93, 94]
35: [163, 164]
36: [187, 144, 143, 188]
37: [94, 121, 122, 93]
38: [75, 48, 49, 51, 53, 55, 57, 59, 50, 76, 52, 54, 56, 58, 60, 47]
39: [75, 49, 50, 76]
40: [75, 51, 52, 76]
41: [75, 53, 76, 54]
42: [75, 55, 76, 56]
43: [75, 57, 76, 58]
44: [75, 59, 76, 60]
45: [75, 76, 48, 47]
46: [93, 94]
47: [188, 187, 163, 164]
48: [187, 190, 144, 143, 188, 189]
49: [109, 94, 121, 122, 93, 110]
50: []
51: [76, 77, 49, 50, 75, 78]
52: [76, 77, 51, 52, 75, 78]
53: [76, 77, 53, 78, 75, 54]
54: [76, 77, 55, 75, 78, 56]
55: [76, 77, 57, 75, 78, 58]
56: [76, 77, 75, 59, 78, 60]
57: [76, 77, 75, 78, 48, 47]
58: [93, 110, 94, 109]
59: [188, 189, 187, 190, 163, 164]
60: [190, 144, 143, 189]
61: [109, 121, 122, 110]
62: [78, 47, 50, 52, 54, 56, 58, 60, 49, 77, 51, 53, 55, 57, 59, 48]
63: [78, 49, 50, 77]
64: [78, 51, 52, 77]
65: [78, 53, 77, 54]
66: [78, 55, 77, 56]
67: [78, 57, 77, 58]
68: [78, 77, 59, 60]
69: [77, 78, 48, 47]
70: [110, 109]
71: [189, 190, 163, 164]
72: [144, 143]
73: [109, 121, 122, 110]
74: [47, 50, 52, 54, 56, 58, 60, 49, 51, 53, 55, 57, 59, 48]
75: [49, 50]
76: [51, 52]
77: [53, 54]
78: [55, 56]
79: [57, 58]
80: [59, 60]
81: [48, 47]
82: [110, 109]
83: [163, 164]
84: [144, 143]
85: [109, 121, 122, 110]
86: [47, 50, 52, 54, 56, 58, 60, 49, 51, 53, 55, 57, 59, 48]
87: [49, 50]
88: [51, 52]
89: [53, 54]
90: [56, 55]
91: [57, 58]
92: [59, 60]
93: [48, 47]
94: [110, 109]
95: [163, 164]
96: [143, 144]
97: [109, 122, 121, 110]
98: [47, 50, 52, 54, 56, 58, 60, 49, 51, 53, 55, 57, 59, 48]
99: [50, 49]
100: [52, 51]
101: [54, 53]
102: [56, 55]
103: [58, 57]
104: [60, 59]
105: [47, 48]
106: [110, 109]
107: [164, 163]
108: [143, 144]
109: [109, 122, 121, 110]
110: [47, 50, 52, 54, 56, 58, 60, 49, 51, 53, 55, 57, 59, 48]
111: [47, 50, 52, 54, 56, 58, 60, 49, 51, 53, 55, 57, 59, 48]
112: [47, 52, 54, 56, 58, 60, 51, 53, 55, 57, 59, 48]
113: [47, 54, 56, 58, 60, 53, 55, 57, 59, 48]
114: [56, 58, 60, 47, 55, 57, 59, 48]
115: [58, 60, 47, 57, 59, 48]
116: [60, 47, 59, 48]
117: [47, 48]
118: [110, 109]
119: [164, 163]
120: [143, 144]
121: [122, 109, 121, 110]
122: [122, 123, 109, 121, 124, 110]
123: [123, 109, 124, 110]
124: [109, 110]
125: [109, 110]
126: [109, 110]
127: [109, 110]
128: [109, 110]
129: [109, 110]
130: [110, 109]
131: [164, 163]
132: [143, 144]
133: [143, 144]
134: [164, 143, 144, 163]
135: [164, 163]
136: [164, 163]
137: [164, 163]
138: [164, 163]
139: [164, 163]
140: [164, 163]
141: [164, 163]
142: [164, 163]
143: [164, 163]
51
0: [146, 145]
1: [146, 145]
2: [146, 145]
3: [146, 165, 145, 166]
4: [165, 166]
5: [165, 166]
6: [165, 166]
7: [165, 166]
8: [165, 166]
9: [165, 166]
10: [165, 166]
11: [165, 166]
12: [146, 145]
13: [94, 93]
14: [123, 94, 124, 93]
15: [123, 126, 94, 125, 124, 93]
16: [126, 94, 125, 93]
17: [94, 93]
18: [94, 93]
19: [94, 93]
20: [93, 94]
21: [93, 94]
22: [93, 94]
23: [165, 166]
24: [146, 145]
25: [94, 93]
26: [50, 49]
27: [50, 61, 49, 62]
28: [61, 62]
29: [61, 62]
30: [61, 62]
31: [61, 62]
32: [61, 62]
33: [61, 62]
34: [93, 94]
35: [165, 166]
36: [187, 146, 145, 188]
37: [94, 93]
38: [75, 50, 49, 76]
39: [38, 19, 22, 24, 26, 28, 37, 21, 23, 25, 27, 20]
40: [38, 19, 22, 24, 26, 28, 37, 21, 23, 25, 27, 20]
41: [19, 22, 24, 26, 28, 21, 23, 25, 27, 20]
42: [19, 22, 24, 26, 28, 21, 23, 25, 27, 20]
43: [19, 22, 24, 26, 28, 21, 23, 25, 27, 20]
44: [19, 21, 22, 24, 26, 28, 23, 25, 27, 20]
45: [76, 75, 61, 62]
46: [93, 94]
47: [188, 187, 165, 166]
48: [187, 190, 146, 145, 188, 189]
49: [109, 94, 93, 110]
50: [75, 78, 50, 49, 76, 77]
51: []
52: [21, 30, 38, 37, 22, 29]
53: [21, 30, 22, 29]
54: [21, 30, 22, 29]
55: [21, 30, 22, 29]
56: [21, 30, 19, 22, 23, 24, 26, 28, 25, 27, 20, 29]
57: [76, 77, 75, 61, 78, 62]
58: [93, 110, 94, 109]
59: [188, 189, 187, 165, 190, 166]
60: [190, 146, 145, 189]
61: [109, 110]
62: [78, 50, 49, 77]
63: [37, 20, 23, 25, 27, 29, 38, 24, 26, 28, 30, 19]
64: [23, 38, 37, 24]
65: [23, 24]
66: [23, 24]
67: [23, 24]
68: [30, 23, 19, 24, 25, 26, 28, 27, 20, 29]
69: [77, 78, 61, 62]
70: [110, 109]
71: [189, 190, 165, 166]
72: [146, 145]
73: [109, 110]
74: [50, 49]
75: [37, 20, 25, 27, 29, 38, 26, 28, 30, 19]
76: [25, 38, 37, 26]
77: [25, 26]
78: [25, 26]
79: [25, 26]
80: [25, 30, 27, 26, 19, 28, 20, 29]
81: [61, 62]
82: [110, 109]
83: [165, 166]
84: [145, 146]
85: [109, 110]
86: [49, 50]
87: [37, 27, 20, 29, 38, 28, 30, 19]
88: [27, 37, 38, 28]
89: [27, 28]
90: [27, 28]
91: [27, 28]
92: [27, 30, 29, 19, 20, 28]
93: [61, 62]
94: [110, 109]
95: [165, 166]
96: [145, 146]
97: [109, 110]
98: [49, 50]
99: [37, 20, 29, 38, 30, 19]
100: [37, 20, 29, 38, 30, 19]
101: [20, 29, 30, 19]
102: [20, 29, 30, 19]
103: [20, 29, 30, 19]
104: [20, 29, 30, 19]
105: [62, 61]
106: [110, 109]
107: [166, 165]
108: [145, 146]
109: [109, 110]
110: [49, 50]
111: [49, 62, 50, 61]
112: [62, 61]
113: [62, 61]
114: [62, 61]
115: [62, 61]
116: [62, 61]
117: [62, 61]
118: [110, 109]
119: [166, 165]
120: [145, 146]
121: [109, 110]
122: [124, 109, 123, 110]
123: [124, 125, 109, 123, 126, 110]
124: [125, 109, 126, 110]
125: [109, 110]
126: [109, 110]
127: [109, 110]
128: [109, 110]
129: [110, 109]
130: [110, 109]
131: [166, 165]
132: [145, 146]
133: [145, 146]
134: [145, 146]
135: [145, 166, 146, 165]
136: [166, 165]
137: [166, 165]
138: [166, 165]
139: [166, 165]
140: [166, 165]
141: [166, 165]
142: [166, 165]
143: [166, 165]
52
0: [148, 147]
1: [148, 147]
2: [148, 147]
3: [148, 147]
4: [148, 167, 147, 168]
5: [167, 168]
6: [167, 168]
7: [167, 168]
8: [167, 168]
9: [167, 168]
10: [167, 168]
11: [167, 168]
12: [148, 147]
13: [94, 93]
14: [94, 93]
15: [125, 94, 93, 126]
16: [128, 125, 94, 93, 126, 127]
17: [128, 94, 93, 127]
18: [94, 93]
19: [93, 94]
20: [93, 94]
21: [93, 94]
22: [93, 94]
23: [167, 168]
24: [148, 147]
25: [94, 93]
26: [52, 51]
27: [52, 51]
28: [52, 63, 51, 64]
29: [63, 64]
30: [63, 64]
31: [63, 64]
32: [63, 64]
33: [63, 64]
34: [93, 94]
35: [167, 168]
36: [187, 148, 147, 188]
37: [94, 93]
38: [75, 52, 51, 76]
39: [37, 22, 21, 38]
40: [40, 37, 22, 21, 38, 39]
41: [40, 22, 21, 39]
42: [22, 21]
43: [21, 22]
44: [21, 22]
45: [76, 63, 75, 64]
46: [93, 94]
47: [188, 167, 187, 168]
48: [187, 190, 148, 147, 188, 189]
49: [109, 94, 93, 110]
50: [75, 78, 52, 51, 76, 77]
51: [29, 22, 37, 38, 21, 30]
52: []
53: [13, 4, 5, 7, 6, 14, 8, 3]
54: [4, 13, 7, 14, 8, 3]
55: [4, 13, 14, 3]
56: [21, 30, 22, 29]
57: [76, 77, 63, 75, 78, 64]
58: [93, 110, 94, 109]
59: [188, 189, 167, 187, 190, 168]
60: [190, 148, 147, 189]
61: [109, 110]
62: [78, 52, 51, 77]
63: [29, 37, 38, 30]
64: [8, 3, 6, 14, 13, 5, 7, 4]
65: [5, 14, 13, 6]
66: [14, 7, 13, 8]
67: [4, 13, 14, 3]
68: [30, 29]
69: [77, 78, 63, 64]
70: [110, 109]
71: [189, 190, 167, 168]
72: [148, 147]
73: [109, 110]
74: [52, 51]
75: [29, 37, 38, 30]
76: [8, 3, 6, 5, 7, 4]
77: [5, 6]
78: [7, 8]
79: [4, 3]
80: [30, 29]
81: [63, 64]
82: [110, 109]
83: [167, 168]
84: [147, 148]
85: [109, 110]
86: [51, 52]
87: [29, 37, 38, 30]
88: [8, 3, 6, 5, 7, 4]
89: [8, 3, 5, 6, 7, 4]
90: [8, 3, 7, 4]
91: [3, 4]
92: [30, 29]
93: [64, 63]
94: [110, 109]
95: [168, 167]
96: [147, 148]
97: [109, 110]
98: [51, 52]
99: [29, 38, 37, 30]
100: [38, 39, 29, 40, 37, 30]
101: [39, 40, 29, 30]
102: [29, 30]
103: [29, 30]
104: [30, 29]
105: [64, 63]
106: [110, 109]
107: [168, 167]
108: [147, 148]
109: [109, 110]
110: [51, 52]
111: [51, 52]
112: [64, 51, 52, 63]
113: [64, 63]
114: [64, 63]
115: [64, 63]
116: [64, 63]
117: [64, 63]
118: [110, 109]
119: [168, 167]
120: [147, 148]
121: [109, 110]
122: [109, 110]
123: [126, 109, 125, 110]
124: [126, 127, 109, 128, 125, 110]
125: [127, 128, 109, 110]
126: [109, 110]
127: [109, 110]
128: [110, 109]
129: [110, 109]
130: [110, 109]
131: [168, 167]
132: [147, 148]
133: [147, 148]
134: [147, 148]
135: [147, 148]
136: [168, 147, 148, 167]
137: [168, 167]
138: [168, 167]
139: [168, 167]
140: [168, 167]
141: [168, 167]
142: [168, 167]
143: [168, 167]
53
0: [150, 149]
1: [150, 149]
2: [150, 149]
3: [150, 149]
4: [150, 149]
5: [169, 150, 149, 170]
6: [169, 170]
7: [169, 170]
8: [169, 170]
9: [169, 170]
10: [169, 170]
11: [169, 170]
12: [150, 149]
13: [94, 93]
14: [94, 93]
15: [94, 93]
16: [127, 94, 93, 128]
17: [130, 127, 94, 93, 128, 129]
18: [130, 93, 94, 129]
19: [93, 94]
20: [93, 94]
21: [93, 94]
22: [93, 94]
23: [169, 170]
24: [150, 149]
25: [94, 93]
26: [54, 53]
27: [54, 53]
28: [54, 53]
29: [65, 54, 53, 66]
30: [65, 66]
31: [65, 66]
32: [65, 66]
33: [65, 66]
34: [93, 94]
35: [169, 170]
36: [187, 150, 188, 149]
37: [94, 93]
38: [75, 54, 76, 53]
39: [22, 21]
40: [39, 22, 21, 40]
41: [42, 39, 22, 21, 40, 41]
42: [42, 21, 22, 41]
43: [21, 22]
44: [21, 22]
45: [76, 65, 75, 66]
46: [93, 94]
47: [188, 169, 187, 170]
48: [187, 190, 150, 188, 149, 189]
49: [109, 94, 93, 110]
50: [75, 78, 54, 77, 76, 53]
51: [29, 22, 21, 30]
52: [8, 3, 6, 14, 13, 5, 7, 4]
53: []
54: [9, 4, 13, 7, 14, 8, 10, 3]
55: [9, 4, 13, 14, 10, 3]
56: [21, 30, 22, 29]
57: [76, 77, 65, 75, 78, 66]
58: [93, 110, 94, 109]
59: [188, 189, 169, 187, 190, 170]
60: [190, 150, 149, 189]
61: [109, 110]
62: [78, 54, 77, 53]
63: [29, 30]
64: [8, 3, 6, 14, 13, 5, 7, 4]
65: [10, 5, 14, 13, 6, 9]
66: [7, 13, 14, 8]
67: [9, 4, 13, 14, 10, 3]
68: [30, 29]
69: [77, 65, 78, 66]
70: [110, 109]
71: [189, 169, 190, 170]
72: [150, 149]
73: [109, 110]
74: [54, 53]
75: [29, 30]
76: [8, 3, 6, 5, 7, 4]
77: [10, 5, 6, 9]
78: [7, 8]
79: [9, 4, 10, 3]
80: [30, 29]
81: [65, 66]
82: [110, 109]
83: [169, 170]
84: [149, 150]
85: [109, 110]
86: [53, 54]
87: [29, 30]
88: [8, 3, 5, 6, 7, 4]
89: [10, 5, 8, 3, 6, 7, 9, 4]
90: [10, 7, 8, 9, 3, 4]
91: [9, 10, 4, 3]
92: [30, 29]
93: [65, 66]
94: [110, 109]
95: [169, 170]
96: [149, 150]
97: [109, 110]
98: [53, 54]
99: [29, 30]
100: [40, 29, 39, 30]
101: [40, 41, 42, 29, 39, 30]
102: [41, 42, 29, 30]
103: [30, 29]
104: [30, 29]
105: [66, 65]
106: [110, 109]
107: [170, 169]
108: [149, 150]
109: [109, 110]
110: [53, 54]
111: [53, 54]
112: [53, 54]
113: [66, 53, 54, 65]
114: [66, 65]
115: [66, 65]
116: [66, 65]
117: [66, 65]
118: [110, 109]
119: [170, 169]
120: [149, 150]
121: [109, 110]
122: [109, 110]
123: [109, 110]
124: [128, 109, 127, 110]
125: [128, 129, 130, 109, 127, 110]
126: [129, 130, 109, 110]
127: [110, 109]
128: [110, 109]
129: [110, 109]
130: [110, 109]
131: [170, 169]
132: [149, 150]
133: [149, 150]
134: [149, 150]
135: [149, 150]
136: [149, 150]
137: [170, 149, 150, 169]
138: [170, 169]
139: [170, 169]
140: [170, 169]
141: [170, 169]
142: [170, 169]
143: [170, 169]
54
0: [152, 151]
1: [152, 151]
2: [152, 151]
3: [152, 151]
4: [152, 151]
5: [152, 151]
6: [152, 171, 172, 151]
7: [171, 172]
8: [171, 172]
9: [171, 172]
10: [171, 172]
11: [171, 172]
12: [152, 151]
13: [94, 93]
14: [94, 93]
15: [94, 93]
16: [94, 93]
17: [129, 93, 94, 130]
18: [129, 132, 93, 94, 130, 131]
19: [132, 93, 94, 131]
20: [93, 94]
21: [93, 94]
22: [93, 94]
23: [171, 172]
24: [152, 151]
25: [94, 93]
26: [56, 55]
27: [56, 55]
28: [56, 55]
29: [56, 55]
30: [56, 67, 68, 55]
31: [67, 68]
32: [67, 68]
33: [67, 68]
34: [93, 94]
35: [171, 172]
36: [187, 152, 188, 151]
37: [94, 93]
38: [75, 56, 76, 55]
39: [22, 21]
40: [22, 21]
41: [41, 21, 22, 42]
42: [41, 44, 21, 22, 42, 43]
43: [44, 21, 22, 43]
44: [21, 22]
45: [76, 67, 75, 68]
46: [93, 94]
47: [188, 171, 187, 172]
48: [187, 190, 152, 188, 189, 151]
49: [109, 94, 93, 110]
50: [75, 78, 56, 76, 77, 55]
51: [29, 22, 21, 30]
52: [8, 3, 14, 13, 7, 4]
53: [8, 10, 3, 14, 13, 9, 7, 4]
54: []
55: [9, 11, 4, 13, 12, 14, 10, 3]
56: [21, 30, 22, 29]
57: [76, 77, 67, 75, 68, 78]
58: [93, 110, 94, 109]
59: [188, 189, 171, 187, 172, 190]
60: [190, 152, 189, 151]
61: [109, 110]
62: [78, 56, 77, 55]
63: [29, 30]
64: [8, 3, 14, 13, 7, 4]
65: [10, 13, 14, 9]
66: [12, 7, 13, 14, 11, 8]
67: [9, 11, 4, 13, 12, 14, 10, 3]
68: [30, 29]
69: [77, 67, 68, 78]
70: [110, 109]
71: [189, 171, 172, 190]
72: [152, 151]
73: [109, 110]
74: [56, 55]
75: [29, 30]
76: [8, 3, 7, 4]
77: [10, 9]
78: [12, 7, 11, 8]
79: [9, 11, 4, 12, 10, 3]
80: [30, 29]
81: [67, 68]
82: [110, 109]
83: [171, 172]
84: [152, 151]
85: [109, 110]
86: [56, 55]
87: [29, 30]
88: [8, 3, 7, 4]
89: [10, 7, 8, 9, 3, 4]
90: [12, 7, 9, 10, 11, 4, 8, 3]
91: [9, 11, 4, 12, 10, 3]
92: [30, 29]
93: [67, 68]
94: [110, 109]
95: [171, 172]
96: [151, 152]
97: [109, 110]
98: [55, 56]
99: [29, 30]
100: [29, 30]
101: [42, 41, 29, 30]
102: [42, 43, 41, 44, 30, 29]
103: [43, 44, 30, 29]
104: [30, 29]
105: [68, 67]
106: [110, 109]
107: [172, 171]
108: [151, 152]
109: [109, 110]
110: [55, 56]
111: [55, 56]
112: [55, 56]
113: [55, 56]
114: [68, 55, 67, 56]
115: [68, 67]
116: [68, 67]
117: [68, 67]
118: [110, 109]
119: [172, 171]
120: [151, 152]
121: [109, 110]
122: [109, 110]
123: [109, 110]
124: [109, 110]
125: [130, 129, 109, 110]
126: [130, 131, 129, 132, 110, 109]
127: [131, 132, 110, 109]
128: [110, 109]
129: [110, 109]
130: [110, 109]
131: [172, 171]
132: [151, 152]
133: [151, 152]
134: [151, 152]
135: [151, 152]
136: [151, 152]
137: [151, 152]
138: [172, 151, 171, 152]
139: [172, 171]
140: [172, 171]
141: [172, 171]
142: [172, 171]
143: [172, 171]
55
0: [154, 153]
1: [154, 153]
2: [154, 153]
3: [154, 153]
4: [154, 153]
5: [154, 153]
6: [154, 153]
7: [154, 173, 174, 153]
8: [173, 174]
9: [173, 174]
10: [173, 174]
11: [173, 174]
12: [154, 153]
13: [94, 93]
14: [94, 93]
15: [94, 93]
16: [93, 94]
17: [93, 94]
18: [131, 93, 94, 132]
19: [131, 134, 93, 94, 132, 133]
20: [134, 93, 133, 94]
21: [93, 94]
22: [93, 94]
23: [173, 174]
24: [154, 153]
25: [94, 93]
26: [58, 57]
27: [58, 57]
28: [58, 57]
29: [58, 57]
30: [58, 57]
31: [58, 69, 70, 57]
32: [69, 70]
33: [69, 70]
34: [93, 94]
35: [173, 174]
36: [187, 154, 188, 153]
37: [94, 93]
38: [75, 58, 76, 57]
39: [22, 21]
40: [21, 22]
41: [21, 22]
42: [43, 21, 22, 44]
43: [43, 46, 21, 22, 44, 45]
44: [21, 46, 45, 22]
45: [76, 69, 75, 70]
46: [93, 94]
47: [188, 173, 187, 174]
48: [187, 190, 154, 188, 189, 153]
49: [109, 94, 93, 110]
50: [75, 78, 58, 76, 77, 57]
51: [29, 22, 21, 30]
52: [3, 14, 13, 4]
53: [10, 3, 14, 13, 9, 4]
54: [10, 3, 12, 14, 11, 13, 9, 4]
55: []
56: [21, 30, 46, 45, 22, 29]
57: [76, 77, 69, 70, 75, 78]
58: [93, 110, 94, 109]
59: [188, 189, 173, 174, 187, 190]
60: [190, 154, 189, 153]
61: [109, 110]
62: [78, 58, 77, 57]
63: [29, 30]
64: [3, 13, 14, 4]
65: [10, 13, 14, 9]
66: [12, 13, 11, 14]
67: [9, 11, 4, 13, 12, 14, 10, 3]
68: [30, 46, 45, 29]
69: [77, 69, 70, 78]
70: [110, 109]
71: [189, 173, 174, 190]
72: [154, 153]
73: [109, 110]
74: [58, 57]
75: [29, 30]
76: [3, 4]
77: [10, 9]
78: [12, 11]
79: [9, 11, 4, 12, 10, 3]
80: [30, 46, 45, 29]
81: [69, 70]
82: [110, 109]
83: [173, 174]
84: [153, 154]
85: [109, 110]
86: [57, 58]
87: [29, 30]
88: [3, 4]
89: [9, 10, 4, 3]
90: [9, 11, 4, 12, 10, 3]
91: [9, 11, 4, 12, 10, 3]
92: [30, 45, 46, 29]
93: [69, 70]
94: [110, 109]
95: [173, 174]
96: [153, 154]
97: [109, 110]
98: [57, 58]
99: [29, 30]
100: [29, 30]
101: [30, 29]
102: [44, 43, 30, 29]
103: [44, 45, 30, 43, 46, 29]
104: [45, 30, 46, 29]
105: [70, 69]
106: [110, 109]
107: [174, 173]
108: [153, 154]
109: [109, 110]
110: [57, 58]
111: [57, 58]
112: [57, 58]
113: [57, 58]
114: [57, 58]
115: [57, 70, 69, 58]
116: [70, 69]
117: [70, 69]
118: [110, 109]
119: [174, 173]
120: [153, 154]
121: [109, 110]
122: [109, 110]
123: [109, 110]
124: [109, 110]
125: [110, 109]
126: [132, 131, 110, 109]
127: [132, 133, 110, 131, 134, 109]
128: [133, 110, 134, 109]
129: [110, 109]
130: [110, 109]
131: [174, 173]
132: [153, 154]
133: [153, 154]
134: [153, 154]
135: [153, 154]
136: [153, 154]
137: [153, 154]
138: [153, 154]
139: [153, 174, 173, 154]
140: [174, 173]
141: [174, 173]
142: [174, 173]
143: [174, 173]
56
0: [156, 155]
1: [156, 155]
2: [156, 155]
3: [156, 155]
4: [156, 155]
5: [156, 155]
6: [156, 155]
7: [156, 155]
8: [156, 175, 176, 155]
9: [175, 176]
10: [175, 176]
11: [175, 176]
12: [156, 155]
13: [94, 93]
14: [94, 93]
15: [93, 94]
16: [93, 94]
17: [93, 94]
18: [93, 94]
19: [133, 93, 134, 94]
20: [136, 133, 93, 134, 94, 135]
21: [136, 93, 135, 94]
22: [93, 94]
23: [175, 176]
24: [156, 155]
25: [94, 93]
26: [60, 59]
27: [60, 59]
28: [60, 59]
29: [60, 59]
30: [60, 59]
31: [60, 59]
32: [60, 71, 72, 59]
33: [71, 72]
34: [93, 94]
35: [175, 176]
36: [187, 188, 156, 155]
37: [94, 93]
38: [75, 60, 76, 59]
39: [20, 21, 22, 23, 25, 27, 24, 26, 28, 19]
40: [20, 21, 23, 25, 27, 22, 24, 26, 28, 19]
41: [20, 21, 23, 25, 27, 22, 24, 26, 28, 19]
42: [20, 21, 23, 25, 27, 22, 24, 26, 28, 19]
43: [45, 20, 21, 23, 25, 27, 46, 22, 24, 26, 28, 19]
44: [45, 20, 21, 23, 25, 27, 46, 22, 24, 26, 28, 19]
45: [76, 71, 72, 75]
46: [93, 94]
47: [188, 175, 176, 187]
48: [187, 190, 188, 156, 189, 155]
49: [109, 94, 93, 110]
50: [75, 78, 60, 77, 76, 59]
51: [29, 22, 20, 21, 23, 24, 25, 27, 26, 28, 19, 30]
52: [29, 22, 21, 30]
53: [29, 22, 21, 30]
54: [29, 22, 21, 30]
55: [29, 22, 45, 46, 21, 30]
56: []
57: [76, 77, 71, 72, 75, 78]
58: [93, 110, 94, 109]
59: [188, 189, 175, 176, 187, 190]
60: [190, 189, 156, 155]
61: [109, 110]
62: [78, 77, 60, 59]
63: [24, 29, 20, 23, 25, 26, 27, 28, 19, 30]
64: [24, 23]
65: [24, 23]
66: [24, 23]
67: [24, 45, 46, 23]
68: [46, 19, 24, 26, 28, 30, 45, 23, 25, 27, 29, 20]
69: [77, 71, 72, 78]
70: [110, 109]
71: [189, 175, 176, 190]
72: [156, 155]
73: [109, 110]
74: [60, 59]
75: [26, 29, 25, 27, 20, 28, 19, 30]
76: [26, 25]
77: [26, 25]
78: [26, 25]
79: [26, 45, 46, 25]
80: [46, 19, 26, 28, 30, 45, 25, 27, 29, 20]
81: [71, 72]
82: [110, 109]
83: [175, 176]
84: [155, 156]
85: [109, 110]
86: [59, 60]
87: [28, 29, 27, 19, 20, 30]
88: [28, 27]
89: [28, 27]
90: [28, 27]
91: [28, 45, 46, 27]
92: [46, 19, 28, 30, 45, 27, 29, 20]
93: [72, 71]
94: [110, 109]
95: [176, 175]
96: [155, 156]
97: [109, 110]
98: [59, 60]
99: [19, 29, 30, 20]
100: [19, 30, 29, 20]
101: [19, 30, 29, 20]
102: [19, 30, 29, 20]
103: [46, 19, 30, 45, 29, 20]
104: [46, 19, 30, 45, 29, 20]
105: [72, 71]
106: [110, 109]
107: [176, 175]
108: [155, 156]
109: [109, 110]
110: [59, 60]
111: [59, 60]
112: [59, 60]
113: [59, 60]
114: [59, 60]
115: [59, 60]
116: [72, 59, 71, 60]
117: [72, 71]
118: [110, 109]
119: [176, 175]
120: [155, 156]
121: [109, 110]
122: [109, 110]
123: [109, 110]
124: [110, 109]
125: [110, 109]
126: [110, 109]
127: [134, 110, 133, 109]
128: [134, 135, 110, 136, 133, 109]
129: [135, 110, 136, 109]
130: [110, 109]
131: [176, 175]
132: [155, 156]
133: [155, 156]
134: [155, 156]
135: [155, 156]
136: [155, 156]
137: [155, 156]
138: [155, 156]
139: [155, 156]
140: [176, 155, 175, 156]
141: [176, 175]
142: [176, 175]
143: [176, 175]
57
0: [158, 157]
1: [158, 157]
2: [158, 157]
3: [158, 157]
4: [158, 157]
5: [158, 157]
6: [158, 157]
7: [158, 157]
8: [158, 157]
9: [177, 158, 178, 157]
10: [177, 178]
11: [177, 178]
12: [158, 157]
13: [94, 93]
14: [93, 94]
15: [93, 94]
16: [93, 94]
17: [93, 94]
18: [93, 94]
19: [93, 94]
20: [135, 93, 136, 94]
21: [138, 135, 93, 136, 137, 94]
22: [138, 93, 137, 94]
23: [177, 178]
24: [158, 157]
25: [94, 93]
26: [47, 48]
27: [62, 47, 61, 48]
28: [64, 62, 47, 63, 61, 48]
29: [64, 66, 62, 47, 65, 63, 61, 48]
30: [64, 66, 68, 47, 62, 67, 65, 63, 61, 48]
31: [64, 66, 68, 70, 47, 62, 69, 67, 65, 63, 61, 48]
32: [64, 66, 68, 70, 72, 47, 62, 71, 69, 67, 65, 63, 61, 48]
33: [64, 66, 68, 70, 72, 47, 62, 71, 69, 67, 65, 63, 61, 48]
34: [93, 138, 137, 94]
35: [177, 178]
36: [187, 188, 158, 157]
37: [94, 93]
38: [75, 76, 47, 48]
39: [76, 75, 62, 61]
40: [76, 64, 75, 63]
41: [76, 66, 75, 65]
42: [76, 68, 75, 67]
43: [76, 70, 75, 69]
44: [76, 72, 71, 75]
45: [64, 66, 68, 70, 72, 76, 47, 62, 75, 71, 69, 67, 65, 63, 61, 48]
46: [93, 138, 137, 94]
47: [188, 177, 178, 187]
48: [187, 190, 188, 189, 158, 157]
49: [109, 94, 93, 110]
50: [75, 78, 76, 77, 47, 48]
51: [75, 78, 76, 77, 62, 61]
52: [75, 78, 64, 76, 77, 63]
53: [75, 78, 66, 76, 77, 65]
54: [75, 78, 68, 67, 76, 77]
55: [75, 78, 70, 69, 76, 77]
56: [75, 78, 72, 71, 76, 77]
57: []
58: [93, 110, 138, 137, 94, 109]
59: [188, 189, 177, 178, 187, 190]
60: [190, 189, 158, 157]
61: [109, 110]
62: [77, 78, 47, 48]
63: [77, 78, 62, 61]
64: [77, 64, 78, 63]
65: [77, 66, 78, 65]
66: [77, 68, 67, 78]
67: [77, 70, 69, 78]
68: [77, 72, 71, 78]
69: [65, 67, 69, 71, 77, 48, 61, 63, 72, 78, 70, 68, 66, 64, 62, 47]
70: [110, 138, 137, 109]
71: [189, 177, 178, 190]
72: [158, 157]
73: [109, 110]
74: [47, 48]
75: [62, 61]
76: [64, 63]
77: [66, 65]
78: [68, 67]
79: [70, 69]
80: [72, 71]
81: [65, 67, 69, 71, 48, 61, 63, 72, 70, 68, 66, 64, 62, 47]
82: [110, 138, 137, 109]
83: [177, 178]
84: [157, 158]
85: [109, 110]
86: [48, 47]
87: [61, 62]
88: [64, 63]
89: [65, 66]
90: [67, 68]
91: [69, 70]
92: [72, 71]
93: [65, 67, 69, 71, 48, 61, 63, 72, 70, 68, 66, 64, 62, 47]
94: [110, 137, 138, 109]
95: [177, 178]
96: [157, 158]
97: [109, 110]
98: [48, 47]
99: [61, 62]
100: [63, 64]
101: [65, 66]
102: [67, 68]
103: [69, 70]
104: [71, 72]
105: [65, 67, 69, 71, 48, 61, 63, 72, 70, 68, 66, 64, 62, 47]
106: [110, 137, 138, 109]
107: [178, 177]
108: [157, 158]
109: [109, 110]
110: [48, 47]
111: [48, 61, 62, 47]
112: [48, 61, 63, 64, 62, 47]
113: [48, 65, 61, 63, 66, 64, 62, 47]
114: [65, 67, 48, 61, 63, 68, 66, 64, 62, 47]
115: [65, 67, 69, 48, 61, 63, 70, 68, 66, 64, 62, 47]
116: [65, 67, 69, 71, 48, 61, 63, 72, 70, 68, 66, 64, 62, 47]
117: [65, 67, 69, 71, 48, 61, 63, 72, 70, 68, 66, 64, 62, 47]
118: [110, 137, 138, 109]
119: [178, 177]
120: [157, 158]
121: [109, 110]
122: [109, 110]
123: [110, 109]
124: [110, 109]
125: [110, 109]
126: [110, 109]
127: [110, 109]
128: [136, 110, 135, 109]
129: [136, 137, 110, 138, 135, 109]
130: [137, 110, 138, 109]
131: [178, 177]
132: [157, 158]
133: [157, 158]
134: [157, 158]
135: [157, 158]
136: [157, 158]
137: [157, 158]
138: [157, 158]
139: [157, 158]
140: [157, 158]
141: [178, 157, 177, 158]
142: [178, 177]
143: [178, 177]
58
0: [160, 159]
1: [160, 159]
2: [160, 159]
3: [160, 159]
4: [160, 159]
5: [160, 159]
6: [160, 159]
7: [160, 159]
8: [160, 159]
9: [160, 159]
10: [160, 179, 180, 159]
11: [179, 180]
12: [160, 159]
13: [97, 99, 101, 103, 88, 93, 94, 95, 96, 98, 100, 102, 104, 87]
14: [97, 99, 101, 103, 88, 93, 95, 94, 96, 98, 100, 102, 104, 87]
15: [97, 99, 101, 103, 88, 93, 95, 94, 96, 98, 100, 102, 104, 87]
16: [97, 99, 101, 103, 88, 93, 95, 94, 96, 98, 100, 102, 104, 87]
17: [97, 99, 101, 103, 88, 93, 95, 94, 96, 98, 100, 102, 104, 87]
18: [97, 99, 101, 103, 88, 93, 95, 94, 96, 98, 100, 102, 104, 87]
19: [97, 99, 101, 103, 88, 93, 95, 94, 96, 98, 100, 102, 104, 87]
20: [97, 99, 101, 103, 88, 93, 95, 94, 96, 98, 100, 102, 104, 87]
21: [97, 99, 101, 103, 137, 88, 93, 95, 138, 94, 96, 98, 100, 102, 104, 87]
22: [97, 99, 101, 103, 137, 88, 93, 95, 138, 94, 96, 98, 100, 102, 104, 87]
23: [179, 180]
24: [160, 159]
25: [105, 94, 96, 97, 99, 101, 103, 88, 93, 95, 98, 100, 102, 104, 106, 87]
26: [105, 106]
27: [105, 106]
28: [105, 106]
29: [105, 106]
30: [105, 106]
31: [105, 106]
32: [105, 106]
33: [105, 137, 138, 106]
34: [97, 99, 101, 103, 105, 137, 88, 93, 95, 138, 94, 96, 98, 100, 102, 104, 106, 87]
35: [179, 180]
36: [187, 188, 160, 159]
37: [107, 94, 96, 105, 97, 98, 99, 101, 103, 88, 93, 95, 100, 102, 104, 106, 108, 87]
38: [107, 108]
39: [107, 108]
40: [107, 108]
41: [107, 108]
42: [107, 108]
43: [107, 108]
44: [107, 108]
45: [107, 137, 138, 108]
46: [97, 99, 101, 103, 105, 137, 107, 88, 93, 95, 138, 94, 96, 98, 100, 108, 102, 104, 106, 87]
47: [188, 179, 180, 187]
48: [187, 190, 188, 189, 160, 159]
49: [109, 94, 96, 107, 105, 98, 97, 99, 100, 101, 103, 88, 93, 95, 102, 104, 106, 108, 110, 87]
50: [109, 94, 93, 110]
51: [109, 94, 93, 110]
52: [109, 94, 93, 110]
53: [109, 94, 93, 110]
54: [109, 94, 93, 110]
55: [109, 94, 93, 110]
56: [109, 94, 93, 110]
57: [109, 94, 137, 138, 93, 110]
58: []
59: [188, 189, 179, 180, 187, 190]
60: [190, 189, 160, 159]
61: [96, 109, 98, 107, 105, 100, 97, 99, 101, 102, 103, 88, 95, 104, 106, 108, 110, 87]
62: [96, 95]
63: [96, 95]
64: [96, 95]
65: [96, 95]
66: [96, 95]
67: [96, 95]
68: [96, 95]
69: [96, 137, 138, 95]
70: [96, 98, 100, 102, 104, 106, 138, 108, 110, 87, 137, 95, 97, 99, 109, 107, 101, 105, 103, 88]
71: [189, 179, 180, 190]
72: [160, 159]
73: [98, 109, 107, 100, 105, 102, 97, 99, 101, 103, 104, 88, 106, 108, 110, 87]
74: [98, 97]
75: [98, 97]
76: [98, 97]
77: [98, 97]
78: [98, 97]
79: [98, 97]
80: [98, 97]
81: [98, 137, 138, 97]
82: [98, 100, 102, 104, 106, 138, 108, 110, 87, 137, 97, 99, 109, 107, 101, 105, 103, 88]
83: [179, 180]
84: [160, 159]
85: [100, 109, 107, 102, 104, 105, 99, 101, 103, 106, 108, 110, 87, 88]
86: [100, 99]
87: [100, 99]
88: [100, 99]
89: [100, 99]
90: [100, 99]
91: [100, 99]
92: [100, 99]
93: [100, 137, 138, 99]
94: [100, 102, 104, 106, 138, 108, 110, 87, 137, 99, 109, 107, 101, 105, 103, 88]
95: [179, 180]
96: [159, 160]
97: [109, 102, 104, 107, 105, 106, 108, 110, 87, 88, 101, 103]
98: [102, 101]
99: [102, 101]
100: [102, 101]
101: [102, 101]
102: [102, 101]
103: [102, 101]
104: [102, 101]
105: [102, 138, 137, 101]
106: [102, 104, 106, 138, 108, 110, 87, 137, 109, 107, 101, 105, 103, 88]
107: [180, 179]
108: [159, 160]
109: [104, 109, 106, 107, 108, 110, 87, 105, 88, 103]
110: [104, 103]
111: [104, 103]
112: [104, 103]
113: [104, 103]
114: [104, 103]
115: [104, 103]
116: [104, 103]
117: [104, 138, 137, 103]
118: [104, 106, 138, 108, 110, 87, 137, 109, 107, 105, 103, 88]
119: [180, 179]
120: [159, 160]
121: [106, 108, 109, 110, 87, 107, 105, 88]
122: [106, 108, 110, 87, 109, 107, 105, 88]
123: [106, 108, 110, 87, 109, 107, 105, 88]
124: [106, 108, 110, 87, 109, 107, 105, 88]
125: [106, 108, 110, 87, 109, 107, 105, 88]
126: [106, 108, 110, 87, 109, 107, 105, 88]
127: [106, 108, 110, 87, 109, 107, 105, 88]
128: [106, 108, 110, 87, 109, 107, 105, 88]
129: [106, 138, 108, 110, 87, 137, 109, 107, 105, 88]
130: [106, 138, 108, 110, 87, 137, 109, 107, 105, 88]
131: [180, 179]
132: [159, 160]
133: [159, 160]
134: [159, 160]
135: [159, 160]
136: [159, 160]
137: [159, 160]
138: [159, 160]
139: [159, 160]
140: [159, 160]
141: [159, 160]
142: [180, 159, 179, 160]
143: [180, 179]
59
0: [139, 140]
1: [162, 139, 161, 140]
2: [162, 139, 164, 163, 161, 140]
3: [162, 139, 164, 166, 165, 163, 161, 140]
4: [162, 164, 166, 168, 139, 167, 165, 163, 161, 140]
5: [162, 164, 166, 168, 170, 139, 169, 167, 165, 163, 161, 140]
6: [162, 164, 166, 168, 170, 139, 172, 171, 169, 167, 165, 163, 161, 140]
7: [162, 164, 166, 168, 170, 139, 172, 174, 173, 171, 169, 167, 165, 163, 161, 140]
8: [162, 164, 166, 168, 170, 139, 172, 174, 176, 175, 173, 171, 169, 167, 165, 163, 161, 140]
9: [162, 164, 166, 168, 170, 139, 172, 174, 176, 178, 177, 175, 173, 171, 169, 167, 165, 163, 161, 140]
10: [162, 164, 166, 168, 170, 139, 172, 174, 176, 178, 180, 179, 177, 175, 173, 171, 169, 167, 165, 163, 161, 140]
11: [162, 164, 166, 168, 170, 139, 172, 174, 176, 178, 180, 179, 177, 175, 173, 171, 169, 167, 165, 163, 161, 140]
12: [139, 140]
13: [162, 161]
14: [164, 163]
15: [166, 165]
16: [168, 167]
17: [170, 169]
18: [172, 171]
19: [174, 173]
20: [176, 175]
21: [178, 177]
22: [180, 179]
23: [162, 164, 166, 168, 170, 139, 172, 174, 176, 178, 180, 179, 177, 175, 173, 171, 169, 167, 165, 163, 161, 140]
24: [139, 140]
25: [162, 161]
26: [164, 163]
27: [166, 165]
28: [168, 167]
29: [170, 169]
30: [172, 171]
31: [174, 173]
32: [176, 175]
33: [178, 177]
34: [180, 179]
35: [162, 164, 166, 168, 170, 139, 172, 174, 176, 178, 180, 179, 177, 175, 173, 171, 169, 167, 165, 163, 161, 140]
36: [187, 188, 139, 140]
37: [188, 187, 162, 161]
38: [188, 187, 164, 163]
39: [188, 187, 166, 165]
40: [188, 168, 187, 167]
41: [188, 170, 187, 169]
42: [188, 172, 187, 171]
43: [188, 174, 187, 173]
44: [188, 176, 175, 187]
45: [188, 178, 177, 187]
46: [188, 180, 179, 187]
47: [162, 164, 166, 168, 170, 139, 172, 174, 176, 178, 180, 188, 179, 187, 177, 175, 173, 171, 169, 167, 165, 163, 161, 140]
48: [187, 190, 188, 189, 139, 140]
49: [187, 190, 188, 189, 162, 161]
50: [187, 190, 188, 189, 164, 163]
51: [187, 190, 188, 189, 166, 165]
52: [187, 190, 168, 188, 189, 167]
53: [187, 190, 170, 188, 189, 169]
54: [187, 190, 172, 171, 188, 189]
55: [187, 190, 174, 173, 188, 189]
56: [187, 190, 176, 175, 188, 189]
57: [187, 190, 178, 177, 188, 189]
58: [187, 190, 180, 179, 188, 189]
59: []
60: [189, 190, 139, 140]
61: [189, 190, 162, 161]
62: [189, 190, 164, 163]
63: [189, 190, 166, 165]
64: [189, 168, 190, 167]
65: [189, 170, 190, 169]
66: [189, 172, 171, 190]
67: [189, 174, 173, 190]
68: [189, 176, 175, 190]
69: [189, 178, 177, 190]
70: [189, 180, 179, 190]
71: [161, 163, 165, 167, 169, 171, 140, 173, 175, 177, 179, 189, 180, 190, 178, 176, 174, 172, 170, 168, 166, 164, 162, 139]
72: [139, 140]
73: [162, 161]
74: [164, 163]
75: [166, 165]
76: [168, 167]
77: [170, 169]
78: [172, 171]
79: [174, 173]
80: [176, 175]
81: [178, 177]
82: [180, 179]
83: [161, 163, 165, 167, 169, 171, 140, 173, 175, 177, 179, 180, 178, 176, 174, 172, 170, 168, 166, 164, 162, 139]
84: [139, 140]
85: [161, 162]
86: [163, 164]
87: [165, 166]
88: [168, 167]
89: [169, 170]
90: [171, 172]
91: [173, 174]
92: [176, 175]
93: [177, 178]
94: [179, 180]
95: [161, 163, 165, 167, 169, 171, 140, 173, 175, 177, 179, 180, 178, 176, 174, 172, 170, 168, 166, 164, 162, 139]
96: [140, 139]
97: [161, 162]
98: [163, 164]
99: [165, 166]
100: [167, 168]
101: [169, 170]
102: [171, 172]
103: [173, 174]
104: [175, 176]
105: [177, 178]
106: [179, 180]
107: [161, 163, 165, 167, 169, 171, 140, 173, 175, 177, 179, 180, 178, 176, 174, 172, 170, 168, 166, 164, 162, 139]
108: [140, 139]
109: [161, 162]
110: [163, 164]
111: [165, 166]
112: [167, 168]
113: [169, 170]
114: [171, 172]
115: [173, 174]
116: [175, 176]
117: [177, 178]
118: [179, 180]
119: [161, 163, 165, 167, 169, 171, 140, 173, 175, 177, 179, 180, 178, 176, 174, 172, 170, 168, 166, 164, 162, 139]
120: [140, 139]
121: [161, 162]
122: [163, 164]
123: [165, 166]
124: [167, 168]
125: [169, 170]
126: [171, 172]
127: [173, 174]
128: [175, 176]
129: [177, 178]
130: [179, 180]
131: [161, 163, 165, 167, 169, 171, 140, 173, 175, 177, 179, 180, 178, 176, 174, 172, 170, 168, 166, 164, 162, 139]
132: [140, 139]
133: [161, 140, 162, 139]
134: [161, 163, 140, 164, 162, 139]
135: [161, 163, 140, 165, 166, 164, 162, 139]
136: [161, 163, 165, 167, 140, 168, 166, 164, 162, 139]
137: [161, 163, 165, 167, 169, 140, 170, 168, 166, 164, 162, 139]
138: [161, 163, 165, 167, 169, 171, 140, 172, 170, 168, 166, 164, 162, 139]
139: [161, 163, 165, 167, 169, 171, 140, 173, 174, 172, 170, 168, 166, 164, 162, 139]
140: [161, 163, 165, 167, 169, 171, 140, 173, 175, 176, 174, 172, 170, 168, 166, 164, 162, 139]
141: [161, 163, 165, 167, 169, 171, 140, 173, 175, 177, 178, 176, 174, 172, 170, 168, 166, 164, 162, 139]
142: [161, 163, 165, 167, 169, 171, 140, 173, 175, 177, 179, 180, 178, 176, 174, 172, 170, 168, 166, 164, 162, 139]
143: [161, 163, 165, 167, 169, 171, 140, 173, 175, 177, 179, 180, 178, 176, 174, 172, 170, 168, 166, 164, 162, 139]
60
0: [140, 141, 143, 145, 147, 149, 151, 153, 155, 157, 159, 142, 144, 146, 148, 150, 152, 154, 156, 158, 160, 139]
1: [140, 141, 143, 145, 147, 149, 151, 153, 155, 157, 159, 142, 144, 146, 148, 150, 152, 154, 156, 158, 160, 139]
2: [140, 143, 145, 147, 149, 151, 153, 155, 157, 159, 144, 146, 148, 150, 152, 154, 156, 158, 160, 139]
3: [140, 145, 147, 149, 151, 153, 155, 157, 159, 146, 148, 150, 152, 154, 156, 158, 160, 139]
4: [140, 147, 149, 151, 153, 155, 157, 159, 148, 150, 152, 154, 156, 158, 160, 139]
5: [140, 149, 151, 153, 155, 157, 159, 150, 152, 154, 156, 158, 160, 139]
6: [140, 151, 153, 155, 157, 159, 152, 154, 156, 158, 160, 139]
7: [140, 153, 155, 157, 159, 154, 156, 158, 160, 139]
8: [155, 140, 157, 159, 156, 158, 160, 139]
9: [140, 157, 159, 158, 160, 139]
10: [140, 159, 160, 139]
11: [140, 139]
12: [140, 141, 143, 145, 147, 149, 151, 153, 155, 157, 159, 142, 144, 146, 148, 150, 152, 154, 156, 158, 160, 139]
13: [141, 142]
14: [143, 144]
15: [145, 146]
16: [147, 148]
17: [149, 150]
18: [151, 152]
19: [153, 154]
20: [155, 156]
21: [157, 158]
22: [159, 160]
23: [140, 139]
24: [140, 141, 143, 145, 147, 149, 151, 153, 155, 157, 159, 142, 144, 146, 148, 150, 152, 154, 156, 158, 160, 139]
25: [141, 142]
26: [143, 144]
27: [145, 146]
28: [147, 148]
29: [149, 150]
30: [151, 152]
31: [153, 154]
32: [155, 156]
33: [157, 158]
34: [159, 160]
35: [140, 139]
36: [140, 141, 143, 145, 147, 149, 151, 153, 155, 157, 159, 142, 144, 146, 148, 150, 152, 154, 156, 158, 160, 139]
37: [141, 142]
38: [143, 144]
39: [145, 146]
40: [147, 148]
41: [149, 150]
42: [151, 152]
43: [153, 154]
44: [155, 156]
45: [157, 158]
46: [159, 160]
47: [140, 139]
48: [140, 141, 143, 145, 147, 189, 149, 151, 153, 155, 157, 159, 190, 142, 144, 146, 148, 150, 152, 154, 156, 158, 160, 139]
49: [189, 141, 142, 190]
50: [189, 143, 144, 190]
51: [189, 145, 146, 190]
52: [189, 147, 148, 190]
53: [189, 149, 190, 150]
54: [189, 151, 190, 152]
55: [189, 153, 190, 154]
56: [189, 190, 155, 156]
57: [189, 190, 157, 158]
58: [189, 190, 159, 160]
59: [189, 190, 140, 139]
60: []
61: [190, 191, 141, 142, 192, 189]
62: [190, 191, 143, 144, 192, 189]
63: [190, 191, 145, 146, 192, 189]
64: [190, 191, 147, 148, 192, 189]
65: [190, 191, 149, 150, 192, 189]
66: [190, 191, 151, 152, 189, 192]
67: [190, 191, 192, 153, 189, 154]
68: [190, 191, 192, 189, 155, 156]
69: [190, 191, 192, 189, 157, 158]
70: [190, 191, 192, 189, 159, 160]
71: [190, 191, 192, 189, 140, 139]
72: [160, 192, 139, 142, 144, 146, 148, 150, 152, 154, 156, 158, 141, 191, 143, 145, 147, 149, 151, 153, 155, 157, 159, 140]
73: [192, 141, 142, 191]
74: [192, 144, 143, 191]
75: [192, 145, 146, 191]
76: [192, 147, 148, 191]
77: [192, 149, 150, 191]
78: [192, 152, 191, 151]
79: [192, 191, 153, 154]
80: [192, 191, 155, 156]
81: [192, 191, 157, 158]
82: [192, 191, 160, 159]
83: [192, 191, 139, 140]
84: [160, 139, 142, 144, 146, 148, 150, 152, 154, 156, 158, 141, 143, 145, 147, 149, 151, 153, 155, 157, 159, 140]
85: [142, 141]
86: [144, 143]
87: [146, 145]
88: [148, 147]
89: [150, 149]
90: [152, 151]
91: [154, 153]
92: [156, 155]
93: [158, 157]
94: [160, 159]
95: [139, 140]
96: [160, 139, 142, 144, 146, 148, 150, 152, 154, 156, 158, 141, 143, 145, 147, 149, 151, 153, 155, 157, 159, 140]
97: [142, 141]
98: [144, 143]
99: [146, 145]
100: [148, 147]
101: [150, 149]
102: [152, 151]
103: [154, 153]
104: [156, 155]
105: [158, 157]
106: [160, 159]
107: [139, 140]
108: [160, 139, 142, 144, 146, 148, 150, 152, 154, 156, 158, 141, 143, 145, 147, 149, 151, 153, 155, 157, 159, 140]
109: [142, 141]
110: [144, 143]
111: [146, 145]
112: [148, 147]
113: [150, 149]
114: [152, 151]
115: [154, 153]
116: [156, 155]
117: [158, 157]
118: [160, 159]
119: [139, 140]
120: [160, 139, 142, 144, 146, 148, 150, 152, 154, 156, 158, 141, 143, 145, 147, 149, 151, 153, 155, 157, 159, 140]
121: [142, 141]
122: [144, 143]
123: [146, 145]
124: [148, 147]
125: [150, 149]
126: [152, 151]
127: [154, 153]
128: [156, 155]
129: [158, 157]
130: [160, 159]
131: [139, 140]
132: [160, 139, 142, 144, 146, 148, 150, 152, 154, 156, 158, 141, 143, 145, 147, 149, 151, 153, 155, 157, 159, 140]
133: [160, 139, 142, 144, 146, 148, 150, 152, 154, 156, 158, 141, 143, 145, 147, 149, 151, 153, 155, 157, 159, 140]
134: [160, 139, 144, 146, 148, 150, 152, 154, 156, 158, 143, 145, 147, 149, 151, 153, 155, 157, 159, 140]
135: [160, 139, 146, 148, 150, 152, 154, 156, 158, 145, 147, 149, 151, 153, 155, 157, 159, 140]
136: [160, 139, 148, 150, 152, 154, 156, 158, 147, 149, 151, 153, 155, 157, 159, 140]
137: [160, 139, 150, 152, 154, 156, 158, 149, 151, 153, 155, 157, 159, 140]
138: [160, 139, 152, 154, 156, 158, 151, 153, 155, 157, 159, 140]
139: [160, 139, 154, 156, 158, 153, 155, 157, 159, 140]
140: [160, 139, 156, 158, 155, 157, 159, 140]
141: [160, 139, 158, 157, 159, 140]
142: [160, 139, 159, 140]
143: [139, 140]
61
0: [142, 141]
1: [161, 142, 141, 162]
2: [161, 162]
3: [161, 162]
4: [161, 162]
5: [161, 162]
6: [161, 162]
7: [161, 162]
8: [161, 162]
9: [161, 162]
10: [161, 162]
11: [161, 162]
12: [142, 141]
13: [96, 98, 100, 102, 104, 87, 122, 121, 95, 97, 99, 101, 103, 88]
14: [96, 98, 100, 102, 104, 87, 122, 121, 95, 97, 99, 101, 103, 88]
15: [96, 98, 100, 102, 104, 87, 95, 97, 99, 101, 103, 88]
16: [96, 98, 100, 102, 104, 87, 95, 97, 99, 101, 103, 88]
17: [96, 98, 100, 102, 104, 87, 95, 97, 99, 101, 103, 88]
18: [96, 98, 100, 102, 104, 87, 95, 97, 99, 101, 103, 88]
19: [96, 98, 100, 102, 104, 87, 95, 97, 99, 101, 103, 88]
20: [96, 98, 100, 102, 104, 87, 95, 97, 99, 101, 103, 88]
21: [96, 98, 100, 102, 104, 87, 95, 97, 99, 101, 103, 88]
22: [96, 98, 100, 102, 104, 87, 95, 97, 99, 101, 103, 88]
23: [161, 162]
24: [142, 141]
25: [96, 98, 100, 102, 104, 106, 87, 122, 121, 95, 97, 99, 101, 105, 103, 88]
26: [106, 122, 121, 105]
27: [106, 105]
28: [106, 105]
29: [106, 105]
30: [106, 105]
31: [106, 105]
32: [106, 105]
33: [106, 105]
34: [106, 95, 96, 97, 98, 100, 102, 104, 87, 99, 101, 103, 88, 105]
35: [161, 162]
36: [142, 141]
37: [96, 98, 100, 102, 104, 106, 108, 87, 122, 121, 95, 97, 99, 107, 101, 105, 103, 88]
38: [108, 122, 121, 107]
39: [108, 107]
40: [108, 107]
41: [108, 107]
42: [108, 107]
43: [108, 107]
44: [108, 107]
45: [108, 107]
46: [108, 95, 97, 106, 96, 98, 99, 100, 102, 104, 87, 101, 103, 88, 105, 107]
47: [161, 162]
48: [189, 142, 141, 190]
49: [96, 98, 100, 102, 104, 106, 108, 110, 87, 122, 121, 95, 97, 99, 109, 107, 101, 105, 103, 88]
50: [110, 122, 121, 109]
51: [110, 109]
52: [110, 109]
53: [110, 109]
54: [110, 109]
55: [110, 109]
56: [110, 109]
57: [110, 109]
58: [110, 95, 97, 108, 106, 99, 96, 98, 100, 101, 102, 104, 87, 103, 88, 105, 107, 109]
59: [190, 189, 161, 162]
60: [192, 189, 142, 141, 190, 191]
61: []
62: [112, 95, 122, 121, 96, 111]
63: [112, 95, 96, 111]
64: [112, 95, 96, 111]
65: [112, 95, 96, 111]
66: [112, 95, 96, 111]
67: [112, 95, 96, 111]
68: [112, 95, 96, 111]
69: [112, 95, 96, 111]
70: [112, 95, 97, 110, 99, 108, 106, 101, 96, 98, 100, 102, 103, 104, 87, 105, 107, 109, 111, 88]
71: [190, 191, 192, 189, 161, 162]
72: [192, 141, 142, 191]
73: [97, 99, 101, 103, 105, 107, 109, 111, 88, 121, 122, 112, 98, 100, 110, 108, 102, 104, 106, 87]
74: [97, 121, 122, 98]
75: [97, 98]
76: [97, 98]
77: [97, 98]
78: [97, 98]
79: [97, 98]
80: [97, 98]
81: [97, 98]
82: [112, 97, 99, 110, 108, 101, 106, 103, 98, 100, 102, 104, 105, 107, 109, 111, 87, 88]
83: [191, 192, 161, 162]
84: [141, 142]
85: [99, 101, 103, 105, 107, 109, 111, 88, 121, 122, 112, 100, 110, 108, 102, 104, 106, 87]
86: [99, 121, 122, 100]
87: [99, 100]
88: [99, 100]
89: [99, 100]
90: [99, 100]
91: [99, 100]
92: [99, 100]
93: [99, 100]
94: [112, 99, 101, 110, 108, 103, 105, 106, 107, 109, 111, 88, 104, 100, 102, 87]
95: [162, 161]
96: [141, 142]
97: [101, 103, 105, 107, 109, 111, 88, 121, 122, 112, 110, 108, 102, 104, 106, 87]
98: [101, 121, 122, 102]
99: [101, 102]
100: [101, 102]
101: [101, 102]
102: [101, 102]
103: [101, 102]
104: [101, 102]
105: [101, 102]
106: [112, 101, 110, 103, 105, 107, 108, 109, 111, 88, 106, 104, 102, 87]
107: [162, 161]
108: [141, 142]
109: [103, 105, 107, 109, 111, 88, 121, 122, 112, 110, 108, 104, 106, 87]
110: [103, 121, 122, 104]
111: [103, 104]
112: [103, 104]
113: [103, 104]
114: [103, 104]
115: [103, 104]
116: [103, 104]
117: [103, 104]
118: [112, 103, 105, 107, 109, 110, 111, 88, 108, 106, 104, 87]
119: [162, 161]
120: [141, 142]
121: [105, 107, 109, 111, 88, 121, 122, 112, 110, 108, 106, 87]
122: [105, 107, 109, 111, 88, 121, 122, 112, 110, 108, 106, 87]
123: [105, 107, 109, 111, 88, 112, 110, 108, 106, 87]
124: [105, 107, 109, 111, 88, 112, 110, 108, 106, 87]
125: [105, 107, 109, 111, 88, 112, 110, 108, 106, 87]
126: [105, 107, 109, 111, 88, 112, 110, 108, 106, 87]
127: [105, 107, 109, 111, 88, 112, 110, 108, 106, 87]
128: [105, 107, 109, 111, 88, 112, 110, 108, 106, 87]
129: [105, 107, 109, 111, 88, 112, 110, 108, 106, 87]
130: [105, 107, 109, 111, 112, 88, 110, 108, 106, 87]
131: [162, 161]
132: [141, 142]
133: [162, 141, 142, 161]
134: [162, 161]
135: [162, 161]
136: [162, 161]
137: [162, 161]
138: [162, 161]
139: [162, 161]
140: [162, 161]
141: [162, 161]
142: [162, 161]
143: [162, 161]
62
0: [144, 143]
1: [144, 143]
2: [144, 163, 143, 164]
3: [163, 164]
4: [163, 164]
5: [163, 164]
6: [163, 164]
7: [163, 164]
8: [163, 164]
9: [163, 164]
10: [163, 164]
11: [163, 164]
12: [144, 143]
13: [96, 121, 122, 95]
14: [121, 124, 96, 122, 123, 95]
15: [124, 96, 123, 95]
16: [96, 95]
17: [96, 95]
18: [96, 95]
19: [96, 95]
20: [96, 95]
21: [96, 95]
22: [95, 96]
23: [163, 164]
24: [144, 143]
25: [96, 121, 122, 95]
26: [48, 49, 51, 53, 55, 57, 59, 50, 52, 54, 56, 58, 60, 47]
27: [48, 49, 51, 53, 55, 57, 59, 50, 52, 54, 56, 58, 60, 47]
28: [48, 51, 53, 55, 57, 59, 52, 54, 56, 58, 60, 47]
29: [48, 53, 55, 57, 59, 54, 56, 58, 60, 47]
30: [48, 57, 59, 55, 56, 58, 60, 47]
31: [48, 57, 59, 58, 60, 47]
32: [48, 59, 60, 47]
33: [48, 47]
34: [95, 96]
35: [163, 164]
36: [144, 143]
37: [96, 121, 122, 95]
38: [48, 49, 51, 53, 55, 57, 59, 50, 52, 54, 56, 58, 60, 47]
39: [49, 50]
40: [51, 52]
41: [53, 54]
42: [55, 56]
43: [57, 58]
44: [59, 60]
45: [48, 47]
46: [95, 96]
47: [163, 164]
48: [189, 144, 143, 190]
49: [96, 121, 122, 95]
50: [77, 48, 49, 51, 53, 55, 57, 59, 50, 78, 52, 54, 56, 58, 60, 47]
51: [77, 49, 50, 78]
52: [77, 51, 52, 78]
53: [77, 53, 78, 54]
54: [77, 55, 78, 56]
55: [77, 57, 78, 58]
56: [77, 78, 59, 60]
57: [77, 78, 48, 47]
58: [95, 96]
59: [190, 189, 163, 164]
60: [192, 189, 144, 143, 190, 191]
61: [96, 111, 121, 122, 95, 112]
62: []
63: [78, 79, 49, 50, 80, 77]
64: [78, 79, 51, 52, 80, 77]
65: [78, 79, 53, 54, 80, 77]
66: [78, 79, 55, 56, 80, 77]
67: [78, 79, 80, 57, 77, 58]
68: [78, 79, 80, 77, 59, 60]
69: [78, 79, 80, 77, 48, 47]
70: [112, 95, 96, 111]
71: [190, 191, 192, 189, 163, 164]
72: [192, 144, 143, 191]
73: [111, 121, 122, 112]
74: [47, 80, 50, 52, 54, 56, 58, 60, 49, 79, 51, 53, 55, 57, 59, 48]
75: [80, 49, 50, 79]
76: [80, 51, 52, 79]
77: [80, 53, 54, 79]
78: [80, 56, 79, 55]
79: [80, 79, 57, 58]
80: [80, 79, 59, 60]
81: [80, 79, 48, 47]
82: [112, 111]
83: [191, 192, 163, 164]
84: [143, 144]
85: [111, 122, 121, 112]
86: [47, 50, 52, 54, 56, 58, 60, 49, 51, 53, 55, 57, 59, 48]
87: [50, 49]
88: [52, 51]
89: [54, 53]
90: [56, 55]
91: [58, 57]
92: [60, 59]
93: [47, 48]
94: [112, 111]
95: [164, 163]
96: [143, 144]
97: [111, 122, 121, 112]
98: [47, 50, 52, 54, 56, 58, 60, 49, 51, 53, 55, 57, 59, 48]
99: [50, 49]
100: [52, 51]
101: [54, 53]
102: [56, 55]
103: [58, 57]
104: [60, 59]
105: [47, 48]
106: [112, 111]
107: [164, 163]
108: [143, 144]
109: [111, 122, 121, 112]
110: [47, 50, 52, 54, 56, 58, 60, 49, 51, 53, 55, 57, 59, 48]
111: [47, 50, 52, 54, 56, 58, 60, 49, 51, 53, 55, 57, 59, 48]
112: [47, 52, 54, 56, 58, 60, 51, 53, 55, 57, 59, 48]
113: [47, 54, 56, 58, 60, 53, 55, 57, 59, 48]
114: [56, 58, 60, 47, 55, 57, 59, 48]
115: [58, 60, 47, 57, 59, 48]
116: [60, 47, 59, 48]
117: [47, 48]
118: [112, 111]
119: [164, 163]
120: [143, 144]
121: [122, 111, 121, 112]
122: [122, 123, 111, 121, 124, 112]
123: [123, 111, 124, 112]
124: [111, 112]
125: [111, 112]
126: [111, 112]
127: [111, 112]
128: [111, 112]
129: [112, 111]
130: [112, 111]
131: [164, 163]
132: [143, 144]
133: [143, 144]
134: [164, 143, 144, 163]
135: [164, 163]
136: [164, 163]
137: [164, 163]
138: [164, 163]
139: [164, 163]
140: [164, 163]
141: [164, 163]
142: [164, 163]
143: [164, 163]
63
0: [146, 145]
1: [146, 145]
2: [146, 145]
3: [146, 165, 145, 166]
4: [165, 166]
5: [165, 166]
6: [165, 166]
7: [165, 166]
8: [165, 166]
9: [165, 166]
10: [165, 166]
11: [165, 166]
12: [146, 145]
13: [96, 95]
14: [123, 96, 124, 95]
15: [123, 126, 96, 124, 125, 95]
16: [126, 96, 125, 95]
17: [96, 95]
18: [96, 95]
19: [96, 95]
20: [96, 95]
21: [95, 96]
22: [95, 96]
23: [165, 166]
24: [146, 145]
25: [96, 95]
26: [50, 49]
27: [50, 61, 49, 62]
28: [61, 62]
29: [61, 62]
30: [61, 62]
31: [61, 62]
32: [61, 62]
33: [61, 62]
34: [95, 96]
35: [165, 166]
36: [146, 145]
37: [96, 95]
38: [50, 49]
39: [38, 19, 24, 26, 28, 37, 23, 25, 27, 20]
40: [38, 19, 24, 26, 28, 37, 23, 25, 27, 20]
41: [24, 26, 19, 28, 23, 25, 27, 20]
42: [24, 26, 19, 28, 23, 25, 27, 20]
43: [24, 26, 19, 28, 23, 25, 27, 20]
44: [19, 23, 24, 26, 28, 25, 27, 20]
45: [61, 62]
46: [95, 96]
47: [165, 166]
48: [189, 146, 145, 190]
49: [96, 95]
50: [77, 50, 49, 78]
51: [38, 19, 24, 26, 28, 30, 37, 23, 25, 27, 29, 20]
52: [30, 38, 37, 29]
53: [30, 29]
54: [30, 29]
55: [30, 29]
56: [30, 23, 19, 24, 25, 26, 28, 27, 20, 29]
57: [78, 77, 61, 62]
58: [95, 96]
59: [190, 189, 165, 166]
60: [192, 189, 146, 145, 190, 191]
61: [96, 111, 95, 112]
62: [80, 77, 50, 49, 78, 79]
63: []
64: [32, 23, 38, 37, 24, 31]
65: [32, 23, 24, 31]
66: [32, 23, 24, 31]
67: [32, 23, 24, 31]
68: [32, 23, 25, 30, 19, 24, 26, 27, 28, 20, 29, 31]
69: [78, 79, 80, 77, 61, 62]
70: [112, 95, 96, 111]
71: [190, 191, 192, 189, 165, 166]
72: [192, 145, 146, 191]
73: [111, 112]
74: [80, 49, 50, 79]
75: [37, 20, 25, 27, 29, 31, 38, 32, 26, 28, 30, 19]
76: [25, 37, 38, 26]
77: [25, 26]
78: [25, 26]
79: [25, 26]
80: [32, 25, 27, 30, 19, 20, 26, 28, 29, 31]
81: [79, 80, 61, 62]
82: [112, 111]
83: [191, 192, 165, 166]
84: [145, 146]
85: [111, 112]
86: [49, 50]
87: [37, 20, 27, 29, 31, 38, 32, 28, 30, 19]
88: [27, 37, 38, 28]
89: [27, 28]
90: [27, 28]
91: [27, 28]
92: [32, 27, 20, 29, 30, 31, 19, 28]
93: [62, 61]
94: [112, 111]
95: [166, 165]
96: [145, 146]
97: [111, 112]
98: [49, 50]
99: [37, 20, 29, 31, 38, 32, 30, 19]
100: [37, 20, 29, 31, 38, 32, 30, 19]
101: [20, 29, 31, 32, 30, 19]
102: [20, 29, 31, 32, 30, 19]
103: [20, 29, 31, 32, 30, 19]
104: [32, 20, 29, 31, 30, 19]
105: [62, 61]
106: [112, 111]
107: [166, 165]
108: [145, 146]
109: [111, 112]
110: [49, 50]
111: [49, 62, 50, 61]
112: [62, 61]
113: [62, 61]
114: [62, 61]
115: [62, 61]
116: [62, 61]
117: [62, 61]
118: [112, 111]
119: [166, 165]
120: [145, 146]
121: [111, 112]
122: [124, 111, 123, 112]
123: [124, 125, 111, 123, 126, 112]
124: [125, 111, 126, 112]
125: [111, 112]
126: [111, 112]
127: [111, 112]
128: [112, 111]
129: [112, 111]
130: [112, 111]
131: [166, 165]
132: [145, 146]
133: [145, 146]
134: [145, 146]
135: [145, 166, 146, 165]
136: [166, 165]
137: [166, 165]
138: [166, 165]
139: [166, 165]
140: [166, 165]
141: [166, 165]
142: [166, 165]
143: [166, 165]
64
0: [148, 147]
1: [148, 147]
2: [148, 147]
3: [148, 147]
4: [148, 167, 147, 168]
5: [167, 168]
6: [167, 168]
7: [167, 168]
8: [167, 168]
9: [167, 168]
10: [167, 168]
11: [167, 168]
12: [148, 147]
13: [96, 95]
14: [96, 95]
15: [125, 96, 126, 95]
16: [128, 125, 96, 127, 126, 95]
17: [128, 96, 127, 95]
18: [96, 95]
19: [96, 95]
20: [95, 96]
21: [95, 96]
22: [95, 96]
23: [167, 168]
24: [148, 147]
25: [96, 95]
26: [52, 51]
27: [52, 51]
28: [52, 63, 51, 64]
29: [63, 64]
30: [63, 64]
31: [63, 64]
32: [63, 64]
33: [63, 64]
34: [95, 96]
35: [167, 168]
36: [148, 147]
37: [96, 95]
38: [52, 51]
39: [24, 37, 38, 23]
40: [40, 37, 24, 39, 38, 23]
41: [40, 24, 39, 23]
42: [24, 23]
43: [24, 23]
44: [23, 24]
45: [63, 64]
46: [95, 96]
47: [167, 168]
48: [189, 148, 147, 190]
49: [96, 95]
50: [77, 52, 51, 78]
51: [24, 37, 38, 23]
52: [13, 4, 5, 7, 6, 14, 8, 3]
53: [13, 4, 5, 7, 6, 14, 8, 3]
54: [4, 13, 7, 14, 8, 3]
55: [4, 13, 14, 3]
56: [23, 24]
57: [78, 77, 63, 64]
58: [95, 96]
59: [190, 189, 167, 168]
60: [192, 189, 148, 147, 190, 191]
61: [96, 111, 95, 112]
62: [80, 77, 52, 51, 78, 79]
63: [24, 31, 37, 38, 23, 32]
64: []
65: [14, 15, 5, 6, 16, 13]
66: [14, 15, 7, 8, 16, 13]
67: [14, 15, 16, 4, 13, 3]
68: [32, 23, 24, 31]
69: [78, 79, 80, 77, 63, 64]
70: [112, 95, 96, 111]
71: [190, 191, 192, 189, 167, 168]
72: [192, 147, 148, 191]
73: [111, 112]
74: [80, 51, 52, 79]
75: [31, 37, 38, 32]
76: [8, 16, 3, 6, 5, 15, 7, 4]
77: [16, 5, 6, 15]
78: [16, 8, 15, 7]
79: [16, 15, 3, 4]
80: [32, 31]
81: [79, 80, 64, 63]
82: [112, 111]
83: [191, 192, 168, 167]
84: [147, 148]
85: [111, 112]
86: [51, 52]
87: [31, 38, 37, 32]
88: [8, 3, 6, 5, 7, 4]
89: [8, 3, 6, 5, 7, 4]
90: [8, 3, 7, 4]
91: [3, 4]
92: [32, 31]
93: [64, 63]
94: [112, 111]
95: [168, 167]
96: [147, 148]
97: [111, 112]
98: [51, 52]
99: [38, 31, 37, 32]
100: [38, 39, 31, 40, 37, 32]
101: [39, 31, 40, 32]
102: [31, 32]
103: [32, 31]
104: [32, 31]
105: [64, 63]
106: [112, 111]
107: [168, 167]
108: [147, 148]
109: [111, 112]
110: [51, 52]
111: [51, 52]
112: [64, 51, 52, 63]
113: [64, 63]
114: [64, 63]
115: [64, 63]
116: [64, 63]
117: [64, 63]
118: [112, 111]
119: [168, 167]
120: [147, 148]
121: [111, 112]
122: [111, 112]
123: [126, 111, 125, 112]
124: [126, 127, 111, 128, 125, 112]
125: [127, 111, 128, 112]
126: [111, 112]
127: [112, 111]
128: [112, 111]
129: [112, 111]
130: [112, 111]
131: [168, 167]
132: [147, 148]
133: [147, 148]
134: [147, 148]
135: [147, 148]
136: [168, 147, 148, 167]
137: [168, 167]
138: [168, 167]
139: [168, 167]
140: [168, 167]
141: [168, 167]
142: [168, 167]
143: [168, 167]
65
0: [150, 149]
1: [150, 149]
2: [150, 149]
3: [150, 149]
4: [150, 149]
5: [169, 150, 149, 170]
6: [169, 170]
7: [169, 170]
8: [169, 170]
9: [169, 170]
10: [169, 170]
11: [169, 170]
12: [150, 149]
13: [96, 95]
14: [96, 95]
15: [96, 95]
16: [127, 96, 128, 95]
17: [130, 127, 96, 95, 128, 129]
18: [130, 96, 95, 129]
19: [95, 96]
20: [95, 96]
21: [95, 96]
22: [95, 96]
23: [169, 170]
24: [150, 149]
25: [96, 95]
26: [54, 53]
27: [54, 53]
28: [54, 53]
29: [65, 54, 53, 66]
30: [65, 66]
31: [65, 66]
32: [65, 66]
33: [65, 66]
34: [95, 96]
35: [169, 170]
36: [150, 149]
37: [96, 95]
38: [54, 53]
39: [24, 23]
40: [39, 24, 40, 23]
41: [42, 39, 24, 23, 40, 41]
42: [42, 24, 23, 41]
43: [23, 24]
44: [23, 24]
45: [65, 66]
46: [95, 96]
47: [169, 170]
48: [189, 150, 149, 190]
49: [96, 95]
50: [77, 54, 53, 78]
51: [24, 23]
52: [13, 6, 5, 14]
53: [9, 6, 13, 14, 5, 10]
54: [9, 13, 14, 10]
55: [9, 14, 13, 10]
56: [23, 24]
57: [78, 65, 77, 66]
58: [95, 96]
59: [190, 169, 189, 170]
60: [192, 189, 150, 149, 190, 191]
61: [96, 111, 95, 112]
62: [80, 77, 54, 53, 78, 79]
63: [24, 31, 23, 32]
64: [16, 13, 6, 5, 14, 15]
65: []
66: [1, 2]
67: [14, 15, 9, 16, 10, 13]
68: [32, 23, 24, 31]
69: [78, 79, 65, 80, 66, 77]
70: [112, 95, 96, 111]
71: [190, 191, 169, 192, 170, 189]
72: [192, 149, 150, 191]
73: [111, 112]
74: [80, 53, 54, 79]
75: [31, 32]
76: [16, 5, 6, 15]
77: [2, 1]
78: [1, 2]
79: [15, 16, 9, 10]
80: [32, 31]
81: [79, 80, 65, 66]
82: [112, 111]
83: [191, 192, 169, 170]
84: [149, 150]
85: [111, 112]
86: [53, 54]
87: [31, 32]
88: [5, 6]
89: [10, 5, 6, 9]
90: [10, 9]
91: [10, 9]
92: [32, 31]
93: [66, 65]
94: [112, 111]
95: [170, 169]
96: [149, 150]
97: [111, 112]
98: [53, 54]
99: [31, 32]
100: [40, 31, 39, 32]
101: [40, 41, 31, 32, 42, 39]
102: [41, 32, 42, 31]
103: [32, 31]
104: [32, 31]
105: [66, 65]
106: [112, 111]
107: [170, 169]
108: [149, 150]
109: [111, 112]
110: [53, 54]
111: [53, 54]
112: [53, 54]
113: [66, 53, 54, 65]
114: [66, 65]
115: [66, 65]
116: [66, 65]
117: [66, 65]
118: [112, 111]
119: [170, 169]
120: [149, 150]
121: [111, 112]
122: [111, 112]
123: [111, 112]
124: [128, 111, 127, 112]
125: [128, 129, 111, 112, 130, 127]
126: [129, 112, 130, 111]
127: [112, 111]
128: [112, 111]
129: [112, 111]
130: [112, 111]
131: [170, 169]
132: [149, 150]
133: [149, 150]
134: [149, 150]
135: [149, 150]
136: [149, 150]
137: [170, 149, 150, 169]
138: [170, 169]
139: [170, 169]
140: [170, 169]
141: [170, 169]
142: [170, 169]
143: [170, 169]
66
0: [152, 151]
1: [152, 151]
2: [152, 151]
3: [152, 151]
4: [152, 151]
5: [152, 151]
6: [152, 171, 172, 151]
7: [171, 172]
8: [171, 172]
9: [171, 172]
10: [171, 172]
11: [171, 172]
12: [152, 151]
13: [96, 95]
14: [96, 95]
15: [96, 95]
16: [96, 95]
17: [129, 96, 95, 130]
18: [129, 132, 95, 96, 130, 131]
19: [132, 95, 96, 131]
20: [95, 96]
21: [95, 96]
22: [95, 96]
23: [171, 172]
24: [152, 151]
25: [96, 95]
26: [56, 55]
27: [56, 55]
28: [56, 55]
29: [56, 55]
30: [56, 67, 68, 55]
31: [67, 68]
32: [67, 68]
33: [67, 68]
34: [95, 96]
35: [171, 172]
36: [152, 151]
37: [96, 95]
38: [56, 55]
39: [24, 23]
40: [24, 23]
41: [41, 24, 23, 42]
42: [41, 44, 23, 24, 42, 43]
43: [44, 23, 24, 43]
44: [23, 24]
45: [67, 68]
46: [95, 96]
47: [171, 172]
48: [189, 152, 190, 151]
49: [96, 95]
50: [77, 56, 78, 55]
51: [24, 23]
52: [8, 13, 14, 7]
53: [8, 13, 14, 7]
54: [8, 11, 14, 13, 12, 7]
55: [11, 14, 12, 13]
56: [23, 24]
57: [78, 67, 68, 77]
58: [95, 96]
59: [190, 171, 172, 189]
60: [192, 189, 152, 191, 190, 151]
61: [96, 111, 95, 112]
62: [80, 77, 56, 79, 78, 55]
63: [24, 31, 23, 32]
64: [16, 13, 8, 15, 14, 7]
65: [2, 1]
66: []
67: [14, 15, 11, 12, 16, 13]
68: [32, 23, 24, 31]
69: [78, 79, 67, 68, 80, 77]
70: [112, 95, 96, 111]
71: [190, 191, 171, 172, 192, 189]
72: [192, 152, 191, 151]
73: [111, 112]
74: [80, 56, 79, 55]
75: [31, 32]
76: [16, 8, 15, 7]
77: [1, 2]
78: [1, 2]
79: [15, 11, 12, 16]
80: [32, 31]
81: [79, 67, 68, 80]
82: [112, 111]
83: [191, 171, 172, 192]
84: [151, 152]
85: [111, 112]
86: [55, 56]
87: [31, 32]
88: [7, 8]
89: [7, 8]
90: [12, 7, 11, 8]
91: [12, 11]
92: [32, 31]
93: [68, 67]
94: [112, 111]
95: [172, 171]
96: [151, 152]
97: [111, 112]
98: [55, 56]
99: [31, 32]
100: [31, 32]
101: [42, 32, 41, 31]
102: [42, 43, 32, 41, 44, 31]
103: [43, 32, 44, 31]
104: [32, 31]
105: [68, 67]
106: [112, 111]
107: [172, 171]
108: [151, 152]
109: [111, 112]
110: [55, 56]
111: [55, 56]
112: [55, 56]
113: [55, 56]
114: [68, 55, 67, 56]
115: [68, 67]
116: [68, 67]
117: [68, 67]
118: [112, 111]
119: [172, 171]
120: [151, 152]
121: [111, 112]
122: [111, 112]
123: [111, 112]
124: [111, 112]
125: [130, 112, 129, 111]
126: [130, 131, 112, 129, 132, 111]
127: [131, 112, 132, 111]
128: [112, 111]
129: [112, 111]
130: [112, 111]
131: [172, 171]
132: [151, 152]
133: [151, 152]
134: [151, 152]
135: [151, 152]
136: [151, 152]
137: [151, 152]
138: [172, 151, 171, 152]
139: [172, 171]
140: [172, 171]
141: [172, 171]
142: [172, 171]
143: [172, 171]
67
0: [154, 153]
1: [154, 153]
2: [154, 153]
3: [154, 153]
4: [154, 153]
5: [154, 153]
6: [154, 153]
7: [154, 173, 174, 153]
8: [173, 174]
9: [173, 174]
10: [173, 174]
11: [173, 174]
12: [154, 153]
13: [96, 95]
14: [96, 95]
15: [96, 95]
16: [96, 95]
17: [95, 96]
18: [131, 95, 96, 132]
19: [131, 134, 95, 96, 132, 133]
20: [134, 95, 133, 96]
21: [95, 96]
22: [95, 96]
23: [173, 174]
24: [154, 153]
25: [96, 95]
26: [58, 57]
27: [58, 57]
28: [58, 57]
29: [58, 57]
30: [58, 57]
31: [58, 69, 70, 57]
32: [69, 70]
33: [69, 70]
34: [95, 96]
35: [173, 174]
36: [154, 153]
37: [96, 95]
38: [58, 57]
39: [24, 23]
40: [24, 23]
41: [23, 24]
42: [43, 23, 24, 44]
43: [43, 46, 23, 24, 44, 45]
44: [46, 23, 45, 24]
45: [69, 70]
46: [95, 96]
47: [173, 174]
48: [189, 154, 190, 153]
49: [96, 95]
50: [77, 58, 78, 57]
51: [24, 23]
52: [3, 13, 14, 4]
53: [10, 3, 14, 13, 9, 4]
54: [10, 3, 12, 14, 11, 13, 9, 4]
55: [10, 3, 12, 14, 11, 13, 9, 4]
56: [23, 46, 45, 24]
57: [78, 69, 70, 77]
58: [95, 96]
59: [190, 173, 174, 189]
60: [192, 189, 154, 190, 191, 153]
61: [96, 111, 95, 112]
62: [80, 77, 58, 78, 79, 57]
63: [24, 31, 23, 32]
64: [16, 13, 3, 14, 15, 4]
65: [16, 13, 10, 9, 14, 15]
66: [16, 13, 12, 11, 14, 15]
67: []
68: [32, 23, 46, 45, 24, 31]
69: [78, 79, 69, 70, 80, 77]
70: [112, 95, 96, 111]
71: [190, 191, 173, 174, 192, 189]
72: [192, 191, 153, 154]
73: [111, 112]
74: [80, 79, 57, 58]
75: [31, 32]
76: [16, 15, 3, 4]
77: [15, 16, 9, 10]
78: [15, 11, 12, 16]
79: [9, 11, 4, 15, 16, 12, 10, 3]
80: [32, 45, 46, 31]
81: [79, 69, 70, 80]
82: [112, 111]
83: [191, 173, 174, 192]
84: [153, 154]
85: [111, 112]
86: [57, 58]
87: [31, 32]
88: [4, 3]
89: [9, 4, 10, 3]
90: [9, 11, 4, 12, 10, 3]
91: [9, 11, 4, 12, 10, 3]
92: [32, 45, 46, 31]
93: [70, 69]
94: [112, 111]
95: [174, 173]
96: [153, 154]
97: [111, 112]
98: [57, 58]
99: [31, 32]
100: [32, 31]
101: [32, 31]
102: [44, 32, 43, 31]
103: [44, 45, 32, 43, 46, 31]
104: [32, 45, 46, 31]
105: [70, 69]
106: [112, 111]
107: [174, 173]
108: [153, 154]
109: [111, 112]
110: [57, 58]
111: [57, 58]
112: [57, 58]
113: [57, 58]
114: [57, 58]
115: [57, 70, 69, 58]
116: [70, 69]
117: [70, 69]
118: [112, 111]
119: [174, 173]
120: [153, 154]
121: [111, 112]
122: [111, 112]
123: [111, 112]
124: [112, 111]
125: [112, 111]
126: [132, 112, 131, 111]
127: [132, 133, 112, 131, 134, 111]
128: [133, 112, 134, 111]
129: [112, 111]
130: [112, 111]
131: [174, 173]
132: [153, 154]
133: [153, 154]
134: [153, 154]
135: [153, 154]
136: [153, 154]
137: [153, 154]
138: [153, 154]
139: [153, 174, 173, 154]
140: [174, 173]
141: [174, 173]
142: [174, 173]
143: [174, 173]
68
0: [156, 155]
1: [156, 155]
2: [156, 155]
3: [156, 155]
4: [156, 155]
5: [156, 155]
6: [156, 155]
7: [156, 155]
8: [156, 175, 176, 155]
9: [175, 176]
10: [175, 176]
11: [175, 176]
12: [156, 155]
13: [96, 95]
14: [96, 95]
15: [96, 95]
16: [95, 96]
17: [95, 96]
18: [95, 96]
19: [133, 95, 134, 96]
20: [136, 133, 95, 134, 135, 96]
21: [136, 95, 135, 96]
22: [95, 96]
23: [175, 176]
24: [156, 155]
25: [96, 95]
26: [60, 59]
27: [60, 59]
28: [60, 59]
29: [60, 59]
30: [60, 59]
31: [60, 59]
32: [60, 71, 72, 59]
33: [71, 72]
34: [95, 96]
35: [175, 176]
36: [156, 155]
37: [96, 95]
38: [60, 59]
39: [20, 23, 24, 25, 27, 26, 28, 19]
40: [25, 27, 20, 23, 24, 26, 28, 19]
41: [25, 27, 20, 23, 24, 26, 28, 19]
42: [25, 27, 20, 23, 24, 26, 28, 19]
43: [45, 20, 23, 25, 27, 46, 24, 26, 28, 19]
44: [45, 20, 23, 25, 27, 46, 24, 26, 28, 19]
45: [71, 72]
46: [95, 96]
47: [175, 176]
48: [189, 190, 156, 155]
49: [96, 95]
50: [77, 78, 60, 59]
51: [24, 29, 20, 23, 25, 26, 27, 28, 19, 30]
52: [29, 30]
53: [29, 30]
54: [29, 30]
55: [29, 45, 46, 30]
56: [45, 20, 23, 25, 27, 29, 46, 24, 26, 28, 30, 19]
57: [78, 71, 72, 77]
58: [95, 96]
59: [190, 175, 176, 189]
60: [192, 189, 190, 191, 156, 155]
61: [96, 111, 95, 112]
62: [80, 77, 78, 79, 60, 59]
63: [24, 31, 26, 29, 20, 23, 25, 27, 28, 32, 19, 30]
64: [24, 31, 23, 32]
65: [24, 31, 23, 32]
66: [24, 31, 23, 32]
67: [24, 31, 45, 46, 23, 32]
68: []
69: [78, 79, 71, 72, 80, 77]
70: [112, 95, 96, 111]
71: [190, 191, 175, 176, 192, 189]
72: [192, 191, 155, 156]
73: [111, 112]
74: [80, 79, 59, 60]
75: [26, 31, 28, 29, 32, 19, 20, 25, 27, 30]
76: [26, 25]
77: [26, 25]
78: [26, 25]
79: [26, 45, 46, 25]
80: [32, 46, 19, 26, 28, 30, 45, 25, 31, 27, 29, 20]
81: [79, 72, 71, 80]
82: [112, 111]
83: [191, 176, 175, 192]
84: [155, 156]
85: [111, 112]
86: [59, 60]
87: [28, 31, 32, 19, 29, 30, 27, 20]
88: [28, 27]
89: [28, 27]
90: [28, 27]
91: [28, 46, 45, 27]
92: [32, 46, 19, 28, 30, 45, 31, 27, 29, 20]
93: [72, 71]
94: [112, 111]
95: [176, 175]
96: [155, 156]
97: [111, 112]
98: [59, 60]
99: [32, 19, 30, 31, 29, 20]
100: [32, 19, 30, 31, 29, 20]
101: [32, 19, 30, 31, 29, 20]
102: [32, 19, 30, 31, 29, 20]
103: [32, 46, 19, 30, 45, 31, 29, 20]
104: [32, 46, 19, 30, 45, 31, 29, 20]
105: [72, 71]
106: [112, 111]
107: [176, 175]
108: [155, 156]
109: [111, 112]
110: [59, 60]
111: [59, 60]
112: [59, 60]
113: [59, 60]
114: [59, 60]
115: [59, 60]
116: [72, 59, 71, 60]
117: [72, 71]
118: [112, 111]
119: [176, 175]
120: [155, 156]
121: [111, 112]
122: [111, 112]
123: [112, 111]
124: [112, 111]
125: [112, 111]
126: [112, 111]
127: [134, 112, 133, 111]
128: [134, 135, 112, 136, 133, 111]
129: [135, 112, 136, 111]
130: [112, 111]
131: [176, 175]
132: [155, 156]
133: [155, 156]
134: [155, 156]
135: [155, 156]
136: [155, 156]
137: [155, 156]
138: [155, 156]
139: [155, 156]
140: [176, 155, 175, 156]
141: [176, 175]
142: [176, 175]
143: [176, 175]
69
0: [158, 157]
1: [158, 157]
2: [158, 157]
3: [158, 157]
4: [158, 157]
5: [158, 157]
6: [158, 157]
7: [158, 157]
8: [158, 157]
9: [177, 158, 178, 157]
10: [177, 178]
11: [177, 178]
12: [158, 157]
13: [96, 95]
14: [96, 95]
15: [95, 96]
16: [95, 96]
17: [95, 96]
18: [95, 96]
19: [95, 96]
20: [135, 95, 136, 96]
21: [138, 135, 95, 136, 137, 96]
22: [138, 95, 137, 96]
23: [177, 178]
24: [158, 157]
25: [96, 95]
26: [47, 48]
27: [62, 47, 61, 48]
28: [64, 62, 47, 63, 61, 48]
29: [64, 66, 62, 47, 65, 63, 61, 48]
30: [64, 66, 68, 47, 62, 67, 65, 63, 61, 48]
31: [64, 66, 68, 70, 47, 62, 69, 67, 65, 63, 61, 48]
32: [64, 66, 68, 70, 72, 47, 62, 71, 69, 67, 65, 63, 61, 48]
33: [64, 66, 68, 70, 72, 47, 62, 71, 69, 67, 65, 63, 61, 48]
34: [95, 138, 137, 96]
35: [177, 178]
36: [158, 157]
37: [96, 95]
38: [47, 48]
39: [62, 61]
40: [64, 63]
41: [66, 65]
42: [68, 67]
43: [70, 69]
44: [72, 71]
45: [64, 66, 68, 70, 72, 47, 62, 71, 69, 67, 65, 63, 61, 48]
46: [95, 138, 137, 96]
47: [177, 178]
48: [189, 190, 158, 157]
49: [96, 95]
50: [77, 78, 47, 48]
51: [78, 77, 62, 61]
52: [78, 64, 77, 63]
53: [78, 66, 77, 65]
54: [78, 68, 67, 77]
55: [78, 70, 69, 77]
56: [78, 72, 71, 77]
57: [64, 66, 68, 70, 72, 78, 47, 62, 77, 71, 69, 67, 65, 63, 61, 48]
58: [95, 138, 137, 96]
59: [190, 177, 178, 189]
60: [192, 189, 190, 191, 158, 157]
61: [96, 111, 95, 112]
62: [80, 77, 78, 79, 47, 48]
63: [80, 77, 78, 79, 62, 61]
64: [80, 77, 64, 78, 79, 63]
65: [80, 77, 66, 65, 78, 79]
66: [80, 77, 68, 67, 78, 79]
67: [80, 77, 70, 69, 78, 79]
68: [80, 77, 72, 71, 78, 79]
69: []
70: [112, 95, 138, 137, 96, 111]
71: [190, 191, 177, 178, 192, 189]
72: [192, 191, 157, 158]
73: [111, 112]
74: [80, 79, 48, 47]
75: [79, 80, 61, 62]
76: [79, 80, 64, 63]
77: [79, 80, 65, 66]
78: [79, 67, 68, 80]
79: [79, 69, 70, 80]
80: [79, 72, 71, 80]
81: [65, 67, 69, 71, 79, 48, 61, 63, 72, 80, 70, 68, 66, 64, 62, 47]
82: [112, 137, 138, 111]
83: [191, 177, 178, 192]
84: [157, 158]
85: [111, 112]
86: [48, 47]
87: [61, 62]
88: [63, 64]
89: [65, 66]
90: [67, 68]
91: [69, 70]
92: [71, 72]
93: [65, 67, 69, 71, 48, 61, 63, 72, 70, 68, 66, 64, 62, 47]
94: [112, 137, 138, 111]
95: [178, 177]
96: [157, 158]
97: [111, 112]
98: [48, 47]
99: [61, 62]
100: [63, 64]
101: [65, 66]
102: [67, 68]
103: [69, 70]
104: [71, 72]
105: [65, 67, 69, 71, 48, 61, 63, 72, 70, 68, 66, 64, 62, 47]
106: [112, 137, 138, 111]
107: [178, 177]
108: [157, 158]
109: [111, 112]
110: [48, 47]
111: [48, 61, 62, 47]
112: [48, 61, 63, 64, 62, 47]
113: [48, 65, 61, 63, 66, 64, 62, 47]
114: [65, 67, 48, 61, 63, 68, 66, 64, 62, 47]
115: [65, 67, 69, 48, 61, 63, 70, 68, 66, 64, 62, 47]
116: [65, 67, 69, 71, 48, 61, 63, 72, 70, 68, 66, 64, 62, 47]
117: [65, 67, 69, 71, 48, 61, 63, 72, 70, 68, 66, 64, 62, 47]
118: [112, 137, 138, 111]
119: [178, 177]
120: [157, 158]
121: [111, 112]
122: [112, 111]
123: [112, 111]
124: [112, 111]
125: [112, 111]
126: [112, 111]
127: [112, 111]
128: [136, 112, 135, 111]
129: [136, 137, 112, 138, 135, 111]
130: [112, 137, 138, 111]
131: [178, 177]
132: [157, 158]
133: [157, 158]
134: [157, 158]
135: [157, 158]
136: [157, 158]
137: [157, 158]
138: [157, 158]
139: [157, 158]
140: [157, 158]
141: [178, 157, 177, 158]
142: [178, 177]
143: [178, 177]
70
0: [160, 159]
1: [160, 159]
2: [160, 159]
3: [160, 159]
4: [160, 159]
5: [160, 159]
6: [160, 159]
7: [160, 159]
8: [160, 159]
9: [160, 159]
10: [160, 179, 180, 159]
11: [179, 180]
12: [160, 159]
13: [96, 97, 99, 101, 103, 88, 95, 98, 100, 102, 104, 87]
14: [97, 99, 101, 103, 88, 95, 96, 98, 100, 102, 104, 87]
15: [97, 99, 101, 103, 88, 95, 96, 98, 100, 102, 104, 87]
16: [97, 99, 101, 103, 88, 95, 96, 98, 100, 102, 104, 87]
17: [97, 99, 101, 103, 88, 95, 96, 98, 100, 102, 104, 87]
18: [97, 99, 101, 103, 88, 95, 96, 98, 100, 102, 104, 87]
19: [97, 99, 101, 103, 88, 95, 96, 98, 100, 102, 104, 87]
20: [97, 99, 101, 103, 88, 95, 96, 98, 100, 102, 104, 87]
21: [97, 99, 101, 103, 137, 88, 95, 138, 96, 98, 100, 102, 104, 87]
22: [97, 99, 101, 103, 137, 88, 95, 138, 96, 98, 100, 102, 104, 87]
23: [179, 180]
24: [160, 159]
25: [96, 105, 97, 98, 99, 101, 103, 88, 95, 100, 102, 104, 106, 87]
26: [105, 106]
27: [105, 106]
28: [105, 106]
29: [105, 106]
30: [105, 106]
31: [105, 106]
32: [105, 106]
33: [105, 137, 138, 106]
34: [97, 99, 101, 103, 105, 137, 88, 95, 138, 96, 98, 100, 102, 104, 106, 87]
35: [179, 180]
36: [160, 159]
37: [96, 107, 105, 98, 97, 99, 100, 101, 103, 88, 95, 102, 104, 106, 108, 87]
38: [107, 108]
39: [107, 108]
40: [107, 108]
41: [107, 108]
42: [107, 108]
43: [107, 108]
44: [107, 108]
45: [107, 137, 138, 108]
46: [97, 99, 101, 103, 105, 137, 107, 88, 95, 138, 96, 98, 100, 108, 102, 104, 106, 87]
47: [179, 180]
48: [189, 190, 160, 159]
49: [96, 109, 98, 107, 105, 100, 97, 99, 101, 102, 103, 88, 95, 104, 106, 108, 110, 87]
50: [109, 110]
51: [109, 110]
52: [109, 110]
53: [109, 110]
54: [109, 110]
55: [109, 110]
56: [109, 110]
57: [109, 137, 138, 110]
58: [97, 99, 101, 103, 105, 137, 107, 109, 88, 95, 138, 96, 98, 100, 110, 108, 102, 104, 106, 87]
59: [190, 179, 180, 189]
60: [192, 189, 190, 191, 160, 159]
61: [96, 111, 98, 109, 107, 100, 105, 102, 97, 99, 101, 103, 104, 88, 95, 106, 108, 110, 112, 87]
62: [96, 111, 95, 112]
63: [96, 111, 95, 112]
64: [96, 111, 95, 112]
65: [96, 111, 95, 112]
66: [96, 111, 95, 112]
67: [96, 111, 95, 112]
68: [96, 111, 95, 112]
69: [96, 111, 137, 138, 95, 112]
70: []
71: [190, 191, 179, 180, 192, 189]
72: [192, 191, 160, 159]
73: [98, 111, 100, 109, 107, 102, 104, 105, 97, 99, 101, 103, 106, 108, 110, 112, 87, 88]
74: [98, 97]
75: [98, 97]
76: [98, 97]
77: [98, 97]
78: [98, 97]
79: [98, 97]
80: [98, 97]
81: [98, 137, 138, 97]
82: [98, 100, 102, 104, 106, 138, 108, 110, 112, 87, 137, 97, 111, 99, 109, 107, 101, 105, 103, 88]
83: [191, 179, 180, 192]
84: [159, 160]
85: [100, 111, 109, 102, 104, 107, 105, 106, 108, 110, 112, 87, 88, 99, 101, 103]
86: [100, 99]
87: [100, 99]
88: [100, 99]
89: [100, 99]
90: [100, 99]
91: [100, 99]
92: [100, 99]
93: [100, 138, 137, 99]
94: [100, 102, 104, 106, 138, 108, 110, 112, 87, 137, 111, 99, 109, 107, 101, 105, 103, 88]
95: [180, 179]
96: [159, 160]
97: [102, 111, 104, 109, 106, 107, 108, 110, 112, 87, 105, 88, 101, 103]
98: [102, 101]
99: [102, 101]
100: [102, 101]
101: [102, 101]
102: [102, 101]
103: [102, 101]
104: [102, 101]
105: [102, 138, 137, 101]
106: [102, 104, 106, 138, 108, 110, 112, 87, 137, 111, 109, 107, 101, 105, 103, 88]
107: [180, 179]
108: [159, 160]
109: [104, 111, 106, 108, 109, 110, 112, 87, 107, 105, 88, 103]
110: [104, 103]
111: [104, 103]
112: [104, 103]
113: [104, 103]
114: [104, 103]
115: [104, 103]
116: [104, 103]
117: [104, 138, 137, 103]
118: [104, 106, 138, 108, 110, 112, 87, 137, 111, 109, 107, 105, 103, 88]
119: [180, 179]
120: [159, 160]
121: [106, 108, 110, 111, 112, 87, 109, 107, 105, 88]
122: [106, 108, 110, 112, 87, 111, 109, 107, 105, 88]
123: [106, 108, 110, 112, 87, 111, 109, 107, 105, 88]
124: [106, 108, 110, 112, 87, 111, 109, 107, 105, 88]
125: [106, 108, 110, 112, 87, 111, 109, 107, 105, 88]
126: [106, 108, 110, 112, 87, 111, 109, 107, 105, 88]
127: [106, 108, 110, 112, 87, 111, 109, 107, 105, 88]
128: [106, 108, 110, 112, 87, 111, 109, 107, 105, 88]
129: [106, 138, 108, 110, 112, 87, 137, 111, 109, 107, 105, 88]
130: [106, 138, 108, 110, 112, 87, 137, 111, 109, 107, 105, 88]
131: [180, 179]
132: [159, 160]
133: [159, 160]
134: [159, 160]
135: [159, 160]
136: [159, 160]
137: [159, 160]
138: [159, 160]
139: [159, 160]
140: [159, 160]
141: [159, 160]
142: [180, 159, 179, 160]
143: [180, 179]
71
0: [139, 140]
1: [162, 139, 161, 140]
2: [162, 139, 164, 163, 161, 140]
3: [162, 139, 164, 166, 165, 163, 161, 140]
4: [162, 164, 166, 168, 139, 167, 165, 163, 161, 140]
5: [162, 164, 166, 168, 170, 139, 169, 167, 165, 163, 161, 140]
6: [162, 164, 166, 168, 170, 139, 172, 171, 169, 167, 165, 163, 161, 140]
7: [162, 164, 166, 168, 170, 139, 172, 174, 173, 171, 169, 167, 165, 163, 161, 140]
8: [162, 164, 166, 168, 170, 139, 172, 174, 176, 175, 173, 171, 169, 167, 165, 163, 161, 140]
9: [162, 164, 166, 168, 170, 139, 172, 174, 176, 178, 177, 175, 173, 171, 169, 167, 165, 163, 161, 140]
10: [162, 164, 166, 168, 170, 139, 172, 174, 176, 178, 180, 179, 177, 175, 173, 171, 169, 167, 165, 163, 161, 140]
11: [162, 164, 166, 168, 170, 139, 172, 174, 176, 178, 180, 179, 177, 175, 173, 171, 169, 167, 165, 163, 161, 140]
12: [139, 140]
13: [162, 161]
14: [164, 163]
15: [166, 165]
16: [168, 167]
17: [170, 169]
18: [172, 171]
19: [174, 173]
20: [176, 175]
21: [178, 177]
22: [180, 179]
23: [162, 164, 166, 168, 170, 139, 172, 174, 176, 178, 180, 179, 177, 175, 173, 171, 169, 167, 165, 163, 161, 140]
24: [139, 140]
25: [162, 161]
26: [164, 163]
27: [166, 165]
28: [168, 167]
29: [170, 169]
30: [172, 171]
31: [174, 173]
32: [176, 175]
33: [178, 177]
34: [180, 179]
35: [162, 164, 166, 168, 170, 139, 172, 174, 176, 178, 180, 179, 177, 175, 173, 171, 169, 167, 165, 163, 161, 140]
36: [139, 140]
37: [162, 161]
38: [164, 163]
39: [166, 165]
40: [168, 167]
41: [170, 169]
42: [172, 171]
43: [174, 173]
44: [176, 175]
45: [178, 177]
46: [180, 179]
47: [162, 164, 166, 168, 170, 139, 172, 174, 176, 178, 180, 179, 177, 175, 173, 171, 169, 167, 165, 163, 161, 140]
48: [189, 190, 139, 140]
49: [190, 189, 162, 161]
50: [190, 189, 164, 163]
51: [190, 189, 166, 165]
52: [190, 168, 189, 167]
53: [190, 170, 189, 169]
54: [190, 172, 171, 189]
55: [190, 174, 173, 189]
56: [190, 176, 175, 189]
57: [190, 178, 177, 189]
58: [190, 180, 179, 189]
59: [162, 164, 166, 168, 170, 139, 172, 174, 176, 178, 180, 190, 179, 189, 177, 175, 173, 171, 169, 167, 165, 163, 161, 140]
60: [192, 189, 190, 191, 139, 140]
61: [192, 189, 190, 191, 162, 161]
62: [192, 189, 190, 191, 164, 163]
63: [192, 189, 190, 191, 166, 165]
64: [192, 189, 168, 190, 191, 167]
65: [192, 189, 170, 169, 190, 191]
66: [192, 189, 172, 171, 190, 191]
67: [192, 189, 174, 173, 190, 191]
68: [192, 189, 176, 175, 190, 191]
69: [192, 189, 178, 177, 190, 191]
70: [192, 189, 180, 179, 190, 191]
71: []
72: [192, 191, 139, 140]
73: [191, 192, 161, 162]
74: [191, 192, 163, 164]
75: [191, 192, 165, 166]
76: [191, 192, 168, 167]
77: [191, 192, 169, 170]
78: [191, 171, 172, 192]
79: [191, 173, 174, 192]
80: [191, 176, 175, 192]
81: [191, 177, 178, 192]
82: [191, 179, 180, 192]
83: [161, 163, 165, 167, 169, 171, 140, 173, 175, 177, 179, 191, 192, 180, 178, 176, 174, 172, 170, 168, 166, 164, 162, 139]
84: [140, 139]
85: [161, 162]
86: [163, 164]
87: [165, 166]
88: [167, 168]
89: [169, 170]
90: [171, 172]
91: [173, 174]
92: [175, 176]
93: [177, 178]
94: [179, 180]
95: [161, 163, 165, 167, 169, 171, 140, 173, 175, 177, 179, 180, 178, 176, 174, 172, 170, 168, 166, 164, 162, 139]
96: [140, 139]
97: [161, 162]
98: [163, 164]
99: [165, 166]
100: [167, 168]
101: [169, 170]
102: [171, 172]
103: [173, 174]
104: [175, 176]
105: [177, 178]
106: [179, 180]
107: [161, 163, 165, 167, 169, 171, 140, 173, 175, 177, 179, 180, 178, 176, 174, 172, 170, 168, 166, 164, 162, 139]
108: [140, 139]
109: [161, 162]
110: [163, 164]
111: [165, 166]
112: [167, 168]
113: [169, 170]
114: [171, 172]
115: [173, 174]
116: [175, 176]
117: [177, 178]
118: [179, 180]
119: [161, 163, 165, 167, 169, 171, 140, 173, 175, 177, 179, 180, 178, 176, 174, 172, 170, 168, 166, 164, 162, 139]
120: [140, 139]
121: [161, 162]
122: [163, 164]
123: [165, 166]
124: [167, 168]
125: [169, 170]
126: [171, 172]
127: [173, 174]
128: [175, 176]
129: [177, 178]
130: [179, 180]
131: [161, 163, 165, 167, 169, 171, 140, 173, 175, 177, 179, 180, 178, 176, 174, 172, 170, 168, 166, 164, 162, 139]
132: [140, 139]
133: [161, 140, 162, 139]
134: [161, 163, 140, 164, 162, 139]
135: [161, 163, 140, 165, 166, 164, 162, 139]
136: [161, 163, 165, 167, 140, 168, 166, 164, 162, 139]
137: [161, 163, 165, 167, 169, 140, 170, 168, 166, 164, 162, 139]
138: [161, 163, 165, 167, 169, 171, 140, 172, 170, 168, 166, 164, 162, 139]
139: [161, 163, 165, 167, 169, 171, 140, 173, 174, 172, 170, 168, 166, 164, 162, 139]
140: [161, 163, 165, 167, 169, 171, 140, 173, 175, 176, 174, 172, 170, 168, 166, 164, 162, 139]
141: [161, 163, 165, 167, 169, 171, 140, 173, 175, 177, 178, 176, 174, 172, 170, 168, 166, 164, 162, 139]
142: [161, 163, 165, 167, 169, 171, 140, 173, 175, 177, 179, 180, 178, 176, 174, 172, 170, 168, 166, 164, 162, 139]
143: [161, 163, 165, 167, 169, 171, 140, 173, 175, 177, 179, 180, 178, 176, 174, 172, 170, 168, 166, 164, 162, 139]
72
0: [140, 141, 143, 145, 147, 149, 151, 153, 155, 157, 159, 142, 144, 146, 148, 150, 152, 154, 156, 158, 160, 139]
1: [140, 141, 143, 145, 147, 149, 151, 153, 155, 157, 159, 142, 144, 146, 148, 150, 152, 154, 156, 158, 160, 139]
2: [140, 143, 145, 147, 149, 151, 153, 155, 157, 159, 144, 146, 148, 150, 152, 154, 156, 158, 160, 139]
3: [140, 145, 147, 149, 151, 153, 155, 157, 159, 146, 148, 150, 152, 154, 156, 158, 160, 139]
4: [140, 147, 149, 151, 153, 155, 157, 159, 148, 150, 152, 154, 156, 158, 160, 139]
5: [140, 149, 151, 153, 155, 157, 159, 150, 152, 154, 156, 158, 160, 139]
6: [140, 151, 153, 155, 157, 159, 152, 154, 156, 158, 160, 139]
7: [140, 153, 155, 157, 159, 154, 156, 158, 160, 139]
8: [155, 140, 157, 159, 156, 158, 160, 139]
9: [140, 157, 159, 158, 160, 139]
10: [140, 159, 160, 139]
11: [140, 139]
12: [140, 141, 143, 145, 147, 149, 151, 153, 155, 157, 159, 142, 144, 146, 148, 150, 152, 154, 156, 158, 160, 139]
13: [141, 142]
14: [143, 144]
15: [145, 146]
16: [147, 148]
17: [149, 150]
18: [151, 152]
19: [153, 154]
20: [155, 156]
21: [157, 158]
22: [159, 160]
23: [140, 139]
24: [140, 141, 143, 145, 147, 149, 151, 153, 155, 157, 159, 142, 144, 146, 148, 150, 152, 154, 156, 158, 160, 139]
25: [141, 142]
26: [143, 144]
27: [145, 146]
28: [147, 148]
29: [149, 150]
30: [151, 152]
31: [153, 154]
32: [155, 156]
33: [157, 158]
34: [159, 160]
35: [140, 139]
36: [140, 141, 143, 145, 147, 149, 151, 153, 155, 157, 159, 142, 144, 146, 148, 150, 152, 154, 156, 158, 160, 139]
37: [141, 142]
38: [143, 144]
39: [145, 146]
40: [147, 148]
41: [149, 150]
42: [151, 152]
43: [153, 154]
44: [155, 156]
45: [157, 158]
46: [159, 160]
47: [140, 139]
48: [140, 141, 143, 145, 147, 149, 151, 153, 155, 157, 159, 142, 144, 146, 148, 150, 152, 154, 156, 158, 160, 139]
49: [141, 142]
50: [143, 144]
51: [145, 146]
52: [147, 148]
53: [149, 150]
54: [151, 152]
55: [153, 154]
56: [155, 156]
57: [157, 158]
58: [159, 160]
59: [140, 139]
60: [191, 140, 141, 143, 145, 147, 149, 151, 153, 155, 157, 159, 192, 142, 144, 146, 148, 150, 152, 154, 156, 158, 160, 139]
61: [191, 141, 142, 192]
62: [191, 144, 143, 192]
63: [191, 145, 146, 192]
64: [191, 147, 148, 192]
65: [191, 149, 150, 192]
66: [191, 152, 192, 151]
67: [191, 192, 153, 154]
68: [191, 192, 155, 156]
69: [191, 192, 157, 158]
70: [191, 192, 160, 159]
71: [192, 191, 139, 140]
72: []
73: [192, 193, 142, 141, 194, 191]
74: [192, 193, 144, 143, 194, 191]
75: [192, 193, 146, 145, 194, 191]
76: [192, 193, 148, 147, 194, 191]
77: [192, 193, 150, 149, 194, 191]
78: [192, 193, 152, 191, 194, 151]
79: [192, 193, 194, 154, 191, 153]
80: [192, 193, 194, 191, 156, 155]
81: [192, 193, 194, 191, 158, 157]
82: [192, 193, 194, 191, 160, 159]
83: [192, 193, 194, 191, 139, 140]
84: [160, 194, 139, 142, 144, 146, 148, 150, 152, 154, 156, 158, 193, 141, 143, 145, 147, 149, 151, 153, 155, 157, 159, 140]
85: [194, 142, 141, 193]
86: [194, 144, 143, 193]
87: [194, 146, 145, 193]
88: [194, 148, 147, 193]
89: [194, 150, 193, 149]
90: [194, 152, 193, 151]
91: [194, 193, 154, 153]
92: [194, 193, 156, 155]
93: [194, 193, 158, 157]
94: [194, 193, 160, 159]
95: [193, 194, 139, 140]
96: [160, 139, 142, 144, 146, 148, 150, 152, 154, 156, 158, 141, 143, 145, 147, 149, 151, 153, 155, 157, 159, 140]
97: [142, 141]
98: [144, 143]
99: [146, 145]
100: [148, 147]
101: [150, 149]
102: [152, 151]
103: [154, 153]
104: [156, 155]
105: [158, 157]
106: [160, 159]
107: [139, 140]
108: [160, 139, 142, 144, 146, 148, 150, 152, 154, 156, 158, 141, 143, 145, 147, 149, 151, 153, 155, 157, 159, 140]
109: [142, 141]
110: [144, 143]
111: [146, 145]
112: [148, 147]
113: [150, 149]
114: [152, 151]
115: [154, 153]
116: [156, 155]
117: [158, 157]
118: [160, 159]
119: [139, 140]
120: [160, 139, 142, 144, 146, 148, 150, 152, 154, 156, 158, 141, 143, 145, 147, 149, 151, 153, 155, 157, 159, 140]
121: [142, 141]
122: [144, 143]
123: [146, 145]
124: [148, 147]
125: [150, 149]
126: [152, 151]
127: [154, 153]
128: [156, 155]
129: [158, 157]
130: [160, 159]
131: [139, 140]
132: [160, 139, 142, 144, 146, 148, 150, 152, 154, 156, 158, 141, 143, 145, 147, 149, 151, 153, 155, 157, 159, 140]
133: [160, 139, 142, 144, 146, 148, 150, 152, 154, 156, 158, 141, 143, 145, 147, 149, 151, 153, 155, 157, 159, 140]
134: [160, 139, 144, 146, 148, 150, 152, 154, 156, 158, 143, 145, 147, 149, 151, 153, 155, 157, 159, 140]
135: [160, 139, 146, 148, 150, 152, 154, 156, 158, 145, 147, 149, 151, 153, 155, 157, 159, 140]
136: [160, 139, 148, 150, 152, 154, 156, 158, 147, 149, 151, 153, 155, 157, 159, 140]
137: [160, 139, 150, 152, 154, 156, 158, 149, 151, 153, 155, 157, 159, 140]
138: [160, 139, 152, 154, 156, 158, 151, 153, 155, 157, 159, 140]
139: [160, 139, 154, 156, 158, 153, 155, 157, 159, 140]
140: [160, 139, 156, 158, 155, 157, 159, 140]
141: [160, 139, 158, 157, 159, 140]
142: [160, 139, 159, 140]
143: [139, 140]
73
0: [142, 141]
1: [161, 142, 141, 162]
2: [161, 162]
3: [161, 162]
4: [161, 162]
5: [161, 162]
6: [161, 162]
7: [161, 162]
8: [161, 162]
9: [161, 162]
10: [161, 162]
11: [161, 162]
12: [142, 141]
13: [98, 100, 102, 104, 87, 122, 121, 97, 99, 101, 103, 88]
14: [98, 100, 102, 104, 87, 122, 121, 97, 99, 101, 103, 88]
15: [98, 100, 102, 104, 87, 97, 99, 101, 103, 88]
16: [98, 100, 102, 104, 87, 97, 99, 101, 103, 88]
17: [98, 100, 102, 104, 87, 97, 99, 101, 103, 88]
18: [98, 100, 102, 104, 87, 97, 99, 101, 103, 88]
19: [98, 100, 102, 104, 87, 97, 99, 101, 103, 88]
20: [98, 100, 102, 104, 87, 97, 99, 101, 103, 88]
21: [98, 100, 102, 104, 87, 97, 99, 101, 103, 88]
22: [97, 98, 100, 102, 104, 87, 99, 101, 103, 88]
23: [161, 162]
24: [142, 141]
25: [98, 100, 102, 104, 106, 87, 122, 121, 97, 99, 101, 105, 103, 88]
26: [106, 122, 121, 105]
27: [106, 105]
28: [106, 105]
29: [106, 105]
30: [106, 105]
31: [106, 105]
32: [106, 105]
33: [106, 105]
34: [97, 106, 98, 99, 100, 102, 104, 87, 101, 103, 88, 105]
35: [161, 162]
36: [142, 141]
37: [98, 100, 102, 104, 106, 108, 87, 122, 121, 97, 99, 107, 101, 105, 103, 88]
38: [108, 122, 121, 107]
39: [108, 107]
40: [108, 107]
41: [108, 107]
42: [108, 107]
43: [108, 107]
44: [108, 107]
45: [108, 107]
46: [97, 108, 106, 99, 98, 100, 101, 102, 104, 87, 103, 88, 105, 107]
47: [161, 162]
48: [142, 141]
49: [98, 100, 102, 104, 106, 108, 110, 87, 122, 121, 97, 99, 109, 107, 101, 105, 103, 88]
50: [110, 122, 121, 109]
51: [110, 109]
52: [110, 109]
53: [110, 109]
54: [110, 109]
55: [110, 109]
56: [110, 109]
57: [110, 109]
58: [97, 110, 99, 108, 106, 101, 98, 100, 102, 103, 104, 87, 88, 105, 107, 109]
59: [161, 162]
60: [191, 141, 142, 192]
61: [98, 100, 102, 104, 106, 108, 110, 112, 87, 122, 121, 97, 111, 99, 109, 107, 101, 105, 103, 88]
62: [112, 121, 122, 111]
63: [112, 111]
64: [112, 111]
65: [112, 111]
66: [112, 111]
67: [112, 111]
68: [112, 111]
69: [112, 111]
70: [112, 97, 99, 110, 108, 101, 106, 103, 98, 100, 102, 104, 105, 107, 109, 111, 87, 88]
71: [192, 191, 161, 162]
72: [194, 191, 141, 142, 192, 193]
73: []
74: [97, 114, 121, 122, 113, 98]
75: [97, 114, 113, 98]
76: [97, 114, 113, 98]
77: [97, 114, 113, 98]
78: [97, 114, 113, 98]
79: [97, 114, 113, 98]
80: [97, 114, 113, 98]
81: [97, 114, 113, 98]
82: [97, 114, 112, 99, 101, 110, 108, 103, 105, 106, 107, 109, 111, 113, 88, 98, 100, 102, 104, 87]
83: [192, 193, 194, 191, 162, 161]
84: [194, 141, 142, 193]
85: [99, 101, 103, 105, 107, 109, 111, 113, 88, 121, 122, 114, 112, 100, 110, 108, 102, 104, 106, 87]
86: [99, 121, 122, 100]
87: [99, 100]
88: [99, 100]
89: [99, 100]
90: [99, 100]
91: [99, 100]
92: [99, 100]
93: [99, 100]
94: [114, 99, 112, 101, 110, 103, 105, 107, 108, 109, 111, 113, 88, 106, 104, 100, 102, 87]
95: [193, 194, 162, 161]
96: [141, 142]
97: [101, 103, 105, 107, 109, 111, 113, 88, 121, 122, 114, 112, 110, 108, 102, 104, 106, 87]
98: [101, 121, 122, 102]
99: [101, 102]
100: [101, 102]
101: [101, 102]
102: [101, 102]
103: [101, 102]
104: [101, 102]
105: [101, 102]
106: [114, 101, 112, 103, 105, 107, 109, 110, 111, 113, 88, 108, 106, 104, 102, 87]
107: [162, 161]
108: [141, 142]
109: [103, 105, 107, 109, 111, 113, 88, 121, 122, 114, 112, 110, 108, 104, 106, 87]
110: [103, 121, 122, 104]
111: [103, 104]
112: [103, 104]
113: [103, 104]
114: [103, 104]
115: [103, 104]
116: [103, 104]
117: [103, 104]
118: [114, 103, 105, 107, 109, 111, 112, 113, 88, 110, 108, 106, 104, 87]
119: [162, 161]
120: [141, 142]
121: [105, 107, 109, 111, 113, 88, 121, 122, 114, 112, 110, 108, 106, 87]
122: [105, 107, 109, 111, 113, 88, 121, 122, 114, 112, 110, 108, 106, 87]
123: [105, 107, 109, 111, 113, 88, 114, 112, 110, 108, 106, 87]
124: [105, 107, 109, 111, 113, 88, 114, 112, 110, 108, 106, 87]
125: [105, 107, 109, 111, 113, 88, 114, 112, 110, 108, 106, 87]
126: [105, 107, 109, 111, 113, 88, 114, 112, 110, 108, 106, 87]
127: [105, 107, 109, 111, 113, 88, 114, 112, 110, 108, 106, 87]
128: [105, 107, 109, 111, 113, 88, 114, 112, 110, 108, 106, 87]
129: [105, 107, 109, 111, 113, 88, 114, 112, 110, 108, 106, 87]
130: [105, 107, 109, 111, 113, 114, 88, 112, 110, 108, 106, 87]
131: [162, 161]
132: [141, 142]
133: [162, 141, 142, 161]
134: [162, 161]
135: [162, 161]
136: [162, 161]
137: [162, 161]
138: [162, 161]
139: [162, 161]
140: [162, 161]
141: [162, 161]
142: [162, 161]
143: [162, 161]
74
0: [144, 143]
1: [144, 143]
2: [144, 163, 143, 164]
3: [163, 164]
4: [163, 164]
5: [163, 164]
6: [163, 164]
7: [163, 164]
8: [163, 164]
9: [163, 164]
10: [163, 164]
11: [163, 164]
12: [144, 143]
13: [121, 98, 122, 97]
14: [121, 124, 98, 122, 123, 97]
15: [124, 98, 123, 97]
16: [98, 97]
17: [98, 97]
18: [98, 97]
19: [98, 97]
20: [98, 97]
21: [97, 98]
22: [97, 98]
23: [163, 164]
24: [144, 143]
25: [98, 121, 122, 97]
26: [48, 49, 51, 53, 55, 57, 59, 50, 52, 54, 56, 58, 60, 47]
27: [48, 49, 51, 53, 55, 57, 59, 50, 52, 54, 56, 58, 60, 47]
28: [48, 51, 53, 55, 57, 59, 52, 54, 56, 58, 60, 47]
29: [48, 53, 55, 57, 59, 54, 56, 58, 60, 47]
30: [48, 57, 59, 55, 56, 58, 60, 47]
31: [48, 57, 59, 58, 60, 47]
32: [48, 59, 60, 47]
33: [48, 47]
34: [97, 98]
35: [163, 164]
36: [144, 143]
37: [98, 121, 122, 97]
38: [48, 49, 51, 53, 55, 57, 59, 50, 52, 54, 56, 58, 60, 47]
39: [49, 50]
40: [51, 52]
41: [53, 54]
42: [55, 56]
43: [57, 58]
44: [59, 60]
45: [48, 47]
46: [97, 98]
47: [163, 164]
48: [144, 143]
49: [98, 121, 122, 97]
50: [48, 49, 51, 53, 55, 57, 59, 50, 52, 54, 56, 58, 60, 47]
51: [49, 50]
52: [51, 52]
53: [53, 54]
54: [55, 56]
55: [57, 58]
56: [59, 60]
57: [48, 47]
58: [97, 98]
59: [163, 164]
60: [191, 144, 143, 192]
61: [98, 121, 122, 97]
62: [79, 48, 49, 51, 53, 55, 57, 59, 80, 50, 52, 54, 56, 58, 60, 47]
63: [79, 49, 50, 80]
64: [79, 51, 52, 80]
65: [79, 53, 54, 80]
66: [79, 56, 80, 55]
67: [79, 80, 57, 58]
68: [79, 80, 59, 60]
69: [80, 79, 48, 47]
70: [97, 98]
71: [192, 191, 163, 164]
72: [194, 191, 143, 144, 192, 193]
73: [113, 98, 122, 121, 114, 97]
74: []
75: [80, 81, 50, 49, 82, 79]
76: [80, 81, 52, 51, 82, 79]
77: [80, 81, 54, 53, 82, 79]
78: [80, 81, 56, 82, 79, 55]
79: [80, 81, 58, 82, 79, 57]
80: [80, 81, 82, 79, 60, 59]
81: [80, 81, 82, 79, 47, 48]
82: [97, 114, 113, 98]
83: [192, 193, 194, 191, 164, 163]
84: [194, 143, 144, 193]
85: [113, 122, 121, 114]
86: [47, 50, 82, 52, 54, 56, 58, 60, 81, 49, 51, 53, 55, 57, 59, 48]
87: [82, 50, 49, 81]
88: [82, 52, 51, 81]
89: [82, 54, 81, 53]
90: [82, 56, 81, 55]
91: [82, 81, 58, 57]
92: [82, 81, 60, 59]
93: [81, 82, 47, 48]
94: [114, 113]
95: [193, 194, 164, 163]
96: [143, 144]
97: [113, 122, 121, 114]
98: [47, 50, 52, 54, 56, 58, 60, 49, 51, 53, 55, 57, 59, 48]
99: [50, 49]
100: [52, 51]
101: [54, 53]
102: [56, 55]
103: [58, 57]
104: [60, 59]
105: [47, 48]
106: [114, 113]
107: [164, 163]
108: [143, 144]
109: [113, 122, 121, 114]
110: [47, 50, 52, 54, 56, 58, 60, 49, 51, 53, 55, 57, 59, 48]
111: [47, 50, 52, 54, 56, 58, 60, 49, 51, 53, 55, 57, 59, 48]
112: [47, 52, 54, 56, 58, 60, 51, 53, 55, 57, 59, 48]
113: [47, 54, 56, 58, 60, 53, 55, 57, 59, 48]
114: [56, 58, 60, 47, 55, 57, 59, 48]
115: [58, 60, 47, 57, 59, 48]
116: [60, 47, 59, 48]
117: [47, 48]
118: [114, 113]
119: [164, 163]
120: [143, 144]
121: [113, 122, 121, 114]
122: [122, 123, 113, 121, 124, 114]
123: [123, 113, 124, 114]
124: [113, 114]
125: [113, 114]
126: [113, 114]
127: [113, 114]
128: [113, 114]
129: [113, 114]
130: [114, 113]
131: [164, 163]
132: [143, 144]
133: [143, 144]
134: [164, 143, 144, 163]
135: [164, 163]
136: [164, 163]
137: [164, 163]
138: [164, 163]
139: [164, 163]
140: [164, 163]
141: [164, 163]
142: [164, 163]
143: [164, 163]
75
0: [146, 145]
1: [146, 145]
2: [146, 145]
3: [146, 165, 145, 166]
4: [165, 166]
5: [165, 166]
6: [165, 166]
7: [165, 166]
8: [165, 166]
9: [165, 166]
10: [165, 166]
11: [165, 166]
12: [146, 145]
13: [98, 97]
14: [123, 98, 124, 97]
15: [123, 126, 98, 124, 125, 97]
16: [126, 98, 125, 97]
17: [98, 97]
18: [98, 97]
19: [98, 97]
20: [97, 98]
21: [97, 98]
22: [97, 98]
23: [165, 166]
24: [146, 145]
25: [98, 97]
26: [50, 49]
27: [50, 61, 49, 62]
28: [61, 62]
29: [61, 62]
30: [61, 62]
31: [61, 62]
32: [61, 62]
33: [61, 62]
34: [97, 98]
35: [165, 166]
36: [146, 145]
37: [98, 97]
38: [50, 49]
39: [26, 19, 28, 38, 37, 25, 27, 20]
40: [26, 19, 28, 38, 37, 25, 27, 20]
41: [26, 19, 28, 25, 27, 20]
42: [26, 19, 28, 25, 27, 20]
43: [26, 19, 28, 25, 27, 20]
44: [25, 26, 19, 28, 27, 20]
45: [61, 62]
46: [97, 98]
47: [165, 166]
48: [146, 145]
49: [98, 97]
50: [50, 49]
51: [38, 19, 26, 28, 30, 37, 25, 27, 29, 20]
52: [30, 38, 37, 29]
53: [30, 29]
54: [30, 29]
55: [30, 29]
56: [25, 30, 27, 26, 19, 28, 20, 29]
57: [61, 62]
58: [97, 98]
59: [165, 166]
60: [191, 145, 146, 192]
61: [98, 97]
62: [79, 49, 50, 80]
63: [32, 38, 19, 26, 28, 30, 37, 25, 31, 27, 29, 20]
64: [32, 37, 38, 31]
65: [32, 31]
66: [32, 31]
67: [32, 31]
68: [32, 25, 27, 30, 19, 20, 26, 28, 29, 31]
69: [80, 79, 61, 62]
70: [97, 98]
71: [192, 191, 165, 166]
72: [194, 191, 145, 146, 192, 193]
73: [113, 98, 114, 97]
74: [82, 79, 49, 50, 80, 81]
75: []
76: [25, 34, 37, 38, 33, 26]
77: [25, 34, 33, 26]
78: [25, 34, 33, 26]
79: [25, 34, 33, 26]
80: [25, 34, 32, 27, 33, 20, 29, 30, 31, 26, 19, 28]
81: [80, 81, 82, 79, 62, 61]
82: [97, 114, 113, 98]
83: [192, 193, 194, 191, 166, 165]
84: [194, 145, 146, 193]
85: [113, 114]
86: [82, 49, 50, 81]
87: [33, 37, 20, 27, 29, 31, 38, 34, 32, 28, 30, 19]
88: [27, 37, 38, 28]
89: [27, 28]
90: [27, 28]
91: [27, 28]
92: [34, 27, 32, 33, 20, 29, 31, 30, 19, 28]
93: [81, 82, 62, 61]
94: [114, 113]
95: [193, 194, 166, 165]
96: [145, 146]
97: [113, 114]
98: [49, 50]
99: [33, 37, 20, 29, 31, 38, 34, 32, 30, 19]
100: [33, 37, 20, 29, 31, 38, 34, 32, 30, 19]
101: [33, 20, 29, 31, 34, 32, 30, 19]
102: [33, 20, 29, 31, 34, 32, 30, 19]
103: [33, 20, 29, 31, 34, 32, 30, 19]
104: [33, 34, 20, 29, 31, 32, 30, 19]
105: [62, 61]
106: [114, 113]
107: [166, 165]
108: [145, 146]
109: [113, 114]
110: [49, 50]
111: [49, 62, 50, 61]
112: [62, 61]
113: [62, 61]
114: [62, 61]
115: [62, 61]
116: [62, 61]
117: [62, 61]
118: [114, 113]
119: [166, 165]
120: [145, 146]
121: [113, 114]
122: [124, 113, 123, 114]
123: [124, 125, 113, 123, 126, 114]
124: [125, 113, 126, 114]
125: [113, 114]
126: [113, 114]
127: [113, 114]
128: [113, 114]
129: [114, 113]
130: [114, 113]
131: [166, 165]
132: [145, 146]
133: [145, 146]
134: [145, 146]
135: [145, 166, 146, 165]
136: [166, 165]
137: [166, 165]
138: [166, 165]
139: [166, 165]
140: [166, 165]
141: [166, 165]
142: [166, 165]
143: [166, 165]
76
0: [148, 147]
1: [148, 147]
2: [148, 147]
3: [148, 147]
4: [148, 167, 147, 168]
5: [167, 168]
6: [167, 168]
7: [167, 168]
8: [167, 168]
9: [167, 168]
10: [167, 168]
11: [167, 168]
12: [148, 147]
13: [98, 97]
14: [98, 97]
15: [125, 98, 126, 97]
16: [128, 125, 98, 126, 127, 97]
17: [128, 98, 127, 97]
18: [98, 97]
19: [97, 98]
20: [97, 98]
21: [97, 98]
22: [97, 98]
23: [167, 168]
24: [148, 147]
25: [98, 97]
26: [52, 51]
27: [52, 51]
28: [52, 63, 51, 64]
29: [63, 64]
30: [63, 64]
31: [63, 64]
32: [63, 64]
33: [63, 64]
34: [97, 98]
35: [167, 168]
36: [148, 147]
37: [98, 97]
38: [52, 51]
39: [26, 37, 38, 25]
40: [40, 37, 26, 38, 39, 25]
41: [40, 26, 39, 25]
42: [26, 25]
43: [25, 26]
44: [25, 26]
45: [63, 64]
46: [97, 98]
47: [167, 168]
48: [148, 147]
49: [98, 97]
50: [52, 51]
51: [26, 37, 38, 25]
52: [4, 5, 7, 6, 8, 3]
53: [4, 5, 7, 6, 8, 3]
54: [4, 7, 8, 3]
55: [4, 3]
56: [25, 26]
57: [63, 64]
58: [97, 98]
59: [167, 168]
60: [191, 147, 148, 192]
61: [98, 97]
62: [79, 51, 52, 80]
63: [26, 37, 38, 25]
64: [15, 4, 5, 7, 16, 6, 8, 3]
65: [15, 5, 6, 16]
66: [15, 8, 16, 7]
67: [16, 15, 3, 4]
68: [25, 26]
69: [80, 79, 64, 63]
70: [97, 98]
71: [192, 191, 168, 167]
72: [194, 191, 147, 148, 192, 193]
73: [113, 98, 114, 97]
74: [82, 79, 51, 52, 80, 81]
75: [33, 26, 38, 37, 34, 25]
76: []
77: [16, 17, 6, 5, 18, 15]
78: [16, 17, 8, 18, 15, 7]
79: [16, 17, 18, 3, 15, 4]
80: [25, 34, 33, 26]
81: [80, 81, 64, 82, 79, 63]
82: [97, 114, 113, 98]
83: [192, 193, 168, 194, 191, 167]
84: [194, 147, 148, 193]
85: [113, 114]
86: [82, 51, 52, 81]
87: [33, 38, 37, 34]
88: [8, 18, 3, 6, 17, 5, 7, 4]
89: [8, 18, 3, 6, 17, 5, 7, 4]
90: [8, 18, 3, 17, 7, 4]
91: [17, 18, 3, 4]
92: [34, 33]
93: [81, 64, 82, 63]
94: [114, 113]
95: [193, 168, 194, 167]
96: [147, 148]
97: [113, 114]
98: [51, 52]
99: [33, 38, 37, 34]
100: [38, 39, 33, 40, 34, 37]
101: [39, 33, 40, 34]
102: [33, 34]
103: [33, 34]
104: [34, 33]
105: [64, 63]
106: [114, 113]
107: [168, 167]
108: [147, 148]
109: [113, 114]
110: [51, 52]
111: [51, 52]
112: [64, 51, 52, 63]
113: [64, 63]
114: [64, 63]
115: [64, 63]
116: [64, 63]
117: [64, 63]
118: [114, 113]
119: [168, 167]
120: [147, 148]
121: [113, 114]
122: [113, 114]
123: [126, 113, 125, 114]
124: [126, 127, 113, 128, 114, 125]
125: [127, 113, 128, 114]
126: [113, 114]
127: [113, 114]
128: [114, 113]
129: [114, 113]
130: [114, 113]
131: [168, 167]
132: [147, 148]
133: [147, 148]
134: [147, 148]
135: [147, 148]
136: [168, 147, 148, 167]
137: [168, 167]
138: [168, 167]
139: [168, 167]
140: [168, 167]
141: [168, 167]
142: [168, 167]
143: [168, 167]
77
0: [150, 149]
1: [150, 149]
2: [150, 149]
3: [150, 149]
4: [150, 149]
5: [169, 150, 149, 170]
6: [169, 170]
7: [169, 170]
8: [169, 170]
9: [169, 170]
10: [169, 170]
11: [169, 170]
12: [150, 149]
13: [98, 97]
14: [98, 97]
15: [98, 97]
16: [127, 98, 128, 97]
17: [130, 127, 98, 128, 97, 129]
18: [130, 97, 98, 129]
19: [97, 98]
20: [97, 98]
21: [97, 98]
22: [97, 98]
23: [169, 170]
24: [150, 149]
25: [98, 97]
26: [54, 53]
27: [54, 53]
28: [54, 53]
29: [65, 54, 53, 66]
30: [65, 66]
31: [65, 66]
32: [65, 66]
33: [65, 66]
34: [97, 98]
35: [169, 170]
36: [150, 149]
37: [98, 97]
38: [54, 53]
39: [26, 25]
40: [39, 26, 40, 25]
41: [42, 39, 26, 40, 25, 41]
42: [42, 25, 26, 41]
43: [25, 26]
44: [25, 26]
45: [65, 66]
46: [97, 98]
47: [169, 170]
48: [150, 149]
49: [98, 97]
50: [54, 53]
51: [26, 25]
52: [6, 5]
53: [9, 6, 5, 10]
54: [9, 10]
55: [9, 10]
56: [25, 26]
57: [65, 66]
58: [97, 98]
59: [169, 170]
60: [191, 149, 150, 192]
61: [98, 97]
62: [79, 53, 54, 80]
63: [26, 25]
64: [15, 5, 6, 16]
65: [1, 2]
66: [1, 2]
67: [16, 9, 10, 15]
68: [25, 26]
69: [80, 65, 66, 79]
70: [97, 98]
71: [192, 169, 170, 191]
72: [194, 191, 149, 150, 192, 193]
73: [113, 98, 114, 97]
74: [82, 79, 53, 54, 80, 81]
75: [33, 26, 34, 25]
76: [18, 15, 5, 6, 16, 17]
77: []
78: [2, 1]
79: [16, 17, 10, 9, 18, 15]
80: [25, 34, 33, 26]
81: [80, 81, 66, 65, 82, 79]
82: [97, 114, 113, 98]
83: [192, 193, 170, 169, 194, 191]
84: [194, 149, 193, 150]
85: [113, 114]
86: [82, 53, 81, 54]
87: [33, 34]
88: [18, 5, 17, 6]
89: [10, 5, 18, 17, 6, 9]
90: [10, 17, 18, 9]
91: [17, 10, 18, 9]
92: [34, 33]
93: [81, 66, 82, 65]
94: [114, 113]
95: [193, 170, 194, 169]
96: [149, 150]
97: [113, 114]
98: [53, 54]
99: [33, 34]
100: [40, 33, 34, 39]
101: [40, 41, 33, 34, 42, 39]
102: [41, 33, 34, 42]
103: [34, 33]
104: [34, 33]
105: [66, 65]
106: [114, 113]
107: [170, 169]
108: [149, 150]
109: [113, 114]
110: [53, 54]
111: [53, 54]
112: [53, 54]
113: [66, 53, 54, 65]
114: [66, 65]
115: [66, 65]
116: [66, 65]
117: [66, 65]
118: [114, 113]
119: [170, 169]
120: [149, 150]
121: [113, 114]
122: [113, 114]
123: [113, 114]
124: [128, 113, 114, 127]
125: [128, 129, 113, 114, 130, 127]
126: [129, 113, 114, 130]
127: [114, 113]
128: [114, 113]
129: [114, 113]
130: [114, 113]
131: [170, 169]
132: [149, 150]
133: [149, 150]
134: [149, 150]
135: [149, 150]
136: [149, 150]
137: [170, 149, 150, 169]
138: [170, 169]
139: [170, 169]
140: [170, 169]
141: [170, 169]
142: [170, 169]
143: [170, 169]
78
0: [152, 151]
1: [152, 151]
2: [152, 151]
3: [152, 151]
4: [152, 151]
5: [152, 151]
6: [152, 171, 172, 151]
7: [171, 172]
8: [171, 172]
9: [171, 172]
10: [171, 172]
11: [171, 172]
12: [152, 151]
13: [98, 97]
14: [98, 97]
15: [98, 97]
16: [98, 97]
17: [129, 97, 98, 130]
18: [129, 132, 97, 98, 131, 130]
19: [132, 97, 131, 98]
20: [97, 98]
21: [97, 98]
22: [97, 98]
23: [171, 172]
24: [152, 151]
25: [98, 97]
26: [56, 55]
27: [56, 55]
28: [56, 55]
29: [56, 55]
30: [56, 67, 68, 55]
31: [67, 68]
32: [67, 68]
33: [67, 68]
34: [97, 98]
35: [171, 172]
36: [152, 151]
37: [98, 97]
38: [56, 55]
39: [26, 25]
40: [26, 25]
41: [41, 25, 26, 42]
42: [41, 44, 25, 26, 43, 42]
43: [44, 25, 43, 26]
44: [25, 26]
45: [67, 68]
46: [97, 98]
47: [171, 172]
48: [152, 151]
49: [98, 97]
50: [56, 55]
51: [26, 25]
52: [8, 7]
53: [8, 7]
54: [8, 11, 12, 7]
55: [11, 12]
56: [25, 26]
57: [67, 68]
58: [97, 98]
59: [171, 172]
60: [191, 152, 192, 151]
61: [98, 97]
62: [79, 56, 80, 55]
63: [26, 25]
64: [15, 8, 16, 7]
65: [1, 2]
66: [2, 1]
67: [16, 11, 12, 15]
68: [25, 26]
69: [80, 67, 68, 79]
70: [97, 98]
71: [192, 171, 172, 191]
72: [194, 191, 151, 152, 193, 192]
73: [113, 98, 114, 97]
74: [82, 79, 55, 56, 81, 80]
75: [33, 26, 34, 25]
76: [18, 15, 7, 8, 16, 17]
77: [1, 2]
78: []
79: [16, 17, 12, 11, 18, 15]
80: [25, 34, 33, 26]
81: [80, 81, 68, 67, 82, 79]
82: [97, 114, 113, 98]
83: [192, 193, 172, 171, 194, 191]
84: [194, 151, 193, 152]
85: [113, 114]
86: [82, 55, 81, 56]
87: [33, 34]
88: [18, 7, 17, 8]
89: [7, 17, 18, 8]
90: [12, 7, 17, 18, 11, 8]
91: [17, 12, 18, 11]
92: [34, 33]
93: [81, 68, 82, 67]
94: [114, 113]
95: [193, 172, 194, 171]
96: [151, 152]
97: [113, 114]
98: [55, 56]
99: [33, 34]
100: [33, 34]
101: [42, 33, 34, 41]
102: [42, 43, 34, 33, 41, 44]
103: [43, 34, 33, 44]
104: [34, 33]
105: [68, 67]
106: [114, 113]
107: [172, 171]
108: [151, 152]
109: [113, 114]
110: [55, 56]
111: [55, 56]
112: [55, 56]
113: [55, 56]
114: [68, 55, 67, 56]
115: [68, 67]
116: [68, 67]
117: [68, 67]
118: [114, 113]
119: [172, 171]
120: [151, 152]
121: [113, 114]
122: [113, 114]
123: [113, 114]
124: [113, 114]
125: [130, 113, 114, 129]
126: [130, 131, 114, 113, 129, 132]
127: [131, 114, 113, 132]
128: [114, 113]
129: [114, 113]
130: [114, 113]
131: [172, 171]
132: [151, 152]
133: [151, 152]
134: [151, 152]
135: [151, 152]
136: [151, 152]
137: [151, 152]
138: [172, 151, 171, 152]
139: [172, 171]
140: [172, 171]
141: [172, 171]
142: [172, 171]
143: [172, 171]
79
0: [154, 153]
1: [154, 153]
2: [154, 153]
3: [154, 153]
4: [154, 153]
5: [154, 153]
6: [154, 153]
7: [154, 173, 174, 153]
8: [173, 174]
9: [173, 174]
10: [173, 174]
11: [173, 174]
12: [154, 153]
13: [98, 97]
14: [98, 97]
15: [98, 97]
16: [97, 98]
17: [97, 98]
18: [131, 97, 132, 98]
19: [131, 134, 97, 132, 133, 98]
20: [134, 97, 133, 98]
21: [97, 98]
22: [97, 98]
23: [173, 174]
24: [154, 153]
25: [98, 97]
26: [58, 57]
27: [58, 57]
28: [58, 57]
29: [58, 57]
30: [58, 57]
31: [58, 69, 70, 57]
32: [69, 70]
33: [69, 70]
34: [97, 98]
35: [173, 174]
36: [154, 153]
37: [98, 97]
38: [58, 57]
39: [26, 25]
40: [25, 26]
41: [25, 26]
42: [43, 25, 44, 26]
43: [43, 46, 25, 44, 45, 26]
44: [25, 46, 45, 26]
45: [69, 70]
46: [97, 98]
47: [173, 174]
48: [154, 153]
49: [98, 97]
50: [58, 57]
51: [26, 25]
52: [3, 4]
53: [10, 3, 9, 4]
54: [10, 3, 12, 11, 9, 4]
55: [10, 3, 12, 11, 9, 4]
56: [25, 46, 45, 26]
57: [69, 70]
58: [97, 98]
59: [173, 174]
60: [191, 192, 153, 154]
61: [98, 97]
62: [79, 80, 57, 58]
63: [26, 25]
64: [16, 15, 3, 4]
65: [16, 9, 10, 15]
66: [16, 11, 12, 15]
67: [16, 10, 3, 12, 11, 15, 9, 4]
68: [25, 45, 46, 26]
69: [80, 69, 70, 79]
70: [97, 98]
71: [192, 173, 174, 191]
72: [194, 191, 192, 153, 193, 154]
73: [113, 98, 114, 97]
74: [82, 79, 80, 57, 81, 58]
75: [33, 26, 34, 25]
76: [18, 15, 16, 17, 4, 3]
77: [18, 15, 9, 16, 17, 10]
78: [18, 15, 11, 12, 16, 17]
79: []
80: [25, 34, 45, 46, 33, 26]
81: [80, 81, 70, 69, 82, 79]
82: [97, 114, 113, 98]
83: [192, 193, 174, 173, 194, 191]
84: [194, 153, 193, 154]
85: [113, 114]
86: [82, 81, 57, 58]
87: [33, 34]
88: [17, 18, 4, 3]
89: [9, 4, 17, 18, 10, 3]
90: [9, 11, 4, 17, 18, 12, 10, 3]
91: [9, 11, 4, 17, 18, 12, 10, 3]
92: [34, 45, 46, 33]
93: [81, 70, 69, 82]
94: [114, 113]
95: [193, 174, 173, 194]
96: [153, 154]
97: [113, 114]
98: [57, 58]
99: [33, 34]
100: [33, 34]
101: [34, 33]
102: [44, 34, 33, 43]
103: [44, 45, 34, 33, 43, 46]
104: [34, 45, 46, 33]
105: [70, 69]
106: [114, 113]
107: [174, 173]
108: [153, 154]
109: [113, 114]
110: [57, 58]
111: [57, 58]
112: [57, 58]
113: [57, 58]
114: [57, 58]
115: [57, 70, 69, 58]
116: [70, 69]
117: [70, 69]
118: [114, 113]
119: [174, 173]
120: [153, 154]
121: [113, 114]
122: [113, 114]
123: [113, 114]
124: [113, 114]
125: [114, 113]
126: [132, 114, 113, 131]
127: [132, 133, 114, 113, 131, 134]
128: [133, 114, 134, 113]
129: [114, 113]
130: [114, 113]
131: [174, 173]
132: [153, 154]
133: [153, 154]
134: [153, 154]
135: [153, 154]
136: [153, 154]
137: [153, 154]
138: [153, 154]
139: [153, 174, 173, 154]
140: [174, 173]
141: [174, 173]
142: [174, 173]
143: [174, 173]
80
0: [156, 155]
1: [156, 155]
2: [156, 155]
3: [156, 155]
4: [156, 155]
5: [156, 155]
6: [156, 155]
7: [156, 155]
8: [156, 175, 176, 155]
9: [175, 176]
10: [175, 176]
11: [175, 176]
12: [156, 155]
13: [98, 97]
14: [98, 97]
15: [97, 98]
16: [97, 98]
17: [97, 98]
18: [97, 98]
19: [133, 97, 134, 98]
20: [136, 133, 97, 134, 135, 98]
21: [136, 97, 135, 98]
22: [97, 98]
23: [175, 176]
24: [156, 155]
25: [98, 97]
26: [60, 59]
27: [60, 59]
28: [60, 59]
29: [60, 59]
30: [60, 59]
31: [60, 59]
32: [60, 71, 72, 59]
33: [71, 72]
34: [97, 98]
35: [175, 176]
36: [156, 155]
37: [98, 97]
38: [60, 59]
39: [25, 26, 27, 20, 28, 19]
40: [25, 27, 20, 26, 28, 19]
41: [25, 27, 20, 26, 28, 19]
42: [25, 27, 20, 26, 28, 19]
43: [25, 27, 20, 45, 46, 26, 28, 19]
44: [25, 27, 20, 45, 46, 26, 28, 19]
45: [71, 72]
46: [97, 98]
47: [175, 176]
48: [156, 155]
49: [98, 97]
50: [60, 59]
51: [26, 29, 25, 27, 20, 28, 19, 30]
52: [29, 30]
53: [29, 30]
54: [29, 30]
55: [29, 45, 46, 30]
56: [45, 20, 25, 27, 29, 46, 26, 28, 30, 19]
57: [71, 72]
58: [97, 98]
59: [175, 176]
60: [191, 192, 155, 156]
61: [98, 97]
62: [79, 80, 59, 60]
63: [26, 31, 28, 29, 32, 19, 20, 25, 27, 30]
64: [31, 32]
65: [31, 32]
66: [31, 32]
67: [31, 45, 46, 32]
68: [45, 20, 25, 27, 29, 31, 46, 32, 26, 28, 30, 19]
69: [80, 72, 71, 79]
70: [97, 98]
71: [192, 176, 175, 191]
72: [194, 191, 192, 193, 155, 156]
73: [113, 98, 114, 97]
74: [82, 79, 80, 81, 59, 60]
75: [33, 26, 28, 31, 32, 34, 19, 29, 30, 25, 27, 20]
76: [33, 26, 34, 25]
77: [33, 26, 34, 25]
78: [33, 26, 34, 25]
79: [33, 26, 46, 45, 34, 25]
80: []
81: [80, 81, 72, 71, 82, 79]
82: [97, 114, 113, 98]
83: [192, 193, 176, 175, 194, 191]
84: [194, 193, 155, 156]
85: [113, 114]
86: [82, 81, 59, 60]
87: [33, 28, 32, 34, 19, 30, 31, 29, 27, 20]
88: [28, 27]
89: [28, 27]
90: [28, 27]
91: [28, 46, 45, 27]
92: [32, 34, 46, 19, 28, 30, 45, 33, 31, 27, 29, 20]
93: [81, 72, 71, 82]
94: [114, 113]
95: [193, 176, 175, 194]
96: [155, 156]
97: [113, 114]
98: [59, 60]
99: [32, 33, 34, 19, 30, 31, 29, 20]
100: [32, 34, 19, 30, 33, 31, 29, 20]
101: [32, 34, 19, 30, 33, 31, 29, 20]
102: [32, 34, 19, 30, 33, 31, 29, 20]
103: [32, 34, 46, 19, 30, 45, 33, 31, 29, 20]
104: [32, 34, 46, 19, 30, 45, 33, 31, 29, 20]
105: [72, 71]
106: [114, 113]
107: [176, 175]
108: [155, 156]
109: [113, 114]
110: [59, 60]
111: [59, 60]
112: [59, 60]
113: [59, 60]
114: [59, 60]
115: [59, 60]
116: [72, 59, 71, 60]
117: [72, 71]
118: [114, 113]
119: [176, 175]
120: [155, 156]
121: [113, 114]
122: [113, 114]
123: [113, 114]
124: [114, 113]
125: [114, 113]
126: [114, 113]
127: [134, 114, 133, 113]
128: [134, 135, 114, 136, 133, 113]
129: [135, 114, 136, 113]
130: [114, 113]
131: [176, 175]
132: [155, 156]
133: [155, 156]
134: [155, 156]
135: [155, 156]
136: [155, 156]
137: [155, 156]
138: [155, 156]
139: [155, 156]
140: [176, 155, 175, 156]
141: [176, 175]
142: [176, 175]
143: [176, 175]
81
0: [158, 157]
1: [158, 157]
2: [158, 157]
3: [158, 157]
4: [158, 157]
5: [158, 157]
6: [158, 157]
7: [158, 157]
8: [158, 157]
9: [177, 158, 178, 157]
10: [177, 178]
11: [177, 178]
12: [158, 157]
13: [98, 97]
14: [97, 98]
15: [97, 98]
16: [97, 98]
17: [97, 98]
18: [97, 98]
19: [97, 98]
20: [135, 97, 136, 98]
21: [138, 135, 97, 136, 137, 98]
22: [97, 138, 137, 98]
23: [177, 178]
24: [158, 157]
25: [98, 97]
26: [47, 48]
27: [62, 47, 61, 48]
28: [64, 62, 47, 63, 61, 48]
29: [64, 66, 62, 47, 65, 63, 61, 48]
30: [64, 66, 68, 47, 62, 67, 65, 63, 61, 48]
31: [64, 66, 68, 70, 47, 62, 69, 67, 65, 63, 61, 48]
32: [64, 66, 68, 70, 72, 47, 62, 71, 69, 67, 65, 63, 61, 48]
33: [64, 66, 68, 70, 72, 47, 62, 71, 69, 67, 65, 63, 61, 48]
34: [97, 138, 137, 98]
35: [177, 178]
36: [158, 157]
37: [98, 97]
38: [47, 48]
39: [62, 61]
40: [64, 63]
41: [66, 65]
42: [68, 67]
43: [70, 69]
44: [72, 71]
45: [64, 66, 68, 70, 72, 47, 62, 71, 69, 67, 65, 63, 61, 48]
46: [97, 138, 137, 98]
47: [177, 178]
48: [158, 157]
49: [98, 97]
50: [47, 48]
51: [62, 61]
52: [64, 63]
53: [66, 65]
54: [68, 67]
55: [70, 69]
56: [72, 71]
57: [64, 66, 68, 70, 72, 47, 62, 71, 69, 67, 65, 63, 61, 48]
58: [97, 138, 137, 98]
59: [177, 178]
60: [191, 192, 157, 158]
61: [98, 97]
62: [80, 79, 48, 47]
63: [80, 79, 61, 62]
64: [80, 79, 64, 63]
65: [80, 65, 66, 79]
66: [80, 67, 68, 79]
67: [80, 69, 70, 79]
68: [80, 72, 71, 79]
69: [64, 66, 68, 70, 72, 47, 80, 62, 79, 71, 69, 67, 65, 63, 61, 48]
70: [97, 137, 138, 98]
71: [192, 177, 178, 191]
72: [194, 191, 192, 193, 157, 158]
73: [113, 98, 114, 97]
74: [82, 79, 80, 81, 48, 47]
75: [82, 79, 80, 81, 61, 62]
76: [82, 79, 80, 81, 63, 64]
77: [82, 79, 65, 80, 81, 66]
78: [82, 79, 67, 68, 80, 81]
79: [82, 79, 69, 70, 80, 81]
80: [82, 79, 71, 72, 80, 81]
81: []
82: [97, 114, 137, 138, 113, 98]
83: [192, 193, 178, 177, 194, 191]
84: [194, 193, 157, 158]
85: [113, 114]
86: [81, 82, 48, 47]
87: [81, 82, 61, 62]
88: [81, 82, 63, 64]
89: [81, 65, 82, 66]
90: [81, 67, 82, 68]
91: [81, 69, 70, 82]
92: [81, 71, 72, 82]
93: [65, 67, 69, 71, 48, 81, 61, 63, 72, 82, 70, 68, 66, 64, 62, 47]
94: [114, 137, 138, 113]
95: [193, 178, 177, 194]
96: [157, 158]
97: [113, 114]
98: [48, 47]
99: [61, 62]
100: [63, 64]
101: [65, 66]
102: [67, 68]
103: [69, 70]
104: [71, 72]
105: [65, 67, 69, 71, 48, 61, 63, 72, 70, 68, 66, 64, 62, 47]
106: [114, 137, 138, 113]
107: [178, 177]
108: [157, 158]
109: [113, 114]
110: [48, 47]
111: [48, 61, 62, 47]
112: [48, 61, 63, 64, 62, 47]
113: [48, 65, 61, 63, 66, 64, 62, 47]
114: [65, 67, 48, 61, 63, 68, 66, 64, 62, 47]
115: [65, 67, 69, 48, 61, 63, 70, 68, 66, 64, 62, 47]
116: [65, 67, 69, 71, 48, 61, 63, 72, 70, 68, 66, 64, 62, 47]
117: [65, 67, 69, 71, 48, 61, 63, 72, 70, 68, 66, 64, 62, 47]
118: [114, 137, 138, 113]
119: [178, 177]
120: [157, 158]
121: [113, 114]
122: [113, 114]
123: [114, 113]
124: [114, 113]
125: [114, 113]
126: [114, 113]
127: [114, 113]
128: [136, 114, 135, 113]
129: [136, 137, 114, 138, 135, 113]
130: [137, 114, 138, 113]
131: [178, 177]
132: [157, 158]
133: [157, 158]
134: [157, 158]
135: [157, 158]
136: [157, 158]
137: [157, 158]
138: [157, 158]
139: [157, 158]
140: [157, 158]
141: [178, 157, 177, 158]
142: [178, 177]
143: [178, 177]
82
0: [160, 159]
1: [160, 159]
2: [160, 159]
3: [160, 159]
4: [160, 159]
5: [160, 159]
6: [160, 159]
7: [160, 159]
8: [160, 159]
9: [160, 159]
10: [160, 179, 180, 159]
11: [179, 180]
12: [160, 159]
13: [97, 98, 99, 101, 103, 88, 100, 102, 104, 87]
14: [97, 99, 101, 103, 88, 98, 100, 102, 104, 87]
15: [97, 99, 101, 103, 88, 98, 100, 102, 104, 87]
16: [97, 99, 101, 103, 88, 98, 100, 102, 104, 87]
17: [97, 99, 101, 103, 88, 98, 100, 102, 104, 87]
18: [97, 99, 101, 103, 88, 98, 100, 102, 104, 87]
19: [97, 99, 101, 103, 88, 98, 100, 102, 104, 87]
20: [97, 99, 101, 103, 88, 98, 100, 102, 104, 87]
21: [97, 99, 101, 103, 137, 88, 138, 98, 100, 102, 104, 87]
22: [97, 99, 101, 103, 137, 88, 138, 98, 100, 102, 104, 87]
23: [179, 180]
24: [160, 159]
25: [105, 98, 97, 99, 100, 101, 103, 88, 102, 104, 106, 87]
26: [105, 106]
27: [105, 106]
28: [105, 106]
29: [105, 106]
30: [105, 106]
31: [105, 106]
32: [105, 106]
33: [105, 137, 138, 106]
34: [97, 99, 101, 103, 105, 137, 88, 138, 98, 100, 102, 104, 106, 87]
35: [179, 180]
36: [160, 159]
37: [98, 107, 105, 100, 97, 99, 101, 102, 103, 88, 104, 106, 108, 87]
38: [107, 108]
39: [107, 108]
40: [107, 108]
41: [107, 108]
42: [107, 108]
43: [107, 108]
44: [107, 108]
45: [107, 137, 138, 108]
46: [97, 99, 101, 103, 105, 137, 107, 88, 138, 98, 100, 108, 102, 104, 106, 87]
47: [179, 180]
48: [160, 159]
49: [98, 109, 107, 100, 105, 102, 97, 99, 101, 103, 104, 88, 106, 108, 110, 87]
50: [109, 110]
51: [109, 110]
52: [109, 110]
53: [109, 110]
54: [109, 110]
55: [109, 110]
56: [109, 110]
57: [109, 137, 138, 110]
58: [97, 99, 101, 103, 105, 137, 107, 109, 88, 138, 98, 100, 110, 108, 102, 104, 106, 87]
59: [179, 180]
60: [191, 192, 160, 159]
61: [98, 111, 100, 109, 107, 102, 104, 105, 97, 99, 101, 103, 106, 108, 110, 112, 87, 88]
62: [111, 112]
63: [111, 112]
64: [111, 112]
65: [111, 112]
66: [111, 112]
67: [111, 112]
68: [111, 112]
69: [111, 137, 138, 112]
70: [97, 99, 101, 103, 105, 137, 107, 109, 111, 88, 138, 112, 98, 100, 110, 108, 102, 104, 106, 87]
71: [192, 179, 180, 191]
72: [194, 191, 192, 193, 159, 160]
73: [113, 98, 100, 111, 109, 102, 104, 107, 105, 106, 108, 110, 112, 114, 87, 97, 99, 101, 103, 88]
74: [113, 98, 114, 97]
75: [113, 98, 114, 97]
76: [113, 98, 114, 97]
77: [113, 98, 114, 97]
78: [113, 98, 114, 97]
79: [113, 98, 114, 97]
80: [113, 98, 114, 97]
81: [113, 98, 138, 137, 114, 97]
82: []
83: [192, 193, 180, 179, 194, 191]
84: [194, 193, 159, 160]
85: [113, 100, 102, 111, 104, 109, 106, 107, 108, 110, 112, 114, 87, 105, 88, 99, 101, 103]
86: [100, 99]
87: [100, 99]
88: [100, 99]
89: [100, 99]
90: [100, 99]
91: [100, 99]
92: [100, 99]
93: [100, 138, 137, 99]
94: [100, 102, 104, 106, 138, 108, 110, 112, 114, 87, 137, 113, 111, 99, 109, 107, 101, 105, 103, 88]
95: [193, 180, 179, 194]
96: [159, 160]
97: [113, 102, 104, 111, 106, 108, 109, 110, 112, 114, 87, 107, 105, 88, 101, 103]
98: [102, 101]
99: [102, 101]
100: [102, 101]
101: [102, 101]
102: [102, 101]
103: [102, 101]
104: [102, 101]
105: [102, 138, 137, 101]
106: [102, 104, 106, 138, 108, 110, 112, 114, 87, 137, 113, 111, 109, 107, 101, 105, 103, 88]
107: [180, 179]
108: [159, 160]
109: [104, 113, 106, 108, 110, 111, 112, 114, 87, 109, 107, 105, 88, 103]
110: [104, 103]
111: [104, 103]
112: [104, 103]
113: [104, 103]
114: [104, 103]
115: [104, 103]
116: [104, 103]
117: [104, 138, 137, 103]
118: [104, 106, 138, 108, 110, 112, 114, 87, 137, 113, 111, 109, 107, 105, 103, 88]
119: [180, 179]
120: [159, 160]
121: [106, 108, 110, 112, 113, 114, 87, 111, 109, 107, 105, 88]
122: [106, 108, 110, 112, 114, 87, 113, 111, 109, 107, 105, 88]
123: [106, 108, 110, 112, 114, 87, 113, 111, 109, 107, 105, 88]
124: [106, 108, 110, 112, 114, 87, 113, 111, 109, 107, 105, 88]
125: [106, 108, 110, 112, 114, 87, 113, 111, 109, 107, 105, 88]
126: [106, 108, 110, 112, 114, 87, 113, 111, 109, 107, 105, 88]
127: [106, 108, 110, 112, 114, 87, 113, 111, 109, 107, 105, 88]
128: [106, 108, 110, 112, 114, 87, 113, 111, 109, 107, 105, 88]
129: [106, 138, 108, 110, 112, 114, 87, 137, 113, 111, 109, 107, 105, 88]
130: [106, 138, 108, 110, 112, 114, 87, 137, 113, 111, 109, 107, 105, 88]
131: [180, 179]
132: [159, 160]
133: [159, 160]
134: [159, 160]
135: [159, 160]
136: [159, 160]
137: [159, 160]
138: [159, 160]
139: [159, 160]
140: [159, 160]
141: [159, 160]
142: [180, 159, 179, 160]
143: [180, 179]
83
0: [139, 140]
1: [162, 139, 161, 140]
2: [162, 139, 164, 163, 161, 140]
3: [162, 139, 164, 166, 165, 163, 161, 140]
4: [162, 164, 166, 168, 139, 167, 165, 163, 161, 140]
5: [162, 164, 166, 168, 170, 139, 169, 167, 165, 163, 161, 140]
6: [162, 164, 166, 168, 170, 139, 172, 171, 169, 167, 165, 163, 161, 140]
7: [162, 164, 166, 168, 170, 139, 172, 174, 173, 171, 169, 167, 165, 163, 161, 140]
8: [162, 164, 166, 168, 170, 139, 172, 174, 176, 175, 173, 171, 169, 167, 165, 163, 161, 140]
9: [162, 164, 166, 168, 170, 139, 172, 174, 176, 178, 177, 175, 173, 171, 169, 167, 165, 163, 161, 140]
10: [162, 164, 166, 168, 170, 139, 172, 174, 176, 178, 180, 179, 177, 175, 173, 171, 169, 167, 165, 163, 161, 140]
11: [162, 164, 166, 168, 170, 139, 172, 174, 176, 178, 180, 179, 177, 175, 173, 171, 169, 167, 165, 163, 161, 140]
12: [139, 140]
13: [162, 161]
14: [164, 163]
15: [166, 165]
16: [168, 167]
17: [170, 169]
18: [172, 171]
19: [174, 173]
20: [176, 175]
21: [178, 177]
22: [180, 179]
23: [162, 164, 166, 168, 170, 139, 172, 174, 176, 178, 180, 179, 177, 175, 173, 171, 169, 167, 165, 163, 161, 140]
24: [139, 140]
25: [162, 161]
26: [164, 163]
27: [166, 165]
28: [168, 167]
29: [170, 169]
30: [172, 171]
31: [174, 173]
32: [176, 175]
33: [178, 177]
34: [180, 179]
35: [162, 164, 166, 168, 170, 139, 172, 174, 176, 178, 180, 179, 177, 175, 173, 171, 169, 167, 165, 163, 161, 140]
36: [139, 140]
37: [162, 161]
38: [164, 163]
39: [166, 165]
40: [168, 167]
41: [170, 169]
42: [172, 171]
43: [174, 173]
44: [176, 175]
45: [178, 177]
46: [180, 179]
47: [162, 164, 166, 168, 170, 139, 172, 174, 176, 178, 180, 179, 177, 175, 173, 171, 169, 167, 165, 163, 161, 140]
48: [139, 140]
49: [162, 161]
50: [164, 163]
51: [166, 165]
52: [168, 167]
53: [170, 169]
54: [172, 171]
55: [174, 173]
56: [176, 175]
57: [178, 177]
58: [180, 179]
59: [162, 164, 166, 168, 170, 139, 172, 174, 176, 178, 180, 179, 177, 175, 173, 171, 169, 167, 165, 163, 161, 140]
60: [192, 191, 139, 140]
61: [192, 191, 161, 162]
62: [192, 191, 163, 164]
63: [192, 191, 165, 166]
64: [192, 191, 168, 167]
65: [192, 169, 170, 191]
66: [192, 171, 172, 191]
67: [192, 173, 174, 191]
68: [192, 176, 175, 191]
69: [192, 177, 178, 191]
70: [192, 179, 180, 191]
71: [192, 162, 164, 166, 168, 170, 139, 172, 174, 176, 178, 180, 179, 191, 177, 175, 173, 171, 169, 167, 165, 163, 161, 140]
72: [194, 191, 192, 193, 140, 139]
73: [194, 191, 192, 193, 161, 162]
74: [194, 191, 192, 193, 163, 164]
75: [194, 191, 192, 193, 165, 166]
76: [194, 191, 192, 193, 167, 168]
77: [194, 191, 169, 192, 193, 170]
78: [194, 191, 171, 172, 192, 193]
79: [194, 191, 173, 174, 192, 193]
80: [194, 191, 175, 176, 192, 193]
81: [194, 191, 177, 178, 192, 193]
82: [194, 191, 179, 180, 192, 193]
83: []
84: [193, 194, 140, 139]
85: [193, 194, 161, 162]
86: [193, 194, 163, 164]
87: [193, 194, 165, 166]
88: [193, 194, 167, 168]
89: [193, 169, 194, 170]
90: [193, 171, 194, 172]
91: [193, 173, 174, 194]
92: [193, 175, 176, 194]
93: [193, 177, 178, 194]
94: [193, 179, 180, 194]
95: [161, 193, 163, 165, 167, 169, 171, 140, 173, 175, 177, 179, 194, 180, 178, 176, 174, 172, 170, 168, 166, 164, 162, 139]
96: [140, 139]
97: [161, 162]
98: [163, 164]
99: [165, 166]
100: [167, 168]
101: [169, 170]
102: [171, 172]
103: [173, 174]
104: [175, 176]
105: [177, 178]
106: [179, 180]
107: [161, 163, 165, 167, 169, 171, 140, 173, 175, 177, 179, 180, 178, 176, 174, 172, 170, 168, 166, 164, 162, 139]
108: [140, 139]
109: [161, 162]
110: [163, 164]
111: [165, 166]
112: [167, 168]
113: [169, 170]
114: [171, 172]
115: [173, 174]
116: [175, 176]
117: [177, 178]
118: [179, 180]
119: [161, 163, 165, 167, 169, 171, 140, 173, 175, 177, 179, 180, 178, 176, 174, 172, 170, 168, 166, 164, 162, 139]
120: [140, 139]
121: [161, 162]
122: [163, 164]
123: [165, 166]
124: [167, 168]
125: [169, 170]
126: [171, 172]
127: [173, 174]
128: [175, 176]
129: [177, 178]
130: [179, 180]
131: [161, 163, 165, 167, 169, 171, 140, 173, 175, 177, 179, 180, 178, 176, 174, 172, 170, 168, 166, 164, 162, 139]
132: [140, 139]
133: [161, 140, 162, 139]
134: [161, 163, 140, 164, 162, 139]
135: [161, 163, 140, 165, 166, 164, 162, 139]
136: [161, 163, 165, 167, 140, 168, 166, 164, 162, 139]
137: [161, 163, 165, 167, 169, 140, 170, 168, 166, 164, 162, 139]
138: [161, 163, 165, 167, 169, 171, 140, 172, 170, 168, 166, 164, 162, 139]
139: [161, 163, 165, 167, 169, 171, 140, 173, 174, 172, 170, 168, 166, 164, 162, 139]
140: [161, 163, 165, 167, 169, 171, 140, 173, 175, 176, 174, 172, 170, 168, 166, 164, 162, 139]
141: [161, 163, 165, 167, 169, 171, 140, 173, 175, 177, 178, 176, 174, 172, 170, 168, 166, 164, 162, 139]
142: [161, 163, 165, 167, 169, 171, 140, 173, 175, 177, 179, 180, 178, 176, 174, 172, 170, 168, 166, 164, 162, 139]
143: [161, 163, 165, 167, 169, 171, 140, 173, 175, 177, 179, 180, 178, 176, 174, 172, 170, 168, 166, 164, 162, 139]
84
0: [140, 141, 143, 145, 147, 149, 151, 153, 155, 157, 159, 142, 144, 146, 148, 150, 152, 154, 156, 158, 160, 139]
1: [140, 141, 143, 145, 147, 149, 151, 153, 155, 157, 159, 142, 144, 146, 148, 150, 152, 154, 156, 158, 160, 139]
2: [140, 143, 145, 147, 149, 151, 153, 155, 157, 159, 144, 146, 148, 150, 152, 154, 156, 158, 160, 139]
3: [140, 145, 147, 149, 151, 153, 155, 157, 159, 146, 148, 150, 152, 154, 156, 158, 160, 139]
4: [140, 147, 149, 151, 153, 155, 157, 159, 148, 150, 152, 154, 156, 158, 160, 139]
5: [140, 149, 151, 153, 155, 157, 159, 150, 152, 154, 156, 158, 160, 139]
6: [140, 151, 153, 155, 157, 159, 152, 154, 156, 158, 160, 139]
7: [140, 153, 155, 157, 159, 154, 156, 158, 160, 139]
8: [155, 140, 157, 159, 156, 158, 160, 139]
9: [140, 157, 159, 158, 160, 139]
10: [140, 159, 160, 139]
11: [140, 139]
12: [140, 141, 143, 145, 147, 149, 151, 153, 155, 157, 159, 142, 144, 146, 148, 150, 152, 154, 156, 158, 160, 139]
13: [141, 142]
14: [143, 144]
15: [145, 146]
16: [147, 148]
17: [149, 150]
18: [151, 152]
19: [153, 154]
20: [155, 156]
21: [157, 158]
22: [159, 160]
23: [140, 139]
24: [140, 141, 143, 145, 147, 149, 151, 153, 155, 157, 159, 142, 144, 146, 148, 150, 152, 154, 156, 158, 160, 139]
25: [141, 142]
26: [143, 144]
27: [145, 146]
28: [147, 148]
29: [149, 150]
30: [151, 152]
31: [153, 154]
32: [155, 156]
33: [157, 158]
34: [159, 160]
35: [140, 139]
36: [140, 141, 143, 145, 147, 149, 151, 153, 155, 157, 159, 142, 144, 146, 148, 150, 152, 154, 156, 158, 160, 139]
37: [141, 142]
38: [143, 144]
39: [145, 146]
40: [147, 148]
41: [149, 150]
42: [151, 152]
43: [153, 154]
44: [155, 156]
45: [157, 158]
46: [159, 160]
47: [140, 139]
48: [140, 141, 143, 145, 147, 149, 151, 153, 155, 157, 159, 142, 144, 146, 148, 150, 152, 154, 156, 158, 160, 139]
49: [141, 142]
50: [144, 143]
51: [145, 146]
52: [147, 148]
53: [149, 150]
54: [152, 151]
55: [153, 154]
56: [155, 156]
57: [157, 158]
58: [160, 159]
59: [139, 140]
60: [140, 141, 143, 145, 147, 149, 151, 153, 155, 157, 159, 142, 144, 146, 148, 150, 152, 154, 156, 158, 160, 139]
61: [142, 141]
62: [144, 143]
63: [146, 145]
64: [148, 147]
65: [150, 149]
66: [152, 151]
67: [154, 153]
68: [156, 155]
69: [158, 157]
70: [160, 159]
71: [139, 140]
72: [193, 140, 141, 143, 145, 147, 149, 151, 153, 155, 157, 159, 194, 142, 144, 146, 148, 150, 152, 154, 156, 158, 160, 139]
73: [193, 142, 141, 194]
74: [193, 144, 143, 194]
75: [193, 146, 145, 194]
76: [193, 148, 147, 194]
77: [193, 150, 194, 149]
78: [193, 152, 194, 151]
79: [193, 194, 154, 153]
80: [193, 194, 156, 155]
81: [193, 194, 158, 157]
82: [193, 194, 160, 159]
83: [193, 194, 139, 140]
84: []
85: [194, 195, 142, 141, 193, 196]
86: [194, 195, 144, 143, 193, 196]
87: [194, 195, 146, 145, 193, 196]
88: [194, 195, 148, 147, 193, 196]
89: [194, 195, 150, 193, 196, 149]
90: [194, 195, 152, 193, 196, 151]
91: [194, 195, 154, 193, 196, 153]
92: [194, 195, 193, 196, 156, 155]
93: [194, 195, 193, 196, 158, 157]
94: [194, 195, 193, 196, 160, 159]
95: [194, 195, 193, 196, 139, 140]
96: [160, 196, 139, 142, 144, 146, 148, 150, 152, 154, 156, 158, 195, 141, 143, 145, 147, 149, 151, 153, 155, 157, 159, 140]
97: [196, 142, 141, 195]
98: [196, 144, 143, 195]
99: [196, 146, 145, 195]
100: [196, 148, 147, 195]
101: [196, 150, 195, 149]
102: [196, 152, 195, 151]
103: [196, 154, 195, 153]
104: [196, 195, 156, 155]
105: [196, 195, 158, 157]
106: [196, 195, 160, 159]
107: [195, 196, 139, 140]
108: [160, 139, 142, 144, 146, 148, 150, 152, 154, 156, 158, 141, 143, 145, 147, 149, 151, 153, 155, 157, 159, 140]
109: [142, 141]
110: [144, 143]
111: [146, 145]
112: [148, 147]
113: [150, 149]
114: [152, 151]
115: [154, 153]
116: [156, 155]
117: [158, 157]
118: [160, 159]
119: [139, 140]
120: [160, 139, 142, 144, 146, 148, 150, 152, 154, 156, 158, 141, 143, 145, 147, 149, 151, 153, 155, 157, 159, 140]
121: [142, 141]
122: [144, 143]
123: [146, 145]
124: [148, 147]
125: [150, 149]
126: [152, 151]
127: [154, 153]
128: [156, 155]
129: [158, 157]
130: [160, 159]
131: [139, 140]
132: [160, 139, 142, 144, 146, 148, 150, 152, 154, 156, 158, 141, 143, 145, 147, 149, 151, 153, 155, 157, 159, 140]
133: [160, 139, 142, 144, 146, 148, 150, 152, 154, 156, 158, 141, 143, 145, 147, 149, 151, 153, 155, 157, 159, 140]
134: [160, 139, 144, 146, 148, 150, 152, 154, 156, 158, 143, 145, 147, 149, 151, 153, 155, 157, 159, 140]
135: [160, 139, 146, 148, 150, 152, 154, 156, 158, 145, 147, 149, 151, 153, 155, 157, 159, 140]
136: [160, 139, 148, 150, 152, 154, 156, 158, 147, 149, 151, 153, 155, 157, 159, 140]
137: [160, 139, 150, 152, 154, 156, 158, 149, 151, 153, 155, 157, 159, 140]
138: [160, 139, 152, 154, 156, 158, 151, 153, 155, 157, 159, 140]
139: [160, 139, 154, 156, 158, 153, 155, 157, 159, 140]
140: [160, 139, 156, 158, 155, 157, 159, 140]
141: [160, 139, 158, 157, 159, 140]
142: [160, 139, 159, 140]
143: [139, 140]
85
0: [142, 141]
1: [161, 142, 141, 162]
2: [161, 162]
3: [161, 162]
4: [161, 162]
5: [161, 162]
6: [161, 162]
7: [161, 162]
8: [161, 162]
9: [161, 162]
10: [161, 162]
11: [161, 162]
12: [142, 141]
13: [100, 102, 104, 87, 122, 121, 99, 101, 103, 88]
14: [100, 102, 104, 87, 122, 121, 99, 101, 103, 88]
15: [104, 100, 102, 87, 99, 101, 103, 88]
16: [104, 100, 102, 87, 99, 101, 103, 88]
17: [104, 100, 102, 87, 99, 101, 103, 88]
18: [104, 100, 102, 87, 99, 101, 103, 88]
19: [104, 100, 102, 87, 99, 101, 103, 88]
20: [104, 100, 102, 87, 99, 101, 103, 88]
21: [104, 100, 102, 87, 99, 101, 103, 88]
22: [99, 100, 102, 104, 87, 101, 103, 88]
23: [161, 162]
24: [142, 141]
25: [100, 102, 104, 106, 87, 122, 121, 99, 101, 105, 103, 88]
26: [106, 122, 121, 105]
27: [106, 105]
28: [106, 105]
29: [106, 105]
30: [106, 105]
31: [106, 105]
32: [106, 105]
33: [106, 105]
34: [106, 99, 100, 101, 102, 104, 87, 103, 88, 105]
35: [161, 162]
36: [142, 141]
37: [100, 102, 104, 106, 108, 87, 122, 121, 99, 107, 101, 105, 103, 88]
38: [108, 122, 121, 107]
39: [108, 107]
40: [108, 107]
41: [108, 107]
42: [108, 107]
43: [108, 107]
44: [108, 107]
45: [108, 107]
46: [99, 108, 106, 101, 100, 102, 103, 104, 87, 88, 105, 107]
47: [161, 162]
48: [141, 142]
49: [100, 102, 104, 106, 108, 110, 87, 122, 121, 99, 109, 107, 101, 105, 103, 88]
50: [110, 121, 122, 109]
51: [110, 109]
52: [110, 109]
53: [110, 109]
54: [110, 109]
55: [110, 109]
56: [110, 109]
57: [110, 109]
58: [99, 110, 108, 101, 106, 103, 100, 102, 104, 105, 107, 109, 87, 88]
59: [161, 162]
60: [141, 142]
61: [100, 102, 104, 106, 108, 110, 112, 87, 122, 121, 111, 99, 109, 107, 101, 105, 103, 88]
62: [112, 121, 122, 111]
63: [112, 111]
64: [112, 111]
65: [112, 111]
66: [112, 111]
67: [112, 111]
68: [112, 111]
69: [112, 111]
70: [112, 99, 101, 110, 108, 103, 105, 106, 107, 109, 111, 88, 104, 100, 102, 87]
71: [162, 161]
72: [193, 141, 142, 194]
73: [100, 102, 104, 106, 108, 110, 112, 114, 87, 122, 121, 113, 111, 99, 109, 107, 101, 105, 103, 88]
74: [114, 121, 122, 113]
75: [114, 113]
76: [114, 113]
77: [114, 113]
78: [114, 113]
79: [114, 113]
80: [114, 113]
81: [114, 113]
82: [114, 99, 112, 101, 110, 103, 105, 107, 108, 109, 111, 113, 88, 106, 104, 100, 102, 87]
83: [194, 193, 162, 161]
84: [193, 196, 141, 142, 194, 195]
85: []
86: [99, 116, 121, 122, 115, 100]
87: [99, 116, 115, 100]
88: [99, 116, 115, 100]
89: [99, 116, 115, 100]
90: [99, 116, 115, 100]
91: [99, 116, 115, 100]
92: [99, 116, 115, 100]
93: [99, 116, 115, 100]
94: [99, 116, 114, 101, 112, 103, 105, 107, 109, 110, 111, 113, 115, 88, 108, 106, 104, 100, 102, 87]
95: [194, 195, 193, 196, 162, 161]
96: [196, 141, 142, 195]
97: [101, 103, 105, 107, 109, 111, 113, 115, 88, 121, 122, 116, 114, 112, 110, 108, 102, 104, 106, 87]
98: [101, 121, 122, 102]
99: [101, 102]
100: [101, 102]
101: [101, 102]
102: [101, 102]
103: [101, 102]
104: [101, 102]
105: [101, 102]
106: [116, 101, 114, 103, 105, 107, 109, 111, 112, 113, 115, 88, 110, 108, 106, 104, 102, 87]
107: [195, 196, 162, 161]
108: [141, 142]
109: [103, 105, 107, 109, 111, 113, 115, 88, 121, 122, 116, 114, 112, 110, 108, 104, 106, 87]
110: [103, 121, 122, 104]
111: [103, 104]
112: [103, 104]
113: [103, 104]
114: [103, 104]
115: [103, 104]
116: [103, 104]
117: [103, 104]
118: [116, 103, 105, 107, 109, 111, 113, 114, 115, 88, 112, 110, 108, 106, 104, 87]
119: [162, 161]
120: [141, 142]
121: [105, 107, 109, 111, 113, 115, 88, 121, 122, 116, 114, 112, 110, 108, 106, 87]
122: [105, 107, 109, 111, 113, 115, 88, 121, 122, 116, 114, 112, 110, 108, 106, 87]
123: [105, 107, 109, 111, 113, 115, 88, 116, 114, 112, 110, 108, 106, 87]
124: [105, 107, 109, 111, 113, 115, 88, 116, 114, 112, 110, 108, 106, 87]
125: [105, 107, 109, 111, 113, 115, 88, 116, 114, 112, 110, 108, 106, 87]
126: [105, 107, 109, 111, 113, 115, 88, 116, 114, 112, 110, 108, 106, 87]
127: [105, 107, 109, 111, 113, 115, 88, 116, 114, 112, 110, 108, 106, 87]
128: [105, 107, 109, 111, 113, 115, 88, 116, 114, 112, 110, 108, 106, 87]
129: [105, 107, 109, 111, 113, 115, 88, 116, 114, 112, 110, 108, 106, 87]
130: [105, 107, 109, 111, 113, 115, 116, 88, 114, 112, 110, 108, 106, 87]
131: [162, 161]
132: [141, 142]
133: [162, 141, 142, 161]
134: [162, 161]
135: [162, 161]
136: [162, 161]
137: [162, 161]
138: [162, 161]
139: [162, 161]
140: [162, 161]
141: [162, 161]
142: [162, 161]
143: [162, 161]
86
0: [144, 143]
1: [144, 143]
2: [144, 163, 143, 164]
3: [163, 164]
4: [163, 164]
5: [163, 164]
6: [163, 164]
7: [163, 164]
8: [163, 164]
9: [163, 164]
10: [163, 164]
11: [163, 164]
12: [144, 143]
13: [121, 100, 122, 99]
14: [121, 124, 100, 122, 123, 99]
15: [124, 100, 123, 99]
16: [100, 99]
17: [100, 99]
18: [100, 99]
19: [100, 99]
20: [100, 99]
21: [99, 100]
22: [99, 100]
23: [163, 164]
24: [144, 143]
25: [100, 121, 122, 99]
26: [48, 49, 51, 53, 55, 57, 59, 50, 52, 54, 56, 58, 60, 47]
27: [48, 49, 51, 53, 55, 57, 59, 50, 52, 54, 56, 58, 60, 47]
28: [48, 51, 53, 55, 57, 59, 52, 54, 56, 58, 60, 47]
29: [48, 53, 55, 57, 59, 54, 56, 58, 60, 47]
30: [48, 57, 59, 55, 56, 58, 60, 47]
31: [48, 57, 59, 58, 60, 47]
32: [48, 59, 60, 47]
33: [48, 47]
34: [99, 100]
35: [163, 164]
36: [144, 143]
37: [100, 121, 122, 99]
38: [48, 49, 51, 53, 55, 57, 59, 50, 52, 54, 56, 58, 60, 47]
39: [49, 50]
40: [51, 52]
41: [53, 54]
42: [55, 56]
43: [57, 58]
44: [59, 60]
45: [48, 47]
46: [99, 100]
47: [163, 164]
48: [144, 143]
49: [100, 121, 122, 99]
50: [48, 49, 51, 53, 55, 57, 59, 50, 52, 54, 56, 58, 60, 47]
51: [49, 50]
52: [51, 52]
53: [53, 54]
54: [56, 55]
55: [57, 58]
56: [59, 60]
57: [48, 47]
58: [99, 100]
59: [163, 164]
60: [143, 144]
61: [100, 122, 121, 99]
62: [48, 49, 51, 53, 55, 57, 59, 50, 52, 54, 56, 58, 60, 47]
63: [50, 49]
64: [52, 51]
65: [54, 53]
66: [56, 55]
67: [58, 57]
68: [60, 59]
69: [47, 48]
70: [99, 100]
71: [164, 163]
72: [193, 143, 144, 194]
73: [100, 122, 121, 99]
74: [48, 49, 81, 51, 53, 55, 57, 59, 50, 82, 52, 54, 56, 58, 60, 47]
75: [81, 50, 49, 82]
76: [81, 52, 51, 82]
77: [81, 54, 82, 53]
78: [81, 56, 82, 55]
79: [81, 58, 82, 57]
80: [81, 82, 60, 59]
81: [81, 82, 47, 48]
82: [99, 100]
83: [194, 193, 164, 163]
84: [193, 196, 143, 144, 194, 195]
85: [115, 100, 122, 121, 116, 99]
86: []
87: [82, 83, 50, 49, 81, 84]
88: [82, 83, 52, 51, 81, 84]
89: [82, 83, 54, 81, 84, 53]
90: [82, 83, 56, 81, 84, 55]
91: [82, 83, 58, 81, 84, 57]
92: [82, 83, 81, 60, 84, 59]
93: [82, 83, 81, 84, 47, 48]
94: [99, 116, 115, 100]
95: [194, 195, 193, 196, 164, 163]
96: [196, 143, 144, 195]
97: [115, 122, 121, 116]
98: [47, 50, 52, 84, 54, 56, 58, 60, 49, 83, 51, 53, 55, 57, 59, 48]
99: [84, 50, 49, 83]
100: [84, 52, 83, 51]
101: [84, 54, 83, 53]
102: [84, 56, 83, 55]
103: [84, 58, 83, 57]
104: [84, 83, 60, 59]
105: [83, 84, 47, 48]
106: [116, 115]
107: [195, 196, 164, 163]
108: [143, 144]
109: [115, 122, 121, 116]
110: [47, 50, 52, 54, 56, 58, 60, 49, 51, 53, 55, 57, 59, 48]
111: [47, 50, 52, 54, 56, 58, 60, 49, 51, 53, 55, 57, 59, 48]
112: [47, 52, 54, 56, 58, 60, 51, 53, 55, 57, 59, 48]
113: [47, 54, 56, 58, 60, 53, 55, 57, 59, 48]
114: [56, 58, 60, 47, 55, 57, 59, 48]
115: [58, 60, 47, 57, 59, 48]
116: [60, 47, 59, 48]
117: [47, 48]
118: [116, 115]
119: [164, 163]
120: [143, 144]
121: [122, 115, 121, 116]
122: [122, 123, 115, 121, 124, 116]
123: [123, 115, 124, 116]
124: [115, 116]
125: [115, 116]
126: [115, 116]
127: [115, 116]
128: [115, 116]
129: [115, 116]
130: [116, 115]
131: [164, 163]
132: [143, 144]
133: [143, 144]
134: [164, 143, 144, 163]
135: [164, 163]
136: [164, 163]
137: [164, 163]
138: [164, 163]
139: [164, 163]
140: [164, 163]
141: [164, 163]
142: [164, 163]
143: [164, 163]
87
0: [146, 145]
1: [146, 145]
2: [146, 145]
3: [146, 165, 145, 166]
4: [165, 166]
5: [165, 166]
6: [165, 166]
7: [165, 166]
8: [165, 166]
9: [165, 166]
10: [165, 166]
11: [165, 166]
12: [146, 145]
13: [100, 99]
14: [123, 100, 124, 99]
15: [123, 126, 100, 124, 125, 99]
16: [126, 100, 125, 99]
17: [100, 99]
18: [100, 99]
19: [100, 99]
20: [99, 100]
21: [99, 100]
22: [99, 100]
23: [165, 166]
24: [146, 145]
25: [100, 99]
26: [50, 49]
27: [50, 61, 49, 62]
28: [61, 62]
29: [61, 62]
30: [61, 62]
31: [61, 62]
32: [61, 62]
33: [61, 62]
34: [99, 100]
35: [165, 166]
36: [146, 145]
37: [100, 99]
38: [50, 49]
39: [19, 28, 38, 37, 27, 20]
40: [19, 28, 38, 37, 27, 20]
41: [19, 28, 27, 20]
42: [19, 28, 27, 20]
43: [19, 28, 27, 20]
44: [27, 19, 28, 20]
45: [61, 62]
46: [99, 100]
47: [165, 166]
48: [145, 146]
49: [100, 99]
50: [49, 50]
51: [38, 19, 28, 30, 37, 27, 29, 20]
52: [30, 37, 38, 29]
53: [30, 29]
54: [30, 29]
55: [30, 29]
56: [27, 30, 29, 19, 20, 28]
57: [61, 62]
58: [99, 100]
59: [165, 166]
60: [145, 146]
61: [100, 99]
62: [49, 50]
63: [32, 38, 19, 28, 30, 37, 31, 27, 29, 20]
64: [32, 37, 38, 31]
65: [32, 31]
66: [32, 31]
67: [32, 31]
68: [32, 27, 20, 29, 30, 31, 19, 28]
69: [62, 61]
70: [99, 100]
71: [166, 165]
72: [193, 145, 146, 194]
73: [100, 99]
74: [81, 49, 50, 82]
75: [32, 34, 38, 19, 28, 30, 37, 33, 31, 27, 29, 20]
76: [34, 37, 38, 33]
77: [34, 33]
78: [34, 33]
79: [34, 33]
80: [34, 27, 32, 33, 20, 29, 31, 30, 19, 28]
81: [82, 81, 62, 61]
82: [99, 100]
83: [194, 193, 166, 165]
84: [193, 196, 145, 146, 194, 195]
85: [115, 100, 116, 99]
86: [81, 84, 49, 50, 82, 83]
87: []
88: [27, 36, 37, 38, 35, 28]
89: [27, 36, 35, 28]
90: [27, 36, 35, 28]
91: [27, 36, 35, 28]
92: [27, 36, 33, 34, 35, 20, 29, 31, 32, 30, 19, 28]
93: [82, 83, 81, 84, 62, 61]
94: [99, 116, 115, 100]
95: [194, 195, 193, 196, 166, 165]
96: [196, 145, 146, 195]
97: [115, 116]
98: [84, 49, 50, 83]
99: [33, 35, 37, 20, 29, 31, 36, 38, 34, 32, 30, 19]
100: [33, 35, 37, 20, 29, 31, 36, 38, 34, 32, 30, 19]
101: [33, 35, 20, 29, 31, 36, 34, 32, 30, 19]
102: [33, 35, 20, 29, 31, 36, 34, 32, 30, 19]
103: [33, 35, 20, 29, 31, 36, 34, 32, 30, 19]
104: [33, 35, 36, 20, 29, 31, 34, 32, 30, 19]
105: [83, 84, 62, 61]
106: [116, 115]
107: [195, 196, 166, 165]
108: [145, 146]
109: [115, 116]
110: [49, 50]
111: [49, 62, 50, 61]
112: [62, 61]
113: [62, 61]
114: [62, 61]
115: [62, 61]
116: [62, 61]
117: [62, 61]
118: [116, 115]
119: [166, 165]
120: [145, 146]
121: [115, 116]
122: [124, 115, 123, 116]
123: [124, 125, 115, 123, 116, 126]
124: [125, 115, 116, 126]
125: [115, 116]
126: [115, 116]
127: [115, 116]
128: [115, 116]
129: [116, 115]
130: [116, 115]
131: [166, 165]
132: [145, 146]
133: [145, 146]
134: [145, 146]
135: [145, 166, 146, 165]
136: [166, 165]
137: [166, 165]
138: [166, 165]
139: [166, 165]
140: [166, 165]
141: [166, 165]
142: [166, 165]
143: [166, 165]
88
0: [148, 147]
1: [148, 147]
2: [148, 147]
3: [148, 147]
4: [148, 167, 147, 168]
5: [167, 168]
6: [167, 168]
7: [167, 168]
8: [167, 168]
9: [167, 168]
10: [167, 168]
11: [167, 168]
12: [148, 147]
13: [100, 99]
14: [100, 99]
15: [125, 100, 126, 99]
16: [128, 125, 100, 126, 127, 99]
17: [128, 100, 127, 99]
18: [100, 99]
19: [99, 100]
20: [99, 100]
21: [99, 100]
22: [99, 100]
23: [167, 168]
24: [148, 147]
25: [100, 99]
26: [52, 51]
27: [52, 51]
28: [52, 63, 51, 64]
29: [63, 64]
30: [63, 64]
31: [63, 64]
32: [63, 64]
33: [63, 64]
34: [99, 100]
35: [167, 168]
36: [148, 147]
37: [100, 99]
38: [52, 51]
39: [28, 37, 38, 27]
40: [40, 37, 28, 38, 39, 27]
41: [40, 28, 39, 27]
42: [28, 27]
43: [27, 28]
44: [27, 28]
45: [63, 64]
46: [99, 100]
47: [167, 168]
48: [147, 148]
49: [100, 99]
50: [51, 52]
51: [28, 37, 38, 27]
52: [4, 5, 7, 6, 8, 3]
53: [4, 5, 6, 7, 8, 3]
54: [8, 4, 7, 3]
55: [3, 4]
56: [27, 28]
57: [64, 63]
58: [99, 100]
59: [168, 167]
60: [147, 148]
61: [100, 99]
62: [51, 52]
63: [28, 38, 37, 27]
64: [4, 5, 7, 6, 8, 3]
65: [6, 5]
66: [8, 7]
67: [3, 4]
68: [27, 28]
69: [64, 63]
70: [99, 100]
71: [168, 167]
72: [193, 147, 148, 194]
73: [100, 99]
74: [81, 51, 52, 82]
75: [28, 38, 37, 27]
76: [17, 4, 5, 7, 18, 6, 8, 3]
77: [17, 6, 18, 5]
78: [8, 17, 18, 7]
79: [17, 18, 3, 4]
80: [27, 28]
81: [82, 64, 81, 63]
82: [99, 100]
83: [194, 168, 193, 167]
84: [193, 196, 147, 148, 194, 195]
85: [115, 100, 116, 99]
86: [81, 84, 51, 52, 82, 83]
87: [35, 28, 38, 37, 36, 27]
88: []
89: [8, 18, 3, 6, 17, 5, 7, 4]
90: [8, 18, 3, 17, 7, 4]
91: [18, 3, 17, 4]
92: [27, 36, 35, 28]
93: [82, 83, 64, 81, 84, 63]
94: [99, 116, 115, 100]
95: [194, 195, 168, 193, 196, 167]
96: [196, 147, 195, 148]
97: [115, 116]
98: [84, 51, 83, 52]
99: [35, 38, 36, 37]
100: [38, 39, 35, 36, 40, 37]
101: [39, 35, 36, 40]
102: [35, 36]
103: [35, 36]
104: [36, 35]
105: [83, 64, 84, 63]
106: [116, 115]
107: [195, 168, 196, 167]
108: [147, 148]
109: [115, 116]
110: [51, 52]
111: [51, 52]
112: [64, 51, 52, 63]
113: [64, 63]
114: [64, 63]
115: [64, 63]
116: [64, 63]
117: [64, 63]
118: [116, 115]
119: [168, 167]
120: [147, 148]
121: [115, 116]
122: [115, 116]
123: [126, 115, 116, 125]
124: [126, 127, 115, 116, 128, 125]
125: [127, 115, 116, 128]
126: [115, 116]
127: [115, 116]
128: [116, 115]
129: [116, 115]
130: [116, 115]
131: [168, 167]
132: [147, 148]
133: [147, 148]
134: [147, 148]
135: [147, 148]
136: [168, 147, 148, 167]
137: [168, 167]
138: [168, 167]
139: [168, 167]
140: [168, 167]
141: [168, 167]
142: [168, 167]
143: [168, 167]
89
0: [150, 149]
1: [150, 149]
2: [150, 149]
3: [150, 149]
4: [150, 149]
5: [169, 150, 149, 170]
6: [169, 170]
7: [169, 170]
8: [169, 170]
9: [169, 170]
10: [169, 170]
11: [169, 170]
12: [150, 149]
13: [100, 99]
14: [100, 99]
15: [100, 99]
16: [127, 128, 100, 99]
17: [130, 127, 128, 129, 100, 99]
18: [130, 129, 99, 100]
19: [99, 100]
20: [99, 100]
21: [99, 100]
22: [99, 100]
23: [169, 170]
24: [150, 149]
25: [100, 99]
26: [54, 53]
27: [54, 53]
28: [54, 53]
29: [65, 54, 53, 66]
30: [65, 66]
31: [65, 66]
32: [65, 66]
33: [65, 66]
34: [99, 100]
35: [169, 170]
36: [150, 149]
37: [100, 99]
38: [54, 53]
39: [28, 27]
40: [39, 40, 28, 27]
41: [42, 39, 40, 41, 28, 27]
42: [42, 41, 27, 28]
43: [27, 28]
44: [27, 28]
45: [65, 66]
46: [99, 100]
47: [169, 170]
48: [149, 150]
49: [100, 99]
50: [53, 54]
51: [28, 27]
52: [4, 5, 6, 7, 8, 3]
53: [9, 6, 8, 4, 5, 7, 10, 3]
54: [8, 9, 10, 3, 4, 7]
55: [9, 10, 3, 4]
56: [27, 28]
57: [65, 66]
58: [99, 100]
59: [169, 170]
60: [149, 150]
61: [100, 99]
62: [53, 54]
63: [28, 27]
64: [4, 5, 7, 6, 8, 3]
65: [9, 6, 5, 10]
66: [8, 7]
67: [10, 3, 9, 4]
68: [27, 28]
69: [66, 65]
70: [99, 100]
71: [170, 169]
72: [193, 149, 194, 150]
73: [100, 99]
74: [81, 53, 82, 54]
75: [28, 27]
76: [17, 4, 5, 7, 18, 6, 8, 3]
77: [9, 6, 17, 18, 5, 10]
78: [8, 17, 18, 7]
79: [18, 10, 3, 17, 9, 4]
80: [27, 28]
81: [82, 66, 81, 65]
82: [99, 100]
83: [194, 170, 193, 169]
84: [193, 196, 149, 194, 195, 150]
85: [115, 100, 116, 99]
86: [81, 84, 53, 82, 83, 54]
87: [35, 28, 36, 27]
88: [17, 4, 5, 7, 18, 6, 8, 3]
89: []
90: [8, 18, 10, 3, 17, 9, 7, 4]
91: [18, 10, 3, 17, 9, 4]
92: [27, 36, 35, 28]
93: [82, 83, 66, 81, 84, 65]
94: [99, 116, 115, 100]
95: [194, 195, 170, 193, 196, 169]
96: [196, 149, 195, 150]
97: [115, 116]
98: [84, 53, 83, 54]
99: [35, 36]
100: [40, 35, 36, 39]
101: [40, 41, 35, 36, 42, 39]
102: [41, 35, 36, 42]
103: [36, 35]
104: [36, 35]
105: [83, 66, 84, 65]
106: [116, 115]
107: [195, 170, 196, 169]
108: [149, 150]
109: [115, 116]
110: [53, 54]
111: [53, 54]
112: [53, 54]
113: [66, 53, 54, 65]
114: [66, 65]
115: [66, 65]
116: [66, 65]
117: [66, 65]
118: [116, 115]
119: [170, 169]
120: [149, 150]
121: [115, 116]
122: [115, 116]
123: [115, 116]
124: [128, 115, 116, 127]
125: [128, 129, 115, 116, 130, 127]
126: [129, 115, 116, 130]
127: [116, 115]
128: [116, 115]
129: [116, 115]
130: [116, 115]
131: [170, 169]
132: [149, 150]
133: [149, 150]
134: [149, 150]
135: [149, 150]
136: [149, 150]
137: [170, 149, 150, 169]
138: [170, 169]
139: [170, 169]
140: [170, 169]
141: [170, 169]
142: [170, 169]
143: [170, 169]
90
0: [152, 151]
1: [152, 151]
2: [152, 151]
3: [152, 151]
4: [152, 151]
5: [152, 151]
6: [152, 171, 172, 151]
7: [171, 172]
8: [171, 172]
9: [171, 172]
10: [171, 172]
11: [171, 172]
12: [152, 151]
13: [100, 99]
14: [100, 99]
15: [100, 99]
16: [100, 99]
17: [129, 130, 99, 100]
18: [129, 132, 130, 99, 131, 100]
19: [132, 99, 131, 100]
20: [99, 100]
21: [99, 100]
22: [99, 100]
23: [171, 172]
24: [152, 151]
25: [100, 99]
26: [56, 55]
27: [56, 55]
28: [56, 55]
29: [56, 55]
30: [56, 67, 68, 55]
31: [67, 68]
32: [67, 68]
33: [67, 68]
34: [99, 100]
35: [171, 172]
36: [152, 151]
37: [100, 99]
38: [56, 55]
39: [28, 27]
40: [28, 27]
41: [41, 42, 27, 28]
42: [41, 44, 43, 42, 27, 28]
43: [44, 43, 27, 28]
44: [27, 28]
45: [67, 68]
46: [99, 100]
47: [171, 172]
48: [152, 151]
49: [100, 99]
50: [56, 55]
51: [28, 27]
52: [8, 4, 7, 3]
53: [8, 9, 10, 3, 4, 7]
54: [8, 11, 9, 10, 3, 12, 4, 7]
55: [11, 10, 3, 12, 9, 4]
56: [27, 28]
57: [67, 68]
58: [99, 100]
59: [171, 172]
60: [151, 152]
61: [100, 99]
62: [55, 56]
63: [28, 27]
64: [4, 7, 8, 3]
65: [9, 10]
66: [8, 11, 12, 7]
67: [10, 3, 12, 11, 9, 4]
68: [27, 28]
69: [68, 67]
70: [99, 100]
71: [172, 171]
72: [193, 151, 194, 152]
73: [100, 99]
74: [81, 55, 82, 56]
75: [28, 27]
76: [17, 4, 7, 18, 8, 3]
77: [9, 17, 18, 10]
78: [8, 11, 18, 17, 12, 7]
79: [18, 10, 3, 12, 17, 11, 9, 4]
80: [27, 28]
81: [82, 68, 81, 67]
82: [99, 100]
83: [194, 172, 193, 171]
84: [193, 196, 151, 194, 195, 152]
85: [115, 100, 116, 99]
86: [81, 84, 55, 82, 83, 56]
87: [35, 28, 36, 27]
88: [17, 4, 7, 18, 8, 3]
89: [9, 4, 17, 7, 18, 8, 10, 3]
90: []
91: [18, 10, 3, 12, 17, 11, 9, 4]
92: [27, 36, 35, 28]
93: [82, 83, 68, 81, 67, 84]
94: [99, 116, 115, 100]
95: [194, 195, 172, 193, 171, 196]
96: [196, 151, 195, 152]
97: [115, 116]
98: [84, 55, 83, 56]
99: [35, 36]
100: [35, 36]
101: [42, 35, 36, 41]
102: [42, 43, 36, 35, 41, 44]
103: [43, 36, 35, 44]
104: [36, 35]
105: [83, 68, 84, 67]
106: [116, 115]
107: [195, 172, 196, 171]
108: [151, 152]
109: [115, 116]
110: [55, 56]
111: [55, 56]
112: [55, 56]
113: [55, 56]
114: [68, 55, 67, 56]
115: [68, 67]
116: [68, 67]
117: [68, 67]
118: [116, 115]
119: [172, 171]
120: [151, 152]
121: [115, 116]
122: [115, 116]
123: [115, 116]
124: [115, 116]
125: [130, 115, 116, 129]
126: [130, 131, 116, 115, 129, 132]
127: [131, 116, 115, 132]
128: [116, 115]
129: [116, 115]
130: [116, 115]
131: [172, 171]
132: [151, 152]
133: [151, 152]
134: [151, 152]
135: [151, 152]
136: [151, 152]
137: [151, 152]
138: [172, 151, 171, 152]
139: [172, 171]
140: [172, 171]
141: [172, 171]
142: [172, 171]
143: [172, 171]
91
0: [154, 153]
1: [154, 153]
2: [154, 153]
3: [154, 153]
4: [154, 153]
5: [154, 153]
6: [154, 153]
7: [154, 173, 174, 153]
8: [173, 174]
9: [173, 174]
10: [173, 174]
11: [173, 174]
12: [154, 153]
13: [100, 99]
14: [100, 99]
15: [100, 99]
16: [99, 100]
17: [99, 100]
18: [131, 99, 132, 100]
19: [131, 134, 99, 132, 133, 100]
20: [134, 99, 133, 100]
21: [99, 100]
22: [99, 100]
23: [173, 174]
24: [154, 153]
25: [100, 99]
26: [58, 57]
27: [58, 57]
28: [58, 57]
29: [58, 57]
30: [58, 57]
31: [58, 69, 70, 57]
32: [69, 70]
33: [69, 70]
34: [99, 100]
35: [173, 174]
36: [154, 153]
37: [100, 99]
38: [58, 57]
39: [28, 27]
40: [27, 28]
41: [27, 28]
42: [43, 27, 44, 28]
43: [43, 46, 27, 44, 45, 28]
44: [27, 46, 45, 28]
45: [69, 70]
46: [99, 100]
47: [173, 174]
48: [153, 154]
49: [100, 99]
50: [57, 58]
51: [28, 27]
52: [3, 4]
53: [9, 10, 3, 4]
54: [11, 10, 3, 12, 9, 4]
55: [10, 3, 12, 11, 9, 4]
56: [27, 45, 46, 28]
57: [69, 70]
58: [99, 100]
59: [173, 174]
60: [153, 154]
61: [100, 99]
62: [57, 58]
63: [28, 27]
64: [4, 3]
65: [9, 10]
66: [11, 12]
67: [10, 3, 12, 11, 9, 4]
68: [27, 45, 46, 28]
69: [70, 69]
70: [99, 100]
71: [174, 173]
72: [193, 153, 194, 154]
73: [100, 99]
74: [81, 57, 82, 58]
75: [28, 27]
76: [17, 18, 4, 3]
77: [9, 18, 17, 10]
78: [18, 11, 17, 12]
79: [18, 10, 3, 12, 17, 11, 9, 4]
80: [27, 45, 46, 28]
81: [82, 70, 69, 81]
82: [99, 100]
83: [194, 174, 173, 193]
84: [193, 196, 153, 194, 195, 154]
85: [115, 100, 116, 99]
86: [81, 84, 57, 82, 83, 58]
87: [35, 28, 36, 27]
88: [17, 4, 18, 3]
89: [9, 4, 17, 18, 10, 3]
90: [9, 11, 4, 17, 18, 12, 10, 3]
91: []
92: [27, 36, 45, 46, 35, 28]
93: [82, 83, 70, 69, 81, 84]
94: [99, 116, 115, 100]
95: [194, 195, 174, 173, 193, 196]
96: [196, 153, 195, 154]
97: [115, 116]
98: [84, 57, 83, 58]
99: [35, 36]
100: [35, 36]
101: [36, 35]
102: [44, 36, 35, 43]
103: [44, 45, 36, 35, 43, 46]
104: [36, 45, 35, 46]
105: [83, 70, 84, 69]
106: [116, 115]
107: [195, 174, 196, 173]
108: [153, 154]
109: [115, 116]
110: [57, 58]
111: [57, 58]
112: [57, 58]
113: [57, 58]
114: [57, 58]
115: [57, 70, 69, 58]
116: [70, 69]
117: [70, 69]
118: [116, 115]
119: [174, 173]
120: [153, 154]
121: [115, 116]
122: [115, 116]
123: [115, 116]
124: [115, 116]
125: [116, 115]
126: [132, 116, 115, 131]
127: [132, 133, 116, 115, 131, 134]
128: [133, 116, 115, 134]
129: [116, 115]
130: [116, 115]
131: [174, 173]
132: [153, 154]
133: [153, 154]
134: [153, 154]
135: [153, 154]
136: [153, 154]
137: [153, 154]
138: [153, 154]
139: [153, 174, 173, 154]
140: [174, 173]
141: [174, 173]
142: [174, 173]
143: [174, 173]
92
0: [156, 155]
1: [156, 155]
2: [156, 155]
3: [156, 155]
4: [156, 155]
5: [156, 155]
6: [156, 155]
7: [156, 155]
8: [156, 175, 176, 155]
9: [175, 176]
10: [175, 176]
11: [175, 176]
12: [156, 155]
13: [100, 99]
14: [100, 99]
15: [99, 100]
16: [99, 100]
17: [99, 100]
18: [99, 100]
19: [133, 99, 134, 100]
20: [136, 133, 99, 134, 135, 100]
21: [136, 99, 135, 100]
22: [99, 100]
23: [175, 176]
24: [156, 155]
25: [100, 99]
26: [60, 59]
27: [60, 59]
28: [60, 59]
29: [60, 59]
30: [60, 59]
31: [60, 59]
32: [60, 71, 72, 59]
33: [71, 72]
34: [99, 100]
35: [175, 176]
36: [156, 155]
37: [100, 99]
38: [60, 59]
39: [27, 20, 28, 19]
40: [27, 20, 28, 19]
41: [27, 20, 28, 19]
42: [27, 20, 28, 19]
43: [27, 20, 45, 46, 28, 19]
44: [27, 20, 45, 46, 28, 19]
45: [71, 72]
46: [99, 100]
47: [175, 176]
48: [155, 156]
49: [100, 99]
50: [59, 60]
51: [28, 29, 27, 19, 20, 30]
52: [29, 30]
53: [29, 30]
54: [29, 30]
55: [29, 45, 46, 30]
56: [45, 27, 20, 29, 46, 28, 30, 19]
57: [72, 71]
58: [99, 100]
59: [176, 175]
60: [155, 156]
61: [100, 99]
62: [59, 60]
63: [28, 31, 32, 19, 29, 30, 27, 20]
64: [31, 32]
65: [31, 32]
66: [31, 32]
67: [31, 46, 45, 32]
68: [45, 20, 27, 29, 31, 46, 32, 28, 30, 19]
69: [72, 71]
70: [99, 100]
71: [176, 175]
72: [193, 194, 155, 156]
73: [100, 99]
74: [81, 82, 59, 60]
75: [33, 28, 32, 34, 19, 30, 31, 29, 27, 20]
76: [33, 34]
77: [33, 34]
78: [33, 34]
79: [33, 46, 45, 34]
80: [33, 45, 20, 27, 29, 31, 46, 34, 32, 28, 30, 19]
81: [82, 72, 71, 81]
82: [99, 100]
83: [194, 176, 175, 193]
84: [193, 196, 194, 155, 195, 156]
85: [115, 100, 116, 99]
86: [81, 84, 83, 82, 59, 60]
87: [35, 28, 32, 33, 34, 36, 19, 30, 31, 29, 27, 20]
88: [35, 28, 36, 27]
89: [35, 28, 36, 27]
90: [35, 28, 36, 27]
91: [35, 28, 46, 45, 36, 27]
92: []
93: [82, 83, 72, 71, 81, 84]
94: [99, 116, 115, 100]
95: [194, 195, 176, 175, 193, 196]
96: [196, 155, 195, 156]
97: [115, 116]
98: [84, 83, 59, 60]
99: [32, 34, 35, 36, 19, 30, 33, 31, 29, 20]
100: [32, 34, 36, 19, 30, 35, 33, 31, 29, 20]
101: [32, 34, 36, 19, 30, 35, 33, 31, 29, 20]
102: [32, 34, 36, 19, 30, 35, 33, 31, 29, 20]
103: [32, 34, 36, 46, 19, 30, 35, 45, 33, 31, 29, 20]
104: [32, 34, 36, 46, 19, 30, 35, 45, 33, 31, 29, 20]
105: [83, 72, 71, 84]
106: [116, 115]
107: [195, 176, 175, 196]
108: [155, 156]
109: [115, 116]
110: [59, 60]
111: [59, 60]
112: [59, 60]
113: [59, 60]
114: [59, 60]
115: [59, 60]
116: [72, 59, 71, 60]
117: [72, 71]
118: [116, 115]
119: [176, 175]
120: [155, 156]
121: [115, 116]
122: [115, 116]
123: [115, 116]
124: [116, 115]
125: [116, 115]
126: [116, 115]
127: [134, 116, 115, 133]
128: [134, 135, 116, 136, 115, 133]
129: [135, 116, 136, 115]
130: [116, 115]
131: [176, 175]
132: [155, 156]
133: [155, 156]
134: [155, 156]
135: [155, 156]
136: [155, 156]
137: [155, 156]
138: [155, 156]
139: [155, 156]
140: [176, 155, 175, 156]
141: [176, 175]
142: [176, 175]
143: [176, 175]
93
0: [158, 157]
1: [158, 157]
2: [158, 157]
3: [158, 157]
4: [158, 157]
5: [158, 157]
6: [158, 157]
7: [158, 157]
8: [158, 157]
9: [177, 158, 178, 157]
10: [177, 178]
11: [177, 178]
12: [158, 157]
13: [100, 99]
14: [99, 100]
15: [99, 100]
16: [99, 100]
17: [99, 100]
18: [99, 100]
19: [99, 100]
20: [135, 99, 136, 100]
21: [138, 135, 99, 136, 137, 100]
22: [138, 99, 137, 100]
23: [177, 178]
24: [158, 157]
25: [100, 99]
26: [47, 48]
27: [62, 47, 61, 48]
28: [64, 62, 47, 63, 61, 48]
29: [64, 66, 62, 47, 65, 63, 61, 48]
30: [64, 66, 68, 47, 62, 67, 65, 63, 61, 48]
31: [64, 66, 68, 70, 47, 62, 69, 67, 65, 63, 61, 48]
32: [64, 66, 68, 70, 72, 47, 62, 71, 69, 67, 65, 63, 61, 48]
33: [64, 66, 68, 70, 72, 47, 62, 71, 69, 67, 65, 63, 61, 48]
34: [99, 138, 137, 100]
35: [177, 178]
36: [158, 157]
37: [100, 99]
38: [47, 48]
39: [62, 61]
40: [64, 63]
41: [66, 65]
42: [68, 67]
43: [70, 69]
44: [72, 71]
45: [64, 66, 68, 70, 72, 47, 62, 71, 69, 67, 65, 63, 61, 48]
46: [99, 138, 137, 100]
47: [177, 178]
48: [157, 158]
49: [100, 99]
50: [48, 47]
51: [61, 62]
52: [64, 63]
53: [65, 66]
54: [67, 68]
55: [69, 70]
56: [72, 71]
57: [64, 66, 68, 70, 72, 47, 62, 71, 69, 67, 65, 63, 61, 48]
58: [99, 137, 138, 100]
59: [177, 178]
60: [157, 158]
61: [100, 99]
62: [48, 47]
63: [61, 62]
64: [63, 64]
65: [65, 66]
66: [67, 68]
67: [69, 70]
68: [71, 72]
69: [64, 66, 68, 70, 72, 47, 62, 71, 69, 67, 65, 63, 61, 48]
70: [99, 137, 138, 100]
71: [178, 177]
72: [193, 194, 157, 158]
73: [100, 99]
74: [81, 82, 48, 47]
75: [82, 81, 61, 62]
76: [82, 81, 63, 64]
77: [82, 65, 81, 66]
78: [82, 67, 81, 68]
79: [82, 69, 70, 81]
80: [82, 71, 72, 81]
81: [64, 66, 68, 70, 72, 47, 82, 62, 81, 71, 69, 67, 65, 63, 61, 48]
82: [99, 137, 138, 100]
83: [194, 178, 177, 193]
84: [193, 196, 194, 195, 157, 158]
85: [115, 100, 116, 99]
86: [81, 84, 82, 83, 48, 47]
87: [81, 84, 82, 83, 61, 62]
88: [81, 84, 63, 82, 83, 64]
89: [81, 84, 65, 82, 83, 66]
90: [81, 84, 67, 82, 83, 68]
91: [81, 84, 69, 70, 82, 83]
92: [81, 84, 71, 72, 82, 83]
93: []
94: [99, 116, 137, 138, 115, 100]
95: [194, 195, 178, 177, 193, 196]
96: [196, 195, 157, 158]
97: [115, 116]
98: [83, 84, 48, 47]
99: [83, 84, 61, 62]
100: [83, 63, 84, 64]
101: [83, 65, 84, 66]
102: [83, 67, 84, 68]
103: [83, 69, 84, 70]
104: [83, 71, 72, 84]
105: [65, 67, 69, 71, 48, 83, 61, 63, 72, 84, 70, 68, 66, 64, 62, 47]
106: [116, 137, 138, 115]
107: [195, 178, 177, 196]
108: [157, 158]
109: [115, 116]
110: [48, 47]
111: [48, 61, 62, 47]
112: [48, 61, 63, 64, 62, 47]
113: [48, 65, 61, 63, 66, 64, 62, 47]
114: [65, 67, 48, 61, 63, 68, 66, 64, 62, 47]
115: [65, 67, 69, 48, 61, 63, 70, 68, 66, 64, 62, 47]
116: [65, 67, 69, 71, 48, 61, 63, 72, 70, 68, 66, 64, 62, 47]
117: [65, 67, 69, 71, 48, 61, 63, 72, 70, 68, 66, 64, 62, 47]
118: [116, 137, 138, 115]
119: [178, 177]
120: [157, 158]
121: [115, 116]
122: [115, 116]
123: [116, 115]
124: [116, 115]
125: [116, 115]
126: [116, 115]
127: [116, 115]
128: [136, 116, 135, 115]
129: [136, 137, 116, 138, 135, 115]
130: [137, 116, 138, 115]
131: [178, 177]
132: [157, 158]
133: [157, 158]
134: [157, 158]
135: [157, 158]
136: [157, 158]
137: [157, 158]
138: [157, 158]
139: [157, 158]
140: [157, 158]
141: [178, 157, 177, 158]
142: [178, 177]
143: [178, 177]
94
0: [160, 159]
1: [160, 159]
2: [160, 159]
3: [160, 159]
4: [160, 159]
5: [160, 159]
6: [160, 159]
7: [160, 159]
8: [160, 159]
9: [160, 159]
10: [160, 179, 180, 159]
11: [179, 180]
12: [160, 159]
13: [99, 100, 101, 103, 88, 102, 104, 87]
14: [88, 99, 101, 103, 100, 102, 104, 87]
15: [88, 99, 101, 103, 100, 102, 104, 87]
16: [88, 99, 101, 103, 100, 102, 104, 87]
17: [88, 99, 101, 103, 100, 102, 104, 87]
18: [88, 99, 101, 103, 100, 102, 104, 87]
19: [88, 99, 101, 103, 100, 102, 104, 87]
20: [88, 99, 101, 103, 100, 102, 104, 87]
21: [99, 101, 103, 137, 88, 138, 100, 102, 104, 87]
22: [99, 101, 103, 137, 88, 138, 100, 102, 104, 87]
23: [179, 180]
24: [160, 159]
25: [105, 100, 99, 101, 102, 103, 88, 104, 106, 87]
26: [105, 106]
27: [105, 106]
28: [105, 106]
29: [105, 106]
30: [105, 106]
31: [105, 106]
32: [105, 106]
33: [105, 137, 138, 106]
34: [99, 101, 103, 105, 137, 88, 138, 100, 102, 104, 106, 87]
35: [179, 180]
36: [160, 159]
37: [107, 100, 105, 102, 99, 101, 103, 104, 88, 106, 108, 87]
38: [107, 108]
39: [107, 108]
40: [107, 108]
41: [107, 108]
42: [107, 108]
43: [107, 108]
44: [107, 108]
45: [107, 137, 138, 108]
46: [99, 101, 103, 105, 137, 107, 88, 138, 100, 108, 102, 104, 106, 87]
47: [179, 180]
48: [160, 159]
49: [100, 109, 107, 102, 104, 105, 99, 101, 103, 106, 108, 110, 87, 88]
50: [109, 110]
51: [109, 110]
52: [109, 110]
53: [109, 110]
54: [109, 110]
55: [109, 110]
56: [109, 110]
57: [109, 137, 138, 110]
58: [99, 101, 103, 105, 137, 107, 109, 88, 138, 100, 110, 108, 102, 104, 106, 87]
59: [179, 180]
60: [159, 160]
61: [100, 111, 109, 102, 104, 107, 105, 106, 108, 110, 112, 87, 88, 99, 101, 103]
62: [111, 112]
63: [111, 112]
64: [111, 112]
65: [111, 112]
66: [111, 112]
67: [111, 112]
68: [111, 112]
69: [111, 138, 137, 112]
70: [99, 101, 103, 105, 137, 107, 109, 111, 88, 138, 112, 100, 110, 108, 102, 104, 106, 87]
71: [180, 179]
72: [193, 194, 159, 160]
73: [113, 100, 102, 111, 104, 109, 106, 107, 108, 110, 112, 114, 87, 105, 88, 99, 101, 103]
74: [113, 114]
75: [113, 114]
76: [113, 114]
77: [113, 114]
78: [113, 114]
79: [113, 114]
80: [113, 114]
81: [113, 138, 137, 114]
82: [99, 101, 103, 105, 137, 107, 109, 111, 113, 88, 138, 114, 112, 100, 110, 108, 102, 104, 106, 87]
83: [194, 180, 179, 193]
84: [193, 196, 194, 195, 159, 160]
85: [115, 100, 113, 102, 104, 111, 106, 108, 109, 110, 112, 114, 116, 87, 107, 105, 88, 99, 101, 103]
86: [115, 100, 116, 99]
87: [115, 100, 116, 99]
88: [115, 100, 116, 99]
89: [115, 100, 116, 99]
90: [115, 100, 116, 99]
91: [115, 100, 116, 99]
92: [115, 100, 116, 99]
93: [115, 100, 138, 137, 116, 99]
94: []
95: [194, 195, 180, 179, 193, 196]
96: [196, 195, 159, 160]
97: [115, 102, 104, 113, 106, 108, 110, 111, 112, 114, 116, 87, 109, 107, 105, 88, 101, 103]
98: [102, 101]
99: [102, 101]
100: [102, 101]
101: [102, 101]
102: [102, 101]
103: [102, 101]
104: [102, 101]
105: [102, 138, 137, 101]
106: [102, 104, 106, 138, 108, 110, 112, 114, 116, 87, 137, 115, 113, 111, 109, 107, 101, 105, 103, 88]
107: [195, 180, 179, 196]
108: [159, 160]
109: [104, 115, 106, 108, 110, 112, 113, 114, 116, 87, 111, 109, 107, 105, 88, 103]
110: [104, 103]
111: [104, 103]
112: [104, 103]
113: [104, 103]
114: [104, 103]
115: [104, 103]
116: [104, 103]
117: [104, 138, 137, 103]
118: [104, 106, 138, 108, 110, 112, 114, 116, 87, 137, 115, 113, 111, 109, 107, 105, 103, 88]
119: [180, 179]
120: [159, 160]
121: [106, 108, 110, 112, 114, 115, 116, 87, 113, 111, 109, 107, 105, 88]
122: [106, 108, 110, 112, 114, 116, 87, 115, 113, 111, 109, 107, 105, 88]
123: [106, 108, 110, 112, 114, 116, 87, 115, 113, 111, 109, 107, 105, 88]
124: [106, 108, 110, 112, 114, 116, 87, 115, 113, 111, 109, 107, 105, 88]
125: [106, 108, 110, 112, 114, 116, 87, 115, 113, 111, 109, 107, 105, 88]
126: [106, 108, 110, 112, 114, 116, 87, 115, 113, 111, 109, 107, 105, 88]
127: [106, 108, 110, 112, 114, 116, 87, 115, 113, 111, 109, 107, 105, 88]
128: [106, 108, 110, 112, 114, 116, 87, 115, 113, 111, 109, 107, 105, 88]
129: [106, 138, 108, 110, 112, 114, 116, 87, 137, 115, 113, 111, 109, 107, 105, 88]
130: [106, 138, 108, 110, 112, 114, 116, 87, 137, 115, 113, 111, 109, 107, 105, 88]
131: [180, 179]
132: [159, 160]
133: [159, 160]
134: [159, 160]
135: [159, 160]
136: [159, 160]
137: [159, 160]
138: [159, 160]
139: [159, 160]
140: [159, 160]
141: [159, 160]
142: [180, 159, 179, 160]
143: [180, 179]
95
0: [139, 140]
1: [162, 139, 161, 140]
2: [162, 139, 164, 163, 161, 140]
3: [162, 139, 164, 166, 165, 163, 161, 140]
4: [162, 164, 166, 168, 139, 167, 165, 163, 161, 140]
5: [162, 164, 166, 168, 170, 139, 169, 167, 165, 163, 161, 140]
6: [162, 164, 166, 168, 170, 139, 172, 171, 169, 167, 165, 163, 161, 140]
7: [162, 164, 166, 168, 170, 139, 172, 174, 173, 171, 169, 167, 165, 163, 161, 140]
8: [162, 164, 166, 168, 170, 139, 172, 174, 176, 175, 173, 171, 169, 167, 165, 163, 161, 140]
9: [162, 164, 166, 168, 170, 139, 172, 174, 176, 178, 177, 175, 173, 171, 169, 167, 165, 163, 161, 140]
10: [162, 164, 166, 168, 170, 139, 172, 174, 176, 178, 180, 179, 177, 175, 173, 171, 169, 167, 165, 163, 161, 140]
11: [162, 164, 166, 168, 170, 139, 172, 174, 176, 178, 180, 179, 177, 175, 173, 171, 169, 167, 165, 163, 161, 140]
12: [139, 140]
13: [162, 161]
14: [164, 163]
15: [166, 165]
16: [168, 167]
17: [170, 169]
18: [172, 171]
19: [174, 173]
20: [176, 175]
21: [178, 177]
22: [180, 179]
23: [162, 164, 166, 168, 170, 139, 172, 174, 176, 178, 180, 179, 177, 175, 173, 171, 169, 167, 165, 163, 161, 140]
24: [139, 140]
25: [162, 161]
26: [164, 163]
27: [166, 165]
28: [168, 167]
29: [170, 169]
30: [172, 171]
31: [174, 173]
32: [176, 175]
33: [178, 177]
34: [180, 179]
35: [162, 164, 166, 168, 170, 139, 172, 174, 176, 178, 180, 179, 177, 175, 173, 171, 169, 167, 165, 163, 161, 140]
36: [139, 140]
37: [162, 161]
38: [164, 163]
39: [166, 165]
40: [168, 167]
41: [170, 169]
42: [172, 171]
43: [174, 173]
44: [176, 175]
45: [178, 177]
46: [180, 179]
47: [162, 164, 166, 168, 170, 139, 172, 174, 176, 178, 180, 179, 177, 175, 173, 171, 169, 167, 165, 163, 161, 140]
48: [139, 140]
49: [161, 162]
50: [163, 164]
51: [165, 166]
52: [168, 167]
53: [169, 170]
54: [171, 172]
55: [173, 174]
56: [176, 175]
57: [177, 178]
58: [179, 180]
59: [162, 164, 166, 168, 170, 139, 172, 174, 176, 178, 180, 179, 177, 175, 173, 171, 169, 167, 165, 163, 161, 140]
60: [140, 139]
61: [161, 162]
62: [163, 164]
63: [165, 166]
64: [167, 168]
65: [169, 170]
66: [171, 172]
67: [173, 174]
68: [175, 176]
69: [177, 178]
70: [179, 180]
71: [162, 164, 166, 168, 170, 139, 172, 174, 176, 178, 180, 179, 177, 175, 173, 171, 169, 167, 165, 163, 161, 140]
72: [193, 194, 140, 139]
73: [194, 193, 161, 162]
74: [194, 193, 163, 164]
75: [194, 193, 165, 166]
76: [194, 193, 167, 168]
77: [194, 169, 193, 170]
78: [194, 171, 193, 172]
79: [194, 173, 174, 193]
80: [194, 175, 176, 193]
81: [194, 177, 178, 193]
82: [194, 179, 180, 193]
83: [162, 194, 164, 166, 168, 170, 139, 172, 174, 176, 178, 180, 193, 179, 177, 175, 173, 171, 169, 167, 165, 163, 161, 140]
84: [193, 196, 194, 195, 140, 139]
85: [193, 196, 194, 195, 161, 162]
86: [193, 196, 194, 195, 163, 164]
87: [193, 196, 194, 195, 165, 166]
88: [193, 196, 167, 194, 195, 168]
89: [193, 196, 169, 194, 195, 170]
90: [193, 196, 171, 194, 195, 172]
91: [193, 196, 173, 174, 194, 195]
92: [193, 196, 175, 176, 194, 195]
93: [193, 196, 177, 178, 194, 195]
94: [193, 196, 179, 180, 194, 195]
95: []
96: [195, 196, 140, 139]
97: [195, 196, 161, 162]
98: [195, 196, 163, 164]
99: [195, 196, 165, 166]
100: [195, 167, 196, 168]
101: [195, 169, 196, 170]
102: [195, 171, 196, 172]
103: [195, 173, 196, 174]
104: [195, 175, 176, 196]
105: [195, 177, 178, 196]
106: [195, 179, 180, 196]
107: [161, 163, 195, 165, 167, 169, 171, 140, 173, 175, 177, 179, 196, 180, 178, 176, 174, 172, 170, 168, 166, 164, 162, 139]
108: [140, 139]
109: [161, 162]
110: [163, 164]
111: [165, 166]
112: [167, 168]
113: [169, 170]
114: [171, 172]
115: [173, 174]
116: [175, 176]
117: [177, 178]
118: [179, 180]
119: [161, 163, 165, 167, 169, 171, 140, 173, 175, 177, 179, 180, 178, 176, 174, 172, 170, 168, 166, 164, 162, 139]
120: [140, 139]
121: [161, 162]
122: [163, 164]
123: [165, 166]
124: [167, 168]
125: [169, 170]
126: [171, 172]
127: [173, 174]
128: [175, 176]
129: [177, 178]
130: [179, 180]
131: [161, 163, 165, 167, 169, 171, 140, 173, 175, 177, 179, 180, 178, 176, 174, 172, 170, 168, 166, 164, 162, 139]
132: [140, 139]
133: [161, 140, 162, 139]
134: [161, 163, 140, 164, 162, 139]
135: [161, 163, 140, 165, 166, 164, 162, 139]
136: [161, 163, 165, 167, 140, 168, 166, 164, 162, 139]
137: [161, 163, 165, 167, 169, 140, 170, 168, 166, 164, 162, 139]
138: [161, 163, 165, 167, 169, 171, 140, 172, 170, 168, 166, 164, 162, 139]
139: [161, 163, 165, 167, 169, 171, 140, 173, 174, 172, 170, 168, 166, 164, 162, 139]
140: [161, 163, 165, 167, 169, 171, 140, 173, 175, 176, 174, 172, 170, 168, 166, 164, 162, 139]
141: [161, 163, 165, 167, 169, 171, 140, 173, 175, 177, 178, 176, 174, 172, 170, 168, 166, 164, 162, 139]
142: [161, 163, 165, 167, 169, 171, 140, 173, 175, 177, 179, 180, 178, 176, 174, 172, 170, 168, 166, 164, 162, 139]
143: [161, 163, 165, 167, 169, 171, 140, 173, 175, 177, 179, 180, 178, 176, 174, 172, 170, 168, 166, 164, 162, 139]
96
0: [140, 141, 143, 145, 147, 149, 151, 153, 155, 157, 159, 142, 144, 146, 148, 150, 152, 154, 156, 158, 160, 139]
1: [140, 141, 143, 145, 147, 149, 151, 153, 155, 157, 159, 142, 144, 146, 148, 150, 152, 154, 156, 158, 160, 139]
2: [140, 143, 145, 147, 149, 151, 153, 155, 157, 159, 144, 146, 148, 150, 152, 154, 156, 158, 160, 139]
3: [140, 145, 147, 149, 151, 153, 155, 157, 159, 146, 148, 150, 152, 154, 156, 158, 160, 139]
4: [140, 147, 149, 151, 153, 155, 157, 159, 148, 150, 152, 154, 156, 158, 160, 139]
5: [140, 149, 151, 153, 155, 157, 159, 150, 152, 154, 156, 158, 160, 139]
6: [140, 151, 153, 155, 157, 159, 152, 154, 156, 158, 160, 139]
7: [140, 153, 155, 157, 159, 154, 156, 158, 160, 139]
8: [155, 140, 157, 159, 156, 158, 160, 139]
9: [140, 157, 159, 158, 160, 139]
10: [140, 159, 160, 139]
11: [140, 139]
12: [140, 141, 143, 145, 147, 149, 151, 153, 155, 157, 159, 142, 144, 146, 148, 150, 152, 154, 156, 158, 160, 139]
13: [141, 142]
14: [143, 144]
15: [145, 146]
16: [147, 148]
17: [149, 150]
18: [151, 152]
19: [153, 154]
20: [155, 156]
21: [157, 158]
22: [159, 160]
23: [140, 139]
24: [140, 141, 143, 145, 147, 149, 151, 153, 155, 157, 159, 142, 144, 146, 148, 150, 152, 154, 156, 158, 160, 139]
25: [141, 142]
26: [143, 144]
27: [145, 146]
28: [147, 148]
29: [149, 150]
30: [151, 152]
31: [153, 154]
32: [155, 156]
33: [157, 158]
34: [159, 160]
35: [140, 139]
36: [140, 141, 143, 145, 147, 149, 151, 153, 155, 157, 159, 142, 144, 146, 148, 150, 152, 154, 156, 158, 160, 139]
37: [141, 142]
38: [144, 143]
39: [145, 146]
40: [147, 148]
41: [149, 150]
42: [152, 151]
43: [153, 154]
44: [155, 156]
45: [157, 158]
46: [160, 159]
47: [139, 140]
48: [140, 141, 143, 145, 147, 149, 151, 153, 155, 157, 159, 142, 144, 146, 148, 150, 152, 154, 156, 158, 160, 139]
49: [142, 141]
50: [144, 143]
51: [146, 145]
52: [148, 147]
53: [150, 149]
54: [152, 151]
55: [154, 153]
56: [156, 155]
57: [158, 157]
58: [160, 159]
59: [139, 140]
60: [140, 141, 143, 145, 147, 149, 151, 153, 155, 157, 159, 142, 144, 146, 148, 150, 152, 154, 156, 158, 160, 139]
61: [142, 141]
62: [144, 143]
63: [146, 145]
64: [148, 147]
65: [150, 149]
66: [152, 151]
67: [154, 153]
68: [156, 155]
69: [158, 157]
70: [160, 159]
71: [139, 140]
72: [140, 141, 143, 145, 147, 149, 151, 153, 155, 157, 159, 142, 144, 146, 148, 150, 152, 154, 156, 158, 160, 139]
73: [142, 141]
74: [144, 143]
75: [146, 145]
76: [148, 147]
77: [150, 149]
78: [152, 151]
79: [154, 153]
80: [156, 155]
81: [158, 157]
82: [160, 159]
83: [139, 140]
84: [195, 140, 141, 143, 145, 147, 149, 151, 153, 155, 157, 159, 196, 142, 144, 146, 148, 150, 152, 154, 156, 158, 160, 139]
85: [195, 142, 141, 196]
86: [195, 144, 143, 196]
87: [195, 146, 145, 196]
88: [195, 148, 147, 196]
89: [195, 150, 196, 149]
90: [195, 152, 196, 151]
91: [195, 154, 196, 153]
92: [195, 196, 156, 155]
93: [195, 196, 158, 157]
94: [195, 196, 160, 159]
95: [195, 196, 139, 140]
96: []
97: [196, 197, 142, 141, 195, 198]
98: [196, 197, 144, 143, 195, 198]
99: [196, 197, 146, 145, 195, 198]
100: [196, 197, 148, 147, 198, 195]
101: [196, 197, 150, 195, 198, 149]
102: [196, 197, 152, 195, 198, 151]
103: [196, 197, 154, 195, 198, 153]
104: [196, 197, 156, 195, 198, 155]
105: [196, 197, 195, 198, 158, 157]
106: [196, 197, 195, 198, 160, 159]
107: [196, 197, 195, 198, 139, 140]
108: [160, 198, 139, 142, 144, 146, 148, 150, 152, 154, 156, 158, 197, 141, 143, 145, 147, 149, 151, 153, 155, 157, 159, 140]
109: [198, 142, 141, 197]
110: [198, 144, 143, 197]
111: [198, 146, 145, 197]
112: [198, 148, 197, 147]
113: [198, 150, 197, 149]
114: [198, 152, 197, 151]
115: [198, 154, 197, 153]
116: [198, 156, 197, 155]
117: [198, 197, 158, 157]
118: [198, 197, 160, 159]
119: [197, 198, 139, 140]
120: [160, 139, 142, 144, 146, 148, 150, 152, 154, 156, 158, 141, 143, 145, 147, 149, 151, 153, 155, 157, 159, 140]
121: [142, 141]
122: [144, 143]
123: [146, 145]
124: [148, 147]
125: [150, 149]
126: [152, 151]
127: [154, 153]
128: [156, 155]
129: [158, 157]
130: [160, 159]
131: [139, 140]
132: [160, 139, 142, 144, 146, 148, 150, 152, 154, 156, 158, 141, 143, 145, 147, 149, 151, 153, 155, 157, 159, 140]
133: [160, 139, 142, 144, 146, 148, 150, 152, 154, 156, 158, 141, 143, 145, 147, 149, 151, 153, 155, 157, 159, 140]
134: [160, 139, 144, 146, 148, 150, 152, 154, 156, 158, 143, 145, 147, 149, 151, 153, 155, 157, 159, 140]
135: [160, 139, 146, 148, 150, 152, 154, 156, 158, 145, 147, 149, 151, 153, 155, 157, 159, 140]
136: [160, 139, 148, 150, 152, 154, 156, 158, 147, 149, 151, 153, 155, 157, 159, 140]
137: [160, 139, 150, 152, 154, 156, 158, 149, 151, 153, 155, 157, 159, 140]
138: [160, 139, 152, 154, 156, 158, 151, 153, 155, 157, 159, 140]
139: [160, 139, 154, 156, 158, 153, 155, 157, 159, 140]
140: [160, 139, 156, 158, 155, 157, 159, 140]
141: [160, 139, 158, 157, 159, 140]
142: [160, 139, 159, 140]
143: [139, 140]
97
0: [142, 141]
1: [161, 142, 141, 162]
2: [161, 162]
3: [161, 162]
4: [161, 162]
5: [161, 162]
6: [161, 162]
7: [161, 162]
8: [161, 162]
9: [161, 162]
10: [161, 162]
11: [161, 162]
12: [142, 141]
13: [104, 122, 102, 87, 121, 101, 103, 88]
14: [104, 122, 102, 87, 121, 101, 103, 88]
15: [104, 102, 87, 101, 103, 88]
16: [104, 102, 87, 101, 103, 88]
17: [104, 102, 87, 101, 103, 88]
18: [104, 102, 87, 101, 103, 88]
19: [104, 102, 87, 101, 103, 88]
20: [104, 102, 87, 101, 103, 88]
21: [104, 102, 87, 101, 103, 88]
22: [104, 101, 102, 87, 103, 88]
23: [161, 162]
24: [142, 141]
25: [102, 104, 106, 87, 122, 121, 101, 105, 103, 88]
26: [106, 122, 121, 105]
27: [106, 105]
28: [106, 105]
29: [106, 105]
30: [106, 105]
31: [106, 105]
32: [106, 105]
33: [106, 105]
34: [106, 101, 104, 103, 102, 87, 88, 105]
35: [161, 162]
36: [141, 142]
37: [102, 104, 106, 108, 87, 122, 121, 107, 101, 105, 103, 88]
38: [108, 121, 122, 107]
39: [108, 107]
40: [108, 107]
41: [108, 107]
42: [108, 107]
43: [108, 107]
44: [108, 107]
45: [108, 107]
46: [108, 101, 106, 103, 102, 104, 105, 107, 87, 88]
47: [161, 162]
48: [141, 142]
49: [102, 104, 106, 108, 110, 87, 122, 121, 109, 107, 101, 105, 103, 88]
50: [110, 121, 122, 109]
51: [110, 109]
52: [110, 109]
53: [110, 109]
54: [110, 109]
55: [110, 109]
56: [110, 109]
57: [110, 109]
58: [101, 110, 108, 103, 105, 106, 107, 109, 88, 104, 102, 87]
59: [162, 161]
60: [141, 142]
61: [102, 104, 106, 108, 110, 112, 87, 122, 121, 111, 109, 107, 101, 105, 103, 88]
62: [112, 121, 122, 111]
63: [112, 111]
64: [112, 111]
65: [112, 111]
66: [112, 111]
67: [112, 111]
68: [112, 111]
69: [112, 111]
70: [112, 101, 110, 103, 105, 107, 108, 109, 111, 88, 106, 104, 102, 87]
71: [162, 161]
72: [141, 142]
73: [102, 104, 106, 108, 110, 112, 114, 87, 122, 121, 113, 111, 109, 107, 101, 105, 103, 88]
74: [114, 121, 122, 113]
75: [114, 113]
76: [114, 113]
77: [114, 113]
78: [114, 113]
79: [114, 113]
80: [114, 113]
81: [114, 113]
82: [114, 101, 112, 103, 105, 107, 109, 110, 111, 113, 88, 108, 106, 104, 102, 87]
83: [162, 161]
84: [195, 141, 142, 196]
85: [102, 104, 106, 108, 110, 112, 114, 116, 87, 122, 121, 115, 113, 111, 109, 107, 101, 105, 103, 88]
86: [116, 121, 122, 115]
87: [116, 115]
88: [116, 115]
89: [116, 115]
90: [116, 115]
91: [116, 115]
92: [116, 115]
93: [116, 115]
94: [116, 101, 114, 103, 105, 107, 109, 111, 112, 113, 115, 88, 110, 108, 106, 104, 102, 87]
95: [196, 195, 162, 161]
96: [195, 198, 141, 142, 196, 197]
97: []
98: [101, 118, 121, 122, 117, 102]
99: [101, 118, 117, 102]
100: [101, 118, 117, 102]
101: [101, 118, 117, 102]
102: [101, 118, 117, 102]
103: [101, 118, 117, 102]
104: [101, 118, 117, 102]
105: [101, 118, 117, 102]
106: [101, 118, 116, 103, 105, 107, 109, 111, 113, 114, 115, 117, 88, 112, 110, 108, 106, 104, 102, 87]
107: [196, 197, 195, 198, 162, 161]
108: [198, 141, 142, 197]
109: [103, 105, 107, 109, 111, 113, 115, 117, 88, 121, 122, 118, 116, 114, 112, 110, 108, 104, 106, 87]
110: [103, 121, 122, 104]
111: [103, 104]
112: [103, 104]
113: [103, 104]
114: [103, 104]
115: [103, 104]
116: [103, 104]
117: [103, 104]
118: [118, 103, 105, 107, 109, 111, 113, 115, 116, 117, 88, 114, 112, 110, 108, 106, 104, 87]
119: [197, 198, 162, 161]
120: [141, 142]
121: [105, 107, 109, 111, 113, 115, 117, 88, 121, 122, 118, 116, 114, 112, 110, 108, 106, 87]
122: [105, 107, 109, 111, 113, 115, 117, 88, 121, 122, 118, 116, 114, 112, 110, 108, 106, 87]
123: [105, 107, 109, 111, 113, 115, 117, 88, 118, 116, 114, 112, 110, 108, 106, 87]
124: [105, 107, 109, 111, 113, 115, 117, 88, 118, 116, 114, 112, 110, 108, 106, 87]
125: [105, 107, 109, 111, 113, 115, 117, 88, 118, 116, 114, 112, 110, 108, 106, 87]
126: [105, 107, 109, 111, 113, 115, 117, 88, 118, 116, 114, 112, 110, 108, 106, 87]
127: [105, 107, 109, 111, 113, 115, 117, 88, 118, 116, 114, 112, 110, 108, 106, 87]
128: [105, 107, 109, 111, 113, 115, 117, 88, 118, 116, 114, 112, 110, 108, 106, 87]
129: [105, 107, 109, 111, 113, 115, 117, 88, 118, 116, 114, 112, 110, 108, 106, 87]
130: [105, 107, 109, 111, 113, 115, 117, 118, 88, 116, 114, 112, 110, 108, 106, 87]
131: [162, 161]
132: [141, 142]
133: [162, 141, 142, 161]
134: [162, 161]
135: [162, 161]
136: [162, 161]
137: [162, 161]
138: [162, 161]
139: [162, 161]
140: [162, 161]
141: [162, 161]
142: [162, 161]
143: [162, 161]
98
0: [144, 143]
1: [144, 143]
2: [144, 163, 143, 164]
3: [163, 164]
4: [163, 164]
5: [163, 164]
6: [163, 164]
7: [163, 164]
8: [163, 164]
9: [163, 164]
10: [163, 164]
11: [163, 164]
12: [144, 143]
13: [121, 102, 122, 101]
14: [121, 124, 102, 122, 123, 101]
15: [124, 102, 123, 101]
16: [102, 101]
17: [102, 101]
18: [102, 101]
19: [102, 101]
20: [102, 101]
21: [101, 102]
22: [101, 102]
23: [163, 164]
24: [144, 143]
25: [102, 121, 122, 101]
26: [48, 49, 51, 53, 55, 57, 59, 50, 52, 54, 56, 58, 60, 47]
27: [48, 49, 51, 53, 55, 57, 59, 50, 52, 54, 56, 58, 60, 47]
28: [48, 51, 53, 55, 57, 59, 52, 54, 56, 58, 60, 47]
29: [48, 53, 55, 57, 59, 54, 56, 58, 60, 47]
30: [48, 57, 59, 55, 56, 58, 60, 47]
31: [48, 57, 59, 58, 60, 47]
32: [48, 59, 60, 47]
33: [48, 47]
34: [101, 102]
35: [163, 164]
36: [144, 143]
37: [102, 121, 122, 101]
38: [48, 49, 51, 53, 55, 57, 59, 50, 52, 54, 56, 58, 60, 47]
39: [49, 50]
40: [51, 52]
41: [53, 54]
42: [56, 55]
43: [57, 58]
44: [59, 60]
45: [48, 47]
46: [101, 102]
47: [163, 164]
48: [143, 144]
49: [102, 122, 121, 101]
50: [48, 49, 51, 53, 55, 57, 59, 50, 52, 54, 56, 58, 60, 47]
51: [50, 49]
52: [52, 51]
53: [54, 53]
54: [56, 55]
55: [58, 57]
56: [60, 59]
57: [47, 48]
58: [101, 102]
59: [164, 163]
60: [143, 144]
61: [102, 122, 121, 101]
62: [48, 49, 51, 53, 55, 57, 59, 50, 52, 54, 56, 58, 60, 47]
63: [50, 49]
64: [52, 51]
65: [54, 53]
66: [56, 55]
67: [58, 57]
68: [60, 59]
69: [47, 48]
70: [101, 102]
71: [164, 163]
72: [143, 144]
73: [102, 122, 121, 101]
74: [48, 49, 51, 53, 55, 57, 59, 50, 52, 54, 56, 58, 60, 47]
75: [50, 49]
76: [52, 51]
77: [54, 53]
78: [56, 55]
79: [58, 57]
80: [60, 59]
81: [47, 48]
82: [101, 102]
83: [164, 163]
84: [195, 143, 144, 196]
85: [102, 122, 121, 101]
86: [48, 49, 51, 83, 53, 55, 57, 59, 50, 84, 52, 54, 56, 58, 60, 47]
87: [83, 50, 49, 84]
88: [83, 52, 51, 84]
89: [83, 54, 84, 53]
90: [83, 56, 84, 55]
91: [83, 58, 84, 57]
92: [83, 60, 84, 59]
93: [83, 84, 47, 48]
94: [101, 102]
95: [196, 195, 164, 163]
96: [195, 198, 143, 144, 196, 197]
97: [117, 102, 122, 121, 118, 101]
98: []
99: [84, 85, 50, 49, 83, 86]
100: [84, 85, 52, 83, 51, 86]
101: [84, 85, 54, 83, 86, 53]
102: [84, 85, 56, 83, 86, 55]
103: [84, 85, 58, 83, 86, 57]
104: [84, 85, 60, 83, 86, 59]
105: [84, 85, 83, 86, 47, 48]
106: [101, 118, 117, 102]
107: [196, 197, 195, 164, 198, 163]
108: [198, 143, 144, 197]
109: [117, 122, 121, 118]
110: [47, 50, 52, 54, 86, 56, 58, 60, 49, 85, 51, 53, 55, 57, 59, 48]
111: [47, 50, 52, 54, 86, 56, 58, 60, 49, 85, 51, 53, 55, 57, 59, 48]
112: [47, 52, 54, 86, 56, 58, 60, 85, 51, 53, 55, 57, 59, 48]
113: [47, 54, 86, 56, 58, 60, 85, 53, 55, 57, 59, 48]
114: [47, 86, 56, 58, 60, 85, 55, 57, 59, 48]
115: [58, 60, 86, 47, 85, 57, 59, 48]
116: [60, 86, 47, 85, 59, 48]
117: [85, 86, 47, 48]
118: [118, 117]
119: [197, 164, 198, 163]
120: [143, 144]
121: [122, 117, 121, 118]
122: [122, 123, 117, 121, 124, 118]
123: [123, 117, 124, 118]
124: [117, 118]
125: [117, 118]
126: [117, 118]
127: [117, 118]
128: [117, 118]
129: [117, 118]
130: [118, 117]
131: [164, 163]
132: [143, 144]
133: [143, 144]
134: [164, 143, 144, 163]
135: [164, 163]
136: [164, 163]
137: [164, 163]
138: [164, 163]
139: [164, 163]
140: [164, 163]
141: [164, 163]
142: [164, 163]
143: [164, 163]
99
0: [146, 145]
1: [146, 145]
2: [146, 145]
3: [146, 165, 145, 166]
4: [165, 166]
5: [165, 166]
6: [165, 166]
7: [165, 166]
8: [165, 166]
9: [165, 166]
10: [165, 166]
11: [165, 166]
12: [146, 145]
13: [102, 101]
14: [123, 102, 124, 101]
15: [123, 126, 102, 124, 125, 101]
16: [126, 125, 102, 101]
17: [102, 101]
18: [102, 101]
19: [102, 101]
20: [101, 102]
21: [101, 102]
22: [101, 102]
23: [165, 166]
24: [146, 145]
25: [102, 101]
26: [50, 49]
27: [50, 61, 49, 62]
28: [61, 62]
29: [61, 62]
30: [61, 62]
31: [61, 62]
32: [61, 62]
33: [61, 62]
34: [101, 102]
35: [165, 166]
36: [145, 146]
37: [102, 101]
38: [49, 50]
39: [19, 38, 37, 20]
40: [19, 37, 38, 20]
41: [19, 20]
42: [19, 20]
43: [19, 20]
44: [19, 20]
45: [61, 62]
46: [101, 102]
47: [165, 166]
48: [145, 146]
49: [102, 101]
50: [49, 50]
51: [38, 19, 30, 37, 29, 20]
52: [37, 30, 38, 29]
53: [30, 29]
54: [30, 29]
55: [30, 29]
56: [20, 29, 30, 19]
57: [62, 61]
58: [101, 102]
59: [166, 165]
60: [145, 146]
61: [102, 101]
62: [49, 50]
63: [32, 38, 19, 30, 37, 31, 29, 20]
64: [32, 37, 38, 31]
65: [32, 31]
66: [32, 31]
67: [32, 31]
68: [32, 20, 29, 31, 30, 19]
69: [62, 61]
70: [101, 102]
71: [166, 165]
72: [145, 146]
73: [102, 101]
74: [49, 50]
75: [32, 34, 38, 19, 30, 37, 33, 31, 29, 20]
76: [34, 37, 38, 33]
77: [34, 33]
78: [34, 33]
79: [34, 33]
80: [33, 34, 20, 29, 31, 32, 30, 19]
81: [62, 61]
82: [101, 102]
83: [166, 165]
84: [195, 145, 146, 196]
85: [102, 101]
86: [83, 49, 50, 84]
87: [32, 34, 36, 38, 19, 30, 35, 37, 33, 31, 29, 20]
88: [36, 37, 35, 38]
89: [36, 35]
90: [36, 35]
91: [36, 35]
92: [33, 35, 36, 20, 29, 31, 34, 32, 30, 19]
93: [84, 83, 62, 61]
94: [101, 102]
95: [196, 195, 166, 165]
96: [195, 198, 145, 146, 196, 197]
97: [117, 102, 118, 101]
98: [83, 86, 49, 50, 84, 85]
99: []
100: [33, 35, 37, 20, 29, 31, 36, 38, 34, 32, 30, 19]
101: [33, 35, 20, 29, 31, 36, 34, 32, 30, 19]
102: [33, 35, 20, 29, 31, 36, 34, 32, 30, 19]
103: [33, 35, 20, 29, 31, 36, 34, 32, 30, 19]
104: [33, 35, 20, 29, 31, 36, 34, 32, 30, 19]
105: [84, 85, 62, 83, 86, 61]
106: [101, 118, 117, 102]
107: [196, 197, 166, 195, 198, 165]
108: [198, 145, 146, 197]
109: [117, 118]
110: [49, 86, 50, 85]
111: [49, 62, 86, 85, 50, 61]
112: [62, 86, 85, 61]
113: [62, 86, 85, 61]
114: [62, 86, 85, 61]
115: [62, 86, 85, 61]
116: [62, 85, 86, 61]
117: [85, 62, 86, 61]
118: [118, 117]
119: [197, 166, 198, 165]
120: [145, 146]
121: [117, 118]
122: [124, 117, 123, 118]
123: [124, 125, 117, 118, 123, 126]
124: [125, 117, 118, 126]
125: [117, 118]
126: [117, 118]
127: [117, 118]
128: [117, 118]
129: [118, 117]
130: [118, 117]
131: [166, 165]
132: [145, 146]
133: [145, 146]
134: [145, 146]
135: [145, 166, 146, 165]
136: [166, 165]
137: [166, 165]
138: [166, 165]
139: [166, 165]
140: [166, 165]
141: [166, 165]
142: [166, 165]
143: [166, 165]
100
0: [148, 147]
1: [148, 147]
2: [148, 147]
3: [148, 147]
4: [148, 167, 147, 168]
5: [167, 168]
6: [167, 168]
7: [167, 168]
8: [167, 168]
9: [167, 168]
10: [167, 168]
11: [167, 168]
12: [148, 147]
13: [102, 101]
14: [102, 101]
15: [125, 126, 102, 101]
16: [128, 125, 126, 102, 127, 101]
17: [128, 127, 102, 101]
18: [102, 101]
19: [101, 102]
20: [101, 102]
21: [101, 102]
22: [101, 102]
23: [167, 168]
24: [148, 147]
25: [102, 101]
26: [52, 51]
27: [52, 51]
28: [52, 63, 51, 64]
29: [63, 64]
30: [63, 64]
31: [63, 64]
32: [63, 64]
33: [63, 64]
34: [101, 102]
35: [167, 168]
36: [147, 148]
37: [102, 101]
38: [51, 52]
39: [19, 37, 38, 20]
40: [40, 37, 19, 38, 39, 20]
41: [40, 39, 19, 20]
42: [19, 20]
43: [19, 20]
44: [20, 19]
45: [64, 63]
46: [101, 102]
47: [168, 167]
48: [147, 148]
49: [102, 101]
50: [51, 52]
51: [38, 19, 30, 37, 29, 20]
52: [40, 37, 30, 38, 39, 29]
53: [39, 40, 30, 29]
54: [30, 29]
55: [29, 30]
56: [20, 29, 30, 19]
57: [64, 63]
58: [101, 102]
59: [168, 167]
60: [147, 148]
61: [102, 101]
62: [51, 52]
63: [32, 38, 19, 30, 37, 31, 29, 20]
64: [40, 37, 32, 38, 39, 31]
65: [39, 32, 40, 31]
66: [32, 31]
67: [32, 31]
68: [20, 29, 31, 32, 30, 19]
69: [64, 63]
70: [101, 102]
71: [168, 167]
72: [147, 148]
73: [102, 101]
74: [51, 52]
75: [32, 34, 38, 19, 30, 37, 33, 31, 29, 20]
76: [40, 37, 34, 33, 38, 39]
77: [39, 34, 40, 33]
78: [34, 33]
79: [33, 34]
80: [33, 20, 29, 31, 34, 32, 30, 19]
81: [64, 63]
82: [101, 102]
83: [168, 167]
84: [195, 147, 196, 148]
85: [102, 101]
86: [83, 51, 52, 84]
87: [32, 34, 36, 38, 19, 30, 35, 37, 33, 31, 29, 20]
88: [40, 37, 36, 35, 38, 39]
89: [39, 36, 35, 40]
90: [36, 35]
91: [35, 36]
92: [33, 35, 20, 29, 31, 36, 34, 32, 30, 19]
93: [84, 64, 83, 63]
94: [101, 102]
95: [196, 168, 195, 167]
96: [195, 198, 147, 196, 148, 197]
97: [117, 102, 118, 101]
98: [83, 86, 51, 52, 85, 84]
99: [32, 34, 36, 38, 19, 30, 35, 37, 33, 31, 29, 20]
100: []
101: [33, 35, 39, 20, 29, 31, 40, 36, 34, 32, 30, 19]
102: [33, 35, 20, 29, 31, 36, 34, 32, 30, 19]
103: [33, 35, 20, 29, 31, 36, 34, 32, 30, 19]
104: [33, 35, 20, 29, 31, 36, 34, 32, 30, 19]
105: [84, 85, 64, 83, 86, 63]
106: [101, 118, 117, 102]
107: [196, 197, 168, 195, 198, 167]
108: [198, 147, 197, 148]
109: [117, 118]
110: [51, 86, 85, 52]
111: [51, 86, 85, 52]
112: [64, 51, 86, 85, 52, 63]
113: [64, 86, 85, 63]
114: [64, 86, 85, 63]
115: [64, 85, 86, 63]
116: [64, 85, 86, 63]
117: [64, 85, 86, 63]
118: [118, 117]
119: [197, 168, 198, 167]
120: [147, 148]
121: [117, 118]
122: [117, 118]
123: [126, 117, 118, 125]
124: [126, 127, 117, 118, 128, 125]
125: [127, 117, 118, 128]
126: [117, 118]
127: [117, 118]
128: [118, 117]
129: [118, 117]
130: [118, 117]
131: [168, 167]
132: [147, 148]
133: [147, 148]
134: [147, 148]
135: [147, 148]
136: [168, 147, 148, 167]
137: [168, 167]
138: [168, 167]
139: [168, 167]
140: [168, 167]
141: [168, 167]
142: [168, 167]
143: [168, 167]
101
0: [150, 149]
1: [150, 149]
2: [150, 149]
3: [150, 149]
4: [150, 149]
5: [169, 150, 149, 170]
6: [169, 170]
7: [169, 170]
8: [169, 170]
9: [169, 170]
10: [169, 170]
11: [169, 170]
12: [150, 149]
13: [102, 101]
14: [102, 101]
15: [102, 101]
16: [127, 128, 102, 101]
17: [130, 127, 128, 129, 102, 101]
18: [130, 129, 101, 102]
19: [101, 102]
20: [101, 102]
21: [101, 102]
22: [101, 102]
23: [169, 170]
24: [150, 149]
25: [102, 101]
26: [54, 53]
27: [54, 53]
28: [54, 53]
29: [65, 54, 53, 66]
30: [65, 66]
31: [65, 66]
32: [65, 66]
33: [65, 66]
34: [101, 102]
35: [169, 170]
36: [149, 150]
37: [102, 101]
38: [53, 54]
39: [19, 20]
40: [40, 39, 19, 20]
41: [42, 39, 40, 41, 19, 20]
42: [41, 42, 19, 20]
43: [20, 19]
44: [20, 19]
45: [65, 66]
46: [101, 102]
47: [169, 170]
48: [149, 150]
49: [102, 101]
50: [53, 54]
51: [19, 30, 29, 20]
52: [40, 30, 39, 29]
53: [42, 39, 40, 41, 30, 29]
54: [41, 42, 29, 30]
55: [29, 30]
56: [20, 29, 30, 19]
57: [66, 65]
58: [101, 102]
59: [170, 169]
60: [149, 150]
61: [102, 101]
62: [53, 54]
63: [32, 19, 30, 31, 29, 20]
64: [40, 32, 39, 31]
65: [42, 39, 32, 40, 41, 31]
66: [41, 32, 42, 31]
67: [31, 32]
68: [20, 29, 31, 32, 30, 19]
69: [66, 65]
70: [101, 102]
71: [170, 169]
72: [149, 150]
73: [102, 101]
74: [53, 54]
75: [32, 34, 19, 30, 33, 31, 29, 20]
76: [40, 34, 33, 39]
77: [42, 39, 34, 33, 40, 41]
78: [41, 33, 34, 42]
79: [33, 34]
80: [33, 20, 29, 31, 34, 32, 30, 19]
81: [66, 65]
82: [101, 102]
83: [170, 169]
84: [195, 149, 196, 150]
85: [102, 101]
86: [83, 53, 84, 54]
87: [32, 34, 36, 19, 30, 35, 33, 31, 29, 20]
88: [40, 36, 35, 39]
89: [42, 39, 36, 35, 40, 41]
90: [41, 35, 36, 42]
91: [35, 36]
92: [33, 35, 20, 29, 31, 36, 34, 32, 30, 19]
93: [84, 66, 83, 65]
94: [101, 102]
95: [196, 170, 195, 169]
96: [195, 198, 149, 196, 197, 150]
97: [117, 102, 118, 101]
98: [83, 86, 53, 84, 85, 54]
99: [32, 34, 36, 19, 30, 35, 33, 31, 29, 20]
100: [32, 34, 36, 40, 19, 30, 35, 39, 33, 31, 29, 20]
101: []
102: [33, 35, 41, 20, 29, 31, 42, 36, 34, 32, 30, 19]
103: [33, 35, 20, 29, 31, 36, 34, 32, 30, 19]
104: [33, 35, 20, 29, 31, 36, 34, 32, 30, 19]
105: [84, 85, 66, 83, 86, 65]
106: [101, 118, 117, 102]
107: [196, 197, 170, 195, 198, 169]
108: [198, 149, 197, 150]
109: [117, 118]
110: [53, 86, 85, 54]
111: [53, 86, 85, 54]
112: [53, 86, 85, 54]
113: [66, 53, 86, 85, 54, 65]
114: [66, 85, 86, 65]
115: [66, 85, 86, 65]
116: [66, 85, 86, 65]
117: [66, 85, 86, 65]
118: [118, 117]
119: [197, 170, 198, 169]
120: [149, 150]
121: [117, 118]
122: [117, 118]
123: [117, 118]
124: [128, 117, 118, 127]
125: [128, 129, 117, 118, 130, 127]
126: [129, 117, 118, 130]
127: [118, 117]
128: [118, 117]
129: [118, 117]
130: [118, 117]
131: [170, 169]
132: [149, 150]
133: [149, 150]
134: [149, 150]
135: [149, 150]
136: [149, 150]
137: [170, 149, 150, 169]
138: [170, 169]
139: [170, 169]
140: [170, 169]
141: [170, 169]
142: [170, 169]
143: [170, 169]
102
0: [152, 151]
1: [152, 151]
2: [152, 151]
3: [152, 151]
4: [152, 151]
5: [152, 151]
6: [152, 171, 172, 151]
7: [171, 172]
8: [171, 172]
9: [171, 172]
10: [171, 172]
11: [171, 172]
12: [152, 151]
13: [102, 101]
14: [102, 101]
15: [102, 101]
16: [102, 101]
17: [129, 130, 101, 102]
18: [129, 132, 130, 131, 101, 102]
19: [132, 131, 101, 102]
20: [101, 102]
21: [101, 102]
22: [101, 102]
23: [171, 172]
24: [152, 151]
25: [102, 101]
26: [56, 55]
27: [56, 55]
28: [56, 55]
29: [56, 55]
30: [56, 67, 68, 55]
31: [67, 68]
32: [67, 68]
33: [67, 68]
34: [101, 102]
35: [171, 172]
36: [152, 151]
37: [102, 101]
38: [56, 55]
39: [19, 20]
40: [19, 20]
41: [41, 42, 19, 20]
42: [41, 44, 42, 43, 20, 19]
43: [43, 44, 20, 19]
44: [20, 19]
45: [67, 68]
46: [101, 102]
47: [171, 172]
48: [151, 152]
49: [102, 101]
50: [55, 56]
51: [19, 30, 29, 20]
52: [30, 29]
53: [42, 41, 29, 30]
54: [41, 44, 42, 43, 29, 30]
55: [43, 44, 29, 30]
56: [20, 29, 30, 19]
57: [68, 67]
58: [101, 102]
59: [172, 171]
60: [151, 152]
61: [102, 101]
62: [55, 56]
63: [32, 19, 30, 31, 29, 20]
64: [32, 31]
65: [42, 32, 41, 31]
66: [41, 44, 31, 32, 42, 43]
67: [43, 31, 44, 32]
68: [20, 29, 31, 32, 30, 19]
69: [68, 67]
70: [101, 102]
71: [172, 171]
72: [151, 152]
73: [102, 101]
74: [55, 56]
75: [32, 34, 19, 30, 33, 31, 29, 20]
76: [34, 33]
77: [42, 33, 34, 41]
78: [41, 44, 33, 34, 42, 43]
79: [43, 33, 34, 44]
80: [33, 20, 29, 31, 34, 32, 30, 19]
81: [68, 67]
82: [101, 102]
83: [172, 171]
84: [195, 151, 196, 152]
85: [102, 101]
86: [83, 55, 84, 56]
87: [32, 34, 36, 19, 30, 35, 33, 31, 29, 20]
88: [36, 35]
89: [42, 35, 36, 41]
90: [41, 44, 35, 36, 42, 43]
91: [43, 35, 36, 44]
92: [33, 35, 20, 29, 31, 36, 34, 32, 30, 19]
93: [84, 68, 83, 67]
94: [101, 102]
95: [196, 172, 195, 171]
96: [195, 198, 151, 196, 197, 152]
97: [117, 102, 118, 101]
98: [83, 86, 55, 84, 85, 56]
99: [32, 34, 36, 19, 30, 35, 33, 31, 29, 20]
100: [32, 34, 36, 19, 30, 35, 33, 31, 29, 20]
101: [32, 34, 36, 42, 19, 30, 41, 35, 33, 31, 29, 20]
102: []
103: [33, 35, 43, 20, 29, 31, 36, 44, 34, 32, 30, 19]
104: [33, 35, 20, 29, 31, 36, 34, 32, 30, 19]
105: [84, 85, 68, 83, 86, 67]
106: [101, 118, 117, 102]
107: [196, 197, 172, 195, 198, 171]
108: [198, 151, 197, 152]
109: [117, 118]
110: [86, 55, 85, 56]
111: [55, 86, 85, 56]
112: [55, 86, 85, 56]
113: [55, 85, 86, 56]
114: [68, 55, 85, 86, 67, 56]
115: [68, 85, 86, 67]
116: [68, 85, 86, 67]
117: [68, 85, 86, 67]
118: [118, 117]
119: [197, 172, 198, 171]
120: [151, 152]
121: [117, 118]
122: [117, 118]
123: [117, 118]
124: [117, 118]
125: [130, 117, 118, 129]
126: [130, 131, 118, 117, 129, 132]
127: [131, 118, 117, 132]
128: [118, 117]
129: [118, 117]
130: [118, 117]
131: [172, 171]
132: [151, 152]
133: [151, 152]
134: [151, 152]
135: [151, 152]
136: [151, 152]
137: [151, 152]
138: [172, 151, 171, 152]
139: [172, 171]
140: [172, 171]
141: [172, 171]
142: [172, 171]
143: [172, 171]
103
0: [154, 153]
1: [154, 153]
2: [154, 153]
3: [154, 153]
4: [154, 153]
5: [154, 153]
6: [154, 153]
7: [154, 173, 174, 153]
8: [173, 174]
9: [173, 174]
10: [173, 174]
11: [173, 174]
12: [154, 153]
13: [102, 101]
14: [102, 101]
15: [102, 101]
16: [101, 102]
17: [101, 102]
18: [131, 132, 101, 102]
19: [131, 134, 132, 101, 133, 102]
20: [134, 101, 133, 102]
21: [101, 102]
22: [101, 102]
23: [173, 174]
24: [154, 153]
25: [102, 101]
26: [58, 57]
27: [58, 57]
28: [58, 57]
29: [58, 57]
30: [58, 57]
31: [58, 69, 70, 57]
32: [69, 70]
33: [69, 70]
34: [101, 102]
35: [173, 174]
36: [153, 154]
37: [102, 101]
38: [57, 58]
39: [19, 20]
40: [19, 20]
41: [20, 19]
42: [43, 44, 20, 19]
43: [43, 46, 20, 45, 44, 19]
44: [20, 45, 46, 19]
45: [69, 70]
46: [101, 102]
47: [173, 174]
48: [153, 154]
49: [102, 101]
50: [57, 58]
51: [19, 30, 29, 20]
52: [29, 30]
53: [29, 30]
54: [44, 43, 29, 30]
55: [43, 46, 29, 44, 45, 30]
56: [45, 20, 29, 46, 30, 19]
57: [70, 69]
58: [101, 102]
59: [174, 173]
60: [153, 154]
61: [102, 101]
62: [57, 58]
63: [32, 19, 30, 31, 29, 20]
64: [32, 31]
65: [31, 32]
66: [44, 31, 43, 32]
67: [43, 46, 31, 44, 45, 32]
68: [45, 20, 29, 31, 46, 32, 30, 19]
69: [70, 69]
70: [101, 102]
71: [174, 173]
72: [153, 154]
73: [102, 101]
74: [57, 58]
75: [32, 34, 19, 30, 33, 31, 29, 20]
76: [33, 34]
77: [33, 34]
78: [44, 33, 34, 43]
79: [43, 46, 33, 34, 44, 45]
80: [33, 45, 20, 29, 31, 46, 34, 32, 30, 19]
81: [70, 69]
82: [101, 102]
83: [174, 173]
84: [195, 153, 196, 154]
85: [102, 101]
86: [83, 57, 84, 58]
87: [32, 34, 36, 19, 30, 35, 33, 31, 29, 20]
88: [35, 36]
89: [35, 36]
90: [44, 35, 36, 43]
91: [43, 46, 35, 36, 44, 45]
92: [33, 35, 45, 20, 29, 31, 36, 46, 34, 32, 30, 19]
93: [84, 70, 83, 69]
94: [101, 102]
95: [196, 174, 195, 173]
96: [195, 198, 153, 196, 197, 154]
97: [117, 102, 118, 101]
98: [83, 86, 57, 84, 85, 58]
99: [32, 34, 36, 19, 30, 35, 33, 31, 29, 20]
100: [32, 34, 36, 19, 30, 35, 33, 31, 29, 20]
101: [32, 34, 36, 19, 30, 35, 33, 31, 29, 20]
102: [32, 34, 36, 44, 19, 30, 43, 35, 33, 31, 29, 20]
103: []
104: [33, 35, 45, 20, 29, 31, 36, 46, 34, 32, 30, 19]
105: [84, 85, 70, 83, 69, 86]
106: [101, 118, 117, 102]
107: [196, 197, 174, 195, 173, 198]
108: [198, 153, 197, 154]
109: [117, 118]
110: [57, 86, 85, 58]
111: [57, 86, 85, 58]
112: [57, 85, 86, 58]
113: [57, 85, 86, 58]
114: [57, 85, 86, 58]
115: [57, 70, 85, 86, 69, 58]
116: [70, 85, 86, 69]
117: [85, 70, 86, 69]
118: [118, 117]
119: [197, 174, 198, 173]
120: [153, 154]
121: [117, 118]
122: [117, 118]
123: [117, 118]
124: [117, 118]
125: [118, 117]
126: [132, 118, 117, 131]
127: [132, 133, 118, 117, 131, 134]
128: [133, 118, 117, 134]
129: [118, 117]
130: [118, 117]
131: [174, 173]
132: [153, 154]
133: [153, 154]
134: [153, 154]
135: [153, 154]
136: [153, 154]
137: [153, 154]
138: [153, 154]
139: [153, 174, 173, 154]
140: [174, 173]
141: [174, 173]
142: [174, 173]
143: [174, 173]
104
0: [156, 155]
1: [156, 155]
2: [156, 155]
3: [156, 155]
4: [156, 155]
5: [156, 155]
6: [156, 155]
7: [156, 155]
8: [156, 175, 176, 155]
9: [175, 176]
10: [175, 176]
11: [175, 176]
12: [156, 155]
13: [102, 101]
14: [102, 101]
15: [101, 102]
16: [101, 102]
17: [101, 102]
18: [101, 102]
19: [133, 101, 134, 102]
20: [136, 133, 101, 134, 135, 102]
21: [136, 101, 135, 102]
22: [101, 102]
23: [175, 176]
24: [156, 155]
25: [102, 101]
26: [60, 59]
27: [60, 59]
28: [60, 59]
29: [60, 59]
30: [60, 59]
31: [60, 59]
32: [60, 71, 72, 59]
33: [71, 72]
34: [101, 102]
35: [175, 176]
36: [155, 156]
37: [102, 101]
38: [59, 60]
39: [19, 20]
40: [20, 19]
41: [20, 19]
42: [20, 19]
43: [20, 45, 46, 19]
44: [20, 45, 46, 19]
45: [72, 71]
46: [101, 102]
47: [176, 175]
48: [155, 156]
49: [102, 101]
50: [59, 60]
51: [19, 29, 30, 20]
52: [29, 30]
53: [29, 30]
54: [29, 30]
55: [29, 46, 45, 30]
56: [45, 20, 29, 46, 30, 19]
57: [72, 71]
58: [101, 102]
59: [176, 175]
60: [155, 156]
61: [102, 101]
62: [59, 60]
63: [32, 19, 30, 31, 29, 20]
64: [31, 32]
65: [31, 32]
66: [31, 32]
67: [46, 31, 45, 32]
68: [45, 20, 29, 31, 46, 32, 30, 19]
69: [72, 71]
70: [101, 102]
71: [176, 175]
72: [155, 156]
73: [102, 101]
74: [59, 60]
75: [32, 33, 34, 19, 30, 31, 29, 20]
76: [33, 34]
77: [33, 34]
78: [33, 34]
79: [33, 46, 45, 34]
80: [33, 45, 20, 29, 31, 46, 34, 32, 30, 19]
81: [72, 71]
82: [101, 102]
83: [176, 175]
84: [195, 155, 196, 156]
85: [102, 101]
86: [83, 59, 84, 60]
87: [32, 34, 35, 36, 19, 30, 33, 31, 29, 20]
88: [35, 36]
89: [35, 36]
90: [35, 36]
91: [35, 46, 36, 45]
92: [33, 35, 45, 20, 29, 31, 36, 46, 34, 32, 30, 19]
93: [84, 72, 71, 83]
94: [101, 102]
95: [196, 176, 175, 195]
96: [195, 198, 155, 196, 197, 156]
97: [117, 102, 118, 101]
98: [83, 86, 59, 84, 85, 60]
99: [32, 34, 36, 19, 30, 35, 33, 31, 29, 20]
100: [32, 34, 36, 19, 30, 35, 33, 31, 29, 20]
101: [32, 34, 36, 19, 30, 35, 33, 31, 29, 20]
102: [32, 34, 36, 19, 30, 35, 33, 31, 29, 20]
103: [32, 34, 36, 46, 19, 30, 35, 45, 33, 31, 29, 20]
104: []
105: [84, 85, 72, 71, 83, 86]
106: [101, 118, 117, 102]
107: [196, 197, 176, 175, 195, 198]
108: [198, 155, 197, 156]
109: [117, 118]
110: [59, 86, 85, 60]
111: [59, 85, 86, 60]
112: [59, 85, 86, 60]
113: [59, 85, 86, 60]
114: [59, 85, 86, 60]
115: [59, 85, 86, 60]
116: [72, 59, 85, 86, 71, 60]
117: [72, 85, 86, 71]
118: [118, 117]
119: [197, 176, 198, 175]
120: [155, 156]
121: [117, 118]
122: [117, 118]
123: [117, 118]
124: [118, 117]
125: [118, 117]
126: [118, 117]
127: [134, 118, 117, 133]
128: [134, 135, 118, 117, 136, 133]
129: [135, 118, 136, 117]
130: [118, 117]
131: [176, 175]
132: [155, 156]
133: [155, 156]
134: [155, 156]
135: [155, 156]
136: [155, 156]
137: [155, 156]
138: [155, 156]
139: [155, 156]
140: [176, 155, 175, 156]
141: [176, 175]
142: [176, 175]
143: [176, 175]
105
0: [158, 157]
1: [158, 157]
2: [158, 157]
3: [158, 157]
4: [158, 157]
5: [158, 157]
6: [158, 157]
7: [158, 157]
8: [158, 157]
9: [177, 158, 178, 157]
10: [177, 178]
11: [177, 178]
12: [158, 157]
13: [102, 101]
14: [101, 102]
15: [101, 102]
16: [101, 102]
17: [101, 102]
18: [101, 102]
19: [101, 102]
20: [135, 101, 136, 102]
21: [138, 135, 101, 136, 137, 102]
22: [138, 101, 137, 102]
23: [177, 178]
24: [158, 157]
25: [102, 101]
26: [47, 48]
27: [62, 47, 61, 48]
28: [64, 62, 47, 63, 61, 48]
29: [64, 66, 62, 47, 65, 63, 61, 48]
30: [64, 66, 68, 47, 62, 67, 65, 63, 61, 48]
31: [64, 66, 68, 70, 47, 62, 69, 67, 65, 63, 61, 48]
32: [64, 66, 68, 70, 72, 47, 62, 71, 69, 67, 65, 63, 61, 48]
33: [64, 66, 68, 70, 72, 47, 62, 71, 69, 67, 65, 63, 61, 48]
34: [101, 138, 137, 102]
35: [177, 178]
36: [157, 158]
37: [102, 101]
38: [48, 47]
39: [61, 62]
40: [64, 63]
41: [65, 66]
42: [67, 68]
43: [69, 70]
44: [72, 71]
45: [64, 66, 68, 70, 72, 47, 62, 71, 69, 67, 65, 63, 61, 48]
46: [101, 137, 138, 102]
47: [177, 178]
48: [157, 158]
49: [102, 101]
50: [48, 47]
51: [61, 62]
52: [63, 64]
53: [65, 66]
54: [67, 68]
55: [69, 70]
56: [71, 72]
57: [64, 66, 68, 70, 72, 47, 62, 71, 69, 67, 65, 63, 61, 48]
58: [101, 137, 138, 102]
59: [178, 177]
60: [157, 158]
61: [102, 101]
62: [48, 47]
63: [61, 62]
64: [63, 64]
65: [65, 66]
66: [67, 68]
67: [69, 70]
68: [71, 72]
69: [64, 66, 68, 70, 72, 47, 62, 71, 69, 67, 65, 63, 61, 48]
70: [101, 137, 138, 102]
71: [178, 177]
72: [157, 158]
73: [102, 101]
74: [48, 47]
75: [61, 62]
76: [63, 64]
77: [65, 66]
78: [67, 68]
79: [69, 70]
80: [71, 72]
81: [64, 66, 68, 70, 72, 47, 62, 71, 69, 67, 65, 63, 61, 48]
82: [101, 137, 138, 102]
83: [178, 177]
84: [195, 196, 157, 158]
85: [102, 101]
86: [83, 84, 48, 47]
87: [84, 83, 61, 62]
88: [84, 63, 83, 64]
89: [84, 65, 83, 66]
90: [84, 67, 83, 68]
91: [84, 69, 83, 70]
92: [84, 71, 72, 83]
93: [64, 66, 68, 70, 72, 47, 84, 62, 83, 71, 69, 67, 65, 63, 61, 48]
94: [101, 137, 138, 102]
95: [196, 178, 177, 195]
96: [195, 198, 197, 196, 157, 158]
97: [117, 102, 118, 101]
98: [83, 86, 48, 84, 85, 47]
99: [83, 86, 61, 84, 85, 62]
100: [83, 86, 63, 84, 85, 64]
101: [83, 86, 65, 84, 85, 66]
102: [83, 86, 67, 84, 85, 68]
103: [83, 86, 69, 84, 85, 70]
104: [83, 86, 71, 72, 84, 85]
105: []
106: [101, 118, 137, 138, 117, 102]
107: [196, 197, 178, 177, 195, 198]
108: [198, 197, 157, 158]
109: [117, 118]
110: [48, 85, 86, 47]
111: [48, 85, 61, 86, 62, 47]
112: [48, 85, 61, 63, 86, 64, 62, 47]
113: [65, 48, 85, 61, 63, 86, 66, 64, 62, 47]
114: [65, 67, 48, 85, 61, 63, 86, 68, 66, 64, 62, 47]
115: [65, 67, 69, 48, 85, 61, 63, 86, 70, 68, 66, 64, 62, 47]
116: [65, 67, 69, 71, 48, 85, 61, 63, 72, 86, 70, 68, 66, 64, 62, 47]
117: [65, 67, 69, 71, 48, 85, 61, 63, 72, 86, 70, 68, 66, 64, 62, 47]
118: [118, 137, 138, 117]
119: [197, 178, 177, 198]
120: [157, 158]
121: [117, 118]
122: [117, 118]
123: [118, 117]
124: [118, 117]
125: [118, 117]
126: [118, 117]
127: [118, 117]
128: [136, 118, 117, 135]
129: [136, 137, 118, 138, 117, 135]
130: [137, 118, 138, 117]
131: [178, 177]
132: [157, 158]
133: [157, 158]
134: [157, 158]
135: [157, 158]
136: [157, 158]
137: [157, 158]
138: [157, 158]
139: [157, 158]
140: [157, 158]
141: [178, 157, 177, 158]
142: [178, 177]
143: [178, 177]
106
0: [160, 159]
1: [160, 159]
2: [160, 159]
3: [160, 159]
4: [160, 159]
5: [160, 159]
6: [160, 159]
7: [160, 159]
8: [160, 159]
9: [160, 159]
10: [160, 179, 180, 159]
11: [179, 180]
12: [160, 159]
13: [88, 101, 102, 103, 104, 87]
14: [88, 101, 103, 102, 104, 87]
15: [88, 101, 103, 102, 104, 87]
16: [88, 101, 103, 102, 104, 87]
17: [88, 101, 103, 102, 104, 87]
18: [88, 101, 103, 102, 104, 87]
19: [88, 101, 103, 102, 104, 87]
20: [88, 101, 103, 102, 104, 87]
21: [88, 137, 101, 103, 138, 102, 104, 87]
22: [88, 137, 101, 103, 138, 102, 104, 87]
23: [179, 180]
24: [160, 159]
25: [105, 102, 88, 104, 101, 103, 106, 87]
26: [105, 106]
27: [105, 106]
28: [105, 106]
29: [105, 106]
30: [105, 106]
31: [105, 106]
32: [105, 106]
33: [105, 137, 138, 106]
34: [101, 103, 105, 137, 88, 138, 102, 104, 106, 87]
35: [179, 180]
36: [160, 159]
37: [107, 102, 104, 105, 101, 103, 106, 108, 87, 88]
38: [107, 108]
39: [107, 108]
40: [107, 108]
41: [107, 108]
42: [107, 108]
43: [107, 108]
44: [107, 108]
45: [107, 137, 138, 108]
46: [101, 103, 105, 137, 107, 88, 138, 108, 102, 104, 106, 87]
47: [179, 180]
48: [159, 160]
49: [109, 102, 104, 107, 105, 106, 108, 110, 87, 88, 101, 103]
50: [109, 110]
51: [109, 110]
52: [109, 110]
53: [109, 110]
54: [109, 110]
55: [109, 110]
56: [109, 110]
57: [109, 138, 137, 110]
58: [101, 103, 105, 137, 107, 109, 88, 138, 110, 108, 102, 104, 106, 87]
59: [180, 179]
60: [159, 160]
61: [102, 111, 104, 109, 106, 107, 108, 110, 112, 87, 105, 88, 101, 103]
62: [111, 112]
63: [111, 112]
64: [111, 112]
65: [111, 112]
66: [111, 112]
67: [111, 112]
68: [111, 112]
69: [111, 138, 137, 112]
70: [101, 103, 105, 137, 107, 109, 111, 88, 138, 112, 110, 108, 102, 104, 106, 87]
71: [180, 179]
72: [159, 160]
73: [113, 102, 104, 111, 106, 108, 109, 110, 112, 114, 87, 107, 105, 88, 101, 103]
74: [113, 114]
75: [113, 114]
76: [113, 114]
77: [113, 114]
78: [113, 114]
79: [113, 114]
80: [113, 114]
81: [113, 138, 137, 114]
82: [101, 103, 105, 137, 107, 109, 111, 113, 88, 138, 114, 112, 110, 108, 102, 104, 106, 87]
83: [180, 179]
84: [195, 196, 159, 160]
85: [115, 102, 104, 113, 106, 108, 110, 111, 112, 114, 116, 87, 109, 107, 105, 88, 101, 103]
86: [115, 116]
87: [115, 116]
88: [115, 116]
89: [115, 116]
90: [115, 116]
91: [115, 116]
92: [115, 116]
93: [115, 138, 137, 116]
94: [101, 103, 105, 137, 107, 109, 111, 113, 115, 88, 138, 116, 114, 112, 110, 108, 102, 104, 106, 87]
95: [196, 180, 179, 195]
96: [195, 198, 196, 197, 159, 160]
97: [117, 102, 104, 115, 106, 108, 110, 112, 113, 114, 116, 118, 87, 111, 109, 107, 105, 88, 101, 103]
98: [117, 102, 118, 101]
99: [117, 102, 118, 101]
100: [117, 102, 118, 101]
101: [117, 102, 118, 101]
102: [117, 102, 118, 101]
103: [117, 102, 118, 101]
104: [117, 102, 118, 101]
105: [117, 102, 138, 137, 118, 101]
106: []
107: [196, 197, 180, 179, 195, 198]
108: [198, 197, 159, 160]
109: [104, 117, 106, 108, 110, 112, 114, 115, 116, 118, 87, 113, 111, 109, 107, 105, 88, 103]
110: [104, 103]
111: [104, 103]
112: [104, 103]
113: [104, 103]
114: [104, 103]
115: [104, 103]
116: [104, 103]
117: [104, 138, 137, 103]
118: [104, 106, 138, 108, 110, 112, 114, 116, 118, 87, 137, 117, 115, 113, 111, 109, 107, 105, 103, 88]
119: [197, 180, 179, 198]
120: [159, 160]
121: [106, 108, 110, 112, 114, 116, 117, 118, 87, 115, 113, 111, 109, 107, 105, 88]
122: [106, 108, 110, 112, 114, 116, 118, 87, 117, 115, 113, 111, 109, 107, 105, 88]
123: [106, 108, 110, 112, 114, 116, 118, 87, 117, 115, 113, 111, 109, 107, 105, 88]
124: [106, 108, 110, 112, 114, 116, 118, 87, 117, 115, 113, 111, 109, 107, 105, 88]
125: [106, 108, 110, 112, 114, 116, 118, 87, 117, 115, 113, 111, 109, 107, 105, 88]
126: [106, 108, 110, 112, 114, 116, 118, 87, 117, 115, 113, 111, 109, 107, 105, 88]
127: [106, 108, 110, 112, 114, 116, 118, 87, 117, 115, 113, 111, 109, 107, 105, 88]
128: [106, 108, 110, 112, 114, 116, 118, 87, 117, 115, 113, 111, 109, 107, 105, 88]
129: [106, 138, 108, 110, 112, 114, 116, 118, 87, 137, 117, 115, 113, 111, 109, 107, 105, 88]
130: [106, 138, 108, 110, 112, 114, 116, 118, 87, 137, 117, 115, 113, 111, 109, 107, 105, 88]
131: [180, 179]
132: [159, 160]
133: [159, 160]
134: [159, 160]
135: [159, 160]
136: [159, 160]
137: [159, 160]
138: [159, 160]
139: [159, 160]
140: [159, 160]
141: [159, 160]
142: [180, 159, 179, 160]
143: [180, 179]
107
0: [139, 140]
1: [162, 139, 161, 140]
2: [162, 139, 164, 163, 161, 140]
3: [162, 139, 164, 166, 165, 163, 161, 140]
4: [162, 164, 166, 168, 139, 167, 165, 163, 161, 140]
5: [162, 164, 166, 168, 170, 139, 169, 167, 165, 163, 161, 140]
6: [162, 164, 166, 168, 170, 139, 172, 171, 169, 167, 165, 163, 161, 140]
7: [162, 164, 166, 168, 170, 139, 172, 174, 173, 171, 169, 167, 165, 163, 161, 140]
8: [162, 164, 166, 168, 170, 139, 172, 174, 176, 175, 173, 171, 169, 167, 165, 163, 161, 140]
9: [162, 164, 166, 168, 170, 139, 172, 174, 176, 178, 177, 175, 173, 171, 169, 167, 165, 163, 161, 140]
10: [162, 164, 166, 168, 170, 139, 172, 174, 176, 178, 180, 179, 177, 175, 173, 171, 169, 167, 165, 163, 161, 140]
11: [162, 164, 166, 168, 170, 139, 172, 174, 176, 178, 180, 179, 177, 175, 173, 171, 169, 167, 165, 163, 161, 140]
12: [139, 140]
13: [162, 161]
14: [164, 163]
15: [166, 165]
16: [168, 167]
17: [170, 169]
18: [172, 171]
19: [174, 173]
20: [176, 175]
21: [178, 177]
22: [180, 179]
23: [162, 164, 166, 168, 170, 139, 172, 174, 176, 178, 180, 179, 177, 175, 173, 171, 169, 167, 165, 163, 161, 140]
24: [139, 140]
25: [162, 161]
26: [164, 163]
27: [166, 165]
28: [168, 167]
29: [170, 169]
30: [172, 171]
31: [174, 173]
32: [176, 175]
33: [178, 177]
34: [180, 179]
35: [162, 164, 166, 168, 170, 139, 172, 174, 176, 178, 180, 179, 177, 175, 173, 171, 169, 167, 165, 163, 161, 140]
36: [139, 140]
37: [161, 162]
38: [163, 164]
39: [165, 166]
40: [168, 167]
41: [169, 170]
42: [171, 172]
43: [173, 174]
44: [176, 175]
45: [177, 178]
46: [179, 180]
47: [162, 164, 166, 168, 170, 139, 172, 174, 176, 178, 180, 179, 177, 175, 173, 171, 169, 167, 165, 163, 161, 140]
48: [140, 139]
49: [161, 162]
50: [163, 164]
51: [165, 166]
52: [167, 168]
53: [169, 170]
54: [171, 172]
55: [173, 174]
56: [175, 176]
57: [177, 178]
58: [179, 180]
59: [162, 164, 166, 168, 170, 139, 172, 174, 176, 178, 180, 179, 177, 175, 173, 171, 169, 167, 165, 163, 161, 140]
60: [140, 139]
61: [161, 162]
62: [163, 164]
63: [165, 166]
64: [167, 168]
65: [169, 170]
66: [171, 172]
67: [173, 174]
68: [175, 176]
69: [177, 178]
70: [179, 180]
71: [162, 164, 166, 168, 170, 139, 172, 174, 176, 178, 180, 179, 177, 175, 173, 171, 169, 167, 165, 163, 161, 140]
72: [140, 139]
73: [161, 162]
74: [163, 164]
75: [165, 166]
76: [167, 168]
77: [169, 170]
78: [171, 172]
79: [173, 174]
80: [175, 176]
81: [177, 178]
82: [179, 180]
83: [162, 164, 166, 168, 170, 139, 172, 174, 176, 178, 180, 179, 177, 175, 173, 171, 169, 167, 165, 163, 161, 140]
84: [195, 196, 140, 139]
85: [196, 195, 161, 162]
86: [196, 195, 163, 164]
87: [196, 195, 165, 166]
88: [196, 167, 195, 168]
89: [196, 169, 195, 170]
90: [196, 171, 195, 172]
91: [196, 173, 195, 174]
92: [196, 175, 176, 195]
93: [196, 177, 178, 195]
94: [196, 179, 180, 195]
95: [162, 164, 196, 166, 168, 170, 139, 172, 174, 176, 178, 180, 179, 195, 177, 175, 173, 171, 169, 167, 165, 163, 161, 140]
96: [195, 198, 196, 197, 140, 139]
97: [195, 198, 196, 197, 161, 162]
98: [195, 198, 163, 196, 197, 164]
99: [195, 198, 165, 196, 197, 166]
100: [195, 198, 167, 196, 197, 168]
101: [195, 198, 169, 196, 197, 170]
102: [195, 198, 171, 196, 197, 172]
103: [195, 198, 173, 196, 197, 174]
104: [195, 198, 175, 176, 196, 197]
105: [195, 198, 177, 178, 196, 197]
106: [195, 198, 179, 180, 196, 197]
107: []
108: [197, 198, 140, 139]
109: [197, 198, 161, 162]
110: [197, 163, 198, 164]
111: [197, 165, 198, 166]
112: [197, 167, 198, 168]
113: [197, 169, 198, 170]
114: [197, 171, 198, 172]
115: [197, 173, 198, 174]
116: [197, 175, 176, 198]
117: [197, 177, 178, 198]
118: [197, 179, 180, 198]
119: [161, 163, 165, 197, 167, 169, 171, 140, 173, 175, 177, 179, 180, 198, 178, 176, 174, 172, 170, 168, 166, 164, 162, 139]
120: [140, 139]
121: [161, 162]
122: [163, 164]
123: [165, 166]
124: [167, 168]
125: [169, 170]
126: [171, 172]
127: [173, 174]
128: [175, 176]
129: [177, 178]
130: [179, 180]
131: [161, 163, 165, 167, 169, 171, 140, 173, 175, 177, 179, 180, 178, 176, 174, 172, 170, 168, 166, 164, 162, 139]
132: [140, 139]
133: [161, 140, 162, 139]
134: [161, 163, 140, 164, 162, 139]
135: [161, 163, 140, 165, 166, 164, 162, 139]
136: [161, 163, 165, 167, 140, 168, 166, 164, 162, 139]
137: [161, 163, 165, 167, 169, 140, 170, 168, 166, 164, 162, 139]
138: [161, 163, 165, 167, 169, 171, 140, 172, 170, 168, 166, 164, 162, 139]
139: [161, 163, 165, 167, 169, 171, 140, 173, 174, 172, 170, 168, 166, 164, 162, 139]
140: [161, 163, 165, 167, 169, 171, 140, 173, 175, 176, 174, 172, 170, 168, 166, 164, 162, 139]
141: [161, 163, 165, 167, 169, 171, 140, 173, 175, 177, 178, 176, 174, 172, 170, 168, 166, 164, 162, 139]
142: [161, 163, 165, 167, 169, 171, 140, 173, 175, 177, 179, 180, 178, 176, 174, 172, 170, 168, 166, 164, 162, 139]
143: [161, 163, 165, 167, 169, 171, 140, 173, 175, 177, 179, 180, 178, 176, 174, 172, 170, 168, 166, 164, 162, 139]
108
0: [140, 141, 143, 145, 147, 149, 151, 153, 155, 157, 159, 142, 144, 146, 148, 150, 152, 154, 156, 158, 160, 139]
1: [140, 141, 143, 145, 147, 149, 151, 153, 155, 157, 159, 142, 144, 146, 148, 150, 152, 154, 156, 158, 160, 139]
2: [140, 143, 145, 147, 149, 151, 153, 155, 157, 159, 144, 146, 148, 150, 152, 154, 156, 158, 160, 139]
3: [140, 145, 147, 149, 151, 153, 155, 157, 159, 146, 148, 150, 152, 154, 156, 158, 160, 139]
4: [140, 147, 149, 151, 153, 155, 157, 159, 148, 150, 152, 154, 156, 158, 160, 139]
5: [140, 149, 151, 153, 155, 157, 159, 150, 152, 154, 156, 158, 160, 139]
6: [140, 151, 153, 155, 157, 159, 152, 154, 156, 158, 160, 139]
7: [140, 153, 155, 157, 159, 154, 156, 158, 160, 139]
8: [155, 140, 157, 159, 156, 158, 160, 139]
9: [140, 157, 159, 158, 160, 139]
10: [140, 159, 160, 139]
11: [140, 139]
12: [140, 141, 143, 145, 147, 149, 151, 153, 155, 157, 159, 142, 144, 146, 148, 150, 152, 154, 156, 158, 160, 139]
13: [141, 142]
14: [143, 144]
15: [145, 146]
16: [147, 148]
17: [149, 150]
18: [151, 152]
19: [153, 154]
20: [155, 156]
21: [157, 158]
22: [159, 160]
23: [140, 139]
24: [140, 141, 143, 145, 147, 149, 151, 153, 155, 157, 159, 142, 144, 146, 148, 150, 152, 154, 156, 158, 160, 139]
25: [141, 142]
26: [144, 143]
27: [145, 146]
28: [147, 148]
29: [149, 150]
30: [152, 151]
31: [153, 154]
32: [155, 156]
33: [157, 158]
34: [160, 159]
35: [139, 140]
36: [140, 141, 143, 145, 147, 149, 151, 153, 155, 157, 159, 142, 144, 146, 148, 150, 152, 154, 156, 158, 160, 139]
37: [142, 141]
38: [144, 143]
39: [146, 145]
40: [148, 147]
41: [150, 149]
42: [152, 151]
43: [154, 153]
44: [156, 155]
45: [158, 157]
46: [160, 159]
47: [139, 140]
48: [140, 141, 143, 145, 147, 149, 151, 153, 155, 157, 159, 142, 144, 146, 148, 150, 152, 154, 156, 158, 160, 139]
49: [142, 141]
50: [144, 143]
51: [146, 145]
52: [148, 147]
53: [150, 149]
54: [152, 151]
55: [154, 153]
56: [156, 155]
57: [158, 157]
58: [160, 159]
59: [139, 140]
60: [140, 141, 143, 145, 147, 149, 151, 153, 155, 157, 159, 142, 144, 146, 148, 150, 152, 154, 156, 158, 160, 139]
61: [142, 141]
62: [144, 143]
63: [146, 145]
64: [148, 147]
65: [150, 149]
66: [152, 151]
67: [154, 153]
68: [156, 155]
69: [158, 157]
70: [160, 159]
71: [139, 140]
72: [140, 141, 143, 145, 147, 149, 151, 153, 155, 157, 159, 142, 144, 146, 148, 150, 152, 154, 156, 158, 160, 139]
73: [142, 141]
74: [144, 143]
75: [146, 145]
76: [148, 147]
77: [150, 149]
78: [152, 151]
79: [154, 153]
80: [156, 155]
81: [158, 157]
82: [160, 159]
83: [139, 140]
84: [140, 141, 143, 145, 147, 149, 151, 153, 155, 157, 159, 142, 144, 146, 148, 150, 152, 154, 156, 158, 160, 139]
85: [142, 141]
86: [144, 143]
87: [146, 145]
88: [148, 147]
89: [150, 149]
90: [152, 151]
91: [154, 153]
92: [156, 155]
93: [158, 157]
94: [160, 159]
95: [139, 140]
96: [197, 140, 141, 143, 145, 147, 149, 151, 153, 155, 157, 159, 198, 142, 144, 146, 148, 150, 152, 154, 156, 158, 160, 139]
97: [197, 142, 141, 198]
98: [197, 144, 143, 198]
99: [197, 146, 145, 198]
100: [197, 148, 198, 147]
101: [197, 150, 198, 149]
102: [197, 152, 198, 151]
103: [197, 154, 198, 153]
104: [197, 156, 198, 155]
105: [197, 198, 158, 157]
106: [197, 198, 160, 159]
107: [197, 198, 139, 140]
108: []
109: [198, 199, 142, 141, 200, 197]
110: [198, 199, 144, 143, 200, 197]
111: [198, 199, 146, 200, 145, 197]
112: [198, 199, 148, 200, 197, 147]
113: [198, 199, 150, 200, 197, 149]
114: [198, 199, 152, 200, 197, 151]
115: [198, 199, 154, 200, 197, 153]
116: [198, 199, 156, 200, 197, 155]
117: [198, 199, 158, 200, 197, 157]
118: [198, 199, 160, 197, 200, 159]
119: [198, 199, 200, 197, 139, 140]
120: [160, 200, 139, 142, 144, 146, 148, 150, 152, 154, 156, 158, 141, 199, 143, 145, 147, 149, 151, 153, 155, 157, 159, 140]
121: [200, 142, 141, 199]
122: [200, 144, 199, 143]
123: [200, 146, 199, 145]
124: [200, 148, 199, 147]
125: [200, 150, 199, 149]
126: [200, 152, 199, 151]
127: [200, 154, 199, 153]
128: [200, 156, 199, 155]
129: [200, 158, 199, 157]
130: [200, 160, 199, 159]
131: [200, 199, 139, 140]
132: [160, 139, 142, 144, 146, 148, 150, 152, 154, 156, 158, 141, 143, 145, 147, 149, 151, 153, 155, 157, 159, 140]
133: [160, 139, 142, 144, 146, 148, 150, 152, 154, 156, 158, 141, 143, 145, 147, 149, 151, 153, 155, 157, 159, 140]
134: [160, 139, 144, 146, 148, 150, 152, 154, 156, 158, 143, 145, 147, 149, 151, 153, 155, 157, 159, 140]
135: [160, 139, 146, 148, 150, 152, 154, 156, 158, 145, 147, 149, 151, 153, 155, 157, 159, 140]
136: [160, 139, 148, 150, 152, 154, 156, 158, 147, 149, 151, 153, 155, 157, 159, 140]
137: [160, 139, 150, 152, 154, 156, 158, 149, 151, 153, 155, 157, 159, 140]
138: [160, 139, 152, 154, 156, 158, 151, 153, 155, 157, 159, 140]
139: [160, 139, 154, 156, 158, 153, 155, 157, 159, 140]
140: [160, 139, 156, 158, 155, 157, 159, 140]
141: [160, 139, 158, 157, 159, 140]
142: [160, 139, 159, 140]
143: [139, 140]
109
0: [142, 141]
1: [161, 142, 141, 162]
2: [161, 162]
3: [161, 162]
4: [161, 162]
5: [161, 162]
6: [161, 162]
7: [161, 162]
8: [161, 162]
9: [161, 162]
10: [161, 162]
11: [161, 162]
12: [142, 141]
13: [104, 122, 87, 121, 103, 88]
14: [104, 122, 87, 121, 103, 88]
15: [104, 87, 103, 88]
16: [104, 87, 103, 88]
17: [104, 87, 103, 88]
18: [104, 87, 103, 88]
19: [104, 87, 103, 88]
20: [104, 87, 103, 88]
21: [104, 87, 103, 88]
22: [104, 103, 87, 88]
23: [161, 162]
24: [141, 142]
25: [104, 106, 122, 87, 121, 105, 103, 88]
26: [106, 121, 122, 105]
27: [106, 105]
28: [106, 105]
29: [106, 105]
30: [106, 105]
31: [106, 105]
32: [106, 105]
33: [106, 105]
34: [106, 103, 88, 105, 104, 87]
35: [161, 162]
36: [141, 142]
37: [104, 106, 108, 87, 122, 121, 107, 105, 103, 88]
38: [108, 121, 122, 107]
39: [108, 107]
40: [108, 107]
41: [108, 107]
42: [108, 107]
43: [108, 107]
44: [108, 107]
45: [108, 107]
46: [108, 103, 88, 105, 106, 107, 104, 87]
47: [162, 161]
48: [141, 142]
49: [104, 106, 108, 110, 87, 122, 121, 109, 107, 105, 103, 88]
50: [110, 121, 122, 109]
51: [110, 109]
52: [110, 109]
53: [110, 109]
54: [110, 109]
55: [110, 109]
56: [110, 109]
57: [110, 109]
58: [110, 103, 105, 107, 108, 109, 88, 106, 104, 87]
59: [162, 161]
60: [141, 142]
61: [104, 106, 108, 110, 112, 87, 122, 121, 111, 109, 107, 105, 103, 88]
62: [112, 121, 122, 111]
63: [112, 111]
64: [112, 111]
65: [112, 111]
66: [112, 111]
67: [112, 111]
68: [112, 111]
69: [112, 111]
70: [112, 103, 105, 107, 109, 110, 111, 88, 108, 106, 104, 87]
71: [162, 161]
72: [141, 142]
73: [104, 106, 108, 110, 112, 114, 87, 122, 121, 113, 111, 109, 107, 105, 103, 88]
74: [114, 121, 122, 113]
75: [114, 113]
76: [114, 113]
77: [114, 113]
78: [114, 113]
79: [114, 113]
80: [114, 113]
81: [114, 113]
82: [114, 103, 105, 107, 109, 111, 112, 113, 88, 110, 108, 106, 104, 87]
83: [162, 161]
84: [141, 142]
85: [104, 106, 108, 110, 112, 114, 116, 87, 122, 121, 115, 113, 111, 109, 107, 105, 103, 88]
86: [116, 121, 122, 115]
87: [116, 115]
88: [116, 115]
89: [116, 115]
90: [116, 115]
91: [116, 115]
92: [116, 115]
93: [116, 115]
94: [116, 103, 105, 107, 109, 111, 113, 114, 115, 88, 112, 110, 108, 106, 104, 87]
95: [162, 161]
96: [197, 141, 142, 198]
97: [104, 106, 108, 110, 112, 114, 116, 118, 87, 122, 121, 117, 115, 113, 111, 109, 107, 105, 103, 88]
98: [118, 121, 122, 117]
99: [118, 117]
100: [118, 117]
101: [118, 117]
102: [118, 117]
103: [118, 117]
104: [118, 117]
105: [118, 117]
106: [118, 103, 105, 107, 109, 111, 113, 115, 116, 117, 88, 114, 112, 110, 108, 106, 104, 87]
107: [198, 197, 162, 161]
108: [200, 197, 141, 142, 198, 199]
109: []
110: [120, 103, 121, 122, 119, 104]
111: [120, 103, 119, 104]
112: [120, 103, 119, 104]
113: [120, 103, 119, 104]
114: [120, 103, 119, 104]
115: [120, 103, 119, 104]
116: [120, 103, 119, 104]
117: [120, 103, 119, 104]
118: [120, 103, 105, 107, 109, 111, 113, 115, 117, 118, 119, 88, 116, 114, 112, 110, 108, 106, 104, 87]
119: [198, 199, 200, 162, 197, 161]
120: [200, 141, 142, 199]
121: [105, 107, 109, 111, 113, 115, 117, 119, 88, 121, 120, 122, 118, 116, 114, 112, 110, 108, 106, 87]
122: [105, 107, 109, 111, 113, 115, 117, 119, 88, 121, 120, 122, 118, 116, 114, 112, 110, 108, 106, 87]
123: [105, 107, 109, 111, 113, 115, 117, 119, 88, 120, 118, 116, 114, 112, 110, 108, 106, 87]
124: [105, 107, 109, 111, 113, 115, 117, 119, 88, 120, 118, 116, 114, 112, 110, 108, 106, 87]
125: [105, 107, 109, 111, 113, 115, 117, 119, 88, 120, 118, 116, 114, 112, 110, 108, 106, 87]
126: [105, 107, 109, 111, 113, 115, 117, 119, 88, 120, 118, 116, 114, 112, 110, 108, 106, 87]
127: [105, 107, 109, 111, 113, 115, 117, 119, 88, 120, 118, 116, 114, 112, 110, 108, 106, 87]
128: [105, 107, 109, 111, 113, 115, 117, 119, 88, 120, 118, 116, 114, 112, 110, 108, 106, 87]
129: [105, 107, 109, 111, 113, 115, 117, 119, 88, 120, 118, 116, 114, 112, 110, 108, 106, 87]
130: [105, 107, 109, 111, 113, 115, 117, 119, 88, 120, 118, 116, 114, 112, 110, 108, 106, 87]
131: [199, 200, 162, 161]
132: [141, 142]
133: [162, 141, 142, 161]
134: [162, 161]
135: [162, 161]
136: [162, 161]
137: [162, 161]
138: [162, 161]
139: [162, 161]
140: [162, 161]
141: [162, 161]
142: [162, 161]
143: [162, 161]
110
0: [144, 143]
1: [144, 143]
2: [144, 163, 143, 164]
3: [163, 164]
4: [163, 164]
5: [163, 164]
6: [163, 164]
7: [163, 164]
8: [163, 164]
9: [163, 164]
10: [163, 164]
11: [163, 164]
12: [144, 143]
13: [104, 121, 122, 103]
14: [121, 124, 104, 122, 123, 103]
15: [124, 104, 123, 103]
16: [104, 103]
17: [104, 103]
18: [104, 103]
19: [104, 103]
20: [104, 103]
21: [104, 103]
22: [103, 104]
23: [163, 164]
24: [144, 143]
25: [104, 121, 122, 103]
26: [48, 49, 51, 53, 55, 57, 59, 50, 52, 54, 56, 58, 60, 47]
27: [48, 49, 50, 51, 53, 55, 57, 59, 52, 54, 56, 58, 60, 47]
28: [48, 51, 52, 53, 55, 57, 59, 54, 56, 58, 60, 47]
29: [48, 53, 54, 55, 57, 59, 56, 58, 60, 47]
30: [48, 55, 56, 57, 59, 58, 60, 47]
31: [48, 57, 58, 59, 60, 47]
32: [48, 59, 60, 47]
33: [48, 47]
34: [103, 104]
35: [163, 164]
36: [143, 144]
37: [104, 122, 121, 103]
38: [48, 49, 51, 53, 55, 57, 59, 50, 52, 54, 56, 58, 60, 47]
39: [50, 49]
40: [52, 51]
41: [54, 53]
42: [56, 55]
43: [58, 57]
44: [60, 59]
45: [47, 48]
46: [103, 104]
47: [164, 163]
48: [143, 144]
49: [104, 122, 121, 103]
50: [48, 49, 51, 53, 55, 57, 59, 50, 52, 54, 56, 58, 60, 47]
51: [50, 49]
52: [52, 51]
53: [54, 53]
54: [56, 55]
55: [58, 57]
56: [60, 59]
57: [47, 48]
58: [103, 104]
59: [164, 163]
60: [143, 144]
61: [104, 122, 121, 103]
62: [48, 49, 51, 53, 55, 57, 59, 50, 52, 54, 56, 58, 60, 47]
63: [50, 49]
64: [52, 51]
65: [54, 53]
66: [56, 55]
67: [58, 57]
68: [60, 59]
69: [47, 48]
70: [103, 104]
71: [164, 163]
72: [143, 144]
73: [104, 122, 121, 103]
74: [48, 49, 51, 53, 55, 57, 59, 50, 52, 54, 56, 58, 60, 47]
75: [50, 49]
76: [52, 51]
77: [54, 53]
78: [56, 55]
79: [58, 57]
80: [60, 59]
81: [47, 48]
82: [103, 104]
83: [164, 163]
84: [143, 144]
85: [104, 122, 121, 103]
86: [48, 49, 51, 53, 55, 57, 59, 50, 52, 54, 56, 58, 60, 47]
87: [50, 49]
88: [52, 51]
89: [54, 53]
90: [56, 55]
91: [58, 57]
92: [60, 59]
93: [47, 48]
94: [103, 104]
95: [164, 163]
96: [197, 143, 144, 198]
97: [104, 122, 121, 103]
98: [48, 49, 51, 53, 85, 55, 57, 59, 50, 86, 52, 54, 56, 58, 60, 47]
99: [50, 85, 49, 86]
100: [52, 85, 86, 51]
101: [85, 54, 86, 53]
102: [56, 85, 86, 55]
103: [58, 85, 86, 57]
104: [60, 85, 86, 59]
105: [85, 86, 47, 48]
106: [103, 104]
107: [198, 164, 197, 163]
108: [200, 197, 143, 144, 198, 199]
109: [104, 119, 122, 121, 120, 103]
110: []
111: [47, 50, 52, 54, 86, 56, 58, 60, 49, 85, 51, 53, 55, 57, 59, 48]
112: [47, 52, 54, 86, 56, 58, 60, 85, 51, 53, 55, 57, 59, 48]
113: [47, 54, 86, 56, 58, 60, 85, 53, 55, 57, 59, 48]
114: [47, 86, 56, 58, 60, 85, 55, 57, 59, 48]
115: [58, 60, 86, 47, 85, 57, 59, 48]
116: [60, 86, 47, 85, 59, 48]
117: [86, 47, 85, 48]
118: [120, 103, 119, 104]
119: [198, 199, 164, 200, 197, 163]
120: [200, 143, 144, 199]
121: [122, 119, 120, 121]
122: [122, 123, 119, 120, 121, 124]
123: [123, 119, 120, 124]
124: [119, 120]
125: [119, 120]
126: [119, 120]
127: [119, 120]
128: [119, 120]
129: [120, 119]
130: [120, 119]
131: [199, 164, 200, 163]
132: [143, 144]
133: [143, 144]
134: [164, 143, 144, 163]
135: [164, 163]
136: [164, 163]
137: [164, 163]
138: [164, 163]
139: [164, 163]
140: [164, 163]
141: [164, 163]
142: [164, 163]
143: [164, 163]
111
0: [146, 145]
1: [146, 145]
2: [146, 145]
3: [146, 165, 145, 166]
4: [165, 166]
5: [165, 166]
6: [165, 166]
7: [165, 166]
8: [165, 166]
9: [165, 166]
10: [165, 166]
11: [165, 166]
12: [146, 145]
13: [104, 103]
14: [123, 104, 124, 103]
15: [123, 126, 104, 124, 125, 103]
16: [126, 125, 104, 103]
17: [104, 103]
18: [104, 103]
19: [104, 103]
20: [104, 103]
21: [103, 104]
22: [103, 104]
23: [165, 166]
24: [145, 146]
25: [104, 103]
26: [48, 49, 50, 51, 53, 55, 57, 59, 52, 54, 56, 58, 60, 47]
27: [50, 61, 48, 49, 51, 52, 53, 55, 57, 59, 54, 56, 58, 60, 62, 47]
28: [52, 61, 48, 51, 53, 54, 55, 57, 59, 56, 58, 60, 62, 47]
29: [61, 54, 48, 53, 55, 56, 57, 59, 58, 60, 62, 47]
30: [56, 61, 48, 55, 57, 58, 59, 60, 62, 47]
31: [58, 61, 48, 57, 59, 60, 62, 47]
32: [60, 61, 48, 59, 62, 47]
33: [61, 62, 47, 48]
34: [103, 104]
35: [165, 166]
36: [145, 146]
37: [104, 103]
38: [48, 49, 51, 53, 55, 57, 59, 50, 52, 54, 56, 58, 60, 47]
39: [50, 61, 49, 62]
40: [52, 51]
41: [54, 53]
42: [56, 55]
43: [58, 57]
44: [60, 59]
45: [62, 47, 61, 48]
46: [103, 104]
47: [166, 165]
48: [145, 146]
49: [104, 103]
50: [48, 49, 51, 53, 55, 57, 59, 50, 52, 54, 56, 58, 60, 47]
51: [50, 61, 49, 62]
52: [52, 51]
53: [54, 53]
54: [56, 55]
55: [58, 57]
56: [60, 59]
57: [62, 47, 61, 48]
58: [103, 104]
59: [166, 165]
60: [145, 146]
61: [104, 103]
62: [48, 49, 51, 53, 55, 57, 59, 50, 52, 54, 56, 58, 60, 47]
63: [50, 61, 49, 62]
64: [52, 51]
65: [54, 53]
66: [56, 55]
67: [58, 57]
68: [60, 59]
69: [62, 47, 61, 48]
70: [103, 104]
71: [166, 165]
72: [145, 146]
73: [104, 103]
74: [48, 49, 51, 53, 55, 57, 59, 50, 52, 54, 56, 58, 60, 47]
75: [50, 61, 49, 62]
76: [52, 51]
77: [54, 53]
78: [56, 55]
79: [58, 57]
80: [60, 59]
81: [62, 47, 61, 48]
82: [103, 104]
83: [166, 165]
84: [145, 146]
85: [104, 103]
86: [48, 49, 51, 53, 55, 57, 59, 50, 52, 54, 56, 58, 60, 47]
87: [50, 61, 49, 62]
88: [52, 51]
89: [54, 53]
90: [56, 55]
91: [58, 57]
92: [60, 59]
93: [62, 47, 61, 48]
94: [103, 104]
95: [166, 165]
96: [197, 145, 146, 198]
97: [104, 103]
98: [48, 49, 51, 53, 85, 55, 57, 59, 50, 86, 52, 54, 56, 58, 60, 47]
99: [50, 61, 85, 86, 49, 62]
100: [52, 85, 86, 51]
101: [54, 85, 86, 53]
102: [56, 85, 86, 55]
103: [58, 85, 86, 57]
104: [60, 85, 86, 59]
105: [86, 62, 47, 85, 61, 48]
106: [103, 104]
107: [198, 166, 197, 165]
108: [200, 197, 145, 146, 198, 199]
109: [104, 119, 120, 103]
110: [48, 49, 51, 53, 85, 55, 57, 59, 50, 86, 52, 54, 56, 58, 60, 47]
111: []
112: [47, 52, 54, 86, 56, 58, 60, 62, 85, 51, 53, 55, 57, 59, 61, 48]
113: [47, 54, 86, 56, 58, 60, 62, 85, 53, 55, 57, 59, 61, 48]
114: [47, 86, 56, 58, 60, 62, 85, 55, 57, 59, 61, 48]
115: [47, 86, 58, 60, 62, 85, 57, 59, 61, 48]
116: [86, 60, 62, 47, 85, 59, 61, 48]
117: [86, 62, 47, 85, 61, 48]
118: [120, 103, 119, 104]
119: [198, 199, 166, 200, 197, 165]
120: [200, 145, 199, 146]
121: [119, 120]
122: [124, 119, 120, 123]
123: [124, 125, 119, 120, 123, 126]
124: [125, 119, 120, 126]
125: [119, 120]
126: [119, 120]
127: [119, 120]
128: [120, 119]
129: [120, 119]
130: [120, 119]
131: [199, 166, 200, 165]
132: [145, 146]
133: [145, 146]
134: [145, 146]
135: [145, 166, 146, 165]
136: [166, 165]
137: [166, 165]
138: [166, 165]
139: [166, 165]
140: [166, 165]
141: [166, 165]
142: [166, 165]
143: [166, 165]
112
0: [148, 147]
1: [148, 147]
2: [148, 147]
3: [148, 147]
4: [148, 167, 147, 168]
5: [167, 168]
6: [167, 168]
7: [167, 168]
8: [167, 168]
9: [167, 168]
10: [167, 168]
11: [167, 168]
12: [148, 147]
13: [104, 103]
14: [104, 103]
15: [125, 126, 104, 103]
16: [128, 125, 126, 127, 104, 103]
17: [128, 127, 104, 103]
18: [104, 103]
19: [104, 103]
20: [103, 104]
21: [103, 104]
22: [103, 104]
23: [167, 168]
24: [147, 148]
25: [104, 103]
26: [48, 51, 52, 53, 55, 57, 59, 54, 56, 58, 60, 47]
27: [52, 61, 48, 51, 53, 54, 55, 57, 59, 56, 58, 60, 62, 47]
28: [52, 63, 61, 54, 48, 51, 53, 55, 56, 57, 59, 58, 60, 64, 62, 47]
29: [54, 63, 56, 61, 48, 53, 55, 57, 58, 59, 60, 64, 62, 47]
30: [56, 63, 58, 61, 48, 55, 57, 59, 60, 64, 62, 47]
31: [58, 63, 60, 61, 64, 47, 48, 57, 59, 62]
32: [60, 63, 64, 61, 62, 47, 48, 59]
33: [64, 63, 62, 47, 61, 48]
34: [103, 104]
35: [168, 167]
36: [147, 148]
37: [104, 103]
38: [48, 51, 53, 55, 57, 59, 52, 54, 56, 58, 60, 47]
39: [61, 62]
40: [52, 63, 51, 64]
41: [54, 53]
42: [56, 55]
43: [58, 57]
44: [60, 59]
45: [64, 62, 47, 63, 61, 48]
46: [103, 104]
47: [168, 167]
48: [147, 148]
49: [104, 103]
50: [48, 51, 53, 55, 57, 59, 52, 54, 56, 58, 60, 47]
51: [61, 62]
52: [52, 63, 51, 64]
53: [54, 53]
54: [56, 55]
55: [58, 57]
56: [60, 59]
57: [64, 62, 47, 63, 61, 48]
58: [103, 104]
59: [168, 167]
60: [147, 148]
61: [104, 103]
62: [48, 51, 53, 55, 57, 59, 52, 54, 56, 58, 60, 47]
63: [61, 62]
64: [52, 63, 51, 64]
65: [54, 53]
66: [56, 55]
67: [58, 57]
68: [60, 59]
69: [64, 62, 47, 63, 61, 48]
70: [103, 104]
71: [168, 167]
72: [147, 148]
73: [104, 103]
74: [48, 51, 53, 55, 57, 59, 52, 54, 56, 58, 60, 47]
75: [61, 62]
76: [52, 63, 51, 64]
77: [54, 53]
78: [56, 55]
79: [58, 57]
80: [60, 59]
81: [64, 62, 47, 63, 61, 48]
82: [103, 104]
83: [168, 167]
84: [147, 148]
85: [104, 103]
86: [48, 51, 53, 55, 57, 59, 52, 54, 56, 58, 60, 47]
87: [61, 62]
88: [52, 63, 51, 64]
89: [54, 53]
90: [56, 55]
91: [58, 57]
92: [60, 59]
93: [64, 62, 47, 63, 61, 48]
94: [103, 104]
95: [168, 167]
96: [197, 147, 198, 148]
97: [104, 103]
98: [48, 51, 53, 85, 55, 57, 59, 86, 52, 54, 56, 58, 60, 47]
99: [61, 85, 86, 62]
100: [52, 63, 85, 86, 51, 64]
101: [54, 85, 86, 53]
102: [56, 85, 86, 55]
103: [58, 85, 86, 57]
104: [60, 86, 85, 59]
105: [64, 86, 62, 47, 85, 63, 61, 48]
106: [103, 104]
107: [198, 168, 197, 167]
108: [200, 197, 147, 198, 199, 148]
109: [104, 119, 120, 103]
110: [48, 51, 53, 85, 55, 57, 59, 86, 52, 54, 56, 58, 60, 47]
111: [48, 51, 53, 85, 55, 57, 59, 61, 86, 52, 54, 56, 58, 60, 62, 47]
112: []
113: [64, 47, 54, 86, 56, 58, 60, 62, 85, 53, 55, 57, 63, 59, 61, 48]
114: [64, 47, 86, 56, 58, 60, 62, 85, 55, 57, 63, 59, 61, 48]
115: [64, 47, 86, 58, 60, 62, 85, 57, 63, 59, 61, 48]
116: [64, 47, 86, 60, 62, 85, 63, 59, 61, 48]
117: [64, 86, 62, 47, 85, 63, 61, 48]
118: [120, 103, 119, 104]
119: [198, 199, 168, 200, 197, 167]
120: [200, 147, 199, 148]
121: [119, 120]
122: [119, 120]
123: [126, 119, 120, 125]
124: [126, 127, 119, 120, 128, 125]
125: [127, 119, 120, 128]
126: [119, 120]
127: [120, 119]
128: [120, 119]
129: [120, 119]
130: [120, 119]
131: [199, 168, 200, 167]
132: [147, 148]
133: [147, 148]
134: [147, 148]
135: [147, 148]
136: [168, 147, 148, 167]
137: [168, 167]
138: [168, 167]
139: [168, 167]
140: [168, 167]
141: [168, 167]
142: [168, 167]
143: [168, 167]
113
0: [150, 149]
1: [150, 149]
2: [150, 149]
3: [150, 149]
4: [150, 149]
5: [169, 150, 149, 170]
6: [169, 170]
7: [169, 170]
8: [169, 170]
9: [169, 170]
10: [169, 170]
11: [169, 170]
12: [150, 149]
13: [104, 103]
14: [104, 103]
15: [104, 103]
16: [127, 128, 104, 103]
17: [130, 127, 128, 129, 104, 103]
18: [130, 129, 104, 103]
19: [103, 104]
20: [103, 104]
21: [103, 104]
22: [103, 104]
23: [169, 170]
24: [149, 150]
25: [104, 103]
26: [48, 53, 54, 55, 57, 59, 56, 58, 60, 47]
27: [61, 54, 48, 53, 55, 56, 57, 59, 58, 60, 62, 47]
28: [54, 63, 56, 61, 48, 53, 55, 57, 58, 59, 60, 64, 62, 47]
29: [65, 54, 56, 63, 58, 61, 48, 53, 55, 57, 59, 60, 64, 66, 62, 47]
30: [56, 65, 58, 63, 60, 61, 64, 66, 47, 48, 55, 57, 59, 62]
31: [65, 58, 60, 63, 64, 66, 47, 61, 62, 48, 57, 59]
32: [65, 60, 64, 66, 47, 62, 63, 61, 48, 59]
33: [64, 65, 66, 47, 62, 63, 61, 48]
34: [103, 104]
35: [169, 170]
36: [149, 150]
37: [104, 103]
38: [48, 53, 55, 57, 59, 54, 56, 58, 60, 47]
39: [61, 62]
40: [63, 64]
41: [65, 54, 53, 66]
42: [56, 55]
43: [58, 57]
44: [60, 59]
45: [64, 66, 62, 47, 65, 63, 61, 48]
46: [103, 104]
47: [170, 169]
48: [149, 150]
49: [104, 103]
50: [48, 53, 55, 57, 59, 54, 56, 58, 60, 47]
51: [61, 62]
52: [63, 64]
53: [65, 54, 53, 66]
54: [56, 55]
55: [58, 57]
56: [60, 59]
57: [64, 66, 62, 47, 65, 63, 61, 48]
58: [103, 104]
59: [170, 169]
60: [149, 150]
61: [104, 103]
62: [48, 53, 55, 57, 59, 54, 56, 58, 60, 47]
63: [61, 62]
64: [63, 64]
65: [65, 54, 53, 66]
66: [56, 55]
67: [58, 57]
68: [60, 59]
69: [64, 66, 62, 47, 65, 63, 61, 48]
70: [103, 104]
71: [170, 169]
72: [149, 150]
73: [104, 103]
74: [48, 53, 55, 57, 59, 54, 56, 58, 60, 47]
75: [61, 62]
76: [63, 64]
77: [65, 54, 53, 66]
78: [56, 55]
79: [58, 57]
80: [60, 59]
81: [64, 66, 62, 47, 65, 63, 61, 48]
82: [103, 104]
83: [170, 169]
84: [149, 150]
85: [104, 103]
86: [48, 53, 55, 57, 59, 54, 56, 58, 60, 47]
87: [61, 62]
88: [63, 64]
89: [65, 54, 53, 66]
90: [56, 55]
91: [58, 57]
92: [60, 59]
93: [64, 66, 62, 47, 65, 63, 61, 48]
94: [103, 104]
95: [170, 169]
96: [197, 149, 198, 150]
97: [104, 103]
98: [48, 53, 85, 55, 57, 59, 86, 54, 56, 58, 60, 47]
99: [61, 85, 86, 62]
100: [63, 85, 86, 64]
101: [65, 54, 85, 86, 53, 66]
102: [56, 85, 86, 55]
103: [58, 86, 85, 57]
104: [60, 86, 85, 59]
105: [64, 66, 47, 86, 62, 85, 65, 63, 61, 48]
106: [103, 104]
107: [198, 170, 197, 169]
108: [200, 197, 149, 198, 199, 150]
109: [104, 119, 120, 103]
110: [48, 53, 85, 55, 57, 59, 86, 54, 56, 58, 60, 47]
111: [48, 53, 85, 55, 57, 59, 61, 86, 54, 56, 58, 60, 62, 47]
112: [48, 53, 85, 55, 57, 59, 61, 63, 86, 54, 56, 64, 58, 60, 62, 47]
113: []
114: [64, 66, 47, 86, 56, 58, 60, 62, 85, 65, 55, 57, 63, 59, 61, 48]
115: [64, 66, 47, 86, 58, 60, 62, 85, 65, 57, 63, 59, 61, 48]
116: [64, 66, 47, 86, 60, 62, 85, 65, 63, 59, 61, 48]
117: [64, 66, 47, 86, 62, 85, 65, 63, 61, 48]
118: [120, 103, 119, 104]
119: [198, 199, 170, 200, 197, 169]
120: [200, 149, 199, 150]
121: [119, 120]
122: [119, 120]
123: [119, 120]
124: [128, 119, 120, 127]
125: [128, 129, 119, 120, 130, 127]
126: [129, 120, 119, 130]
127: [120, 119]
128: [120, 119]
129: [120, 119]
130: [120, 119]
131: [199, 170, 200, 169]
132: [149, 150]
133: [149, 150]
134: [149, 150]
135: [149, 150]
136: [149, 150]
137: [170, 149, 150, 169]
138: [170, 169]
139: [170, 169]
140: [170, 169]
141: [170, 169]
142: [170, 169]
143: [170, 169]
114
0: [152, 151]
1: [152, 151]
2: [152, 151]
3: [152, 151]
4: [152, 151]
5: [152, 151]
6: [152, 171, 172, 151]
7: [171, 172]
8: [171, 172]
9: [171, 172]
10: [171, 172]
11: [171, 172]
12: [152, 151]
13: [104, 103]
14: [104, 103]
15: [104, 103]
16: [104, 103]
17: [129, 130, 104, 103]
18: [129, 132, 130, 131, 103, 104]
19: [132, 131, 103, 104]
20: [103, 104]
21: [103, 104]
22: [103, 104]
23: [171, 172]
24: [152, 151]
25: [104, 103]
26: [48, 55, 56, 57, 59, 58, 60, 47]
27: [56, 61, 48, 55, 57, 58, 59, 60, 62, 47]
28: [56, 63, 58, 61, 48, 55, 57, 59, 60, 64, 62, 47]
29: [56, 65, 58, 63, 60, 61, 64, 66, 47, 48, 55, 57, 59, 62]
30: [56, 67, 65, 58, 60, 63, 64, 66, 68, 47, 61, 62, 48, 57, 59, 55]
31: [58, 67, 65, 60, 64, 66, 68, 47, 62, 63, 61, 48, 57, 59]
32: [67, 60, 64, 65, 66, 68, 47, 62, 63, 61, 48, 59]
33: [64, 66, 67, 68, 47, 62, 65, 63, 61, 48]
34: [103, 104]
35: [171, 172]
36: [151, 152]
37: [104, 103]
38: [48, 57, 59, 55, 56, 58, 60, 47]
39: [61, 62]
40: [63, 64]
41: [65, 66]
42: [56, 67, 68, 55]
43: [58, 57]
44: [60, 59]
45: [64, 66, 68, 47, 62, 67, 65, 63, 61, 48]
46: [103, 104]
47: [172, 171]
48: [151, 152]
49: [104, 103]
50: [48, 57, 59, 55, 56, 58, 60, 47]
51: [61, 62]
52: [63, 64]
53: [65, 66]
54: [56, 67, 68, 55]
55: [58, 57]
56: [60, 59]
57: [64, 66, 68, 47, 62, 67, 65, 63, 61, 48]
58: [103, 104]
59: [172, 171]
60: [151, 152]
61: [104, 103]
62: [48, 57, 59, 55, 56, 58, 60, 47]
63: [61, 62]
64: [63, 64]
65: [65, 66]
66: [56, 67, 68, 55]
67: [58, 57]
68: [60, 59]
69: [64, 66, 68, 47, 62, 67, 65, 63, 61, 48]
70: [103, 104]
71: [172, 171]
72: [151, 152]
73: [104, 103]
74: [48, 57, 59, 55, 56, 58, 60, 47]
75: [61, 62]
76: [63, 64]
77: [65, 66]
78: [56, 67, 68, 55]
79: [58, 57]
80: [60, 59]
81: [64, 66, 68, 47, 62, 67, 65, 63, 61, 48]
82: [103, 104]
83: [172, 171]
84: [151, 152]
85: [104, 103]
86: [48, 57, 59, 55, 56, 58, 60, 47]
87: [61, 62]
88: [63, 64]
89: [65, 66]
90: [56, 67, 68, 55]
91: [58, 57]
92: [60, 59]
93: [64, 66, 68, 47, 62, 67, 65, 63, 61, 48]
94: [103, 104]
95: [172, 171]
96: [197, 151, 198, 152]
97: [104, 103]
98: [48, 85, 55, 57, 59, 86, 56, 58, 60, 47]
99: [61, 85, 86, 62]
100: [63, 85, 86, 64]
101: [65, 85, 86, 66]
102: [56, 67, 86, 85, 68, 55]
103: [58, 86, 85, 57]
104: [60, 86, 85, 59]
105: [64, 66, 68, 47, 86, 62, 85, 67, 65, 63, 61, 48]
106: [103, 104]
107: [198, 172, 197, 171]
108: [200, 197, 151, 198, 199, 152]
109: [104, 119, 120, 103]
110: [48, 85, 55, 57, 59, 86, 56, 58, 60, 47]
111: [48, 85, 55, 57, 59, 61, 86, 56, 58, 60, 62, 47]
112: [48, 85, 55, 57, 59, 61, 63, 86, 56, 64, 58, 60, 62, 47]
113: [65, 48, 85, 55, 57, 59, 61, 63, 86, 56, 66, 64, 58, 60, 62, 47]
114: []
115: [64, 66, 68, 47, 86, 58, 60, 62, 85, 67, 65, 57, 63, 59, 61, 48]
116: [64, 66, 68, 47, 86, 60, 62, 85, 67, 65, 63, 59, 61, 48]
117: [64, 66, 68, 47, 86, 62, 85, 67, 65, 63, 61, 48]
118: [120, 103, 119, 104]
119: [198, 199, 172, 200, 197, 171]
120: [200, 151, 199, 152]
121: [119, 120]
122: [119, 120]
123: [119, 120]
124: [119, 120]
125: [130, 120, 119, 129]
126: [130, 131, 120, 119, 129, 132]
127: [131, 120, 119, 132]
128: [120, 119]
129: [120, 119]
130: [120, 119]
131: [199, 172, 200, 171]
132: [151, 152]
133: [151, 152]
134: [151, 152]
135: [151, 152]
136: [151, 152]
137: [151, 152]
138: [172, 151, 171, 152]
139: [172, 171]
140: [172, 171]
141: [172, 171]
142: [172, 171]
143: [172, 171]
115
0: [154, 153]
1: [154, 153]
2: [154, 153]
3: [154, 153]
4: [154, 153]
5: [154, 153]
6: [154, 153]
7: [154, 173, 174, 153]
8: [173, 174]
9: [173, 174]
10: [173, 174]
11: [173, 174]
12: [154, 153]
13: [104, 103]
14: [104, 103]
15: [104, 103]
16: [104, 103]
17: [103, 104]
18: [131, 132, 103, 104]
19: [131, 134, 132, 133, 103, 104]
20: [134, 133, 103, 104]
21: [103, 104]
22: [103, 104]
23: [173, 174]
24: [153, 154]
25: [104, 103]
26: [48, 57, 58, 59, 60, 47]
27: [58, 61, 48, 57, 59, 60, 62, 47]
28: [58, 63, 60, 61, 64, 47, 48, 57, 59, 62]
29: [65, 58, 60, 63, 64, 66, 47, 61, 62, 48, 57, 59]
30: [58, 67, 65, 60, 64, 66, 68, 47, 62, 63, 61, 48, 57, 59]
31: [58, 69, 67, 60, 64, 65, 66, 68, 70, 47, 62, 63, 61, 48, 57, 59]
32: [60, 69, 64, 66, 67, 68, 70, 47, 62, 65, 63, 61, 48, 59]
33: [64, 66, 68, 69, 70, 47, 62, 67, 65, 63, 61, 48]
34: [103, 104]
35: [173, 174]
36: [153, 154]
37: [104, 103]
38: [48, 57, 59, 58, 60, 47]
39: [61, 62]
40: [63, 64]
41: [65, 66]
42: [67, 68]
43: [58, 69, 70, 57]
44: [60, 59]
45: [64, 66, 68, 70, 47, 62, 69, 67, 65, 63, 61, 48]
46: [103, 104]
47: [174, 173]
48: [153, 154]
49: [104, 103]
50: [48, 57, 59, 58, 60, 47]
51: [61, 62]
52: [63, 64]
53: [65, 66]
54: [67, 68]
55: [58, 69, 70, 57]
56: [60, 59]
57: [64, 66, 68, 70, 47, 62, 69, 67, 65, 63, 61, 48]
58: [103, 104]
59: [174, 173]
60: [153, 154]
61: [104, 103]
62: [48, 57, 59, 58, 60, 47]
63: [61, 62]
64: [63, 64]
65: [65, 66]
66: [67, 68]
67: [58, 69, 70, 57]
68: [60, 59]
69: [64, 66, 68, 70, 47, 62, 69, 67, 65, 63, 61, 48]
70: [103, 104]
71: [174, 173]
72: [153, 154]
73: [104, 103]
74: [48, 57, 59, 58, 60, 47]
75: [61, 62]
76: [63, 64]
77: [65, 66]
78: [67, 68]
79: [58, 69, 70, 57]
80: [60, 59]
81: [64, 66, 68, 70, 47, 62, 69, 67, 65, 63, 61, 48]
82: [103, 104]
83: [174, 173]
84: [153, 154]
85: [104, 103]
86: [48, 57, 59, 58, 60, 47]
87: [61, 62]
88: [63, 64]
89: [65, 66]
90: [67, 68]
91: [58, 69, 70, 57]
92: [60, 59]
93: [64, 66, 68, 70, 47, 62, 69, 67, 65, 63, 61, 48]
94: [103, 104]
95: [174, 173]
96: [197, 153, 198, 154]
97: [104, 103]
98: [48, 57, 59, 85, 86, 58, 60, 47]
99: [61, 85, 86, 62]
100: [63, 85, 86, 64]
101: [65, 86, 85, 66]
102: [67, 86, 85, 68]
103: [58, 69, 86, 85, 70, 57]
104: [60, 86, 85, 59]
105: [64, 66, 68, 70, 47, 86, 62, 85, 69, 67, 65, 63, 61, 48]
106: [103, 104]
107: [198, 174, 197, 173]
108: [200, 197, 153, 198, 199, 154]
109: [104, 119, 120, 103]
110: [48, 57, 59, 85, 86, 58, 60, 47]
111: [48, 85, 57, 59, 61, 86, 58, 60, 62, 47]
112: [48, 85, 57, 59, 61, 63, 86, 64, 58, 60, 62, 47]
113: [65, 48, 85, 57, 59, 61, 63, 86, 66, 64, 58, 60, 62, 47]
114: [65, 67, 48, 85, 57, 59, 61, 63, 86, 68, 66, 64, 58, 60, 62, 47]
115: []
116: [64, 66, 68, 70, 47, 86, 60, 62, 85, 69, 67, 65, 63, 59, 61, 48]
117: [64, 66, 68, 70, 47, 86, 62, 85, 69, 67, 65, 63, 61, 48]
118: [120, 103, 119, 104]
119: [198, 199, 174, 200, 197, 173]
120: [200, 153, 199, 154]
121: [119, 120]
122: [119, 120]
123: [119, 120]
124: [120, 119]
125: [120, 119]
126: [132, 120, 119, 131]
127: [132, 133, 120, 119, 131, 134]
128: [133, 120, 119, 134]
129: [120, 119]
130: [120, 119]
131: [199, 174, 200, 173]
132: [153, 154]
133: [153, 154]
134: [153, 154]
135: [153, 154]
136: [153, 154]
137: [153, 154]
138: [153, 154]
139: [153, 174, 173, 154]
140: [174, 173]
141: [174, 173]
142: [174, 173]
143: [174, 173]
116
0: [156, 155]
1: [156, 155]
2: [156, 155]
3: [156, 155]
4: [156, 155]
5: [156, 155]
6: [156, 155]
7: [156, 155]
8: [156, 175, 176, 155]
9: [175, 176]
10: [175, 176]
11: [175, 176]
12: [156, 155]
13: [104, 103]
14: [104, 103]
15: [104, 103]
16: [103, 104]
17: [103, 104]
18: [103, 104]
19: [133, 134, 103, 104]
20: [136, 133, 135, 134, 103, 104]
21: [136, 135, 103, 104]
22: [103, 104]
23: [175, 176]
24: [155, 156]
25: [104, 103]
26: [48, 59, 60, 47]
27: [60, 61, 48, 59, 62, 47]
28: [60, 63, 64, 61, 62, 47, 48, 59]
29: [65, 60, 64, 66, 47, 62, 63, 61, 48, 59]
30: [67, 60, 64, 65, 66, 68, 47, 62, 63, 61, 48, 59]
31: [60, 69, 64, 66, 67, 68, 70, 47, 62, 65, 63, 61, 48, 59]
32: [60, 71, 64, 66, 68, 69, 70, 72, 47, 62, 67, 65, 63, 61, 48, 59]
33: [64, 66, 68, 70, 71, 72, 47, 62, 69, 67, 65, 63, 61, 48]
34: [103, 104]
35: [176, 175]
36: [155, 156]
37: [104, 103]
38: [48, 59, 60, 47]
39: [61, 62]
40: [63, 64]
41: [65, 66]
42: [67, 68]
43: [69, 70]
44: [60, 71, 72, 59]
45: [64, 66, 68, 70, 72, 47, 62, 71, 69, 67, 65, 63, 61, 48]
46: [103, 104]
47: [176, 175]
48: [155, 156]
49: [104, 103]
50: [48, 59, 60, 47]
51: [61, 62]
52: [63, 64]
53: [65, 66]
54: [67, 68]
55: [69, 70]
56: [60, 71, 72, 59]
57: [64, 66, 68, 70, 72, 47, 62, 71, 69, 67, 65, 63, 61, 48]
58: [103, 104]
59: [176, 175]
60: [155, 156]
61: [104, 103]
62: [48, 59, 60, 47]
63: [61, 62]
64: [63, 64]
65: [65, 66]
66: [67, 68]
67: [69, 70]
68: [60, 71, 72, 59]
69: [64, 66, 68, 70, 72, 47, 62, 71, 69, 67, 65, 63, 61, 48]
70: [103, 104]
71: [176, 175]
72: [155, 156]
73: [104, 103]
74: [48, 59, 60, 47]
75: [61, 62]
76: [63, 64]
77: [65, 66]
78: [67, 68]
79: [69, 70]
80: [60, 71, 72, 59]
81: [64, 66, 68, 70, 72, 47, 62, 71, 69, 67, 65, 63, 61, 48]
82: [103, 104]
83: [176, 175]
84: [155, 156]
85: [104, 103]
86: [48, 59, 60, 47]
87: [61, 62]
88: [63, 64]
89: [65, 66]
90: [67, 68]
91: [69, 70]
92: [60, 71, 72, 59]
93: [64, 66, 68, 70, 72, 47, 62, 71, 69, 67, 65, 63, 61, 48]
94: [103, 104]
95: [176, 175]
96: [197, 155, 198, 156]
97: [104, 103]
98: [48, 59, 85, 86, 60, 47]
99: [61, 85, 86, 62]
100: [63, 86, 85, 64]
101: [65, 86, 85, 66]
102: [67, 86, 85, 68]
103: [69, 86, 85, 70]
104: [60, 71, 86, 85, 72, 59]
105: [64, 66, 68, 70, 72, 47, 86, 62, 85, 71, 69, 67, 65, 63, 61, 48]
106: [103, 104]
107: [198, 176, 197, 175]
108: [200, 197, 155, 198, 199, 156]
109: [104, 119, 120, 103]
110: [48, 59, 85, 86, 60, 47]
111: [48, 59, 85, 61, 86, 60, 62, 47]
112: [48, 85, 59, 61, 63, 86, 64, 60, 62, 47]
113: [65, 48, 85, 59, 61, 63, 86, 66, 64, 60, 62, 47]
114: [65, 67, 48, 85, 59, 61, 63, 86, 68, 66, 64, 60, 62, 47]
115: [65, 67, 69, 48, 85, 59, 61, 63, 86, 70, 68, 66, 64, 60, 62, 47]
116: []
117: [64, 66, 68, 70, 72, 47, 86, 62, 85, 71, 69, 67, 65, 63, 61, 48]
118: [120, 103, 119, 104]
119: [198, 199, 176, 200, 197, 175]
120: [200, 155, 199, 156]
121: [119, 120]
122: [119, 120]
123: [120, 119]
124: [120, 119]
125: [120, 119]
126: [120, 119]
127: [134, 120, 119, 133]
128: [134, 135, 120, 119, 136, 133]
129: [135, 120, 119, 136]
130: [120, 119]
131: [199, 176, 200, 175]
132: [155, 156]
133: [155, 156]
134: [155, 156]
135: [155, 156]
136: [155, 156]
137: [155, 156]
138: [155, 156]
139: [155, 156]
140: [176, 155, 175, 156]
141: [176, 175]
142: [176, 175]
143: [176, 175]
117
0: [158, 157]
1: [158, 157]
2: [158, 157]
3: [158, 157]
4: [158, 157]
5: [158, 157]
6: [158, 157]
7: [158, 157]
8: [158, 157]
9: [177, 158, 178, 157]
10: [177, 178]
11: [177, 178]
12: [158, 157]
13: [104, 103]
14: [104, 103]
15: [103, 104]
16: [103, 104]
17: [103, 104]
18: [103, 104]
19: [103, 104]
20: [135, 136, 103, 104]
21: [138, 135, 103, 136, 137, 104]
22: [138, 103, 137, 104]
23: [177, 178]
24: [157, 158]
25: [104, 103]
26: [48, 47]
27: [61, 62, 47, 48]
28: [64, 63, 62, 47, 61, 48]
29: [64, 65, 66, 47, 62, 63, 61, 48]
30: [64, 66, 67, 68, 47, 62, 65, 63, 61, 48]
31: [64, 66, 68, 69, 70, 47, 62, 67, 65, 63, 61, 48]
32: [64, 66, 68, 70, 71, 72, 47, 62, 69, 67, 65, 63, 61, 48]
33: [64, 66, 68, 70, 72, 47, 62, 71, 69, 67, 65, 63, 61, 48]
34: [103, 137, 138, 104]
35: [177, 178]
36: [157, 158]
37: [104, 103]
38: [48, 47]
39: [61, 62]
40: [63, 64]
41: [65, 66]
42: [67, 68]
43: [69, 70]
44: [71, 72]
45: [64, 66, 68, 70, 72, 47, 62, 71, 69, 67, 65, 63, 61, 48]
46: [103, 137, 138, 104]
47: [178, 177]
48: [157, 158]
49: [104, 103]
50: [48, 47]
51: [61, 62]
52: [63, 64]
53: [65, 66]
54: [67, 68]
55: [69, 70]
56: [71, 72]
57: [64, 66, 68, 70, 72, 47, 62, 71, 69, 67, 65, 63, 61, 48]
58: [103, 137, 138, 104]
59: [178, 177]
60: [157, 158]
61: [104, 103]
62: [48, 47]
63: [61, 62]
64: [63, 64]
65: [65, 66]
66: [67, 68]
67: [69, 70]
68: [71, 72]
69: [64, 66, 68, 70, 72, 47, 62, 71, 69, 67, 65, 63, 61, 48]
70: [103, 137, 138, 104]
71: [178, 177]
72: [157, 158]
73: [104, 103]
74: [48, 47]
75: [61, 62]
76: [63, 64]
77: [65, 66]
78: [67, 68]
79: [69, 70]
80: [71, 72]
81: [64, 66, 68, 70, 72, 47, 62, 71, 69, 67, 65, 63, 61, 48]
82: [103, 137, 138, 104]
83: [178, 177]
84: [157, 158]
85: [104, 103]
86: [48, 47]
87: [61, 62]
88: [63, 64]
89: [65, 66]
90: [67, 68]
91: [69, 70]
92: [71, 72]
93: [64, 66, 68, 70, 72, 47, 62, 71, 69, 67, 65, 63, 61, 48]
94: [103, 137, 138, 104]
95: [178, 177]
96: [197, 157, 198, 158]
97: [104, 103]
98: [48, 85, 86, 47]
99: [61, 86, 85, 62]
100: [86, 63, 85, 64]
101: [65, 86, 85, 66]
102: [67, 86, 85, 68]
103: [69, 86, 85, 70]
104: [86, 71, 72, 85]
105: [64, 66, 68, 70, 72, 47, 86, 62, 85, 71, 69, 67, 65, 63, 61, 48]
106: [103, 137, 138, 104]
107: [198, 178, 177, 197]
108: [200, 197, 157, 198, 199, 158]
109: [104, 119, 120, 103]
110: [48, 85, 86, 47]
111: [48, 85, 61, 86, 62, 47]
112: [48, 85, 61, 63, 86, 64, 62, 47]
113: [65, 48, 85, 61, 63, 86, 66, 64, 62, 47]
114: [65, 67, 48, 85, 61, 63, 86, 68, 66, 64, 62, 47]
115: [65, 67, 69, 48, 85, 61, 63, 86, 70, 68, 66, 64, 62, 47]
116: [65, 67, 69, 71, 48, 85, 61, 63, 72, 86, 70, 68, 66, 64, 62, 47]
117: []
118: [120, 103, 137, 138, 119, 104]
119: [198, 199, 178, 177, 200, 197]
120: [200, 157, 199, 158]
121: [119, 120]
122: [120, 119]
123: [120, 119]
124: [120, 119]
125: [120, 119]
126: [120, 119]
127: [120, 119]
128: [136, 120, 119, 135]
129: [136, 137, 120, 119, 138, 135]
130: [120, 137, 138, 119]
131: [199, 178, 200, 177]
132: [157, 158]
133: [157, 158]
134: [157, 158]
135: [157, 158]
136: [157, 158]
137: [157, 158]
138: [157, 158]
139: [157, 158]
140: [157, 158]
141: [178, 157, 177, 158]
142: [178, 177]
143: [178, 177]
118
0: [160, 159]
1: [160, 159]
2: [160, 159]
3: [160, 159]
4: [160, 159]
5: [160, 159]
6: [160, 159]
7: [160, 159]
8: [160, 159]
9: [160, 159]
10: [160, 179, 180, 159]
11: [179, 180]
12: [160, 159]
13: [88, 104, 103, 87]
14: [88, 103, 104, 87]
15: [88, 103, 104, 87]
16: [88, 103, 104, 87]
17: [88, 103, 104, 87]
18: [88, 103, 104, 87]
19: [88, 103, 104, 87]
20: [88, 103, 104, 87]
21: [88, 137, 103, 138, 104, 87]
22: [88, 137, 103, 138, 104, 87]
23: [179, 180]
24: [160, 159]
25: [104, 105, 88, 106, 103, 87]
26: [105, 106]
27: [105, 106]
28: [105, 106]
29: [105, 106]
30: [105, 106]
31: [105, 106]
32: [105, 106]
33: [105, 137, 138, 106]
34: [88, 105, 137, 103, 138, 104, 106, 87]
35: [179, 180]
36: [159, 160]
37: [104, 107, 105, 106, 108, 87, 88, 103]
38: [107, 108]
39: [107, 108]
40: [107, 108]
41: [107, 108]
42: [107, 108]
43: [107, 108]
44: [107, 108]
45: [107, 138, 137, 108]
46: [103, 105, 137, 107, 88, 138, 108, 104, 106, 87]
47: [180, 179]
48: [159, 160]
49: [104, 109, 106, 107, 108, 110, 87, 105, 88, 103]
50: [109, 110]
51: [109, 110]
52: [109, 110]
53: [109, 110]
54: [109, 110]
55: [109, 110]
56: [109, 110]
57: [109, 138, 137, 110]
58: [103, 105, 137, 107, 109, 88, 138, 110, 108, 104, 106, 87]
59: [180, 179]
60: [159, 160]
61: [104, 111, 106, 108, 109, 110, 112, 87, 107, 105, 88, 103]
62: [111, 112]
63: [111, 112]
64: [111, 112]
65: [111, 112]
66: [111, 112]
67: [111, 112]
68: [111, 112]
69: [111, 138, 137, 112]
70: [103, 105, 137, 107, 109, 111, 88, 138, 112, 110, 108, 104, 106, 87]
71: [180, 179]
72: [159, 160]
73: [104, 113, 106, 108, 110, 111, 112, 114, 87, 109, 107, 105, 88, 103]
74: [113, 114]
75: [113, 114]
76: [113, 114]
77: [113, 114]
78: [113, 114]
79: [113, 114]
80: [113, 114]
81: [113, 138, 137, 114]
82: [103, 105, 137, 107, 109, 111, 113, 88, 138, 114, 112, 110, 108, 104, 106, 87]
83: [180, 179]
84: [159, 160]
85: [104, 115, 106, 108, 110, 112, 113, 114, 116, 87, 111, 109, 107, 105, 88, 103]
86: [115, 116]
87: [115, 116]
88: [115, 116]
89: [115, 116]
90: [115, 116]
91: [115, 116]
92: [115, 116]
93: [115, 138, 137, 116]
94: [103, 105, 137, 107, 109, 111, 113, 115, 88, 138, 116, 114, 112, 110, 108, 104, 106, 87]
95: [180, 179]
96: [197, 198, 159, 160]
97: [104, 117, 106, 108, 110, 112, 114, 115, 116, 118, 87, 113, 111, 109, 107, 105, 88, 103]
98: [117, 118]
99: [117, 118]
100: [117, 118]
101: [117, 118]
102: [117, 118]
103: [117, 118]
104: [117, 118]
105: [117, 138, 137, 118]
106: [103, 105, 137, 107, 109, 111, 113, 115, 117, 88, 138, 118, 116, 114, 112, 110, 108, 104, 106, 87]
107: [198, 180, 179, 197]
108: [200, 197, 199, 198, 159, 160]
109: [104, 119, 106, 108, 110, 112, 114, 116, 117, 118, 87, 120, 115, 113, 111, 109, 107, 105, 88, 103]
110: [104, 119, 120, 103]
111: [104, 119, 120, 103]
112: [104, 119, 120, 103]
113: [104, 119, 120, 103]
114: [104, 119, 120, 103]
115: [104, 119, 120, 103]
116: [104, 119, 120, 103]
117: [104, 119, 138, 137, 120, 103]
118: []
119: [198, 199, 180, 179, 200, 197]
120: [200, 199, 159, 160]
121: [106, 108, 110, 112, 114, 116, 119, 118, 87, 120, 117, 115, 113, 111, 109, 107, 105, 88]
122: [106, 108, 110, 112, 114, 116, 118, 87, 120, 119, 117, 115, 113, 111, 109, 107, 105, 88]
123: [106, 108, 110, 112, 114, 116, 118, 87, 120, 119, 117, 115, 113, 111, 109, 107, 105, 88]
124: [106, 108, 110, 112, 114, 116, 118, 87, 120, 119, 117, 115, 113, 111, 109, 107, 105, 88]
125: [106, 108, 110, 112, 114, 116, 118, 87, 120, 119, 117, 115, 113, 111, 109, 107, 105, 88]
126: [106, 108, 110, 112, 114, 116, 118, 87, 120, 119, 117, 115, 113, 111, 109, 107, 105, 88]
127: [106, 108, 110, 112, 114, 116, 118, 87, 120, 119, 117, 115, 113, 111, 109, 107, 105, 88]
128: [106, 108, 110, 112, 114, 116, 118, 87, 120, 119, 117, 115, 113, 111, 109, 107, 105, 88]
129: [106, 138, 108, 110, 112, 114, 116, 118, 87, 120, 137, 119, 117, 115, 113, 111, 109, 107, 105, 88]
130: [106, 138, 108, 110, 112, 114, 116, 118, 87, 120, 137, 119, 117, 115, 113, 111, 109, 107, 105, 88]
131: [199, 180, 179, 200]
132: [159, 160]
133: [159, 160]
134: [159, 160]
135: [159, 160]
136: [159, 160]
137: [159, 160]
138: [159, 160]
139: [159, 160]
140: [159, 160]
141: [159, 160]
142: [180, 159, 179, 160]
143: [180, 179]
119
0: [139, 140]
1: [162, 139, 161, 140]
2: [162, 139, 164, 163, 161, 140]
3: [162, 139, 164, 166, 165, 163, 161, 140]
4: [162, 164, 166, 168, 139, 167, 165, 163, 161, 140]
5: [162, 164, 166, 168, 170, 139, 169, 167, 165, 163, 161, 140]
6: [162, 164, 166, 168, 170, 139, 172, 171, 169, 167, 165, 163, 161, 140]
7: [162, 164, 166, 168, 170, 139, 172, 174, 173, 171, 169, 167, 165, 163, 161, 140]
8: [162, 164, 166, 168, 170, 139, 172, 174, 176, 175, 173, 171, 169, 167, 165, 163, 161, 140]
9: [162, 164, 166, 168, 170, 139, 172, 174, 176, 178, 177, 175, 173, 171, 169, 167, 165, 163, 161, 140]
10: [162, 164, 166, 168, 170, 139, 172, 174, 176, 178, 180, 179, 177, 175, 173, 171, 169, 167, 165, 163, 161, 140]
11: [162, 164, 166, 168, 170, 139, 172, 174, 176, 178, 180, 179, 177, 175, 173, 171, 169, 167, 165, 163, 161, 140]
12: [139, 140]
13: [162, 161]
14: [164, 163]
15: [166, 165]
16: [168, 167]
17: [170, 169]
18: [172, 171]
19: [174, 173]
20: [176, 175]
21: [178, 177]
22: [180, 179]
23: [162, 164, 166, 168, 170, 139, 172, 174, 176, 178, 180, 179, 177, 175, 173, 171, 169, 167, 165, 163, 161, 140]
24: [139, 140]
25: [161, 162]
26: [163, 164]
27: [165, 166]
28: [168, 167]
29: [169, 170]
30: [171, 172]
31: [173, 174]
32: [176, 175]
33: [177, 178]
34: [179, 180]
35: [162, 164, 166, 168, 170, 139, 172, 174, 176, 178, 180, 179, 177, 175, 173, 171, 169, 167, 165, 163, 161, 140]
36: [140, 139]
37: [161, 162]
38: [163, 164]
39: [165, 166]
40: [167, 168]
41: [169, 170]
42: [171, 172]
43: [173, 174]
44: [175, 176]
45: [177, 178]
46: [179, 180]
47: [162, 164, 166, 168, 170, 139, 172, 174, 176, 178, 180, 179, 177, 175, 173, 171, 169, 167, 165, 163, 161, 140]
48: [140, 139]
49: [161, 162]
50: [163, 164]
51: [165, 166]
52: [167, 168]
53: [169, 170]
54: [171, 172]
55: [173, 174]
56: [175, 176]
57: [177, 178]
58: [179, 180]
59: [162, 164, 166, 168, 170, 139, 172, 174, 176, 178, 180, 179, 177, 175, 173, 171, 169, 167, 165, 163, 161, 140]
60: [140, 139]
61: [161, 162]
62: [163, 164]
63: [165, 166]
64: [167, 168]
65: [169, 170]
66: [171, 172]
67: [173, 174]
68: [175, 176]
69: [177, 178]
70: [179, 180]
71: [162, 164, 166, 168, 170, 139, 172, 174, 176, 178, 180, 179, 177, 175, 173, 171, 169, 167, 165, 163, 161, 140]
72: [140, 139]
73: [161, 162]
74: [163, 164]
75: [165, 166]
76: [167, 168]
77: [169, 170]
78: [171, 172]
79: [173, 174]
80: [175, 176]
81: [177, 178]
82: [179, 180]
83: [162, 164, 166, 168, 170, 139, 172, 174, 176, 178, 180, 179, 177, 175, 173, 171, 169, 167, 165, 163, 161, 140]
84: [140, 139]
85: [161, 162]
86: [163, 164]
87: [165, 166]
88: [167, 168]
89: [169, 170]
90: [171, 172]
91: [173, 174]
92: [175, 176]
93: [177, 178]
94: [179, 180]
95: [162, 164, 166, 168, 170, 139, 172, 174, 176, 178, 180, 179, 177, 175, 173, 171, 169, 167, 165, 163, 161, 140]
96: [197, 198, 140, 139]
97: [198, 197, 161, 162]
98: [198, 163, 197, 164]
99: [198, 165, 197, 166]
100: [198, 167, 197, 168]
101: [198, 169, 197, 170]
102: [198, 171, 197, 172]
103: [198, 173, 197, 174]
104: [198, 175, 176, 197]
105: [198, 177, 178, 197]
106: [198, 179, 180, 197]
107: [162, 164, 166, 198, 168, 170, 139, 172, 174, 176, 178, 180, 179, 197, 177, 175, 173, 171, 169, 167, 165, 163, 161, 140]
108: [200, 197, 198, 199, 140, 139]
109: [200, 197, 161, 198, 199, 162]
110: [200, 197, 163, 198, 199, 164]
111: [200, 197, 165, 198, 199, 166]
112: [200, 197, 167, 198, 199, 168]
113: [200, 197, 169, 198, 199, 170]
114: [200, 197, 171, 198, 199, 172]
115: [200, 197, 173, 198, 199, 174]
116: [200, 197, 175, 176, 198, 199]
117: [200, 197, 177, 178, 198, 199]
118: [200, 197, 179, 180, 198, 199]
119: []
120: [200, 199, 140, 139]
121: [199, 200, 161, 162]
122: [199, 163, 200, 164]
123: [199, 165, 200, 166]
124: [199, 167, 200, 168]
125: [199, 169, 200, 170]
126: [199, 171, 200, 172]
127: [199, 173, 200, 174]
128: [199, 175, 200, 176]
129: [199, 177, 200, 178]
130: [199, 179, 180, 200]
131: [161, 163, 165, 167, 199, 169, 171, 140, 173, 175, 177, 179, 200, 180, 178, 176, 174, 172, 170, 168, 166, 164, 162, 139]
132: [140, 139]
133: [161, 140, 162, 139]
134: [161, 163, 140, 164, 162, 139]
135: [161, 163, 140, 165, 166, 164, 162, 139]
136: [161, 163, 165, 167, 140, 168, 166, 164, 162, 139]
137: [161, 163, 165, 167, 169, 140, 170, 168, 166, 164, 162, 139]
138: [161, 163, 165, 167, 169, 171, 140, 172, 170, 168, 166, 164, 162, 139]
139: [161, 163, 165, 167, 169, 171, 140, 173, 174, 172, 170, 168, 166, 164, 162, 139]
140: [161, 163, 165, 167, 169, 171, 140, 173, 175, 176, 174, 172, 170, 168, 166, 164, 162, 139]
141: [161, 163, 165, 167, 169, 171, 140, 173, 175, 177, 178, 176, 174, 172, 170, 168, 166, 164, 162, 139]
142: [161, 163, 165, 167, 169, 171, 140, 173, 175, 177, 179, 180, 178, 176, 174, 172, 170, 168, 166, 164, 162, 139]
143: [161, 163, 165, 167, 169, 171, 140, 173, 175, 177, 179, 180, 178, 176, 174, 172, 170, 168, 166, 164, 162, 139]
120
0: [140, 141, 143, 145, 147, 149, 151, 153, 155, 157, 159, 142, 144, 146, 148, 150, 152, 154, 156, 158, 160, 139]
1: [140, 141, 143, 145, 147, 149, 151, 153, 155, 157, 159, 142, 144, 146, 148, 150, 152, 154, 156, 158, 160, 139]
2: [140, 143, 145, 147, 149, 151, 153, 155, 157, 159, 144, 146, 148, 150, 152, 154, 156, 158, 160, 139]
3: [140, 145, 147, 149, 151, 153, 155, 157, 159, 146, 148, 150, 152, 154, 156, 158, 160, 139]
4: [140, 147, 149, 151, 153, 155, 157, 159, 148, 150, 152, 154, 156, 158, 160, 139]
5: [140, 149, 151, 153, 155, 157, 159, 150, 152, 154, 156, 158, 160, 139]
6: [140, 151, 153, 155, 157, 159, 152, 154, 156, 158, 160, 139]
7: [140, 153, 155, 157, 159, 154, 156, 158, 160, 139]
8: [155, 140, 157, 159, 156, 158, 160, 139]
9: [140, 157, 159, 158, 160, 139]
10: [140, 159, 160, 139]
11: [140, 139]
12: [140, 141, 143, 145, 147, 149, 151, 153, 155, 157, 159, 142, 144, 146, 148, 150, 152, 154, 156, 158, 160, 139]
13: [141, 142]
14: [144, 143]
15: [145, 146]
16: [147, 148]
17: [149, 150]
18: [152, 151]
19: [153, 154]
20: [155, 156]
21: [157, 158]
22: [160, 159]
23: [139, 140]
24: [140, 141, 143, 145, 147, 149, 151, 153, 155, 157, 159, 142, 144, 146, 148, 150, 152, 154, 156, 158, 160, 139]
25: [142, 141]
26: [144, 143]
27: [146, 145]
28: [148, 147]
29: [150, 149]
30: [152, 151]
31: [154, 153]
32: [156, 155]
33: [158, 157]
34: [160, 159]
35: [139, 140]
36: [140, 141, 143, 145, 147, 149, 151, 153, 155, 157, 159, 142, 144, 146, 148, 150, 152, 154, 156, 158, 160, 139]
37: [142, 141]
38: [144, 143]
39: [146, 145]
40: [148, 147]
41: [150, 149]
42: [152, 151]
43: [154, 153]
44: [156, 155]
45: [158, 157]
46: [160, 159]
47: [139, 140]
48: [140, 141, 143, 145, 147, 149, 151, 153, 155, 157, 159, 142, 144, 146, 148, 150, 152, 154, 156, 158, 160, 139]
49: [142, 141]
50: [144, 143]
51: [146, 145]
52: [148, 147]
53: [150, 149]
54: [152, 151]
55: [154, 153]
56: [156, 155]
57: [158, 157]
58: [160, 159]
59: [139, 140]
60: [140, 141, 143, 145, 147, 149, 151, 153, 155, 157, 159, 142, 144, 146, 148, 150, 152, 154, 156, 158, 160, 139]
61: [142, 141]
62: [144, 143]
63: [146, 145]
64: [148, 147]
65: [150, 149]
66: [152, 151]
67: [154, 153]
68: [156, 155]
69: [158, 157]
70: [160, 159]
71: [139, 140]
72: [140, 141, 143, 145, 147, 149, 151, 153, 155, 157, 159, 142, 144, 146, 148, 150, 152, 154, 156, 158, 160, 139]
73: [142, 141]
74: [144, 143]
75: [146, 145]
76: [148, 147]
77: [150, 149]
78: [152, 151]
79: [154, 153]
80: [156, 155]
81: [158, 157]
82: [160, 159]
83: [139, 140]
84: [140, 141, 143, 145, 147, 149, 151, 153, 155, 157, 159, 142, 144, 146, 148, 150, 152, 154, 156, 158, 160, 139]
85: [142, 141]
86: [144, 143]
87: [146, 145]
88: [148, 147]
89: [150, 149]
90: [152, 151]
91: [154, 153]
92: [156, 155]
93: [158, 157]
94: [160, 159]
95: [139, 140]
96: [140, 141, 143, 145, 147, 149, 151, 153, 155, 157, 159, 142, 144, 146, 148, 150, 152, 154, 156, 158, 160, 139]
97: [142, 141]
98: [144, 143]
99: [146, 145]
100: [148, 147]
101: [150, 149]
102: [152, 151]
103: [154, 153]
104: [156, 155]
105: [158, 157]
106: [160, 159]
107: [139, 140]
108: [199, 140, 141, 143, 145, 147, 149, 151, 153, 155, 157, 159, 200, 142, 144, 146, 148, 150, 152, 154, 156, 158, 160, 139]
109: [199, 142, 141, 200]
110: [199, 144, 200, 143]
111: [199, 146, 200, 145]
112: [199, 148, 200, 147]
113: [199, 150, 200, 149]
114: [199, 152, 200, 151]
115: [199, 154, 200, 153]
116: [199, 156, 200, 155]
117: [199, 158, 200, 157]
118: [199, 160, 200, 159]
119: [200, 199, 139, 140]
120: []
121: [200, 201, 142, 141, 202, 199]
122: [200, 201, 144, 202, 199, 143]
123: [200, 201, 146, 202, 199, 145]
124: [200, 201, 148, 202, 199, 147]
125: [200, 201, 150, 202, 199, 149]
126: [200, 201, 152, 202, 199, 151]
127: [200, 201, 154, 202, 199, 153]
128: [200, 201, 156, 202, 199, 155]
129: [200, 201, 158, 202, 199, 157]
130: [200, 201, 160, 202, 199, 159]
131: [200, 201, 202, 139, 199, 140]
132: [160, 202, 139, 142, 144, 146, 148, 150, 152, 154, 156, 158, 201, 141, 143, 145, 147, 149, 151, 153, 155, 157, 159, 140]
133: [160, 202, 139, 142, 144, 146, 148, 150, 152, 154, 156, 158, 201, 141, 143, 145, 147, 149, 151, 153, 155, 157, 159, 140]
134: [160, 202, 139, 144, 146, 148, 150, 152, 154, 156, 158, 201, 143, 145, 147, 149, 151, 153, 155, 157, 159, 140]
135: [160, 202, 139, 146, 148, 150, 152, 154, 156, 158, 201, 145, 147, 149, 151, 153, 155, 157, 159, 140]
136: [160, 202, 139, 148, 150, 152, 154, 156, 158, 201, 147, 149, 151, 153, 155, 157, 159, 140]
137: [160, 202, 139, 150, 152, 154, 156, 158, 201, 149, 151, 153, 155, 157, 159, 140]
138: [160, 202, 139, 152, 154, 156, 158, 201, 151, 153, 155, 157, 159, 140]
139: [160, 202, 139, 154, 156, 158, 201, 153, 155, 157, 159, 140]
140: [160, 202, 139, 156, 158, 201, 155, 157, 159, 140]
141: [160, 202, 139, 158, 201, 157, 159, 140]
142: [160, 202, 139, 201, 159, 140]
143: [201, 202, 139, 140]
121
0: [142, 141]
1: [161, 142, 141, 162]
2: [161, 162]
3: [161, 162]
4: [161, 162]
5: [161, 162]
6: [161, 162]
7: [161, 162]
8: [161, 162]
9: [161, 162]
10: [161, 162]
11: [161, 162]
12: [141, 142]
13: [122, 87, 121, 88]
14: [121, 122, 87, 88]
15: [87, 88]
16: [87, 88]
17: [87, 88]
18: [87, 88]
19: [87, 88]
20: [87, 88]
21: [87, 88]
22: [88, 87]
23: [161, 162]
24: [141, 142]
25: [106, 122, 87, 121, 105, 88]
26: [121, 106, 122, 105]
27: [106, 105]
28: [106, 105]
29: [106, 105]
30: [106, 105]
31: [106, 105]
32: [106, 105]
33: [106, 105]
34: [88, 105, 106, 87]
35: [162, 161]
36: [141, 142]
37: [106, 108, 122, 87, 121, 107, 105, 88]
38: [121, 108, 122, 107]
39: [108, 107]
40: [108, 107]
41: [108, 107]
42: [108, 107]
43: [108, 107]
44: [108, 107]
45: [108, 107]
46: [88, 105, 107, 108, 106, 87]
47: [162, 161]
48: [141, 142]
49: [106, 108, 110, 87, 122, 121, 109, 107, 105, 88]
50: [121, 110, 122, 109]
51: [110, 109]
52: [110, 109]
53: [110, 109]
54: [110, 109]
55: [110, 109]
56: [110, 109]
57: [110, 109]
58: [105, 107, 109, 110, 88, 108, 106, 87]
59: [162, 161]
60: [141, 142]
61: [106, 108, 110, 112, 87, 122, 121, 111, 109, 107, 105, 88]
62: [112, 121, 122, 111]
63: [112, 111]
64: [112, 111]
65: [112, 111]
66: [112, 111]
67: [112, 111]
68: [112, 111]
69: [112, 111]
70: [105, 107, 109, 111, 112, 88, 110, 108, 106, 87]
71: [162, 161]
72: [141, 142]
73: [106, 108, 110, 112, 114, 87, 122, 121, 113, 111, 109, 107, 105, 88]
74: [121, 114, 122, 113]
75: [114, 113]
76: [114, 113]
77: [114, 113]
78: [114, 113]
79: [114, 113]
80: [114, 113]
81: [114, 113]
82: [105, 107, 109, 111, 113, 114, 88, 112, 110, 108, 106, 87]
83: [162, 161]
84: [141, 142]
85: [106, 108, 110, 112, 114, 116, 87, 122, 121, 115, 113, 111, 109, 107, 105, 88]
86: [121, 116, 122, 115]
87: [116, 115]
88: [116, 115]
89: [116, 115]
90: [116, 115]
91: [116, 115]
92: [116, 115]
93: [116, 115]
94: [105, 107, 109, 111, 113, 115, 116, 88, 114, 112, 110, 108, 106, 87]
95: [162, 161]
96: [141, 142]
97: [106, 108, 110, 112, 114, 116, 118, 87, 122, 121, 117, 115, 113, 111, 109, 107, 105, 88]
98: [121, 118, 122, 117]
99: [118, 117]
100: [118, 117]
101: [118, 117]
102: [118, 117]
103: [118, 117]
104: [118, 117]
105: [118, 117]
106: [105, 107, 109, 111, 113, 115, 117, 118, 88, 116, 114, 112, 110, 108, 106, 87]
107: [162, 161]
108: [199, 141, 142, 200]
109: [106, 108, 110, 112, 114, 116, 118, 87, 120, 122, 121, 119, 117, 115, 113, 111, 109, 107, 105, 88]
110: [120, 121, 122, 119]
111: [120, 119]
112: [120, 119]
113: [120, 119]
114: [120, 119]
115: [120, 119]
116: [120, 119]
117: [120, 119]
118: [105, 107, 109, 111, 113, 115, 117, 119, 88, 120, 118, 116, 114, 112, 110, 108, 106, 87]
119: [200, 162, 199, 161]
120: [202, 199, 141, 142, 200, 201]
121: []
122: [105, 107, 109, 111, 113, 115, 117, 119, 88, 121, 120, 122, 118, 116, 114, 112, 110, 108, 106, 87]
123: [105, 107, 109, 111, 113, 115, 117, 119, 88, 120, 118, 116, 114, 112, 110, 108, 106, 87]
124: [105, 107, 109, 111, 113, 115, 117, 119, 88, 120, 118, 116, 114, 112, 110, 108, 106, 87]
125: [105, 107, 109, 111, 113, 115, 117, 119, 88, 120, 118, 116, 114, 112, 110, 108, 106, 87]
126: [105, 107, 109, 111, 113, 115, 117, 119, 88, 120, 118, 116, 114, 112, 110, 108, 106, 87]
127: [105, 107, 109, 111, 113, 115, 117, 119, 88, 120, 118, 116, 114, 112, 110, 108, 106, 87]
128: [105, 107, 109, 111, 113, 115, 117, 119, 88, 120, 118, 116, 114, 112, 110, 108, 106, 87]
129: [105, 107, 109, 111, 113, 115, 117, 119, 88, 120, 118, 116, 114, 112, 110, 108, 106, 87]
130: [105, 107, 109, 111, 113, 115, 117, 119, 88, 120, 118, 116, 114, 112, 110, 108, 106, 87]
131: [200, 201, 162, 202, 199, 161]
132: [202, 141, 201, 142]
133: [162, 141, 202, 201, 142, 161]
134: [162, 202, 201, 161]
135: [162, 202, 201, 161]
136: [162, 202, 201, 161]
137: [162, 202, 201, 161]
138: [162, 202, 201, 161]
139: [162, 202, 201, 161]
140: [162, 202, 201, 161]
141: [162, 202, 201, 161]
142: [162, 201, 202, 161]
143: [201, 162, 202, 161]
122
0: [144, 143]
1: [144, 143]
2: [144, 163, 143, 164]
3: [163, 164]
4: [163, 164]
5: [163, 164]
6: [163, 164]
7: [163, 164]
8: [163, 164]
9: [163, 164]
10: [163, 164]
11: [163, 164]
12: [144, 143]
13: [121, 122, 87, 88]
14: [121, 124, 122, 123, 87, 88]
15: [123, 124, 87, 88]
16: [87, 88]
17: [87, 88]
18: [87, 88]
19: [87, 88]
20: [87, 88]
21: [88, 87]
22: [88, 87]
23: [163, 164]
24: [143, 144]
25: [106, 122, 87, 121, 105, 88]
26: [121, 124, 106, 122, 123, 105]
27: [123, 106, 124, 105]
28: [106, 105]
29: [106, 105]
30: [106, 105]
31: [106, 105]
32: [106, 105]
33: [105, 106]
34: [88, 105, 106, 87]
35: [164, 163]
36: [143, 144]
37: [106, 108, 122, 87, 121, 107, 105, 88]
38: [121, 124, 108, 122, 123, 107]
39: [123, 108, 124, 107]
40: [108, 107]
41: [108, 107]
42: [108, 107]
43: [108, 107]
44: [108, 107]
45: [107, 108]
46: [88, 105, 107, 108, 106, 87]
47: [164, 163]
48: [143, 144]
49: [106, 108, 110, 87, 122, 121, 109, 107, 105, 88]
50: [121, 124, 110, 122, 123, 109]
51: [123, 110, 124, 109]
52: [110, 109]
53: [110, 109]
54: [110, 109]
55: [110, 109]
56: [110, 109]
57: [109, 110]
58: [88, 105, 107, 109, 110, 108, 106, 87]
59: [164, 163]
60: [143, 144]
61: [106, 108, 110, 112, 87, 122, 121, 111, 109, 107, 105, 88]
62: [121, 124, 112, 122, 123, 111]
63: [123, 112, 124, 111]
64: [112, 111]
65: [112, 111]
66: [112, 111]
67: [112, 111]
68: [112, 111]
69: [112, 111]
70: [105, 107, 109, 111, 88, 112, 110, 108, 106, 87]
71: [164, 163]
72: [143, 144]
73: [106, 108, 110, 112, 114, 87, 122, 121, 113, 111, 109, 107, 105, 88]
74: [121, 124, 114, 122, 123, 113]
75: [123, 114, 124, 113]
76: [114, 113]
77: [114, 113]
78: [114, 113]
79: [114, 113]
80: [114, 113]
81: [113, 114]
82: [105, 107, 109, 111, 113, 88, 114, 112, 110, 108, 106, 87]
83: [164, 163]
84: [143, 144]
85: [106, 108, 110, 112, 114, 116, 87, 122, 121, 115, 113, 111, 109, 107, 105, 88]
86: [121, 124, 116, 122, 123, 115]
87: [123, 116, 124, 115]
88: [116, 115]
89: [116, 115]
90: [116, 115]
91: [116, 115]
92: [116, 115]
93: [115, 116]
94: [105, 107, 109, 111, 113, 115, 88, 116, 114, 112, 110, 108, 106, 87]
95: [164, 163]
96: [143, 144]
97: [106, 108, 110, 112, 114, 116, 118, 87, 122, 121, 117, 115, 113, 111, 109, 107, 105, 88]
98: [121, 124, 118, 122, 123, 117]
99: [123, 118, 124, 117]
100: [118, 117]
101: [118, 117]
102: [118, 117]
103: [118, 117]
104: [118, 117]
105: [117, 118]
106: [105, 107, 109, 111, 113, 115, 117, 88, 118, 116, 114, 112, 110, 108, 106, 87]
107: [164, 163]
108: [199, 143, 144, 200]
109: [106, 108, 110, 112, 114, 116, 118, 87, 120, 122, 121, 119, 117, 115, 113, 111, 109, 107, 105, 88]
110: [121, 124, 120, 119, 122, 123]
111: [123, 120, 119, 124]
112: [120, 119]
113: [120, 119]
114: [120, 119]
115: [120, 119]
116: [120, 119]
117: [120, 119]
118: [105, 107, 109, 111, 113, 115, 117, 119, 88, 120, 118, 116, 114, 112, 110, 108, 106, 87]
119: [200, 164, 199, 163]
120: [202, 199, 143, 144, 201, 200]
121: [106, 108, 110, 112, 114, 116, 118, 87, 120, 122, 121, 119, 117, 115, 113, 111, 109, 107, 105, 88]
122: []
123: [105, 107, 109, 111, 113, 115, 117, 119, 88, 123, 120, 124, 118, 116, 114, 112, 110, 108, 106, 87]
124: [105, 107, 109, 111, 113, 115, 117, 119, 88, 120, 118, 116, 114, 112, 110, 108, 106, 87]
125: [105, 107, 109, 111, 113, 115, 117, 119, 88, 120, 118, 116, 114, 112, 110, 108, 106, 87]
126: [105, 107, 109, 111, 113, 115, 117, 119, 88, 120, 118, 116, 114, 112, 110, 108, 106, 87]
127: [105, 107, 109, 111, 113, 115, 117, 119, 88, 120, 118, 116, 114, 112, 110, 108, 106, 87]
128: [105, 107, 109, 111, 113, 115, 117, 119, 88, 120, 118, 116, 114, 112, 110, 108, 106, 87]
129: [105, 107, 109, 111, 113, 115, 117, 119, 88, 120, 118, 116, 114, 112, 110, 108, 106, 87]
130: [105, 107, 109, 111, 113, 115, 117, 119, 88, 120, 118, 116, 114, 112, 110, 108, 106, 87]
131: [200, 201, 164, 202, 199, 163]
132: [202, 143, 201, 144]
133: [143, 202, 201, 144]
134: [164, 143, 202, 201, 144, 163]
135: [164, 202, 201, 163]
136: [164, 202, 201, 163]
137: [164, 202, 201, 163]
138: [164, 202, 201, 163]
139: [164, 202, 201, 163]
140: [164, 202, 201, 163]
141: [164, 201, 202, 163]
142: [164, 201, 202, 163]
143: [201, 164, 202, 163]
123
0: [146, 145]
1: [146, 145]
2: [146, 145]
3: [146, 165, 145, 166]
4: [165, 166]
5: [165, 166]
6: [165, 166]
7: [165, 166]
8: [165, 166]
9: [165, 166]
10: [165, 166]
11: [165, 166]
12: [145, 146]
13: [87, 88]
14: [123, 124, 87, 88]
15: [123, 126, 124, 125, 87, 88]
16: [125, 126, 87, 88]
17: [87, 88]
18: [87, 88]
19: [87, 88]
20: [88, 87]
21: [88, 87]
22: [88, 87]
23: [165, 166]
24: [145, 146]
25: [106, 87, 105, 88]
26: [124, 106, 123, 105]
27: [123, 126, 106, 124, 125, 105]
28: [125, 126, 106, 105]
29: [106, 105]
30: [106, 105]
31: [106, 105]
32: [105, 106]
33: [105, 106]
34: [88, 105, 106, 87]
35: [166, 165]
36: [145, 146]
37: [106, 108, 87, 107, 105, 88]
38: [124, 108, 123, 107]
39: [123, 126, 108, 124, 125, 107]
40: [125, 108, 126, 107]
41: [108, 107]
42: [108, 107]
43: [108, 107]
44: [107, 108]
45: [107, 108]
46: [88, 105, 107, 108, 106, 87]
47: [166, 165]
48: [145, 146]
49: [106, 108, 110, 87, 109, 107, 105, 88]
50: [124, 110, 123, 109]
51: [123, 126, 110, 124, 125, 109]
52: [125, 110, 126, 109]
53: [110, 109]
54: [110, 109]
55: [110, 109]
56: [109, 110]
57: [109, 110]
58: [88, 105, 107, 109, 110, 108, 106, 87]
59: [166, 165]
60: [145, 146]
61: [106, 108, 110, 112, 87, 111, 109, 107, 105, 88]
62: [124, 112, 123, 111]
63: [123, 126, 112, 124, 125, 111]
64: [125, 112, 126, 111]
65: [112, 111]
66: [112, 111]
67: [112, 111]
68: [112, 111]
69: [111, 112]
70: [105, 107, 109, 111, 88, 112, 110, 108, 106, 87]
71: [166, 165]
72: [145, 146]
73: [106, 108, 110, 112, 114, 87, 113, 111, 109, 107, 105, 88]
74: [124, 114, 123, 113]
75: [123, 126, 114, 124, 125, 113]
76: [125, 114, 126, 113]
77: [114, 113]
78: [114, 113]
79: [114, 113]
80: [113, 114]
81: [113, 114]
82: [105, 107, 109, 111, 113, 88, 114, 112, 110, 108, 106, 87]
83: [166, 165]
84: [145, 146]
85: [106, 108, 110, 112, 114, 116, 87, 115, 113, 111, 109, 107, 105, 88]
86: [124, 116, 123, 115]
87: [123, 126, 116, 115, 124, 125]
88: [125, 116, 115, 126]
89: [116, 115]
90: [116, 115]
91: [116, 115]
92: [115, 116]
93: [115, 116]
94: [105, 107, 109, 111, 113, 115, 88, 116, 114, 112, 110, 108, 106, 87]
95: [166, 165]
96: [145, 146]
97: [106, 108, 110, 112, 114, 116, 118, 87, 117, 115, 113, 111, 109, 107, 105, 88]
98: [124, 118, 123, 117]
99: [123, 126, 118, 117, 124, 125]
100: [125, 118, 117, 126]
101: [118, 117]
102: [118, 117]
103: [118, 117]
104: [117, 118]
105: [117, 118]
106: [105, 107, 109, 111, 113, 115, 117, 88, 118, 116, 114, 112, 110, 108, 106, 87]
107: [166, 165]
108: [199, 145, 200, 146]
109: [106, 108, 110, 112, 114, 116, 118, 87, 120, 119, 117, 115, 113, 111, 109, 107, 105, 88]
110: [124, 120, 119, 123]
111: [123, 126, 120, 119, 124, 125]
112: [125, 120, 119, 126]
113: [120, 119]
114: [120, 119]
115: [120, 119]
116: [120, 119]
117: [119, 120]
118: [105, 107, 109, 111, 113, 115, 117, 119, 88, 120, 118, 116, 114, 112, 110, 108, 106, 87]
119: [200, 166, 199, 165]
120: [202, 199, 145, 200, 201, 146]
121: [106, 108, 110, 112, 114, 116, 118, 87, 120, 119, 117, 115, 113, 111, 109, 107, 105, 88]
122: [106, 108, 110, 112, 114, 116, 118, 87, 120, 124, 123, 119, 117, 115, 113, 111, 109, 107, 105, 88]
123: []
124: [105, 107, 109, 111, 113, 115, 117, 119, 88, 125, 120, 126, 118, 116, 114, 112, 110, 108, 106, 87]
125: [105, 107, 109, 111, 113, 115, 117, 119, 88, 120, 118, 116, 114, 112, 110, 108, 106, 87]
126: [105, 107, 109, 111, 113, 115, 117, 119, 88, 120, 118, 116, 114, 112, 110, 108, 106, 87]
127: [105, 107, 109, 111, 113, 115, 117, 119, 88, 120, 118, 116, 114, 112, 110, 108, 106, 87]
128: [105, 107, 109, 111, 113, 115, 117, 119, 88, 120, 118, 116, 114, 112, 110, 108, 106, 87]
129: [105, 107, 109, 111, 113, 115, 117, 119, 88, 120, 118, 116, 114, 112, 110, 108, 106, 87]
130: [105, 107, 109, 111, 113, 115, 117, 119, 88, 120, 118, 116, 114, 112, 110, 108, 106, 87]
131: [200, 201, 166, 202, 199, 165]
132: [145, 202, 201, 146]
133: [145, 202, 201, 146]
134: [145, 202, 201, 146]
135: [145, 166, 202, 201, 146, 165]
136: [166, 202, 201, 165]
137: [166, 202, 201, 165]
138: [166, 202, 201, 165]
139: [166, 202, 201, 165]
140: [166, 201, 202, 165]
141: [166, 201, 202, 165]
142: [166, 201, 202, 165]
143: [201, 166, 202, 165]
124
0: [148, 147]
1: [148, 147]
2: [148, 147]
3: [148, 147]
4: [148, 167, 147, 168]
5: [167, 168]
6: [167, 168]
7: [167, 168]
8: [167, 168]
9: [167, 168]
10: [167, 168]
11: [167, 168]
12: [147, 148]
13: [87, 88]
14: [87, 88]
15: [125, 126, 87, 88]
16: [128, 125, 126, 127, 87, 88]
17: [128, 127, 87, 88]
18: [87, 88]
19: [88, 87]
20: [88, 87]
21: [88, 87]
22: [88, 87]
23: [168, 167]
24: [147, 148]
25: [106, 87, 105, 88]
26: [106, 105]
27: [126, 125, 106, 105]
28: [128, 125, 126, 127, 106, 105]
29: [127, 128, 106, 105]
30: [106, 105]
31: [105, 106]
32: [105, 106]
33: [105, 106]
34: [88, 105, 106, 87]
35: [168, 167]
36: [147, 148]
37: [106, 108, 87, 107, 105, 88]
38: [108, 107]
39: [126, 108, 125, 107]
40: [128, 125, 108, 126, 127, 107]
41: [127, 128, 108, 107]
42: [108, 107]
43: [107, 108]
44: [107, 108]
45: [107, 108]
46: [88, 105, 107, 108, 106, 87]
47: [168, 167]
48: [147, 148]
49: [106, 108, 110, 87, 109, 107, 105, 88]
50: [110, 109]
51: [126, 110, 125, 109]
52: [128, 125, 110, 126, 127, 109]
53: [127, 128, 110, 109]
54: [110, 109]
55: [109, 110]
56: [109, 110]
57: [109, 110]
58: [88, 105, 107, 109, 110, 108, 106, 87]
59: [168, 167]
60: [147, 148]
61: [106, 108, 110, 112, 87, 111, 109, 107, 105, 88]
62: [112, 111]
63: [126, 112, 125, 111]
64: [128, 125, 112, 126, 127, 111]
65: [127, 112, 128, 111]
66: [112, 111]
67: [112, 111]
68: [111, 112]
69: [111, 112]
70: [105, 107, 109, 111, 88, 112, 110, 108, 106, 87]
71: [168, 167]
72: [147, 148]
73: [106, 108, 110, 112, 114, 87, 113, 111, 109, 107, 105, 88]
74: [114, 113]
75: [126, 114, 125, 113]
76: [128, 125, 114, 113, 126, 127]
77: [127, 114, 128, 113]
78: [114, 113]
79: [113, 114]
80: [113, 114]
81: [113, 114]
82: [105, 107, 109, 111, 113, 88, 114, 112, 110, 108, 106, 87]
83: [168, 167]
84: [147, 148]
85: [106, 108, 110, 112, 114, 116, 87, 115, 113, 111, 109, 107, 105, 88]
86: [116, 115]
87: [126, 116, 115, 125]
88: [128, 125, 116, 115, 126, 127]
89: [127, 116, 115, 128]
90: [116, 115]
91: [115, 116]
92: [115, 116]
93: [115, 116]
94: [105, 107, 109, 111, 113, 115, 88, 116, 114, 112, 110, 108, 106, 87]
95: [168, 167]
96: [147, 148]
97: [106, 108, 110, 112, 114, 116, 118, 87, 117, 115, 113, 111, 109, 107, 105, 88]
98: [118, 117]
99: [126, 118, 117, 125]
100: [128, 125, 118, 117, 126, 127]
101: [127, 118, 117, 128]
102: [118, 117]
103: [117, 118]
104: [117, 118]
105: [117, 118]
106: [105, 107, 109, 111, 113, 115, 117, 88, 118, 116, 114, 112, 110, 108, 106, 87]
107: [168, 167]
108: [199, 147, 200, 148]
109: [106, 108, 110, 112, 114, 116, 118, 87, 120, 119, 117, 115, 113, 111, 109, 107, 105, 88]
110: [120, 119]
111: [126, 120, 119, 125]
112: [128, 125, 120, 119, 126, 127]
113: [127, 120, 119, 128]
114: [120, 119]
115: [120, 119]
116: [119, 120]
117: [119, 120]
118: [105, 107, 109, 111, 113, 115, 117, 119, 88, 120, 118, 116, 114, 112, 110, 108, 106, 87]
119: [200, 168, 199, 167]
120: [202, 199, 147, 200, 201, 148]
121: [106, 108, 110, 112, 114, 116, 118, 87, 120, 119, 117, 115, 113, 111, 109, 107, 105, 88]
122: [106, 108, 110, 112, 114, 116, 118, 87, 120, 119, 117, 115, 113, 111, 109, 107, 105, 88]
123: [106, 108, 110, 112, 114, 116, 118, 87, 120, 126, 125, 119, 117, 115, 113, 111, 109, 107, 105, 88]
124: []
125: [105, 107, 109, 111, 113, 115, 117, 119, 88, 127, 120, 128, 118, 116, 114, 112, 110, 108, 106, 87]
126: [105, 107, 109, 111, 113, 115, 117, 119, 88, 120, 118, 116, 114, 112, 110, 108, 106, 87]
127: [105, 107, 109, 111, 113, 115, 117, 119, 88, 120, 118, 116, 114, 112, 110, 108, 106, 87]
128: [105, 107, 109, 111, 113, 115, 117, 119, 88, 120, 118, 116, 114, 112, 110, 108, 106, 87]
129: [105, 107, 109, 111, 113, 115, 117, 119, 88, 120, 118, 116, 114, 112, 110, 108, 106, 87]
130: [105, 107, 109, 111, 113, 115, 117, 119, 88, 120, 118, 116, 114, 112, 110, 108, 106, 87]
131: [200, 201, 168, 202, 199, 167]
132: [202, 147, 201, 148]
133: [147, 202, 201, 148]
134: [147, 202, 201, 148]
135: [147, 202, 201, 148]
136: [168, 147, 202, 201, 148, 167]
137: [168, 202, 201, 167]
138: [168, 202, 201, 167]
139: [168, 201, 202, 167]
140: [168, 201, 202, 167]
141: [168, 201, 202, 167]
142: [168, 201, 202, 167]
143: [168, 201, 202, 167]
125
0: [150, 149]
1: [150, 149]
2: [150, 149]
3: [150, 149]
4: [150, 149]
5: [169, 150, 149, 170]
6: [169, 170]
7: [169, 170]
8: [169, 170]
9: [169, 170]
10: [169, 170]
11: [169, 170]
12: [149, 150]
13: [87, 88]
14: [87, 88]
15: [87, 88]
16: [128, 127, 87, 88]
17: [130, 127, 128, 129, 87, 88]
18: [129, 130, 88, 87]
19: [88, 87]
20: [88, 87]
21: [88, 87]
22: [88, 87]
23: [169, 170]
24: [149, 150]
25: [106, 87, 105, 88]
26: [106, 105]
27: [106, 105]
28: [128, 127, 106, 105]
29: [130, 127, 128, 129, 106, 105]
30: [129, 130, 105, 106]
31: [105, 106]
32: [105, 106]
33: [105, 106]
34: [88, 105, 106, 87]
35: [170, 169]
36: [149, 150]
37: [106, 108, 87, 107, 105, 88]
38: [108, 107]
39: [108, 107]
40: [128, 127, 108, 107]
41: [130, 127, 128, 129, 108, 107]
42: [129, 130, 107, 108]
43: [107, 108]
44: [107, 108]
45: [107, 108]
46: [88, 105, 107, 108, 106, 87]
47: [170, 169]
48: [149, 150]
49: [106, 108, 110, 87, 109, 107, 105, 88]
50: [110, 109]
51: [110, 109]
52: [128, 110, 127, 109]
53: [130, 127, 128, 129, 110, 109]
54: [129, 130, 109, 110]
55: [109, 110]
56: [109, 110]
57: [109, 110]
58: [88, 105, 107, 109, 110, 108, 106, 87]
59: [170, 169]
60: [149, 150]
61: [106, 108, 110, 112, 87, 111, 109, 107, 105, 88]
62: [112, 111]
63: [112, 111]
64: [128, 112, 127, 111]
65: [130, 127, 112, 128, 129, 111]
66: [129, 112, 130, 111]
67: [111, 112]
68: [111, 112]
69: [111, 112]
70: [105, 107, 109, 111, 88, 112, 110, 108, 106, 87]
71: [170, 169]
72: [149, 150]
73: [106, 108, 110, 112, 114, 87, 113, 111, 109, 107, 105, 88]
74: [114, 113]
75: [114, 113]
76: [128, 114, 113, 127]
77: [130, 127, 114, 113, 128, 129]
78: [129, 113, 114, 130]
79: [113, 114]
80: [113, 114]
81: [113, 114]
82: [105, 107, 109, 111, 113, 88, 114, 112, 110, 108, 106, 87]
83: [170, 169]
84: [149, 150]
85: [106, 108, 110, 112, 114, 116, 87, 115, 113, 111, 109, 107, 105, 88]
86: [116, 115]
87: [116, 115]
88: [128, 116, 115, 127]
89: [130, 127, 116, 115, 128, 129]
90: [129, 115, 116, 130]
91: [115, 116]
92: [115, 116]
93: [115, 116]
94: [105, 107, 109, 111, 113, 115, 88, 116, 114, 112, 110, 108, 106, 87]
95: [170, 169]
96: [149, 150]
97: [106, 108, 110, 112, 114, 116, 118, 87, 117, 115, 113, 111, 109, 107, 105, 88]
98: [118, 117]
99: [118, 117]
100: [128, 118, 117, 127]
101: [130, 127, 118, 117, 128, 129]
102: [129, 117, 118, 130]
103: [117, 118]
104: [117, 118]
105: [117, 118]
106: [105, 107, 109, 111, 113, 115, 117, 88, 118, 116, 114, 112, 110, 108, 106, 87]
107: [170, 169]
108: [199, 149, 200, 150]
109: [106, 108, 110, 112, 114, 116, 118, 87, 120, 119, 117, 115, 113, 111, 109, 107, 105, 88]
110: [120, 119]
111: [120, 119]
112: [128, 120, 119, 127]
113: [130, 127, 120, 119, 128, 129]
114: [129, 120, 119, 130]
115: [119, 120]
116: [119, 120]
117: [119, 120]
118: [105, 107, 109, 111, 113, 115, 117, 119, 88, 120, 118, 116, 114, 112, 110, 108, 106, 87]
119: [200, 170, 199, 169]
120: [202, 199, 149, 200, 201, 150]
121: [106, 108, 110, 112, 114, 116, 118, 87, 120, 119, 117, 115, 113, 111, 109, 107, 105, 88]
122: [106, 108, 110, 112, 114, 116, 118, 87, 120, 119, 117, 115, 113, 111, 109, 107, 105, 88]
123: [106, 108, 110, 112, 114, 116, 118, 87, 120, 119, 117, 115, 113, 111, 109, 107, 105, 88]
124: [128, 106, 108, 110, 112, 114, 116, 118, 87, 120, 127, 119, 117, 115, 113, 111, 109, 107, 105, 88]
125: []
126: [129, 105, 107, 109, 111, 113, 115, 117, 119, 88, 120, 130, 118, 116, 114, 112, 110, 108, 106, 87]
127: [105, 107, 109, 111, 113, 115, 117, 119, 88, 120, 118, 116, 114, 112, 110, 108, 106, 87]
128: [105, 107, 109, 111, 113, 115, 117, 119, 88, 120, 118, 116, 114, 112, 110, 108, 106, 87]
129: [105, 107, 109, 111, 113, 115, 117, 119, 88, 120, 118, 116, 114, 112, 110, 108, 106, 87]
130: [105, 107, 109, 111, 113, 115, 117, 119, 88, 120, 118, 116, 114, 112, 110, 108, 106, 87]
131: [200, 201, 170, 202, 199, 169]
132: [202, 149, 201, 150]
133: [149, 202, 201, 150]
134: [149, 202, 201, 150]
135: [149, 202, 201, 150]
136: [149, 202, 201, 150]
137: [170, 149, 202, 201, 150, 169]
138: [170, 201, 202, 169]
139: [170, 201, 202, 169]
140: [170, 201, 202, 169]
141: [170, 201, 202, 169]
142: [170, 201, 202, 169]
143: [201, 170, 202, 169]
126
0: [152, 151]
1: [152, 151]
2: [152, 151]
3: [152, 151]
4: [152, 151]
5: [152, 151]
6: [152, 171, 172, 151]
7: [171, 172]
8: [171, 172]
9: [171, 172]
10: [171, 172]
11: [171, 172]
12: [152, 151]
13: [87, 88]
14: [87, 88]
15: [87, 88]
16: [87, 88]
17: [129, 130, 88, 87]
18: [129, 132, 130, 131, 88, 87]
19: [131, 132, 88, 87]
20: [88, 87]
21: [88, 87]
22: [88, 87]
23: [171, 172]
24: [151, 152]
25: [106, 87, 105, 88]
26: [106, 105]
27: [106, 105]
28: [106, 105]
29: [130, 129, 105, 106]
30: [129, 132, 130, 131, 105, 106]
31: [131, 132, 105, 106]
32: [105, 106]
33: [105, 106]
34: [88, 105, 106, 87]
35: [172, 171]
36: [151, 152]
37: [106, 108, 87, 107, 105, 88]
38: [108, 107]
39: [108, 107]
40: [108, 107]
41: [130, 129, 107, 108]
42: [129, 132, 130, 131, 107, 108]
43: [131, 132, 107, 108]
44: [107, 108]
45: [107, 108]
46: [88, 105, 107, 108, 106, 87]
47: [172, 171]
48: [151, 152]
49: [106, 108, 110, 87, 109, 107, 105, 88]
50: [110, 109]
51: [110, 109]
52: [110, 109]
53: [130, 129, 109, 110]
54: [129, 132, 130, 131, 109, 110]
55: [131, 132, 109, 110]
56: [109, 110]
57: [109, 110]
58: [88, 105, 107, 109, 110, 108, 106, 87]
59: [172, 171]
60: [151, 152]
61: [106, 108, 110, 112, 87, 111, 109, 107, 105, 88]
62: [112, 111]
63: [112, 111]
64: [112, 111]
65: [130, 112, 129, 111]
66: [129, 132, 111, 112, 130, 131]
67: [131, 111, 132, 112]
68: [111, 112]
69: [111, 112]
70: [105, 107, 109, 111, 88, 112, 110, 108, 106, 87]
71: [172, 171]
72: [151, 152]
73: [106, 108, 110, 112, 114, 87, 113, 111, 109, 107, 105, 88]
74: [114, 113]
75: [114, 113]
76: [114, 113]
77: [130, 113, 114, 129]
78: [129, 132, 113, 114, 130, 131]
79: [131, 113, 114, 132]
80: [113, 114]
81: [113, 114]
82: [105, 107, 109, 111, 113, 88, 114, 112, 110, 108, 106, 87]
83: [172, 171]
84: [151, 152]
85: [106, 108, 110, 112, 114, 116, 87, 115, 113, 111, 109, 107, 105, 88]
86: [116, 115]
87: [116, 115]
88: [116, 115]
89: [130, 115, 116, 129]
90: [129, 132, 115, 116, 130, 131]
91: [131, 115, 116, 132]
92: [115, 116]
93: [115, 116]
94: [105, 107, 109, 111, 113, 115, 88, 116, 114, 112, 110, 108, 106, 87]
95: [172, 171]
96: [151, 152]
97: [106, 108, 110, 112, 114, 116, 118, 87, 117, 115, 113, 111, 109, 107, 105, 88]
98: [118, 117]
99: [118, 117]
100: [118, 117]
101: [130, 117, 118, 129]
102: [129, 132, 117, 118, 130, 131]
103: [131, 117, 118, 132]
104: [117, 118]
105: [117, 118]
106: [105, 107, 109, 111, 113, 115, 117, 88, 118, 116, 114, 112, 110, 108, 106, 87]
107: [172, 171]
108: [199, 151, 200, 152]
109: [106, 108, 110, 112, 114, 116, 118, 87, 120, 119, 117, 115, 113, 111, 109, 107, 105, 88]
110: [120, 119]
111: [120, 119]
112: [120, 119]
113: [130, 120, 119, 129]
114: [129, 132, 119, 120, 130, 131]
115: [131, 119, 120, 132]
116: [119, 120]
117: [119, 120]
118: [105, 107, 109, 111, 113, 115, 117, 119, 88, 120, 118, 116, 114, 112, 110, 108, 106, 87]
119: [200, 172, 199, 171]
120: [202, 199, 151, 200, 201, 152]
121: [106, 108, 110, 112, 114, 116, 118, 87, 120, 119, 117, 115, 113, 111, 109, 107, 105, 88]
122: [106, 108, 110, 112, 114, 116, 118, 87, 120, 119, 117, 115, 113, 111, 109, 107, 105, 88]
123: [106, 108, 110, 112, 114, 116, 118, 87, 120, 119, 117, 115, 113, 111, 109, 107, 105, 88]
124: [106, 108, 110, 112, 114, 116, 118, 87, 120, 119, 117, 115, 113, 111, 109, 107, 105, 88]
125: [130, 106, 108, 110, 112, 114, 116, 118, 87, 120, 129, 119, 117, 115, 113, 111, 109, 107, 105, 88]
126: []
127: [131, 105, 107, 109, 111, 113, 115, 117, 119, 88, 120, 132, 118, 116, 114, 112, 110, 108, 106, 87]
128: [105, 107, 109, 111, 113, 115, 117, 119, 88, 120, 118, 116, 114, 112, 110, 108, 106, 87]
129: [105, 107, 109, 111, 113, 115, 117, 119, 88, 120, 118, 116, 114, 112, 110, 108, 106, 87]
130: [105, 107, 109, 111, 113, 115, 117, 119, 88, 120, 118, 116, 114, 112, 110, 108, 106, 87]
131: [200, 201, 172, 202, 199, 171]
132: [202, 151, 201, 152]
133: [151, 202, 201, 152]
134: [151, 202, 201, 152]
135: [151, 202, 201, 152]
136: [151, 202, 201, 152]
137: [151, 201, 202, 152]
138: [172, 151, 201, 202, 171, 152]
139: [172, 201, 202, 171]
140: [172, 201, 202, 171]
141: [172, 201, 202, 171]
142: [172, 201, 202, 171]
143: [201, 172, 202, 171]
127
0: [154, 153]
1: [154, 153]
2: [154, 153]
3: [154, 153]
4: [154, 153]
5: [154, 153]
6: [154, 153]
7: [154, 173, 174, 153]
8: [173, 174]
9: [173, 174]
10: [173, 174]
11: [173, 174]
12: [153, 154]
13: [87, 88]
14: [87, 88]
15: [87, 88]
16: [88, 87]
17: [88, 87]
18: [131, 132, 88, 87]
19: [131, 134, 132, 133, 88, 87]
20: [133, 134, 88, 87]
21: [88, 87]
22: [88, 87]
23: [173, 174]
24: [153, 154]
25: [106, 87, 105, 88]
26: [106, 105]
27: [106, 105]
28: [105, 106]
29: [105, 106]
30: [132, 131, 105, 106]
31: [131, 134, 132, 133, 105, 106]
32: [133, 134, 105, 106]
33: [105, 106]
34: [88, 105, 106, 87]
35: [174, 173]
36: [153, 154]
37: [106, 108, 87, 107, 105, 88]
38: [108, 107]
39: [108, 107]
40: [107, 108]
41: [107, 108]
42: [132, 131, 107, 108]
43: [131, 134, 107, 132, 133, 108]
44: [133, 107, 134, 108]
45: [107, 108]
46: [88, 105, 107, 108, 106, 87]
47: [174, 173]
48: [153, 154]
49: [106, 108, 110, 87, 109, 107, 105, 88]
50: [110, 109]
51: [110, 109]
52: [109, 110]
53: [109, 110]
54: [132, 131, 109, 110]
55: [131, 134, 109, 132, 133, 110]
56: [133, 109, 134, 110]
57: [109, 110]
58: [88, 105, 107, 109, 110, 108, 106, 87]
59: [174, 173]
60: [153, 154]
61: [106, 108, 110, 112, 87, 111, 109, 107, 105, 88]
62: [112, 111]
63: [112, 111]
64: [112, 111]
65: [111, 112]
66: [132, 111, 131, 112]
67: [131, 134, 111, 132, 133, 112]
68: [133, 111, 134, 112]
69: [111, 112]
70: [105, 107, 109, 111, 88, 112, 110, 108, 106, 87]
71: [174, 173]
72: [153, 154]
73: [106, 108, 110, 112, 114, 87, 113, 111, 109, 107, 105, 88]
74: [114, 113]
75: [114, 113]
76: [113, 114]
77: [113, 114]
78: [132, 113, 114, 131]
79: [131, 134, 113, 114, 132, 133]
80: [133, 113, 134, 114]
81: [113, 114]
82: [105, 107, 109, 111, 113, 88, 114, 112, 110, 108, 106, 87]
83: [174, 173]
84: [153, 154]
85: [106, 108, 110, 112, 114, 116, 87, 115, 113, 111, 109, 107, 105, 88]
86: [116, 115]
87: [116, 115]
88: [115, 116]
89: [115, 116]
90: [132, 115, 116, 131]
91: [131, 134, 115, 116, 132, 133]
92: [133, 115, 116, 134]
93: [115, 116]
94: [105, 107, 109, 111, 113, 115, 88, 116, 114, 112, 110, 108, 106, 87]
95: [174, 173]
96: [153, 154]
97: [106, 108, 110, 112, 114, 116, 118, 87, 117, 115, 113, 111, 109, 107, 105, 88]
98: [118, 117]
99: [118, 117]
100: [117, 118]
101: [117, 118]
102: [132, 117, 118, 131]
103: [131, 134, 117, 118, 132, 133]
104: [133, 117, 118, 134]
105: [117, 118]
106: [105, 107, 109, 111, 113, 115, 117, 88, 118, 116, 114, 112, 110, 108, 106, 87]
107: [174, 173]
108: [199, 153, 200, 154]
109: [106, 108, 110, 112, 114, 116, 118, 87, 120, 119, 117, 115, 113, 111, 109, 107, 105, 88]
110: [120, 119]
111: [120, 119]
112: [120, 119]
113: [119, 120]
114: [132, 119, 120, 131]
115: [131, 134, 119, 120, 132, 133]
116: [133, 119, 120, 134]
117: [119, 120]
118: [105, 107, 109, 111, 113, 115, 117, 119, 88, 120, 118, 116, 114, 112, 110, 108, 106, 87]
119: [200, 174, 199, 173]
120: [202, 199, 153, 200, 201, 154]
121: [106, 108, 110, 112, 114, 116, 118, 87, 120, 119, 117, 115, 113, 111, 109, 107, 105, 88]
122: [106, 108, 110, 112, 114, 116, 118, 87, 120, 119, 117, 115, 113, 111, 109, 107, 105, 88]
123: [106, 108, 110, 112, 114, 116, 118, 87, 120, 119, 117, 115, 113, 111, 109, 107, 105, 88]
124: [106, 108, 110, 112, 114, 116, 118, 87, 120, 119, 117, 115, 113, 111, 109, 107, 105, 88]
125: [106, 108, 110, 112, 114, 116, 118, 87, 120, 119, 117, 115, 113, 111, 109, 107, 105, 88]
126: [132, 106, 108, 110, 112, 114, 116, 118, 87, 120, 131, 119, 117, 115, 113, 111, 109, 107, 105, 88]
127: []
128: [133, 105, 107, 109, 111, 113, 115, 117, 119, 88, 120, 134, 118, 116, 114, 112, 110, 108, 106, 87]
129: [105, 107, 109, 111, 113, 115, 117, 119, 88, 120, 118, 116, 114, 112, 110, 108, 106, 87]
130: [105, 107, 109, 111, 113, 115, 117, 119, 88, 120, 118, 116, 114, 112, 110, 108, 106, 87]
131: [200, 201, 174, 202, 199, 173]
132: [153, 202, 201, 154]
133: [153, 202, 201, 154]
134: [153, 202, 201, 154]
135: [153, 202, 201, 154]
136: [153, 201, 202, 154]
137: [153, 201, 202, 154]
138: [153, 201, 202, 154]
139: [153, 174, 201, 202, 173, 154]
140: [174, 201, 202, 173]
141: [174, 201, 202, 173]
142: [174, 201, 202, 173]
143: [201, 174, 202, 173]
128
0: [156, 155]
1: [156, 155]
2: [156, 155]
3: [156, 155]
4: [156, 155]
5: [156, 155]
6: [156, 155]
7: [156, 155]
8: [156, 175, 176, 155]
9: [175, 176]
10: [175, 176]
11: [175, 176]
12: [155, 156]
13: [87, 88]
14: [87, 88]
15: [88, 87]
16: [88, 87]
17: [88, 87]
18: [88, 87]
19: [133, 134, 88, 87]
20: [136, 133, 134, 135, 88, 87]
21: [136, 135, 88, 87]
22: [88, 87]
23: [176, 175]
24: [155, 156]
25: [106, 87, 105, 88]
26: [106, 105]
27: [105, 106]
28: [105, 106]
29: [105, 106]
30: [105, 106]
31: [134, 133, 105, 106]
32: [136, 133, 105, 134, 135, 106]
33: [135, 136, 105, 106]
34: [88, 105, 106, 87]
35: [176, 175]
36: [155, 156]
37: [106, 108, 87, 107, 105, 88]
38: [108, 107]
39: [107, 108]
40: [107, 108]
41: [107, 108]
42: [107, 108]
43: [134, 107, 133, 108]
44: [136, 133, 107, 134, 135, 108]
45: [135, 107, 136, 108]
46: [88, 105, 107, 108, 106, 87]
47: [176, 175]
48: [155, 156]
49: [106, 108, 110, 87, 109, 107, 105, 88]
50: [110, 109]
51: [109, 110]
52: [109, 110]
53: [109, 110]
54: [109, 110]
55: [134, 109, 133, 110]
56: [136, 133, 109, 134, 135, 110]
57: [135, 109, 136, 110]
58: [88, 105, 107, 109, 110, 108, 106, 87]
59: [176, 175]
60: [155, 156]
61: [106, 108, 110, 112, 87, 111, 109, 107, 105, 88]
62: [112, 111]
63: [112, 111]
64: [111, 112]
65: [111, 112]
66: [111, 112]
67: [134, 111, 133, 112]
68: [136, 133, 111, 134, 135, 112]
69: [135, 111, 136, 112]
70: [105, 107, 109, 111, 88, 112, 110, 108, 106, 87]
71: [176, 175]
72: [155, 156]
73: [106, 108, 110, 112, 114, 87, 113, 111, 109, 107, 105, 88]
74: [114, 113]
75: [113, 114]
76: [113, 114]
77: [113, 114]
78: [113, 114]
79: [134, 113, 133, 114]
80: [136, 133, 113, 134, 135, 114]
81: [135, 113, 136, 114]
82: [105, 107, 109, 111, 113, 88, 114, 112, 110, 108, 106, 87]
83: [176, 175]
84: [155, 156]
85: [106, 108, 110, 112, 114, 116, 87, 115, 113, 111, 109, 107, 105, 88]
86: [116, 115]
87: [115, 116]
88: [115, 116]
89: [115, 116]
90: [115, 116]
91: [134, 115, 116, 133]
92: [136, 133, 115, 116, 134, 135]
93: [135, 115, 136, 116]
94: [105, 107, 109, 111, 113, 115, 88, 116, 114, 112, 110, 108, 106, 87]
95: [176, 175]
96: [155, 156]
97: [106, 108, 110, 112, 114, 116, 118, 87, 117, 115, 113, 111, 109, 107, 105, 88]
98: [118, 117]
99: [117, 118]
100: [117, 118]
101: [117, 118]
102: [117, 118]
103: [134, 117, 118, 133]
104: [136, 133, 117, 118, 134, 135]
105: [135, 117, 136, 118]
106: [105, 107, 109, 111, 113, 115, 117, 88, 118, 116, 114, 112, 110, 108, 106, 87]
107: [176, 175]
108: [199, 155, 200, 156]
109: [106, 108, 110, 112, 114, 116, 118, 87, 120, 119, 117, 115, 113, 111, 109, 107, 105, 88]
110: [120, 119]
111: [120, 119]
112: [119, 120]
113: [119, 120]
114: [119, 120]
115: [134, 119, 120, 133]
116: [136, 133, 119, 120, 134, 135]
117: [135, 119, 120, 136]
118: [105, 107, 109, 111, 113, 115, 117, 119, 88, 120, 118, 116, 114, 112, 110, 108, 106, 87]
119: [200, 176, 199, 175]
120: [202, 199, 155, 200, 201, 156]
121: [106, 108, 110, 112, 114, 116, 118, 87, 120, 119, 117, 115, 113, 111, 109, 107, 105, 88]
122: [106, 108, 110, 112, 114, 116, 118, 87, 120, 119, 117, 115, 113, 111, 109, 107, 105, 88]
123: [106, 108, 110, 112, 114, 116, 118, 87, 120, 119, 117, 115, 113, 111, 109, 107, 105, 88]
124: [106, 108, 110, 112, 114, 116, 118, 87, 120, 119, 117, 115, 113, 111, 109, 107, 105, 88]
125: [106, 108, 110, 112, 114, 116, 118, 87, 120, 119, 117, 115, 113, 111, 109, 107, 105, 88]
126: [106, 108, 110, 112, 114, 116, 118, 87, 120, 119, 117, 115, 113, 111, 109, 107, 105, 88]
127: [134, 106, 108, 110, 112, 114, 116, 118, 87, 120, 133, 119, 117, 115, 113, 111, 109, 107, 105, 88]
128: []
129: [135, 105, 107, 109, 111, 113, 115, 117, 119, 88, 120, 136, 118, 116, 114, 112, 110, 108, 106, 87]
130: [105, 107, 109, 111, 113, 115, 117, 119, 88, 120, 118, 116, 114, 112, 110, 108, 106, 87]
131: [200, 201, 176, 202, 199, 175]
132: [202, 155, 201, 156]
133: [155, 202, 201, 156]
134: [155, 202, 201, 156]
135: [155, 201, 202, 156]
136: [155, 201, 202, 156]
137: [155, 201, 202, 156]
138: [155, 201, 202, 156]
139: [155, 201, 202, 156]
140: [176, 155, 201, 202, 175, 156]
141: [176, 201, 202, 175]
142: [176, 201, 202, 175]
143: [176, 201, 202, 175]
129
0: [158, 157]
1: [158, 157]
2: [158, 157]
3: [158, 157]
4: [158, 157]
5: [158, 157]
6: [158, 157]
7: [158, 157]
8: [158, 157]
9: [177, 158, 178, 157]
10: [177, 178]
11: [177, 178]
12: [157, 158]
13: [87, 88]
14: [88, 87]
15: [88, 87]
16: [88, 87]
17: [88, 87]
18: [88, 87]
19: [88, 87]
20: [136, 135, 88, 87]
21: [138, 135, 88, 137, 136, 87]
22: [88, 137, 138, 87]
23: [177, 178]
24: [157, 158]
25: [106, 87, 105, 88]
26: [105, 106]
27: [105, 106]
28: [105, 106]
29: [105, 106]
30: [105, 106]
31: [105, 106]
32: [136, 105, 135, 106]
33: [138, 135, 105, 136, 137, 106]
34: [88, 105, 137, 138, 106, 87]
35: [178, 177]
36: [157, 158]
37: [106, 108, 87, 107, 105, 88]
38: [107, 108]
39: [107, 108]
40: [107, 108]
41: [107, 108]
42: [107, 108]
43: [107, 108]
44: [136, 107, 135, 108]
45: [138, 135, 107, 136, 137, 108]
46: [88, 105, 137, 107, 138, 108, 106, 87]
47: [178, 177]
48: [157, 158]
49: [106, 108, 110, 87, 109, 107, 105, 88]
50: [109, 110]
51: [109, 110]
52: [109, 110]
53: [109, 110]
54: [109, 110]
55: [109, 110]
56: [136, 109, 135, 110]
57: [138, 135, 109, 136, 137, 110]
58: [105, 137, 107, 109, 88, 138, 110, 108, 106, 87]
59: [178, 177]
60: [157, 158]
61: [106, 108, 110, 112, 87, 111, 109, 107, 105, 88]
62: [112, 111]
63: [111, 112]
64: [111, 112]
65: [111, 112]
66: [111, 112]
67: [111, 112]
68: [136, 111, 135, 112]
69: [138, 135, 111, 136, 137, 112]
70: [105, 137, 107, 109, 111, 88, 138, 112, 110, 108, 106, 87]
71: [178, 177]
72: [157, 158]
73: [106, 108, 110, 112, 114, 87, 113, 111, 109, 107, 105, 88]
74: [113, 114]
75: [113, 114]
76: [113, 114]
77: [113, 114]
78: [113, 114]
79: [113, 114]
80: [136, 113, 135, 114]
81: [138, 135, 113, 136, 137, 114]
82: [105, 137, 107, 109, 111, 113, 88, 138, 114, 112, 110, 108, 106, 87]
83: [178, 177]
84: [157, 158]
85: [106, 108, 110, 112, 114, 116, 87, 115, 113, 111, 109, 107, 105, 88]
86: [115, 116]
87: [115, 116]
88: [115, 116]
89: [115, 116]
90: [115, 116]
91: [115, 116]
92: [136, 115, 135, 116]
93: [138, 135, 115, 136, 137, 116]
94: [105, 137, 107, 109, 111, 113, 115, 88, 138, 116, 114, 112, 110, 108, 106, 87]
95: [178, 177]
96: [157, 158]
97: [106, 108, 110, 112, 114, 116, 118, 87, 117, 115, 113, 111, 109, 107, 105, 88]
98: [117, 118]
99: [117, 118]
100: [117, 118]
101: [117, 118]
102: [117, 118]
103: [117, 118]
104: [136, 117, 118, 135]
105: [138, 135, 117, 136, 137, 118]
106: [105, 137, 107, 109, 111, 113, 115, 117, 88, 138, 118, 116, 114, 112, 110, 108, 106, 87]
107: [178, 177]
108: [199, 157, 200, 158]
109: [106, 108, 110, 112, 114, 116, 118, 87, 120, 119, 117, 115, 113, 111, 109, 107, 105, 88]
110: [120, 119]
111: [119, 120]
112: [119, 120]
113: [119, 120]
114: [119, 120]
115: [119, 120]
116: [136, 119, 120, 135]
117: [138, 135, 119, 120, 136, 137]
118: [105, 137, 107, 109, 111, 113, 115, 117, 119, 88, 120, 138, 118, 116, 114, 112, 110, 108, 106, 87]
119: [200, 178, 177, 199]
120: [202, 199, 157, 200, 201, 158]
121: [106, 108, 110, 112, 114, 116, 118, 87, 120, 119, 117, 115, 113, 111, 109, 107, 105, 88]
122: [106, 108, 110, 112, 114, 116, 118, 87, 120, 119, 117, 115, 113, 111, 109, 107, 105, 88]
123: [106, 108, 110, 112, 114, 116, 118, 87, 120, 119, 117, 115, 113, 111, 109, 107, 105, 88]
124: [106, 108, 110, 112, 114, 116, 118, 87, 120, 119, 117, 115, 113, 111, 109, 107, 105, 88]
125: [106, 108, 110, 112, 114, 116, 118, 87, 120, 119, 117, 115, 113, 111, 109, 107, 105, 88]
126: [106, 108, 110, 112, 114, 116, 118, 87, 120, 119, 117, 115, 113, 111, 109, 107, 105, 88]
127: [106, 108, 110, 112, 114, 116, 118, 87, 120, 119, 117, 115, 113, 111, 109, 107, 105, 88]
128: [136, 106, 108, 110, 112, 114, 116, 118, 87, 120, 135, 119, 117, 115, 113, 111, 109, 107, 105, 88]
129: []
130: [105, 137, 107, 109, 111, 113, 115, 117, 119, 88, 120, 138, 118, 116, 114, 112, 110, 108, 106, 87]
131: [200, 201, 178, 177, 202, 199]
132: [202, 157, 201, 158]
133: [157, 202, 201, 158]
134: [157, 201, 202, 158]
135: [157, 201, 202, 158]
136: [157, 201, 202, 158]
137: [157, 201, 202, 158]
138: [157, 201, 202, 158]
139: [157, 201, 202, 158]
140: [157, 201, 202, 158]
141: [178, 157, 201, 202, 177, 158]
142: [178, 201, 202, 177]
143: [201, 178, 202, 177]
130
0: [160, 159]
1: [160, 159]
2: [160, 159]
3: [160, 159]
4: [160, 159]
5: [160, 159]
6: [160, 159]
7: [160, 159]
8: [160, 159]
9: [160, 159]
10: [160, 179, 180, 159]
11: [179, 180]
12: [160, 159]
13: [88, 87]
14: [88, 87]
15: [88, 87]
16: [88, 87]
17: [88, 87]
18: [88, 87]
19: [88, 87]
20: [88, 87]
21: [88, 137, 138, 87]
22: [88, 137, 138, 87]
23: [179, 180]
24: [159, 160]
25: [105, 106, 87, 88]
26: [105, 106]
27: [105, 106]
28: [105, 106]
29: [105, 106]
30: [105, 106]
31: [105, 106]
32: [105, 106]
33: [105, 138, 137, 106]
34: [88, 105, 137, 138, 106, 87]
35: [180, 179]
36: [159, 160]
37: [106, 107, 108, 87, 105, 88]
38: [107, 108]
39: [107, 108]
40: [107, 108]
41: [107, 108]
42: [107, 108]
43: [107, 108]
44: [107, 108]
45: [138, 107, 137, 108]
46: [88, 105, 137, 107, 138, 108, 106, 87]
47: [180, 179]
48: [159, 160]
49: [106, 108, 109, 110, 87, 107, 105, 88]
50: [109, 110]
51: [109, 110]
52: [109, 110]
53: [109, 110]
54: [109, 110]
55: [109, 110]
56: [109, 110]
57: [138, 109, 137, 110]
58: [105, 137, 107, 109, 88, 138, 110, 108, 106, 87]
59: [180, 179]
60: [159, 160]
61: [106, 108, 110, 111, 112, 87, 109, 107, 105, 88]
62: [111, 112]
63: [111, 112]
64: [111, 112]
65: [111, 112]
66: [111, 112]
67: [111, 112]
68: [111, 112]
69: [138, 111, 137, 112]
70: [105, 137, 107, 109, 111, 88, 138, 112, 110, 108, 106, 87]
71: [180, 179]
72: [159, 160]
73: [106, 108, 110, 112, 113, 114, 87, 111, 109, 107, 105, 88]
74: [113, 114]
75: [113, 114]
76: [113, 114]
77: [113, 114]
78: [113, 114]
79: [113, 114]
80: [113, 114]
81: [113, 138, 137, 114]
82: [105, 137, 107, 109, 111, 113, 88, 138, 114, 112, 110, 108, 106, 87]
83: [180, 179]
84: [159, 160]
85: [106, 108, 110, 112, 114, 115, 116, 87, 113, 111, 109, 107, 105, 88]
86: [115, 116]
87: [115, 116]
88: [115, 116]
89: [115, 116]
90: [115, 116]
91: [115, 116]
92: [115, 116]
93: [138, 115, 137, 116]
94: [105, 137, 107, 109, 111, 113, 115, 88, 138, 116, 114, 112, 110, 108, 106, 87]
95: [180, 179]
96: [159, 160]
97: [106, 108, 110, 112, 114, 116, 117, 118, 87, 115, 113, 111, 109, 107, 105, 88]
98: [117, 118]
99: [117, 118]
100: [117, 118]
101: [117, 118]
102: [117, 118]
103: [117, 118]
104: [117, 118]
105: [138, 117, 137, 118]
106: [105, 137, 107, 109, 111, 113, 115, 117, 88, 138, 118, 116, 114, 112, 110, 108, 106, 87]
107: [180, 179]
108: [199, 200, 159, 160]
109: [106, 108, 110, 112, 114, 116, 119, 118, 87, 120, 117, 115, 113, 111, 109, 107, 105, 88]
110: [119, 120]
111: [119, 120]
112: [119, 120]
113: [119, 120]
114: [119, 120]
115: [119, 120]
116: [119, 120]
117: [138, 119, 120, 137]
118: [105, 137, 107, 109, 111, 113, 115, 117, 119, 88, 120, 138, 118, 116, 114, 112, 110, 108, 106, 87]
119: [200, 180, 179, 199]
120: [202, 199, 159, 200, 201, 160]
121: [106, 108, 110, 112, 114, 116, 118, 87, 120, 119, 117, 115, 113, 111, 109, 107, 105, 88]
122: [106, 108, 110, 112, 114, 116, 118, 87, 120, 119, 117, 115, 113, 111, 109, 107, 105, 88]
123: [106, 108, 110, 112, 114, 116, 118, 87, 120, 119, 117, 115, 113, 111, 109, 107, 105, 88]
124: [106, 108, 110, 112, 114, 116, 118, 87, 120, 119, 117, 115, 113, 111, 109, 107, 105, 88]
125: [106, 108, 110, 112, 114, 116, 118, 87, 120, 119, 117, 115, 113, 111, 109, 107, 105, 88]
126: [106, 108, 110, 112, 114, 116, 118, 87, 120, 119, 117, 115, 113, 111, 109, 107, 105, 88]
127: [106, 108, 110, 112, 114, 116, 118, 87, 120, 119, 117, 115, 113, 111, 109, 107, 105, 88]
128: [106, 108, 110, 112, 114, 116, 118, 87, 120, 119, 117, 115, 113, 111, 109, 107, 105, 88]
129: [106, 138, 108, 110, 112, 114, 116, 118, 87, 120, 137, 119, 117, 115, 113, 111, 109, 107, 105, 88]
130: []
131: [200, 201, 180, 179, 202, 199]
132: [202, 159, 201, 160]
133: [159, 201, 202, 160]
134: [159, 201, 202, 160]
135: [159, 201, 202, 160]
136: [159, 201, 202, 160]
137: [159, 201, 202, 160]
138: [159, 201, 202, 160]
139: [159, 201, 202, 160]
140: [159, 201, 202, 160]
141: [159, 201, 202, 160]
142: [180, 159, 201, 202, 179, 160]
143: [201, 180, 202, 179]
131
0: [139, 140]
1: [162, 139, 161, 140]
2: [162, 139, 164, 163, 161, 140]
3: [162, 139, 164, 166, 165, 163, 161, 140]
4: [162, 164, 166, 168, 139, 167, 165, 163, 161, 140]
5: [162, 164, 166, 168, 170, 139, 169, 167, 165, 163, 161, 140]
6: [162, 164, 166, 168, 170, 139, 172, 171, 169, 167, 165, 163, 161, 140]
7: [162, 164, 166, 168, 170, 139, 172, 174, 173, 171, 169, 167, 165, 163, 161, 140]
8: [162, 164, 166, 168, 170, 139, 172, 174, 176, 175, 173, 171, 169, 167, 165, 163, 161, 140]
9: [162, 164, 166, 168, 170, 139, 172, 174, 176, 178, 177, 175, 173, 171, 169, 167, 165, 163, 161, 140]
10: [162, 164, 166, 168, 170, 139, 172, 174, 176, 178, 180, 179, 177, 175, 173, 171, 169, 167, 165, 163, 161, 140]
11: [162, 164, 166, 168, 170, 139, 172, 174, 176, 178, 180, 179, 177, 175, 173, 171, 169, 167, 165, 163, 161, 140]
12: [139, 140]
13: [161, 162]
14: [163, 164]
15: [165, 166]
16: [168, 167]
17: [169, 170]
18: [171, 172]
19: [173, 174]
20: [176, 175]
21: [177, 178]
22: [179, 180]
23: [162, 164, 166, 168, 170, 139, 172, 174, 176, 178, 180, 179, 177, 175, 173, 171, 169, 167, 165, 163, 161, 140]
24: [140, 139]
25: [161, 162]
26: [163, 164]
27: [165, 166]
28: [167, 168]
29: [169, 170]
30: [171, 172]
31: [173, 174]
32: [175, 176]
33: [177, 178]
34: [179, 180]
35: [162, 164, 166, 168, 170, 139, 172, 174, 176, 178, 180, 179, 177, 175, 173, 171, 169, 167, 165, 163, 161, 140]
36: [140, 139]
37: [161, 162]
38: [163, 164]
39: [165, 166]
40: [167, 168]
41: [169, 170]
42: [171, 172]
43: [173, 174]
44: [175, 176]
45: [177, 178]
46: [179, 180]
47: [162, 164, 166, 168, 170, 139, 172, 174, 176, 178, 180, 179, 177, 175, 173, 171, 169, 167, 165, 163, 161, 140]
48: [140, 139]
49: [161, 162]
50: [163, 164]
51: [165, 166]
52: [167, 168]
53: [169, 170]
54: [171, 172]
55: [173, 174]
56: [175, 176]
57: [177, 178]
58: [179, 180]
59: [162, 164, 166, 168, 170, 139, 172, 174, 176, 178, 180, 179, 177, 175, 173, 171, 169, 167, 165, 163, 161, 140]
60: [140, 139]
61: [161, 162]
62: [163, 164]
63: [165, 166]
64: [167, 168]
65: [169, 170]
66: [171, 172]
67: [173, 174]
68: [175, 176]
69: [177, 178]
70: [179, 180]
71: [162, 164, 166, 168, 170, 139, 172, 174, 176, 178, 180, 179, 177, 175, 173, 171, 169, 167, 165, 163, 161, 140]
72: [140, 139]
73: [161, 162]
74: [163, 164]
75: [165, 166]
76: [167, 168]
77: [169, 170]
78: [171, 172]
79: [173, 174]
80: [175, 176]
81: [177, 178]
82: [179, 180]
83: [162, 164, 166, 168, 170, 139, 172, 174, 176, 178, 180, 179, 177, 175, 173, 171, 169, 167, 165, 163, 161, 140]
84: [140, 139]
85: [161, 162]
86: [163, 164]
87: [165, 166]
88: [167, 168]
89: [169, 170]
90: [171, 172]
91: [173, 174]
92: [175, 176]
93: [177, 178]
94: [179, 180]
95: [162, 164, 166, 168, 170, 139, 172, 174, 176, 178, 180, 179, 177, 175, 173, 171, 169, 167, 165, 163, 161, 140]
96: [140, 139]
97: [161, 162]
98: [163, 164]
99: [165, 166]
100: [167, 168]
101: [169, 170]
102: [171, 172]
103: [173, 174]
104: [175, 176]
105: [177, 178]
106: [179, 180]
107: [162, 164, 166, 168, 170, 139, 172, 174, 176, 178, 180, 179, 177, 175, 173, 171, 169, 167, 165, 163, 161, 140]
108: [200, 199, 140, 139]
109: [200, 161, 199, 162]
110: [200, 163, 199, 164]
111: [200, 165, 199, 166]
112: [200, 167, 199, 168]
113: [200, 169, 199, 170]
114: [200, 171, 199, 172]
115: [200, 173, 199, 174]
116: [200, 175, 199, 176]
117: [200, 177, 178, 199]
118: [200, 179, 180, 199]
119: [162, 164, 166, 168, 200, 170, 139, 172, 174, 176, 178, 180, 179, 199, 177, 175, 173, 171, 169, 167, 165, 163, 161, 140]
120: [202, 199, 200, 201, 140, 139]
121: [202, 199, 161, 200, 201, 162]
122: [202, 199, 163, 200, 201, 164]
123: [202, 199, 165, 200, 201, 166]
124: [202, 199, 167, 200, 201, 168]
125: [202, 199, 169, 200, 201, 170]
126: [202, 199, 171, 200, 201, 172]
127: [202, 199, 173, 200, 201, 174]
128: [202, 199, 175, 200, 201, 176]
129: [202, 199, 177, 200, 201, 178]
130: [202, 199, 179, 180, 200, 201]
131: []
132: [201, 202, 140, 139]
133: [161, 140, 201, 202, 162, 139]
134: [161, 163, 140, 201, 202, 164, 162, 139]
135: [161, 163, 165, 201, 140, 202, 166, 164, 162, 139]
136: [161, 163, 165, 167, 201, 140, 202, 168, 166, 164, 162, 139]
137: [161, 163, 165, 167, 169, 201, 140, 202, 170, 168, 166, 164, 162, 139]
138: [161, 163, 165, 167, 169, 201, 171, 140, 202, 172, 170, 168, 166, 164, 162, 139]
139: [161, 163, 165, 167, 169, 201, 171, 140, 173, 202, 174, 172, 170, 168, 166, 164, 162, 139]
140: [161, 163, 165, 167, 169, 201, 171, 140, 173, 175, 202, 176, 174, 172, 170, 168, 166, 164, 162, 139]
141: [161, 163, 165, 167, 169, 201, 171, 140, 173, 175, 177, 202, 178, 176, 174, 172, 170, 168, 166, 164, 162, 139]
142: [161, 163, 165, 167, 169, 201, 171, 140, 173, 175, 177, 179, 202, 180, 178, 176, 174, 172, 170, 168, 166, 164, 162, 139]
143: [161, 163, 165, 167, 169, 201, 171, 140, 173, 175, 177, 179, 202, 180, 178, 176, 174, 172, 170, 168, 166, 164, 162, 139]
132
0: [140, 141, 143, 145, 147, 149, 151, 153, 155, 157, 159, 142, 144, 146, 148, 150, 152, 154, 156, 158, 160, 139]
1: [140, 141, 142, 143, 145, 147, 149, 151, 153, 155, 157, 159, 144, 146, 148, 150, 152, 154, 156, 158, 160, 139]
2: [140, 143, 144, 145, 147, 149, 151, 153, 155, 157, 159, 146, 148, 150, 152, 154, 156, 158, 160, 139]
3: [140, 145, 146, 147, 149, 151, 153, 155, 157, 159, 148, 150, 152, 154, 156, 158, 160, 139]
4: [140, 147, 148, 149, 151, 153, 155, 157, 159, 150, 152, 154, 156, 158, 160, 139]
5: [140, 149, 150, 151, 153, 155, 157, 159, 152, 154, 156, 158, 160, 139]
6: [140, 151, 152, 153, 155, 157, 159, 154, 156, 158, 160, 139]
7: [140, 153, 154, 155, 157, 159, 156, 158, 160, 139]
8: [140, 155, 156, 157, 159, 158, 160, 139]
9: [140, 157, 158, 159, 160, 139]
10: [160, 140, 159, 139]
11: [139, 140]
12: [140, 141, 143, 145, 147, 149, 151, 153, 155, 157, 159, 142, 144, 146, 148, 150, 152, 154, 156, 158, 160, 139]
13: [142, 141]
14: [144, 143]
15: [146, 145]
16: [148, 147]
17: [150, 149]
18: [152, 151]
19: [154, 153]
20: [156, 155]
21: [158, 157]
22: [160, 159]
23: [139, 140]
24: [140, 141, 143, 145, 147, 149, 151, 153, 155, 157, 159, 142, 144, 146, 148, 150, 152, 154, 156, 158, 160, 139]
25: [142, 141]
26: [144, 143]
27: [146, 145]
28: [148, 147]
29: [150, 149]
30: [152, 151]
31: [154, 153]
32: [156, 155]
33: [158, 157]
34: [160, 159]
35: [139, 140]
36: [140, 141, 143, 145, 147, 149, 151, 153, 155, 157, 159, 142, 144, 146, 148, 150, 152, 154, 156, 158, 160, 139]
37: [142, 141]
38: [144, 143]
39: [146, 145]
40: [148, 147]
41: [150, 149]
42: [152, 151]
43: [154, 153]
44: [156, 155]
45: [158, 157]
46: [160, 159]
47: [139, 140]
48: [140, 141, 143, 145, 147, 149, 151, 153, 155, 157, 159, 142, 144, 146, 148, 150, 152, 154, 156, 158, 160, 139]
49: [142, 141]
50: [144, 143]
51: [146, 145]
52: [148, 147]
53: [150, 149]
54: [152, 151]
55: [154, 153]
56: [156, 155]
57: [158, 157]
58: [160, 159]
59: [139, 140]
60: [140, 141, 143, 145, 147, 149, 151, 153, 155, 157, 159, 142, 144, 146, 148, 150, 152, 154, 156, 158, 160, 139]
61: [142, 141]
62: [144, 143]
63: [146, 145]
64: [148, 147]
65: [150, 149]
66: [152, 151]
67: [154, 153]
68: [156, 155]
69: [158, 157]
70: [160, 159]
71: [139, 140]
72: [140, 141, 143, 145, 147, 149, 151, 153, 155, 157, 159, 142, 144, 146, 148, 150, 152, 154, 156, 158, 160, 139]
73: [142, 141]
74: [144, 143]
75: [146, 145]
76: [148, 147]
77: [150, 149]
78: [152, 151]
79: [154, 153]
80: [156, 155]
81: [158, 157]
82: [160, 159]
83: [139, 140]
84: [140, 141, 143, 145, 147, 149, 151, 153, 155, 157, 159, 142, 144, 146, 148, 150, 152, 154, 156, 158, 160, 139]
85: [142, 141]
86: [144, 143]
87: [146, 145]
88: [148, 147]
89: [150, 149]
90: [152, 151]
91: [154, 153]
92: [156, 155]
93: [158, 157]
94: [160, 159]
95: [139, 140]
96: [140, 141, 143, 145, 147, 149, 151, 153, 155, 157, 159, 142, 144, 146, 148, 150, 152, 154, 156, 158, 160, 139]
97: [142, 141]
98: [144, 143]
99: [146, 145]
100: [148, 147]
101: [150, 149]
102: [152, 151]
103: [154, 153]
104: [156, 155]
105: [158, 157]
106: [160, 159]
107: [139, 140]
108: [140, 141, 143, 145, 147, 149, 151, 153, 155, 157, 159, 142, 144, 146, 148, 150, 152, 154, 156, 158, 160, 139]
109: [142, 141]
110: [144, 143]
111: [146, 145]
112: [148, 147]
113: [150, 149]
114: [152, 151]
115: [154, 153]
116: [156, 155]
117: [158, 157]
118: [160, 159]
119: [139, 140]
120: [201, 140, 141, 143, 145, 147, 149, 151, 153, 155, 157, 159, 202, 142, 144, 146, 148, 150, 152, 154, 156, 158, 160, 139]
121: [201, 142, 202, 141]
122: [144, 201, 202, 143]
123: [201, 146, 202, 145]
124: [201, 148, 202, 147]
125: [201, 150, 202, 149]
126: [152, 201, 202, 151]
127: [201, 154, 202, 153]
128: [201, 156, 202, 155]
129: [201, 158, 202, 157]
130: [160, 201, 202, 159]
131: [201, 202, 139, 140]
132: []
133: [160, 202, 139, 142, 144, 146, 148, 150, 152, 154, 156, 158, 201, 141, 143, 145, 147, 149, 151, 153, 155, 157, 159, 140]
134: [160, 202, 139, 144, 146, 148, 150, 152, 154, 156, 158, 201, 143, 145, 147, 149, 151, 153, 155, 157, 159, 140]
135: [160, 202, 139, 146, 148, 150, 152, 154, 156, 158, 201, 145, 147, 149, 151, 153, 155, 157, 159, 140]
136: [160, 202, 139, 148, 150, 152, 154, 156, 158, 201, 147, 149, 151, 153, 155, 157, 159, 140]
137: [160, 202, 139, 150, 152, 154, 156, 158, 201, 149, 151, 153, 155, 157, 159, 140]
138: [160, 202, 139, 152, 154, 156, 158, 201, 151, 153, 155, 157, 159, 140]
139: [160, 202, 139, 154, 156, 158, 201, 153, 155, 157, 159, 140]
140: [160, 202, 139, 156, 158, 201, 155, 157, 159, 140]
141: [160, 202, 139, 158, 201, 157, 159, 140]
142: [160, 202, 139, 201, 159, 140]
143: [202, 139, 201, 140]
133
0: [140, 141, 142, 143, 145, 147, 149, 151, 153, 155, 157, 159, 144, 146, 148, 150, 152, 154, 156, 158, 160, 139]
1: [161, 142, 140, 141, 143, 144, 145, 147, 149, 151, 153, 155, 157, 159, 146, 148, 150, 152, 154, 156, 158, 160, 162, 139]
2: [144, 161, 140, 143, 145, 146, 147, 149, 151, 153, 155, 157, 159, 148, 150, 152, 154, 156, 158, 160, 162, 139]
3: [161, 146, 140, 145, 147, 148, 149, 151, 153, 155, 157, 159, 150, 152, 154, 156, 158, 160, 162, 139]
4: [161, 148, 140, 147, 149, 150, 151, 153, 155, 157, 159, 152, 154, 156, 158, 160, 162, 139]
5: [161, 150, 140, 149, 151, 152, 153, 155, 157, 159, 154, 156, 158, 160, 162, 139]
6: [152, 161, 140, 151, 153, 154, 155, 157, 159, 156, 158, 160, 162, 139]
7: [161, 154, 140, 153, 155, 156, 157, 159, 158, 160, 162, 139]
8: [161, 156, 140, 155, 157, 158, 159, 160, 162, 139]
9: [161, 158, 160, 140, 157, 159, 162, 139]
10: [160, 161, 162, 139, 140, 159]
11: [161, 162, 139, 140]
12: [140, 141, 143, 145, 147, 149, 151, 153, 155, 157, 159, 142, 144, 146, 148, 150, 152, 154, 156, 158, 160, 139]
13: [161, 142, 141, 162]
14: [144, 143]
15: [146, 145]
16: [148, 147]
17: [150, 149]
18: [152, 151]
19: [154, 153]
20: [156, 155]
21: [158, 157]
22: [160, 159]
23: [162, 139, 161, 140]
24: [140, 141, 143, 145, 147, 149, 151, 153, 155, 157, 159, 142, 144, 146, 148, 150, 152, 154, 156, 158, 160, 139]
25: [161, 142, 141, 162]
26: [144, 143]
27: [146, 145]
28: [148, 147]
29: [150, 149]
30: [152, 151]
31: [154, 153]
32: [156, 155]
33: [158, 157]
34: [160, 159]
35: [162, 139, 161, 140]
36: [140, 141, 143, 145, 147, 149, 151, 153, 155, 157, 159, 142, 144, 146, 148, 150, 152, 154, 156, 158, 160, 139]
37: [161, 142, 141, 162]
38: [144, 143]
39: [146, 145]
40: [148, 147]
41: [150, 149]
42: [152, 151]
43: [154, 153]
44: [156, 155]
45: [158, 157]
46: [160, 159]
47: [162, 139, 161, 140]
48: [140, 141, 143, 145, 147, 149, 151, 153, 155, 157, 159, 142, 144, 146, 148, 150, 152, 154, 156, 158, 160, 139]
49: [161, 142, 141, 162]
50: [144, 143]
51: [146, 145]
52: [148, 147]
53: [150, 149]
54: [152, 151]
55: [154, 153]
56: [156, 155]
57: [158, 157]
58: [160, 159]
59: [162, 139, 161, 140]
60: [140, 141, 143, 145, 147, 149, 151, 153, 155, 157, 159, 142, 144, 146, 148, 150, 152, 154, 156, 158, 160, 139]
61: [161, 142, 141, 162]
62: [144, 143]
63: [146, 145]
64: [148, 147]
65: [150, 149]
66: [152, 151]
67: [154, 153]
68: [156, 155]
69: [158, 157]
70: [160, 159]
71: [162, 139, 161, 140]
72: [140, 141, 143, 145, 147, 149, 151, 153, 155, 157, 159, 142, 144, 146, 148, 150, 152, 154, 156, 158, 160, 139]
73: [161, 142, 141, 162]
74: [144, 143]
75: [146, 145]
76: [148, 147]
77: [150, 149]
78: [152, 151]
79: [154, 153]
80: [156, 155]
81: [158, 157]
82: [160, 159]
83: [162, 139, 161, 140]
84: [140, 141, 143, 145, 147, 149, 151, 153, 155, 157, 159, 142, 144, 146, 148, 150, 152, 154, 156, 158, 160, 139]
85: [161, 142, 141, 162]
86: [144, 143]
87: [146, 145]
88: [148, 147]
89: [150, 149]
90: [152, 151]
91: [154, 153]
92: [156, 155]
93: [158, 157]
94: [160, 159]
95: [162, 139, 161, 140]
96: [140, 141, 143, 145, 147, 149, 151, 153, 155, 157, 159, 142, 144, 146, 148, 150, 152, 154, 156, 158, 160, 139]
97: [161, 142, 141, 162]
98: [144, 143]
99: [146, 145]
100: [148, 147]
101: [150, 149]
102: [152, 151]
103: [154, 153]
104: [156, 155]
105: [158, 157]
106: [160, 159]
107: [162, 139, 161, 140]
108: [140, 141, 143, 145, 147, 149, 151, 153, 155, 157, 159, 142, 144, 146, 148, 150, 152, 154, 156, 158, 160, 139]
109: [161, 142, 141, 162]
110: [144, 143]
111: [146, 145]
112: [148, 147]
113: [150, 149]
114: [152, 151]
115: [154, 153]
116: [156, 155]
117: [158, 157]
118: [160, 159]
119: [162, 139, 161, 140]
120: [201, 140, 141, 143, 145, 147, 149, 151, 153, 155, 157, 159, 202, 142, 144, 146, 148, 150, 152, 154, 156, 158, 160, 139]
121: [161, 142, 201, 202, 141, 162]
122: [144, 201, 202, 143]
123: [146, 201, 202, 145]
124: [148, 201, 202, 147]
125: [150, 201, 202, 149]
126: [152, 201, 202, 151]
127: [154, 201, 202, 153]
128: [156, 201, 202, 155]
129: [158, 201, 202, 157]
130: [160, 201, 202, 159]
131: [202, 162, 139, 201, 161, 140]
132: [201, 140, 141, 143, 145, 147, 149, 151, 153, 155, 157, 159, 202, 142, 144, 146, 148, 150, 152, 154, 156, 158, 160, 139]
133: []
134: [160, 162, 202, 139, 144, 146, 148, 150, 152, 154, 156, 158, 201, 143, 145, 147, 149, 151, 153, 155, 157, 161, 159, 140]
135: [160, 162, 202, 139, 146, 148, 150, 152, 154, 156, 158, 201, 145, 147, 149, 151, 153, 155, 157, 161, 159, 140]
136: [160, 162, 202, 139, 148, 150, 152, 154, 156, 158, 201, 147, 149, 151, 153, 155, 157, 161, 159, 140]
137: [160, 162, 202, 139, 150, 152, 154, 156, 158, 201, 149, 151, 153, 155, 157, 161, 159, 140]
138: [160, 162, 202, 139, 152, 154, 156, 158, 201, 151, 153, 155, 157, 161, 159, 140]
139: [160, 162, 202, 139, 154, 156, 158, 201, 153, 155, 157, 161, 159, 140]
140: [160, 162, 202, 139, 156, 158, 201, 155, 157, 161, 159, 140]
141: [160, 162, 202, 139, 158, 201, 157, 161, 159, 140]
142: [160, 202, 162, 139, 201, 161, 159, 140]
143: [202, 162, 139, 201, 161, 140]
134
0: [140, 143, 144, 145, 147, 149, 151, 153, 155, 157, 159, 146, 148, 150, 152, 154, 156, 158, 160, 139]
1: [144, 161, 140, 143, 145, 146, 147, 149, 151, 153, 155, 157, 159, 148, 150, 152, 154, 156, 158, 160, 162, 139]
2: [144, 163, 161, 146, 140, 143, 145, 147, 148, 149, 151, 153, 155, 157, 159, 150, 152, 154, 156, 158, 160, 162, 139, 164]
3: [146, 163, 161, 148, 140, 145, 147, 149, 150, 151, 153, 155, 157, 159, 152, 154, 156, 158, 160, 162, 139, 164]
4: [163, 148, 161, 150, 140, 147, 149, 151, 152, 153, 155, 157, 159, 154, 156, 158, 160, 162, 139, 164]
5: [163, 150, 152, 161, 140, 149, 151, 153, 154, 155, 157, 159, 156, 158, 160, 162, 139, 164]
6: [152, 163, 161, 154, 140, 151, 153, 155, 156, 157, 159, 158, 160, 162, 139, 164]
7: [154, 163, 161, 156, 140, 153, 155, 157, 158, 159, 160, 162, 139, 164]
8: [163, 156, 161, 158, 160, 140, 155, 157, 159, 162, 139, 164]
9: [163, 158, 160, 161, 162, 164, 139, 140, 157, 159]
10: [160, 163, 161, 162, 139, 164, 140, 159]
11: [162, 139, 164, 163, 161, 140]
12: [140, 143, 145, 147, 149, 151, 153, 155, 157, 159, 144, 146, 148, 150, 152, 154, 156, 158, 160, 139]
13: [161, 162]
14: [144, 163, 143, 164]
15: [146, 145]
16: [148, 147]
17: [150, 149]
18: [152, 151]
19: [154, 153]
20: [156, 155]
21: [158, 157]
22: [160, 159]
23: [162, 139, 164, 163, 161, 140]
24: [140, 143, 145, 147, 149, 151, 153, 155, 157, 159, 144, 146, 148, 150, 152, 154, 156, 158, 160, 139]
25: [161, 162]
26: [144, 163, 143, 164]
27: [146, 145]
28: [148, 147]
29: [150, 149]
30: [152, 151]
31: [154, 153]
32: [156, 155]
33: [158, 157]
34: [160, 159]
35: [162, 139, 164, 163, 161, 140]
36: [140, 143, 145, 147, 149, 151, 153, 155, 157, 159, 144, 146, 148, 150, 152, 154, 156, 158, 160, 139]
37: [161, 162]
38: [144, 163, 143, 164]
39: [146, 145]
40: [148, 147]
41: [150, 149]
42: [152, 151]
43: [154, 153]
44: [156, 155]
45: [158, 157]
46: [160, 159]
47: [162, 139, 164, 163, 161, 140]
48: [140, 143, 145, 147, 149, 151, 153, 155, 157, 159, 144, 146, 148, 150, 152, 154, 156, 158, 160, 139]
49: [161, 162]
50: [144, 163, 143, 164]
51: [146, 145]
52: [148, 147]
53: [150, 149]
54: [152, 151]
55: [154, 153]
56: [156, 155]
57: [158, 157]
58: [160, 159]
59: [162, 139, 164, 163, 161, 140]
60: [140, 143, 145, 147, 149, 151, 153, 155, 157, 159, 144, 146, 148, 150, 152, 154, 156, 158, 160, 139]
61: [161, 162]
62: [144, 163, 143, 164]
63: [146, 145]
64: [148, 147]
65: [150, 149]
66: [152, 151]
67: [154, 153]
68: [156, 155]
69: [158, 157]
70: [160, 159]
71: [162, 139, 164, 163, 161, 140]
72: [140, 143, 145, 147, 149, 151, 153, 155, 157, 159, 144, 146, 148, 150, 152, 154, 156, 158, 160, 139]
73: [161, 162]
74: [144, 163, 143, 164]
75: [146, 145]
76: [148, 147]
77: [150, 149]
78: [152, 151]
79: [154, 153]
80: [156, 155]
81: [158, 157]
82: [160, 159]
83: [162, 139, 164, 163, 161, 140]
84: [140, 143, 145, 147, 149, 151, 153, 155, 157, 159, 144, 146, 148, 150, 152, 154, 156, 158, 160, 139]
85: [161, 162]
86: [144, 163, 143, 164]
87: [146, 145]
88: [148, 147]
89: [150, 149]
90: [152, 151]
91: [154, 153]
92: [156, 155]
93: [158, 157]
94: [160, 159]
95: [162, 139, 164, 163, 161, 140]
96: [140, 143, 145, 147, 149, 151, 153, 155, 157, 159, 144, 146, 148, 150, 152, 154, 156, 158, 160, 139]
97: [161, 162]
98: [144, 163, 143, 164]
99: [146, 145]
100: [148, 147]
101: [150, 149]
102: [152, 151]
103: [154, 153]
104: [156, 155]
105: [158, 157]
106: [160, 159]
107: [162, 139, 164, 163, 161, 140]
108: [140, 143, 145, 147, 149, 151, 153, 155, 157, 159, 144, 146, 148, 150, 152, 154, 156, 158, 160, 139]
109: [161, 162]
110: [144, 163, 143, 164]
111: [146, 145]
112: [148, 147]
113: [150, 149]
114: [152, 151]
115: [154, 153]
116: [156, 155]
117: [158, 157]
118: [160, 159]
119: [162, 139, 164, 163, 161, 140]
120: [201, 140, 143, 145, 147, 149, 151, 153, 155, 157, 159, 202, 144, 146, 148, 150, 152, 154, 156, 158, 160, 139]
121: [161, 201, 202, 162]
122: [144, 163, 201, 202, 143, 164]
123: [146, 201, 202, 145]
124: [148, 201, 202, 147]
125: [150, 201, 202, 149]
126: [152, 201, 202, 151]
127: [154, 201, 202, 153]
128: [156, 201, 202, 155]
129: [158, 201, 202, 157]
130: [160, 202, 201, 159]
131: [202, 162, 139, 164, 201, 163, 161, 140]
132: [201, 140, 143, 145, 147, 149, 151, 153, 155, 157, 159, 202, 144, 146, 148, 150, 152, 154, 156, 158, 160, 139]
133: [161, 201, 140, 143, 145, 147, 149, 151, 153, 155, 157, 159, 202, 144, 146, 148, 150, 152, 154, 156, 158, 160, 162, 139]
134: []
135: [160, 162, 164, 202, 139, 146, 148, 150, 152, 154, 156, 158, 201, 145, 147, 149, 151, 153, 155, 163, 157, 161, 159, 140]
136: [160, 162, 164, 202, 139, 148, 150, 152, 154, 156, 158, 201, 147, 149, 151, 153, 155, 163, 157, 161, 159, 140]
137: [160, 162, 164, 202, 139, 150, 152, 154, 156, 158, 201, 149, 151, 153, 155, 163, 157, 161, 159, 140]
138: [160, 162, 164, 202, 139, 152, 154, 156, 158, 201, 151, 153, 155, 163, 157, 161, 159, 140]
139: [160, 162, 164, 202, 139, 154, 156, 158, 201, 153, 155, 163, 157, 161, 159, 140]
140: [160, 162, 164, 202, 139, 156, 158, 201, 155, 163, 157, 161, 159, 140]
141: [160, 162, 164, 202, 139, 158, 201, 163, 157, 161, 159, 140]
142: [160, 162, 164, 202, 139, 201, 163, 161, 159, 140]
143: [202, 162, 139, 164, 201, 163, 161, 140]
135
0: [140, 145, 146, 147, 149, 151, 153, 155, 157, 159, 148, 150, 152, 154, 156, 158, 160, 139]
1: [161, 146, 140, 145, 147, 148, 149, 151, 153, 155, 157, 159, 150, 152, 154, 156, 158, 160, 162, 139]
2: [146, 163, 161, 148, 140, 145, 147, 149, 150, 151, 153, 155, 157, 159, 152, 154, 156, 158, 160, 162, 139, 164]
3: [146, 165, 163, 148, 161, 150, 140, 145, 147, 149, 151, 152, 153, 155, 157, 159, 154, 156, 158, 160, 162, 139, 164, 166]
4: [148, 165, 163, 150, 152, 161, 140, 147, 149, 151, 153, 154, 155, 157, 159, 156, 158, 160, 162, 139, 164, 166]
5: [165, 150, 152, 163, 161, 154, 140, 149, 151, 153, 155, 156, 157, 159, 158, 160, 162, 139, 164, 166]
6: [152, 165, 154, 163, 161, 156, 140, 151, 153, 155, 157, 158, 159, 160, 162, 139, 164, 166]
7: [154, 165, 163, 156, 161, 158, 160, 140, 153, 155, 157, 159, 162, 139, 164, 166]
8: [156, 165, 163, 158, 160, 161, 162, 164, 166, 139, 140, 155, 157, 159]
9: [165, 158, 160, 163, 161, 162, 164, 166, 139, 140, 157, 159]
10: [160, 165, 162, 163, 164, 166, 139, 161, 140, 159]
11: [162, 164, 165, 166, 139, 163, 161, 140]
12: [140, 145, 147, 149, 151, 153, 155, 157, 159, 146, 148, 150, 152, 154, 156, 158, 160, 139]
13: [161, 162]
14: [163, 164]
15: [146, 165, 145, 166]
16: [148, 147]
17: [150, 149]
18: [152, 151]
19: [154, 153]
20: [156, 155]
21: [158, 157]
22: [160, 159]
23: [162, 139, 164, 166, 165, 163, 161, 140]
24: [140, 145, 147, 149, 151, 153, 155, 157, 159, 146, 148, 150, 152, 154, 156, 158, 160, 139]
25: [161, 162]
26: [163, 164]
27: [146, 165, 145, 166]
28: [148, 147]
29: [150, 149]
30: [152, 151]
31: [154, 153]
32: [156, 155]
33: [158, 157]
34: [160, 159]
35: [162, 139, 164, 166, 165, 163, 161, 140]
36: [140, 145, 147, 149, 151, 153, 155, 157, 159, 146, 148, 150, 152, 154, 156, 158, 160, 139]
37: [161, 162]
38: [163, 164]
39: [146, 165, 145, 166]
40: [148, 147]
41: [150, 149]
42: [152, 151]
43: [154, 153]
44: [156, 155]
45: [158, 157]
46: [160, 159]
47: [162, 139, 164, 166, 165, 163, 161, 140]
48: [140, 145, 147, 149, 151, 153, 155, 157, 159, 146, 148, 150, 152, 154, 156, 158, 160, 139]
49: [161, 162]
50: [163, 164]
51: [146, 165, 145, 166]
52: [148, 147]
53: [150, 149]
54: [152, 151]
55: [154, 153]
56: [156, 155]
57: [158, 157]
58: [160, 159]
59: [162, 139, 164, 166, 165, 163, 161, 140]
60: [140, 145, 147, 149, 151, 153, 155, 157, 159, 146, 148, 150, 152, 154, 156, 158, 160, 139]
61: [161, 162]
62: [163, 164]
63: [146, 165, 145, 166]
64: [148, 147]
65: [150, 149]
66: [152, 151]
67: [154, 153]
68: [156, 155]
69: [158, 157]
70: [160, 159]
71: [162, 139, 164, 166, 165, 163, 161, 140]
72: [140, 145, 147, 149, 151, 153, 155, 157, 159, 146, 148, 150, 152, 154, 156, 158, 160, 139]
73: [161, 162]
74: [163, 164]
75: [146, 165, 145, 166]
76: [148, 147]
77: [150, 149]
78: [152, 151]
79: [154, 153]
80: [156, 155]
81: [158, 157]
82: [160, 159]
83: [162, 139, 164, 166, 165, 163, 161, 140]
84: [140, 145, 147, 149, 151, 153, 155, 157, 159, 146, 148, 150, 152, 154, 156, 158, 160, 139]
85: [161, 162]
86: [163, 164]
87: [146, 165, 145, 166]
88: [148, 147]
89: [150, 149]
90: [152, 151]
91: [154, 153]
92: [156, 155]
93: [158, 157]
94: [160, 159]
95: [162, 139, 164, 166, 165, 163, 161, 140]
96: [140, 145, 147, 149, 151, 153, 155, 157, 159, 146, 148, 150, 152, 154, 156, 158, 160, 139]
97: [161, 162]
98: [163, 164]
99: [146, 165, 145, 166]
100: [148, 147]
101: [150, 149]
102: [152, 151]
103: [154, 153]
104: [156, 155]
105: [158, 157]
106: [160, 159]
107: [162, 139, 164, 166, 165, 163, 161, 140]
108: [140, 145, 147, 149, 151, 153, 155, 157, 159, 146, 148, 150, 152, 154, 156, 158, 160, 139]
109: [161, 162]
110: [163, 164]
111: [146, 165, 145, 166]
112: [148, 147]
113: [150, 149]
114: [152, 151]
115: [154, 153]
116: [156, 155]
117: [158, 157]
118: [160, 159]
119: [162, 139, 164, 166, 165, 163, 161, 140]
120: [201, 140, 145, 147, 149, 151, 153, 155, 157, 159, 202, 146, 148, 150, 152, 154, 156, 158, 160, 139]
121: [161, 201, 202, 162]
122: [163, 201, 202, 164]
123: [146, 165, 201, 202, 145, 166]
124: [148, 201, 202, 147]
125: [150, 201, 202, 149]
126: [152, 201, 202, 151]
127: [154, 201, 202, 153]
128: [156, 201, 202, 155]
129: [158, 202, 201, 157]
130: [160, 202, 201, 159]
131: [162, 164, 166, 202, 139, 201, 165, 163, 161, 140]
132: [201, 140, 145, 147, 149, 151, 153, 155, 157, 159, 202, 146, 148, 150, 152, 154, 156, 158, 160, 139]
133: [161, 201, 140, 145, 147, 149, 151, 153, 155, 157, 159, 202, 146, 148, 150, 152, 154, 156, 158, 160, 162, 139]
134: [161, 163, 201, 140, 145, 147, 149, 151, 153, 155, 157, 159, 202, 146, 148, 150, 152, 154, 156, 164, 158, 160, 162, 139]
135: []
136: [160, 162, 164, 166, 202, 139, 148, 150, 152, 154, 156, 158, 201, 147, 149, 151, 153, 155, 165, 163, 157, 161, 159, 140]
137: [160, 162, 164, 166, 202, 139, 150, 152, 154, 156, 158, 201, 149, 151, 153, 155, 165, 163, 157, 161, 159, 140]
138: [160, 162, 164, 166, 202, 139, 152, 154, 156, 158, 201, 151, 153, 155, 165, 163, 157, 161, 159, 140]
139: [160, 162, 164, 166, 202, 139, 154, 156, 158, 201, 153, 155, 165, 163, 157, 161, 159, 140]
140: [160, 162, 164, 166, 202, 139, 156, 158, 201, 155, 165, 163, 157, 161, 159, 140]
141: [160, 162, 164, 166, 202, 139, 158, 201, 165, 163, 157, 161, 159, 140]
142: [160, 162, 164, 166, 202, 139, 201, 165, 163, 161, 159, 140]
143: [162, 164, 166, 202, 139, 201, 165, 163, 161, 140]
136
0: [140, 147, 148, 149, 151, 153, 155, 157, 159, 150, 152, 154, 156, 158, 160, 139]
1: [161, 148, 140, 147, 149, 150, 151, 153, 155, 157, 159, 152, 154, 156, 158, 160, 162, 139]
2: [163, 148, 161, 150, 140, 147, 149, 151, 152, 153, 155, 157, 159, 154, 156, 158, 160, 162, 139, 164]
3: [148, 165, 163, 150, 152, 161, 140, 147, 149, 151, 153, 154, 155, 157, 159, 156, 158, 160, 162, 139, 164, 166]
4: [148, 167, 165, 150, 152, 163, 161, 154, 140, 147, 149, 151, 153, 155, 156, 157, 159, 158, 160, 162, 164, 166, 168, 139]
5: [150, 167, 152, 165, 154, 163, 161, 156, 140, 149, 151, 153, 155, 157, 158, 159, 160, 162, 164, 166, 168, 139]
6: [152, 167, 154, 165, 163, 156, 161, 158, 160, 140, 151, 153, 155, 157, 159, 162, 164, 166, 168, 139]
7: [154, 167, 156, 165, 163, 158, 160, 161, 162, 164, 166, 168, 139, 140, 153, 155, 157, 159]
8: [156, 167, 165, 158, 160, 163, 161, 162, 164, 166, 168, 139, 155, 140, 157, 159]
9: [158, 167, 160, 165, 162, 163, 164, 166, 168, 139, 161, 140, 157, 159]
10: [160, 167, 162, 164, 165, 166, 168, 139, 163, 161, 140, 159]
11: [162, 164, 166, 167, 168, 139, 165, 163, 161, 140]
12: [140, 147, 149, 151, 153, 155, 157, 159, 148, 150, 152, 154, 156, 158, 160, 139]
13: [161, 162]
14: [163, 164]
15: [165, 166]
16: [148, 167, 147, 168]
17: [150, 149]
18: [152, 151]
19: [154, 153]
20: [156, 155]
21: [158, 157]
22: [160, 159]
23: [162, 164, 166, 168, 139, 167, 165, 163, 161, 140]
24: [140, 147, 149, 151, 153, 155, 157, 159, 148, 150, 152, 154, 156, 158, 160, 139]
25: [161, 162]
26: [163, 164]
27: [165, 166]
28: [148, 167, 147, 168]
29: [150, 149]
30: [152, 151]
31: [154, 153]
32: [156, 155]
33: [158, 157]
34: [160, 159]
35: [162, 164, 166, 168, 139, 167, 165, 163, 161, 140]
36: [140, 147, 149, 151, 153, 155, 157, 159, 148, 150, 152, 154, 156, 158, 160, 139]
37: [161, 162]
38: [163, 164]
39: [165, 166]
40: [148, 167, 147, 168]
41: [150, 149]
42: [152, 151]
43: [154, 153]
44: [156, 155]
45: [158, 157]
46: [160, 159]
47: [162, 164, 166, 168, 139, 167, 165, 163, 161, 140]
48: [140, 147, 149, 151, 153, 155, 157, 159, 148, 150, 152, 154, 156, 158, 160, 139]
49: [161, 162]
50: [163, 164]
51: [165, 166]
52: [148, 167, 147, 168]
53: [150, 149]
54: [152, 151]
55: [154, 153]
56: [156, 155]
57: [158, 157]
58: [160, 159]
59: [162, 164, 166, 168, 139, 167, 165, 163, 161, 140]
60: [140, 147, 149, 151, 153, 155, 157, 159, 148, 150, 152, 154, 156, 158, 160, 139]
61: [161, 162]
62: [163, 164]
63: [165, 166]
64: [148, 167, 147, 168]
65: [150, 149]
66: [152, 151]
67: [154, 153]
68: [156, 155]
69: [158, 157]
70: [160, 159]
71: [162, 164, 166, 168, 139, 167, 165, 163, 161, 140]
72: [140, 147, 149, 151, 153, 155, 157, 159, 148, 150, 152, 154, 156, 158, 160, 139]
73: [161, 162]
74: [163, 164]
75: [165, 166]
76: [148, 167, 147, 168]
77: [150, 149]
78: [152, 151]
79: [154, 153]
80: [156, 155]
81: [158, 157]
82: [160, 159]
83: [162, 164, 166, 168, 139, 167, 165, 163, 161, 140]
84: [140, 147, 149, 151, 153, 155, 157, 159, 148, 150, 152, 154, 156, 158, 160, 139]
85: [161, 162]
86: [163, 164]
87: [165, 166]
88: [148, 167, 147, 168]
89: [150, 149]
90: [152, 151]
91: [154, 153]
92: [156, 155]
93: [158, 157]
94: [160, 159]
95: [162, 164, 166, 168, 139, 167, 165, 163, 161, 140]
96: [140, 147, 149, 151, 153, 155, 157, 159, 148, 150, 152, 154, 156, 158, 160, 139]
97: [161, 162]
98: [163, 164]
99: [165, 166]
100: [148, 167, 147, 168]
101: [150, 149]
102: [152, 151]
103: [154, 153]
104: [156, 155]
105: [158, 157]
106: [160, 159]
107: [162, 164, 166, 168, 139, 167, 165, 163, 161, 140]
108: [140, 147, 149, 151, 153, 155, 157, 159, 148, 150, 152, 154, 156, 158, 160, 139]
109: [161, 162]
110: [163, 164]
111: [165, 166]
112: [148, 167, 147, 168]
113: [150, 149]
114: [152, 151]
115: [154, 153]
116: [156, 155]
117: [158, 157]
118: [160, 159]
119: [162, 164, 166, 168, 139, 167, 165, 163, 161, 140]
120: [201, 140, 147, 149, 151, 153, 155, 157, 159, 202, 148, 150, 152, 154, 156, 158, 160, 139]
121: [161, 201, 202, 162]
122: [163, 201, 202, 164]
123: [165, 201, 202, 166]
124: [148, 167, 201, 202, 147, 168]
125: [150, 201, 202, 149]
126: [152, 201, 202, 151]
127: [154, 201, 202, 153]
128: [156, 202, 201, 155]
129: [158, 202, 201, 157]
130: [160, 202, 201, 159]
131: [162, 164, 166, 168, 202, 139, 201, 167, 165, 163, 161, 140]
132: [201, 140, 147, 149, 151, 153, 155, 157, 159, 202, 148, 150, 152, 154, 156, 158, 160, 139]
133: [161, 201, 140, 147, 149, 151, 153, 155, 157, 159, 202, 148, 150, 152, 154, 156, 158, 160, 162, 139]
134: [161, 163, 201, 140, 147, 149, 151, 153, 155, 157, 159, 202, 148, 150, 152, 154, 156, 164, 158, 160, 162, 139]
135: [161, 163, 165, 201, 140, 147, 149, 151, 153, 155, 157, 159, 202, 148, 150, 152, 154, 156, 166, 164, 158, 160, 162, 139]
136: []
137: [160, 162, 164, 166, 168, 202, 139, 150, 152, 154, 156, 158, 201, 149, 151, 153, 167, 155, 165, 163, 157, 161, 159, 140]
138: [160, 162, 164, 166, 168, 202, 139, 152, 154, 156, 158, 201, 151, 153, 167, 155, 165, 163, 157, 161, 159, 140]
139: [160, 162, 164, 166, 168, 202, 139, 154, 156, 158, 201, 153, 167, 155, 165, 163, 157, 161, 159, 140]
140: [160, 162, 164, 166, 168, 202, 139, 156, 158, 201, 167, 155, 165, 163, 157, 161, 159, 140]
141: [160, 162, 164, 166, 168, 202, 139, 158, 201, 167, 165, 163, 157, 161, 159, 140]
142: [160, 162, 164, 166, 168, 202, 139, 201, 167, 165, 163, 161, 159, 140]
143: [162, 164, 166, 168, 202, 139, 201, 167, 165, 163, 161, 140]
137
0: [140, 149, 150, 151, 153, 155, 157, 159, 152, 154, 156, 158, 160, 139]
1: [161, 150, 140, 149, 151, 152, 153, 155, 157, 159, 154, 156, 158, 160, 162, 139]
2: [163, 150, 152, 161, 140, 149, 151, 153, 154, 155, 157, 159, 156, 158, 160, 162, 139, 164]
3: [165, 150, 152, 163, 161, 154, 140, 149, 151, 153, 155, 156, 157, 159, 158, 160, 162, 139, 164, 166]
4: [150, 167, 152, 165, 154, 163, 161, 156, 140, 149, 151, 153, 155, 157, 158, 159, 160, 162, 164, 166, 168, 139]
5: [169, 150, 152, 167, 154, 165, 163, 156, 161, 158, 160, 140, 149, 151, 153, 155, 157, 159, 162, 164, 166, 168, 170, 139]
6: [152, 169, 154, 167, 156, 165, 163, 158, 160, 161, 162, 164, 166, 168, 170, 139, 140, 151, 153, 155, 157, 159]
7: [169, 154, 156, 167, 165, 158, 160, 163, 161, 162, 164, 166, 168, 170, 139, 140, 153, 155, 157, 159]
8: [169, 156, 158, 167, 160, 165, 162, 163, 164, 166, 168, 170, 139, 161, 155, 140, 157, 159]
9: [169, 158, 160, 167, 162, 164, 165, 166, 168, 170, 139, 163, 161, 140, 157, 159]
10: [160, 169, 162, 164, 166, 167, 168, 170, 139, 165, 163, 161, 140, 159]
11: [162, 164, 166, 168, 169, 170, 139, 167, 165, 163, 161, 140]
12: [140, 149, 151, 153, 155, 157, 159, 150, 152, 154, 156, 158, 160, 139]
13: [161, 162]
14: [163, 164]
15: [165, 166]
16: [167, 168]
17: [169, 150, 149, 170]
18: [152, 151]
19: [154, 153]
20: [156, 155]
21: [158, 157]
22: [160, 159]
23: [162, 164, 166, 168, 170, 139, 169, 167, 165, 163, 161, 140]
24: [140, 149, 151, 153, 155, 157, 159, 150, 152, 154, 156, 158, 160, 139]
25: [161, 162]
26: [163, 164]
27: [165, 166]
28: [167, 168]
29: [169, 150, 149, 170]
30: [152, 151]
31: [154, 153]
32: [156, 155]
33: [158, 157]
34: [160, 159]
35: [162, 164, 166, 168, 170, 139, 169, 167, 165, 163, 161, 140]
36: [140, 149, 151, 153, 155, 157, 159, 150, 152, 154, 156, 158, 160, 139]
37: [161, 162]
38: [163, 164]
39: [165, 166]
40: [167, 168]
41: [169, 150, 149, 170]
42: [152, 151]
43: [154, 153]
44: [156, 155]
45: [158, 157]
46: [160, 159]
47: [162, 164, 166, 168, 170, 139, 169, 167, 165, 163, 161, 140]
48: [140, 149, 151, 153, 155, 157, 159, 150, 152, 154, 156, 158, 160, 139]
49: [161, 162]
50: [163, 164]
51: [165, 166]
52: [167, 168]
53: [169, 150, 149, 170]
54: [152, 151]
55: [154, 153]
56: [156, 155]
57: [158, 157]
58: [160, 159]
59: [162, 164, 166, 168, 170, 139, 169, 167, 165, 163, 161, 140]
60: [140, 149, 151, 153, 155, 157, 159, 150, 152, 154, 156, 158, 160, 139]
61: [161, 162]
62: [163, 164]
63: [165, 166]
64: [167, 168]
65: [169, 150, 149, 170]
66: [152, 151]
67: [154, 153]
68: [156, 155]
69: [158, 157]
70: [160, 159]
71: [162, 164, 166, 168, 170, 139, 169, 167, 165, 163, 161, 140]
72: [140, 149, 151, 153, 155, 157, 159, 150, 152, 154, 156, 158, 160, 139]
73: [161, 162]
74: [163, 164]
75: [165, 166]
76: [167, 168]
77: [169, 150, 149, 170]
78: [152, 151]
79: [154, 153]
80: [156, 155]
81: [158, 157]
82: [160, 159]
83: [162, 164, 166, 168, 170, 139, 169, 167, 165, 163, 161, 140]
84: [140, 149, 151, 153, 155, 157, 159, 150, 152, 154, 156, 158, 160, 139]
85: [161, 162]
86: [163, 164]
87: [165, 166]
88: [167, 168]
89: [169, 150, 149, 170]
90: [152, 151]
91: [154, 153]
92: [156, 155]
93: [158, 157]
94: [160, 159]
95: [162, 164, 166, 168, 170, 139, 169, 167, 165, 163, 161, 140]
96: [140, 149, 151, 153, 155, 157, 159, 150, 152, 154, 156, 158, 160, 139]
97: [161, 162]
98: [163, 164]
99: [165, 166]
100: [167, 168]
101: [169, 150, 149, 170]
102: [152, 151]
103: [154, 153]
104: [156, 155]
105: [158, 157]
106: [160, 159]
107: [162, 164, 166, 168, 170, 139, 169, 167, 165, 163, 161, 140]
108: [140, 149, 151, 153, 155, 157, 159, 150, 152, 154, 156, 158, 160, 139]
109: [161, 162]
110: [163, 164]
111: [165, 166]
112: [167, 168]
113: [169, 150, 149, 170]
114: [152, 151]
115: [154, 153]
116: [156, 155]
117: [158, 157]
118: [160, 159]
119: [162, 164, 166, 168, 170, 139, 169, 167, 165, 163, 161, 140]
120: [201, 140, 149, 151, 153, 155, 157, 159, 202, 150, 152, 154, 156, 158, 160, 139]
121: [161, 201, 202, 162]
122: [163, 201, 202, 164]
123: [165, 201, 202, 166]
124: [167, 201, 202, 168]
125: [169, 150, 201, 202, 149, 170]
126: [152, 201, 202, 151]
127: [154, 202, 201, 153]
128: [156, 202, 201, 155]
129: [158, 202, 201, 157]
130: [160, 202, 201, 159]
131: [162, 164, 166, 168, 170, 139, 202, 201, 169, 167, 165, 163, 161, 140]
132: [201, 140, 149, 151, 153, 155, 157, 159, 202, 150, 152, 154, 156, 158, 160, 139]
133: [161, 201, 140, 149, 151, 153, 155, 157, 159, 202, 150, 152, 154, 156, 158, 160, 162, 139]
134: [161, 163, 201, 140, 149, 151, 153, 155, 157, 159, 202, 150, 152, 154, 156, 164, 158, 160, 162, 139]
135: [161, 163, 165, 201, 140, 149, 151, 153, 155, 157, 159, 202, 150, 152, 154, 156, 166, 164, 158, 160, 162, 139]
136: [161, 163, 165, 167, 201, 140, 149, 151, 153, 155, 157, 159, 202, 150, 152, 168, 154, 156, 166, 164, 158, 160, 162, 139]
137: []
138: [160, 162, 164, 166, 168, 170, 139, 202, 152, 154, 156, 158, 201, 169, 151, 153, 167, 155, 165, 163, 157, 161, 159, 140]
139: [160, 162, 164, 166, 168, 170, 139, 202, 154, 156, 158, 201, 169, 153, 167, 155, 165, 163, 157, 161, 159, 140]
140: [160, 162, 164, 166, 168, 170, 139, 202, 156, 158, 201, 169, 167, 155, 165, 163, 157, 161, 159, 140]
141: [160, 162, 164, 166, 168, 170, 139, 202, 158, 201, 169, 167, 165, 163, 157, 161, 159, 140]
142: [160, 162, 164, 166, 168, 170, 139, 202, 201, 169, 167, 165, 163, 161, 159, 140]
143: [162, 164, 166, 168, 170, 139, 202, 201, 169, 167, 165, 163, 161, 140]
138
0: [140, 151, 152, 153, 155, 157, 159, 154, 156, 158, 160, 139]
1: [152, 161, 140, 151, 153, 154, 155, 157, 159, 156, 158, 160, 162, 139]
2: [152, 163, 161, 154, 140, 151, 153, 155, 156, 157, 159, 158, 160, 162, 139, 164]
3: [152, 165, 154, 163, 161, 156, 140, 151, 153, 155, 157, 158, 159, 160, 162, 139, 164, 166]
4: [152, 167, 154, 165, 163, 156, 161, 158, 160, 140, 151, 153, 155, 157, 159, 162, 164, 166, 168, 139]
5: [152, 169, 154, 167, 156, 165, 163, 158, 160, 161, 162, 164, 166, 168, 170, 139, 140, 151, 153, 155, 157, 159]
6: [152, 171, 169, 154, 156, 167, 165, 158, 160, 163, 161, 162, 164, 166, 168, 170, 139, 172, 140, 151, 153, 155, 157, 159]
7: [154, 171, 169, 156, 158, 167, 160, 165, 162, 163, 164, 166, 168, 170, 139, 172, 161, 140, 153, 155, 157, 159]
8: [171, 156, 169, 158, 160, 167, 162, 164, 165, 166, 168, 170, 139, 172, 163, 161, 155, 140, 157, 159]
9: [171, 158, 160, 169, 162, 164, 166, 167, 168, 170, 139, 172, 165, 163, 161, 140, 157, 159]
10: [160, 171, 162, 164, 166, 168, 169, 170, 139, 172, 167, 165, 163, 161, 140, 159]
11: [162, 164, 166, 168, 170, 139, 171, 172, 169, 167, 165, 163, 161, 140]
12: [140, 151, 153, 155, 157, 159, 152, 154, 156, 158, 160, 139]
13: [161, 162]
14: [163, 164]
15: [165, 166]
16: [167, 168]
17: [169, 170]
18: [152, 171, 172, 151]
19: [154, 153]
20: [156, 155]
21: [158, 157]
22: [160, 159]
23: [162, 164, 166, 168, 170, 139, 172, 171, 169, 167, 165, 163, 161, 140]
24: [140, 151, 153, 155, 157, 159, 152, 154, 156, 158, 160, 139]
25: [161, 162]
26: [163, 164]
27: [165, 166]
28: [167, 168]
29: [169, 170]
30: [152, 171, 172, 151]
31: [154, 153]
32: [156, 155]
33: [158, 157]
34: [160, 159]
35: [162, 164, 166, 168, 170, 139, 172, 171, 169, 167, 165, 163, 161, 140]
36: [140, 151, 153, 155, 157, 159, 152, 154, 156, 158, 160, 139]
37: [161, 162]
38: [163, 164]
39: [165, 166]
40: [167, 168]
41: [169, 170]
42: [152, 171, 172, 151]
43: [154, 153]
44: [156, 155]
45: [158, 157]
46: [160, 159]
47: [162, 164, 166, 168, 170, 139, 172, 171, 169, 167, 165, 163, 161, 140]
48: [140, 151, 153, 155, 157, 159, 152, 154, 156, 158, 160, 139]
49: [161, 162]
50: [163, 164]
51: [165, 166]
52: [167, 168]
53: [169, 170]
54: [152, 171, 172, 151]
55: [154, 153]
56: [156, 155]
57: [158, 157]
58: [160, 159]
59: [162, 164, 166, 168, 170, 139, 172, 171, 169, 167, 165, 163, 161, 140]
60: [140, 151, 153, 155, 157, 159, 152, 154, 156, 158, 160, 139]
61: [161, 162]
62: [163, 164]
63: [165, 166]
64: [167, 168]
65: [169, 170]
66: [152, 171, 172, 151]
67: [154, 153]
68: [156, 155]
69: [158, 157]
70: [160, 159]
71: [162, 164, 166, 168, 170, 139, 172, 171, 169, 167, 165, 163, 161, 140]
72: [140, 151, 153, 155, 157, 159, 152, 154, 156, 158, 160, 139]
73: [161, 162]
74: [163, 164]
75: [165, 166]
76: [167, 168]
77: [169, 170]
78: [152, 171, 172, 151]
79: [154, 153]
80: [156, 155]
81: [158, 157]
82: [160, 159]
83: [162, 164, 166, 168, 170, 139, 172, 171, 169, 167, 165, 163, 161, 140]
84: [140, 151, 153, 155, 157, 159, 152, 154, 156, 158, 160, 139]
85: [161, 162]
86: [163, 164]
87: [165, 166]
88: [167, 168]
89: [169, 170]
90: [152, 171, 172, 151]
91: [154, 153]
92: [156, 155]
93: [158, 157]
94: [160, 159]
95: [162, 164, 166, 168, 170, 139, 172, 171, 169, 167, 165, 163, 161, 140]
96: [140, 151, 153, 155, 157, 159, 152, 154, 156, 158, 160, 139]
97: [161, 162]
98: [163, 164]
99: [165, 166]
100: [167, 168]
101: [169, 170]
102: [152, 171, 172, 151]
103: [154, 153]
104: [156, 155]
105: [158, 157]
106: [160, 159]
107: [162, 164, 166, 168, 170, 139, 172, 171, 169, 167, 165, 163, 161, 140]
108: [140, 151, 153, 155, 157, 159, 152, 154, 156, 158, 160, 139]
109: [161, 162]
110: [163, 164]
111: [165, 166]
112: [167, 168]
113: [169, 170]
114: [152, 171, 172, 151]
115: [154, 153]
116: [156, 155]
117: [158, 157]
118: [160, 159]
119: [162, 164, 166, 168, 170, 139, 172, 171, 169, 167, 165, 163, 161, 140]
120: [201, 140, 151, 153, 155, 157, 159, 202, 152, 154, 156, 158, 160, 139]
121: [161, 201, 202, 162]
122: [163, 201, 202, 164]
123: [165, 201, 202, 166]
124: [167, 201, 202, 168]
125: [169, 201, 202, 170]
126: [152, 171, 202, 201, 172, 151]
127: [154, 202, 201, 153]
128: [156, 202, 201, 155]
129: [158, 202, 201, 157]
130: [160, 202, 201, 159]
131: [162, 164, 166, 168, 170, 139, 172, 202, 201, 171, 169, 167, 165, 163, 161, 140]
132: [201, 140, 151, 153, 155, 157, 159, 202, 152, 154, 156, 158, 160, 139]
133: [161, 201, 140, 151, 153, 155, 157, 159, 202, 152, 154, 156, 158, 160, 162, 139]
134: [161, 163, 201, 140, 151, 153, 155, 157, 159, 202, 152, 154, 156, 164, 158, 160, 162, 139]
135: [161, 163, 165, 201, 140, 151, 153, 155, 157, 159, 202, 152, 154, 156, 166, 164, 158, 160, 162, 139]
136: [161, 163, 165, 167, 201, 140, 151, 153, 155, 157, 159, 202, 152, 168, 154, 156, 166, 164, 158, 160, 162, 139]
137: [161, 163, 165, 167, 169, 201, 140, 151, 153, 155, 157, 159, 202, 152, 170, 168, 154, 156, 166, 164, 158, 160, 162, 139]
138: []
139: [160, 162, 164, 166, 168, 170, 139, 172, 202, 154, 156, 158, 201, 171, 169, 153, 167, 155, 165, 163, 157, 161, 159, 140]
140: [160, 162, 164, 166, 168, 170, 139, 172, 202, 156, 158, 201, 171, 169, 167, 155, 165, 163, 157, 161, 159, 140]
141: [160, 162, 164, 166, 168, 170, 139, 172, 202, 158, 201, 171, 169, 167, 165, 163, 157, 161, 159, 140]
142: [160, 162, 164, 166, 168, 170, 139, 172, 202, 201, 171, 169, 167, 165, 163, 161, 159, 140]
143: [162, 164, 166, 168, 170, 139, 172, 202, 201, 171, 169, 167, 165, 163, 161, 140]
139
0: [140, 153, 154, 155, 157, 159, 156, 158, 160, 139]
1: [161, 154, 140, 153, 155, 156, 157, 159, 158, 160, 162, 139]
2: [154, 163, 161, 156, 140, 153, 155, 157, 158, 159, 160, 162, 139, 164]
3: [154, 165, 163, 156, 161, 158, 160, 140, 153, 155, 157, 159, 162, 139, 164, 166]
4: [154, 167, 156, 165, 163, 158, 160, 161, 162, 164, 166, 168, 139, 140, 153, 155, 157, 159]
5: [169, 154, 156, 167, 165, 158, 160, 163, 161, 162, 164, 166, 168, 170, 139, 140, 153, 155, 157, 159]
6: [154, 171, 169, 156, 158, 167, 160, 165, 162, 163, 164, 166, 168, 170, 139, 172, 161, 140, 153, 155, 157, 159]
7: [154, 173, 171, 156, 169, 158, 160, 167, 162, 164, 165, 166, 168, 170, 139, 172, 174, 163, 161, 140, 153, 155, 157, 159]
8: [156, 173, 171, 158, 160, 169, 162, 164, 166, 167, 168, 170, 139, 172, 174, 165, 163, 161, 155, 140, 157, 159]
9: [173, 158, 160, 171, 162, 164, 166, 168, 169, 170, 139, 172, 174, 167, 165, 163, 161, 140, 157, 159]
10: [160, 173, 162, 164, 166, 168, 170, 139, 171, 172, 174, 169, 167, 165, 163, 161, 140, 159]
11: [162, 164, 166, 168, 170, 139, 172, 173, 174, 171, 169, 167, 165, 163, 161, 140]
12: [140, 153, 155, 157, 159, 154, 156, 158, 160, 139]
13: [161, 162]
14: [163, 164]
15: [165, 166]
16: [167, 168]
17: [169, 170]
18: [171, 172]
19: [154, 173, 174, 153]
20: [156, 155]
21: [158, 157]
22: [160, 159]
23: [162, 164, 166, 168, 170, 139, 172, 174, 173, 171, 169, 167, 165, 163, 161, 140]
24: [140, 153, 155, 157, 159, 154, 156, 158, 160, 139]
25: [161, 162]
26: [163, 164]
27: [165, 166]
28: [167, 168]
29: [169, 170]
30: [171, 172]
31: [154, 173, 174, 153]
32: [156, 155]
33: [158, 157]
34: [160, 159]
35: [162, 164, 166, 168, 170, 139, 172, 174, 173, 171, 169, 167, 165, 163, 161, 140]
36: [140, 153, 155, 157, 159, 154, 156, 158, 160, 139]
37: [161, 162]
38: [163, 164]
39: [165, 166]
40: [167, 168]
41: [169, 170]
42: [171, 172]
43: [154, 173, 174, 153]
44: [156, 155]
45: [158, 157]
46: [160, 159]
47: [162, 164, 166, 168, 170, 139, 172, 174, 173, 171, 169, 167, 165, 163, 161, 140]
48: [140, 153, 155, 157, 159, 154, 156, 158, 160, 139]
49: [161, 162]
50: [163, 164]
51: [165, 166]
52: [167, 168]
53: [169, 170]
54: [171, 172]
55: [154, 173, 174, 153]
56: [156, 155]
57: [158, 157]
58: [160, 159]
59: [162, 164, 166, 168, 170, 139, 172, 174, 173, 171, 169, 167, 165, 163, 161, 140]
60: [140, 153, 155, 157, 159, 154, 156, 158, 160, 139]
61: [161, 162]
62: [163, 164]
63: [165, 166]
64: [167, 168]
65: [169, 170]
66: [171, 172]
67: [154, 173, 174, 153]
68: [156, 155]
69: [158, 157]
70: [160, 159]
71: [162, 164, 166, 168, 170, 139, 172, 174, 173, 171, 169, 167, 165, 163, 161, 140]
72: [140, 153, 155, 157, 159, 154, 156, 158, 160, 139]
73: [161, 162]
74: [163, 164]
75: [165, 166]
76: [167, 168]
77: [169, 170]
78: [171, 172]
79: [154, 173, 174, 153]
80: [156, 155]
81: [158, 157]
82: [160, 159]
83: [162, 164, 166, 168, 170, 139, 172, 174, 173, 171, 169, 167, 165, 163, 161, 140]
84: [140, 153, 155, 157, 159, 154, 156, 158, 160, 139]
85: [161, 162]
86: [163, 164]
87: [165, 166]
88: [167, 168]
89: [169, 170]
90: [171, 172]
91: [154, 173, 174, 153]
92: [156, 155]
93: [158, 157]
94: [160, 159]
95: [162, 164, 166, 168, 170, 139, 172, 174, 173, 171, 169, 167, 165, 163, 161, 140]
96: [140, 153, 155, 157, 159, 154, 156, 158, 160, 139]
97: [161, 162]
98: [163, 164]
99: [165, 166]
100: [167, 168]
101: [169, 170]
102: [171, 172]
103: [154, 173, 174, 153]
104: [156, 155]
105: [158, 157]
106: [160, 159]
107: [162, 164, 166, 168, 170, 139, 172, 174, 173, 171, 169, 167, 165, 163, 161, 140]
108: [140, 153, 155, 157, 159, 154, 156, 158, 160, 139]
109: [161, 162]
110: [163, 164]
111: [165, 166]
112: [167, 168]
113: [169, 170]
114: [171, 172]
115: [154, 173, 174, 153]
116: [156, 155]
117: [158, 157]
118: [160, 159]
119: [162, 164, 166, 168, 170, 139, 172, 174, 173, 171, 169, 167, 165, 163, 161, 140]
120: [201, 140, 153, 155, 157, 159, 202, 154, 156, 158, 160, 139]
121: [161, 201, 202, 162]
122: [163, 201, 202, 164]
123: [165, 201, 202, 166]
124: [167, 201, 202, 168]
125: [169, 202, 201, 170]
126: [171, 202, 201, 172]
127: [154, 173, 202, 201, 174, 153]
128: [156, 202, 201, 155]
129: [158, 202, 201, 157]
130: [160, 202, 201, 159]
131: [162, 164, 166, 168, 170, 139, 172, 202, 174, 201, 173, 171, 169, 167, 165, 163, 161, 140]
132: [201, 140, 153, 155, 157, 159, 202, 154, 156, 158, 160, 139]
133: [161, 201, 140, 153, 155, 157, 159, 202, 154, 156, 158, 160, 162, 139]
134: [161, 163, 201, 140, 153, 155, 157, 159, 202, 154, 156, 164, 158, 160, 162, 139]
135: [161, 163, 165, 201, 140, 153, 155, 157, 159, 202, 154, 156, 166, 164, 158, 160, 162, 139]
136: [161, 163, 165, 167, 201, 140, 153, 155, 157, 159, 202, 168, 154, 156, 166, 164, 158, 160, 162, 139]
137: [161, 163, 165, 167, 169, 201, 140, 153, 155, 157, 159, 202, 170, 168, 154, 156, 166, 164, 158, 160, 162, 139]
138: [161, 163, 165, 167, 169, 201, 171, 140, 153, 155, 157, 159, 202, 172, 170, 168, 154, 156, 166, 164, 158, 160, 162, 139]
139: []
140: [160, 162, 164, 166, 168, 170, 139, 172, 202, 174, 156, 158, 201, 173, 171, 169, 167, 155, 165, 163, 157, 161, 159, 140]
141: [160, 162, 164, 166, 168, 170, 139, 172, 202, 174, 158, 201, 173, 171, 169, 167, 165, 163, 157, 161, 159, 140]
142: [160, 162, 164, 166, 168, 170, 139, 172, 202, 174, 201, 173, 171, 169, 167, 165, 163, 161, 159, 140]
143: [162, 164, 166, 168, 170, 139, 172, 202, 174, 201, 173, 171, 169, 167, 165, 163, 161, 140]
140
0: [140, 155, 156, 157, 159, 158, 160, 139]
1: [161, 156, 140, 155, 157, 158, 159, 160, 162, 139]
2: [163, 156, 161, 158, 160, 140, 155, 157, 159, 162, 139, 164]
3: [156, 165, 163, 158, 160, 161, 162, 164, 166, 139, 140, 155, 157, 159]
4: [156, 167, 165, 158, 160, 163, 161, 162, 164, 166, 168, 139, 155, 140, 157, 159]
5: [169, 156, 158, 167, 160, 165, 162, 163, 164, 166, 168, 170, 139, 161, 155, 140, 157, 159]
6: [171, 156, 169, 158, 160, 167, 162, 164, 165, 166, 168, 170, 139, 172, 163, 161, 155, 140, 157, 159]
7: [156, 173, 171, 158, 160, 169, 162, 164, 166, 167, 168, 170, 139, 172, 174, 165, 163, 161, 155, 140, 157, 159]
8: [156, 175, 173, 158, 160, 171, 162, 164, 166, 168, 169, 170, 139, 172, 174, 176, 167, 165, 163, 161, 155, 140, 157, 159]
9: [158, 175, 160, 173, 162, 164, 166, 168, 170, 139, 171, 172, 174, 176, 169, 167, 165, 163, 161, 140, 157, 159]
10: [160, 175, 162, 164, 166, 168, 170, 139, 172, 173, 174, 176, 171, 169, 167, 165, 163, 161, 140, 159]
11: [162, 164, 166, 168, 170, 139, 172, 174, 175, 176, 173, 171, 169, 167, 165, 163, 161, 140]
12: [155, 140, 157, 159, 156, 158, 160, 139]
13: [161, 162]
14: [163, 164]
15: [165, 166]
16: [167, 168]
17: [169, 170]
18: [171, 172]
19: [173, 174]
20: [156, 175, 176, 155]
21: [158, 157]
22: [160, 159]
23: [162, 164, 166, 168, 170, 139, 172, 174, 176, 175, 173, 171, 169, 167, 165, 163, 161, 140]
24: [155, 140, 157, 159, 156, 158, 160, 139]
25: [161, 162]
26: [163, 164]
27: [165, 166]
28: [167, 168]
29: [169, 170]
30: [171, 172]
31: [173, 174]
32: [156, 175, 176, 155]
33: [158, 157]
34: [160, 159]
35: [162, 164, 166, 168, 170, 139, 172, 174, 176, 175, 173, 171, 169, 167, 165, 163, 161, 140]
36: [155, 140, 157, 159, 156, 158, 160, 139]
37: [161, 162]
38: [163, 164]
39: [165, 166]
40: [167, 168]
41: [169, 170]
42: [171, 172]
43: [173, 174]
44: [156, 175, 176, 155]
45: [158, 157]
46: [160, 159]
47: [162, 164, 166, 168, 170, 139, 172, 174, 176, 175, 173, 171, 169, 167, 165, 163, 161, 140]
48: [155, 140, 157, 159, 156, 158, 160, 139]
49: [161, 162]
50: [163, 164]
51: [165, 166]
52: [167, 168]
53: [169, 170]
54: [171, 172]
55: [173, 174]
56: [156, 175, 176, 155]
57: [158, 157]
58: [160, 159]
59: [162, 164, 166, 168, 170, 139, 172, 174, 176, 175, 173, 171, 169, 167, 165, 163, 161, 140]
60: [155, 140, 157, 159, 156, 158, 160, 139]
61: [161, 162]
62: [163, 164]
63: [165, 166]
64: [167, 168]
65: [169, 170]
66: [171, 172]
67: [173, 174]
68: [156, 175, 176, 155]
69: [158, 157]
70: [160, 159]
71: [162, 164, 166, 168, 170, 139, 172, 174, 176, 175, 173, 171, 169, 167, 165, 163, 161, 140]
72: [155, 140, 157, 159, 156, 158, 160, 139]
73: [161, 162]
74: [163, 164]
75: [165, 166]
76: [167, 168]
77: [169, 170]
78: [171, 172]
79: [173, 174]
80: [156, 175, 176, 155]
81: [158, 157]
82: [160, 159]
83: [162, 164, 166, 168, 170, 139, 172, 174, 176, 175, 173, 171, 169, 167, 165, 163, 161, 140]
84: [155, 140, 157, 159, 156, 158, 160, 139]
85: [161, 162]
86: [163, 164]
87: [165, 166]
88: [167, 168]
89: [169, 170]
90: [171, 172]
91: [173, 174]
92: [156, 175, 176, 155]
93: [158, 157]
94: [160, 159]
95: [162, 164, 166, 168, 170, 139, 172, 174, 176, 175, 173, 171, 169, 167, 165, 163, 161, 140]
96: [155, 140, 157, 159, 156, 158, 160, 139]
97: [161, 162]
98: [163, 164]
99: [165, 166]
100: [167, 168]
101: [169, 170]
102: [171, 172]
103: [173, 174]
104: [156, 175, 176, 155]
105: [158, 157]
106: [160, 159]
107: [162, 164, 166, 168, 170, 139, 172, 174, 176, 175, 173, 171, 169, 167, 165, 163, 161, 140]
108: [155, 140, 157, 159, 156, 158, 160, 139]
109: [161, 162]
110: [163, 164]
111: [165, 166]
112: [167, 168]
113: [169, 170]
114: [171, 172]
115: [173, 174]
116: [156, 175, 176, 155]
117: [158, 157]
118: [160, 159]
119: [162, 164, 166, 168, 170, 139, 172, 174, 176, 175, 173, 171, 169, 167, 165, 163, 161, 140]
120: [201, 140, 155, 157, 159, 202, 156, 158, 160, 139]
121: [161, 201, 202, 162]
122: [163, 201, 202, 164]
123: [165, 201, 202, 166]
124: [167, 202, 201, 168]
125: [169, 202, 201, 170]
126: [171, 202, 201, 172]
127: [173, 202, 201, 174]
128: [156, 175, 202, 201, 176, 155]
129: [158, 202, 201, 157]
130: [160, 202, 201, 159]
131: [162, 164, 166, 168, 170, 139, 172, 202, 174, 176, 201, 175, 173, 171, 169, 167, 165, 163, 161, 140]
132: [201, 140, 155, 157, 159, 202, 156, 158, 160, 139]
133: [161, 201, 140, 155, 157, 159, 202, 156, 158, 160, 162, 139]
134: [161, 163, 201, 140, 155, 157, 159, 202, 156, 164, 158, 160, 162, 139]
135: [161, 163, 165, 201, 140, 155, 157, 159, 202, 156, 166, 164, 158, 160, 162, 139]
136: [161, 163, 165, 167, 201, 140, 155, 157, 159, 202, 168, 156, 166, 164, 158, 160, 162, 139]
137: [161, 163, 165, 167, 169, 201, 140, 155, 157, 159, 202, 170, 168, 156, 166, 164, 158, 160, 162, 139]
138: [161, 163, 165, 167, 169, 201, 171, 140, 155, 157, 159, 202, 172, 170, 168, 156, 166, 164, 158, 160, 162, 139]
139: [161, 163, 165, 167, 169, 201, 171, 140, 173, 155, 157, 159, 202, 174, 172, 170, 168, 156, 166, 164, 158, 160, 162, 139]
140: []
141: [160, 162, 164, 166, 168, 170, 139, 172, 202, 174, 176, 158, 201, 175, 173, 171, 169, 167, 165, 163, 157, 161, 159, 140]
142: [160, 162, 164, 166, 168, 170, 139, 172, 202, 174, 176, 201, 175, 173, 171, 169, 167, 165, 163, 161, 159, 140]
143: [162, 164, 166, 168, 170, 139, 172, 202, 174, 176, 201, 175, 173, 171, 169, 167, 165, 163, 161, 140]
141
0: [140, 157, 158, 159, 160, 139]
1: [161, 158, 160, 140, 157, 159, 162, 139]
2: [163, 158, 160, 161, 162, 164, 139, 140, 157, 159]
3: [165, 158, 160, 163, 161, 162, 164, 166, 139, 140, 157, 159]
4: [158, 167, 160, 165, 162, 163, 164, 166, 168, 139, 161, 140, 157, 159]
5: [169, 158, 160, 167, 162, 164, 165, 166, 168, 170, 139, 163, 161, 140, 157, 159]
6: [171, 158, 160, 169, 162, 164, 166, 167, 168, 170, 139, 172, 165, 163, 161, 140, 157, 159]
7: [173, 158, 160, 171, 162, 164, 166, 168, 169, 170, 139, 172, 174, 167, 165, 163, 161, 140, 157, 159]
8: [158, 175, 160, 173, 162, 164, 166, 168, 170, 139, 171, 172, 174, 176, 169, 167, 165, 163, 161, 140, 157, 159]
9: [177, 158, 160, 175, 162, 164, 166, 168, 170, 139, 172, 173, 174, 176, 178, 171, 169, 167, 165, 163, 161, 140, 157, 159]
10: [160, 177, 162, 164, 166, 168, 170, 139, 172, 174, 175, 176, 178, 173, 171, 169, 167, 165, 163, 161, 140, 159]
11: [162, 164, 166, 168, 170, 139, 172, 174, 176, 177, 178, 175, 173, 171, 169, 167, 165, 163, 161, 140]
12: [140, 157, 159, 158, 160, 139]
13: [161, 162]
14: [163, 164]
15: [165, 166]
16: [167, 168]
17: [169, 170]
18: [171, 172]
19: [173, 174]
20: [175, 176]
21: [177, 158, 178, 157]
22: [160, 159]
23: [162, 164, 166, 168, 170, 139, 172, 174, 176, 178, 177, 175, 173, 171, 169, 167, 165, 163, 161, 140]
24: [140, 157, 159, 158, 160, 139]
25: [161, 162]
26: [163, 164]
27: [165, 166]
28: [167, 168]
29: [169, 170]
30: [171, 172]
31: [173, 174]
32: [175, 176]
33: [177, 158, 178, 157]
34: [160, 159]
35: [162, 164, 166, 168, 170, 139, 172, 174, 176, 178, 177, 175, 173, 171, 169, 167, 165, 163, 161, 140]
36: [140, 157, 159, 158, 160, 139]
37: [161, 162]
38: [163, 164]
39: [165, 166]
40: [167, 168]
41: [169, 170]
42: [171, 172]
43: [173, 174]
44: [175, 176]
45: [177, 158, 178, 157]
46: [160, 159]
47: [162, 164, 166, 168, 170, 139, 172, 174, 176, 178, 177, 175, 173, 171, 169, 167, 165, 163, 161, 140]
48: [140, 157, 159, 158, 160, 139]
49: [161, 162]
50: [163, 164]
51: [165, 166]
52: [167, 168]
53: [169, 170]
54: [171, 172]
55: [173, 174]
56: [175, 176]
57: [177, 158, 178, 157]
58: [160, 159]
59: [162, 164, 166, 168, 170, 139, 172, 174, 176, 178, 177, 175, 173, 171, 169, 167, 165, 163, 161, 140]
60: [140, 157, 159, 158, 160, 139]
61: [161, 162]
62: [163, 164]
63: [165, 166]
64: [167, 168]
65: [169, 170]
66: [171, 172]
67: [173, 174]
68: [175, 176]
69: [177, 158, 178, 157]
70: [160, 159]
71: [162, 164, 166, 168, 170, 139, 172, 174, 176, 178, 177, 175, 173, 171, 169, 167, 165, 163, 161, 140]
72: [140, 157, 159, 158, 160, 139]
73: [161, 162]
74: [163, 164]
75: [165, 166]
76: [167, 168]
77: [169, 170]
78: [171, 172]
79: [173, 174]
80: [175, 176]
81: [177, 158, 178, 157]
82: [160, 159]
83: [162, 164, 166, 168, 170, 139, 172, 174, 176, 178, 177, 175, 173, 171, 169, 167, 165, 163, 161, 140]
84: [140, 157, 159, 158, 160, 139]
85: [161, 162]
86: [163, 164]
87: [165, 166]
88: [167, 168]
89: [169, 170]
90: [171, 172]
91: [173, 174]
92: [175, 176]
93: [177, 158, 178, 157]
94: [160, 159]
95: [162, 164, 166, 168, 170, 139, 172, 174, 176, 178, 177, 175, 173, 171, 169, 167, 165, 163, 161, 140]
96: [140, 157, 159, 158, 160, 139]
97: [161, 162]
98: [163, 164]
99: [165, 166]
100: [167, 168]
101: [169, 170]
102: [171, 172]
103: [173, 174]
104: [175, 176]
105: [177, 158, 178, 157]
106: [160, 159]
107: [162, 164, 166, 168, 170, 139, 172, 174, 176, 178, 177, 175, 173, 171, 169, 167, 165, 163, 161, 140]
108: [140, 157, 159, 158, 160, 139]
109: [161, 162]
110: [163, 164]
111: [165, 166]
112: [167, 168]
113: [169, 170]
114: [171, 172]
115: [173, 174]
116: [175, 176]
117: [177, 158, 178, 157]
118: [160, 159]
119: [162, 164, 166, 168, 170, 139, 172, 174, 176, 178, 177, 175, 173, 171, 169, 167, 165, 163, 161, 140]
120: [201, 140, 157, 159, 202, 158, 160, 139]
121: [161, 201, 202, 162]
122: [163, 201, 202, 164]
123: [165, 202, 201, 166]
124: [167, 202, 201, 168]
125: [169, 202, 201, 170]
126: [171, 202, 201, 172]
127: [173, 202, 201, 174]
128: [175, 202, 201, 176]
129: [177, 158, 202, 201, 178, 157]
130: [160, 202, 201, 159]
131: [162, 164, 166, 168, 170, 139, 172, 202, 174, 176, 178, 201, 177, 175, 173, 171, 169, 167, 165, 163, 161, 140]
132: [201, 140, 157, 159, 202, 158, 160, 139]
133: [161, 201, 140, 157, 159, 202, 158, 160, 162, 139]
134: [161, 163, 201, 140, 157, 159, 202, 164, 158, 160, 162, 139]
135: [161, 163, 165, 201, 140, 157, 159, 202, 166, 164, 158, 160, 162, 139]
136: [161, 163, 165, 167, 201, 140, 157, 159, 202, 168, 166, 164, 158, 160, 162, 139]
137: [161, 163, 165, 167, 169, 201, 140, 157, 159, 202, 170, 168, 166, 164, 158, 160, 162, 139]
138: [161, 163, 165, 167, 169, 201, 171, 140, 157, 159, 202, 172, 170, 168, 166, 164, 158, 160, 162, 139]
139: [161, 163, 165, 167, 169, 201, 171, 140, 173, 157, 159, 202, 174, 172, 170, 168, 166, 164, 158, 160, 162, 139]
140: [161, 163, 165, 167, 169, 201, 171, 140, 173, 175, 157, 159, 202, 176, 174, 172, 170, 168, 166, 164, 158, 160, 162, 139]
141: []
142: [160, 162, 164, 166, 168, 170, 139, 172, 202, 174, 176, 178, 201, 177, 175, 173, 171, 169, 167, 165, 163, 161, 159, 140]
143: [162, 164, 166, 168, 170, 139, 172, 202, 174, 176, 178, 201, 177, 175, 173, 171, 169, 167, 165, 163, 161, 140]
142
0: [160, 140, 159, 139]
1: [160, 161, 162, 139, 140, 159]
2: [160, 163, 161, 162, 139, 164, 140, 159]
3: [160, 165, 162, 163, 164, 166, 139, 161, 140, 159]
4: [160, 167, 162, 164, 165, 166, 168, 139, 163, 161, 140, 159]
5: [160, 169, 162, 164, 166, 167, 168, 170, 139, 165, 163, 161, 140, 159]
6: [160, 171, 162, 164, 166, 168, 169, 170, 139, 172, 167, 165, 163, 161, 140, 159]
7: [160, 173, 162, 164, 166, 168, 170, 139, 171, 172, 174, 169, 167, 165, 163, 161, 140, 159]
8: [160, 175, 162, 164, 166, 168, 170, 139, 172, 173, 174, 176, 171, 169, 167, 165, 163, 161, 140, 159]
9: [160, 177, 162, 164, 166, 168, 170, 139, 172, 174, 175, 176, 178, 173, 171, 169, 167, 165, 163, 161, 140, 159]
10: [160, 179, 162, 164, 166, 168, 170, 139, 172, 174, 176, 177, 178, 180, 175, 173, 171, 169, 167, 165, 163, 161, 140, 159]
11: [162, 164, 166, 168, 170, 139, 172, 174, 176, 178, 179, 180, 177, 175, 173, 171, 169, 167, 165, 163, 161, 140]
12: [140, 159, 160, 139]
13: [161, 162]
14: [163, 164]
15: [165, 166]
16: [167, 168]
17: [169, 170]
18: [171, 172]
19: [173, 174]
20: [175, 176]
21: [177, 178]
22: [160, 179, 180, 159]
23: [162, 164, 166, 168, 170, 139, 172, 174, 176, 178, 180, 179, 177, 175, 173, 171, 169, 167, 165, 163, 161, 140]
24: [140, 159, 160, 139]
25: [161, 162]
26: [163, 164]
27: [165, 166]
28: [167, 168]
29: [169, 170]
30: [171, 172]
31: [173, 174]
32: [175, 176]
33: [177, 178]
34: [160, 179, 180, 159]
35: [162, 164, 166, 168, 170, 139, 172, 174, 176, 178, 180, 179, 177, 175, 173, 171, 169, 167, 165, 163, 161, 140]
36: [140, 159, 160, 139]
37: [161, 162]
38: [163, 164]
39: [165, 166]
40: [167, 168]
41: [169, 170]
42: [171, 172]
43: [173, 174]
44: [175, 176]
45: [177, 178]
46: [160, 179, 180, 159]
47: [162, 164, 166, 168, 170, 139, 172, 174, 176, 178, 180, 179, 177, 175, 173, 171, 169, 167, 165, 163, 161, 140]
48: [140, 159, 160, 139]
49: [161, 162]
50: [163, 164]
51: [165, 166]
52: [167, 168]
53: [169, 170]
54: [171, 172]
55: [173, 174]
56: [175, 176]
57: [177, 178]
58: [160, 179, 180, 159]
59: [162, 164, 166, 168, 170, 139, 172, 174, 176, 178, 180, 179, 177, 175, 173, 171, 169, 167, 165, 163, 161, 140]
60: [140, 159, 160, 139]
61: [161, 162]
62: [163, 164]
63: [165, 166]
64: [167, 168]
65: [169, 170]
66: [171, 172]
67: [173, 174]
68: [175, 176]
69: [177, 178]
70: [160, 179, 180, 159]
71: [162, 164, 166, 168, 170, 139, 172, 174, 176, 178, 180, 179, 177, 175, 173, 171, 169, 167, 165, 163, 161, 140]
72: [140, 159, 160, 139]
73: [161, 162]
74: [163, 164]
75: [165, 166]
76: [167, 168]
77: [169, 170]
78: [171, 172]
79: [173, 174]
80: [175, 176]
81: [177, 178]
82: [160, 179, 180, 159]
83: [162, 164, 166, 168, 170, 139, 172, 174, 176, 178, 180, 179, 177, 175, 173, 171, 169, 167, 165, 163, 161, 140]
84: [140, 159, 160, 139]
85: [161, 162]
86: [163, 164]
87: [165, 166]
88: [167, 168]
89: [169, 170]
90: [171, 172]
91: [173, 174]
92: [175, 176]
93: [177, 178]
94: [160, 179, 180, 159]
95: [162, 164, 166, 168, 170, 139, 172, 174, 176, 178, 180, 179, 177, 175, 173, 171, 169, 167, 165, 163, 161, 140]
96: [140, 159, 160, 139]
97: [161, 162]
98: [163, 164]
99: [165, 166]
100: [167, 168]
101: [169, 170]
102: [171, 172]
103: [173, 174]
104: [175, 176]
105: [177, 178]
106: [160, 179, 180, 159]
107: [162, 164, 166, 168, 170, 139, 172, 174, 176, 178, 180, 179, 177, 175, 173, 171, 169, 167, 165, 163, 161, 140]
108: [140, 159, 160, 139]
109: [161, 162]
110: [163, 164]
111: [165, 166]
112: [167, 168]
113: [169, 170]
114: [171, 172]
115: [173, 174]
116: [175, 176]
117: [177, 178]
118: [160, 179, 180, 159]
119: [162, 164, 166, 168, 170, 139, 172, 174, 176, 178, 180, 179, 177, 175, 173, 171, 169, 167, 165, 163, 161, 140]
120: [201, 140, 159, 202, 160, 139]
121: [161, 201, 202, 162]
122: [163, 202, 201, 164]
123: [165, 202, 201, 166]
124: [167, 202, 201, 168]
125: [169, 202, 201, 170]
126: [171, 202, 201, 172]
127: [173, 202, 201, 174]
128: [175, 202, 201, 176]
129: [177, 202, 201, 178]
130: [160, 179, 202, 201, 180, 159]
131: [162, 164, 166, 168, 170, 139, 172, 202, 174, 176, 178, 180, 201, 179, 177, 175, 173, 171, 169, 167, 165, 163, 161, 140]
132: [201, 140, 159, 202, 160, 139]
133: [161, 140, 201, 159, 202, 160, 162, 139]
134: [161, 163, 201, 140, 159, 202, 164, 160, 162, 139]
135: [161, 163, 165, 201, 140, 159, 202, 166, 164, 160, 162, 139]
136: [161, 163, 165, 167, 201, 140, 159, 202, 168, 166, 164, 160, 162, 139]
137: [161, 163, 165, 167, 169, 201, 140, 159, 202, 170, 168, 166, 164, 160, 162, 139]
138: [161, 163, 165, 167, 169, 201, 171, 140, 159, 202, 172, 170, 168, 166, 164, 160, 162, 139]
139: [161, 163, 165, 167, 169, 201, 171, 140, 173, 159, 202, 174, 172, 170, 168, 166, 164, 160, 162, 139]
140: [161, 163, 165, 167, 169, 201, 171, 140, 173, 175, 159, 202, 176, 174, 172, 170, 168, 166, 164, 160, 162, 139]
141: [161, 163, 165, 167, 169, 201, 171, 140, 173, 175, 177, 159, 202, 178, 176, 174, 172, 170, 168, 166, 164, 160, 162, 139]
142: []
143: [162, 164, 166, 168, 170, 139, 172, 202, 174, 176, 178, 180, 201, 179, 177, 175, 173, 171, 169, 167, 165, 163, 161, 140]
143
0: [139, 140]
1: [161, 162, 139, 140]
2: [162, 139, 164, 163, 161, 140]
3: [162, 164, 165, 166, 139, 163, 161, 140]
4: [162, 164, 166, 167, 168, 139, 165, 163, 161, 140]
5: [162, 164, 166, 168, 169, 170, 139, 167, 165, 163, 161, 140]
6: [162, 164, 166, 168, 170, 139, 171, 172, 169, 167, 165, 163, 161, 140]
7: [162, 164, 166, 168, 170, 139, 172, 173, 174, 171, 169, 167, 165, 163, 161, 140]
8: [162, 164, 166, 168, 170, 139, 172, 174, 175, 176, 173, 171, 169, 167, 165, 163, 161, 140]
9: [162, 164, 166, 168, 170, 139, 172, 174, 176, 177, 178, 175, 173, 171, 169, 167, 165, 163, 161, 140]
10: [162, 164, 166, 168, 170, 139, 172, 174, 176, 178, 179, 180, 177, 175, 173, 171, 169, 167, 165, 163, 161, 140]
11: [162, 164, 166, 168, 170, 139, 172, 174, 176, 178, 180, 179, 177, 175, 173, 171, 169, 167, 165, 163, 161, 140]
12: [140, 139]
13: [161, 162]
14: [163, 164]
15: [165, 166]
16: [167, 168]
17: [169, 170]
18: [171, 172]
19: [173, 174]
20: [175, 176]
21: [177, 178]
22: [179, 180]
23: [162, 164, 166, 168, 170, 139, 172, 174, 176, 178, 180, 179, 177, 175, 173, 171, 169, 167, 165, 163, 161, 140]
24: [140, 139]
25: [161, 162]
26: [163, 164]
27: [165, 166]
28: [167, 168]
29: [169, 170]
30: [171, 172]
31: [173, 174]
32: [175, 176]
33: [177, 178]
34: [179, 180]
35: [162, 164, 166, 168, 170, 139, 172, 174, 176, 178, 180, 179, 177, 175, 173, 171, 169, 167, 165, 163, 161, 140]
36: [140, 139]
37: [161, 162]
38: [163, 164]
39: [165, 166]
40: [167, 168]
41: [169, 170]
42: [171, 172]
43: [173, 174]
44: [175, 176]
45: [177, 178]
46: [179, 180]
47: [162, 164, 166, 168, 170, 139, 172, 174, 176, 178, 180, 179, 177, 175, 173, 171, 169, 167, 165, 163, 161, 140]
48: [140, 139]
49: [161, 162]
50: [163, 164]
51: [165, 166]
52: [167, 168]
53: [169, 170]
54: [171, 172]
55: [173, 174]
56: [175, 176]
57: [177, 178]
58: [179, 180]
59: [162, 164, 166, 168, 170, 139, 172, 174, 176, 178, 180, 179, 177, 175, 173, 171, 169, 167, 165, 163, 161, 140]
60: [140, 139]
61: [161, 162]
62: [163, 164]
63: [165, 166]
64: [167, 168]
65: [169, 170]
66: [171, 172]
67: [173, 174]
68: [175, 176]
69: [177, 178]
70: [179, 180]
71: [162, 164, 166, 168, 170, 139, 172, 174, 176, 178, 180, 179, 177, 175, 173, 171, 169, 167, 165, 163, 161, 140]
72: [140, 139]
73: [161, 162]
74: [163, 164]
75: [165, 166]
76: [167, 168]
77: [169, 170]
78: [171, 172]
79: [173, 174]
80: [175, 176]
81: [177, 178]
82: [179, 180]
83: [162, 164, 166, 168, 170, 139, 172, 174, 176, 178, 180, 179, 177, 175, 173, 171, 169, 167, 165, 163, 161, 140]
84: [140, 139]
85: [161, 162]
86: [163, 164]
87: [165, 166]
88: [167, 168]
89: [169, 170]
90: [171, 172]
91: [173, 174]
92: [175, 176]
93: [177, 178]
94: [179, 180]
95: [162, 164, 166, 168, 170, 139, 172, 174, 176, 178, 180, 179, 177, 175, 173, 171, 169, 167, 165, 163, 161, 140]
96: [140, 139]
97: [161, 162]
98: [163, 164]
99: [165, 166]
100: [167, 168]
101: [169, 170]
102: [171, 172]
103: [173, 174]
104: [175, 176]
105: [177, 178]
106: [179, 180]
107: [162, 164, 166, 168, 170, 139, 172, 174, 176, 178, 180, 179, 177, 175, 173, 171, 169, 167, 165, 163, 161, 140]
108: [140, 139]
109: [161, 162]
110: [163, 164]
111: [165, 166]
112: [167, 168]
113: [169, 170]
114: [171, 172]
115: [173, 174]
116: [175, 176]
117: [177, 178]
118: [179, 180]
119: [162, 164, 166, 168, 170, 139, 172, 174, 176, 178, 180, 179, 177, 175, 173, 171, 169, 167, 165, 163, 161, 140]
120: [201, 202, 140, 139]
121: [161, 202, 201, 162]
122: [202, 163, 201, 164]
123: [202, 165, 201, 166]
124: [202, 167, 201, 168]
125: [169, 202, 201, 170]
126: [202, 171, 201, 172]
127: [202, 173, 201, 174]
128: [202, 175, 201, 176]
129: [177, 202, 201, 178]
130: [202, 179, 201, 180]
131: [162, 164, 166, 168, 170, 139, 172, 202, 174, 176, 178, 180, 201, 179, 177, 175, 173, 171, 169, 167, 165, 163, 161, 140]
132: [201, 140, 202, 139]
133: [161, 140, 201, 202, 162, 139]
134: [161, 163, 140, 201, 202, 164, 162, 139]
135: [161, 163, 165, 201, 140, 202, 166, 164, 162, 139]
136: [161, 163, 165, 167, 201, 140, 202, 168, 166, 164, 162, 139]
137: [161, 163, 165, 167, 169, 201, 140, 202, 170, 168, 166, 164, 162, 139]
138: [161, 163, 165, 167, 169, 201, 171, 140, 202, 172, 170, 168, 166, 164, 162, 139]
139: [161, 163, 165, 167, 169, 201, 171, 140, 173, 202, 174, 172, 170, 168, 166, 164, 162, 139]
140: [161, 163, 165, 167, 169, 201, 171, 140, 173, 175, 202, 176, 174, 172, 170, 168, 166, 164, 162, 139]
141: [161, 163, 165, 167, 169, 201, 171, 140, 173, 175, 177, 202, 178, 176, 174, 172, 170, 168, 166, 164, 162, 139]
142: [161, 163, 165, 167, 169, 201, 171, 140, 173, 175, 177, 179, 202, 180, 178, 176, 174, 172, 170, 168, 166, 164, 162, 139]
143: []
