138
1: [44, 45, 55, 54]
2: [54, 55, 45, 44]
3: [43, 53, 63, 64, 65, 66, 56, 46, 36, 35, 34, 33]
4: [33, 34, 35, 36, 46, 56, 66, 65, 64, 63, 53, 43]
5: [33, 34, 44, 54, 64, 63, 53, 43]
6: [43, 53, 63, 64, 54, 44, 34, 33]
7: [33, 34, 35, 45, 55, 65, 64, 63, 53, 43]
8: [43, 53, 63, 64, 65, 55, 45, 35, 34, 33]
9: [34, 35, 36, 46, 56, 66, 65, 64, 54, 44]
10: [44, 54, 64, 65, 66, 56, 46, 36, 35, 34]
11: [35, 36, 46, 56, 66, 65, 55, 45]
12: [45, 55, 65, 66, 56, 46, 36, 35]
13: [33, 34, 35, 36, 46, 45, 44, 43]
14: [43, 44, 45, 46, 36, 35, 34, 33]
15: [43, 44, 45, 46, 56, 55, 54, 53]
16: [53, 54, 55, 56, 46, 45, 44, 43]
17: [53, 54, 55, 56, 66, 65, 64, 63]
18: [63, 64, 65, 66, 56, 55, 54, 53]
19: [22, 23, 24, 25, 26, 27, 37, 47, 57, 67, 77, 76, 75, 74, 73, 72, 62, 52, 42, 32]
20: [32, 42, 52, 62, 72, 73, 74, 75, 76, 77, 67, 57, 47, 37, 27, 26, 25, 24, 23, 22]
21: [32, 33, 34, 35, 36, 37, 27, 26, 25, 24, 23, 22]
22: [22, 23, 24, 25, 26, 27, 37, 36, 35, 34, 33, 32]
23: [32, 42, 43, 44, 45, 46, 47, 37, 27, 26, 25, 24, 23, 22]
24: [22, 23, 24, 25, 26, 27, 37, 47, 46, 45, 44, 43, 42, 32]
25: [32, 42, 52, 53, 54, 55, 56, 57, 47, 37, 27, 26, 25, 24, 23, 22]
26: [22, 23, 24, 25, 26, 27, 37, 47, 57, 56, 55, 54, 53, 52, 42, 32]
27: [32, 42, 52, 62, 63, 64, 65, 66, 67, 57, 47, 37, 27, 26, 25, 24, 23, 22]
28: [22, 23, 24, 25, 26, 27, 37, 47, 57, 67, 66, 65, 64, 63, 62, 52, 42, 32]
29: [42, 52, 62, 72, 73, 74, 75, 76, 77, 67, 57, 47, 37, 36, 35, 34, 33, 32]
30: [32, 33, 34, 35, 36, 37, 47, 57, 67, 77, 76, 75, 74, 73, 72, 62, 52, 42]
31: [52, 62, 72, 73, 74, 75, 76, 77, 67, 57, 47, 46, 45, 44, 43, 42]
32: [42, 43, 44, 45, 46, 47, 57, 67, 77, 76, 75, 74, 73, 72, 62, 52]
33: [62, 72, 73, 74, 75, 76, 77, 67, 57, 56, 55, 54, 53, 52]
34: [52, 53, 54, 55, 56, 57, 67, 77, 76, 75, 74, 73, 72, 62]
35: [72, 73, 74, 75, 76, 77, 67, 66, 65, 64, 63, 62]
36: [62, 63, 64, 65, 66, 67, 77, 76, 75, 74, 73, 72]
37: [32, 42, 52, 62, 72, 73, 63, 53, 43, 33, 23, 22]
38: [22, 23, 33, 43, 53, 63, 73, 72, 62, 52, 42, 32]
39: [33, 43, 53, 63, 73, 74, 64, 54, 44, 34, 24, 23]
40: [23, 24, 34, 44, 54, 64, 74, 73, 63, 53, 43, 33]
41: [34, 44, 54, 64, 74, 75, 65, 55, 45, 35, 25, 24]
42: [24, 25, 35, 45, 55, 65, 75, 74, 64, 54, 44, 34]
43: [35, 45, 55, 65, 75, 76, 66, 56, 46, 36, 26, 25]
44: [25, 26, 36, 46, 56, 66, 76, 75, 65, 55, 45, 35]
45: [36, 46, 56, 66, 76, 77, 67, 57, 47, 37, 27, 26]
46: [26, 27, 37, 47, 57, 67, 77, 76, 66, 56, 46, 36]
47: [21, 31, 41, 51, 61, 71, 81, 82, 83, 84, 85, 86, 87, 88, 78, 68, 58, 48, 38, 28, 18, 17, 16, 15, 14, 13, 12, 11]
48: [11, 12, 13, 14, 15, 16, 17, 18, 28, 38, 48, 58, 68, 78, 88, 87, 86, 85, 84, 83, 82, 81, 71, 61, 51, 41, 31, 21]
49: [11, 12, 22, 32, 42, 52, 62, 72, 82, 81, 71, 61, 51, 41, 31, 21]
50: [21, 31, 41, 51, 61, 71, 81, 82, 72, 62, 52, 42, 32, 22, 12, 11]
51: [11, 12, 13, 23, 33, 43, 53, 63, 73, 83, 82, 81, 71, 61, 51, 41, 31, 21]
52: [21, 31, 41, 51, 61, 71, 81, 82, 83, 73, 63, 53, 43, 33, 23, 13, 12, 11]
53: [11, 12, 13, 14, 24, 34, 44, 54, 64, 74, 84, 83, 82, 81, 71, 61, 51, 41, 31, 21]
54: [21, 31, 41, 51, 61, 71, 81, 82, 83, 84, 74, 64, 54, 44, 34, 24, 14, 13, 12, 11]
55: [11, 12, 13, 14, 15, 25, 35, 45, 55, 65, 75, 85, 84, 83, 82, 81, 71, 61, 51, 41, 31, 21]
56: [21, 31, 41, 51, 61, 71, 81, 82, 83, 84, 85, 75, 65, 55, 45, 35, 25, 15, 14, 13, 12, 11]
57: [11, 12, 13, 14, 15, 16, 26, 36, 46, 56, 66, 76, 86, 85, 84, 83, 82, 81, 71, 61, 51, 41, 31, 21]
58: [21, 31, 41, 51, 61, 71, 81, 82, 83, 84, 85, 86, 76, 66, 56, 46, 36, 26, 16, 15, 14, 13, 12, 11]
59: [11, 12, 13, 14, 15, 16, 17, 27, 37, 47, 57, 67, 77, 87, 86, 85, 84, 83, 82, 81, 71, 61, 51, 41, 31, 21]
60: [21, 31, 41, 51, 61, 71, 81, 82, 83, 84, 85, 86, 87, 77, 67, 57, 47, 37, 27, 17, 16, 15, 14, 13, 12, 11]
61: [12, 13, 14, 15, 16, 17, 18, 28, 38, 48, 58, 68, 78, 88, 87, 86, 85, 84, 83, 82, 72, 62, 52, 42, 32, 22]
62: [22, 32, 42, 52, 62, 72, 82, 83, 84, 85, 86, 87, 88, 78, 68, 58, 48, 38, 28, 18, 17, 16, 15, 14, 13, 12]
63: [13, 14, 15, 16, 17, 18, 28, 38, 48, 58, 68, 78, 88, 87, 86, 85, 84, 83, 73, 63, 53, 43, 33, 23]
64: [23, 33, 43, 53, 63, 73, 83, 84, 85, 86, 87, 88, 78, 68, 58, 48, 38, 28, 18, 17, 16, 15, 14, 13]
65: [14, 15, 16, 17, 18, 28, 38, 48, 58, 68, 78, 88, 87, 86, 85, 84, 74, 64, 54, 44, 34, 24]
66: [24, 34, 44, 54, 64, 74, 84, 85, 86, 87, 88, 78, 68, 58, 48, 38, 28, 18, 17, 16, 15, 14]
67: [15, 16, 17, 18, 28, 38, 48, 58, 68, 78, 88, 87, 86, 85, 75, 65, 55, 45, 35, 25]
68: [25, 35, 45, 55, 65, 75, 85, 86, 87, 88, 78, 68, 58, 48, 38, 28, 18, 17, 16, 15]
69: [16, 17, 18, 28, 38, 48, 58, 68, 78, 88, 87, 86, 76, 66, 56, 46, 36, 26]
70: [26, 36, 46, 56, 66, 76, 86, 87, 88, 78, 68, 58, 48, 38, 28, 18, 17, 16]
71: [17, 18, 28, 38, 48, 58, 68, 78, 88, 87, 77, 67, 57, 47, 37, 27]
72: [27, 37, 47, 57, 67, 77, 87, 88, 78, 68, 58, 48, 38, 28, 18, 17]
73: [11, 12, 13, 14, 15, 16, 17, 18, 28, 27, 26, 25, 24, 23, 22, 21]
74: [21, 22, 23, 24, 25, 26, 27, 28, 18, 17, 16, 15, 14, 13, 12, 11]
75: [21, 22, 23, 24, 25, 26, 27, 28, 38, 37, 36, 35, 34, 33, 32, 31]
76: [31, 32, 33, 34, 35, 36, 37, 38, 28, 27, 26, 25, 24, 23, 22, 21]
77: [31, 32, 33, 34, 35, 36, 37, 38, 48, 47, 46, 45, 44, 43, 42, 41]
78: [41, 42, 43, 44, 45, 46, 47, 48, 38, 37, 36, 35, 34, 33, 32, 31]
79: [41, 42, 43, 44, 45, 46, 47, 48, 58, 57, 56, 55, 54, 53, 52, 51]
80: [51, 52, 53, 54, 55, 56, 57, 58, 48, 47, 46, 45, 44, 43, 42, 41]
81: [51, 52, 53, 54, 55, 56, 57, 58, 68, 67, 66, 65, 64, 63, 62, 61]
82: [61, 62, 63, 64, 65, 66, 67, 68, 58, 57, 56, 55, 54, 53, 52, 51]
83: [61, 62, 63, 64, 65, 66, 67, 68, 78, 77, 76, 75, 74, 73, 72, 71]
84: [71, 72, 73, 74, 75, 76, 77, 78, 68, 67, 66, 65, 64, 63, 62, 61]
85: [71, 72, 73, 74, 75, 76, 77, 78, 88, 87, 86, 85, 84, 83, 82, 81]
86: [81, 82, 83, 84, 85, 86, 87, 88, 78, 77, 76, 75, 74, 73, 72, 71]
87: [0, 1, 2, 3, 4, 5, 6, 7, 8, 9, 19, 29, 39, 49, 59, 69, 79, 89, 99, 98, 97, 96, 95, 94, 93, 92, 91, 90, 80, 70, 60, 50, 40, 30, 20, 10]
88: [10, 20, 30, 40, 50, 60, 70, 80, 90, 91, 92, 93, 94, 95, 96, 97, 98, 99, 89, 79, 69, 59, 49, 39, 29, 19, 9, 8, 7, 6, 5, 4, 3, 2, 1, 0]
89: [10, 11, 12, 13, 14, 15, 16, 17, 18, 19, 9, 8, 7, 6, 5, 4, 3, 2, 1, 0]
90: [0, 1, 2, 3, 4, 5, 6, 7, 8, 9, 19, 18, 17, 16, 15, 14, 13, 12, 11, 10]
91: [10, 20, 21, 22, 23, 24, 25, 26, 27, 28, 29, 19, 9, 8, 7, 6, 5, 4, 3, 2, 1, 0]
92: [0, 1, 2, 3, 4, 5, 6, 7, 8, 9, 19, 29, 28, 27, 26, 25, 24, 23, 22, 21, 20, 10]
93: [10, 20, 30, 31, 32, 33, 34, 35, 36, 37, 38, 39, 29, 19, 9, 8, 7, 6, 5, 4, 3, 2, 1, 0]
94: [0, 1, 2, 3, 4, 5, 6, 7, 8, 9, 19, 29, 39, 38, 37, 36, 35, 34, 33, 32, 31, 30, 20, 10]
95: [10, 20, 30, 40, 41, 42, 43, 44, 45, 46, 47, 48, 49, 39, 29, 19, 9, 8, 7, 6, 5, 4, 3, 2, 1, 0]
96: [0, 1, 2, 3, 4, 5, 6, 7, 8, 9, 19, 29, 39, 49, 48, 47, 46, 45, 44, 43, 42, 41, 40, 30, 20, 10]
97: [10, 20, 30, 40, 50, 51, 52, 53, 54, 55, 56, 57, 58, 59, 49, 39, 29, 19, 9, 8, 7, 6, 5, 4, 3, 2, 1, 0]
98: [0, 1, 2, 3, 4, 5, 6, 7, 8, 9, 19, 29, 39, 49, 59, 58, 57, 56, 55, 54, 53, 52, 51, 50, 40, 30, 20, 10]
99: [10, 20, 30, 40, 50, 60, 61, 62, 63, 64, 65, 66, 67, 68, 69, 59, 49, 39, 29, 19, 9, 8, 7, 6, 5, 4, 3, 2, 1, 0]
100: [0, 1, 2, 3, 4, 5, 6, 7, 8, 9, 19, 29, 39, 49, 59, 69, 68, 67, 66, 65, 64, 63, 62, 61, 60, 50, 40, 30, 20, 10]
101: [10, 20, 30, 40, 50, 60, 70, 71, 72, 73, 74, 75, 76, 77, 78, 79, 69, 59, 49, 39, 29, 19, 9, 8, 7, 6, 5, 4, 3, 2, 1, 0]
102: [0, 1, 2, 3, 4, 5, 6, 7, 8, 9, 19, 29, 39, 49, 59, 69, 79, 78, 77, 76, 75, 74, 73, 72, 71, 70, 60, 50, 40, 30, 20, 10]
103: [10, 20, 30, 40, 50, 60, 70, 80, 81, 82, 83, 84, 85, 86, 87, 88, 89, 79, 69, 59, 49, 39, 29, 19, 9, 8, 7, 6, 5, 4, 3, 2, 1, 0]
104: [0, 1, 2, 3, 4, 5, 6, 7, 8, 9, 19, 29, 39, 49, 59, 69, 79, 89, 88, 87, 86, 85, 84, 83, 82, 81, 80, 70, 60, 50, 40, 30, 20, 10]
105: [20, 30, 40, 50, 60, 70, 80, 90, 91, 92, 93, 94, 95, 96, 97, 98, 99, 89, 79, 69, 59, 49, 39, 29, 19, 18, 17, 16, 15, 14, 13, 12, 11, 10]
106: [10, 11, 12, 13, 14, 15, 16, 17, 18, 19, 29, 39, 49, 59, 69, 79, 89, 99, 98, 97, 96, 95, 94, 93, 92, 91, 90, 80, 70, 60, 50, 40, 30, 20]
107: [30, 40, 50, 60, 70, 80, 90, 91, 92, 93, 94, 95, 96, 97, 98, 99, 89, 79, 69, 59, 49, 39, 29, 28, 27, 26, 25, 24, 23, 22, 21, 20]
108: [20, 21, 22, 23, 24, 25, 26, 27, 28, 29, 39, 49, 59, 69, 79, 89, 99, 98, 97, 96, 95, 94, 93, 92, 91, 90, 80, 70, 60, 50, 40, 30]
109: [40, 50, 60, 70, 80, 90, 91, 92, 93, 94, 95, 96, 97, 98, 99, 89, 79, 69, 59, 49, 39, 38, 37, 36, 35, 34, 33, 32, 31, 30]
110: [30, 31, 32, 33, 34, 35, 36, 37, 38, 39, 49, 59, 69, 79, 89, 99, 98, 97, 96, 95, 94, 93, 92, 91, 90, 80, 70, 60, 50, 40]
111: [50, 60, 70, 80, 90, 91, 92, 93, 94, 95, 96, 97, 98, 99, 89, 79, 69, 59, 49, 48, 47, 46, 45, 44, 43, 42, 41, 40]
112: [40, 41, 42, 43, 44, 45, 46, 47, 48, 49, 59, 69, 79, 89, 99, 98, 97, 96, 95, 94, 93, 92, 91, 90, 80, 70, 60, 50]
113: [60, 70, 80, 90, 91, 92, 93, 94, 95, 96, 97, 98, 99, 89, 79, 69, 59, 58, 57, 56, 55, 54, 53, 52, 51, 50]
114: [50, 51, 52, 53, 54, 55, 56, 57, 58, 59, 69, 79, 89, 99, 98, 97, 96, 95, 94, 93, 92, 91, 90, 80, 70, 60]
115: [70, 80, 90, 91, 92, 93, 94, 95, 96, 97, 98, 99, 89, 79, 69, 68, 67, 66, 65, 64, 63, 62, 61, 60]
116: [60, 61, 62, 63, 64, 65, 66, 67, 68, 69, 79, 89, 99, 98, 97, 96, 95, 94, 93, 92, 91, 90, 80, 70]
117: [80, 90, 91, 92, 93, 94, 95, 96, 97, 98, 99, 89, 79, 78, 77, 76, 75, 74, 73, 72, 71, 70]
118: [70, 71, 72, 73, 74, 75, 76, 77, 78, 79, 89, 99, 98, 97, 96, 95, 94, 93, 92, 91, 90, 80]
119: [90, 91, 92, 93, 94, 95, 96, 97, 98, 99, 89, 88, 87, 86, 85, 84, 83, 82, 81, 80]
120: [80, 81, 82, 83, 84, 85, 86, 87, 88, 89, 99, 98, 97, 96, 95, 94, 93, 92, 91, 90]
121: [10, 20, 30, 40, 50, 60, 70, 80, 90, 91, 81, 71, 61, 51, 41, 31, 21, 11, 1, 0]
122: [0, 1, 11, 21, 31, 41, 51, 61, 71, 81, 91, 90, 80, 70, 60, 50, 40, 30, 20, 10]
123: [11, 21, 31, 41, 51, 61, 71, 81, 91, 92, 82, 72, 62, 52, 42, 32, 22, 12, 2, 1]
124: [1, 2, 12, 22, 32, 42, 52, 62, 72, 82, 92, 91, 81, 71, 61, 51, 41, 31, 21, 11]
125: [12, 22, 32, 42, 52, 62, 72, 82, 92, 93, 83, 73, 63, 53, 43, 33, 23, 13, 3, 2]
126: [2, 3, 13, 23, 33, 43, 53, 63, 73, 83, 93, 92, 82, 72, 62, 52, 42, 32, 22, 12]
127: [13, 23, 33, 43, 53, 63, 73, 83, 93, 94, 84, 74, 64, 54, 44, 34, 24, 14, 4, 3]
128: [3, 4, 14, 24, 34, 44, 54, 64, 74, 84, 94, 93, 83, 73, 63, 53, 43, 33, 23, 13]
129: [14, 24, 34, 44, 54, 64, 74, 84, 94, 95, 85, 75, 65, 55, 45, 35, 25, 15, 5, 4]
130: [4, 5, 15, 25, 35, 45, 55, 65, 75, 85, 95, 94, 84, 74, 64, 54, 44, 34, 24, 14]
131: [15, 25, 35, 45, 55, 65, 75, 85, 95, 96, 86, 76, 66, 56, 46, 36, 26, 16, 6, 5]
132: [5, 6, 16, 26, 36, 46, 56, 66, 76, 86, 96, 95, 85, 75, 65, 55, 45, 35, 25, 15]
133: [16, 26, 36, 46, 56, 66, 76, 86, 96, 97, 87, 77, 67, 57, 47, 37, 27, 17, 7, 6]
134: [6, 7, 17, 27, 37, 47, 57, 67, 77, 87, 97, 96, 86, 76, 66, 56, 46, 36, 26, 16]
135: [17, 27, 37, 47, 57, 67, 77, 87, 97, 98, 88, 78, 68, 58, 48, 38, 28, 18, 8, 7]
136: [7, 8, 18, 28, 38, 48, 58, 68, 78, 88, 98, 97, 87, 77, 67, 57, 47, 37, 27, 17]
137: [18, 28, 38, 48, 58, 68, 78, 88, 98, 99, 89, 79, 69, 59, 49, 39, 29, 19, 9, 8]
138: [8, 9, 19, 29, 39, 49, 59, 69, 79, 89, 99, 98, 88, 78, 68, 58, 48, 38, 28, 18]
100
0
0: []
1: [96, 98, 100, 102, 122, 104, 87, 90, 92, 94, 89, 121, 91, 93, 95, 97, 99, 101, 103, 88]
2: [96, 98, 100, 102, 104, 87, 90, 92, 94, 89, 91, 93, 95, 97, 99, 101, 103, 88]
3: [96, 98, 100, 102, 104, 87, 90, 92, 94, 89, 91, 93, 95, 97, 99, 101, 103, 88]
4: [96, 98, 100, 102, 104, 87, 90, 92, 94, 89, 91, 93, 95, 97, 99, 101, 103, 88]
5: [96, 98, 100, 102, 104, 87, 90, 92, 94, 89, 91, 93, 95, 97, 99, 101, 103, 88]
6: [96, 98, 100, 102, 104, 87, 90, 92, 94, 89, 91, 93, 95, 97, 99, 101, 103, 88]
7: [96, 98, 100, 102, 104, 87, 90, 92, 94, 89, 91, 93, 95, 97, 99, 101, 103, 88]
8: [96, 98, 100, 102, 104, 87, 90, 92, 94, 89, 91, 93, 95, 97, 99, 101, 103, 88]
9: [96, 98, 100, 102, 104, 87, 90, 92, 94, 89, 91, 93, 95, 97, 99, 101, 103, 88]
10: [97, 121, 99, 101, 103, 88, 89, 91, 93, 95, 90, 122, 92, 94, 96, 98, 100, 102, 104, 87]
11: [89, 122, 121, 90]
12: [89, 90]
13: [89, 90]
14: [89, 90]
15: [89, 90]
16: [89, 90]
17: [89, 90]
18: [89, 90]
19: [96, 98, 100, 102, 104, 87, 89, 90, 92, 94, 91, 93, 95, 97, 99, 101, 103, 88]
20: [97, 99, 101, 103, 88, 121, 91, 93, 95, 122, 92, 94, 96, 98, 100, 102, 104, 87]
21: [122, 91, 121, 92]
22: [91, 92]
23: [91, 92]
24: [91, 92]
25: [91, 92]
26: [91, 92]
27: [91, 92]
28: [91, 92]
29: [96, 98, 100, 102, 104, 87, 91, 92, 94, 93, 95, 97, 99, 101, 103, 88]
30: [97, 99, 101, 103, 88, 121, 93, 95, 122, 94, 96, 98, 100, 102, 104, 87]
31: [122, 93, 121, 94]
32: [93, 94]
33: [93, 94]
34: [93, 94]
35: [93, 94]
36: [93, 94]
37: [93, 94]
38: [93, 94]
39: [96, 98, 100, 102, 104, 87, 93, 94, 95, 97, 99, 101, 103, 88]
40: [97, 99, 101, 103, 88, 121, 95, 122, 96, 98, 100, 102, 104, 87]
41: [122, 95, 121, 96]
42: [95, 96]
43: [95, 96]
44: [95, 96]
45: [95, 96]
46: [95, 96]
47: [95, 96]
48: [95, 96]
49: [96, 98, 100, 102, 104, 87, 95, 97, 99, 101, 103, 88]
50: [97, 99, 101, 103, 88, 121, 122, 98, 100, 102, 104, 87]
51: [97, 122, 121, 98]
52: [97, 98]
53: [97, 98]
54: [97, 98]
55: [97, 98]
56: [97, 98]
57: [97, 98]
58: [97, 98]
59: [97, 98, 100, 102, 104, 87, 99, 101, 103, 88]
60: [99, 101, 103, 88, 121, 122, 100, 102, 104, 87]
61: [122, 99, 121, 100]
62: [99, 100]
63: [99, 100]
64: [99, 100]
65: [99, 100]
66: [99, 100]
67: [99, 100]
68: [99, 100]
69: [99, 100, 102, 104, 87, 101, 103, 88]
70: [88, 121, 101, 103, 122, 102, 104, 87]
71: [122, 101, 121, 102]
72: [101, 102]
73: [101, 102]
74: [101, 102]
75: [101, 102]
76: [101, 102]
77: [101, 102]
78: [101, 102]
79: [104, 101, 102, 87, 103, 88]
80: [88, 121, 103, 122, 104, 87]
81: [122, 103, 121, 104]
82: [103, 104]
83: [103, 104]
84: [103, 104]
85: [103, 104]
86: [103, 104]
87: [103, 104]
88: [103, 104]
89: [104, 103, 87, 88]
90: [88, 121, 122, 87]
91: [88, 121, 122, 87]
92: [88, 87]
93: [88, 87]
94: [88, 87]
95: [88, 87]
96: [88, 87]
97: [88, 87]
98: [88, 87]
99: [88, 87]
1
0: [97, 121, 99, 101, 103, 88, 89, 91, 93, 95, 90, 122, 92, 94, 96, 98, 100, 102, 104, 87]
1: []
2: [96, 98, 100, 102, 104, 124, 87, 90, 92, 94, 89, 123, 91, 93, 95, 97, 99, 101, 103, 88]
3: [96, 98, 100, 102, 104, 87, 90, 92, 94, 89, 91, 93, 95, 97, 99, 101, 103, 88]
4: [96, 98, 100, 102, 104, 87, 90, 92, 94, 89, 91, 93, 95, 97, 99, 101, 103, 88]
5: [96, 98, 100, 102, 104, 87, 90, 92, 94, 89, 91, 93, 95, 97, 99, 101, 103, 88]
6: [96, 98, 100, 102, 104, 87, 90, 92, 94, 89, 91, 93, 95, 97, 99, 101, 103, 88]
7: [96, 98, 100, 102, 104, 87, 90, 92, 94, 89, 91, 93, 95, 97, 99, 101, 103, 88]
8: [96, 98, 100, 102, 104, 87, 90, 92, 94, 89, 91, 93, 95, 97, 99, 101, 103, 88]
9: [96, 98, 100, 102, 104, 87, 90, 92, 94, 89, 91, 93, 95, 97, 99, 101, 103, 88]
10: [97, 121, 99, 101, 103, 88, 89, 91, 93, 95, 90, 122, 92, 94, 96, 98, 100, 102, 104, 87]
11: [122, 123, 89, 90, 121, 124]
12: [124, 89, 90, 123]
13: [89, 90]
14: [89, 90]
15: [89, 90]
16: [89, 90]
17: [89, 90]
18: [89, 90]
19: [96, 98, 100, 102, 104, 87, 90, 92, 94, 89, 91, 93, 95, 97, 99, 101, 103, 88]
20: [97, 99, 101, 103, 88, 121, 91, 93, 95, 122, 92, 94, 96, 98, 100, 102, 104, 87]
21: [122, 123, 91, 124, 121, 92]
22: [124, 91, 123, 92]
23: [91, 92]
24: [91, 92]
25: [91, 92]
26: [91, 92]
27: [91, 92]
28: [91, 92]
29: [96, 98, 100, 102, 104, 87, 92, 94, 91, 93, 95, 97, 99, 101, 103, 88]
30: [97, 99, 101, 103, 88, 121, 93, 95, 122, 94, 96, 98, 100, 102, 104, 87]
31: [122, 123, 93, 121, 124, 94]
32: [124, 93, 123, 94]
33: [93, 94]
34: [93, 94]
35: [93, 94]
36: [93, 94]
37: [93, 94]
38: [93, 94]
39: [96, 98, 100, 102, 104, 87, 94, 93, 95, 97, 99, 101, 103, 88]
40: [97, 99, 101, 103, 88, 121, 95, 122, 96, 98, 100, 102, 104, 87]
41: [122, 123, 95, 121, 124, 96]
42: [124, 95, 123, 96]
43: [95, 96]
44: [95, 96]
45: [95, 96]
46: [95, 96]
47: [95, 96]
48: [96, 95]
49: [96, 98, 100, 102, 104, 87, 95, 97, 99, 101, 103, 88]
50: [97, 99, 101, 103, 88, 121, 122, 98, 100, 102, 104, 87]
51: [122, 123, 97, 121, 124, 98]
52: [124, 97, 123, 98]
53: [97, 98]
54: [97, 98]
55: [97, 98]
56: [97, 98]
57: [97, 98]
58: [97, 98]
59: [98, 100, 102, 104, 87, 97, 99, 101, 103, 88]
60: [99, 101, 103, 88, 121, 122, 100, 102, 104, 87]
61: [122, 123, 99, 121, 124, 100]
62: [124, 99, 123, 100]
63: [99, 100]
64: [99, 100]
65: [99, 100]
66: [99, 100]
67: [99, 100]
68: [99, 100]
69: [104, 100, 102, 87, 99, 101, 103, 88]
70: [88, 121, 101, 103, 122, 102, 104, 87]
71: [122, 123, 101, 121, 124, 102]
72: [124, 101, 123, 102]
73: [101, 102]
74: [101, 102]
75: [101, 102]
76: [101, 102]
77: [101, 102]
78: [101, 102]
79: [104, 102, 87, 101, 103, 88]
80: [88, 121, 103, 122, 104, 87]
81: [122, 123, 103, 121, 124, 104]
82: [124, 123, 103, 104]
83: [103, 104]
84: [103, 104]
85: [103, 104]
86: [103, 104]
87: [103, 104]
88: [104, 103]
89: [104, 87, 103, 88]
90: [88, 121, 122, 87]
91: [122, 123, 88, 121, 124, 87]
92: [123, 124, 88, 87]
93: [88, 87]
94: [88, 87]
95: [88, 87]
96: [88, 87]
97: [88, 87]
98: [88, 87]
99: [87, 88]
2
0: [97, 99, 101, 103, 88, 89, 91, 93, 95, 90, 92, 94, 96, 98, 100, 102, 104, 87]
1: [97, 99, 101, 103, 123, 88, 89, 91, 93, 95, 90, 124, 92, 94, 96, 98, 100, 102, 104, 87]
2: []
3: [96, 98, 126, 100, 102, 104, 87, 90, 92, 94, 89, 125, 91, 93, 95, 97, 99, 101, 103, 88]
4: [96, 98, 100, 102, 104, 87, 90, 92, 94, 89, 91, 93, 95, 97, 99, 101, 103, 88]
5: [96, 98, 100, 102, 104, 87, 90, 92, 94, 89, 91, 93, 95, 97, 99, 101, 103, 88]
6: [96, 98, 100, 102, 104, 87, 90, 92, 94, 89, 91, 93, 95, 97, 99, 101, 103, 88]
7: [96, 98, 100, 102, 104, 87, 90, 92, 94, 89, 91, 93, 95, 97, 99, 101, 103, 88]
8: [96, 98, 100, 102, 104, 87, 90, 92, 94, 89, 91, 93, 95, 97, 99, 101, 103, 88]
9: [96, 98, 100, 102, 104, 87, 90, 92, 94, 89, 91, 93, 95, 97, 99, 101, 103, 88]
10: [97, 99, 101, 103, 88, 89, 91, 93, 95, 90, 92, 94, 96, 98, 100, 102, 104, 87]
11: [123, 89, 90, 124]
12: [124, 125, 89, 90, 123, 126]
13: [126, 89, 90, 125]
14: [89, 90]
15: [89, 90]
16: [89, 90]
17: [89, 90]
18: [90, 89]
19: [96, 98, 100, 102, 104, 87, 90, 92, 94, 89, 91, 93, 95, 97, 99, 101, 103, 88]
20: [97, 99, 101, 103, 88, 91, 93, 95, 92, 94, 96, 98, 100, 102, 104, 87]
21: [123, 91, 124, 92]
22: [124, 125, 91, 92, 123, 126]
23: [126, 91, 92, 125]
24: [91, 92]
25: [91, 92]
26: [91, 92]
27: [91, 92]
28: [92, 91]
29: [96, 98, 100, 102, 104, 87, 92, 94, 91, 93, 95, 97, 99, 101, 103, 88]
30: [97, 99, 101, 103, 88, 93, 95, 94, 96, 98, 100, 102, 104, 87]
31: [123, 93, 124, 94]
32: [124, 125, 93, 126, 123, 94]
33: [126, 93, 125, 94]
34: [93, 94]
35: [93, 94]
36: [93, 94]
37: [93, 94]
38: [94, 93]
39: [96, 98, 100, 102, 104, 87, 94, 93, 95, 97, 99, 101, 103, 88]
40: [97, 99, 101, 103, 88, 95, 96, 98, 100, 102, 104, 87]
41: [123, 95, 124, 96]
42: [124, 125, 95, 123, 126, 96]
43: [126, 95, 125, 96]
44: [95, 96]
45: [95, 96]
46: [95, 96]
47: [96, 95]
48: [96, 95]
49: [96, 98, 100, 102, 104, 87, 95, 97, 99, 101, 103, 88]
50: [97, 99, 101, 103, 88, 98, 100, 102, 104, 87]
51: [123, 97, 124, 98]
52: [124, 125, 97, 123, 126, 98]
53: [126, 97, 125, 98]
54: [97, 98]
55: [97, 98]
56: [97, 98]
57: [97, 98]
58: [98, 97]
59: [98, 100, 102, 104, 87, 97, 99, 101, 103, 88]
60: [88, 99, 101, 103, 100, 102, 104, 87]
61: [123, 99, 124, 100]
62: [124, 125, 99, 123, 126, 100]
63: [126, 99, 125, 100]
64: [99, 100]
65: [99, 100]
66: [99, 100]
67: [99, 100]
68: [100, 99]
69: [104, 100, 102, 87, 99, 101, 103, 88]
70: [88, 101, 103, 102, 104, 87]
71: [123, 101, 124, 102]
72: [124, 125, 101, 123, 126, 102]
73: [126, 125, 101, 102]
74: [101, 102]
75: [101, 102]
76: [101, 102]
77: [101, 102]
78: [102, 101]
79: [104, 102, 87, 101, 103, 88]
80: [88, 103, 104, 87]
81: [123, 124, 103, 104]
82: [124, 125, 123, 126, 103, 104]
83: [126, 125, 103, 104]
84: [103, 104]
85: [103, 104]
86: [103, 104]
87: [104, 103]
88: [104, 103]
89: [104, 87, 103, 88]
90: [88, 87]
91: [123, 124, 88, 87]
92: [124, 125, 123, 126, 88, 87]
93: [125, 126, 88, 87]
94: [88, 87]
95: [88, 87]
96: [88, 87]
97: [88, 87]
98: [87, 88]
99: [87, 88]
3
0: [97, 99, 101, 103, 88, 89, 91, 93, 95, 90, 92, 94, 96, 98, 100, 102, 104, 87]
1: [97, 99, 101, 103, 88, 89, 91, 93, 95, 90, 92, 94, 96, 98, 100, 102, 104, 87]
2: [97, 99, 101, 103, 125, 88, 89, 91, 93, 95, 90, 126, 92, 94, 96, 98, 100, 102, 104, 87]
3: []
4: [96, 128, 98, 100, 102, 104, 87, 90, 92, 94, 89, 127, 91, 93, 95, 97, 99, 101, 103, 88]
5: [96, 98, 100, 102, 104, 87, 90, 92, 94, 89, 91, 93, 95, 97, 99, 101, 103, 88]
6: [96, 98, 100, 102, 104, 87, 90, 92, 94, 89, 91, 93, 95, 97, 99, 101, 103, 88]
7: [96, 98, 100, 102, 104, 87, 90, 92, 94, 89, 91, 93, 95, 97, 99, 101, 103, 88]
8: [96, 98, 100, 102, 104, 87, 90, 92, 94, 89, 91, 93, 95, 97, 99, 101, 103, 88]
9: [96, 98, 100, 102, 104, 87, 90, 92, 94, 89, 91, 93, 95, 97, 99, 101, 103, 88]
10: [97, 99, 101, 103, 88, 89, 91, 93, 95, 90, 92, 94, 96, 98, 100, 102, 104, 87]
11: [89, 90]
12: [125, 89, 90, 126]
13: [126, 127, 89, 90, 128, 125]
14: [128, 89, 90, 127]
15: [89, 90]
16: [89, 90]
17: [90, 89]
18: [90, 89]
19: [96, 98, 100, 102, 104, 87, 90, 92, 94, 89, 91, 93, 95, 97, 99, 101, 103, 88]
20: [97, 99, 101, 103, 88, 91, 93, 95, 92, 94, 96, 98, 100, 102, 104, 87]
21: [91, 92]
22: [125, 91, 92, 126]
23: [126, 127, 91, 92, 128, 125]
24: [128, 91, 92, 127]
25: [91, 92]
26: [91, 92]
27: [92, 91]
28: [92, 91]
29: [96, 98, 100, 102, 104, 87, 92, 94, 91, 93, 95, 97, 99, 101, 103, 88]
30: [97, 99, 101, 103, 88, 93, 95, 94, 96, 98, 100, 102, 104, 87]
31: [93, 94]
32: [125, 93, 126, 94]
33: [126, 127, 93, 94, 128, 125]
34: [128, 93, 94, 127]
35: [93, 94]
36: [93, 94]
37: [94, 93]
38: [94, 93]
39: [96, 98, 100, 102, 104, 87, 94, 93, 95, 97, 99, 101, 103, 88]
40: [97, 99, 101, 103, 88, 95, 96, 98, 100, 102, 104, 87]
41: [95, 96]
42: [125, 95, 126, 96]
43: [126, 127, 95, 96, 128, 125]
44: [128, 95, 96, 127]
45: [95, 96]
46: [96, 95]
47: [96, 95]
48: [96, 95]
49: [96, 98, 100, 102, 104, 87, 95, 97, 99, 101, 103, 88]
50: [97, 99, 101, 103, 88, 98, 100, 102, 104, 87]
51: [97, 98]
52: [125, 97, 126, 98]
53: [126, 127, 97, 128, 125, 98]
54: [128, 97, 127, 98]
55: [97, 98]
56: [97, 98]
57: [98, 97]
58: [98, 97]
59: [98, 100, 102, 104, 87, 97, 99, 101, 103, 88]
60: [88, 99, 101, 103, 100, 102, 104, 87]
61: [99, 100]
62: [125, 99, 126, 100]
63: [126, 127, 99, 128, 125, 100]
64: [128, 99, 127, 100]
65: [99, 100]
66: [99, 100]
67: [100, 99]
68: [100, 99]
69: [104, 100, 102, 87, 99, 101, 103, 88]
70: [88, 101, 103, 102, 104, 87]
71: [101, 102]
72: [125, 101, 126, 102]
73: [126, 127, 128, 125, 101, 102]
74: [128, 127, 101, 102]
75: [101, 102]
76: [101, 102]
77: [102, 101]
78: [102, 101]
79: [104, 102, 87, 101, 103, 88]
80: [88, 103, 104, 87]
81: [103, 104]
82: [125, 126, 103, 104]
83: [126, 127, 128, 125, 103, 104]
84: [128, 127, 103, 104]
85: [103, 104]
86: [104, 103]
87: [104, 103]
88: [104, 103]
89: [104, 87, 103, 88]
90: [88, 87]
91: [88, 87]
92: [125, 126, 88, 87]
93: [126, 127, 128, 125, 88, 87]
94: [128, 127, 88, 87]
95: [88, 87]
96: [88, 87]
97: [87, 88]
98: [87, 88]
99: [87, 88]
4
0: [97, 99, 101, 103, 88, 89, 91, 93, 95, 90, 92, 94, 96, 98, 100, 102, 104, 87]
1: [97, 99, 101, 103, 88, 89, 91, 93, 95, 90, 92, 94, 96, 98, 100, 102, 104, 87]
2: [97, 99, 101, 103, 88, 89, 91, 93, 95, 90, 92, 94, 96, 98, 100, 102, 104, 87]
3: [97, 99, 101, 103, 88, 89, 91, 127, 93, 95, 128, 90, 92, 94, 96, 98, 100, 102, 104, 87]
4: []
5: [96, 98, 130, 100, 102, 104, 87, 90, 92, 94, 89, 129, 91, 93, 95, 97, 99, 101, 103, 88]
6: [96, 98, 100, 102, 104, 87, 90, 92, 94, 89, 91, 93, 95, 97, 99, 101, 103, 88]
7: [96, 98, 100, 102, 104, 87, 90, 92, 94, 89, 91, 93, 95, 97, 99, 101, 103, 88]
8: [96, 98, 100, 102, 104, 87, 90, 92, 94, 89, 91, 93, 95, 97, 99, 101, 103, 88]
9: [96, 98, 100, 102, 104, 87, 90, 92, 94, 89, 91, 93, 95, 97, 99, 101, 103, 88]
10: [97, 99, 101, 103, 88, 89, 91, 93, 95, 90, 92, 94, 96, 98, 100, 102, 104, 87]
11: [89, 90]
12: [89, 90]
13: [127, 89, 90, 128]
14: [128, 129, 89, 90, 130, 127]
15: [130, 89, 90, 129]
16: [90, 89]
17: [90, 89]
18: [90, 89]
19: [96, 98, 100, 102, 104, 87, 90, 92, 94, 89, 91, 93, 95, 97, 99, 101, 103, 88]
20: [97, 99, 101, 103, 88, 91, 93, 95, 92, 94, 96, 98, 100, 102, 104, 87]
21: [91, 92]
22: [91, 92]
23: [127, 91, 92, 128]
24: [128, 129, 91, 92, 130, 127]
25: [130, 91, 92, 129]
26: [92, 91]
27: [92, 91]
28: [92, 91]
29: [96, 98, 100, 102, 104, 87, 92, 94, 91, 93, 95, 97, 99, 101, 103, 88]
30: [97, 99, 101, 103, 88, 93, 95, 94, 96, 98, 100, 102, 104, 87]
31: [93, 94]
32: [93, 94]
33: [127, 93, 94, 128]
34: [128, 129, 93, 94, 130, 127]
35: [130, 93, 94, 129]
36: [94, 93]
37: [94, 93]
38: [94, 93]
39: [96, 98, 100, 102, 104, 87, 94, 93, 95, 97, 99, 101, 103, 88]
40: [97, 99, 101, 103, 88, 95, 96, 98, 100, 102, 104, 87]
41: [95, 96]
42: [95, 96]
43: [127, 95, 96, 128]
44: [128, 129, 95, 96, 130, 127]
45: [130, 96, 95, 129]
46: [96, 95]
47: [96, 95]
48: [96, 95]
49: [96, 98, 100, 102, 104, 87, 95, 97, 99, 101, 103, 88]
50: [97, 99, 101, 103, 88, 98, 100, 102, 104, 87]
51: [97, 98]
52: [97, 98]
53: [127, 97, 128, 98]
54: [128, 129, 97, 98, 130, 127]
55: [130, 97, 98, 129]
56: [98, 97]
57: [98, 97]
58: [98, 97]
59: [98, 100, 102, 104, 87, 97, 99, 101, 103, 88]
60: [88, 99, 101, 103, 100, 102, 104, 87]
61: [99, 100]
62: [99, 100]
63: [127, 128, 99, 100]
64: [128, 129, 130, 99, 127, 100]
65: [130, 129, 99, 100]
66: [100, 99]
67: [100, 99]
68: [100, 99]
69: [104, 100, 102, 87, 99, 101, 103, 88]
70: [88, 101, 103, 102, 104, 87]
71: [101, 102]
72: [101, 102]
73: [127, 128, 101, 102]
74: [128, 129, 130, 127, 101, 102]
75: [130, 129, 101, 102]
76: [102, 101]
77: [102, 101]
78: [102, 101]
79: [104, 102, 87, 101, 103, 88]
80: [88, 103, 104, 87]
81: [103, 104]
82: [103, 104]
83: [127, 128, 103, 104]
84: [128, 129, 130, 127, 103, 104]
85: [130, 129, 104, 103]
86: [104, 103]
87: [104, 103]
88: [104, 103]
89: [104, 87, 103, 88]
90: [88, 87]
91: [88, 87]
92: [88, 87]
93: [128, 127, 88, 87]
94: [128, 129, 130, 127, 88, 87]
95: [129, 130, 88, 87]
96: [87, 88]
97: [87, 88]
98: [87, 88]
99: [87, 88]
5
0: [97, 99, 101, 103, 88, 89, 91, 93, 95, 90, 92, 94, 96, 98, 100, 102, 104, 87]
1: [97, 99, 101, 103, 88, 89, 91, 93, 95, 90, 92, 94, 96, 98, 100, 102, 104, 87]
2: [97, 99, 101, 103, 88, 89, 91, 93, 95, 90, 92, 94, 96, 98, 100, 102, 104, 87]
3: [97, 99, 101, 103, 88, 89, 91, 93, 95, 90, 92, 94, 96, 98, 100, 102, 104, 87]
4: [97, 129, 99, 101, 103, 88, 89, 91, 93, 95, 90, 130, 92, 94, 96, 98, 100, 102, 104, 87]
5: []
6: [96, 98, 100, 132, 102, 104, 87, 90, 92, 94, 89, 131, 91, 93, 95, 97, 99, 101, 103, 88]
7: [96, 98, 100, 102, 104, 87, 90, 92, 94, 89, 91, 93, 95, 97, 99, 101, 103, 88]
8: [96, 98, 100, 102, 104, 87, 90, 92, 94, 89, 91, 93, 95, 97, 99, 101, 103, 88]
9: [96, 98, 100, 102, 104, 87, 90, 92, 94, 89, 91, 93, 95, 97, 99, 101, 103, 88]
10: [97, 99, 101, 103, 88, 89, 91, 93, 95, 90, 92, 94, 96, 98, 100, 102, 104, 87]
11: [89, 90]
12: [89, 90]
13: [89, 90]
14: [129, 89, 90, 130]
15: [130, 131, 90, 89, 129, 132]
16: [132, 90, 89, 131]
17: [90, 89]
18: [90, 89]
19: [96, 98, 100, 102, 104, 87, 90, 92, 94, 89, 91, 93, 95, 97, 99, 101, 103, 88]
20: [97, 99, 101, 103, 88, 91, 93, 95, 92, 94, 96, 98, 100, 102, 104, 87]
21: [91, 92]
22: [91, 92]
23: [91, 92]
24: [129, 91, 92, 130]
25: [130, 131, 92, 91, 129, 132]
26: [132, 92, 91, 131]
27: [92, 91]
28: [92, 91]
29: [96, 98, 100, 102, 104, 87, 92, 94, 91, 93, 95, 97, 99, 101, 103, 88]
30: [97, 99, 101, 103, 88, 93, 95, 94, 96, 98, 100, 102, 104, 87]
31: [93, 94]
32: [93, 94]
33: [93, 94]
34: [129, 93, 94, 130]
35: [130, 131, 94, 93, 129, 132]
36: [132, 94, 93, 131]
37: [94, 93]
38: [94, 93]
39: [96, 98, 100, 102, 104, 87, 94, 93, 95, 97, 99, 101, 103, 88]
40: [97, 99, 101, 103, 88, 95, 96, 98, 100, 102, 104, 87]
41: [95, 96]
42: [95, 96]
43: [95, 96]
44: [129, 96, 95, 130]
45: [130, 131, 96, 95, 129, 132]
46: [132, 96, 131, 95]
47: [96, 95]
48: [96, 95]
49: [96, 98, 100, 102, 104, 87, 95, 97, 99, 101, 103, 88]
50: [97, 99, 101, 103, 88, 98, 100, 102, 104, 87]
51: [97, 98]
52: [97, 98]
53: [97, 98]
54: [129, 97, 98, 130]
55: [130, 131, 98, 97, 129, 132]
56: [132, 98, 131, 97]
57: [98, 97]
58: [98, 97]
59: [98, 100, 102, 104, 87, 97, 99, 101, 103, 88]
60: [88, 99, 101, 103, 100, 102, 104, 87]
61: [99, 100]
62: [99, 100]
63: [99, 100]
64: [129, 130, 99, 100]
65: [130, 131, 129, 100, 132, 99]
66: [132, 131, 100, 99]
67: [100, 99]
68: [100, 99]
69: [104, 100, 102, 87, 99, 101, 103, 88]
70: [88, 101, 103, 102, 104, 87]
71: [101, 102]
72: [101, 102]
73: [101, 102]
74: [129, 130, 101, 102]
75: [130, 131, 129, 132, 102, 101]
76: [132, 131, 102, 101]
77: [102, 101]
78: [102, 101]
79: [104, 102, 87, 101, 103, 88]
80: [88, 103, 104, 87]
81: [103, 104]
82: [103, 104]
83: [103, 104]
84: [129, 130, 104, 103]
85: [130, 131, 129, 132, 104, 103]
86: [132, 131, 104, 103]
87: [104, 103]
88: [104, 103]
89: [104, 87, 103, 88]
90: [88, 87]
91: [88, 87]
92: [88, 87]
93: [88, 87]
94: [129, 130, 88, 87]
95: [130, 131, 129, 132, 87, 88]
96: [131, 132, 87, 88]
97: [87, 88]
98: [87, 88]
99: [87, 88]
6
0: [97, 99, 101, 103, 88, 89, 91, 93, 95, 90, 92, 94, 96, 98, 100, 102, 104, 87]
1: [97, 99, 101, 103, 88, 89, 91, 93, 95, 90, 92, 94, 96, 98, 100, 102, 104, 87]
2: [97, 99, 101, 103, 88, 89, 91, 93, 95, 90, 92, 94, 96, 98, 100, 102, 104, 87]
3: [97, 99, 101, 103, 88, 89, 91, 93, 95, 90, 92, 94, 96, 98, 100, 102, 104, 87]
4: [97, 99, 101, 103, 88, 89, 91, 93, 95, 90, 92, 94, 96, 98, 100, 102, 104, 87]
5: [97, 99, 131, 101, 103, 88, 89, 91, 93, 95, 90, 132, 92, 94, 96, 98, 100, 102, 104, 87]
6: []
7: [96, 98, 100, 102, 134, 104, 87, 90, 92, 94, 89, 133, 91, 93, 95, 97, 99, 101, 103, 88]
8: [96, 98, 100, 102, 104, 87, 90, 92, 94, 89, 91, 93, 95, 97, 99, 101, 103, 88]
9: [96, 98, 100, 102, 104, 87, 90, 92, 94, 89, 91, 93, 95, 97, 99, 101, 103, 88]
10: [97, 99, 101, 103, 88, 89, 91, 93, 95, 90, 92, 94, 96, 98, 100, 102, 104, 87]
11: [89, 90]
12: [89, 90]
13: [89, 90]
14: [90, 89]
15: [131, 90, 89, 132]
16: [132, 133, 90, 89, 131, 134]
17: [134, 90, 89, 133]
18: [90, 89]
19: [96, 98, 100, 102, 104, 87, 90, 92, 94, 89, 91, 93, 95, 97, 99, 101, 103, 88]
20: [97, 99, 101, 103, 88, 91, 93, 95, 92, 94, 96, 98, 100, 102, 104, 87]
21: [91, 92]
22: [91, 92]
23: [91, 92]
24: [92, 91]
25: [131, 92, 91, 132]
26: [132, 133, 92, 91, 131, 134]
27: [134, 92, 91, 133]
28: [92, 91]
29: [96, 98, 100, 102, 104, 87, 92, 94, 91, 93, 95, 97, 99, 101, 103, 88]
30: [97, 99, 101, 103, 88, 93, 95, 94, 96, 98, 100, 102, 104, 87]
31: [93, 94]
32: [93, 94]
33: [93, 94]
34: [94, 93]
35: [131, 94, 93, 132]
36: [132, 133, 94, 93, 131, 134]
37: [134, 94, 93, 133]
38: [94, 93]
39: [96, 98, 100, 102, 104, 87, 94, 93, 95, 97, 99, 101, 103, 88]
40: [97, 99, 101, 103, 88, 95, 96, 98, 100, 102, 104, 87]
41: [95, 96]
42: [95, 96]
43: [96, 95]
44: [96, 95]
45: [131, 96, 132, 95]
46: [132, 133, 96, 131, 134, 95]
47: [134, 96, 133, 95]
48: [96, 95]
49: [96, 98, 100, 102, 104, 87, 95, 97, 99, 101, 103, 88]
50: [97, 99, 101, 103, 88, 98, 100, 102, 104, 87]
51: [97, 98]
52: [97, 98]
53: [97, 98]
54: [98, 97]
55: [131, 98, 132, 97]
56: [132, 133, 98, 131, 134, 97]
57: [134, 98, 133, 97]
58: [98, 97]
59: [98, 100, 102, 104, 87, 97, 99, 101, 103, 88]
60: [88, 99, 101, 103, 100, 102, 104, 87]
61: [99, 100]
62: [99, 100]
63: [99, 100]
64: [100, 99]
65: [131, 132, 100, 99]
66: [132, 133, 100, 131, 134, 99]
67: [134, 100, 133, 99]
68: [100, 99]
69: [104, 100, 102, 87, 99, 101, 103, 88]
70: [88, 101, 103, 102, 104, 87]
71: [101, 102]
72: [101, 102]
73: [101, 102]
74: [102, 101]
75: [131, 132, 102, 101]
76: [132, 133, 134, 131, 102, 101]
77: [134, 133, 102, 101]
78: [102, 101]
79: [104, 102, 87, 101, 103, 88]
80: [88, 103, 104, 87]
81: [103, 104]
82: [103, 104]
83: [104, 103]
84: [104, 103]
85: [131, 132, 104, 103]
86: [132, 133, 131, 134, 104, 103]
87: [134, 133, 104, 103]
88: [104, 103]
89: [104, 87, 103, 88]
90: [88, 87]
91: [88, 87]
92: [88, 87]
93: [88, 87]
94: [87, 88]
95: [131, 132, 87, 88]
96: [132, 133, 131, 134, 87, 88]
97: [133, 134, 87, 88]
98: [87, 88]
99: [87, 88]
7
0: [97, 99, 101, 103, 88, 89, 91, 93, 95, 90, 92, 94, 96, 98, 100, 102, 104, 87]
1: [97, 99, 101, 103, 88, 89, 91, 93, 95, 90, 92, 94, 96, 98, 100, 102, 104, 87]
2: [97, 99, 101, 103, 88, 89, 91, 93, 95, 90, 92, 94, 96, 98, 100, 102, 104, 87]
3: [97, 99, 101, 103, 88, 89, 91, 93, 95, 90, 92, 94, 96, 98, 100, 102, 104, 87]
4: [97, 99, 101, 103, 88, 89, 91, 93, 95, 90, 92, 94, 96, 98, 100, 102, 104, 87]
5: [97, 99, 101, 103, 88, 89, 91, 93, 95, 90, 92, 94, 96, 98, 100, 102, 104, 87]
6: [97, 99, 101, 133, 103, 88, 89, 91, 93, 95, 90, 134, 92, 94, 96, 98, 100, 102, 104, 87]
7: []
8: [96, 98, 100, 102, 104, 136, 87, 90, 92, 94, 89, 135, 91, 93, 95, 97, 99, 101, 103, 88]
9: [96, 98, 100, 102, 104, 87, 90, 92, 94, 89, 91, 93, 95, 97, 99, 101, 103, 88]
10: [97, 99, 101, 103, 88, 89, 91, 93, 95, 90, 92, 94, 96, 98, 100, 102, 104, 87]
11: [89, 90]
12: [89, 90]
13: [90, 89]
14: [90, 89]
15: [90, 89]
16: [133, 90, 89, 134]
17: [134, 135, 90, 89, 136, 133]
18: [136, 90, 89, 135]
19: [96, 98, 100, 102, 104, 87, 90, 92, 94, 89, 91, 93, 95, 97, 99, 101, 103, 88]
20: [97, 99, 101, 103, 88, 91, 93, 95, 92, 94, 96, 98, 100, 102, 104, 87]
21: [91, 92]
22: [91, 92]
23: [92, 91]
24: [92, 91]
25: [92, 91]
26: [133, 92, 91, 134]
27: [134, 135, 92, 91, 136, 133]
28: [136, 92, 91, 135]
29: [96, 98, 100, 102, 104, 87, 92, 94, 91, 93, 95, 97, 99, 101, 103, 88]
30: [97, 99, 101, 103, 88, 93, 95, 94, 96, 98, 100, 102, 104, 87]
31: [93, 94]
32: [93, 94]
33: [94, 93]
34: [94, 93]
35: [94, 93]
36: [133, 94, 93, 134]
37: [134, 135, 94, 136, 93, 133]
38: [136, 94, 135, 93]
39: [96, 98, 100, 102, 104, 87, 94, 93, 95, 97, 99, 101, 103, 88]
40: [97, 99, 101, 103, 88, 95, 96, 98, 100, 102, 104, 87]
41: [95, 96]
42: [96, 95]
43: [96, 95]
44: [96, 95]
45: [96, 95]
46: [133, 96, 134, 95]
47: [134, 135, 96, 136, 133, 95]
48: [136, 96, 135, 95]
49: [96, 98, 100, 102, 104, 87, 95, 97, 99, 101, 103, 88]
50: [97, 99, 101, 103, 88, 98, 100, 102, 104, 87]
51: [97, 98]
52: [97, 98]
53: [98, 97]
54: [98, 97]
55: [98, 97]
56: [133, 98, 134, 97]
57: [134, 135, 98, 136, 133, 97]
58: [136, 98, 135, 97]
59: [98, 100, 102, 104, 87, 97, 99, 101, 103, 88]
60: [88, 99, 101, 103, 100, 102, 104, 87]
61: [99, 100]
62: [99, 100]
63: [100, 99]
64: [100, 99]
65: [100, 99]
66: [133, 100, 134, 99]
67: [134, 135, 100, 136, 133, 99]
68: [136, 100, 135, 99]
69: [104, 100, 102, 87, 99, 101, 103, 88]
70: [88, 101, 103, 102, 104, 87]
71: [101, 102]
72: [101, 102]
73: [102, 101]
74: [102, 101]
75: [102, 101]
76: [133, 134, 102, 101]
77: [134, 135, 102, 136, 133, 101]
78: [136, 102, 135, 101]
79: [104, 102, 87, 101, 103, 88]
80: [88, 103, 104, 87]
81: [103, 104]
82: [104, 103]
83: [104, 103]
84: [104, 103]
85: [104, 103]
86: [133, 134, 104, 103]
87: [134, 135, 104, 136, 133, 103]
88: [136, 104, 135, 103]
89: [104, 87, 103, 88]
90: [88, 87]
91: [88, 87]
92: [88, 87]
93: [87, 88]
94: [87, 88]
95: [87, 88]
96: [133, 134, 87, 88]
97: [134, 135, 136, 133, 87, 88]
98: [136, 135, 87, 88]
99: [87, 88]
8
0: [97, 99, 101, 103, 88, 89, 91, 93, 95, 90, 92, 94, 96, 98, 100, 102, 104, 87]
1: [97, 99, 101, 103, 88, 89, 91, 93, 95, 90, 92, 94, 96, 98, 100, 102, 104, 87]
2: [97, 99, 101, 103, 88, 89, 91, 93, 95, 90, 92, 94, 96, 98, 100, 102, 104, 87]
3: [97, 99, 101, 103, 88, 89, 91, 93, 95, 90, 92, 94, 96, 98, 100, 102, 104, 87]
4: [97, 99, 101, 103, 88, 89, 91, 93, 95, 90, 92, 94, 96, 98, 100, 102, 104, 87]
5: [97, 99, 101, 103, 88, 89, 91, 93, 95, 90, 92, 94, 96, 98, 100, 102, 104, 87]
6: [97, 99, 101, 103, 88, 89, 91, 93, 95, 90, 92, 94, 96, 98, 100, 102, 104, 87]
7: [97, 99, 101, 103, 135, 88, 89, 91, 93, 95, 136, 90, 92, 94, 96, 98, 100, 102, 104, 87]
8: []
9: [96, 98, 100, 102, 104, 138, 87, 90, 92, 94, 89, 137, 91, 93, 95, 97, 99, 101, 103, 88]
10: [97, 99, 101, 103, 88, 89, 91, 93, 95, 90, 92, 94, 96, 98, 100, 102, 104, 87]
11: [89, 90]
12: [90, 89]
13: [90, 89]
14: [90, 89]
15: [90, 89]
16: [90, 89]
17: [135, 90, 89, 136]
18: [136, 137, 90, 89, 138, 135]
19: [96, 98, 100, 102, 104, 138, 87, 90, 92, 94, 89, 137, 91, 93, 95, 97, 99, 101, 103, 88]
20: [97, 99, 101, 103, 88, 91, 93, 95, 92, 94, 96, 98, 100, 102, 104, 87]
21: [91, 92]
22: [92, 91]
23: [92, 91]
24: [92, 91]
25: [92, 91]
26: [92, 91]
27: [135, 92, 136, 91]
28: [136, 137, 92, 138, 91, 135]
29: [96, 98, 100, 102, 104, 138, 87, 92, 94, 137, 91, 93, 95, 97, 99, 101, 103, 88]
30: [97, 99, 101, 103, 88, 93, 95, 94, 96, 98, 100, 102, 104, 87]
31: [93, 94]
32: [94, 93]
33: [94, 93]
34: [94, 93]
35: [94, 93]
36: [94, 93]
37: [135, 94, 136, 93]
38: [136, 137, 94, 138, 135, 93]
39: [96, 98, 100, 102, 104, 138, 87, 94, 137, 93, 95, 97, 99, 101, 103, 88]
40: [97, 99, 101, 103, 88, 95, 96, 98, 100, 102, 104, 87]
41: [96, 95]
42: [96, 95]
43: [96, 95]
44: [96, 95]
45: [96, 95]
46: [96, 95]
47: [135, 96, 136, 95]
48: [136, 137, 96, 138, 135, 95]
49: [96, 98, 100, 102, 104, 138, 87, 137, 95, 97, 99, 101, 103, 88]
50: [97, 99, 101, 103, 88, 98, 100, 102, 104, 87]
51: [97, 98]
52: [98, 97]
53: [98, 97]
54: [98, 97]
55: [98, 97]
56: [98, 97]
57: [135, 98, 136, 97]
58: [136, 137, 98, 138, 135, 97]
59: [98, 100, 102, 104, 138, 87, 137, 97, 99, 101, 103, 88]
60: [88, 99, 101, 103, 100, 102, 104, 87]
61: [99, 100]
62: [100, 99]
63: [100, 99]
64: [100, 99]
65: [100, 99]
66: [100, 99]
67: [135, 100, 136, 99]
68: [136, 137, 100, 138, 135, 99]
69: [100, 102, 104, 138, 87, 137, 99, 101, 103, 88]
70: [88, 101, 103, 102, 104, 87]
71: [101, 102]
72: [102, 101]
73: [102, 101]
74: [102, 101]
75: [102, 101]
76: [102, 101]
77: [135, 102, 136, 101]
78: [136, 137, 102, 138, 135, 101]
79: [104, 138, 102, 87, 137, 101, 103, 88]
80: [88, 103, 104, 87]
81: [104, 103]
82: [104, 103]
83: [104, 103]
84: [104, 103]
85: [104, 103]
86: [104, 103]
87: [135, 104, 136, 103]
88: [136, 137, 104, 138, 135, 103]
89: [104, 138, 87, 137, 103, 88]
90: [88, 87]
91: [88, 87]
92: [87, 88]
93: [87, 88]
94: [87, 88]
95: [87, 88]
96: [87, 88]
97: [136, 135, 87, 88]
98: [136, 137, 135, 138, 87, 88]
99: [137, 138, 87, 88]
9
0: [97, 99, 101, 103, 88, 89, 91, 93, 95, 90, 92, 94, 96, 98, 100, 102, 104, 87]
1: [97, 99, 101, 103, 88, 89, 91, 93, 95, 90, 92, 94, 96, 98, 100, 102, 104, 87]
2: [97, 99, 101, 103, 88, 89, 91, 93, 95, 90, 92, 94, 96, 98, 100, 102, 104, 87]
3: [97, 99, 101, 103, 88, 89, 91, 93, 95, 90, 92, 94, 96, 98, 100, 102, 104, 87]
4: [97, 99, 101, 103, 88, 89, 91, 93, 95, 90, 92, 94, 96, 98, 100, 102, 104, 87]
5: [97, 99, 101, 103, 88, 89, 91, 93, 95, 90, 92, 94, 96, 98, 100, 102, 104, 87]
6: [97, 99, 101, 103, 88, 89, 91, 93, 95, 90, 92, 94, 96, 98, 100, 102, 104, 87]
7: [97, 99, 101, 103, 88, 89, 91, 93, 95, 90, 92, 94, 96, 98, 100, 102, 104, 87]
8: [97, 99, 101, 103, 137, 88, 89, 91, 93, 95, 90, 138, 92, 94, 96, 98, 100, 102, 104, 87]
9: []
10: [97, 99, 101, 103, 88, 89, 90, 91, 93, 95, 92, 94, 96, 98, 100, 102, 104, 87]
11: [90, 89]
12: [90, 89]
13: [90, 89]
14: [90, 89]
15: [90, 89]
16: [90, 89]
17: [90, 89]
18: [137, 90, 89, 138]
19: [96, 98, 100, 102, 104, 138, 87, 90, 92, 94, 89, 137, 91, 93, 95, 97, 99, 101, 103, 88]
20: [97, 99, 101, 103, 88, 91, 92, 93, 95, 94, 96, 98, 100, 102, 104, 87]
21: [92, 91]
22: [92, 91]
23: [92, 91]
24: [92, 91]
25: [92, 91]
26: [92, 91]
27: [92, 91]
28: [137, 92, 138, 91]
29: [96, 98, 100, 102, 104, 138, 87, 92, 94, 137, 91, 93, 95, 97, 99, 101, 103, 88]
30: [97, 99, 101, 103, 88, 93, 94, 95, 96, 98, 100, 102, 104, 87]
31: [94, 93]
32: [94, 93]
33: [94, 93]
34: [94, 93]
35: [94, 93]
36: [94, 93]
37: [94, 93]
38: [137, 94, 138, 93]
39: [96, 98, 100, 102, 104, 138, 87, 94, 137, 93, 95, 97, 99, 101, 103, 88]
40: [96, 97, 99, 101, 103, 88, 95, 98, 100, 102, 104, 87]
41: [96, 95]
42: [96, 95]
43: [96, 95]
44: [96, 95]
45: [96, 95]
46: [96, 95]
47: [96, 95]
48: [96, 137, 138, 95]
49: [96, 98, 100, 102, 104, 138, 87, 137, 95, 97, 99, 101, 103, 88]
50: [97, 98, 99, 101, 103, 88, 100, 102, 104, 87]
51: [98, 97]
52: [98, 97]
53: [98, 97]
54: [98, 97]
55: [98, 97]
56: [98, 97]
57: [98, 97]
58: [137, 98, 138, 97]
59: [98, 100, 102, 104, 138, 87, 137, 97, 99, 101, 103, 88]
60: [99, 100, 101, 103, 88, 102, 104, 87]
61: [100, 99]
62: [100, 99]
63: [100, 99]
64: [100, 99]
65: [100, 99]
66: [100, 99]
67: [100, 99]
68: [137, 100, 138, 99]
69: [100, 102, 104, 138, 87, 137, 99, 101, 103, 88]
70: [88, 101, 102, 103, 104, 87]
71: [102, 101]
72: [102, 101]
73: [102, 101]
74: [102, 101]
75: [102, 101]
76: [102, 101]
77: [102, 101]
78: [137, 102, 138, 101]
79: [104, 138, 102, 87, 137, 101, 103, 88]
80: [88, 104, 103, 87]
81: [104, 103]
82: [104, 103]
83: [104, 103]
84: [104, 103]
85: [104, 103]
86: [104, 103]
87: [104, 103]
88: [104, 137, 138, 103]
89: [104, 138, 87, 137, 103, 88]
90: [88, 87]
91: [87, 88]
92: [87, 88]
93: [87, 88]
94: [87, 88]
95: [87, 88]
96: [87, 88]
97: [87, 88]
98: [137, 138, 87, 88]
99: [138, 87, 137, 88]
10
0: [96, 98, 100, 102, 122, 104, 87, 90, 92, 94, 89, 121, 91, 93, 95, 97, 99, 101, 103, 88]
1: [96, 98, 100, 102, 122, 104, 87, 90, 92, 94, 89, 121, 91, 93, 95, 97, 99, 101, 103, 88]
2: [96, 98, 100, 102, 104, 87, 90, 92, 94, 89, 91, 93, 95, 97, 99, 101, 103, 88]
3: [96, 98, 100, 102, 104, 87, 90, 92, 94, 89, 91, 93, 95, 97, 99, 101, 103, 88]
4: [96, 98, 100, 102, 104, 87, 90, 92, 94, 89, 91, 93, 95, 97, 99, 101, 103, 88]
5: [96, 98, 100, 102, 104, 87, 90, 92, 94, 89, 91, 93, 95, 97, 99, 101, 103, 88]
6: [96, 98, 100, 102, 104, 87, 90, 92, 94, 89, 91, 93, 95, 97, 99, 101, 103, 88]
7: [96, 98, 100, 102, 104, 87, 90, 92, 94, 89, 91, 93, 95, 97, 99, 101, 103, 88]
8: [96, 98, 100, 102, 104, 87, 90, 92, 94, 89, 91, 93, 95, 97, 99, 101, 103, 88]
9: [96, 98, 100, 102, 104, 87, 89, 90, 92, 94, 91, 93, 95, 97, 99, 101, 103, 88]
10: []
11: [89, 106, 122, 121, 90, 105]
12: [89, 106, 90, 105]
13: [89, 106, 90, 105]
14: [89, 106, 90, 105]
15: [89, 106, 90, 105]
16: [89, 106, 90, 105]
17: [89, 106, 90, 105]
18: [89, 106, 90, 105]
19: [89, 106, 96, 98, 100, 102, 104, 87, 90, 91, 92, 94, 93, 95, 97, 99, 101, 103, 88, 105]
20: [97, 99, 101, 103, 105, 88, 121, 91, 93, 95, 122, 92, 94, 96, 98, 100, 102, 104, 106, 87]
21: [91, 122, 121, 92]
22: [91, 92]
23: [91, 92]
24: [91, 92]
25: [91, 92]
26: [91, 92]
27: [91, 92]
28: [91, 92]
29: [106, 91, 96, 98, 100, 102, 104, 87, 92, 93, 94, 95, 97, 99, 101, 103, 88, 105]
30: [97, 99, 101, 103, 105, 88, 121, 93, 95, 122, 94, 96, 98, 100, 102, 104, 106, 87]
31: [93, 122, 121, 94]
32: [93, 94]
33: [93, 94]
34: [93, 94]
35: [93, 94]
36: [93, 94]
37: [93, 94]
38: [93, 94]
39: [106, 93, 96, 98, 100, 102, 104, 87, 94, 95, 97, 99, 101, 103, 88, 105]
40: [97, 99, 101, 103, 105, 88, 121, 95, 122, 96, 98, 100, 102, 104, 106, 87]
41: [95, 122, 121, 96]
42: [95, 96]
43: [95, 96]
44: [95, 96]
45: [95, 96]
46: [95, 96]
47: [95, 96]
48: [95, 96]
49: [106, 95, 96, 97, 98, 100, 102, 104, 87, 99, 101, 103, 88, 105]
50: [97, 99, 101, 103, 105, 88, 121, 122, 98, 100, 102, 104, 106, 87]
51: [97, 122, 121, 98]
52: [97, 98]
53: [97, 98]
54: [97, 98]
55: [97, 98]
56: [97, 98]
57: [97, 98]
58: [97, 98]
59: [97, 106, 98, 99, 100, 102, 104, 87, 101, 103, 88, 105]
60: [99, 101, 103, 105, 88, 121, 122, 100, 102, 104, 106, 87]
61: [99, 122, 121, 100]
62: [99, 100]
63: [99, 100]
64: [99, 100]
65: [99, 100]
66: [99, 100]
67: [99, 100]
68: [99, 100]
69: [106, 99, 100, 101, 102, 104, 87, 103, 88, 105]
70: [101, 103, 105, 88, 121, 122, 102, 104, 106, 87]
71: [101, 122, 121, 102]
72: [101, 102]
73: [101, 102]
74: [101, 102]
75: [101, 102]
76: [101, 102]
77: [101, 102]
78: [101, 102]
79: [106, 101, 104, 103, 102, 87, 88, 105]
80: [88, 105, 121, 103, 122, 104, 106, 87]
81: [103, 121, 122, 104]
82: [103, 104]
83: [103, 104]
84: [103, 104]
85: [103, 104]
86: [103, 104]
87: [103, 104]
88: [103, 104]
89: [106, 103, 88, 105, 104, 87]
90: [88, 105, 121, 122, 106, 87]
91: [88, 105, 121, 122, 106, 87]
92: [88, 105, 106, 87]
93: [88, 105, 106, 87]
94: [88, 105, 106, 87]
95: [88, 105, 106, 87]
96: [88, 105, 106, 87]
97: [88, 105, 106, 87]
98: [88, 105, 106, 87]
99: [88, 105, 106, 87]
11
0: [121, 90, 89, 122]
1: [121, 124, 90, 89, 122, 123]
2: [124, 90, 89, 123]
3: [90, 89]
4: [90, 89]
5: [90, 89]
6: [90, 89]
7: [90, 89]
8: [89, 90]
9: [89, 90]
10: [105, 90, 121, 122, 89, 106]
11: []
12: [73, 48, 49, 51, 53, 55, 57, 59, 50, 74, 52, 54, 56, 58, 60, 47]
13: [73, 48, 51, 53, 55, 57, 59, 74, 52, 54, 56, 58, 60, 47]
14: [73, 48, 53, 55, 57, 59, 74, 54, 56, 58, 60, 47]
15: [73, 48, 55, 57, 59, 74, 56, 58, 60, 47]
16: [48, 57, 59, 73, 74, 58, 60, 47]
17: [48, 73, 59, 74, 60, 47]
18: [48, 73, 74, 47]
19: [89, 106, 90, 105]
20: [105, 121, 122, 106]
21: [74, 47, 50, 52, 54, 56, 58, 60, 73, 49, 51, 53, 55, 57, 59, 48]
22: [49, 74, 73, 50]
23: [74, 51, 73, 52]
24: [74, 53, 73, 54]
25: [74, 55, 73, 56]
26: [57, 74, 73, 58]
27: [74, 59, 73, 60]
28: [48, 73, 74, 47]
29: [106, 105]
30: [105, 121, 122, 106]
31: [47, 50, 52, 54, 56, 58, 60, 49, 51, 53, 55, 57, 59, 48]
32: [49, 50]
33: [51, 52]
34: [53, 54]
35: [55, 56]
36: [57, 58]
37: [59, 60]
38: [48, 47]
39: [106, 105]
40: [105, 121, 122, 106]
41: [47, 50, 52, 54, 56, 58, 60, 49, 51, 53, 55, 57, 59, 48]
42: [49, 50]
43: [51, 52]
44: [53, 54]
45: [55, 56]
46: [57, 58]
47: [59, 60]
48: [48, 47]
49: [106, 105]
50: [105, 121, 122, 106]
51: [47, 50, 52, 54, 56, 58, 60, 49, 51, 53, 55, 57, 59, 48]
52: [49, 50]
53: [51, 52]
54: [53, 54]
55: [55, 56]
56: [57, 58]
57: [59, 60]
58: [48, 47]
59: [106, 105]
60: [105, 121, 122, 106]
61: [47, 50, 52, 54, 56, 58, 60, 49, 51, 53, 55, 57, 59, 48]
62: [49, 50]
63: [51, 52]
64: [53, 54]
65: [55, 56]
66: [57, 58]
67: [59, 60]
68: [48, 47]
69: [106, 105]
70: [105, 121, 122, 106]
71: [47, 50, 52, 54, 56, 58, 60, 49, 51, 53, 55, 57, 59, 48]
72: [49, 50]
73: [51, 52]
74: [53, 54]
75: [55, 56]
76: [57, 58]
77: [59, 60]
78: [48, 47]
79: [106, 105]
80: [105, 121, 122, 106]
81: [47, 50, 52, 54, 56, 58, 60, 49, 51, 53, 55, 57, 59, 48]
82: [47, 49, 50, 52, 54, 56, 58, 60, 51, 53, 55, 57, 59, 48]
83: [47, 51, 52, 54, 56, 58, 60, 53, 55, 57, 59, 48]
84: [47, 53, 54, 56, 58, 60, 55, 57, 59, 48]
85: [47, 55, 56, 58, 60, 57, 59, 48]
86: [57, 58, 60, 47, 59, 48]
87: [59, 60, 47, 48]
88: [48, 47]
89: [106, 105]
90: [105, 122, 121, 106]
91: [122, 123, 105, 121, 124, 106]
92: [123, 105, 124, 106]
93: [105, 106]
94: [105, 106]
95: [105, 106]
96: [105, 106]
97: [105, 106]
98: [105, 106]
99: [106, 105]
12
0: [90, 89]
1: [123, 90, 89, 124]
2: [123, 126, 90, 89, 124, 125]
3: [126, 90, 89, 125]
4: [90, 89]
5: [90, 89]
6: [90, 89]
7: [89, 90]
8: [89, 90]
9: [89, 90]
10: [105, 90, 89, 106]
11: [74, 47, 50, 52, 54, 56, 58, 60, 73, 49, 51, 53, 55, 57, 59, 48]
12: []
13: [73, 48, 51, 53, 55, 57, 59, 61, 74, 52, 54, 56, 58, 60, 62, 47]
14: [73, 48, 53, 55, 57, 59, 61, 74, 54, 56, 58, 60, 62, 47]
15: [73, 48, 55, 57, 59, 61, 74, 56, 58, 60, 62, 47]
16: [73, 48, 57, 59, 61, 74, 58, 60, 62, 47]
17: [48, 73, 59, 61, 74, 60, 62, 47]
18: [48, 73, 61, 74, 62, 47]
19: [89, 106, 90, 105]
20: [105, 106]
21: [74, 47, 50, 52, 54, 56, 58, 60, 73, 49, 51, 53, 55, 57, 59, 48]
22: [49, 62, 74, 73, 50, 61]
23: [51, 74, 73, 52]
24: [53, 74, 73, 54]
25: [55, 74, 73, 56]
26: [57, 74, 73, 58]
27: [59, 73, 74, 60]
28: [48, 73, 61, 74, 62, 47]
29: [106, 105]
30: [105, 106]
31: [47, 50, 52, 54, 56, 58, 60, 49, 51, 53, 55, 57, 59, 48]
32: [49, 62, 50, 61]
33: [51, 52]
34: [53, 54]
35: [55, 56]
36: [57, 58]
37: [59, 60]
38: [48, 61, 62, 47]
39: [106, 105]
40: [105, 106]
41: [47, 50, 52, 54, 56, 58, 60, 49, 51, 53, 55, 57, 59, 48]
42: [49, 62, 50, 61]
43: [51, 52]
44: [53, 54]
45: [55, 56]
46: [57, 58]
47: [59, 60]
48: [48, 61, 62, 47]
49: [106, 105]
50: [105, 106]
51: [47, 50, 52, 54, 56, 58, 60, 49, 51, 53, 55, 57, 59, 48]
52: [49, 62, 50, 61]
53: [51, 52]
54: [53, 54]
55: [55, 56]
56: [57, 58]
57: [59, 60]
58: [48, 61, 62, 47]
59: [106, 105]
60: [105, 106]
61: [47, 50, 52, 54, 56, 58, 60, 49, 51, 53, 55, 57, 59, 48]
62: [49, 62, 50, 61]
63: [51, 52]
64: [53, 54]
65: [55, 56]
66: [57, 58]
67: [59, 60]
68: [48, 61, 62, 47]
69: [106, 105]
70: [105, 106]
71: [47, 50, 52, 54, 56, 58, 60, 49, 51, 53, 55, 57, 59, 48]
72: [49, 62, 50, 61]
73: [51, 52]
74: [53, 54]
75: [55, 56]
76: [57, 58]
77: [59, 60]
78: [48, 61, 62, 47]
79: [106, 105]
80: [105, 106]
81: [47, 49, 50, 52, 54, 56, 58, 60, 51, 53, 55, 57, 59, 48]
82: [49, 62, 47, 50, 51, 52, 54, 56, 58, 60, 53, 55, 57, 59, 48, 61]
83: [51, 62, 47, 52, 53, 54, 56, 58, 60, 55, 57, 59, 48, 61]
84: [53, 62, 47, 54, 55, 56, 58, 60, 57, 59, 48, 61]
85: [62, 55, 47, 56, 57, 58, 60, 59, 48, 61]
86: [57, 62, 58, 59, 60, 47, 48, 61]
87: [59, 62, 48, 60, 61, 47]
88: [48, 61, 62, 47]
89: [106, 105]
90: [105, 106]
91: [124, 105, 123, 106]
92: [124, 125, 105, 123, 126, 106]
93: [125, 126, 105, 106]
94: [105, 106]
95: [105, 106]
96: [105, 106]
97: [105, 106]
98: [106, 105]
99: [106, 105]
13
0: [90, 89]
1: [90, 89]
2: [125, 90, 89, 126]
3: [128, 125, 90, 89, 126, 127]
4: [128, 90, 89, 127]
5: [90, 89]
6: [89, 90]
7: [89, 90]
8: [89, 90]
9: [89, 90]
10: [105, 90, 89, 106]
11: [74, 47, 52, 54, 56, 58, 60, 73, 51, 53, 55, 57, 59, 48]
12: [74, 47, 52, 54, 56, 58, 60, 62, 73, 51, 53, 55, 57, 59, 61, 48]
13: []
14: [73, 48, 53, 55, 57, 59, 61, 63, 74, 54, 56, 64, 58, 60, 62, 47]
15: [73, 48, 55, 57, 59, 61, 63, 74, 56, 64, 58, 60, 62, 47]
16: [73, 48, 57, 59, 61, 63, 74, 64, 58, 60, 62, 47]
17: [73, 48, 59, 61, 63, 74, 64, 60, 62, 47]
18: [48, 73, 61, 63, 74, 64, 62, 47]
19: [89, 106, 90, 105]
20: [105, 106]
21: [74, 47, 52, 54, 56, 58, 60, 73, 51, 53, 55, 57, 59, 48]
22: [62, 74, 73, 61]
23: [64, 51, 74, 73, 52, 63]
24: [53, 74, 73, 54]
25: [55, 74, 73, 56]
26: [57, 73, 74, 58]
27: [59, 73, 74, 60]
28: [48, 73, 61, 63, 74, 64, 62, 47]
29: [106, 105]
30: [105, 106]
31: [47, 52, 54, 56, 58, 60, 51, 53, 55, 57, 59, 48]
32: [62, 61]
33: [64, 51, 52, 63]
34: [53, 54]
35: [55, 56]
36: [57, 58]
37: [59, 60]
38: [48, 61, 63, 64, 62, 47]
39: [106, 105]
40: [105, 106]
41: [47, 52, 54, 56, 58, 60, 51, 53, 55, 57, 59, 48]
42: [62, 61]
43: [64, 51, 52, 63]
44: [53, 54]
45: [55, 56]
46: [57, 58]
47: [59, 60]
48: [48, 61, 63, 64, 62, 47]
49: [106, 105]
50: [105, 106]
51: [47, 52, 54, 56, 58, 60, 51, 53, 55, 57, 59, 48]
52: [62, 61]
53: [64, 51, 52, 63]
54: [53, 54]
55: [55, 56]
56: [57, 58]
57: [59, 60]
58: [48, 61, 63, 64, 62, 47]
59: [106, 105]
60: [105, 106]
61: [47, 52, 54, 56, 58, 60, 51, 53, 55, 57, 59, 48]
62: [62, 61]
63: [64, 51, 52, 63]
64: [53, 54]
65: [55, 56]
66: [57, 58]
67: [59, 60]
68: [48, 61, 63, 64, 62, 47]
69: [106, 105]
70: [105, 106]
71: [47, 52, 54, 56, 58, 60, 51, 53, 55, 57, 59, 48]
72: [62, 61]
73: [64, 51, 52, 63]
74: [53, 54]
75: [55, 56]
76: [57, 58]
77: [59, 60]
78: [48, 61, 63, 64, 62, 47]
79: [106, 105]
80: [105, 106]
81: [47, 51, 52, 54, 56, 58, 60, 53, 55, 57, 59, 48]
82: [51, 62, 47, 52, 53, 54, 56, 58, 60, 55, 57, 59, 48, 61]
83: [64, 51, 53, 62, 47, 52, 54, 55, 56, 58, 60, 57, 59, 48, 61, 63]
84: [64, 53, 62, 55, 47, 54, 56, 57, 58, 60, 59, 48, 61, 63]
85: [64, 55, 57, 62, 47, 56, 58, 59, 60, 48, 61, 63]
86: [64, 57, 59, 62, 47, 48, 58, 60, 61, 63]
87: [64, 59, 48, 61, 62, 63, 60, 47]
88: [48, 64, 61, 63, 62, 47]
89: [106, 105]
90: [105, 106]
91: [105, 106]
92: [126, 125, 105, 106]
93: [126, 127, 128, 125, 105, 106]
94: [127, 128, 105, 106]
95: [105, 106]
96: [105, 106]
97: [106, 105]
98: [106, 105]
99: [106, 105]
14
0: [90, 89]
1: [90, 89]
2: [90, 89]
3: [127, 90, 89, 128]
4: [130, 127, 90, 89, 128, 129]
5: [130, 89, 90, 129]
6: [89, 90]
7: [89, 90]
8: [89, 90]
9: [89, 90]
10: [105, 90, 89, 106]
11: [74, 47, 54, 56, 58, 60, 73, 53, 55, 57, 59, 48]
12: [74, 47, 54, 56, 58, 60, 62, 73, 53, 55, 57, 59, 61, 48]
13: [64, 74, 47, 54, 56, 58, 60, 62, 73, 53, 55, 57, 63, 59, 61, 48]
14: []
15: [65, 73, 48, 55, 57, 59, 61, 63, 74, 56, 66, 64, 58, 60, 62, 47]
16: [65, 73, 48, 57, 59, 61, 63, 74, 66, 64, 58, 60, 62, 47]
17: [65, 73, 48, 59, 61, 63, 74, 66, 64, 60, 62, 47]
18: [65, 73, 48, 61, 63, 74, 66, 64, 62, 47]
19: [89, 106, 90, 105]
20: [105, 106]
21: [74, 47, 54, 56, 58, 60, 73, 53, 55, 57, 59, 48]
22: [62, 74, 73, 61]
23: [64, 74, 73, 63]
24: [66, 53, 74, 73, 54, 65]
25: [55, 73, 74, 56]
26: [57, 73, 74, 58]
27: [59, 73, 74, 60]
28: [65, 73, 48, 61, 63, 74, 66, 64, 62, 47]
29: [106, 105]
30: [105, 106]
31: [47, 54, 56, 58, 60, 53, 55, 57, 59, 48]
32: [62, 61]
33: [64, 63]
34: [66, 53, 54, 65]
35: [55, 56]
36: [57, 58]
37: [59, 60]
38: [48, 65, 61, 63, 66, 64, 62, 47]
39: [106, 105]
40: [105, 106]
41: [47, 54, 56, 58, 60, 53, 55, 57, 59, 48]
42: [62, 61]
43: [64, 63]
44: [66, 53, 54, 65]
45: [55, 56]
46: [57, 58]
47: [59, 60]
48: [48, 65, 61, 63, 66, 64, 62, 47]
49: [106, 105]
50: [105, 106]
51: [47, 54, 56, 58, 60, 53, 55, 57, 59, 48]
52: [62, 61]
53: [64, 63]
54: [66, 53, 54, 65]
55: [55, 56]
56: [57, 58]
57: [59, 60]
58: [48, 65, 61, 63, 66, 64, 62, 47]
59: [106, 105]
60: [105, 106]
61: [47, 54, 56, 58, 60, 53, 55, 57, 59, 48]
62: [62, 61]
63: [64, 63]
64: [66, 53, 54, 65]
65: [55, 56]
66: [57, 58]
67: [59, 60]
68: [48, 65, 61, 63, 66, 64, 62, 47]
69: [106, 105]
70: [105, 106]
71: [47, 54, 56, 58, 60, 53, 55, 57, 59, 48]
72: [62, 61]
73: [64, 63]
74: [66, 53, 54, 65]
75: [55, 56]
76: [57, 58]
77: [59, 60]
78: [48, 65, 61, 63, 66, 64, 62, 47]
79: [106, 105]
80: [105, 106]
81: [47, 53, 54, 56, 58, 60, 55, 57, 59, 48]
82: [53, 62, 47, 54, 55, 56, 58, 60, 57, 59, 48, 61]
83: [64, 53, 62, 55, 47, 54, 56, 57, 58, 60, 59, 48, 61, 63]
84: [66, 53, 64, 55, 57, 62, 47, 54, 56, 58, 59, 60, 48, 65, 61, 63]
85: [66, 55, 64, 57, 59, 62, 65, 47, 48, 56, 58, 60, 61, 63]
86: [57, 66, 64, 59, 65, 48, 61, 62, 63, 58, 60, 47]
87: [66, 59, 64, 65, 48, 61, 63, 62, 60, 47]
88: [65, 66, 48, 61, 63, 64, 62, 47]
89: [106, 105]
90: [105, 106]
91: [105, 106]
92: [105, 106]
93: [128, 127, 105, 106]
94: [128, 129, 130, 127, 105, 106]
95: [129, 130, 105, 106]
96: [106, 105]
97: [106, 105]
98: [106, 105]
99: [106, 105]
15
0: [90, 89]
1: [90, 89]
2: [90, 89]
3: [90, 89]
4: [129, 89, 90, 130]
5: [129, 132, 89, 90, 130, 131]
6: [132, 89, 90, 131]
7: [89, 90]
8: [89, 90]
9: [89, 90]
10: [105, 90, 89, 106]
11: [74, 47, 56, 58, 60, 73, 55, 57, 59, 48]
12: [74, 47, 56, 58, 60, 62, 73, 55, 57, 59, 61, 48]
13: [64, 74, 47, 56, 58, 60, 62, 73, 55, 57, 63, 59, 61, 48]
14: [64, 66, 74, 47, 56, 58, 60, 62, 73, 65, 55, 57, 63, 59, 61, 48]
15: []
16: [65, 67, 73, 48, 57, 59, 61, 63, 74, 68, 66, 64, 58, 60, 62, 47]
17: [65, 67, 73, 48, 59, 61, 63, 74, 68, 66, 64, 60, 62, 47]
18: [65, 67, 73, 48, 61, 63, 74, 68, 66, 64, 62, 47]
19: [89, 106, 90, 105]
20: [105, 106]
21: [74, 47, 56, 58, 60, 73, 55, 57, 59, 48]
22: [62, 74, 73, 61]
23: [64, 74, 73, 63]
24: [66, 73, 74, 65]
25: [68, 55, 73, 74, 67, 56]
26: [57, 73, 74, 58]
27: [59, 73, 74, 60]
28: [65, 67, 73, 48, 61, 63, 74, 68, 66, 64, 62, 47]
29: [106, 105]
30: [105, 106]
31: [56, 58, 60, 47, 55, 57, 59, 48]
32: [62, 61]
33: [64, 63]
34: [66, 65]
35: [68, 55, 67, 56]
36: [57, 58]
37: [59, 60]
38: [65, 67, 48, 61, 63, 68, 66, 64, 62, 47]
39: [106, 105]
40: [105, 106]
41: [56, 58, 60, 47, 55, 57, 59, 48]
42: [62, 61]
43: [64, 63]
44: [66, 65]
45: [68, 55, 67, 56]
46: [57, 58]
47: [59, 60]
48: [65, 67, 48, 61, 63, 68, 66, 64, 62, 47]
49: [106, 105]
50: [105, 106]
51: [56, 58, 60, 47, 55, 57, 59, 48]
52: [62, 61]
53: [64, 63]
54: [66, 65]
55: [68, 55, 67, 56]
56: [57, 58]
57: [59, 60]
58: [65, 67, 48, 61, 63, 68, 66, 64, 62, 47]
59: [106, 105]
60: [105, 106]
61: [56, 58, 60, 47, 55, 57, 59, 48]
62: [62, 61]
63: [64, 63]
64: [66, 65]
65: [68, 55, 67, 56]
66: [57, 58]
67: [59, 60]
68: [65, 67, 48, 61, 63, 68, 66, 64, 62, 47]
69: [106, 105]
70: [105, 106]
71: [56, 58, 60, 47, 55, 57, 59, 48]
72: [62, 61]
73: [64, 63]
74: [66, 65]
75: [68, 55, 67, 56]
76: [57, 58]
77: [59, 60]
78: [65, 67, 48, 61, 63, 68, 66, 64, 62, 47]
79: [106, 105]
80: [105, 106]
81: [47, 55, 56, 58, 60, 57, 59, 48]
82: [62, 55, 47, 56, 57, 58, 60, 59, 48, 61]
83: [64, 55, 57, 62, 47, 56, 58, 59, 60, 48, 61, 63]
84: [66, 55, 64, 57, 59, 62, 65, 47, 48, 56, 58, 60, 61, 63]
85: [68, 55, 57, 66, 64, 59, 65, 67, 48, 61, 62, 63, 56, 58, 60, 47]
86: [57, 68, 66, 59, 64, 65, 67, 48, 61, 63, 62, 58, 60, 47]
87: [59, 68, 65, 66, 67, 48, 61, 63, 64, 62, 60, 47]
88: [65, 67, 68, 48, 61, 63, 66, 64, 62, 47]
89: [106, 105]
90: [105, 106]
91: [105, 106]
92: [105, 106]
93: [105, 106]
94: [130, 129, 105, 106]
95: [130, 131, 129, 132, 106, 105]
96: [131, 132, 106, 105]
97: [106, 105]
98: [106, 105]
99: [106, 105]
16
0: [90, 89]
1: [90, 89]
2: [90, 89]
3: [89, 90]
4: [89, 90]
5: [131, 89, 90, 132]
6: [131, 134, 89, 90, 132, 133]
7: [134, 89, 90, 133]
8: [89, 90]
9: [89, 90]
10: [105, 90, 89, 106]
11: [58, 60, 74, 47, 73, 57, 59, 48]
12: [74, 47, 58, 60, 62, 73, 57, 59, 61, 48]
13: [64, 74, 47, 58, 60, 62, 73, 57, 63, 59, 61, 48]
14: [64, 66, 74, 47, 58, 60, 62, 73, 65, 57, 63, 59, 61, 48]
15: [64, 66, 68, 74, 47, 58, 60, 62, 73, 67, 65, 57, 63, 59, 61, 48]
16: []
17: [65, 67, 69, 73, 48, 59, 61, 63, 74, 70, 68, 66, 64, 60, 62, 47]
18: [65, 67, 69, 73, 48, 61, 63, 74, 70, 68, 66, 64, 62, 47]
19: [89, 106, 90, 105]
20: [105, 106]
21: [58, 60, 74, 47, 73, 57, 59, 48]
22: [62, 74, 73, 61]
23: [64, 73, 74, 63]
24: [66, 73, 74, 65]
25: [68, 73, 74, 67]
26: [57, 70, 73, 74, 69, 58]
27: [59, 73, 74, 60]
28: [65, 67, 69, 73, 48, 61, 63, 74, 70, 68, 66, 64, 62, 47]
29: [106, 105]
30: [105, 106]
31: [58, 60, 47, 57, 59, 48]
32: [62, 61]
33: [64, 63]
34: [66, 65]
35: [68, 67]
36: [57, 70, 69, 58]
37: [59, 60]
38: [65, 67, 69, 48, 61, 63, 70, 68, 66, 64, 62, 47]
39: [106, 105]
40: [105, 106]
41: [58, 60, 47, 57, 59, 48]
42: [62, 61]
43: [64, 63]
44: [66, 65]
45: [68, 67]
46: [57, 70, 69, 58]
47: [59, 60]
48: [65, 67, 69, 48, 61, 63, 70, 68, 66, 64, 62, 47]
49: [106, 105]
50: [105, 106]
51: [58, 60, 47, 57, 59, 48]
52: [62, 61]
53: [64, 63]
54: [66, 65]
55: [68, 67]
56: [57, 70, 69, 58]
57: [59, 60]
58: [65, 67, 69, 48, 61, 63, 70, 68, 66, 64, 62, 47]
59: [106, 105]
60: [105, 106]
61: [58, 60, 47, 57, 59, 48]
62: [62, 61]
63: [64, 63]
64: [66, 65]
65: [68, 67]
66: [57, 70, 69, 58]
67: [59, 60]
68: [65, 67, 69, 48, 61, 63, 70, 68, 66, 64, 62, 47]
69: [106, 105]
70: [105, 106]
71: [58, 60, 47, 57, 59, 48]
72: [62, 61]
73: [64, 63]
74: [66, 65]
75: [68, 67]
76: [57, 70, 69, 58]
77: [59, 60]
78: [65, 67, 69, 48, 61, 63, 70, 68, 66, 64, 62, 47]
79: [106, 105]
80: [105, 106]
81: [57, 58, 60, 47, 59, 48]
82: [57, 62, 58, 59, 60, 47, 48, 61]
83: [64, 57, 59, 62, 47, 48, 58, 60, 61, 63]
84: [57, 66, 64, 59, 65, 48, 61, 62, 63, 58, 60, 47]
85: [57, 68, 66, 59, 64, 65, 67, 48, 61, 63, 62, 58, 60, 47]
86: [57, 70, 59, 68, 65, 66, 67, 69, 48, 61, 63, 64, 62, 58, 60, 47]
87: [59, 70, 65, 67, 68, 69, 48, 61, 63, 66, 64, 62, 60, 47]
88: [65, 67, 69, 70, 48, 61, 63, 68, 66, 64, 62, 47]
89: [106, 105]
90: [105, 106]
91: [105, 106]
92: [105, 106]
93: [105, 106]
94: [106, 105]
95: [132, 131, 106, 105]
96: [132, 133, 131, 134, 106, 105]
97: [133, 134, 106, 105]
98: [106, 105]
99: [106, 105]
17
0: [90, 89]
1: [90, 89]
2: [89, 90]
3: [89, 90]
4: [89, 90]
5: [89, 90]
6: [133, 89, 90, 134]
7: [136, 133, 89, 90, 134, 135]
8: [136, 89, 90, 135]
9: [89, 90]
10: [105, 90, 89, 106]
11: [74, 60, 47, 73, 59, 48]
12: [74, 60, 62, 47, 73, 59, 61, 48]
13: [64, 74, 47, 60, 62, 73, 63, 59, 61, 48]
14: [64, 66, 74, 47, 60, 62, 73, 65, 63, 59, 61, 48]
15: [64, 66, 68, 74, 47, 60, 62, 73, 67, 65, 63, 59, 61, 48]
16: [64, 66, 68, 70, 74, 47, 60, 62, 73, 69, 67, 65, 63, 59, 61, 48]
17: []
18: [65, 67, 69, 71, 73, 48, 61, 63, 72, 74, 70, 68, 66, 64, 62, 47]
19: [89, 106, 90, 105]
20: [105, 106]
21: [74, 60, 47, 73, 59, 48]
22: [62, 73, 74, 61]
23: [64, 73, 74, 63]
24: [66, 73, 74, 65]
25: [68, 73, 74, 67]
26: [70, 73, 74, 69]
27: [72, 59, 73, 74, 71, 60]
28: [65, 67, 69, 71, 73, 48, 61, 63, 72, 74, 70, 68, 66, 64, 62, 47]
29: [106, 105]
30: [105, 106]
31: [60, 47, 59, 48]
32: [62, 61]
33: [64, 63]
34: [66, 65]
35: [68, 67]
36: [70, 69]
37: [72, 59, 71, 60]
38: [65, 67, 69, 71, 48, 61, 63, 72, 70, 68, 66, 64, 62, 47]
39: [106, 105]
40: [105, 106]
41: [60, 47, 59, 48]
42: [62, 61]
43: [64, 63]
44: [66, 65]
45: [68, 67]
46: [70, 69]
47: [72, 59, 71, 60]
48: [65, 67, 69, 71, 48, 61, 63, 72, 70, 68, 66, 64, 62, 47]
49: [106, 105]
50: [105, 106]
51: [60, 47, 59, 48]
52: [62, 61]
53: [64, 63]
54: [66, 65]
55: [68, 67]
56: [70, 69]
57: [72, 59, 71, 60]
58: [65, 67, 69, 71, 48, 61, 63, 72, 70, 68, 66, 64, 62, 47]
59: [106, 105]
60: [105, 106]
61: [60, 47, 59, 48]
62: [62, 61]
63: [64, 63]
64: [66, 65]
65: [68, 67]
66: [70, 69]
67: [72, 59, 71, 60]
68: [65, 67, 69, 71, 48, 61, 63, 72, 70, 68, 66, 64, 62, 47]
69: [106, 105]
70: [105, 106]
71: [60, 47, 59, 48]
72: [62, 61]
73: [64, 63]
74: [66, 65]
75: [68, 67]
76: [70, 69]
77: [72, 59, 71, 60]
78: [65, 67, 69, 71, 48, 61, 63, 72, 70, 68, 66, 64, 62, 47]
79: [106, 105]
80: [105, 106]
81: [59, 60, 47, 48]
82: [59, 62, 48, 60, 61, 47]
83: [64, 59, 48, 61, 62, 63, 60, 47]
84: [66, 59, 64, 65, 48, 61, 63, 62, 60, 47]
85: [59, 68, 65, 66, 67, 48, 61, 63, 64, 62, 60, 47]
86: [59, 70, 65, 67, 68, 69, 48, 61, 63, 66, 64, 62, 60, 47]
87: [72, 59, 65, 67, 69, 70, 71, 48, 61, 63, 68, 66, 64, 62, 60, 47]
88: [65, 67, 69, 71, 72, 48, 61, 63, 70, 68, 66, 64, 62, 47]
89: [106, 105]
90: [105, 106]
91: [105, 106]
92: [105, 106]
93: [106, 105]
94: [106, 105]
95: [106, 105]
96: [134, 133, 106, 105]
97: [134, 135, 136, 106, 133, 105]
98: [135, 136, 106, 105]
99: [106, 105]
18
0: [90, 89]
1: [89, 90]
2: [89, 90]
3: [89, 90]
4: [89, 90]
5: [89, 90]
6: [89, 90]
7: [135, 89, 90, 136]
8: [138, 135, 89, 90, 136, 137]
9: [89, 138, 137, 90]
10: [105, 90, 89, 106]
11: [74, 47, 73, 48]
12: [74, 62, 47, 73, 61, 48]
13: [64, 74, 62, 47, 73, 63, 61, 48]
14: [64, 66, 74, 47, 62, 73, 65, 63, 61, 48]
15: [64, 66, 68, 74, 47, 62, 73, 67, 65, 63, 61, 48]
16: [64, 66, 68, 70, 74, 47, 62, 73, 69, 67, 65, 63, 61, 48]
17: [64, 66, 68, 70, 72, 74, 47, 62, 73, 71, 69, 67, 65, 63, 61, 48]
18: []
19: [89, 106, 138, 137, 90, 105]
20: [105, 106]
21: [73, 74, 47, 48]
22: [73, 62, 74, 61]
23: [64, 73, 74, 63]
24: [73, 66, 74, 65]
25: [73, 68, 74, 67]
26: [73, 70, 74, 69]
27: [72, 73, 74, 71]
28: [65, 67, 69, 71, 73, 48, 61, 63, 72, 74, 70, 68, 66, 64, 62, 47]
29: [106, 138, 137, 105]
30: [105, 106]
31: [47, 48]
32: [62, 61]
33: [64, 63]
34: [66, 65]
35: [68, 67]
36: [70, 69]
37: [72, 71]
38: [65, 67, 69, 71, 48, 61, 63, 72, 70, 68, 66, 64, 62, 47]
39: [106, 138, 137, 105]
40: [105, 106]
41: [47, 48]
42: [62, 61]
43: [64, 63]
44: [66, 65]
45: [68, 67]
46: [70, 69]
47: [72, 71]
48: [65, 67, 69, 71, 48, 61, 63, 72, 70, 68, 66, 64, 62, 47]
49: [106, 138, 137, 105]
50: [105, 106]
51: [47, 48]
52: [62, 61]
53: [64, 63]
54: [66, 65]
55: [68, 67]
56: [70, 69]
57: [72, 71]
58: [65, 67, 69, 71, 48, 61, 63, 72, 70, 68, 66, 64, 62, 47]
59: [106, 138, 137, 105]
60: [105, 106]
61: [47, 48]
62: [62, 61]
63: [64, 63]
64: [66, 65]
65: [68, 67]
66: [70, 69]
67: [72, 71]
68: [65, 67, 69, 71, 48, 61, 63, 72, 70, 68, 66, 64, 62, 47]
69: [106, 138, 137, 105]
70: [105, 106]
71: [47, 48]
72: [62, 61]
73: [64, 63]
74: [66, 65]
75: [68, 67]
76: [70, 69]
77: [72, 71]
78: [65, 67, 69, 71, 48, 61, 63, 72, 70, 68, 66, 64, 62, 47]
79: [106, 138, 137, 105]
80: [105, 106]
81: [48, 47]
82: [48, 61, 62, 47]
83: [48, 64, 61, 63, 62, 47]
84: [65, 66, 48, 61, 63, 64, 62, 47]
85: [65, 67, 68, 48, 61, 63, 66, 64, 62, 47]
86: [65, 67, 69, 70, 48, 61, 63, 68, 66, 64, 62, 47]
87: [65, 67, 69, 71, 72, 48, 61, 63, 70, 68, 66, 64, 62, 47]
88: [65, 67, 69, 71, 48, 61, 63, 72, 70, 68, 66, 64, 62, 47]
89: [106, 137, 138, 105]
90: [105, 106]
91: [105, 106]
92: [106, 105]
93: [106, 105]
94: [106, 105]
95: [106, 105]
96: [106, 105]
97: [136, 106, 135, 105]
98: [136, 137, 106, 138, 135, 105]
99: [137, 106, 138, 105]
19
0: [97, 99, 101, 103, 88, 89, 90, 91, 93, 95, 92, 94, 96, 98, 100, 102, 104, 87]
1: [97, 99, 101, 103, 88, 89, 91, 93, 95, 90, 92, 94, 96, 98, 100, 102, 104, 87]
2: [97, 99, 101, 103, 88, 89, 91, 93, 95, 90, 92, 94, 96, 98, 100, 102, 104, 87]
3: [97, 99, 101, 103, 88, 89, 91, 93, 95, 90, 92, 94, 96, 98, 100, 102, 104, 87]
4: [97, 99, 101, 103, 88, 89, 91, 93, 95, 90, 92, 94, 96, 98, 100, 102, 104, 87]
5: [97, 99, 101, 103, 88, 89, 91, 93, 95, 90, 92, 94, 96, 98, 100, 102, 104, 87]
6: [97, 99, 101, 103, 88, 89, 91, 93, 95, 90, 92, 94, 96, 98, 100, 102, 104, 87]
7: [97, 99, 101, 103, 88, 89, 91, 93, 95, 90, 92, 94, 96, 98, 100, 102, 104, 87]
8: [97, 99, 101, 103, 137, 88, 89, 91, 93, 95, 90, 138, 92, 94, 96, 98, 100, 102, 104, 87]
9: [97, 99, 101, 103, 137, 88, 89, 91, 93, 95, 90, 138, 92, 94, 96, 98, 100, 102, 104, 87]
10: [105, 90, 97, 99, 101, 103, 88, 89, 91, 92, 93, 95, 94, 96, 98, 100, 102, 104, 106, 87]
11: [105, 90, 89, 106]
12: [105, 90, 89, 106]
13: [105, 90, 89, 106]
14: [105, 90, 89, 106]
15: [105, 90, 89, 106]
16: [105, 90, 89, 106]
17: [105, 90, 89, 106]
18: [105, 90, 137, 138, 89, 106]
19: []
20: [105, 92, 97, 99, 101, 103, 88, 91, 93, 94, 95, 96, 98, 100, 102, 104, 106, 87]
21: [92, 91]
22: [92, 91]
23: [92, 91]
24: [92, 91]
25: [92, 91]
26: [92, 91]
27: [92, 91]
28: [92, 137, 138, 91]
29: [96, 98, 100, 102, 104, 106, 138, 87, 92, 94, 137, 91, 93, 95, 97, 99, 101, 105, 103, 88]
30: [105, 94, 96, 97, 99, 101, 103, 88, 93, 95, 98, 100, 102, 104, 106, 87]
31: [94, 93]
32: [94, 93]
33: [94, 93]
34: [94, 93]
35: [94, 93]
36: [94, 93]
37: [94, 93]
38: [94, 137, 138, 93]
39: [96, 98, 100, 102, 104, 106, 138, 87, 94, 137, 93, 95, 97, 99, 101, 105, 103, 88]
40: [96, 105, 97, 98, 99, 101, 103, 88, 95, 100, 102, 104, 106, 87]
41: [96, 95]
42: [96, 95]
43: [96, 95]
44: [96, 95]
45: [96, 95]
46: [96, 95]
47: [96, 95]
48: [96, 137, 138, 95]
49: [96, 98, 100, 102, 104, 106, 138, 87, 137, 95, 97, 99, 101, 105, 103, 88]
50: [105, 98, 97, 99, 100, 101, 103, 88, 102, 104, 106, 87]
51: [98, 97]
52: [98, 97]
53: [98, 97]
54: [98, 97]
55: [98, 97]
56: [98, 97]
57: [98, 97]
58: [98, 137, 138, 97]
59: [98, 100, 102, 104, 106, 138, 87, 137, 97, 99, 101, 105, 103, 88]
60: [105, 100, 99, 101, 102, 103, 88, 104, 106, 87]
61: [100, 99]
62: [100, 99]
63: [100, 99]
64: [100, 99]
65: [100, 99]
66: [100, 99]
67: [100, 99]
68: [100, 137, 138, 99]
69: [100, 102, 104, 106, 138, 87, 137, 99, 101, 105, 103, 88]
70: [105, 102, 88, 104, 101, 103, 106, 87]
71: [102, 101]
72: [102, 101]
73: [102, 101]
74: [102, 101]
75: [102, 101]
76: [102, 101]
77: [102, 101]
78: [102, 137, 138, 101]
79: [102, 104, 106, 138, 87, 137, 101, 105, 103, 88]
80: [104, 105, 88, 106, 103, 87]
81: [104, 103]
82: [104, 103]
83: [104, 103]
84: [104, 103]
85: [104, 103]
86: [104, 103]
87: [104, 103]
88: [104, 137, 138, 103]
89: [104, 106, 138, 87, 137, 105, 103, 88]
90: [105, 106, 87, 88]
91: [106, 87, 105, 88]
92: [106, 87, 105, 88]
93: [106, 87, 105, 88]
94: [106, 87, 105, 88]
95: [106, 87, 105, 88]
96: [106, 87, 105, 88]
97: [106, 87, 105, 88]
98: [106, 138, 87, 137, 105, 88]
99: [106, 138, 87, 137, 105, 88]
20
0: [96, 98, 100, 102, 104, 87, 122, 92, 94, 121, 91, 93, 95, 97, 99, 101, 103, 88]
1: [96, 98, 100, 102, 104, 87, 122, 92, 94, 121, 91, 93, 95, 97, 99, 101, 103, 88]
2: [96, 98, 100, 102, 104, 87, 92, 94, 91, 93, 95, 97, 99, 101, 103, 88]
3: [96, 98, 100, 102, 104, 87, 92, 94, 91, 93, 95, 97, 99, 101, 103, 88]
4: [96, 98, 100, 102, 104, 87, 92, 94, 91, 93, 95, 97, 99, 101, 103, 88]
5: [96, 98, 100, 102, 104, 87, 92, 94, 91, 93, 95, 97, 99, 101, 103, 88]
6: [96, 98, 100, 102, 104, 87, 92, 94, 91, 93, 95, 97, 99, 101, 103, 88]
7: [96, 98, 100, 102, 104, 87, 92, 94, 91, 93, 95, 97, 99, 101, 103, 88]
8: [96, 98, 100, 102, 104, 87, 92, 94, 91, 93, 95, 97, 99, 101, 103, 88]
9: [96, 98, 100, 102, 104, 87, 91, 92, 94, 93, 95, 97, 99, 101, 103, 88]
10: [96, 98, 100, 102, 104, 106, 87, 122, 92, 94, 121, 91, 93, 95, 97, 99, 101, 105, 103, 88]
11: [106, 122, 121, 105]
12: [106, 105]
13: [106, 105]
14: [106, 105]
15: [106, 105]
16: [106, 105]
17: [106, 105]
18: [106, 105]
19: [106, 91, 96, 98, 100, 102, 104, 87, 92, 93, 94, 95, 97, 99, 101, 103, 88, 105]
20: []
21: [91, 108, 122, 121, 92, 107]
22: [91, 108, 92, 107]
23: [91, 108, 92, 107]
24: [91, 108, 92, 107]
25: [91, 108, 92, 107]
26: [91, 108, 92, 107]
27: [91, 108, 92, 107]
28: [91, 108, 92, 107]
29: [91, 108, 106, 93, 96, 98, 100, 102, 104, 87, 92, 94, 95, 97, 99, 101, 103, 88, 105, 107]
30: [97, 99, 101, 103, 105, 107, 88, 121, 93, 95, 122, 94, 96, 98, 100, 108, 102, 104, 106, 87]
31: [93, 122, 121, 94]
32: [93, 94]
33: [93, 94]
34: [93, 94]
35: [93, 94]
36: [93, 94]
37: [93, 94]
38: [93, 94]
39: [108, 93, 106, 95, 96, 97, 98, 100, 102, 104, 87, 94, 99, 101, 103, 88, 105, 107]
40: [97, 99, 101, 103, 105, 107, 88, 121, 95, 122, 96, 98, 100, 108, 102, 104, 106, 87]
41: [95, 122, 121, 96]
42: [95, 96]
43: [95, 96]
44: [95, 96]
45: [95, 96]
46: [95, 96]
47: [95, 96]
48: [95, 96]
49: [108, 95, 97, 106, 96, 98, 99, 100, 102, 104, 87, 101, 103, 88, 105, 107]
50: [97, 99, 101, 103, 105, 107, 88, 121, 122, 98, 100, 108, 102, 104, 106, 87]
51: [97, 122, 121, 98]
52: [97, 98]
53: [97, 98]
54: [97, 98]
55: [97, 98]
56: [97, 98]
57: [97, 98]
58: [97, 98]
59: [97, 108, 106, 99, 98, 100, 101, 102, 104, 87, 103, 88, 105, 107]
60: [99, 101, 103, 105, 107, 88, 121, 122, 100, 108, 102, 104, 106, 87]
61: [99, 122, 121, 100]
62: [99, 100]
63: [99, 100]
64: [99, 100]
65: [99, 100]
66: [99, 100]
67: [99, 100]
68: [99, 100]
69: [99, 108, 106, 101, 100, 102, 103, 104, 87, 88, 105, 107]
70: [101, 103, 105, 107, 88, 121, 122, 108, 102, 104, 106, 87]
71: [101, 121, 122, 102]
72: [101, 102]
73: [101, 102]
74: [101, 102]
75: [101, 102]
76: [101, 102]
77: [101, 102]
78: [101, 102]
79: [108, 101, 106, 103, 102, 104, 105, 107, 87, 88]
80: [103, 105, 107, 88, 121, 122, 108, 104, 106, 87]
81: [103, 121, 122, 104]
82: [103, 104]
83: [103, 104]
84: [103, 104]
85: [103, 104]
86: [103, 104]
87: [103, 104]
88: [103, 104]
89: [108, 103, 88, 105, 106, 107, 104, 87]
90: [88, 105, 107, 121, 122, 108, 106, 87]
91: [88, 105, 107, 121, 122, 108, 106, 87]
92: [88, 105, 107, 108, 106, 87]
93: [88, 105, 107, 108, 106, 87]
94: [88, 105, 107, 108, 106, 87]
95: [88, 105, 107, 108, 106, 87]
96: [88, 105, 107, 108, 106, 87]
97: [88, 105, 107, 108, 106, 87]
98: [88, 105, 107, 108, 106, 87]
99: [88, 105, 107, 108, 106, 87]
21
0: [121, 92, 122, 91]
1: [121, 124, 92, 123, 122, 91]
2: [124, 92, 123, 91]
3: [92, 91]
4: [92, 91]
5: [92, 91]
6: [92, 91]
7: [92, 91]
8: [91, 92]
9: [91, 92]
10: [92, 121, 122, 91]
11: [73, 48, 49, 51, 53, 55, 57, 59, 50, 74, 52, 54, 56, 58, 60, 47]
12: [73, 48, 49, 51, 53, 55, 57, 59, 50, 74, 52, 54, 56, 58, 60, 47]
13: [73, 48, 51, 53, 55, 57, 59, 74, 52, 54, 56, 58, 60, 47]
14: [73, 48, 53, 55, 57, 59, 74, 54, 56, 58, 60, 47]
15: [73, 48, 55, 57, 59, 74, 56, 58, 60, 47]
16: [48, 57, 59, 73, 74, 58, 60, 47]
17: [48, 73, 59, 74, 60, 47]
18: [48, 73, 74, 47]
19: [91, 92]
20: [107, 92, 121, 122, 91, 108]
21: []
22: [74, 75, 49, 50, 73, 76]
23: [74, 75, 51, 73, 52, 76]
24: [74, 75, 53, 73, 76, 54]
25: [74, 75, 55, 73, 76, 56]
26: [74, 75, 57, 73, 76, 58]
27: [74, 75, 59, 73, 76, 60]
28: [74, 75, 48, 73, 76, 47]
29: [91, 108, 92, 107]
30: [107, 121, 122, 108]
31: [76, 47, 50, 52, 54, 56, 58, 60, 49, 75, 51, 53, 55, 57, 59, 48]
32: [76, 49, 50, 75]
33: [76, 51, 75, 52]
34: [76, 53, 75, 54]
35: [76, 55, 75, 56]
36: [76, 57, 75, 58]
37: [76, 75, 59, 60]
38: [75, 76, 48, 47]
39: [108, 107]
40: [107, 121, 122, 108]
41: [47, 50, 52, 54, 56, 58, 60, 49, 51, 53, 55, 57, 59, 48]
42: [49, 50]
43: [51, 52]
44: [53, 54]
45: [55, 56]
46: [57, 58]
47: [59, 60]
48: [48, 47]
49: [108, 107]
50: [107, 121, 122, 108]
51: [47, 50, 52, 54, 56, 58, 60, 49, 51, 53, 55, 57, 59, 48]
52: [49, 50]
53: [51, 52]
54: [53, 54]
55: [55, 56]
56: [57, 58]
57: [59, 60]
58: [48, 47]
59: [108, 107]
60: [107, 121, 122, 108]
61: [47, 50, 52, 54, 56, 58, 60, 49, 51, 53, 55, 57, 59, 48]
62: [49, 50]
63: [51, 52]
64: [53, 54]
65: [55, 56]
66: [57, 58]
67: [59, 60]
68: [48, 47]
69: [108, 107]
70: [107, 121, 122, 108]
71: [47, 50, 52, 54, 56, 58, 60, 49, 51, 53, 55, 57, 59, 48]
72: [49, 50]
73: [51, 52]
74: [53, 54]
75: [56, 55]
76: [57, 58]
77: [59, 60]
78: [48, 47]
79: [108, 107]
80: [107, 122, 121, 108]
81: [47, 50, 52, 54, 56, 58, 60, 49, 51, 53, 55, 57, 59, 48]
82: [47, 50, 52, 54, 56, 58, 60, 49, 51, 53, 55, 57, 59, 48]
83: [47, 52, 54, 56, 58, 60, 51, 53, 55, 57, 59, 48]
84: [47, 54, 56, 58, 60, 53, 55, 57, 59, 48]
85: [56, 58, 60, 47, 55, 57, 59, 48]
86: [58, 60, 47, 57, 59, 48]
87: [60, 47, 59, 48]
88: [47, 48]
89: [108, 107]
90: [122, 107, 121, 108]
91: [122, 123, 107, 121, 124, 108]
92: [123, 107, 124, 108]
93: [107, 108]
94: [107, 108]
95: [107, 108]
96: [107, 108]
97: [107, 108]
98: [107, 108]
99: [108, 107]
22
0: [92, 91]
1: [123, 92, 91, 124]
2: [123, 126, 92, 91, 124, 125]
3: [126, 92, 91, 125]
4: [92, 91]
5: [92, 91]
6: [92, 91]
7: [91, 92]
8: [91, 92]
9: [91, 92]
10: [92, 91]
11: [73, 50, 49, 74]
12: [50, 61, 73, 74, 49, 62]
13: [61, 73, 74, 62]
14: [61, 73, 74, 62]
15: [61, 73, 74, 62]
16: [61, 73, 74, 62]
17: [61, 73, 74, 62]
18: [74, 61, 73, 62]
19: [91, 92]
20: [107, 92, 91, 108]
21: [73, 76, 50, 49, 74, 75]
22: []
23: [38, 19, 22, 24, 26, 28, 37, 21, 23, 25, 27, 20]
24: [19, 22, 24, 26, 28, 21, 23, 25, 27, 20]
25: [19, 22, 24, 26, 28, 21, 23, 25, 27, 20]
26: [19, 22, 24, 26, 28, 21, 23, 25, 27, 20]
27: [19, 22, 24, 26, 28, 21, 23, 25, 27, 20]
28: [74, 75, 61, 73, 76, 62]
29: [91, 108, 92, 107]
30: [107, 108]
31: [76, 50, 49, 75]
32: [37, 20, 21, 23, 25, 27, 38, 22, 24, 26, 28, 19]
33: [21, 38, 37, 22]
34: [21, 22]
35: [21, 22]
36: [21, 22]
37: [19, 21, 22, 24, 26, 28, 23, 25, 27, 20]
38: [75, 76, 61, 62]
39: [108, 107]
40: [107, 108]
41: [50, 49]
42: [37, 20, 23, 25, 27, 38, 24, 26, 28, 19]
43: [38, 23, 37, 24]
44: [23, 24]
45: [23, 24]
46: [23, 24]
47: [19, 23, 24, 26, 28, 25, 27, 20]
48: [61, 62]
49: [108, 107]
50: [107, 108]
51: [50, 49]
52: [25, 27, 20, 37, 38, 26, 28, 19]
53: [25, 38, 37, 26]
54: [25, 26]
55: [25, 26]
56: [25, 26]
57: [25, 26, 19, 28, 27, 20]
58: [61, 62]
59: [108, 107]
60: [107, 108]
61: [50, 49]
62: [27, 20, 37, 38, 28, 19]
63: [27, 38, 37, 28]
64: [27, 28]
65: [27, 28]
66: [27, 28]
67: [27, 19, 28, 20]
68: [61, 62]
69: [108, 107]
70: [107, 108]
71: [49, 50]
72: [20, 37, 38, 19]
73: [20, 37, 38, 19]
74: [20, 19]
75: [20, 19]
76: [20, 19]
77: [19, 20]
78: [61, 62]
79: [108, 107]
80: [107, 108]
81: [49, 50]
82: [49, 62, 50, 61]
83: [62, 61]
84: [62, 61]
85: [62, 61]
86: [62, 61]
87: [62, 61]
88: [62, 61]
89: [108, 107]
90: [107, 108]
91: [124, 107, 123, 108]
92: [124, 125, 107, 123, 126, 108]
93: [125, 107, 126, 108]
94: [107, 108]
95: [107, 108]
96: [107, 108]
97: [107, 108]
98: [108, 107]
99: [108, 107]
23
0: [92, 91]
1: [92, 91]
2: [125, 92, 91, 126]
3: [128, 125, 92, 91, 126, 127]
4: [128, 92, 91, 127]
5: [92, 91]
6: [91, 92]
7: [91, 92]
8: [91, 92]
9: [91, 92]
10: [92, 91]
11: [73, 52, 74, 51]
12: [52, 73, 74, 51]
13: [52, 63, 73, 74, 51, 64]
14: [63, 73, 74, 64]
15: [63, 73, 74, 64]
16: [63, 73, 74, 64]
17: [63, 74, 73, 64]
18: [74, 63, 73, 64]
19: [91, 92]
20: [107, 92, 91, 108]
21: [73, 76, 52, 75, 74, 51]
22: [37, 20, 21, 23, 25, 27, 38, 22, 24, 26, 28, 19]
23: []
24: [40, 19, 22, 24, 26, 28, 21, 39, 23, 25, 27, 20]
25: [19, 22, 24, 26, 28, 21, 23, 25, 27, 20]
26: [19, 22, 24, 26, 28, 21, 23, 25, 27, 20]
27: [19, 22, 24, 26, 28, 21, 23, 25, 27, 20]
28: [74, 75, 63, 73, 76, 64]
29: [91, 108, 92, 107]
30: [107, 108]
31: [76, 52, 75, 51]
32: [37, 20, 21, 23, 25, 27, 38, 22, 24, 26, 28, 19]
33: [38, 39, 21, 22, 40, 37]
34: [40, 21, 22, 39]
35: [21, 22]
36: [21, 22]
37: [19, 22, 24, 26, 28, 21, 23, 25, 27, 20]
38: [75, 63, 76, 64]
39: [108, 107]
40: [107, 108]
41: [52, 51]
42: [37, 20, 23, 25, 27, 38, 24, 26, 28, 19]
43: [38, 39, 23, 24, 40, 37]
44: [40, 23, 24, 39]
45: [23, 24]
46: [24, 23]
47: [24, 26, 19, 28, 23, 25, 27, 20]
48: [63, 64]
49: [108, 107]
50: [107, 108]
51: [52, 51]
52: [25, 27, 20, 37, 38, 26, 28, 19]
53: [38, 39, 25, 40, 37, 26]
54: [40, 25, 39, 26]
55: [25, 26]
56: [25, 26]
57: [26, 19, 28, 25, 27, 20]
58: [63, 64]
59: [108, 107]
60: [107, 108]
61: [52, 51]
62: [27, 20, 37, 38, 28, 19]
63: [38, 39, 27, 40, 37, 28]
64: [40, 27, 39, 28]
65: [27, 28]
66: [27, 28]
67: [19, 28, 27, 20]
68: [63, 64]
69: [108, 107]
70: [107, 108]
71: [51, 52]
72: [20, 37, 38, 19]
73: [38, 39, 40, 20, 37, 19]
74: [40, 39, 20, 19]
75: [20, 19]
76: [19, 20]
77: [19, 20]
78: [64, 63]
79: [108, 107]
80: [107, 108]
81: [51, 52]
82: [51, 52]
83: [64, 51, 52, 63]
84: [64, 63]
85: [64, 63]
86: [64, 63]
87: [64, 63]
88: [64, 63]
89: [108, 107]
90: [107, 108]
91: [107, 108]
92: [126, 107, 125, 108]
93: [126, 127, 128, 107, 125, 108]
94: [127, 128, 107, 108]
95: [107, 108]
96: [107, 108]
97: [108, 107]
98: [108, 107]
99: [108, 107]
24
0: [92, 91]
1: [92, 91]
2: [92, 91]
3: [127, 92, 91, 128]
4: [130, 127, 92, 91, 128, 129]
5: [130, 91, 92, 129]
6: [91, 92]
7: [91, 92]
8: [91, 92]
9: [91, 92]
10: [92, 91]
11: [73, 54, 74, 53]
12: [54, 73, 74, 53]
13: [54, 73, 74, 53]
14: [65, 54, 73, 74, 53, 66]
15: [65, 73, 74, 66]
16: [65, 74, 73, 66]
17: [65, 74, 73, 66]
18: [65, 74, 73, 66]
19: [91, 92]
20: [107, 92, 91, 108]
21: [73, 76, 54, 74, 75, 53]
22: [20, 21, 23, 25, 27, 22, 24, 26, 28, 19]
23: [39, 20, 21, 23, 25, 27, 40, 22, 24, 26, 28, 19]
24: []
25: [42, 19, 22, 24, 26, 28, 41, 21, 23, 25, 27, 20]
26: [19, 22, 24, 26, 28, 21, 23, 25, 27, 20]
27: [19, 22, 24, 26, 28, 21, 23, 25, 27, 20]
28: [74, 75, 65, 73, 76, 66]
29: [91, 108, 92, 107]
30: [107, 108]
31: [76, 54, 75, 53]
32: [20, 21, 23, 25, 27, 22, 24, 26, 28, 19]
33: [39, 21, 22, 40]
34: [40, 41, 21, 22, 42, 39]
35: [42, 21, 22, 41]
36: [22, 21]
37: [19, 22, 24, 26, 28, 21, 23, 25, 27, 20]
38: [75, 65, 76, 66]
39: [108, 107]
40: [107, 108]
41: [54, 53]
42: [25, 27, 20, 23, 24, 26, 28, 19]
43: [39, 23, 24, 40]
44: [40, 41, 23, 24, 42, 39]
45: [42, 24, 23, 41]
46: [24, 23]
47: [24, 26, 19, 28, 23, 25, 27, 20]
48: [65, 66]
49: [108, 107]
50: [107, 108]
51: [54, 53]
52: [25, 27, 20, 26, 28, 19]
53: [39, 25, 40, 26]
54: [40, 41, 25, 26, 42, 39]
55: [42, 25, 26, 41]
56: [26, 25]
57: [26, 19, 28, 25, 27, 20]
58: [65, 66]
59: [108, 107]
60: [107, 108]
61: [54, 53]
62: [27, 20, 28, 19]
63: [39, 40, 27, 28]
64: [40, 41, 42, 27, 39, 28]
65: [42, 41, 27, 28]
66: [28, 27]
67: [19, 28, 27, 20]
68: [65, 66]
69: [108, 107]
70: [107, 108]
71: [53, 54]
72: [20, 19]
73: [40, 39, 20, 19]
74: [40, 41, 42, 39, 20, 19]
75: [41, 42, 19, 20]
76: [19, 20]
77: [19, 20]
78: [65, 66]
79: [108, 107]
80: [107, 108]
81: [53, 54]
82: [53, 54]
83: [53, 54]
84: [66, 53, 54, 65]
85: [66, 65]
86: [66, 65]
87: [66, 65]
88: [66, 65]
89: [108, 107]
90: [107, 108]
91: [107, 108]
92: [107, 108]
93: [128, 127, 107, 108]
94: [128, 129, 130, 127, 107, 108]
95: [129, 130, 107, 108]
96: [108, 107]
97: [108, 107]
98: [108, 107]
99: [108, 107]
25
0: [92, 91]
1: [92, 91]
2: [92, 91]
3: [92, 91]
4: [129, 91, 92, 130]
5: [129, 132, 91, 92, 130, 131]
6: [132, 91, 92, 131]
7: [91, 92]
8: [91, 92]
9: [91, 92]
10: [92, 91]
11: [56, 73, 74, 55]
12: [56, 73, 74, 55]
13: [56, 73, 74, 55]
14: [56, 73, 74, 55]
15: [56, 67, 74, 73, 68, 55]
16: [67, 74, 73, 68]
17: [67, 74, 73, 68]
18: [74, 67, 73, 68]
19: [91, 92]
20: [107, 92, 91, 108]
21: [73, 76, 56, 74, 75, 55]
22: [20, 21, 23, 25, 27, 22, 24, 26, 28, 19]
23: [20, 21, 23, 25, 27, 22, 24, 26, 28, 19]
24: [41, 20, 21, 23, 25, 27, 42, 22, 24, 26, 28, 19]
25: []
26: [44, 19, 22, 24, 26, 28, 43, 21, 23, 25, 27, 20]
27: [19, 22, 24, 26, 28, 21, 23, 25, 27, 20]
28: [74, 75, 67, 73, 76, 68]
29: [91, 108, 92, 107]
30: [107, 108]
31: [76, 56, 75, 55]
32: [20, 21, 23, 25, 27, 22, 24, 26, 28, 19]
33: [21, 22]
34: [41, 21, 22, 42]
35: [42, 43, 22, 21, 41, 44]
36: [44, 22, 21, 43]
37: [19, 22, 24, 26, 28, 21, 23, 25, 27, 20]
38: [75, 67, 76, 68]
39: [108, 107]
40: [107, 108]
41: [56, 55]
42: [25, 27, 20, 23, 24, 26, 28, 19]
43: [23, 24]
44: [41, 24, 23, 42]
45: [42, 43, 24, 23, 41, 44]
46: [44, 24, 43, 23]
47: [24, 26, 19, 28, 23, 25, 27, 20]
48: [67, 68]
49: [108, 107]
50: [107, 108]
51: [56, 55]
52: [25, 27, 20, 26, 28, 19]
53: [25, 26]
54: [41, 25, 26, 42]
55: [42, 43, 26, 25, 44, 41]
56: [44, 26, 43, 25]
57: [26, 19, 28, 25, 27, 20]
58: [67, 68]
59: [108, 107]
60: [107, 108]
61: [56, 55]
62: [27, 20, 28, 19]
63: [27, 28]
64: [41, 42, 27, 28]
65: [42, 43, 41, 28, 44, 27]
66: [44, 43, 28, 27]
67: [19, 28, 27, 20]
68: [67, 68]
69: [108, 107]
70: [107, 108]
71: [56, 55]
72: [20, 19]
73: [20, 19]
74: [41, 42, 19, 20]
75: [42, 43, 41, 44, 19, 20]
76: [43, 44, 19, 20]
77: [19, 20]
78: [67, 68]
79: [108, 107]
80: [107, 108]
81: [55, 56]
82: [55, 56]
83: [55, 56]
84: [55, 56]
85: [68, 55, 67, 56]
86: [68, 67]
87: [68, 67]
88: [68, 67]
89: [108, 107]
90: [107, 108]
91: [107, 108]
92: [107, 108]
93: [107, 108]
94: [130, 129, 107, 108]
95: [130, 131, 129, 132, 108, 107]
96: [131, 132, 108, 107]
97: [108, 107]
98: [108, 107]
99: [108, 107]
26
0: [92, 91]
1: [92, 91]
2: [92, 91]
3: [91, 92]
4: [91, 92]
5: [131, 91, 92, 132]
6: [131, 134, 91, 92, 132, 133]
7: [134, 91, 92, 133]
8: [91, 92]
9: [91, 92]
10: [92, 91]
11: [73, 58, 74, 57]
12: [58, 73, 74, 57]
13: [58, 73, 74, 57]
14: [58, 74, 73, 57]
15: [58, 74, 73, 57]
16: [58, 69, 74, 73, 70, 57]
17: [69, 74, 73, 70]
18: [74, 69, 73, 70]
19: [91, 92]
20: [107, 92, 91, 108]
21: [73, 76, 58, 74, 75, 57]
22: [20, 21, 23, 25, 27, 22, 24, 26, 28, 19]
23: [20, 21, 23, 25, 27, 22, 24, 26, 28, 19]
24: [20, 21, 23, 25, 27, 22, 24, 26, 28, 19]
25: [43, 20, 21, 23, 25, 27, 44, 22, 24, 26, 28, 19]
26: []
27: [46, 19, 22, 24, 26, 28, 45, 21, 23, 25, 27, 20]
28: [74, 75, 69, 73, 76, 70]
29: [91, 108, 92, 107]
30: [107, 108]
31: [76, 58, 75, 57]
32: [20, 21, 23, 25, 27, 22, 24, 26, 28, 19]
33: [21, 22]
34: [22, 21]
35: [43, 22, 21, 44]
36: [44, 45, 22, 21, 43, 46]
37: [46, 19, 22, 24, 26, 28, 45, 21, 23, 25, 27, 20]
38: [75, 69, 76, 70]
39: [108, 107]
40: [107, 108]
41: [58, 57]
42: [25, 27, 20, 23, 24, 26, 28, 19]
43: [24, 23]
44: [24, 23]
45: [43, 24, 44, 23]
46: [44, 45, 24, 43, 46, 23]
47: [46, 19, 24, 26, 28, 45, 23, 25, 27, 20]
48: [69, 70]
49: [108, 107]
50: [107, 108]
51: [58, 57]
52: [25, 27, 20, 26, 28, 19]
53: [25, 26]
54: [26, 25]
55: [43, 26, 44, 25]
56: [44, 45, 26, 43, 46, 25]
57: [26, 19, 28, 46, 45, 25, 27, 20]
58: [69, 70]
59: [108, 107]
60: [107, 108]
61: [58, 57]
62: [27, 20, 28, 19]
63: [27, 28]
64: [28, 27]
65: [43, 28, 44, 27]
66: [44, 45, 28, 43, 46, 27]
67: [19, 28, 46, 45, 27, 20]
68: [69, 70]
69: [108, 107]
70: [107, 108]
71: [57, 58]
72: [20, 19]
73: [19, 20]
74: [19, 20]
75: [43, 44, 19, 20]
76: [44, 45, 43, 19, 46, 20]
77: [19, 45, 46, 20]
78: [69, 70]
79: [108, 107]
80: [107, 108]
81: [57, 58]
82: [57, 58]
83: [57, 58]
84: [57, 58]
85: [57, 58]
86: [57, 70, 69, 58]
87: [70, 69]
88: [70, 69]
89: [108, 107]
90: [107, 108]
91: [107, 108]
92: [107, 108]
93: [107, 108]
94: [108, 107]
95: [132, 131, 108, 107]
96: [132, 133, 131, 108, 134, 107]
97: [133, 108, 134, 107]
98: [108, 107]
99: [108, 107]
27
0: [92, 91]
1: [92, 91]
2: [91, 92]
3: [91, 92]
4: [91, 92]
5: [91, 92]
6: [133, 91, 92, 134]
7: [136, 133, 91, 92, 134, 135]
8: [136, 91, 92, 135]
9: [91, 92]
10: [92, 91]
11: [73, 60, 74, 59]
12: [60, 73, 74, 59]
13: [60, 74, 73, 59]
14: [60, 74, 73, 59]
15: [60, 74, 73, 59]
16: [60, 74, 73, 59]
17: [60, 71, 74, 73, 72, 59]
18: [74, 71, 72, 73]
19: [91, 92]
20: [107, 92, 91, 108]
21: [73, 76, 60, 74, 75, 59]
22: [20, 21, 23, 25, 27, 22, 24, 26, 28, 19]
23: [20, 21, 23, 25, 27, 22, 24, 26, 28, 19]
24: [20, 21, 23, 25, 27, 22, 24, 26, 28, 19]
25: [20, 21, 23, 25, 27, 22, 24, 26, 28, 19]
26: [45, 20, 21, 23, 25, 27, 46, 22, 24, 26, 28, 19]
27: []
28: [74, 75, 71, 72, 73, 76]
29: [91, 108, 92, 107]
30: [107, 108]
31: [76, 75, 60, 59]
32: [20, 21, 22, 23, 25, 27, 24, 26, 28, 19]
33: [22, 21]
34: [22, 21]
35: [22, 21]
36: [45, 22, 21, 46]
37: [46, 19, 22, 24, 26, 28, 45, 21, 23, 25, 27, 20]
38: [75, 71, 72, 76]
39: [108, 107]
40: [107, 108]
41: [60, 59]
42: [20, 23, 24, 25, 27, 26, 28, 19]
43: [24, 23]
44: [24, 23]
45: [24, 23]
46: [24, 45, 46, 23]
47: [46, 19, 24, 26, 28, 45, 23, 25, 27, 20]
48: [71, 72]
49: [108, 107]
50: [107, 108]
51: [60, 59]
52: [25, 26, 27, 20, 28, 19]
53: [26, 25]
54: [26, 25]
55: [26, 25]
56: [26, 45, 46, 25]
57: [26, 19, 28, 46, 45, 25, 27, 20]
58: [71, 72]
59: [108, 107]
60: [107, 108]
61: [60, 59]
62: [27, 20, 28, 19]
63: [28, 27]
64: [28, 27]
65: [28, 27]
66: [28, 45, 46, 27]
67: [19, 28, 46, 45, 27, 20]
68: [71, 72]
69: [108, 107]
70: [107, 108]
71: [59, 60]
72: [19, 20]
73: [19, 20]
74: [19, 20]
75: [19, 20]
76: [19, 45, 46, 20]
77: [19, 46, 45, 20]
78: [72, 71]
79: [108, 107]
80: [107, 108]
81: [59, 60]
82: [59, 60]
83: [59, 60]
84: [59, 60]
85: [59, 60]
86: [59, 60]
87: [72, 59, 71, 60]
88: [72, 71]
89: [108, 107]
90: [107, 108]
91: [107, 108]
92: [107, 108]
93: [108, 107]
94: [108, 107]
95: [108, 107]
96: [134, 108, 133, 107]
97: [134, 135, 108, 136, 133, 107]
98: [135, 108, 136, 107]
99: [108, 107]
28
0: [92, 91]
1: [91, 92]
2: [91, 92]
3: [91, 92]
4: [91, 92]
5: [91, 92]
6: [91, 92]
7: [135, 91, 136, 92]
8: [138, 135, 91, 136, 137, 92]
9: [138, 91, 137, 92]
10: [92, 91]
11: [73, 74, 47, 48]
12: [74, 62, 47, 73, 61, 48]
13: [64, 74, 62, 47, 73, 63, 61, 48]
14: [64, 66, 74, 47, 62, 73, 65, 63, 61, 48]
15: [64, 66, 68, 74, 47, 62, 73, 67, 65, 63, 61, 48]
16: [64, 66, 68, 70, 74, 47, 62, 73, 69, 67, 65, 63, 61, 48]
17: [64, 66, 68, 70, 72, 74, 47, 62, 73, 71, 69, 67, 65, 63, 61, 48]
18: [64, 66, 68, 70, 72, 74, 47, 62, 73, 71, 69, 67, 65, 63, 61, 48]
19: [91, 138, 137, 92]
20: [107, 92, 91, 108]
21: [73, 76, 74, 75, 47, 48]
22: [73, 76, 62, 74, 75, 61]
23: [73, 76, 64, 74, 75, 63]
24: [73, 76, 66, 74, 75, 65]
25: [73, 76, 68, 74, 75, 67]
26: [73, 76, 70, 74, 75, 69]
27: [73, 76, 72, 71, 74, 75]
28: []
29: [91, 108, 138, 137, 92, 107]
30: [107, 108]
31: [75, 76, 47, 48]
32: [75, 76, 62, 61]
33: [75, 64, 76, 63]
34: [75, 66, 76, 65]
35: [75, 68, 76, 67]
36: [75, 70, 76, 69]
37: [75, 72, 71, 76]
38: [65, 67, 69, 71, 75, 48, 61, 63, 72, 76, 70, 68, 66, 64, 62, 47]
39: [108, 138, 137, 107]
40: [107, 108]
41: [47, 48]
42: [62, 61]
43: [64, 63]
44: [66, 65]
45: [68, 67]
46: [70, 69]
47: [72, 71]
48: [65, 67, 69, 71, 48, 61, 63, 72, 70, 68, 66, 64, 62, 47]
49: [108, 138, 137, 107]
50: [107, 108]
51: [47, 48]
52: [62, 61]
53: [64, 63]
54: [66, 65]
55: [68, 67]
56: [70, 69]
57: [72, 71]
58: [65, 67, 69, 71, 48, 61, 63, 72, 70, 68, 66, 64, 62, 47]
59: [108, 138, 137, 107]
60: [107, 108]
61: [47, 48]
62: [62, 61]
63: [64, 63]
64: [66, 65]
65: [68, 67]
66: [70, 69]
67: [72, 71]
68: [65, 67, 69, 71, 48, 61, 63, 72, 70, 68, 66, 64, 62, 47]
69: [108, 138, 137, 107]
70: [107, 108]
71: [48, 47]
72: [61, 62]
73: [64, 63]
74: [65, 66]
75: [67, 68]
76: [69, 70]
77: [72, 71]
78: [65, 67, 69, 71, 48, 61, 63, 72, 70, 68, 66, 64, 62, 47]
79: [108, 137, 138, 107]
80: [107, 108]
81: [48, 47]
82: [48, 61, 62, 47]
83: [48, 61, 63, 64, 62, 47]
84: [48, 65, 61, 63, 66, 64, 62, 47]
85: [65, 67, 48, 61, 63, 68, 66, 64, 62, 47]
86: [65, 67, 69, 48, 61, 63, 70, 68, 66, 64, 62, 47]
87: [65, 67, 69, 71, 48, 61, 63, 72, 70, 68, 66, 64, 62, 47]
88: [65, 67, 69, 71, 48, 61, 63, 72, 70, 68, 66, 64, 62, 47]
89: [108, 137, 138, 107]
90: [107, 108]
91: [107, 108]
92: [108, 107]
93: [108, 107]
94: [108, 107]
95: [108, 107]
96: [108, 107]
97: [136, 108, 135, 107]
98: [136, 137, 108, 138, 135, 107]
99: [137, 108, 138, 107]
29
0: [97, 99, 101, 103, 88, 91, 92, 93, 95, 94, 96, 98, 100, 102, 104, 87]
1: [97, 99, 101, 103, 88, 91, 93, 95, 92, 94, 96, 98, 100, 102, 104, 87]
2: [97, 99, 101, 103, 88, 91, 93, 95, 92, 94, 96, 98, 100, 102, 104, 87]
3: [97, 99, 101, 103, 88, 91, 93, 95, 92, 94, 96, 98, 100, 102, 104, 87]
4: [97, 99, 101, 103, 88, 91, 93, 95, 92, 94, 96, 98, 100, 102, 104, 87]
5: [97, 99, 101, 103, 88, 91, 93, 95, 92, 94, 96, 98, 100, 102, 104, 87]
6: [97, 99, 101, 103, 88, 91, 93, 95, 92, 94, 96, 98, 100, 102, 104, 87]
7: [97, 99, 101, 103, 88, 91, 93, 95, 92, 94, 96, 98, 100, 102, 104, 87]
8: [97, 99, 101, 103, 137, 88, 91, 93, 95, 138, 92, 94, 96, 98, 100, 102, 104, 87]
9: [97, 99, 101, 103, 137, 88, 91, 93, 95, 138, 92, 94, 96, 98, 100, 102, 104, 87]
10: [105, 92, 97, 99, 101, 103, 88, 91, 93, 94, 95, 96, 98, 100, 102, 104, 106, 87]
11: [105, 106]
12: [105, 106]
13: [105, 106]
14: [105, 106]
15: [105, 106]
16: [105, 106]
17: [105, 106]
18: [105, 137, 138, 106]
19: [97, 99, 101, 103, 105, 137, 88, 91, 93, 95, 138, 92, 94, 96, 98, 100, 102, 104, 106, 87]
20: [107, 92, 105, 94, 96, 97, 99, 101, 103, 88, 91, 93, 95, 98, 100, 102, 104, 106, 108, 87]
21: [107, 92, 91, 108]
22: [107, 92, 91, 108]
23: [107, 92, 91, 108]
24: [107, 92, 91, 108]
25: [107, 92, 91, 108]
26: [107, 92, 91, 108]
27: [107, 92, 91, 108]
28: [107, 92, 137, 138, 91, 108]
29: []
30: [107, 94, 96, 105, 97, 98, 99, 101, 103, 88, 93, 95, 100, 102, 104, 106, 108, 87]
31: [94, 93]
32: [94, 93]
33: [94, 93]
34: [94, 93]
35: [94, 93]
36: [94, 93]
37: [94, 93]
38: [94, 137, 138, 93]
39: [96, 98, 100, 102, 104, 106, 138, 108, 87, 94, 137, 93, 95, 97, 99, 107, 101, 105, 103, 88]
40: [96, 107, 105, 98, 97, 99, 100, 101, 103, 88, 95, 102, 104, 106, 108, 87]
41: [96, 95]
42: [96, 95]
43: [96, 95]
44: [96, 95]
45: [96, 95]
46: [96, 95]
47: [96, 95]
48: [96, 137, 138, 95]
49: [96, 98, 100, 102, 104, 106, 138, 108, 87, 137, 95, 97, 99, 107, 101, 105, 103, 88]
50: [98, 107, 105, 100, 97, 99, 101, 102, 103, 88, 104, 106, 108, 87]
51: [98, 97]
52: [98, 97]
53: [98, 97]
54: [98, 97]
55: [98, 97]
56: [98, 97]
57: [98, 97]
58: [98, 137, 138, 97]
59: [98, 100, 102, 104, 106, 138, 108, 87, 137, 97, 99, 107, 101, 105, 103, 88]
60: [107, 100, 105, 102, 99, 101, 103, 104, 88, 106, 108, 87]
61: [100, 99]
62: [100, 99]
63: [100, 99]
64: [100, 99]
65: [100, 99]
66: [100, 99]
67: [100, 99]
68: [100, 137, 138, 99]
69: [100, 102, 104, 106, 138, 108, 87, 137, 99, 107, 101, 105, 103, 88]
70: [107, 102, 104, 105, 101, 103, 106, 108, 87, 88]
71: [102, 101]
72: [102, 101]
73: [102, 101]
74: [102, 101]
75: [102, 101]
76: [102, 101]
77: [102, 101]
78: [102, 137, 138, 101]
79: [102, 104, 106, 138, 108, 87, 137, 107, 101, 105, 103, 88]
80: [104, 107, 105, 106, 108, 87, 88, 103]
81: [104, 103]
82: [104, 103]
83: [104, 103]
84: [104, 103]
85: [104, 103]
86: [104, 103]
87: [104, 103]
88: [104, 138, 137, 103]
89: [104, 106, 138, 108, 87, 137, 107, 105, 103, 88]
90: [106, 107, 108, 87, 105, 88]
91: [106, 108, 87, 107, 105, 88]
92: [106, 108, 87, 107, 105, 88]
93: [106, 108, 87, 107, 105, 88]
94: [106, 108, 87, 107, 105, 88]
95: [106, 108, 87, 107, 105, 88]
96: [106, 108, 87, 107, 105, 88]
97: [106, 108, 87, 107, 105, 88]
98: [106, 108, 138, 87, 137, 107, 105, 88]
99: [106, 108, 138, 87, 137, 107, 105, 88]
30
0: [96, 98, 100, 102, 104, 87, 122, 94, 121, 93, 95, 97, 99, 101, 103, 88]
1: [96, 98, 100, 102, 104, 87, 122, 94, 121, 93, 95, 97, 99, 101, 103, 88]
2: [96, 98, 100, 102, 104, 87, 94, 93, 95, 97, 99, 101, 103, 88]
3: [96, 98, 100, 102, 104, 87, 94, 93, 95, 97, 99, 101, 103, 88]
4: [96, 98, 100, 102, 104, 87, 94, 93, 95, 97, 99, 101, 103, 88]
5: [96, 98, 100, 102, 104, 87, 94, 93, 95, 97, 99, 101, 103, 88]
6: [96, 98, 100, 102, 104, 87, 94, 93, 95, 97, 99, 101, 103, 88]
7: [96, 98, 100, 102, 104, 87, 94, 93, 95, 97, 99, 101, 103, 88]
8: [96, 98, 100, 102, 104, 87, 94, 93, 95, 97, 99, 101, 103, 88]
9: [96, 98, 100, 102, 104, 87, 93, 94, 95, 97, 99, 101, 103, 88]
10: [96, 98, 100, 102, 104, 106, 87, 122, 94, 121, 93, 95, 97, 99, 101, 105, 103, 88]
11: [106, 122, 121, 105]
12: [106, 105]
13: [106, 105]
14: [106, 105]
15: [106, 105]
16: [106, 105]
17: [106, 105]
18: [106, 105]
19: [106, 93, 96, 98, 100, 102, 104, 87, 94, 95, 97, 99, 101, 103, 88, 105]
20: [96, 98, 100, 102, 104, 106, 108, 87, 122, 94, 121, 93, 95, 97, 99, 107, 101, 105, 103, 88]
21: [108, 122, 121, 107]
22: [108, 107]
23: [108, 107]
24: [108, 107]
25: [108, 107]
26: [108, 107]
27: [108, 107]
28: [108, 107]
29: [108, 93, 106, 95, 96, 97, 98, 100, 102, 104, 87, 94, 99, 101, 103, 88, 105, 107]
30: []
31: [93, 110, 122, 121, 94, 109]
32: [93, 110, 94, 109]
33: [93, 110, 94, 109]
34: [93, 110, 94, 109]
35: [93, 110, 94, 109]
36: [93, 110, 94, 109]
37: [93, 110, 94, 109]
38: [93, 110, 94, 109]
39: [93, 110, 108, 95, 97, 106, 96, 98, 99, 100, 102, 104, 87, 94, 101, 103, 88, 105, 107, 109]
40: [97, 99, 101, 103, 105, 107, 109, 88, 121, 95, 122, 96, 98, 100, 110, 108, 102, 104, 106, 87]
41: [95, 122, 121, 96]
42: [95, 96]
43: [95, 96]
44: [95, 96]
45: [95, 96]
46: [95, 96]
47: [95, 96]
48: [95, 96]
49: [110, 95, 97, 108, 106, 99, 96, 98, 100, 101, 102, 104, 87, 103, 88, 105, 107, 109]
50: [97, 99, 101, 103, 105, 107, 109, 88, 121, 122, 98, 100, 110, 108, 102, 104, 106, 87]
51: [97, 122, 121, 98]
52: [97, 98]
53: [97, 98]
54: [97, 98]
55: [97, 98]
56: [97, 98]
57: [97, 98]
58: [97, 98]
59: [97, 110, 99, 108, 106, 101, 98, 100, 102, 103, 104, 87, 88, 105, 107, 109]
60: [99, 101, 103, 105, 107, 109, 88, 121, 122, 100, 110, 108, 102, 104, 106, 87]
61: [99, 121, 122, 100]
62: [99, 100]
63: [99, 100]
64: [99, 100]
65: [99, 100]
66: [99, 100]
67: [99, 100]
68: [99, 100]
69: [99, 110, 108, 101, 106, 103, 100, 102, 104, 105, 107, 109, 87, 88]
70: [101, 103, 105, 107, 109, 88, 121, 122, 110, 108, 102, 104, 106, 87]
71: [101, 121, 122, 102]
72: [101, 102]
73: [101, 102]
74: [101, 102]
75: [101, 102]
76: [101, 102]
77: [101, 102]
78: [101, 102]
79: [101, 110, 108, 103, 105, 106, 107, 109, 88, 104, 102, 87]
80: [103, 105, 107, 109, 88, 121, 122, 110, 108, 104, 106, 87]
81: [103, 121, 122, 104]
82: [103, 104]
83: [103, 104]
84: [103, 104]
85: [103, 104]
86: [103, 104]
87: [103, 104]
88: [103, 104]
89: [110, 103, 105, 107, 108, 109, 88, 106, 104, 87]
90: [105, 107, 109, 88, 121, 122, 110, 108, 106, 87]
91: [105, 107, 109, 88, 121, 122, 110, 108, 106, 87]
92: [88, 105, 107, 109, 110, 108, 106, 87]
93: [88, 105, 107, 109, 110, 108, 106, 87]
94: [88, 105, 107, 109, 110, 108, 106, 87]
95: [88, 105, 107, 109, 110, 108, 106, 87]
96: [88, 105, 107, 109, 110, 108, 106, 87]
97: [88, 105, 107, 109, 110, 108, 106, 87]
98: [88, 105, 107, 109, 110, 108, 106, 87]
99: [105, 107, 109, 110, 88, 108, 106, 87]
31
0: [121, 94, 122, 93]
1: [121, 124, 94, 122, 123, 93]
2: [124, 94, 123, 93]
3: [94, 93]
4: [94, 93]
5: [94, 93]
6: [94, 93]
7: [94, 93]
8: [93, 94]
9: [93, 94]
10: [94, 121, 122, 93]
11: [48, 49, 51, 53, 55, 57, 59, 50, 52, 54, 56, 58, 60, 47]
12: [48, 49, 51, 53, 55, 57, 59, 50, 52, 54, 56, 58, 60, 47]
13: [48, 51, 53, 55, 57, 59, 52, 54, 56, 58, 60, 47]
14: [48, 53, 55, 57, 59, 54, 56, 58, 60, 47]
15: [48, 57, 59, 55, 56, 58, 60, 47]
16: [48, 57, 59, 58, 60, 47]
17: [48, 59, 60, 47]
18: [48, 47]
19: [93, 94]
20: [94, 121, 122, 93]
21: [75, 48, 49, 51, 53, 55, 57, 59, 50, 76, 52, 54, 56, 58, 60, 47]
22: [75, 49, 50, 76]
23: [75, 51, 52, 76]
24: [75, 53, 76, 54]
25: [75, 55, 76, 56]
26: [75, 57, 76, 58]
27: [75, 59, 76, 60]
28: [75, 76, 48, 47]
29: [93, 94]
30: [109, 94, 121, 122, 93, 110]
31: []
32: [76, 77, 49, 50, 75, 78]
33: [76, 77, 51, 52, 75, 78]
34: [76, 77, 53, 78, 75, 54]
35: [76, 77, 55, 75, 78, 56]
36: [76, 77, 57, 75, 78, 58]
37: [76, 77, 75, 59, 78, 60]
38: [76, 77, 75, 78, 48, 47]
39: [93, 110, 94, 109]
40: [109, 121, 122, 110]
41: [78, 47, 50, 52, 54, 56, 58, 60, 49, 77, 51, 53, 55, 57, 59, 48]
42: [78, 49, 50, 77]
43: [78, 51, 52, 77]
44: [78, 53, 77, 54]
45: [78, 55, 77, 56]
46: [78, 57, 77, 58]
47: [78, 77, 59, 60]
48: [77, 78, 48, 47]
49: [110, 109]
50: [109, 121, 122, 110]
51: [47, 50, 52, 54, 56, 58, 60, 49, 51, 53, 55, 57, 59, 48]
52: [49, 50]
53: [51, 52]
54: [53, 54]
55: [55, 56]
56: [57, 58]
57: [59, 60]
58: [48, 47]
59: [110, 109]
60: [109, 121, 122, 110]
61: [47, 50, 52, 54, 56, 58, 60, 49, 51, 53, 55, 57, 59, 48]
62: [49, 50]
63: [51, 52]
64: [53, 54]
65: [56, 55]
66: [57, 58]
67: [59, 60]
68: [48, 47]
69: [110, 109]
70: [109, 122, 121, 110]
71: [47, 50, 52, 54, 56, 58, 60, 49, 51, 53, 55, 57, 59, 48]
72: [50, 49]
73: [52, 51]
74: [54, 53]
75: [56, 55]
76: [58, 57]
77: [60, 59]
78: [47, 48]
79: [110, 109]
80: [109, 122, 121, 110]
81: [47, 50, 52, 54, 56, 58, 60, 49, 51, 53, 55, 57, 59, 48]
82: [47, 50, 52, 54, 56, 58, 60, 49, 51, 53, 55, 57, 59, 48]
83: [47, 52, 54, 56, 58, 60, 51, 53, 55, 57, 59, 48]
84: [47, 54, 56, 58, 60, 53, 55, 57, 59, 48]
85: [56, 58, 60, 47, 55, 57, 59, 48]
86: [58, 60, 47, 57, 59, 48]
87: [60, 47, 59, 48]
88: [47, 48]
89: [110, 109]
90: [122, 109, 121, 110]
91: [122, 123, 109, 121, 124, 110]
92: [123, 109, 124, 110]
93: [109, 110]
94: [109, 110]
95: [109, 110]
96: [109, 110]
97: [109, 110]
98: [109, 110]
99: [110, 109]
32
0: [94, 93]
1: [123, 94, 124, 93]
2: [123, 126, 94, 125, 124, 93]
3: [126, 94, 125, 93]
4: [94, 93]
5: [94, 93]
6: [94, 93]
7: [93, 94]
8: [93, 94]
9: [93, 94]
10: [94, 93]
11: [50, 49]
12: [50, 61, 49, 62]
13: [61, 62]
14: [61, 62]
15: [61, 62]
16: [61, 62]
17: [61, 62]
18: [61, 62]
19: [93, 94]
20: [94, 93]
21: [75, 50, 49, 76]
22: [38, 19, 22, 24, 26, 28, 37, 21, 23, 25, 27, 20]
23: [38, 19, 22, 24, 26, 28, 37, 21, 23, 25, 27, 20]
24: [19, 22, 24, 26, 28, 21, 23, 25, 27, 20]
25: [19, 22, 24, 26, 28, 21, 23, 25, 27, 20]
26: [19, 22, 24, 26, 28, 21, 23, 25, 27, 20]
27: [19, 21, 22, 24, 26, 28, 23, 25, 27, 20]
28: [76, 75, 61, 62]
29: [93, 94]
30: [109, 94, 93, 110]
31: [75, 78, 50, 49, 76, 77]
32: []
33: [21, 30, 38, 37, 22, 29]
34: [21, 30, 22, 29]
35: [21, 30, 22, 29]
36: [21, 30, 22, 29]
37: [21, 30, 19, 22, 23, 24, 26, 28, 25, 27, 20, 29]
38: [76, 77, 75, 61, 78, 62]
39: [93, 110, 94, 109]
40: [109, 110]
41: [78, 50, 49, 77]
42: [37, 20, 23, 25, 27, 29, 38, 24, 26, 28, 30, 19]
43: [23, 38, 37, 24]
44: [23, 24]
45: [23, 24]
46: [23, 24]
47: [30, 23, 19, 24, 25, 26, 28, 27, 20, 29]
48: [77, 78, 61, 62]
49: [110, 109]
50: [109, 110]
51: [50, 49]
52: [37, 20, 25, 27, 29, 38, 26, 28, 30, 19]
53: [25, 38, 37, 26]
54: [25, 26]
55: [25, 26]
56: [25, 26]
57: [25, 30, 27, 26, 19, 28, 20, 29]
58: [61, 62]
59: [110, 109]
60: [109, 110]
61: [49, 50]
62: [37, 27, 20, 29, 38, 28, 30, 19]
63: [27, 37, 38, 28]
64: [27, 28]
65: [27, 28]
66: [27, 28]
67: [27, 30, 29, 19, 20, 28]
68: [61, 62]
69: [110, 109]
70: [109, 110]
71: [49, 50]
72: [37, 20, 29, 38, 30, 19]
73: [37, 20, 29, 38, 30, 19]
74: [20, 29, 30, 19]
75: [20, 29, 30, 19]
76: [20, 29, 30, 19]
77: [20, 29, 30, 19]
78: [62, 61]
79: [110, 109]
80: [109, 110]
81: [49, 50]
82: [49, 62, 50, 61]
83: [62, 61]
84: [62, 61]
85: [62, 61]
86: [62, 61]
87: [62, 61]
88: [62, 61]
89: [110, 109]
90: [109, 110]
91: [124, 109, 123, 110]
92: [124, 125, 109, 123, 126, 110]
93: [125, 109, 126, 110]
94: [109, 110]
95: [109, 110]
96: [109, 110]
97: [109, 110]
98: [110, 109]
99: [110, 109]
33
0: [94, 93]
1: [94, 93]
2: [125, 94, 93, 126]
3: [128, 125, 94, 93, 126, 127]
4: [128, 94, 93, 127]
5: [94, 93]
6: [93, 94]
7: [93, 94]
8: [93, 94]
9: [93, 94]
10: [94, 93]
11: [52, 51]
12: [52, 51]
13: [52, 63, 51, 64]
14: [63, 64]
15: [63, 64]
16: [63, 64]
17: [63, 64]
18: [63, 64]
19: [93, 94]
20: [94, 93]
21: [75, 52, 51, 76]
22: [37, 22, 21, 38]
23: [40, 37, 22, 21, 38, 39]
24: [40, 22, 21, 39]
25: [22, 21]
26: [21, 22]
27: [21, 22]
28: [76, 63, 75, 64]
29: [93, 94]
30: [109, 94, 93, 110]
31: [75, 78, 52, 51, 76, 77]
32: [29, 22, 37, 38, 21, 30]
33: []
34: [13, 4, 5, 7, 6, 14, 8, 3]
35: [4, 13, 7, 14, 8, 3]
36: [4, 13, 14, 3]
37: [21, 30, 22, 29]
38: [76, 77, 63, 75, 78, 64]
39: [93, 110, 94, 109]
40: [109, 110]
41: [78, 52, 51, 77]
42: [29, 37, 38, 30]
43: [8, 3, 6, 14, 13, 5, 7, 4]
44: [5, 14, 13, 6]
45: [14, 7, 13, 8]
46: [4, 13, 14, 3]
47: [30, 29]
48: [77, 78, 63, 64]
49: [110, 109]
50: [109, 110]
51: [52, 51]
52: [29, 37, 38, 30]
53: [8, 3, 6, 5, 7, 4]
54: [5, 6]
55: [7, 8]
56: [4, 3]
57: [30, 29]
58: [63, 64]
59: [110, 109]
60: [109, 110]
61: [51, 52]
62: [29, 37, 38, 30]
63: [8, 3, 6, 5, 7, 4]
64: [8, 3, 5, 6, 7, 4]
65: [8, 3, 7, 4]
66: [3, 4]
67: [30, 29]
68: [64, 63]
69: [110, 109]
70: [109, 110]
71: [51, 52]
72: [29, 38, 37, 30]
73: [38, 39, 29, 40, 37, 30]
74: [39, 40, 29, 30]
75: [29, 30]
76: [29, 30]
77: [30, 29]
78: [64, 63]
79: [110, 109]
80: [109, 110]
81: [51, 52]
82: [51, 52]
83: [64, 51, 52, 63]
84: [64, 63]
85: [64, 63]
86: [64, 63]
87: [64, 63]
88: [64, 63]
89: [110, 109]
90: [109, 110]
91: [109, 110]
92: [126, 109, 125, 110]
93: [126, 127, 109, 128, 125, 110]
94: [127, 128, 109, 110]
95: [109, 110]
96: [109, 110]
97: [110, 109]
98: [110, 109]
99: [110, 109]
34
0: [94, 93]
1: [94, 93]
2: [94, 93]
3: [127, 94, 93, 128]
4: [130, 127, 94, 93, 128, 129]
5: [130, 93, 94, 129]
6: [93, 94]
7: [93, 94]
8: [93, 94]
9: [93, 94]
10: [94, 93]
11: [54, 53]
12: [54, 53]
13: [54, 53]
14: [65, 54, 53, 66]
15: [65, 66]
16: [65, 66]
17: [65, 66]
18: [65, 66]
19: [93, 94]
20: [94, 93]
21: [75, 54, 76, 53]
22: [22, 21]
23: [39, 22, 21, 40]
24: [42, 39, 22, 21, 40, 41]
25: [42, 21, 22, 41]
26: [21, 22]
27: [21, 22]
28: [76, 65, 75, 66]
29: [93, 94]
30: [109, 94, 93, 110]
31: [75, 78, 54, 77, 76, 53]
32: [29, 22, 21, 30]
33: [8, 3, 6, 14, 13, 5, 7, 4]
34: []
35: [9, 4, 13, 7, 14, 8, 10, 3]
36: [9, 4, 13, 14, 10, 3]
37: [21, 30, 22, 29]
38: [76, 77, 65, 75, 78, 66]
39: [93, 110, 94, 109]
40: [109, 110]
41: [78, 54, 77, 53]
42: [29, 30]
43: [8, 3, 6, 14, 13, 5, 7, 4]
44: [10, 5, 14, 13, 6, 9]
45: [7, 13, 14, 8]
46: [9, 4, 13, 14, 10, 3]
47: [30, 29]
48: [77, 65, 78, 66]
49: [110, 109]
50: [109, 110]
51: [54, 53]
52: [29, 30]
53: [8, 3, 6, 5, 7, 4]
54: [10, 5, 6, 9]
55: [7, 8]
56: [9, 4, 10, 3]
57: [30, 29]
58: [65, 66]
59: [110, 109]
60: [109, 110]
61: [53, 54]
62: [29, 30]
63: [8, 3, 5, 6, 7, 4]
64: [10, 5, 8, 3, 6, 7, 9, 4]
65: [10, 7, 8, 9, 3, 4]
66: [9, 10, 4, 3]
67: [30, 29]
68: [65, 66]
69: [110, 109]
70: [109, 110]
71: [53, 54]
72: [29, 30]
73: [40, 29, 39, 30]
74: [40, 41, 42, 29, 39, 30]
75: [41, 42, 29, 30]
76: [30, 29]
77: [30, 29]
78: [66, 65]
79: [110, 109]
80: [109, 110]
81: [53, 54]
82: [53, 54]
83: [53, 54]
84: [66, 53, 54, 65]
85: [66, 65]
86: [66, 65]
87: [66, 65]
88: [66, 65]
89: [110, 109]
90: [109, 110]
91: [109, 110]
92: [109, 110]
93: [128, 109, 127, 110]
94: [128, 129, 130, 109, 127, 110]
95: [129, 130, 109, 110]
96: [110, 109]
97: [110, 109]
98: [110, 109]
99: [110, 109]
35
0: [94, 93]
1: [94, 93]
2: [94, 93]
3: [94, 93]
4: [129, 93, 94, 130]
5: [129, 132, 93, 94, 130, 131]
6: [132, 93, 94, 131]
7: [93, 94]
8: [93, 94]
9: [93, 94]
10: [94, 93]
11: [56, 55]
12: [56, 55]
13: [56, 55]
14: [56, 55]
15: [56, 67, 68, 55]
16: [67, 68]
17: [67, 68]
18: [67, 68]
19: [93, 94]
20: [94, 93]
21: [75, 56, 76, 55]
22: [22, 21]
23: [22, 21]
24: [41, 21, 22, 42]
25: [41, 44, 21, 22, 42, 43]
26: [44, 21, 22, 43]
27: [21, 22]
28: [76, 67, 75, 68]
29: [93, 94]
30: [109, 94, 93, 110]
31: [75, 78, 56, 76, 77, 55]
32: [29, 22, 21, 30]
33: [8, 3, 14, 13, 7, 4]
34: [8, 10, 3, 14, 13, 9, 7, 4]
35: []
36: [9, 11, 4, 13, 12, 14, 10, 3]
37: [21, 30, 22, 29]
38: [76, 77, 67, 75, 68, 78]
39: [93, 110, 94, 109]
40: [109, 110]
41: [78, 56, 77, 55]
42: [29, 30]
43: [8, 3, 14, 13, 7, 4]
44: [10, 13, 14, 9]
45: [12, 7, 13, 14, 11, 8]
46: [9, 11, 4, 13, 12, 14, 10, 3]
47: [30, 29]
48: [77, 67, 68, 78]
49: [110, 109]
50: [109, 110]
51: [56, 55]
52: [29, 30]
53: [8, 3, 7, 4]
54: [10, 9]
55: [12, 7, 11, 8]
56: [9, 11, 4, 12, 10, 3]
57: [30, 29]
58: [67, 68]
59: [110, 109]
60: [109, 110]
61: [56, 55]
62: [29, 30]
63: [8, 3, 7, 4]
64: [10, 7, 8, 9, 3, 4]
65: [12, 7, 9, 10, 11, 4, 8, 3]
66: [9, 11, 4, 12, 10, 3]
67: [30, 29]
68: [67, 68]
69: [110, 109]
70: [109, 110]
71: [55, 56]
72: [29, 30]
73: [29, 30]
74: [42, 41, 29, 30]
75: [42, 43, 41, 44, 30, 29]
76: [43, 44, 30, 29]
77: [30, 29]
78: [68, 67]
79: [110, 109]
80: [109, 110]
81: [55, 56]
82: [55, 56]
83: [55, 56]
84: [55, 56]
85: [68, 55, 67, 56]
86: [68, 67]
87: [68, 67]
88: [68, 67]
89: [110, 109]
90: [109, 110]
91: [109, 110]
92: [109, 110]
93: [109, 110]
94: [130, 129, 109, 110]
95: [130, 131, 129, 132, 110, 109]
96: [131, 132, 110, 109]
97: [110, 109]
98: [110, 109]
99: [110, 109]
36
0: [94, 93]
1: [94, 93]
2: [94, 93]
3: [93, 94]
4: [93, 94]
5: [131, 93, 94, 132]
6: [131, 134, 93, 94, 132, 133]
7: [134, 93, 133, 94]
8: [93, 94]
9: [93, 94]
10: [94, 93]
11: [58, 57]
12: [58, 57]
13: [58, 57]
14: [58, 57]
15: [58, 57]
16: [58, 69, 70, 57]
17: [69, 70]
18: [69, 70]
19: [93, 94]
20: [94, 93]
21: [75, 58, 76, 57]
22: [22, 21]
23: [21, 22]
24: [21, 22]
25: [43, 21, 22, 44]
26: [43, 46, 21, 22, 44, 45]
27: [21, 46, 45, 22]
28: [76, 69, 75, 70]
29: [93, 94]
30: [109, 94, 93, 110]
31: [75, 78, 58, 76, 77, 57]
32: [29, 22, 21, 30]
33: [3, 14, 13, 4]
34: [10, 3, 14, 13, 9, 4]
35: [10, 3, 12, 14, 11, 13, 9, 4]
36: []
37: [21, 30, 46, 45, 22, 29]
38: [76, 77, 69, 70, 75, 78]
39: [93, 110, 94, 109]
40: [109, 110]
41: [78, 58, 77, 57]
42: [29, 30]
43: [3, 13, 14, 4]
44: [10, 13, 14, 9]
45: [12, 13, 11, 14]
46: [9, 11, 4, 13, 12, 14, 10, 3]
47: [30, 46, 45, 29]
48: [77, 69, 70, 78]
49: [110, 109]
50: [109, 110]
51: [58, 57]
52: [29, 30]
53: [3, 4]
54: [10, 9]
55: [12, 11]
56: [9, 11, 4, 12, 10, 3]
57: [30, 46, 45, 29]
58: [69, 70]
59: [110, 109]
60: [109, 110]
61: [57, 58]
62: [29, 30]
63: [3, 4]
64: [9, 10, 4, 3]
65: [9, 11, 4, 12, 10, 3]
66: [9, 11, 4, 12, 10, 3]
67: [30, 45, 46, 29]
68: [69, 70]
69: [110, 109]
70: [109, 110]
71: [57, 58]
72: [29, 30]
73: [29, 30]
74: [30, 29]
75: [44, 43, 30, 29]
76: [44, 45, 30, 43, 46, 29]
77: [45, 30, 46, 29]
78: [70, 69]
79: [110, 109]
80: [109, 110]
81: [57, 58]
82: [57, 58]
83: [57, 58]
84: [57, 58]
85: [57, 58]
86: [57, 70, 69, 58]
87: [70, 69]
88: [70, 69]
89: [110, 109]
90: [109, 110]
91: [109, 110]
92: [109, 110]
93: [109, 110]
94: [110, 109]
95: [132, 131, 110, 109]
96: [132, 133, 110, 131, 134, 109]
97: [133, 110, 134, 109]
98: [110, 109]
99: [110, 109]
37
0: [94, 93]
1: [94, 93]
2: [93, 94]
3: [93, 94]
4: [93, 94]
5: [93, 94]
6: [133, 93, 134, 94]
7: [136, 133, 93, 134, 94, 135]
8: [136, 93, 135, 94]
9: [93, 94]
10: [94, 93]
11: [60, 59]
12: [60, 59]
13: [60, 59]
14: [60, 59]
15: [60, 59]
16: [60, 59]
17: [60, 71, 72, 59]
18: [71, 72]
19: [93, 94]
20: [94, 93]
21: [75, 60, 76, 59]
22: [20, 21, 22, 23, 25, 27, 24, 26, 28, 19]
23: [20, 21, 23, 25, 27, 22, 24, 26, 28, 19]
24: [20, 21, 23, 25, 27, 22, 24, 26, 28, 19]
25: [20, 21, 23, 25, 27, 22, 24, 26, 28, 19]
26: [45, 20, 21, 23, 25, 27, 46, 22, 24, 26, 28, 19]
27: [45, 20, 21, 23, 25, 27, 46, 22, 24, 26, 28, 19]
28: [76, 71, 72, 75]
29: [93, 94]
30: [109, 94, 93, 110]
31: [75, 78, 60, 77, 76, 59]
32: [29, 22, 20, 21, 23, 24, 25, 27, 26, 28, 19, 30]
33: [29, 22, 21, 30]
34: [29, 22, 21, 30]
35: [29, 22, 21, 30]
36: [29, 22, 45, 46, 21, 30]
37: []
38: [76, 77, 71, 72, 75, 78]
39: [93, 110, 94, 109]
40: [109, 110]
41: [78, 77, 60, 59]
42: [24, 29, 20, 23, 25, 26, 27, 28, 19, 30]
43: [24, 23]
44: [24, 23]
45: [24, 23]
46: [24, 45, 46, 23]
47: [46, 19, 24, 26, 28, 30, 45, 23, 25, 27, 29, 20]
48: [77, 71, 72, 78]
49: [110, 109]
50: [109, 110]
51: [60, 59]
52: [26, 29, 25, 27, 20, 28, 19, 30]
53: [26, 25]
54: [26, 25]
55: [26, 25]
56: [26, 45, 46, 25]
57: [46, 19, 26, 28, 30, 45, 25, 27, 29, 20]
58: [71, 72]
59: [110, 109]
60: [109, 110]
61: [59, 60]
62: [28, 29, 27, 19, 20, 30]
63: [28, 27]
64: [28, 27]
65: [28, 27]
66: [28, 45, 46, 27]
67: [46, 19, 28, 30, 45, 27, 29, 20]
68: [72, 71]
69: [110, 109]
70: [109, 110]
71: [59, 60]
72: [19, 29, 30, 20]
73: [19, 30, 29, 20]
74: [19, 30, 29, 20]
75: [19, 30, 29, 20]
76: [46, 19, 30, 45, 29, 20]
77: [46, 19, 30, 45, 29, 20]
78: [72, 71]
79: [110, 109]
80: [109, 110]
81: [59, 60]
82: [59, 60]
83: [59, 60]
84: [59, 60]
85: [59, 60]
86: [59, 60]
87: [72, 59, 71, 60]
88: [72, 71]
89: [110, 109]
90: [109, 110]
91: [109, 110]
92: [109, 110]
93: [110, 109]
94: [110, 109]
95: [110, 109]
96: [134, 110, 133, 109]
97: [134, 135, 110, 136, 133, 109]
98: [135, 110, 136, 109]
99: [110, 109]
38
0: [94, 93]
1: [93, 94]
2: [93, 94]
3: [93, 94]
4: [93, 94]
5: [93, 94]
6: [93, 94]
7: [135, 93, 136, 94]
8: [138, 135, 93, 136, 137, 94]
9: [138, 93, 137, 94]
10: [94, 93]
11: [47, 48]
12: [62, 47, 61, 48]
13: [64, 62, 47, 63, 61, 48]
14: [64, 66, 62, 47, 65, 63, 61, 48]
15: [64, 66, 68, 47, 62, 67, 65, 63, 61, 48]
16: [64, 66, 68, 70, 47, 62, 69, 67, 65, 63, 61, 48]
17: [64, 66, 68, 70, 72, 47, 62, 71, 69, 67, 65, 63, 61, 48]
18: [64, 66, 68, 70, 72, 47, 62, 71, 69, 67, 65, 63, 61, 48]
19: [93, 138, 137, 94]
20: [94, 93]
21: [75, 76, 47, 48]
22: [76, 75, 62, 61]
23: [76, 64, 75, 63]
24: [76, 66, 75, 65]
25: [76, 68, 75, 67]
26: [76, 70, 75, 69]
27: [76, 72, 71, 75]
28: [64, 66, 68, 70, 72, 76, 47, 62, 75, 71, 69, 67, 65, 63, 61, 48]
29: [93, 138, 137, 94]
30: [109, 94, 93, 110]
31: [75, 78, 76, 77, 47, 48]
32: [75, 78, 76, 77, 62, 61]
33: [75, 78, 64, 76, 77, 63]
34: [75, 78, 66, 76, 77, 65]
35: [75, 78, 68, 67, 76, 77]
36: [75, 78, 70, 69, 76, 77]
37: [75, 78, 72, 71, 76, 77]
38: []
39: [93, 110, 138, 137, 94, 109]
40: [109, 110]
41: [77, 78, 47, 48]
42: [77, 78, 62, 61]
43: [77, 64, 78, 63]
44: [77, 66, 78, 65]
45: [77, 68, 67, 78]
46: [77, 70, 69, 78]
47: [77, 72, 71, 78]
48: [65, 67, 69, 71, 77, 48, 61, 63, 72, 78, 70, 68, 66, 64, 62, 47]
49: [110, 138, 137, 109]
50: [109, 110]
51: [47, 48]
52: [62, 61]
53: [64, 63]
54: [66, 65]
55: [68, 67]
56: [70, 69]
57: [72, 71]
58: [65, 67, 69, 71, 48, 61, 63, 72, 70, 68, 66, 64, 62, 47]
59: [110, 138, 137, 109]
60: [109, 110]
61: [48, 47]
62: [61, 62]
63: [64, 63]
64: [65, 66]
65: [67, 68]
66: [69, 70]
67: [72, 71]
68: [65, 67, 69, 71, 48, 61, 63, 72, 70, 68, 66, 64, 62, 47]
69: [110, 137, 138, 109]
70: [109, 110]
71: [48, 47]
72: [61, 62]
73: [63, 64]
74: [65, 66]
75: [67, 68]
76: [69, 70]
77: [71, 72]
78: [65, 67, 69, 71, 48, 61, 63, 72, 70, 68, 66, 64, 62, 47]
79: [110, 137, 138, 109]
80: [109, 110]
81: [48, 47]
82: [48, 61, 62, 47]
83: [48, 61, 63, 64, 62, 47]
84: [48, 65, 61, 63, 66, 64, 62, 47]
85: [65, 67, 48, 61, 63, 68, 66, 64, 62, 47]
86: [65, 67, 69, 48, 61, 63, 70, 68, 66, 64, 62, 47]
87: [65, 67, 69, 71, 48, 61, 63, 72, 70, 68, 66, 64, 62, 47]
88: [65, 67, 69, 71, 48, 61, 63, 72, 70, 68, 66, 64, 62, 47]
89: [110, 137, 138, 109]
90: [109, 110]
91: [109, 110]
92: [110, 109]
93: [110, 109]
94: [110, 109]
95: [110, 109]
96: [110, 109]
97: [136, 110, 135, 109]
98: [136, 137, 110, 138, 135, 109]
99: [137, 110, 138, 109]
39
0: [97, 99, 101, 103, 88, 93, 94, 95, 96, 98, 100, 102, 104, 87]
1: [97, 99, 101, 103, 88, 93, 95, 94, 96, 98, 100, 102, 104, 87]
2: [97, 99, 101, 103, 88, 93, 95, 94, 96, 98, 100, 102, 104, 87]
3: [97, 99, 101, 103, 88, 93, 95, 94, 96, 98, 100, 102, 104, 87]
4: [97, 99, 101, 103, 88, 93, 95, 94, 96, 98, 100, 102, 104, 87]
5: [97, 99, 101, 103, 88, 93, 95, 94, 96, 98, 100, 102, 104, 87]
6: [97, 99, 101, 103, 88, 93, 95, 94, 96, 98, 100, 102, 104, 87]
7: [97, 99, 101, 103, 88, 93, 95, 94, 96, 98, 100, 102, 104, 87]
8: [97, 99, 101, 103, 137, 88, 93, 95, 138, 94, 96, 98, 100, 102, 104, 87]
9: [97, 99, 101, 103, 137, 88, 93, 95, 138, 94, 96, 98, 100, 102, 104, 87]
10: [105, 94, 96, 97, 99, 101, 103, 88, 93, 95, 98, 100, 102, 104, 106, 87]
11: [105, 106]
12: [105, 106]
13: [105, 106]
14: [105, 106]
15: [105, 106]
16: [105, 106]
17: [105, 106]
18: [105, 137, 138, 106]
19: [97, 99, 101, 103, 105, 137, 88, 93, 95, 138, 94, 96, 98, 100, 102, 104, 106, 87]
20: [107, 94, 96, 105, 97, 98, 99, 101, 103, 88, 93, 95, 100, 102, 104, 106, 108, 87]
21: [107, 108]
22: [107, 108]
23: [107, 108]
24: [107, 108]
25: [107, 108]
26: [107, 108]
27: [107, 108]
28: [107, 137, 138, 108]
29: [97, 99, 101, 103, 105, 137, 107, 88, 93, 95, 138, 94, 96, 98, 100, 108, 102, 104, 106, 87]
30: [109, 94, 96, 107, 105, 98, 97, 99, 100, 101, 103, 88, 93, 95, 102, 104, 106, 108, 110, 87]
31: [109, 94, 93, 110]
32: [109, 94, 93, 110]
33: [109, 94, 93, 110]
34: [109, 94, 93, 110]
35: [109, 94, 93, 110]
36: [109, 94, 93, 110]
37: [109, 94, 93, 110]
38: [109, 94, 137, 138, 93, 110]
39: []
40: [96, 109, 98, 107, 105, 100, 97, 99, 101, 102, 103, 88, 95, 104, 106, 108, 110, 87]
41: [96, 95]
42: [96, 95]
43: [96, 95]
44: [96, 95]
45: [96, 95]
46: [96, 95]
47: [96, 95]
48: [96, 137, 138, 95]
49: [96, 98, 100, 102, 104, 106, 138, 108, 110, 87, 137, 95, 97, 99, 109, 107, 101, 105, 103, 88]
50: [98, 109, 107, 100, 105, 102, 97, 99, 101, 103, 104, 88, 106, 108, 110, 87]
51: [98, 97]
52: [98, 97]
53: [98, 97]
54: [98, 97]
55: [98, 97]
56: [98, 97]
57: [98, 97]
58: [98, 137, 138, 97]
59: [98, 100, 102, 104, 106, 138, 108, 110, 87, 137, 97, 99, 109, 107, 101, 105, 103, 88]
60: [100, 109, 107, 102, 104, 105, 99, 101, 103, 106, 108, 110, 87, 88]
61: [100, 99]
62: [100, 99]
63: [100, 99]
64: [100, 99]
65: [100, 99]
66: [100, 99]
67: [100, 99]
68: [100, 137, 138, 99]
69: [100, 102, 104, 106, 138, 108, 110, 87, 137, 99, 109, 107, 101, 105, 103, 88]
70: [109, 102, 104, 107, 105, 106, 108, 110, 87, 88, 101, 103]
71: [102, 101]
72: [102, 101]
73: [102, 101]
74: [102, 101]
75: [102, 101]
76: [102, 101]
77: [102, 101]
78: [102, 138, 137, 101]
79: [102, 104, 106, 138, 108, 110, 87, 137, 109, 107, 101, 105, 103, 88]
80: [104, 109, 106, 107, 108, 110, 87, 105, 88, 103]
81: [104, 103]
82: [104, 103]
83: [104, 103]
84: [104, 103]
85: [104, 103]
86: [104, 103]
87: [104, 103]
88: [104, 138, 137, 103]
89: [104, 106, 138, 108, 110, 87, 137, 109, 107, 105, 103, 88]
90: [106, 108, 109, 110, 87, 107, 105, 88]
91: [106, 108, 110, 87, 109, 107, 105, 88]
92: [106, 108, 110, 87, 109, 107, 105, 88]
93: [106, 108, 110, 87, 109, 107, 105, 88]
94: [106, 108, 110, 87, 109, 107, 105, 88]
95: [106, 108, 110, 87, 109, 107, 105, 88]
96: [106, 108, 110, 87, 109, 107, 105, 88]
97: [106, 108, 110, 87, 109, 107, 105, 88]
98: [106, 138, 108, 110, 87, 137, 109, 107, 105, 88]
99: [106, 138, 108, 110, 87, 137, 109, 107, 105, 88]
40
0: [96, 98, 100, 102, 104, 87, 122, 121, 95, 97, 99, 101, 103, 88]
1: [96, 98, 100, 102, 104, 87, 122, 121, 95, 97, 99, 101, 103, 88]
2: [96, 98, 100, 102, 104, 87, 95, 97, 99, 101, 103, 88]
3: [96, 98, 100, 102, 104, 87, 95, 97, 99, 101, 103, 88]
4: [96, 98, 100, 102, 104, 87, 95, 97, 99, 101, 103, 88]
5: [96, 98, 100, 102, 104, 87, 95, 97, 99, 101, 103, 88]
6: [96, 98, 100, 102, 104, 87, 95, 97, 99, 101, 103, 88]
7: [96, 98, 100, 102, 104, 87, 95, 97, 99, 101, 103, 88]
8: [96, 98, 100, 102, 104, 87, 95, 97, 99, 101, 103, 88]
9: [96, 98, 100, 102, 104, 87, 95, 97, 99, 101, 103, 88]
10: [96, 98, 100, 102, 104, 106, 87, 122, 121, 95, 97, 99, 101, 105, 103, 88]
11: [106, 122, 121, 105]
12: [106, 105]
13: [106, 105]
14: [106, 105]
15: [106, 105]
16: [106, 105]
17: [106, 105]
18: [106, 105]
19: [106, 95, 96, 97, 98, 100, 102, 104, 87, 99, 101, 103, 88, 105]
20: [96, 98, 100, 102, 104, 106, 108, 87, 122, 121, 95, 97, 99, 107, 101, 105, 103, 88]
21: [108, 122, 121, 107]
22: [108, 107]
23: [108, 107]
24: [108, 107]
25: [108, 107]
26: [108, 107]
27: [108, 107]
28: [108, 107]
29: [108, 95, 97, 106, 96, 98, 99, 100, 102, 104, 87, 101, 103, 88, 105, 107]
30: [96, 98, 100, 102, 104, 106, 108, 110, 87, 122, 121, 95, 97, 99, 109, 107, 101, 105, 103, 88]
31: [110, 122, 121, 109]
32: [110, 109]
33: [110, 109]
34: [110, 109]
35: [110, 109]
36: [110, 109]
37: [110, 109]
38: [110, 109]
39: [110, 95, 97, 108, 106, 99, 96, 98, 100, 101, 102, 104, 87, 103, 88, 105, 107, 109]
40: []
41: [112, 95, 122, 121, 96, 111]
42: [112, 95, 96, 111]
43: [112, 95, 96, 111]
44: [112, 95, 96, 111]
45: [112, 95, 96, 111]
46: [112, 95, 96, 111]
47: [112, 95, 96, 111]
48: [112, 95, 96, 111]
49: [112, 95, 97, 110, 99, 108, 106, 101, 96, 98, 100, 102, 103, 104, 87, 105, 107, 109, 111, 88]
50: [97, 99, 101, 103, 105, 107, 109, 111, 88, 121, 122, 112, 98, 100, 110, 108, 102, 104, 106, 87]
51: [97, 121, 122, 98]
52: [97, 98]
53: [97, 98]
54: [97, 98]
55: [97, 98]
56: [97, 98]
57: [97, 98]
58: [97, 98]
59: [112, 97, 99, 110, 108, 101, 106, 103, 98, 100, 102, 104, 105, 107, 109, 111, 87, 88]
60: [99, 101, 103, 105, 107, 109, 111, 88, 121, 122, 112, 100, 110, 108, 102, 104, 106, 87]
61: [99, 121, 122, 100]
62: [99, 100]
63: [99, 100]
64: [99, 100]
65: [99, 100]
66: [99, 100]
67: [99, 100]
68: [99, 100]
69: [112, 99, 101, 110, 108, 103, 105, 106, 107, 109, 111, 88, 104, 100, 102, 87]
70: [101, 103, 105, 107, 109, 111, 88, 121, 122, 112, 110, 108, 102, 104, 106, 87]
71: [101, 121, 122, 102]
72: [101, 102]
73: [101, 102]
74: [101, 102]
75: [101, 102]
76: [101, 102]
77: [101, 102]
78: [101, 102]
79: [112, 101, 110, 103, 105, 107, 108, 109, 111, 88, 106, 104, 102, 87]
80: [103, 105, 107, 109, 111, 88, 121, 122, 112, 110, 108, 104, 106, 87]
81: [103, 121, 122, 104]
82: [103, 104]
83: [103, 104]
84: [103, 104]
85: [103, 104]
86: [103, 104]
87: [103, 104]
88: [103, 104]
89: [112, 103, 105, 107, 109, 110, 111, 88, 108, 106, 104, 87]
90: [105, 107, 109, 111, 88, 121, 122, 112, 110, 108, 106, 87]
91: [105, 107, 109, 111, 88, 121, 122, 112, 110, 108, 106, 87]
92: [105, 107, 109, 111, 88, 112, 110, 108, 106, 87]
93: [105, 107, 109, 111, 88, 112, 110, 108, 106, 87]
94: [105, 107, 109, 111, 88, 112, 110, 108, 106, 87]
95: [105, 107, 109, 111, 88, 112, 110, 108, 106, 87]
96: [105, 107, 109, 111, 88, 112, 110, 108, 106, 87]
97: [105, 107, 109, 111, 88, 112, 110, 108, 106, 87]
98: [105, 107, 109, 111, 88, 112, 110, 108, 106, 87]
99: [105, 107, 109, 111, 112, 88, 110, 108, 106, 87]
41
0: [96, 121, 122, 95]
1: [121, 124, 96, 122, 123, 95]
2: [124, 96, 123, 95]
3: [96, 95]
4: [96, 95]
5: [96, 95]
6: [96, 95]
7: [96, 95]
8: [96, 95]
9: [95, 96]
10: [96, 121, 122, 95]
11: [48, 49, 51, 53, 55, 57, 59, 50, 52, 54, 56, 58, 60, 47]
12: [48, 49, 51, 53, 55, 57, 59, 50, 52, 54, 56, 58, 60, 47]
13: [48, 51, 53, 55, 57, 59, 52, 54, 56, 58, 60, 47]
14: [48, 53, 55, 57, 59, 54, 56, 58, 60, 47]
15: [48, 57, 59, 55, 56, 58, 60, 47]
16: [48, 57, 59, 58, 60, 47]
17: [48, 59, 60, 47]
18: [48, 47]
19: [95, 96]
20: [96, 121, 122, 95]
21: [48, 49, 51, 53, 55, 57, 59, 50, 52, 54, 56, 58, 60, 47]
22: [49, 50]
23: [51, 52]
24: [53, 54]
25: [55, 56]
26: [57, 58]
27: [59, 60]
28: [48, 47]
29: [95, 96]
30: [96, 121, 122, 95]
31: [77, 48, 49, 51, 53, 55, 57, 59, 50, 78, 52, 54, 56, 58, 60, 47]
32: [77, 49, 50, 78]
33: [77, 51, 52, 78]
34: [77, 53, 78, 54]
35: [77, 55, 78, 56]
36: [77, 57, 78, 58]
37: [77, 78, 59, 60]
38: [77, 78, 48, 47]
39: [95, 96]
40: [96, 111, 121, 122, 95, 112]
41: []
42: [78, 79, 49, 50, 80, 77]
43: [78, 79, 51, 52, 80, 77]
44: [78, 79, 53, 54, 80, 77]
45: [78, 79, 55, 56, 80, 77]
46: [78, 79, 80, 57, 77, 58]
47: [78, 79, 80, 77, 59, 60]
48: [78, 79, 80, 77, 48, 47]
49: [112, 95, 96, 111]
50: [111, 121, 122, 112]
51: [47, 80, 50, 52, 54, 56, 58, 60, 49, 79, 51, 53, 55, 57, 59, 48]
52: [80, 49, 50, 79]
53: [80, 51, 52, 79]
54: [80, 53, 54, 79]
55: [80, 56, 79, 55]
56: [80, 79, 57, 58]
57: [80, 79, 59, 60]
58: [80, 79, 48, 47]
59: [112, 111]
60: [111, 122, 121, 112]
61: [47, 50, 52, 54, 56, 58, 60, 49, 51, 53, 55, 57, 59, 48]
62: [50, 49]
63: [52, 51]
64: [54, 53]
65: [56, 55]
66: [58, 57]
67: [60, 59]
68: [47, 48]
69: [112, 111]
70: [111, 122, 121, 112]
71: [47, 50, 52, 54, 56, 58, 60, 49, 51, 53, 55, 57, 59, 48]
72: [50, 49]
73: [52, 51]
74: [54, 53]
75: [56, 55]
76: [58, 57]
77: [60, 59]
78: [47, 48]
79: [112, 111]
80: [111, 122, 121, 112]
81: [47, 50, 52, 54, 56, 58, 60, 49, 51, 53, 55, 57, 59, 48]
82: [47, 50, 52, 54, 56, 58, 60, 49, 51, 53, 55, 57, 59, 48]
83: [47, 52, 54, 56, 58, 60, 51, 53, 55, 57, 59, 48]
84: [47, 54, 56, 58, 60, 53, 55, 57, 59, 48]
85: [56, 58, 60, 47, 55, 57, 59, 48]
86: [58, 60, 47, 57, 59, 48]
87: [60, 47, 59, 48]
88: [47, 48]
89: [112, 111]
90: [122, 111, 121, 112]
91: [122, 123, 111, 121, 124, 112]
92: [123, 111, 124, 112]
93: [111, 112]
94: [111, 112]
95: [111, 112]
96: [111, 112]
97: [111, 112]
98: [112, 111]
99: [112, 111]
42
0: [96, 95]
1: [123, 96, 124, 95]
2: [123, 126, 96, 124, 125, 95]
3: [126, 96, 125, 95]
4: [96, 95]
5: [96, 95]
6: [96, 95]
7: [96, 95]
8: [95, 96]
9: [95, 96]
10: [96, 95]
11: [50, 49]
12: [50, 61, 49, 62]
13: [61, 62]
14: [61, 62]
15: [61, 62]
16: [61, 62]
17: [61, 62]
18: [61, 62]
19: [95, 96]
20: [96, 95]
21: [50, 49]
22: [38, 19, 24, 26, 28, 37, 23, 25, 27, 20]
23: [38, 19, 24, 26, 28, 37, 23, 25, 27, 20]
24: [24, 26, 19, 28, 23, 25, 27, 20]
25: [24, 26, 19, 28, 23, 25, 27, 20]
26: [24, 26, 19, 28, 23, 25, 27, 20]
27: [19, 23, 24, 26, 28, 25, 27, 20]
28: [61, 62]
29: [95, 96]
30: [96, 95]
31: [77, 50, 49, 78]
32: [38, 19, 24, 26, 28, 30, 37, 23, 25, 27, 29, 20]
33: [30, 38, 37, 29]
34: [30, 29]
35: [30, 29]
36: [30, 29]
37: [30, 23, 19, 24, 25, 26, 28, 27, 20, 29]
38: [78, 77, 61, 62]
39: [95, 96]
40: [96, 111, 95, 112]
41: [80, 77, 50, 49, 78, 79]
42: []
43: [32, 23, 38, 37, 24, 31]
44: [32, 23, 24, 31]
45: [32, 23, 24, 31]
46: [32, 23, 24, 31]
47: [32, 23, 25, 30, 19, 24, 26, 27, 28, 20, 29, 31]
48: [78, 79, 80, 77, 61, 62]
49: [112, 95, 96, 111]
50: [111, 112]
51: [80, 49, 50, 79]
52: [37, 20, 25, 27, 29, 31, 38, 32, 26, 28, 30, 19]
53: [25, 37, 38, 26]
54: [25, 26]
55: [25, 26]
56: [25, 26]
57: [32, 25, 27, 30, 19, 20, 26, 28, 29, 31]
58: [79, 80, 61, 62]
59: [112, 111]
60: [111, 112]
61: [49, 50]
62: [37, 20, 27, 29, 31, 38, 32, 28, 30, 19]
63: [27, 37, 38, 28]
64: [27, 28]
65: [27, 28]
66: [27, 28]
67: [32, 27, 20, 29, 30, 31, 19, 28]
68: [62, 61]
69: [112, 111]
70: [111, 112]
71: [49, 50]
72: [37, 20, 29, 31, 38, 32, 30, 19]
73: [37, 20, 29, 31, 38, 32, 30, 19]
74: [20, 29, 31, 32, 30, 19]
75: [20, 29, 31, 32, 30, 19]
76: [20, 29, 31, 32, 30, 19]
77: [32, 20, 29, 31, 30, 19]
78: [62, 61]
79: [112, 111]
80: [111, 112]
81: [49, 50]
82: [49, 62, 50, 61]
83: [62, 61]
84: [62, 61]
85: [62, 61]
86: [62, 61]
87: [62, 61]
88: [62, 61]
89: [112, 111]
90: [111, 112]
91: [124, 111, 123, 112]
92: [124, 125, 111, 123, 126, 112]
93: [125, 111, 126, 112]
94: [111, 112]
95: [111, 112]
96: [111, 112]
97: [112, 111]
98: [112, 111]
99: [112, 111]
43
0: [96, 95]
1: [96, 95]
2: [125, 96, 126, 95]
3: [128, 125, 96, 127, 126, 95]
4: [128, 96, 127, 95]
5: [96, 95]
6: [96, 95]
7: [95, 96]
8: [95, 96]
9: [95, 96]
10: [96, 95]
11: [52, 51]
12: [52, 51]
13: [52, 63, 51, 64]
14: [63, 64]
15: [63, 64]
16: [63, 64]
17: [63, 64]
18: [63, 64]
19: [95, 96]
20: [96, 95]
21: [52, 51]
22: [24, 37, 38, 23]
23: [40, 37, 24, 39, 38, 23]
24: [40, 24, 39, 23]
25: [24, 23]
26: [24, 23]
27: [23, 24]
28: [63, 64]
29: [95, 96]
30: [96, 95]
31: [77, 52, 51, 78]
32: [24, 37, 38, 23]
33: [13, 4, 5, 7, 6, 14, 8, 3]
34: [13, 4, 5, 7, 6, 14, 8, 3]
35: [4, 13, 7, 14, 8, 3]
36: [4, 13, 14, 3]
37: [23, 24]
38: [78, 77, 63, 64]
39: [95, 96]
40: [96, 111, 95, 112]
41: [80, 77, 52, 51, 78, 79]
42: [24, 31, 37, 38, 23, 32]
43: []
44: [14, 15, 5, 6, 16, 13]
45: [14, 15, 7, 8, 16, 13]
46: [14, 15, 16, 4, 13, 3]
47: [32, 23, 24, 31]
48: [78, 79, 80, 77, 63, 64]
49: [112, 95, 96, 111]
50: [111, 112]
51: [80, 51, 52, 79]
52: [31, 37, 38, 32]
53: [8, 16, 3, 6, 5, 15, 7, 4]
54: [16, 5, 6, 15]
55: [16, 8, 15, 7]
56: [16, 15, 3, 4]
57: [32, 31]
58: [79, 80, 64, 63]
59: [112, 111]
60: [111, 112]
61: [51, 52]
62: [31, 38, 37, 32]
63: [8, 3, 6, 5, 7, 4]
64: [8, 3, 6, 5, 7, 4]
65: [8, 3, 7, 4]
66: [3, 4]
67: [32, 31]
68: [64, 63]
69: [112, 111]
70: [111, 112]
71: [51, 52]
72: [38, 31, 37, 32]
73: [38, 39, 31, 40, 37, 32]
74: [39, 31, 40, 32]
75: [31, 32]
76: [32, 31]
77: [32, 31]
78: [64, 63]
79: [112, 111]
80: [111, 112]
81: [51, 52]
82: [51, 52]
83: [64, 51, 52, 63]
84: [64, 63]
85: [64, 63]
86: [64, 63]
87: [64, 63]
88: [64, 63]
89: [112, 111]
90: [111, 112]
91: [111, 112]
92: [126, 111, 125, 112]
93: [126, 127, 111, 128, 125, 112]
94: [127, 111, 128, 112]
95: [111, 112]
96: [112, 111]
97: [112, 111]
98: [112, 111]
99: [112, 111]
44
0: [96, 95]
1: [96, 95]
2: [96, 95]
3: [127, 96, 128, 95]
4: [130, 127, 96, 95, 128, 129]
5: [130, 96, 95, 129]
6: [95, 96]
7: [95, 96]
8: [95, 96]
9: [95, 96]
10: [96, 95]
11: [54, 53]
12: [54, 53]
13: [54, 53]
14: [65, 54, 53, 66]
15: [65, 66]
16: [65, 66]
17: [65, 66]
18: [65, 66]
19: [95, 96]
20: [96, 95]
21: [54, 53]
22: [24, 23]
23: [39, 24, 40, 23]
24: [42, 39, 24, 23, 40, 41]
25: [42, 24, 23, 41]
26: [23, 24]
27: [23, 24]
28: [65, 66]
29: [95, 96]
30: [96, 95]
31: [77, 54, 53, 78]
32: [24, 23]
33: [13, 6, 5, 14]
34: [9, 6, 13, 14, 5, 10]
35: [9, 13, 14, 10]
36: [9, 14, 13, 10]
37: [23, 24]
38: [78, 65, 77, 66]
39: [95, 96]
40: [96, 111, 95, 112]
41: [80, 77, 54, 53, 78, 79]
42: [24, 31, 23, 32]
43: [16, 13, 6, 5, 14, 15]
44: []
45: [1, 2]
46: [14, 15, 9, 16, 10, 13]
47: [32, 23, 24, 31]
48: [78, 79, 65, 80, 66, 77]
49: [112, 95, 96, 111]
50: [111, 112]
51: [80, 53, 54, 79]
52: [31, 32]
53: [16, 5, 6, 15]
54: [2, 1]
55: [1, 2]
56: [15, 16, 9, 10]
57: [32, 31]
58: [79, 80, 65, 66]
59: [112, 111]
60: [111, 112]
61: [53, 54]
62: [31, 32]
63: [5, 6]
64: [10, 5, 6, 9]
65: [10, 9]
66: [10, 9]
67: [32, 31]
68: [66, 65]
69: [112, 111]
70: [111, 112]
71: [53, 54]
72: [31, 32]
73: [40, 31, 39, 32]
74: [40, 41, 31, 32, 42, 39]
75: [41, 32, 42, 31]
76: [32, 31]
77: [32, 31]
78: [66, 65]
79: [112, 111]
80: [111, 112]
81: [53, 54]
82: [53, 54]
83: [53, 54]
84: [66, 53, 54, 65]
85: [66, 65]
86: [66, 65]
87: [66, 65]
88: [66, 65]
89: [112, 111]
90: [111, 112]
91: [111, 112]
92: [111, 112]
93: [128, 111, 127, 112]
94: [128, 129, 111, 112, 130, 127]
95: [129, 112, 130, 111]
96: [112, 111]
97: [112, 111]
98: [112, 111]
99: [112, 111]
45
0: [96, 95]
1: [96, 95]
2: [96, 95]
3: [96, 95]
4: [129, 96, 95, 130]
5: [129, 132, 95, 96, 130, 131]
6: [132, 95, 96, 131]
7: [95, 96]
8: [95, 96]
9: [95, 96]
10: [96, 95]
11: [56, 55]
12: [56, 55]
13: [56, 55]
14: [56, 55]
15: [56, 67, 68, 55]
16: [67, 68]
17: [67, 68]
18: [67, 68]
19: [95, 96]
20: [96, 95]
21: [56, 55]
22: [24, 23]
23: [24, 23]
24: [41, 24, 23, 42]
25: [41, 44, 23, 24, 42, 43]
26: [44, 23, 24, 43]
27: [23, 24]
28: [67, 68]
29: [95, 96]
30: [96, 95]
31: [77, 56, 78, 55]
32: [24, 23]
33: [8, 13, 14, 7]
34: [8, 13, 14, 7]
35: [8, 11, 14, 13, 12, 7]
36: [11, 14, 12, 13]
37: [23, 24]
38: [78, 67, 68, 77]
39: [95, 96]
40: [96, 111, 95, 112]
41: [80, 77, 56, 79, 78, 55]
42: [24, 31, 23, 32]
43: [16, 13, 8, 15, 14, 7]
44: [2, 1]
45: []
46: [14, 15, 11, 12, 16, 13]
47: [32, 23, 24, 31]
48: [78, 79, 67, 68, 80, 77]
49: [112, 95, 96, 111]
50: [111, 112]
51: [80, 56, 79, 55]
52: [31, 32]
53: [16, 8, 15, 7]
54: [1, 2]
55: [1, 2]
56: [15, 11, 12, 16]
57: [32, 31]
58: [79, 67, 68, 80]
59: [112, 111]
60: [111, 112]
61: [55, 56]
62: [31, 32]
63: [7, 8]
64: [7, 8]
65: [12, 7, 11, 8]
66: [12, 11]
67: [32, 31]
68: [68, 67]
69: [112, 111]
70: [111, 112]
71: [55, 56]
72: [31, 32]
73: [31, 32]
74: [42, 32, 41, 31]
75: [42, 43, 32, 41, 44, 31]
76: [43, 32, 44, 31]
77: [32, 31]
78: [68, 67]
79: [112, 111]
80: [111, 112]
81: [55, 56]
82: [55, 56]
83: [55, 56]
84: [55, 56]
85: [68, 55, 67, 56]
86: [68, 67]
87: [68, 67]
88: [68, 67]
89: [112, 111]
90: [111, 112]
91: [111, 112]
92: [111, 112]
93: [111, 112]
94: [130, 112, 129, 111]
95: [130, 131, 112, 129, 132, 111]
96: [131, 112, 132, 111]
97: [112, 111]
98: [112, 111]
99: [112, 111]
46
0: [96, 95]
1: [96, 95]
2: [96, 95]
3: [96, 95]
4: [95, 96]
5: [131, 95, 96, 132]
6: [131, 134, 95, 96, 132, 133]
7: [134, 95, 133, 96]
8: [95, 96]
9: [95, 96]
10: [96, 95]
11: [58, 57]
12: [58, 57]
13: [58, 57]
14: [58, 57]
15: [58, 57]
16: [58, 69, 70, 57]
17: [69, 70]
18: [69, 70]
19: [95, 96]
20: [96, 95]
21: [58, 57]
22: [24, 23]
23: [24, 23]
24: [23, 24]
25: [43, 23, 24, 44]
26: [43, 46, 23, 24, 44, 45]
27: [46, 23, 45, 24]
28: [69, 70]
29: [95, 96]
30: [96, 95]
31: [77, 58, 78, 57]
32: [24, 23]
33: [3, 13, 14, 4]
34: [10, 3, 14, 13, 9, 4]
35: [10, 3, 12, 14, 11, 13, 9, 4]
36: [10, 3, 12, 14, 11, 13, 9, 4]
37: [23, 46, 45, 24]
38: [78, 69, 70, 77]
39: [95, 96]
40: [96, 111, 95, 112]
41: [80, 77, 58, 78, 79, 57]
42: [24, 31, 23, 32]
43: [16, 13, 3, 14, 15, 4]
44: [16, 13, 10, 9, 14, 15]
45: [16, 13, 12, 11, 14, 15]
46: []
47: [32, 23, 46, 45, 24, 31]
48: [78, 79, 69, 70, 80, 77]
49: [112, 95, 96, 111]
50: [111, 112]
51: [80, 79, 57, 58]
52: [31, 32]
53: [16, 15, 3, 4]
54: [15, 16, 9, 10]
55: [15, 11, 12, 16]
56: [9, 11, 4, 15, 16, 12, 10, 3]
57: [32, 45, 46, 31]
58: [79, 69, 70, 80]
59: [112, 111]
60: [111, 112]
61: [57, 58]
62: [31, 32]
63: [4, 3]
64: [9, 4, 10, 3]
65: [9, 11, 4, 12, 10, 3]
66: [9, 11, 4, 12, 10, 3]
67: [32, 45, 46, 31]
68: [70, 69]
69: [112, 111]
70: [111, 112]
71: [57, 58]
72: [31, 32]
73: [32, 31]
74: [32, 31]
75: [44, 32, 43, 31]
76: [44, 45, 32, 43, 46, 31]
77: [32, 45, 46, 31]
78: [70, 69]
79: [112, 111]
80: [111, 112]
81: [57, 58]
82: [57, 58]
83: [57, 58]
84: [57, 58]
85: [57, 58]
86: [57, 70, 69, 58]
87: [70, 69]
88: [70, 69]
89: [112, 111]
90: [111, 112]
91: [111, 112]
92: [111, 112]
93: [112, 111]
94: [112, 111]
95: [132, 112, 131, 111]
96: [132, 133, 112, 131, 134, 111]
97: [133, 112, 134, 111]
98: [112, 111]
99: [112, 111]
47
0: [96, 95]
1: [96, 95]
2: [96, 95]
3: [95, 96]
4: [95, 96]
5: [95, 96]
6: [133, 95, 134, 96]
7: [136, 133, 95, 134, 135, 96]
8: [136, 95, 135, 96]
9: [95, 96]
10: [96, 95]
11: [60, 59]
12: [60, 59]
13: [60, 59]
14: [60, 59]
15: [60, 59]
16: [60, 59]
17: [60, 71, 72, 59]
18: [71, 72]
19: [95, 96]
20: [96, 95]
21: [60, 59]
22: [20, 23, 24, 25, 27, 26, 28, 19]
23: [25, 27, 20, 23, 24, 26, 28, 19]
24: [25, 27, 20, 23, 24, 26, 28, 19]
25: [25, 27, 20, 23, 24, 26, 28, 19]
26: [45, 20, 23, 25, 27, 46, 24, 26, 28, 19]
27: [45, 20, 23, 25, 27, 46, 24, 26, 28, 19]
28: [71, 72]
29: [95, 96]
30: [96, 95]
31: [77, 78, 60, 59]
32: [24, 29, 20, 23, 25, 26, 27, 28, 19, 30]
33: [29, 30]
34: [29, 30]
35: [29, 30]
36: [29, 45, 46, 30]
37: [45, 20, 23, 25, 27, 29, 46, 24, 26, 28, 30, 19]
38: [78, 71, 72, 77]
39: [95, 96]
40: [96, 111, 95, 112]
41: [80, 77, 78, 79, 60, 59]
42: [24, 31, 26, 29, 20, 23, 25, 27, 28, 32, 19, 30]
43: [24, 31, 23, 32]
44: [24, 31, 23, 32]
45: [24, 31, 23, 32]
46: [24, 31, 45, 46, 23, 32]
47: []
48: [78, 79, 71, 72, 80, 77]
49: [112, 95, 96, 111]
50: [111, 112]
51: [80, 79, 59, 60]
52: [26, 31, 28, 29, 32, 19, 20, 25, 27, 30]
53: [26, 25]
54: [26, 25]
55: [26, 25]
56: [26, 45, 46, 25]
57: [32, 46, 19, 26, 28, 30, 45, 25, 31, 27, 29, 20]
58: [79, 72, 71, 80]
59: [112, 111]
60: [111, 112]
61: [59, 60]
62: [28, 31, 32, 19, 29, 30, 27, 20]
63: [28, 27]
64: [28, 27]
65: [28, 27]
66: [28, 46, 45, 27]
67: [32, 46, 19, 28, 30, 45, 31, 27, 29, 20]
68: [72, 71]
69: [112, 111]
70: [111, 112]
71: [59, 60]
72: [32, 19, 30, 31, 29, 20]
73: [32, 19, 30, 31, 29, 20]
74: [32, 19, 30, 31, 29, 20]
75: [32, 19, 30, 31, 29, 20]
76: [32, 46, 19, 30, 45, 31, 29, 20]
77: [32, 46, 19, 30, 45, 31, 29, 20]
78: [72, 71]
79: [112, 111]
80: [111, 112]
81: [59, 60]
82: [59, 60]
83: [59, 60]
84: [59, 60]
85: [59, 60]
86: [59, 60]
87: [72, 59, 71, 60]
88: [72, 71]
89: [112, 111]
90: [111, 112]
91: [111, 112]
92: [112, 111]
93: [112, 111]
94: [112, 111]
95: [112, 111]
96: [134, 112, 133, 111]
97: [134, 135, 112, 136, 133, 111]
98: [135, 112, 136, 111]
99: [112, 111]
48
0: [96, 95]
1: [96, 95]
2: [95, 96]
3: [95, 96]
4: [95, 96]
5: [95, 96]
6: [95, 96]
7: [135, 95, 136, 96]
8: [138, 135, 95, 136, 137, 96]
9: [138, 95, 137, 96]
10: [96, 95]
11: [47, 48]
12: [62, 47, 61, 48]
13: [64, 62, 47, 63, 61, 48]
14: [64, 66, 62, 47, 65, 63, 61, 48]
15: [64, 66, 68, 47, 62, 67, 65, 63, 61, 48]
16: [64, 66, 68, 70, 47, 62, 69, 67, 65, 63, 61, 48]
17: [64, 66, 68, 70, 72, 47, 62, 71, 69, 67, 65, 63, 61, 48]
18: [64, 66, 68, 70, 72, 47, 62, 71, 69, 67, 65, 63, 61, 48]
19: [95, 138, 137, 96]
20: [96, 95]
21: [47, 48]
22: [62, 61]
23: [64, 63]
24: [66, 65]
25: [68, 67]
26: [70, 69]
27: [72, 71]
28: [64, 66, 68, 70, 72, 47, 62, 71, 69, 67, 65, 63, 61, 48]
29: [95, 138, 137, 96]
30: [96, 95]
31: [77, 78, 47, 48]
32: [78, 77, 62, 61]
33: [78, 64, 77, 63]
34: [78, 66, 77, 65]
35: [78, 68, 67, 77]
36: [78, 70, 69, 77]
37: [78, 72, 71, 77]
38: [64, 66, 68, 70, 72, 78, 47, 62, 77, 71, 69, 67, 65, 63, 61, 48]
39: [95, 138, 137, 96]
40: [96, 111, 95, 112]
41: [80, 77, 78, 79, 47, 48]
42: [80, 77, 78, 79, 62, 61]
43: [80, 77, 64, 78, 79, 63]
44: [80, 77, 66, 65, 78, 79]
45: [80, 77, 68, 67, 78, 79]
46: [80, 77, 70, 69, 78, 79]
47: [80, 77, 72, 71, 78, 79]
48: []
49: [112, 95, 138, 137, 96, 111]
50: [111, 112]
51: [80, 79, 48, 47]
52: [79, 80, 61, 62]
53: [79, 80, 64, 63]
54: [79, 80, 65, 66]
55: [79, 67, 68, 80]
56: [79, 69, 70, 80]
57: [79, 72, 71, 80]
58: [65, 67, 69, 71, 79, 48, 61, 63, 72, 80, 70, 68, 66, 64, 62, 47]
59: [112, 137, 138, 111]
60: [111, 112]
61: [48, 47]
62: [61, 62]
63: [63, 64]
64: [65, 66]
65: [67, 68]
66: [69, 70]
67: [71, 72]
68: [65, 67, 69, 71, 48, 61, 63, 72, 70, 68, 66, 64, 62, 47]
69: [112, 137, 138, 111]
70: [111, 112]
71: [48, 47]
72: [61, 62]
73: [63, 64]
74: [65, 66]
75: [67, 68]
76: [69, 70]
77: [71, 72]
78: [65, 67, 69, 71, 48, 61, 63, 72, 70, 68, 66, 64, 62, 47]
79: [112, 137, 138, 111]
80: [111, 112]
81: [48, 47]
82: [48, 61, 62, 47]
83: [48, 61, 63, 64, 62, 47]
84: [48, 65, 61, 63, 66, 64, 62, 47]
85: [65, 67, 48, 61, 63, 68, 66, 64, 62, 47]
86: [65, 67, 69, 48, 61, 63, 70, 68, 66, 64, 62, 47]
87: [65, 67, 69, 71, 48, 61, 63, 72, 70, 68, 66, 64, 62, 47]
88: [65, 67, 69, 71, 48, 61, 63, 72, 70, 68, 66, 64, 62, 47]
89: [112, 137, 138, 111]
90: [111, 112]
91: [112, 111]
92: [112, 111]
93: [112, 111]
94: [112, 111]
95: [112, 111]
96: [112, 111]
97: [136, 112, 135, 111]
98: [136, 137, 112, 138, 135, 111]
99: [112, 137, 138, 111]
49
0: [96, 97, 99, 101, 103, 88, 95, 98, 100, 102, 104, 87]
1: [97, 99, 101, 103, 88, 95, 96, 98, 100, 102, 104, 87]
2: [97, 99, 101, 103, 88, 95, 96, 98, 100, 102, 104, 87]
3: [97, 99, 101, 103, 88, 95, 96, 98, 100, 102, 104, 87]
4: [97, 99, 101, 103, 88, 95, 96, 98, 100, 102, 104, 87]
5: [97, 99, 101, 103, 88, 95, 96, 98, 100, 102, 104, 87]
6: [97, 99, 101, 103, 88, 95, 96, 98, 100, 102, 104, 87]
7: [97, 99, 101, 103, 88, 95, 96, 98, 100, 102, 104, 87]
8: [97, 99, 101, 103, 137, 88, 95, 138, 96, 98, 100, 102, 104, 87]
9: [97, 99, 101, 103, 137, 88, 95, 138, 96, 98, 100, 102, 104, 87]
10: [96, 105, 97, 98, 99, 101, 103, 88, 95, 100, 102, 104, 106, 87]
11: [105, 106]
12: [105, 106]
13: [105, 106]
14: [105, 106]
15: [105, 106]
16: [105, 106]
17: [105, 106]
18: [105, 137, 138, 106]
19: [97, 99, 101, 103, 105, 137, 88, 95, 138, 96, 98, 100, 102, 104, 106, 87]
20: [96, 107, 105, 98, 97, 99, 100, 101, 103, 88, 95, 102, 104, 106, 108, 87]
21: [107, 108]
22: [107, 108]
23: [107, 108]
24: [107, 108]
25: [107, 108]
26: [107, 108]
27: [107, 108]
28: [107, 137, 138, 108]
29: [97, 99, 101, 103, 105, 137, 107, 88, 95, 138, 96, 98, 100, 108, 102, 104, 106, 87]
30: [96, 109, 98, 107, 105, 100, 97, 99, 101, 102, 103, 88, 95, 104, 106, 108, 110, 87]
31: [109, 110]
32: [109, 110]
33: [109, 110]
34: [109, 110]
35: [109, 110]
36: [109, 110]
37: [109, 110]
38: [109, 137, 138, 110]
39: [97, 99, 101, 103, 105, 137, 107, 109, 88, 95, 138, 96, 98, 100, 110, 108, 102, 104, 106, 87]
40: [96, 111, 98, 109, 107, 100, 105, 102, 97, 99, 101, 103, 104, 88, 95, 106, 108, 110, 112, 87]
41: [96, 111, 95, 112]
42: [96, 111, 95, 112]
43: [96, 111, 95, 112]
44: [96, 111, 95, 112]
45: [96, 111, 95, 112]
46: [96, 111, 95, 112]
47: [96, 111, 95, 112]
48: [96, 111, 137, 138, 95, 112]
49: []
50: [98, 111, 100, 109, 107, 102, 104, 105, 97, 99, 101, 103, 106, 108, 110, 112, 87, 88]
51: [98, 97]
52: [98, 97]
53: [98, 97]
54: [98, 97]
55: [98, 97]
56: [98, 97]
57: [98, 97]
58: [98, 137, 138, 97]
59: [98, 100, 102, 104, 106, 138, 108, 110, 112, 87, 137, 97, 111, 99, 109, 107, 101, 105, 103, 88]
60: [100, 111, 109, 102, 104, 107, 105, 106, 108, 110, 112, 87, 88, 99, 101, 103]
61: [100, 99]
62: [100, 99]
63: [100, 99]
64: [100, 99]
65: [100, 99]
66: [100, 99]
67: [100, 99]
68: [100, 138, 137, 99]
69: [100, 102, 104, 106, 138, 108, 110, 112, 87, 137, 111, 99, 109, 107, 101, 105, 103, 88]
70: [102, 111, 104, 109, 106, 107, 108, 110, 112, 87, 105, 88, 101, 103]
71: [102, 101]
72: [102, 101]
73: [102, 101]
74: [102, 101]
75: [102, 101]
76: [102, 101]
77: [102, 101]
78: [102, 138, 137, 101]
79: [102, 104, 106, 138, 108, 110, 112, 87, 137, 111, 109, 107, 101, 105, 103, 88]
80: [104, 111, 106, 108, 109, 110, 112, 87, 107, 105, 88, 103]
81: [104, 103]
82: [104, 103]
83: [104, 103]
84: [104, 103]
85: [104, 103]
86: [104, 103]
87: [104, 103]
88: [104, 138, 137, 103]
89: [104, 106, 138, 108, 110, 112, 87, 137, 111, 109, 107, 105, 103, 88]
90: [106, 108, 110, 111, 112, 87, 109, 107, 105, 88]
91: [106, 108, 110, 112, 87, 111, 109, 107, 105, 88]
92: [106, 108, 110, 112, 87, 111, 109, 107, 105, 88]
93: [106, 108, 110, 112, 87, 111, 109, 107, 105, 88]
94: [106, 108, 110, 112, 87, 111, 109, 107, 105, 88]
95: [106, 108, 110, 112, 87, 111, 109, 107, 105, 88]
96: [106, 108, 110, 112, 87, 111, 109, 107, 105, 88]
97: [106, 108, 110, 112, 87, 111, 109, 107, 105, 88]
98: [106, 138, 108, 110, 112, 87, 137, 111, 109, 107, 105, 88]
99: [106, 138, 108, 110, 112, 87, 137, 111, 109, 107, 105, 88]
50
0: [98, 100, 102, 104, 87, 122, 121, 97, 99, 101, 103, 88]
1: [98, 100, 102, 104, 87, 122, 121, 97, 99, 101, 103, 88]
2: [98, 100, 102, 104, 87, 97, 99, 101, 103, 88]
3: [98, 100, 102, 104, 87, 97, 99, 101, 103, 88]
4: [98, 100, 102, 104, 87, 97, 99, 101, 103, 88]
5: [98, 100, 102, 104, 87, 97, 99, 101, 103, 88]
6: [98, 100, 102, 104, 87, 97, 99, 101, 103, 88]
7: [98, 100, 102, 104, 87, 97, 99, 101, 103, 88]
8: [98, 100, 102, 104, 87, 97, 99, 101, 103, 88]
9: [97, 98, 100, 102, 104, 87, 99, 101, 103, 88]
10: [98, 100, 102, 104, 106, 87, 122, 121, 97, 99, 101, 105, 103, 88]
11: [106, 122, 121, 105]
12: [106, 105]
13: [106, 105]
14: [106, 105]
15: [106, 105]
16: [106, 105]
17: [106, 105]
18: [106, 105]
19: [97, 106, 98, 99, 100, 102, 104, 87, 101, 103, 88, 105]
20: [98, 100, 102, 104, 106, 108, 87, 122, 121, 97, 99, 107, 101, 105, 103, 88]
21: [108, 122, 121, 107]
22: [108, 107]
23: [108, 107]
24: [108, 107]
25: [108, 107]
26: [108, 107]
27: [108, 107]
28: [108, 107]
29: [97, 108, 106, 99, 98, 100, 101, 102, 104, 87, 103, 88, 105, 107]
30: [98, 100, 102, 104, 106, 108, 110, 87, 122, 121, 97, 99, 109, 107, 101, 105, 103, 88]
31: [110, 122, 121, 109]
32: [110, 109]
33: [110, 109]
34: [110, 109]
35: [110, 109]
36: [110, 109]
37: [110, 109]
38: [110, 109]
39: [97, 110, 99, 108, 106, 101, 98, 100, 102, 103, 104, 87, 88, 105, 107, 109]
40: [98, 100, 102, 104, 106, 108, 110, 112, 87, 122, 121, 97, 111, 99, 109, 107, 101, 105, 103, 88]
41: [112, 121, 122, 111]
42: [112, 111]
43: [112, 111]
44: [112, 111]
45: [112, 111]
46: [112, 111]
47: [112, 111]
48: [112, 111]
49: [112, 97, 99, 110, 108, 101, 106, 103, 98, 100, 102, 104, 105, 107, 109, 111, 87, 88]
50: []
51: [97, 114, 121, 122, 113, 98]
52: [97, 114, 113, 98]
53: [97, 114, 113, 98]
54: [97, 114, 113, 98]
55: [97, 114, 113, 98]
56: [97, 114, 113, 98]
57: [97, 114, 113, 98]
58: [97, 114, 113, 98]
59: [97, 114, 112, 99, 101, 110, 108, 103, 105, 106, 107, 109, 111, 113, 88, 98, 100, 102, 104, 87]
60: [99, 101, 103, 105, 107, 109, 111, 113, 88, 121, 122, 114, 112, 100, 110, 108, 102, 104, 106, 87]
61: [99, 121, 122, 100]
62: [99, 100]
63: [99, 100]
64: [99, 100]
65: [99, 100]
66: [99, 100]
67: [99, 100]
68: [99, 100]
69: [114, 99, 112, 101, 110, 103, 105, 107, 108, 109, 111, 113, 88, 106, 104, 100, 102, 87]
70: [101, 103, 105, 107, 109, 111, 113, 88, 121, 122, 114, 112, 110, 108, 102, 104, 106, 87]
71: [101, 121, 122, 102]
72: [101, 102]
73: [101, 102]
74: [101, 102]
75: [101, 102]
76: [101, 102]
77: [101, 102]
78: [101, 102]
79: [114, 101, 112, 103, 105, 107, 109, 110, 111, 113, 88, 108, 106, 104, 102, 87]
80: [103, 105, 107, 109, 111, 113, 88, 121, 122, 114, 112, 110, 108, 104, 106, 87]
81: [103, 121, 122, 104]
82: [103, 104]
83: [103, 104]
84: [103, 104]
85: [103, 104]
86: [103, 104]
87: [103, 104]
88: [103, 104]
89: [114, 103, 105, 107, 109, 111, 112, 113, 88, 110, 108, 106, 104, 87]
90: [105, 107, 109, 111, 113, 88, 121, 122, 114, 112, 110, 108, 106, 87]
91: [105, 107, 109, 111, 113, 88, 121, 122, 114, 112, 110, 108, 106, 87]
92: [105, 107, 109, 111, 113, 88, 114, 112, 110, 108, 106, 87]
93: [105, 107, 109, 111, 113, 88, 114, 112, 110, 108, 106, 87]
94: [105, 107, 109, 111, 113, 88, 114, 112, 110, 108, 106, 87]
95: [105, 107, 109, 111, 113, 88, 114, 112, 110, 108, 106, 87]
96: [105, 107, 109, 111, 113, 88, 114, 112, 110, 108, 106, 87]
97: [105, 107, 109, 111, 113, 88, 114, 112, 110, 108, 106, 87]
98: [105, 107, 109, 111, 113, 88, 114, 112, 110, 108, 106, 87]
99: [105, 107, 109, 111, 113, 114, 88, 112, 110, 108, 106, 87]
51
0: [121, 98, 122, 97]
1: [121, 124, 98, 122, 123, 97]
2: [124, 98, 123, 97]
3: [98, 97]
4: [98, 97]
5: [98, 97]
6: [98, 97]
7: [98, 97]
8: [97, 98]
9: [97, 98]
10: [98, 121, 122, 97]
11: [48, 49, 51, 53, 55, 57, 59, 50, 52, 54, 56, 58, 60, 47]
12: [48, 49, 51, 53, 55, 57, 59, 50, 52, 54, 56, 58, 60, 47]
13: [48, 51, 53, 55, 57, 59, 52, 54, 56, 58, 60, 47]
14: [48, 53, 55, 57, 59, 54, 56, 58, 60, 47]
15: [48, 57, 59, 55, 56, 58, 60, 47]
16: [48, 57, 59, 58, 60, 47]
17: [48, 59, 60, 47]
18: [48, 47]
19: [97, 98]
20: [98, 121, 122, 97]
21: [48, 49, 51, 53, 55, 57, 59, 50, 52, 54, 56, 58, 60, 47]
22: [49, 50]
23: [51, 52]
24: [53, 54]
25: [55, 56]
26: [57, 58]
27: [59, 60]
28: [48, 47]
29: [97, 98]
30: [98, 121, 122, 97]
31: [48, 49, 51, 53, 55, 57, 59, 50, 52, 54, 56, 58, 60, 47]
32: [49, 50]
33: [51, 52]
34: [53, 54]
35: [55, 56]
36: [57, 58]
37: [59, 60]
38: [48, 47]
39: [97, 98]
40: [98, 121, 122, 97]
41: [79, 48, 49, 51, 53, 55, 57, 59, 80, 50, 52, 54, 56, 58, 60, 47]
42: [79, 49, 50, 80]
43: [79, 51, 52, 80]
44: [79, 53, 54, 80]
45: [79, 56, 80, 55]
46: [79, 80, 57, 58]
47: [79, 80, 59, 60]
48: [80, 79, 48, 47]
49: [97, 98]
50: [113, 98, 122, 121, 114, 97]
51: []
52: [80, 81, 50, 49, 82, 79]
53: [80, 81, 52, 51, 82, 79]
54: [80, 81, 54, 53, 82, 79]
55: [80, 81, 56, 82, 79, 55]
56: [80, 81, 58, 82, 79, 57]
57: [80, 81, 82, 79, 60, 59]
58: [80, 81, 82, 79, 47, 48]
59: [97, 114, 113, 98]
60: [113, 122, 121, 114]
61: [47, 50, 82, 52, 54, 56, 58, 60, 81, 49, 51, 53, 55, 57, 59, 48]
62: [82, 50, 49, 81]
63: [82, 52, 51, 81]
64: [82, 54, 81, 53]
65: [82, 56, 81, 55]
66: [82, 81, 58, 57]
67: [82, 81, 60, 59]
68: [81, 82, 47, 48]
69: [114, 113]
70: [113, 122, 121, 114]
71: [47, 50, 52, 54, 56, 58, 60, 49, 51, 53, 55, 57, 59, 48]
72: [50, 49]
73: [52, 51]
74: [54, 53]
75: [56, 55]
76: [58, 57]
77: [60, 59]
78: [47, 48]
79: [114, 113]
80: [113, 122, 121, 114]
81: [47, 50, 52, 54, 56, 58, 60, 49, 51, 53, 55, 57, 59, 48]
82: [47, 50, 52, 54, 56, 58, 60, 49, 51, 53, 55, 57, 59, 48]
83: [47, 52, 54, 56, 58, 60, 51, 53, 55, 57, 59, 48]
84: [47, 54, 56, 58, 60, 53, 55, 57, 59, 48]
85: [56, 58, 60, 47, 55, 57, 59, 48]
86: [58, 60, 47, 57, 59, 48]
87: [60, 47, 59, 48]
88: [47, 48]
89: [114, 113]
90: [113, 122, 121, 114]
91: [122, 123, 113, 121, 124, 114]
92: [123, 113, 124, 114]
93: [113, 114]
94: [113, 114]
95: [113, 114]
96: [113, 114]
97: [113, 114]
98: [113, 114]
99: [114, 113]
52
0: [98, 97]
1: [123, 98, 124, 97]
2: [123, 126, 98, 124, 125, 97]
3: [126, 98, 125, 97]
4: [98, 97]
5: [98, 97]
6: [98, 97]
7: [97, 98]
8: [97, 98]
9: [97, 98]
10: [98, 97]
11: [50, 49]
12: [50, 61, 49, 62]
13: [61, 62]
14: [61, 62]
15: [61, 62]
16: [61, 62]
17: [61, 62]
18: [61, 62]
19: [97, 98]
20: [98, 97]
21: [50, 49]
22: [26, 19, 28, 38, 37, 25, 27, 20]
23: [26, 19, 28, 38, 37, 25, 27, 20]
24: [26, 19, 28, 25, 27, 20]
25: [26, 19, 28, 25, 27, 20]
26: [26, 19, 28, 25, 27, 20]
27: [25, 26, 19, 28, 27, 20]
28: [61, 62]
29: [97, 98]
30: [98, 97]
31: [50, 49]
32: [38, 19, 26, 28, 30, 37, 25, 27, 29, 20]
33: [30, 38, 37, 29]
34: [30, 29]
35: [30, 29]
36: [30, 29]
37: [25, 30, 27, 26, 19, 28, 20, 29]
38: [61, 62]
39: [97, 98]
40: [98, 97]
41: [79, 49, 50, 80]
42: [32, 38, 19, 26, 28, 30, 37, 25, 31, 27, 29, 20]
43: [32, 37, 38, 31]
44: [32, 31]
45: [32, 31]
46: [32, 31]
47: [32, 25, 27, 30, 19, 20, 26, 28, 29, 31]
48: [80, 79, 61, 62]
49: [97, 98]
50: [113, 98, 114, 97]
51: [82, 79, 49, 50, 80, 81]
52: []
53: [25, 34, 37, 38, 33, 26]
54: [25, 34, 33, 26]
55: [25, 34, 33, 26]
56: [25, 34, 33, 26]
57: [25, 34, 32, 27, 33, 20, 29, 30, 31, 26, 19, 28]
58: [80, 81, 82, 79, 62, 61]
59: [97, 114, 113, 98]
60: [113, 114]
61: [82, 49, 50, 81]
62: [33, 37, 20, 27, 29, 31, 38, 34, 32, 28, 30, 19]
63: [27, 37, 38, 28]
64: [27, 28]
65: [27, 28]
66: [27, 28]
67: [34, 27, 32, 33, 20, 29, 31, 30, 19, 28]
68: [81, 82, 62, 61]
69: [114, 113]
70: [113, 114]
71: [49, 50]
72: [33, 37, 20, 29, 31, 38, 34, 32, 30, 19]
73: [33, 37, 20, 29, 31, 38, 34, 32, 30, 19]
74: [33, 20, 29, 31, 34, 32, 30, 19]
75: [33, 20, 29, 31, 34, 32, 30, 19]
76: [33, 20, 29, 31, 34, 32, 30, 19]
77: [33, 34, 20, 29, 31, 32, 30, 19]
78: [62, 61]
79: [114, 113]
80: [113, 114]
81: [49, 50]
82: [49, 62, 50, 61]
83: [62, 61]
84: [62, 61]
85: [62, 61]
86: [62, 61]
87: [62, 61]
88: [62, 61]
89: [114, 113]
90: [113, 114]
91: [124, 113, 123, 114]
92: [124, 125, 113, 123, 126, 114]
93: [125, 113, 126, 114]
94: [113, 114]
95: [113, 114]
96: [113, 114]
97: [113, 114]
98: [114, 113]
99: [114, 113]
53
0: [98, 97]
1: [98, 97]
2: [125, 98, 126, 97]
3: [128, 125, 98, 126, 127, 97]
4: [128, 98, 127, 97]
5: [98, 97]
6: [97, 98]
7: [97, 98]
8: [97, 98]
9: [97, 98]
10: [98, 97]
11: [52, 51]
12: [52, 51]
13: [52, 63, 51, 64]
14: [63, 64]
15: [63, 64]
16: [63, 64]
17: [63, 64]
18: [63, 64]
19: [97, 98]
20: [98, 97]
21: [52, 51]
22: [26, 37, 38, 25]
23: [40, 37, 26, 38, 39, 25]
24: [40, 26, 39, 25]
25: [26, 25]
26: [25, 26]
27: [25, 26]
28: [63, 64]
29: [97, 98]
30: [98, 97]
31: [52, 51]
32: [26, 37, 38, 25]
33: [4, 5, 7, 6, 8, 3]
34: [4, 5, 7, 6, 8, 3]
35: [4, 7, 8, 3]
36: [4, 3]
37: [25, 26]
38: [63, 64]
39: [97, 98]
40: [98, 97]
41: [79, 51, 52, 80]
42: [26, 37, 38, 25]
43: [15, 4, 5, 7, 16, 6, 8, 3]
44: [15, 5, 6, 16]
45: [15, 8, 16, 7]
46: [16, 15, 3, 4]
47: [25, 26]
48: [80, 79, 64, 63]
49: [97, 98]
50: [113, 98, 114, 97]
51: [82, 79, 51, 52, 80, 81]
52: [33, 26, 38, 37, 34, 25]
53: []
54: [16, 17, 6, 5, 18, 15]
55: [16, 17, 8, 18, 15, 7]
56: [16, 17, 18, 3, 15, 4]
57: [25, 34, 33, 26]
58: [80, 81, 64, 82, 79, 63]
59: [97, 114, 113, 98]
60: [113, 114]
61: [82, 51, 52, 81]
62: [33, 38, 37, 34]
63: [8, 18, 3, 6, 17, 5, 7, 4]
64: [8, 18, 3, 6, 17, 5, 7, 4]
65: [8, 18, 3, 17, 7, 4]
66: [17, 18, 3, 4]
67: [34, 33]
68: [81, 64, 82, 63]
69: [114, 113]
70: [113, 114]
71: [51, 52]
72: [33, 38, 37, 34]
73: [38, 39, 33, 40, 34, 37]
74: [39, 33, 40, 34]
75: [33, 34]
76: [33, 34]
77: [34, 33]
78: [64, 63]
79: [114, 113]
80: [113, 114]
81: [51, 52]
82: [51, 52]
83: [64, 51, 52, 63]
84: [64, 63]
85: [64, 63]
86: [64, 63]
87: [64, 63]
88: [64, 63]
89: [114, 113]
90: [113, 114]
91: [113, 114]
92: [126, 113, 125, 114]
93: [126, 127, 113, 128, 114, 125]
94: [127, 113, 128, 114]
95: [113, 114]
96: [113, 114]
97: [114, 113]
98: [114, 113]
99: [114, 113]
54
0: [98, 97]
1: [98, 97]
2: [98, 97]
3: [127, 98, 128, 97]
4: [130, 127, 98, 128, 97, 129]
5: [130, 97, 98, 129]
6: [97, 98]
7: [97, 98]
8: [97, 98]
9: [97, 98]
10: [98, 97]
11: [54, 53]
12: [54, 53]
13: [54, 53]
14: [65, 54, 53, 66]
15: [65, 66]
16: [65, 66]
17: [65, 66]
18: [65, 66]
19: [97, 98]
20: [98, 97]
21: [54, 53]
22: [26, 25]
23: [39, 26, 40, 25]
24: [42, 39, 26, 40, 25, 41]
25: [42, 25, 26, 41]
26: [25, 26]
27: [25, 26]
28: [65, 66]
29: [97, 98]
30: [98, 97]
31: [54, 53]
32: [26, 25]
33: [6, 5]
34: [9, 6, 5, 10]
35: [9, 10]
36: [9, 10]
37: [25, 26]
38: [65, 66]
39: [97, 98]
40: [98, 97]
41: [79, 53, 54, 80]
42: [26, 25]
43: [15, 5, 6, 16]
44: [1, 2]
45: [1, 2]
46: [16, 9, 10, 15]
47: [25, 26]
48: [80, 65, 66, 79]
49: [97, 98]
50: [113, 98, 114, 97]
51: [82, 79, 53, 54, 80, 81]
52: [33, 26, 34, 25]
53: [18, 15, 5, 6, 16, 17]
54: []
55: [2, 1]
56: [16, 17, 10, 9, 18, 15]
57: [25, 34, 33, 26]
58: [80, 81, 66, 65, 82, 79]
59: [97, 114, 113, 98]
60: [113, 114]
61: [82, 53, 81, 54]
62: [33, 34]
63: [18, 5, 17, 6]
64: [10, 5, 18, 17, 6, 9]
65: [10, 17, 18, 9]
66: [17, 10, 18, 9]
67: [34, 33]
68: [81, 66, 82, 65]
69: [114, 113]
70: [113, 114]
71: [53, 54]
72: [33, 34]
73: [40, 33, 34, 39]
74: [40, 41, 33, 34, 42, 39]
75: [41, 33, 34, 42]
76: [34, 33]
77: [34, 33]
78: [66, 65]
79: [114, 113]
80: [113, 114]
81: [53, 54]
82: [53, 54]
83: [53, 54]
84: [66, 53, 54, 65]
85: [66, 65]
86: [66, 65]
87: [66, 65]
88: [66, 65]
89: [114, 113]
90: [113, 114]
91: [113, 114]
92: [113, 114]
93: [128, 113, 114, 127]
94: [128, 129, 113, 114, 130, 127]
95: [129, 113, 114, 130]
96: [114, 113]
97: [114, 113]
98: [114, 113]
99: [114, 113]
55
0: [98, 97]
1: [98, 97]
2: [98, 97]
3: [98, 97]
4: [129, 97, 98, 130]
5: [129, 132, 97, 98, 131, 130]
6: [132, 97, 131, 98]
7: [97, 98]
8: [97, 98]
9: [97, 98]
10: [98, 97]
11: [56, 55]
12: [56, 55]
13: [56, 55]
14: [56, 55]
15: [56, 67, 68, 55]
16: [67, 68]
17: [67, 68]
18: [67, 68]
19: [97, 98]
20: [98, 97]
21: [56, 55]
22: [26, 25]
23: [26, 25]
24: [41, 25, 26, 42]
25: [41, 44, 25, 26, 43, 42]
26: [44, 25, 43, 26]
27: [25, 26]
28: [67, 68]
29: [97, 98]
30: [98, 97]
31: [56, 55]
32: [26, 25]
33: [8, 7]
34: [8, 7]
35: [8, 11, 12, 7]
36: [11, 12]
37: [25, 26]
38: [67, 68]
39: [97, 98]
40: [98, 97]
41: [79, 56, 80, 55]
42: [26, 25]
43: [15, 8, 16, 7]
44: [1, 2]
45: [2, 1]
46: [16, 11, 12, 15]
47: [25, 26]
48: [80, 67, 68, 79]
49: [97, 98]
50: [113, 98, 114, 97]
51: [82, 79, 55, 56, 81, 80]
52: [33, 26, 34, 25]
53: [18, 15, 7, 8, 16, 17]
54: [1, 2]
55: []
56: [16, 17, 12, 11, 18, 15]
57: [25, 34, 33, 26]
58: [80, 81, 68, 67, 82, 79]
59: [97, 114, 113, 98]
60: [113, 114]
61: [82, 55, 81, 56]
62: [33, 34]
63: [18, 7, 17, 8]
64: [7, 17, 18, 8]
65: [12, 7, 17, 18, 11, 8]
66: [17, 12, 18, 11]
67: [34, 33]
68: [81, 68, 82, 67]
69: [114, 113]
70: [113, 114]
71: [55, 56]
72: [33, 34]
73: [33, 34]
74: [42, 33, 34, 41]
75: [42, 43, 34, 33, 41, 44]
76: [43, 34, 33, 44]
77: [34, 33]
78: [68, 67]
79: [114, 113]
80: [113, 114]
81: [55, 56]
82: [55, 56]
83: [55, 56]
84: [55, 56]
85: [68, 55, 67, 56]
86: [68, 67]
87: [68, 67]
88: [68, 67]
89: [114, 113]
90: [113, 114]
91: [113, 114]
92: [113, 114]
93: [113, 114]
94: [130, 113, 114, 129]
95: [130, 131, 114, 113, 129, 132]
96: [131, 114, 113, 132]
97: [114, 113]
98: [114, 113]
99: [114, 113]
56
0: [98, 97]
1: [98, 97]
2: [98, 97]
3: [97, 98]
4: [97, 98]
5: [131, 97, 132, 98]
6: [131, 134, 97, 132, 133, 98]
7: [134, 97, 133, 98]
8: [97, 98]
9: [97, 98]
10: [98, 97]
11: [58, 57]
12: [58, 57]
13: [58, 57]
14: [58, 57]
15: [58, 57]
16: [58, 69, 70, 57]
17: [69, 70]
18: [69, 70]
19: [97, 98]
20: [98, 97]
21: [58, 57]
22: [26, 25]
23: [25, 26]
24: [25, 26]
25: [43, 25, 44, 26]
26: [43, 46, 25, 44, 45, 26]
27: [25, 46, 45, 26]
28: [69, 70]
29: [97, 98]
30: [98, 97]
31: [58, 57]
32: [26, 25]
33: [3, 4]
34: [10, 3, 9, 4]
35: [10, 3, 12, 11, 9, 4]
36: [10, 3, 12, 11, 9, 4]
37: [25, 46, 45, 26]
38: [69, 70]
39: [97, 98]
40: [98, 97]
41: [79, 80, 57, 58]
42: [26, 25]
43: [16, 15, 3, 4]
44: [16, 9, 10, 15]
45: [16, 11, 12, 15]
46: [16, 10, 3, 12, 11, 15, 9, 4]
47: [25, 45, 46, 26]
48: [80, 69, 70, 79]
49: [97, 98]
50: [113, 98, 114, 97]
51: [82, 79, 80, 57, 81, 58]
52: [33, 26, 34, 25]
53: [18, 15, 16, 17, 4, 3]
54: [18, 15, 9, 16, 17, 10]
55: [18, 15, 11, 12, 16, 17]
56: []
57: [25, 34, 45, 46, 33, 26]
58: [80, 81, 70, 69, 82, 79]
59: [97, 114, 113, 98]
60: [113, 114]
61: [82, 81, 57, 58]
62: [33, 34]
63: [17, 18, 4, 3]
64: [9, 4, 17, 18, 10, 3]
65: [9, 11, 4, 17, 18, 12, 10, 3]
66: [9, 11, 4, 17, 18, 12, 10, 3]
67: [34, 45, 46, 33]
68: [81, 70, 69, 82]
69: [114, 113]
70: [113, 114]
71: [57, 58]
72: [33, 34]
73: [33, 34]
74: [34, 33]
75: [44, 34, 33, 43]
76: [44, 45, 34, 33, 43, 46]
77: [34, 45, 46, 33]
78: [70, 69]
79: [114, 113]
80: [113, 114]
81: [57, 58]
82: [57, 58]
83: [57, 58]
84: [57, 58]
85: [57, 58]
86: [57, 70, 69, 58]
87: [70, 69]
88: [70, 69]
89: [114, 113]
90: [113, 114]
91: [113, 114]
92: [113, 114]
93: [113, 114]
94: [114, 113]
95: [132, 114, 113, 131]
96: [132, 133, 114, 113, 131, 134]
97: [133, 114, 134, 113]
98: [114, 113]
99: [114, 113]
57
0: [98, 97]
1: [98, 97]
2: [97, 98]
3: [97, 98]
4: [97, 98]
5: [97, 98]
6: [133, 97, 134, 98]
7: [136, 133, 97, 134, 135, 98]
8: [136, 97, 135, 98]
9: [97, 98]
10: [98, 97]
11: [60, 59]
12: [60, 59]
13: [60, 59]
14: [60, 59]
15: [60, 59]
16: [60, 59]
17: [60, 71, 72, 59]
18: [71, 72]
19: [97, 98]
20: [98, 97]
21: [60, 59]
22: [25, 26, 27, 20, 28, 19]
23: [25, 27, 20, 26, 28, 19]
24: [25, 27, 20, 26, 28, 19]
25: [25, 27, 20, 26, 28, 19]
26: [25, 27, 20, 45, 46, 26, 28, 19]
27: [25, 27, 20, 45, 46, 26, 28, 19]
28: [71, 72]
29: [97, 98]
30: [98, 97]
31: [60, 59]
32: [26, 29, 25, 27, 20, 28, 19, 30]
33: [29, 30]
34: [29, 30]
35: [29, 30]
36: [29, 45, 46, 30]
37: [45, 20, 25, 27, 29, 46, 26, 28, 30, 19]
38: [71, 72]
39: [97, 98]
40: [98, 97]
41: [79, 80, 59, 60]
42: [26, 31, 28, 29, 32, 19, 20, 25, 27, 30]
43: [31, 32]
44: [31, 32]
45: [31, 32]
46: [31, 45, 46, 32]
47: [45, 20, 25, 27, 29, 31, 46, 32, 26, 28, 30, 19]
48: [80, 72, 71, 79]
49: [97, 98]
50: [113, 98, 114, 97]
51: [82, 79, 80, 81, 59, 60]
52: [33, 26, 28, 31, 32, 34, 19, 29, 30, 25, 27, 20]
53: [33, 26, 34, 25]
54: [33, 26, 34, 25]
55: [33, 26, 34, 25]
56: [33, 26, 46, 45, 34, 25]
57: []
58: [80, 81, 72, 71, 82, 79]
59: [97, 114, 113, 98]
60: [113, 114]
61: [82, 81, 59, 60]
62: [33, 28, 32, 34, 19, 30, 31, 29, 27, 20]
63: [28, 27]
64: [28, 27]
65: [28, 27]
66: [28, 46, 45, 27]
67: [32, 34, 46, 19, 28, 30, 45, 33, 31, 27, 29, 20]
68: [81, 72, 71, 82]
69: [114, 113]
70: [113, 114]
71: [59, 60]
72: [32, 33, 34, 19, 30, 31, 29, 20]
73: [32, 34, 19, 30, 33, 31, 29, 20]
74: [32, 34, 19, 30, 33, 31, 29, 20]
75: [32, 34, 19, 30, 33, 31, 29, 20]
76: [32, 34, 46, 19, 30, 45, 33, 31, 29, 20]
77: [32, 34, 46, 19, 30, 45, 33, 31, 29, 20]
78: [72, 71]
79: [114, 113]
80: [113, 114]
81: [59, 60]
82: [59, 60]
83: [59, 60]
84: [59, 60]
85: [59, 60]
86: [59, 60]
87: [72, 59, 71, 60]
88: [72, 71]
89: [114, 113]
90: [113, 114]
91: [113, 114]
92: [113, 114]
93: [114, 113]
94: [114, 113]
95: [114, 113]
96: [134, 114, 133, 113]
97: [134, 135, 114, 136, 133, 113]
98: [135, 114, 136, 113]
99: [114, 113]
58
0: [98, 97]
1: [97, 98]
2: [97, 98]
3: [97, 98]
4: [97, 98]
5: [97, 98]
6: [97, 98]
7: [135, 97, 136, 98]
8: [138, 135, 97, 136, 137, 98]
9: [97, 138, 137, 98]
10: [98, 97]
11: [47, 48]
12: [62, 47, 61, 48]
13: [64, 62, 47, 63, 61, 48]
14: [64, 66, 62, 47, 65, 63, 61, 48]
15: [64, 66, 68, 47, 62, 67, 65, 63, 61, 48]
16: [64, 66, 68, 70, 47, 62, 69, 67, 65, 63, 61, 48]
17: [64, 66, 68, 70, 72, 47, 62, 71, 69, 67, 65, 63, 61, 48]
18: [64, 66, 68, 70, 72, 47, 62, 71, 69, 67, 65, 63, 61, 48]
19: [97, 138, 137, 98]
20: [98, 97]
21: [47, 48]
22: [62, 61]
23: [64, 63]
24: [66, 65]
25: [68, 67]
26: [70, 69]
27: [72, 71]
28: [64, 66, 68, 70, 72, 47, 62, 71, 69, 67, 65, 63, 61, 48]
29: [97, 138, 137, 98]
30: [98, 97]
31: [47, 48]
32: [62, 61]
33: [64, 63]
34: [66, 65]
35: [68, 67]
36: [70, 69]
37: [72, 71]
38: [64, 66, 68, 70, 72, 47, 62, 71, 69, 67, 65, 63, 61, 48]
39: [97, 138, 137, 98]
40: [98, 97]
41: [80, 79, 48, 47]
42: [80, 79, 61, 62]
43: [80, 79, 64, 63]
44: [80, 65, 66, 79]
45: [80, 67, 68, 79]
46: [80, 69, 70, 79]
47: [80, 72, 71, 79]
48: [64, 66, 68, 70, 72, 47, 80, 62, 79, 71, 69, 67, 65, 63, 61, 48]
49: [97, 137, 138, 98]
50: [113, 98, 114, 97]
51: [82, 79, 80, 81, 48, 47]
52: [82, 79, 80, 81, 61, 62]
53: [82, 79, 80, 81, 63, 64]
54: [82, 79, 65, 80, 81, 66]
55: [82, 79, 67, 68, 80, 81]
56: [82, 79, 69, 70, 80, 81]
57: [82, 79, 71, 72, 80, 81]
58: []
59: [97, 114, 137, 138, 113, 98]
60: [113, 114]
61: [81, 82, 48, 47]
62: [81, 82, 61, 62]
63: [81, 82, 63, 64]
64: [81, 65, 82, 66]
65: [81, 67, 82, 68]
66: [81, 69, 70, 82]
67: [81, 71, 72, 82]
68: [65, 67, 69, 71, 48, 81, 61, 63, 72, 82, 70, 68, 66, 64, 62, 47]
69: [114, 137, 138, 113]
70: [113, 114]
71: [48, 47]
72: [61, 62]
73: [63, 64]
74: [65, 66]
75: [67, 68]
76: [69, 70]
77: [71, 72]
78: [65, 67, 69, 71, 48, 61, 63, 72, 70, 68, 66, 64, 62, 47]
79: [114, 137, 138, 113]
80: [113, 114]
81: [48, 47]
82: [48, 61, 62, 47]
83: [48, 61, 63, 64, 62, 47]
84: [48, 65, 61, 63, 66, 64, 62, 47]
85: [65, 67, 48, 61, 63, 68, 66, 64, 62, 47]
86: [65, 67, 69, 48, 61, 63, 70, 68, 66, 64, 62, 47]
87: [65, 67, 69, 71, 48, 61, 63, 72, 70, 68, 66, 64, 62, 47]
88: [65, 67, 69, 71, 48, 61, 63, 72, 70, 68, 66, 64, 62, 47]
89: [114, 137, 138, 113]
90: [113, 114]
91: [113, 114]
92: [114, 113]
93: [114, 113]
94: [114, 113]
95: [114, 113]
96: [114, 113]
97: [136, 114, 135, 113]
98: [136, 137, 114, 138, 135, 113]
99: [137, 114, 138, 113]
59
0: [97, 98, 99, 101, 103, 88, 100, 102, 104, 87]
1: [97, 99, 101, 103, 88, 98, 100, 102, 104, 87]
2: [97, 99, 101, 103, 88, 98, 100, 102, 104, 87]
3: [97, 99, 101, 103, 88, 98, 100, 102, 104, 87]
4: [97, 99, 101, 103, 88, 98, 100, 102, 104, 87]
5: [97, 99, 101, 103, 88, 98, 100, 102, 104, 87]
6: [97, 99, 101, 103, 88, 98, 100, 102, 104, 87]
7: [97, 99, 101, 103, 88, 98, 100, 102, 104, 87]
8: [97, 99, 101, 103, 137, 88, 138, 98, 100, 102, 104, 87]
9: [97, 99, 101, 103, 137, 88, 138, 98, 100, 102, 104, 87]
10: [105, 98, 97, 99, 100, 101, 103, 88, 102, 104, 106, 87]
11: [105, 106]
12: [105, 106]
13: [105, 106]
14: [105, 106]
15: [105, 106]
16: [105, 106]
17: [105, 106]
18: [105, 137, 138, 106]
19: [97, 99, 101, 103, 105, 137, 88, 138, 98, 100, 102, 104, 106, 87]
20: [98, 107, 105, 100, 97, 99, 101, 102, 103, 88, 104, 106, 108, 87]
21: [107, 108]
22: [107, 108]
23: [107, 108]
24: [107, 108]
25: [107, 108]
26: [107, 108]
27: [107, 108]
28: [107, 137, 138, 108]
29: [97, 99, 101, 103, 105, 137, 107, 88, 138, 98, 100, 108, 102, 104, 106, 87]
30: [98, 109, 107, 100, 105, 102, 97, 99, 101, 103, 104, 88, 106, 108, 110, 87]
31: [109, 110]
32: [109, 110]
33: [109, 110]
34: [109, 110]
35: [109, 110]
36: [109, 110]
37: [109, 110]
38: [109, 137, 138, 110]
39: [97, 99, 101, 103, 105, 137, 107, 109, 88, 138, 98, 100, 110, 108, 102, 104, 106, 87]
40: [98, 111, 100, 109, 107, 102, 104, 105, 97, 99, 101, 103, 106, 108, 110, 112, 87, 88]
41: [111, 112]
42: [111, 112]
43: [111, 112]
44: [111, 112]
45: [111, 112]
46: [111, 112]
47: [111, 112]
48: [111, 137, 138, 112]
49: [97, 99, 101, 103, 105, 137, 107, 109, 111, 88, 138, 112, 98, 100, 110, 108, 102, 104, 106, 87]
50: [113, 98, 100, 111, 109, 102, 104, 107, 105, 106, 108, 110, 112, 114, 87, 97, 99, 101, 103, 88]
51: [113, 98, 114, 97]
52: [113, 98, 114, 97]
53: [113, 98, 114, 97]
54: [113, 98, 114, 97]
55: [113, 98, 114, 97]
56: [113, 98, 114, 97]
57: [113, 98, 114, 97]
58: [113, 98, 138, 137, 114, 97]
59: []
60: [113, 100, 102, 111, 104, 109, 106, 107, 108, 110, 112, 114, 87, 105, 88, 99, 101, 103]
61: [100, 99]
62: [100, 99]
63: [100, 99]
64: [100, 99]
65: [100, 99]
66: [100, 99]
67: [100, 99]
68: [100, 138, 137, 99]
69: [100, 102, 104, 106, 138, 108, 110, 112, 114, 87, 137, 113, 111, 99, 109, 107, 101, 105, 103, 88]
70: [113, 102, 104, 111, 106, 108, 109, 110, 112, 114, 87, 107, 105, 88, 101, 103]
71: [102, 101]
72: [102, 101]
73: [102, 101]
74: [102, 101]
75: [102, 101]
76: [102, 101]
77: [102, 101]
78: [102, 138, 137, 101]
79: [102, 104, 106, 138, 108, 110, 112, 114, 87, 137, 113, 111, 109, 107, 101, 105, 103, 88]
80: [104, 113, 106, 108, 110, 111, 112, 114, 87, 109, 107, 105, 88, 103]
81: [104, 103]
82: [104, 103]
83: [104, 103]
84: [104, 103]
85: [104, 103]
86: [104, 103]
87: [104, 103]
88: [104, 138, 137, 103]
89: [104, 106, 138, 108, 110, 112, 114, 87, 137, 113, 111, 109, 107, 105, 103, 88]
90: [106, 108, 110, 112, 113, 114, 87, 111, 109, 107, 105, 88]
91: [106, 108, 110, 112, 114, 87, 113, 111, 109, 107, 105, 88]
92: [106, 108, 110, 112, 114, 87, 113, 111, 109, 107, 105, 88]
93: [106, 108, 110, 112, 114, 87, 113, 111, 109, 107, 105, 88]
94: [106, 108, 110, 112, 114, 87, 113, 111, 109, 107, 105, 88]
95: [106, 108, 110, 112, 114, 87, 113, 111, 109, 107, 105, 88]
96: [106, 108, 110, 112, 114, 87, 113, 111, 109, 107, 105, 88]
97: [106, 108, 110, 112, 114, 87, 113, 111, 109, 107, 105, 88]
98: [106, 138, 108, 110, 112, 114, 87, 137, 113, 111, 109, 107, 105, 88]
99: [106, 138, 108, 110, 112, 114, 87, 137, 113, 111, 109, 107, 105, 88]
60
0: [100, 102, 104, 87, 122, 121, 99, 101, 103, 88]
1: [100, 102, 104, 87, 122, 121, 99, 101, 103, 88]
2: [104, 100, 102, 87, 99, 101, 103, 88]
3: [104, 100, 102, 87, 99, 101, 103, 88]
4: [104, 100, 102, 87, 99, 101, 103, 88]
5: [104, 100, 102, 87, 99, 101, 103, 88]
6: [104, 100, 102, 87, 99, 101, 103, 88]
7: [104, 100, 102, 87, 99, 101, 103, 88]
8: [104, 100, 102, 87, 99, 101, 103, 88]
9: [99, 100, 102, 104, 87, 101, 103, 88]
10: [100, 102, 104, 106, 87, 122, 121, 99, 101, 105, 103, 88]
11: [106, 122, 121, 105]
12: [106, 105]
13: [106, 105]
14: [106, 105]
15: [106, 105]
16: [106, 105]
17: [106, 105]
18: [106, 105]
19: [106, 99, 100, 101, 102, 104, 87, 103, 88, 105]
20: [100, 102, 104, 106, 108, 87, 122, 121, 99, 107, 101, 105, 103, 88]
21: [108, 122, 121, 107]
22: [108, 107]
23: [108, 107]
24: [108, 107]
25: [108, 107]
26: [108, 107]
27: [108, 107]
28: [108, 107]
29: [99, 108, 106, 101, 100, 102, 103, 104, 87, 88, 105, 107]
30: [100, 102, 104, 106, 108, 110, 87, 122, 121, 99, 109, 107, 101, 105, 103, 88]
31: [110, 121, 122, 109]
32: [110, 109]
33: [110, 109]
34: [110, 109]
35: [110, 109]
36: [110, 109]
37: [110, 109]
38: [110, 109]
39: [99, 110, 108, 101, 106, 103, 100, 102, 104, 105, 107, 109, 87, 88]
40: [100, 102, 104, 106, 108, 110, 112, 87, 122, 121, 111, 99, 109, 107, 101, 105, 103, 88]
41: [112, 121, 122, 111]
42: [112, 111]
43: [112, 111]
44: [112, 111]
45: [112, 111]
46: [112, 111]
47: [112, 111]
48: [112, 111]
49: [112, 99, 101, 110, 108, 103, 105, 106, 107, 109, 111, 88, 104, 100, 102, 87]
50: [100, 102, 104, 106, 108, 110, 112, 114, 87, 122, 121, 113, 111, 99, 109, 107, 101, 105, 103, 88]
51: [114, 121, 122, 113]
52: [114, 113]
53: [114, 113]
54: [114, 113]
55: [114, 113]
56: [114, 113]
57: [114, 113]
58: [114, 113]
59: [114, 99, 112, 101, 110, 103, 105, 107, 108, 109, 111, 113, 88, 106, 104, 100, 102, 87]
60: []
61: [99, 116, 121, 122, 115, 100]
62: [99, 116, 115, 100]
63: [99, 116, 115, 100]
64: [99, 116, 115, 100]
65: [99, 116, 115, 100]
66: [99, 116, 115, 100]
67: [99, 116, 115, 100]
68: [99, 116, 115, 100]
69: [99, 116, 114, 101, 112, 103, 105, 107, 109, 110, 111, 113, 115, 88, 108, 106, 104, 100, 102, 87]
70: [101, 103, 105, 107, 109, 111, 113, 115, 88, 121, 122, 116, 114, 112, 110, 108, 102, 104, 106, 87]
71: [101, 121, 122, 102]
72: [101, 102]
73: [101, 102]
74: [101, 102]
75: [101, 102]
76: [101, 102]
77: [101, 102]
78: [101, 102]
79: [116, 101, 114, 103, 105, 107, 109, 111, 112, 113, 115, 88, 110, 108, 106, 104, 102, 87]
80: [103, 105, 107, 109, 111, 113, 115, 88, 121, 122, 116, 114, 112, 110, 108, 104, 106, 87]
81: [103, 121, 122, 104]
82: [103, 104]
83: [103, 104]
84: [103, 104]
85: [103, 104]
86: [103, 104]
87: [103, 104]
88: [103, 104]
89: [116, 103, 105, 107, 109, 111, 113, 114, 115, 88, 112, 110, 108, 106, 104, 87]
90: [105, 107, 109, 111, 113, 115, 88, 121, 122, 116, 114, 112, 110, 108, 106, 87]
91: [105, 107, 109, 111, 113, 115, 88, 121, 122, 116, 114, 112, 110, 108, 106, 87]
92: [105, 107, 109, 111, 113, 115, 88, 116, 114, 112, 110, 108, 106, 87]
93: [105, 107, 109, 111, 113, 115, 88, 116, 114, 112, 110, 108, 106, 87]
94: [105, 107, 109, 111, 113, 115, 88, 116, 114, 112, 110, 108, 106, 87]
95: [105, 107, 109, 111, 113, 115, 88, 116, 114, 112, 110, 108, 106, 87]
96: [105, 107, 109, 111, 113, 115, 88, 116, 114, 112, 110, 108, 106, 87]
97: [105, 107, 109, 111, 113, 115, 88, 116, 114, 112, 110, 108, 106, 87]
98: [105, 107, 109, 111, 113, 115, 88, 116, 114, 112, 110, 108, 106, 87]
99: [105, 107, 109, 111, 113, 115, 116, 88, 114, 112, 110, 108, 106, 87]
61
0: [121, 100, 122, 99]
1: [121, 124, 100, 122, 123, 99]
2: [124, 100, 123, 99]
3: [100, 99]
4: [100, 99]
5: [100, 99]
6: [100, 99]
7: [100, 99]
8: [99, 100]
9: [99, 100]
10: [100, 121, 122, 99]
11: [48, 49, 51, 53, 55, 57, 59, 50, 52, 54, 56, 58, 60, 47]
12: [48, 49, 51, 53, 55, 57, 59, 50, 52, 54, 56, 58, 60, 47]
13: [48, 51, 53, 55, 57, 59, 52, 54, 56, 58, 60, 47]
14: [48, 53, 55, 57, 59, 54, 56, 58, 60, 47]
15: [48, 57, 59, 55, 56, 58, 60, 47]
16: [48, 57, 59, 58, 60, 47]
17: [48, 59, 60, 47]
18: [48, 47]
19: [99, 100]
20: [100, 121, 122, 99]
21: [48, 49, 51, 53, 55, 57, 59, 50, 52, 54, 56, 58, 60, 47]
22: [49, 50]
23: [51, 52]
24: [53, 54]
25: [55, 56]
26: [57, 58]
27: [59, 60]
28: [48, 47]
29: [99, 100]
30: [100, 121, 122, 99]
31: [48, 49, 51, 53, 55, 57, 59, 50, 52, 54, 56, 58, 60, 47]
32: [49, 50]
33: [51, 52]
34: [53, 54]
35: [56, 55]
36: [57, 58]
37: [59, 60]
38: [48, 47]
39: [99, 100]
40: [100, 122, 121, 99]
41: [48, 49, 51, 53, 55, 57, 59, 50, 52, 54, 56, 58, 60, 47]
42: [50, 49]
43: [52, 51]
44: [54, 53]
45: [56, 55]
46: [58, 57]
47: [60, 59]
48: [47, 48]
49: [99, 100]
50: [100, 122, 121, 99]
51: [48, 49, 81, 51, 53, 55, 57, 59, 50, 82, 52, 54, 56, 58, 60, 47]
52: [81, 50, 49, 82]
53: [81, 52, 51, 82]
54: [81, 54, 82, 53]
55: [81, 56, 82, 55]
56: [81, 58, 82, 57]
57: [81, 82, 60, 59]
58: [81, 82, 47, 48]
59: [99, 100]
60: [115, 100, 122, 121, 116, 99]
61: []
62: [82, 83, 50, 49, 81, 84]
63: [82, 83, 52, 51, 81, 84]
64: [82, 83, 54, 81, 84, 53]
65: [82, 83, 56, 81, 84, 55]
66: [82, 83, 58, 81, 84, 57]
67: [82, 83, 81, 60, 84, 59]
68: [82, 83, 81, 84, 47, 48]
69: [99, 116, 115, 100]
70: [115, 122, 121, 116]
71: [47, 50, 52, 84, 54, 56, 58, 60, 49, 83, 51, 53, 55, 57, 59, 48]
72: [84, 50, 49, 83]
73: [84, 52, 83, 51]
74: [84, 54, 83, 53]
75: [84, 56, 83, 55]
76: [84, 58, 83, 57]
77: [84, 83, 60, 59]
78: [83, 84, 47, 48]
79: [116, 115]
80: [115, 122, 121, 116]
81: [47, 50, 52, 54, 56, 58, 60, 49, 51, 53, 55, 57, 59, 48]
82: [47, 50, 52, 54, 56, 58, 60, 49, 51, 53, 55, 57, 59, 48]
83: [47, 52, 54, 56, 58, 60, 51, 53, 55, 57, 59, 48]
84: [47, 54, 56, 58, 60, 53, 55, 57, 59, 48]
85: [56, 58, 60, 47, 55, 57, 59, 48]
86: [58, 60, 47, 57, 59, 48]
87: [60, 47, 59, 48]
88: [47, 48]
89: [116, 115]
90: [122, 115, 121, 116]
91: [122, 123, 115, 121, 124, 116]
92: [123, 115, 124, 116]
93: [115, 116]
94: [115, 116]
95: [115, 116]
96: [115, 116]
97: [115, 116]
98: [115, 116]
99: [116, 115]
62
0: [100, 99]
1: [123, 100, 124, 99]
2: [123, 126, 100, 124, 125, 99]
3: [126, 100, 125, 99]
4: [100, 99]
5: [100, 99]
6: [100, 99]
7: [99, 100]
8: [99, 100]
9: [99, 100]
10: [100, 99]
11: [50, 49]
12: [50, 61, 49, 62]
13: [61, 62]
14: [61, 62]
15: [61, 62]
16: [61, 62]
17: [61, 62]
18: [61, 62]
19: [99, 100]
20: [100, 99]
21: [50, 49]
22: [19, 28, 38, 37, 27, 20]
23: [19, 28, 38, 37, 27, 20]
24: [19, 28, 27, 20]
25: [19, 28, 27, 20]
26: [19, 28, 27, 20]
27: [27, 19, 28, 20]
28: [61, 62]
29: [99, 100]
30: [100, 99]
31: [49, 50]
32: [38, 19, 28, 30, 37, 27, 29, 20]
33: [30, 37, 38, 29]
34: [30, 29]
35: [30, 29]
36: [30, 29]
37: [27, 30, 29, 19, 20, 28]
38: [61, 62]
39: [99, 100]
40: [100, 99]
41: [49, 50]
42: [32, 38, 19, 28, 30, 37, 31, 27, 29, 20]
43: [32, 37, 38, 31]
44: [32, 31]
45: [32, 31]
46: [32, 31]
47: [32, 27, 20, 29, 30, 31, 19, 28]
48: [62, 61]
49: [99, 100]
50: [100, 99]
51: [81, 49, 50, 82]
52: [32, 34, 38, 19, 28, 30, 37, 33, 31, 27, 29, 20]
53: [34, 37, 38, 33]
54: [34, 33]
55: [34, 33]
56: [34, 33]
57: [34, 27, 32, 33, 20, 29, 31, 30, 19, 28]
58: [82, 81, 62, 61]
59: [99, 100]
60: [115, 100, 116, 99]
61: [81, 84, 49, 50, 82, 83]
62: []
63: [27, 36, 37, 38, 35, 28]
64: [27, 36, 35, 28]
65: [27, 36, 35, 28]
66: [27, 36, 35, 28]
67: [27, 36, 33, 34, 35, 20, 29, 31, 32, 30, 19, 28]
68: [82, 83, 81, 84, 62, 61]
69: [99, 116, 115, 100]
70: [115, 116]
71: [84, 49, 50, 83]
72: [33, 35, 37, 20, 29, 31, 36, 38, 34, 32, 30, 19]
73: [33, 35, 37, 20, 29, 31, 36, 38, 34, 32, 30, 19]
74: [33, 35, 20, 29, 31, 36, 34, 32, 30, 19]
75: [33, 35, 20, 29, 31, 36, 34, 32, 30, 19]
76: [33, 35, 20, 29, 31, 36, 34, 32, 30, 19]
77: [33, 35, 36, 20, 29, 31, 34, 32, 30, 19]
78: [83, 84, 62, 61]
79: [116, 115]
80: [115, 116]
81: [49, 50]
82: [49, 62, 50, 61]
83: [62, 61]
84: [62, 61]
85: [62, 61]
86: [62, 61]
87: [62, 61]
88: [62, 61]
89: [116, 115]
90: [115, 116]
91: [124, 115, 123, 116]
92: [124, 125, 115, 123, 116, 126]
93: [125, 115, 116, 126]
94: [115, 116]
95: [115, 116]
96: [115, 116]
97: [115, 116]
98: [116, 115]
99: [116, 115]
63
0: [100, 99]
1: [100, 99]
2: [125, 100, 126, 99]
3: [128, 125, 100, 126, 127, 99]
4: [128, 100, 127, 99]
5: [100, 99]
6: [99, 100]
7: [99, 100]
8: [99, 100]
9: [99, 100]
10: [100, 99]
11: [52, 51]
12: [52, 51]
13: [52, 63, 51, 64]
14: [63, 64]
15: [63, 64]
16: [63, 64]
17: [63, 64]
18: [63, 64]
19: [99, 100]
20: [100, 99]
21: [52, 51]
22: [28, 37, 38, 27]
23: [40, 37, 28, 38, 39, 27]
24: [40, 28, 39, 27]
25: [28, 27]
26: [27, 28]
27: [27, 28]
28: [63, 64]
29: [99, 100]
30: [100, 99]
31: [51, 52]
32: [28, 37, 38, 27]
33: [4, 5, 7, 6, 8, 3]
34: [4, 5, 6, 7, 8, 3]
35: [8, 4, 7, 3]
36: [3, 4]
37: [27, 28]
38: [64, 63]
39: [99, 100]
40: [100, 99]
41: [51, 52]
42: [28, 38, 37, 27]
43: [4, 5, 7, 6, 8, 3]
44: [6, 5]
45: [8, 7]
46: [3, 4]
47: [27, 28]
48: [64, 63]
49: [99, 100]
50: [100, 99]
51: [81, 51, 52, 82]
52: [28, 38, 37, 27]
53: [17, 4, 5, 7, 18, 6, 8, 3]
54: [17, 6, 18, 5]
55: [8, 17, 18, 7]
56: [17, 18, 3, 4]
57: [27, 28]
58: [82, 64, 81, 63]
59: [99, 100]
60: [115, 100, 116, 99]
61: [81, 84, 51, 52, 82, 83]
62: [35, 28, 38, 37, 36, 27]
63: []
64: [8, 18, 3, 6, 17, 5, 7, 4]
65: [8, 18, 3, 17, 7, 4]
66: [18, 3, 17, 4]
67: [27, 36, 35, 28]
68: [82, 83, 64, 81, 84, 63]
69: [99, 116, 115, 100]
70: [115, 116]
71: [84, 51, 83, 52]
72: [35, 38, 36, 37]
73: [38, 39, 35, 36, 40, 37]
74: [39, 35, 36, 40]
75: [35, 36]
76: [35, 36]
77: [36, 35]
78: [83, 64, 84, 63]
79: [116, 115]
80: [115, 116]
81: [51, 52]
82: [51, 52]
83: [64, 51, 52, 63]
84: [64, 63]
85: [64, 63]
86: [64, 63]
87: [64, 63]
88: [64, 63]
89: [116, 115]
90: [115, 116]
91: [115, 116]
92: [126, 115, 116, 125]
93: [126, 127, 115, 116, 128, 125]
94: [127, 115, 116, 128]
95: [115, 116]
96: [115, 116]
97: [116, 115]
98: [116, 115]
99: [116, 115]
64
0: [100, 99]
1: [100, 99]
2: [100, 99]
3: [127, 128, 100, 99]
4: [130, 127, 128, 129, 100, 99]
5: [130, 129, 99, 100]
6: [99, 100]
7: [99, 100]
8: [99, 100]
9: [99, 100]
10: [100, 99]
11: [54, 53]
12: [54, 53]
13: [54, 53]
14: [65, 54, 53, 66]
15: [65, 66]
16: [65, 66]
17: [65, 66]
18: [65, 66]
19: [99, 100]
20: [100, 99]
21: [54, 53]
22: [28, 27]
23: [39, 40, 28, 27]
24: [42, 39, 40, 41, 28, 27]
25: [42, 41, 27, 28]
26: [27, 28]
27: [27, 28]
28: [65, 66]
29: [99, 100]
30: [100, 99]
31: [53, 54]
32: [28, 27]
33: [4, 5, 6, 7, 8, 3]
34: [9, 6, 8, 4, 5, 7, 10, 3]
35: [8, 9, 10, 3, 4, 7]
36: [9, 10, 3, 4]
37: [27, 28]
38: [65, 66]
39: [99, 100]
40: [100, 99]
41: [53, 54]
42: [28, 27]
43: [4, 5, 7, 6, 8, 3]
44: [9, 6, 5, 10]
45: [8, 7]
46: [10, 3, 9, 4]
47: [27, 28]
48: [66, 65]
49: [99, 100]
50: [100, 99]
51: [81, 53, 82, 54]
52: [28, 27]
53: [17, 4, 5, 7, 18, 6, 8, 3]
54: [9, 6, 17, 18, 5, 10]
55: [8, 17, 18, 7]
56: [18, 10, 3, 17, 9, 4]
57: [27, 28]
58: [82, 66, 81, 65]
59: [99, 100]
60: [115, 100, 116, 99]
61: [81, 84, 53, 82, 83, 54]
62: [35, 28, 36, 27]
63: [17, 4, 5, 7, 18, 6, 8, 3]
64: []
65: [8, 18, 10, 3, 17, 9, 7, 4]
66: [18, 10, 3, 17, 9, 4]
67: [27, 36, 35, 28]
68: [82, 83, 66, 81, 84, 65]
69: [99, 116, 115, 100]
70: [115, 116]
71: [84, 53, 83, 54]
72: [35, 36]
73: [40, 35, 36, 39]
74: [40, 41, 35, 36, 42, 39]
75: [41, 35, 36, 42]
76: [36, 35]
77: [36, 35]
78: [83, 66, 84, 65]
79: [116, 115]
80: [115, 116]
81: [53, 54]
82: [53, 54]
83: [53, 54]
84: [66, 53, 54, 65]
85: [66, 65]
86: [66, 65]
87: [66, 65]
88: [66, 65]
89: [116, 115]
90: [115, 116]
91: [115, 116]
92: [115, 116]
93: [128, 115, 116, 127]
94: [128, 129, 115, 116, 130, 127]
95: [129, 115, 116, 130]
96: [116, 115]
97: [116, 115]
98: [116, 115]
99: [116, 115]
65
0: [100, 99]
1: [100, 99]
2: [100, 99]
3: [100, 99]
4: [129, 130, 99, 100]
5: [129, 132, 130, 99, 131, 100]
6: [132, 99, 131, 100]
7: [99, 100]
8: [99, 100]
9: [99, 100]
10: [100, 99]
11: [56, 55]
12: [56, 55]
13: [56, 55]
14: [56, 55]
15: [56, 67, 68, 55]
16: [67, 68]
17: [67, 68]
18: [67, 68]
19: [99, 100]
20: [100, 99]
21: [56, 55]
22: [28, 27]
23: [28, 27]
24: [41, 42, 27, 28]
25: [41, 44, 43, 42, 27, 28]
26: [44, 43, 27, 28]
27: [27, 28]
28: [67, 68]
29: [99, 100]
30: [100, 99]
31: [56, 55]
32: [28, 27]
33: [8, 4, 7, 3]
34: [8, 9, 10, 3, 4, 7]
35: [8, 11, 9, 10, 3, 12, 4, 7]
36: [11, 10, 3, 12, 9, 4]
37: [27, 28]
38: [67, 68]
39: [99, 100]
40: [100, 99]
41: [55, 56]
42: [28, 27]
43: [4, 7, 8, 3]
44: [9, 10]
45: [8, 11, 12, 7]
46: [10, 3, 12, 11, 9, 4]
47: [27, 28]
48: [68, 67]
49: [99, 100]
50: [100, 99]
51: [81, 55, 82, 56]
52: [28, 27]
53: [17, 4, 7, 18, 8, 3]
54: [9, 17, 18, 10]
55: [8, 11, 18, 17, 12, 7]
56: [18, 10, 3, 12, 17, 11, 9, 4]
57: [27, 28]
58: [82, 68, 81, 67]
59: [99, 100]
60: [115, 100, 116, 99]
61: [81, 84, 55, 82, 83, 56]
62: [35, 28, 36, 27]
63: [17, 4, 7, 18, 8, 3]
64: [9, 4, 17, 7, 18, 8, 10, 3]
65: []
66: [18, 10, 3, 12, 17, 11, 9, 4]
67: [27, 36, 35, 28]
68: [82, 83, 68, 81, 67, 84]
69: [99, 116, 115, 100]
70: [115, 116]
71: [84, 55, 83, 56]
72: [35, 36]
73: [35, 36]
74: [42, 35, 36, 41]
75: [42, 43, 36, 35, 41, 44]
76: [43, 36, 35, 44]
77: [36, 35]
78: [83, 68, 84, 67]
79: [116, 115]
80: [115, 116]
81: [55, 56]
82: [55, 56]
83: [55, 56]
84: [55, 56]
85: [68, 55, 67, 56]
86: [68, 67]
87: [68, 67]
88: [68, 67]
89: [116, 115]
90: [115, 116]
91: [115, 116]
92: [115, 116]
93: [115, 116]
94: [130, 115, 116, 129]
95: [130, 131, 116, 115, 129, 132]
96: [131, 116, 115, 132]
97: [116, 115]
98: [116, 115]
99: [116, 115]
66
0: [100, 99]
1: [100, 99]
2: [100, 99]
3: [99, 100]
4: [99, 100]
5: [131, 99, 132, 100]
6: [131, 134, 99, 132, 133, 100]
7: [134, 99, 133, 100]
8: [99, 100]
9: [99, 100]
10: [100, 99]
11: [58, 57]
12: [58, 57]
13: [58, 57]
14: [58, 57]
15: [58, 57]
16: [58, 69, 70, 57]
17: [69, 70]
18: [69, 70]
19: [99, 100]
20: [100, 99]
21: [58, 57]
22: [28, 27]
23: [27, 28]
24: [27, 28]
25: [43, 27, 44, 28]
26: [43, 46, 27, 44, 45, 28]
27: [27, 46, 45, 28]
28: [69, 70]
29: [99, 100]
30: [100, 99]
31: [57, 58]
32: [28, 27]
33: [3, 4]
34: [9, 10, 3, 4]
35: [11, 10, 3, 12, 9, 4]
36: [10, 3, 12, 11, 9, 4]
37: [27, 45, 46, 28]
38: [69, 70]
39: [99, 100]
40: [100, 99]
41: [57, 58]
42: [28, 27]
43: [4, 3]
44: [9, 10]
45: [11, 12]
46: [10, 3, 12, 11, 9, 4]
47: [27, 45, 46, 28]
48: [70, 69]
49: [99, 100]
50: [100, 99]
51: [81, 57, 82, 58]
52: [28, 27]
53: [17, 18, 4, 3]
54: [9, 18, 17, 10]
55: [18, 11, 17, 12]
56: [18, 10, 3, 12, 17, 11, 9, 4]
57: [27, 45, 46, 28]
58: [82, 70, 69, 81]
59: [99, 100]
60: [115, 100, 116, 99]
61: [81, 84, 57, 82, 83, 58]
62: [35, 28, 36, 27]
63: [17, 4, 18, 3]
64: [9, 4, 17, 18, 10, 3]
65: [9, 11, 4, 17, 18, 12, 10, 3]
66: []
67: [27, 36, 45, 46, 35, 28]
68: [82, 83, 70, 69, 81, 84]
69: [99, 116, 115, 100]
70: [115, 116]
71: [84, 57, 83, 58]
72: [35, 36]
73: [35, 36]
74: [36, 35]
75: [44, 36, 35, 43]
76: [44, 45, 36, 35, 43, 46]
77: [36, 45, 35, 46]
78: [83, 70, 84, 69]
79: [116, 115]
80: [115, 116]
81: [57, 58]
82: [57, 58]
83: [57, 58]
84: [57, 58]
85: [57, 58]
86: [57, 70, 69, 58]
87: [70, 69]
88: [70, 69]
89: [116, 115]
90: [115, 116]
91: [115, 116]
92: [115, 116]
93: [115, 116]
94: [116, 115]
95: [132, 116, 115, 131]
96: [132, 133, 116, 115, 131, 134]
97: [133, 116, 115, 134]
98: [116, 115]
99: [116, 115]
67
0: [100, 99]
1: [100, 99]
2: [99, 100]
3: [99, 100]
4: [99, 100]
5: [99, 100]
6: [133, 99, 134, 100]
7: [136, 133, 99, 134, 135, 100]
8: [136, 99, 135, 100]
9: [99, 100]
10: [100, 99]
11: [60, 59]
12: [60, 59]
13: [60, 59]
14: [60, 59]
15: [60, 59]
16: [60, 59]
17: [60, 71, 72, 59]
18: [71, 72]
19: [99, 100]
20: [100, 99]
21: [60, 59]
22: [27, 20, 28, 19]
23: [27, 20, 28, 19]
24: [27, 20, 28, 19]
25: [27, 20, 28, 19]
26: [27, 20, 45, 46, 28, 19]
27: [27, 20, 45, 46, 28, 19]
28: [71, 72]
29: [99, 100]
30: [100, 99]
31: [59, 60]
32: [28, 29, 27, 19, 20, 30]
33: [29, 30]
34: [29, 30]
35: [29, 30]
36: [29, 45, 46, 30]
37: [45, 27, 20, 29, 46, 28, 30, 19]
38: [72, 71]
39: [99, 100]
40: [100, 99]
41: [59, 60]
42: [28, 31, 32, 19, 29, 30, 27, 20]
43: [31, 32]
44: [31, 32]
45: [31, 32]
46: [31, 46, 45, 32]
47: [45, 20, 27, 29, 31, 46, 32, 28, 30, 19]
48: [72, 71]
49: [99, 100]
50: [100, 99]
51: [81, 82, 59, 60]
52: [33, 28, 32, 34, 19, 30, 31, 29, 27, 20]
53: [33, 34]
54: [33, 34]
55: [33, 34]
56: [33, 46, 45, 34]
57: [33, 45, 20, 27, 29, 31, 46, 34, 32, 28, 30, 19]
58: [82, 72, 71, 81]
59: [99, 100]
60: [115, 100, 116, 99]
61: [81, 84, 83, 82, 59, 60]
62: [35, 28, 32, 33, 34, 36, 19, 30, 31, 29, 27, 20]
63: [35, 28, 36, 27]
64: [35, 28, 36, 27]
65: [35, 28, 36, 27]
66: [35, 28, 46, 45, 36, 27]
67: []
68: [82, 83, 72, 71, 81, 84]
69: [99, 116, 115, 100]
70: [115, 116]
71: [84, 83, 59, 60]
72: [32, 34, 35, 36, 19, 30, 33, 31, 29, 20]
73: [32, 34, 36, 19, 30, 35, 33, 31, 29, 20]
74: [32, 34, 36, 19, 30, 35, 33, 31, 29, 20]
75: [32, 34, 36, 19, 30, 35, 33, 31, 29, 20]
76: [32, 34, 36, 46, 19, 30, 35, 45, 33, 31, 29, 20]
77: [32, 34, 36, 46, 19, 30, 35, 45, 33, 31, 29, 20]
78: [83, 72, 71, 84]
79: [116, 115]
80: [115, 116]
81: [59, 60]
82: [59, 60]
83: [59, 60]
84: [59, 60]
85: [59, 60]
86: [59, 60]
87: [72, 59, 71, 60]
88: [72, 71]
89: [116, 115]
90: [115, 116]
91: [115, 116]
92: [115, 116]
93: [116, 115]
94: [116, 115]
95: [116, 115]
96: [134, 116, 115, 133]
97: [134, 135, 116, 136, 115, 133]
98: [135, 116, 136, 115]
99: [116, 115]
68
0: [100, 99]
1: [99, 100]
2: [99, 100]
3: [99, 100]
4: [99, 100]
5: [99, 100]
6: [99, 100]
7: [135, 99, 136, 100]
8: [138, 135, 99, 136, 137, 100]
9: [138, 99, 137, 100]
10: [100, 99]
11: [47, 48]
12: [62, 47, 61, 48]
13: [64, 62, 47, 63, 61, 48]
14: [64, 66, 62, 47, 65, 63, 61, 48]
15: [64, 66, 68, 47, 62, 67, 65, 63, 61, 48]
16: [64, 66, 68, 70, 47, 62, 69, 67, 65, 63, 61, 48]
17: [64, 66, 68, 70, 72, 47, 62, 71, 69, 67, 65, 63, 61, 48]
18: [64, 66, 68, 70, 72, 47, 62, 71, 69, 67, 65, 63, 61, 48]
19: [99, 138, 137, 100]
20: [100, 99]
21: [47, 48]
22: [62, 61]
23: [64, 63]
24: [66, 65]
25: [68, 67]
26: [70, 69]
27: [72, 71]
28: [64, 66, 68, 70, 72, 47, 62, 71, 69, 67, 65, 63, 61, 48]
29: [99, 138, 137, 100]
30: [100, 99]
31: [48, 47]
32: [61, 62]
33: [64, 63]
34: [65, 66]
35: [67, 68]
36: [69, 70]
37: [72, 71]
38: [64, 66, 68, 70, 72, 47, 62, 71, 69, 67, 65, 63, 61, 48]
39: [99, 137, 138, 100]
40: [100, 99]
41: [48, 47]
42: [61, 62]
43: [63, 64]
44: [65, 66]
45: [67, 68]
46: [69, 70]
47: [71, 72]
48: [64, 66, 68, 70, 72, 47, 62, 71, 69, 67, 65, 63, 61, 48]
49: [99, 137, 138, 100]
50: [100, 99]
51: [81, 82, 48, 47]
52: [82, 81, 61, 62]
53: [82, 81, 63, 64]
54: [82, 65, 81, 66]
55: [82, 67, 81, 68]
56: [82, 69, 70, 81]
57: [82, 71, 72, 81]
58: [64, 66, 68, 70, 72, 47, 82, 62, 81, 71, 69, 67, 65, 63, 61, 48]
59: [99, 137, 138, 100]
60: [115, 100, 116, 99]
61: [81, 84, 82, 83, 48, 47]
62: [81, 84, 82, 83, 61, 62]
63: [81, 84, 63, 82, 83, 64]
64: [81, 84, 65, 82, 83, 66]
65: [81, 84, 67, 82, 83, 68]
66: [81, 84, 69, 70, 82, 83]
67: [81, 84, 71, 72, 82, 83]
68: []
69: [99, 116, 137, 138, 115, 100]
70: [115, 116]
71: [83, 84, 48, 47]
72: [83, 84, 61, 62]
73: [83, 63, 84, 64]
74: [83, 65, 84, 66]
75: [83, 67, 84, 68]
76: [83, 69, 84, 70]
77: [83, 71, 72, 84]
78: [65, 67, 69, 71, 48, 83, 61, 63, 72, 84, 70, 68, 66, 64, 62, 47]
79: [116, 137, 138, 115]
80: [115, 116]
81: [48, 47]
82: [48, 61, 62, 47]
83: [48, 61, 63, 64, 62, 47]
84: [48, 65, 61, 63, 66, 64, 62, 47]
85: [65, 67, 48, 61, 63, 68, 66, 64, 62, 47]
86: [65, 67, 69, 48, 61, 63, 70, 68, 66, 64, 62, 47]
87: [65, 67, 69, 71, 48, 61, 63, 72, 70, 68, 66, 64, 62, 47]
88: [65, 67, 69, 71, 48, 61, 63, 72, 70, 68, 66, 64, 62, 47]
89: [116, 137, 138, 115]
90: [115, 116]
91: [115, 116]
92: [116, 115]
93: [116, 115]
94: [116, 115]
95: [116, 115]
96: [116, 115]
97: [136, 116, 135, 115]
98: [136, 137, 116, 138, 135, 115]
99: [137, 116, 138, 115]
69
0: [99, 100, 101, 103, 88, 102, 104, 87]
1: [88, 99, 101, 103, 100, 102, 104, 87]
2: [88, 99, 101, 103, 100, 102, 104, 87]
3: [88, 99, 101, 103, 100, 102, 104, 87]
4: [88, 99, 101, 103, 100, 102, 104, 87]
5: [88, 99, 101, 103, 100, 102, 104, 87]
6: [88, 99, 101, 103, 100, 102, 104, 87]
7: [88, 99, 101, 103, 100, 102, 104, 87]
8: [99, 101, 103, 137, 88, 138, 100, 102, 104, 87]
9: [99, 101, 103, 137, 88, 138, 100, 102, 104, 87]
10: [105, 100, 99, 101, 102, 103, 88, 104, 106, 87]
11: [105, 106]
12: [105, 106]
13: [105, 106]
14: [105, 106]
15: [105, 106]
16: [105, 106]
17: [105, 106]
18: [105, 137, 138, 106]
19: [99, 101, 103, 105, 137, 88, 138, 100, 102, 104, 106, 87]
20: [107, 100, 105, 102, 99, 101, 103, 104, 88, 106, 108, 87]
21: [107, 108]
22: [107, 108]
23: [107, 108]
24: [107, 108]
25: [107, 108]
26: [107, 108]
27: [107, 108]
28: [107, 137, 138, 108]
29: [99, 101, 103, 105, 137, 107, 88, 138, 100, 108, 102, 104, 106, 87]
30: [100, 109, 107, 102, 104, 105, 99, 101, 103, 106, 108, 110, 87, 88]
31: [109, 110]
32: [109, 110]
33: [109, 110]
34: [109, 110]
35: [109, 110]
36: [109, 110]
37: [109, 110]
38: [109, 137, 138, 110]
39: [99, 101, 103, 105, 137, 107, 109, 88, 138, 100, 110, 108, 102, 104, 106, 87]
40: [100, 111, 109, 102, 104, 107, 105, 106, 108, 110, 112, 87, 88, 99, 101, 103]
41: [111, 112]
42: [111, 112]
43: [111, 112]
44: [111, 112]
45: [111, 112]
46: [111, 112]
47: [111, 112]
48: [111, 138, 137, 112]
49: [99, 101, 103, 105, 137, 107, 109, 111, 88, 138, 112, 100, 110, 108, 102, 104, 106, 87]
50: [113, 100, 102, 111, 104, 109, 106, 107, 108, 110, 112, 114, 87, 105, 88, 99, 101, 103]
51: [113, 114]
52: [113, 114]
53: [113, 114]
54: [113, 114]
55: [113, 114]
56: [113, 114]
57: [113, 114]
58: [113, 138, 137, 114]
59: [99, 101, 103, 105, 137, 107, 109, 111, 113, 88, 138, 114, 112, 100, 110, 108, 102, 104, 106, 87]
60: [115, 100, 113, 102, 104, 111, 106, 108, 109, 110, 112, 114, 116, 87, 107, 105, 88, 99, 101, 103]
61: [115, 100, 116, 99]
62: [115, 100, 116, 99]
63: [115, 100, 116, 99]
64: [115, 100, 116, 99]
65: [115, 100, 116, 99]
66: [115, 100, 116, 99]
67: [115, 100, 116, 99]
68: [115, 100, 138, 137, 116, 99]
69: []
70: [115, 102, 104, 113, 106, 108, 110, 111, 112, 114, 116, 87, 109, 107, 105, 88, 101, 103]
71: [102, 101]
72: [102, 101]
73: [102, 101]
74: [102, 101]
75: [102, 101]
76: [102, 101]
77: [102, 101]
78: [102, 138, 137, 101]
79: [102, 104, 106, 138, 108, 110, 112, 114, 116, 87, 137, 115, 113, 111, 109, 107, 101, 105, 103, 88]
80: [104, 115, 106, 108, 110, 112, 113, 114, 116, 87, 111, 109, 107, 105, 88, 103]
81: [104, 103]
82: [104, 103]
83: [104, 103]
84: [104, 103]
85: [104, 103]
86: [104, 103]
87: [104, 103]
88: [104, 138, 137, 103]
89: [104, 106, 138, 108, 110, 112, 114, 116, 87, 137, 115, 113, 111, 109, 107, 105, 103, 88]
90: [106, 108, 110, 112, 114, 115, 116, 87, 113, 111, 109, 107, 105, 88]
91: [106, 108, 110, 112, 114, 116, 87, 115, 113, 111, 109, 107, 105, 88]
92: [106, 108, 110, 112, 114, 116, 87, 115, 113, 111, 109, 107, 105, 88]
93: [106, 108, 110, 112, 114, 116, 87, 115, 113, 111, 109, 107, 105, 88]
94: [106, 108, 110, 112, 114, 116, 87, 115, 113, 111, 109, 107, 105, 88]
95: [106, 108, 110, 112, 114, 116, 87, 115, 113, 111, 109, 107, 105, 88]
96: [106, 108, 110, 112, 114, 116, 87, 115, 113, 111, 109, 107, 105, 88]
97: [106, 108, 110, 112, 114, 116, 87, 115, 113, 111, 109, 107, 105, 88]
98: [106, 138, 108, 110, 112, 114, 116, 87, 137, 115, 113, 111, 109, 107, 105, 88]
99: [106, 138, 108, 110, 112, 114, 116, 87, 137, 115, 113, 111, 109, 107, 105, 88]
70
0: [104, 122, 102, 87, 121, 101, 103, 88]
1: [104, 122, 102, 87, 121, 101, 103, 88]
2: [104, 102, 87, 101, 103, 88]
3: [104, 102, 87, 101, 103, 88]
4: [104, 102, 87, 101, 103, 88]
5: [104, 102, 87, 101, 103, 88]
6: [104, 102, 87, 101, 103, 88]
7: [104, 102, 87, 101, 103, 88]
8: [104, 102, 87, 101, 103, 88]
9: [104, 101, 102, 87, 103, 88]
10: [102, 104, 106, 87, 122, 121, 101, 105, 103, 88]
11: [106, 122, 121, 105]
12: [106, 105]
13: [106, 105]
14: [106, 105]
15: [106, 105]
16: [106, 105]
17: [106, 105]
18: [106, 105]
19: [106, 101, 104, 103, 102, 87, 88, 105]
20: [102, 104, 106, 108, 87, 122, 121, 107, 101, 105, 103, 88]
21: [108, 121, 122, 107]
22: [108, 107]
23: [108, 107]
24: [108, 107]
25: [108, 107]
26: [108, 107]
27: [108, 107]
28: [108, 107]
29: [108, 101, 106, 103, 102, 104, 105, 107, 87, 88]
30: [102, 104, 106, 108, 110, 87, 122, 121, 109, 107, 101, 105, 103, 88]
31: [110, 121, 122, 109]
32: [110, 109]
33: [110, 109]
34: [110, 109]
35: [110, 109]
36: [110, 109]
37: [110, 109]
38: [110, 109]
39: [101, 110, 108, 103, 105, 106, 107, 109, 88, 104, 102, 87]
40: [102, 104, 106, 108, 110, 112, 87, 122, 121, 111, 109, 107, 101, 105, 103, 88]
41: [112, 121, 122, 111]
42: [112, 111]
43: [112, 111]
44: [112, 111]
45: [112, 111]
46: [112, 111]
47: [112, 111]
48: [112, 111]
49: [112, 101, 110, 103, 105, 107, 108, 109, 111, 88, 106, 104, 102, 87]
50: [102, 104, 106, 108, 110, 112, 114, 87, 122, 121, 113, 111, 109, 107, 101, 105, 103, 88]
51: [114, 121, 122, 113]
52: [114, 113]
53: [114, 113]
54: [114, 113]
55: [114, 113]
56: [114, 113]
57: [114, 113]
58: [114, 113]
59: [114, 101, 112, 103, 105, 107, 109, 110, 111, 113, 88, 108, 106, 104, 102, 87]
60: [102, 104, 106, 108, 110, 112, 114, 116, 87, 122, 121, 115, 113, 111, 109, 107, 101, 105, 103, 88]
61: [116, 121, 122, 115]
62: [116, 115]
63: [116, 115]
64: [116, 115]
65: [116, 115]
66: [116, 115]
67: [116, 115]
68: [116, 115]
69: [116, 101, 114, 103, 105, 107, 109, 111, 112, 113, 115, 88, 110, 108, 106, 104, 102, 87]
70: []
71: [101, 118, 121, 122, 117, 102]
72: [101, 118, 117, 102]
73: [101, 118, 117, 102]
74: [101, 118, 117, 102]
75: [101, 118, 117, 102]
76: [101, 118, 117, 102]
77: [101, 118, 117, 102]
78: [101, 118, 117, 102]
79: [101, 118, 116, 103, 105, 107, 109, 111, 113, 114, 115, 117, 88, 112, 110, 108, 106, 104, 102, 87]
80: [103, 105, 107, 109, 111, 113, 115, 117, 88, 121, 122, 118, 116, 114, 112, 110, 108, 104, 106, 87]
81: [103, 121, 122, 104]
82: [103, 104]
83: [103, 104]
84: [103, 104]
85: [103, 104]
86: [103, 104]
87: [103, 104]
88: [103, 104]
89: [118, 103, 105, 107, 109, 111, 113, 115, 116, 117, 88, 114, 112, 110, 108, 106, 104, 87]
90: [105, 107, 109, 111, 113, 115, 117, 88, 121, 122, 118, 116, 114, 112, 110, 108, 106, 87]
91: [105, 107, 109, 111, 113, 115, 117, 88, 121, 122, 118, 116, 114, 112, 110, 108, 106, 87]
92: [105, 107, 109, 111, 113, 115, 117, 88, 118, 116, 114, 112, 110, 108, 106, 87]
93: [105, 107, 109, 111, 113, 115, 117, 88, 118, 116, 114, 112, 110, 108, 106, 87]
94: [105, 107, 109, 111, 113, 115, 117, 88, 118, 116, 114, 112, 110, 108, 106, 87]
95: [105, 107, 109, 111, 113, 115, 117, 88, 118, 116, 114, 112, 110, 108, 106, 87]
96: [105, 107, 109, 111, 113, 115, 117, 88, 118, 116, 114, 112, 110, 108, 106, 87]
97: [105, 107, 109, 111, 113, 115, 117, 88, 118, 116, 114, 112, 110, 108, 106, 87]
98: [105, 107, 109, 111, 113, 115, 117, 88, 118, 116, 114, 112, 110, 108, 106, 87]
99: [105, 107, 109, 111, 113, 115, 117, 118, 88, 116, 114, 112, 110, 108, 106, 87]
71
0: [121, 102, 122, 101]
1: [121, 124, 102, 122, 123, 101]
2: [124, 102, 123, 101]
3: [102, 101]
4: [102, 101]
5: [102, 101]
6: [102, 101]
7: [102, 101]
8: [101, 102]
9: [101, 102]
10: [102, 121, 122, 101]
11: [48, 49, 51, 53, 55, 57, 59, 50, 52, 54, 56, 58, 60, 47]
12: [48, 49, 51, 53, 55, 57, 59, 50, 52, 54, 56, 58, 60, 47]
13: [48, 51, 53, 55, 57, 59, 52, 54, 56, 58, 60, 47]
14: [48, 53, 55, 57, 59, 54, 56, 58, 60, 47]
15: [48, 57, 59, 55, 56, 58, 60, 47]
16: [48, 57, 59, 58, 60, 47]
17: [48, 59, 60, 47]
18: [48, 47]
19: [101, 102]
20: [102, 121, 122, 101]
21: [48, 49, 51, 53, 55, 57, 59, 50, 52, 54, 56, 58, 60, 47]
22: [49, 50]
23: [51, 52]
24: [53, 54]
25: [56, 55]
26: [57, 58]
27: [59, 60]
28: [48, 47]
29: [101, 102]
30: [102, 122, 121, 101]
31: [48, 49, 51, 53, 55, 57, 59, 50, 52, 54, 56, 58, 60, 47]
32: [50, 49]
33: [52, 51]
34: [54, 53]
35: [56, 55]
36: [58, 57]
37: [60, 59]
38: [47, 48]
39: [101, 102]
40: [102, 122, 121, 101]
41: [48, 49, 51, 53, 55, 57, 59, 50, 52, 54, 56, 58, 60, 47]
42: [50, 49]
43: [52, 51]
44: [54, 53]
45: [56, 55]
46: [58, 57]
47: [60, 59]
48: [47, 48]
49: [101, 102]
50: [102, 122, 121, 101]
51: [48, 49, 51, 53, 55, 57, 59, 50, 52, 54, 56, 58, 60, 47]
52: [50, 49]
53: [52, 51]
54: [54, 53]
55: [56, 55]
56: [58, 57]
57: [60, 59]
58: [47, 48]
59: [101, 102]
60: [102, 122, 121, 101]
61: [48, 49, 51, 83, 53, 55, 57, 59, 50, 84, 52, 54, 56, 58, 60, 47]
62: [83, 50, 49, 84]
63: [83, 52, 51, 84]
64: [83, 54, 84, 53]
65: [83, 56, 84, 55]
66: [83, 58, 84, 57]
67: [83, 60, 84, 59]
68: [83, 84, 47, 48]
69: [101, 102]
70: [117, 102, 122, 121, 118, 101]
71: []
72: [84, 85, 50, 49, 83, 86]
73: [84, 85, 52, 83, 51, 86]
74: [84, 85, 54, 83, 86, 53]
75: [84, 85, 56, 83, 86, 55]
76: [84, 85, 58, 83, 86, 57]
77: [84, 85, 60, 83, 86, 59]
78: [84, 85, 83, 86, 47, 48]
79: [101, 118, 117, 102]
80: [117, 122, 121, 118]
81: [47, 50, 52, 54, 86, 56, 58, 60, 49, 85, 51, 53, 55, 57, 59, 48]
82: [47, 50, 52, 54, 86, 56, 58, 60, 49, 85, 51, 53, 55, 57, 59, 48]
83: [47, 52, 54, 86, 56, 58, 60, 85, 51, 53, 55, 57, 59, 48]
84: [47, 54, 86, 56, 58, 60, 85, 53, 55, 57, 59, 48]
85: [47, 86, 56, 58, 60, 85, 55, 57, 59, 48]
86: [58, 60, 86, 47, 85, 57, 59, 48]
87: [60, 86, 47, 85, 59, 48]
88: [85, 86, 47, 48]
89: [118, 117]
90: [122, 117, 121, 118]
91: [122, 123, 117, 121, 124, 118]
92: [123, 117, 124, 118]
93: [117, 118]
94: [117, 118]
95: [117, 118]
96: [117, 118]
97: [117, 118]
98: [117, 118]
99: [118, 117]
72
0: [102, 101]
1: [123, 102, 124, 101]
2: [123, 126, 102, 124, 125, 101]
3: [126, 125, 102, 101]
4: [102, 101]
5: [102, 101]
6: [102, 101]
7: [101, 102]
8: [101, 102]
9: [101, 102]
10: [102, 101]
11: [50, 49]
12: [50, 61, 49, 62]
13: [61, 62]
14: [61, 62]
15: [61, 62]
16: [61, 62]
17: [61, 62]
18: [61, 62]
19: [101, 102]
20: [102, 101]
21: [49, 50]
22: [19, 38, 37, 20]
23: [19, 37, 38, 20]
24: [19, 20]
25: [19, 20]
26: [19, 20]
27: [19, 20]
28: [61, 62]
29: [101, 102]
30: [102, 101]
31: [49, 50]
32: [38, 19, 30, 37, 29, 20]
33: [37, 30, 38, 29]
34: [30, 29]
35: [30, 29]
36: [30, 29]
37: [20, 29, 30, 19]
38: [62, 61]
39: [101, 102]
40: [102, 101]
41: [49, 50]
42: [32, 38, 19, 30, 37, 31, 29, 20]
43: [32, 37, 38, 31]
44: [32, 31]
45: [32, 31]
46: [32, 31]
47: [32, 20, 29, 31, 30, 19]
48: [62, 61]
49: [101, 102]
50: [102, 101]
51: [49, 50]
52: [32, 34, 38, 19, 30, 37, 33, 31, 29, 20]
53: [34, 37, 38, 33]
54: [34, 33]
55: [34, 33]
56: [34, 33]
57: [33, 34, 20, 29, 31, 32, 30, 19]
58: [62, 61]
59: [101, 102]
60: [102, 101]
61: [83, 49, 50, 84]
62: [32, 34, 36, 38, 19, 30, 35, 37, 33, 31, 29, 20]
63: [36, 37, 35, 38]
64: [36, 35]
65: [36, 35]
66: [36, 35]
67: [33, 35, 36, 20, 29, 31, 34, 32, 30, 19]
68: [84, 83, 62, 61]
69: [101, 102]
70: [117, 102, 118, 101]
71: [83, 86, 49, 50, 84, 85]
72: []
73: [33, 35, 37, 20, 29, 31, 36, 38, 34, 32, 30, 19]
74: [33, 35, 20, 29, 31, 36, 34, 32, 30, 19]
75: [33, 35, 20, 29, 31, 36, 34, 32, 30, 19]
76: [33, 35, 20, 29, 31, 36, 34, 32, 30, 19]
77: [33, 35, 20, 29, 31, 36, 34, 32, 30, 19]
78: [84, 85, 62, 83, 86, 61]
79: [101, 118, 117, 102]
80: [117, 118]
81: [49, 86, 50, 85]
82: [49, 62, 86, 85, 50, 61]
83: [62, 86, 85, 61]
84: [62, 86, 85, 61]
85: [62, 86, 85, 61]
86: [62, 86, 85, 61]
87: [62, 85, 86, 61]
88: [85, 62, 86, 61]
89: [118, 117]
90: [117, 118]
91: [124, 117, 123, 118]
92: [124, 125, 117, 118, 123, 126]
93: [125, 117, 118, 126]
94: [117, 118]
95: [117, 118]
96: [117, 118]
97: [117, 118]
98: [118, 117]
99: [118, 117]
73
0: [102, 101]
1: [102, 101]
2: [125, 126, 102, 101]
3: [128, 125, 126, 102, 127, 101]
4: [128, 127, 102, 101]
5: [102, 101]
6: [101, 102]
7: [101, 102]
8: [101, 102]
9: [101, 102]
10: [102, 101]
11: [52, 51]
12: [52, 51]
13: [52, 63, 51, 64]
14: [63, 64]
15: [63, 64]
16: [63, 64]
17: [63, 64]
18: [63, 64]
19: [101, 102]
20: [102, 101]
21: [51, 52]
22: [19, 37, 38, 20]
23: [40, 37, 19, 38, 39, 20]
24: [40, 39, 19, 20]
25: [19, 20]
26: [19, 20]
27: [20, 19]
28: [64, 63]
29: [101, 102]
30: [102, 101]
31: [51, 52]
32: [38, 19, 30, 37, 29, 20]
33: [40, 37, 30, 38, 39, 29]
34: [39, 40, 30, 29]
35: [30, 29]
36: [29, 30]
37: [20, 29, 30, 19]
38: [64, 63]
39: [101, 102]
40: [102, 101]
41: [51, 52]
42: [32, 38, 19, 30, 37, 31, 29, 20]
43: [40, 37, 32, 38, 39, 31]
44: [39, 32, 40, 31]
45: [32, 31]
46: [32, 31]
47: [20, 29, 31, 32, 30, 19]
48: [64, 63]
49: [101, 102]
50: [102, 101]
51: [51, 52]
52: [32, 34, 38, 19, 30, 37, 33, 31, 29, 20]
53: [40, 37, 34, 33, 38, 39]
54: [39, 34, 40, 33]
55: [34, 33]
56: [33, 34]
57: [33, 20, 29, 31, 34, 32, 30, 19]
58: [64, 63]
59: [101, 102]
60: [102, 101]
61: [83, 51, 52, 84]
62: [32, 34, 36, 38, 19, 30, 35, 37, 33, 31, 29, 20]
63: [40, 37, 36, 35, 38, 39]
64: [39, 36, 35, 40]
65: [36, 35]
66: [35, 36]
67: [33, 35, 20, 29, 31, 36, 34, 32, 30, 19]
68: [84, 64, 83, 63]
69: [101, 102]
70: [117, 102, 118, 101]
71: [83, 86, 51, 52, 85, 84]
72: [32, 34, 36, 38, 19, 30, 35, 37, 33, 31, 29, 20]
73: []
74: [33, 35, 39, 20, 29, 31, 40, 36, 34, 32, 30, 19]
75: [33, 35, 20, 29, 31, 36, 34, 32, 30, 19]
76: [33, 35, 20, 29, 31, 36, 34, 32, 30, 19]
77: [33, 35, 20, 29, 31, 36, 34, 32, 30, 19]
78: [84, 85, 64, 83, 86, 63]
79: [101, 118, 117, 102]
80: [117, 118]
81: [51, 86, 85, 52]
82: [51, 86, 85, 52]
83: [64, 51, 86, 85, 52, 63]
84: [64, 86, 85, 63]
85: [64, 86, 85, 63]
86: [64, 85, 86, 63]
87: [64, 85, 86, 63]
88: [64, 85, 86, 63]
89: [118, 117]
90: [117, 118]
91: [117, 118]
92: [126, 117, 118, 125]
93: [126, 127, 117, 118, 128, 125]
94: [127, 117, 118, 128]
95: [117, 118]
96: [117, 118]
97: [118, 117]
98: [118, 117]
99: [118, 117]
74
0: [102, 101]
1: [102, 101]
2: [102, 101]
3: [127, 128, 102, 101]
4: [130, 127, 128, 129, 102, 101]
5: [130, 129, 101, 102]
6: [101, 102]
7: [101, 102]
8: [101, 102]
9: [101, 102]
10: [102, 101]
11: [54, 53]
12: [54, 53]
13: [54, 53]
14: [65, 54, 53, 66]
15: [65, 66]
16: [65, 66]
17: [65, 66]
18: [65, 66]
19: [101, 102]
20: [102, 101]
21: [53, 54]
22: [19, 20]
23: [40, 39, 19, 20]
24: [42, 39, 40, 41, 19, 20]
25: [41, 42, 19, 20]
26: [20, 19]
27: [20, 19]
28: [65, 66]
29: [101, 102]
30: [102, 101]
31: [53, 54]
32: [19, 30, 29, 20]
33: [40, 30, 39, 29]
34: [42, 39, 40, 41, 30, 29]
35: [41, 42, 29, 30]
36: [29, 30]
37: [20, 29, 30, 19]
38: [66, 65]
39: [101, 102]
40: [102, 101]
41: [53, 54]
42: [32, 19, 30, 31, 29, 20]
43: [40, 32, 39, 31]
44: [42, 39, 32, 40, 41, 31]
45: [41, 32, 42, 31]
46: [31, 32]
47: [20, 29, 31, 32, 30, 19]
48: [66, 65]
49: [101, 102]
50: [102, 101]
51: [53, 54]
52: [32, 34, 19, 30, 33, 31, 29, 20]
53: [40, 34, 33, 39]
54: [42, 39, 34, 33, 40, 41]
55: [41, 33, 34, 42]
56: [33, 34]
57: [33, 20, 29, 31, 34, 32, 30, 19]
58: [66, 65]
59: [101, 102]
60: [102, 101]
61: [83, 53, 84, 54]
62: [32, 34, 36, 19, 30, 35, 33, 31, 29, 20]
63: [40, 36, 35, 39]
64: [42, 39, 36, 35, 40, 41]
65: [41, 35, 36, 42]
66: [35, 36]
67: [33, 35, 20, 29, 31, 36, 34, 32, 30, 19]
68: [84, 66, 83, 65]
69: [101, 102]
70: [117, 102, 118, 101]
71: [83, 86, 53, 84, 85, 54]
72: [32, 34, 36, 19, 30, 35, 33, 31, 29, 20]
73: [32, 34, 36, 40, 19, 30, 35, 39, 33, 31, 29, 20]
74: []
75: [33, 35, 41, 20, 29, 31, 42, 36, 34, 32, 30, 19]
76: [33, 35, 20, 29, 31, 36, 34, 32, 30, 19]
77: [33, 35, 20, 29, 31, 36, 34, 32, 30, 19]
78: [84, 85, 66, 83, 86, 65]
79: [101, 118, 117, 102]
80: [117, 118]
81: [53, 86, 85, 54]
82: [53, 86, 85, 54]
83: [53, 86, 85, 54]
84: [66, 53, 86, 85, 54, 65]
85: [66, 85, 86, 65]
86: [66, 85, 86, 65]
87: [66, 85, 86, 65]
88: [66, 85, 86, 65]
89: [118, 117]
90: [117, 118]
91: [117, 118]
92: [117, 118]
93: [128, 117, 118, 127]
94: [128, 129, 117, 118, 130, 127]
95: [129, 117, 118, 130]
96: [118, 117]
97: [118, 117]
98: [118, 117]
99: [118, 117]
75
0: [102, 101]
1: [102, 101]
2: [102, 101]
3: [102, 101]
4: [129, 130, 101, 102]
5: [129, 132, 130, 131, 101, 102]
6: [132, 131, 101, 102]
7: [101, 102]
8: [101, 102]
9: [101, 102]
10: [102, 101]
11: [56, 55]
12: [56, 55]
13: [56, 55]
14: [56, 55]
15: [56, 67, 68, 55]
16: [67, 68]
17: [67, 68]
18: [67, 68]
19: [101, 102]
20: [102, 101]
21: [56, 55]
22: [19, 20]
23: [19, 20]
24: [41, 42, 19, 20]
25: [41, 44, 42, 43, 20, 19]
26: [43, 44, 20, 19]
27: [20, 19]
28: [67, 68]
29: [101, 102]
30: [102, 101]
31: [55, 56]
32: [19, 30, 29, 20]
33: [30, 29]
34: [42, 41, 29, 30]
35: [41, 44, 42, 43, 29, 30]
36: [43, 44, 29, 30]
37: [20, 29, 30, 19]
38: [68, 67]
39: [101, 102]
40: [102, 101]
41: [55, 56]
42: [32, 19, 30, 31, 29, 20]
43: [32, 31]
44: [42, 32, 41, 31]
45: [41, 44, 31, 32, 42, 43]
46: [43, 31, 44, 32]
47: [20, 29, 31, 32, 30, 19]
48: [68, 67]
49: [101, 102]
50: [102, 101]
51: [55, 56]
52: [32, 34, 19, 30, 33, 31, 29, 20]
53: [34, 33]
54: [42, 33, 34, 41]
55: [41, 44, 33, 34, 42, 43]
56: [43, 33, 34, 44]
57: [33, 20, 29, 31, 34, 32, 30, 19]
58: [68, 67]
59: [101, 102]
60: [102, 101]
61: [83, 55, 84, 56]
62: [32, 34, 36, 19, 30, 35, 33, 31, 29, 20]
63: [36, 35]
64: [42, 35, 36, 41]
65: [41, 44, 35, 36, 42, 43]
66: [43, 35, 36, 44]
67: [33, 35, 20, 29, 31, 36, 34, 32, 30, 19]
68: [84, 68, 83, 67]
69: [101, 102]
70: [117, 102, 118, 101]
71: [83, 86, 55, 84, 85, 56]
72: [32, 34, 36, 19, 30, 35, 33, 31, 29, 20]
73: [32, 34, 36, 19, 30, 35, 33, 31, 29, 20]
74: [32, 34, 36, 42, 19, 30, 41, 35, 33, 31, 29, 20]
75: []
76: [33, 35, 43, 20, 29, 31, 36, 44, 34, 32, 30, 19]
77: [33, 35, 20, 29, 31, 36, 34, 32, 30, 19]
78: [84, 85, 68, 83, 86, 67]
79: [101, 118, 117, 102]
80: [117, 118]
81: [86, 55, 85, 56]
82: [55, 86, 85, 56]
83: [55, 86, 85, 56]
84: [55, 85, 86, 56]
85: [68, 55, 85, 86, 67, 56]
86: [68, 85, 86, 67]
87: [68, 85, 86, 67]
88: [68, 85, 86, 67]
89: [118, 117]
90: [117, 118]
91: [117, 118]
92: [117, 118]
93: [117, 118]
94: [130, 117, 118, 129]
95: [130, 131, 118, 117, 129, 132]
96: [131, 118, 117, 132]
97: [118, 117]
98: [118, 117]
99: [118, 117]
76
0: [102, 101]
1: [102, 101]
2: [102, 101]
3: [101, 102]
4: [101, 102]
5: [131, 132, 101, 102]
6: [131, 134, 132, 101, 133, 102]
7: [134, 101, 133, 102]
8: [101, 102]
9: [101, 102]
10: [102, 101]
11: [58, 57]
12: [58, 57]
13: [58, 57]
14: [58, 57]
15: [58, 57]
16: [58, 69, 70, 57]
17: [69, 70]
18: [69, 70]
19: [101, 102]
20: [102, 101]
21: [57, 58]
22: [19, 20]
23: [19, 20]
24: [20, 19]
25: [43, 44, 20, 19]
26: [43, 46, 20, 45, 44, 19]
27: [20, 45, 46, 19]
28: [69, 70]
29: [101, 102]
30: [102, 101]
31: [57, 58]
32: [19, 30, 29, 20]
33: [29, 30]
34: [29, 30]
35: [44, 43, 29, 30]
36: [43, 46, 29, 44, 45, 30]
37: [45, 20, 29, 46, 30, 19]
38: [70, 69]
39: [101, 102]
40: [102, 101]
41: [57, 58]
42: [32, 19, 30, 31, 29, 20]
43: [32, 31]
44: [31, 32]
45: [44, 31, 43, 32]
46: [43, 46, 31, 44, 45, 32]
47: [45, 20, 29, 31, 46, 32, 30, 19]
48: [70, 69]
49: [101, 102]
50: [102, 101]
51: [57, 58]
52: [32, 34, 19, 30, 33, 31, 29, 20]
53: [33, 34]
54: [33, 34]
55: [44, 33, 34, 43]
56: [43, 46, 33, 34, 44, 45]
57: [33, 45, 20, 29, 31, 46, 34, 32, 30, 19]
58: [70, 69]
59: [101, 102]
60: [102, 101]
61: [83, 57, 84, 58]
62: [32, 34, 36, 19, 30, 35, 33, 31, 29, 20]
63: [35, 36]
64: [35, 36]
65: [44, 35, 36, 43]
66: [43, 46, 35, 36, 44, 45]
67: [33, 35, 45, 20, 29, 31, 36, 46, 34, 32, 30, 19]
68: [84, 70, 83, 69]
69: [101, 102]
70: [117, 102, 118, 101]
71: [83, 86, 57, 84, 85, 58]
72: [32, 34, 36, 19, 30, 35, 33, 31, 29, 20]
73: [32, 34, 36, 19, 30, 35, 33, 31, 29, 20]
74: [32, 34, 36, 19, 30, 35, 33, 31, 29, 20]
75: [32, 34, 36, 44, 19, 30, 43, 35, 33, 31, 29, 20]
76: []
77: [33, 35, 45, 20, 29, 31, 36, 46, 34, 32, 30, 19]
78: [84, 85, 70, 83, 69, 86]
79: [101, 118, 117, 102]
80: [117, 118]
81: [57, 86, 85, 58]
82: [57, 86, 85, 58]
83: [57, 85, 86, 58]
84: [57, 85, 86, 58]
85: [57, 85, 86, 58]
86: [57, 70, 85, 86, 69, 58]
87: [70, 85, 86, 69]
88: [85, 70, 86, 69]
89: [118, 117]
90: [117, 118]
91: [117, 118]
92: [117, 118]
93: [117, 118]
94: [118, 117]
95: [132, 118, 117, 131]
96: [132, 133, 118, 117, 131, 134]
97: [133, 118, 117, 134]
98: [118, 117]
99: [118, 117]
77
0: [102, 101]
1: [102, 101]
2: [101, 102]
3: [101, 102]
4: [101, 102]
5: [101, 102]
6: [133, 101, 134, 102]
7: [136, 133, 101, 134, 135, 102]
8: [136, 101, 135, 102]
9: [101, 102]
10: [102, 101]
11: [60, 59]
12: [60, 59]
13: [60, 59]
14: [60, 59]
15: [60, 59]
16: [60, 59]
17: [60, 71, 72, 59]
18: [71, 72]
19: [101, 102]
20: [102, 101]
21: [59, 60]
22: [19, 20]
23: [20, 19]
24: [20, 19]
25: [20, 19]
26: [20, 45, 46, 19]
27: [20, 45, 46, 19]
28: [72, 71]
29: [101, 102]
30: [102, 101]
31: [59, 60]
32: [19, 29, 30, 20]
33: [29, 30]
34: [29, 30]
35: [29, 30]
36: [29, 46, 45, 30]
37: [45, 20, 29, 46, 30, 19]
38: [72, 71]
39: [101, 102]
40: [102, 101]
41: [59, 60]
42: [32, 19, 30, 31, 29, 20]
43: [31, 32]
44: [31, 32]
45: [31, 32]
46: [46, 31, 45, 32]
47: [45, 20, 29, 31, 46, 32, 30, 19]
48: [72, 71]
49: [101, 102]
50: [102, 101]
51: [59, 60]
52: [32, 33, 34, 19, 30, 31, 29, 20]
53: [33, 34]
54: [33, 34]
55: [33, 34]
56: [33, 46, 45, 34]
57: [33, 45, 20, 29, 31, 46, 34, 32, 30, 19]
58: [72, 71]
59: [101, 102]
60: [102, 101]
61: [83, 59, 84, 60]
62: [32, 34, 35, 36, 19, 30, 33, 31, 29, 20]
63: [35, 36]
64: [35, 36]
65: [35, 36]
66: [35, 46, 36, 45]
67: [33, 35, 45, 20, 29, 31, 36, 46, 34, 32, 30, 19]
68: [84, 72, 71, 83]
69: [101, 102]
70: [117, 102, 118, 101]
71: [83, 86, 59, 84, 85, 60]
72: [32, 34, 36, 19, 30, 35, 33, 31, 29, 20]
73: [32, 34, 36, 19, 30, 35, 33, 31, 29, 20]
74: [32, 34, 36, 19, 30, 35, 33, 31, 29, 20]
75: [32, 34, 36, 19, 30, 35, 33, 31, 29, 20]
76: [32, 34, 36, 46, 19, 30, 35, 45, 33, 31, 29, 20]
77: []
78: [84, 85, 72, 71, 83, 86]
79: [101, 118, 117, 102]
80: [117, 118]
81: [59, 86, 85, 60]
82: [59, 85, 86, 60]
83: [59, 85, 86, 60]
84: [59, 85, 86, 60]
85: [59, 85, 86, 60]
86: [59, 85, 86, 60]
87: [72, 59, 85, 86, 71, 60]
88: [72, 85, 86, 71]
89: [118, 117]
90: [117, 118]
91: [117, 118]
92: [117, 118]
93: [118, 117]
94: [118, 117]
95: [118, 117]
96: [134, 118, 117, 133]
97: [134, 135, 118, 117, 136, 133]
98: [135, 118, 136, 117]
99: [118, 117]
78
0: [102, 101]
1: [101, 102]
2: [101, 102]
3: [101, 102]
4: [101, 102]
5: [101, 102]
6: [101, 102]
7: [135, 101, 136, 102]
8: [138, 135, 101, 136, 137, 102]
9: [138, 101, 137, 102]
10: [102, 101]
11: [47, 48]
12: [62, 47, 61, 48]
13: [64, 62, 47, 63, 61, 48]
14: [64, 66, 62, 47, 65, 63, 61, 48]
15: [64, 66, 68, 47, 62, 67, 65, 63, 61, 48]
16: [64, 66, 68, 70, 47, 62, 69, 67, 65, 63, 61, 48]
17: [64, 66, 68, 70, 72, 47, 62, 71, 69, 67, 65, 63, 61, 48]
18: [64, 66, 68, 70, 72, 47, 62, 71, 69, 67, 65, 63, 61, 48]
19: [101, 138, 137, 102]
20: [102, 101]
21: [48, 47]
22: [61, 62]
23: [64, 63]
24: [65, 66]
25: [67, 68]
26: [69, 70]
27: [72, 71]
28: [64, 66, 68, 70, 72, 47, 62, 71, 69, 67, 65, 63, 61, 48]
29: [101, 137, 138, 102]
30: [102, 101]
31: [48, 47]
32: [61, 62]
33: [63, 64]
34: [65, 66]
35: [67, 68]
36: [69, 70]
37: [71, 72]
38: [64, 66, 68, 70, 72, 47, 62, 71, 69, 67, 65, 63, 61, 48]
39: [101, 137, 138, 102]
40: [102, 101]
41: [48, 47]
42: [61, 62]
43: [63, 64]
44: [65, 66]
45: [67, 68]
46: [69, 70]
47: [71, 72]
48: [64, 66, 68, 70, 72, 47, 62, 71, 69, 67, 65, 63, 61, 48]
49: [101, 137, 138, 102]
50: [102, 101]
51: [48, 47]
52: [61, 62]
53: [63, 64]
54: [65, 66]
55: [67, 68]
56: [69, 70]
57: [71, 72]
58: [64, 66, 68, 70, 72, 47, 62, 71, 69, 67, 65, 63, 61, 48]
59: [101, 137, 138, 102]
60: [102, 101]
61: [83, 84, 48, 47]
62: [84, 83, 61, 62]
63: [84, 63, 83, 64]
64: [84, 65, 83, 66]
65: [84, 67, 83, 68]
66: [84, 69, 83, 70]
67: [84, 71, 72, 83]
68: [64, 66, 68, 70, 72, 47, 84, 62, 83, 71, 69, 67, 65, 63, 61, 48]
69: [101, 137, 138, 102]
70: [117, 102, 118, 101]
71: [83, 86, 48, 84, 85, 47]
72: [83, 86, 61, 84, 85, 62]
73: [83, 86, 63, 84, 85, 64]
74: [83, 86, 65, 84, 85, 66]
75: [83, 86, 67, 84, 85, 68]
76: [83, 86, 69, 84, 85, 70]
77: [83, 86, 71, 72, 84, 85]
78: []
79: [101, 118, 137, 138, 117, 102]
80: [117, 118]
81: [48, 85, 86, 47]
82: [48, 85, 61, 86, 62, 47]
83: [48, 85, 61, 63, 86, 64, 62, 47]
84: [65, 48, 85, 61, 63, 86, 66, 64, 62, 47]
85: [65, 67, 48, 85, 61, 63, 86, 68, 66, 64, 62, 47]
86: [65, 67, 69, 48, 85, 61, 63, 86, 70, 68, 66, 64, 62, 47]
87: [65, 67, 69, 71, 48, 85, 61, 63, 72, 86, 70, 68, 66, 64, 62, 47]
88: [65, 67, 69, 71, 48, 85, 61, 63, 72, 86, 70, 68, 66, 64, 62, 47]
89: [118, 137, 138, 117]
90: [117, 118]
91: [117, 118]
92: [118, 117]
93: [118, 117]
94: [118, 117]
95: [118, 117]
96: [118, 117]
97: [136, 118, 117, 135]
98: [136, 137, 118, 138, 117, 135]
99: [137, 118, 138, 117]
79
0: [88, 101, 102, 103, 104, 87]
1: [88, 101, 103, 102, 104, 87]
2: [88, 101, 103, 102, 104, 87]
3: [88, 101, 103, 102, 104, 87]
4: [88, 101, 103, 102, 104, 87]
5: [88, 101, 103, 102, 104, 87]
6: [88, 101, 103, 102, 104, 87]
7: [88, 101, 103, 102, 104, 87]
8: [88, 137, 101, 103, 138, 102, 104, 87]
9: [88, 137, 101, 103, 138, 102, 104, 87]
10: [105, 102, 88, 104, 101, 103, 106, 87]
11: [105, 106]
12: [105, 106]
13: [105, 106]
14: [105, 106]
15: [105, 106]
16: [105, 106]
17: [105, 106]
18: [105, 137, 138, 106]
19: [101, 103, 105, 137, 88, 138, 102, 104, 106, 87]
20: [107, 102, 104, 105, 101, 103, 106, 108, 87, 88]
21: [107, 108]
22: [107, 108]
23: [107, 108]
24: [107, 108]
25: [107, 108]
26: [107, 108]
27: [107, 108]
28: [107, 137, 138, 108]
29: [101, 103, 105, 137, 107, 88, 138, 108, 102, 104, 106, 87]
30: [109, 102, 104, 107, 105, 106, 108, 110, 87, 88, 101, 103]
31: [109, 110]
32: [109, 110]
33: [109, 110]
34: [109, 110]
35: [109, 110]
36: [109, 110]
37: [109, 110]
38: [109, 138, 137, 110]
39: [101, 103, 105, 137, 107, 109, 88, 138, 110, 108, 102, 104, 106, 87]
40: [102, 111, 104, 109, 106, 107, 108, 110, 112, 87, 105, 88, 101, 103]
41: [111, 112]
42: [111, 112]
43: [111, 112]
44: [111, 112]
45: [111, 112]
46: [111, 112]
47: [111, 112]
48: [111, 138, 137, 112]
49: [101, 103, 105, 137, 107, 109, 111, 88, 138, 112, 110, 108, 102, 104, 106, 87]
50: [113, 102, 104, 111, 106, 108, 109, 110, 112, 114, 87, 107, 105, 88, 101, 103]
51: [113, 114]
52: [113, 114]
53: [113, 114]
54: [113, 114]
55: [113, 114]
56: [113, 114]
57: [113, 114]
58: [113, 138, 137, 114]
59: [101, 103, 105, 137, 107, 109, 111, 113, 88, 138, 114, 112, 110, 108, 102, 104, 106, 87]
60: [115, 102, 104, 113, 106, 108, 110, 111, 112, 114, 116, 87, 109, 107, 105, 88, 101, 103]
61: [115, 116]
62: [115, 116]
63: [115, 116]
64: [115, 116]
65: [115, 116]
66: [115, 116]
67: [115, 116]
68: [115, 138, 137, 116]
69: [101, 103, 105, 137, 107, 109, 111, 113, 115, 88, 138, 116, 114, 112, 110, 108, 102, 104, 106, 87]
70: [117, 102, 104, 115, 106, 108, 110, 112, 113, 114, 116, 118, 87, 111, 109, 107, 105, 88, 101, 103]
71: [117, 102, 118, 101]
72: [117, 102, 118, 101]
73: [117, 102, 118, 101]
74: [117, 102, 118, 101]
75: [117, 102, 118, 101]
76: [117, 102, 118, 101]
77: [117, 102, 118, 101]
78: [117, 102, 138, 137, 118, 101]
79: []
80: [104, 117, 106, 108, 110, 112, 114, 115, 116, 118, 87, 113, 111, 109, 107, 105, 88, 103]
81: [104, 103]
82: [104, 103]
83: [104, 103]
84: [104, 103]
85: [104, 103]
86: [104, 103]
87: [104, 103]
88: [104, 138, 137, 103]
89: [104, 106, 138, 108, 110, 112, 114, 116, 118, 87, 137, 117, 115, 113, 111, 109, 107, 105, 103, 88]
90: [106, 108, 110, 112, 114, 116, 117, 118, 87, 115, 113, 111, 109, 107, 105, 88]
91: [106, 108, 110, 112, 114, 116, 118, 87, 117, 115, 113, 111, 109, 107, 105, 88]
92: [106, 108, 110, 112, 114, 116, 118, 87, 117, 115, 113, 111, 109, 107, 105, 88]
93: [106, 108, 110, 112, 114, 116, 118, 87, 117, 115, 113, 111, 109, 107, 105, 88]
94: [106, 108, 110, 112, 114, 116, 118, 87, 117, 115, 113, 111, 109, 107, 105, 88]
95: [106, 108, 110, 112, 114, 116, 118, 87, 117, 115, 113, 111, 109, 107, 105, 88]
96: [106, 108, 110, 112, 114, 116, 118, 87, 117, 115, 113, 111, 109, 107, 105, 88]
97: [106, 108, 110, 112, 114, 116, 118, 87, 117, 115, 113, 111, 109, 107, 105, 88]
98: [106, 138, 108, 110, 112, 114, 116, 118, 87, 137, 117, 115, 113, 111, 109, 107, 105, 88]
99: [106, 138, 108, 110, 112, 114, 116, 118, 87, 137, 117, 115, 113, 111, 109, 107, 105, 88]
80
0: [104, 122, 87, 121, 103, 88]
1: [104, 122, 87, 121, 103, 88]
2: [104, 87, 103, 88]
3: [104, 87, 103, 88]
4: [104, 87, 103, 88]
5: [104, 87, 103, 88]
6: [104, 87, 103, 88]
7: [104, 87, 103, 88]
8: [104, 87, 103, 88]
9: [104, 103, 87, 88]
10: [104, 106, 122, 87, 121, 105, 103, 88]
11: [106, 121, 122, 105]
12: [106, 105]
13: [106, 105]
14: [106, 105]
15: [106, 105]
16: [106, 105]
17: [106, 105]
18: [106, 105]
19: [106, 103, 88, 105, 104, 87]
20: [104, 106, 108, 87, 122, 121, 107, 105, 103, 88]
21: [108, 121, 122, 107]
22: [108, 107]
23: [108, 107]
24: [108, 107]
25: [108, 107]
26: [108, 107]
27: [108, 107]
28: [108, 107]
29: [108, 103, 88, 105, 106, 107, 104, 87]
30: [104, 106, 108, 110, 87, 122, 121, 109, 107, 105, 103, 88]
31: [110, 121, 122, 109]
32: [110, 109]
33: [110, 109]
34: [110, 109]
35: [110, 109]
36: [110, 109]
37: [110, 109]
38: [110, 109]
39: [110, 103, 105, 107, 108, 109, 88, 106, 104, 87]
40: [104, 106, 108, 110, 112, 87, 122, 121, 111, 109, 107, 105, 103, 88]
41: [112, 121, 122, 111]
42: [112, 111]
43: [112, 111]
44: [112, 111]
45: [112, 111]
46: [112, 111]
47: [112, 111]
48: [112, 111]
49: [112, 103, 105, 107, 109, 110, 111, 88, 108, 106, 104, 87]
50: [104, 106, 108, 110, 112, 114, 87, 122, 121, 113, 111, 109, 107, 105, 103, 88]
51: [114, 121, 122, 113]
52: [114, 113]
53: [114, 113]
54: [114, 113]
55: [114, 113]
56: [114, 113]
57: [114, 113]
58: [114, 113]
59: [114, 103, 105, 107, 109, 111, 112, 113, 88, 110, 108, 106, 104, 87]
60: [104, 106, 108, 110, 112, 114, 116, 87, 122, 121, 115, 113, 111, 109, 107, 105, 103, 88]
61: [116, 121, 122, 115]
62: [116, 115]
63: [116, 115]
64: [116, 115]
65: [116, 115]
66: [116, 115]
67: [116, 115]
68: [116, 115]
69: [116, 103, 105, 107, 109, 111, 113, 114, 115, 88, 112, 110, 108, 106, 104, 87]
70: [104, 106, 108, 110, 112, 114, 116, 118, 87, 122, 121, 117, 115, 113, 111, 109, 107, 105, 103, 88]
71: [118, 121, 122, 117]
72: [118, 117]
73: [118, 117]
74: [118, 117]
75: [118, 117]
76: [118, 117]
77: [118, 117]
78: [118, 117]
79: [118, 103, 105, 107, 109, 111, 113, 115, 116, 117, 88, 114, 112, 110, 108, 106, 104, 87]
80: []
81: [120, 103, 121, 122, 119, 104]
82: [120, 103, 119, 104]
83: [120, 103, 119, 104]
84: [120, 103, 119, 104]
85: [120, 103, 119, 104]
86: [120, 103, 119, 104]
87: [120, 103, 119, 104]
88: [120, 103, 119, 104]
89: [120, 103, 105, 107, 109, 111, 113, 115, 117, 118, 119, 88, 116, 114, 112, 110, 108, 106, 104, 87]
90: [105, 107, 109, 111, 113, 115, 117, 119, 88, 121, 120, 122, 118, 116, 114, 112, 110, 108, 106, 87]
91: [105, 107, 109, 111, 113, 115, 117, 119, 88, 121, 120, 122, 118, 116, 114, 112, 110, 108, 106, 87]
92: [105, 107, 109, 111, 113, 115, 117, 119, 88, 120, 118, 116, 114, 112, 110, 108, 106, 87]
93: [105, 107, 109, 111, 113, 115, 117, 119, 88, 120, 118, 116, 114, 112, 110, 108, 106, 87]
94: [105, 107, 109, 111, 113, 115, 117, 119, 88, 120, 118, 116, 114, 112, 110, 108, 106, 87]
95: [105, 107, 109, 111, 113, 115, 117, 119, 88, 120, 118, 116, 114, 112, 110, 108, 106, 87]
96: [105, 107, 109, 111, 113, 115, 117, 119, 88, 120, 118, 116, 114, 112, 110, 108, 106, 87]
97: [105, 107, 109, 111, 113, 115, 117, 119, 88, 120, 118, 116, 114, 112, 110, 108, 106, 87]
98: [105, 107, 109, 111, 113, 115, 117, 119, 88, 120, 118, 116, 114, 112, 110, 108, 106, 87]
99: [105, 107, 109, 111, 113, 115, 117, 119, 88, 120, 118, 116, 114, 112, 110, 108, 106, 87]
81
0: [104, 121, 122, 103]
1: [121, 124, 104, 122, 123, 103]
2: [124, 104, 123, 103]
3: [104, 103]
4: [104, 103]
5: [104, 103]
6: [104, 103]
7: [104, 103]
8: [104, 103]
9: [103, 104]
10: [104, 121, 122, 103]
11: [48, 49, 51, 53, 55, 57, 59, 50, 52, 54, 56, 58, 60, 47]
12: [48, 49, 50, 51, 53, 55, 57, 59, 52, 54, 56, 58, 60, 47]
13: [48, 51, 52, 53, 55, 57, 59, 54, 56, 58, 60, 47]
14: [48, 53, 54, 55, 57, 59, 56, 58, 60, 47]
15: [48, 55, 56, 57, 59, 58, 60, 47]
16: [48, 57, 58, 59, 60, 47]
17: [48, 59, 60, 47]
18: [48, 47]
19: [103, 104]
20: [104, 122, 121, 103]
21: [48, 49, 51, 53, 55, 57, 59, 50, 52, 54, 56, 58, 60, 47]
22: [50, 49]
23: [52, 51]
24: [54, 53]
25: [56, 55]
26: [58, 57]
27: [60, 59]
28: [47, 48]
29: [103, 104]
30: [104, 122, 121, 103]
31: [48, 49, 51, 53, 55, 57, 59, 50, 52, 54, 56, 58, 60, 47]
32: [50, 49]
33: [52, 51]
34: [54, 53]
35: [56, 55]
36: [58, 57]
37: [60, 59]
38: [47, 48]
39: [103, 104]
40: [104, 122, 121, 103]
41: [48, 49, 51, 53, 55, 57, 59, 50, 52, 54, 56, 58, 60, 47]
42: [50, 49]
43: [52, 51]
44: [54, 53]
45: [56, 55]
46: [58, 57]
47: [60, 59]
48: [47, 48]
49: [103, 104]
50: [104, 122, 121, 103]
51: [48, 49, 51, 53, 55, 57, 59, 50, 52, 54, 56, 58, 60, 47]
52: [50, 49]
53: [52, 51]
54: [54, 53]
55: [56, 55]
56: [58, 57]
57: [60, 59]
58: [47, 48]
59: [103, 104]
60: [104, 122, 121, 103]
61: [48, 49, 51, 53, 55, 57, 59, 50, 52, 54, 56, 58, 60, 47]
62: [50, 49]
63: [52, 51]
64: [54, 53]
65: [56, 55]
66: [58, 57]
67: [60, 59]
68: [47, 48]
69: [103, 104]
70: [104, 122, 121, 103]
71: [48, 49, 51, 53, 85, 55, 57, 59, 50, 86, 52, 54, 56, 58, 60, 47]
72: [50, 85, 49, 86]
73: [52, 85, 86, 51]
74: [85, 54, 86, 53]
75: [56, 85, 86, 55]
76: [58, 85, 86, 57]
77: [60, 85, 86, 59]
78: [85, 86, 47, 48]
79: [103, 104]
80: [104, 119, 122, 121, 120, 103]
81: []
82: [47, 50, 52, 54, 86, 56, 58, 60, 49, 85, 51, 53, 55, 57, 59, 48]
83: [47, 52, 54, 86, 56, 58, 60, 85, 51, 53, 55, 57, 59, 48]
84: [47, 54, 86, 56, 58, 60, 85, 53, 55, 57, 59, 48]
85: [47, 86, 56, 58, 60, 85, 55, 57, 59, 48]
86: [58, 60, 86, 47, 85, 57, 59, 48]
87: [60, 86, 47, 85, 59, 48]
88: [86, 47, 85, 48]
89: [120, 103, 119, 104]
90: [122, 119, 120, 121]
91: [122, 123, 119, 120, 121, 124]
92: [123, 119, 120, 124]
93: [119, 120]
94: [119, 120]
95: [119, 120]
96: [119, 120]
97: [119, 120]
98: [120, 119]
99: [120, 119]
82
0: [104, 103]
1: [123, 104, 124, 103]
2: [123, 126, 104, 124, 125, 103]
3: [126, 125, 104, 103]
4: [104, 103]
5: [104, 103]
6: [104, 103]
7: [104, 103]
8: [103, 104]
9: [103, 104]
10: [104, 103]
11: [48, 49, 50, 51, 53, 55, 57, 59, 52, 54, 56, 58, 60, 47]
12: [50, 61, 48, 49, 51, 52, 53, 55, 57, 59, 54, 56, 58, 60, 62, 47]
13: [52, 61, 48, 51, 53, 54, 55, 57, 59, 56, 58, 60, 62, 47]
14: [61, 54, 48, 53, 55, 56, 57, 59, 58, 60, 62, 47]
15: [56, 61, 48, 55, 57, 58, 59, 60, 62, 47]
16: [58, 61, 48, 57, 59, 60, 62, 47]
17: [60, 61, 48, 59, 62, 47]
18: [61, 62, 47, 48]
19: [103, 104]
20: [104, 103]
21: [48, 49, 51, 53, 55, 57, 59, 50, 52, 54, 56, 58, 60, 47]
22: [50, 61, 49, 62]
23: [52, 51]
24: [54, 53]
25: [56, 55]
26: [58, 57]
27: [60, 59]
28: [62, 47, 61, 48]
29: [103, 104]
30: [104, 103]
31: [48, 49, 51, 53, 55, 57, 59, 50, 52, 54, 56, 58, 60, 47]
32: [50, 61, 49, 62]
33: [52, 51]
34: [54, 53]
35: [56, 55]
36: [58, 57]
37: [60, 59]
38: [62, 47, 61, 48]
39: [103, 104]
40: [104, 103]
41: [48, 49, 51, 53, 55, 57, 59, 50, 52, 54, 56, 58, 60, 47]
42: [50, 61, 49, 62]
43: [52, 51]
44: [54, 53]
45: [56, 55]
46: [58, 57]
47: [60, 59]
48: [62, 47, 61, 48]
49: [103, 104]
50: [104, 103]
51: [48, 49, 51, 53, 55, 57, 59, 50, 52, 54, 56, 58, 60, 47]
52: [50, 61, 49, 62]
53: [52, 51]
54: [54, 53]
55: [56, 55]
56: [58, 57]
57: [60, 59]
58: [62, 47, 61, 48]
59: [103, 104]
60: [104, 103]
61: [48, 49, 51, 53, 55, 57, 59, 50, 52, 54, 56, 58, 60, 47]
62: [50, 61, 49, 62]
63: [52, 51]
64: [54, 53]
65: [56, 55]
66: [58, 57]
67: [60, 59]
68: [62, 47, 61, 48]
69: [103, 104]
70: [104, 103]
71: [48, 49, 51, 53, 85, 55, 57, 59, 50, 86, 52, 54, 56, 58, 60, 47]
72: [50, 61, 85, 86, 49, 62]
73: [52, 85, 86, 51]
74: [54, 85, 86, 53]
75: [56, 85, 86, 55]
76: [58, 85, 86, 57]
77: [60, 85, 86, 59]
78: [86, 62, 47, 85, 61, 48]
79: [103, 104]
80: [104, 119, 120, 103]
81: [48, 49, 51, 53, 85, 55, 57, 59, 50, 86, 52, 54, 56, 58, 60, 47]
82: []
83: [47, 52, 54, 86, 56, 58, 60, 62, 85, 51, 53, 55, 57, 59, 61, 48]
84: [47, 54, 86, 56, 58, 60, 62, 85, 53, 55, 57, 59, 61, 48]
85: [47, 86, 56, 58, 60, 62, 85, 55, 57, 59, 61, 48]
86: [47, 86, 58, 60, 62, 85, 57, 59, 61, 48]
87: [86, 60, 62, 47, 85, 59, 61, 48]
88: [86, 62, 47, 85, 61, 48]
89: [120, 103, 119, 104]
90: [119, 120]
91: [124, 119, 120, 123]
92: [124, 125, 119, 120, 123, 126]
93: [125, 119, 120, 126]
94: [119, 120]
95: [119, 120]
96: [119, 120]
97: [120, 119]
98: [120, 119]
99: [120, 119]
83
0: [104, 103]
1: [104, 103]
2: [125, 126, 104, 103]
3: [128, 125, 126, 127, 104, 103]
4: [128, 127, 104, 103]
5: [104, 103]
6: [104, 103]
7: [103, 104]
8: [103, 104]
9: [103, 104]
10: [104, 103]
11: [48, 51, 52, 53, 55, 57, 59, 54, 56, 58, 60, 47]
12: [52, 61, 48, 51, 53, 54, 55, 57, 59, 56, 58, 60, 62, 47]
13: [52, 63, 61, 54, 48, 51, 53, 55, 56, 57, 59, 58, 60, 64, 62, 47]
14: [54, 63, 56, 61, 48, 53, 55, 57, 58, 59, 60, 64, 62, 47]
15: [56, 63, 58, 61, 48, 55, 57, 59, 60, 64, 62, 47]
16: [58, 63, 60, 61, 64, 47, 48, 57, 59, 62]
17: [60, 63, 64, 61, 62, 47, 48, 59]
18: [64, 63, 62, 47, 61, 48]
19: [103, 104]
20: [104, 103]
21: [48, 51, 53, 55, 57, 59, 52, 54, 56, 58, 60, 47]
22: [61, 62]
23: [52, 63, 51, 64]
24: [54, 53]
25: [56, 55]
26: [58, 57]
27: [60, 59]
28: [64, 62, 47, 63, 61, 48]
29: [103, 104]
30: [104, 103]
31: [48, 51, 53, 55, 57, 59, 52, 54, 56, 58, 60, 47]
32: [61, 62]
33: [52, 63, 51, 64]
34: [54, 53]
35: [56, 55]
36: [58, 57]
37: [60, 59]
38: [64, 62, 47, 63, 61, 48]
39: [103, 104]
40: [104, 103]
41: [48, 51, 53, 55, 57, 59, 52, 54, 56, 58, 60, 47]
42: [61, 62]
43: [52, 63, 51, 64]
44: [54, 53]
45: [56, 55]
46: [58, 57]
47: [60, 59]
48: [64, 62, 47, 63, 61, 48]
49: [103, 104]
50: [104, 103]
51: [48, 51, 53, 55, 57, 59, 52, 54, 56, 58, 60, 47]
52: [61, 62]
53: [52, 63, 51, 64]
54: [54, 53]
55: [56, 55]
56: [58, 57]
57: [60, 59]
58: [64, 62, 47, 63, 61, 48]
59: [103, 104]
60: [104, 103]
61: [48, 51, 53, 55, 57, 59, 52, 54, 56, 58, 60, 47]
62: [61, 62]
63: [52, 63, 51, 64]
64: [54, 53]
65: [56, 55]
66: [58, 57]
67: [60, 59]
68: [64, 62, 47, 63, 61, 48]
69: [103, 104]
70: [104, 103]
71: [48, 51, 53, 85, 55, 57, 59, 86, 52, 54, 56, 58, 60, 47]
72: [61, 85, 86, 62]
73: [52, 63, 85, 86, 51, 64]
74: [54, 85, 86, 53]
75: [56, 85, 86, 55]
76: [58, 85, 86, 57]
77: [60, 86, 85, 59]
78: [64, 86, 62, 47, 85, 63, 61, 48]
79: [103, 104]
80: [104, 119, 120, 103]
81: [48, 51, 53, 85, 55, 57, 59, 86, 52, 54, 56, 58, 60, 47]
82: [48, 51, 53, 85, 55, 57, 59, 61, 86, 52, 54, 56, 58, 60, 62, 47]
83: []
84: [64, 47, 54, 86, 56, 58, 60, 62, 85, 53, 55, 57, 63, 59, 61, 48]
85: [64, 47, 86, 56, 58, 60, 62, 85, 55, 57, 63, 59, 61, 48]
86: [64, 47, 86, 58, 60, 62, 85, 57, 63, 59, 61, 48]
87: [64, 47, 86, 60, 62, 85, 63, 59, 61, 48]
88: [64, 86, 62, 47, 85, 63, 61, 48]
89: [120, 103, 119, 104]
90: [119, 120]
91: [119, 120]
92: [126, 119, 120, 125]
93: [126, 127, 119, 120, 128, 125]
94: [127, 119, 120, 128]
95: [119, 120]
96: [120, 119]
97: [120, 119]
98: [120, 119]
99: [120, 119]
84
0: [104, 103]
1: [104, 103]
2: [104, 103]
3: [127, 128, 104, 103]
4: [130, 127, 128, 129, 104, 103]
5: [130, 129, 104, 103]
6: [103, 104]
7: [103, 104]
8: [103, 104]
9: [103, 104]
10: [104, 103]
11: [48, 53, 54, 55, 57, 59, 56, 58, 60, 47]
12: [61, 54, 48, 53, 55, 56, 57, 59, 58, 60, 62, 47]
13: [54, 63, 56, 61, 48, 53, 55, 57, 58, 59, 60, 64, 62, 47]
14: [65, 54, 56, 63, 58, 61, 48, 53, 55, 57, 59, 60, 64, 66, 62, 47]
15: [56, 65, 58, 63, 60, 61, 64, 66, 47, 48, 55, 57, 59, 62]
16: [65, 58, 60, 63, 64, 66, 47, 61, 62, 48, 57, 59]
17: [65, 60, 64, 66, 47, 62, 63, 61, 48, 59]
18: [64, 65, 66, 47, 62, 63, 61, 48]
19: [103, 104]
20: [104, 103]
21: [48, 53, 55, 57, 59, 54, 56, 58, 60, 47]
22: [61, 62]
23: [63, 64]
24: [65, 54, 53, 66]
25: [56, 55]
26: [58, 57]
27: [60, 59]
28: [64, 66, 62, 47, 65, 63, 61, 48]
29: [103, 104]
30: [104, 103]
31: [48, 53, 55, 57, 59, 54, 56, 58, 60, 47]
32: [61, 62]
33: [63, 64]
34: [65, 54, 53, 66]
35: [56, 55]
36: [58, 57]
37: [60, 59]
38: [64, 66, 62, 47, 65, 63, 61, 48]
39: [103, 104]
40: [104, 103]
41: [48, 53, 55, 57, 59, 54, 56, 58, 60, 47]
42: [61, 62]
43: [63, 64]
44: [65, 54, 53, 66]
45: [56, 55]
46: [58, 57]
47: [60, 59]
48: [64, 66, 62, 47, 65, 63, 61, 48]
49: [103, 104]
50: [104, 103]
51: [48, 53, 55, 57, 59, 54, 56, 58, 60, 47]
52: [61, 62]
53: [63, 64]
54: [65, 54, 53, 66]
55: [56, 55]
56: [58, 57]
57: [60, 59]
58: [64, 66, 62, 47, 65, 63, 61, 48]
59: [103, 104]
60: [104, 103]
61: [48, 53, 55, 57, 59, 54, 56, 58, 60, 47]
62: [61, 62]
63: [63, 64]
64: [65, 54, 53, 66]
65: [56, 55]
66: [58, 57]
67: [60, 59]
68: [64, 66, 62, 47, 65, 63, 61, 48]
69: [103, 104]
70: [104, 103]
71: [48, 53, 85, 55, 57, 59, 86, 54, 56, 58, 60, 47]
72: [61, 85, 86, 62]
73: [63, 85, 86, 64]
74: [65, 54, 85, 86, 53, 66]
75: [56, 85, 86, 55]
76: [58, 86, 85, 57]
77: [60, 86, 85, 59]
78: [64, 66, 47, 86, 62, 85, 65, 63, 61, 48]
79: [103, 104]
80: [104, 119, 120, 103]
81: [48, 53, 85, 55, 57, 59, 86, 54, 56, 58, 60, 47]
82: [48, 53, 85, 55, 57, 59, 61, 86, 54, 56, 58, 60, 62, 47]
83: [48, 53, 85, 55, 57, 59, 61, 63, 86, 54, 56, 64, 58, 60, 62, 47]
84: []
85: [64, 66, 47, 86, 56, 58, 60, 62, 85, 65, 55, 57, 63, 59, 61, 48]
86: [64, 66, 47, 86, 58, 60, 62, 85, 65, 57, 63, 59, 61, 48]
87: [64, 66, 47, 86, 60, 62, 85, 65, 63, 59, 61, 48]
88: [64, 66, 47, 86, 62, 85, 65, 63, 61, 48]
89: [120, 103, 119, 104]
90: [119, 120]
91: [119, 120]
92: [119, 120]
93: [128, 119, 120, 127]
94: [128, 129, 119, 120, 130, 127]
95: [129, 120, 119, 130]
96: [120, 119]
97: [120, 119]
98: [120, 119]
99: [120, 119]
85
0: [104, 103]
1: [104, 103]
2: [104, 103]
3: [104, 103]
4: [129, 130, 104, 103]
5: [129, 132, 130, 131, 103, 104]
6: [132, 131, 103, 104]
7: [103, 104]
8: [103, 104]
9: [103, 104]
10: [104, 103]
11: [48, 55, 56, 57, 59, 58, 60, 47]
12: [56, 61, 48, 55, 57, 58, 59, 60, 62, 47]
13: [56, 63, 58, 61, 48, 55, 57, 59, 60, 64, 62, 47]
14: [56, 65, 58, 63, 60, 61, 64, 66, 47, 48, 55, 57, 59, 62]
15: [56, 67, 65, 58, 60, 63, 64, 66, 68, 47, 61, 62, 48, 57, 59, 55]
16: [58, 67, 65, 60, 64, 66, 68, 47, 62, 63, 61, 48, 57, 59]
17: [67, 60, 64, 65, 66, 68, 47, 62, 63, 61, 48, 59]
18: [64, 66, 67, 68, 47, 62, 65, 63, 61, 48]
19: [103, 104]
20: [104, 103]
21: [48, 57, 59, 55, 56, 58, 60, 47]
22: [61, 62]
23: [63, 64]
24: [65, 66]
25: [56, 67, 68, 55]
26: [58, 57]
27: [60, 59]
28: [64, 66, 68, 47, 62, 67, 65, 63, 61, 48]
29: [103, 104]
30: [104, 103]
31: [48, 57, 59, 55, 56, 58, 60, 47]
32: [61, 62]
33: [63, 64]
34: [65, 66]
35: [56, 67, 68, 55]
36: [58, 57]
37: [60, 59]
38: [64, 66, 68, 47, 62, 67, 65, 63, 61, 48]
39: [103, 104]
40: [104, 103]
41: [48, 57, 59, 55, 56, 58, 60, 47]
42: [61, 62]
43: [63, 64]
44: [65, 66]
45: [56, 67, 68, 55]
46: [58, 57]
47: [60, 59]
48: [64, 66, 68, 47, 62, 67, 65, 63, 61, 48]
49: [103, 104]
50: [104, 103]
51: [48, 57, 59, 55, 56, 58, 60, 47]
52: [61, 62]
53: [63, 64]
54: [65, 66]
55: [56, 67, 68, 55]
56: [58, 57]
57: [60, 59]
58: [64, 66, 68, 47, 62, 67, 65, 63, 61, 48]
59: [103, 104]
60: [104, 103]
61: [48, 57, 59, 55, 56, 58, 60, 47]
62: [61, 62]
63: [63, 64]
64: [65, 66]
65: [56, 67, 68, 55]
66: [58, 57]
67: [60, 59]
68: [64, 66, 68, 47, 62, 67, 65, 63, 61, 48]
69: [103, 104]
70: [104, 103]
71: [48, 85, 55, 57, 59, 86, 56, 58, 60, 47]
72: [61, 85, 86, 62]
73: [63, 85, 86, 64]
74: [65, 85, 86, 66]
75: [56, 67, 86, 85, 68, 55]
76: [58, 86, 85, 57]
77: [60, 86, 85, 59]
78: [64, 66, 68, 47, 86, 62, 85, 67, 65, 63, 61, 48]
79: [103, 104]
80: [104, 119, 120, 103]
81: [48, 85, 55, 57, 59, 86, 56, 58, 60, 47]
82: [48, 85, 55, 57, 59, 61, 86, 56, 58, 60, 62, 47]
83: [48, 85, 55, 57, 59, 61, 63, 86, 56, 64, 58, 60, 62, 47]
84: [65, 48, 85, 55, 57, 59, 61, 63, 86, 56, 66, 64, 58, 60, 62, 47]
85: []
86: [64, 66, 68, 47, 86, 58, 60, 62, 85, 67, 65, 57, 63, 59, 61, 48]
87: [64, 66, 68, 47, 86, 60, 62, 85, 67, 65, 63, 59, 61, 48]
88: [64, 66, 68, 47, 86, 62, 85, 67, 65, 63, 61, 48]
89: [120, 103, 119, 104]
90: [119, 120]
91: [119, 120]
92: [119, 120]
93: [119, 120]
94: [130, 120, 119, 129]
95: [130, 131, 120, 119, 129, 132]
96: [131, 120, 119, 132]
97: [120, 119]
98: [120, 119]
99: [120, 119]
86
0: [104, 103]
1: [104, 103]
2: [104, 103]
3: [104, 103]
4: [103, 104]
5: [131, 132, 103, 104]
6: [131, 134, 132, 133, 103, 104]
7: [134, 133, 103, 104]
8: [103, 104]
9: [103, 104]
10: [104, 103]
11: [48, 57, 58, 59, 60, 47]
12: [58, 61, 48, 57, 59, 60, 62, 47]
13: [58, 63, 60, 61, 64, 47, 48, 57, 59, 62]
14: [65, 58, 60, 63, 64, 66, 47, 61, 62, 48, 57, 59]
15: [58, 67, 65, 60, 64, 66, 68, 47, 62, 63, 61, 48, 57, 59]
16: [58, 69, 67, 60, 64, 65, 66, 68, 70, 47, 62, 63, 61, 48, 57, 59]
17: [60, 69, 64, 66, 67, 68, 70, 47, 62, 65, 63, 61, 48, 59]
18: [64, 66, 68, 69, 70, 47, 62, 67, 65, 63, 61, 48]
19: [103, 104]
20: [104, 103]
21: [48, 57, 59, 58, 60, 47]
22: [61, 62]
23: [63, 64]
24: [65, 66]
25: [67, 68]
26: [58, 69, 70, 57]
27: [60, 59]
28: [64, 66, 68, 70, 47, 62, 69, 67, 65, 63, 61, 48]
29: [103, 104]
30: [104, 103]
31: [48, 57, 59, 58, 60, 47]
32: [61, 62]
33: [63, 64]
34: [65, 66]
35: [67, 68]
36: [58, 69, 70, 57]
37: [60, 59]
38: [64, 66, 68, 70, 47, 62, 69, 67, 65, 63, 61, 48]
39: [103, 104]
40: [104, 103]
41: [48, 57, 59, 58, 60, 47]
42: [61, 62]
43: [63, 64]
44: [65, 66]
45: [67, 68]
46: [58, 69, 70, 57]
47: [60, 59]
48: [64, 66, 68, 70, 47, 62, 69, 67, 65, 63, 61, 48]
49: [103, 104]
50: [104, 103]
51: [48, 57, 59, 58, 60, 47]
52: [61, 62]
53: [63, 64]
54: [65, 66]
55: [67, 68]
56: [58, 69, 70, 57]
57: [60, 59]
58: [64, 66, 68, 70, 47, 62, 69, 67, 65, 63, 61, 48]
59: [103, 104]
60: [104, 103]
61: [48, 57, 59, 58, 60, 47]
62: [61, 62]
63: [63, 64]
64: [65, 66]
65: [67, 68]
66: [58, 69, 70, 57]
67: [60, 59]
68: [64, 66, 68, 70, 47, 62, 69, 67, 65, 63, 61, 48]
69: [103, 104]
70: [104, 103]
71: [48, 57, 59, 85, 86, 58, 60, 47]
72: [61, 85, 86, 62]
73: [63, 85, 86, 64]
74: [65, 86, 85, 66]
75: [67, 86, 85, 68]
76: [58, 69, 86, 85, 70, 57]
77: [60, 86, 85, 59]
78: [64, 66, 68, 70, 47, 86, 62, 85, 69, 67, 65, 63, 61, 48]
79: [103, 104]
80: [104, 119, 120, 103]
81: [48, 57, 59, 85, 86, 58, 60, 47]
82: [48, 85, 57, 59, 61, 86, 58, 60, 62, 47]
83: [48, 85, 57, 59, 61, 63, 86, 64, 58, 60, 62, 47]
84: [65, 48, 85, 57, 59, 61, 63, 86, 66, 64, 58, 60, 62, 47]
85: [65, 67, 48, 85, 57, 59, 61, 63, 86, 68, 66, 64, 58, 60, 62, 47]
86: []
87: [64, 66, 68, 70, 47, 86, 60, 62, 85, 69, 67, 65, 63, 59, 61, 48]
88: [64, 66, 68, 70, 47, 86, 62, 85, 69, 67, 65, 63, 61, 48]
89: [120, 103, 119, 104]
90: [119, 120]
91: [119, 120]
92: [119, 120]
93: [120, 119]
94: [120, 119]
95: [132, 120, 119, 131]
96: [132, 133, 120, 119, 131, 134]
97: [133, 120, 119, 134]
98: [120, 119]
99: [120, 119]
87
0: [104, 103]
1: [104, 103]
2: [104, 103]
3: [103, 104]
4: [103, 104]
5: [103, 104]
6: [133, 134, 103, 104]
7: [136, 133, 135, 134, 103, 104]
8: [136, 135, 103, 104]
9: [103, 104]
10: [104, 103]
11: [48, 59, 60, 47]
12: [60, 61, 48, 59, 62, 47]
13: [60, 63, 64, 61, 62, 47, 48, 59]
14: [65, 60, 64, 66, 47, 62, 63, 61, 48, 59]
15: [67, 60, 64, 65, 66, 68, 47, 62, 63, 61, 48, 59]
16: [60, 69, 64, 66, 67, 68, 70, 47, 62, 65, 63, 61, 48, 59]
17: [60, 71, 64, 66, 68, 69, 70, 72, 47, 62, 67, 65, 63, 61, 48, 59]
18: [64, 66, 68, 70, 71, 72, 47, 62, 69, 67, 65, 63, 61, 48]
19: [103, 104]
20: [104, 103]
21: [48, 59, 60, 47]
22: [61, 62]
23: [63, 64]
24: [65, 66]
25: [67, 68]
26: [69, 70]
27: [60, 71, 72, 59]
28: [64, 66, 68, 70, 72, 47, 62, 71, 69, 67, 65, 63, 61, 48]
29: [103, 104]
30: [104, 103]
31: [48, 59, 60, 47]
32: [61, 62]
33: [63, 64]
34: [65, 66]
35: [67, 68]
36: [69, 70]
37: [60, 71, 72, 59]
38: [64, 66, 68, 70, 72, 47, 62, 71, 69, 67, 65, 63, 61, 48]
39: [103, 104]
40: [104, 103]
41: [48, 59, 60, 47]
42: [61, 62]
43: [63, 64]
44: [65, 66]
45: [67, 68]
46: [69, 70]
47: [60, 71, 72, 59]
48: [64, 66, 68, 70, 72, 47, 62, 71, 69, 67, 65, 63, 61, 48]
49: [103, 104]
50: [104, 103]
51: [48, 59, 60, 47]
52: [61, 62]
53: [63, 64]
54: [65, 66]
55: [67, 68]
56: [69, 70]
57: [60, 71, 72, 59]
58: [64, 66, 68, 70, 72, 47, 62, 71, 69, 67, 65, 63, 61, 48]
59: [103, 104]
60: [104, 103]
61: [48, 59, 60, 47]
62: [61, 62]
63: [63, 64]
64: [65, 66]
65: [67, 68]
66: [69, 70]
67: [60, 71, 72, 59]
68: [64, 66, 68, 70, 72, 47, 62, 71, 69, 67, 65, 63, 61, 48]
69: [103, 104]
70: [104, 103]
71: [48, 59, 85, 86, 60, 47]
72: [61, 85, 86, 62]
73: [63, 86, 85, 64]
74: [65, 86, 85, 66]
75: [67, 86, 85, 68]
76: [69, 86, 85, 70]
77: [60, 71, 86, 85, 72, 59]
78: [64, 66, 68, 70, 72, 47, 86, 62, 85, 71, 69, 67, 65, 63, 61, 48]
79: [103, 104]
80: [104, 119, 120, 103]
81: [48, 59, 85, 86, 60, 47]
82: [48, 59, 85, 61, 86, 60, 62, 47]
83: [48, 85, 59, 61, 63, 86, 64, 60, 62, 47]
84: [65, 48, 85, 59, 61, 63, 86, 66, 64, 60, 62, 47]
85: [65, 67, 48, 85, 59, 61, 63, 86, 68, 66, 64, 60, 62, 47]
86: [65, 67, 69, 48, 85, 59, 61, 63, 86, 70, 68, 66, 64, 60, 62, 47]
87: []
88: [64, 66, 68, 70, 72, 47, 86, 62, 85, 71, 69, 67, 65, 63, 61, 48]
89: [120, 103, 119, 104]
90: [119, 120]
91: [119, 120]
92: [120, 119]
93: [120, 119]
94: [120, 119]
95: [120, 119]
96: [134, 120, 119, 133]
97: [134, 135, 120, 119, 136, 133]
98: [135, 120, 119, 136]
99: [120, 119]
88
0: [104, 103]
1: [104, 103]
2: [103, 104]
3: [103, 104]
4: [103, 104]
5: [103, 104]
6: [103, 104]
7: [135, 136, 103, 104]
8: [138, 135, 103, 136, 137, 104]
9: [138, 103, 137, 104]
10: [104, 103]
11: [48, 47]
12: [61, 62, 47, 48]
13: [64, 63, 62, 47, 61, 48]
14: [64, 65, 66, 47, 62, 63, 61, 48]
15: [64, 66, 67, 68, 47, 62, 65, 63, 61, 48]
16: [64, 66, 68, 69, 70, 47, 62, 67, 65, 63, 61, 48]
17: [64, 66, 68, 70, 71, 72, 47, 62, 69, 67, 65, 63, 61, 48]
18: [64, 66, 68, 70, 72, 47, 62, 71, 69, 67, 65, 63, 61, 48]
19: [103, 137, 138, 104]
20: [104, 103]
21: [48, 47]
22: [61, 62]
23: [63, 64]
24: [65, 66]
25: [67, 68]
26: [69, 70]
27: [71, 72]
28: [64, 66, 68, 70, 72, 47, 62, 71, 69, 67, 65, 63, 61, 48]
29: [103, 137, 138, 104]
30: [104, 103]
31: [48, 47]
32: [61, 62]
33: [63, 64]
34: [65, 66]
35: [67, 68]
36: [69, 70]
37: [71, 72]
38: [64, 66, 68, 70, 72, 47, 62, 71, 69, 67, 65, 63, 61, 48]
39: [103, 137, 138, 104]
40: [104, 103]
41: [48, 47]
42: [61, 62]
43: [63, 64]
44: [65, 66]
45: [67, 68]
46: [69, 70]
47: [71, 72]
48: [64, 66, 68, 70, 72, 47, 62, 71, 69, 67, 65, 63, 61, 48]
49: [103, 137, 138, 104]
50: [104, 103]
51: [48, 47]
52: [61, 62]
53: [63, 64]
54: [65, 66]
55: [67, 68]
56: [69, 70]
57: [71, 72]
58: [64, 66, 68, 70, 72, 47, 62, 71, 69, 67, 65, 63, 61, 48]
59: [103, 137, 138, 104]
60: [104, 103]
61: [48, 47]
62: [61, 62]
63: [63, 64]
64: [65, 66]
65: [67, 68]
66: [69, 70]
67: [71, 72]
68: [64, 66, 68, 70, 72, 47, 62, 71, 69, 67, 65, 63, 61, 48]
69: [103, 137, 138, 104]
70: [104, 103]
71: [48, 85, 86, 47]
72: [61, 86, 85, 62]
73: [86, 63, 85, 64]
74: [65, 86, 85, 66]
75: [67, 86, 85, 68]
76: [69, 86, 85, 70]
77: [86, 71, 72, 85]
78: [64, 66, 68, 70, 72, 47, 86, 62, 85, 71, 69, 67, 65, 63, 61, 48]
79: [103, 137, 138, 104]
80: [104, 119, 120, 103]
81: [48, 85, 86, 47]
82: [48, 85, 61, 86, 62, 47]
83: [48, 85, 61, 63, 86, 64, 62, 47]
84: [65, 48, 85, 61, 63, 86, 66, 64, 62, 47]
85: [65, 67, 48, 85, 61, 63, 86, 68, 66, 64, 62, 47]
86: [65, 67, 69, 48, 85, 61, 63, 86, 70, 68, 66, 64, 62, 47]
87: [65, 67, 69, 71, 48, 85, 61, 63, 72, 86, 70, 68, 66, 64, 62, 47]
88: []
89: [120, 103, 137, 138, 119, 104]
90: [119, 120]
91: [120, 119]
92: [120, 119]
93: [120, 119]
94: [120, 119]
95: [120, 119]
96: [120, 119]
97: [136, 120, 119, 135]
98: [136, 137, 120, 119, 138, 135]
99: [120, 137, 138, 119]
89
0: [88, 104, 103, 87]
1: [88, 103, 104, 87]
2: [88, 103, 104, 87]
3: [88, 103, 104, 87]
4: [88, 103, 104, 87]
5: [88, 103, 104, 87]
6: [88, 103, 104, 87]
7: [88, 103, 104, 87]
8: [88, 137, 103, 138, 104, 87]
9: [88, 137, 103, 138, 104, 87]
10: [104, 105, 88, 106, 103, 87]
11: [105, 106]
12: [105, 106]
13: [105, 106]
14: [105, 106]
15: [105, 106]
16: [105, 106]
17: [105, 106]
18: [105, 137, 138, 106]
19: [88, 105, 137, 103, 138, 104, 106, 87]
20: [104, 107, 105, 106, 108, 87, 88, 103]
21: [107, 108]
22: [107, 108]
23: [107, 108]
24: [107, 108]
25: [107, 108]
26: [107, 108]
27: [107, 108]
28: [107, 138, 137, 108]
29: [103, 105, 137, 107, 88, 138, 108, 104, 106, 87]
30: [104, 109, 106, 107, 108, 110, 87, 105, 88, 103]
31: [109, 110]
32: [109, 110]
33: [109, 110]
34: [109, 110]
35: [109, 110]
36: [109, 110]
37: [109, 110]
38: [109, 138, 137, 110]
39: [103, 105, 137, 107, 109, 88, 138, 110, 108, 104, 106, 87]
40: [104, 111, 106, 108, 109, 110, 112, 87, 107, 105, 88, 103]
41: [111, 112]
42: [111, 112]
43: [111, 112]
44: [111, 112]
45: [111, 112]
46: [111, 112]
47: [111, 112]
48: [111, 138, 137, 112]
49: [103, 105, 137, 107, 109, 111, 88, 138, 112, 110, 108, 104, 106, 87]
50: [104, 113, 106, 108, 110, 111, 112, 114, 87, 109, 107, 105, 88, 103]
51: [113, 114]
52: [113, 114]
53: [113, 114]
54: [113, 114]
55: [113, 114]
56: [113, 114]
57: [113, 114]
58: [113, 138, 137, 114]
59: [103, 105, 137, 107, 109, 111, 113, 88, 138, 114, 112, 110, 108, 104, 106, 87]
60: [104, 115, 106, 108, 110, 112, 113, 114, 116, 87, 111, 109, 107, 105, 88, 103]
61: [115, 116]
62: [115, 116]
63: [115, 116]
64: [115, 116]
65: [115, 116]
66: [115, 116]
67: [115, 116]
68: [115, 138, 137, 116]
69: [103, 105, 137, 107, 109, 111, 113, 115, 88, 138, 116, 114, 112, 110, 108, 104, 106, 87]
70: [104, 117, 106, 108, 110, 112, 114, 115, 116, 118, 87, 113, 111, 109, 107, 105, 88, 103]
71: [117, 118]
72: [117, 118]
73: [117, 118]
74: [117, 118]
75: [117, 118]
76: [117, 118]
77: [117, 118]
78: [117, 138, 137, 118]
79: [103, 105, 137, 107, 109, 111, 113, 115, 117, 88, 138, 118, 116, 114, 112, 110, 108, 104, 106, 87]
80: [104, 119, 106, 108, 110, 112, 114, 116, 117, 118, 87, 120, 115, 113, 111, 109, 107, 105, 88, 103]
81: [104, 119, 120, 103]
82: [104, 119, 120, 103]
83: [104, 119, 120, 103]
84: [104, 119, 120, 103]
85: [104, 119, 120, 103]
86: [104, 119, 120, 103]
87: [104, 119, 120, 103]
88: [104, 119, 138, 137, 120, 103]
89: []
90: [106, 108, 110, 112, 114, 116, 119, 118, 87, 120, 117, 115, 113, 111, 109, 107, 105, 88]
91: [106, 108, 110, 112, 114, 116, 118, 87, 120, 119, 117, 115, 113, 111, 109, 107, 105, 88]
92: [106, 108, 110, 112, 114, 116, 118, 87, 120, 119, 117, 115, 113, 111, 109, 107, 105, 88]
93: [106, 108, 110, 112, 114, 116, 118, 87, 120, 119, 117, 115, 113, 111, 109, 107, 105, 88]
94: [106, 108, 110, 112, 114, 116, 118, 87, 120, 119, 117, 115, 113, 111, 109, 107, 105, 88]
95: [106, 108, 110, 112, 114, 116, 118, 87, 120, 119, 117, 115, 113, 111, 109, 107, 105, 88]
96: [106, 108, 110, 112, 114, 116, 118, 87, 120, 119, 117, 115, 113, 111, 109, 107, 105, 88]
97: [106, 108, 110, 112, 114, 116, 118, 87, 120, 119, 117, 115, 113, 111, 109, 107, 105, 88]
98: [106, 138, 108, 110, 112, 114, 116, 118, 87, 120, 137, 119, 117, 115, 113, 111, 109, 107, 105, 88]
99: [106, 138, 108, 110, 112, 114, 116, 118, 87, 120, 137, 119, 117, 115, 113, 111, 109, 107, 105, 88]
90
0: [122, 87, 121, 88]
1: [121, 122, 87, 88]
2: [87, 88]
3: [87, 88]
4: [87, 88]
5: [87, 88]
6: [87, 88]
7: [87, 88]
8: [87, 88]
9: [88, 87]
10: [106, 122, 87, 121, 105, 88]
11: [121, 106, 122, 105]
12: [106, 105]
13: [106, 105]
14: [106, 105]
15: [106, 105]
16: [106, 105]
17: [106, 105]
18: [106, 105]
19: [88, 105, 106, 87]
20: [106, 108, 122, 87, 121, 107, 105, 88]
21: [121, 108, 122, 107]
22: [108, 107]
23: [108, 107]
24: [108, 107]
25: [108, 107]
26: [108, 107]
27: [108, 107]
28: [108, 107]
29: [88, 105, 107, 108, 106, 87]
30: [106, 108, 110, 87, 122, 121, 109, 107, 105, 88]
31: [121, 110, 122, 109]
32: [110, 109]
33: [110, 109]
34: [110, 109]
35: [110, 109]
36: [110, 109]
37: [110, 109]
38: [110, 109]
39: [105, 107, 109, 110, 88, 108, 106, 87]
40: [106, 108, 110, 112, 87, 122, 121, 111, 109, 107, 105, 88]
41: [112, 121, 122, 111]
42: [112, 111]
43: [112, 111]
44: [112, 111]
45: [112, 111]
46: [112, 111]
47: [112, 111]
48: [112, 111]
49: [105, 107, 109, 111, 112, 88, 110, 108, 106, 87]
50: [106, 108, 110, 112, 114, 87, 122, 121, 113, 111, 109, 107, 105, 88]
51: [121, 114, 122, 113]
52: [114, 113]
53: [114, 113]
54: [114, 113]
55: [114, 113]
56: [114, 113]
57: [114, 113]
58: [114, 113]
59: [105, 107, 109, 111, 113, 114, 88, 112, 110, 108, 106, 87]
60: [106, 108, 110, 112, 114, 116, 87, 122, 121, 115, 113, 111, 109, 107, 105, 88]
61: [121, 116, 122, 115]
62: [116, 115]
63: [116, 115]
64: [116, 115]
65: [116, 115]
66: [116, 115]
67: [116, 115]
68: [116, 115]
69: [105, 107, 109, 111, 113, 115, 116, 88, 114, 112, 110, 108, 106, 87]
70: [106, 108, 110, 112, 114, 116, 118, 87, 122, 121, 117, 115, 113, 111, 109, 107, 105, 88]
71: [121, 118, 122, 117]
72: [118, 117]
73: [118, 117]
74: [118, 117]
75: [118, 117]
76: [118, 117]
77: [118, 117]
78: [118, 117]
79: [105, 107, 109, 111, 113, 115, 117, 118, 88, 116, 114, 112, 110, 108, 106, 87]
80: [106, 108, 110, 112, 114, 116, 118, 87, 120, 122, 121, 119, 117, 115, 113, 111, 109, 107, 105, 88]
81: [120, 121, 122, 119]
82: [120, 119]
83: [120, 119]
84: [120, 119]
85: [120, 119]
86: [120, 119]
87: [120, 119]
88: [120, 119]
89: [105, 107, 109, 111, 113, 115, 117, 119, 88, 120, 118, 116, 114, 112, 110, 108, 106, 87]
90: []
91: [105, 107, 109, 111, 113, 115, 117, 119, 88, 121, 120, 122, 118, 116, 114, 112, 110, 108, 106, 87]
92: [105, 107, 109, 111, 113, 115, 117, 119, 88, 120, 118, 116, 114, 112, 110, 108, 106, 87]
93: [105, 107, 109, 111, 113, 115, 117, 119, 88, 120, 118, 116, 114, 112, 110, 108, 106, 87]
94: [105, 107, 109, 111, 113, 115, 117, 119, 88, 120, 118, 116, 114, 112, 110, 108, 106, 87]
95: [105, 107, 109, 111, 113, 115, 117, 119, 88, 120, 118, 116, 114, 112, 110, 108, 106, 87]
96: [105, 107, 109, 111, 113, 115, 117, 119, 88, 120, 118, 116, 114, 112, 110, 108, 106, 87]
97: [105, 107, 109, 111, 113, 115, 117, 119, 88, 120, 118, 116, 114, 112, 110, 108, 106, 87]
98: [105, 107, 109, 111, 113, 115, 117, 119, 88, 120, 118, 116, 114, 112, 110, 108, 106, 87]
99: [105, 107, 109, 111, 113, 115, 117, 119, 88, 120, 118, 116, 114, 112, 110, 108, 106, 87]
91
0: [121, 122, 87, 88]
1: [121, 124, 122, 123, 87, 88]
2: [123, 124, 87, 88]
3: [87, 88]
4: [87, 88]
5: [87, 88]
6: [87, 88]
7: [87, 88]
8: [88, 87]
9: [88, 87]
10: [106, 122, 87, 121, 105, 88]
11: [121, 124, 106, 122, 123, 105]
12: [123, 106, 124, 105]
13: [106, 105]
14: [106, 105]
15: [106, 105]
16: [106, 105]
17: [106, 105]
18: [105, 106]
19: [88, 105, 106, 87]
20: [106, 108, 122, 87, 121, 107, 105, 88]
21: [121, 124, 108, 122, 123, 107]
22: [123, 108, 124, 107]
23: [108, 107]
24: [108, 107]
25: [108, 107]
26: [108, 107]
27: [108, 107]
28: [107, 108]
29: [88, 105, 107, 108, 106, 87]
30: [106, 108, 110, 87, 122, 121, 109, 107, 105, 88]
31: [121, 124, 110, 122, 123, 109]
32: [123, 110, 124, 109]
33: [110, 109]
34: [110, 109]
35: [110, 109]
36: [110, 109]
37: [110, 109]
38: [109, 110]
39: [88, 105, 107, 109, 110, 108, 106, 87]
40: [106, 108, 110, 112, 87, 122, 121, 111, 109, 107, 105, 88]
41: [121, 124, 112, 122, 123, 111]
42: [123, 112, 124, 111]
43: [112, 111]
44: [112, 111]
45: [112, 111]
46: [112, 111]
47: [112, 111]
48: [112, 111]
49: [105, 107, 109, 111, 88, 112, 110, 108, 106, 87]
50: [106, 108, 110, 112, 114, 87, 122, 121, 113, 111, 109, 107, 105, 88]
51: [121, 124, 114, 122, 123, 113]
52: [123, 114, 124, 113]
53: [114, 113]
54: [114, 113]
55: [114, 113]
56: [114, 113]
57: [114, 113]
58: [113, 114]
59: [105, 107, 109, 111, 113, 88, 114, 112, 110, 108, 106, 87]
60: [106, 108, 110, 112, 114, 116, 87, 122, 121, 115, 113, 111, 109, 107, 105, 88]
61: [121, 124, 116, 122, 123, 115]
62: [123, 116, 124, 115]
63: [116, 115]
64: [116, 115]
65: [116, 115]
66: [116, 115]
67: [116, 115]
68: [115, 116]
69: [105, 107, 109, 111, 113, 115, 88, 116, 114, 112, 110, 108, 106, 87]
70: [106, 108, 110, 112, 114, 116, 118, 87, 122, 121, 117, 115, 113, 111, 109, 107, 105, 88]
71: [121, 124, 118, 122, 123, 117]
72: [123, 118, 124, 117]
73: [118, 117]
74: [118, 117]
75: [118, 117]
76: [118, 117]
77: [118, 117]
78: [117, 118]
79: [105, 107, 109, 111, 113, 115, 117, 88, 118, 116, 114, 112, 110, 108, 106, 87]
80: [106, 108, 110, 112, 114, 116, 118, 87, 120, 122, 121, 119, 117, 115, 113, 111, 109, 107, 105, 88]
81: [121, 124, 120, 119, 122, 123]
82: [123, 120, 119, 124]
83: [120, 119]
84: [120, 119]
85: [120, 119]
86: [120, 119]
87: [120, 119]
88: [120, 119]
89: [105, 107, 109, 111, 113, 115, 117, 119, 88, 120, 118, 116, 114, 112, 110, 108, 106, 87]
90: [106, 108, 110, 112, 114, 116, 118, 87, 120, 122, 121, 119, 117, 115, 113, 111, 109, 107, 105, 88]
91: []
92: [105, 107, 109, 111, 113, 115, 117, 119, 88, 123, 120, 124, 118, 116, 114, 112, 110, 108, 106, 87]
93: [105, 107, 109, 111, 113, 115, 117, 119, 88, 120, 118, 116, 114, 112, 110, 108, 106, 87]
94: [105, 107, 109, 111, 113, 115, 117, 119, 88, 120, 118, 116, 114, 112, 110, 108, 106, 87]
95: [105, 107, 109, 111, 113, 115, 117, 119, 88, 120, 118, 116, 114, 112, 110, 108, 106, 87]
96: [105, 107, 109, 111, 113, 115, 117, 119, 88, 120, 118, 116, 114, 112, 110, 108, 106, 87]
97: [105, 107, 109, 111, 113, 115, 117, 119, 88, 120, 118, 116, 114, 112, 110, 108, 106, 87]
98: [105, 107, 109, 111, 113, 115, 117, 119, 88, 120, 118, 116, 114, 112, 110, 108, 106, 87]
99: [105, 107, 109, 111, 113, 115, 117, 119, 88, 120, 118, 116, 114, 112, 110, 108, 106, 87]
92
0: [87, 88]
1: [123, 124, 87, 88]
2: [123, 126, 124, 125, 87, 88]
3: [125, 126, 87, 88]
4: [87, 88]
5: [87, 88]
6: [87, 88]
7: [88, 87]
8: [88, 87]
9: [88, 87]
10: [106, 87, 105, 88]
11: [124, 106, 123, 105]
12: [123, 126, 106, 124, 125, 105]
13: [125, 126, 106, 105]
14: [106, 105]
15: [106, 105]
16: [106, 105]
17: [105, 106]
18: [105, 106]
19: [88, 105, 106, 87]
20: [106, 108, 87, 107, 105, 88]
21: [124, 108, 123, 107]
22: [123, 126, 108, 124, 125, 107]
23: [125, 108, 126, 107]
24: [108, 107]
25: [108, 107]
26: [108, 107]
27: [107, 108]
28: [107, 108]
29: [88, 105, 107, 108, 106, 87]
30: [106, 108, 110, 87, 109, 107, 105, 88]
31: [124, 110, 123, 109]
32: [123, 126, 110, 124, 125, 109]
33: [125, 110, 126, 109]
34: [110, 109]
35: [110, 109]
36: [110, 109]
37: [109, 110]
38: [109, 110]
39: [88, 105, 107, 109, 110, 108, 106, 87]
40: [106, 108, 110, 112, 87, 111, 109, 107, 105, 88]
41: [124, 112, 123, 111]
42: [123, 126, 112, 124, 125, 111]
43: [125, 112, 126, 111]
44: [112, 111]
45: [112, 111]
46: [112, 111]
47: [112, 111]
48: [111, 112]
49: [105, 107, 109, 111, 88, 112, 110, 108, 106, 87]
50: [106, 108, 110, 112, 114, 87, 113, 111, 109, 107, 105, 88]
51: [124, 114, 123, 113]
52: [123, 126, 114, 124, 125, 113]
53: [125, 114, 126, 113]
54: [114, 113]
55: [114, 113]
56: [114, 113]
57: [113, 114]
58: [113, 114]
59: [105, 107, 109, 111, 113, 88, 114, 112, 110, 108, 106, 87]
60: [106, 108, 110, 112, 114, 116, 87, 115, 113, 111, 109, 107, 105, 88]
61: [124, 116, 123, 115]
62: [123, 126, 116, 115, 124, 125]
63: [125, 116, 115, 126]
64: [116, 115]
65: [116, 115]
66: [116, 115]
67: [115, 116]
68: [115, 116]
69: [105, 107, 109, 111, 113, 115, 88, 116, 114, 112, 110, 108, 106, 87]
70: [106, 108, 110, 112, 114, 116, 118, 87, 117, 115, 113, 111, 109, 107, 105, 88]
71: [124, 118, 123, 117]
72: [123, 126, 118, 117, 124, 125]
73: [125, 118, 117, 126]
74: [118, 117]
75: [118, 117]
76: [118, 117]
77: [117, 118]
78: [117, 118]
79: [105, 107, 109, 111, 113, 115, 117, 88, 118, 116, 114, 112, 110, 108, 106, 87]
80: [106, 108, 110, 112, 114, 116, 118, 87, 120, 119, 117, 115, 113, 111, 109, 107, 105, 88]
81: [124, 120, 119, 123]
82: [123, 126, 120, 119, 124, 125]
83: [125, 120, 119, 126]
84: [120, 119]
85: [120, 119]
86: [120, 119]
87: [120, 119]
88: [119, 120]
89: [105, 107, 109, 111, 113, 115, 117, 119, 88, 120, 118, 116, 114, 112, 110, 108, 106, 87]
90: [106, 108, 110, 112, 114, 116, 118, 87, 120, 119, 117, 115, 113, 111, 109, 107, 105, 88]
91: [106, 108, 110, 112, 114, 116, 118, 87, 120, 124, 123, 119, 117, 115, 113, 111, 109, 107, 105, 88]
92: []
93: [105, 107, 109, 111, 113, 115, 117, 119, 88, 125, 120, 126, 118, 116, 114, 112, 110, 108, 106, 87]
94: [105, 107, 109, 111, 113, 115, 117, 119, 88, 120, 118, 116, 114, 112, 110, 108, 106, 87]
95: [105, 107, 109, 111, 113, 115, 117, 119, 88, 120, 118, 116, 114, 112, 110, 108, 106, 87]
96: [105, 107, 109, 111, 113, 115, 117, 119, 88, 120, 118, 116, 114, 112, 110, 108, 106, 87]
97: [105, 107, 109, 111, 113, 115, 117, 119, 88, 120, 118, 116, 114, 112, 110, 108, 106, 87]
98: [105, 107, 109, 111, 113, 115, 117, 119, 88, 120, 118, 116, 114, 112, 110, 108, 106, 87]
99: [105, 107, 109, 111, 113, 115, 117, 119, 88, 120, 118, 116, 114, 112, 110, 108, 106, 87]
93
0: [87, 88]
1: [87, 88]
2: [125, 126, 87, 88]
3: [128, 125, 126, 127, 87, 88]
4: [128, 127, 87, 88]
5: [87, 88]
6: [88, 87]
7: [88, 87]
8: [88, 87]
9: [88, 87]
10: [106, 87, 105, 88]
11: [106, 105]
12: [126, 125, 106, 105]
13: [128, 125, 126, 127, 106, 105]
14: [127, 128, 106, 105]
15: [106, 105]
16: [105, 106]
17: [105, 106]
18: [105, 106]
19: [88, 105, 106, 87]
20: [106, 108, 87, 107, 105, 88]
21: [108, 107]
22: [126, 108, 125, 107]
23: [128, 125, 108, 126, 127, 107]
24: [127, 128, 108, 107]
25: [108, 107]
26: [107, 108]
27: [107, 108]
28: [107, 108]
29: [88, 105, 107, 108, 106, 87]
30: [106, 108, 110, 87, 109, 107, 105, 88]
31: [110, 109]
32: [126, 110, 125, 109]
33: [128, 125, 110, 126, 127, 109]
34: [127, 128, 110, 109]
35: [110, 109]
36: [109, 110]
37: [109, 110]
38: [109, 110]
39: [88, 105, 107, 109, 110, 108, 106, 87]
40: [106, 108, 110, 112, 87, 111, 109, 107, 105, 88]
41: [112, 111]
42: [126, 112, 125, 111]
43: [128, 125, 112, 126, 127, 111]
44: [127, 112, 128, 111]
45: [112, 111]
46: [112, 111]
47: [111, 112]
48: [111, 112]
49: [105, 107, 109, 111, 88, 112, 110, 108, 106, 87]
50: [106, 108, 110, 112, 114, 87, 113, 111, 109, 107, 105, 88]
51: [114, 113]
52: [126, 114, 125, 113]
53: [128, 125, 114, 113, 126, 127]
54: [127, 114, 128, 113]
55: [114, 113]
56: [113, 114]
57: [113, 114]
58: [113, 114]
59: [105, 107, 109, 111, 113, 88, 114, 112, 110, 108, 106, 87]
60: [106, 108, 110, 112, 114, 116, 87, 115, 113, 111, 109, 107, 105, 88]
61: [116, 115]
62: [126, 116, 115, 125]
63: [128, 125, 116, 115, 126, 127]
64: [127, 116, 115, 128]
65: [116, 115]
66: [115, 116]
67: [115, 116]
68: [115, 116]
69: [105, 107, 109, 111, 113, 115, 88, 116, 114, 112, 110, 108, 106, 87]
70: [106, 108, 110, 112, 114, 116, 118, 87, 117, 115, 113, 111, 109, 107, 105, 88]
71: [118, 117]
72: [126, 118, 117, 125]
73: [128, 125, 118, 117, 126, 127]
74: [127, 118, 117, 128]
75: [118, 117]
76: [117, 118]
77: [117, 118]
78: [117, 118]
79: [105, 107, 109, 111, 113, 115, 117, 88, 118, 116, 114, 112, 110, 108, 106, 87]
80: [106, 108, 110, 112, 114, 116, 118, 87, 120, 119, 117, 115, 113, 111, 109, 107, 105, 88]
81: [120, 119]
82: [126, 120, 119, 125]
83: [128, 125, 120, 119, 126, 127]
84: [127, 120, 119, 128]
85: [120, 119]
86: [120, 119]
87: [119, 120]
88: [119, 120]
89: [105, 107, 109, 111, 113, 115, 117, 119, 88, 120, 118, 116, 114, 112, 110, 108, 106, 87]
90: [106, 108, 110, 112, 114, 116, 118, 87, 120, 119, 117, 115, 113, 111, 109, 107, 105, 88]
91: [106, 108, 110, 112, 114, 116, 118, 87, 120, 119, 117, 115, 113, 111, 109, 107, 105, 88]
92: [106, 108, 110, 112, 114, 116, 118, 87, 120, 126, 125, 119, 117, 115, 113, 111, 109, 107, 105, 88]
93: []
94: [105, 107, 109, 111, 113, 115, 117, 119, 88, 127, 120, 128, 118, 116, 114, 112, 110, 108, 106, 87]
95: [105, 107, 109, 111, 113, 115, 117, 119, 88, 120, 118, 116, 114, 112, 110, 108, 106, 87]
96: [105, 107, 109, 111, 113, 115, 117, 119, 88, 120, 118, 116, 114, 112, 110, 108, 106, 87]
97: [105, 107, 109, 111, 113, 115, 117, 119, 88, 120, 118, 116, 114, 112, 110, 108, 106, 87]
98: [105, 107, 109, 111, 113, 115, 117, 119, 88, 120, 118, 116, 114, 112, 110, 108, 106, 87]
99: [105, 107, 109, 111, 113, 115, 117, 119, 88, 120, 118, 116, 114, 112, 110, 108, 106, 87]
94
0: [87, 88]
1: [87, 88]
2: [87, 88]
3: [128, 127, 87, 88]
4: [130, 127, 128, 129, 87, 88]
5: [129, 130, 88, 87]
6: [88, 87]
7: [88, 87]
8: [88, 87]
9: [88, 87]
10: [106, 87, 105, 88]
11: [106, 105]
12: [106, 105]
13: [128, 127, 106, 105]
14: [130, 127, 128, 129, 106, 105]
15: [129, 130, 105, 106]
16: [105, 106]
17: [105, 106]
18: [105, 106]
19: [88, 105, 106, 87]
20: [106, 108, 87, 107, 105, 88]
21: [108, 107]
22: [108, 107]
23: [128, 127, 108, 107]
24: [130, 127, 128, 129, 108, 107]
25: [129, 130, 107, 108]
26: [107, 108]
27: [107, 108]
28: [107, 108]
29: [88, 105, 107, 108, 106, 87]
30: [106, 108, 110, 87, 109, 107, 105, 88]
31: [110, 109]
32: [110, 109]
33: [128, 110, 127, 109]
34: [130, 127, 128, 129, 110, 109]
35: [129, 130, 109, 110]
36: [109, 110]
37: [109, 110]
38: [109, 110]
39: [88, 105, 107, 109, 110, 108, 106, 87]
40: [106, 108, 110, 112, 87, 111, 109, 107, 105, 88]
41: [112, 111]
42: [112, 111]
43: [128, 112, 127, 111]
44: [130, 127, 112, 128, 129, 111]
45: [129, 112, 130, 111]
46: [111, 112]
47: [111, 112]
48: [111, 112]
49: [105, 107, 109, 111, 88, 112, 110, 108, 106, 87]
50: [106, 108, 110, 112, 114, 87, 113, 111, 109, 107, 105, 88]
51: [114, 113]
52: [114, 113]
53: [128, 114, 113, 127]
54: [130, 127, 114, 113, 128, 129]
55: [129, 113, 114, 130]
56: [113, 114]
57: [113, 114]
58: [113, 114]
59: [105, 107, 109, 111, 113, 88, 114, 112, 110, 108, 106, 87]
60: [106, 108, 110, 112, 114, 116, 87, 115, 113, 111, 109, 107, 105, 88]
61: [116, 115]
62: [116, 115]
63: [128, 116, 115, 127]
64: [130, 127, 116, 115, 128, 129]
65: [129, 115, 116, 130]
66: [115, 116]
67: [115, 116]
68: [115, 116]
69: [105, 107, 109, 111, 113, 115, 88, 116, 114, 112, 110, 108, 106, 87]
70: [106, 108, 110, 112, 114, 116, 118, 87, 117, 115, 113, 111, 109, 107, 105, 88]
71: [118, 117]
72: [118, 117]
73: [128, 118, 117, 127]
74: [130, 127, 118, 117, 128, 129]
75: [129, 117, 118, 130]
76: [117, 118]
77: [117, 118]
78: [117, 118]
79: [105, 107, 109, 111, 113, 115, 117, 88, 118, 116, 114, 112, 110, 108, 106, 87]
80: [106, 108, 110, 112, 114, 116, 118, 87, 120, 119, 117, 115, 113, 111, 109, 107, 105, 88]
81: [120, 119]
82: [120, 119]
83: [128, 120, 119, 127]
84: [130, 127, 120, 119, 128, 129]
85: [129, 120, 119, 130]
86: [119, 120]
87: [119, 120]
88: [119, 120]
89: [105, 107, 109, 111, 113, 115, 117, 119, 88, 120, 118, 116, 114, 112, 110, 108, 106, 87]
90: [106, 108, 110, 112, 114, 116, 118, 87, 120, 119, 117, 115, 113, 111, 109, 107, 105, 88]
91: [106, 108, 110, 112, 114, 116, 118, 87, 120, 119, 117, 115, 113, 111, 109, 107, 105, 88]
92: [106, 108, 110, 112, 114, 116, 118, 87, 120, 119, 117, 115, 113, 111, 109, 107, 105, 88]
93: [128, 106, 108, 110, 112, 114, 116, 118, 87, 120, 127, 119, 117, 115, 113, 111, 109, 107, 105, 88]
94: []
95: [129, 105, 107, 109, 111, 113, 115, 117, 119, 88, 120, 130, 118, 116, 114, 112, 110, 108, 106, 87]
96: [105, 107, 109, 111, 113, 115, 117, 119, 88, 120, 118, 116, 114, 112, 110, 108, 106, 87]
97: [105, 107, 109, 111, 113, 115, 117, 119, 88, 120, 118, 116, 114, 112, 110, 108, 106, 87]
98: [105, 107, 109, 111, 113, 115, 117, 119, 88, 120, 118, 116, 114, 112, 110, 108, 106, 87]
99: [105, 107, 109, 111, 113, 115, 117, 119, 88, 120, 118, 116, 114, 112, 110, 108, 106, 87]
95
0: [87, 88]
1: [87, 88]
2: [87, 88]
3: [87, 88]
4: [129, 130, 88, 87]
5: [129, 132, 130, 131, 88, 87]
6: [131, 132, 88, 87]
7: [88, 87]
8: [88, 87]
9: [88, 87]
10: [106, 87, 105, 88]
11: [106, 105]
12: [106, 105]
13: [106, 105]
14: [130, 129, 105, 106]
15: [129, 132, 130, 131, 105, 106]
16: [131, 132, 105, 106]
17: [105, 106]
18: [105, 106]
19: [88, 105, 106, 87]
20: [106, 108, 87, 107, 105, 88]
21: [108, 107]
22: [108, 107]
23: [108, 107]
24: [130, 129, 107, 108]
25: [129, 132, 130, 131, 107, 108]
26: [131, 132, 107, 108]
27: [107, 108]
28: [107, 108]
29: [88, 105, 107, 108, 106, 87]
30: [106, 108, 110, 87, 109, 107, 105, 88]
31: [110, 109]
32: [110, 109]
33: [110, 109]
34: [130, 129, 109, 110]
35: [129, 132, 130, 131, 109, 110]
36: [131, 132, 109, 110]
37: [109, 110]
38: [109, 110]
39: [88, 105, 107, 109, 110, 108, 106, 87]
40: [106, 108, 110, 112, 87, 111, 109, 107, 105, 88]
41: [112, 111]
42: [112, 111]
43: [112, 111]
44: [130, 112, 129, 111]
45: [129, 132, 111, 112, 130, 131]
46: [131, 111, 132, 112]
47: [111, 112]
48: [111, 112]
49: [105, 107, 109, 111, 88, 112, 110, 108, 106, 87]
50: [106, 108, 110, 112, 114, 87, 113, 111, 109, 107, 105, 88]
51: [114, 113]
52: [114, 113]
53: [114, 113]
54: [130, 113, 114, 129]
55: [129, 132, 113, 114, 130, 131]
56: [131, 113, 114, 132]
57: [113, 114]
58: [113, 114]
59: [105, 107, 109, 111, 113, 88, 114, 112, 110, 108, 106, 87]
60: [106, 108, 110, 112, 114, 116, 87, 115, 113, 111, 109, 107, 105, 88]
61: [116, 115]
62: [116, 115]
63: [116, 115]
64: [130, 115, 116, 129]
65: [129, 132, 115, 116, 130, 131]
66: [131, 115, 116, 132]
67: [115, 116]
68: [115, 116]
69: [105, 107, 109, 111, 113, 115, 88, 116, 114, 112, 110, 108, 106, 87]
70: [106, 108, 110, 112, 114, 116, 118, 87, 117, 115, 113, 111, 109, 107, 105, 88]
71: [118, 117]
72: [118, 117]
73: [118, 117]
74: [130, 117, 118, 129]
75: [129, 132, 117, 118, 130, 131]
76: [131, 117, 118, 132]
77: [117, 118]
78: [117, 118]
79: [105, 107, 109, 111, 113, 115, 117, 88, 118, 116, 114, 112, 110, 108, 106, 87]
80: [106, 108, 110, 112, 114, 116, 118, 87, 120, 119, 117, 115, 113, 111, 109, 107, 105, 88]
81: [120, 119]
82: [120, 119]
83: [120, 119]
84: [130, 120, 119, 129]
85: [129, 132, 119, 120, 130, 131]
86: [131, 119, 120, 132]
87: [119, 120]
88: [119, 120]
89: [105, 107, 109, 111, 113, 115, 117, 119, 88, 120, 118, 116, 114, 112, 110, 108, 106, 87]
90: [106, 108, 110, 112, 114, 116, 118, 87, 120, 119, 117, 115, 113, 111, 109, 107, 105, 88]
91: [106, 108, 110, 112, 114, 116, 118, 87, 120, 119, 117, 115, 113, 111, 109, 107, 105, 88]
92: [106, 108, 110, 112, 114, 116, 118, 87, 120, 119, 117, 115, 113, 111, 109, 107, 105, 88]
93: [106, 108, 110, 112, 114, 116, 118, 87, 120, 119, 117, 115, 113, 111, 109, 107, 105, 88]
94: [130, 106, 108, 110, 112, 114, 116, 118, 87, 120, 129, 119, 117, 115, 113, 111, 109, 107, 105, 88]
95: []
96: [131, 105, 107, 109, 111, 113, 115, 117, 119, 88, 120, 132, 118, 116, 114, 112, 110, 108, 106, 87]
97: [105, 107, 109, 111, 113, 115, 117, 119, 88, 120, 118, 116, 114, 112, 110, 108, 106, 87]
98: [105, 107, 109, 111, 113, 115, 117, 119, 88, 120, 118, 116, 114, 112, 110, 108, 106, 87]
99: [105, 107, 109, 111, 113, 115, 117, 119, 88, 120, 118, 116, 114, 112, 110, 108, 106, 87]
96
0: [87, 88]
1: [87, 88]
2: [87, 88]
3: [88, 87]
4: [88, 87]
5: [131, 132, 88, 87]
6: [131, 134, 132, 133, 88, 87]
7: [133, 134, 88, 87]
8: [88, 87]
9: [88, 87]
10: [106, 87, 105, 88]
11: [106, 105]
12: [106, 105]
13: [105, 106]
14: [105, 106]
15: [132, 131, 105, 106]
16: [131, 134, 132, 133, 105, 106]
17: [133, 134, 105, 106]
18: [105, 106]
19: [88, 105, 106, 87]
20: [106, 108, 87, 107, 105, 88]
21: [108, 107]
22: [108, 107]
23: [107, 108]
24: [107, 108]
25: [132, 131, 107, 108]
26: [131, 134, 107, 132, 133, 108]
27: [133, 107, 134, 108]
28: [107, 108]
29: [88, 105, 107, 108, 106, 87]
30: [106, 108, 110, 87, 109, 107, 105, 88]
31: [110, 109]
32: [110, 109]
33: [109, 110]
34: [109, 110]
35: [132, 131, 109, 110]
36: [131, 134, 109, 132, 133, 110]
37: [133, 109, 134, 110]
38: [109, 110]
39: [88, 105, 107, 109, 110, 108, 106, 87]
40: [106, 108, 110, 112, 87, 111, 109, 107, 105, 88]
41: [112, 111]
42: [112, 111]
43: [112, 111]
44: [111, 112]
45: [132, 111, 131, 112]
46: [131, 134, 111, 132, 133, 112]
47: [133, 111, 134, 112]
48: [111, 112]
49: [105, 107, 109, 111, 88, 112, 110, 108, 106, 87]
50: [106, 108, 110, 112, 114, 87, 113, 111, 109, 107, 105, 88]
51: [114, 113]
52: [114, 113]
53: [113, 114]
54: [113, 114]
55: [132, 113, 114, 131]
56: [131, 134, 113, 114, 132, 133]
57: [133, 113, 134, 114]
58: [113, 114]
59: [105, 107, 109, 111, 113, 88, 114, 112, 110, 108, 106, 87]
60: [106, 108, 110, 112, 114, 116, 87, 115, 113, 111, 109, 107, 105, 88]
61: [116, 115]
62: [116, 115]
63: [115, 116]
64: [115, 116]
65: [132, 115, 116, 131]
66: [131, 134, 115, 116, 132, 133]
67: [133, 115, 116, 134]
68: [115, 116]
69: [105, 107, 109, 111, 113, 115, 88, 116, 114, 112, 110, 108, 106, 87]
70: [106, 108, 110, 112, 114, 116, 118, 87, 117, 115, 113, 111, 109, 107, 105, 88]
71: [118, 117]
72: [118, 117]
73: [117, 118]
74: [117, 118]
75: [132, 117, 118, 131]
76: [131, 134, 117, 118, 132, 133]
77: [133, 117, 118, 134]
78: [117, 118]
79: [105, 107, 109, 111, 113, 115, 117, 88, 118, 116, 114, 112, 110, 108, 106, 87]
80: [106, 108, 110, 112, 114, 116, 118, 87, 120, 119, 117, 115, 113, 111, 109, 107, 105, 88]
81: [120, 119]
82: [120, 119]
83: [120, 119]
84: [119, 120]
85: [132, 119, 120, 131]
86: [131, 134, 119, 120, 132, 133]
87: [133, 119, 120, 134]
88: [119, 120]
89: [105, 107, 109, 111, 113, 115, 117, 119, 88, 120, 118, 116, 114, 112, 110, 108, 106, 87]
90: [106, 108, 110, 112, 114, 116, 118, 87, 120, 119, 117, 115, 113, 111, 109, 107, 105, 88]
91: [106, 108, 110, 112, 114, 116, 118, 87, 120, 119, 117, 115, 113, 111, 109, 107, 105, 88]
92: [106, 108, 110, 112, 114, 116, 118, 87, 120, 119, 117, 115, 113, 111, 109, 107, 105, 88]
93: [106, 108, 110, 112, 114, 116, 118, 87, 120, 119, 117, 115, 113, 111, 109, 107, 105, 88]
94: [106, 108, 110, 112, 114, 116, 118, 87, 120, 119, 117, 115, 113, 111, 109, 107, 105, 88]
95: [132, 106, 108, 110, 112, 114, 116, 118, 87, 120, 131, 119, 117, 115, 113, 111, 109, 107, 105, 88]
96: []
97: [133, 105, 107, 109, 111, 113, 115, 117, 119, 88, 120, 134, 118, 116, 114, 112, 110, 108, 106, 87]
98: [105, 107, 109, 111, 113, 115, 117, 119, 88, 120, 118, 116, 114, 112, 110, 108, 106, 87]
99: [105, 107, 109, 111, 113, 115, 117, 119, 88, 120, 118, 116, 114, 112, 110, 108, 106, 87]
97
0: [87, 88]
1: [87, 88]
2: [88, 87]
3: [88, 87]
4: [88, 87]
5: [88, 87]
6: [133, 134, 88, 87]
7: [136, 133, 134, 135, 88, 87]
8: [136, 135, 88, 87]
9: [88, 87]
10: [106, 87, 105, 88]
11: [106, 105]
12: [105, 106]
13: [105, 106]
14: [105, 106]
15: [105, 106]
16: [134, 133, 105, 106]
17: [136, 133, 105, 134, 135, 106]
18: [135, 136, 105, 106]
19: [88, 105, 106, 87]
20: [106, 108, 87, 107, 105, 88]
21: [108, 107]
22: [107, 108]
23: [107, 108]
24: [107, 108]
25: [107, 108]
26: [134, 107, 133, 108]
27: [136, 133, 107, 134, 135, 108]
28: [135, 107, 136, 108]
29: [88, 105, 107, 108, 106, 87]
30: [106, 108, 110, 87, 109, 107, 105, 88]
31: [110, 109]
32: [109, 110]
33: [109, 110]
34: [109, 110]
35: [109, 110]
36: [134, 109, 133, 110]
37: [136, 133, 109, 134, 135, 110]
38: [135, 109, 136, 110]
39: [88, 105, 107, 109, 110, 108, 106, 87]
40: [106, 108, 110, 112, 87, 111, 109, 107, 105, 88]
41: [112, 111]
42: [112, 111]
43: [111, 112]
44: [111, 112]
45: [111, 112]
46: [134, 111, 133, 112]
47: [136, 133, 111, 134, 135, 112]
48: [135, 111, 136, 112]
49: [105, 107, 109, 111, 88, 112, 110, 108, 106, 87]
50: [106, 108, 110, 112, 114, 87, 113, 111, 109, 107, 105, 88]
51: [114, 113]
52: [113, 114]
53: [113, 114]
54: [113, 114]
55: [113, 114]
56: [134, 113, 133, 114]
57: [136, 133, 113, 134, 135, 114]
58: [135, 113, 136, 114]
59: [105, 107, 109, 111, 113, 88, 114, 112, 110, 108, 106, 87]
60: [106, 108, 110, 112, 114, 116, 87, 115, 113, 111, 109, 107, 105, 88]
61: [116, 115]
62: [115, 116]
63: [115, 116]
64: [115, 116]
65: [115, 116]
66: [134, 115, 116, 133]
67: [136, 133, 115, 116, 134, 135]
68: [135, 115, 136, 116]
69: [105, 107, 109, 111, 113, 115, 88, 116, 114, 112, 110, 108, 106, 87]
70: [106, 108, 110, 112, 114, 116, 118, 87, 117, 115, 113, 111, 109, 107, 105, 88]
71: [118, 117]
72: [117, 118]
73: [117, 118]
74: [117, 118]
75: [117, 118]
76: [134, 117, 118, 133]
77: [136, 133, 117, 118, 134, 135]
78: [135, 117, 136, 118]
79: [105, 107, 109, 111, 113, 115, 117, 88, 118, 116, 114, 112, 110, 108, 106, 87]
80: [106, 108, 110, 112, 114, 116, 118, 87, 120, 119, 117, 115, 113, 111, 109, 107, 105, 88]
81: [120, 119]
82: [120, 119]
83: [119, 120]
84: [119, 120]
85: [119, 120]
86: [134, 119, 120, 133]
87: [136, 133, 119, 120, 134, 135]
88: [135, 119, 120, 136]
89: [105, 107, 109, 111, 113, 115, 117, 119, 88, 120, 118, 116, 114, 112, 110, 108, 106, 87]
90: [106, 108, 110, 112, 114, 116, 118, 87, 120, 119, 117, 115, 113, 111, 109, 107, 105, 88]
91: [106, 108, 110, 112, 114, 116, 118, 87, 120, 119, 117, 115, 113, 111, 109, 107, 105, 88]
92: [106, 108, 110, 112, 114, 116, 118, 87, 120, 119, 117, 115, 113, 111, 109, 107, 105, 88]
93: [106, 108, 110, 112, 114, 116, 118, 87, 120, 119, 117, 115, 113, 111, 109, 107, 105, 88]
94: [106, 108, 110, 112, 114, 116, 118, 87, 120, 119, 117, 115, 113, 111, 109, 107, 105, 88]
95: [106, 108, 110, 112, 114, 116, 118, 87, 120, 119, 117, 115, 113, 111, 109, 107, 105, 88]
96: [134, 106, 108, 110, 112, 114, 116, 118, 87, 120, 133, 119, 117, 115, 113, 111, 109, 107, 105, 88]
97: []
98: [135, 105, 107, 109, 111, 113, 115, 117, 119, 88, 120, 136, 118, 116, 114, 112, 110, 108, 106, 87]
99: [105, 107, 109, 111, 113, 115, 117, 119, 88, 120, 118, 116, 114, 112, 110, 108, 106, 87]
98
0: [87, 88]
1: [88, 87]
2: [88, 87]
3: [88, 87]
4: [88, 87]
5: [88, 87]
6: [88, 87]
7: [136, 135, 88, 87]
8: [138, 135, 88, 137, 136, 87]
9: [88, 137, 138, 87]
10: [106, 87, 105, 88]
11: [105, 106]
12: [105, 106]
13: [105, 106]
14: [105, 106]
15: [105, 106]
16: [105, 106]
17: [136, 105, 135, 106]
18: [138, 135, 105, 136, 137, 106]
19: [88, 105, 137, 138, 106, 87]
20: [106, 108, 87, 107, 105, 88]
21: [107, 108]
22: [107, 108]
23: [107, 108]
24: [107, 108]
25: [107, 108]
26: [107, 108]
27: [136, 107, 135, 108]
28: [138, 135, 107, 136, 137, 108]
29: [88, 105, 137, 107, 138, 108, 106, 87]
30: [106, 108, 110, 87, 109, 107, 105, 88]
31: [109, 110]
32: [109, 110]
33: [109, 110]
34: [109, 110]
35: [109, 110]
36: [109, 110]
37: [136, 109, 135, 110]
38: [138, 135, 109, 136, 137, 110]
39: [105, 137, 107, 109, 88, 138, 110, 108, 106, 87]
40: [106, 108, 110, 112, 87, 111, 109, 107, 105, 88]
41: [112, 111]
42: [111, 112]
43: [111, 112]
44: [111, 112]
45: [111, 112]
46: [111, 112]
47: [136, 111, 135, 112]
48: [138, 135, 111, 136, 137, 112]
49: [105, 137, 107, 109, 111, 88, 138, 112, 110, 108, 106, 87]
50: [106, 108, 110, 112, 114, 87, 113, 111, 109, 107, 105, 88]
51: [113, 114]
52: [113, 114]
53: [113, 114]
54: [113, 114]
55: [113, 114]
56: [113, 114]
57: [136, 113, 135, 114]
58: [138, 135, 113, 136, 137, 114]
59: [105, 137, 107, 109, 111, 113, 88, 138, 114, 112, 110, 108, 106, 87]
60: [106, 108, 110, 112, 114, 116, 87, 115, 113, 111, 109, 107, 105, 88]
61: [115, 116]
62: [115, 116]
63: [115, 116]
64: [115, 116]
65: [115, 116]
66: [115, 116]
67: [136, 115, 135, 116]
68: [138, 135, 115, 136, 137, 116]
69: [105, 137, 107, 109, 111, 113, 115, 88, 138, 116, 114, 112, 110, 108, 106, 87]
70: [106, 108, 110, 112, 114, 116, 118, 87, 117, 115, 113, 111, 109, 107, 105, 88]
71: [117, 118]
72: [117, 118]
73: [117, 118]
74: [117, 118]
75: [117, 118]
76: [117, 118]
77: [136, 117, 118, 135]
78: [138, 135, 117, 136, 137, 118]
79: [105, 137, 107, 109, 111, 113, 115, 117, 88, 138, 118, 116, 114, 112, 110, 108, 106, 87]
80: [106, 108, 110, 112, 114, 116, 118, 87, 120, 119, 117, 115, 113, 111, 109, 107, 105, 88]
81: [120, 119]
82: [119, 120]
83: [119, 120]
84: [119, 120]
85: [119, 120]
86: [119, 120]
87: [136, 119, 120, 135]
88: [138, 135, 119, 120, 136, 137]
89: [105, 137, 107, 109, 111, 113, 115, 117, 119, 88, 120, 138, 118, 116, 114, 112, 110, 108, 106, 87]
90: [106, 108, 110, 112, 114, 116, 118, 87, 120, 119, 117, 115, 113, 111, 109, 107, 105, 88]
91: [106, 108, 110, 112, 114, 116, 118, 87, 120, 119, 117, 115, 113, 111, 109, 107, 105, 88]
92: [106, 108, 110, 112, 114, 116, 118, 87, 120, 119, 117, 115, 113, 111, 109, 107, 105, 88]
93: [106, 108, 110, 112, 114, 116, 118, 87, 120, 119, 117, 115, 113, 111, 109, 107, 105, 88]
94: [106, 108, 110, 112, 114, 116, 118, 87, 120, 119, 117, 115, 113, 111, 109, 107, 105, 88]
95: [106, 108, 110, 112, 114, 116, 118, 87, 120, 119, 117, 115, 113, 111, 109, 107, 105, 88]
96: [106, 108, 110, 112, 114, 116, 118, 87, 120, 119, 117, 115, 113, 111, 109, 107, 105, 88]
97: [136, 106, 108, 110, 112, 114, 116, 118, 87, 120, 135, 119, 117, 115, 113, 111, 109, 107, 105, 88]
98: []
99: [105, 137, 107, 109, 111, 113, 115, 117, 119, 88, 120, 138, 118, 116, 114, 112, 110, 108, 106, 87]
99
0: [88, 87]
1: [88, 87]
2: [88, 87]
3: [88, 87]
4: [88, 87]
5: [88, 87]
6: [88, 87]
7: [88, 87]
8: [88, 137, 138, 87]
9: [88, 137, 138, 87]
10: [105, 106, 87, 88]
11: [105, 106]
12: [105, 106]
13: [105, 106]
14: [105, 106]
15: [105, 106]
16: [105, 106]
17: [105, 106]
18: [105, 138, 137, 106]
19: [88, 105, 137, 138, 106, 87]
20: [106, 107, 108, 87, 105, 88]
21: [107, 108]
22: [107, 108]
23: [107, 108]
24: [107, 108]
25: [107, 108]
26: [107, 108]
27: [107, 108]
28: [138, 107, 137, 108]
29: [88, 105, 137, 107, 138, 108, 106, 87]
30: [106, 108, 109, 110, 87, 107, 105, 88]
31: [109, 110]
32: [109, 110]
33: [109, 110]
34: [109, 110]
35: [109, 110]
36: [109, 110]
37: [109, 110]
38: [138, 109, 137, 110]
39: [105, 137, 107, 109, 88, 138, 110, 108, 106, 87]
40: [106, 108, 110, 111, 112, 87, 109, 107, 105, 88]
41: [111, 112]
42: [111, 112]
43: [111, 112]
44: [111, 112]
45: [111, 112]
46: [111, 112]
47: [111, 112]
48: [138, 111, 137, 112]
49: [105, 137, 107, 109, 111, 88, 138, 112, 110, 108, 106, 87]
50: [106, 108, 110, 112, 113, 114, 87, 111, 109, 107, 105, 88]
51: [113, 114]
52: [113, 114]
53: [113, 114]
54: [113, 114]
55: [113, 114]
56: [113, 114]
57: [113, 114]
58: [113, 138, 137, 114]
59: [105, 137, 107, 109, 111, 113, 88, 138, 114, 112, 110, 108, 106, 87]
60: [106, 108, 110, 112, 114, 115, 116, 87, 113, 111, 109, 107, 105, 88]
61: [115, 116]
62: [115, 116]
63: [115, 116]
64: [115, 116]
65: [115, 116]
66: [115, 116]
67: [115, 116]
68: [138, 115, 137, 116]
69: [105, 137, 107, 109, 111, 113, 115, 88, 138, 116, 114, 112, 110, 108, 106, 87]
70: [106, 108, 110, 112, 114, 116, 117, 118, 87, 115, 113, 111, 109, 107, 105, 88]
71: [117, 118]
72: [117, 118]
73: [117, 118]
74: [117, 118]
75: [117, 118]
76: [117, 118]
77: [117, 118]
78: [138, 117, 137, 118]
79: [105, 137, 107, 109, 111, 113, 115, 117, 88, 138, 118, 116, 114, 112, 110, 108, 106, 87]
80: [106, 108, 110, 112, 114, 116, 119, 118, 87, 120, 117, 115, 113, 111, 109, 107, 105, 88]
81: [119, 120]
82: [119, 120]
83: [119, 120]
84: [119, 120]
85: [119, 120]
86: [119, 120]
87: [119, 120]
88: [138, 119, 120, 137]
89: [105, 137, 107, 109, 111, 113, 115, 117, 119, 88, 120, 138, 118, 116, 114, 112, 110, 108, 106, 87]
90: [106, 108, 110, 112, 114, 116, 118, 87, 120, 119, 117, 115, 113, 111, 109, 107, 105, 88]
91: [106, 108, 110, 112, 114, 116, 118, 87, 120, 119, 117, 115, 113, 111, 109, 107, 105, 88]
92: [106, 108, 110, 112, 114, 116, 118, 87, 120, 119, 117, 115, 113, 111, 109, 107, 105, 88]
93: [106, 108, 110, 112, 114, 116, 118, 87, 120, 119, 117, 115, 113, 111, 109, 107, 105, 88]
94: [106, 108, 110, 112, 114, 116, 118, 87, 120, 119, 117, 115, 113, 111, 109, 107, 105, 88]
95: [106, 108, 110, 112, 114, 116, 118, 87, 120, 119, 117, 115, 113, 111, 109, 107, 105, 88]
96: [106, 108, 110, 112, 114, 116, 118, 87, 120, 119, 117, 115, 113, 111, 109, 107, 105, 88]
97: [106, 108, 110, 112, 114, 116, 118, 87, 120, 119, 117, 115, 113, 111, 109, 107, 105, 88]
98: [106, 138, 108, 110, 112, 114, 116, 118, 87, 120, 137, 119, 117, 115, 113, 111, 109, 107, 105, 88]
99: []
