86
1: [27, 28, 36, 35]
2: [35, 36, 28, 27]
3: [26, 34, 42, 43, 44, 45, 37, 29, 21, 20, 19, 18]
4: [18, 19, 20, 21, 29, 37, 45, 44, 43, 42, 34, 26]
5: [18, 19, 27, 35, 43, 42, 34, 26]
6: [26, 34, 42, 43, 35, 27, 19, 18]
7: [18, 19, 20, 28, 36, 44, 43, 42, 34, 26]
8: [26, 34, 42, 43, 44, 36, 28, 20, 19, 18]
9: [19, 20, 21, 29, 37, 45, 44, 43, 35, 27]
10: [27, 35, 43, 44, 45, 37, 29, 21, 20, 19]
11: [20, 21, 29, 37, 45, 44, 36, 28]
12: [28, 36, 44, 45, 37, 29, 21, 20]
13: [18, 19, 20, 21, 29, 28, 27, 26]
14: [26, 27, 28, 29, 21, 20, 19, 18]
15: [26, 27, 28, 29, 37, 36, 35, 34]
16: [34, 35, 36, 37, 29, 28, 27, 26]
17: [34, 35, 36, 37, 45, 44, 43, 42]
18: [42, 43, 44, 45, 37, 36, 35, 34]
19: [9, 10, 11, 12, 13, 14, 22, 30, 38, 46, 54, 53, 52, 51, 50, 49, 41, 33, 25, 17]
20: [17, 25, 33, 41, 49, 50, 51, 52, 53, 54, 46, 38, 30, 22, 14, 13, 12, 11, 10, 9]
21: [17, 18, 19, 20, 21, 22, 14, 13, 12, 11, 10, 9]
22: [9, 10, 11, 12, 13, 14, 22, 21, 20, 19, 18, 17]
23: [17, 25, 26, 27, 28, 29, 30, 22, 14, 13, 12, 11, 10, 9]
24: [9, 10, 11, 12, 13, 14, 22, 30, 29, 28, 27, 26, 25, 17]
25: [17, 25, 33, 34, 35, 36, 37, 38, 30, 22, 14, 13, 12, 11, 10, 9]
26: [9, 10, 11, 12, 13, 14, 22, 30, 38, 37, 36, 35, 34, 33, 25, 17]
27: [17, 25, 33, 41, 42, 43, 44, 45, 46, 38, 30, 22, 14, 13, 12, 11, 10, 9]
28: [9, 10, 11, 12, 13, 14, 22, 30, 38, 46, 45, 44, 43, 42, 41, 33, 25, 17]
29: [25, 33, 41, 49, 50, 51, 52, 53, 54, 46, 38, 30, 22, 21, 20, 19, 18, 17]
30: [17, 18, 19, 20, 21, 22, 30, 38, 46, 54, 53, 52, 51, 50, 49, 41, 33, 25]
31: [33, 41, 49, 50, 51, 52, 53, 54, 46, 38, 30, 29, 28, 27, 26, 25]
32: [25, 26, 27, 28, 29, 30, 38, 46, 54, 53, 52, 51, 50, 49, 41, 33]
33: [41, 49, 50, 51, 52, 53, 54, 46, 38, 37, 36, 35, 34, 33]
34: [33, 34, 35, 36, 37, 38, 46, 54, 53, 52, 51, 50, 49, 41]
35: [49, 50, 51, 52, 53, 54, 46, 45, 44, 43, 42, 41]
36: [41, 42, 43, 44, 45, 46, 54, 53, 52, 51, 50, 49]
37: [17, 25, 33, 41, 49, 50, 42, 34, 26, 18, 10, 9]
38: [9, 10, 18, 26, 34, 42, 50, 49, 41, 33, 25, 17]
39: [18, 26, 34, 42, 50, 51, 43, 35, 27, 19, 11, 10]
40: [10, 11, 19, 27, 35, 43, 51, 50, 42, 34, 26, 18]
41: [19, 27, 35, 43, 51, 52, 44, 36, 28, 20, 12, 11]
42: [11, 12, 20, 28, 36, 44, 52, 51, 43, 35, 27, 19]
43: [20, 28, 36, 44, 52, 53, 45, 37, 29, 21, 13, 12]
44: [12, 13, 21, 29, 37, 45, 53, 52, 44, 36, 28, 20]
45: [21, 29, 37, 45, 53, 54, 46, 38, 30, 22, 14, 13]
46: [13, 14, 22, 30, 38, 46, 54, 53, 45, 37, 29, 21]
47: [8, 16, 24, 32, 40, 48, 56, 57, 58, 59, 60, 61, 62, 63, 55, 47, 39, 31, 23, 15, 7, 6, 5, 4, 3, 2, 1, 0]
48: [0, 1, 2, 3, 4, 5, 6, 7, 15, 23, 31, 39, 47, 55, 63, 62, 61, 60, 59, 58, 57, 56, 48, 40, 32, 24, 16, 8]
49: [0, 1, 9, 17, 25, 33, 41, 49, 57, 56, 48, 40, 32, 24, 16, 8]
50: [8, 16, 24, 32, 40, 48, 56, 57, 49, 41, 33, 25, 17, 9, 1, 0]
51: [0, 1, 2, 10, 18, 26, 34, 42, 50, 58, 57, 56, 48, 40, 32, 24, 16, 8]
52: [8, 16, 24, 32, 40, 48, 56, 57, 58, 50, 42, 34, 26, 18, 10, 2, 1, 0]
53: [0, 1, 2, 3, 11, 19, 27, 35, 43, 51, 59, 58, 57, 56, 48, 40, 32, 24, 16, 8]
54: [8, 16, 24, 32, 40, 48, 56, 57, 58, 59, 51, 43, 35, 27, 19, 11, 3, 2, 1, 0]
55: [0, 1, 2, 3, 4, 12, 20, 28, 36, 44, 52, 60, 59, 58, 57, 56, 48, 40, 32, 24, 16, 8]
56: [8, 16, 24, 32, 40, 48, 56, 57, 58, 59, 60, 52, 44, 36, 28, 20, 12, 4, 3, 2, 1, 0]
57: [0, 1, 2, 3, 4, 5, 13, 21, 29, 37, 45, 53, 61, 60, 59, 58, 57, 56, 48, 40, 32, 24, 16, 8]
58: [8, 16, 24, 32, 40, 48, 56, 57, 58, 59, 60, 61, 53, 45, 37, 29, 21, 13, 5, 4, 3, 2, 1, 0]
59: [0, 1, 2, 3, 4, 5, 6, 14, 22, 30, 38, 46, 54, 62, 61, 60, 59, 58, 57, 56, 48, 40, 32, 24, 16, 8]
60: [8, 16, 24, 32, 40, 48, 56, 57, 58, 59, 60, 61, 62, 54, 46, 38, 30, 22, 14, 6, 5, 4, 3, 2, 1, 0]
61: [1, 2, 3, 4, 5, 6, 7, 15, 23, 31, 39, 47, 55, 63, 62, 61, 60, 59, 58, 57, 49, 41, 33, 25, 17, 9]
62: [9, 17, 25, 33, 41, 49, 57, 58, 59, 60, 61, 62, 63, 55, 47, 39, 31, 23, 15, 7, 6, 5, 4, 3, 2, 1]
63: [2, 3, 4, 5, 6, 7, 15, 23, 31, 39, 47, 55, 63, 62, 61, 60, 59, 58, 50, 42, 34, 26, 18, 10]
64: [10, 18, 26, 34, 42, 50, 58, 59, 60, 61, 62, 63, 55, 47, 39, 31, 23, 15, 7, 6, 5, 4, 3, 2]
65: [3, 4, 5, 6, 7, 15, 23, 31, 39, 47, 55, 63, 62, 61, 60, 59, 51, 43, 35, 27, 19, 11]
66: [11, 19, 27, 35, 43, 51, 59, 60, 61, 62, 63, 55, 47, 39, 31, 23, 15, 7, 6, 5, 4, 3]
67: [4, 5, 6, 7, 15, 23, 31, 39, 47, 55, 63, 62, 61, 60, 52, 44, 36, 28, 20, 12]
68: [12, 20, 28, 36, 44, 52, 60, 61, 62, 63, 55, 47, 39, 31, 23, 15, 7, 6, 5, 4]
69: [5, 6, 7, 15, 23, 31, 39, 47, 55, 63, 62, 61, 53, 45, 37, 29, 21, 13]
70: [13, 21, 29, 37, 45, 53, 61, 62, 63, 55, 47, 39, 31, 23, 15, 7, 6, 5]
71: [6, 7, 15, 23, 31, 39, 47, 55, 63, 62, 54, 46, 38, 30, 22, 14]
72: [14, 22, 30, 38, 46, 54, 62, 63, 55, 47, 39, 31, 23, 15, 7, 6]
73: [0, 1, 2, 3, 4, 5, 6, 7, 15, 14, 13, 12, 11, 10, 9, 8]
74: [8, 9, 10, 11, 12, 13, 14, 15, 7, 6, 5, 4, 3, 2, 1, 0]
75: [8, 9, 10, 11, 12, 13, 14, 15, 23, 22, 21, 20, 19, 18, 17, 16]
76: [16, 17, 18, 19, 20, 21, 22, 23, 15, 14, 13, 12, 11, 10, 9, 8]
77: [16, 17, 18, 19, 20, 21, 22, 23, 31, 30, 29, 28, 27, 26, 25, 24]
78: [24, 25, 26, 27, 28, 29, 30, 31, 23, 22, 21, 20, 19, 18, 17, 16]
79: [24, 25, 26, 27, 28, 29, 30, 31, 39, 38, 37, 36, 35, 34, 33, 32]
80: [32, 33, 34, 35, 36, 37, 38, 39, 31, 30, 29, 28, 27, 26, 25, 24]
81: [32, 33, 34, 35, 36, 37, 38, 39, 47, 46, 45, 44, 43, 42, 41, 40]
82: [40, 41, 42, 43, 44, 45, 46, 47, 39, 38, 37, 36, 35, 34, 33, 32]
83: [40, 41, 42, 43, 44, 45, 46, 47, 55, 54, 53, 52, 51, 50, 49, 48]
84: [48, 49, 50, 51, 52, 53, 54, 55, 47, 46, 45, 44, 43, 42, 41, 40]
85: [48, 49, 50, 51, 52, 53, 54, 55, 63, 62, 61, 60, 59, 58, 57, 56]
86: [56, 57, 58, 59, 60, 61, 62, 63, 55, 54, 53, 52, 51, 50, 49, 48]
64
0
0: []
1: [73, 48, 49, 51, 53, 55, 57, 59, 50, 74, 52, 54, 56, 58, 60, 47]
2: [73, 48, 51, 53, 55, 57, 59, 74, 52, 54, 56, 58, 60, 47]
3: [73, 48, 53, 55, 57, 59, 74, 54, 56, 58, 60, 47]
4: [73, 48, 55, 57, 59, 74, 56, 58, 60, 47]
5: [48, 57, 59, 73, 74, 58, 60, 47]
6: [48, 73, 59, 74, 60, 47]
7: [48, 73, 74, 47]
8: [74, 47, 50, 52, 54, 56, 58, 60, 73, 49, 51, 53, 55, 57, 59, 48]
9: [49, 74, 73, 50]
10: [74, 51, 73, 52]
11: [74, 53, 73, 54]
12: [74, 55, 73, 56]
13: [57, 74, 73, 58]
14: [74, 59, 73, 60]
15: [48, 73, 74, 47]
16: [47, 50, 52, 54, 56, 58, 60, 49, 51, 53, 55, 57, 59, 48]
17: [49, 50]
18: [51, 52]
19: [53, 54]
20: [55, 56]
21: [57, 58]
22: [59, 60]
23: [48, 47]
24: [47, 50, 52, 54, 56, 58, 60, 49, 51, 53, 55, 57, 59, 48]
25: [49, 50]
26: [51, 52]
27: [53, 54]
28: [55, 56]
29: [57, 58]
30: [59, 60]
31: [48, 47]
32: [47, 50, 52, 54, 56, 58, 60, 49, 51, 53, 55, 57, 59, 48]
33: [49, 50]
34: [51, 52]
35: [53, 54]
36: [55, 56]
37: [57, 58]
38: [59, 60]
39: [48, 47]
40: [47, 50, 52, 54, 56, 58, 60, 49, 51, 53, 55, 57, 59, 48]
41: [49, 50]
42: [51, 52]
43: [53, 54]
44: [55, 56]
45: [57, 58]
46: [59, 60]
47: [48, 47]
48: [47, 50, 52, 54, 56, 58, 60, 49, 51, 53, 55, 57, 59, 48]
49: [49, 50]
50: [51, 52]
51: [53, 54]
52: [55, 56]
53: [57, 58]
54: [59, 60]
55: [48, 47]
56: [47, 50, 52, 54, 56, 58, 60, 49, 51, 53, 55, 57, 59, 48]
57: [47, 49, 50, 52, 54, 56, 58, 60, 51, 53, 55, 57, 59, 48]
58: [47, 51, 52, 54, 56, 58, 60, 53, 55, 57, 59, 48]
59: [47, 53, 54, 56, 58, 60, 55, 57, 59, 48]
60: [47, 55, 56, 58, 60, 57, 59, 48]
61: [57, 58, 60, 47, 59, 48]
62: [59, 60, 47, 48]
63: [48, 47]
1
0: [74, 47, 50, 52, 54, 56, 58, 60, 73, 49, 51, 53, 55, 57, 59, 48]
1: []
2: [73, 48, 51, 53, 55, 57, 59, 61, 74, 52, 54, 56, 58, 60, 62, 47]
3: [73, 48, 53, 55, 57, 59, 61, 74, 54, 56, 58, 60, 62, 47]
4: [73, 48, 55, 57, 59, 61, 74, 56, 58, 60, 62, 47]
5: [73, 48, 57, 59, 61, 74, 58, 60, 62, 47]
6: [48, 73, 59, 61, 74, 60, 62, 47]
7: [48, 73, 61, 74, 62, 47]
8: [74, 47, 50, 52, 54, 56, 58, 60, 73, 49, 51, 53, 55, 57, 59, 48]
9: [49, 62, 74, 73, 50, 61]
10: [51, 74, 73, 52]
11: [53, 74, 73, 54]
12: [55, 74, 73, 56]
13: [57, 74, 73, 58]
14: [59, 73, 74, 60]
15: [48, 73, 61, 74, 62, 47]
16: [47, 50, 52, 54, 56, 58, 60, 49, 51, 53, 55, 57, 59, 48]
17: [49, 62, 50, 61]
18: [51, 52]
19: [53, 54]
20: [55, 56]
21: [57, 58]
22: [59, 60]
23: [48, 61, 62, 47]
24: [47, 50, 52, 54, 56, 58, 60, 49, 51, 53, 55, 57, 59, 48]
25: [49, 62, 50, 61]
26: [51, 52]
27: [53, 54]
28: [55, 56]
29: [57, 58]
30: [59, 60]
31: [48, 61, 62, 47]
32: [47, 50, 52, 54, 56, 58, 60, 49, 51, 53, 55, 57, 59, 48]
33: [49, 62, 50, 61]
34: [51, 52]
35: [53, 54]
36: [55, 56]
37: [57, 58]
38: [59, 60]
39: [48, 61, 62, 47]
40: [47, 50, 52, 54, 56, 58, 60, 49, 51, 53, 55, 57, 59, 48]
41: [49, 62, 50, 61]
42: [51, 52]
43: [53, 54]
44: [55, 56]
45: [57, 58]
46: [59, 60]
47: [48, 61, 62, 47]
48: [47, 50, 52, 54, 56, 58, 60, 49, 51, 53, 55, 57, 59, 48]
49: [49, 62, 50, 61]
50: [51, 52]
51: [53, 54]
52: [55, 56]
53: [57, 58]
54: [59, 60]
55: [48, 61, 62, 47]
56: [47, 49, 50, 52, 54, 56, 58, 60, 51, 53, 55, 57, 59, 48]
57: [49, 62, 47, 50, 51, 52, 54, 56, 58, 60, 53, 55, 57, 59, 48, 61]
58: [51, 62, 47, 52, 53, 54, 56, 58, 60, 55, 57, 59, 48, 61]
59: [53, 62, 47, 54, 55, 56, 58, 60, 57, 59, 48, 61]
60: [62, 55, 47, 56, 57, 58, 60, 59, 48, 61]
61: [57, 62, 58, 59, 60, 47, 48, 61]
62: [59, 62, 48, 60, 61, 47]
63: [48, 61, 62, 47]
2
0: [74, 47, 52, 54, 56, 58, 60, 73, 51, 53, 55, 57, 59, 48]
1: [74, 47, 52, 54, 56, 58, 60, 62, 73, 51, 53, 55, 57, 59, 61, 48]
2: []
3: [73, 48, 53, 55, 57, 59, 61, 63, 74, 54, 56, 64, 58, 60, 62, 47]
4: [73, 48, 55, 57, 59, 61, 63, 74, 56, 64, 58, 60, 62, 47]
5: [73, 48, 57, 59, 61, 63, 74, 64, 58, 60, 62, 47]
6: [73, 48, 59, 61, 63, 74, 64, 60, 62, 47]
7: [48, 73, 61, 63, 74, 64, 62, 47]
8: [74, 47, 52, 54, 56, 58, 60, 73, 51, 53, 55, 57, 59, 48]
9: [62, 74, 73, 61]
10: [64, 51, 74, 73, 52, 63]
11: [53, 74, 73, 54]
12: [55, 74, 73, 56]
13: [57, 73, 74, 58]
14: [59, 73, 74, 60]
15: [48, 73, 61, 63, 74, 64, 62, 47]
16: [47, 52, 54, 56, 58, 60, 51, 53, 55, 57, 59, 48]
17: [62, 61]
18: [64, 51, 52, 63]
19: [53, 54]
20: [55, 56]
21: [57, 58]
22: [59, 60]
23: [48, 61, 63, 64, 62, 47]
24: [47, 52, 54, 56, 58, 60, 51, 53, 55, 57, 59, 48]
25: [62, 61]
26: [64, 51, 52, 63]
27: [53, 54]
28: [55, 56]
29: [57, 58]
30: [59, 60]
31: [48, 61, 63, 64, 62, 47]
32: [47, 52, 54, 56, 58, 60, 51, 53, 55, 57, 59, 48]
33: [62, 61]
34: [64, 51, 52, 63]
35: [53, 54]
36: [55, 56]
37: [57, 58]
38: [59, 60]
39: [48, 61, 63, 64, 62, 47]
40: [47, 52, 54, 56, 58, 60, 51, 53, 55, 57, 59, 48]
41: [62, 61]
42: [64, 51, 52, 63]
43: [53, 54]
44: [55, 56]
45: [57, 58]
46: [59, 60]
47: [48, 61, 63, 64, 62, 47]
48: [47, 52, 54, 56, 58, 60, 51, 53, 55, 57, 59, 48]
49: [62, 61]
50: [64, 51, 52, 63]
51: [53, 54]
52: [55, 56]
53: [57, 58]
54: [59, 60]
55: [48, 61, 63, 64, 62, 47]
56: [47, 51, 52, 54, 56, 58, 60, 53, 55, 57, 59, 48]
57: [51, 62, 47, 52, 53, 54, 56, 58, 60, 55, 57, 59, 48, 61]
58: [64, 51, 53, 62, 47, 52, 54, 55, 56, 58, 60, 57, 59, 48, 61, 63]
59: [64, 53, 62, 55, 47, 54, 56, 57, 58, 60, 59, 48, 61, 63]
60: [64, 55, 57, 62, 47, 56, 58, 59, 60, 48, 61, 63]
61: [64, 57, 59, 62, 47, 48, 58, 60, 61, 63]
62: [64, 59, 48, 61, 62, 63, 60, 47]
63: [48, 64, 61, 63, 62, 47]
3
0: [74, 47, 54, 56, 58, 60, 73, 53, 55, 57, 59, 48]
1: [74, 47, 54, 56, 58, 60, 62, 73, 53, 55, 57, 59, 61, 48]
2: [64, 74, 47, 54, 56, 58, 60, 62, 73, 53, 55, 57, 63, 59, 61, 48]
3: []
4: [65, 73, 48, 55, 57, 59, 61, 63, 74, 56, 66, 64, 58, 60, 62, 47]
5: [65, 73, 48, 57, 59, 61, 63, 74, 66, 64, 58, 60, 62, 47]
6: [65, 73, 48, 59, 61, 63, 74, 66, 64, 60, 62, 47]
7: [65, 73, 48, 61, 63, 74, 66, 64, 62, 47]
8: [74, 47, 54, 56, 58, 60, 73, 53, 55, 57, 59, 48]
9: [62, 74, 73, 61]
10: [64, 74, 73, 63]
11: [66, 53, 74, 73, 54, 65]
12: [55, 73, 74, 56]
13: [57, 73, 74, 58]
14: [59, 73, 74, 60]
15: [65, 73, 48, 61, 63, 74, 66, 64, 62, 47]
16: [47, 54, 56, 58, 60, 53, 55, 57, 59, 48]
17: [62, 61]
18: [64, 63]
19: [66, 53, 54, 65]
20: [55, 56]
21: [57, 58]
22: [59, 60]
23: [48, 65, 61, 63, 66, 64, 62, 47]
24: [47, 54, 56, 58, 60, 53, 55, 57, 59, 48]
25: [62, 61]
26: [64, 63]
27: [66, 53, 54, 65]
28: [55, 56]
29: [57, 58]
30: [59, 60]
31: [48, 65, 61, 63, 66, 64, 62, 47]
32: [47, 54, 56, 58, 60, 53, 55, 57, 59, 48]
33: [62, 61]
34: [64, 63]
35: [66, 53, 54, 65]
36: [55, 56]
37: [57, 58]
38: [59, 60]
39: [48, 65, 61, 63, 66, 64, 62, 47]
40: [47, 54, 56, 58, 60, 53, 55, 57, 59, 48]
41: [62, 61]
42: [64, 63]
43: [66, 53, 54, 65]
44: [55, 56]
45: [57, 58]
46: [59, 60]
47: [48, 65, 61, 63, 66, 64, 62, 47]
48: [47, 54, 56, 58, 60, 53, 55, 57, 59, 48]
49: [62, 61]
50: [64, 63]
51: [66, 53, 54, 65]
52: [55, 56]
53: [57, 58]
54: [59, 60]
55: [48, 65, 61, 63, 66, 64, 62, 47]
56: [47, 53, 54, 56, 58, 60, 55, 57, 59, 48]
57: [53, 62, 47, 54, 55, 56, 58, 60, 57, 59, 48, 61]
58: [64, 53, 62, 55, 47, 54, 56, 57, 58, 60, 59, 48, 61, 63]
59: [66, 53, 64, 55, 57, 62, 47, 54, 56, 58, 59, 60, 48, 65, 61, 63]
60: [66, 55, 64, 57, 59, 62, 65, 47, 48, 56, 58, 60, 61, 63]
61: [57, 66, 64, 59, 65, 48, 61, 62, 63, 58, 60, 47]
62: [66, 59, 64, 65, 48, 61, 63, 62, 60, 47]
63: [65, 66, 48, 61, 63, 64, 62, 47]
4
0: [74, 47, 56, 58, 60, 73, 55, 57, 59, 48]
1: [74, 47, 56, 58, 60, 62, 73, 55, 57, 59, 61, 48]
2: [64, 74, 47, 56, 58, 60, 62, 73, 55, 57, 63, 59, 61, 48]
3: [64, 66, 74, 47, 56, 58, 60, 62, 73, 65, 55, 57, 63, 59, 61, 48]
4: []
5: [65, 67, 73, 48, 57, 59, 61, 63, 74, 68, 66, 64, 58, 60, 62, 47]
6: [65, 67, 73, 48, 59, 61, 63, 74, 68, 66, 64, 60, 62, 47]
7: [65, 67, 73, 48, 61, 63, 74, 68, 66, 64, 62, 47]
8: [74, 47, 56, 58, 60, 73, 55, 57, 59, 48]
9: [62, 74, 73, 61]
10: [64, 74, 73, 63]
11: [66, 73, 74, 65]
12: [68, 55, 73, 74, 67, 56]
13: [57, 73, 74, 58]
14: [59, 73, 74, 60]
15: [65, 67, 73, 48, 61, 63, 74, 68, 66, 64, 62, 47]
16: [56, 58, 60, 47, 55, 57, 59, 48]
17: [62, 61]
18: [64, 63]
19: [66, 65]
20: [68, 55, 67, 56]
21: [57, 58]
22: [59, 60]
23: [65, 67, 48, 61, 63, 68, 66, 64, 62, 47]
24: [56, 58, 60, 47, 55, 57, 59, 48]
25: [62, 61]
26: [64, 63]
27: [66, 65]
28: [68, 55, 67, 56]
29: [57, 58]
30: [59, 60]
31: [65, 67, 48, 61, 63, 68, 66, 64, 62, 47]
32: [56, 58, 60, 47, 55, 57, 59, 48]
33: [62, 61]
34: [64, 63]
35: [66, 65]
36: [68, 55, 67, 56]
37: [57, 58]
38: [59, 60]
39: [65, 67, 48, 61, 63, 68, 66, 64, 62, 47]
40: [56, 58, 60, 47, 55, 57, 59, 48]
41: [62, 61]
42: [64, 63]
43: [66, 65]
44: [68, 55, 67, 56]
45: [57, 58]
46: [59, 60]
47: [65, 67, 48, 61, 63, 68, 66, 64, 62, 47]
48: [56, 58, 60, 47, 55, 57, 59, 48]
49: [62, 61]
50: [64, 63]
51: [66, 65]
52: [68, 55, 67, 56]
53: [57, 58]
54: [59, 60]
55: [65, 67, 48, 61, 63, 68, 66, 64, 62, 47]
56: [47, 55, 56, 58, 60, 57, 59, 48]
57: [62, 55, 47, 56, 57, 58, 60, 59, 48, 61]
58: [64, 55, 57, 62, 47, 56, 58, 59, 60, 48, 61, 63]
59: [66, 55, 64, 57, 59, 62, 65, 47, 48, 56, 58, 60, 61, 63]
60: [68, 55, 57, 66, 64, 59, 65, 67, 48, 61, 62, 63, 56, 58, 60, 47]
61: [57, 68, 66, 59, 64, 65, 67, 48, 61, 63, 62, 58, 60, 47]
62: [59, 68, 65, 66, 67, 48, 61, 63, 64, 62, 60, 47]
63: [65, 67, 68, 48, 61, 63, 66, 64, 62, 47]
5
0: [58, 60, 74, 47, 73, 57, 59, 48]
1: [74, 47, 58, 60, 62, 73, 57, 59, 61, 48]
2: [64, 74, 47, 58, 60, 62, 73, 57, 63, 59, 61, 48]
3: [64, 66, 74, 47, 58, 60, 62, 73, 65, 57, 63, 59, 61, 48]
4: [64, 66, 68, 74, 47, 58, 60, 62, 73, 67, 65, 57, 63, 59, 61, 48]
5: []
6: [65, 67, 69, 73, 48, 59, 61, 63, 74, 70, 68, 66, 64, 60, 62, 47]
7: [65, 67, 69, 73, 48, 61, 63, 74, 70, 68, 66, 64, 62, 47]
8: [58, 60, 74, 47, 73, 57, 59, 48]
9: [62, 74, 73, 61]
10: [64, 73, 74, 63]
11: [66, 73, 74, 65]
12: [68, 73, 74, 67]
13: [57, 70, 73, 74, 69, 58]
14: [59, 73, 74, 60]
15: [65, 67, 69, 73, 48, 61, 63, 74, 70, 68, 66, 64, 62, 47]
16: [58, 60, 47, 57, 59, 48]
17: [62, 61]
18: [64, 63]
19: [66, 65]
20: [68, 67]
21: [57, 70, 69, 58]
22: [59, 60]
23: [65, 67, 69, 48, 61, 63, 70, 68, 66, 64, 62, 47]
24: [58, 60, 47, 57, 59, 48]
25: [62, 61]
26: [64, 63]
27: [66, 65]
28: [68, 67]
29: [57, 70, 69, 58]
30: [59, 60]
31: [65, 67, 69, 48, 61, 63, 70, 68, 66, 64, 62, 47]
32: [58, 60, 47, 57, 59, 48]
33: [62, 61]
34: [64, 63]
35: [66, 65]
36: [68, 67]
37: [57, 70, 69, 58]
38: [59, 60]
39: [65, 67, 69, 48, 61, 63, 70, 68, 66, 64, 62, 47]
40: [58, 60, 47, 57, 59, 48]
41: [62, 61]
42: [64, 63]
43: [66, 65]
44: [68, 67]
45: [57, 70, 69, 58]
46: [59, 60]
47: [65, 67, 69, 48, 61, 63, 70, 68, 66, 64, 62, 47]
48: [58, 60, 47, 57, 59, 48]
49: [62, 61]
50: [64, 63]
51: [66, 65]
52: [68, 67]
53: [57, 70, 69, 58]
54: [59, 60]
55: [65, 67, 69, 48, 61, 63, 70, 68, 66, 64, 62, 47]
56: [57, 58, 60, 47, 59, 48]
57: [57, 62, 58, 59, 60, 47, 48, 61]
58: [64, 57, 59, 62, 47, 48, 58, 60, 61, 63]
59: [57, 66, 64, 59, 65, 48, 61, 62, 63, 58, 60, 47]
60: [57, 68, 66, 59, 64, 65, 67, 48, 61, 63, 62, 58, 60, 47]
61: [57, 70, 59, 68, 65, 66, 67, 69, 48, 61, 63, 64, 62, 58, 60, 47]
62: [59, 70, 65, 67, 68, 69, 48, 61, 63, 66, 64, 62, 60, 47]
63: [65, 67, 69, 70, 48, 61, 63, 68, 66, 64, 62, 47]
6
0: [74, 60, 47, 73, 59, 48]
1: [74, 60, 62, 47, 73, 59, 61, 48]
2: [64, 74, 47, 60, 62, 73, 63, 59, 61, 48]
3: [64, 66, 74, 47, 60, 62, 73, 65, 63, 59, 61, 48]
4: [64, 66, 68, 74, 47, 60, 62, 73, 67, 65, 63, 59, 61, 48]
5: [64, 66, 68, 70, 74, 47, 60, 62, 73, 69, 67, 65, 63, 59, 61, 48]
6: []
7: [65, 67, 69, 71, 73, 48, 61, 63, 72, 74, 70, 68, 66, 64, 62, 47]
8: [74, 60, 47, 73, 59, 48]
9: [62, 73, 74, 61]
10: [64, 73, 74, 63]
11: [66, 73, 74, 65]
12: [68, 73, 74, 67]
13: [70, 73, 74, 69]
14: [72, 59, 73, 74, 71, 60]
15: [65, 67, 69, 71, 73, 48, 61, 63, 72, 74, 70, 68, 66, 64, 62, 47]
16: [60, 47, 59, 48]
17: [62, 61]
18: [64, 63]
19: [66, 65]
20: [68, 67]
21: [70, 69]
22: [72, 59, 71, 60]
23: [65, 67, 69, 71, 48, 61, 63, 72, 70, 68, 66, 64, 62, 47]
24: [60, 47, 59, 48]
25: [62, 61]
26: [64, 63]
27: [66, 65]
28: [68, 67]
29: [70, 69]
30: [72, 59, 71, 60]
31: [65, 67, 69, 71, 48, 61, 63, 72, 70, 68, 66, 64, 62, 47]
32: [60, 47, 59, 48]
33: [62, 61]
34: [64, 63]
35: [66, 65]
36: [68, 67]
37: [70, 69]
38: [72, 59, 71, 60]
39: [65, 67, 69, 71, 48, 61, 63, 72, 70, 68, 66, 64, 62, 47]
40: [60, 47, 59, 48]
41: [62, 61]
42: [64, 63]
43: [66, 65]
44: [68, 67]
45: [70, 69]
46: [72, 59, 71, 60]
47: [65, 67, 69, 71, 48, 61, 63, 72, 70, 68, 66, 64, 62, 47]
48: [60, 47, 59, 48]
49: [62, 61]
50: [64, 63]
51: [66, 65]
52: [68, 67]
53: [70, 69]
54: [72, 59, 71, 60]
55: [65, 67, 69, 71, 48, 61, 63, 72, 70, 68, 66, 64, 62, 47]
56: [59, 60, 47, 48]
57: [59, 62, 48, 60, 61, 47]
58: [64, 59, 48, 61, 62, 63, 60, 47]
59: [66, 59, 64, 65, 48, 61, 63, 62, 60, 47]
60: [59, 68, 65, 66, 67, 48, 61, 63, 64, 62, 60, 47]
61: [59, 70, 65, 67, 68, 69, 48, 61, 63, 66, 64, 62, 60, 47]
62: [72, 59, 65, 67, 69, 70, 71, 48, 61, 63, 68, 66, 64, 62, 60, 47]
63: [65, 67, 69, 71, 72, 48, 61, 63, 70, 68, 66, 64, 62, 47]
7
0: [74, 47, 73, 48]
1: [74, 62, 47, 73, 61, 48]
2: [64, 74, 62, 47, 73, 63, 61, 48]
3: [64, 66, 74, 47, 62, 73, 65, 63, 61, 48]
4: [64, 66, 68, 74, 47, 62, 73, 67, 65, 63, 61, 48]
5: [64, 66, 68, 70, 74, 47, 62, 73, 69, 67, 65, 63, 61, 48]
6: [64, 66, 68, 70, 72, 74, 47, 62, 73, 71, 69, 67, 65, 63, 61, 48]
7: []
8: [73, 74, 47, 48]
9: [73, 62, 74, 61]
10: [64, 73, 74, 63]
11: [73, 66, 74, 65]
12: [73, 68, 74, 67]
13: [73, 70, 74, 69]
14: [72, 73, 74, 71]
15: [65, 67, 69, 71, 73, 48, 61, 63, 72, 74, 70, 68, 66, 64, 62, 47]
16: [47, 48]
17: [62, 61]
18: [64, 63]
19: [66, 65]
20: [68, 67]
21: [70, 69]
22: [72, 71]
23: [65, 67, 69, 71, 48, 61, 63, 72, 70, 68, 66, 64, 62, 47]
24: [47, 48]
25: [62, 61]
26: [64, 63]
27: [66, 65]
28: [68, 67]
29: [70, 69]
30: [72, 71]
31: [65, 67, 69, 71, 48, 61, 63, 72, 70, 68, 66, 64, 62, 47]
32: [47, 48]
33: [62, 61]
34: [64, 63]
35: [66, 65]
36: [68, 67]
37: [70, 69]
38: [72, 71]
39: [65, 67, 69, 71, 48, 61, 63, 72, 70, 68, 66, 64, 62, 47]
40: [47, 48]
41: [62, 61]
42: [64, 63]
43: [66, 65]
44: [68, 67]
45: [70, 69]
46: [72, 71]
47: [65, 67, 69, 71, 48, 61, 63, 72, 70, 68, 66, 64, 62, 47]
48: [47, 48]
49: [62, 61]
50: [64, 63]
51: [66, 65]
52: [68, 67]
53: [70, 69]
54: [72, 71]
55: [65, 67, 69, 71, 48, 61, 63, 72, 70, 68, 66, 64, 62, 47]
56: [48, 47]
57: [48, 61, 62, 47]
58: [48, 64, 61, 63, 62, 47]
59: [65, 66, 48, 61, 63, 64, 62, 47]
60: [65, 67, 68, 48, 61, 63, 66, 64, 62, 47]
61: [65, 67, 69, 70, 48, 61, 63, 68, 66, 64, 62, 47]
62: [65, 67, 69, 71, 72, 48, 61, 63, 70, 68, 66, 64, 62, 47]
63: [65, 67, 69, 71, 48, 61, 63, 72, 70, 68, 66, 64, 62, 47]
8
0: [73, 48, 49, 51, 53, 55, 57, 59, 50, 74, 52, 54, 56, 58, 60, 47]
1: [73, 48, 49, 51, 53, 55, 57, 59, 50, 74, 52, 54, 56, 58, 60, 47]
2: [73, 48, 51, 53, 55, 57, 59, 74, 52, 54, 56, 58, 60, 47]
3: [73, 48, 53, 55, 57, 59, 74, 54, 56, 58, 60, 47]
4: [73, 48, 55, 57, 59, 74, 56, 58, 60, 47]
5: [48, 57, 59, 73, 74, 58, 60, 47]
6: [48, 73, 59, 74, 60, 47]
7: [48, 73, 74, 47]
8: []
9: [74, 75, 49, 50, 73, 76]
10: [74, 75, 51, 73, 52, 76]
11: [74, 75, 53, 73, 76, 54]
12: [74, 75, 55, 73, 76, 56]
13: [74, 75, 57, 73, 76, 58]
14: [74, 75, 59, 73, 76, 60]
15: [74, 75, 48, 73, 76, 47]
16: [76, 47, 50, 52, 54, 56, 58, 60, 49, 75, 51, 53, 55, 57, 59, 48]
17: [76, 49, 50, 75]
18: [76, 51, 75, 52]
19: [76, 53, 75, 54]
20: [76, 55, 75, 56]
21: [76, 57, 75, 58]
22: [76, 75, 59, 60]
23: [75, 76, 48, 47]
24: [47, 50, 52, 54, 56, 58, 60, 49, 51, 53, 55, 57, 59, 48]
25: [49, 50]
26: [51, 52]
27: [53, 54]
28: [55, 56]
29: [57, 58]
30: [59, 60]
31: [48, 47]
32: [47, 50, 52, 54, 56, 58, 60, 49, 51, 53, 55, 57, 59, 48]
33: [49, 50]
34: [51, 52]
35: [53, 54]
36: [55, 56]
37: [57, 58]
38: [59, 60]
39: [48, 47]
40: [47, 50, 52, 54, 56, 58, 60, 49, 51, 53, 55, 57, 59, 48]
41: [49, 50]
42: [51, 52]
43: [53, 54]
44: [55, 56]
45: [57, 58]
46: [59, 60]
47: [48, 47]
48: [47, 50, 52, 54, 56, 58, 60, 49, 51, 53, 55, 57, 59, 48]
49: [49, 50]
50: [51, 52]
51: [53, 54]
52: [56, 55]
53: [57, 58]
54: [59, 60]
55: [48, 47]
56: [47, 50, 52, 54, 56, 58, 60, 49, 51, 53, 55, 57, 59, 48]
57: [47, 50, 52, 54, 56, 58, 60, 49, 51, 53, 55, 57, 59, 48]
58: [47, 52, 54, 56, 58, 60, 51, 53, 55, 57, 59, 48]
59: [47, 54, 56, 58, 60, 53, 55, 57, 59, 48]
60: [56, 58, 60, 47, 55, 57, 59, 48]
61: [58, 60, 47, 57, 59, 48]
62: [60, 47, 59, 48]
63: [47, 48]
9
0: [73, 50, 49, 74]
1: [50, 61, 73, 74, 49, 62]
2: [61, 73, 74, 62]
3: [61, 73, 74, 62]
4: [61, 73, 74, 62]
5: [61, 73, 74, 62]
6: [61, 73, 74, 62]
7: [74, 61, 73, 62]
8: [73, 76, 50, 49, 74, 75]
9: []
10: [38, 19, 22, 24, 26, 28, 37, 21, 23, 25, 27, 20]
11: [19, 22, 24, 26, 28, 21, 23, 25, 27, 20]
12: [19, 22, 24, 26, 28, 21, 23, 25, 27, 20]
13: [19, 22, 24, 26, 28, 21, 23, 25, 27, 20]
14: [19, 22, 24, 26, 28, 21, 23, 25, 27, 20]
15: [74, 75, 61, 73, 76, 62]
16: [76, 50, 49, 75]
17: [37, 20, 21, 23, 25, 27, 38, 22, 24, 26, 28, 19]
18: [21, 38, 37, 22]
19: [21, 22]
20: [21, 22]
21: [21, 22]
22: [19, 21, 22, 24, 26, 28, 23, 25, 27, 20]
23: [75, 76, 61, 62]
24: [50, 49]
25: [37, 20, 23, 25, 27, 38, 24, 26, 28, 19]
26: [38, 23, 37, 24]
27: [23, 24]
28: [23, 24]
29: [23, 24]
30: [19, 23, 24, 26, 28, 25, 27, 20]
31: [61, 62]
32: [50, 49]
33: [25, 27, 20, 37, 38, 26, 28, 19]
34: [25, 38, 37, 26]
35: [25, 26]
36: [25, 26]
37: [25, 26]
38: [25, 26, 19, 28, 27, 20]
39: [61, 62]
40: [50, 49]
41: [27, 20, 37, 38, 28, 19]
42: [27, 38, 37, 28]
43: [27, 28]
44: [27, 28]
45: [27, 28]
46: [27, 19, 28, 20]
47: [61, 62]
48: [49, 50]
49: [20, 37, 38, 19]
50: [20, 37, 38, 19]
51: [20, 19]
52: [20, 19]
53: [20, 19]
54: [19, 20]
55: [61, 62]
56: [49, 50]
57: [49, 62, 50, 61]
58: [62, 61]
59: [62, 61]
60: [62, 61]
61: [62, 61]
62: [62, 61]
63: [62, 61]
10
0: [73, 52, 74, 51]
1: [52, 73, 74, 51]
2: [52, 63, 73, 74, 51, 64]
3: [63, 73, 74, 64]
4: [63, 73, 74, 64]
5: [63, 73, 74, 64]
6: [63, 74, 73, 64]
7: [74, 63, 73, 64]
8: [73, 76, 52, 75, 74, 51]
9: [37, 20, 21, 23, 25, 27, 38, 22, 24, 26, 28, 19]
10: []
11: [40, 19, 22, 24, 26, 28, 21, 39, 23, 25, 27, 20]
12: [19, 22, 24, 26, 28, 21, 23, 25, 27, 20]
13: [19, 22, 24, 26, 28, 21, 23, 25, 27, 20]
14: [19, 22, 24, 26, 28, 21, 23, 25, 27, 20]
15: [74, 75, 63, 73, 76, 64]
16: [76, 52, 75, 51]
17: [37, 20, 21, 23, 25, 27, 38, 22, 24, 26, 28, 19]
18: [38, 39, 21, 22, 40, 37]
19: [40, 21, 22, 39]
20: [21, 22]
21: [21, 22]
22: [19, 22, 24, 26, 28, 21, 23, 25, 27, 20]
23: [75, 63, 76, 64]
24: [52, 51]
25: [37, 20, 23, 25, 27, 38, 24, 26, 28, 19]
26: [38, 39, 23, 24, 40, 37]
27: [40, 23, 24, 39]
28: [23, 24]
29: [24, 23]
30: [24, 26, 19, 28, 23, 25, 27, 20]
31: [63, 64]
32: [52, 51]
33: [25, 27, 20, 37, 38, 26, 28, 19]
34: [38, 39, 25, 40, 37, 26]
35: [40, 25, 39, 26]
36: [25, 26]
37: [25, 26]
38: [26, 19, 28, 25, 27, 20]
39: [63, 64]
40: [52, 51]
41: [27, 20, 37, 38, 28, 19]
42: [38, 39, 27, 40, 37, 28]
43: [40, 27, 39, 28]
44: [27, 28]
45: [27, 28]
46: [19, 28, 27, 20]
47: [63, 64]
48: [51, 52]
49: [20, 37, 38, 19]
50: [38, 39, 40, 20, 37, 19]
51: [40, 39, 20, 19]
52: [20, 19]
53: [19, 20]
54: [19, 20]
55: [64, 63]
56: [51, 52]
57: [51, 52]
58: [64, 51, 52, 63]
59: [64, 63]
60: [64, 63]
61: [64, 63]
62: [64, 63]
63: [64, 63]
11
0: [73, 54, 74, 53]
1: [54, 73, 74, 53]
2: [54, 73, 74, 53]
3: [65, 54, 73, 74, 53, 66]
4: [65, 73, 74, 66]
5: [65, 74, 73, 66]
6: [65, 74, 73, 66]
7: [65, 74, 73, 66]
8: [73, 76, 54, 74, 75, 53]
9: [20, 21, 23, 25, 27, 22, 24, 26, 28, 19]
10: [39, 20, 21, 23, 25, 27, 40, 22, 24, 26, 28, 19]
11: []
12: [42, 19, 22, 24, 26, 28, 41, 21, 23, 25, 27, 20]
13: [19, 22, 24, 26, 28, 21, 23, 25, 27, 20]
14: [19, 22, 24, 26, 28, 21, 23, 25, 27, 20]
15: [74, 75, 65, 73, 76, 66]
16: [76, 54, 75, 53]
17: [20, 21, 23, 25, 27, 22, 24, 26, 28, 19]
18: [39, 21, 22, 40]
19: [40, 41, 21, 22, 42, 39]
20: [42, 21, 22, 41]
21: [22, 21]
22: [19, 22, 24, 26, 28, 21, 23, 25, 27, 20]
23: [75, 65, 76, 66]
24: [54, 53]
25: [25, 27, 20, 23, 24, 26, 28, 19]
26: [39, 23, 24, 40]
27: [40, 41, 23, 24, 42, 39]
28: [42, 24, 23, 41]
29: [24, 23]
30: [24, 26, 19, 28, 23, 25, 27, 20]
31: [65, 66]
32: [54, 53]
33: [25, 27, 20, 26, 28, 19]
34: [39, 25, 40, 26]
35: [40, 41, 25, 26, 42, 39]
36: [42, 25, 26, 41]
37: [26, 25]
38: [26, 19, 28, 25, 27, 20]
39: [65, 66]
40: [54, 53]
41: [27, 20, 28, 19]
42: [39, 40, 27, 28]
43: [40, 41, 42, 27, 39, 28]
44: [42, 41, 27, 28]
45: [28, 27]
46: [19, 28, 27, 20]
47: [65, 66]
48: [53, 54]
49: [20, 19]
50: [40, 39, 20, 19]
51: [40, 41, 42, 39, 20, 19]
52: [41, 42, 19, 20]
53: [19, 20]
54: [19, 20]
55: [65, 66]
56: [53, 54]
57: [53, 54]
58: [53, 54]
59: [66, 53, 54, 65]
60: [66, 65]
61: [66, 65]
62: [66, 65]
63: [66, 65]
12
0: [56, 73, 74, 55]
1: [56, 73, 74, 55]
2: [56, 73, 74, 55]
3: [56, 73, 74, 55]
4: [56, 67, 74, 73, 68, 55]
5: [67, 74, 73, 68]
6: [67, 74, 73, 68]
7: [74, 67, 73, 68]
8: [73, 76, 56, 74, 75, 55]
9: [20, 21, 23, 25, 27, 22, 24, 26, 28, 19]
10: [20, 21, 23, 25, 27, 22, 24, 26, 28, 19]
11: [41, 20, 21, 23, 25, 27, 42, 22, 24, 26, 28, 19]
12: []
13: [44, 19, 22, 24, 26, 28, 43, 21, 23, 25, 27, 20]
14: [19, 22, 24, 26, 28, 21, 23, 25, 27, 20]
15: [74, 75, 67, 73, 76, 68]
16: [76, 56, 75, 55]
17: [20, 21, 23, 25, 27, 22, 24, 26, 28, 19]
18: [21, 22]
19: [41, 21, 22, 42]
20: [42, 43, 22, 21, 41, 44]
21: [44, 22, 21, 43]
22: [19, 22, 24, 26, 28, 21, 23, 25, 27, 20]
23: [75, 67, 76, 68]
24: [56, 55]
25: [25, 27, 20, 23, 24, 26, 28, 19]
26: [23, 24]
27: [41, 24, 23, 42]
28: [42, 43, 24, 23, 41, 44]
29: [44, 24, 43, 23]
30: [24, 26, 19, 28, 23, 25, 27, 20]
31: [67, 68]
32: [56, 55]
33: [25, 27, 20, 26, 28, 19]
34: [25, 26]
35: [41, 25, 26, 42]
36: [42, 43, 26, 25, 44, 41]
37: [44, 26, 43, 25]
38: [26, 19, 28, 25, 27, 20]
39: [67, 68]
40: [56, 55]
41: [27, 20, 28, 19]
42: [27, 28]
43: [41, 42, 27, 28]
44: [42, 43, 41, 28, 44, 27]
45: [44, 43, 28, 27]
46: [19, 28, 27, 20]
47: [67, 68]
48: [56, 55]
49: [20, 19]
50: [20, 19]
51: [41, 42, 19, 20]
52: [42, 43, 41, 44, 19, 20]
53: [43, 44, 19, 20]
54: [19, 20]
55: [67, 68]
56: [55, 56]
57: [55, 56]
58: [55, 56]
59: [55, 56]
60: [68, 55, 67, 56]
61: [68, 67]
62: [68, 67]
63: [68, 67]
13
0: [73, 58, 74, 57]
1: [58, 73, 74, 57]
2: [58, 73, 74, 57]
3: [58, 74, 73, 57]
4: [58, 74, 73, 57]
5: [58, 69, 74, 73, 70, 57]
6: [69, 74, 73, 70]
7: [74, 69, 73, 70]
8: [73, 76, 58, 74, 75, 57]
9: [20, 21, 23, 25, 27, 22, 24, 26, 28, 19]
10: [20, 21, 23, 25, 27, 22, 24, 26, 28, 19]
11: [20, 21, 23, 25, 27, 22, 24, 26, 28, 19]
12: [43, 20, 21, 23, 25, 27, 44, 22, 24, 26, 28, 19]
13: []
14: [46, 19, 22, 24, 26, 28, 45, 21, 23, 25, 27, 20]
15: [74, 75, 69, 73, 76, 70]
16: [76, 58, 75, 57]
17: [20, 21, 23, 25, 27, 22, 24, 26, 28, 19]
18: [21, 22]
19: [22, 21]
20: [43, 22, 21, 44]
21: [44, 45, 22, 21, 43, 46]
22: [46, 19, 22, 24, 26, 28, 45, 21, 23, 25, 27, 20]
23: [75, 69, 76, 70]
24: [58, 57]
25: [25, 27, 20, 23, 24, 26, 28, 19]
26: [24, 23]
27: [24, 23]
28: [43, 24, 44, 23]
29: [44, 45, 24, 43, 46, 23]
30: [46, 19, 24, 26, 28, 45, 23, 25, 27, 20]
31: [69, 70]
32: [58, 57]
33: [25, 27, 20, 26, 28, 19]
34: [25, 26]
35: [26, 25]
36: [43, 26, 44, 25]
37: [44, 45, 26, 43, 46, 25]
38: [26, 19, 28, 46, 45, 25, 27, 20]
39: [69, 70]
40: [58, 57]
41: [27, 20, 28, 19]
42: [27, 28]
43: [28, 27]
44: [43, 28, 44, 27]
45: [44, 45, 28, 43, 46, 27]
46: [19, 28, 46, 45, 27, 20]
47: [69, 70]
48: [57, 58]
49: [20, 19]
50: [19, 20]
51: [19, 20]
52: [43, 44, 19, 20]
53: [44, 45, 43, 19, 46, 20]
54: [19, 45, 46, 20]
55: [69, 70]
56: [57, 58]
57: [57, 58]
58: [57, 58]
59: [57, 58]
60: [57, 58]
61: [57, 70, 69, 58]
62: [70, 69]
63: [70, 69]
14
0: [73, 60, 74, 59]
1: [60, 73, 74, 59]
2: [60, 74, 73, 59]
3: [60, 74, 73, 59]
4: [60, 74, 73, 59]
5: [60, 74, 73, 59]
6: [60, 71, 74, 73, 72, 59]
7: [74, 71, 72, 73]
8: [73, 76, 60, 74, 75, 59]
9: [20, 21, 23, 25, 27, 22, 24, 26, 28, 19]
10: [20, 21, 23, 25, 27, 22, 24, 26, 28, 19]
11: [20, 21, 23, 25, 27, 22, 24, 26, 28, 19]
12: [20, 21, 23, 25, 27, 22, 24, 26, 28, 19]
13: [45, 20, 21, 23, 25, 27, 46, 22, 24, 26, 28, 19]
14: []
15: [74, 75, 71, 72, 73, 76]
16: [76, 75, 60, 59]
17: [20, 21, 22, 23, 25, 27, 24, 26, 28, 19]
18: [22, 21]
19: [22, 21]
20: [22, 21]
21: [45, 22, 21, 46]
22: [46, 19, 22, 24, 26, 28, 45, 21, 23, 25, 27, 20]
23: [75, 71, 72, 76]
24: [60, 59]
25: [20, 23, 24, 25, 27, 26, 28, 19]
26: [24, 23]
27: [24, 23]
28: [24, 23]
29: [24, 45, 46, 23]
30: [46, 19, 24, 26, 28, 45, 23, 25, 27, 20]
31: [71, 72]
32: [60, 59]
33: [25, 26, 27, 20, 28, 19]
34: [26, 25]
35: [26, 25]
36: [26, 25]
37: [26, 45, 46, 25]
38: [26, 19, 28, 46, 45, 25, 27, 20]
39: [71, 72]
40: [60, 59]
41: [27, 20, 28, 19]
42: [28, 27]
43: [28, 27]
44: [28, 27]
45: [28, 45, 46, 27]
46: [19, 28, 46, 45, 27, 20]
47: [71, 72]
48: [59, 60]
49: [19, 20]
50: [19, 20]
51: [19, 20]
52: [19, 20]
53: [19, 45, 46, 20]
54: [19, 46, 45, 20]
55: [72, 71]
56: [59, 60]
57: [59, 60]
58: [59, 60]
59: [59, 60]
60: [59, 60]
61: [59, 60]
62: [72, 59, 71, 60]
63: [72, 71]
15
0: [73, 74, 47, 48]
1: [74, 62, 47, 73, 61, 48]
2: [64, 74, 62, 47, 73, 63, 61, 48]
3: [64, 66, 74, 47, 62, 73, 65, 63, 61, 48]
4: [64, 66, 68, 74, 47, 62, 73, 67, 65, 63, 61, 48]
5: [64, 66, 68, 70, 74, 47, 62, 73, 69, 67, 65, 63, 61, 48]
6: [64, 66, 68, 70, 72, 74, 47, 62, 73, 71, 69, 67, 65, 63, 61, 48]
7: [64, 66, 68, 70, 72, 74, 47, 62, 73, 71, 69, 67, 65, 63, 61, 48]
8: [73, 76, 74, 75, 47, 48]
9: [73, 76, 62, 74, 75, 61]
10: [73, 76, 64, 74, 75, 63]
11: [73, 76, 66, 74, 75, 65]
12: [73, 76, 68, 74, 75, 67]
13: [73, 76, 70, 74, 75, 69]
14: [73, 76, 72, 71, 74, 75]
15: []
16: [75, 76, 47, 48]
17: [75, 76, 62, 61]
18: [75, 64, 76, 63]
19: [75, 66, 76, 65]
20: [75, 68, 76, 67]
21: [75, 70, 76, 69]
22: [75, 72, 71, 76]
23: [65, 67, 69, 71, 75, 48, 61, 63, 72, 76, 70, 68, 66, 64, 62, 47]
24: [47, 48]
25: [62, 61]
26: [64, 63]
27: [66, 65]
28: [68, 67]
29: [70, 69]
30: [72, 71]
31: [65, 67, 69, 71, 48, 61, 63, 72, 70, 68, 66, 64, 62, 47]
32: [47, 48]
33: [62, 61]
34: [64, 63]
35: [66, 65]
36: [68, 67]
37: [70, 69]
38: [72, 71]
39: [65, 67, 69, 71, 48, 61, 63, 72, 70, 68, 66, 64, 62, 47]
40: [47, 48]
41: [62, 61]
42: [64, 63]
43: [66, 65]
44: [68, 67]
45: [70, 69]
46: [72, 71]
47: [65, 67, 69, 71, 48, 61, 63, 72, 70, 68, 66, 64, 62, 47]
48: [48, 47]
49: [61, 62]
50: [64, 63]
51: [65, 66]
52: [67, 68]
53: [69, 70]
54: [72, 71]
55: [65, 67, 69, 71, 48, 61, 63, 72, 70, 68, 66, 64, 62, 47]
56: [48, 47]
57: [48, 61, 62, 47]
58: [48, 61, 63, 64, 62, 47]
59: [48, 65, 61, 63, 66, 64, 62, 47]
60: [65, 67, 48, 61, 63, 68, 66, 64, 62, 47]
61: [65, 67, 69, 48, 61, 63, 70, 68, 66, 64, 62, 47]
62: [65, 67, 69, 71, 48, 61, 63, 72, 70, 68, 66, 64, 62, 47]
63: [65, 67, 69, 71, 48, 61, 63, 72, 70, 68, 66, 64, 62, 47]
16
0: [48, 49, 51, 53, 55, 57, 59, 50, 52, 54, 56, 58, 60, 47]
1: [48, 49, 51, 53, 55, 57, 59, 50, 52, 54, 56, 58, 60, 47]
2: [48, 51, 53, 55, 57, 59, 52, 54, 56, 58, 60, 47]
3: [48, 53, 55, 57, 59, 54, 56, 58, 60, 47]
4: [48, 57, 59, 55, 56, 58, 60, 47]
5: [48, 57, 59, 58, 60, 47]
6: [48, 59, 60, 47]
7: [48, 47]
8: [75, 48, 49, 51, 53, 55, 57, 59, 50, 76, 52, 54, 56, 58, 60, 47]
9: [75, 49, 50, 76]
10: [75, 51, 52, 76]
11: [75, 53, 76, 54]
12: [75, 55, 76, 56]
13: [75, 57, 76, 58]
14: [75, 59, 76, 60]
15: [75, 76, 48, 47]
16: []
17: [76, 77, 49, 50, 75, 78]
18: [76, 77, 51, 52, 75, 78]
19: [76, 77, 53, 78, 75, 54]
20: [76, 77, 55, 75, 78, 56]
21: [76, 77, 57, 75, 78, 58]
22: [76, 77, 75, 59, 78, 60]
23: [76, 77, 75, 78, 48, 47]
24: [78, 47, 50, 52, 54, 56, 58, 60, 49, 77, 51, 53, 55, 57, 59, 48]
25: [78, 49, 50, 77]
26: [78, 51, 52, 77]
27: [78, 53, 77, 54]
28: [78, 55, 77, 56]
29: [78, 57, 77, 58]
30: [78, 77, 59, 60]
31: [77, 78, 48, 47]
32: [47, 50, 52, 54, 56, 58, 60, 49, 51, 53, 55, 57, 59, 48]
33: [49, 50]
34: [51, 52]
35: [53, 54]
36: [55, 56]
37: [57, 58]
38: [59, 60]
39: [48, 47]
40: [47, 50, 52, 54, 56, 58, 60, 49, 51, 53, 55, 57, 59, 48]
41: [49, 50]
42: [51, 52]
43: [53, 54]
44: [56, 55]
45: [57, 58]
46: [59, 60]
47: [48, 47]
48: [47, 50, 52, 54, 56, 58, 60, 49, 51, 53, 55, 57, 59, 48]
49: [50, 49]
50: [52, 51]
51: [54, 53]
52: [56, 55]
53: [58, 57]
54: [60, 59]
55: [47, 48]
56: [47, 50, 52, 54, 56, 58, 60, 49, 51, 53, 55, 57, 59, 48]
57: [47, 50, 52, 54, 56, 58, 60, 49, 51, 53, 55, 57, 59, 48]
58: [47, 52, 54, 56, 58, 60, 51, 53, 55, 57, 59, 48]
59: [47, 54, 56, 58, 60, 53, 55, 57, 59, 48]
60: [56, 58, 60, 47, 55, 57, 59, 48]
61: [58, 60, 47, 57, 59, 48]
62: [60, 47, 59, 48]
63: [47, 48]
17
0: [50, 49]
1: [50, 61, 49, 62]
2: [61, 62]
3: [61, 62]
4: [61, 62]
5: [61, 62]
6: [61, 62]
7: [61, 62]
8: [75, 50, 49, 76]
9: [38, 19, 22, 24, 26, 28, 37, 21, 23, 25, 27, 20]
10: [38, 19, 22, 24, 26, 28, 37, 21, 23, 25, 27, 20]
11: [19, 22, 24, 26, 28, 21, 23, 25, 27, 20]
12: [19, 22, 24, 26, 28, 21, 23, 25, 27, 20]
13: [19, 22, 24, 26, 28, 21, 23, 25, 27, 20]
14: [19, 21, 22, 24, 26, 28, 23, 25, 27, 20]
15: [76, 75, 61, 62]
16: [75, 78, 50, 49, 76, 77]
17: []
18: [21, 30, 38, 37, 22, 29]
19: [21, 30, 22, 29]
20: [21, 30, 22, 29]
21: [21, 30, 22, 29]
22: [21, 30, 19, 22, 23, 24, 26, 28, 25, 27, 20, 29]
23: [76, 77, 75, 61, 78, 62]
24: [78, 50, 49, 77]
25: [37, 20, 23, 25, 27, 29, 38, 24, 26, 28, 30, 19]
26: [23, 38, 37, 24]
27: [23, 24]
28: [23, 24]
29: [23, 24]
30: [30, 23, 19, 24, 25, 26, 28, 27, 20, 29]
31: [77, 78, 61, 62]
32: [50, 49]
33: [37, 20, 25, 27, 29, 38, 26, 28, 30, 19]
34: [25, 38, 37, 26]
35: [25, 26]
36: [25, 26]
37: [25, 26]
38: [25, 30, 27, 26, 19, 28, 20, 29]
39: [61, 62]
40: [49, 50]
41: [37, 27, 20, 29, 38, 28, 30, 19]
42: [27, 37, 38, 28]
43: [27, 28]
44: [27, 28]
45: [27, 28]
46: [27, 30, 29, 19, 20, 28]
47: [61, 62]
48: [49, 50]
49: [37, 20, 29, 38, 30, 19]
50: [37, 20, 29, 38, 30, 19]
51: [20, 29, 30, 19]
52: [20, 29, 30, 19]
53: [20, 29, 30, 19]
54: [20, 29, 30, 19]
55: [62, 61]
56: [49, 50]
57: [49, 62, 50, 61]
58: [62, 61]
59: [62, 61]
60: [62, 61]
61: [62, 61]
62: [62, 61]
63: [62, 61]
18
0: [52, 51]
1: [52, 51]
2: [52, 63, 51, 64]
3: [63, 64]
4: [63, 64]
5: [63, 64]
6: [63, 64]
7: [63, 64]
8: [75, 52, 51, 76]
9: [37, 22, 21, 38]
10: [40, 37, 22, 21, 38, 39]
11: [40, 22, 21, 39]
12: [22, 21]
13: [21, 22]
14: [21, 22]
15: [76, 63, 75, 64]
16: [75, 78, 52, 51, 76, 77]
17: [29, 22, 37, 38, 21, 30]
18: []
19: [13, 4, 5, 7, 6, 14, 8, 3]
20: [4, 13, 7, 14, 8, 3]
21: [4, 13, 14, 3]
22: [21, 30, 22, 29]
23: [76, 77, 63, 75, 78, 64]
24: [78, 52, 51, 77]
25: [29, 37, 38, 30]
26: [8, 3, 6, 14, 13, 5, 7, 4]
27: [5, 14, 13, 6]
28: [14, 7, 13, 8]
29: [4, 13, 14, 3]
30: [30, 29]
31: [77, 78, 63, 64]
32: [52, 51]
33: [29, 37, 38, 30]
34: [8, 3, 6, 5, 7, 4]
35: [5, 6]
36: [7, 8]
37: [4, 3]
38: [30, 29]
39: [63, 64]
40: [51, 52]
41: [29, 37, 38, 30]
42: [8, 3, 6, 5, 7, 4]
43: [8, 3, 5, 6, 7, 4]
44: [8, 3, 7, 4]
45: [3, 4]
46: [30, 29]
47: [64, 63]
48: [51, 52]
49: [29, 38, 37, 30]
50: [38, 39, 29, 40, 37, 30]
51: [39, 40, 29, 30]
52: [29, 30]
53: [29, 30]
54: [30, 29]
55: [64, 63]
56: [51, 52]
57: [51, 52]
58: [64, 51, 52, 63]
59: [64, 63]
60: [64, 63]
61: [64, 63]
62: [64, 63]
63: [64, 63]
19
0: [54, 53]
1: [54, 53]
2: [54, 53]
3: [65, 54, 53, 66]
4: [65, 66]
5: [65, 66]
6: [65, 66]
7: [65, 66]
8: [75, 54, 76, 53]
9: [22, 21]
10: [39, 22, 21, 40]
11: [42, 39, 22, 21, 40, 41]
12: [42, 21, 22, 41]
13: [21, 22]
14: [21, 22]
15: [76, 65, 75, 66]
16: [75, 78, 54, 77, 76, 53]
17: [29, 22, 21, 30]
18: [8, 3, 6, 14, 13, 5, 7, 4]
19: []
20: [9, 4, 13, 7, 14, 8, 10, 3]
21: [9, 4, 13, 14, 10, 3]
22: [21, 30, 22, 29]
23: [76, 77, 65, 75, 78, 66]
24: [78, 54, 77, 53]
25: [29, 30]
26: [8, 3, 6, 14, 13, 5, 7, 4]
27: [10, 5, 14, 13, 6, 9]
28: [7, 13, 14, 8]
29: [9, 4, 13, 14, 10, 3]
30: [30, 29]
31: [77, 65, 78, 66]
32: [54, 53]
33: [29, 30]
34: [8, 3, 6, 5, 7, 4]
35: [10, 5, 6, 9]
36: [7, 8]
37: [9, 4, 10, 3]
38: [30, 29]
39: [65, 66]
40: [53, 54]
41: [29, 30]
42: [8, 3, 5, 6, 7, 4]
43: [10, 5, 8, 3, 6, 7, 9, 4]
44: [10, 7, 8, 9, 3, 4]
45: [9, 10, 4, 3]
46: [30, 29]
47: [65, 66]
48: [53, 54]
49: [29, 30]
50: [40, 29, 39, 30]
51: [40, 41, 42, 29, 39, 30]
52: [41, 42, 29, 30]
53: [30, 29]
54: [30, 29]
55: [66, 65]
56: [53, 54]
57: [53, 54]
58: [53, 54]
59: [66, 53, 54, 65]
60: [66, 65]
61: [66, 65]
62: [66, 65]
63: [66, 65]
20
0: [56, 55]
1: [56, 55]
2: [56, 55]
3: [56, 55]
4: [56, 67, 68, 55]
5: [67, 68]
6: [67, 68]
7: [67, 68]
8: [75, 56, 76, 55]
9: [22, 21]
10: [22, 21]
11: [41, 21, 22, 42]
12: [41, 44, 21, 22, 42, 43]
13: [44, 21, 22, 43]
14: [21, 22]
15: [76, 67, 75, 68]
16: [75, 78, 56, 76, 77, 55]
17: [29, 22, 21, 30]
18: [8, 3, 14, 13, 7, 4]
19: [8, 10, 3, 14, 13, 9, 7, 4]
20: []
21: [9, 11, 4, 13, 12, 14, 10, 3]
22: [21, 30, 22, 29]
23: [76, 77, 67, 75, 68, 78]
24: [78, 56, 77, 55]
25: [29, 30]
26: [8, 3, 14, 13, 7, 4]
27: [10, 13, 14, 9]
28: [12, 7, 13, 14, 11, 8]
29: [9, 11, 4, 13, 12, 14, 10, 3]
30: [30, 29]
31: [77, 67, 68, 78]
32: [56, 55]
33: [29, 30]
34: [8, 3, 7, 4]
35: [10, 9]
36: [12, 7, 11, 8]
37: [9, 11, 4, 12, 10, 3]
38: [30, 29]
39: [67, 68]
40: [56, 55]
41: [29, 30]
42: [8, 3, 7, 4]
43: [10, 7, 8, 9, 3, 4]
44: [12, 7, 9, 10, 11, 4, 8, 3]
45: [9, 11, 4, 12, 10, 3]
46: [30, 29]
47: [67, 68]
48: [55, 56]
49: [29, 30]
50: [29, 30]
51: [42, 41, 29, 30]
52: [42, 43, 41, 44, 30, 29]
53: [43, 44, 30, 29]
54: [30, 29]
55: [68, 67]
56: [55, 56]
57: [55, 56]
58: [55, 56]
59: [55, 56]
60: [68, 55, 67, 56]
61: [68, 67]
62: [68, 67]
63: [68, 67]
21
0: [58, 57]
1: [58, 57]
2: [58, 57]
3: [58, 57]
4: [58, 57]
5: [58, 69, 70, 57]
6: [69, 70]
7: [69, 70]
8: [75, 58, 76, 57]
9: [22, 21]
10: [21, 22]
11: [21, 22]
12: [43, 21, 22, 44]
13: [43, 46, 21, 22, 44, 45]
14: [21, 46, 45, 22]
15: [76, 69, 75, 70]
16: [75, 78, 58, 76, 77, 57]
17: [29, 22, 21, 30]
18: [3, 14, 13, 4]
19: [10, 3, 14, 13, 9, 4]
20: [10, 3, 12, 14, 11, 13, 9, 4]
21: []
22: [21, 30, 46, 45, 22, 29]
23: [76, 77, 69, 70, 75, 78]
24: [78, 58, 77, 57]
25: [29, 30]
26: [3, 13, 14, 4]
27: [10, 13, 14, 9]
28: [12, 13, 11, 14]
29: [9, 11, 4, 13, 12, 14, 10, 3]
30: [30, 46, 45, 29]
31: [77, 69, 70, 78]
32: [58, 57]
33: [29, 30]
34: [3, 4]
35: [10, 9]
36: [12, 11]
37: [9, 11, 4, 12, 10, 3]
38: [30, 46, 45, 29]
39: [69, 70]
40: [57, 58]
41: [29, 30]
42: [3, 4]
43: [9, 10, 4, 3]
44: [9, 11, 4, 12, 10, 3]
45: [9, 11, 4, 12, 10, 3]
46: [30, 45, 46, 29]
47: [69, 70]
48: [57, 58]
49: [29, 30]
50: [29, 30]
51: [30, 29]
52: [44, 43, 30, 29]
53: [44, 45, 30, 43, 46, 29]
54: [45, 30, 46, 29]
55: [70, 69]
56: [57, 58]
57: [57, 58]
58: [57, 58]
59: [57, 58]
60: [57, 58]
61: [57, 70, 69, 58]
62: [70, 69]
63: [70, 69]
22
0: [60, 59]
1: [60, 59]
2: [60, 59]
3: [60, 59]
4: [60, 59]
5: [60, 59]
6: [60, 71, 72, 59]
7: [71, 72]
8: [75, 60, 76, 59]
9: [20, 21, 22, 23, 25, 27, 24, 26, 28, 19]
10: [20, 21, 23, 25, 27, 22, 24, 26, 28, 19]
11: [20, 21, 23, 25, 27, 22, 24, 26, 28, 19]
12: [20, 21, 23, 25, 27, 22, 24, 26, 28, 19]
13: [45, 20, 21, 23, 25, 27, 46, 22, 24, 26, 28, 19]
14: [45, 20, 21, 23, 25, 27, 46, 22, 24, 26, 28, 19]
15: [76, 71, 72, 75]
16: [75, 78, 60, 77, 76, 59]
17: [29, 22, 20, 21, 23, 24, 25, 27, 26, 28, 19, 30]
18: [29, 22, 21, 30]
19: [29, 22, 21, 30]
20: [29, 22, 21, 30]
21: [29, 22, 45, 46, 21, 30]
22: []
23: [76, 77, 71, 72, 75, 78]
24: [78, 77, 60, 59]
25: [24, 29, 20, 23, 25, 26, 27, 28, 19, 30]
26: [24, 23]
27: [24, 23]
28: [24, 23]
29: [24, 45, 46, 23]
30: [46, 19, 24, 26, 28, 30, 45, 23, 25, 27, 29, 20]
31: [77, 71, 72, 78]
32: [60, 59]
33: [26, 29, 25, 27, 20, 28, 19, 30]
34: [26, 25]
35: [26, 25]
36: [26, 25]
37: [26, 45, 46, 25]
38: [46, 19, 26, 28, 30, 45, 25, 27, 29, 20]
39: [71, 72]
40: [59, 60]
41: [28, 29, 27, 19, 20, 30]
42: [28, 27]
43: [28, 27]
44: [28, 27]
45: [28, 45, 46, 27]
46: [46, 19, 28, 30, 45, 27, 29, 20]
47: [72, 71]
48: [59, 60]
49: [19, 29, 30, 20]
50: [19, 30, 29, 20]
51: [19, 30, 29, 20]
52: [19, 30, 29, 20]
53: [46, 19, 30, 45, 29, 20]
54: [46, 19, 30, 45, 29, 20]
55: [72, 71]
56: [59, 60]
57: [59, 60]
58: [59, 60]
59: [59, 60]
60: [59, 60]
61: [59, 60]
62: [72, 59, 71, 60]
63: [72, 71]
23
0: [47, 48]
1: [62, 47, 61, 48]
2: [64, 62, 47, 63, 61, 48]
3: [64, 66, 62, 47, 65, 63, 61, 48]
4: [64, 66, 68, 47, 62, 67, 65, 63, 61, 48]
5: [64, 66, 68, 70, 47, 62, 69, 67, 65, 63, 61, 48]
6: [64, 66, 68, 70, 72, 47, 62, 71, 69, 67, 65, 63, 61, 48]
7: [64, 66, 68, 70, 72, 47, 62, 71, 69, 67, 65, 63, 61, 48]
8: [75, 76, 47, 48]
9: [76, 75, 62, 61]
10: [76, 64, 75, 63]
11: [76, 66, 75, 65]
12: [76, 68, 75, 67]
13: [76, 70, 75, 69]
14: [76, 72, 71, 75]
15: [64, 66, 68, 70, 72, 76, 47, 62, 75, 71, 69, 67, 65, 63, 61, 48]
16: [75, 78, 76, 77, 47, 48]
17: [75, 78, 76, 77, 62, 61]
18: [75, 78, 64, 76, 77, 63]
19: [75, 78, 66, 76, 77, 65]
20: [75, 78, 68, 67, 76, 77]
21: [75, 78, 70, 69, 76, 77]
22: [75, 78, 72, 71, 76, 77]
23: []
24: [77, 78, 47, 48]
25: [77, 78, 62, 61]
26: [77, 64, 78, 63]
27: [77, 66, 78, 65]
28: [77, 68, 67, 78]
29: [77, 70, 69, 78]
30: [77, 72, 71, 78]
31: [65, 67, 69, 71, 77, 48, 61, 63, 72, 78, 70, 68, 66, 64, 62, 47]
32: [47, 48]
33: [62, 61]
34: [64, 63]
35: [66, 65]
36: [68, 67]
37: [70, 69]
38: [72, 71]
39: [65, 67, 69, 71, 48, 61, 63, 72, 70, 68, 66, 64, 62, 47]
40: [48, 47]
41: [61, 62]
42: [64, 63]
43: [65, 66]
44: [67, 68]
45: [69, 70]
46: [72, 71]
47: [65, 67, 69, 71, 48, 61, 63, 72, 70, 68, 66, 64, 62, 47]
48: [48, 47]
49: [61, 62]
50: [63, 64]
51: [65, 66]
52: [67, 68]
53: [69, 70]
54: [71, 72]
55: [65, 67, 69, 71, 48, 61, 63, 72, 70, 68, 66, 64, 62, 47]
56: [48, 47]
57: [48, 61, 62, 47]
58: [48, 61, 63, 64, 62, 47]
59: [48, 65, 61, 63, 66, 64, 62, 47]
60: [65, 67, 48, 61, 63, 68, 66, 64, 62, 47]
61: [65, 67, 69, 48, 61, 63, 70, 68, 66, 64, 62, 47]
62: [65, 67, 69, 71, 48, 61, 63, 72, 70, 68, 66, 64, 62, 47]
63: [65, 67, 69, 71, 48, 61, 63, 72, 70, 68, 66, 64, 62, 47]
24
0: [48, 49, 51, 53, 55, 57, 59, 50, 52, 54, 56, 58, 60, 47]
1: [48, 49, 51, 53, 55, 57, 59, 50, 52, 54, 56, 58, 60, 47]
2: [48, 51, 53, 55, 57, 59, 52, 54, 56, 58, 60, 47]
3: [48, 53, 55, 57, 59, 54, 56, 58, 60, 47]
4: [48, 57, 59, 55, 56, 58, 60, 47]
5: [48, 57, 59, 58, 60, 47]
6: [48, 59, 60, 47]
7: [48, 47]
8: [48, 49, 51, 53, 55, 57, 59, 50, 52, 54, 56, 58, 60, 47]
9: [49, 50]
10: [51, 52]
11: [53, 54]
12: [55, 56]
13: [57, 58]
14: [59, 60]
15: [48, 47]
16: [77, 48, 49, 51, 53, 55, 57, 59, 50, 78, 52, 54, 56, 58, 60, 47]
17: [77, 49, 50, 78]
18: [77, 51, 52, 78]
19: [77, 53, 78, 54]
20: [77, 55, 78, 56]
21: [77, 57, 78, 58]
22: [77, 78, 59, 60]
23: [77, 78, 48, 47]
24: []
25: [78, 79, 49, 50, 80, 77]
26: [78, 79, 51, 52, 80, 77]
27: [78, 79, 53, 54, 80, 77]
28: [78, 79, 55, 56, 80, 77]
29: [78, 79, 80, 57, 77, 58]
30: [78, 79, 80, 77, 59, 60]
31: [78, 79, 80, 77, 48, 47]
32: [47, 80, 50, 52, 54, 56, 58, 60, 49, 79, 51, 53, 55, 57, 59, 48]
33: [80, 49, 50, 79]
34: [80, 51, 52, 79]
35: [80, 53, 54, 79]
36: [80, 56, 79, 55]
37: [80, 79, 57, 58]
38: [80, 79, 59, 60]
39: [80, 79, 48, 47]
40: [47, 50, 52, 54, 56, 58, 60, 49, 51, 53, 55, 57, 59, 48]
41: [50, 49]
42: [52, 51]
43: [54, 53]
44: [56, 55]
45: [58, 57]
46: [60, 59]
47: [47, 48]
48: [47, 50, 52, 54, 56, 58, 60, 49, 51, 53, 55, 57, 59, 48]
49: [50, 49]
50: [52, 51]
51: [54, 53]
52: [56, 55]
53: [58, 57]
54: [60, 59]
55: [47, 48]
56: [47, 50, 52, 54, 56, 58, 60, 49, 51, 53, 55, 57, 59, 48]
57: [47, 50, 52, 54, 56, 58, 60, 49, 51, 53, 55, 57, 59, 48]
58: [47, 52, 54, 56, 58, 60, 51, 53, 55, 57, 59, 48]
59: [47, 54, 56, 58, 60, 53, 55, 57, 59, 48]
60: [56, 58, 60, 47, 55, 57, 59, 48]
61: [58, 60, 47, 57, 59, 48]
62: [60, 47, 59, 48]
63: [47, 48]
25
0: [50, 49]
1: [50, 61, 49, 62]
2: [61, 62]
3: [61, 62]
4: [61, 62]
5: [61, 62]
6: [61, 62]
7: [61, 62]
8: [50, 49]
9: [38, 19, 24, 26, 28, 37, 23, 25, 27, 20]
10: [38, 19, 24, 26, 28, 37, 23, 25, 27, 20]
11: [24, 26, 19, 28, 23, 25, 27, 20]
12: [24, 26, 19, 28, 23, 25, 27, 20]
13: [24, 26, 19, 28, 23, 25, 27, 20]
14: [19, 23, 24, 26, 28, 25, 27, 20]
15: [61, 62]
16: [77, 50, 49, 78]
17: [38, 19, 24, 26, 28, 30, 37, 23, 25, 27, 29, 20]
18: [30, 38, 37, 29]
19: [30, 29]
20: [30, 29]
21: [30, 29]
22: [30, 23, 19, 24, 25, 26, 28, 27, 20, 29]
23: [78, 77, 61, 62]
24: [80, 77, 50, 49, 78, 79]
25: []
26: [32, 23, 38, 37, 24, 31]
27: [32, 23, 24, 31]
28: [32, 23, 24, 31]
29: [32, 23, 24, 31]
30: [32, 23, 25, 30, 19, 24, 26, 27, 28, 20, 29, 31]
31: [78, 79, 80, 77, 61, 62]
32: [80, 49, 50, 79]
33: [37, 20, 25, 27, 29, 31, 38, 32, 26, 28, 30, 19]
34: [25, 37, 38, 26]
35: [25, 26]
36: [25, 26]
37: [25, 26]
38: [32, 25, 27, 30, 19, 20, 26, 28, 29, 31]
39: [79, 80, 61, 62]
40: [49, 50]
41: [37, 20, 27, 29, 31, 38, 32, 28, 30, 19]
42: [27, 37, 38, 28]
43: [27, 28]
44: [27, 28]
45: [27, 28]
46: [32, 27, 20, 29, 30, 31, 19, 28]
47: [62, 61]
48: [49, 50]
49: [37, 20, 29, 31, 38, 32, 30, 19]
50: [37, 20, 29, 31, 38, 32, 30, 19]
51: [20, 29, 31, 32, 30, 19]
52: [20, 29, 31, 32, 30, 19]
53: [20, 29, 31, 32, 30, 19]
54: [32, 20, 29, 31, 30, 19]
55: [62, 61]
56: [49, 50]
57: [49, 62, 50, 61]
58: [62, 61]
59: [62, 61]
60: [62, 61]
61: [62, 61]
62: [62, 61]
63: [62, 61]
26
0: [52, 51]
1: [52, 51]
2: [52, 63, 51, 64]
3: [63, 64]
4: [63, 64]
5: [63, 64]
6: [63, 64]
7: [63, 64]
8: [52, 51]
9: [24, 37, 38, 23]
10: [40, 37, 24, 39, 38, 23]
11: [40, 24, 39, 23]
12: [24, 23]
13: [24, 23]
14: [23, 24]
15: [63, 64]
16: [77, 52, 51, 78]
17: [24, 37, 38, 23]
18: [13, 4, 5, 7, 6, 14, 8, 3]
19: [13, 4, 5, 7, 6, 14, 8, 3]
20: [4, 13, 7, 14, 8, 3]
21: [4, 13, 14, 3]
22: [23, 24]
23: [78, 77, 63, 64]
24: [80, 77, 52, 51, 78, 79]
25: [24, 31, 37, 38, 23, 32]
26: []
27: [14, 15, 5, 6, 16, 13]
28: [14, 15, 7, 8, 16, 13]
29: [14, 15, 16, 4, 13, 3]
30: [32, 23, 24, 31]
31: [78, 79, 80, 77, 63, 64]
32: [80, 51, 52, 79]
33: [31, 37, 38, 32]
34: [8, 16, 3, 6, 5, 15, 7, 4]
35: [16, 5, 6, 15]
36: [16, 8, 15, 7]
37: [16, 15, 3, 4]
38: [32, 31]
39: [79, 80, 64, 63]
40: [51, 52]
41: [31, 38, 37, 32]
42: [8, 3, 6, 5, 7, 4]
43: [8, 3, 6, 5, 7, 4]
44: [8, 3, 7, 4]
45: [3, 4]
46: [32, 31]
47: [64, 63]
48: [51, 52]
49: [38, 31, 37, 32]
50: [38, 39, 31, 40, 37, 32]
51: [39, 31, 40, 32]
52: [31, 32]
53: [32, 31]
54: [32, 31]
55: [64, 63]
56: [51, 52]
57: [51, 52]
58: [64, 51, 52, 63]
59: [64, 63]
60: [64, 63]
61: [64, 63]
62: [64, 63]
63: [64, 63]
27
0: [54, 53]
1: [54, 53]
2: [54, 53]
3: [65, 54, 53, 66]
4: [65, 66]
5: [65, 66]
6: [65, 66]
7: [65, 66]
8: [54, 53]
9: [24, 23]
10: [39, 24, 40, 23]
11: [42, 39, 24, 23, 40, 41]
12: [42, 24, 23, 41]
13: [23, 24]
14: [23, 24]
15: [65, 66]
16: [77, 54, 53, 78]
17: [24, 23]
18: [13, 6, 5, 14]
19: [9, 6, 13, 14, 5, 10]
20: [9, 13, 14, 10]
21: [9, 14, 13, 10]
22: [23, 24]
23: [78, 65, 77, 66]
24: [80, 77, 54, 53, 78, 79]
25: [24, 31, 23, 32]
26: [16, 13, 6, 5, 14, 15]
27: []
28: [1, 2]
29: [14, 15, 9, 16, 10, 13]
30: [32, 23, 24, 31]
31: [78, 79, 65, 80, 66, 77]
32: [80, 53, 54, 79]
33: [31, 32]
34: [16, 5, 6, 15]
35: [2, 1]
36: [1, 2]
37: [15, 16, 9, 10]
38: [32, 31]
39: [79, 80, 65, 66]
40: [53, 54]
41: [31, 32]
42: [5, 6]
43: [10, 5, 6, 9]
44: [10, 9]
45: [10, 9]
46: [32, 31]
47: [66, 65]
48: [53, 54]
49: [31, 32]
50: [40, 31, 39, 32]
51: [40, 41, 31, 32, 42, 39]
52: [41, 32, 42, 31]
53: [32, 31]
54: [32, 31]
55: [66, 65]
56: [53, 54]
57: [53, 54]
58: [53, 54]
59: [66, 53, 54, 65]
60: [66, 65]
61: [66, 65]
62: [66, 65]
63: [66, 65]
28
0: [56, 55]
1: [56, 55]
2: [56, 55]
3: [56, 55]
4: [56, 67, 68, 55]
5: [67, 68]
6: [67, 68]
7: [67, 68]
8: [56, 55]
9: [24, 23]
10: [24, 23]
11: [41, 24, 23, 42]
12: [41, 44, 23, 24, 42, 43]
13: [44, 23, 24, 43]
14: [23, 24]
15: [67, 68]
16: [77, 56, 78, 55]
17: [24, 23]
18: [8, 13, 14, 7]
19: [8, 13, 14, 7]
20: [8, 11, 14, 13, 12, 7]
21: [11, 14, 12, 13]
22: [23, 24]
23: [78, 67, 68, 77]
24: [80, 77, 56, 79, 78, 55]
25: [24, 31, 23, 32]
26: [16, 13, 8, 15, 14, 7]
27: [2, 1]
28: []
29: [14, 15, 11, 12, 16, 13]
30: [32, 23, 24, 31]
31: [78, 79, 67, 68, 80, 77]
32: [80, 56, 79, 55]
33: [31, 32]
34: [16, 8, 15, 7]
35: [1, 2]
36: [1, 2]
37: [15, 11, 12, 16]
38: [32, 31]
39: [79, 67, 68, 80]
40: [55, 56]
41: [31, 32]
42: [7, 8]
43: [7, 8]
44: [12, 7, 11, 8]
45: [12, 11]
46: [32, 31]
47: [68, 67]
48: [55, 56]
49: [31, 32]
50: [31, 32]
51: [42, 32, 41, 31]
52: [42, 43, 32, 41, 44, 31]
53: [43, 32, 44, 31]
54: [32, 31]
55: [68, 67]
56: [55, 56]
57: [55, 56]
58: [55, 56]
59: [55, 56]
60: [68, 55, 67, 56]
61: [68, 67]
62: [68, 67]
63: [68, 67]
29
0: [58, 57]
1: [58, 57]
2: [58, 57]
3: [58, 57]
4: [58, 57]
5: [58, 69, 70, 57]
6: [69, 70]
7: [69, 70]
8: [58, 57]
9: [24, 23]
10: [24, 23]
11: [23, 24]
12: [43, 23, 24, 44]
13: [43, 46, 23, 24, 44, 45]
14: [46, 23, 45, 24]
15: [69, 70]
16: [77, 58, 78, 57]
17: [24, 23]
18: [3, 13, 14, 4]
19: [10, 3, 14, 13, 9, 4]
20: [10, 3, 12, 14, 11, 13, 9, 4]
21: [10, 3, 12, 14, 11, 13, 9, 4]
22: [23, 46, 45, 24]
23: [78, 69, 70, 77]
24: [80, 77, 58, 78, 79, 57]
25: [24, 31, 23, 32]
26: [16, 13, 3, 14, 15, 4]
27: [16, 13, 10, 9, 14, 15]
28: [16, 13, 12, 11, 14, 15]
29: []
30: [32, 23, 46, 45, 24, 31]
31: [78, 79, 69, 70, 80, 77]
32: [80, 79, 57, 58]
33: [31, 32]
34: [16, 15, 3, 4]
35: [15, 16, 9, 10]
36: [15, 11, 12, 16]
37: [9, 11, 4, 15, 16, 12, 10, 3]
38: [32, 45, 46, 31]
39: [79, 69, 70, 80]
40: [57, 58]
41: [31, 32]
42: [4, 3]
43: [9, 4, 10, 3]
44: [9, 11, 4, 12, 10, 3]
45: [9, 11, 4, 12, 10, 3]
46: [32, 45, 46, 31]
47: [70, 69]
48: [57, 58]
49: [31, 32]
50: [32, 31]
51: [32, 31]
52: [44, 32, 43, 31]
53: [44, 45, 32, 43, 46, 31]
54: [32, 45, 46, 31]
55: [70, 69]
56: [57, 58]
57: [57, 58]
58: [57, 58]
59: [57, 58]
60: [57, 58]
61: [57, 70, 69, 58]
62: [70, 69]
63: [70, 69]
30
0: [60, 59]
1: [60, 59]
2: [60, 59]
3: [60, 59]
4: [60, 59]
5: [60, 59]
6: [60, 71, 72, 59]
7: [71, 72]
8: [60, 59]
9: [20, 23, 24, 25, 27, 26, 28, 19]
10: [25, 27, 20, 23, 24, 26, 28, 19]
11: [25, 27, 20, 23, 24, 26, 28, 19]
12: [25, 27, 20, 23, 24, 26, 28, 19]
13: [45, 20, 23, 25, 27, 46, 24, 26, 28, 19]
14: [45, 20, 23, 25, 27, 46, 24, 26, 28, 19]
15: [71, 72]
16: [77, 78, 60, 59]
17: [24, 29, 20, 23, 25, 26, 27, 28, 19, 30]
18: [29, 30]
19: [29, 30]
20: [29, 30]
21: [29, 45, 46, 30]
22: [45, 20, 23, 25, 27, 29, 46, 24, 26, 28, 30, 19]
23: [78, 71, 72, 77]
24: [80, 77, 78, 79, 60, 59]
25: [24, 31, 26, 29, 20, 23, 25, 27, 28, 32, 19, 30]
26: [24, 31, 23, 32]
27: [24, 31, 23, 32]
28: [24, 31, 23, 32]
29: [24, 31, 45, 46, 23, 32]
30: []
31: [78, 79, 71, 72, 80, 77]
32: [80, 79, 59, 60]
33: [26, 31, 28, 29, 32, 19, 20, 25, 27, 30]
34: [26, 25]
35: [26, 25]
36: [26, 25]
37: [26, 45, 46, 25]
38: [32, 46, 19, 26, 28, 30, 45, 25, 31, 27, 29, 20]
39: [79, 72, 71, 80]
40: [59, 60]
41: [28, 31, 32, 19, 29, 30, 27, 20]
42: [28, 27]
43: [28, 27]
44: [28, 27]
45: [28, 46, 45, 27]
46: [32, 46, 19, 28, 30, 45, 31, 27, 29, 20]
47: [72, 71]
48: [59, 60]
49: [32, 19, 30, 31, 29, 20]
50: [32, 19, 30, 31, 29, 20]
51: [32, 19, 30, 31, 29, 20]
52: [32, 19, 30, 31, 29, 20]
53: [32, 46, 19, 30, 45, 31, 29, 20]
54: [32, 46, 19, 30, 45, 31, 29, 20]
55: [72, 71]
56: [59, 60]
57: [59, 60]
58: [59, 60]
59: [59, 60]
60: [59, 60]
61: [59, 60]
62: [72, 59, 71, 60]
63: [72, 71]
31
0: [47, 48]
1: [62, 47, 61, 48]
2: [64, 62, 47, 63, 61, 48]
3: [64, 66, 62, 47, 65, 63, 61, 48]
4: [64, 66, 68, 47, 62, 67, 65, 63, 61, 48]
5: [64, 66, 68, 70, 47, 62, 69, 67, 65, 63, 61, 48]
6: [64, 66, 68, 70, 72, 47, 62, 71, 69, 67, 65, 63, 61, 48]
7: [64, 66, 68, 70, 72, 47, 62, 71, 69, 67, 65, 63, 61, 48]
8: [47, 48]
9: [62, 61]
10: [64, 63]
11: [66, 65]
12: [68, 67]
13: [70, 69]
14: [72, 71]
15: [64, 66, 68, 70, 72, 47, 62, 71, 69, 67, 65, 63, 61, 48]
16: [77, 78, 47, 48]
17: [78, 77, 62, 61]
18: [78, 64, 77, 63]
19: [78, 66, 77, 65]
20: [78, 68, 67, 77]
21: [78, 70, 69, 77]
22: [78, 72, 71, 77]
23: [64, 66, 68, 70, 72, 78, 47, 62, 77, 71, 69, 67, 65, 63, 61, 48]
24: [80, 77, 78, 79, 47, 48]
25: [80, 77, 78, 79, 62, 61]
26: [80, 77, 64, 78, 79, 63]
27: [80, 77, 66, 65, 78, 79]
28: [80, 77, 68, 67, 78, 79]
29: [80, 77, 70, 69, 78, 79]
30: [80, 77, 72, 71, 78, 79]
31: []
32: [80, 79, 48, 47]
33: [79, 80, 61, 62]
34: [79, 80, 64, 63]
35: [79, 80, 65, 66]
36: [79, 67, 68, 80]
37: [79, 69, 70, 80]
38: [79, 72, 71, 80]
39: [65, 67, 69, 71, 79, 48, 61, 63, 72, 80, 70, 68, 66, 64, 62, 47]
40: [48, 47]
41: [61, 62]
42: [63, 64]
43: [65, 66]
44: [67, 68]
45: [69, 70]
46: [71, 72]
47: [65, 67, 69, 71, 48, 61, 63, 72, 70, 68, 66, 64, 62, 47]
48: [48, 47]
49: [61, 62]
50: [63, 64]
51: [65, 66]
52: [67, 68]
53: [69, 70]
54: [71, 72]
55: [65, 67, 69, 71, 48, 61, 63, 72, 70, 68, 66, 64, 62, 47]
56: [48, 47]
57: [48, 61, 62, 47]
58: [48, 61, 63, 64, 62, 47]
59: [48, 65, 61, 63, 66, 64, 62, 47]
60: [65, 67, 48, 61, 63, 68, 66, 64, 62, 47]
61: [65, 67, 69, 48, 61, 63, 70, 68, 66, 64, 62, 47]
62: [65, 67, 69, 71, 48, 61, 63, 72, 70, 68, 66, 64, 62, 47]
63: [65, 67, 69, 71, 48, 61, 63, 72, 70, 68, 66, 64, 62, 47]
32
0: [48, 49, 51, 53, 55, 57, 59, 50, 52, 54, 56, 58, 60, 47]
1: [48, 49, 51, 53, 55, 57, 59, 50, 52, 54, 56, 58, 60, 47]
2: [48, 51, 53, 55, 57, 59, 52, 54, 56, 58, 60, 47]
3: [48, 53, 55, 57, 59, 54, 56, 58, 60, 47]
4: [48, 57, 59, 55, 56, 58, 60, 47]
5: [48, 57, 59, 58, 60, 47]
6: [48, 59, 60, 47]
7: [48, 47]
8: [48, 49, 51, 53, 55, 57, 59, 50, 52, 54, 56, 58, 60, 47]
9: [49, 50]
10: [51, 52]
11: [53, 54]
12: [55, 56]
13: [57, 58]
14: [59, 60]
15: [48, 47]
16: [48, 49, 51, 53, 55, 57, 59, 50, 52, 54, 56, 58, 60, 47]
17: [49, 50]
18: [51, 52]
19: [53, 54]
20: [55, 56]
21: [57, 58]
22: [59, 60]
23: [48, 47]
24: [79, 48, 49, 51, 53, 55, 57, 59, 80, 50, 52, 54, 56, 58, 60, 47]
25: [79, 49, 50, 80]
26: [79, 51, 52, 80]
27: [79, 53, 54, 80]
28: [79, 56, 80, 55]
29: [79, 80, 57, 58]
30: [79, 80, 59, 60]
31: [80, 79, 48, 47]
32: []
33: [80, 81, 50, 49, 82, 79]
34: [80, 81, 52, 51, 82, 79]
35: [80, 81, 54, 53, 82, 79]
36: [80, 81, 56, 82, 79, 55]
37: [80, 81, 58, 82, 79, 57]
38: [80, 81, 82, 79, 60, 59]
39: [80, 81, 82, 79, 47, 48]
40: [47, 50, 82, 52, 54, 56, 58, 60, 81, 49, 51, 53, 55, 57, 59, 48]
41: [82, 50, 49, 81]
42: [82, 52, 51, 81]
43: [82, 54, 81, 53]
44: [82, 56, 81, 55]
45: [82, 81, 58, 57]
46: [82, 81, 60, 59]
47: [81, 82, 47, 48]
48: [47, 50, 52, 54, 56, 58, 60, 49, 51, 53, 55, 57, 59, 48]
49: [50, 49]
50: [52, 51]
51: [54, 53]
52: [56, 55]
53: [58, 57]
54: [60, 59]
55: [47, 48]
56: [47, 50, 52, 54, 56, 58, 60, 49, 51, 53, 55, 57, 59, 48]
57: [47, 50, 52, 54, 56, 58, 60, 49, 51, 53, 55, 57, 59, 48]
58: [47, 52, 54, 56, 58, 60, 51, 53, 55, 57, 59, 48]
59: [47, 54, 56, 58, 60, 53, 55, 57, 59, 48]
60: [56, 58, 60, 47, 55, 57, 59, 48]
61: [58, 60, 47, 57, 59, 48]
62: [60, 47, 59, 48]
63: [47, 48]
33
0: [50, 49]
1: [50, 61, 49, 62]
2: [61, 62]
3: [61, 62]
4: [61, 62]
5: [61, 62]
6: [61, 62]
7: [61, 62]
8: [50, 49]
9: [26, 19, 28, 38, 37, 25, 27, 20]
10: [26, 19, 28, 38, 37, 25, 27, 20]
11: [26, 19, 28, 25, 27, 20]
12: [26, 19, 28, 25, 27, 20]
13: [26, 19, 28, 25, 27, 20]
14: [25, 26, 19, 28, 27, 20]
15: [61, 62]
16: [50, 49]
17: [38, 19, 26, 28, 30, 37, 25, 27, 29, 20]
18: [30, 38, 37, 29]
19: [30, 29]
20: [30, 29]
21: [30, 29]
22: [25, 30, 27, 26, 19, 28, 20, 29]
23: [61, 62]
24: [79, 49, 50, 80]
25: [32, 38, 19, 26, 28, 30, 37, 25, 31, 27, 29, 20]
26: [32, 37, 38, 31]
27: [32, 31]
28: [32, 31]
29: [32, 31]
30: [32, 25, 27, 30, 19, 20, 26, 28, 29, 31]
31: [80, 79, 61, 62]
32: [82, 79, 49, 50, 80, 81]
33: []
34: [25, 34, 37, 38, 33, 26]
35: [25, 34, 33, 26]
36: [25, 34, 33, 26]
37: [25, 34, 33, 26]
38: [25, 34, 32, 27, 33, 20, 29, 30, 31, 26, 19, 28]
39: [80, 81, 82, 79, 62, 61]
40: [82, 49, 50, 81]
41: [33, 37, 20, 27, 29, 31, 38, 34, 32, 28, 30, 19]
42: [27, 37, 38, 28]
43: [27, 28]
44: [27, 28]
45: [27, 28]
46: [34, 27, 32, 33, 20, 29, 31, 30, 19, 28]
47: [81, 82, 62, 61]
48: [49, 50]
49: [33, 37, 20, 29, 31, 38, 34, 32, 30, 19]
50: [33, 37, 20, 29, 31, 38, 34, 32, 30, 19]
51: [33, 20, 29, 31, 34, 32, 30, 19]
52: [33, 20, 29, 31, 34, 32, 30, 19]
53: [33, 20, 29, 31, 34, 32, 30, 19]
54: [33, 34, 20, 29, 31, 32, 30, 19]
55: [62, 61]
56: [49, 50]
57: [49, 62, 50, 61]
58: [62, 61]
59: [62, 61]
60: [62, 61]
61: [62, 61]
62: [62, 61]
63: [62, 61]
34
0: [52, 51]
1: [52, 51]
2: [52, 63, 51, 64]
3: [63, 64]
4: [63, 64]
5: [63, 64]
6: [63, 64]
7: [63, 64]
8: [52, 51]
9: [26, 37, 38, 25]
10: [40, 37, 26, 38, 39, 25]
11: [40, 26, 39, 25]
12: [26, 25]
13: [25, 26]
14: [25, 26]
15: [63, 64]
16: [52, 51]
17: [26, 37, 38, 25]
18: [4, 5, 7, 6, 8, 3]
19: [4, 5, 7, 6, 8, 3]
20: [4, 7, 8, 3]
21: [4, 3]
22: [25, 26]
23: [63, 64]
24: [79, 51, 52, 80]
25: [26, 37, 38, 25]
26: [15, 4, 5, 7, 16, 6, 8, 3]
27: [15, 5, 6, 16]
28: [15, 8, 16, 7]
29: [16, 15, 3, 4]
30: [25, 26]
31: [80, 79, 64, 63]
32: [82, 79, 51, 52, 80, 81]
33: [33, 26, 38, 37, 34, 25]
34: []
35: [16, 17, 6, 5, 18, 15]
36: [16, 17, 8, 18, 15, 7]
37: [16, 17, 18, 3, 15, 4]
38: [25, 34, 33, 26]
39: [80, 81, 64, 82, 79, 63]
40: [82, 51, 52, 81]
41: [33, 38, 37, 34]
42: [8, 18, 3, 6, 17, 5, 7, 4]
43: [8, 18, 3, 6, 17, 5, 7, 4]
44: [8, 18, 3, 17, 7, 4]
45: [17, 18, 3, 4]
46: [34, 33]
47: [81, 64, 82, 63]
48: [51, 52]
49: [33, 38, 37, 34]
50: [38, 39, 33, 40, 34, 37]
51: [39, 33, 40, 34]
52: [33, 34]
53: [33, 34]
54: [34, 33]
55: [64, 63]
56: [51, 52]
57: [51, 52]
58: [64, 51, 52, 63]
59: [64, 63]
60: [64, 63]
61: [64, 63]
62: [64, 63]
63: [64, 63]
35
0: [54, 53]
1: [54, 53]
2: [54, 53]
3: [65, 54, 53, 66]
4: [65, 66]
5: [65, 66]
6: [65, 66]
7: [65, 66]
8: [54, 53]
9: [26, 25]
10: [39, 26, 40, 25]
11: [42, 39, 26, 40, 25, 41]
12: [42, 25, 26, 41]
13: [25, 26]
14: [25, 26]
15: [65, 66]
16: [54, 53]
17: [26, 25]
18: [6, 5]
19: [9, 6, 5, 10]
20: [9, 10]
21: [9, 10]
22: [25, 26]
23: [65, 66]
24: [79, 53, 54, 80]
25: [26, 25]
26: [15, 5, 6, 16]
27: [1, 2]
28: [1, 2]
29: [16, 9, 10, 15]
30: [25, 26]
31: [80, 65, 66, 79]
32: [82, 79, 53, 54, 80, 81]
33: [33, 26, 34, 25]
34: [18, 15, 5, 6, 16, 17]
35: []
36: [2, 1]
37: [16, 17, 10, 9, 18, 15]
38: [25, 34, 33, 26]
39: [80, 81, 66, 65, 82, 79]
40: [82, 53, 81, 54]
41: [33, 34]
42: [18, 5, 17, 6]
43: [10, 5, 18, 17, 6, 9]
44: [10, 17, 18, 9]
45: [17, 10, 18, 9]
46: [34, 33]
47: [81, 66, 82, 65]
48: [53, 54]
49: [33, 34]
50: [40, 33, 34, 39]
51: [40, 41, 33, 34, 42, 39]
52: [41, 33, 34, 42]
53: [34, 33]
54: [34, 33]
55: [66, 65]
56: [53, 54]
57: [53, 54]
58: [53, 54]
59: [66, 53, 54, 65]
60: [66, 65]
61: [66, 65]
62: [66, 65]
63: [66, 65]
36
0: [56, 55]
1: [56, 55]
2: [56, 55]
3: [56, 55]
4: [56, 67, 68, 55]
5: [67, 68]
6: [67, 68]
7: [67, 68]
8: [56, 55]
9: [26, 25]
10: [26, 25]
11: [41, 25, 26, 42]
12: [41, 44, 25, 26, 43, 42]
13: [44, 25, 43, 26]
14: [25, 26]
15: [67, 68]
16: [56, 55]
17: [26, 25]
18: [8, 7]
19: [8, 7]
20: [8, 11, 12, 7]
21: [11, 12]
22: [25, 26]
23: [67, 68]
24: [79, 56, 80, 55]
25: [26, 25]
26: [15, 8, 16, 7]
27: [1, 2]
28: [2, 1]
29: [16, 11, 12, 15]
30: [25, 26]
31: [80, 67, 68, 79]
32: [82, 79, 55, 56, 81, 80]
33: [33, 26, 34, 25]
34: [18, 15, 7, 8, 16, 17]
35: [1, 2]
36: []
37: [16, 17, 12, 11, 18, 15]
38: [25, 34, 33, 26]
39: [80, 81, 68, 67, 82, 79]
40: [82, 55, 81, 56]
41: [33, 34]
42: [18, 7, 17, 8]
43: [7, 17, 18, 8]
44: [12, 7, 17, 18, 11, 8]
45: [17, 12, 18, 11]
46: [34, 33]
47: [81, 68, 82, 67]
48: [55, 56]
49: [33, 34]
50: [33, 34]
51: [42, 33, 34, 41]
52: [42, 43, 34, 33, 41, 44]
53: [43, 34, 33, 44]
54: [34, 33]
55: [68, 67]
56: [55, 56]
57: [55, 56]
58: [55, 56]
59: [55, 56]
60: [68, 55, 67, 56]
61: [68, 67]
62: [68, 67]
63: [68, 67]
37
0: [58, 57]
1: [58, 57]
2: [58, 57]
3: [58, 57]
4: [58, 57]
5: [58, 69, 70, 57]
6: [69, 70]
7: [69, 70]
8: [58, 57]
9: [26, 25]
10: [25, 26]
11: [25, 26]
12: [43, 25, 44, 26]
13: [43, 46, 25, 44, 45, 26]
14: [25, 46, 45, 26]
15: [69, 70]
16: [58, 57]
17: [26, 25]
18: [3, 4]
19: [10, 3, 9, 4]
20: [10, 3, 12, 11, 9, 4]
21: [10, 3, 12, 11, 9, 4]
22: [25, 46, 45, 26]
23: [69, 70]
24: [79, 80, 57, 58]
25: [26, 25]
26: [16, 15, 3, 4]
27: [16, 9, 10, 15]
28: [16, 11, 12, 15]
29: [16, 10, 3, 12, 11, 15, 9, 4]
30: [25, 45, 46, 26]
31: [80, 69, 70, 79]
32: [82, 79, 80, 57, 81, 58]
33: [33, 26, 34, 25]
34: [18, 15, 16, 17, 4, 3]
35: [18, 15, 9, 16, 17, 10]
36: [18, 15, 11, 12, 16, 17]
37: []
38: [25, 34, 45, 46, 33, 26]
39: [80, 81, 70, 69, 82, 79]
40: [82, 81, 57, 58]
41: [33, 34]
42: [17, 18, 4, 3]
43: [9, 4, 17, 18, 10, 3]
44: [9, 11, 4, 17, 18, 12, 10, 3]
45: [9, 11, 4, 17, 18, 12, 10, 3]
46: [34, 45, 46, 33]
47: [81, 70, 69, 82]
48: [57, 58]
49: [33, 34]
50: [33, 34]
51: [34, 33]
52: [44, 34, 33, 43]
53: [44, 45, 34, 33, 43, 46]
54: [34, 45, 46, 33]
55: [70, 69]
56: [57, 58]
57: [57, 58]
58: [57, 58]
59: [57, 58]
60: [57, 58]
61: [57, 70, 69, 58]
62: [70, 69]
63: [70, 69]
38
0: [60, 59]
1: [60, 59]
2: [60, 59]
3: [60, 59]
4: [60, 59]
5: [60, 59]
6: [60, 71, 72, 59]
7: [71, 72]
8: [60, 59]
9: [25, 26, 27, 20, 28, 19]
10: [25, 27, 20, 26, 28, 19]
11: [25, 27, 20, 26, 28, 19]
12: [25, 27, 20, 26, 28, 19]
13: [25, 27, 20, 45, 46, 26, 28, 19]
14: [25, 27, 20, 45, 46, 26, 28, 19]
15: [71, 72]
16: [60, 59]
17: [26, 29, 25, 27, 20, 28, 19, 30]
18: [29, 30]
19: [29, 30]
20: [29, 30]
21: [29, 45, 46, 30]
22: [45, 20, 25, 27, 29, 46, 26, 28, 30, 19]
23: [71, 72]
24: [79, 80, 59, 60]
25: [26, 31, 28, 29, 32, 19, 20, 25, 27, 30]
26: [31, 32]
27: [31, 32]
28: [31, 32]
29: [31, 45, 46, 32]
30: [45, 20, 25, 27, 29, 31, 46, 32, 26, 28, 30, 19]
31: [80, 72, 71, 79]
32: [82, 79, 80, 81, 59, 60]
33: [33, 26, 28, 31, 32, 34, 19, 29, 30, 25, 27, 20]
34: [33, 26, 34, 25]
35: [33, 26, 34, 25]
36: [33, 26, 34, 25]
37: [33, 26, 46, 45, 34, 25]
38: []
39: [80, 81, 72, 71, 82, 79]
40: [82, 81, 59, 60]
41: [33, 28, 32, 34, 19, 30, 31, 29, 27, 20]
42: [28, 27]
43: [28, 27]
44: [28, 27]
45: [28, 46, 45, 27]
46: [32, 34, 46, 19, 28, 30, 45, 33, 31, 27, 29, 20]
47: [81, 72, 71, 82]
48: [59, 60]
49: [32, 33, 34, 19, 30, 31, 29, 20]
50: [32, 34, 19, 30, 33, 31, 29, 20]
51: [32, 34, 19, 30, 33, 31, 29, 20]
52: [32, 34, 19, 30, 33, 31, 29, 20]
53: [32, 34, 46, 19, 30, 45, 33, 31, 29, 20]
54: [32, 34, 46, 19, 30, 45, 33, 31, 29, 20]
55: [72, 71]
56: [59, 60]
57: [59, 60]
58: [59, 60]
59: [59, 60]
60: [59, 60]
61: [59, 60]
62: [72, 59, 71, 60]
63: [72, 71]
39
0: [47, 48]
1: [62, 47, 61, 48]
2: [64, 62, 47, 63, 61, 48]
3: [64, 66, 62, 47, 65, 63, 61, 48]
4: [64, 66, 68, 47, 62, 67, 65, 63, 61, 48]
5: [64, 66, 68, 70, 47, 62, 69, 67, 65, 63, 61, 48]
6: [64, 66, 68, 70, 72, 47, 62, 71, 69, 67, 65, 63, 61, 48]
7: [64, 66, 68, 70, 72, 47, 62, 71, 69, 67, 65, 63, 61, 48]
8: [47, 48]
9: [62, 61]
10: [64, 63]
11: [66, 65]
12: [68, 67]
13: [70, 69]
14: [72, 71]
15: [64, 66, 68, 70, 72, 47, 62, 71, 69, 67, 65, 63, 61, 48]
16: [47, 48]
17: [62, 61]
18: [64, 63]
19: [66, 65]
20: [68, 67]
21: [70, 69]
22: [72, 71]
23: [64, 66, 68, 70, 72, 47, 62, 71, 69, 67, 65, 63, 61, 48]
24: [80, 79, 48, 47]
25: [80, 79, 61, 62]
26: [80, 79, 64, 63]
27: [80, 65, 66, 79]
28: [80, 67, 68, 79]
29: [80, 69, 70, 79]
30: [80, 72, 71, 79]
31: [64, 66, 68, 70, 72, 47, 80, 62, 79, 71, 69, 67, 65, 63, 61, 48]
32: [82, 79, 80, 81, 48, 47]
33: [82, 79, 80, 81, 61, 62]
34: [82, 79, 80, 81, 63, 64]
35: [82, 79, 65, 80, 81, 66]
36: [82, 79, 67, 68, 80, 81]
37: [82, 79, 69, 70, 80, 81]
38: [82, 79, 71, 72, 80, 81]
39: []
40: [81, 82, 48, 47]
41: [81, 82, 61, 62]
42: [81, 82, 63, 64]
43: [81, 65, 82, 66]
44: [81, 67, 82, 68]
45: [81, 69, 70, 82]
46: [81, 71, 72, 82]
47: [65, 67, 69, 71, 48, 81, 61, 63, 72, 82, 70, 68, 66, 64, 62, 47]
48: [48, 47]
49: [61, 62]
50: [63, 64]
51: [65, 66]
52: [67, 68]
53: [69, 70]
54: [71, 72]
55: [65, 67, 69, 71, 48, 61, 63, 72, 70, 68, 66, 64, 62, 47]
56: [48, 47]
57: [48, 61, 62, 47]
58: [48, 61, 63, 64, 62, 47]
59: [48, 65, 61, 63, 66, 64, 62, 47]
60: [65, 67, 48, 61, 63, 68, 66, 64, 62, 47]
61: [65, 67, 69, 48, 61, 63, 70, 68, 66, 64, 62, 47]
62: [65, 67, 69, 71, 48, 61, 63, 72, 70, 68, 66, 64, 62, 47]
63: [65, 67, 69, 71, 48, 61, 63, 72, 70, 68, 66, 64, 62, 47]
40
0: [48, 49, 51, 53, 55, 57, 59, 50, 52, 54, 56, 58, 60, 47]
1: [48, 49, 51, 53, 55, 57, 59, 50, 52, 54, 56, 58, 60, 47]
2: [48, 51, 53, 55, 57, 59, 52, 54, 56, 58, 60, 47]
3: [48, 53, 55, 57, 59, 54, 56, 58, 60, 47]
4: [48, 57, 59, 55, 56, 58, 60, 47]
5: [48, 57, 59, 58, 60, 47]
6: [48, 59, 60, 47]
7: [48, 47]
8: [48, 49, 51, 53, 55, 57, 59, 50, 52, 54, 56, 58, 60, 47]
9: [49, 50]
10: [51, 52]
11: [53, 54]
12: [55, 56]
13: [57, 58]
14: [59, 60]
15: [48, 47]
16: [48, 49, 51, 53, 55, 57, 59, 50, 52, 54, 56, 58, 60, 47]
17: [49, 50]
18: [51, 52]
19: [53, 54]
20: [56, 55]
21: [57, 58]
22: [59, 60]
23: [48, 47]
24: [48, 49, 51, 53, 55, 57, 59, 50, 52, 54, 56, 58, 60, 47]
25: [50, 49]
26: [52, 51]
27: [54, 53]
28: [56, 55]
29: [58, 57]
30: [60, 59]
31: [47, 48]
32: [48, 49, 81, 51, 53, 55, 57, 59, 50, 82, 52, 54, 56, 58, 60, 47]
33: [81, 50, 49, 82]
34: [81, 52, 51, 82]
35: [81, 54, 82, 53]
36: [81, 56, 82, 55]
37: [81, 58, 82, 57]
38: [81, 82, 60, 59]
39: [81, 82, 47, 48]
40: []
41: [82, 83, 50, 49, 81, 84]
42: [82, 83, 52, 51, 81, 84]
43: [82, 83, 54, 81, 84, 53]
44: [82, 83, 56, 81, 84, 55]
45: [82, 83, 58, 81, 84, 57]
46: [82, 83, 81, 60, 84, 59]
47: [82, 83, 81, 84, 47, 48]
48: [47, 50, 52, 84, 54, 56, 58, 60, 49, 83, 51, 53, 55, 57, 59, 48]
49: [84, 50, 49, 83]
50: [84, 52, 83, 51]
51: [84, 54, 83, 53]
52: [84, 56, 83, 55]
53: [84, 58, 83, 57]
54: [84, 83, 60, 59]
55: [83, 84, 47, 48]
56: [47, 50, 52, 54, 56, 58, 60, 49, 51, 53, 55, 57, 59, 48]
57: [47, 50, 52, 54, 56, 58, 60, 49, 51, 53, 55, 57, 59, 48]
58: [47, 52, 54, 56, 58, 60, 51, 53, 55, 57, 59, 48]
59: [47, 54, 56, 58, 60, 53, 55, 57, 59, 48]
60: [56, 58, 60, 47, 55, 57, 59, 48]
61: [58, 60, 47, 57, 59, 48]
62: [60, 47, 59, 48]
63: [47, 48]
41
0: [50, 49]
1: [50, 61, 49, 62]
2: [61, 62]
3: [61, 62]
4: [61, 62]
5: [61, 62]
6: [61, 62]
7: [61, 62]
8: [50, 49]
9: [19, 28, 38, 37, 27, 20]
10: [19, 28, 38, 37, 27, 20]
11: [19, 28, 27, 20]
12: [19, 28, 27, 20]
13: [19, 28, 27, 20]
14: [27, 19, 28, 20]
15: [61, 62]
16: [49, 50]
17: [38, 19, 28, 30, 37, 27, 29, 20]
18: [30, 37, 38, 29]
19: [30, 29]
20: [30, 29]
21: [30, 29]
22: [27, 30, 29, 19, 20, 28]
23: [61, 62]
24: [49, 50]
25: [32, 38, 19, 28, 30, 37, 31, 27, 29, 20]
26: [32, 37, 38, 31]
27: [32, 31]
28: [32, 31]
29: [32, 31]
30: [32, 27, 20, 29, 30, 31, 19, 28]
31: [62, 61]
32: [81, 49, 50, 82]
33: [32, 34, 38, 19, 28, 30, 37, 33, 31, 27, 29, 20]
34: [34, 37, 38, 33]
35: [34, 33]
36: [34, 33]
37: [34, 33]
38: [34, 27, 32, 33, 20, 29, 31, 30, 19, 28]
39: [82, 81, 62, 61]
40: [81, 84, 49, 50, 82, 83]
41: []
42: [27, 36, 37, 38, 35, 28]
43: [27, 36, 35, 28]
44: [27, 36, 35, 28]
45: [27, 36, 35, 28]
46: [27, 36, 33, 34, 35, 20, 29, 31, 32, 30, 19, 28]
47: [82, 83, 81, 84, 62, 61]
48: [84, 49, 50, 83]
49: [33, 35, 37, 20, 29, 31, 36, 38, 34, 32, 30, 19]
50: [33, 35, 37, 20, 29, 31, 36, 38, 34, 32, 30, 19]
51: [33, 35, 20, 29, 31, 36, 34, 32, 30, 19]
52: [33, 35, 20, 29, 31, 36, 34, 32, 30, 19]
53: [33, 35, 20, 29, 31, 36, 34, 32, 30, 19]
54: [33, 35, 36, 20, 29, 31, 34, 32, 30, 19]
55: [83, 84, 62, 61]
56: [49, 50]
57: [49, 62, 50, 61]
58: [62, 61]
59: [62, 61]
60: [62, 61]
61: [62, 61]
62: [62, 61]
63: [62, 61]
42
0: [52, 51]
1: [52, 51]
2: [52, 63, 51, 64]
3: [63, 64]
4: [63, 64]
5: [63, 64]
6: [63, 64]
7: [63, 64]
8: [52, 51]
9: [28, 37, 38, 27]
10: [40, 37, 28, 38, 39, 27]
11: [40, 28, 39, 27]
12: [28, 27]
13: [27, 28]
14: [27, 28]
15: [63, 64]
16: [51, 52]
17: [28, 37, 38, 27]
18: [4, 5, 7, 6, 8, 3]
19: [4, 5, 6, 7, 8, 3]
20: [8, 4, 7, 3]
21: [3, 4]
22: [27, 28]
23: [64, 63]
24: [51, 52]
25: [28, 38, 37, 27]
26: [4, 5, 7, 6, 8, 3]
27: [6, 5]
28: [8, 7]
29: [3, 4]
30: [27, 28]
31: [64, 63]
32: [81, 51, 52, 82]
33: [28, 38, 37, 27]
34: [17, 4, 5, 7, 18, 6, 8, 3]
35: [17, 6, 18, 5]
36: [8, 17, 18, 7]
37: [17, 18, 3, 4]
38: [27, 28]
39: [82, 64, 81, 63]
40: [81, 84, 51, 52, 82, 83]
41: [35, 28, 38, 37, 36, 27]
42: []
43: [8, 18, 3, 6, 17, 5, 7, 4]
44: [8, 18, 3, 17, 7, 4]
45: [18, 3, 17, 4]
46: [27, 36, 35, 28]
47: [82, 83, 64, 81, 84, 63]
48: [84, 51, 83, 52]
49: [35, 38, 36, 37]
50: [38, 39, 35, 36, 40, 37]
51: [39, 35, 36, 40]
52: [35, 36]
53: [35, 36]
54: [36, 35]
55: [83, 64, 84, 63]
56: [51, 52]
57: [51, 52]
58: [64, 51, 52, 63]
59: [64, 63]
60: [64, 63]
61: [64, 63]
62: [64, 63]
63: [64, 63]
43
0: [54, 53]
1: [54, 53]
2: [54, 53]
3: [65, 54, 53, 66]
4: [65, 66]
5: [65, 66]
6: [65, 66]
7: [65, 66]
8: [54, 53]
9: [28, 27]
10: [39, 40, 28, 27]
11: [42, 39, 40, 41, 28, 27]
12: [42, 41, 27, 28]
13: [27, 28]
14: [27, 28]
15: [65, 66]
16: [53, 54]
17: [28, 27]
18: [4, 5, 6, 7, 8, 3]
19: [9, 6, 8, 4, 5, 7, 10, 3]
20: [8, 9, 10, 3, 4, 7]
21: [9, 10, 3, 4]
22: [27, 28]
23: [65, 66]
24: [53, 54]
25: [28, 27]
26: [4, 5, 7, 6, 8, 3]
27: [9, 6, 5, 10]
28: [8, 7]
29: [10, 3, 9, 4]
30: [27, 28]
31: [66, 65]
32: [81, 53, 82, 54]
33: [28, 27]
34: [17, 4, 5, 7, 18, 6, 8, 3]
35: [9, 6, 17, 18, 5, 10]
36: [8, 17, 18, 7]
37: [18, 10, 3, 17, 9, 4]
38: [27, 28]
39: [82, 66, 81, 65]
40: [81, 84, 53, 82, 83, 54]
41: [35, 28, 36, 27]
42: [17, 4, 5, 7, 18, 6, 8, 3]
43: []
44: [8, 18, 10, 3, 17, 9, 7, 4]
45: [18, 10, 3, 17, 9, 4]
46: [27, 36, 35, 28]
47: [82, 83, 66, 81, 84, 65]
48: [84, 53, 83, 54]
49: [35, 36]
50: [40, 35, 36, 39]
51: [40, 41, 35, 36, 42, 39]
52: [41, 35, 36, 42]
53: [36, 35]
54: [36, 35]
55: [83, 66, 84, 65]
56: [53, 54]
57: [53, 54]
58: [53, 54]
59: [66, 53, 54, 65]
60: [66, 65]
61: [66, 65]
62: [66, 65]
63: [66, 65]
44
0: [56, 55]
1: [56, 55]
2: [56, 55]
3: [56, 55]
4: [56, 67, 68, 55]
5: [67, 68]
6: [67, 68]
7: [67, 68]
8: [56, 55]
9: [28, 27]
10: [28, 27]
11: [41, 42, 27, 28]
12: [41, 44, 43, 42, 27, 28]
13: [44, 43, 27, 28]
14: [27, 28]
15: [67, 68]
16: [56, 55]
17: [28, 27]
18: [8, 4, 7, 3]
19: [8, 9, 10, 3, 4, 7]
20: [8, 11, 9, 10, 3, 12, 4, 7]
21: [11, 10, 3, 12, 9, 4]
22: [27, 28]
23: [67, 68]
24: [55, 56]
25: [28, 27]
26: [4, 7, 8, 3]
27: [9, 10]
28: [8, 11, 12, 7]
29: [10, 3, 12, 11, 9, 4]
30: [27, 28]
31: [68, 67]
32: [81, 55, 82, 56]
33: [28, 27]
34: [17, 4, 7, 18, 8, 3]
35: [9, 17, 18, 10]
36: [8, 11, 18, 17, 12, 7]
37: [18, 10, 3, 12, 17, 11, 9, 4]
38: [27, 28]
39: [82, 68, 81, 67]
40: [81, 84, 55, 82, 83, 56]
41: [35, 28, 36, 27]
42: [17, 4, 7, 18, 8, 3]
43: [9, 4, 17, 7, 18, 8, 10, 3]
44: []
45: [18, 10, 3, 12, 17, 11, 9, 4]
46: [27, 36, 35, 28]
47: [82, 83, 68, 81, 67, 84]
48: [84, 55, 83, 56]
49: [35, 36]
50: [35, 36]
51: [42, 35, 36, 41]
52: [42, 43, 36, 35, 41, 44]
53: [43, 36, 35, 44]
54: [36, 35]
55: [83, 68, 84, 67]
56: [55, 56]
57: [55, 56]
58: [55, 56]
59: [55, 56]
60: [68, 55, 67, 56]
61: [68, 67]
62: [68, 67]
63: [68, 67]
45
0: [58, 57]
1: [58, 57]
2: [58, 57]
3: [58, 57]
4: [58, 57]
5: [58, 69, 70, 57]
6: [69, 70]
7: [69, 70]
8: [58, 57]
9: [28, 27]
10: [27, 28]
11: [27, 28]
12: [43, 27, 44, 28]
13: [43, 46, 27, 44, 45, 28]
14: [27, 46, 45, 28]
15: [69, 70]
16: [57, 58]
17: [28, 27]
18: [3, 4]
19: [9, 10, 3, 4]
20: [11, 10, 3, 12, 9, 4]
21: [10, 3, 12, 11, 9, 4]
22: [27, 45, 46, 28]
23: [69, 70]
24: [57, 58]
25: [28, 27]
26: [4, 3]
27: [9, 10]
28: [11, 12]
29: [10, 3, 12, 11, 9, 4]
30: [27, 45, 46, 28]
31: [70, 69]
32: [81, 57, 82, 58]
33: [28, 27]
34: [17, 18, 4, 3]
35: [9, 18, 17, 10]
36: [18, 11, 17, 12]
37: [18, 10, 3, 12, 17, 11, 9, 4]
38: [27, 45, 46, 28]
39: [82, 70, 69, 81]
40: [81, 84, 57, 82, 83, 58]
41: [35, 28, 36, 27]
42: [17, 4, 18, 3]
43: [9, 4, 17, 18, 10, 3]
44: [9, 11, 4, 17, 18, 12, 10, 3]
45: []
46: [27, 36, 45, 46, 35, 28]
47: [82, 83, 70, 69, 81, 84]
48: [84, 57, 83, 58]
49: [35, 36]
50: [35, 36]
51: [36, 35]
52: [44, 36, 35, 43]
53: [44, 45, 36, 35, 43, 46]
54: [36, 45, 35, 46]
55: [83, 70, 84, 69]
56: [57, 58]
57: [57, 58]
58: [57, 58]
59: [57, 58]
60: [57, 58]
61: [57, 70, 69, 58]
62: [70, 69]
63: [70, 69]
46
0: [60, 59]
1: [60, 59]
2: [60, 59]
3: [60, 59]
4: [60, 59]
5: [60, 59]
6: [60, 71, 72, 59]
7: [71, 72]
8: [60, 59]
9: [27, 20, 28, 19]
10: [27, 20, 28, 19]
11: [27, 20, 28, 19]
12: [27, 20, 28, 19]
13: [27, 20, 45, 46, 28, 19]
14: [27, 20, 45, 46, 28, 19]
15: [71, 72]
16: [59, 60]
17: [28, 29, 27, 19, 20, 30]
18: [29, 30]
19: [29, 30]
20: [29, 30]
21: [29, 45, 46, 30]
22: [45, 27, 20, 29, 46, 28, 30, 19]
23: [72, 71]
24: [59, 60]
25: [28, 31, 32, 19, 29, 30, 27, 20]
26: [31, 32]
27: [31, 32]
28: [31, 32]
29: [31, 46, 45, 32]
30: [45, 20, 27, 29, 31, 46, 32, 28, 30, 19]
31: [72, 71]
32: [81, 82, 59, 60]
33: [33, 28, 32, 34, 19, 30, 31, 29, 27, 20]
34: [33, 34]
35: [33, 34]
36: [33, 34]
37: [33, 46, 45, 34]
38: [33, 45, 20, 27, 29, 31, 46, 34, 32, 28, 30, 19]
39: [82, 72, 71, 81]
40: [81, 84, 83, 82, 59, 60]
41: [35, 28, 32, 33, 34, 36, 19, 30, 31, 29, 27, 20]
42: [35, 28, 36, 27]
43: [35, 28, 36, 27]
44: [35, 28, 36, 27]
45: [35, 28, 46, 45, 36, 27]
46: []
47: [82, 83, 72, 71, 81, 84]
48: [84, 83, 59, 60]
49: [32, 34, 35, 36, 19, 30, 33, 31, 29, 20]
50: [32, 34, 36, 19, 30, 35, 33, 31, 29, 20]
51: [32, 34, 36, 19, 30, 35, 33, 31, 29, 20]
52: [32, 34, 36, 19, 30, 35, 33, 31, 29, 20]
53: [32, 34, 36, 46, 19, 30, 35, 45, 33, 31, 29, 20]
54: [32, 34, 36, 46, 19, 30, 35, 45, 33, 31, 29, 20]
55: [83, 72, 71, 84]
56: [59, 60]
57: [59, 60]
58: [59, 60]
59: [59, 60]
60: [59, 60]
61: [59, 60]
62: [72, 59, 71, 60]
63: [72, 71]
47
0: [47, 48]
1: [62, 47, 61, 48]
2: [64, 62, 47, 63, 61, 48]
3: [64, 66, 62, 47, 65, 63, 61, 48]
4: [64, 66, 68, 47, 62, 67, 65, 63, 61, 48]
5: [64, 66, 68, 70, 47, 62, 69, 67, 65, 63, 61, 48]
6: [64, 66, 68, 70, 72, 47, 62, 71, 69, 67, 65, 63, 61, 48]
7: [64, 66, 68, 70, 72, 47, 62, 71, 69, 67, 65, 63, 61, 48]
8: [47, 48]
9: [62, 61]
10: [64, 63]
11: [66, 65]
12: [68, 67]
13: [70, 69]
14: [72, 71]
15: [64, 66, 68, 70, 72, 47, 62, 71, 69, 67, 65, 63, 61, 48]
16: [48, 47]
17: [61, 62]
18: [64, 63]
19: [65, 66]
20: [67, 68]
21: [69, 70]
22: [72, 71]
23: [64, 66, 68, 70, 72, 47, 62, 71, 69, 67, 65, 63, 61, 48]
24: [48, 47]
25: [61, 62]
26: [63, 64]
27: [65, 66]
28: [67, 68]
29: [69, 70]
30: [71, 72]
31: [64, 66, 68, 70, 72, 47, 62, 71, 69, 67, 65, 63, 61, 48]
32: [81, 82, 48, 47]
33: [82, 81, 61, 62]
34: [82, 81, 63, 64]
35: [82, 65, 81, 66]
36: [82, 67, 81, 68]
37: [82, 69, 70, 81]
38: [82, 71, 72, 81]
39: [64, 66, 68, 70, 72, 47, 82, 62, 81, 71, 69, 67, 65, 63, 61, 48]
40: [81, 84, 82, 83, 48, 47]
41: [81, 84, 82, 83, 61, 62]
42: [81, 84, 63, 82, 83, 64]
43: [81, 84, 65, 82, 83, 66]
44: [81, 84, 67, 82, 83, 68]
45: [81, 84, 69, 70, 82, 83]
46: [81, 84, 71, 72, 82, 83]
47: []
48: [83, 84, 48, 47]
49: [83, 84, 61, 62]
50: [83, 63, 84, 64]
51: [83, 65, 84, 66]
52: [83, 67, 84, 68]
53: [83, 69, 84, 70]
54: [83, 71, 72, 84]
55: [65, 67, 69, 71, 48, 83, 61, 63, 72, 84, 70, 68, 66, 64, 62, 47]
56: [48, 47]
57: [48, 61, 62, 47]
58: [48, 61, 63, 64, 62, 47]
59: [48, 65, 61, 63, 66, 64, 62, 47]
60: [65, 67, 48, 61, 63, 68, 66, 64, 62, 47]
61: [65, 67, 69, 48, 61, 63, 70, 68, 66, 64, 62, 47]
62: [65, 67, 69, 71, 48, 61, 63, 72, 70, 68, 66, 64, 62, 47]
63: [65, 67, 69, 71, 48, 61, 63, 72, 70, 68, 66, 64, 62, 47]
48
0: [48, 49, 51, 53, 55, 57, 59, 50, 52, 54, 56, 58, 60, 47]
1: [48, 49, 51, 53, 55, 57, 59, 50, 52, 54, 56, 58, 60, 47]
2: [48, 51, 53, 55, 57, 59, 52, 54, 56, 58, 60, 47]
3: [48, 53, 55, 57, 59, 54, 56, 58, 60, 47]
4: [48, 57, 59, 55, 56, 58, 60, 47]
5: [48, 57, 59, 58, 60, 47]
6: [48, 59, 60, 47]
7: [48, 47]
8: [48, 49, 51, 53, 55, 57, 59, 50, 52, 54, 56, 58, 60, 47]
9: [49, 50]
10: [51, 52]
11: [53, 54]
12: [56, 55]
13: [57, 58]
14: [59, 60]
15: [48, 47]
16: [48, 49, 51, 53, 55, 57, 59, 50, 52, 54, 56, 58, 60, 47]
17: [50, 49]
18: [52, 51]
19: [54, 53]
20: [56, 55]
21: [58, 57]
22: [60, 59]
23: [47, 48]
24: [48, 49, 51, 53, 55, 57, 59, 50, 52, 54, 56, 58, 60, 47]
25: [50, 49]
26: [52, 51]
27: [54, 53]
28: [56, 55]
29: [58, 57]
30: [60, 59]
31: [47, 48]
32: [48, 49, 51, 53, 55, 57, 59, 50, 52, 54, 56, 58, 60, 47]
33: [50, 49]
34: [52, 51]
35: [54, 53]
36: [56, 55]
37: [58, 57]
38: [60, 59]
39: [47, 48]
40: [48, 49, 51, 83, 53, 55, 57, 59, 50, 84, 52, 54, 56, 58, 60, 47]
41: [83, 50, 49, 84]
42: [83, 52, 51, 84]
43: [83, 54, 84, 53]
44: [83, 56, 84, 55]
45: [83, 58, 84, 57]
46: [83, 60, 84, 59]
47: [83, 84, 47, 48]
48: []
49: [84, 85, 50, 49, 83, 86]
50: [84, 85, 52, 83, 51, 86]
51: [84, 85, 54, 83, 86, 53]
52: [84, 85, 56, 83, 86, 55]
53: [84, 85, 58, 83, 86, 57]
54: [84, 85, 60, 83, 86, 59]
55: [84, 85, 83, 86, 47, 48]
56: [47, 50, 52, 54, 86, 56, 58, 60, 49, 85, 51, 53, 55, 57, 59, 48]
57: [47, 50, 52, 54, 86, 56, 58, 60, 49, 85, 51, 53, 55, 57, 59, 48]
58: [47, 52, 54, 86, 56, 58, 60, 85, 51, 53, 55, 57, 59, 48]
59: [47, 54, 86, 56, 58, 60, 85, 53, 55, 57, 59, 48]
60: [47, 86, 56, 58, 60, 85, 55, 57, 59, 48]
61: [58, 60, 86, 47, 85, 57, 59, 48]
62: [60, 86, 47, 85, 59, 48]
63: [85, 86, 47, 48]
49
0: [50, 49]
1: [50, 61, 49, 62]
2: [61, 62]
3: [61, 62]
4: [61, 62]
5: [61, 62]
6: [61, 62]
7: [61, 62]
8: [49, 50]
9: [19, 38, 37, 20]
10: [19, 37, 38, 20]
11: [19, 20]
12: [19, 20]
13: [19, 20]
14: [19, 20]
15: [61, 62]
16: [49, 50]
17: [38, 19, 30, 37, 29, 20]
18: [37, 30, 38, 29]
19: [30, 29]
20: [30, 29]
21: [30, 29]
22: [20, 29, 30, 19]
23: [62, 61]
24: [49, 50]
25: [32, 38, 19, 30, 37, 31, 29, 20]
26: [32, 37, 38, 31]
27: [32, 31]
28: [32, 31]
29: [32, 31]
30: [32, 20, 29, 31, 30, 19]
31: [62, 61]
32: [49, 50]
33: [32, 34, 38, 19, 30, 37, 33, 31, 29, 20]
34: [34, 37, 38, 33]
35: [34, 33]
36: [34, 33]
37: [34, 33]
38: [33, 34, 20, 29, 31, 32, 30, 19]
39: [62, 61]
40: [83, 49, 50, 84]
41: [32, 34, 36, 38, 19, 30, 35, 37, 33, 31, 29, 20]
42: [36, 37, 35, 38]
43: [36, 35]
44: [36, 35]
45: [36, 35]
46: [33, 35, 36, 20, 29, 31, 34, 32, 30, 19]
47: [84, 83, 62, 61]
48: [83, 86, 49, 50, 84, 85]
49: []
50: [33, 35, 37, 20, 29, 31, 36, 38, 34, 32, 30, 19]
51: [33, 35, 20, 29, 31, 36, 34, 32, 30, 19]
52: [33, 35, 20, 29, 31, 36, 34, 32, 30, 19]
53: [33, 35, 20, 29, 31, 36, 34, 32, 30, 19]
54: [33, 35, 20, 29, 31, 36, 34, 32, 30, 19]
55: [84, 85, 62, 83, 86, 61]
56: [49, 86, 50, 85]
57: [49, 62, 86, 85, 50, 61]
58: [62, 86, 85, 61]
59: [62, 86, 85, 61]
60: [62, 86, 85, 61]
61: [62, 86, 85, 61]
62: [62, 85, 86, 61]
63: [85, 62, 86, 61]
50
0: [52, 51]
1: [52, 51]
2: [52, 63, 51, 64]
3: [63, 64]
4: [63, 64]
5: [63, 64]
6: [63, 64]
7: [63, 64]
8: [51, 52]
9: [19, 37, 38, 20]
10: [40, 37, 19, 38, 39, 20]
11: [40, 39, 19, 20]
12: [19, 20]
13: [19, 20]
14: [20, 19]
15: [64, 63]
16: [51, 52]
17: [38, 19, 30, 37, 29, 20]
18: [40, 37, 30, 38, 39, 29]
19: [39, 40, 30, 29]
20: [30, 29]
21: [29, 30]
22: [20, 29, 30, 19]
23: [64, 63]
24: [51, 52]
25: [32, 38, 19, 30, 37, 31, 29, 20]
26: [40, 37, 32, 38, 39, 31]
27: [39, 32, 40, 31]
28: [32, 31]
29: [32, 31]
30: [20, 29, 31, 32, 30, 19]
31: [64, 63]
32: [51, 52]
33: [32, 34, 38, 19, 30, 37, 33, 31, 29, 20]
34: [40, 37, 34, 33, 38, 39]
35: [39, 34, 40, 33]
36: [34, 33]
37: [33, 34]
38: [33, 20, 29, 31, 34, 32, 30, 19]
39: [64, 63]
40: [83, 51, 52, 84]
41: [32, 34, 36, 38, 19, 30, 35, 37, 33, 31, 29, 20]
42: [40, 37, 36, 35, 38, 39]
43: [39, 36, 35, 40]
44: [36, 35]
45: [35, 36]
46: [33, 35, 20, 29, 31, 36, 34, 32, 30, 19]
47: [84, 64, 83, 63]
48: [83, 86, 51, 52, 85, 84]
49: [32, 34, 36, 38, 19, 30, 35, 37, 33, 31, 29, 20]
50: []
51: [33, 35, 39, 20, 29, 31, 40, 36, 34, 32, 30, 19]
52: [33, 35, 20, 29, 31, 36, 34, 32, 30, 19]
53: [33, 35, 20, 29, 31, 36, 34, 32, 30, 19]
54: [33, 35, 20, 29, 31, 36, 34, 32, 30, 19]
55: [84, 85, 64, 83, 86, 63]
56: [51, 86, 85, 52]
57: [51, 86, 85, 52]
58: [64, 51, 86, 85, 52, 63]
59: [64, 86, 85, 63]
60: [64, 86, 85, 63]
61: [64, 85, 86, 63]
62: [64, 85, 86, 63]
63: [64, 85, 86, 63]
51
0: [54, 53]
1: [54, 53]
2: [54, 53]
3: [65, 54, 53, 66]
4: [65, 66]
5: [65, 66]
6: [65, 66]
7: [65, 66]
8: [53, 54]
9: [19, 20]
10: [40, 39, 19, 20]
11: [42, 39, 40, 41, 19, 20]
12: [41, 42, 19, 20]
13: [20, 19]
14: [20, 19]
15: [65, 66]
16: [53, 54]
17: [19, 30, 29, 20]
18: [40, 30, 39, 29]
19: [42, 39, 40, 41, 30, 29]
20: [41, 42, 29, 30]
21: [29, 30]
22: [20, 29, 30, 19]
23: [66, 65]
24: [53, 54]
25: [32, 19, 30, 31, 29, 20]
26: [40, 32, 39, 31]
27: [42, 39, 32, 40, 41, 31]
28: [41, 32, 42, 31]
29: [31, 32]
30: [20, 29, 31, 32, 30, 19]
31: [66, 65]
32: [53, 54]
33: [32, 34, 19, 30, 33, 31, 29, 20]
34: [40, 34, 33, 39]
35: [42, 39, 34, 33, 40, 41]
36: [41, 33, 34, 42]
37: [33, 34]
38: [33, 20, 29, 31, 34, 32, 30, 19]
39: [66, 65]
40: [83, 53, 84, 54]
41: [32, 34, 36, 19, 30, 35, 33, 31, 29, 20]
42: [40, 36, 35, 39]
43: [42, 39, 36, 35, 40, 41]
44: [41, 35, 36, 42]
45: [35, 36]
46: [33, 35, 20, 29, 31, 36, 34, 32, 30, 19]
47: [84, 66, 83, 65]
48: [83, 86, 53, 84, 85, 54]
49: [32, 34, 36, 19, 30, 35, 33, 31, 29, 20]
50: [32, 34, 36, 40, 19, 30, 35, 39, 33, 31, 29, 20]
51: []
52: [33, 35, 41, 20, 29, 31, 42, 36, 34, 32, 30, 19]
53: [33, 35, 20, 29, 31, 36, 34, 32, 30, 19]
54: [33, 35, 20, 29, 31, 36, 34, 32, 30, 19]
55: [84, 85, 66, 83, 86, 65]
56: [53, 86, 85, 54]
57: [53, 86, 85, 54]
58: [53, 86, 85, 54]
59: [66, 53, 86, 85, 54, 65]
60: [66, 85, 86, 65]
61: [66, 85, 86, 65]
62: [66, 85, 86, 65]
63: [66, 85, 86, 65]
52
0: [56, 55]
1: [56, 55]
2: [56, 55]
3: [56, 55]
4: [56, 67, 68, 55]
5: [67, 68]
6: [67, 68]
7: [67, 68]
8: [56, 55]
9: [19, 20]
10: [19, 20]
11: [41, 42, 19, 20]
12: [41, 44, 42, 43, 20, 19]
13: [43, 44, 20, 19]
14: [20, 19]
15: [67, 68]
16: [55, 56]
17: [19, 30, 29, 20]
18: [30, 29]
19: [42, 41, 29, 30]
20: [41, 44, 42, 43, 29, 30]
21: [43, 44, 29, 30]
22: [20, 29, 30, 19]
23: [68, 67]
24: [55, 56]
25: [32, 19, 30, 31, 29, 20]
26: [32, 31]
27: [42, 32, 41, 31]
28: [41, 44, 31, 32, 42, 43]
29: [43, 31, 44, 32]
30: [20, 29, 31, 32, 30, 19]
31: [68, 67]
32: [55, 56]
33: [32, 34, 19, 30, 33, 31, 29, 20]
34: [34, 33]
35: [42, 33, 34, 41]
36: [41, 44, 33, 34, 42, 43]
37: [43, 33, 34, 44]
38: [33, 20, 29, 31, 34, 32, 30, 19]
39: [68, 67]
40: [83, 55, 84, 56]
41: [32, 34, 36, 19, 30, 35, 33, 31, 29, 20]
42: [36, 35]
43: [42, 35, 36, 41]
44: [41, 44, 35, 36, 42, 43]
45: [43, 35, 36, 44]
46: [33, 35, 20, 29, 31, 36, 34, 32, 30, 19]
47: [84, 68, 83, 67]
48: [83, 86, 55, 84, 85, 56]
49: [32, 34, 36, 19, 30, 35, 33, 31, 29, 20]
50: [32, 34, 36, 19, 30, 35, 33, 31, 29, 20]
51: [32, 34, 36, 42, 19, 30, 41, 35, 33, 31, 29, 20]
52: []
53: [33, 35, 43, 20, 29, 31, 36, 44, 34, 32, 30, 19]
54: [33, 35, 20, 29, 31, 36, 34, 32, 30, 19]
55: [84, 85, 68, 83, 86, 67]
56: [86, 55, 85, 56]
57: [55, 86, 85, 56]
58: [55, 86, 85, 56]
59: [55, 85, 86, 56]
60: [68, 55, 85, 86, 67, 56]
61: [68, 85, 86, 67]
62: [68, 85, 86, 67]
63: [68, 85, 86, 67]
53
0: [58, 57]
1: [58, 57]
2: [58, 57]
3: [58, 57]
4: [58, 57]
5: [58, 69, 70, 57]
6: [69, 70]
7: [69, 70]
8: [57, 58]
9: [19, 20]
10: [19, 20]
11: [20, 19]
12: [43, 44, 20, 19]
13: [43, 46, 20, 45, 44, 19]
14: [20, 45, 46, 19]
15: [69, 70]
16: [57, 58]
17: [19, 30, 29, 20]
18: [29, 30]
19: [29, 30]
20: [44, 43, 29, 30]
21: [43, 46, 29, 44, 45, 30]
22: [45, 20, 29, 46, 30, 19]
23: [70, 69]
24: [57, 58]
25: [32, 19, 30, 31, 29, 20]
26: [32, 31]
27: [31, 32]
28: [44, 31, 43, 32]
29: [43, 46, 31, 44, 45, 32]
30: [45, 20, 29, 31, 46, 32, 30, 19]
31: [70, 69]
32: [57, 58]
33: [32, 34, 19, 30, 33, 31, 29, 20]
34: [33, 34]
35: [33, 34]
36: [44, 33, 34, 43]
37: [43, 46, 33, 34, 44, 45]
38: [33, 45, 20, 29, 31, 46, 34, 32, 30, 19]
39: [70, 69]
40: [83, 57, 84, 58]
41: [32, 34, 36, 19, 30, 35, 33, 31, 29, 20]
42: [35, 36]
43: [35, 36]
44: [44, 35, 36, 43]
45: [43, 46, 35, 36, 44, 45]
46: [33, 35, 45, 20, 29, 31, 36, 46, 34, 32, 30, 19]
47: [84, 70, 83, 69]
48: [83, 86, 57, 84, 85, 58]
49: [32, 34, 36, 19, 30, 35, 33, 31, 29, 20]
50: [32, 34, 36, 19, 30, 35, 33, 31, 29, 20]
51: [32, 34, 36, 19, 30, 35, 33, 31, 29, 20]
52: [32, 34, 36, 44, 19, 30, 43, 35, 33, 31, 29, 20]
53: []
54: [33, 35, 45, 20, 29, 31, 36, 46, 34, 32, 30, 19]
55: [84, 85, 70, 83, 69, 86]
56: [57, 86, 85, 58]
57: [57, 86, 85, 58]
58: [57, 85, 86, 58]
59: [57, 85, 86, 58]
60: [57, 85, 86, 58]
61: [57, 70, 85, 86, 69, 58]
62: [70, 85, 86, 69]
63: [85, 70, 86, 69]
54
0: [60, 59]
1: [60, 59]
2: [60, 59]
3: [60, 59]
4: [60, 59]
5: [60, 59]
6: [60, 71, 72, 59]
7: [71, 72]
8: [59, 60]
9: [19, 20]
10: [20, 19]
11: [20, 19]
12: [20, 19]
13: [20, 45, 46, 19]
14: [20, 45, 46, 19]
15: [72, 71]
16: [59, 60]
17: [19, 29, 30, 20]
18: [29, 30]
19: [29, 30]
20: [29, 30]
21: [29, 46, 45, 30]
22: [45, 20, 29, 46, 30, 19]
23: [72, 71]
24: [59, 60]
25: [32, 19, 30, 31, 29, 20]
26: [31, 32]
27: [31, 32]
28: [31, 32]
29: [46, 31, 45, 32]
30: [45, 20, 29, 31, 46, 32, 30, 19]
31: [72, 71]
32: [59, 60]
33: [32, 33, 34, 19, 30, 31, 29, 20]
34: [33, 34]
35: [33, 34]
36: [33, 34]
37: [33, 46, 45, 34]
38: [33, 45, 20, 29, 31, 46, 34, 32, 30, 19]
39: [72, 71]
40: [83, 59, 84, 60]
41: [32, 34, 35, 36, 19, 30, 33, 31, 29, 20]
42: [35, 36]
43: [35, 36]
44: [35, 36]
45: [35, 46, 36, 45]
46: [33, 35, 45, 20, 29, 31, 36, 46, 34, 32, 30, 19]
47: [84, 72, 71, 83]
48: [83, 86, 59, 84, 85, 60]
49: [32, 34, 36, 19, 30, 35, 33, 31, 29, 20]
50: [32, 34, 36, 19, 30, 35, 33, 31, 29, 20]
51: [32, 34, 36, 19, 30, 35, 33, 31, 29, 20]
52: [32, 34, 36, 19, 30, 35, 33, 31, 29, 20]
53: [32, 34, 36, 46, 19, 30, 35, 45, 33, 31, 29, 20]
54: []
55: [84, 85, 72, 71, 83, 86]
56: [59, 86, 85, 60]
57: [59, 85, 86, 60]
58: [59, 85, 86, 60]
59: [59, 85, 86, 60]
60: [59, 85, 86, 60]
61: [59, 85, 86, 60]
62: [72, 59, 85, 86, 71, 60]
63: [72, 85, 86, 71]
55
0: [47, 48]
1: [62, 47, 61, 48]
2: [64, 62, 47, 63, 61, 48]
3: [64, 66, 62, 47, 65, 63, 61, 48]
4: [64, 66, 68, 47, 62, 67, 65, 63, 61, 48]
5: [64, 66, 68, 70, 47, 62, 69, 67, 65, 63, 61, 48]
6: [64, 66, 68, 70, 72, 47, 62, 71, 69, 67, 65, 63, 61, 48]
7: [64, 66, 68, 70, 72, 47, 62, 71, 69, 67, 65, 63, 61, 48]
8: [48, 47]
9: [61, 62]
10: [64, 63]
11: [65, 66]
12: [67, 68]
13: [69, 70]
14: [72, 71]
15: [64, 66, 68, 70, 72, 47, 62, 71, 69, 67, 65, 63, 61, 48]
16: [48, 47]
17: [61, 62]
18: [63, 64]
19: [65, 66]
20: [67, 68]
21: [69, 70]
22: [71, 72]
23: [64, 66, 68, 70, 72, 47, 62, 71, 69, 67, 65, 63, 61, 48]
24: [48, 47]
25: [61, 62]
26: [63, 64]
27: [65, 66]
28: [67, 68]
29: [69, 70]
30: [71, 72]
31: [64, 66, 68, 70, 72, 47, 62, 71, 69, 67, 65, 63, 61, 48]
32: [48, 47]
33: [61, 62]
34: [63, 64]
35: [65, 66]
36: [67, 68]
37: [69, 70]
38: [71, 72]
39: [64, 66, 68, 70, 72, 47, 62, 71, 69, 67, 65, 63, 61, 48]
40: [83, 84, 48, 47]
41: [84, 83, 61, 62]
42: [84, 63, 83, 64]
43: [84, 65, 83, 66]
44: [84, 67, 83, 68]
45: [84, 69, 83, 70]
46: [84, 71, 72, 83]
47: [64, 66, 68, 70, 72, 47, 84, 62, 83, 71, 69, 67, 65, 63, 61, 48]
48: [83, 86, 48, 84, 85, 47]
49: [83, 86, 61, 84, 85, 62]
50: [83, 86, 63, 84, 85, 64]
51: [83, 86, 65, 84, 85, 66]
52: [83, 86, 67, 84, 85, 68]
53: [83, 86, 69, 84, 85, 70]
54: [83, 86, 71, 72, 84, 85]
55: []
56: [48, 85, 86, 47]
57: [48, 85, 61, 86, 62, 47]
58: [48, 85, 61, 63, 86, 64, 62, 47]
59: [65, 48, 85, 61, 63, 86, 66, 64, 62, 47]
60: [65, 67, 48, 85, 61, 63, 86, 68, 66, 64, 62, 47]
61: [65, 67, 69, 48, 85, 61, 63, 86, 70, 68, 66, 64, 62, 47]
62: [65, 67, 69, 71, 48, 85, 61, 63, 72, 86, 70, 68, 66, 64, 62, 47]
63: [65, 67, 69, 71, 48, 85, 61, 63, 72, 86, 70, 68, 66, 64, 62, 47]
56
0: [48, 49, 51, 53, 55, 57, 59, 50, 52, 54, 56, 58, 60, 47]
1: [48, 49, 50, 51, 53, 55, 57, 59, 52, 54, 56, 58, 60, 47]
2: [48, 51, 52, 53, 55, 57, 59, 54, 56, 58, 60, 47]
3: [48, 53, 54, 55, 57, 59, 56, 58, 60, 47]
4: [48, 55, 56, 57, 59, 58, 60, 47]
5: [48, 57, 58, 59, 60, 47]
6: [48, 59, 60, 47]
7: [48, 47]
8: [48, 49, 51, 53, 55, 57, 59, 50, 52, 54, 56, 58, 60, 47]
9: [50, 49]
10: [52, 51]
11: [54, 53]
12: [56, 55]
13: [58, 57]
14: [60, 59]
15: [47, 48]
16: [48, 49, 51, 53, 55, 57, 59, 50, 52, 54, 56, 58, 60, 47]
17: [50, 49]
18: [52, 51]
19: [54, 53]
20: [56, 55]
21: [58, 57]
22: [60, 59]
23: [47, 48]
24: [48, 49, 51, 53, 55, 57, 59, 50, 52, 54, 56, 58, 60, 47]
25: [50, 49]
26: [52, 51]
27: [54, 53]
28: [56, 55]
29: [58, 57]
30: [60, 59]
31: [47, 48]
32: [48, 49, 51, 53, 55, 57, 59, 50, 52, 54, 56, 58, 60, 47]
33: [50, 49]
34: [52, 51]
35: [54, 53]
36: [56, 55]
37: [58, 57]
38: [60, 59]
39: [47, 48]
40: [48, 49, 51, 53, 55, 57, 59, 50, 52, 54, 56, 58, 60, 47]
41: [50, 49]
42: [52, 51]
43: [54, 53]
44: [56, 55]
45: [58, 57]
46: [60, 59]
47: [47, 48]
48: [48, 49, 51, 53, 85, 55, 57, 59, 50, 86, 52, 54, 56, 58, 60, 47]
49: [50, 85, 49, 86]
50: [52, 85, 86, 51]
51: [85, 54, 86, 53]
52: [56, 85, 86, 55]
53: [58, 85, 86, 57]
54: [60, 85, 86, 59]
55: [85, 86, 47, 48]
56: []
57: [47, 50, 52, 54, 86, 56, 58, 60, 49, 85, 51, 53, 55, 57, 59, 48]
58: [47, 52, 54, 86, 56, 58, 60, 85, 51, 53, 55, 57, 59, 48]
59: [47, 54, 86, 56, 58, 60, 85, 53, 55, 57, 59, 48]
60: [47, 86, 56, 58, 60, 85, 55, 57, 59, 48]
61: [58, 60, 86, 47, 85, 57, 59, 48]
62: [60, 86, 47, 85, 59, 48]
63: [86, 47, 85, 48]
57
0: [48, 49, 50, 51, 53, 55, 57, 59, 52, 54, 56, 58, 60, 47]
1: [50, 61, 48, 49, 51, 52, 53, 55, 57, 59, 54, 56, 58, 60, 62, 47]
2: [52, 61, 48, 51, 53, 54, 55, 57, 59, 56, 58, 60, 62, 47]
3: [61, 54, 48, 53, 55, 56, 57, 59, 58, 60, 62, 47]
4: [56, 61, 48, 55, 57, 58, 59, 60, 62, 47]
5: [58, 61, 48, 57, 59, 60, 62, 47]
6: [60, 61, 48, 59, 62, 47]
7: [61, 62, 47, 48]
8: [48, 49, 51, 53, 55, 57, 59, 50, 52, 54, 56, 58, 60, 47]
9: [50, 61, 49, 62]
10: [52, 51]
11: [54, 53]
12: [56, 55]
13: [58, 57]
14: [60, 59]
15: [62, 47, 61, 48]
16: [48, 49, 51, 53, 55, 57, 59, 50, 52, 54, 56, 58, 60, 47]
17: [50, 61, 49, 62]
18: [52, 51]
19: [54, 53]
20: [56, 55]
21: [58, 57]
22: [60, 59]
23: [62, 47, 61, 48]
24: [48, 49, 51, 53, 55, 57, 59, 50, 52, 54, 56, 58, 60, 47]
25: [50, 61, 49, 62]
26: [52, 51]
27: [54, 53]
28: [56, 55]
29: [58, 57]
30: [60, 59]
31: [62, 47, 61, 48]
32: [48, 49, 51, 53, 55, 57, 59, 50, 52, 54, 56, 58, 60, 47]
33: [50, 61, 49, 62]
34: [52, 51]
35: [54, 53]
36: [56, 55]
37: [58, 57]
38: [60, 59]
39: [62, 47, 61, 48]
40: [48, 49, 51, 53, 55, 57, 59, 50, 52, 54, 56, 58, 60, 47]
41: [50, 61, 49, 62]
42: [52, 51]
43: [54, 53]
44: [56, 55]
45: [58, 57]
46: [60, 59]
47: [62, 47, 61, 48]
48: [48, 49, 51, 53, 85, 55, 57, 59, 50, 86, 52, 54, 56, 58, 60, 47]
49: [50, 61, 85, 86, 49, 62]
50: [52, 85, 86, 51]
51: [54, 85, 86, 53]
52: [56, 85, 86, 55]
53: [58, 85, 86, 57]
54: [60, 85, 86, 59]
55: [86, 62, 47, 85, 61, 48]
56: [48, 49, 51, 53, 85, 55, 57, 59, 50, 86, 52, 54, 56, 58, 60, 47]
57: []
58: [47, 52, 54, 86, 56, 58, 60, 62, 85, 51, 53, 55, 57, 59, 61, 48]
59: [47, 54, 86, 56, 58, 60, 62, 85, 53, 55, 57, 59, 61, 48]
60: [47, 86, 56, 58, 60, 62, 85, 55, 57, 59, 61, 48]
61: [47, 86, 58, 60, 62, 85, 57, 59, 61, 48]
62: [86, 60, 62, 47, 85, 59, 61, 48]
63: [86, 62, 47, 85, 61, 48]
58
0: [48, 51, 52, 53, 55, 57, 59, 54, 56, 58, 60, 47]
1: [52, 61, 48, 51, 53, 54, 55, 57, 59, 56, 58, 60, 62, 47]
2: [52, 63, 61, 54, 48, 51, 53, 55, 56, 57, 59, 58, 60, 64, 62, 47]
3: [54, 63, 56, 61, 48, 53, 55, 57, 58, 59, 60, 64, 62, 47]
4: [56, 63, 58, 61, 48, 55, 57, 59, 60, 64, 62, 47]
5: [58, 63, 60, 61, 64, 47, 48, 57, 59, 62]
6: [60, 63, 64, 61, 62, 47, 48, 59]
7: [64, 63, 62, 47, 61, 48]
8: [48, 51, 53, 55, 57, 59, 52, 54, 56, 58, 60, 47]
9: [61, 62]
10: [52, 63, 51, 64]
11: [54, 53]
12: [56, 55]
13: [58, 57]
14: [60, 59]
15: [64, 62, 47, 63, 61, 48]
16: [48, 51, 53, 55, 57, 59, 52, 54, 56, 58, 60, 47]
17: [61, 62]
18: [52, 63, 51, 64]
19: [54, 53]
20: [56, 55]
21: [58, 57]
22: [60, 59]
23: [64, 62, 47, 63, 61, 48]
24: [48, 51, 53, 55, 57, 59, 52, 54, 56, 58, 60, 47]
25: [61, 62]
26: [52, 63, 51, 64]
27: [54, 53]
28: [56, 55]
29: [58, 57]
30: [60, 59]
31: [64, 62, 47, 63, 61, 48]
32: [48, 51, 53, 55, 57, 59, 52, 54, 56, 58, 60, 47]
33: [61, 62]
34: [52, 63, 51, 64]
35: [54, 53]
36: [56, 55]
37: [58, 57]
38: [60, 59]
39: [64, 62, 47, 63, 61, 48]
40: [48, 51, 53, 55, 57, 59, 52, 54, 56, 58, 60, 47]
41: [61, 62]
42: [52, 63, 51, 64]
43: [54, 53]
44: [56, 55]
45: [58, 57]
46: [60, 59]
47: [64, 62, 47, 63, 61, 48]
48: [48, 51, 53, 85, 55, 57, 59, 86, 52, 54, 56, 58, 60, 47]
49: [61, 85, 86, 62]
50: [52, 63, 85, 86, 51, 64]
51: [54, 85, 86, 53]
52: [56, 85, 86, 55]
53: [58, 85, 86, 57]
54: [60, 86, 85, 59]
55: [64, 86, 62, 47, 85, 63, 61, 48]
56: [48, 51, 53, 85, 55, 57, 59, 86, 52, 54, 56, 58, 60, 47]
57: [48, 51, 53, 85, 55, 57, 59, 61, 86, 52, 54, 56, 58, 60, 62, 47]
58: []
59: [64, 47, 54, 86, 56, 58, 60, 62, 85, 53, 55, 57, 63, 59, 61, 48]
60: [64, 47, 86, 56, 58, 60, 62, 85, 55, 57, 63, 59, 61, 48]
61: [64, 47, 86, 58, 60, 62, 85, 57, 63, 59, 61, 48]
62: [64, 47, 86, 60, 62, 85, 63, 59, 61, 48]
63: [64, 86, 62, 47, 85, 63, 61, 48]
59
0: [48, 53, 54, 55, 57, 59, 56, 58, 60, 47]
1: [61, 54, 48, 53, 55, 56, 57, 59, 58, 60, 62, 47]
2: [54, 63, 56, 61, 48, 53, 55, 57, 58, 59, 60, 64, 62, 47]
3: [65, 54, 56, 63, 58, 61, 48, 53, 55, 57, 59, 60, 64, 66, 62, 47]
4: [56, 65, 58, 63, 60, 61, 64, 66, 47, 48, 55, 57, 59, 62]
5: [65, 58, 60, 63, 64, 66, 47, 61, 62, 48, 57, 59]
6: [65, 60, 64, 66, 47, 62, 63, 61, 48, 59]
7: [64, 65, 66, 47, 62, 63, 61, 48]
8: [48, 53, 55, 57, 59, 54, 56, 58, 60, 47]
9: [61, 62]
10: [63, 64]
11: [65, 54, 53, 66]
12: [56, 55]
13: [58, 57]
14: [60, 59]
15: [64, 66, 62, 47, 65, 63, 61, 48]
16: [48, 53, 55, 57, 59, 54, 56, 58, 60, 47]
17: [61, 62]
18: [63, 64]
19: [65, 54, 53, 66]
20: [56, 55]
21: [58, 57]
22: [60, 59]
23: [64, 66, 62, 47, 65, 63, 61, 48]
24: [48, 53, 55, 57, 59, 54, 56, 58, 60, 47]
25: [61, 62]
26: [63, 64]
27: [65, 54, 53, 66]
28: [56, 55]
29: [58, 57]
30: [60, 59]
31: [64, 66, 62, 47, 65, 63, 61, 48]
32: [48, 53, 55, 57, 59, 54, 56, 58, 60, 47]
33: [61, 62]
34: [63, 64]
35: [65, 54, 53, 66]
36: [56, 55]
37: [58, 57]
38: [60, 59]
39: [64, 66, 62, 47, 65, 63, 61, 48]
40: [48, 53, 55, 57, 59, 54, 56, 58, 60, 47]
41: [61, 62]
42: [63, 64]
43: [65, 54, 53, 66]
44: [56, 55]
45: [58, 57]
46: [60, 59]
47: [64, 66, 62, 47, 65, 63, 61, 48]
48: [48, 53, 85, 55, 57, 59, 86, 54, 56, 58, 60, 47]
49: [61, 85, 86, 62]
50: [63, 85, 86, 64]
51: [65, 54, 85, 86, 53, 66]
52: [56, 85, 86, 55]
53: [58, 86, 85, 57]
54: [60, 86, 85, 59]
55: [64, 66, 47, 86, 62, 85, 65, 63, 61, 48]
56: [48, 53, 85, 55, 57, 59, 86, 54, 56, 58, 60, 47]
57: [48, 53, 85, 55, 57, 59, 61, 86, 54, 56, 58, 60, 62, 47]
58: [48, 53, 85, 55, 57, 59, 61, 63, 86, 54, 56, 64, 58, 60, 62, 47]
59: []
60: [64, 66, 47, 86, 56, 58, 60, 62, 85, 65, 55, 57, 63, 59, 61, 48]
61: [64, 66, 47, 86, 58, 60, 62, 85, 65, 57, 63, 59, 61, 48]
62: [64, 66, 47, 86, 60, 62, 85, 65, 63, 59, 61, 48]
63: [64, 66, 47, 86, 62, 85, 65, 63, 61, 48]
60
0: [48, 55, 56, 57, 59, 58, 60, 47]
1: [56, 61, 48, 55, 57, 58, 59, 60, 62, 47]
2: [56, 63, 58, 61, 48, 55, 57, 59, 60, 64, 62, 47]
3: [56, 65, 58, 63, 60, 61, 64, 66, 47, 48, 55, 57, 59, 62]
4: [56, 67, 65, 58, 60, 63, 64, 66, 68, 47, 61, 62, 48, 57, 59, 55]
5: [58, 67, 65, 60, 64, 66, 68, 47, 62, 63, 61, 48, 57, 59]
6: [67, 60, 64, 65, 66, 68, 47, 62, 63, 61, 48, 59]
7: [64, 66, 67, 68, 47, 62, 65, 63, 61, 48]
8: [48, 57, 59, 55, 56, 58, 60, 47]
9: [61, 62]
10: [63, 64]
11: [65, 66]
12: [56, 67, 68, 55]
13: [58, 57]
14: [60, 59]
15: [64, 66, 68, 47, 62, 67, 65, 63, 61, 48]
16: [48, 57, 59, 55, 56, 58, 60, 47]
17: [61, 62]
18: [63, 64]
19: [65, 66]
20: [56, 67, 68, 55]
21: [58, 57]
22: [60, 59]
23: [64, 66, 68, 47, 62, 67, 65, 63, 61, 48]
24: [48, 57, 59, 55, 56, 58, 60, 47]
25: [61, 62]
26: [63, 64]
27: [65, 66]
28: [56, 67, 68, 55]
29: [58, 57]
30: [60, 59]
31: [64, 66, 68, 47, 62, 67, 65, 63, 61, 48]
32: [48, 57, 59, 55, 56, 58, 60, 47]
33: [61, 62]
34: [63, 64]
35: [65, 66]
36: [56, 67, 68, 55]
37: [58, 57]
38: [60, 59]
39: [64, 66, 68, 47, 62, 67, 65, 63, 61, 48]
40: [48, 57, 59, 55, 56, 58, 60, 47]
41: [61, 62]
42: [63, 64]
43: [65, 66]
44: [56, 67, 68, 55]
45: [58, 57]
46: [60, 59]
47: [64, 66, 68, 47, 62, 67, 65, 63, 61, 48]
48: [48, 85, 55, 57, 59, 86, 56, 58, 60, 47]
49: [61, 85, 86, 62]
50: [63, 85, 86, 64]
51: [65, 85, 86, 66]
52: [56, 67, 86, 85, 68, 55]
53: [58, 86, 85, 57]
54: [60, 86, 85, 59]
55: [64, 66, 68, 47, 86, 62, 85, 67, 65, 63, 61, 48]
56: [48, 85, 55, 57, 59, 86, 56, 58, 60, 47]
57: [48, 85, 55, 57, 59, 61, 86, 56, 58, 60, 62, 47]
58: [48, 85, 55, 57, 59, 61, 63, 86, 56, 64, 58, 60, 62, 47]
59: [65, 48, 85, 55, 57, 59, 61, 63, 86, 56, 66, 64, 58, 60, 62, 47]
60: []
61: [64, 66, 68, 47, 86, 58, 60, 62, 85, 67, 65, 57, 63, 59, 61, 48]
62: [64, 66, 68, 47, 86, 60, 62, 85, 67, 65, 63, 59, 61, 48]
63: [64, 66, 68, 47, 86, 62, 85, 67, 65, 63, 61, 48]
61
0: [48, 57, 58, 59, 60, 47]
1: [58, 61, 48, 57, 59, 60, 62, 47]
2: [58, 63, 60, 61, 64, 47, 48, 57, 59, 62]
3: [65, 58, 60, 63, 64, 66, 47, 61, 62, 48, 57, 59]
4: [58, 67, 65, 60, 64, 66, 68, 47, 62, 63, 61, 48, 57, 59]
5: [58, 69, 67, 60, 64, 65, 66, 68, 70, 47, 62, 63, 61, 48, 57, 59]
6: [60, 69, 64, 66, 67, 68, 70, 47, 62, 65, 63, 61, 48, 59]
7: [64, 66, 68, 69, 70, 47, 62, 67, 65, 63, 61, 48]
8: [48, 57, 59, 58, 60, 47]
9: [61, 62]
10: [63, 64]
11: [65, 66]
12: [67, 68]
13: [58, 69, 70, 57]
14: [60, 59]
15: [64, 66, 68, 70, 47, 62, 69, 67, 65, 63, 61, 48]
16: [48, 57, 59, 58, 60, 47]
17: [61, 62]
18: [63, 64]
19: [65, 66]
20: [67, 68]
21: [58, 69, 70, 57]
22: [60, 59]
23: [64, 66, 68, 70, 47, 62, 69, 67, 65, 63, 61, 48]
24: [48, 57, 59, 58, 60, 47]
25: [61, 62]
26: [63, 64]
27: [65, 66]
28: [67, 68]
29: [58, 69, 70, 57]
30: [60, 59]
31: [64, 66, 68, 70, 47, 62, 69, 67, 65, 63, 61, 48]
32: [48, 57, 59, 58, 60, 47]
33: [61, 62]
34: [63, 64]
35: [65, 66]
36: [67, 68]
37: [58, 69, 70, 57]
38: [60, 59]
39: [64, 66, 68, 70, 47, 62, 69, 67, 65, 63, 61, 48]
40: [48, 57, 59, 58, 60, 47]
41: [61, 62]
42: [63, 64]
43: [65, 66]
44: [67, 68]
45: [58, 69, 70, 57]
46: [60, 59]
47: [64, 66, 68, 70, 47, 62, 69, 67, 65, 63, 61, 48]
48: [48, 57, 59, 85, 86, 58, 60, 47]
49: [61, 85, 86, 62]
50: [63, 85, 86, 64]
51: [65, 86, 85, 66]
52: [67, 86, 85, 68]
53: [58, 69, 86, 85, 70, 57]
54: [60, 86, 85, 59]
55: [64, 66, 68, 70, 47, 86, 62, 85, 69, 67, 65, 63, 61, 48]
56: [48, 57, 59, 85, 86, 58, 60, 47]
57: [48, 85, 57, 59, 61, 86, 58, 60, 62, 47]
58: [48, 85, 57, 59, 61, 63, 86, 64, 58, 60, 62, 47]
59: [65, 48, 85, 57, 59, 61, 63, 86, 66, 64, 58, 60, 62, 47]
60: [65, 67, 48, 85, 57, 59, 61, 63, 86, 68, 66, 64, 58, 60, 62, 47]
61: []
62: [64, 66, 68, 70, 47, 86, 60, 62, 85, 69, 67, 65, 63, 59, 61, 48]
63: [64, 66, 68, 70, 47, 86, 62, 85, 69, 67, 65, 63, 61, 48]
62
0: [48, 59, 60, 47]
1: [60, 61, 48, 59, 62, 47]
2: [60, 63, 64, 61, 62, 47, 48, 59]
3: [65, 60, 64, 66, 47, 62, 63, 61, 48, 59]
4: [67, 60, 64, 65, 66, 68, 47, 62, 63, 61, 48, 59]
5: [60, 69, 64, 66, 67, 68, 70, 47, 62, 65, 63, 61, 48, 59]
6: [60, 71, 64, 66, 68, 69, 70, 72, 47, 62, 67, 65, 63, 61, 48, 59]
7: [64, 66, 68, 70, 71, 72, 47, 62, 69, 67, 65, 63, 61, 48]
8: [48, 59, 60, 47]
9: [61, 62]
10: [63, 64]
11: [65, 66]
12: [67, 68]
13: [69, 70]
14: [60, 71, 72, 59]
15: [64, 66, 68, 70, 72, 47, 62, 71, 69, 67, 65, 63, 61, 48]
16: [48, 59, 60, 47]
17: [61, 62]
18: [63, 64]
19: [65, 66]
20: [67, 68]
21: [69, 70]
22: [60, 71, 72, 59]
23: [64, 66, 68, 70, 72, 47, 62, 71, 69, 67, 65, 63, 61, 48]
24: [48, 59, 60, 47]
25: [61, 62]
26: [63, 64]
27: [65, 66]
28: [67, 68]
29: [69, 70]
30: [60, 71, 72, 59]
31: [64, 66, 68, 70, 72, 47, 62, 71, 69, 67, 65, 63, 61, 48]
32: [48, 59, 60, 47]
33: [61, 62]
34: [63, 64]
35: [65, 66]
36: [67, 68]
37: [69, 70]
38: [60, 71, 72, 59]
39: [64, 66, 68, 70, 72, 47, 62, 71, 69, 67, 65, 63, 61, 48]
40: [48, 59, 60, 47]
41: [61, 62]
42: [63, 64]
43: [65, 66]
44: [67, 68]
45: [69, 70]
46: [60, 71, 72, 59]
47: [64, 66, 68, 70, 72, 47, 62, 71, 69, 67, 65, 63, 61, 48]
48: [48, 59, 85, 86, 60, 47]
49: [61, 85, 86, 62]
50: [63, 86, 85, 64]
51: [65, 86, 85, 66]
52: [67, 86, 85, 68]
53: [69, 86, 85, 70]
54: [60, 71, 86, 85, 72, 59]
55: [64, 66, 68, 70, 72, 47, 86, 62, 85, 71, 69, 67, 65, 63, 61, 48]
56: [48, 59, 85, 86, 60, 47]
57: [48, 59, 85, 61, 86, 60, 62, 47]
58: [48, 85, 59, 61, 63, 86, 64, 60, 62, 47]
59: [65, 48, 85, 59, 61, 63, 86, 66, 64, 60, 62, 47]
60: [65, 67, 48, 85, 59, 61, 63, 86, 68, 66, 64, 60, 62, 47]
61: [65, 67, 69, 48, 85, 59, 61, 63, 86, 70, 68, 66, 64, 60, 62, 47]
62: []
63: [64, 66, 68, 70, 72, 47, 86, 62, 85, 71, 69, 67, 65, 63, 61, 48]
63
0: [48, 47]
1: [61, 62, 47, 48]
2: [64, 63, 62, 47, 61, 48]
3: [64, 65, 66, 47, 62, 63, 61, 48]
4: [64, 66, 67, 68, 47, 62, 65, 63, 61, 48]
5: [64, 66, 68, 69, 70, 47, 62, 67, 65, 63, 61, 48]
6: [64, 66, 68, 70, 71, 72, 47, 62, 69, 67, 65, 63, 61, 48]
7: [64, 66, 68, 70, 72, 47, 62, 71, 69, 67, 65, 63, 61, 48]
8: [48, 47]
9: [61, 62]
10: [63, 64]
11: [65, 66]
12: [67, 68]
13: [69, 70]
14: [71, 72]
15: [64, 66, 68, 70, 72, 47, 62, 71, 69, 67, 65, 63, 61, 48]
16: [48, 47]
17: [61, 62]
18: [63, 64]
19: [65, 66]
20: [67, 68]
21: [69, 70]
22: [71, 72]
23: [64, 66, 68, 70, 72, 47, 62, 71, 69, 67, 65, 63, 61, 48]
24: [48, 47]
25: [61, 62]
26: [63, 64]
27: [65, 66]
28: [67, 68]
29: [69, 70]
30: [71, 72]
31: [64, 66, 68, 70, 72, 47, 62, 71, 69, 67, 65, 63, 61, 48]
32: [48, 47]
33: [61, 62]
34: [63, 64]
35: [65, 66]
36: [67, 68]
37: [69, 70]
38: [71, 72]
39: [64, 66, 68, 70, 72, 47, 62, 71, 69, 67, 65, 63, 61, 48]
40: [48, 47]
41: [61, 62]
42: [63, 64]
43: [65, 66]
44: [67, 68]
45: [69, 70]
46: [71, 72]
47: [64, 66, 68, 70, 72, 47, 62, 71, 69, 67, 65, 63, 61, 48]
48: [48, 85, 86, 47]
49: [61, 86, 85, 62]
50: [86, 63, 85, 64]
51: [65, 86, 85, 66]
52: [67, 86, 85, 68]
53: [69, 86, 85, 70]
54: [86, 71, 72, 85]
55: [64, 66, 68, 70, 72, 47, 86, 62, 85, 71, 69, 67, 65, 63, 61, 48]
56: [48, 85, 86, 47]
57: [48, 85, 61, 86, 62, 47]
58: [48, 85, 61, 63, 86, 64, 62, 47]
59: [65, 48, 85, 61, 63, 86, 66, 64, 62, 47]
60: [65, 67, 48, 85, 61, 63, 86, 68, 66, 64, 62, 47]
61: [65, 67, 69, 48, 85, 61, 63, 86, 70, 68, 66, 64, 62, 47]
62: [65, 67, 69, 71, 48, 85, 61, 63, 72, 86, 70, 68, 66, 64, 62, 47]
63: []
