70
1: [44, 45, 55, 54]
2: [54, 55, 45, 44]
3: [43, 53, 63, 64, 65, 66, 56, 46, 36, 35, 34, 33]
4: [33, 34, 44, 54, 64, 63, 53, 43]
5: [33, 34, 35, 45, 55, 65, 64, 63, 53, 43]
6: [34, 35, 36, 46, 56, 66, 65, 64, 54, 44]
7: [35, 36, 46, 56, 66, 65, 55, 45]
8: [33, 34, 35, 36, 46, 45, 44, 43]
9: [43, 44, 45, 46, 56, 55, 54, 53]
10: [53, 54, 55, 56, 66, 65, 64, 63]
11: [22, 23, 24, 25, 26, 27, 37, 47, 57, 67, 77, 76, 75, 74, 73, 72, 62, 52, 42, 32]
12: [32, 33, 34, 35, 36, 37, 27, 26, 25, 24, 23, 22]
13: [32, 42, 43, 44, 45, 46, 47, 37, 27, 26, 25, 24, 23, 22]
14: [32, 42, 52, 53, 54, 55, 56, 57, 47, 37, 27, 26, 25, 24, 23, 22]
15: [32, 42, 52, 62, 63, 64, 65, 66, 67, 57, 47, 37, 27, 26, 25, 24, 23, 22]
16: [42, 52, 62, 72, 73, 74, 75, 76, 77, 67, 57, 47, 37, 36, 35, 34, 33, 32]
17: [52, 62, 72, 73, 74, 75, 76, 77, 67, 57, 47, 46, 45, 44, 43, 42]
18: [62, 72, 73, 74, 75, 76, 77, 67, 57, 56, 55, 54, 53, 52]
19: [72, 73, 74, 75, 76, 77, 67, 66, 65, 64, 63, 62]
20: [32, 42, 52, 62, 72, 73, 63, 53, 43, 33, 23, 22]
21: [33, 43, 53, 63, 73, 74, 64, 54, 44, 34, 24, 23]
22: [34, 44, 54, 64, 74, 75, 65, 55, 45, 35, 25, 24]
23: [35, 45, 55, 65, 75, 76, 66, 56, 46, 36, 26, 25]
24: [36, 46, 56, 66, 76, 77, 67, 57, 47, 37, 27, 26]
25: [21, 31, 41, 51, 61, 71, 81, 82, 83, 84, 85, 86, 87, 88, 78, 68, 58, 48, 38, 28, 18, 17, 16, 15, 14, 13, 12, 11]
26: [11, 12, 22, 32, 42, 52, 62, 72, 82, 81, 71, 61, 51, 41, 31, 21]
27: [11, 12, 13, 23, 33, 43, 53, 63, 73, 83, 82, 81, 71, 61, 51, 41, 31, 21]
28: [11, 12, 13, 14, 24, 34, 44, 54, 64, 74, 84, 83, 82, 81, 71, 61, 51, 41, 31, 21]
29: [11, 12, 13, 14, 15, 25, 35, 45, 55, 65, 75, 85, 84, 83, 82, 81, 71, 61, 51, 41, 31, 21]
30: [11, 12, 13, 14, 15, 16, 26, 36, 46, 56, 66, 76, 86, 85, 84, 83, 82, 81, 71, 61, 51, 41, 31, 21]
31: [11, 12, 13, 14, 15, 16, 17, 27, 37, 47, 57, 67, 77, 87, 86, 85, 84, 83, 82, 81, 71, 61, 51, 41, 31, 21]
32: [12, 13, 14, 15, 16, 17, 18, 28, 38, 48, 58, 68, 78, 88, 87, 86, 85, 84, 83, 82, 72, 62, 52, 42, 32, 22]
33: [13, 14, 15, 16, 17, 18, 28, 38, 48, 58, 68, 78, 88, 87, 86, 85, 84, 83, 73, 63, 53, 43, 33, 23]
34: [14, 15, 16, 17, 18, 28, 38, 48, 58, 68, 78, 88, 87, 86, 85, 84, 74, 64, 54, 44, 34, 24]
35: [15, 16, 17, 18, 28, 38, 48, 58, 68, 78, 88, 87, 86, 85, 75, 65, 55, 45, 35, 25]
36: [16, 17, 18, 28, 38, 48, 58, 68, 78, 88, 87, 86, 76, 66, 56, 46, 36, 26]
37: [17, 18, 28, 38, 48, 58, 68, 78, 88, 87, 77, 67, 57, 47, 37, 27]
38: [11, 12, 13, 14, 15, 16, 17, 18, 28, 27, 26, 25, 24, 23, 22, 21]
39: [21, 22, 23, 24, 25, 26, 27, 28, 38, 37, 36, 35, 34, 33, 32, 31]
40: [31, 32, 33, 34, 35, 36, 37, 38, 48, 47, 46, 45, 44, 43, 42, 41]
41: [41, 42, 43, 44, 45, 46, 47, 48, 58, 57, 56, 55, 54, 53, 52, 51]
42: [51, 52, 53, 54, 55, 56, 57, 58, 68, 67, 66, 65, 64, 63, 62, 61]
43: [61, 62, 63, 64, 65, 66, 67, 68, 78, 77, 76, 75, 74, 73, 72, 71]
44: [71, 72, 73, 74, 75, 76, 77, 78, 88, 87, 86, 85, 84, 83, 82, 81]
45: [0, 1, 2, 3, 4, 5, 6, 7, 8, 9, 19, 29, 39, 49, 59, 69, 79, 89, 99, 98, 97, 96, 95, 94, 93, 92, 91, 90, 80, 70, 60, 50, 40, 30, 20, 10]
46: [10, 11, 12, 13, 14, 15, 16, 17, 18, 19, 9, 8, 7, 6, 5, 4, 3, 2, 1, 0]
47: [10, 20, 21, 22, 23, 24, 25, 26, 27, 28, 29, 19, 9, 8, 7, 6, 5, 4, 3, 2, 1, 0]
48: [10, 20, 30, 31, 32, 33, 34, 35, 36, 37, 38, 39, 29, 19, 9, 8, 7, 6, 5, 4, 3, 2, 1, 0]
49: [10, 20, 30, 40, 41, 42, 43, 44, 45, 46, 47, 48, 49, 39, 29, 19, 9, 8, 7, 6, 5, 4, 3, 2, 1, 0]
50: [10, 20, 30, 40, 50, 51, 52, 53, 54, 55, 56, 57, 58, 59, 49, 39, 29, 19, 9, 8, 7, 6, 5, 4, 3, 2, 1, 0]
51: [10, 20, 30, 40, 50, 60, 61, 62, 63, 64, 65, 66, 67, 68, 69, 59, 49, 39, 29, 19, 9, 8, 7, 6, 5, 4, 3, 2, 1, 0]
52: [10, 20, 30, 40, 50, 60, 70, 71, 72, 73, 74, 75, 76, 77, 78, 79, 69, 59, 49, 39, 29, 19, 9, 8, 7, 6, 5, 4, 3, 2, 1, 0]
53: [10, 20, 30, 40, 50, 60, 70, 80, 81, 82, 83, 84, 85, 86, 87, 88, 89, 79, 69, 59, 49, 39, 29, 19, 9, 8, 7, 6, 5, 4, 3, 2, 1, 0]
54: [20, 30, 40, 50, 60, 70, 80, 90, 91, 92, 93, 94, 95, 96, 97, 98, 99, 89, 79, 69, 59, 49, 39, 29, 19, 18, 17, 16, 15, 14, 13, 12, 11, 10]
55: [30, 40, 50, 60, 70, 80, 90, 91, 92, 93, 94, 95, 96, 97, 98, 99, 89, 79, 69, 59, 49, 39, 29, 28, 27, 26, 25, 24, 23, 22, 21, 20]
56: [40, 50, 60, 70, 80, 90, 91, 92, 93, 94, 95, 96, 97, 98, 99, 89, 79, 69, 59, 49, 39, 38, 37, 36, 35, 34, 33, 32, 31, 30]
57: [50, 60, 70, 80, 90, 91, 92, 93, 94, 95, 96, 97, 98, 99, 89, 79, 69, 59, 49, 48, 47, 46, 45, 44, 43, 42, 41, 40]
58: [60, 70, 80, 90, 91, 92, 93, 94, 95, 96, 97, 98, 99, 89, 79, 69, 59, 58, 57, 56, 55, 54, 53, 52, 51, 50]
59: [70, 80, 90, 91, 92, 93, 94, 95, 96, 97, 98, 99, 89, 79, 69, 68, 67, 66, 65, 64, 63, 62, 61, 60]
60: [80, 90, 91, 92, 93, 94, 95, 96, 97, 98, 99, 89, 79, 78, 77, 76, 75, 74, 73, 72, 71, 70]
61: [90, 91, 92, 93, 94, 95, 96, 97, 98, 99, 89, 88, 87, 86, 85, 84, 83, 82, 81, 80]
62: [10, 20, 30, 40, 50, 60, 70, 80, 90, 91, 81, 71, 61, 51, 41, 31, 21, 11, 1, 0]
63: [11, 21, 31, 41, 51, 61, 71, 81, 91, 92, 82, 72, 62, 52, 42, 32, 22, 12, 2, 1]
64: [12, 22, 32, 42, 52, 62, 72, 82, 92, 93, 83, 73, 63, 53, 43, 33, 23, 13, 3, 2]
65: [13, 23, 33, 43, 53, 63, 73, 83, 93, 94, 84, 74, 64, 54, 44, 34, 24, 14, 4, 3]
66: [14, 24, 34, 44, 54, 64, 74, 84, 94, 95, 85, 75, 65, 55, 45, 35, 25, 15, 5, 4]
67: [15, 25, 35, 45, 55, 65, 75, 85, 95, 96, 86, 76, 66, 56, 46, 36, 26, 16, 6, 5]
68: [16, 26, 36, 46, 56, 66, 76, 86, 96, 97, 87, 77, 67, 57, 47, 37, 27, 17, 7, 6]
69: [17, 27, 37, 47, 57, 67, 77, 87, 97, 98, 88, 78, 68, 58, 48, 38, 28, 18, 8, 7]
70: [18, 28, 38, 48, 58, 68, 78, 88, 98, 99, 89, 79, 69, 59, 49, 39, 29, 19, 9, 8]
100
0
0: []
1: [45, 62, 46, 47, 48, 49, 50, 51, 52, 53]
2: [45, 46, 47, 48, 49, 50, 51, 52, 53]
3: [45, 46, 47, 48, 49, 50, 51, 52, 53]
4: [45, 46, 47, 48, 49, 50, 51, 52, 53]
5: [45, 46, 47, 48, 49, 50, 51, 52, 53]
6: [45, 46, 47, 48, 49, 50, 51, 52, 53]
7: [45, 46, 47, 48, 49, 50, 51, 52, 53]
8: [45, 46, 47, 48, 49, 50, 51, 52, 53]
9: [45, 46, 47, 48, 49, 50, 51, 52, 53]
10: [46, 47, 48, 49, 50, 51, 52, 53, 62, 45]
11: [46, 62]
12: [46]
13: [46]
14: [46]
15: [46]
16: [46]
17: [46]
18: [46]
19: [45, 46, 47, 48, 49, 50, 51, 52, 53]
20: [47, 48, 49, 50, 51, 52, 53, 62, 45]
21: [47, 62]
22: [47]
23: [47]
24: [47]
25: [47]
26: [47]
27: [47]
28: [47]
29: [45, 47, 48, 49, 50, 51, 52, 53]
30: [48, 49, 50, 51, 52, 53, 62, 45]
31: [48, 62]
32: [48]
33: [48]
34: [48]
35: [48]
36: [48]
37: [48]
38: [48]
39: [48, 45, 49, 50, 51, 52, 53]
40: [49, 50, 51, 52, 53, 62, 45]
41: [49, 62]
42: [49]
43: [49]
44: [49]
45: [49]
46: [49]
47: [49]
48: [49]
49: [49, 45, 50, 51, 52, 53]
50: [50, 51, 52, 53, 62, 45]
51: [50, 62]
52: [50]
53: [50]
54: [50]
55: [50]
56: [50]
57: [50]
58: [50]
59: [50, 45, 51, 52, 53]
60: [51, 52, 53, 62, 45]
61: [51, 62]
62: [51]
63: [51]
64: [51]
65: [51]
66: [51]
67: [51]
68: [51]
69: [51, 45, 52, 53]
70: [52, 53, 62, 45]
71: [52, 62]
72: [52]
73: [52]
74: [52]
75: [52]
76: [52]
77: [52]
78: [52]
79: [52, 45, 53]
80: [53, 62, 45]
81: [53, 62]
82: [53]
83: [53]
84: [53]
85: [53]
86: [53]
87: [53]
88: [53]
89: [53, 45]
90: [62, 45]
91: [62, 45]
92: [45]
93: [45]
94: [45]
95: [45]
96: [45]
97: [45]
98: [45]
99: [45]
1
0: [46, 47, 48, 49, 50, 51, 52, 53, 62, 45]
1: []
2: [45, 46, 63, 47, 48, 49, 50, 51, 52, 53]
3: [45, 46, 47, 48, 49, 50, 51, 52, 53]
4: [45, 46, 47, 48, 49, 50, 51, 52, 53]
5: [45, 46, 47, 48, 49, 50, 51, 52, 53]
6: [45, 46, 47, 48, 49, 50, 51, 52, 53]
7: [45, 46, 47, 48, 49, 50, 51, 52, 53]
8: [45, 46, 47, 48, 49, 50, 51, 52, 53]
9: [45, 46, 47, 48, 49, 50, 51, 52, 53]
10: [46, 47, 48, 49, 50, 51, 52, 53, 62, 45]
11: [63, 46, 62]
12: [46, 63]
13: [46]
14: [46]
15: [46]
16: [46]
17: [46]
18: [46]
19: [45, 46, 47, 48, 49, 50, 51, 52, 53]
20: [47, 48, 49, 50, 51, 52, 53, 62, 45]
21: [63, 47, 62]
22: [47, 63]
23: [47]
24: [47]
25: [47]
26: [47]
27: [47]
28: [47]
29: [45, 47, 48, 49, 50, 51, 52, 53]
30: [48, 49, 50, 51, 52, 53, 62, 45]
31: [63, 48, 62]
32: [48, 63]
33: [48]
34: [48]
35: [48]
36: [48]
37: [48]
38: [48]
39: [45, 48, 49, 50, 51, 52, 53]
40: [49, 50, 51, 52, 53, 62, 45]
41: [63, 49, 62]
42: [49, 63]
43: [49]
44: [49]
45: [49]
46: [49]
47: [49]
48: [49]
49: [45, 49, 50, 51, 52, 53]
50: [50, 51, 52, 53, 62, 45]
51: [63, 50, 62]
52: [50, 63]
53: [50]
54: [50]
55: [50]
56: [50]
57: [50]
58: [50]
59: [45, 50, 51, 52, 53]
60: [51, 52, 53, 62, 45]
61: [63, 51, 62]
62: [51, 63]
63: [51]
64: [51]
65: [51]
66: [51]
67: [51]
68: [51]
69: [45, 51, 52, 53]
70: [52, 53, 62, 45]
71: [63, 52, 62]
72: [52, 63]
73: [52]
74: [52]
75: [52]
76: [52]
77: [52]
78: [52]
79: [45, 52, 53]
80: [53, 62, 45]
81: [63, 53, 62]
82: [53, 63]
83: [53]
84: [53]
85: [53]
86: [53]
87: [53]
88: [53]
89: [45, 53]
90: [62, 45]
91: [63, 62, 45]
92: [63, 45]
93: [45]
94: [45]
95: [45]
96: [45]
97: [45]
98: [45]
99: [45]
2
0: [46, 47, 48, 49, 50, 51, 52, 53, 45]
1: [46, 47, 48, 49, 50, 51, 52, 53, 63, 45]
2: []
3: [45, 64, 46, 47, 48, 49, 50, 51, 52, 53]
4: [45, 46, 47, 48, 49, 50, 51, 52, 53]
5: [45, 46, 47, 48, 49, 50, 51, 52, 53]
6: [45, 46, 47, 48, 49, 50, 51, 52, 53]
7: [45, 46, 47, 48, 49, 50, 51, 52, 53]
8: [45, 46, 47, 48, 49, 50, 51, 52, 53]
9: [45, 46, 47, 48, 49, 50, 51, 52, 53]
10: [46, 47, 48, 49, 50, 51, 52, 53, 45]
11: [63, 46]
12: [64, 46, 63]
13: [46, 64]
14: [46]
15: [46]
16: [46]
17: [46]
18: [46]
19: [45, 46, 47, 48, 49, 50, 51, 52, 53]
20: [47, 48, 49, 50, 51, 52, 53, 45]
21: [63, 47]
22: [64, 47, 63]
23: [47, 64]
24: [47]
25: [47]
26: [47]
27: [47]
28: [47]
29: [45, 47, 48, 49, 50, 51, 52, 53]
30: [48, 49, 50, 51, 52, 53, 45]
31: [63, 48]
32: [64, 48, 63]
33: [48, 64]
34: [48]
35: [48]
36: [48]
37: [48]
38: [48]
39: [45, 48, 49, 50, 51, 52, 53]
40: [49, 50, 51, 52, 53, 45]
41: [63, 49]
42: [64, 49, 63]
43: [49, 64]
44: [49]
45: [49]
46: [49]
47: [49]
48: [49]
49: [45, 49, 50, 51, 52, 53]
50: [50, 51, 52, 53, 45]
51: [63, 50]
52: [64, 50, 63]
53: [50, 64]
54: [50]
55: [50]
56: [50]
57: [50]
58: [50]
59: [45, 50, 51, 52, 53]
60: [51, 52, 53, 45]
61: [63, 51]
62: [64, 51, 63]
63: [51, 64]
64: [51]
65: [51]
66: [51]
67: [51]
68: [51]
69: [45, 51, 52, 53]
70: [52, 53, 45]
71: [63, 52]
72: [64, 52, 63]
73: [64, 52]
74: [52]
75: [52]
76: [52]
77: [52]
78: [52]
79: [45, 52, 53]
80: [53, 45]
81: [63, 53]
82: [64, 53, 63]
83: [64, 53]
84: [53]
85: [53]
86: [53]
87: [53]
88: [53]
89: [45, 53]
90: [45]
91: [63, 45]
92: [64, 63, 45]
93: [64, 45]
94: [45]
95: [45]
96: [45]
97: [45]
98: [45]
99: [45]
3
0: [46, 47, 48, 49, 50, 51, 52, 53, 45]
1: [46, 47, 48, 49, 50, 51, 52, 53, 45]
2: [64, 46, 47, 48, 49, 50, 51, 52, 53, 45]
3: []
4: [45, 65, 46, 47, 48, 49, 50, 51, 52, 53]
5: [45, 46, 47, 48, 49, 50, 51, 52, 53]
6: [45, 46, 47, 48, 49, 50, 51, 52, 53]
7: [45, 46, 47, 48, 49, 50, 51, 52, 53]
8: [45, 46, 47, 48, 49, 50, 51, 52, 53]
9: [45, 46, 47, 48, 49, 50, 51, 52, 53]
10: [46, 47, 48, 49, 50, 51, 52, 53, 45]
11: [46]
12: [64, 46]
13: [65, 46, 64]
14: [46, 65]
15: [46]
16: [46]
17: [46]
18: [46]
19: [45, 46, 47, 48, 49, 50, 51, 52, 53]
20: [47, 48, 49, 50, 51, 52, 53, 45]
21: [47]
22: [64, 47]
23: [65, 47, 64]
24: [47, 65]
25: [47]
26: [47]
27: [47]
28: [47]
29: [45, 47, 48, 49, 50, 51, 52, 53]
30: [48, 49, 50, 51, 52, 53, 45]
31: [48]
32: [64, 48]
33: [65, 48, 64]
34: [48, 65]
35: [48]
36: [48]
37: [48]
38: [48]
39: [45, 48, 49, 50, 51, 52, 53]
40: [49, 50, 51, 52, 53, 45]
41: [49]
42: [64, 49]
43: [65, 49, 64]
44: [49, 65]
45: [49]
46: [49]
47: [49]
48: [49]
49: [45, 49, 50, 51, 52, 53]
50: [50, 51, 52, 53, 45]
51: [50]
52: [64, 50]
53: [65, 50, 64]
54: [50, 65]
55: [50]
56: [50]
57: [50]
58: [50]
59: [45, 50, 51, 52, 53]
60: [51, 52, 53, 45]
61: [51]
62: [64, 51]
63: [65, 51, 64]
64: [65, 51]
65: [51]
66: [51]
67: [51]
68: [51]
69: [45, 51, 52, 53]
70: [52, 53, 45]
71: [52]
72: [64, 52]
73: [65, 64, 52]
74: [65, 52]
75: [52]
76: [52]
77: [52]
78: [52]
79: [45, 52, 53]
80: [53, 45]
81: [53]
82: [64, 53]
83: [65, 64, 53]
84: [65, 53]
85: [53]
86: [53]
87: [53]
88: [53]
89: [45, 53]
90: [45]
91: [45]
92: [64, 45]
93: [65, 64, 45]
94: [65, 45]
95: [45]
96: [45]
97: [45]
98: [45]
99: [45]
4
0: [46, 47, 48, 49, 50, 51, 52, 53, 45]
1: [46, 47, 48, 49, 50, 51, 52, 53, 45]
2: [46, 47, 48, 49, 50, 51, 52, 53, 45]
3: [65, 46, 47, 48, 49, 50, 51, 52, 53, 45]
4: []
5: [45, 66, 46, 47, 48, 49, 50, 51, 52, 53]
6: [45, 46, 47, 48, 49, 50, 51, 52, 53]
7: [45, 46, 47, 48, 49, 50, 51, 52, 53]
8: [45, 46, 47, 48, 49, 50, 51, 52, 53]
9: [45, 46, 47, 48, 49, 50, 51, 52, 53]
10: [46, 47, 48, 49, 50, 51, 52, 53, 45]
11: [46]
12: [46]
13: [65, 46]
14: [66, 46, 65]
15: [46, 66]
16: [46]
17: [46]
18: [46]
19: [45, 46, 47, 48, 49, 50, 51, 52, 53]
20: [47, 48, 49, 50, 51, 52, 53, 45]
21: [47]
22: [47]
23: [65, 47]
24: [66, 47, 65]
25: [47, 66]
26: [47]
27: [47]
28: [47]
29: [45, 47, 48, 49, 50, 51, 52, 53]
30: [48, 49, 50, 51, 52, 53, 45]
31: [48]
32: [48]
33: [65, 48]
34: [66, 48, 65]
35: [48, 66]
36: [48]
37: [48]
38: [48]
39: [45, 48, 49, 50, 51, 52, 53]
40: [49, 50, 51, 52, 53, 45]
41: [49]
42: [49]
43: [65, 49]
44: [66, 49, 65]
45: [49, 66]
46: [49]
47: [49]
48: [49]
49: [45, 49, 50, 51, 52, 53]
50: [50, 51, 52, 53, 45]
51: [50]
52: [50]
53: [65, 50]
54: [66, 50, 65]
55: [50, 66]
56: [50]
57: [50]
58: [50]
59: [45, 50, 51, 52, 53]
60: [51, 52, 53, 45]
61: [51]
62: [51]
63: [65, 51]
64: [66, 65, 51]
65: [66, 51]
66: [51]
67: [51]
68: [51]
69: [45, 51, 52, 53]
70: [52, 53, 45]
71: [52]
72: [52]
73: [65, 52]
74: [66, 65, 52]
75: [66, 52]
76: [52]
77: [52]
78: [52]
79: [45, 52, 53]
80: [53, 45]
81: [53]
82: [53]
83: [65, 53]
84: [66, 65, 53]
85: [66, 53]
86: [53]
87: [53]
88: [53]
89: [45, 53]
90: [45]
91: [45]
92: [45]
93: [65, 45]
94: [66, 65, 45]
95: [66, 45]
96: [45]
97: [45]
98: [45]
99: [45]
5
0: [46, 47, 48, 49, 50, 51, 52, 53, 45]
1: [46, 47, 48, 49, 50, 51, 52, 53, 45]
2: [46, 47, 48, 49, 50, 51, 52, 53, 45]
3: [46, 47, 48, 49, 50, 51, 52, 53, 45]
4: [66, 46, 47, 48, 49, 50, 51, 52, 53, 45]
5: []
6: [45, 67, 46, 47, 48, 49, 50, 51, 52, 53]
7: [45, 46, 47, 48, 49, 50, 51, 52, 53]
8: [45, 46, 47, 48, 49, 50, 51, 52, 53]
9: [45, 46, 47, 48, 49, 50, 51, 52, 53]
10: [46, 47, 48, 49, 50, 51, 52, 53, 45]
11: [46]
12: [46]
13: [46]
14: [66, 46]
15: [67, 46, 66]
16: [46, 67]
17: [46]
18: [46]
19: [45, 46, 47, 48, 49, 50, 51, 52, 53]
20: [47, 48, 49, 50, 51, 52, 53, 45]
21: [47]
22: [47]
23: [47]
24: [66, 47]
25: [67, 47, 66]
26: [47, 67]
27: [47]
28: [47]
29: [45, 47, 48, 49, 50, 51, 52, 53]
30: [48, 49, 50, 51, 52, 53, 45]
31: [48]
32: [48]
33: [48]
34: [66, 48]
35: [67, 48, 66]
36: [48, 67]
37: [48]
38: [48]
39: [45, 48, 49, 50, 51, 52, 53]
40: [49, 50, 51, 52, 53, 45]
41: [49]
42: [49]
43: [49]
44: [66, 49]
45: [67, 49, 66]
46: [49, 67]
47: [49]
48: [49]
49: [45, 49, 50, 51, 52, 53]
50: [50, 51, 52, 53, 45]
51: [50]
52: [50]
53: [50]
54: [66, 50]
55: [67, 50, 66]
56: [67, 50]
57: [50]
58: [50]
59: [45, 50, 51, 52, 53]
60: [51, 52, 53, 45]
61: [51]
62: [51]
63: [51]
64: [66, 51]
65: [67, 66, 51]
66: [67, 51]
67: [51]
68: [51]
69: [45, 51, 52, 53]
70: [52, 53, 45]
71: [52]
72: [52]
73: [52]
74: [66, 52]
75: [67, 66, 52]
76: [67, 52]
77: [52]
78: [52]
79: [45, 52, 53]
80: [53, 45]
81: [53]
82: [53]
83: [53]
84: [66, 53]
85: [67, 66, 53]
86: [67, 53]
87: [53]
88: [53]
89: [45, 53]
90: [45]
91: [45]
92: [45]
93: [45]
94: [66, 45]
95: [67, 66, 45]
96: [67, 45]
97: [45]
98: [45]
99: [45]
6
0: [46, 47, 48, 49, 50, 51, 52, 53, 45]
1: [46, 47, 48, 49, 50, 51, 52, 53, 45]
2: [46, 47, 48, 49, 50, 51, 52, 53, 45]
3: [46, 47, 48, 49, 50, 51, 52, 53, 45]
4: [46, 47, 48, 49, 50, 51, 52, 53, 45]
5: [67, 46, 47, 48, 49, 50, 51, 52, 53, 45]
6: []
7: [45, 68, 46, 47, 48, 49, 50, 51, 52, 53]
8: [45, 46, 47, 48, 49, 50, 51, 52, 53]
9: [45, 46, 47, 48, 49, 50, 51, 52, 53]
10: [46, 47, 48, 49, 50, 51, 52, 53, 45]
11: [46]
12: [46]
13: [46]
14: [46]
15: [67, 46]
16: [68, 46, 67]
17: [46, 68]
18: [46]
19: [45, 46, 47, 48, 49, 50, 51, 52, 53]
20: [47, 48, 49, 50, 51, 52, 53, 45]
21: [47]
22: [47]
23: [47]
24: [47]
25: [67, 47]
26: [68, 47, 67]
27: [47, 68]
28: [47]
29: [45, 47, 48, 49, 50, 51, 52, 53]
30: [48, 49, 50, 51, 52, 53, 45]
31: [48]
32: [48]
33: [48]
34: [48]
35: [67, 48]
36: [68, 48, 67]
37: [48, 68]
38: [48]
39: [45, 48, 49, 50, 51, 52, 53]
40: [49, 50, 51, 52, 53, 45]
41: [49]
42: [49]
43: [49]
44: [49]
45: [67, 49]
46: [68, 49, 67]
47: [68, 49]
48: [49]
49: [45, 49, 50, 51, 52, 53]
50: [50, 51, 52, 53, 45]
51: [50]
52: [50]
53: [50]
54: [50]
55: [67, 50]
56: [68, 67, 50]
57: [68, 50]
58: [50]
59: [45, 50, 51, 52, 53]
60: [51, 52, 53, 45]
61: [51]
62: [51]
63: [51]
64: [51]
65: [67, 51]
66: [68, 67, 51]
67: [68, 51]
68: [51]
69: [45, 51, 52, 53]
70: [52, 53, 45]
71: [52]
72: [52]
73: [52]
74: [52]
75: [67, 52]
76: [68, 67, 52]
77: [68, 52]
78: [52]
79: [45, 52, 53]
80: [53, 45]
81: [53]
82: [53]
83: [53]
84: [53]
85: [67, 53]
86: [68, 67, 53]
87: [68, 53]
88: [53]
89: [45, 53]
90: [45]
91: [45]
92: [45]
93: [45]
94: [45]
95: [67, 45]
96: [68, 67, 45]
97: [68, 45]
98: [45]
99: [45]
7
0: [46, 47, 48, 49, 50, 51, 52, 53, 45]
1: [46, 47, 48, 49, 50, 51, 52, 53, 45]
2: [46, 47, 48, 49, 50, 51, 52, 53, 45]
3: [46, 47, 48, 49, 50, 51, 52, 53, 45]
4: [46, 47, 48, 49, 50, 51, 52, 53, 45]
5: [46, 47, 48, 49, 50, 51, 52, 53, 45]
6: [68, 46, 47, 48, 49, 50, 51, 52, 53, 45]
7: []
8: [45, 69, 46, 47, 48, 49, 50, 51, 52, 53]
9: [45, 46, 47, 48, 49, 50, 51, 52, 53]
10: [46, 47, 48, 49, 50, 51, 52, 53, 45]
11: [46]
12: [46]
13: [46]
14: [46]
15: [46]
16: [68, 46]
17: [69, 46, 68]
18: [46, 69]
19: [45, 46, 47, 48, 49, 50, 51, 52, 53]
20: [47, 48, 49, 50, 51, 52, 53, 45]
21: [47]
22: [47]
23: [47]
24: [47]
25: [47]
26: [68, 47]
27: [69, 47, 68]
28: [69, 47]
29: [45, 47, 48, 49, 50, 51, 52, 53]
30: [48, 49, 50, 51, 52, 53, 45]
31: [48]
32: [48]
33: [48]
34: [48]
35: [48]
36: [68, 48]
37: [69, 48, 68]
38: [69, 48]
39: [45, 48, 49, 50, 51, 52, 53]
40: [49, 50, 51, 52, 53, 45]
41: [49]
42: [49]
43: [49]
44: [49]
45: [49]
46: [68, 49]
47: [69, 68, 49]
48: [69, 49]
49: [45, 49, 50, 51, 52, 53]
50: [50, 51, 52, 53, 45]
51: [50]
52: [50]
53: [50]
54: [50]
55: [50]
56: [68, 50]
57: [69, 68, 50]
58: [69, 50]
59: [45, 50, 51, 52, 53]
60: [51, 52, 53, 45]
61: [51]
62: [51]
63: [51]
64: [51]
65: [51]
66: [68, 51]
67: [69, 68, 51]
68: [69, 51]
69: [45, 51, 52, 53]
70: [52, 53, 45]
71: [52]
72: [52]
73: [52]
74: [52]
75: [52]
76: [68, 52]
77: [69, 68, 52]
78: [69, 52]
79: [45, 52, 53]
80: [53, 45]
81: [53]
82: [53]
83: [53]
84: [53]
85: [53]
86: [68, 53]
87: [69, 68, 53]
88: [69, 53]
89: [45, 53]
90: [45]
91: [45]
92: [45]
93: [45]
94: [45]
95: [45]
96: [68, 45]
97: [69, 68, 45]
98: [69, 45]
99: [45]
8
0: [46, 47, 48, 49, 50, 51, 52, 53, 45]
1: [46, 47, 48, 49, 50, 51, 52, 53, 45]
2: [46, 47, 48, 49, 50, 51, 52, 53, 45]
3: [46, 47, 48, 49, 50, 51, 52, 53, 45]
4: [46, 47, 48, 49, 50, 51, 52, 53, 45]
5: [46, 47, 48, 49, 50, 51, 52, 53, 45]
6: [46, 47, 48, 49, 50, 51, 52, 53, 45]
7: [69, 46, 47, 48, 49, 50, 51, 52, 53, 45]
8: []
9: [45, 70, 46, 47, 48, 49, 50, 51, 52, 53]
10: [46, 47, 48, 49, 50, 51, 52, 53, 45]
11: [46]
12: [46]
13: [46]
14: [46]
15: [46]
16: [46]
17: [69, 46]
18: [70, 46, 69]
19: [45, 70, 46, 47, 48, 49, 50, 51, 52, 53]
20: [47, 48, 49, 50, 51, 52, 53, 45]
21: [47]
22: [47]
23: [47]
24: [47]
25: [47]
26: [47]
27: [69, 47]
28: [70, 69, 47]
29: [45, 70, 47, 48, 49, 50, 51, 52, 53]
30: [48, 49, 50, 51, 52, 53, 45]
31: [48]
32: [48]
33: [48]
34: [48]
35: [48]
36: [48]
37: [69, 48]
38: [70, 69, 48]
39: [45, 70, 48, 49, 50, 51, 52, 53]
40: [49, 50, 51, 52, 53, 45]
41: [49]
42: [49]
43: [49]
44: [49]
45: [49]
46: [49]
47: [69, 49]
48: [70, 69, 49]
49: [45, 70, 49, 50, 51, 52, 53]
50: [50, 51, 52, 53, 45]
51: [50]
52: [50]
53: [50]
54: [50]
55: [50]
56: [50]
57: [69, 50]
58: [70, 69, 50]
59: [45, 70, 50, 51, 52, 53]
60: [51, 52, 53, 45]
61: [51]
62: [51]
63: [51]
64: [51]
65: [51]
66: [51]
67: [69, 51]
68: [70, 69, 51]
69: [45, 70, 51, 52, 53]
70: [52, 53, 45]
71: [52]
72: [52]
73: [52]
74: [52]
75: [52]
76: [52]
77: [69, 52]
78: [70, 69, 52]
79: [45, 70, 52, 53]
80: [53, 45]
81: [53]
82: [53]
83: [53]
84: [53]
85: [53]
86: [53]
87: [69, 53]
88: [70, 69, 53]
89: [45, 70, 53]
90: [45]
91: [45]
92: [45]
93: [45]
94: [45]
95: [45]
96: [45]
97: [69, 45]
98: [70, 69, 45]
99: [45, 70]
9
0: [46, 47, 48, 49, 50, 51, 52, 53, 45]
1: [46, 47, 48, 49, 50, 51, 52, 53, 45]
2: [46, 47, 48, 49, 50, 51, 52, 53, 45]
3: [46, 47, 48, 49, 50, 51, 52, 53, 45]
4: [46, 47, 48, 49, 50, 51, 52, 53, 45]
5: [46, 47, 48, 49, 50, 51, 52, 53, 45]
6: [46, 47, 48, 49, 50, 51, 52, 53, 45]
7: [46, 47, 48, 49, 50, 51, 52, 53, 45]
8: [70, 46, 47, 48, 49, 50, 51, 52, 53, 45]
9: []
10: [46, 47, 48, 49, 50, 51, 52, 53, 45]
11: [46]
12: [46]
13: [46]
14: [46]
15: [46]
16: [46]
17: [46]
18: [70, 46]
19: [45, 70, 46, 47, 48, 49, 50, 51, 52, 53]
20: [47, 48, 49, 50, 51, 52, 53, 45]
21: [47]
22: [47]
23: [47]
24: [47]
25: [47]
26: [47]
27: [47]
28: [70, 47]
29: [45, 70, 47, 48, 49, 50, 51, 52, 53]
30: [48, 49, 50, 51, 52, 53, 45]
31: [48]
32: [48]
33: [48]
34: [48]
35: [48]
36: [48]
37: [48]
38: [70, 48]
39: [45, 70, 48, 49, 50, 51, 52, 53]
40: [49, 50, 51, 52, 53, 45]
41: [49]
42: [49]
43: [49]
44: [49]
45: [49]
46: [49]
47: [49]
48: [70, 49]
49: [45, 70, 49, 50, 51, 52, 53]
50: [50, 51, 52, 53, 45]
51: [50]
52: [50]
53: [50]
54: [50]
55: [50]
56: [50]
57: [50]
58: [70, 50]
59: [45, 70, 50, 51, 52, 53]
60: [51, 52, 53, 45]
61: [51]
62: [51]
63: [51]
64: [51]
65: [51]
66: [51]
67: [51]
68: [70, 51]
69: [45, 70, 51, 52, 53]
70: [52, 53, 45]
71: [52]
72: [52]
73: [52]
74: [52]
75: [52]
76: [52]
77: [52]
78: [70, 52]
79: [45, 70, 52, 53]
80: [53, 45]
81: [53]
82: [53]
83: [53]
84: [53]
85: [53]
86: [53]
87: [53]
88: [70, 53]
89: [45, 70, 53]
90: [45]
91: [45]
92: [45]
93: [45]
94: [45]
95: [45]
96: [45]
97: [45]
98: [45, 70]
99: [45, 70]
10
0: [45, 62, 46, 47, 48, 49, 50, 51, 52, 53]
1: [45, 62, 46, 47, 48, 49, 50, 51, 52, 53]
2: [45, 46, 47, 48, 49, 50, 51, 52, 53]
3: [45, 46, 47, 48, 49, 50, 51, 52, 53]
4: [45, 46, 47, 48, 49, 50, 51, 52, 53]
5: [45, 46, 47, 48, 49, 50, 51, 52, 53]
6: [45, 46, 47, 48, 49, 50, 51, 52, 53]
7: [45, 46, 47, 48, 49, 50, 51, 52, 53]
8: [45, 46, 47, 48, 49, 50, 51, 52, 53]
9: [45, 46, 47, 48, 49, 50, 51, 52, 53]
10: []
11: [46, 62, 54]
12: [46, 54]
13: [46, 54]
14: [46, 54]
15: [46, 54]
16: [46, 54]
17: [46, 54]
18: [46, 54]
19: [46, 45, 47, 48, 49, 50, 51, 52, 53, 54]
20: [47, 48, 49, 50, 51, 52, 53, 54, 62, 45]
21: [47, 62]
22: [47]
23: [47]
24: [47]
25: [47]
26: [47]
27: [47]
28: [47]
29: [47, 48, 45, 49, 50, 51, 52, 53, 54]
30: [48, 49, 50, 51, 52, 53, 54, 62, 45]
31: [48, 62]
32: [48]
33: [48]
34: [48]
35: [48]
36: [48]
37: [48]
38: [48]
39: [48, 49, 45, 50, 51, 52, 53, 54]
40: [49, 50, 51, 52, 53, 54, 62, 45]
41: [49, 62]
42: [49]
43: [49]
44: [49]
45: [49]
46: [49]
47: [49]
48: [49]
49: [49, 50, 45, 51, 52, 53, 54]
50: [50, 51, 52, 53, 54, 62, 45]
51: [50, 62]
52: [50]
53: [50]
54: [50]
55: [50]
56: [50]
57: [50]
58: [50]
59: [50, 51, 45, 52, 53, 54]
60: [51, 52, 53, 54, 62, 45]
61: [51, 62]
62: [51]
63: [51]
64: [51]
65: [51]
66: [51]
67: [51]
68: [51]
69: [51, 52, 45, 53, 54]
70: [62, 52, 53, 54, 45]
71: [52, 62]
72: [52]
73: [52]
74: [52]
75: [52]
76: [52]
77: [52]
78: [52]
79: [52, 53, 45, 54]
80: [62, 53, 54, 45]
81: [53, 62]
82: [53]
83: [53]
84: [53]
85: [53]
86: [53]
87: [53]
88: [53]
89: [53, 45, 54]
90: [62, 54, 45]
91: [62, 54, 45]
92: [54, 45]
93: [54, 45]
94: [54, 45]
95: [54, 45]
96: [54, 45]
97: [54, 45]
98: [54, 45]
99: [54, 45]
11
0: [62, 46]
1: [62, 46, 63]
2: [46, 63]
3: [46]
4: [46]
5: [46]
6: [46]
7: [46]
8: [46]
9: [46]
10: [54, 62, 46]
11: []
12: [38, 26, 27, 28, 29, 30, 31, 25]
13: [38, 27, 28, 29, 30, 31, 25]
14: [38, 28, 29, 30, 31, 25]
15: [38, 29, 30, 31, 25]
16: [38, 30, 31, 25]
17: [38, 31, 25]
18: [38, 25]
19: [46, 54]
20: [54, 62]
21: [25, 26, 38, 27, 28, 29, 30, 31]
22: [26, 38]
23: [27, 38]
24: [28, 38]
25: [29, 38]
26: [30, 38]
27: [31, 38]
28: [38, 25]
29: [54]
30: [54, 62]
31: [25, 26, 27, 28, 29, 30, 31]
32: [26]
33: [27]
34: [28]
35: [29]
36: [30]
37: [31]
38: [25]
39: [54]
40: [54, 62]
41: [25, 26, 27, 28, 29, 30, 31]
42: [26]
43: [27]
44: [28]
45: [29]
46: [30]
47: [31]
48: [25]
49: [54]
50: [54, 62]
51: [25, 26, 27, 28, 29, 30, 31]
52: [26]
53: [27]
54: [28]
55: [29]
56: [30]
57: [31]
58: [25]
59: [54]
60: [54, 62]
61: [25, 26, 27, 28, 29, 30, 31]
62: [26]
63: [27]
64: [28]
65: [29]
66: [30]
67: [31]
68: [25]
69: [54]
70: [54, 62]
71: [25, 26, 27, 28, 29, 30, 31]
72: [26]
73: [27]
74: [28]
75: [29]
76: [30]
77: [31]
78: [25]
79: [54]
80: [54, 62]
81: [25, 26, 27, 28, 29, 30, 31]
82: [25, 26, 27, 28, 29, 30, 31]
83: [25, 27, 28, 29, 30, 31]
84: [25, 28, 29, 30, 31]
85: [25, 29, 30, 31]
86: [25, 30, 31]
87: [25, 31]
88: [25]
89: [54]
90: [54, 62]
91: [63, 54, 62]
92: [63, 54]
93: [54]
94: [54]
95: [54]
96: [54]
97: [54]
98: [54]
99: [54]
12
0: [46]
1: [63, 46]
2: [63, 46, 64]
3: [46, 64]
4: [46]
5: [46]
6: [46]
7: [46]
8: [46]
9: [46]
10: [54, 46]
11: [25, 26, 38, 27, 28, 29, 30, 31]
12: []
13: [32, 38, 27, 28, 29, 30, 31, 25]
14: [32, 38, 28, 29, 30, 31, 25]
15: [32, 38, 29, 30, 31, 25]
16: [32, 38, 30, 31, 25]
17: [32, 38, 31, 25]
18: [32, 38, 25]
19: [46, 54]
20: [54]
21: [25, 26, 38, 27, 28, 29, 30, 31]
22: [26, 38, 32]
23: [27, 38]
24: [28, 38]
25: [29, 38]
26: [30, 38]
27: [31, 38]
28: [32, 38, 25]
29: [54]
30: [54]
31: [25, 26, 27, 28, 29, 30, 31]
32: [26, 32]
33: [27]
34: [28]
35: [29]
36: [30]
37: [31]
38: [32, 25]
39: [54]
40: [54]
41: [25, 26, 27, 28, 29, 30, 31]
42: [26, 32]
43: [27]
44: [28]
45: [29]
46: [30]
47: [31]
48: [32, 25]
49: [54]
50: [54]
51: [25, 26, 27, 28, 29, 30, 31]
52: [26, 32]
53: [27]
54: [28]
55: [29]
56: [30]
57: [31]
58: [32, 25]
59: [54]
60: [54]
61: [25, 26, 27, 28, 29, 30, 31]
62: [26, 32]
63: [27]
64: [28]
65: [29]
66: [30]
67: [31]
68: [32, 25]
69: [54]
70: [54]
71: [25, 26, 27, 28, 29, 30, 31]
72: [26, 32]
73: [27]
74: [28]
75: [29]
76: [30]
77: [31]
78: [32, 25]
79: [54]
80: [54]
81: [25, 26, 27, 28, 29, 30, 31]
82: [26, 25, 27, 28, 29, 30, 31, 32]
83: [27, 25, 28, 29, 30, 31, 32]
84: [28, 25, 29, 30, 31, 32]
85: [29, 25, 30, 31, 32]
86: [30, 25, 31, 32]
87: [31, 32, 25]
88: [32, 25]
89: [54]
90: [54]
91: [54, 63]
92: [64, 54, 63]
93: [64, 54]
94: [54]
95: [54]
96: [54]
97: [54]
98: [54]
99: [54]
13
0: [46]
1: [46]
2: [64, 46]
3: [64, 46, 65]
4: [46, 65]
5: [46]
6: [46]
7: [46]
8: [46]
9: [46]
10: [54, 46]
11: [25, 38, 27, 28, 29, 30, 31]
12: [25, 38, 27, 28, 29, 30, 32, 31]
13: []
14: [32, 33, 38, 28, 29, 30, 31, 25]
15: [32, 33, 38, 29, 30, 31, 25]
16: [32, 33, 38, 30, 31, 25]
17: [32, 33, 38, 31, 25]
18: [32, 33, 38, 25]
19: [46, 54]
20: [54]
21: [25, 38, 27, 28, 29, 30, 31]
22: [38, 32]
23: [27, 38, 33]
24: [28, 38]
25: [29, 38]
26: [30, 38]
27: [31, 38]
28: [32, 33, 38, 25]
29: [54]
30: [54]
31: [25, 27, 28, 29, 30, 31]
32: [32]
33: [27, 33]
34: [28]
35: [29]
36: [30]
37: [31]
38: [32, 33, 25]
39: [54]
40: [54]
41: [25, 27, 28, 29, 30, 31]
42: [32]
43: [27, 33]
44: [28]
45: [29]
46: [30]
47: [31]
48: [32, 33, 25]
49: [54]
50: [54]
51: [25, 27, 28, 29, 30, 31]
52: [32]
53: [27, 33]
54: [28]
55: [29]
56: [30]
57: [31]
58: [32, 33, 25]
59: [54]
60: [54]
61: [25, 27, 28, 29, 30, 31]
62: [32]
63: [27, 33]
64: [28]
65: [29]
66: [30]
67: [31]
68: [32, 33, 25]
69: [54]
70: [54]
71: [25, 27, 28, 29, 30, 31]
72: [32]
73: [27, 33]
74: [28]
75: [29]
76: [30]
77: [31]
78: [32, 33, 25]
79: [54]
80: [54]
81: [25, 27, 28, 29, 30, 31]
82: [27, 25, 28, 29, 30, 31, 32]
83: [27, 28, 25, 29, 30, 31, 32, 33]
84: [28, 29, 25, 30, 31, 32, 33]
85: [29, 30, 25, 31, 32, 33]
86: [30, 31, 32, 25, 33]
87: [31, 32, 33, 25]
88: [32, 33, 25]
89: [54]
90: [54]
91: [54]
92: [64, 54]
93: [65, 64, 54]
94: [65, 54]
95: [54]
96: [54]
97: [54]
98: [54]
99: [54]
14
0: [46]
1: [46]
2: [46]
3: [65, 46]
4: [65, 46, 66]
5: [46, 66]
6: [46]
7: [46]
8: [46]
9: [46]
10: [54, 46]
11: [25, 38, 28, 29, 30, 31]
12: [25, 38, 28, 29, 30, 32, 31]
13: [25, 38, 28, 29, 33, 30, 32, 31]
14: []
15: [32, 33, 34, 38, 29, 30, 31, 25]
16: [32, 33, 34, 38, 30, 31, 25]
17: [32, 33, 34, 38, 31, 25]
18: [32, 33, 34, 38, 25]
19: [46, 54]
20: [54]
21: [25, 38, 28, 29, 30, 31]
22: [38, 32]
23: [38, 33]
24: [28, 38, 34]
25: [29, 38]
26: [30, 38]
27: [31, 38]
28: [32, 33, 34, 38, 25]
29: [54]
30: [54]
31: [25, 28, 29, 30, 31]
32: [32]
33: [33]
34: [28, 34]
35: [29]
36: [30]
37: [31]
38: [32, 33, 34, 25]
39: [54]
40: [54]
41: [25, 28, 29, 30, 31]
42: [32]
43: [33]
44: [28, 34]
45: [29]
46: [30]
47: [31]
48: [32, 33, 34, 25]
49: [54]
50: [54]
51: [25, 28, 29, 30, 31]
52: [32]
53: [33]
54: [28, 34]
55: [29]
56: [30]
57: [31]
58: [32, 33, 34, 25]
59: [54]
60: [54]
61: [25, 28, 29, 30, 31]
62: [32]
63: [33]
64: [28, 34]
65: [29]
66: [30]
67: [31]
68: [32, 33, 34, 25]
69: [54]
70: [54]
71: [25, 28, 29, 30, 31]
72: [32]
73: [33]
74: [28, 34]
75: [29]
76: [30]
77: [31]
78: [32, 33, 34, 25]
79: [54]
80: [54]
81: [25, 28, 29, 30, 31]
82: [28, 25, 29, 30, 31, 32]
83: [28, 29, 25, 30, 31, 32, 33]
84: [28, 29, 30, 25, 31, 32, 33, 34]
85: [29, 30, 31, 32, 25, 34, 33]
86: [30, 31, 32, 33, 34, 25]
87: [31, 32, 33, 34, 25]
88: [32, 33, 34, 25]
89: [54]
90: [54]
91: [54]
92: [54]
93: [65, 54]
94: [66, 65, 54]
95: [66, 54]
96: [54]
97: [54]
98: [54]
99: [54]
15
0: [46]
1: [46]
2: [46]
3: [46]
4: [66, 46]
5: [66, 46, 67]
6: [46, 67]
7: [46]
8: [46]
9: [46]
10: [54, 46]
11: [25, 38, 29, 30, 31]
12: [25, 38, 29, 30, 32, 31]
13: [25, 38, 29, 33, 30, 32, 31]
14: [25, 38, 34, 29, 33, 30, 32, 31]
15: []
16: [32, 33, 34, 35, 38, 30, 31, 25]
17: [32, 33, 34, 35, 38, 31, 25]
18: [32, 33, 34, 35, 38, 25]
19: [46, 54]
20: [54]
21: [25, 38, 29, 30, 31]
22: [38, 32]
23: [38, 33]
24: [38, 34]
25: [29, 38, 35]
26: [30, 38]
27: [31, 38]
28: [32, 33, 34, 35, 38, 25]
29: [54]
30: [54]
31: [25, 29, 30, 31]
32: [32]
33: [33]
34: [34]
35: [29, 35]
36: [30]
37: [31]
38: [32, 33, 34, 35, 25]
39: [54]
40: [54]
41: [25, 29, 30, 31]
42: [32]
43: [33]
44: [34]
45: [29, 35]
46: [30]
47: [31]
48: [32, 33, 34, 35, 25]
49: [54]
50: [54]
51: [25, 29, 30, 31]
52: [32]
53: [33]
54: [34]
55: [29, 35]
56: [30]
57: [31]
58: [32, 33, 34, 35, 25]
59: [54]
60: [54]
61: [25, 29, 30, 31]
62: [32]
63: [33]
64: [34]
65: [29, 35]
66: [30]
67: [31]
68: [32, 33, 34, 35, 25]
69: [54]
70: [54]
71: [25, 29, 30, 31]
72: [32]
73: [33]
74: [34]
75: [29, 35]
76: [30]
77: [31]
78: [32, 33, 34, 35, 25]
79: [54]
80: [54]
81: [25, 29, 30, 31]
82: [29, 25, 30, 31, 32]
83: [29, 30, 25, 31, 32, 33]
84: [29, 30, 31, 32, 25, 34, 33]
85: [29, 30, 31, 32, 33, 34, 35, 25]
86: [30, 31, 32, 33, 34, 35, 25]
87: [31, 32, 33, 34, 35, 25]
88: [32, 33, 34, 35, 25]
89: [54]
90: [54]
91: [54]
92: [54]
93: [54]
94: [66, 54]
95: [67, 66, 54]
96: [67, 54]
97: [54]
98: [54]
99: [54]
16
0: [46]
1: [46]
2: [46]
3: [46]
4: [46]
5: [67, 46]
6: [67, 46, 68]
7: [46, 68]
8: [46]
9: [46]
10: [54, 46]
11: [25, 38, 30, 31]
12: [25, 38, 30, 32, 31]
13: [25, 38, 33, 30, 32, 31]
14: [25, 38, 34, 33, 30, 32, 31]
15: [25, 38, 35, 34, 33, 30, 32, 31]
16: []
17: [32, 33, 34, 35, 36, 38, 31, 25]
18: [32, 33, 34, 35, 36, 38, 25]
19: [46, 54]
20: [54]
21: [25, 38, 30, 31]
22: [38, 32]
23: [38, 33]
24: [38, 34]
25: [38, 35]
26: [30, 38, 36]
27: [31, 38]
28: [32, 33, 34, 35, 36, 38, 25]
29: [54]
30: [54]
31: [25, 30, 31]
32: [32]
33: [33]
34: [34]
35: [35]
36: [30, 36]
37: [31]
38: [32, 33, 34, 35, 36, 25]
39: [54]
40: [54]
41: [25, 30, 31]
42: [32]
43: [33]
44: [34]
45: [35]
46: [30, 36]
47: [31]
48: [32, 33, 34, 35, 36, 25]
49: [54]
50: [54]
51: [25, 30, 31]
52: [32]
53: [33]
54: [34]
55: [35]
56: [30, 36]
57: [31]
58: [32, 33, 34, 35, 36, 25]
59: [54]
60: [54]
61: [25, 30, 31]
62: [32]
63: [33]
64: [34]
65: [35]
66: [30, 36]
67: [31]
68: [32, 33, 34, 35, 36, 25]
69: [54]
70: [54]
71: [25, 30, 31]
72: [32]
73: [33]
74: [34]
75: [35]
76: [30, 36]
77: [31]
78: [32, 33, 34, 35, 36, 25]
79: [54]
80: [54]
81: [25, 30, 31]
82: [30, 25, 31, 32]
83: [30, 31, 32, 25, 33]
84: [30, 31, 32, 33, 34, 25]
85: [30, 31, 32, 33, 34, 35, 25]
86: [30, 31, 32, 33, 34, 35, 36, 25]
87: [31, 32, 33, 34, 35, 36, 25]
88: [32, 33, 34, 35, 36, 25]
89: [54]
90: [54]
91: [54]
92: [54]
93: [54]
94: [54]
95: [67, 54]
96: [68, 67, 54]
97: [68, 54]
98: [54]
99: [54]
17
0: [46]
1: [46]
2: [46]
3: [46]
4: [46]
5: [46]
6: [68, 46]
7: [68, 46, 69]
8: [46, 69]
9: [46]
10: [54, 46]
11: [25, 38, 31]
12: [25, 38, 32, 31]
13: [25, 38, 33, 32, 31]
14: [25, 38, 34, 33, 32, 31]
15: [25, 38, 35, 34, 33, 32, 31]
16: [25, 38, 36, 35, 34, 33, 32, 31]
17: []
18: [32, 33, 34, 35, 36, 37, 38, 25]
19: [46, 54]
20: [54]
21: [25, 38, 31]
22: [38, 32]
23: [38, 33]
24: [38, 34]
25: [38, 35]
26: [38, 36]
27: [31, 38, 37]
28: [32, 33, 34, 35, 36, 37, 38, 25]
29: [54]
30: [54]
31: [25, 31]
32: [32]
33: [33]
34: [34]
35: [35]
36: [36]
37: [31, 37]
38: [32, 33, 34, 35, 36, 37, 25]
39: [54]
40: [54]
41: [25, 31]
42: [32]
43: [33]
44: [34]
45: [35]
46: [36]
47: [31, 37]
48: [32, 33, 34, 35, 36, 37, 25]
49: [54]
50: [54]
51: [25, 31]
52: [32]
53: [33]
54: [34]
55: [35]
56: [36]
57: [31, 37]
58: [32, 33, 34, 35, 36, 37, 25]
59: [54]
60: [54]
61: [25, 31]
62: [32]
63: [33]
64: [34]
65: [35]
66: [36]
67: [31, 37]
68: [32, 33, 34, 35, 36, 37, 25]
69: [54]
70: [54]
71: [25, 31]
72: [32]
73: [33]
74: [34]
75: [35]
76: [36]
77: [31, 37]
78: [32, 33, 34, 35, 36, 37, 25]
79: [54]
80: [54]
81: [25, 31]
82: [31, 32, 25]
83: [31, 32, 33, 25]
84: [31, 32, 33, 34, 25]
85: [31, 32, 33, 34, 35, 25]
86: [31, 32, 33, 34, 35, 36, 25]
87: [31, 32, 33, 34, 35, 36, 37, 25]
88: [32, 33, 34, 35, 36, 37, 25]
89: [54]
90: [54]
91: [54]
92: [54]
93: [54]
94: [54]
95: [54]
96: [68, 54]
97: [69, 68, 54]
98: [69, 54]
99: [54]
18
0: [46]
1: [46]
2: [46]
3: [46]
4: [46]
5: [46]
6: [46]
7: [69, 46]
8: [69, 46, 70]
9: [46, 70]
10: [54, 46]
11: [25, 38]
12: [25, 38, 32]
13: [25, 38, 33, 32]
14: [25, 38, 34, 33, 32]
15: [25, 38, 35, 34, 33, 32]
16: [25, 38, 36, 35, 34, 33, 32]
17: [25, 37, 38, 36, 35, 34, 33, 32]
18: []
19: [46, 70, 54]
20: [54]
21: [25, 38]
22: [38, 32]
23: [38, 33]
24: [38, 34]
25: [38, 35]
26: [38, 36]
27: [38, 37]
28: [32, 33, 34, 35, 36, 37, 38, 25]
29: [70, 54]
30: [54]
31: [25]
32: [32]
33: [33]
34: [34]
35: [35]
36: [36]
37: [37]
38: [32, 33, 34, 35, 36, 37, 25]
39: [70, 54]
40: [54]
41: [25]
42: [32]
43: [33]
44: [34]
45: [35]
46: [36]
47: [37]
48: [32, 33, 34, 35, 36, 37, 25]
49: [70, 54]
50: [54]
51: [25]
52: [32]
53: [33]
54: [34]
55: [35]
56: [36]
57: [37]
58: [32, 33, 34, 35, 36, 37, 25]
59: [70, 54]
60: [54]
61: [25]
62: [32]
63: [33]
64: [34]
65: [35]
66: [36]
67: [37]
68: [32, 33, 34, 35, 36, 37, 25]
69: [70, 54]
70: [54]
71: [25]
72: [32]
73: [33]
74: [34]
75: [35]
76: [36]
77: [37]
78: [32, 33, 34, 35, 36, 37, 25]
79: [70, 54]
80: [54]
81: [25]
82: [32, 25]
83: [32, 33, 25]
84: [32, 33, 34, 25]
85: [32, 33, 34, 35, 25]
86: [32, 33, 34, 35, 36, 25]
87: [32, 33, 34, 35, 36, 37, 25]
88: [32, 33, 34, 35, 36, 37, 25]
89: [70, 54]
90: [54]
91: [54]
92: [54]
93: [54]
94: [54]
95: [54]
96: [54]
97: [69, 54]
98: [70, 69, 54]
99: [70, 54]
19
0: [46, 47, 48, 49, 50, 51, 52, 53, 45]
1: [46, 47, 48, 49, 50, 51, 52, 53, 45]
2: [46, 47, 48, 49, 50, 51, 52, 53, 45]
3: [46, 47, 48, 49, 50, 51, 52, 53, 45]
4: [46, 47, 48, 49, 50, 51, 52, 53, 45]
5: [46, 47, 48, 49, 50, 51, 52, 53, 45]
6: [46, 47, 48, 49, 50, 51, 52, 53, 45]
7: [46, 47, 48, 49, 50, 51, 52, 53, 45]
8: [70, 46, 47, 48, 49, 50, 51, 52, 53, 45]
9: [70, 46, 47, 48, 49, 50, 51, 52, 53, 45]
10: [54, 46, 47, 48, 49, 50, 51, 52, 53, 45]
11: [54, 46]
12: [54, 46]
13: [54, 46]
14: [54, 46]
15: [54, 46]
16: [54, 46]
17: [54, 46]
18: [54, 70, 46]
19: []
20: [54, 47, 48, 49, 50, 51, 52, 53, 45]
21: [47]
22: [47]
23: [47]
24: [47]
25: [47]
26: [47]
27: [47]
28: [70, 47]
29: [45, 70, 47, 48, 49, 50, 51, 52, 53, 54]
30: [54, 48, 49, 50, 51, 52, 53, 45]
31: [48]
32: [48]
33: [48]
34: [48]
35: [48]
36: [48]
37: [48]
38: [70, 48]
39: [45, 70, 48, 49, 50, 51, 52, 53, 54]
40: [54, 49, 50, 51, 52, 53, 45]
41: [49]
42: [49]
43: [49]
44: [49]
45: [49]
46: [49]
47: [49]
48: [70, 49]
49: [45, 70, 49, 50, 51, 52, 53, 54]
50: [54, 50, 51, 52, 53, 45]
51: [50]
52: [50]
53: [50]
54: [50]
55: [50]
56: [50]
57: [50]
58: [70, 50]
59: [45, 70, 50, 51, 52, 53, 54]
60: [54, 51, 52, 53, 45]
61: [51]
62: [51]
63: [51]
64: [51]
65: [51]
66: [51]
67: [51]
68: [70, 51]
69: [45, 70, 51, 52, 53, 54]
70: [54, 52, 53, 45]
71: [52]
72: [52]
73: [52]
74: [52]
75: [52]
76: [52]
77: [52]
78: [70, 52]
79: [45, 70, 52, 53, 54]
80: [54, 53, 45]
81: [53]
82: [53]
83: [53]
84: [53]
85: [53]
86: [53]
87: [53]
88: [70, 53]
89: [45, 70, 53, 54]
90: [45, 54]
91: [45, 54]
92: [45, 54]
93: [45, 54]
94: [45, 54]
95: [45, 54]
96: [45, 54]
97: [45, 54]
98: [45, 70, 54]
99: [45, 70, 54]
20
0: [45, 62, 47, 48, 49, 50, 51, 52, 53]
1: [45, 62, 47, 48, 49, 50, 51, 52, 53]
2: [45, 47, 48, 49, 50, 51, 52, 53]
3: [45, 47, 48, 49, 50, 51, 52, 53]
4: [45, 47, 48, 49, 50, 51, 52, 53]
5: [45, 47, 48, 49, 50, 51, 52, 53]
6: [45, 47, 48, 49, 50, 51, 52, 53]
7: [45, 47, 48, 49, 50, 51, 52, 53]
8: [45, 47, 48, 49, 50, 51, 52, 53]
9: [45, 47, 48, 49, 50, 51, 52, 53]
10: [45, 62, 47, 48, 49, 50, 51, 52, 53, 54]
11: [62, 54]
12: [54]
13: [54]
14: [54]
15: [54]
16: [54]
17: [54]
18: [54]
19: [47, 48, 45, 49, 50, 51, 52, 53, 54]
20: []
21: [47, 62, 55]
22: [47, 55]
23: [47, 55]
24: [47, 55]
25: [47, 55]
26: [47, 55]
27: [47, 55]
28: [47, 55]
29: [47, 48, 49, 45, 50, 51, 52, 53, 54, 55]
30: [48, 49, 50, 51, 52, 53, 54, 55, 62, 45]
31: [48, 62]
32: [48]
33: [48]
34: [48]
35: [48]
36: [48]
37: [48]
38: [48]
39: [48, 49, 50, 45, 51, 52, 53, 54, 55]
40: [49, 50, 51, 52, 53, 54, 55, 62, 45]
41: [49, 62]
42: [49]
43: [49]
44: [49]
45: [49]
46: [49]
47: [49]
48: [49]
49: [49, 50, 51, 45, 52, 53, 54, 55]
50: [50, 51, 52, 53, 54, 55, 62, 45]
51: [50, 62]
52: [50]
53: [50]
54: [50]
55: [50]
56: [50]
57: [50]
58: [50]
59: [50, 51, 52, 45, 53, 54, 55]
60: [51, 52, 53, 54, 55, 62, 45]
61: [51, 62]
62: [51]
63: [51]
64: [51]
65: [51]
66: [51]
67: [51]
68: [51]
69: [51, 52, 53, 45, 54, 55]
70: [52, 53, 54, 55, 62, 45]
71: [52, 62]
72: [52]
73: [52]
74: [52]
75: [52]
76: [52]
77: [52]
78: [52]
79: [52, 53, 45, 54, 55]
80: [62, 53, 54, 55, 45]
81: [53, 62]
82: [53]
83: [53]
84: [53]
85: [53]
86: [53]
87: [53]
88: [53]
89: [53, 54, 55, 45]
90: [62, 54, 55, 45]
91: [62, 54, 55, 45]
92: [54, 55, 45]
93: [54, 55, 45]
94: [54, 55, 45]
95: [54, 55, 45]
96: [54, 55, 45]
97: [54, 55, 45]
98: [54, 55, 45]
99: [54, 55, 45]
21
0: [62, 47]
1: [62, 63, 47]
2: [63, 47]
3: [47]
4: [47]
5: [47]
6: [47]
7: [47]
8: [47]
9: [47]
10: [62, 47]
11: [38, 26, 27, 28, 29, 30, 31, 25]
12: [38, 26, 27, 28, 29, 30, 31, 25]
13: [38, 27, 28, 29, 30, 31, 25]
14: [38, 28, 29, 30, 31, 25]
15: [38, 29, 30, 31, 25]
16: [38, 30, 31, 25]
17: [38, 31, 25]
18: [38, 25]
19: [47]
20: [55, 62, 47]
21: []
22: [39, 26, 38]
23: [39, 27, 38]
24: [39, 28, 38]
25: [39, 29, 38]
26: [39, 30, 38]
27: [39, 31, 38]
28: [39, 38, 25]
29: [47, 55]
30: [55, 62]
31: [25, 26, 39, 27, 28, 29, 30, 31]
32: [26, 39]
33: [27, 39]
34: [28, 39]
35: [29, 39]
36: [30, 39]
37: [39, 31]
38: [39, 25]
39: [55]
40: [55, 62]
41: [25, 26, 27, 28, 29, 30, 31]
42: [26]
43: [27]
44: [28]
45: [29]
46: [30]
47: [31]
48: [25]
49: [55]
50: [55, 62]
51: [25, 26, 27, 28, 29, 30, 31]
52: [26]
53: [27]
54: [28]
55: [29]
56: [30]
57: [31]
58: [25]
59: [55]
60: [55, 62]
61: [25, 26, 27, 28, 29, 30, 31]
62: [26]
63: [27]
64: [28]
65: [29]
66: [30]
67: [31]
68: [25]
69: [55]
70: [55, 62]
71: [25, 26, 27, 28, 29, 30, 31]
72: [26]
73: [27]
74: [28]
75: [29]
76: [30]
77: [31]
78: [25]
79: [55]
80: [55, 62]
81: [25, 26, 27, 28, 29, 30, 31]
82: [25, 26, 27, 28, 29, 30, 31]
83: [25, 27, 28, 29, 30, 31]
84: [25, 28, 29, 30, 31]
85: [25, 29, 30, 31]
86: [25, 30, 31]
87: [25, 31]
88: [25]
89: [55]
90: [55, 62]
91: [63, 55, 62]
92: [63, 55]
93: [55]
94: [55]
95: [55]
96: [55]
97: [55]
98: [55]
99: [55]
22
0: [47]
1: [63, 47]
2: [63, 47, 64]
3: [47, 64]
4: [47]
5: [47]
6: [47]
7: [47]
8: [47]
9: [47]
10: [47]
11: [38, 26]
12: [32, 38, 26]
13: [32, 38]
14: [32, 38]
15: [32, 38]
16: [32, 38]
17: [32, 38]
18: [32, 38]
19: [47]
20: [55, 47]
21: [38, 26, 39]
22: []
23: [11, 12, 20, 13, 14, 15]
24: [11, 12, 13, 14, 15]
25: [11, 12, 13, 14, 15]
26: [11, 12, 13, 14, 15]
27: [11, 12, 13, 14, 15]
28: [39, 32, 38]
29: [47, 55]
30: [55]
31: [26, 39]
32: [12, 13, 14, 15, 20, 11]
33: [12, 20]
34: [12]
35: [12]
36: [12]
37: [11, 12, 13, 14, 15]
38: [39, 32]
39: [55]
40: [55]
41: [26]
42: [20, 13, 14, 15, 11]
43: [13, 20]
44: [13]
45: [13]
46: [13]
47: [11, 13, 14, 15]
48: [32]
49: [55]
50: [55]
51: [26]
52: [20, 14, 15, 11]
53: [14, 20]
54: [14]
55: [14]
56: [14]
57: [11, 14, 15]
58: [32]
59: [55]
60: [55]
61: [26]
62: [20, 15, 11]
63: [15, 20]
64: [15]
65: [15]
66: [15]
67: [11, 15]
68: [32]
69: [55]
70: [55]
71: [26]
72: [20, 11]
73: [20, 11]
74: [11]
75: [11]
76: [11]
77: [11]
78: [32]
79: [55]
80: [55]
81: [26]
82: [26, 32]
83: [32]
84: [32]
85: [32]
86: [32]
87: [32]
88: [32]
89: [55]
90: [55]
91: [55, 63]
92: [64, 55, 63]
93: [64, 55]
94: [55]
95: [55]
96: [55]
97: [55]
98: [55]
99: [55]
23
0: [47]
1: [47]
2: [64, 47]
3: [64, 47, 65]
4: [47, 65]
5: [47]
6: [47]
7: [47]
8: [47]
9: [47]
10: [47]
11: [38, 27]
12: [38, 27]
13: [33, 38, 27]
14: [33, 38]
15: [33, 38]
16: [33, 38]
17: [33, 38]
18: [33, 38]
19: [47]
20: [55, 47]
21: [38, 27, 39]
22: [12, 13, 14, 15, 20, 11]
23: []
24: [11, 12, 21, 13, 14, 15]
25: [11, 12, 13, 14, 15]
26: [11, 12, 13, 14, 15]
27: [11, 12, 13, 14, 15]
28: [39, 33, 38]
29: [47, 55]
30: [55]
31: [27, 39]
32: [12, 13, 14, 15, 20, 11]
33: [21, 12, 20]
34: [12, 21]
35: [12]
36: [12]
37: [11, 12, 13, 14, 15]
38: [39, 33]
39: [55]
40: [55]
41: [27]
42: [20, 13, 14, 15, 11]
43: [21, 13, 20]
44: [13, 21]
45: [13]
46: [13]
47: [11, 13, 14, 15]
48: [33]
49: [55]
50: [55]
51: [27]
52: [20, 14, 15, 11]
53: [21, 14, 20]
54: [14, 21]
55: [14]
56: [14]
57: [11, 14, 15]
58: [33]
59: [55]
60: [55]
61: [27]
62: [20, 15, 11]
63: [21, 15, 20]
64: [21, 15]
65: [15]
66: [15]
67: [11, 15]
68: [33]
69: [55]
70: [55]
71: [27]
72: [20, 11]
73: [21, 20, 11]
74: [21, 11]
75: [11]
76: [11]
77: [11]
78: [33]
79: [55]
80: [55]
81: [27]
82: [27]
83: [27, 33]
84: [33]
85: [33]
86: [33]
87: [33]
88: [33]
89: [55]
90: [55]
91: [55]
92: [64, 55]
93: [65, 64, 55]
94: [65, 55]
95: [55]
96: [55]
97: [55]
98: [55]
99: [55]
24
0: [47]
1: [47]
2: [47]
3: [65, 47]
4: [65, 47, 66]
5: [47, 66]
6: [47]
7: [47]
8: [47]
9: [47]
10: [47]
11: [38, 28]
12: [38, 28]
13: [38, 28]
14: [34, 38, 28]
15: [34, 38]
16: [34, 38]
17: [34, 38]
18: [34, 38]
19: [47]
20: [55, 47]
21: [38, 39, 28]
22: [12, 13, 14, 15, 11]
23: [12, 13, 14, 15, 21, 11]
24: []
25: [11, 12, 22, 13, 14, 15]
26: [11, 12, 13, 14, 15]
27: [11, 12, 13, 14, 15]
28: [39, 34, 38]
29: [47, 55]
30: [55]
31: [39, 28]
32: [12, 13, 14, 15, 11]
33: [21, 12]
34: [22, 12, 21]
35: [12, 22]
36: [12]
37: [11, 12, 13, 14, 15]
38: [39, 34]
39: [55]
40: [55]
41: [28]
42: [13, 14, 15, 11]
43: [21, 13]
44: [22, 13, 21]
45: [13, 22]
46: [13]
47: [11, 13, 14, 15]
48: [34]
49: [55]
50: [55]
51: [28]
52: [14, 15, 11]
53: [21, 14]
54: [22, 14, 21]
55: [14, 22]
56: [14]
57: [11, 14, 15]
58: [34]
59: [55]
60: [55]
61: [28]
62: [15, 11]
63: [21, 15]
64: [22, 21, 15]
65: [22, 15]
66: [15]
67: [11, 15]
68: [34]
69: [55]
70: [55]
71: [28]
72: [11]
73: [21, 11]
74: [22, 21, 11]
75: [22, 11]
76: [11]
77: [11]
78: [34]
79: [55]
80: [55]
81: [28]
82: [28]
83: [28]
84: [28, 34]
85: [34]
86: [34]
87: [34]
88: [34]
89: [55]
90: [55]
91: [55]
92: [55]
93: [65, 55]
94: [66, 65, 55]
95: [66, 55]
96: [55]
97: [55]
98: [55]
99: [55]
25
0: [47]
1: [47]
2: [47]
3: [47]
4: [66, 47]
5: [66, 47, 67]
6: [47, 67]
7: [47]
8: [47]
9: [47]
10: [47]
11: [38, 29]
12: [38, 29]
13: [38, 29]
14: [38, 29]
15: [35, 38, 29]
16: [35, 38]
17: [35, 38]
18: [35, 38]
19: [47]
20: [55, 47]
21: [38, 39, 29]
22: [12, 13, 14, 15, 11]
23: [12, 13, 14, 15, 11]
24: [12, 13, 14, 15, 22, 11]
25: []
26: [11, 12, 23, 13, 14, 15]
27: [11, 12, 13, 14, 15]
28: [39, 35, 38]
29: [47, 55]
30: [55]
31: [39, 29]
32: [12, 13, 14, 15, 11]
33: [12]
34: [22, 12]
35: [23, 12, 22]
36: [12, 23]
37: [11, 12, 13, 14, 15]
38: [39, 35]
39: [55]
40: [55]
41: [29]
42: [13, 14, 15, 11]
43: [13]
44: [22, 13]
45: [23, 13, 22]
46: [13, 23]
47: [11, 13, 14, 15]
48: [35]
49: [55]
50: [55]
51: [29]
52: [14, 15, 11]
53: [14]
54: [22, 14]
55: [23, 14, 22]
56: [23, 14]
57: [11, 14, 15]
58: [35]
59: [55]
60: [55]
61: [29]
62: [15, 11]
63: [15]
64: [22, 15]
65: [23, 22, 15]
66: [23, 15]
67: [11, 15]
68: [35]
69: [55]
70: [55]
71: [29]
72: [11]
73: [11]
74: [22, 11]
75: [23, 22, 11]
76: [23, 11]
77: [11]
78: [35]
79: [55]
80: [55]
81: [29]
82: [29]
83: [29]
84: [29]
85: [29, 35]
86: [35]
87: [35]
88: [35]
89: [55]
90: [55]
91: [55]
92: [55]
93: [55]
94: [66, 55]
95: [67, 66, 55]
96: [67, 55]
97: [55]
98: [55]
99: [55]
26
0: [47]
1: [47]
2: [47]
3: [47]
4: [47]
5: [67, 47]
6: [67, 47, 68]
7: [47, 68]
8: [47]
9: [47]
10: [47]
11: [38, 30]
12: [38, 30]
13: [38, 30]
14: [38, 30]
15: [38, 30]
16: [36, 38, 30]
17: [36, 38]
18: [36, 38]
19: [47]
20: [55, 47]
21: [38, 39, 30]
22: [12, 13, 14, 15, 11]
23: [12, 13, 14, 15, 11]
24: [12, 13, 14, 15, 11]
25: [12, 13, 14, 15, 23, 11]
26: []
27: [11, 24, 12, 13, 14, 15]
28: [39, 36, 38]
29: [47, 55]
30: [55]
31: [39, 30]
32: [12, 13, 14, 15, 11]
33: [12]
34: [12]
35: [23, 12]
36: [24, 12, 23]
37: [11, 24, 12, 13, 14, 15]
38: [39, 36]
39: [55]
40: [55]
41: [30]
42: [13, 14, 15, 11]
43: [13]
44: [13]
45: [23, 13]
46: [24, 13, 23]
47: [11, 24, 13, 14, 15]
48: [36]
49: [55]
50: [55]
51: [30]
52: [14, 15, 11]
53: [14]
54: [14]
55: [23, 14]
56: [24, 23, 14]
57: [11, 24, 14, 15]
58: [36]
59: [55]
60: [55]
61: [30]
62: [15, 11]
63: [15]
64: [15]
65: [23, 15]
66: [24, 23, 15]
67: [11, 24, 15]
68: [36]
69: [55]
70: [55]
71: [30]
72: [11]
73: [11]
74: [11]
75: [23, 11]
76: [24, 11, 23]
77: [24, 11]
78: [36]
79: [55]
80: [55]
81: [30]
82: [30]
83: [30]
84: [30]
85: [30]
86: [30, 36]
87: [36]
88: [36]
89: [55]
90: [55]
91: [55]
92: [55]
93: [55]
94: [55]
95: [67, 55]
96: [68, 67, 55]
97: [68, 55]
98: [55]
99: [55]
27
0: [47]
1: [47]
2: [47]
3: [47]
4: [47]
5: [47]
6: [68, 47]
7: [68, 47, 69]
8: [47, 69]
9: [47]
10: [47]
11: [38, 31]
12: [38, 31]
13: [38, 31]
14: [38, 31]
15: [38, 31]
16: [38, 31]
17: [37, 38, 31]
18: [37, 38]
19: [47]
20: [55, 47]
21: [38, 39, 31]
22: [12, 13, 14, 15, 11]
23: [12, 13, 14, 15, 11]
24: [12, 13, 14, 15, 11]
25: [12, 13, 14, 15, 11]
26: [12, 13, 14, 15, 24, 11]
27: []
28: [39, 37, 38]
29: [47, 55]
30: [55]
31: [39, 31]
32: [12, 13, 14, 15, 11]
33: [12]
34: [12]
35: [12]
36: [24, 12]
37: [11, 24, 12, 13, 14, 15]
38: [39, 37]
39: [55]
40: [55]
41: [31]
42: [13, 14, 15, 11]
43: [13]
44: [13]
45: [13]
46: [24, 13]
47: [11, 24, 13, 14, 15]
48: [37]
49: [55]
50: [55]
51: [31]
52: [14, 15, 11]
53: [14]
54: [14]
55: [14]
56: [24, 14]
57: [11, 24, 14, 15]
58: [37]
59: [55]
60: [55]
61: [31]
62: [15, 11]
63: [15]
64: [15]
65: [15]
66: [24, 15]
67: [11, 24, 15]
68: [37]
69: [55]
70: [55]
71: [31]
72: [11]
73: [11]
74: [11]
75: [11]
76: [24, 11]
77: [11, 24]
78: [37]
79: [55]
80: [55]
81: [31]
82: [31]
83: [31]
84: [31]
85: [31]
86: [31]
87: [31, 37]
88: [37]
89: [55]
90: [55]
91: [55]
92: [55]
93: [55]
94: [55]
95: [55]
96: [68, 55]
97: [69, 68, 55]
98: [69, 55]
99: [55]
28
0: [47]
1: [47]
2: [47]
3: [47]
4: [47]
5: [47]
6: [47]
7: [69, 47]
8: [69, 47, 70]
9: [47, 70]
10: [47]
11: [25, 38]
12: [25, 38, 32]
13: [25, 38, 33, 32]
14: [25, 38, 34, 33, 32]
15: [25, 38, 35, 34, 33, 32]
16: [25, 38, 36, 35, 34, 33, 32]
17: [25, 37, 38, 36, 35, 34, 33, 32]
18: [25, 37, 38, 36, 35, 34, 33, 32]
19: [47, 70]
20: [55, 47]
21: [38, 25, 39]
22: [38, 39, 32]
23: [38, 39, 33]
24: [38, 39, 34]
25: [38, 39, 35]
26: [38, 36, 39]
27: [38, 37, 39]
28: []
29: [47, 70, 55]
30: [55]
31: [39, 25]
32: [39, 32]
33: [39, 33]
34: [39, 34]
35: [39, 35]
36: [39, 36]
37: [39, 37]
38: [32, 33, 34, 35, 36, 37, 39, 25]
39: [70, 55]
40: [55]
41: [25]
42: [32]
43: [33]
44: [34]
45: [35]
46: [36]
47: [37]
48: [32, 33, 34, 35, 36, 37, 25]
49: [70, 55]
50: [55]
51: [25]
52: [32]
53: [33]
54: [34]
55: [35]
56: [36]
57: [37]
58: [32, 33, 34, 35, 36, 37, 25]
59: [70, 55]
60: [55]
61: [25]
62: [32]
63: [33]
64: [34]
65: [35]
66: [36]
67: [37]
68: [32, 33, 34, 35, 36, 37, 25]
69: [70, 55]
70: [55]
71: [25]
72: [32]
73: [33]
74: [34]
75: [35]
76: [36]
77: [37]
78: [32, 33, 34, 35, 36, 37, 25]
79: [70, 55]
80: [55]
81: [25]
82: [32, 25]
83: [32, 33, 25]
84: [32, 33, 34, 25]
85: [32, 33, 34, 35, 25]
86: [32, 33, 34, 35, 36, 25]
87: [32, 33, 34, 35, 36, 37, 25]
88: [32, 33, 34, 35, 36, 37, 25]
89: [70, 55]
90: [55]
91: [55]
92: [55]
93: [55]
94: [55]
95: [55]
96: [55]
97: [69, 55]
98: [70, 69, 55]
99: [70, 55]
29
0: [47, 48, 49, 50, 51, 52, 53, 45]
1: [47, 48, 49, 50, 51, 52, 53, 45]
2: [47, 48, 49, 50, 51, 52, 53, 45]
3: [47, 48, 49, 50, 51, 52, 53, 45]
4: [47, 48, 49, 50, 51, 52, 53, 45]
5: [47, 48, 49, 50, 51, 52, 53, 45]
6: [47, 48, 49, 50, 51, 52, 53, 45]
7: [47, 48, 49, 50, 51, 52, 53, 45]
8: [70, 47, 48, 49, 50, 51, 52, 53, 45]
9: [70, 47, 48, 49, 50, 51, 52, 53, 45]
10: [54, 47, 48, 49, 50, 51, 52, 53, 45]
11: [54]
12: [54]
13: [54]
14: [54]
15: [54]
16: [54]
17: [54]
18: [54, 70]
19: [70, 47, 48, 49, 50, 51, 52, 53, 54, 45]
20: [55, 54, 47, 48, 49, 50, 51, 52, 53, 45]
21: [55, 47]
22: [55, 47]
23: [55, 47]
24: [55, 47]
25: [55, 47]
26: [55, 47]
27: [55, 47]
28: [55, 70, 47]
29: []
30: [55, 54, 48, 49, 50, 51, 52, 53, 45]
31: [48]
32: [48]
33: [48]
34: [48]
35: [48]
36: [48]
37: [48]
38: [70, 48]
39: [45, 70, 48, 49, 50, 51, 52, 55, 53, 54]
40: [55, 54, 49, 50, 51, 52, 53, 45]
41: [49]
42: [49]
43: [49]
44: [49]
45: [49]
46: [49]
47: [49]
48: [70, 49]
49: [45, 70, 49, 50, 51, 52, 55, 53, 54]
50: [55, 54, 50, 51, 52, 53, 45]
51: [50]
52: [50]
53: [50]
54: [50]
55: [50]
56: [50]
57: [50]
58: [70, 50]
59: [45, 70, 50, 51, 52, 55, 53, 54]
60: [55, 54, 51, 52, 53, 45]
61: [51]
62: [51]
63: [51]
64: [51]
65: [51]
66: [51]
67: [51]
68: [70, 51]
69: [45, 70, 51, 52, 55, 53, 54]
70: [55, 54, 53, 52, 45]
71: [52]
72: [52]
73: [52]
74: [52]
75: [52]
76: [52]
77: [52]
78: [70, 52]
79: [45, 70, 52, 55, 53, 54]
80: [55, 45, 54, 53]
81: [53]
82: [53]
83: [53]
84: [53]
85: [53]
86: [53]
87: [53]
88: [70, 53]
89: [45, 70, 55, 53, 54]
90: [45, 55, 54]
91: [45, 55, 54]
92: [45, 55, 54]
93: [45, 55, 54]
94: [45, 55, 54]
95: [45, 55, 54]
96: [45, 55, 54]
97: [45, 55, 54]
98: [45, 70, 55, 54]
99: [45, 70, 55, 54]
30
0: [45, 62, 48, 49, 50, 51, 52, 53]
1: [45, 62, 48, 49, 50, 51, 52, 53]
2: [45, 48, 49, 50, 51, 52, 53]
3: [45, 48, 49, 50, 51, 52, 53]
4: [45, 48, 49, 50, 51, 52, 53]
5: [45, 48, 49, 50, 51, 52, 53]
6: [45, 48, 49, 50, 51, 52, 53]
7: [45, 48, 49, 50, 51, 52, 53]
8: [45, 48, 49, 50, 51, 52, 53]
9: [48, 45, 49, 50, 51, 52, 53]
10: [45, 62, 48, 49, 50, 51, 52, 53, 54]
11: [62, 54]
12: [54]
13: [54]
14: [54]
15: [54]
16: [54]
17: [54]
18: [54]
19: [48, 49, 45, 50, 51, 52, 53, 54]
20: [45, 62, 48, 49, 50, 51, 52, 55, 53, 54]
21: [62, 55]
22: [55]
23: [55]
24: [55]
25: [55]
26: [55]
27: [55]
28: [55]
29: [48, 49, 50, 45, 51, 52, 53, 54, 55]
30: []
31: [48, 62, 56]
32: [48, 56]
33: [48, 56]
34: [48, 56]
35: [48, 56]
36: [48, 56]
37: [48, 56]
38: [48, 56]
39: [48, 49, 50, 51, 45, 52, 53, 56, 54, 55]
40: [49, 50, 51, 52, 53, 54, 55, 56, 62, 45]
41: [49, 62]
42: [49]
43: [49]
44: [49]
45: [49]
46: [49]
47: [49]
48: [49]
49: [49, 50, 51, 52, 45, 53, 56, 54, 55]
50: [50, 51, 52, 53, 54, 55, 56, 62, 45]
51: [50, 62]
52: [50]
53: [50]
54: [50]
55: [50]
56: [50]
57: [50]
58: [50]
59: [50, 51, 52, 53, 45, 56, 54, 55]
60: [51, 52, 53, 54, 55, 56, 62, 45]
61: [51, 62]
62: [51]
63: [51]
64: [51]
65: [51]
66: [51]
67: [51]
68: [51]
69: [51, 52, 53, 56, 45, 54, 55]
70: [52, 53, 54, 55, 56, 62, 45]
71: [52, 62]
72: [52]
73: [52]
74: [52]
75: [52]
76: [52]
77: [52]
78: [52]
79: [52, 53, 56, 54, 55, 45]
80: [53, 54, 55, 56, 62, 45]
81: [53, 62]
82: [53]
83: [53]
84: [53]
85: [53]
86: [53]
87: [53]
88: [53]
89: [53, 56, 54, 55, 45]
90: [56, 62, 54, 55, 45]
91: [56, 62, 54, 55, 45]
92: [56, 54, 55, 45]
93: [56, 54, 55, 45]
94: [56, 54, 55, 45]
95: [56, 54, 55, 45]
96: [56, 54, 55, 45]
97: [56, 54, 55, 45]
98: [56, 54, 55, 45]
99: [56, 54, 55, 45]
31
0: [62, 48]
1: [62, 63, 48]
2: [63, 48]
3: [48]
4: [48]
5: [48]
6: [48]
7: [48]
8: [48]
9: [48]
10: [62, 48]
11: [26, 27, 28, 29, 30, 31, 25]
12: [26, 27, 28, 29, 30, 31, 25]
13: [27, 28, 29, 30, 31, 25]
14: [28, 29, 30, 31, 25]
15: [29, 30, 31, 25]
16: [30, 31, 25]
17: [31, 25]
18: [25]
19: [48]
20: [62, 48]
21: [39, 26, 27, 28, 29, 30, 31, 25]
22: [39, 26]
23: [39, 27]
24: [39, 28]
25: [39, 29]
26: [39, 30]
27: [39, 31]
28: [39, 25]
29: [48]
30: [56, 62, 48]
31: []
32: [40, 26, 39]
33: [40, 27, 39]
34: [40, 28, 39]
35: [40, 29, 39]
36: [40, 30, 39]
37: [40, 39, 31]
38: [40, 39, 25]
39: [48, 56]
40: [56, 62]
41: [25, 40, 26, 27, 28, 29, 30, 31]
42: [26, 40]
43: [27, 40]
44: [28, 40]
45: [29, 40]
46: [40, 30]
47: [40, 31]
48: [40, 25]
49: [56]
50: [56, 62]
51: [25, 26, 27, 28, 29, 30, 31]
52: [26]
53: [27]
54: [28]
55: [29]
56: [30]
57: [31]
58: [25]
59: [56]
60: [56, 62]
61: [25, 26, 27, 28, 29, 30, 31]
62: [26]
63: [27]
64: [28]
65: [29]
66: [30]
67: [31]
68: [25]
69: [56]
70: [56, 62]
71: [25, 26, 27, 28, 29, 30, 31]
72: [26]
73: [27]
74: [28]
75: [29]
76: [30]
77: [31]
78: [25]
79: [56]
80: [56, 62]
81: [25, 26, 27, 28, 29, 30, 31]
82: [25, 26, 27, 28, 29, 30, 31]
83: [25, 27, 28, 29, 30, 31]
84: [25, 28, 29, 30, 31]
85: [25, 29, 30, 31]
86: [25, 30, 31]
87: [25, 31]
88: [25]
89: [56]
90: [56, 62]
91: [63, 56, 62]
92: [63, 56]
93: [56]
94: [56]
95: [56]
96: [56]
97: [56]
98: [56]
99: [56]
32
0: [48]
1: [63, 48]
2: [63, 48, 64]
3: [48, 64]
4: [48]
5: [48]
6: [48]
7: [48]
8: [48]
9: [48]
10: [48]
11: [26]
12: [32, 26]
13: [32]
14: [32]
15: [32]
16: [32]
17: [32]
18: [32]
19: [48]
20: [48]
21: [39, 26]
22: [11, 12, 20, 13, 14, 15]
23: [11, 12, 20, 13, 14, 15]
24: [11, 12, 13, 14, 15]
25: [11, 12, 13, 14, 15]
26: [11, 12, 13, 14, 15]
27: [11, 12, 13, 14, 15]
28: [32, 39]
29: [48]
30: [56, 48]
31: [39, 26, 40]
32: []
33: [12, 20, 16]
34: [12, 16]
35: [12, 16]
36: [12, 16]
37: [12, 11, 13, 14, 15, 16]
38: [40, 32, 39]
39: [48, 56]
40: [56]
41: [26, 40]
42: [13, 14, 15, 16, 20, 11]
43: [13, 20]
44: [13]
45: [13]
46: [13]
47: [13, 11, 14, 15, 16]
48: [40, 32]
49: [56]
50: [56]
51: [26]
52: [16, 20, 14, 15, 11]
53: [14, 20]
54: [14]
55: [14]
56: [14]
57: [14, 11, 15, 16]
58: [32]
59: [56]
60: [56]
61: [26]
62: [16, 20, 15, 11]
63: [15, 20]
64: [15]
65: [15]
66: [15]
67: [15, 16, 11]
68: [32]
69: [56]
70: [56]
71: [26]
72: [16, 20, 11]
73: [16, 20, 11]
74: [16, 11]
75: [16, 11]
76: [16, 11]
77: [16, 11]
78: [32]
79: [56]
80: [56]
81: [26]
82: [26, 32]
83: [32]
84: [32]
85: [32]
86: [32]
87: [32]
88: [32]
89: [56]
90: [56]
91: [56, 63]
92: [64, 56, 63]
93: [64, 56]
94: [56]
95: [56]
96: [56]
97: [56]
98: [56]
99: [56]
33
0: [48]
1: [48]
2: [64, 48]
3: [64, 48, 65]
4: [48, 65]
5: [48]
6: [48]
7: [48]
8: [48]
9: [48]
10: [48]
11: [27]
12: [27]
13: [33, 27]
14: [33]
15: [33]
16: [33]
17: [33]
18: [33]
19: [48]
20: [48]
21: [39, 27]
22: [20, 12]
23: [20, 12, 21]
24: [12, 21]
25: [12]
26: [12]
27: [12]
28: [33, 39]
29: [48]
30: [56, 48]
31: [39, 27, 40]
32: [16, 20, 12]
33: []
34: [8, 4, 5, 3]
35: [8, 5, 3]
36: [8, 3]
37: [12, 16]
38: [40, 33, 39]
39: [48, 56]
40: [56]
41: [27, 40]
42: [16, 20]
43: [3, 8, 4, 5]
44: [4, 8]
45: [5, 8]
46: [8, 3]
47: [16]
48: [40, 33]
49: [56]
50: [56]
51: [27]
52: [16, 20]
53: [3, 4, 5]
54: [4]
55: [5]
56: [3]
57: [16]
58: [33]
59: [56]
60: [56]
61: [27]
62: [16, 20]
63: [3, 4, 5]
64: [3, 4, 5]
65: [3, 5]
66: [3]
67: [16]
68: [33]
69: [56]
70: [56]
71: [27]
72: [16, 20]
73: [21, 16, 20]
74: [21, 16]
75: [16]
76: [16]
77: [16]
78: [33]
79: [56]
80: [56]
81: [27]
82: [27]
83: [27, 33]
84: [33]
85: [33]
86: [33]
87: [33]
88: [33]
89: [56]
90: [56]
91: [56]
92: [56, 64]
93: [65, 56, 64]
94: [65, 56]
95: [56]
96: [56]
97: [56]
98: [56]
99: [56]
34
0: [48]
1: [48]
2: [48]
3: [65, 48]
4: [65, 48, 66]
5: [48, 66]
6: [48]
7: [48]
8: [48]
9: [48]
10: [48]
11: [28]
12: [28]
13: [28]
14: [34, 28]
15: [34]
16: [34]
17: [34]
18: [34]
19: [48]
20: [48]
21: [39, 28]
22: [12]
23: [21, 12]
24: [21, 12, 22]
25: [12, 22]
26: [12]
27: [12]
28: [34, 39]
29: [48]
30: [56, 48]
31: [39, 40, 28]
32: [16, 12]
33: [3, 8, 4, 5]
34: []
35: [8, 5, 6, 3]
36: [8, 6, 3]
37: [12, 16]
38: [40, 34, 39]
39: [48, 56]
40: [56]
41: [40, 28]
42: [16]
43: [3, 8, 4, 5]
44: [4, 8, 6]
45: [5, 8]
46: [8, 6, 3]
47: [16]
48: [40, 34]
49: [56]
50: [56]
51: [28]
52: [16]
53: [3, 4, 5]
54: [4, 6]
55: [5]
56: [6, 3]
57: [16]
58: [34]
59: [56]
60: [56]
61: [28]
62: [16]
63: [3, 4, 5]
64: [4, 3, 5, 6]
65: [5, 3, 6]
66: [6, 3]
67: [16]
68: [34]
69: [56]
70: [56]
71: [28]
72: [16]
73: [16, 21]
74: [22, 16, 21]
75: [22, 16]
76: [16]
77: [16]
78: [34]
79: [56]
80: [56]
81: [28]
82: [28]
83: [28]
84: [28, 34]
85: [34]
86: [34]
87: [34]
88: [34]
89: [56]
90: [56]
91: [56]
92: [56]
93: [56, 65]
94: [66, 56, 65]
95: [66, 56]
96: [56]
97: [56]
98: [56]
99: [56]
35
0: [48]
1: [48]
2: [48]
3: [48]
4: [66, 48]
5: [66, 48, 67]
6: [48, 67]
7: [48]
8: [48]
9: [48]
10: [48]
11: [29]
12: [29]
13: [29]
14: [29]
15: [35, 29]
16: [35]
17: [35]
18: [35]
19: [48]
20: [48]
21: [39, 29]
22: [12]
23: [12]
24: [22, 12]
25: [22, 12, 23]
26: [12, 23]
27: [12]
28: [35, 39]
29: [48]
30: [56, 48]
31: [39, 40, 29]
32: [16, 12]
33: [3, 8, 5]
34: [3, 8, 5, 6]
35: []
36: [8, 6, 7, 3]
37: [12, 16]
38: [40, 35, 39]
39: [48, 56]
40: [56]
41: [40, 29]
42: [16]
43: [3, 8, 5]
44: [8, 6]
45: [5, 8, 7]
46: [8, 6, 7, 3]
47: [16]
48: [40, 35]
49: [56]
50: [56]
51: [29]
52: [16]
53: [3, 5]
54: [6]
55: [5, 7]
56: [6, 7, 3]
57: [16]
58: [35]
59: [56]
60: [56]
61: [29]
62: [16]
63: [3, 5]
64: [5, 3, 6]
65: [5, 6, 7, 3]
66: [6, 7, 3]
67: [16]
68: [35]
69: [56]
70: [56]
71: [29]
72: [16]
73: [16]
74: [22, 16]
75: [23, 22, 16]
76: [23, 16]
77: [16]
78: [35]
79: [56]
80: [56]
81: [29]
82: [29]
83: [29]
84: [29]
85: [29, 35]
86: [35]
87: [35]
88: [35]
89: [56]
90: [56]
91: [56]
92: [56]
93: [56]
94: [66, 56]
95: [67, 66, 56]
96: [67, 56]
97: [56]
98: [56]
99: [56]
36
0: [48]
1: [48]
2: [48]
3: [48]
4: [48]
5: [67, 48]
6: [67, 48, 68]
7: [48, 68]
8: [48]
9: [48]
10: [48]
11: [30]
12: [30]
13: [30]
14: [30]
15: [30]
16: [36, 30]
17: [36]
18: [36]
19: [48]
20: [48]
21: [39, 30]
22: [12]
23: [12]
24: [12]
25: [23, 12]
26: [23, 12, 24]
27: [12, 24]
28: [36, 39]
29: [48]
30: [56, 48]
31: [39, 40, 30]
32: [16, 12]
33: [3, 8]
34: [3, 8, 6]
35: [3, 8, 7, 6]
36: []
37: [12, 24, 16]
38: [40, 36, 39]
39: [48, 56]
40: [56]
41: [40, 30]
42: [16]
43: [8, 3]
44: [8, 6]
45: [8, 7]
46: [8, 6, 7, 3]
47: [24, 16]
48: [40, 36]
49: [56]
50: [56]
51: [30]
52: [16]
53: [3]
54: [6]
55: [7]
56: [6, 7, 3]
57: [24, 16]
58: [36]
59: [56]
60: [56]
61: [30]
62: [16]
63: [3]
64: [6, 3]
65: [6, 7, 3]
66: [6, 7, 3]
67: [24, 16]
68: [36]
69: [56]
70: [56]
71: [30]
72: [16]
73: [16]
74: [16]
75: [23, 16]
76: [24, 23, 16]
77: [24, 16]
78: [36]
79: [56]
80: [56]
81: [30]
82: [30]
83: [30]
84: [30]
85: [30]
86: [30, 36]
87: [36]
88: [36]
89: [56]
90: [56]
91: [56]
92: [56]
93: [56]
94: [56]
95: [67, 56]
96: [68, 67, 56]
97: [68, 56]
98: [56]
99: [56]
37
0: [48]
1: [48]
2: [48]
3: [48]
4: [48]
5: [48]
6: [68, 48]
7: [68, 48, 69]
8: [48, 69]
9: [48]
10: [48]
11: [31]
12: [31]
13: [31]
14: [31]
15: [31]
16: [31]
17: [37, 31]
18: [37]
19: [48]
20: [48]
21: [39, 31]
22: [12, 13, 14, 15, 11]
23: [12, 13, 14, 15, 11]
24: [12, 13, 14, 15, 11]
25: [12, 13, 14, 15, 11]
26: [12, 13, 14, 15, 24, 11]
27: [12, 13, 14, 15, 24, 11]
28: [37, 39]
29: [48]
30: [56, 48]
31: [39, 40, 31]
32: [16, 12, 13, 14, 15, 11]
33: [16, 12]
34: [16, 12]
35: [16, 12]
36: [16, 24, 12]
37: []
38: [40, 37, 39]
39: [48, 56]
40: [56]
41: [40, 31]
42: [16, 13, 14, 15, 11]
43: [13]
44: [13]
45: [13]
46: [24, 13]
47: [11, 24, 13, 14, 16, 15]
48: [40, 37]
49: [56]
50: [56]
51: [31]
52: [16, 14, 15, 11]
53: [14]
54: [14]
55: [14]
56: [24, 14]
57: [11, 24, 14, 16, 15]
58: [37]
59: [56]
60: [56]
61: [31]
62: [16, 11, 15]
63: [15]
64: [15]
65: [15]
66: [24, 15]
67: [11, 24, 16, 15]
68: [37]
69: [56]
70: [56]
71: [31]
72: [16, 11]
73: [11, 16]
74: [11, 16]
75: [11, 16]
76: [11, 24, 16]
77: [11, 24, 16]
78: [37]
79: [56]
80: [56]
81: [31]
82: [31]
83: [31]
84: [31]
85: [31]
86: [31]
87: [31, 37]
88: [37]
89: [56]
90: [56]
91: [56]
92: [56]
93: [56]
94: [56]
95: [56]
96: [68, 56]
97: [69, 68, 56]
98: [69, 56]
99: [56]
38
0: [48]
1: [48]
2: [48]
3: [48]
4: [48]
5: [48]
6: [48]
7: [69, 48]
8: [69, 48, 70]
9: [48, 70]
10: [48]
11: [25]
12: [25, 32]
13: [25, 33, 32]
14: [25, 34, 33, 32]
15: [25, 35, 34, 33, 32]
16: [25, 36, 35, 34, 33, 32]
17: [25, 37, 36, 35, 34, 33, 32]
18: [25, 37, 36, 35, 34, 33, 32]
19: [48, 70]
20: [48]
21: [39, 25]
22: [39, 32]
23: [39, 33]
24: [39, 34]
25: [39, 35]
26: [36, 39]
27: [37, 39]
28: [25, 37, 39, 36, 35, 34, 33, 32]
29: [48, 70]
30: [56, 48]
31: [39, 40, 25]
32: [39, 40, 32]
33: [39, 40, 33]
34: [39, 40, 34]
35: [39, 40, 35]
36: [39, 36, 40]
37: [39, 37, 40]
38: []
39: [48, 70, 56]
40: [56]
41: [40, 25]
42: [40, 32]
43: [40, 33]
44: [40, 34]
45: [40, 35]
46: [40, 36]
47: [40, 37]
48: [32, 33, 34, 35, 36, 37, 40, 25]
49: [70, 56]
50: [56]
51: [25]
52: [32]
53: [33]
54: [34]
55: [35]
56: [36]
57: [37]
58: [32, 33, 34, 35, 36, 37, 25]
59: [70, 56]
60: [56]
61: [25]
62: [32]
63: [33]
64: [34]
65: [35]
66: [36]
67: [37]
68: [32, 33, 34, 35, 36, 37, 25]
69: [70, 56]
70: [56]
71: [25]
72: [32]
73: [33]
74: [34]
75: [35]
76: [36]
77: [37]
78: [32, 33, 34, 35, 36, 37, 25]
79: [70, 56]
80: [56]
81: [25]
82: [32, 25]
83: [32, 33, 25]
84: [32, 33, 34, 25]
85: [32, 33, 34, 35, 25]
86: [32, 33, 34, 35, 36, 25]
87: [32, 33, 34, 35, 36, 37, 25]
88: [32, 33, 34, 35, 36, 37, 25]
89: [70, 56]
90: [56]
91: [56]
92: [56]
93: [56]
94: [56]
95: [56]
96: [56]
97: [69, 56]
98: [70, 69, 56]
99: [70, 56]
39
0: [48, 49, 50, 51, 52, 53, 45]
1: [48, 49, 50, 51, 52, 53, 45]
2: [48, 49, 50, 51, 52, 53, 45]
3: [48, 49, 50, 51, 52, 53, 45]
4: [48, 49, 50, 51, 52, 53, 45]
5: [48, 49, 50, 51, 52, 53, 45]
6: [48, 49, 50, 51, 52, 53, 45]
7: [48, 49, 50, 51, 52, 53, 45]
8: [70, 48, 49, 50, 51, 52, 53, 45]
9: [70, 48, 49, 50, 51, 52, 53, 45]
10: [54, 48, 49, 50, 51, 52, 53, 45]
11: [54]
12: [54]
13: [54]
14: [54]
15: [54]
16: [54]
17: [54]
18: [54, 70]
19: [70, 48, 49, 50, 51, 52, 53, 54, 45]
20: [55, 54, 48, 49, 50, 51, 52, 53, 45]
21: [55]
22: [55]
23: [55]
24: [55]
25: [55]
26: [55]
27: [55]
28: [55, 70]
29: [70, 48, 49, 50, 51, 52, 53, 54, 55, 45]
30: [56, 55, 54, 48, 49, 50, 51, 52, 53, 45]
31: [56, 48]
32: [56, 48]
33: [56, 48]
34: [56, 48]
35: [56, 48]
36: [56, 48]
37: [56, 48]
38: [56, 70, 48]
39: []
40: [56, 55, 54, 49, 50, 51, 52, 53, 45]
41: [49]
42: [49]
43: [49]
44: [49]
45: [49]
46: [49]
47: [49]
48: [70, 49]
49: [45, 70, 49, 50, 56, 51, 52, 55, 53, 54]
50: [56, 55, 54, 50, 51, 52, 53, 45]
51: [50]
52: [50]
53: [50]
54: [50]
55: [50]
56: [50]
57: [50]
58: [70, 50]
59: [45, 70, 50, 56, 51, 52, 55, 53, 54]
60: [56, 55, 54, 53, 51, 52, 45]
61: [51]
62: [51]
63: [51]
64: [51]
65: [51]
66: [51]
67: [51]
68: [70, 51]
69: [45, 70, 56, 51, 52, 55, 53, 54]
70: [56, 55, 45, 54, 52, 53]
71: [52]
72: [52]
73: [52]
74: [52]
75: [52]
76: [52]
77: [52]
78: [70, 52]
79: [45, 70, 56, 52, 55, 53, 54]
80: [56, 45, 55, 54, 53]
81: [53]
82: [53]
83: [53]
84: [53]
85: [53]
86: [53]
87: [53]
88: [70, 53]
89: [45, 70, 56, 55, 53, 54]
90: [56, 45, 55, 54]
91: [45, 56, 55, 54]
92: [45, 56, 55, 54]
93: [45, 56, 55, 54]
94: [45, 56, 55, 54]
95: [45, 56, 55, 54]
96: [45, 56, 55, 54]
97: [45, 56, 55, 54]
98: [45, 70, 56, 55, 54]
99: [45, 70, 56, 55, 54]
40
0: [45, 62, 49, 50, 51, 52, 53]
1: [45, 62, 49, 50, 51, 52, 53]
2: [45, 49, 50, 51, 52, 53]
3: [45, 49, 50, 51, 52, 53]
4: [45, 49, 50, 51, 52, 53]
5: [45, 49, 50, 51, 52, 53]
6: [45, 49, 50, 51, 52, 53]
7: [45, 49, 50, 51, 52, 53]
8: [45, 49, 50, 51, 52, 53]
9: [49, 45, 50, 51, 52, 53]
10: [45, 62, 49, 50, 51, 52, 53, 54]
11: [62, 54]
12: [54]
13: [54]
14: [54]
15: [54]
16: [54]
17: [54]
18: [54]
19: [49, 50, 45, 51, 52, 53, 54]
20: [45, 62, 49, 50, 51, 52, 55, 53, 54]
21: [62, 55]
22: [55]
23: [55]
24: [55]
25: [55]
26: [55]
27: [55]
28: [55]
29: [49, 50, 51, 45, 52, 53, 54, 55]
30: [45, 62, 49, 50, 56, 51, 52, 55, 53, 54]
31: [62, 56]
32: [56]
33: [56]
34: [56]
35: [56]
36: [56]
37: [56]
38: [56]
39: [49, 50, 51, 52, 45, 53, 56, 54, 55]
40: []
41: [49, 62, 57]
42: [49, 57]
43: [49, 57]
44: [49, 57]
45: [49, 57]
46: [49, 57]
47: [49, 57]
48: [49, 57]
49: [49, 50, 51, 52, 53, 45, 56, 57, 54, 55]
50: [50, 51, 52, 53, 54, 55, 56, 57, 62, 45]
51: [50, 62]
52: [50]
53: [50]
54: [50]
55: [50]
56: [50]
57: [50]
58: [50]
59: [50, 51, 52, 53, 45, 54, 55, 56, 57]
60: [51, 52, 53, 54, 55, 56, 57, 62, 45]
61: [51, 62]
62: [51]
63: [51]
64: [51]
65: [51]
66: [51]
67: [51]
68: [51]
69: [51, 52, 53, 56, 57, 54, 55, 45]
70: [52, 53, 54, 55, 56, 57, 62, 45]
71: [52, 62]
72: [52]
73: [52]
74: [52]
75: [52]
76: [52]
77: [52]
78: [52]
79: [52, 53, 56, 57, 54, 55, 45]
80: [53, 54, 55, 56, 57, 62, 45]
81: [53, 62]
82: [53]
83: [53]
84: [53]
85: [53]
86: [53]
87: [53]
88: [53]
89: [53, 56, 57, 54, 55, 45]
90: [54, 55, 56, 57, 62, 45]
91: [54, 55, 56, 57, 62, 45]
92: [56, 57, 54, 55, 45]
93: [56, 57, 54, 55, 45]
94: [56, 57, 54, 55, 45]
95: [56, 57, 54, 55, 45]
96: [56, 57, 54, 55, 45]
97: [56, 57, 54, 55, 45]
98: [56, 57, 54, 55, 45]
99: [56, 57, 54, 55, 45]
41
0: [62, 49]
1: [62, 63, 49]
2: [63, 49]
3: [49]
4: [49]
5: [49]
6: [49]
7: [49]
8: [49]
9: [49]
10: [62, 49]
11: [26, 27, 28, 29, 30, 31, 25]
12: [26, 27, 28, 29, 30, 31, 25]
13: [27, 28, 29, 30, 31, 25]
14: [28, 29, 30, 31, 25]
15: [29, 30, 31, 25]
16: [30, 31, 25]
17: [31, 25]
18: [25]
19: [49]
20: [62, 49]
21: [26, 27, 28, 29, 30, 31, 25]
22: [26]
23: [27]
24: [28]
25: [29]
26: [30]
27: [31]
28: [25]
29: [49]
30: [62, 49]
31: [40, 26, 27, 28, 29, 30, 31, 25]
32: [40, 26]
33: [40, 27]
34: [40, 28]
35: [40, 29]
36: [40, 30]
37: [40, 31]
38: [40, 25]
39: [49]
40: [57, 62, 49]
41: []
42: [41, 26, 40]
43: [41, 27, 40]
44: [41, 28, 40]
45: [41, 29, 40]
46: [41, 40, 30]
47: [41, 40, 31]
48: [41, 40, 25]
49: [49, 57]
50: [57, 62]
51: [25, 41, 26, 27, 28, 29, 30, 31]
52: [26, 41]
53: [27, 41]
54: [28, 41]
55: [41, 29]
56: [41, 30]
57: [41, 31]
58: [41, 25]
59: [57]
60: [57, 62]
61: [25, 26, 27, 28, 29, 30, 31]
62: [26]
63: [27]
64: [28]
65: [29]
66: [30]
67: [31]
68: [25]
69: [57]
70: [57, 62]
71: [25, 26, 27, 28, 29, 30, 31]
72: [26]
73: [27]
74: [28]
75: [29]
76: [30]
77: [31]
78: [25]
79: [57]
80: [57, 62]
81: [25, 26, 27, 28, 29, 30, 31]
82: [25, 26, 27, 28, 29, 30, 31]
83: [25, 27, 28, 29, 30, 31]
84: [25, 28, 29, 30, 31]
85: [25, 29, 30, 31]
86: [25, 30, 31]
87: [25, 31]
88: [25]
89: [57]
90: [57, 62]
91: [63, 57, 62]
92: [63, 57]
93: [57]
94: [57]
95: [57]
96: [57]
97: [57]
98: [57]
99: [57]
42
0: [49]
1: [63, 49]
2: [63, 64, 49]
3: [64, 49]
4: [49]
5: [49]
6: [49]
7: [49]
8: [49]
9: [49]
10: [49]
11: [26]
12: [32, 26]
13: [32]
14: [32]
15: [32]
16: [32]
17: [32]
18: [32]
19: [49]
20: [49]
21: [26]
22: [11, 20, 13, 14, 15]
23: [11, 20, 13, 14, 15]
24: [11, 13, 14, 15]
25: [11, 13, 14, 15]
26: [11, 13, 14, 15]
27: [11, 13, 14, 15]
28: [32]
29: [49]
30: [49]
31: [40, 26]
32: [11, 20, 13, 14, 16, 15]
33: [20, 16]
34: [16]
35: [16]
36: [16]
37: [13, 11, 14, 15, 16]
38: [40, 32]
39: [49]
40: [57, 49]
41: [40, 26, 41]
42: []
43: [13, 20, 17]
44: [13, 17]
45: [13, 17]
46: [13, 17]
47: [13, 14, 11, 15, 16, 17]
48: [41, 40, 32]
49: [49, 57]
50: [57]
51: [26, 41]
52: [14, 15, 16, 17, 20, 11]
53: [14, 20]
54: [14]
55: [14]
56: [14]
57: [14, 15, 16, 17, 11]
58: [41, 32]
59: [57]
60: [57]
61: [26]
62: [16, 17, 20, 15, 11]
63: [15, 20]
64: [15]
65: [15]
66: [15]
67: [15, 16, 17, 11]
68: [32]
69: [57]
70: [57]
71: [26]
72: [16, 17, 20, 11]
73: [16, 17, 20, 11]
74: [16, 17, 11]
75: [16, 17, 11]
76: [16, 17, 11]
77: [16, 17, 11]
78: [32]
79: [57]
80: [57]
81: [26]
82: [26, 32]
83: [32]
84: [32]
85: [32]
86: [32]
87: [32]
88: [32]
89: [57]
90: [57]
91: [57, 63]
92: [64, 57, 63]
93: [64, 57]
94: [57]
95: [57]
96: [57]
97: [57]
98: [57]
99: [57]
43
0: [49]
1: [49]
2: [64, 49]
3: [64, 65, 49]
4: [65, 49]
5: [49]
6: [49]
7: [49]
8: [49]
9: [49]
10: [49]
11: [27]
12: [27]
13: [33, 27]
14: [33]
15: [33]
16: [33]
17: [33]
18: [33]
19: [49]
20: [49]
21: [27]
22: [20, 13]
23: [20, 21, 13]
24: [21, 13]
25: [13]
26: [13]
27: [13]
28: [33]
29: [49]
30: [49]
31: [40, 27]
32: [20, 13]
33: [8, 4, 5, 3]
34: [8, 4, 5, 3]
35: [8, 5, 3]
36: [8, 3]
37: [13]
38: [40, 33]
39: [49]
40: [57, 49]
41: [40, 27, 41]
42: [17, 20, 13]
43: []
44: [9, 4, 8]
45: [9, 5, 8]
46: [9, 8, 3]
47: [13, 17]
48: [41, 40, 33]
49: [49, 57]
50: [57]
51: [27, 41]
52: [17, 20]
53: [3, 9, 4, 5]
54: [4, 9]
55: [9, 5]
56: [9, 3]
57: [17]
58: [41, 33]
59: [57]
60: [57]
61: [27]
62: [17, 20]
63: [3, 4, 5]
64: [3, 4, 5]
65: [3, 5]
66: [3]
67: [17]
68: [33]
69: [57]
70: [57]
71: [27]
72: [17, 20]
73: [21, 17, 20]
74: [21, 17]
75: [17]
76: [17]
77: [17]
78: [33]
79: [57]
80: [57]
81: [27]
82: [27]
83: [27, 33]
84: [33]
85: [33]
86: [33]
87: [33]
88: [33]
89: [57]
90: [57]
91: [57]
92: [57, 64]
93: [65, 57, 64]
94: [65, 57]
95: [57]
96: [57]
97: [57]
98: [57]
99: [57]
44
0: [49]
1: [49]
2: [49]
3: [65, 49]
4: [65, 49, 66]
5: [49, 66]
6: [49]
7: [49]
8: [49]
9: [49]
10: [49]
11: [28]
12: [28]
13: [28]
14: [34, 28]
15: [34]
16: [34]
17: [34]
18: [34]
19: [49]
20: [49]
21: [28]
22: [13]
23: [21, 13]
24: [21, 13, 22]
25: [13, 22]
26: [13]
27: [13]
28: [34]
29: [49]
30: [49]
31: [40, 28]
32: [13]
33: [8, 4]
34: [6, 8, 4]
35: [6, 8]
36: [6, 8]
37: [13]
38: [34, 40]
39: [49]
40: [57, 49]
41: [40, 28, 41]
42: [17, 13]
43: [8, 4, 9]
44: []
45: [1, 2]
46: [9, 6, 8]
47: [13, 17]
48: [41, 34, 40]
49: [49, 57]
50: [57]
51: [28, 41]
52: [17]
53: [4, 9]
54: [2, 1]
55: [1, 2]
56: [9, 6]
57: [17]
58: [41, 34]
59: [57]
60: [57]
61: [28]
62: [17]
63: [4]
64: [4, 6]
65: [6]
66: [6]
67: [17]
68: [34]
69: [57]
70: [57]
71: [28]
72: [17]
73: [17, 21]
74: [22, 17, 21]
75: [22, 17]
76: [17]
77: [17]
78: [34]
79: [57]
80: [57]
81: [28]
82: [28]
83: [28]
84: [28, 34]
85: [34]
86: [34]
87: [34]
88: [34]
89: [57]
90: [57]
91: [57]
92: [57]
93: [57, 65]
94: [66, 57, 65]
95: [66, 57]
96: [57]
97: [57]
98: [57]
99: [57]
45
0: [49]
1: [49]
2: [49]
3: [49]
4: [66, 49]
5: [66, 49, 67]
6: [49, 67]
7: [49]
8: [49]
9: [49]
10: [49]
11: [29]
12: [29]
13: [29]
14: [29]
15: [35, 29]
16: [35]
17: [35]
18: [35]
19: [49]
20: [49]
21: [29]
22: [13]
23: [13]
24: [22, 13]
25: [22, 13, 23]
26: [13, 23]
27: [13]
28: [35]
29: [49]
30: [49]
31: [40, 29]
32: [13]
33: [8, 5]
34: [8, 5]
35: [7, 8, 5]
36: [7, 8]
37: [13]
38: [35, 40]
39: [49]
40: [57, 49]
41: [40, 41, 29]
42: [17, 13]
43: [8, 9, 5]
44: [2, 1]
45: []
46: [9, 7, 8]
47: [13, 17]
48: [41, 35, 40]
49: [49, 57]
50: [57]
51: [41, 29]
52: [17]
53: [9, 5]
54: [1, 2]
55: [1, 2]
56: [9, 7]
57: [17]
58: [41, 35]
59: [57]
60: [57]
61: [29]
62: [17]
63: [5]
64: [5]
65: [5, 7]
66: [7]
67: [17]
68: [35]
69: [57]
70: [57]
71: [29]
72: [17]
73: [17]
74: [17, 22]
75: [23, 17, 22]
76: [23, 17]
77: [17]
78: [35]
79: [57]
80: [57]
81: [29]
82: [29]
83: [29]
84: [29]
85: [29, 35]
86: [35]
87: [35]
88: [35]
89: [57]
90: [57]
91: [57]
92: [57]
93: [57]
94: [57, 66]
95: [67, 57, 66]
96: [67, 57]
97: [57]
98: [57]
99: [57]
46
0: [49]
1: [49]
2: [49]
3: [49]
4: [49]
5: [67, 49]
6: [67, 49, 68]
7: [49, 68]
8: [49]
9: [49]
10: [49]
11: [30]
12: [30]
13: [30]
14: [30]
15: [30]
16: [36, 30]
17: [36]
18: [36]
19: [49]
20: [49]
21: [30]
22: [13]
23: [13]
24: [13]
25: [23, 13]
26: [23, 13, 24]
27: [13, 24]
28: [36]
29: [49]
30: [49]
31: [40, 30]
32: [13]
33: [8, 3]
34: [3, 8, 6]
35: [3, 8, 7, 6]
36: [3, 8, 7, 6]
37: [13, 24]
38: [36, 40]
39: [49]
40: [57, 49]
41: [40, 41, 30]
42: [17, 13]
43: [8, 9, 3]
44: [8, 9, 6]
45: [8, 7, 9]
46: []
47: [13, 24, 17]
48: [41, 36, 40]
49: [49, 57]
50: [57]
51: [41, 30]
52: [17]
53: [9, 3]
54: [9, 6]
55: [9, 7]
56: [9, 6, 7, 3]
57: [24, 17]
58: [41, 36]
59: [57]
60: [57]
61: [30]
62: [17]
63: [3]
64: [6, 3]
65: [6, 7, 3]
66: [6, 7, 3]
67: [24, 17]
68: [36]
69: [57]
70: [57]
71: [30]
72: [17]
73: [17]
74: [17]
75: [23, 17]
76: [24, 23, 17]
77: [24, 17]
78: [36]
79: [57]
80: [57]
81: [30]
82: [30]
83: [30]
84: [30]
85: [30]
86: [30, 36]
87: [36]
88: [36]
89: [57]
90: [57]
91: [57]
92: [57]
93: [57]
94: [57]
95: [67, 57]
96: [68, 67, 57]
97: [68, 57]
98: [57]
99: [57]
47
0: [49]
1: [49]
2: [49]
3: [49]
4: [49]
5: [49]
6: [68, 49]
7: [68, 49, 69]
8: [49, 69]
9: [49]
10: [49]
11: [31]
12: [31]
13: [31]
14: [31]
15: [31]
16: [31]
17: [37, 31]
18: [37]
19: [49]
20: [49]
21: [31]
22: [13, 14, 15, 11]
23: [13, 14, 15, 11]
24: [13, 14, 15, 11]
25: [13, 14, 15, 11]
26: [24, 13, 14, 15, 11]
27: [24, 13, 14, 15, 11]
28: [37]
29: [49]
30: [49]
31: [40, 31]
32: [16, 13, 14, 15, 11]
33: [16]
34: [16]
35: [16]
36: [16, 24]
37: [13, 14, 15, 16, 24, 11]
38: [37, 40]
39: [49]
40: [57, 49]
41: [40, 41, 31]
42: [17, 16, 13, 14, 15, 11]
43: [17, 13]
44: [17, 13]
45: [17, 13]
46: [17, 24, 13]
47: []
48: [41, 37, 40]
49: [49, 57]
50: [57]
51: [41, 31]
52: [17, 16, 11, 14, 15]
53: [14]
54: [14]
55: [14]
56: [24, 14]
57: [11, 24, 17, 14, 16, 15]
58: [41, 37]
59: [57]
60: [57]
61: [31]
62: [17, 16, 11, 15]
63: [15]
64: [15]
65: [15]
66: [24, 15]
67: [11, 24, 17, 16, 15]
68: [37]
69: [57]
70: [57]
71: [31]
72: [17, 11, 16]
73: [11, 17, 16]
74: [11, 17, 16]
75: [11, 17, 16]
76: [11, 24, 17, 16]
77: [11, 24, 17, 16]
78: [37]
79: [57]
80: [57]
81: [31]
82: [31]
83: [31]
84: [31]
85: [31]
86: [31]
87: [31, 37]
88: [37]
89: [57]
90: [57]
91: [57]
92: [57]
93: [57]
94: [57]
95: [57]
96: [68, 57]
97: [69, 68, 57]
98: [69, 57]
99: [57]
48
0: [49]
1: [49]
2: [49]
3: [49]
4: [49]
5: [49]
6: [49]
7: [69, 49]
8: [69, 49, 70]
9: [49, 70]
10: [49]
11: [25]
12: [25, 32]
13: [25, 33, 32]
14: [25, 34, 33, 32]
15: [25, 35, 34, 33, 32]
16: [25, 36, 35, 34, 33, 32]
17: [25, 37, 36, 35, 34, 33, 32]
18: [25, 37, 36, 35, 34, 33, 32]
19: [49, 70]
20: [49]
21: [25]
22: [32]
23: [33]
24: [34]
25: [35]
26: [36]
27: [37]
28: [25, 37, 36, 35, 34, 33, 32]
29: [49, 70]
30: [49]
31: [40, 25]
32: [40, 32]
33: [40, 33]
34: [40, 34]
35: [40, 35]
36: [36, 40]
37: [37, 40]
38: [25, 40, 37, 36, 35, 34, 33, 32]
39: [49, 70]
40: [57, 49]
41: [40, 41, 25]
42: [40, 41, 32]
43: [40, 41, 33]
44: [40, 41, 34]
45: [40, 35, 41]
46: [40, 36, 41]
47: [40, 37, 41]
48: []
49: [49, 70, 57]
50: [57]
51: [41, 25]
52: [41, 32]
53: [41, 33]
54: [41, 34]
55: [41, 35]
56: [41, 36]
57: [41, 37]
58: [32, 33, 34, 35, 36, 37, 41, 25]
59: [70, 57]
60: [57]
61: [25]
62: [32]
63: [33]
64: [34]
65: [35]
66: [36]
67: [37]
68: [32, 33, 34, 35, 36, 37, 25]
69: [70, 57]
70: [57]
71: [25]
72: [32]
73: [33]
74: [34]
75: [35]
76: [36]
77: [37]
78: [32, 33, 34, 35, 36, 37, 25]
79: [70, 57]
80: [57]
81: [25]
82: [32, 25]
83: [32, 33, 25]
84: [32, 33, 34, 25]
85: [32, 33, 34, 35, 25]
86: [32, 33, 34, 35, 36, 25]
87: [32, 33, 34, 35, 36, 37, 25]
88: [32, 33, 34, 35, 36, 37, 25]
89: [70, 57]
90: [57]
91: [57]
92: [57]
93: [57]
94: [57]
95: [57]
96: [57]
97: [69, 57]
98: [70, 69, 57]
99: [70, 57]
49
0: [49, 50, 51, 52, 53, 45]
1: [49, 50, 51, 52, 53, 45]
2: [49, 50, 51, 52, 53, 45]
3: [49, 50, 51, 52, 53, 45]
4: [49, 50, 51, 52, 53, 45]
5: [49, 50, 51, 52, 53, 45]
6: [49, 50, 51, 52, 53, 45]
7: [49, 50, 51, 52, 53, 45]
8: [70, 49, 50, 51, 52, 53, 45]
9: [70, 49, 50, 51, 52, 53, 45]
10: [54, 49, 50, 51, 52, 53, 45]
11: [54]
12: [54]
13: [54]
14: [54]
15: [54]
16: [54]
17: [54]
18: [54, 70]
19: [70, 49, 50, 51, 52, 53, 54, 45]
20: [55, 54, 49, 50, 51, 52, 53, 45]
21: [55]
22: [55]
23: [55]
24: [55]
25: [55]
26: [55]
27: [55]
28: [55, 70]
29: [70, 49, 50, 51, 52, 53, 54, 55, 45]
30: [56, 55, 54, 49, 50, 51, 52, 53, 45]
31: [56]
32: [56]
33: [56]
34: [56]
35: [56]
36: [56]
37: [56]
38: [56, 70]
39: [70, 49, 50, 51, 52, 53, 54, 55, 56, 45]
40: [57, 56, 55, 54, 49, 50, 51, 52, 53, 45]
41: [57, 49]
42: [57, 49]
43: [57, 49]
44: [57, 49]
45: [57, 49]
46: [57, 49]
47: [57, 49]
48: [57, 70, 49]
49: []
50: [57, 56, 55, 54, 45, 50, 51, 52, 53]
51: [50]
52: [50]
53: [50]
54: [50]
55: [50]
56: [50]
57: [50]
58: [70, 50]
59: [45, 70, 57, 50, 56, 51, 52, 55, 53, 54]
60: [57, 56, 55, 45, 54, 51, 52, 53]
61: [51]
62: [51]
63: [51]
64: [51]
65: [51]
66: [51]
67: [51]
68: [70, 51]
69: [45, 70, 57, 56, 51, 52, 55, 53, 54]
70: [57, 56, 45, 55, 54, 52, 53]
71: [52]
72: [52]
73: [52]
74: [52]
75: [52]
76: [52]
77: [52]
78: [70, 52]
79: [45, 70, 57, 56, 52, 55, 53, 54]
80: [57, 56, 45, 55, 54, 53]
81: [53]
82: [53]
83: [53]
84: [53]
85: [53]
86: [53]
87: [53]
88: [70, 53]
89: [45, 70, 57, 56, 55, 53, 54]
90: [57, 45, 56, 55, 54]
91: [45, 57, 56, 55, 54]
92: [45, 57, 56, 55, 54]
93: [45, 57, 56, 55, 54]
94: [45, 57, 56, 55, 54]
95: [45, 57, 56, 55, 54]
96: [45, 57, 56, 55, 54]
97: [45, 57, 56, 55, 54]
98: [45, 70, 57, 56, 55, 54]
99: [45, 70, 57, 56, 55, 54]
50
0: [45, 62, 50, 51, 52, 53]
1: [45, 62, 50, 51, 52, 53]
2: [45, 50, 51, 52, 53]
3: [45, 50, 51, 52, 53]
4: [45, 50, 51, 52, 53]
5: [45, 50, 51, 52, 53]
6: [45, 50, 51, 52, 53]
7: [45, 50, 51, 52, 53]
8: [45, 50, 51, 52, 53]
9: [50, 45, 51, 52, 53]
10: [45, 62, 50, 51, 52, 53, 54]
11: [62, 54]
12: [54]
13: [54]
14: [54]
15: [54]
16: [54]
17: [54]
18: [54]
19: [50, 51, 45, 52, 53, 54]
20: [45, 62, 50, 51, 52, 55, 53, 54]
21: [62, 55]
22: [55]
23: [55]
24: [55]
25: [55]
26: [55]
27: [55]
28: [55]
29: [50, 51, 52, 45, 53, 54, 55]
30: [45, 62, 50, 56, 51, 52, 55, 53, 54]
31: [62, 56]
32: [56]
33: [56]
34: [56]
35: [56]
36: [56]
37: [56]
38: [56]
39: [50, 51, 52, 53, 45, 56, 54, 55]
40: [45, 62, 57, 50, 56, 51, 52, 55, 53, 54]
41: [62, 57]
42: [57]
43: [57]
44: [57]
45: [57]
46: [57]
47: [57]
48: [57]
49: [50, 51, 52, 53, 45, 54, 55, 56, 57]
50: []
51: [50, 62, 58]
52: [50, 58]
53: [50, 58]
54: [50, 58]
55: [50, 58]
56: [50, 58]
57: [50, 58]
58: [50, 58]
59: [50, 51, 52, 53, 54, 55, 56, 57, 58, 45]
60: [51, 52, 53, 54, 55, 56, 57, 58, 62, 45]
61: [51, 62]
62: [51]
63: [51]
64: [51]
65: [51]
66: [51]
67: [51]
68: [51]
69: [51, 52, 53, 54, 55, 56, 57, 58, 45]
70: [52, 53, 54, 55, 56, 57, 58, 62, 45]
71: [52, 62]
72: [52]
73: [52]
74: [52]
75: [52]
76: [52]
77: [52]
78: [52]
79: [52, 53, 54, 55, 56, 57, 58, 45]
80: [53, 54, 55, 56, 57, 58, 62, 45]
81: [53, 62]
82: [53]
83: [53]
84: [53]
85: [53]
86: [53]
87: [53]
88: [53]
89: [53, 54, 55, 56, 57, 58, 45]
90: [54, 55, 56, 57, 58, 62, 45]
91: [54, 55, 56, 57, 58, 62, 45]
92: [54, 55, 56, 57, 58, 45]
93: [54, 55, 56, 57, 58, 45]
94: [54, 55, 56, 57, 58, 45]
95: [54, 55, 56, 57, 58, 45]
96: [54, 55, 56, 57, 58, 45]
97: [54, 55, 56, 57, 58, 45]
98: [54, 55, 56, 57, 58, 45]
99: [54, 55, 56, 57, 58, 45]
51
0: [62, 50]
1: [62, 63, 50]
2: [63, 50]
3: [50]
4: [50]
5: [50]
6: [50]
7: [50]
8: [50]
9: [50]
10: [62, 50]
11: [26, 27, 28, 29, 30, 31, 25]
12: [26, 27, 28, 29, 30, 31, 25]
13: [27, 28, 29, 30, 31, 25]
14: [28, 29, 30, 31, 25]
15: [29, 30, 31, 25]
16: [30, 31, 25]
17: [31, 25]
18: [25]
19: [50]
20: [62, 50]
21: [26, 27, 28, 29, 30, 31, 25]
22: [26]
23: [27]
24: [28]
25: [29]
26: [30]
27: [31]
28: [25]
29: [50]
30: [62, 50]
31: [26, 27, 28, 29, 30, 31, 25]
32: [26]
33: [27]
34: [28]
35: [29]
36: [30]
37: [31]
38: [25]
39: [50]
40: [62, 50]
41: [41, 26, 27, 28, 29, 30, 31, 25]
42: [41, 26]
43: [41, 27]
44: [41, 28]
45: [41, 29]
46: [41, 30]
47: [41, 31]
48: [41, 25]
49: [50]
50: [58, 62, 50]
51: []
52: [42, 26, 41]
53: [42, 27, 41]
54: [42, 28, 41]
55: [42, 41, 29]
56: [42, 41, 30]
57: [42, 41, 31]
58: [42, 41, 25]
59: [50, 58]
60: [58, 62]
61: [25, 26, 42, 27, 28, 29, 30, 31]
62: [26, 42]
63: [27, 42]
64: [42, 28]
65: [42, 29]
66: [42, 30]
67: [42, 31]
68: [42, 25]
69: [58]
70: [58, 62]
71: [25, 26, 27, 28, 29, 30, 31]
72: [26]
73: [27]
74: [28]
75: [29]
76: [30]
77: [31]
78: [25]
79: [58]
80: [58, 62]
81: [25, 26, 27, 28, 29, 30, 31]
82: [25, 26, 27, 28, 29, 30, 31]
83: [25, 27, 28, 29, 30, 31]
84: [25, 28, 29, 30, 31]
85: [25, 29, 30, 31]
86: [25, 30, 31]
87: [25, 31]
88: [25]
89: [58]
90: [58, 62]
91: [63, 58, 62]
92: [63, 58]
93: [58]
94: [58]
95: [58]
96: [58]
97: [58]
98: [58]
99: [58]
52
0: [50]
1: [63, 50]
2: [63, 64, 50]
3: [64, 50]
4: [50]
5: [50]
6: [50]
7: [50]
8: [50]
9: [50]
10: [50]
11: [26]
12: [32, 26]
13: [32]
14: [32]
15: [32]
16: [32]
17: [32]
18: [32]
19: [50]
20: [50]
21: [26]
22: [11, 20, 14, 15]
23: [11, 20, 14, 15]
24: [11, 14, 15]
25: [11, 14, 15]
26: [11, 14, 15]
27: [11, 14, 15]
28: [32]
29: [50]
30: [50]
31: [26]
32: [11, 20, 14, 16, 15]
33: [20, 16]
34: [16]
35: [16]
36: [16]
37: [14, 11, 15, 16]
38: [32]
39: [50]
40: [50]
41: [41, 26]
42: [11, 20, 17, 14, 16, 15]
43: [20, 17]
44: [17]
45: [17]
46: [17]
47: [14, 15, 16, 17, 11]
48: [41, 32]
49: [50]
50: [58, 50]
51: [41, 26, 42]
52: []
53: [14, 20, 18]
54: [14, 18]
55: [14, 18]
56: [14, 18]
57: [14, 15, 16, 17, 18, 11]
58: [42, 41, 32]
59: [50, 58]
60: [58]
61: [26, 42]
62: [15, 16, 17, 18, 20, 11]
63: [15, 20]
64: [15]
65: [15]
66: [15]
67: [15, 16, 17, 18, 11]
68: [42, 32]
69: [58]
70: [58]
71: [26]
72: [16, 17, 18, 20, 11]
73: [16, 17, 18, 20, 11]
74: [16, 17, 18, 11]
75: [16, 17, 18, 11]
76: [16, 17, 18, 11]
77: [16, 17, 18, 11]
78: [32]
79: [58]
80: [58]
81: [26]
82: [26, 32]
83: [32]
84: [32]
85: [32]
86: [32]
87: [32]
88: [32]
89: [58]
90: [58]
91: [58, 63]
92: [64, 58, 63]
93: [64, 58]
94: [58]
95: [58]
96: [58]
97: [58]
98: [58]
99: [58]
53
0: [50]
1: [50]
2: [64, 50]
3: [64, 65, 50]
4: [65, 50]
5: [50]
6: [50]
7: [50]
8: [50]
9: [50]
10: [50]
11: [27]
12: [27]
13: [33, 27]
14: [33]
15: [33]
16: [33]
17: [33]
18: [33]
19: [50]
20: [50]
21: [27]
22: [20, 14]
23: [20, 21, 14]
24: [21, 14]
25: [14]
26: [14]
27: [14]
28: [33]
29: [50]
30: [50]
31: [27]
32: [20, 14]
33: [4, 5, 3]
34: [4, 5, 3]
35: [5, 3]
36: [3]
37: [14]
38: [33]
39: [50]
40: [50]
41: [41, 27]
42: [20, 14]
43: [9, 4, 5, 3]
44: [9, 4]
45: [9, 5]
46: [9, 3]
47: [14]
48: [41, 33]
49: [50]
50: [58, 50]
51: [41, 27, 42]
52: [18, 20, 14]
53: []
54: [10, 4, 9]
55: [10, 9, 5]
56: [10, 9, 3]
57: [14, 18]
58: [42, 41, 33]
59: [50, 58]
60: [58]
61: [27, 42]
62: [18, 20]
63: [3, 10, 4, 5]
64: [3, 10, 4, 5]
65: [3, 10, 5]
66: [10, 3]
67: [18]
68: [42, 33]
69: [58]
70: [58]
71: [27]
72: [18, 20]
73: [21, 18, 20]
74: [21, 18]
75: [18]
76: [18]
77: [18]
78: [33]
79: [58]
80: [58]
81: [27]
82: [27]
83: [27, 33]
84: [33]
85: [33]
86: [33]
87: [33]
88: [33]
89: [58]
90: [58]
91: [58]
92: [58, 64]
93: [65, 58, 64]
94: [65, 58]
95: [58]
96: [58]
97: [58]
98: [58]
99: [58]
54
0: [50]
1: [50]
2: [50]
3: [65, 50]
4: [65, 50, 66]
5: [50, 66]
6: [50]
7: [50]
8: [50]
9: [50]
10: [50]
11: [28]
12: [28]
13: [28]
14: [34, 28]
15: [34]
16: [34]
17: [34]
18: [34]
19: [50]
20: [50]
21: [28]
22: [14]
23: [21, 14]
24: [21, 14, 22]
25: [14, 22]
26: [14]
27: [14]
28: [34]
29: [50]
30: [50]
31: [28]
32: [14]
33: [4]
34: [6, 4]
35: [6]
36: [6]
37: [14]
38: [34]
39: [50]
40: [50]
41: [41, 28]
42: [14]
43: [9, 4]
44: [1, 2]
45: [1, 2]
46: [9, 6]
47: [14]
48: [41, 34]
49: [50]
50: [58, 50]
51: [41, 28, 42]
52: [18, 14]
53: [9, 4, 10]
54: []
55: [2, 1]
56: [10, 9, 6]
57: [14, 18]
58: [42, 41, 34]
59: [50, 58]
60: [58]
61: [28, 42]
62: [18]
63: [4, 10]
64: [4, 10, 6]
65: [10, 6]
66: [10, 6]
67: [18]
68: [42, 34]
69: [58]
70: [58]
71: [28]
72: [18]
73: [18, 21]
74: [22, 18, 21]
75: [22, 18]
76: [18]
77: [18]
78: [34]
79: [58]
80: [58]
81: [28]
82: [28]
83: [28]
84: [28, 34]
85: [34]
86: [34]
87: [34]
88: [34]
89: [58]
90: [58]
91: [58]
92: [58]
93: [58, 65]
94: [66, 58, 65]
95: [66, 58]
96: [58]
97: [58]
98: [58]
99: [58]
55
0: [50]
1: [50]
2: [50]
3: [50]
4: [66, 50]
5: [66, 50, 67]
6: [50, 67]
7: [50]
8: [50]
9: [50]
10: [50]
11: [29]
12: [29]
13: [29]
14: [29]
15: [35, 29]
16: [35]
17: [35]
18: [35]
19: [50]
20: [50]
21: [29]
22: [14]
23: [14]
24: [22, 14]
25: [22, 14, 23]
26: [14, 23]
27: [14]
28: [35]
29: [50]
30: [50]
31: [29]
32: [14]
33: [5]
34: [5]
35: [7, 5]
36: [7]
37: [14]
38: [35]
39: [50]
40: [50]
41: [41, 29]
42: [14]
43: [9, 5]
44: [1, 2]
45: [2, 1]
46: [7, 9]
47: [14]
48: [35, 41]
49: [50]
50: [58, 50]
51: [41, 29, 42]
52: [18, 14]
53: [9, 5, 10]
54: [1, 2]
55: []
56: [10, 7, 9]
57: [14, 18]
58: [42, 35, 41]
59: [50, 58]
60: [58]
61: [29, 42]
62: [18]
63: [5, 10]
64: [5, 10]
65: [5, 10, 7]
66: [10, 7]
67: [18]
68: [42, 35]
69: [58]
70: [58]
71: [29]
72: [18]
73: [18]
74: [18, 22]
75: [23, 18, 22]
76: [23, 18]
77: [18]
78: [35]
79: [58]
80: [58]
81: [29]
82: [29]
83: [29]
84: [29]
85: [29, 35]
86: [35]
87: [35]
88: [35]
89: [58]
90: [58]
91: [58]
92: [58]
93: [58]
94: [58, 66]
95: [67, 58, 66]
96: [67, 58]
97: [58]
98: [58]
99: [58]
56
0: [50]
1: [50]
2: [50]
3: [50]
4: [50]
5: [67, 50]
6: [67, 50, 68]
7: [50, 68]
8: [50]
9: [50]
10: [50]
11: [30]
12: [30]
13: [30]
14: [30]
15: [30]
16: [36, 30]
17: [36]
18: [36]
19: [50]
20: [50]
21: [30]
22: [14]
23: [14]
24: [14]
25: [23, 14]
26: [23, 14, 24]
27: [14, 24]
28: [36]
29: [50]
30: [50]
31: [30]
32: [14]
33: [3]
34: [3, 6]
35: [3, 7, 6]
36: [3, 7, 6]
37: [14, 24]
38: [36]
39: [50]
40: [50]
41: [41, 30]
42: [14]
43: [9, 3]
44: [9, 6]
45: [7, 9]
46: [3, 9, 7, 6]
47: [14, 24]
48: [36, 41]
49: [50]
50: [58, 50]
51: [41, 42, 30]
52: [18, 14]
53: [9, 10, 3]
54: [9, 6, 10]
55: [9, 7, 10]
56: []
57: [14, 24, 18]
58: [42, 36, 41]
59: [50, 58]
60: [58]
61: [42, 30]
62: [18]
63: [10, 3]
64: [10, 6, 3]
65: [10, 6, 7, 3]
66: [10, 6, 7, 3]
67: [24, 18]
68: [42, 36]
69: [58]
70: [58]
71: [30]
72: [18]
73: [18]
74: [18]
75: [18, 23]
76: [24, 18, 23]
77: [24, 18]
78: [36]
79: [58]
80: [58]
81: [30]
82: [30]
83: [30]
84: [30]
85: [30]
86: [30, 36]
87: [36]
88: [36]
89: [58]
90: [58]
91: [58]
92: [58]
93: [58]
94: [58]
95: [58, 67]
96: [68, 58, 67]
97: [68, 58]
98: [58]
99: [58]
57
0: [50]
1: [50]
2: [50]
3: [50]
4: [50]
5: [50]
6: [68, 50]
7: [68, 50, 69]
8: [50, 69]
9: [50]
10: [50]
11: [31]
12: [31]
13: [31]
14: [31]
15: [31]
16: [31]
17: [37, 31]
18: [37]
19: [50]
20: [50]
21: [31]
22: [14, 15, 11]
23: [14, 15, 11]
24: [14, 15, 11]
25: [14, 15, 11]
26: [24, 14, 15, 11]
27: [24, 14, 15, 11]
28: [37]
29: [50]
30: [50]
31: [31]
32: [16, 14, 15, 11]
33: [16]
34: [16]
35: [16]
36: [16, 24]
37: [16, 24, 14, 15, 11]
38: [37]
39: [50]
40: [50]
41: [41, 31]
42: [17, 16, 11, 14, 15]
43: [17]
44: [17]
45: [17]
46: [17, 24]
47: [14, 15, 16, 17, 24, 11]
48: [37, 41]
49: [50]
50: [58, 50]
51: [41, 42, 31]
52: [18, 17, 16, 11, 14, 15]
53: [18, 14]
54: [18, 14]
55: [18, 14]
56: [18, 24, 14]
57: []
58: [42, 37, 41]
59: [50, 58]
60: [58]
61: [42, 31]
62: [18, 17, 11, 16, 15]
63: [15]
64: [15]
65: [15]
66: [24, 15]
67: [11, 24, 18, 17, 16, 15]
68: [42, 37]
69: [58]
70: [58]
71: [31]
72: [18, 11, 17, 16]
73: [11, 18, 17, 16]
74: [11, 18, 17, 16]
75: [11, 18, 17, 16]
76: [11, 24, 18, 17, 16]
77: [11, 24, 18, 17, 16]
78: [37]
79: [58]
80: [58]
81: [31]
82: [31]
83: [31]
84: [31]
85: [31]
86: [31]
87: [31, 37]
88: [37]
89: [58]
90: [58]
91: [58]
92: [58]
93: [58]
94: [58]
95: [58]
96: [68, 58]
97: [69, 68, 58]
98: [69, 58]
99: [58]
58
0: [50]
1: [50]
2: [50]
3: [50]
4: [50]
5: [50]
6: [50]
7: [69, 50]
8: [69, 50, 70]
9: [50, 70]
10: [50]
11: [25]
12: [25, 32]
13: [25, 33, 32]
14: [25, 34, 33, 32]
15: [25, 35, 34, 33, 32]
16: [25, 36, 35, 34, 33, 32]
17: [25, 37, 36, 35, 34, 33, 32]
18: [25, 37, 36, 35, 34, 33, 32]
19: [50, 70]
20: [50]
21: [25]
22: [32]
23: [33]
24: [34]
25: [35]
26: [36]
27: [37]
28: [25, 37, 36, 35, 34, 33, 32]
29: [50, 70]
30: [50]
31: [25]
32: [32]
33: [33]
34: [34]
35: [35]
36: [36]
37: [37]
38: [25, 37, 36, 35, 34, 33, 32]
39: [50, 70]
40: [50]
41: [41, 25]
42: [41, 32]
43: [41, 33]
44: [41, 34]
45: [35, 41]
46: [36, 41]
47: [37, 41]
48: [25, 41, 37, 36, 35, 34, 33, 32]
49: [50, 70]
50: [58, 50]
51: [41, 42, 25]
52: [41, 42, 32]
53: [41, 33, 42]
54: [41, 34, 42]
55: [41, 35, 42]
56: [41, 36, 42]
57: [41, 37, 42]
58: []
59: [50, 70, 58]
60: [58]
61: [42, 25]
62: [42, 32]
63: [42, 33]
64: [42, 34]
65: [42, 35]
66: [42, 36]
67: [42, 37]
68: [32, 33, 34, 35, 36, 37, 42, 25]
69: [70, 58]
70: [58]
71: [25]
72: [32]
73: [33]
74: [34]
75: [35]
76: [36]
77: [37]
78: [32, 33, 34, 35, 36, 37, 25]
79: [70, 58]
80: [58]
81: [25]
82: [32, 25]
83: [32, 33, 25]
84: [32, 33, 34, 25]
85: [32, 33, 34, 35, 25]
86: [32, 33, 34, 35, 36, 25]
87: [32, 33, 34, 35, 36, 37, 25]
88: [32, 33, 34, 35, 36, 37, 25]
89: [70, 58]
90: [58]
91: [58]
92: [58]
93: [58]
94: [58]
95: [58]
96: [58]
97: [69, 58]
98: [70, 69, 58]
99: [70, 58]
59
0: [50, 51, 52, 53, 45]
1: [50, 51, 52, 53, 45]
2: [50, 51, 52, 53, 45]
3: [50, 51, 52, 53, 45]
4: [50, 51, 52, 53, 45]
5: [50, 51, 52, 53, 45]
6: [50, 51, 52, 53, 45]
7: [50, 51, 52, 53, 45]
8: [70, 50, 51, 52, 53, 45]
9: [70, 50, 51, 52, 53, 45]
10: [54, 50, 51, 52, 53, 45]
11: [54]
12: [54]
13: [54]
14: [54]
15: [54]
16: [54]
17: [54]
18: [54, 70]
19: [70, 50, 51, 52, 53, 54, 45]
20: [55, 54, 50, 51, 52, 53, 45]
21: [55]
22: [55]
23: [55]
24: [55]
25: [55]
26: [55]
27: [55]
28: [55, 70]
29: [70, 50, 51, 52, 53, 54, 55, 45]
30: [56, 55, 54, 50, 51, 52, 53, 45]
31: [56]
32: [56]
33: [56]
34: [56]
35: [56]
36: [56]
37: [56]
38: [56, 70]
39: [70, 50, 51, 52, 53, 54, 55, 56, 45]
40: [57, 56, 55, 54, 45, 50, 51, 52, 53]
41: [57]
42: [57]
43: [57]
44: [57]
45: [57]
46: [57]
47: [57]
48: [57, 70]
49: [70, 50, 51, 52, 53, 54, 55, 56, 57, 45]
50: [58, 57, 56, 55, 45, 54, 50, 51, 52, 53]
51: [58, 50]
52: [58, 50]
53: [58, 50]
54: [58, 50]
55: [58, 50]
56: [58, 50]
57: [58, 50]
58: [58, 70, 50]
59: []
60: [58, 57, 56, 45, 55, 54, 51, 52, 53]
61: [51]
62: [51]
63: [51]
64: [51]
65: [51]
66: [51]
67: [51]
68: [70, 51]
69: [45, 70, 58, 57, 56, 51, 52, 55, 53, 54]
70: [58, 57, 56, 45, 55, 54, 52, 53]
71: [52]
72: [52]
73: [52]
74: [52]
75: [52]
76: [52]
77: [52]
78: [70, 52]
79: [45, 70, 58, 57, 56, 52, 55, 53, 54]
80: [58, 57, 45, 56, 55, 54, 53]
81: [53]
82: [53]
83: [53]
84: [53]
85: [53]
86: [53]
87: [53]
88: [70, 53]
89: [45, 70, 58, 57, 56, 55, 53, 54]
90: [58, 45, 57, 56, 55, 54]
91: [45, 58, 57, 56, 55, 54]
92: [45, 58, 57, 56, 55, 54]
93: [45, 58, 57, 56, 55, 54]
94: [45, 58, 57, 56, 55, 54]
95: [45, 58, 57, 56, 55, 54]
96: [45, 58, 57, 56, 55, 54]
97: [45, 58, 57, 56, 55, 54]
98: [45, 70, 58, 57, 56, 55, 54]
99: [45, 70, 58, 57, 56, 55, 54]
60
0: [45, 62, 51, 52, 53]
1: [45, 62, 51, 52, 53]
2: [45, 51, 52, 53]
3: [45, 51, 52, 53]
4: [45, 51, 52, 53]
5: [45, 51, 52, 53]
6: [45, 51, 52, 53]
7: [45, 51, 52, 53]
8: [45, 51, 52, 53]
9: [51, 45, 52, 53]
10: [45, 62, 51, 52, 53, 54]
11: [62, 54]
12: [54]
13: [54]
14: [54]
15: [54]
16: [54]
17: [54]
18: [54]
19: [51, 52, 45, 53, 54]
20: [45, 62, 51, 52, 55, 53, 54]
21: [62, 55]
22: [55]
23: [55]
24: [55]
25: [55]
26: [55]
27: [55]
28: [55]
29: [51, 52, 53, 45, 54, 55]
30: [45, 62, 56, 51, 52, 55, 53, 54]
31: [62, 56]
32: [56]
33: [56]
34: [56]
35: [56]
36: [56]
37: [56]
38: [56]
39: [51, 52, 53, 56, 45, 54, 55]
40: [45, 62, 57, 56, 51, 52, 55, 53, 54]
41: [62, 57]
42: [57]
43: [57]
44: [57]
45: [57]
46: [57]
47: [57]
48: [57]
49: [51, 52, 53, 56, 57, 54, 55, 45]
50: [45, 62, 58, 57, 56, 51, 52, 55, 53, 54]
51: [62, 58]
52: [58]
53: [58]
54: [58]
55: [58]
56: [58]
57: [58]
58: [58]
59: [51, 52, 53, 54, 55, 56, 57, 58, 45]
60: []
61: [51, 62, 59]
62: [51, 59]
63: [51, 59]
64: [51, 59]
65: [51, 59]
66: [51, 59]
67: [51, 59]
68: [51, 59]
69: [51, 52, 53, 54, 55, 56, 57, 58, 59, 45]
70: [52, 53, 54, 55, 56, 57, 58, 59, 62, 45]
71: [52, 62]
72: [52]
73: [52]
74: [52]
75: [52]
76: [52]
77: [52]
78: [52]
79: [52, 53, 54, 55, 56, 57, 58, 59, 45]
80: [53, 54, 55, 56, 57, 58, 59, 62, 45]
81: [53, 62]
82: [53]
83: [53]
84: [53]
85: [53]
86: [53]
87: [53]
88: [53]
89: [53, 54, 55, 56, 57, 58, 59, 45]
90: [54, 55, 56, 57, 58, 59, 62, 45]
91: [54, 55, 56, 57, 58, 59, 62, 45]
92: [54, 55, 56, 57, 58, 59, 45]
93: [54, 55, 56, 57, 58, 59, 45]
94: [54, 55, 56, 57, 58, 59, 45]
95: [54, 55, 56, 57, 58, 59, 45]
96: [54, 55, 56, 57, 58, 59, 45]
97: [54, 55, 56, 57, 58, 59, 45]
98: [54, 55, 56, 57, 58, 59, 45]
99: [54, 55, 56, 57, 58, 59, 45]
61
0: [62, 51]
1: [62, 63, 51]
2: [63, 51]
3: [51]
4: [51]
5: [51]
6: [51]
7: [51]
8: [51]
9: [51]
10: [62, 51]
11: [26, 27, 28, 29, 30, 31, 25]
12: [26, 27, 28, 29, 30, 31, 25]
13: [27, 28, 29, 30, 31, 25]
14: [28, 29, 30, 31, 25]
15: [29, 30, 31, 25]
16: [30, 31, 25]
17: [31, 25]
18: [25]
19: [51]
20: [62, 51]
21: [26, 27, 28, 29, 30, 31, 25]
22: [26]
23: [27]
24: [28]
25: [29]
26: [30]
27: [31]
28: [25]
29: [51]
30: [62, 51]
31: [26, 27, 28, 29, 30, 31, 25]
32: [26]
33: [27]
34: [28]
35: [29]
36: [30]
37: [31]
38: [25]
39: [51]
40: [62, 51]
41: [26, 27, 28, 29, 30, 31, 25]
42: [26]
43: [27]
44: [28]
45: [29]
46: [30]
47: [31]
48: [25]
49: [51]
50: [62, 51]
51: [42, 26, 27, 28, 29, 30, 31, 25]
52: [42, 26]
53: [42, 27]
54: [42, 28]
55: [42, 29]
56: [42, 30]
57: [42, 31]
58: [42, 25]
59: [51]
60: [59, 62, 51]
61: []
62: [43, 26, 42]
63: [43, 27, 42]
64: [43, 42, 28]
65: [43, 42, 29]
66: [43, 42, 30]
67: [43, 42, 31]
68: [43, 42, 25]
69: [51, 59]
70: [59, 62]
71: [25, 26, 43, 27, 28, 29, 30, 31]
72: [26, 43]
73: [43, 27]
74: [43, 28]
75: [43, 29]
76: [43, 30]
77: [43, 31]
78: [43, 25]
79: [59]
80: [59, 62]
81: [25, 26, 27, 28, 29, 30, 31]
82: [25, 26, 27, 28, 29, 30, 31]
83: [25, 27, 28, 29, 30, 31]
84: [25, 28, 29, 30, 31]
85: [25, 29, 30, 31]
86: [25, 30, 31]
87: [25, 31]
88: [25]
89: [59]
90: [59, 62]
91: [63, 59, 62]
92: [63, 59]
93: [59]
94: [59]
95: [59]
96: [59]
97: [59]
98: [59]
99: [59]
62
0: [51]
1: [63, 51]
2: [63, 64, 51]
3: [64, 51]
4: [51]
5: [51]
6: [51]
7: [51]
8: [51]
9: [51]
10: [51]
11: [26]
12: [32, 26]
13: [32]
14: [32]
15: [32]
16: [32]
17: [32]
18: [32]
19: [51]
20: [51]
21: [26]
22: [11, 20, 15]
23: [11, 20, 15]
24: [11, 15]
25: [11, 15]
26: [11, 15]
27: [11, 15]
28: [32]
29: [51]
30: [51]
31: [26]
32: [11, 20, 16, 15]
33: [20, 16]
34: [16]
35: [16]
36: [16]
37: [15, 16, 11]
38: [32]
39: [51]
40: [51]
41: [26]
42: [11, 20, 17, 16, 15]
43: [20, 17]
44: [17]
45: [17]
46: [17]
47: [15, 16, 17, 11]
48: [32]
49: [51]
50: [51]
51: [42, 26]
52: [11, 20, 18, 17, 16, 15]
53: [20, 18]
54: [18]
55: [18]
56: [18]
57: [15, 16, 17, 18, 11]
58: [42, 32]
59: [51]
60: [59, 51]
61: [42, 26, 43]
62: []
63: [15, 20, 19]
64: [15, 19]
65: [15, 19]
66: [15, 19]
67: [15, 16, 17, 18, 19, 11]
68: [43, 42, 32]
69: [51, 59]
70: [59]
71: [26, 43]
72: [16, 17, 18, 19, 20, 11]
73: [16, 17, 18, 19, 20, 11]
74: [16, 17, 18, 19, 11]
75: [16, 17, 18, 19, 11]
76: [16, 17, 18, 19, 11]
77: [16, 17, 18, 19, 11]
78: [43, 32]
79: [59]
80: [59]
81: [26]
82: [26, 32]
83: [32]
84: [32]
85: [32]
86: [32]
87: [32]
88: [32]
89: [59]
90: [59]
91: [59, 63]
92: [64, 59, 63]
93: [64, 59]
94: [59]
95: [59]
96: [59]
97: [59]
98: [59]
99: [59]
63
0: [51]
1: [51]
2: [64, 51]
3: [64, 65, 51]
4: [65, 51]
5: [51]
6: [51]
7: [51]
8: [51]
9: [51]
10: [51]
11: [27]
12: [27]
13: [33, 27]
14: [33]
15: [33]
16: [33]
17: [33]
18: [33]
19: [51]
20: [51]
21: [27]
22: [20, 15]
23: [20, 21, 15]
24: [21, 15]
25: [15]
26: [15]
27: [15]
28: [33]
29: [51]
30: [51]
31: [27]
32: [20, 15]
33: [4, 5, 3]
34: [4, 5, 3]
35: [5, 3]
36: [3]
37: [15]
38: [33]
39: [51]
40: [51]
41: [27]
42: [20, 15]
43: [4, 5, 3]
44: [4]
45: [5]
46: [3]
47: [15]
48: [33]
49: [51]
50: [51]
51: [42, 27]
52: [20, 15]
53: [10, 4, 5, 3]
54: [10, 4]
55: [10, 5]
56: [10, 3]
57: [15]
58: [42, 33]
59: [51]
60: [59, 51]
61: [42, 27, 43]
62: [19, 20, 15]
63: []
64: [3, 10, 4, 5]
65: [3, 10, 5]
66: [3, 10]
67: [15, 19]
68: [43, 42, 33]
69: [51, 59]
70: [59]
71: [27, 43]
72: [19, 20]
73: [21, 19, 20]
74: [21, 19]
75: [19]
76: [19]
77: [19]
78: [43, 33]
79: [59]
80: [59]
81: [27]
82: [27]
83: [27, 33]
84: [33]
85: [33]
86: [33]
87: [33]
88: [33]
89: [59]
90: [59]
91: [59]
92: [59, 64]
93: [65, 59, 64]
94: [65, 59]
95: [59]
96: [59]
97: [59]
98: [59]
99: [59]
64
0: [51]
1: [51]
2: [51]
3: [65, 51]
4: [65, 66, 51]
5: [66, 51]
6: [51]
7: [51]
8: [51]
9: [51]
10: [51]
11: [28]
12: [28]
13: [28]
14: [34, 28]
15: [34]
16: [34]
17: [34]
18: [34]
19: [51]
20: [51]
21: [28]
22: [15]
23: [21, 15]
24: [21, 22, 15]
25: [22, 15]
26: [15]
27: [15]
28: [34]
29: [51]
30: [51]
31: [28]
32: [15]
33: [4, 5, 3]
34: [6, 4, 5, 3]
35: [6, 3, 5]
36: [3, 6]
37: [15]
38: [34]
39: [51]
40: [51]
41: [28]
42: [15]
43: [4, 5, 3]
44: [6, 4]
45: [5]
46: [3, 6]
47: [15]
48: [34]
49: [51]
50: [51]
51: [42, 28]
52: [15]
53: [10, 4, 5, 3]
54: [6, 10, 4]
55: [10, 5]
56: [3, 10, 6]
57: [15]
58: [42, 34]
59: [51]
60: [59, 51]
61: [42, 28, 43]
62: [19, 15]
63: [10, 4, 5, 3]
64: []
65: [3, 10, 5, 6]
66: [3, 10, 6]
67: [15, 19]
68: [43, 42, 34]
69: [51, 59]
70: [59]
71: [28, 43]
72: [19]
73: [19, 21]
74: [22, 19, 21]
75: [22, 19]
76: [19]
77: [19]
78: [43, 34]
79: [59]
80: [59]
81: [28]
82: [28]
83: [28]
84: [28, 34]
85: [34]
86: [34]
87: [34]
88: [34]
89: [59]
90: [59]
91: [59]
92: [59]
93: [59, 65]
94: [66, 59, 65]
95: [66, 59]
96: [59]
97: [59]
98: [59]
99: [59]
65
0: [51]
1: [51]
2: [51]
3: [51]
4: [66, 51]
5: [66, 67, 51]
6: [67, 51]
7: [51]
8: [51]
9: [51]
10: [51]
11: [29]
12: [29]
13: [29]
14: [29]
15: [35, 29]
16: [35]
17: [35]
18: [35]
19: [51]
20: [51]
21: [29]
22: [15]
23: [15]
24: [22, 15]
25: [22, 23, 15]
26: [23, 15]
27: [15]
28: [35]
29: [51]
30: [51]
31: [29]
32: [15]
33: [5, 3]
34: [6, 3, 5]
35: [7, 3, 6, 5]
36: [3, 7, 6]
37: [15]
38: [35]
39: [51]
40: [51]
41: [29]
42: [15]
43: [5, 3]
44: [6]
45: [7, 5]
46: [3, 7, 6]
47: [15]
48: [35]
49: [51]
50: [51]
51: [42, 29]
52: [15]
53: [10, 5, 3]
54: [6, 10]
55: [7, 10, 5]
56: [3, 10, 7, 6]
57: [15]
58: [42, 35]
59: [51]
60: [59, 51]
61: [42, 29, 43]
62: [19, 15]
63: [10, 5, 3]
64: [10, 5, 6, 3]
65: []
66: [3, 10, 7, 6]
67: [15, 19]
68: [43, 42, 35]
69: [51, 59]
70: [59]
71: [29, 43]
72: [19]
73: [19]
74: [19, 22]
75: [23, 19, 22]
76: [23, 19]
77: [19]
78: [43, 35]
79: [59]
80: [59]
81: [29]
82: [29]
83: [29]
84: [29]
85: [29, 35]
86: [35]
87: [35]
88: [35]
89: [59]
90: [59]
91: [59]
92: [59]
93: [59]
94: [59, 66]
95: [67, 59, 66]
96: [67, 59]
97: [59]
98: [59]
99: [59]
66
0: [51]
1: [51]
2: [51]
3: [51]
4: [51]
5: [67, 51]
6: [67, 51, 68]
7: [51, 68]
8: [51]
9: [51]
10: [51]
11: [30]
12: [30]
13: [30]
14: [30]
15: [30]
16: [36, 30]
17: [36]
18: [36]
19: [51]
20: [51]
21: [30]
22: [15]
23: [15]
24: [15]
25: [23, 15]
26: [23, 15, 24]
27: [15, 24]
28: [36]
29: [51]
30: [51]
31: [30]
32: [15]
33: [3]
34: [3, 6]
35: [3, 7, 6]
36: [3, 7, 6]
37: [15, 24]
38: [36]
39: [51]
40: [51]
41: [30]
42: [15]
43: [3]
44: [6]
45: [7]
46: [3, 7, 6]
47: [15, 24]
48: [36]
49: [51]
50: [51]
51: [42, 30]
52: [15]
53: [10, 3]
54: [6, 10]
55: [7, 10]
56: [3, 10, 7, 6]
57: [15, 24]
58: [36, 42]
59: [51]
60: [59, 51]
61: [42, 30, 43]
62: [19, 15]
63: [10, 3]
64: [10, 6, 3]
65: [10, 6, 7, 3]
66: []
67: [15, 24, 19]
68: [43, 36, 42]
69: [51, 59]
70: [59]
71: [30, 43]
72: [19]
73: [19]
74: [19]
75: [19, 23]
76: [24, 19, 23]
77: [24, 19]
78: [43, 36]
79: [59]
80: [59]
81: [30]
82: [30]
83: [30]
84: [30]
85: [30]
86: [30, 36]
87: [36]
88: [36]
89: [59]
90: [59]
91: [59]
92: [59]
93: [59]
94: [59]
95: [59, 67]
96: [68, 59, 67]
97: [68, 59]
98: [59]
99: [59]
67
0: [51]
1: [51]
2: [51]
3: [51]
4: [51]
5: [51]
6: [68, 51]
7: [68, 51, 69]
8: [51, 69]
9: [51]
10: [51]
11: [31]
12: [31]
13: [31]
14: [31]
15: [31]
16: [31]
17: [37, 31]
18: [37]
19: [51]
20: [51]
21: [31]
22: [15, 11]
23: [15, 11]
24: [15, 11]
25: [15, 11]
26: [24, 15, 11]
27: [24, 15, 11]
28: [37]
29: [51]
30: [51]
31: [31]
32: [16, 11, 15]
33: [16]
34: [16]
35: [16]
36: [16, 24]
37: [16, 24, 15, 11]
38: [37]
39: [51]
40: [51]
41: [31]
42: [17, 16, 11, 15]
43: [17]
44: [17]
45: [17]
46: [17, 24]
47: [16, 17, 24, 15, 11]
48: [37]
49: [51]
50: [51]
51: [42, 31]
52: [18, 17, 11, 16, 15]
53: [18]
54: [18]
55: [18]
56: [18, 24]
57: [15, 16, 17, 18, 24, 11]
58: [37, 42]
59: [51]
60: [59, 51]
61: [42, 43, 31]
62: [19, 18, 11, 17, 16, 15]
63: [19, 15]
64: [19, 15]
65: [19, 15]
66: [19, 24, 15]
67: []
68: [43, 37, 42]
69: [51, 59]
70: [59]
71: [43, 31]
72: [19, 11, 18, 17, 16]
73: [11, 19, 18, 17, 16]
74: [11, 19, 18, 17, 16]
75: [11, 19, 18, 17, 16]
76: [11, 24, 19, 18, 17, 16]
77: [11, 24, 19, 18, 17, 16]
78: [43, 37]
79: [59]
80: [59]
81: [31]
82: [31]
83: [31]
84: [31]
85: [31]
86: [31]
87: [31, 37]
88: [37]
89: [59]
90: [59]
91: [59]
92: [59]
93: [59]
94: [59]
95: [59]
96: [59, 68]
97: [69, 59, 68]
98: [69, 59]
99: [59]
68
0: [51]
1: [51]
2: [51]
3: [51]
4: [51]
5: [51]
6: [51]
7: [69, 51]
8: [69, 51, 70]
9: [51, 70]
10: [51]
11: [25]
12: [25, 32]
13: [25, 33, 32]
14: [25, 34, 33, 32]
15: [25, 35, 34, 33, 32]
16: [25, 36, 35, 34, 33, 32]
17: [25, 37, 36, 35, 34, 33, 32]
18: [25, 37, 36, 35, 34, 33, 32]
19: [51, 70]
20: [51]
21: [25]
22: [32]
23: [33]
24: [34]
25: [35]
26: [36]
27: [37]
28: [25, 37, 36, 35, 34, 33, 32]
29: [51, 70]
30: [51]
31: [25]
32: [32]
33: [33]
34: [34]
35: [35]
36: [36]
37: [37]
38: [25, 37, 36, 35, 34, 33, 32]
39: [51, 70]
40: [51]
41: [25]
42: [32]
43: [33]
44: [34]
45: [35]
46: [36]
47: [37]
48: [25, 37, 36, 35, 34, 33, 32]
49: [51, 70]
50: [51]
51: [42, 25]
52: [42, 32]
53: [33, 42]
54: [34, 42]
55: [35, 42]
56: [36, 42]
57: [37, 42]
58: [25, 42, 37, 36, 35, 34, 33, 32]
59: [51, 70]
60: [59, 51]
61: [42, 43, 25]
62: [42, 32, 43]
63: [42, 33, 43]
64: [42, 34, 43]
65: [42, 35, 43]
66: [42, 36, 43]
67: [42, 37, 43]
68: []
69: [51, 70, 59]
70: [59]
71: [43, 25]
72: [43, 32]
73: [43, 33]
74: [43, 34]
75: [43, 35]
76: [43, 36]
77: [43, 37]
78: [32, 33, 34, 35, 36, 37, 43, 25]
79: [70, 59]
80: [59]
81: [25]
82: [32, 25]
83: [32, 33, 25]
84: [32, 33, 34, 25]
85: [32, 33, 34, 35, 25]
86: [32, 33, 34, 35, 36, 25]
87: [32, 33, 34, 35, 36, 37, 25]
88: [32, 33, 34, 35, 36, 37, 25]
89: [70, 59]
90: [59]
91: [59]
92: [59]
93: [59]
94: [59]
95: [59]
96: [59]
97: [69, 59]
98: [70, 69, 59]
99: [70, 59]
69
0: [51, 52, 53, 45]
1: [51, 52, 53, 45]
2: [51, 52, 53, 45]
3: [51, 52, 53, 45]
4: [51, 52, 53, 45]
5: [51, 52, 53, 45]
6: [51, 52, 53, 45]
7: [51, 52, 53, 45]
8: [51, 52, 53, 70, 45]
9: [51, 52, 53, 70, 45]
10: [54, 51, 52, 53, 45]
11: [54]
12: [54]
13: [54]
14: [54]
15: [54]
16: [54]
17: [54]
18: [54, 70]
19: [70, 51, 52, 53, 54, 45]
20: [55, 54, 51, 52, 53, 45]
21: [55]
22: [55]
23: [55]
24: [55]
25: [55]
26: [55]
27: [55]
28: [55, 70]
29: [70, 51, 52, 53, 54, 55, 45]
30: [56, 55, 54, 53, 51, 52, 45]
31: [56]
32: [56]
33: [56]
34: [56]
35: [56]
36: [56]
37: [56]
38: [56, 70]
39: [70, 51, 52, 53, 54, 55, 56, 45]
40: [57, 56, 55, 45, 54, 51, 52, 53]
41: [57]
42: [57]
43: [57]
44: [57]
45: [57]
46: [57]
47: [57]
48: [57, 70]
49: [70, 51, 52, 53, 54, 55, 56, 57, 45]
50: [58, 57, 56, 45, 55, 54, 51, 52, 53]
51: [58]
52: [58]
53: [58]
54: [58]
55: [58]
56: [58]
57: [58]
58: [58, 70]
59: [70, 51, 52, 53, 54, 55, 56, 57, 58, 45]
60: [59, 58, 57, 56, 45, 55, 54, 51, 52, 53]
61: [59, 51]
62: [59, 51]
63: [59, 51]
64: [59, 51]
65: [59, 51]
66: [59, 51]
67: [59, 51]
68: [59, 70, 51]
69: []
70: [59, 58, 57, 45, 56, 55, 54, 52, 53]
71: [52]
72: [52]
73: [52]
74: [52]
75: [52]
76: [52]
77: [52]
78: [70, 52]
79: [45, 70, 59, 58, 57, 56, 52, 55, 53, 54]
80: [59, 58, 45, 57, 56, 55, 54, 53]
81: [53]
82: [53]
83: [53]
84: [53]
85: [53]
86: [53]
87: [53]
88: [70, 53]
89: [45, 70, 59, 58, 57, 56, 55, 53, 54]
90: [59, 45, 58, 57, 56, 55, 54]
91: [45, 59, 58, 57, 56, 55, 54]
92: [45, 59, 58, 57, 56, 55, 54]
93: [45, 59, 58, 57, 56, 55, 54]
94: [45, 59, 58, 57, 56, 55, 54]
95: [45, 59, 58, 57, 56, 55, 54]
96: [45, 59, 58, 57, 56, 55, 54]
97: [45, 59, 58, 57, 56, 55, 54]
98: [45, 70, 59, 58, 57, 56, 55, 54]
99: [45, 70, 59, 58, 57, 56, 55, 54]
70
0: [45, 62, 52, 53]
1: [45, 62, 52, 53]
2: [45, 52, 53]
3: [45, 52, 53]
4: [45, 52, 53]
5: [45, 52, 53]
6: [45, 52, 53]
7: [45, 52, 53]
8: [45, 52, 53]
9: [52, 45, 53]
10: [45, 62, 52, 53, 54]
11: [62, 54]
12: [54]
13: [54]
14: [54]
15: [54]
16: [54]
17: [54]
18: [54]
19: [52, 53, 45, 54]
20: [45, 62, 52, 55, 53, 54]
21: [62, 55]
22: [55]
23: [55]
24: [55]
25: [55]
26: [55]
27: [55]
28: [55]
29: [52, 53, 45, 54, 55]
30: [45, 62, 56, 52, 55, 53, 54]
31: [62, 56]
32: [56]
33: [56]
34: [56]
35: [56]
36: [56]
37: [56]
38: [56]
39: [52, 53, 56, 54, 55, 45]
40: [45, 62, 57, 56, 52, 55, 53, 54]
41: [62, 57]
42: [57]
43: [57]
44: [57]
45: [57]
46: [57]
47: [57]
48: [57]
49: [52, 53, 56, 57, 54, 55, 45]
50: [45, 62, 58, 57, 56, 52, 55, 53, 54]
51: [62, 58]
52: [58]
53: [58]
54: [58]
55: [58]
56: [58]
57: [58]
58: [58]
59: [52, 53, 54, 55, 56, 57, 58, 45]
60: [45, 62, 59, 58, 57, 56, 52, 55, 53, 54]
61: [62, 59]
62: [59]
63: [59]
64: [59]
65: [59]
66: [59]
67: [59]
68: [59]
69: [52, 53, 54, 55, 56, 57, 58, 59, 45]
70: []
71: [52, 62, 60]
72: [52, 60]
73: [52, 60]
74: [52, 60]
75: [52, 60]
76: [52, 60]
77: [52, 60]
78: [52, 60]
79: [52, 53, 54, 55, 56, 57, 58, 59, 60, 45]
80: [53, 54, 55, 56, 57, 58, 59, 60, 62, 45]
81: [53, 62]
82: [53]
83: [53]
84: [53]
85: [53]
86: [53]
87: [53]
88: [53]
89: [53, 54, 55, 56, 57, 58, 59, 60, 45]
90: [54, 55, 56, 57, 58, 59, 60, 62, 45]
91: [54, 55, 56, 57, 58, 59, 60, 62, 45]
92: [54, 55, 56, 57, 58, 59, 60, 45]
93: [54, 55, 56, 57, 58, 59, 60, 45]
94: [54, 55, 56, 57, 58, 59, 60, 45]
95: [54, 55, 56, 57, 58, 59, 60, 45]
96: [54, 55, 56, 57, 58, 59, 60, 45]
97: [54, 55, 56, 57, 58, 59, 60, 45]
98: [54, 55, 56, 57, 58, 59, 60, 45]
99: [54, 55, 56, 57, 58, 59, 60, 45]
71
0: [62, 52]
1: [62, 63, 52]
2: [63, 52]
3: [52]
4: [52]
5: [52]
6: [52]
7: [52]
8: [52]
9: [52]
10: [62, 52]
11: [26, 27, 28, 29, 30, 31, 25]
12: [26, 27, 28, 29, 30, 31, 25]
13: [27, 28, 29, 30, 31, 25]
14: [28, 29, 30, 31, 25]
15: [29, 30, 31, 25]
16: [30, 31, 25]
17: [31, 25]
18: [25]
19: [52]
20: [62, 52]
21: [26, 27, 28, 29, 30, 31, 25]
22: [26]
23: [27]
24: [28]
25: [29]
26: [30]
27: [31]
28: [25]
29: [52]
30: [62, 52]
31: [26, 27, 28, 29, 30, 31, 25]
32: [26]
33: [27]
34: [28]
35: [29]
36: [30]
37: [31]
38: [25]
39: [52]
40: [62, 52]
41: [26, 27, 28, 29, 30, 31, 25]
42: [26]
43: [27]
44: [28]
45: [29]
46: [30]
47: [31]
48: [25]
49: [52]
50: [62, 52]
51: [26, 27, 28, 29, 30, 31, 25]
52: [26]
53: [27]
54: [28]
55: [29]
56: [30]
57: [31]
58: [25]
59: [52]
60: [62, 52]
61: [43, 26, 27, 28, 29, 30, 31, 25]
62: [43, 26]
63: [43, 27]
64: [43, 28]
65: [43, 29]
66: [43, 30]
67: [43, 31]
68: [43, 25]
69: [52]
70: [60, 62, 52]
71: []
72: [44, 26, 43]
73: [44, 43, 27]
74: [44, 43, 28]
75: [44, 43, 29]
76: [44, 43, 30]
77: [44, 43, 31]
78: [44, 25, 43]
79: [52, 60]
80: [60, 62]
81: [25, 26, 44, 27, 28, 29, 30, 31]
82: [25, 26, 44, 27, 28, 29, 30, 31]
83: [25, 44, 27, 28, 29, 30, 31]
84: [25, 44, 28, 29, 30, 31]
85: [25, 44, 29, 30, 31]
86: [25, 44, 30, 31]
87: [25, 44, 31]
88: [25, 44]
89: [60]
90: [60, 62]
91: [63, 60, 62]
92: [63, 60]
93: [60]
94: [60]
95: [60]
96: [60]
97: [60]
98: [60]
99: [60]
72
0: [52]
1: [63, 52]
2: [63, 64, 52]
3: [64, 52]
4: [52]
5: [52]
6: [52]
7: [52]
8: [52]
9: [52]
10: [52]
11: [26]
12: [32, 26]
13: [32]
14: [32]
15: [32]
16: [32]
17: [32]
18: [32]
19: [52]
20: [52]
21: [26]
22: [11, 20]
23: [11, 20]
24: [11]
25: [11]
26: [11]
27: [11]
28: [32]
29: [52]
30: [52]
31: [26]
32: [11, 20, 16]
33: [20, 16]
34: [16]
35: [16]
36: [16]
37: [16, 11]
38: [32]
39: [52]
40: [52]
41: [26]
42: [11, 20, 17, 16]
43: [20, 17]
44: [17]
45: [17]
46: [17]
47: [16, 17, 11]
48: [32]
49: [52]
50: [52]
51: [26]
52: [11, 20, 18, 17, 16]
53: [20, 18]
54: [18]
55: [18]
56: [18]
57: [16, 17, 18, 11]
58: [32]
59: [52]
60: [52]
61: [43, 26]
62: [11, 19, 20, 18, 17, 16]
63: [20, 19]
64: [19]
65: [19]
66: [19]
67: [16, 17, 18, 19, 11]
68: [43, 32]
69: [52]
70: [60, 52]
71: [43, 26, 44]
72: []
73: [16, 17, 18, 19, 20, 11]
74: [16, 17, 18, 19, 11]
75: [16, 17, 18, 19, 11]
76: [16, 17, 18, 19, 11]
77: [16, 17, 18, 19, 11]
78: [44, 43, 32]
79: [52, 60]
80: [60]
81: [26, 44]
82: [26, 44, 32]
83: [44, 32]
84: [44, 32]
85: [44, 32]
86: [44, 32]
87: [44, 32]
88: [44, 32]
89: [60]
90: [60]
91: [60, 63]
92: [64, 60, 63]
93: [64, 60]
94: [60]
95: [60]
96: [60]
97: [60]
98: [60]
99: [60]
73
0: [52]
1: [52]
2: [64, 52]
3: [64, 65, 52]
4: [65, 52]
5: [52]
6: [52]
7: [52]
8: [52]
9: [52]
10: [52]
11: [27]
12: [27]
13: [33, 27]
14: [33]
15: [33]
16: [33]
17: [33]
18: [33]
19: [52]
20: [52]
21: [27]
22: [11, 20]
23: [20, 11, 21]
24: [21, 11]
25: [11]
26: [11]
27: [11]
28: [33]
29: [52]
30: [52]
31: [27]
32: [11, 20, 16]
33: [20, 21, 16]
34: [21, 16]
35: [16]
36: [16]
37: [16, 11]
38: [33]
39: [52]
40: [52]
41: [27]
42: [11, 20, 17, 16]
43: [20, 21, 17]
44: [21, 17]
45: [17]
46: [17]
47: [16, 17, 11]
48: [33]
49: [52]
50: [52]
51: [27]
52: [11, 20, 18, 17, 16]
53: [20, 18, 21]
54: [21, 18]
55: [18]
56: [18]
57: [16, 17, 18, 11]
58: [33]
59: [52]
60: [52]
61: [43, 27]
62: [11, 19, 20, 18, 17, 16]
63: [20, 19, 21]
64: [21, 19]
65: [19]
66: [19]
67: [16, 17, 18, 19, 11]
68: [43, 33]
69: [52]
70: [60, 52]
71: [43, 27, 44]
72: [11, 19, 20, 18, 17, 16]
73: []
74: [16, 17, 18, 19, 21, 11]
75: [16, 17, 18, 19, 11]
76: [16, 17, 18, 19, 11]
77: [16, 17, 18, 19, 11]
78: [44, 43, 33]
79: [52, 60]
80: [60]
81: [27, 44]
82: [27, 44]
83: [27, 44, 33]
84: [44, 33]
85: [44, 33]
86: [44, 33]
87: [44, 33]
88: [44, 33]
89: [60]
90: [60]
91: [60]
92: [60, 64]
93: [65, 60, 64]
94: [65, 60]
95: [60]
96: [60]
97: [60]
98: [60]
99: [60]
74
0: [52]
1: [52]
2: [52]
3: [65, 52]
4: [65, 66, 52]
5: [66, 52]
6: [52]
7: [52]
8: [52]
9: [52]
10: [52]
11: [28]
12: [28]
13: [28]
14: [34, 28]
15: [34]
16: [34]
17: [34]
18: [34]
19: [52]
20: [52]
21: [28]
22: [11]
23: [21, 11]
24: [21, 22, 11]
25: [22, 11]
26: [11]
27: [11]
28: [34]
29: [52]
30: [52]
31: [28]
32: [11, 16]
33: [21, 16]
34: [21, 22, 16]
35: [22, 16]
36: [16]
37: [16, 11]
38: [34]
39: [52]
40: [52]
41: [28]
42: [11, 17, 16]
43: [21, 17]
44: [21, 17, 22]
45: [22, 17]
46: [17]
47: [16, 17, 11]
48: [34]
49: [52]
50: [52]
51: [28]
52: [11, 18, 17, 16]
53: [18, 21]
54: [21, 18, 22]
55: [22, 18]
56: [18]
57: [16, 17, 18, 11]
58: [34]
59: [52]
60: [52]
61: [43, 28]
62: [11, 19, 18, 17, 16]
63: [19, 21]
64: [21, 19, 22]
65: [22, 19]
66: [19]
67: [16, 17, 18, 19, 11]
68: [43, 34]
69: [52]
70: [60, 52]
71: [43, 28, 44]
72: [11, 19, 18, 17, 16]
73: [11, 19, 21, 18, 17, 16]
74: []
75: [16, 17, 18, 19, 22, 11]
76: [16, 17, 18, 19, 11]
77: [16, 17, 18, 19, 11]
78: [44, 43, 34]
79: [52, 60]
80: [60]
81: [28, 44]
82: [28, 44]
83: [28, 44]
84: [28, 44, 34]
85: [44, 34]
86: [44, 34]
87: [44, 34]
88: [44, 34]
89: [60]
90: [60]
91: [60]
92: [60]
93: [60, 65]
94: [66, 60, 65]
95: [66, 60]
96: [60]
97: [60]
98: [60]
99: [60]
75
0: [52]
1: [52]
2: [52]
3: [52]
4: [66, 52]
5: [66, 67, 52]
6: [67, 52]
7: [52]
8: [52]
9: [52]
10: [52]
11: [29]
12: [29]
13: [29]
14: [29]
15: [35, 29]
16: [35]
17: [35]
18: [35]
19: [52]
20: [52]
21: [29]
22: [11]
23: [11]
24: [22, 11]
25: [22, 23, 11]
26: [23, 11]
27: [11]
28: [35]
29: [52]
30: [52]
31: [29]
32: [11, 16]
33: [16]
34: [22, 16]
35: [22, 16, 23]
36: [23, 16]
37: [16, 11]
38: [35]
39: [52]
40: [52]
41: [29]
42: [11, 17, 16]
43: [17]
44: [17, 22]
45: [22, 17, 23]
46: [23, 17]
47: [16, 17, 11]
48: [35]
49: [52]
50: [52]
51: [29]
52: [11, 18, 17, 16]
53: [18]
54: [18, 22]
55: [22, 18, 23]
56: [23, 18]
57: [16, 17, 18, 11]
58: [35]
59: [52]
60: [52]
61: [43, 29]
62: [11, 19, 18, 17, 16]
63: [19]
64: [19, 22]
65: [22, 19, 23]
66: [23, 19]
67: [16, 17, 18, 19, 11]
68: [43, 35]
69: [52]
70: [60, 52]
71: [43, 29, 44]
72: [11, 19, 18, 17, 16]
73: [11, 19, 18, 17, 16]
74: [11, 19, 22, 18, 17, 16]
75: []
76: [16, 17, 18, 19, 23, 11]
77: [16, 17, 18, 19, 11]
78: [44, 43, 35]
79: [52, 60]
80: [60]
81: [29, 44]
82: [29, 44]
83: [29, 44]
84: [29, 44]
85: [29, 44, 35]
86: [44, 35]
87: [44, 35]
88: [44, 35]
89: [60]
90: [60]
91: [60]
92: [60]
93: [60]
94: [60, 66]
95: [67, 60, 66]
96: [67, 60]
97: [60]
98: [60]
99: [60]
76
0: [52]
1: [52]
2: [52]
3: [52]
4: [52]
5: [67, 52]
6: [67, 52, 68]
7: [52, 68]
8: [52]
9: [52]
10: [52]
11: [30]
12: [30]
13: [30]
14: [30]
15: [30]
16: [36, 30]
17: [36]
18: [36]
19: [52]
20: [52]
21: [30]
22: [11]
23: [11]
24: [11]
25: [23, 11]
26: [23, 24, 11]
27: [24, 11]
28: [36]
29: [52]
30: [52]
31: [30]
32: [11, 16]
33: [16]
34: [16]
35: [16, 23]
36: [23, 16, 24]
37: [16, 24, 11]
38: [36]
39: [52]
40: [52]
41: [30]
42: [11, 17, 16]
43: [17]
44: [17]
45: [17, 23]
46: [23, 17, 24]
47: [16, 17, 24, 11]
48: [36]
49: [52]
50: [52]
51: [30]
52: [11, 18, 17, 16]
53: [18]
54: [18]
55: [18, 23]
56: [23, 18, 24]
57: [16, 17, 18, 24, 11]
58: [36]
59: [52]
60: [52]
61: [43, 30]
62: [11, 19, 18, 17, 16]
63: [19]
64: [19]
65: [19, 23]
66: [23, 19, 24]
67: [16, 17, 18, 19, 24, 11]
68: [43, 36]
69: [52]
70: [60, 52]
71: [43, 30, 44]
72: [11, 19, 18, 17, 16]
73: [11, 19, 18, 17, 16]
74: [11, 19, 18, 17, 16]
75: [11, 19, 23, 18, 17, 16]
76: []
77: [16, 17, 18, 19, 24, 11]
78: [44, 43, 36]
79: [52, 60]
80: [60]
81: [30, 44]
82: [30, 44]
83: [30, 44]
84: [30, 44]
85: [30, 44]
86: [30, 44, 36]
87: [44, 36]
88: [44, 36]
89: [60]
90: [60]
91: [60]
92: [60]
93: [60]
94: [60]
95: [60, 67]
96: [68, 60, 67]
97: [68, 60]
98: [60]
99: [60]
77
0: [52]
1: [52]
2: [52]
3: [52]
4: [52]
5: [52]
6: [68, 52]
7: [68, 52, 69]
8: [52, 69]
9: [52]
10: [52]
11: [31]
12: [31]
13: [31]
14: [31]
15: [31]
16: [31]
17: [37, 31]
18: [37]
19: [52]
20: [52]
21: [31]
22: [11]
23: [11]
24: [11]
25: [11]
26: [24, 11]
27: [24, 11]
28: [37]
29: [52]
30: [52]
31: [31]
32: [16, 11]
33: [16]
34: [16]
35: [16]
36: [16, 24]
37: [16, 24, 11]
38: [37]
39: [52]
40: [52]
41: [31]
42: [17, 11, 16]
43: [17]
44: [17]
45: [17]
46: [17, 24]
47: [16, 17, 24, 11]
48: [37]
49: [52]
50: [52]
51: [31]
52: [18, 11, 17, 16]
53: [18]
54: [18]
55: [18]
56: [18, 24]
57: [16, 17, 18, 24, 11]
58: [37]
59: [52]
60: [52]
61: [43, 31]
62: [19, 11, 18, 17, 16]
63: [19]
64: [19]
65: [19]
66: [19, 24]
67: [16, 17, 18, 19, 24, 11]
68: [37, 43]
69: [52]
70: [60, 52]
71: [43, 31, 44]
72: [11, 19, 18, 17, 16]
73: [11, 19, 18, 17, 16]
74: [11, 19, 18, 17, 16]
75: [11, 19, 18, 17, 16]
76: [11, 24, 19, 18, 17, 16]
77: []
78: [44, 37, 43]
79: [52, 60]
80: [60]
81: [31, 44]
82: [31, 44]
83: [31, 44]
84: [31, 44]
85: [31, 44]
86: [31, 44]
87: [31, 44, 37]
88: [44, 37]
89: [60]
90: [60]
91: [60]
92: [60]
93: [60]
94: [60]
95: [60]
96: [60, 68]
97: [69, 60, 68]
98: [69, 60]
99: [60]
78
0: [52]
1: [52]
2: [52]
3: [52]
4: [52]
5: [52]
6: [52]
7: [69, 52]
8: [69, 52, 70]
9: [52, 70]
10: [52]
11: [25]
12: [25, 32]
13: [25, 33, 32]
14: [25, 34, 33, 32]
15: [25, 35, 34, 33, 32]
16: [25, 36, 35, 34, 33, 32]
17: [25, 37, 36, 35, 34, 33, 32]
18: [25, 37, 36, 35, 34, 33, 32]
19: [52, 70]
20: [52]
21: [25]
22: [32]
23: [33]
24: [34]
25: [35]
26: [36]
27: [37]
28: [25, 37, 36, 35, 34, 33, 32]
29: [52, 70]
30: [52]
31: [25]
32: [32]
33: [33]
34: [34]
35: [35]
36: [36]
37: [37]
38: [25, 37, 36, 35, 34, 33, 32]
39: [52, 70]
40: [52]
41: [25]
42: [32]
43: [33]
44: [34]
45: [35]
46: [36]
47: [37]
48: [25, 37, 36, 35, 34, 33, 32]
49: [52, 70]
50: [52]
51: [25]
52: [32]
53: [33]
54: [34]
55: [35]
56: [36]
57: [37]
58: [25, 37, 36, 35, 34, 33, 32]
59: [52, 70]
60: [52]
61: [43, 25]
62: [32, 43]
63: [33, 43]
64: [34, 43]
65: [35, 43]
66: [36, 43]
67: [37, 43]
68: [25, 43, 37, 36, 35, 34, 33, 32]
69: [52, 70]
70: [60, 52]
71: [43, 44, 25]
72: [43, 32, 44]
73: [43, 33, 44]
74: [43, 34, 44]
75: [43, 35, 44]
76: [43, 36, 44]
77: [43, 37, 44]
78: []
79: [52, 70, 60]
80: [60]
81: [44, 25]
82: [32, 44, 25]
83: [32, 33, 44, 25]
84: [32, 33, 34, 44, 25]
85: [32, 33, 34, 35, 44, 25]
86: [32, 33, 34, 35, 36, 44, 25]
87: [32, 33, 34, 35, 36, 37, 44, 25]
88: [32, 33, 34, 35, 36, 37, 44, 25]
89: [70, 60]
90: [60]
91: [60]
92: [60]
93: [60]
94: [60]
95: [60]
96: [60]
97: [60, 69]
98: [70, 60, 69]
99: [70, 60]
79
0: [52, 53, 45]
1: [52, 53, 45]
2: [52, 53, 45]
3: [52, 53, 45]
4: [52, 53, 45]
5: [52, 53, 45]
6: [52, 53, 45]
7: [52, 53, 45]
8: [52, 53, 70, 45]
9: [52, 53, 70, 45]
10: [54, 52, 53, 45]
11: [54]
12: [54]
13: [54]
14: [54]
15: [54]
16: [54]
17: [54]
18: [54, 70]
19: [70, 52, 53, 54, 45]
20: [55, 54, 53, 52, 45]
21: [55]
22: [55]
23: [55]
24: [55]
25: [55]
26: [55]
27: [55]
28: [55, 70]
29: [70, 52, 53, 54, 55, 45]
30: [56, 55, 45, 54, 52, 53]
31: [56]
32: [56]
33: [56]
34: [56]
35: [56]
36: [56]
37: [56]
38: [56, 70]
39: [70, 52, 53, 54, 55, 56, 45]
40: [57, 56, 45, 55, 54, 52, 53]
41: [57]
42: [57]
43: [57]
44: [57]
45: [57]
46: [57]
47: [57]
48: [57, 70]
49: [70, 52, 53, 54, 55, 56, 57, 45]
50: [58, 57, 56, 45, 55, 54, 52, 53]
51: [58]
52: [58]
53: [58]
54: [58]
55: [58]
56: [58]
57: [58]
58: [58, 70]
59: [70, 52, 53, 54, 55, 56, 57, 58, 45]
60: [59, 58, 57, 45, 56, 55, 54, 52, 53]
61: [59]
62: [59]
63: [59]
64: [59]
65: [59]
66: [59]
67: [59]
68: [59, 70]
69: [70, 52, 53, 54, 55, 56, 57, 58, 59, 45]
70: [60, 59, 58, 45, 57, 56, 55, 54, 52, 53]
71: [60, 52]
72: [60, 52]
73: [60, 52]
74: [60, 52]
75: [60, 52]
76: [60, 52]
77: [60, 52]
78: [60, 70, 52]
79: []
80: [60, 59, 45, 58, 57, 56, 55, 54, 53]
81: [53]
82: [53]
83: [53]
84: [53]
85: [53]
86: [53]
87: [53]
88: [70, 53]
89: [45, 70, 60, 59, 58, 57, 56, 55, 53, 54]
90: [60, 45, 59, 58, 57, 56, 55, 54]
91: [45, 60, 59, 58, 57, 56, 55, 54]
92: [45, 60, 59, 58, 57, 56, 55, 54]
93: [45, 60, 59, 58, 57, 56, 55, 54]
94: [45, 60, 59, 58, 57, 56, 55, 54]
95: [45, 60, 59, 58, 57, 56, 55, 54]
96: [45, 60, 59, 58, 57, 56, 55, 54]
97: [45, 60, 59, 58, 57, 56, 55, 54]
98: [45, 70, 60, 59, 58, 57, 56, 55, 54]
99: [45, 70, 60, 59, 58, 57, 56, 55, 54]
80
0: [45, 62, 53]
1: [45, 62, 53]
2: [45, 53]
3: [45, 53]
4: [45, 53]
5: [45, 53]
6: [45, 53]
7: [45, 53]
8: [45, 53]
9: [53, 45]
10: [45, 62, 53, 54]
11: [62, 54]
12: [54]
13: [54]
14: [54]
15: [54]
16: [54]
17: [54]
18: [54]
19: [53, 45, 54]
20: [45, 62, 55, 53, 54]
21: [62, 55]
22: [55]
23: [55]
24: [55]
25: [55]
26: [55]
27: [55]
28: [55]
29: [53, 54, 55, 45]
30: [45, 62, 56, 55, 53, 54]
31: [62, 56]
32: [56]
33: [56]
34: [56]
35: [56]
36: [56]
37: [56]
38: [56]
39: [53, 56, 54, 55, 45]
40: [45, 62, 57, 56, 55, 53, 54]
41: [62, 57]
42: [57]
43: [57]
44: [57]
45: [57]
46: [57]
47: [57]
48: [57]
49: [53, 56, 57, 54, 55, 45]
50: [45, 62, 58, 57, 56, 55, 53, 54]
51: [62, 58]
52: [58]
53: [58]
54: [58]
55: [58]
56: [58]
57: [58]
58: [58]
59: [53, 54, 55, 56, 57, 58, 45]
60: [45, 62, 59, 58, 57, 56, 55, 53, 54]
61: [62, 59]
62: [59]
63: [59]
64: [59]
65: [59]
66: [59]
67: [59]
68: [59]
69: [53, 54, 55, 56, 57, 58, 59, 45]
70: [45, 62, 60, 59, 58, 57, 56, 55, 53, 54]
71: [62, 60]
72: [60]
73: [60]
74: [60]
75: [60]
76: [60]
77: [60]
78: [60]
79: [53, 54, 55, 56, 57, 58, 59, 60, 45]
80: []
81: [53, 62, 61]
82: [53, 61]
83: [53, 61]
84: [53, 61]
85: [53, 61]
86: [53, 61]
87: [53, 61]
88: [53, 61]
89: [53, 54, 55, 56, 57, 58, 59, 60, 61, 45]
90: [54, 55, 56, 57, 58, 59, 60, 61, 62, 45]
91: [54, 55, 56, 57, 58, 59, 60, 61, 62, 45]
92: [54, 55, 56, 57, 58, 59, 60, 61, 45]
93: [54, 55, 56, 57, 58, 59, 60, 61, 45]
94: [54, 55, 56, 57, 58, 59, 60, 61, 45]
95: [54, 55, 56, 57, 58, 59, 60, 61, 45]
96: [54, 55, 56, 57, 58, 59, 60, 61, 45]
97: [54, 55, 56, 57, 58, 59, 60, 61, 45]
98: [54, 55, 56, 57, 58, 59, 60, 61, 45]
99: [54, 55, 56, 57, 58, 59, 60, 61, 45]
81
0: [62, 53]
1: [62, 63, 53]
2: [63, 53]
3: [53]
4: [53]
5: [53]
6: [53]
7: [53]
8: [53]
9: [53]
10: [62, 53]
11: [26, 27, 28, 29, 30, 31, 25]
12: [26, 27, 28, 29, 30, 31, 25]
13: [27, 28, 29, 30, 31, 25]
14: [28, 29, 30, 31, 25]
15: [29, 30, 31, 25]
16: [30, 31, 25]
17: [31, 25]
18: [25]
19: [53]
20: [62, 53]
21: [26, 27, 28, 29, 30, 31, 25]
22: [26]
23: [27]
24: [28]
25: [29]
26: [30]
27: [31]
28: [25]
29: [53]
30: [62, 53]
31: [26, 27, 28, 29, 30, 31, 25]
32: [26]
33: [27]
34: [28]
35: [29]
36: [30]
37: [31]
38: [25]
39: [53]
40: [62, 53]
41: [26, 27, 28, 29, 30, 31, 25]
42: [26]
43: [27]
44: [28]
45: [29]
46: [30]
47: [31]
48: [25]
49: [53]
50: [62, 53]
51: [26, 27, 28, 29, 30, 31, 25]
52: [26]
53: [27]
54: [28]
55: [29]
56: [30]
57: [31]
58: [25]
59: [53]
60: [62, 53]
61: [26, 27, 28, 29, 30, 31, 25]
62: [26]
63: [27]
64: [28]
65: [29]
66: [30]
67: [31]
68: [25]
69: [53]
70: [62, 53]
71: [44, 26, 27, 28, 29, 30, 31, 25]
72: [44, 26]
73: [44, 27]
74: [44, 28]
75: [44, 29]
76: [44, 30]
77: [44, 31]
78: [25, 44]
79: [53]
80: [61, 62, 53]
81: []
82: [25, 26, 44, 27, 28, 29, 30, 31]
83: [25, 44, 27, 28, 29, 30, 31]
84: [25, 44, 28, 29, 30, 31]
85: [25, 44, 29, 30, 31]
86: [25, 44, 30, 31]
87: [25, 44, 31]
88: [25, 44]
89: [53, 61]
90: [61, 62]
91: [63, 61, 62]
92: [63, 61]
93: [61]
94: [61]
95: [61]
96: [61]
97: [61]
98: [61]
99: [61]
82
0: [53]
1: [63, 53]
2: [63, 64, 53]
3: [64, 53]
4: [53]
5: [53]
6: [53]
7: [53]
8: [53]
9: [53]
10: [53]
11: [26, 27, 28, 29, 30, 31, 25]
12: [32, 26, 27, 28, 29, 30, 31, 25]
13: [32, 27, 28, 29, 30, 31, 25]
14: [32, 28, 29, 30, 31, 25]
15: [32, 29, 30, 31, 25]
16: [32, 30, 31, 25]
17: [32, 25, 31]
18: [32, 25]
19: [53]
20: [53]
21: [26, 27, 28, 29, 30, 31, 25]
22: [32, 26]
23: [27]
24: [28]
25: [29]
26: [30]
27: [31]
28: [25, 32]
29: [53]
30: [53]
31: [26, 27, 28, 29, 30, 31, 25]
32: [32, 26]
33: [27]
34: [28]
35: [29]
36: [30]
37: [31]
38: [25, 32]
39: [53]
40: [53]
41: [26, 27, 28, 29, 30, 31, 25]
42: [32, 26]
43: [27]
44: [28]
45: [29]
46: [30]
47: [31]
48: [25, 32]
49: [53]
50: [53]
51: [26, 27, 28, 29, 30, 31, 25]
52: [32, 26]
53: [27]
54: [28]
55: [29]
56: [30]
57: [31]
58: [25, 32]
59: [53]
60: [53]
61: [26, 27, 28, 29, 30, 31, 25]
62: [32, 26]
63: [27]
64: [28]
65: [29]
66: [30]
67: [31]
68: [25, 32]
69: [53]
70: [53]
71: [44, 26, 27, 28, 29, 30, 31, 25]
72: [32, 44, 26]
73: [44, 27]
74: [44, 28]
75: [44, 29]
76: [44, 30]
77: [44, 31]
78: [25, 44, 32]
79: [53]
80: [61, 53]
81: [44, 26, 27, 28, 29, 30, 31, 25]
82: []
83: [25, 44, 27, 28, 29, 30, 32, 31]
84: [25, 44, 28, 29, 30, 32, 31]
85: [25, 44, 29, 30, 32, 31]
86: [25, 44, 30, 32, 31]
87: [25, 44, 32, 31]
88: [25, 44, 32]
89: [53, 61]
90: [61]
91: [61, 63]
92: [64, 61, 63]
93: [64, 61]
94: [61]
95: [61]
96: [61]
97: [61]
98: [61]
99: [61]
83
0: [53]
1: [53]
2: [64, 53]
3: [64, 65, 53]
4: [65, 53]
5: [53]
6: [53]
7: [53]
8: [53]
9: [53]
10: [53]
11: [27, 28, 29, 30, 31, 25]
12: [32, 27, 28, 29, 30, 31, 25]
13: [33, 32, 27, 28, 29, 30, 31, 25]
14: [33, 32, 28, 29, 30, 31, 25]
15: [33, 32, 29, 30, 31, 25]
16: [33, 32, 25, 30, 31]
17: [33, 32, 25, 31]
18: [25, 33, 32]
19: [53]
20: [53]
21: [27, 28, 29, 30, 31, 25]
22: [32]
23: [33, 27]
24: [28]
25: [29]
26: [30]
27: [31]
28: [25, 33, 32]
29: [53]
30: [53]
31: [27, 28, 29, 30, 31, 25]
32: [32]
33: [33, 27]
34: [28]
35: [29]
36: [30]
37: [31]
38: [25, 33, 32]
39: [53]
40: [53]
41: [27, 28, 29, 30, 31, 25]
42: [32]
43: [33, 27]
44: [28]
45: [29]
46: [30]
47: [31]
48: [25, 33, 32]
49: [53]
50: [53]
51: [27, 28, 29, 30, 31, 25]
52: [32]
53: [33, 27]
54: [28]
55: [29]
56: [30]
57: [31]
58: [25, 33, 32]
59: [53]
60: [53]
61: [27, 28, 29, 30, 31, 25]
62: [32]
63: [33, 27]
64: [28]
65: [29]
66: [30]
67: [31]
68: [25, 33, 32]
69: [53]
70: [53]
71: [44, 27, 28, 29, 30, 31, 25]
72: [32, 44]
73: [33, 44, 27]
74: [44, 28]
75: [44, 29]
76: [44, 30]
77: [44, 31]
78: [25, 44, 33, 32]
79: [53]
80: [61, 53]
81: [44, 27, 28, 29, 30, 31, 25]
82: [32, 44, 27, 28, 29, 30, 31, 25]
83: []
84: [25, 44, 28, 29, 33, 30, 32, 31]
85: [25, 44, 29, 33, 30, 32, 31]
86: [25, 44, 33, 30, 32, 31]
87: [25, 44, 33, 32, 31]
88: [25, 44, 33, 32]
89: [53, 61]
90: [61]
91: [61]
92: [61, 64]
93: [65, 61, 64]
94: [65, 61]
95: [61]
96: [61]
97: [61]
98: [61]
99: [61]
84
0: [53]
1: [53]
2: [53]
3: [65, 53]
4: [65, 66, 53]
5: [66, 53]
6: [53]
7: [53]
8: [53]
9: [53]
10: [53]
11: [28, 29, 30, 31, 25]
12: [32, 28, 29, 30, 31, 25]
13: [33, 32, 28, 29, 30, 31, 25]
14: [34, 33, 32, 28, 29, 30, 31, 25]
15: [34, 33, 32, 25, 29, 30, 31]
16: [34, 33, 32, 25, 30, 31]
17: [34, 25, 33, 32, 31]
18: [25, 34, 33, 32]
19: [53]
20: [53]
21: [28, 29, 30, 31, 25]
22: [32]
23: [33]
24: [34, 28]
25: [29]
26: [30]
27: [31]
28: [25, 34, 33, 32]
29: [53]
30: [53]
31: [28, 29, 30, 31, 25]
32: [32]
33: [33]
34: [34, 28]
35: [29]
36: [30]
37: [31]
38: [25, 34, 33, 32]
39: [53]
40: [53]
41: [28, 29, 30, 31, 25]
42: [32]
43: [33]
44: [34, 28]
45: [29]
46: [30]
47: [31]
48: [25, 34, 33, 32]
49: [53]
50: [53]
51: [28, 29, 30, 31, 25]
52: [32]
53: [33]
54: [34, 28]
55: [29]
56: [30]
57: [31]
58: [25, 34, 33, 32]
59: [53]
60: [53]
61: [28, 29, 30, 31, 25]
62: [32]
63: [33]
64: [34, 28]
65: [29]
66: [30]
67: [31]
68: [25, 34, 33, 32]
69: [53]
70: [53]
71: [44, 28, 29, 30, 31, 25]
72: [32, 44]
73: [33, 44]
74: [34, 44, 28]
75: [44, 29]
76: [44, 30]
77: [44, 31]
78: [25, 44, 34, 33, 32]
79: [53]
80: [61, 53]
81: [44, 28, 29, 30, 31, 25]
82: [32, 44, 28, 29, 30, 31, 25]
83: [32, 33, 44, 28, 29, 30, 31, 25]
84: []
85: [25, 44, 34, 29, 33, 30, 32, 31]
86: [25, 44, 34, 33, 30, 32, 31]
87: [25, 44, 34, 33, 32, 31]
88: [25, 44, 34, 33, 32]
89: [53, 61]
90: [61]
91: [61]
92: [61]
93: [61, 65]
94: [66, 61, 65]
95: [66, 61]
96: [61]
97: [61]
98: [61]
99: [61]
85
0: [53]
1: [53]
2: [53]
3: [53]
4: [66, 53]
5: [66, 67, 53]
6: [67, 53]
7: [53]
8: [53]
9: [53]
10: [53]
11: [29, 30, 31, 25]
12: [32, 29, 30, 31, 25]
13: [33, 32, 29, 30, 31, 25]
14: [34, 33, 32, 25, 29, 30, 31]
15: [35, 34, 33, 32, 25, 29, 30, 31]
16: [35, 34, 25, 33, 32, 30, 31]
17: [35, 25, 34, 33, 32, 31]
18: [25, 35, 34, 33, 32]
19: [53]
20: [53]
21: [29, 30, 31, 25]
22: [32]
23: [33]
24: [34]
25: [35, 29]
26: [30]
27: [31]
28: [25, 35, 34, 33, 32]
29: [53]
30: [53]
31: [29, 30, 31, 25]
32: [32]
33: [33]
34: [34]
35: [35, 29]
36: [30]
37: [31]
38: [25, 35, 34, 33, 32]
39: [53]
40: [53]
41: [29, 30, 31, 25]
42: [32]
43: [33]
44: [34]
45: [35, 29]
46: [30]
47: [31]
48: [25, 35, 34, 33, 32]
49: [53]
50: [53]
51: [29, 30, 31, 25]
52: [32]
53: [33]
54: [34]
55: [35, 29]
56: [30]
57: [31]
58: [25, 35, 34, 33, 32]
59: [53]
60: [53]
61: [29, 30, 31, 25]
62: [32]
63: [33]
64: [34]
65: [35, 29]
66: [30]
67: [31]
68: [25, 35, 34, 33, 32]
69: [53]
70: [53]
71: [44, 29, 30, 31, 25]
72: [32, 44]
73: [33, 44]
74: [34, 44]
75: [35, 44, 29]
76: [44, 30]
77: [44, 31]
78: [25, 44, 35, 34, 33, 32]
79: [53]
80: [61, 53]
81: [44, 29, 30, 31, 25]
82: [32, 44, 29, 30, 31, 25]
83: [32, 33, 44, 29, 30, 31, 25]
84: [32, 33, 34, 44, 29, 30, 31, 25]
85: []
86: [25, 44, 35, 34, 33, 30, 32, 31]
87: [25, 44, 35, 34, 33, 32, 31]
88: [25, 44, 35, 34, 33, 32]
89: [53, 61]
90: [61]
91: [61]
92: [61]
93: [61]
94: [61, 66]
95: [67, 61, 66]
96: [67, 61]
97: [61]
98: [61]
99: [61]
86
0: [53]
1: [53]
2: [53]
3: [53]
4: [53]
5: [67, 53]
6: [67, 68, 53]
7: [68, 53]
8: [53]
9: [53]
10: [53]
11: [30, 31, 25]
12: [32, 30, 31, 25]
13: [33, 32, 25, 30, 31]
14: [34, 33, 32, 25, 30, 31]
15: [35, 34, 25, 33, 32, 30, 31]
16: [36, 35, 25, 34, 33, 32, 30, 31]
17: [36, 25, 35, 34, 33, 32, 31]
18: [25, 36, 35, 34, 33, 32]
19: [53]
20: [53]
21: [30, 31, 25]
22: [32]
23: [33]
24: [34]
25: [35]
26: [36, 30]
27: [31]
28: [25, 36, 35, 34, 33, 32]
29: [53]
30: [53]
31: [30, 31, 25]
32: [32]
33: [33]
34: [34]
35: [35]
36: [36, 30]
37: [31]
38: [25, 36, 35, 34, 33, 32]
39: [53]
40: [53]
41: [30, 31, 25]
42: [32]
43: [33]
44: [34]
45: [35]
46: [36, 30]
47: [31]
48: [25, 36, 35, 34, 33, 32]
49: [53]
50: [53]
51: [30, 31, 25]
52: [32]
53: [33]
54: [34]
55: [35]
56: [36, 30]
57: [31]
58: [25, 36, 35, 34, 33, 32]
59: [53]
60: [53]
61: [30, 31, 25]
62: [32]
63: [33]
64: [34]
65: [35]
66: [36, 30]
67: [31]
68: [25, 36, 35, 34, 33, 32]
69: [53]
70: [53]
71: [44, 30, 31, 25]
72: [32, 44]
73: [33, 44]
74: [34, 44]
75: [35, 44]
76: [36, 44, 30]
77: [44, 31]
78: [25, 44, 36, 35, 34, 33, 32]
79: [53]
80: [61, 53]
81: [44, 30, 31, 25]
82: [32, 44, 30, 31, 25]
83: [32, 33, 44, 30, 31, 25]
84: [32, 33, 34, 44, 30, 31, 25]
85: [32, 33, 34, 35, 44, 30, 31, 25]
86: []
87: [25, 44, 36, 35, 34, 33, 32, 31]
88: [25, 44, 36, 35, 34, 33, 32]
89: [53, 61]
90: [61]
91: [61]
92: [61]
93: [61]
94: [61]
95: [61, 67]
96: [68, 61, 67]
97: [68, 61]
98: [61]
99: [61]
87
0: [53]
1: [53]
2: [53]
3: [53]
4: [53]
5: [53]
6: [68, 53]
7: [68, 69, 53]
8: [69, 53]
9: [53]
10: [53]
11: [31, 25]
12: [32, 25, 31]
13: [33, 32, 25, 31]
14: [34, 25, 33, 32, 31]
15: [35, 25, 34, 33, 32, 31]
16: [36, 25, 35, 34, 33, 32, 31]
17: [37, 25, 36, 35, 34, 33, 32, 31]
18: [25, 37, 36, 35, 34, 33, 32]
19: [53]
20: [53]
21: [31, 25]
22: [32]
23: [33]
24: [34]
25: [35]
26: [36]
27: [37, 31]
28: [25, 37, 36, 35, 34, 33, 32]
29: [53]
30: [53]
31: [31, 25]
32: [32]
33: [33]
34: [34]
35: [35]
36: [36]
37: [37, 31]
38: [25, 37, 36, 35, 34, 33, 32]
39: [53]
40: [53]
41: [31, 25]
42: [32]
43: [33]
44: [34]
45: [35]
46: [36]
47: [37, 31]
48: [25, 37, 36, 35, 34, 33, 32]
49: [53]
50: [53]
51: [31, 25]
52: [32]
53: [33]
54: [34]
55: [35]
56: [36]
57: [37, 31]
58: [25, 37, 36, 35, 34, 33, 32]
59: [53]
60: [53]
61: [31, 25]
62: [32]
63: [33]
64: [34]
65: [35]
66: [36]
67: [37, 31]
68: [25, 37, 36, 35, 34, 33, 32]
69: [53]
70: [53]
71: [44, 31, 25]
72: [32, 44]
73: [33, 44]
74: [34, 44]
75: [35, 44]
76: [36, 44]
77: [37, 44, 31]
78: [25, 44, 37, 36, 35, 34, 33, 32]
79: [53]
80: [61, 53]
81: [44, 31, 25]
82: [32, 44, 31, 25]
83: [32, 33, 44, 31, 25]
84: [32, 33, 34, 44, 31, 25]
85: [32, 33, 34, 35, 44, 31, 25]
86: [32, 33, 34, 35, 36, 44, 31, 25]
87: []
88: [25, 44, 37, 36, 35, 34, 33, 32]
89: [53, 61]
90: [61]
91: [61]
92: [61]
93: [61]
94: [61]
95: [61]
96: [61, 68]
97: [69, 61, 68]
98: [69, 61]
99: [61]
88
0: [53]
1: [53]
2: [53]
3: [53]
4: [53]
5: [53]
6: [53]
7: [69, 53]
8: [69, 53, 70]
9: [53, 70]
10: [53]
11: [25]
12: [32, 25]
13: [25, 33, 32]
14: [25, 34, 33, 32]
15: [25, 35, 34, 33, 32]
16: [25, 36, 35, 34, 33, 32]
17: [25, 37, 36, 35, 34, 33, 32]
18: [25, 37, 36, 35, 34, 33, 32]
19: [53, 70]
20: [53]
21: [25]
22: [32]
23: [33]
24: [34]
25: [35]
26: [36]
27: [37]
28: [25, 37, 36, 35, 34, 33, 32]
29: [53, 70]
30: [53]
31: [25]
32: [32]
33: [33]
34: [34]
35: [35]
36: [36]
37: [37]
38: [25, 37, 36, 35, 34, 33, 32]
39: [53, 70]
40: [53]
41: [25]
42: [32]
43: [33]
44: [34]
45: [35]
46: [36]
47: [37]
48: [25, 37, 36, 35, 34, 33, 32]
49: [53, 70]
50: [53]
51: [25]
52: [32]
53: [33]
54: [34]
55: [35]
56: [36]
57: [37]
58: [25, 37, 36, 35, 34, 33, 32]
59: [53, 70]
60: [53]
61: [25]
62: [32]
63: [33]
64: [34]
65: [35]
66: [36]
67: [37]
68: [25, 37, 36, 35, 34, 33, 32]
69: [53, 70]
70: [53]
71: [44, 25]
72: [32, 44]
73: [33, 44]
74: [34, 44]
75: [35, 44]
76: [36, 44]
77: [37, 44]
78: [25, 44, 37, 36, 35, 34, 33, 32]
79: [53, 70]
80: [61, 53]
81: [44, 25]
82: [32, 44, 25]
83: [32, 33, 44, 25]
84: [32, 33, 34, 44, 25]
85: [32, 33, 34, 35, 44, 25]
86: [32, 33, 34, 35, 36, 44, 25]
87: [32, 33, 34, 35, 36, 37, 44, 25]
88: []
89: [53, 70, 61]
90: [61]
91: [61]
92: [61]
93: [61]
94: [61]
95: [61]
96: [61]
97: [61, 69]
98: [70, 61, 69]
99: [70, 61]
89
0: [53, 45]
1: [53, 45]
2: [53, 45]
3: [53, 45]
4: [53, 45]
5: [53, 45]
6: [53, 45]
7: [53, 45]
8: [53, 70, 45]
9: [53, 70, 45]
10: [54, 53, 45]
11: [54]
12: [54]
13: [54]
14: [54]
15: [54]
16: [54]
17: [54]
18: [54, 70]
19: [70, 53, 54, 45]
20: [55, 45, 54, 53]
21: [55]
22: [55]
23: [55]
24: [55]
25: [55]
26: [55]
27: [55]
28: [55, 70]
29: [70, 53, 54, 55, 45]
30: [56, 45, 55, 54, 53]
31: [56]
32: [56]
33: [56]
34: [56]
35: [56]
36: [56]
37: [56]
38: [56, 70]
39: [70, 53, 54, 55, 56, 45]
40: [57, 56, 45, 55, 54, 53]
41: [57]
42: [57]
43: [57]
44: [57]
45: [57]
46: [57]
47: [57]
48: [57, 70]
49: [70, 53, 54, 55, 56, 57, 45]
50: [58, 57, 45, 56, 55, 54, 53]
51: [58]
52: [58]
53: [58]
54: [58]
55: [58]
56: [58]
57: [58]
58: [58, 70]
59: [70, 53, 54, 55, 56, 57, 58, 45]
60: [59, 58, 45, 57, 56, 55, 54, 53]
61: [59]
62: [59]
63: [59]
64: [59]
65: [59]
66: [59]
67: [59]
68: [59, 70]
69: [70, 53, 54, 55, 56, 57, 58, 59, 45]
70: [60, 59, 45, 58, 57, 56, 55, 54, 53]
71: [60]
72: [60]
73: [60]
74: [60]
75: [60]
76: [60]
77: [60]
78: [60, 70]
79: [70, 53, 54, 55, 56, 57, 58, 59, 60, 45]
80: [61, 60, 45, 59, 58, 57, 56, 55, 54, 53]
81: [61, 53]
82: [61, 53]
83: [61, 53]
84: [61, 53]
85: [61, 53]
86: [61, 53]
87: [61, 53]
88: [61, 70, 53]
89: []
90: [61, 45, 60, 59, 58, 57, 56, 55, 54]
91: [45, 61, 60, 59, 58, 57, 56, 55, 54]
92: [45, 61, 60, 59, 58, 57, 56, 55, 54]
93: [45, 61, 60, 59, 58, 57, 56, 55, 54]
94: [45, 61, 60, 59, 58, 57, 56, 55, 54]
95: [45, 61, 60, 59, 58, 57, 56, 55, 54]
96: [45, 61, 60, 59, 58, 57, 56, 55, 54]
97: [45, 61, 60, 59, 58, 57, 56, 55, 54]
98: [45, 61, 70, 60, 59, 58, 57, 56, 55, 54]
99: [45, 61, 70, 60, 59, 58, 57, 56, 55, 54]
90
0: [45, 62]
1: [45, 62]
2: [45]
3: [45]
4: [45]
5: [45]
6: [45]
7: [45]
8: [45]
9: [45]
10: [45, 62, 54]
11: [62, 54]
12: [54]
13: [54]
14: [54]
15: [54]
16: [54]
17: [54]
18: [54]
19: [54, 45]
20: [45, 62, 55, 54]
21: [62, 55]
22: [55]
23: [55]
24: [55]
25: [55]
26: [55]
27: [55]
28: [55]
29: [54, 55, 45]
30: [45, 62, 56, 55, 54]
31: [62, 56]
32: [56]
33: [56]
34: [56]
35: [56]
36: [56]
37: [56]
38: [56]
39: [56, 54, 55, 45]
40: [45, 62, 57, 56, 55, 54]
41: [62, 57]
42: [57]
43: [57]
44: [57]
45: [57]
46: [57]
47: [57]
48: [57]
49: [56, 57, 54, 55, 45]
50: [45, 62, 58, 57, 56, 55, 54]
51: [62, 58]
52: [58]
53: [58]
54: [58]
55: [58]
56: [58]
57: [58]
58: [58]
59: [54, 55, 56, 57, 58, 45]
60: [45, 62, 59, 58, 57, 56, 55, 54]
61: [62, 59]
62: [59]
63: [59]
64: [59]
65: [59]
66: [59]
67: [59]
68: [59]
69: [54, 55, 56, 57, 58, 59, 45]
70: [45, 62, 60, 59, 58, 57, 56, 55, 54]
71: [62, 60]
72: [60]
73: [60]
74: [60]
75: [60]
76: [60]
77: [60]
78: [60]
79: [54, 55, 56, 57, 58, 59, 60, 45]
80: [45, 61, 62, 60, 59, 58, 57, 56, 55, 54]
81: [62, 61]
82: [61]
83: [61]
84: [61]
85: [61]
86: [61]
87: [61]
88: [61]
89: [54, 55, 56, 57, 58, 59, 60, 61, 45]
90: []
91: [54, 55, 56, 57, 58, 59, 60, 61, 62, 45]
92: [54, 55, 56, 57, 58, 59, 60, 61, 45]
93: [54, 55, 56, 57, 58, 59, 60, 61, 45]
94: [54, 55, 56, 57, 58, 59, 60, 61, 45]
95: [54, 55, 56, 57, 58, 59, 60, 61, 45]
96: [54, 55, 56, 57, 58, 59, 60, 61, 45]
97: [54, 55, 56, 57, 58, 59, 60, 61, 45]
98: [54, 55, 56, 57, 58, 59, 60, 61, 45]
99: [54, 55, 56, 57, 58, 59, 60, 61, 45]
91
0: [45, 62]
1: [62, 45, 63]
2: [63, 45]
3: [45]
4: [45]
5: [45]
6: [45]
7: [45]
8: [45]
9: [45]
10: [45, 62, 54]
11: [62, 63, 54]
12: [63, 54]
13: [54]
14: [54]
15: [54]
16: [54]
17: [54]
18: [54]
19: [54, 45]
20: [45, 62, 55, 54]
21: [62, 63, 55]
22: [63, 55]
23: [55]
24: [55]
25: [55]
26: [55]
27: [55]
28: [55]
29: [54, 55, 45]
30: [45, 62, 56, 55, 54]
31: [62, 63, 56]
32: [63, 56]
33: [56]
34: [56]
35: [56]
36: [56]
37: [56]
38: [56]
39: [56, 54, 55, 45]
40: [45, 62, 57, 56, 55, 54]
41: [62, 63, 57]
42: [63, 57]
43: [57]
44: [57]
45: [57]
46: [57]
47: [57]
48: [57]
49: [56, 57, 54, 55, 45]
50: [45, 62, 58, 57, 56, 55, 54]
51: [62, 63, 58]
52: [63, 58]
53: [58]
54: [58]
55: [58]
56: [58]
57: [58]
58: [58]
59: [54, 55, 56, 57, 58, 45]
60: [45, 62, 59, 58, 57, 56, 55, 54]
61: [62, 63, 59]
62: [63, 59]
63: [59]
64: [59]
65: [59]
66: [59]
67: [59]
68: [59]
69: [54, 55, 56, 57, 58, 59, 45]
70: [45, 62, 60, 59, 58, 57, 56, 55, 54]
71: [62, 60, 63]
72: [63, 60]
73: [60]
74: [60]
75: [60]
76: [60]
77: [60]
78: [60]
79: [54, 55, 56, 57, 58, 59, 60, 45]
80: [45, 61, 62, 60, 59, 58, 57, 56, 55, 54]
81: [62, 61, 63]
82: [63, 61]
83: [61]
84: [61]
85: [61]
86: [61]
87: [61]
88: [61]
89: [54, 55, 56, 57, 58, 59, 60, 61, 45]
90: [45, 61, 62, 60, 59, 58, 57, 56, 55, 54]
91: []
92: [54, 55, 56, 57, 58, 59, 60, 61, 63, 45]
93: [54, 55, 56, 57, 58, 59, 60, 61, 45]
94: [54, 55, 56, 57, 58, 59, 60, 61, 45]
95: [54, 55, 56, 57, 58, 59, 60, 61, 45]
96: [54, 55, 56, 57, 58, 59, 60, 61, 45]
97: [54, 55, 56, 57, 58, 59, 60, 61, 45]
98: [54, 55, 56, 57, 58, 59, 60, 61, 45]
99: [54, 55, 56, 57, 58, 59, 60, 61, 45]
92
0: [45]
1: [63, 45]
2: [63, 64, 45]
3: [64, 45]
4: [45]
5: [45]
6: [45]
7: [45]
8: [45]
9: [45]
10: [45, 54]
11: [63, 54]
12: [63, 64, 54]
13: [64, 54]
14: [54]
15: [54]
16: [54]
17: [54]
18: [54]
19: [54, 45]
20: [45, 55, 54]
21: [63, 55]
22: [63, 64, 55]
23: [64, 55]
24: [55]
25: [55]
26: [55]
27: [55]
28: [55]
29: [54, 55, 45]
30: [45, 56, 55, 54]
31: [63, 56]
32: [63, 64, 56]
33: [64, 56]
34: [56]
35: [56]
36: [56]
37: [56]
38: [56]
39: [56, 54, 55, 45]
40: [45, 57, 56, 55, 54]
41: [63, 57]
42: [63, 64, 57]
43: [64, 57]
44: [57]
45: [57]
46: [57]
47: [57]
48: [57]
49: [56, 57, 54, 55, 45]
50: [45, 58, 57, 56, 55, 54]
51: [63, 58]
52: [63, 64, 58]
53: [64, 58]
54: [58]
55: [58]
56: [58]
57: [58]
58: [58]
59: [54, 55, 56, 57, 58, 45]
60: [45, 59, 58, 57, 56, 55, 54]
61: [63, 59]
62: [63, 64, 59]
63: [64, 59]
64: [59]
65: [59]
66: [59]
67: [59]
68: [59]
69: [54, 55, 56, 57, 58, 59, 45]
70: [45, 60, 59, 58, 57, 56, 55, 54]
71: [60, 63]
72: [63, 60, 64]
73: [64, 60]
74: [60]
75: [60]
76: [60]
77: [60]
78: [60]
79: [54, 55, 56, 57, 58, 59, 60, 45]
80: [45, 61, 60, 59, 58, 57, 56, 55, 54]
81: [61, 63]
82: [63, 61, 64]
83: [64, 61]
84: [61]
85: [61]
86: [61]
87: [61]
88: [61]
89: [54, 55, 56, 57, 58, 59, 60, 61, 45]
90: [45, 61, 60, 59, 58, 57, 56, 55, 54]
91: [45, 61, 63, 60, 59, 58, 57, 56, 55, 54]
92: []
93: [64, 54, 55, 56, 57, 58, 59, 60, 61, 45]
94: [54, 55, 56, 57, 58, 59, 60, 61, 45]
95: [54, 55, 56, 57, 58, 59, 60, 61, 45]
96: [54, 55, 56, 57, 58, 59, 60, 61, 45]
97: [54, 55, 56, 57, 58, 59, 60, 61, 45]
98: [54, 55, 56, 57, 58, 59, 60, 61, 45]
99: [54, 55, 56, 57, 58, 59, 60, 61, 45]
93
0: [45]
1: [45]
2: [64, 45]
3: [64, 65, 45]
4: [65, 45]
5: [45]
6: [45]
7: [45]
8: [45]
9: [45]
10: [45, 54]
11: [54]
12: [64, 54]
13: [64, 65, 54]
14: [65, 54]
15: [54]
16: [54]
17: [54]
18: [54]
19: [54, 45]
20: [45, 55, 54]
21: [55]
22: [64, 55]
23: [64, 65, 55]
24: [65, 55]
25: [55]
26: [55]
27: [55]
28: [55]
29: [54, 55, 45]
30: [45, 56, 55, 54]
31: [56]
32: [64, 56]
33: [64, 65, 56]
34: [65, 56]
35: [56]
36: [56]
37: [56]
38: [56]
39: [56, 54, 55, 45]
40: [45, 57, 56, 55, 54]
41: [57]
42: [64, 57]
43: [64, 65, 57]
44: [65, 57]
45: [57]
46: [57]
47: [57]
48: [57]
49: [56, 57, 54, 55, 45]
50: [45, 58, 57, 56, 55, 54]
51: [58]
52: [64, 58]
53: [64, 65, 58]
54: [65, 58]
55: [58]
56: [58]
57: [58]
58: [58]
59: [54, 55, 56, 57, 58, 45]
60: [45, 59, 58, 57, 56, 55, 54]
61: [59]
62: [64, 59]
63: [64, 59, 65]
64: [65, 59]
65: [59]
66: [59]
67: [59]
68: [59]
69: [54, 55, 56, 57, 58, 59, 45]
70: [45, 60, 59, 58, 57, 56, 55, 54]
71: [60]
72: [60, 64]
73: [64, 60, 65]
74: [65, 60]
75: [60]
76: [60]
77: [60]
78: [60]
79: [54, 55, 56, 57, 58, 59, 60, 45]
80: [45, 61, 60, 59, 58, 57, 56, 55, 54]
81: [61]
82: [61, 64]
83: [64, 61, 65]
84: [65, 61]
85: [61]
86: [61]
87: [61]
88: [61]
89: [54, 55, 56, 57, 58, 59, 60, 61, 45]
90: [45, 61, 60, 59, 58, 57, 56, 55, 54]
91: [45, 61, 60, 59, 58, 57, 56, 55, 54]
92: [45, 64, 61, 60, 59, 58, 57, 56, 55, 54]
93: []
94: [65, 54, 55, 56, 57, 58, 59, 60, 61, 45]
95: [54, 55, 56, 57, 58, 59, 60, 61, 45]
96: [54, 55, 56, 57, 58, 59, 60, 61, 45]
97: [54, 55, 56, 57, 58, 59, 60, 61, 45]
98: [54, 55, 56, 57, 58, 59, 60, 61, 45]
99: [54, 55, 56, 57, 58, 59, 60, 61, 45]
94
0: [45]
1: [45]
2: [45]
3: [65, 45]
4: [65, 66, 45]
5: [66, 45]
6: [45]
7: [45]
8: [45]
9: [45]
10: [45, 54]
11: [54]
12: [54]
13: [65, 54]
14: [65, 66, 54]
15: [66, 54]
16: [54]
17: [54]
18: [54]
19: [54, 45]
20: [45, 55, 54]
21: [55]
22: [55]
23: [65, 55]
24: [65, 66, 55]
25: [66, 55]
26: [55]
27: [55]
28: [55]
29: [54, 55, 45]
30: [45, 56, 55, 54]
31: [56]
32: [56]
33: [65, 56]
34: [65, 66, 56]
35: [66, 56]
36: [56]
37: [56]
38: [56]
39: [56, 54, 55, 45]
40: [45, 57, 56, 55, 54]
41: [57]
42: [57]
43: [65, 57]
44: [65, 57, 66]
45: [66, 57]
46: [57]
47: [57]
48: [57]
49: [56, 57, 54, 55, 45]
50: [45, 58, 57, 56, 55, 54]
51: [58]
52: [58]
53: [65, 58]
54: [65, 58, 66]
55: [66, 58]
56: [58]
57: [58]
58: [58]
59: [54, 55, 56, 57, 58, 45]
60: [45, 59, 58, 57, 56, 55, 54]
61: [59]
62: [59]
63: [59, 65]
64: [65, 59, 66]
65: [66, 59]
66: [59]
67: [59]
68: [59]
69: [54, 55, 56, 57, 58, 59, 45]
70: [45, 60, 59, 58, 57, 56, 55, 54]
71: [60]
72: [60]
73: [60, 65]
74: [65, 60, 66]
75: [66, 60]
76: [60]
77: [60]
78: [60]
79: [54, 55, 56, 57, 58, 59, 60, 45]
80: [45, 61, 60, 59, 58, 57, 56, 55, 54]
81: [61]
82: [61]
83: [61, 65]
84: [65, 61, 66]
85: [66, 61]
86: [61]
87: [61]
88: [61]
89: [54, 55, 56, 57, 58, 59, 60, 61, 45]
90: [45, 61, 60, 59, 58, 57, 56, 55, 54]
91: [45, 61, 60, 59, 58, 57, 56, 55, 54]
92: [45, 61, 60, 59, 58, 57, 56, 55, 54]
93: [45, 65, 61, 60, 59, 58, 57, 56, 55, 54]
94: []
95: [66, 54, 55, 56, 57, 58, 59, 60, 61, 45]
96: [54, 55, 56, 57, 58, 59, 60, 61, 45]
97: [54, 55, 56, 57, 58, 59, 60, 61, 45]
98: [54, 55, 56, 57, 58, 59, 60, 61, 45]
99: [54, 55, 56, 57, 58, 59, 60, 61, 45]
95
0: [45]
1: [45]
2: [45]
3: [45]
4: [66, 45]
5: [66, 67, 45]
6: [67, 45]
7: [45]
8: [45]
9: [45]
10: [45, 54]
11: [54]
12: [54]
13: [54]
14: [66, 54]
15: [66, 67, 54]
16: [67, 54]
17: [54]
18: [54]
19: [54, 45]
20: [45, 55, 54]
21: [55]
22: [55]
23: [55]
24: [66, 55]
25: [66, 67, 55]
26: [67, 55]
27: [55]
28: [55]
29: [54, 55, 45]
30: [45, 56, 55, 54]
31: [56]
32: [56]
33: [56]
34: [66, 56]
35: [66, 56, 67]
36: [67, 56]
37: [56]
38: [56]
39: [56, 54, 55, 45]
40: [45, 57, 56, 55, 54]
41: [57]
42: [57]
43: [57]
44: [57, 66]
45: [66, 57, 67]
46: [67, 57]
47: [57]
48: [57]
49: [56, 57, 54, 55, 45]
50: [45, 58, 57, 56, 55, 54]
51: [58]
52: [58]
53: [58]
54: [58, 66]
55: [66, 58, 67]
56: [67, 58]
57: [58]
58: [58]
59: [54, 55, 56, 57, 58, 45]
60: [45, 59, 58, 57, 56, 55, 54]
61: [59]
62: [59]
63: [59]
64: [59, 66]
65: [66, 59, 67]
66: [67, 59]
67: [59]
68: [59]
69: [54, 55, 56, 57, 58, 59, 45]
70: [45, 60, 59, 58, 57, 56, 55, 54]
71: [60]
72: [60]
73: [60]
74: [60, 66]
75: [66, 60, 67]
76: [67, 60]
77: [60]
78: [60]
79: [54, 55, 56, 57, 58, 59, 60, 45]
80: [45, 61, 60, 59, 58, 57, 56, 55, 54]
81: [61]
82: [61]
83: [61]
84: [61, 66]
85: [66, 61, 67]
86: [67, 61]
87: [61]
88: [61]
89: [54, 55, 56, 57, 58, 59, 60, 61, 45]
90: [45, 61, 60, 59, 58, 57, 56, 55, 54]
91: [45, 61, 60, 59, 58, 57, 56, 55, 54]
92: [45, 61, 60, 59, 58, 57, 56, 55, 54]
93: [45, 61, 60, 59, 58, 57, 56, 55, 54]
94: [45, 66, 61, 60, 59, 58, 57, 56, 55, 54]
95: []
96: [67, 54, 55, 56, 57, 58, 59, 60, 61, 45]
97: [54, 55, 56, 57, 58, 59, 60, 61, 45]
98: [54, 55, 56, 57, 58, 59, 60, 61, 45]
99: [54, 55, 56, 57, 58, 59, 60, 61, 45]
96
0: [45]
1: [45]
2: [45]
3: [45]
4: [45]
5: [67, 45]
6: [67, 68, 45]
7: [68, 45]
8: [45]
9: [45]
10: [45, 54]
11: [54]
12: [54]
13: [54]
14: [54]
15: [67, 54]
16: [67, 68, 54]
17: [68, 54]
18: [54]
19: [54, 45]
20: [45, 55, 54]
21: [55]
22: [55]
23: [55]
24: [55]
25: [67, 55]
26: [67, 68, 55]
27: [68, 55]
28: [55]
29: [54, 55, 45]
30: [45, 56, 55, 54]
31: [56]
32: [56]
33: [56]
34: [56]
35: [56, 67]
36: [67, 56, 68]
37: [68, 56]
38: [56]
39: [56, 54, 55, 45]
40: [45, 57, 56, 55, 54]
41: [57]
42: [57]
43: [57]
44: [57]
45: [57, 67]
46: [67, 57, 68]
47: [68, 57]
48: [57]
49: [56, 57, 54, 55, 45]
50: [45, 58, 57, 56, 55, 54]
51: [58]
52: [58]
53: [58]
54: [58]
55: [58, 67]
56: [67, 58, 68]
57: [68, 58]
58: [58]
59: [54, 55, 56, 57, 58, 45]
60: [45, 59, 58, 57, 56, 55, 54]
61: [59]
62: [59]
63: [59]
64: [59]
65: [59, 67]
66: [67, 59, 68]
67: [68, 59]
68: [59]
69: [54, 55, 56, 57, 58, 59, 45]
70: [45, 60, 59, 58, 57, 56, 55, 54]
71: [60]
72: [60]
73: [60]
74: [60]
75: [60, 67]
76: [67, 60, 68]
77: [68, 60]
78: [60]
79: [54, 55, 56, 57, 58, 59, 60, 45]
80: [45, 61, 60, 59, 58, 57, 56, 55, 54]
81: [61]
82: [61]
83: [61]
84: [61]
85: [61, 67]
86: [67, 61, 68]
87: [68, 61]
88: [61]
89: [54, 55, 56, 57, 58, 59, 60, 61, 45]
90: [45, 61, 60, 59, 58, 57, 56, 55, 54]
91: [45, 61, 60, 59, 58, 57, 56, 55, 54]
92: [45, 61, 60, 59, 58, 57, 56, 55, 54]
93: [45, 61, 60, 59, 58, 57, 56, 55, 54]
94: [45, 61, 60, 59, 58, 57, 56, 55, 54]
95: [45, 67, 61, 60, 59, 58, 57, 56, 55, 54]
96: []
97: [68, 54, 55, 56, 57, 58, 59, 60, 61, 45]
98: [54, 55, 56, 57, 58, 59, 60, 61, 45]
99: [54, 55, 56, 57, 58, 59, 60, 61, 45]
97
0: [45]
1: [45]
2: [45]
3: [45]
4: [45]
5: [45]
6: [68, 45]
7: [68, 69, 45]
8: [69, 45]
9: [45]
10: [45, 54]
11: [54]
12: [54]
13: [54]
14: [54]
15: [54]
16: [68, 54]
17: [68, 69, 54]
18: [69, 54]
19: [54, 45]
20: [45, 55, 54]
21: [55]
22: [55]
23: [55]
24: [55]
25: [55]
26: [68, 55]
27: [68, 55, 69]
28: [69, 55]
29: [54, 55, 45]
30: [45, 56, 55, 54]
31: [56]
32: [56]
33: [56]
34: [56]
35: [56]
36: [56, 68]
37: [68, 56, 69]
38: [69, 56]
39: [56, 54, 55, 45]
40: [45, 57, 56, 55, 54]
41: [57]
42: [57]
43: [57]
44: [57]
45: [57]
46: [57, 68]
47: [68, 57, 69]
48: [69, 57]
49: [56, 57, 54, 55, 45]
50: [45, 58, 57, 56, 55, 54]
51: [58]
52: [58]
53: [58]
54: [58]
55: [58]
56: [58, 68]
57: [68, 58, 69]
58: [69, 58]
59: [54, 55, 56, 57, 58, 45]
60: [45, 59, 58, 57, 56, 55, 54]
61: [59]
62: [59]
63: [59]
64: [59]
65: [59]
66: [59, 68]
67: [68, 59, 69]
68: [69, 59]
69: [54, 55, 56, 57, 58, 59, 45]
70: [45, 60, 59, 58, 57, 56, 55, 54]
71: [60]
72: [60]
73: [60]
74: [60]
75: [60]
76: [60, 68]
77: [68, 60, 69]
78: [69, 60]
79: [54, 55, 56, 57, 58, 59, 60, 45]
80: [45, 61, 60, 59, 58, 57, 56, 55, 54]
81: [61]
82: [61]
83: [61]
84: [61]
85: [61]
86: [61, 68]
87: [68, 61, 69]
88: [69, 61]
89: [54, 55, 56, 57, 58, 59, 60, 61, 45]
90: [45, 61, 60, 59, 58, 57, 56, 55, 54]
91: [45, 61, 60, 59, 58, 57, 56, 55, 54]
92: [45, 61, 60, 59, 58, 57, 56, 55, 54]
93: [45, 61, 60, 59, 58, 57, 56, 55, 54]
94: [45, 61, 60, 59, 58, 57, 56, 55, 54]
95: [45, 61, 60, 59, 58, 57, 56, 55, 54]
96: [45, 68, 61, 60, 59, 58, 57, 56, 55, 54]
97: []
98: [69, 54, 55, 56, 57, 58, 59, 60, 61, 45]
99: [54, 55, 56, 57, 58, 59, 60, 61, 45]
98
0: [45]
1: [45]
2: [45]
3: [45]
4: [45]
5: [45]
6: [45]
7: [69, 45]
8: [69, 70, 45]
9: [70, 45]
10: [45, 54]
11: [54]
12: [54]
13: [54]
14: [54]
15: [54]
16: [54]
17: [69, 54]
18: [69, 54, 70]
19: [70, 54, 45]
20: [45, 55, 54]
21: [55]
22: [55]
23: [55]
24: [55]
25: [55]
26: [55]
27: [55, 69]
28: [69, 55, 70]
29: [70, 54, 55, 45]
30: [45, 56, 55, 54]
31: [56]
32: [56]
33: [56]
34: [56]
35: [56]
36: [56]
37: [56, 69]
38: [69, 56, 70]
39: [56, 70, 54, 55, 45]
40: [45, 57, 56, 55, 54]
41: [57]
42: [57]
43: [57]
44: [57]
45: [57]
46: [57]
47: [57, 69]
48: [69, 57, 70]
49: [70, 54, 55, 56, 57, 45]
50: [45, 58, 57, 56, 55, 54]
51: [58]
52: [58]
53: [58]
54: [58]
55: [58]
56: [58]
57: [58, 69]
58: [69, 58, 70]
59: [70, 54, 55, 56, 57, 58, 45]
60: [45, 59, 58, 57, 56, 55, 54]
61: [59]
62: [59]
63: [59]
64: [59]
65: [59]
66: [59]
67: [59, 69]
68: [69, 59, 70]
69: [70, 54, 55, 56, 57, 58, 59, 45]
70: [45, 60, 59, 58, 57, 56, 55, 54]
71: [60]
72: [60]
73: [60]
74: [60]
75: [60]
76: [60]
77: [60, 69]
78: [69, 60, 70]
79: [70, 54, 55, 56, 57, 58, 59, 60, 45]
80: [45, 61, 60, 59, 58, 57, 56, 55, 54]
81: [61]
82: [61]
83: [61]
84: [61]
85: [61]
86: [61]
87: [61, 69]
88: [69, 61, 70]
89: [70, 54, 55, 56, 57, 58, 59, 60, 61, 45]
90: [45, 61, 60, 59, 58, 57, 56, 55, 54]
91: [45, 61, 60, 59, 58, 57, 56, 55, 54]
92: [45, 61, 60, 59, 58, 57, 56, 55, 54]
93: [45, 61, 60, 59, 58, 57, 56, 55, 54]
94: [45, 61, 60, 59, 58, 57, 56, 55, 54]
95: [45, 61, 60, 59, 58, 57, 56, 55, 54]
96: [45, 61, 60, 59, 58, 57, 56, 55, 54]
97: [45, 69, 61, 60, 59, 58, 57, 56, 55, 54]
98: []
99: [70, 54, 55, 56, 57, 58, 59, 60, 61, 45]
99
0: [45]
1: [45]
2: [45]
3: [45]
4: [45]
5: [45]
6: [45]
7: [45]
8: [70, 45]
9: [70, 45]
10: [45, 54]
11: [54]
12: [54]
13: [54]
14: [54]
15: [54]
16: [54]
17: [54]
18: [54, 70]
19: [70, 54, 45]
20: [45, 55, 54]
21: [55]
22: [55]
23: [55]
24: [55]
25: [55]
26: [55]
27: [55]
28: [55, 70]
29: [70, 54, 55, 45]
30: [56, 45, 55, 54]
31: [56]
32: [56]
33: [56]
34: [56]
35: [56]
36: [56]
37: [56]
38: [56, 70]
39: [56, 70, 54, 55, 45]
40: [57, 45, 56, 55, 54]
41: [57]
42: [57]
43: [57]
44: [57]
45: [57]
46: [57]
47: [57]
48: [57, 70]
49: [70, 54, 55, 56, 57, 45]
50: [58, 45, 57, 56, 55, 54]
51: [58]
52: [58]
53: [58]
54: [58]
55: [58]
56: [58]
57: [58]
58: [58, 70]
59: [70, 54, 55, 56, 57, 58, 45]
60: [59, 45, 58, 57, 56, 55, 54]
61: [59]
62: [59]
63: [59]
64: [59]
65: [59]
66: [59]
67: [59]
68: [59, 70]
69: [70, 54, 55, 56, 57, 58, 59, 45]
70: [60, 45, 59, 58, 57, 56, 55, 54]
71: [60]
72: [60]
73: [60]
74: [60]
75: [60]
76: [60]
77: [60]
78: [60, 70]
79: [70, 54, 55, 56, 57, 58, 59, 60, 45]
80: [61, 45, 60, 59, 58, 57, 56, 55, 54]
81: [61]
82: [61]
83: [61]
84: [61]
85: [61]
86: [61]
87: [61]
88: [61, 70]
89: [70, 54, 55, 56, 57, 58, 59, 60, 61, 45]
90: [45, 61, 60, 59, 58, 57, 56, 55, 54]
91: [45, 61, 60, 59, 58, 57, 56, 55, 54]
92: [45, 61, 60, 59, 58, 57, 56, 55, 54]
93: [45, 61, 60, 59, 58, 57, 56, 55, 54]
94: [45, 61, 60, 59, 58, 57, 56, 55, 54]
95: [45, 61, 60, 59, 58, 57, 56, 55, 54]
96: [45, 61, 60, 59, 58, 57, 56, 55, 54]
97: [45, 61, 60, 59, 58, 57, 56, 55, 54]
98: [45, 61, 70, 60, 59, 58, 57, 56, 55, 54]
99: []
