102
1: [65, 66, 78, 77]
2: [77, 78, 66, 65]
3: [64, 76, 88, 89, 90, 91, 79, 67, 55, 54, 53, 52]
4: [52, 53, 65, 77, 89, 88, 76, 64]
5: [52, 53, 54, 66, 78, 90, 89, 88, 76, 64]
6: [53, 54, 55, 67, 79, 91, 90, 89, 77, 65]
7: [54, 55, 67, 79, 91, 90, 78, 66]
8: [52, 53, 54, 55, 67, 66, 65, 64]
9: [64, 65, 66, 67, 79, 78, 77, 76]
10: [76, 77, 78, 79, 91, 90, 89, 88]
11: [39, 40, 41, 42, 43, 44, 56, 68, 80, 92, 104, 103, 102, 101, 100, 99, 87, 75, 63, 51]
12: [51, 52, 53, 54, 55, 56, 44, 43, 42, 41, 40, 39]
13: [51, 63, 64, 65, 66, 67, 68, 56, 44, 43, 42, 41, 40, 39]
14: [51, 63, 75, 76, 77, 78, 79, 80, 68, 56, 44, 43, 42, 41, 40, 39]
15: [51, 63, 75, 87, 88, 89, 90, 91, 92, 80, 68, 56, 44, 43, 42, 41, 40, 39]
16: [63, 75, 87, 99, 100, 101, 102, 103, 104, 92, 80, 68, 56, 55, 54, 53, 52, 51]
17: [75, 87, 99, 100, 101, 102, 103, 104, 92, 80, 68, 67, 66, 65, 64, 63]
18: [87, 99, 100, 101, 102, 103, 104, 92, 80, 79, 78, 77, 76, 75]
19: [99, 100, 101, 102, 103, 104, 92, 91, 90, 89, 88, 87]
20: [51, 63, 75, 87, 99, 100, 88, 76, 64, 52, 40, 39]
21: [52, 64, 76, 88, 100, 101, 89, 77, 65, 53, 41, 40]
22: [53, 65, 77, 89, 101, 102, 90, 78, 66, 54, 42, 41]
23: [54, 66, 78, 90, 102, 103, 91, 79, 67, 55, 43, 42]
24: [55, 67, 79, 91, 103, 104, 92, 80, 68, 56, 44, 43]
25: [38, 50, 62, 74, 86, 98, 110, 111, 112, 113, 114, 115, 116, 117, 105, 93, 81, 69, 57, 45, 33, 32, 31, 30, 29, 28, 27, 26]
26: [26, 27, 39, 51, 63, 75, 87, 99, 111, 110, 98, 86, 74, 62, 50, 38]
27: [26, 27, 28, 40, 52, 64, 76, 88, 100, 112, 111, 110, 98, 86, 74, 62, 50, 38]
28: [26, 27, 28, 29, 41, 53, 65, 77, 89, 101, 113, 112, 111, 110, 98, 86, 74, 62, 50, 38]
29: [26, 27, 28, 29, 30, 42, 54, 66, 78, 90, 102, 114, 113, 112, 111, 110, 98, 86, 74, 62, 50, 38]
30: [26, 27, 28, 29, 30, 31, 43, 55, 67, 79, 91, 103, 115, 114, 113, 112, 111, 110, 98, 86, 74, 62, 50, 38]
31: [26, 27, 28, 29, 30, 31, 32, 44, 56, 68, 80, 92, 104, 116, 115, 114, 113, 112, 111, 110, 98, 86, 74, 62, 50, 38]
32: [27, 28, 29, 30, 31, 32, 33, 45, 57, 69, 81, 93, 105, 117, 116, 115, 114, 113, 112, 111, 99, 87, 75, 63, 51, 39]
33: [28, 29, 30, 31, 32, 33, 45, 57, 69, 81, 93, 105, 117, 116, 115, 114, 113, 112, 100, 88, 76, 64, 52, 40]
34: [29, 30, 31, 32, 33, 45, 57, 69, 81, 93, 105, 117, 116, 115, 114, 113, 101, 89, 77, 65, 53, 41]
35: [30, 31, 32, 33, 45, 57, 69, 81, 93, 105, 117, 116, 115, 114, 102, 90, 78, 66, 54, 42]
36: [31, 32, 33, 45, 57, 69, 81, 93, 105, 117, 116, 115, 103, 91, 79, 67, 55, 43]
37: [32, 33, 45, 57, 69, 81, 93, 105, 117, 116, 104, 92, 80, 68, 56, 44]
38: [26, 27, 28, 29, 30, 31, 32, 33, 45, 44, 43, 42, 41, 40, 39, 38]
39: [38, 39, 40, 41, 42, 43, 44, 45, 57, 56, 55, 54, 53, 52, 51, 50]
40: [50, 51, 52, 53, 54, 55, 56, 57, 69, 68, 67, 66, 65, 64, 63, 62]
41: [62, 63, 64, 65, 66, 67, 68, 69, 81, 80, 79, 78, 77, 76, 75, 74]
42: [74, 75, 76, 77, 78, 79, 80, 81, 93, 92, 91, 90, 89, 88, 87, 86]
43: [86, 87, 88, 89, 90, 91, 92, 93, 105, 104, 103, 102, 101, 100, 99, 98]
44: [98, 99, 100, 101, 102, 103, 104, 105, 117, 116, 115, 114, 113, 112, 111, 110]
45: [13, 14, 15, 16, 17, 18, 19, 20, 21, 22, 34, 46, 58, 70, 82, 94, 106, 118, 130, 129, 128, 127, 126, 125, 124, 123, 122, 121, 109, 97, 85, 73, 61, 49, 37, 25]
46: [25, 26, 27, 28, 29, 30, 31, 32, 33, 34, 22, 21, 20, 19, 18, 17, 16, 15, 14, 13]
47: [25, 37, 38, 39, 40, 41, 42, 43, 44, 45, 46, 34, 22, 21, 20, 19, 18, 17, 16, 15, 14, 13]
48: [25, 37, 49, 50, 51, 52, 53, 54, 55, 56, 57, 58, 46, 34, 22, 21, 20, 19, 18, 17, 16, 15, 14, 13]
49: [25, 37, 49, 61, 62, 63, 64, 65, 66, 67, 68, 69, 70, 58, 46, 34, 22, 21, 20, 19, 18, 17, 16, 15, 14, 13]
50: [25, 37, 49, 61, 73, 74, 75, 76, 77, 78, 79, 80, 81, 82, 70, 58, 46, 34, 22, 21, 20, 19, 18, 17, 16, 15, 14, 13]
51: [25, 37, 49, 61, 73, 85, 86, 87, 88, 89, 90, 91, 92, 93, 94, 82, 70, 58, 46, 34, 22, 21, 20, 19, 18, 17, 16, 15, 14, 13]
52: [25, 37, 49, 61, 73, 85, 97, 98, 99, 100, 101, 102, 103, 104, 105, 106, 94, 82, 70, 58, 46, 34, 22, 21, 20, 19, 18, 17, 16, 15, 14, 13]
53: [25, 37, 49, 61, 73, 85, 97, 109, 110, 111, 112, 113, 114, 115, 116, 117, 118, 106, 94, 82, 70, 58, 46, 34, 22, 21, 20, 19, 18, 17, 16, 15, 14, 13]
54: [37, 49, 61, 73, 85, 97, 109, 121, 122, 123, 124, 125, 126, 127, 128, 129, 130, 118, 106, 94, 82, 70, 58, 46, 34, 33, 32, 31, 30, 29, 28, 27, 26, 25]
55: [49, 61, 73, 85, 97, 109, 121, 122, 123, 124, 125, 126, 127, 128, 129, 130, 118, 106, 94, 82, 70, 58, 46, 45, 44, 43, 42, 41, 40, 39, 38, 37]
56: [61, 73, 85, 97, 109, 121, 122, 123, 124, 125, 126, 127, 128, 129, 130, 118, 106, 94, 82, 70, 58, 57, 56, 55, 54, 53, 52, 51, 50, 49]
57: [73, 85, 97, 109, 121, 122, 123, 124, 125, 126, 127, 128, 129, 130, 118, 106, 94, 82, 70, 69, 68, 67, 66, 65, 64, 63, 62, 61]
58: [85, 97, 109, 121, 122, 123, 124, 125, 126, 127, 128, 129, 130, 118, 106, 94, 82, 81, 80, 79, 78, 77, 76, 75, 74, 73]
59: [97, 109, 121, 122, 123, 124, 125, 126, 127, 128, 129, 130, 118, 106, 94, 93, 92, 91, 90, 89, 88, 87, 86, 85]
60: [109, 121, 122, 123, 124, 125, 126, 127, 128, 129, 130, 118, 106, 105, 104, 103, 102, 101, 100, 99, 98, 97]
61: [121, 122, 123, 124, 125, 126, 127, 128, 129, 130, 118, 117, 116, 115, 114, 113, 112, 111, 110, 109]
62: [25, 37, 49, 61, 73, 85, 97, 109, 121, 122, 110, 98, 86, 74, 62, 50, 38, 26, 14, 13]
63: [26, 38, 50, 62, 74, 86, 98, 110, 122, 123, 111, 99, 87, 75, 63, 51, 39, 27, 15, 14]
64: [27, 39, 51, 63, 75, 87, 99, 111, 123, 124, 112, 100, 88, 76, 64, 52, 40, 28, 16, 15]
65: [28, 40, 52, 64, 76, 88, 100, 112, 124, 125, 113, 101, 89, 77, 65, 53, 41, 29, 17, 16]
66: [29, 41, 53, 65, 77, 89, 101, 113, 125, 126, 114, 102, 90, 78, 66, 54, 42, 30, 18, 17]
67: [30, 42, 54, 66, 78, 90, 102, 114, 126, 127, 115, 103, 91, 79, 67, 55, 43, 31, 19, 18]
68: [31, 43, 55, 67, 79, 91, 103, 115, 127, 128, 116, 104, 92, 80, 68, 56, 44, 32, 20, 19]
69: [32, 44, 56, 68, 80, 92, 104, 116, 128, 129, 117, 105, 93, 81, 69, 57, 45, 33, 21, 20]
70: [33, 45, 57, 69, 81, 93, 105, 117, 129, 130, 118, 106, 94, 82, 70, 58, 46, 34, 22, 21]
71: [12, 24, 36, 48, 60, 72, 84, 96, 108, 120, 132, 133, 134, 135, 136, 137, 138, 139, 140, 141, 142, 143, 131, 119, 107, 95, 83, 71, 59, 47, 35, 23, 11, 10, 9, 8, 7, 6, 5, 4, 3, 2, 1, 0]
72: [0, 1, 13, 25, 37, 49, 61, 73, 85, 97, 109, 121, 133, 132, 120, 108, 96, 84, 72, 60, 48, 36, 24, 12]
73: [0, 1, 2, 14, 26, 38, 50, 62, 74, 86, 98, 110, 122, 134, 133, 132, 120, 108, 96, 84, 72, 60, 48, 36, 24, 12]
74: [0, 1, 2, 3, 15, 27, 39, 51, 63, 75, 87, 99, 111, 123, 135, 134, 133, 132, 120, 108, 96, 84, 72, 60, 48, 36, 24, 12]
75: [0, 1, 2, 3, 4, 16, 28, 40, 52, 64, 76, 88, 100, 112, 124, 136, 135, 134, 133, 132, 120, 108, 96, 84, 72, 60, 48, 36, 24, 12]
76: [0, 1, 2, 3, 4, 5, 17, 29, 41, 53, 65, 77, 89, 101, 113, 125, 137, 136, 135, 134, 133, 132, 120, 108, 96, 84, 72, 60, 48, 36, 24, 12]
77: [0, 1, 2, 3, 4, 5, 6, 18, 30, 42, 54, 66, 78, 90, 102, 114, 126, 138, 137, 136, 135, 134, 133, 132, 120, 108, 96, 84, 72, 60, 48, 36, 24, 12]
78: [0, 1, 2, 3, 4, 5, 6, 7, 19, 31, 43, 55, 67, 79, 91, 103, 115, 127, 139, 138, 137, 136, 135, 134, 133, 132, 120, 108, 96, 84, 72, 60, 48, 36, 24, 12]
79: [0, 1, 2, 3, 4, 5, 6, 7, 8, 20, 32, 44, 56, 68, 80, 92, 104, 116, 128, 140, 139, 138, 137, 136, 135, 134, 133, 132, 120, 108, 96, 84, 72, 60, 48, 36, 24, 12]
80: [0, 1, 2, 3, 4, 5, 6, 7, 8, 9, 21, 33, 45, 57, 69, 81, 93, 105, 117, 129, 141, 140, 139, 138, 137, 136, 135, 134, 133, 132, 120, 108, 96, 84, 72, 60, 48, 36, 24, 12]
81: [0, 1, 2, 3, 4, 5, 6, 7, 8, 9, 10, 22, 34, 46, 58, 70, 82, 94, 106, 118, 130, 142, 141, 140, 139, 138, 137, 136, 135, 134, 133, 132, 120, 108, 96, 84, 72, 60, 48, 36, 24, 12]
82: [1, 2, 3, 4, 5, 6, 7, 8, 9, 10, 11, 23, 35, 47, 59, 71, 83, 95, 107, 119, 131, 143, 142, 141, 140, 139, 138, 137, 136, 135, 134, 133, 121, 109, 97, 85, 73, 61, 49, 37, 25, 13]
83: [2, 3, 4, 5, 6, 7, 8, 9, 10, 11, 23, 35, 47, 59, 71, 83, 95, 107, 119, 131, 143, 142, 141, 140, 139, 138, 137, 136, 135, 134, 122, 110, 98, 86, 74, 62, 50, 38, 26, 14]
84: [3, 4, 5, 6, 7, 8, 9, 10, 11, 23, 35, 47, 59, 71, 83, 95, 107, 119, 131, 143, 142, 141, 140, 139, 138, 137, 136, 135, 123, 111, 99, 87, 75, 63, 51, 39, 27, 15]
85: [4, 5, 6, 7, 8, 9, 10, 11, 23, 35, 47, 59, 71, 83, 95, 107, 119, 131, 143, 142, 141, 140, 139, 138, 137, 136, 124, 112, 100, 88, 76, 64, 52, 40, 28, 16]
86: [5, 6, 7, 8, 9, 10, 11, 23, 35, 47, 59, 71, 83, 95, 107, 119, 131, 143, 142, 141, 140, 139, 138, 137, 125, 113, 101, 89, 77, 65, 53, 41, 29, 17]
87: [6, 7, 8, 9, 10, 11, 23, 35, 47, 59, 71, 83, 95, 107, 119, 131, 143, 142, 141, 140, 139, 138, 126, 114, 102, 90, 78, 66, 54, 42, 30, 18]
88: [7, 8, 9, 10, 11, 23, 35, 47, 59, 71, 83, 95, 107, 119, 131, 143, 142, 141, 140, 139, 127, 115, 103, 91, 79, 67, 55, 43, 31, 19]
89: [8, 9, 10, 11, 23, 35, 47, 59, 71, 83, 95, 107, 119, 131, 143, 142, 141, 140, 128, 116, 104, 92, 80, 68, 56, 44, 32, 20]
90: [9, 10, 11, 23, 35, 47, 59, 71, 83, 95, 107, 119, 131, 143, 142, 141, 129, 117, 105, 93, 81, 69, 57, 45, 33, 21]
91: [10, 11, 23, 35, 47, 59, 71, 83, 95, 107, 119, 131, 143, 142, 130, 118, 106, 94, 82, 70, 58, 46, 34, 22]
92: [0, 1, 2, 3, 4, 5, 6, 7, 8, 9, 10, 11, 23, 22, 21, 20, 19, 18, 17, 16, 15, 14, 13, 12]
93: [12, 13, 14, 15, 16, 17, 18, 19, 20, 21, 22, 23, 35, 34, 33, 32, 31, 30, 29, 28, 27, 26, 25, 24]
94: [24, 25, 26, 27, 28, 29, 30, 31, 32, 33, 34, 35, 47, 46, 45, 44, 43, 42, 41, 40, 39, 38, 37, 36]
95: [36, 37, 38, 39, 40, 41, 42, 43, 44, 45, 46, 47, 59, 58, 57, 56, 55, 54, 53, 52, 51, 50, 49, 48]
96: [48, 49, 50, 51, 52, 53, 54, 55, 56, 57, 58, 59, 71, 70, 69, 68, 67, 66, 65, 64, 63, 62, 61, 60]
97: [60, 61, 62, 63, 64, 65, 66, 67, 68, 69, 70, 71, 83, 82, 81, 80, 79, 78, 77, 76, 75, 74, 73, 72]
98: [72, 73, 74, 75, 76, 77, 78, 79, 80, 81, 82, 83, 95, 94, 93, 92, 91, 90, 89, 88, 87, 86, 85, 84]
99: [84, 85, 86, 87, 88, 89, 90, 91, 92, 93, 94, 95, 107, 106, 105, 104, 103, 102, 101, 100, 99, 98, 97, 96]
100: [96, 97, 98, 99, 100, 101, 102, 103, 104, 105, 106, 107, 119, 118, 117, 116, 115, 114, 113, 112, 111, 110, 109, 108]
101: [108, 109, 110, 111, 112, 113, 114, 115, 116, 117, 118, 119, 131, 130, 129, 128, 127, 126, 125, 124, 123, 122, 121, 120]
102: [120, 121, 122, 123, 124, 125, 126, 127, 128, 129, 130, 131, 143, 142, 141, 140, 139, 138, 137, 136, 135, 134, 133, 132]
144
0
0: []
1: [72, 73, 74, 75, 76, 77, 78, 79, 80, 81, 92, 71]
2: [73, 74, 75, 76, 77, 78, 79, 80, 81, 92, 71]
3: [74, 75, 76, 77, 78, 79, 80, 81, 92, 71]
4: [75, 76, 77, 78, 79, 80, 81, 92, 71]
5: [76, 77, 78, 79, 80, 81, 92, 71]
6: [77, 78, 79, 80, 81, 92, 71]
7: [78, 79, 80, 81, 92, 71]
8: [80, 81, 92, 79, 71]
9: [80, 81, 92, 71]
10: [81, 92, 71]
11: [92, 71]
12: [71, 72, 92, 73, 74, 75, 76, 77, 78, 79, 80, 81]
13: [72, 92]
14: [73, 92]
15: [74, 92]
16: [75, 92]
17: [76, 92]
18: [77, 92]
19: [78, 92]
20: [79, 92]
21: [80, 92]
22: [81, 92]
23: [92, 71]
24: [71, 72, 73, 74, 75, 76, 77, 78, 79, 80, 81]
25: [72]
26: [73]
27: [74]
28: [75]
29: [76]
30: [77]
31: [78]
32: [79]
33: [80]
34: [81]
35: [71]
36: [71, 72, 73, 74, 75, 76, 77, 78, 79, 80, 81]
37: [72]
38: [73]
39: [74]
40: [75]
41: [76]
42: [77]
43: [78]
44: [79]
45: [80]
46: [81]
47: [71]
48: [71, 72, 73, 74, 75, 76, 77, 78, 79, 80, 81]
49: [72]
50: [73]
51: [74]
52: [75]
53: [76]
54: [77]
55: [78]
56: [79]
57: [80]
58: [81]
59: [71]
60: [71, 72, 73, 74, 75, 76, 77, 78, 79, 80, 81]
61: [72]
62: [73]
63: [74]
64: [75]
65: [76]
66: [77]
67: [78]
68: [79]
69: [80]
70: [81]
71: [71]
72: [71, 72, 73, 74, 75, 76, 77, 78, 79, 80, 81]
73: [72]
74: [73]
75: [74]
76: [75]
77: [76]
78: [77]
79: [78]
80: [79]
81: [80]
82: [81]
83: [71]
84: [71, 72, 73, 74, 75, 76, 77, 78, 79, 80, 81]
85: [72]
86: [73]
87: [74]
88: [75]
89: [76]
90: [77]
91: [78]
92: [79]
93: [80]
94: [81]
95: [71]
96: [71, 72, 73, 74, 75, 76, 77, 78, 79, 80, 81]
97: [72]
98: [73]
99: [74]
100: [75]
101: [76]
102: [77]
103: [78]
104: [79]
105: [80]
106: [81]
107: [71]
108: [71, 72, 73, 74, 75, 76, 77, 78, 79, 80, 81]
109: [72]
110: [73]
111: [74]
112: [75]
113: [76]
114: [77]
115: [78]
116: [79]
117: [80]
118: [81]
119: [71]
120: [71, 72, 73, 74, 75, 76, 77, 78, 79, 80, 81]
121: [72]
122: [73]
123: [74]
124: [75]
125: [76]
126: [77]
127: [78]
128: [79]
129: [80]
130: [81]
131: [71]
132: [71, 72, 73, 74, 75, 76, 77, 78, 79, 80, 81]
133: [72, 71, 73, 74, 75, 76, 77, 78, 79, 80, 81]
134: [73, 71, 74, 75, 76, 77, 78, 79, 80, 81]
135: [74, 71, 75, 76, 77, 78, 79, 80, 81]
136: [75, 71, 76, 77, 78, 79, 80, 81]
137: [76, 71, 77, 78, 79, 80, 81]
138: [77, 71, 78, 79, 80, 81]
139: [78, 71, 79, 80, 81]
140: [79, 71, 80, 81]
141: [80, 71, 81]
142: [81, 71]
143: [71]
1
0: [71, 72, 92, 73, 74, 75, 76, 77, 78, 79, 80, 81]
1: []
2: [73, 74, 75, 76, 77, 78, 79, 80, 81, 82, 92, 71]
3: [74, 75, 76, 77, 78, 79, 80, 81, 82, 92, 71]
4: [75, 76, 77, 78, 79, 80, 81, 82, 92, 71]
5: [76, 77, 78, 79, 80, 81, 82, 92, 71]
6: [77, 78, 79, 80, 81, 82, 92, 71]
7: [78, 79, 80, 81, 82, 92, 71]
8: [79, 80, 81, 82, 92, 71]
9: [80, 81, 82, 92, 71]
10: [81, 82, 92, 71]
11: [82, 92, 71]
12: [71, 72, 92, 73, 74, 75, 76, 77, 78, 79, 80, 81]
13: [72, 92, 82]
14: [73, 92]
15: [74, 92]
16: [75, 92]
17: [76, 92]
18: [77, 92]
19: [78, 92]
20: [79, 92]
21: [80, 92]
22: [81, 92]
23: [82, 92, 71]
24: [71, 72, 73, 74, 75, 76, 77, 78, 79, 80, 81]
25: [72, 82]
26: [73]
27: [74]
28: [75]
29: [76]
30: [77]
31: [78]
32: [79]
33: [80]
34: [81]
35: [82, 71]
36: [71, 72, 73, 74, 75, 76, 77, 78, 79, 80, 81]
37: [72, 82]
38: [73]
39: [74]
40: [75]
41: [76]
42: [77]
43: [78]
44: [79]
45: [80]
46: [81]
47: [82, 71]
48: [71, 72, 73, 74, 75, 76, 77, 78, 79, 80, 81]
49: [72, 82]
50: [73]
51: [74]
52: [75]
53: [76]
54: [77]
55: [78]
56: [79]
57: [80]
58: [81]
59: [82, 71]
60: [71, 72, 73, 74, 75, 76, 77, 78, 79, 80, 81]
61: [72, 82]
62: [73]
63: [74]
64: [75]
65: [76]
66: [77]
67: [78]
68: [79]
69: [80]
70: [81]
71: [82, 71]
72: [71, 72, 73, 74, 75, 76, 77, 78, 79, 80, 81]
73: [72, 82]
74: [73]
75: [74]
76: [75]
77: [76]
78: [77]
79: [78]
80: [79]
81: [80]
82: [81]
83: [82, 71]
84: [71, 72, 73, 74, 75, 76, 77, 78, 79, 80, 81]
85: [72, 82]
86: [73]
87: [74]
88: [75]
89: [76]
90: [77]
91: [78]
92: [79]
93: [80]
94: [81]
95: [82, 71]
96: [71, 72, 73, 74, 75, 76, 77, 78, 79, 80, 81]
97: [72, 82]
98: [73]
99: [74]
100: [75]
101: [76]
102: [77]
103: [78]
104: [79]
105: [80]
106: [81]
107: [82, 71]
108: [71, 72, 73, 74, 75, 76, 77, 78, 79, 80, 81]
109: [72, 82]
110: [73]
111: [74]
112: [75]
113: [76]
114: [77]
115: [78]
116: [79]
117: [80]
118: [81]
119: [82, 71]
120: [71, 72, 73, 74, 75, 76, 77, 78, 79, 80, 81]
121: [72, 82]
122: [73]
123: [74]
124: [75]
125: [76]
126: [77]
127: [78]
128: [79]
129: [80]
130: [81]
131: [82, 71]
132: [72, 71, 73, 74, 75, 76, 77, 78, 79, 80, 81]
133: [72, 73, 71, 74, 75, 76, 77, 78, 79, 80, 81, 82]
134: [73, 74, 71, 75, 76, 77, 78, 79, 80, 81, 82]
135: [74, 75, 71, 76, 77, 78, 79, 80, 81, 82]
136: [75, 76, 71, 77, 78, 79, 80, 81, 82]
137: [76, 77, 71, 78, 79, 80, 81, 82]
138: [77, 78, 71, 79, 80, 81, 82]
139: [78, 79, 71, 80, 81, 82]
140: [79, 80, 71, 81, 82]
141: [80, 81, 71, 82]
142: [81, 82, 71]
143: [82, 71]
2
0: [71, 92, 73, 74, 75, 76, 77, 78, 79, 80, 81]
1: [71, 92, 73, 74, 75, 76, 77, 78, 79, 80, 81, 82]
2: []
3: [74, 75, 76, 77, 78, 79, 80, 81, 82, 83, 92, 71]
4: [75, 76, 77, 78, 79, 80, 81, 82, 83, 92, 71]
5: [76, 77, 78, 79, 80, 81, 82, 83, 92, 71]
6: [77, 78, 79, 80, 81, 82, 83, 92, 71]
7: [78, 79, 80, 81, 82, 83, 92, 71]
8: [79, 80, 81, 82, 83, 92, 71]
9: [80, 81, 82, 83, 92, 71]
10: [81, 82, 83, 92, 71]
11: [82, 83, 92, 71]
12: [71, 92, 73, 74, 75, 76, 77, 78, 79, 80, 81]
13: [92, 82]
14: [73, 92, 83]
15: [74, 92]
16: [75, 92]
17: [76, 92]
18: [77, 92]
19: [78, 92]
20: [79, 92]
21: [80, 92]
22: [81, 92]
23: [82, 83, 92, 71]
24: [71, 73, 74, 75, 76, 77, 78, 79, 80, 81]
25: [82]
26: [73, 83]
27: [74]
28: [75]
29: [76]
30: [77]
31: [78]
32: [79]
33: [80]
34: [81]
35: [82, 83, 71]
36: [71, 73, 74, 75, 76, 77, 78, 79, 80, 81]
37: [82]
38: [73, 83]
39: [74]
40: [75]
41: [76]
42: [77]
43: [78]
44: [79]
45: [80]
46: [81]
47: [82, 83, 71]
48: [71, 73, 74, 75, 76, 77, 78, 79, 80, 81]
49: [82]
50: [73, 83]
51: [74]
52: [75]
53: [76]
54: [77]
55: [78]
56: [79]
57: [80]
58: [81]
59: [82, 83, 71]
60: [71, 73, 74, 75, 76, 77, 78, 79, 80, 81]
61: [82]
62: [73, 83]
63: [74]
64: [75]
65: [76]
66: [77]
67: [78]
68: [79]
69: [80]
70: [81]
71: [82, 83, 71]
72: [71, 73, 74, 75, 76, 77, 78, 79, 80, 81]
73: [82]
74: [73, 83]
75: [74]
76: [75]
77: [76]
78: [77]
79: [78]
80: [79]
81: [80]
82: [81]
83: [82, 83, 71]
84: [71, 73, 74, 75, 76, 77, 78, 79, 80, 81]
85: [82]
86: [73, 83]
87: [74]
88: [75]
89: [76]
90: [77]
91: [78]
92: [79]
93: [80]
94: [81]
95: [82, 83, 71]
96: [71, 73, 74, 75, 76, 77, 78, 79, 80, 81]
97: [82]
98: [73, 83]
99: [74]
100: [75]
101: [76]
102: [77]
103: [78]
104: [79]
105: [80]
106: [81]
107: [82, 83, 71]
108: [71, 73, 74, 75, 76, 77, 78, 79, 80, 81]
109: [82]
110: [73, 83]
111: [74]
112: [75]
113: [76]
114: [77]
115: [78]
116: [79]
117: [80]
118: [81]
119: [82, 83, 71]
120: [71, 73, 74, 75, 76, 77, 78, 79, 80, 81]
121: [82]
122: [73, 83]
123: [74]
124: [75]
125: [76]
126: [77]
127: [78]
128: [79]
129: [80]
130: [81]
131: [82, 83, 71]
132: [73, 71, 74, 75, 76, 77, 78, 79, 80, 81]
133: [73, 74, 71, 75, 76, 77, 78, 79, 80, 81, 82]
134: [73, 74, 75, 71, 76, 77, 78, 79, 80, 81, 82, 83]
135: [74, 75, 76, 71, 77, 78, 79, 80, 81, 82, 83]
136: [75, 76, 77, 71, 78, 79, 80, 81, 82, 83]
137: [76, 77, 78, 71, 79, 80, 81, 82, 83]
138: [77, 78, 79, 71, 80, 81, 82, 83]
139: [78, 79, 80, 71, 81, 82, 83]
140: [79, 80, 81, 71, 82, 83]
141: [80, 81, 82, 83, 71]
142: [81, 82, 83, 71]
143: [82, 83, 71]
3
0: [71, 92, 74, 75, 76, 77, 78, 79, 80, 81]
1: [71, 92, 74, 75, 76, 77, 78, 79, 80, 81, 82]
2: [71, 92, 74, 75, 76, 77, 78, 79, 80, 83, 81, 82]
3: []
4: [75, 76, 77, 78, 79, 80, 81, 82, 83, 84, 92, 71]
5: [76, 77, 78, 79, 80, 81, 82, 83, 84, 92, 71]
6: [77, 78, 79, 80, 81, 82, 83, 84, 92, 71]
7: [78, 79, 80, 81, 82, 83, 84, 92, 71]
8: [79, 80, 81, 82, 83, 84, 92, 71]
9: [80, 81, 82, 83, 84, 92, 71]
10: [81, 82, 83, 84, 92, 71]
11: [82, 83, 84, 92, 71]
12: [71, 92, 74, 75, 76, 77, 78, 79, 80, 81]
13: [92, 82]
14: [92, 83]
15: [74, 92, 84]
16: [75, 92]
17: [76, 92]
18: [77, 92]
19: [78, 92]
20: [79, 92]
21: [80, 92]
22: [81, 92]
23: [82, 83, 84, 92, 71]
24: [71, 74, 75, 76, 77, 78, 79, 80, 81]
25: [82]
26: [83]
27: [74, 84]
28: [75]
29: [76]
30: [77]
31: [78]
32: [79]
33: [80]
34: [81]
35: [82, 83, 84, 71]
36: [71, 74, 75, 76, 77, 78, 79, 80, 81]
37: [82]
38: [83]
39: [74, 84]
40: [75]
41: [76]
42: [77]
43: [78]
44: [79]
45: [80]
46: [81]
47: [82, 83, 84, 71]
48: [71, 74, 75, 76, 77, 78, 79, 80, 81]
49: [82]
50: [83]
51: [74, 84]
52: [75]
53: [76]
54: [77]
55: [78]
56: [79]
57: [80]
58: [81]
59: [82, 83, 84, 71]
60: [71, 74, 75, 76, 77, 78, 79, 80, 81]
61: [82]
62: [83]
63: [74, 84]
64: [75]
65: [76]
66: [77]
67: [78]
68: [79]
69: [80]
70: [81]
71: [82, 83, 84, 71]
72: [71, 74, 75, 76, 77, 78, 79, 80, 81]
73: [82]
74: [83]
75: [74, 84]
76: [75]
77: [76]
78: [77]
79: [78]
80: [79]
81: [80]
82: [81]
83: [82, 83, 84, 71]
84: [71, 74, 75, 76, 77, 78, 79, 80, 81]
85: [82]
86: [83]
87: [74, 84]
88: [75]
89: [76]
90: [77]
91: [78]
92: [79]
93: [80]
94: [81]
95: [82, 83, 84, 71]
96: [71, 74, 75, 76, 77, 78, 79, 80, 81]
97: [82]
98: [83]
99: [74, 84]
100: [75]
101: [76]
102: [77]
103: [78]
104: [79]
105: [80]
106: [81]
107: [82, 83, 84, 71]
108: [71, 74, 75, 76, 77, 78, 79, 80, 81]
109: [82]
110: [83]
111: [74, 84]
112: [75]
113: [76]
114: [77]
115: [78]
116: [79]
117: [80]
118: [81]
119: [82, 83, 84, 71]
120: [71, 74, 75, 76, 77, 78, 79, 80, 81]
121: [82]
122: [83]
123: [74, 84]
124: [75]
125: [76]
126: [77]
127: [78]
128: [79]
129: [80]
130: [81]
131: [82, 83, 84, 71]
132: [74, 71, 75, 76, 77, 78, 79, 80, 81]
133: [74, 75, 71, 76, 77, 78, 79, 80, 81, 82]
134: [74, 75, 76, 71, 77, 78, 79, 80, 81, 82, 83]
135: [74, 75, 76, 77, 71, 78, 79, 80, 81, 82, 83, 84]
136: [75, 76, 77, 78, 71, 79, 80, 81, 82, 83, 84]
137: [76, 77, 78, 79, 71, 80, 81, 82, 83, 84]
138: [77, 78, 79, 80, 71, 81, 82, 83, 84]
139: [78, 79, 80, 81, 71, 82, 83, 84]
140: [79, 80, 81, 82, 83, 84, 71]
141: [80, 81, 82, 83, 84, 71]
142: [81, 82, 83, 84, 71]
143: [82, 83, 84, 71]
4
0: [71, 92, 75, 76, 77, 78, 79, 80, 81]
1: [71, 92, 75, 76, 77, 78, 79, 80, 81, 82]
2: [71, 92, 75, 76, 77, 78, 79, 80, 83, 81, 82]
3: [71, 92, 75, 76, 77, 78, 84, 79, 80, 83, 81, 82]
4: []
5: [76, 77, 78, 79, 80, 81, 82, 83, 84, 85, 92, 71]
6: [77, 78, 79, 80, 81, 82, 83, 84, 85, 92, 71]
7: [78, 79, 80, 81, 82, 83, 84, 85, 92, 71]
8: [79, 80, 81, 82, 83, 84, 85, 92, 71]
9: [80, 81, 82, 83, 84, 85, 92, 71]
10: [81, 82, 83, 84, 85, 92, 71]
11: [82, 83, 84, 85, 92, 71]
12: [71, 92, 75, 76, 77, 78, 79, 80, 81]
13: [92, 82]
14: [92, 83]
15: [92, 84]
16: [75, 92, 85]
17: [76, 92]
18: [77, 92]
19: [78, 92]
20: [79, 92]
21: [80, 92]
22: [81, 92]
23: [82, 83, 84, 85, 92, 71]
24: [71, 75, 76, 77, 78, 79, 80, 81]
25: [82]
26: [83]
27: [84]
28: [75, 85]
29: [76]
30: [77]
31: [78]
32: [79]
33: [80]
34: [81]
35: [82, 83, 84, 85, 71]
36: [71, 75, 76, 77, 78, 79, 80, 81]
37: [82]
38: [83]
39: [84]
40: [75, 85]
41: [76]
42: [77]
43: [78]
44: [79]
45: [80]
46: [81]
47: [82, 83, 84, 85, 71]
48: [71, 75, 76, 77, 78, 79, 80, 81]
49: [82]
50: [83]
51: [84]
52: [75, 85]
53: [76]
54: [77]
55: [78]
56: [79]
57: [80]
58: [81]
59: [82, 83, 84, 85, 71]
60: [71, 75, 76, 77, 78, 79, 80, 81]
61: [82]
62: [83]
63: [84]
64: [75, 85]
65: [76]
66: [77]
67: [78]
68: [79]
69: [80]
70: [81]
71: [82, 83, 84, 85, 71]
72: [71, 75, 76, 77, 78, 79, 80, 81]
73: [82]
74: [83]
75: [84]
76: [75, 85]
77: [76]
78: [77]
79: [78]
80: [79]
81: [80]
82: [81]
83: [82, 83, 84, 85, 71]
84: [71, 75, 76, 77, 78, 79, 80, 81]
85: [82]
86: [83]
87: [84]
88: [75, 85]
89: [76]
90: [77]
91: [78]
92: [79]
93: [80]
94: [81]
95: [82, 83, 84, 85, 71]
96: [71, 75, 76, 77, 78, 79, 80, 81]
97: [82]
98: [83]
99: [84]
100: [75, 85]
101: [76]
102: [77]
103: [78]
104: [79]
105: [80]
106: [81]
107: [82, 83, 84, 85, 71]
108: [71, 75, 76, 77, 78, 79, 80, 81]
109: [82]
110: [83]
111: [84]
112: [75, 85]
113: [76]
114: [77]
115: [78]
116: [79]
117: [80]
118: [81]
119: [82, 83, 84, 85, 71]
120: [71, 75, 76, 77, 78, 79, 80, 81]
121: [82]
122: [83]
123: [84]
124: [75, 85]
125: [76]
126: [77]
127: [78]
128: [79]
129: [80]
130: [81]
131: [82, 83, 84, 85, 71]
132: [75, 71, 76, 77, 78, 79, 80, 81]
133: [75, 76, 71, 77, 78, 79, 80, 81, 82]
134: [75, 76, 77, 71, 78, 79, 80, 81, 82, 83]
135: [75, 76, 77, 78, 71, 79, 80, 81, 82, 83, 84]
136: [75, 76, 77, 78, 79, 71, 80, 81, 82, 83, 84, 85]
137: [76, 77, 78, 79, 80, 71, 81, 82, 83, 84, 85]
138: [77, 78, 79, 80, 81, 71, 82, 83, 84, 85]
139: [78, 79, 80, 81, 71, 82, 83, 84, 85]
140: [79, 80, 81, 82, 83, 84, 85, 71]
141: [80, 81, 82, 83, 84, 85, 71]
142: [81, 82, 83, 84, 85, 71]
143: [82, 83, 84, 85, 71]
5
0: [71, 92, 76, 77, 78, 79, 80, 81]
1: [71, 92, 76, 77, 78, 79, 80, 81, 82]
2: [71, 92, 76, 77, 78, 79, 80, 83, 81, 82]
3: [71, 92, 76, 77, 78, 84, 79, 80, 83, 81, 82]
4: [71, 92, 76, 77, 85, 78, 84, 79, 80, 83, 81, 82]
5: []
6: [77, 78, 79, 80, 81, 82, 83, 84, 85, 86, 92, 71]
7: [78, 79, 80, 81, 82, 83, 84, 85, 86, 92, 71]
8: [79, 80, 81, 82, 83, 84, 85, 86, 92, 71]
9: [80, 81, 82, 83, 84, 85, 86, 92, 71]
10: [81, 82, 83, 84, 85, 86, 92, 71]
11: [82, 83, 84, 85, 86, 92, 71]
12: [71, 92, 76, 77, 78, 79, 80, 81]
13: [92, 82]
14: [92, 83]
15: [92, 84]
16: [92, 85]
17: [76, 92, 86]
18: [77, 92]
19: [78, 92]
20: [79, 92]
21: [80, 92]
22: [81, 92]
23: [82, 83, 84, 85, 86, 92, 71]
24: [71, 76, 77, 78, 79, 80, 81]
25: [82]
26: [83]
27: [84]
28: [85]
29: [76, 86]
30: [77]
31: [78]
32: [79]
33: [80]
34: [81]
35: [82, 83, 84, 85, 86, 71]
36: [71, 76, 77, 78, 79, 80, 81]
37: [82]
38: [83]
39: [84]
40: [85]
41: [76, 86]
42: [77]
43: [78]
44: [79]
45: [80]
46: [81]
47: [82, 83, 84, 85, 86, 71]
48: [71, 76, 77, 78, 79, 80, 81]
49: [82]
50: [83]
51: [84]
52: [85]
53: [76, 86]
54: [77]
55: [78]
56: [79]
57: [80]
58: [81]
59: [82, 83, 84, 85, 86, 71]
60: [71, 76, 77, 78, 79, 80, 81]
61: [82]
62: [83]
63: [84]
64: [85]
65: [76, 86]
66: [77]
67: [78]
68: [79]
69: [80]
70: [81]
71: [82, 83, 84, 85, 86, 71]
72: [71, 76, 77, 78, 79, 80, 81]
73: [82]
74: [83]
75: [84]
76: [85]
77: [76, 86]
78: [77]
79: [78]
80: [79]
81: [80]
82: [81]
83: [82, 83, 84, 85, 86, 71]
84: [71, 76, 77, 78, 79, 80, 81]
85: [82]
86: [83]
87: [84]
88: [85]
89: [76, 86]
90: [77]
91: [78]
92: [79]
93: [80]
94: [81]
95: [82, 83, 84, 85, 86, 71]
96: [71, 76, 77, 78, 79, 80, 81]
97: [82]
98: [83]
99: [84]
100: [85]
101: [76, 86]
102: [77]
103: [78]
104: [79]
105: [80]
106: [81]
107: [82, 83, 84, 85, 86, 71]
108: [71, 76, 77, 78, 79, 80, 81]
109: [82]
110: [83]
111: [84]
112: [85]
113: [76, 86]
114: [77]
115: [78]
116: [79]
117: [80]
118: [81]
119: [82, 83, 84, 85, 86, 71]
120: [71, 76, 77, 78, 79, 80, 81]
121: [82]
122: [83]
123: [84]
124: [85]
125: [76, 86]
126: [77]
127: [78]
128: [79]
129: [80]
130: [81]
131: [82, 83, 84, 85, 86, 71]
132: [76, 71, 77, 78, 79, 80, 81]
133: [76, 77, 71, 78, 79, 80, 81, 82]
134: [76, 77, 78, 71, 79, 80, 81, 82, 83]
135: [76, 77, 78, 79, 71, 80, 81, 82, 83, 84]
136: [76, 77, 78, 79, 80, 71, 81, 82, 83, 84, 85]
137: [76, 77, 78, 79, 80, 81, 71, 82, 83, 84, 85, 86]
138: [77, 78, 79, 80, 81, 71, 82, 83, 84, 85, 86]
139: [78, 79, 80, 81, 82, 83, 84, 85, 86, 71]
140: [79, 80, 81, 82, 83, 84, 85, 86, 71]
141: [80, 81, 82, 83, 84, 85, 86, 71]
142: [81, 82, 83, 84, 85, 86, 71]
143: [82, 83, 84, 85, 86, 71]
6
0: [71, 92, 77, 78, 79, 80, 81]
1: [71, 92, 77, 78, 79, 80, 81, 82]
2: [71, 92, 77, 78, 79, 80, 83, 81, 82]
3: [71, 92, 77, 78, 84, 79, 80, 83, 81, 82]
4: [71, 92, 77, 85, 78, 84, 79, 80, 83, 81, 82]
5: [71, 92, 77, 86, 85, 78, 84, 79, 80, 83, 81, 82]
6: []
7: [78, 79, 80, 81, 82, 83, 84, 85, 86, 87, 92, 71]
8: [79, 80, 81, 82, 83, 84, 85, 86, 87, 92, 71]
9: [80, 81, 82, 83, 84, 85, 86, 87, 92, 71]
10: [81, 82, 83, 84, 85, 86, 87, 92, 71]
11: [82, 83, 84, 85, 86, 87, 92, 71]
12: [71, 92, 77, 78, 79, 80, 81]
13: [92, 82]
14: [92, 83]
15: [92, 84]
16: [92, 85]
17: [92, 86]
18: [77, 92, 87]
19: [78, 92]
20: [79, 92]
21: [80, 92]
22: [81, 92]
23: [82, 83, 84, 85, 86, 87, 92, 71]
24: [71, 77, 78, 79, 80, 81]
25: [82]
26: [83]
27: [84]
28: [85]
29: [86]
30: [77, 87]
31: [78]
32: [79]
33: [80]
34: [81]
35: [82, 83, 84, 85, 86, 87, 71]
36: [71, 77, 78, 79, 80, 81]
37: [82]
38: [83]
39: [84]
40: [85]
41: [86]
42: [77, 87]
43: [78]
44: [79]
45: [80]
46: [81]
47: [82, 83, 84, 85, 86, 87, 71]
48: [71, 77, 78, 79, 80, 81]
49: [82]
50: [83]
51: [84]
52: [85]
53: [86]
54: [77, 87]
55: [78]
56: [79]
57: [80]
58: [81]
59: [82, 83, 84, 85, 86, 87, 71]
60: [71, 77, 78, 79, 80, 81]
61: [82]
62: [83]
63: [84]
64: [85]
65: [86]
66: [77, 87]
67: [78]
68: [79]
69: [80]
70: [81]
71: [82, 83, 84, 85, 86, 87, 71]
72: [71, 77, 78, 79, 80, 81]
73: [82]
74: [83]
75: [84]
76: [85]
77: [86]
78: [77, 87]
79: [78]
80: [79]
81: [80]
82: [81]
83: [82, 83, 84, 85, 86, 87, 71]
84: [71, 77, 78, 79, 80, 81]
85: [82]
86: [83]
87: [84]
88: [85]
89: [86]
90: [77, 87]
91: [78]
92: [79]
93: [80]
94: [81]
95: [82, 83, 84, 85, 86, 87, 71]
96: [71, 77, 78, 79, 80, 81]
97: [82]
98: [83]
99: [84]
100: [85]
101: [86]
102: [77, 87]
103: [78]
104: [79]
105: [80]
106: [81]
107: [82, 83, 84, 85, 86, 87, 71]
108: [71, 77, 78, 79, 80, 81]
109: [82]
110: [83]
111: [84]
112: [85]
113: [86]
114: [77, 87]
115: [78]
116: [79]
117: [80]
118: [81]
119: [82, 83, 84, 85, 86, 87, 71]
120: [71, 77, 78, 79, 80, 81]
121: [82]
122: [83]
123: [84]
124: [85]
125: [86]
126: [77, 87]
127: [78]
128: [79]
129: [80]
130: [81]
131: [82, 83, 84, 85, 86, 87, 71]
132: [77, 71, 78, 79, 80, 81]
133: [77, 78, 71, 79, 80, 81, 82]
134: [77, 78, 79, 71, 80, 81, 82, 83]
135: [77, 78, 79, 80, 71, 81, 82, 83, 84]
136: [77, 78, 79, 80, 81, 71, 82, 83, 84, 85]
137: [77, 78, 79, 80, 81, 71, 82, 83, 84, 85, 86]
138: [77, 78, 79, 80, 81, 82, 83, 84, 85, 86, 87, 71]
139: [78, 79, 80, 81, 82, 83, 84, 85, 86, 87, 71]
140: [79, 80, 81, 82, 83, 84, 85, 86, 87, 71]
141: [80, 81, 82, 83, 84, 85, 86, 87, 71]
142: [81, 82, 83, 84, 85, 86, 87, 71]
143: [82, 83, 84, 85, 86, 87, 71]
7
0: [71, 92, 78, 79, 80, 81]
1: [71, 92, 78, 79, 80, 81, 82]
2: [71, 92, 78, 79, 80, 83, 81, 82]
3: [71, 92, 78, 84, 79, 80, 83, 81, 82]
4: [71, 92, 85, 78, 84, 79, 80, 83, 81, 82]
5: [71, 92, 86, 85, 78, 84, 79, 80, 83, 81, 82]
6: [71, 92, 87, 86, 85, 78, 84, 79, 80, 83, 81, 82]
7: []
8: [79, 80, 81, 82, 83, 84, 85, 86, 87, 88, 92, 71]
9: [80, 81, 82, 83, 84, 85, 86, 87, 88, 92, 71]
10: [81, 82, 83, 84, 85, 86, 87, 88, 92, 71]
11: [82, 83, 84, 85, 86, 87, 88, 92, 71]
12: [71, 92, 78, 79, 80, 81]
13: [92, 82]
14: [92, 83]
15: [92, 84]
16: [92, 85]
17: [92, 86]
18: [92, 87]
19: [78, 92, 88]
20: [79, 92]
21: [80, 92]
22: [81, 92]
23: [82, 83, 84, 85, 86, 87, 88, 92, 71]
24: [71, 78, 79, 80, 81]
25: [82]
26: [83]
27: [84]
28: [85]
29: [86]
30: [87]
31: [78, 88]
32: [79]
33: [80]
34: [81]
35: [82, 83, 84, 85, 86, 87, 88, 71]
36: [71, 78, 79, 80, 81]
37: [82]
38: [83]
39: [84]
40: [85]
41: [86]
42: [87]
43: [78, 88]
44: [79]
45: [80]
46: [81]
47: [82, 83, 84, 85, 86, 87, 88, 71]
48: [71, 78, 79, 80, 81]
49: [82]
50: [83]
51: [84]
52: [85]
53: [86]
54: [87]
55: [78, 88]
56: [79]
57: [80]
58: [81]
59: [82, 83, 84, 85, 86, 87, 88, 71]
60: [71, 78, 79, 80, 81]
61: [82]
62: [83]
63: [84]
64: [85]
65: [86]
66: [87]
67: [78, 88]
68: [79]
69: [80]
70: [81]
71: [82, 83, 84, 85, 86, 87, 88, 71]
72: [71, 78, 79, 80, 81]
73: [82]
74: [83]
75: [84]
76: [85]
77: [86]
78: [87]
79: [78, 88]
80: [79]
81: [80]
82: [81]
83: [82, 83, 84, 85, 86, 87, 88, 71]
84: [71, 78, 79, 80, 81]
85: [82]
86: [83]
87: [84]
88: [85]
89: [86]
90: [87]
91: [78, 88]
92: [79]
93: [80]
94: [81]
95: [82, 83, 84, 85, 86, 87, 88, 71]
96: [71, 78, 79, 80, 81]
97: [82]
98: [83]
99: [84]
100: [85]
101: [86]
102: [87]
103: [78, 88]
104: [79]
105: [80]
106: [81]
107: [82, 83, 84, 85, 86, 87, 88, 71]
108: [71, 78, 79, 80, 81]
109: [82]
110: [83]
111: [84]
112: [85]
113: [86]
114: [87]
115: [78, 88]
116: [79]
117: [80]
118: [81]
119: [82, 83, 84, 85, 86, 87, 88, 71]
120: [71, 78, 79, 80, 81]
121: [82]
122: [83]
123: [84]
124: [85]
125: [86]
126: [87]
127: [78, 88]
128: [79]
129: [80]
130: [81]
131: [82, 83, 84, 85, 86, 87, 88, 71]
132: [78, 71, 79, 80, 81]
133: [78, 79, 71, 80, 81, 82]
134: [78, 79, 80, 71, 81, 82, 83]
135: [78, 79, 80, 81, 71, 82, 83, 84]
136: [78, 79, 80, 81, 71, 82, 83, 84, 85]
137: [78, 79, 80, 81, 82, 83, 84, 85, 86, 71]
138: [78, 79, 80, 81, 82, 83, 84, 85, 86, 87, 71]
139: [78, 79, 80, 81, 82, 83, 84, 85, 86, 87, 88, 71]
140: [79, 80, 81, 82, 83, 84, 85, 86, 87, 88, 71]
141: [80, 81, 82, 83, 84, 85, 86, 87, 88, 71]
142: [81, 82, 83, 84, 85, 86, 87, 88, 71]
143: [82, 83, 84, 85, 86, 87, 88, 71]
8
0: [71, 92, 79, 80, 81]
1: [71, 92, 79, 80, 81, 82]
2: [71, 92, 79, 80, 83, 81, 82]
3: [71, 92, 84, 79, 80, 83, 81, 82]
4: [71, 92, 85, 84, 79, 80, 83, 81, 82]
5: [71, 92, 86, 85, 84, 79, 80, 83, 81, 82]
6: [71, 92, 87, 86, 85, 84, 79, 80, 83, 81, 82]
7: [71, 92, 88, 87, 86, 85, 84, 79, 80, 83, 81, 82]
8: []
9: [80, 81, 82, 83, 84, 85, 86, 87, 88, 89, 92, 71]
10: [81, 82, 83, 84, 85, 86, 87, 88, 89, 92, 71]
11: [82, 83, 84, 85, 86, 87, 88, 89, 92, 71]
12: [71, 92, 79, 80, 81]
13: [92, 82]
14: [92, 83]
15: [92, 84]
16: [92, 85]
17: [92, 86]
18: [92, 87]
19: [92, 88]
20: [79, 92, 89]
21: [80, 92]
22: [81, 92]
23: [82, 83, 84, 85, 86, 87, 88, 89, 92, 71]
24: [71, 79, 80, 81]
25: [82]
26: [83]
27: [84]
28: [85]
29: [86]
30: [87]
31: [88]
32: [79, 89]
33: [80]
34: [81]
35: [82, 83, 84, 85, 86, 87, 88, 89, 71]
36: [71, 79, 80, 81]
37: [82]
38: [83]
39: [84]
40: [85]
41: [86]
42: [87]
43: [88]
44: [79, 89]
45: [80]
46: [81]
47: [82, 83, 84, 85, 86, 87, 88, 89, 71]
48: [71, 79, 80, 81]
49: [82]
50: [83]
51: [84]
52: [85]
53: [86]
54: [87]
55: [88]
56: [79, 89]
57: [80]
58: [81]
59: [82, 83, 84, 85, 86, 87, 88, 89, 71]
60: [71, 79, 80, 81]
61: [82]
62: [83]
63: [84]
64: [85]
65: [86]
66: [87]
67: [88]
68: [79, 89]
69: [80]
70: [81]
71: [82, 83, 84, 85, 86, 87, 88, 89, 71]
72: [71, 79, 80, 81]
73: [82]
74: [83]
75: [84]
76: [85]
77: [86]
78: [87]
79: [88]
80: [79, 89]
81: [80]
82: [81]
83: [82, 83, 84, 85, 86, 87, 88, 89, 71]
84: [71, 79, 80, 81]
85: [82]
86: [83]
87: [84]
88: [85]
89: [86]
90: [87]
91: [88]
92: [79, 89]
93: [80]
94: [81]
95: [82, 83, 84, 85, 86, 87, 88, 89, 71]
96: [71, 79, 80, 81]
97: [82]
98: [83]
99: [84]
100: [85]
101: [86]
102: [87]
103: [88]
104: [79, 89]
105: [80]
106: [81]
107: [82, 83, 84, 85, 86, 87, 88, 89, 71]
108: [71, 79, 80, 81]
109: [82]
110: [83]
111: [84]
112: [85]
113: [86]
114: [87]
115: [88]
116: [79, 89]
117: [80]
118: [81]
119: [82, 83, 84, 85, 86, 87, 88, 89, 71]
120: [71, 79, 80, 81]
121: [82]
122: [83]
123: [84]
124: [85]
125: [86]
126: [87]
127: [88]
128: [79, 89]
129: [80]
130: [81]
131: [82, 83, 84, 85, 86, 87, 88, 89, 71]
132: [79, 71, 80, 81]
133: [79, 80, 71, 81, 82]
134: [79, 80, 81, 71, 82, 83]
135: [79, 80, 81, 82, 83, 84, 71]
136: [79, 80, 81, 82, 83, 84, 85, 71]
137: [79, 80, 81, 82, 83, 84, 85, 86, 71]
138: [79, 80, 81, 82, 83, 84, 85, 86, 87, 71]
139: [79, 80, 81, 82, 83, 84, 85, 86, 87, 88, 71]
140: [79, 80, 81, 82, 83, 84, 85, 86, 87, 88, 89, 71]
141: [80, 81, 82, 83, 84, 85, 86, 87, 88, 89, 71]
142: [81, 82, 83, 84, 85, 86, 87, 88, 89, 71]
143: [82, 83, 84, 85, 86, 87, 88, 89, 71]
9
0: [71, 92, 80, 81]
1: [71, 92, 80, 81, 82]
2: [71, 92, 80, 83, 81, 82]
3: [71, 92, 84, 80, 83, 81, 82]
4: [71, 92, 85, 84, 80, 83, 81, 82]
5: [71, 92, 86, 85, 84, 80, 83, 81, 82]
6: [71, 92, 87, 86, 85, 84, 80, 83, 81, 82]
7: [71, 92, 88, 87, 86, 85, 84, 80, 83, 81, 82]
8: [71, 92, 89, 88, 87, 86, 85, 84, 80, 83, 81, 82]
9: []
10: [81, 82, 83, 84, 85, 86, 87, 88, 89, 90, 92, 71]
11: [82, 83, 84, 85, 86, 87, 88, 89, 90, 92, 71]
12: [71, 92, 80, 81]
13: [92, 82]
14: [92, 83]
15: [92, 84]
16: [92, 85]
17: [92, 86]
18: [92, 87]
19: [92, 88]
20: [92, 89]
21: [80, 92, 90]
22: [81, 92]
23: [82, 83, 84, 85, 86, 87, 88, 89, 90, 92, 71]
24: [71, 80, 81]
25: [82]
26: [83]
27: [84]
28: [85]
29: [86]
30: [87]
31: [88]
32: [89]
33: [80, 90]
34: [81]
35: [82, 83, 84, 85, 86, 87, 88, 89, 90, 71]
36: [71, 80, 81]
37: [82]
38: [83]
39: [84]
40: [85]
41: [86]
42: [87]
43: [88]
44: [89]
45: [80, 90]
46: [81]
47: [82, 83, 84, 85, 86, 87, 88, 89, 90, 71]
48: [71, 80, 81]
49: [82]
50: [83]
51: [84]
52: [85]
53: [86]
54: [87]
55: [88]
56: [89]
57: [80, 90]
58: [81]
59: [82, 83, 84, 85, 86, 87, 88, 89, 90, 71]
60: [71, 80, 81]
61: [82]
62: [83]
63: [84]
64: [85]
65: [86]
66: [87]
67: [88]
68: [89]
69: [80, 90]
70: [81]
71: [82, 83, 84, 85, 86, 87, 88, 89, 90, 71]
72: [71, 80, 81]
73: [82]
74: [83]
75: [84]
76: [85]
77: [86]
78: [87]
79: [88]
80: [89]
81: [80, 90]
82: [81]
83: [82, 83, 84, 85, 86, 87, 88, 89, 90, 71]
84: [71, 80, 81]
85: [82]
86: [83]
87: [84]
88: [85]
89: [86]
90: [87]
91: [88]
92: [89]
93: [80, 90]
94: [81]
95: [82, 83, 84, 85, 86, 87, 88, 89, 90, 71]
96: [71, 80, 81]
97: [82]
98: [83]
99: [84]
100: [85]
101: [86]
102: [87]
103: [88]
104: [89]
105: [80, 90]
106: [81]
107: [82, 83, 84, 85, 86, 87, 88, 89, 90, 71]
108: [71, 80, 81]
109: [82]
110: [83]
111: [84]
112: [85]
113: [86]
114: [87]
115: [88]
116: [89]
117: [80, 90]
118: [81]
119: [82, 83, 84, 85, 86, 87, 88, 89, 90, 71]
120: [71, 80, 81]
121: [82]
122: [83]
123: [84]
124: [85]
125: [86]
126: [87]
127: [88]
128: [89]
129: [80, 90]
130: [81]
131: [82, 83, 84, 85, 86, 87, 88, 89, 90, 71]
132: [80, 71, 81]
133: [80, 81, 71, 82]
134: [80, 81, 82, 83, 71]
135: [80, 81, 82, 83, 84, 71]
136: [80, 81, 82, 83, 84, 85, 71]
137: [80, 81, 82, 83, 84, 85, 86, 71]
138: [80, 81, 82, 83, 84, 85, 86, 87, 71]
139: [80, 81, 82, 83, 84, 85, 86, 87, 88, 71]
140: [80, 81, 82, 83, 84, 85, 86, 87, 88, 89, 71]
141: [80, 81, 82, 83, 84, 85, 86, 87, 88, 89, 90, 71]
142: [81, 82, 83, 84, 85, 86, 87, 88, 89, 90, 71]
143: [82, 83, 84, 85, 86, 87, 88, 89, 90, 71]
10
0: [71, 92, 81]
1: [71, 92, 81, 82]
2: [71, 92, 83, 81, 82]
3: [71, 92, 84, 83, 81, 82]
4: [71, 92, 85, 84, 83, 81, 82]
5: [71, 92, 86, 85, 84, 83, 81, 82]
6: [71, 92, 87, 86, 85, 84, 83, 81, 82]
7: [71, 92, 88, 87, 86, 85, 84, 83, 81, 82]
8: [71, 92, 89, 88, 87, 86, 85, 84, 83, 81, 82]
9: [71, 92, 90, 89, 88, 87, 86, 85, 84, 83, 81, 82]
10: []
11: [82, 83, 84, 85, 86, 87, 88, 89, 90, 91, 92, 71]
12: [71, 92, 81]
13: [92, 82]
14: [92, 83]
15: [92, 84]
16: [92, 85]
17: [92, 86]
18: [92, 87]
19: [92, 88]
20: [92, 89]
21: [92, 90]
22: [81, 92, 91]
23: [82, 83, 84, 85, 86, 87, 88, 89, 90, 91, 92, 71]
24: [71, 81]
25: [82]
26: [83]
27: [84]
28: [85]
29: [86]
30: [87]
31: [88]
32: [89]
33: [90]
34: [81, 91]
35: [82, 83, 84, 85, 86, 87, 88, 89, 90, 91, 71]
36: [71, 81]
37: [82]
38: [83]
39: [84]
40: [85]
41: [86]
42: [87]
43: [88]
44: [89]
45: [90]
46: [81, 91]
47: [82, 83, 84, 85, 86, 87, 88, 89, 90, 91, 71]
48: [71, 81]
49: [82]
50: [83]
51: [84]
52: [85]
53: [86]
54: [87]
55: [88]
56: [89]
57: [90]
58: [81, 91]
59: [82, 83, 84, 85, 86, 87, 88, 89, 90, 91, 71]
60: [71, 81]
61: [82]
62: [83]
63: [84]
64: [85]
65: [86]
66: [87]
67: [88]
68: [89]
69: [90]
70: [81, 91]
71: [82, 83, 84, 85, 86, 87, 88, 89, 90, 91, 71]
72: [71, 81]
73: [82]
74: [83]
75: [84]
76: [85]
77: [86]
78: [87]
79: [88]
80: [89]
81: [90]
82: [81, 91]
83: [82, 83, 84, 85, 86, 87, 88, 89, 90, 91, 71]
84: [71, 81]
85: [82]
86: [83]
87: [84]
88: [85]
89: [86]
90: [87]
91: [88]
92: [89]
93: [90]
94: [81, 91]
95: [82, 83, 84, 85, 86, 87, 88, 89, 90, 91, 71]
96: [71, 81]
97: [82]
98: [83]
99: [84]
100: [85]
101: [86]
102: [87]
103: [88]
104: [89]
105: [90]
106: [81, 91]
107: [82, 83, 84, 85, 86, 87, 88, 89, 90, 91, 71]
108: [71, 81]
109: [82]
110: [83]
111: [84]
112: [85]
113: [86]
114: [87]
115: [88]
116: [89]
117: [90]
118: [81, 91]
119: [82, 83, 84, 85, 86, 87, 88, 89, 90, 91, 71]
120: [71, 81]
121: [82]
122: [83]
123: [84]
124: [85]
125: [86]
126: [87]
127: [88]
128: [89]
129: [90]
130: [81, 91]
131: [82, 83, 84, 85, 86, 87, 88, 89, 90, 91, 71]
132: [81, 71]
133: [81, 82, 71]
134: [81, 82, 83, 71]
135: [81, 82, 83, 84, 71]
136: [81, 82, 83, 84, 85, 71]
137: [81, 82, 83, 84, 85, 86, 71]
138: [81, 82, 83, 84, 85, 86, 87, 71]
139: [81, 82, 83, 84, 85, 86, 87, 88, 71]
140: [81, 82, 83, 84, 85, 86, 87, 88, 89, 71]
141: [81, 82, 83, 84, 85, 86, 87, 88, 89, 90, 71]
142: [81, 82, 83, 84, 85, 86, 87, 88, 89, 90, 91, 71]
143: [82, 83, 84, 85, 86, 87, 88, 89, 90, 91, 71]
11
0: [71, 92]
1: [71, 92, 82]
2: [71, 92, 83, 82]
3: [71, 92, 84, 83, 82]
4: [71, 92, 85, 84, 83, 82]
5: [71, 92, 86, 85, 84, 83, 82]
6: [71, 92, 87, 86, 85, 84, 83, 82]
7: [71, 92, 88, 87, 86, 85, 84, 83, 82]
8: [71, 92, 89, 88, 87, 86, 85, 84, 83, 82]
9: [71, 92, 90, 89, 88, 87, 86, 85, 84, 83, 82]
10: [71, 91, 92, 90, 89, 88, 87, 86, 85, 84, 83, 82]
11: []
12: [92, 71]
13: [92, 82]
14: [92, 83]
15: [92, 84]
16: [92, 85]
17: [92, 86]
18: [92, 87]
19: [92, 88]
20: [92, 89]
21: [92, 90]
22: [92, 91]
23: [82, 83, 84, 85, 86, 87, 88, 89, 90, 91, 92, 71]
24: [71]
25: [82]
26: [83]
27: [84]
28: [85]
29: [86]
30: [87]
31: [88]
32: [89]
33: [90]
34: [91]
35: [82, 83, 84, 85, 86, 87, 88, 89, 90, 91, 71]
36: [71]
37: [82]
38: [83]
39: [84]
40: [85]
41: [86]
42: [87]
43: [88]
44: [89]
45: [90]
46: [91]
47: [82, 83, 84, 85, 86, 87, 88, 89, 90, 91, 71]
48: [71]
49: [82]
50: [83]
51: [84]
52: [85]
53: [86]
54: [87]
55: [88]
56: [89]
57: [90]
58: [91]
59: [82, 83, 84, 85, 86, 87, 88, 89, 90, 91, 71]
60: [71]
61: [82]
62: [83]
63: [84]
64: [85]
65: [86]
66: [87]
67: [88]
68: [89]
69: [90]
70: [91]
71: [82, 83, 84, 85, 86, 87, 88, 89, 90, 91, 71]
72: [71]
73: [82]
74: [83]
75: [84]
76: [85]
77: [86]
78: [87]
79: [88]
80: [89]
81: [90]
82: [91]
83: [82, 83, 84, 85, 86, 87, 88, 89, 90, 91, 71]
84: [71]
85: [82]
86: [83]
87: [84]
88: [85]
89: [86]
90: [87]
91: [88]
92: [89]
93: [90]
94: [91]
95: [82, 83, 84, 85, 86, 87, 88, 89, 90, 91, 71]
96: [71]
97: [82]
98: [83]
99: [84]
100: [85]
101: [86]
102: [87]
103: [88]
104: [89]
105: [90]
106: [91]
107: [82, 83, 84, 85, 86, 87, 88, 89, 90, 91, 71]
108: [71]
109: [82]
110: [83]
111: [84]
112: [85]
113: [86]
114: [87]
115: [88]
116: [89]
117: [90]
118: [91]
119: [82, 83, 84, 85, 86, 87, 88, 89, 90, 91, 71]
120: [71]
121: [82]
122: [83]
123: [84]
124: [85]
125: [86]
126: [87]
127: [88]
128: [89]
129: [90]
130: [91]
131: [82, 83, 84, 85, 86, 87, 88, 89, 90, 91, 71]
132: [71]
133: [82, 71]
134: [82, 83, 71]
135: [82, 83, 84, 71]
136: [82, 83, 84, 85, 71]
137: [82, 83, 84, 85, 86, 71]
138: [82, 83, 84, 85, 86, 87, 71]
139: [82, 83, 84, 85, 86, 87, 88, 71]
140: [82, 83, 84, 85, 86, 87, 88, 89, 71]
141: [82, 83, 84, 85, 86, 87, 88, 89, 90, 71]
142: [82, 83, 84, 85, 86, 87, 88, 89, 90, 91, 71]
143: [82, 83, 84, 85, 86, 87, 88, 89, 90, 91, 71]
12
0: [72, 73, 74, 75, 76, 77, 78, 79, 80, 81, 92, 71]
1: [72, 73, 74, 75, 76, 77, 78, 79, 80, 81, 92, 71]
2: [73, 74, 75, 76, 77, 78, 79, 80, 81, 92, 71]
3: [74, 75, 76, 77, 78, 79, 80, 81, 92, 71]
4: [75, 76, 77, 78, 79, 80, 81, 92, 71]
5: [76, 77, 78, 79, 80, 81, 92, 71]
6: [77, 78, 79, 80, 81, 92, 71]
7: [78, 79, 80, 81, 92, 71]
8: [80, 81, 92, 79, 71]
9: [80, 81, 92, 71]
10: [81, 92, 71]
11: [92, 71]
12: []
13: [93, 72, 92]
14: [93, 73, 92]
15: [93, 74, 92]
16: [93, 75, 92]
17: [93, 76, 92]
18: [93, 77, 92]
19: [93, 78, 92]
20: [93, 79, 92]
21: [93, 80, 92]
22: [93, 81, 92]
23: [93, 92, 71]
24: [71, 72, 93, 73, 74, 75, 76, 77, 78, 79, 80, 81]
25: [72, 93]
26: [73, 93]
27: [74, 93]
28: [75, 93]
29: [76, 93]
30: [77, 93]
31: [78, 93]
32: [79, 93]
33: [80, 93]
34: [81, 93]
35: [93, 71]
36: [71, 72, 73, 74, 75, 76, 77, 78, 79, 80, 81]
37: [72]
38: [73]
39: [74]
40: [75]
41: [76]
42: [77]
43: [78]
44: [79]
45: [80]
46: [81]
47: [71]
48: [71, 72, 73, 74, 75, 76, 77, 78, 79, 80, 81]
49: [72]
50: [73]
51: [74]
52: [75]
53: [76]
54: [77]
55: [78]
56: [79]
57: [80]
58: [81]
59: [71]
60: [71, 72, 73, 74, 75, 76, 77, 78, 79, 80, 81]
61: [72]
62: [73]
63: [74]
64: [75]
65: [76]
66: [77]
67: [78]
68: [79]
69: [80]
70: [81]
71: [71]
72: [71, 72, 73, 74, 75, 76, 77, 78, 79, 80, 81]
73: [72]
74: [73]
75: [74]
76: [75]
77: [76]
78: [77]
79: [78]
80: [79]
81: [80]
82: [81]
83: [71]
84: [71, 72, 73, 74, 75, 76, 77, 78, 79, 80, 81]
85: [72]
86: [73]
87: [74]
88: [75]
89: [76]
90: [77]
91: [78]
92: [79]
93: [80]
94: [81]
95: [71]
96: [71, 72, 73, 74, 75, 76, 77, 78, 79, 80, 81]
97: [72]
98: [73]
99: [74]
100: [75]
101: [76]
102: [77]
103: [78]
104: [79]
105: [80]
106: [81]
107: [71]
108: [71, 72, 73, 74, 75, 76, 77, 78, 79, 80, 81]
109: [72]
110: [73]
111: [74]
112: [75]
113: [76]
114: [77]
115: [78]
116: [79]
117: [80]
118: [81]
119: [71]
120: [71, 72, 73, 74, 75, 76, 77, 78, 79, 80, 81]
121: [72]
122: [73]
123: [74]
124: [75]
125: [76]
126: [77]
127: [78]
128: [79]
129: [80]
130: [81]
131: [71]
132: [71, 72, 73, 74, 75, 76, 77, 78, 79, 80, 81]
133: [71, 72, 73, 74, 75, 76, 77, 78, 79, 80, 81]
134: [71, 73, 74, 75, 76, 77, 78, 79, 80, 81]
135: [71, 74, 75, 76, 77, 78, 79, 80, 81]
136: [71, 75, 76, 77, 78, 79, 80, 81]
137: [71, 76, 77, 78, 79, 80, 81]
138: [71, 77, 78, 79, 80, 81]
139: [71, 78, 79, 80, 81]
140: [71, 79, 80, 81]
141: [71, 80, 81]
142: [71, 81]
143: [71]
13
0: [92, 72]
1: [82, 92, 72]
2: [82, 92]
3: [82, 92]
4: [82, 92]
5: [82, 92]
6: [82, 92]
7: [82, 92]
8: [82, 92]
9: [82, 92]
10: [82, 92]
11: [82, 92]
12: [92, 72, 93]
13: []
14: [45, 62, 46, 47, 48, 49, 50, 51, 52, 53]
15: [45, 46, 47, 48, 49, 50, 51, 52, 53]
16: [45, 46, 47, 48, 49, 50, 51, 52, 53]
17: [45, 46, 47, 48, 49, 50, 51, 52, 53]
18: [45, 46, 47, 48, 49, 50, 51, 52, 53]
19: [45, 46, 47, 48, 49, 50, 51, 52, 53]
20: [45, 46, 47, 48, 49, 50, 51, 52, 53]
21: [45, 46, 47, 48, 49, 50, 51, 52, 53]
22: [45, 46, 47, 48, 49, 50, 51, 52, 53]
23: [93, 82, 92]
24: [72, 93]
25: [46, 47, 48, 49, 50, 51, 52, 53, 62, 45]
26: [46, 62]
27: [46]
28: [46]
29: [46]
30: [46]
31: [46]
32: [46]
33: [46]
34: [45, 46, 47, 48, 49, 50, 51, 52, 53]
35: [93, 82]
36: [72]
37: [47, 48, 49, 50, 51, 52, 53, 62, 45]
38: [47, 62]
39: [47]
40: [47]
41: [47]
42: [47]
43: [47]
44: [47]
45: [47]
46: [45, 47, 48, 49, 50, 51, 52, 53]
47: [82]
48: [72]
49: [48, 49, 50, 51, 52, 53, 62, 45]
50: [48, 62]
51: [48]
52: [48]
53: [48]
54: [48]
55: [48]
56: [48]
57: [48]
58: [48, 45, 49, 50, 51, 52, 53]
59: [82]
60: [72]
61: [49, 50, 51, 52, 53, 62, 45]
62: [49, 62]
63: [49]
64: [49]
65: [49]
66: [49]
67: [49]
68: [49]
69: [49]
70: [49, 45, 50, 51, 52, 53]
71: [82]
72: [72]
73: [50, 51, 52, 53, 62, 45]
74: [50, 62]
75: [50]
76: [50]
77: [50]
78: [50]
79: [50]
80: [50]
81: [50]
82: [50, 45, 51, 52, 53]
83: [82]
84: [72]
85: [51, 52, 53, 62, 45]
86: [51, 62]
87: [51]
88: [51]
89: [51]
90: [51]
91: [51]
92: [51]
93: [51]
94: [51, 45, 52, 53]
95: [82]
96: [72]
97: [52, 53, 62, 45]
98: [52, 62]
99: [52]
100: [52]
101: [52]
102: [52]
103: [52]
104: [52]
105: [52]
106: [52, 45, 53]
107: [82]
108: [72]
109: [53, 62, 45]
110: [53, 62]
111: [53]
112: [53]
113: [53]
114: [53]
115: [53]
116: [53]
117: [53]
118: [53, 45]
119: [82]
120: [72]
121: [62, 45]
122: [62, 45]
123: [45]
124: [45]
125: [45]
126: [45]
127: [45]
128: [45]
129: [45]
130: [45]
131: [82]
132: [72]
133: [72, 82]
134: [82]
135: [82]
136: [82]
137: [82]
138: [82]
139: [82]
140: [82]
141: [82]
142: [82]
143: [82]
14
0: [92, 73]
1: [92, 73]
2: [83, 92, 73]
3: [83, 92]
4: [83, 92]
5: [83, 92]
6: [83, 92]
7: [83, 92]
8: [83, 92]
9: [83, 92]
10: [83, 92]
11: [83, 92]
12: [92, 73, 93]
13: [46, 47, 48, 49, 50, 51, 52, 53, 62, 45]
14: []
15: [45, 46, 63, 47, 48, 49, 50, 51, 52, 53]
16: [45, 46, 47, 48, 49, 50, 51, 52, 53]
17: [45, 46, 47, 48, 49, 50, 51, 52, 53]
18: [45, 46, 47, 48, 49, 50, 51, 52, 53]
19: [45, 46, 47, 48, 49, 50, 51, 52, 53]
20: [45, 46, 47, 48, 49, 50, 51, 52, 53]
21: [45, 46, 47, 48, 49, 50, 51, 52, 53]
22: [45, 46, 47, 48, 49, 50, 51, 52, 53]
23: [93, 83, 92]
24: [73, 93]
25: [46, 47, 48, 49, 50, 51, 52, 53, 62, 45]
26: [63, 46, 62]
27: [46, 63]
28: [46]
29: [46]
30: [46]
31: [46]
32: [46]
33: [46]
34: [45, 46, 47, 48, 49, 50, 51, 52, 53]
35: [93, 83]
36: [73]
37: [47, 48, 49, 50, 51, 52, 53, 62, 45]
38: [63, 47, 62]
39: [47, 63]
40: [47]
41: [47]
42: [47]
43: [47]
44: [47]
45: [47]
46: [45, 47, 48, 49, 50, 51, 52, 53]
47: [83]
48: [73]
49: [48, 49, 50, 51, 52, 53, 62, 45]
50: [63, 48, 62]
51: [48, 63]
52: [48]
53: [48]
54: [48]
55: [48]
56: [48]
57: [48]
58: [45, 48, 49, 50, 51, 52, 53]
59: [83]
60: [73]
61: [49, 50, 51, 52, 53, 62, 45]
62: [63, 49, 62]
63: [49, 63]
64: [49]
65: [49]
66: [49]
67: [49]
68: [49]
69: [49]
70: [45, 49, 50, 51, 52, 53]
71: [83]
72: [73]
73: [50, 51, 52, 53, 62, 45]
74: [63, 50, 62]
75: [50, 63]
76: [50]
77: [50]
78: [50]
79: [50]
80: [50]
81: [50]
82: [45, 50, 51, 52, 53]
83: [83]
84: [73]
85: [51, 52, 53, 62, 45]
86: [63, 51, 62]
87: [51, 63]
88: [51]
89: [51]
90: [51]
91: [51]
92: [51]
93: [51]
94: [45, 51, 52, 53]
95: [83]
96: [73]
97: [52, 53, 62, 45]
98: [63, 52, 62]
99: [52, 63]
100: [52]
101: [52]
102: [52]
103: [52]
104: [52]
105: [52]
106: [45, 52, 53]
107: [83]
108: [73]
109: [53, 62, 45]
110: [63, 53, 62]
111: [53, 63]
112: [53]
113: [53]
114: [53]
115: [53]
116: [53]
117: [53]
118: [45, 53]
119: [83]
120: [73]
121: [62, 45]
122: [63, 62, 45]
123: [63, 45]
124: [45]
125: [45]
126: [45]
127: [45]
128: [45]
129: [45]
130: [45]
131: [83]
132: [73]
133: [73]
134: [73, 83]
135: [83]
136: [83]
137: [83]
138: [83]
139: [83]
140: [83]
141: [83]
142: [83]
143: [83]
15
0: [92, 74]
1: [92, 74]
2: [92, 74]
3: [84, 92, 74]
4: [84, 92]
5: [84, 92]
6: [84, 92]
7: [84, 92]
8: [84, 92]
9: [84, 92]
10: [84, 92]
11: [84, 92]
12: [92, 93, 74]
13: [46, 47, 48, 49, 50, 51, 52, 53, 45]
14: [46, 47, 48, 49, 50, 51, 52, 53, 63, 45]
15: []
16: [45, 64, 46, 47, 48, 49, 50, 51, 52, 53]
17: [45, 46, 47, 48, 49, 50, 51, 52, 53]
18: [45, 46, 47, 48, 49, 50, 51, 52, 53]
19: [45, 46, 47, 48, 49, 50, 51, 52, 53]
20: [45, 46, 47, 48, 49, 50, 51, 52, 53]
21: [45, 46, 47, 48, 49, 50, 51, 52, 53]
22: [45, 46, 47, 48, 49, 50, 51, 52, 53]
23: [93, 84, 92]
24: [93, 74]
25: [46, 47, 48, 49, 50, 51, 52, 53, 45]
26: [63, 46]
27: [64, 46, 63]
28: [46, 64]
29: [46]
30: [46]
31: [46]
32: [46]
33: [46]
34: [45, 46, 47, 48, 49, 50, 51, 52, 53]
35: [93, 84]
36: [74]
37: [47, 48, 49, 50, 51, 52, 53, 45]
38: [63, 47]
39: [64, 47, 63]
40: [47, 64]
41: [47]
42: [47]
43: [47]
44: [47]
45: [47]
46: [45, 47, 48, 49, 50, 51, 52, 53]
47: [84]
48: [74]
49: [48, 49, 50, 51, 52, 53, 45]
50: [63, 48]
51: [64, 48, 63]
52: [48, 64]
53: [48]
54: [48]
55: [48]
56: [48]
57: [48]
58: [45, 48, 49, 50, 51, 52, 53]
59: [84]
60: [74]
61: [49, 50, 51, 52, 53, 45]
62: [63, 49]
63: [64, 49, 63]
64: [49, 64]
65: [49]
66: [49]
67: [49]
68: [49]
69: [49]
70: [45, 49, 50, 51, 52, 53]
71: [84]
72: [74]
73: [50, 51, 52, 53, 45]
74: [63, 50]
75: [64, 50, 63]
76: [50, 64]
77: [50]
78: [50]
79: [50]
80: [50]
81: [50]
82: [45, 50, 51, 52, 53]
83: [84]
84: [74]
85: [51, 52, 53, 45]
86: [63, 51]
87: [64, 51, 63]
88: [51, 64]
89: [51]
90: [51]
91: [51]
92: [51]
93: [51]
94: [45, 51, 52, 53]
95: [84]
96: [74]
97: [52, 53, 45]
98: [63, 52]
99: [64, 52, 63]
100: [64, 52]
101: [52]
102: [52]
103: [52]
104: [52]
105: [52]
106: [45, 52, 53]
107: [84]
108: [74]
109: [53, 45]
110: [63, 53]
111: [64, 53, 63]
112: [64, 53]
113: [53]
114: [53]
115: [53]
116: [53]
117: [53]
118: [45, 53]
119: [84]
120: [74]
121: [45]
122: [63, 45]
123: [64, 63, 45]
124: [64, 45]
125: [45]
126: [45]
127: [45]
128: [45]
129: [45]
130: [45]
131: [84]
132: [74]
133: [74]
134: [74]
135: [74, 84]
136: [84]
137: [84]
138: [84]
139: [84]
140: [84]
141: [84]
142: [84]
143: [84]
16
0: [92, 75]
1: [92, 75]
2: [92, 75]
3: [92, 75]
4: [85, 92, 75]
5: [85, 92]
6: [85, 92]
7: [85, 92]
8: [85, 92]
9: [85, 92]
10: [85, 92]
11: [85, 92]
12: [92, 93, 75]
13: [46, 47, 48, 49, 50, 51, 52, 53, 45]
14: [46, 47, 48, 49, 50, 51, 52, 53, 45]
15: [64, 46, 47, 48, 49, 50, 51, 52, 53, 45]
16: []
17: [45, 65, 46, 47, 48, 49, 50, 51, 52, 53]
18: [45, 46, 47, 48, 49, 50, 51, 52, 53]
19: [45, 46, 47, 48, 49, 50, 51, 52, 53]
20: [45, 46, 47, 48, 49, 50, 51, 52, 53]
21: [45, 46, 47, 48, 49, 50, 51, 52, 53]
22: [45, 46, 47, 48, 49, 50, 51, 52, 53]
23: [93, 85, 92]
24: [93, 75]
25: [46, 47, 48, 49, 50, 51, 52, 53, 45]
26: [46]
27: [64, 46]
28: [65, 46, 64]
29: [46, 65]
30: [46]
31: [46]
32: [46]
33: [46]
34: [45, 46, 47, 48, 49, 50, 51, 52, 53]
35: [93, 85]
36: [75]
37: [47, 48, 49, 50, 51, 52, 53, 45]
38: [47]
39: [64, 47]
40: [65, 47, 64]
41: [47, 65]
42: [47]
43: [47]
44: [47]
45: [47]
46: [45, 47, 48, 49, 50, 51, 52, 53]
47: [85]
48: [75]
49: [48, 49, 50, 51, 52, 53, 45]
50: [48]
51: [64, 48]
52: [65, 48, 64]
53: [48, 65]
54: [48]
55: [48]
56: [48]
57: [48]
58: [45, 48, 49, 50, 51, 52, 53]
59: [85]
60: [75]
61: [49, 50, 51, 52, 53, 45]
62: [49]
63: [64, 49]
64: [65, 49, 64]
65: [49, 65]
66: [49]
67: [49]
68: [49]
69: [49]
70: [45, 49, 50, 51, 52, 53]
71: [85]
72: [75]
73: [50, 51, 52, 53, 45]
74: [50]
75: [64, 50]
76: [65, 50, 64]
77: [50, 65]
78: [50]
79: [50]
80: [50]
81: [50]
82: [45, 50, 51, 52, 53]
83: [85]
84: [75]
85: [51, 52, 53, 45]
86: [51]
87: [64, 51]
88: [65, 51, 64]
89: [65, 51]
90: [51]
91: [51]
92: [51]
93: [51]
94: [45, 51, 52, 53]
95: [85]
96: [75]
97: [52, 53, 45]
98: [52]
99: [64, 52]
100: [65, 64, 52]
101: [65, 52]
102: [52]
103: [52]
104: [52]
105: [52]
106: [45, 52, 53]
107: [85]
108: [75]
109: [53, 45]
110: [53]
111: [64, 53]
112: [65, 64, 53]
113: [65, 53]
114: [53]
115: [53]
116: [53]
117: [53]
118: [45, 53]
119: [85]
120: [75]
121: [45]
122: [45]
123: [64, 45]
124: [65, 64, 45]
125: [65, 45]
126: [45]
127: [45]
128: [45]
129: [45]
130: [45]
131: [85]
132: [75]
133: [75]
134: [75]
135: [75]
136: [75, 85]
137: [85]
138: [85]
139: [85]
140: [85]
141: [85]
142: [85]
143: [85]
17
0: [92, 76]
1: [92, 76]
2: [92, 76]
3: [92, 76]
4: [92, 76]
5: [86, 92, 76]
6: [86, 92]
7: [86, 92]
8: [86, 92]
9: [86, 92]
10: [86, 92]
11: [86, 92]
12: [92, 93, 76]
13: [46, 47, 48, 49, 50, 51, 52, 53, 45]
14: [46, 47, 48, 49, 50, 51, 52, 53, 45]
15: [46, 47, 48, 49, 50, 51, 52, 53, 45]
16: [65, 46, 47, 48, 49, 50, 51, 52, 53, 45]
17: []
18: [45, 66, 46, 47, 48, 49, 50, 51, 52, 53]
19: [45, 46, 47, 48, 49, 50, 51, 52, 53]
20: [45, 46, 47, 48, 49, 50, 51, 52, 53]
21: [45, 46, 47, 48, 49, 50, 51, 52, 53]
22: [45, 46, 47, 48, 49, 50, 51, 52, 53]
23: [93, 86, 92]
24: [93, 76]
25: [46, 47, 48, 49, 50, 51, 52, 53, 45]
26: [46]
27: [46]
28: [65, 46]
29: [66, 46, 65]
30: [46, 66]
31: [46]
32: [46]
33: [46]
34: [45, 46, 47, 48, 49, 50, 51, 52, 53]
35: [93, 86]
36: [76]
37: [47, 48, 49, 50, 51, 52, 53, 45]
38: [47]
39: [47]
40: [65, 47]
41: [66, 47, 65]
42: [47, 66]
43: [47]
44: [47]
45: [47]
46: [45, 47, 48, 49, 50, 51, 52, 53]
47: [86]
48: [76]
49: [48, 49, 50, 51, 52, 53, 45]
50: [48]
51: [48]
52: [65, 48]
53: [66, 48, 65]
54: [48, 66]
55: [48]
56: [48]
57: [48]
58: [45, 48, 49, 50, 51, 52, 53]
59: [86]
60: [76]
61: [49, 50, 51, 52, 53, 45]
62: [49]
63: [49]
64: [65, 49]
65: [66, 49, 65]
66: [49, 66]
67: [49]
68: [49]
69: [49]
70: [45, 49, 50, 51, 52, 53]
71: [86]
72: [76]
73: [50, 51, 52, 53, 45]
74: [50]
75: [50]
76: [65, 50]
77: [66, 50, 65]
78: [50, 66]
79: [50]
80: [50]
81: [50]
82: [45, 50, 51, 52, 53]
83: [86]
84: [76]
85: [51, 52, 53, 45]
86: [51]
87: [51]
88: [65, 51]
89: [66, 65, 51]
90: [66, 51]
91: [51]
92: [51]
93: [51]
94: [45, 51, 52, 53]
95: [86]
96: [76]
97: [52, 53, 45]
98: [52]
99: [52]
100: [65, 52]
101: [66, 65, 52]
102: [66, 52]
103: [52]
104: [52]
105: [52]
106: [45, 52, 53]
107: [86]
108: [76]
109: [53, 45]
110: [53]
111: [53]
112: [65, 53]
113: [66, 65, 53]
114: [66, 53]
115: [53]
116: [53]
117: [53]
118: [45, 53]
119: [86]
120: [76]
121: [45]
122: [45]
123: [45]
124: [65, 45]
125: [66, 65, 45]
126: [66, 45]
127: [45]
128: [45]
129: [45]
130: [45]
131: [86]
132: [76]
133: [76]
134: [76]
135: [76]
136: [76]
137: [76, 86]
138: [86]
139: [86]
140: [86]
141: [86]
142: [86]
143: [86]
18
0: [92, 77]
1: [92, 77]
2: [92, 77]
3: [92, 77]
4: [92, 77]
5: [92, 77]
6: [87, 92, 77]
7: [87, 92]
8: [87, 92]
9: [87, 92]
10: [87, 92]
11: [87, 92]
12: [92, 93, 77]
13: [46, 47, 48, 49, 50, 51, 52, 53, 45]
14: [46, 47, 48, 49, 50, 51, 52, 53, 45]
15: [46, 47, 48, 49, 50, 51, 52, 53, 45]
16: [46, 47, 48, 49, 50, 51, 52, 53, 45]
17: [66, 46, 47, 48, 49, 50, 51, 52, 53, 45]
18: []
19: [45, 67, 46, 47, 48, 49, 50, 51, 52, 53]
20: [45, 46, 47, 48, 49, 50, 51, 52, 53]
21: [45, 46, 47, 48, 49, 50, 51, 52, 53]
22: [45, 46, 47, 48, 49, 50, 51, 52, 53]
23: [93, 87, 92]
24: [93, 77]
25: [46, 47, 48, 49, 50, 51, 52, 53, 45]
26: [46]
27: [46]
28: [46]
29: [66, 46]
30: [67, 46, 66]
31: [46, 67]
32: [46]
33: [46]
34: [45, 46, 47, 48, 49, 50, 51, 52, 53]
35: [93, 87]
36: [77]
37: [47, 48, 49, 50, 51, 52, 53, 45]
38: [47]
39: [47]
40: [47]
41: [66, 47]
42: [67, 47, 66]
43: [47, 67]
44: [47]
45: [47]
46: [45, 47, 48, 49, 50, 51, 52, 53]
47: [87]
48: [77]
49: [48, 49, 50, 51, 52, 53, 45]
50: [48]
51: [48]
52: [48]
53: [66, 48]
54: [67, 48, 66]
55: [48, 67]
56: [48]
57: [48]
58: [45, 48, 49, 50, 51, 52, 53]
59: [87]
60: [77]
61: [49, 50, 51, 52, 53, 45]
62: [49]
63: [49]
64: [49]
65: [66, 49]
66: [67, 49, 66]
67: [49, 67]
68: [49]
69: [49]
70: [45, 49, 50, 51, 52, 53]
71: [87]
72: [77]
73: [50, 51, 52, 53, 45]
74: [50]
75: [50]
76: [50]
77: [66, 50]
78: [67, 50, 66]
79: [67, 50]
80: [50]
81: [50]
82: [45, 50, 51, 52, 53]
83: [87]
84: [77]
85: [51, 52, 53, 45]
86: [51]
87: [51]
88: [51]
89: [66, 51]
90: [67, 66, 51]
91: [67, 51]
92: [51]
93: [51]
94: [45, 51, 52, 53]
95: [87]
96: [77]
97: [52, 53, 45]
98: [52]
99: [52]
100: [52]
101: [66, 52]
102: [67, 66, 52]
103: [67, 52]
104: [52]
105: [52]
106: [45, 52, 53]
107: [87]
108: [77]
109: [53, 45]
110: [53]
111: [53]
112: [53]
113: [66, 53]
114: [67, 66, 53]
115: [67, 53]
116: [53]
117: [53]
118: [45, 53]
119: [87]
120: [77]
121: [45]
122: [45]
123: [45]
124: [45]
125: [66, 45]
126: [67, 66, 45]
127: [67, 45]
128: [45]
129: [45]
130: [45]
131: [87]
132: [77]
133: [77]
134: [77]
135: [77]
136: [77]
137: [77]
138: [77, 87]
139: [87]
140: [87]
141: [87]
142: [87]
143: [87]
19
0: [92, 78]
1: [92, 78]
2: [92, 78]
3: [92, 78]
4: [92, 78]
5: [92, 78]
6: [92, 78]
7: [88, 92, 78]
8: [88, 92]
9: [88, 92]
10: [88, 92]
11: [88, 92]
12: [92, 93, 78]
13: [46, 47, 48, 49, 50, 51, 52, 53, 45]
14: [46, 47, 48, 49, 50, 51, 52, 53, 45]
15: [46, 47, 48, 49, 50, 51, 52, 53, 45]
16: [46, 47, 48, 49, 50, 51, 52, 53, 45]
17: [46, 47, 48, 49, 50, 51, 52, 53, 45]
18: [67, 46, 47, 48, 49, 50, 51, 52, 53, 45]
19: []
20: [45, 68, 46, 47, 48, 49, 50, 51, 52, 53]
21: [45, 46, 47, 48, 49, 50, 51, 52, 53]
22: [45, 46, 47, 48, 49, 50, 51, 52, 53]
23: [93, 88, 92]
24: [93, 78]
25: [46, 47, 48, 49, 50, 51, 52, 53, 45]
26: [46]
27: [46]
28: [46]
29: [46]
30: [67, 46]
31: [68, 46, 67]
32: [46, 68]
33: [46]
34: [45, 46, 47, 48, 49, 50, 51, 52, 53]
35: [93, 88]
36: [78]
37: [47, 48, 49, 50, 51, 52, 53, 45]
38: [47]
39: [47]
40: [47]
41: [47]
42: [67, 47]
43: [68, 47, 67]
44: [47, 68]
45: [47]
46: [45, 47, 48, 49, 50, 51, 52, 53]
47: [88]
48: [78]
49: [48, 49, 50, 51, 52, 53, 45]
50: [48]
51: [48]
52: [48]
53: [48]
54: [67, 48]
55: [68, 48, 67]
56: [48, 68]
57: [48]
58: [45, 48, 49, 50, 51, 52, 53]
59: [88]
60: [78]
61: [49, 50, 51, 52, 53, 45]
62: [49]
63: [49]
64: [49]
65: [49]
66: [67, 49]
67: [68, 49, 67]
68: [68, 49]
69: [49]
70: [45, 49, 50, 51, 52, 53]
71: [88]
72: [78]
73: [50, 51, 52, 53, 45]
74: [50]
75: [50]
76: [50]
77: [50]
78: [67, 50]
79: [68, 67, 50]
80: [68, 50]
81: [50]
82: [45, 50, 51, 52, 53]
83: [88]
84: [78]
85: [51, 52, 53, 45]
86: [51]
87: [51]
88: [51]
89: [51]
90: [67, 51]
91: [68, 67, 51]
92: [68, 51]
93: [51]
94: [45, 51, 52, 53]
95: [88]
96: [78]
97: [52, 53, 45]
98: [52]
99: [52]
100: [52]
101: [52]
102: [67, 52]
103: [68, 67, 52]
104: [68, 52]
105: [52]
106: [45, 52, 53]
107: [88]
108: [78]
109: [53, 45]
110: [53]
111: [53]
112: [53]
113: [53]
114: [67, 53]
115: [68, 67, 53]
116: [68, 53]
117: [53]
118: [45, 53]
119: [88]
120: [78]
121: [45]
122: [45]
123: [45]
124: [45]
125: [45]
126: [67, 45]
127: [68, 67, 45]
128: [68, 45]
129: [45]
130: [45]
131: [88]
132: [78]
133: [78]
134: [78]
135: [78]
136: [78]
137: [78]
138: [78]
139: [78, 88]
140: [88]
141: [88]
142: [88]
143: [88]
20
0: [92, 79]
1: [92, 79]
2: [92, 79]
3: [92, 79]
4: [92, 79]
5: [92, 79]
6: [92, 79]
7: [92, 79]
8: [89, 92, 79]
9: [89, 92]
10: [89, 92]
11: [89, 92]
12: [92, 93, 79]
13: [46, 47, 48, 49, 50, 51, 52, 53, 45]
14: [46, 47, 48, 49, 50, 51, 52, 53, 45]
15: [46, 47, 48, 49, 50, 51, 52, 53, 45]
16: [46, 47, 48, 49, 50, 51, 52, 53, 45]
17: [46, 47, 48, 49, 50, 51, 52, 53, 45]
18: [46, 47, 48, 49, 50, 51, 52, 53, 45]
19: [68, 46, 47, 48, 49, 50, 51, 52, 53, 45]
20: []
21: [45, 69, 46, 47, 48, 49, 50, 51, 52, 53]
22: [45, 46, 47, 48, 49, 50, 51, 52, 53]
23: [93, 89, 92]
24: [93, 79]
25: [46, 47, 48, 49, 50, 51, 52, 53, 45]
26: [46]
27: [46]
28: [46]
29: [46]
30: [46]
31: [68, 46]
32: [69, 46, 68]
33: [46, 69]
34: [45, 46, 47, 48, 49, 50, 51, 52, 53]
35: [93, 89]
36: [79]
37: [47, 48, 49, 50, 51, 52, 53, 45]
38: [47]
39: [47]
40: [47]
41: [47]
42: [47]
43: [68, 47]
44: [69, 47, 68]
45: [69, 47]
46: [45, 47, 48, 49, 50, 51, 52, 53]
47: [89]
48: [79]
49: [48, 49, 50, 51, 52, 53, 45]
50: [48]
51: [48]
52: [48]
53: [48]
54: [48]
55: [68, 48]
56: [69, 48, 68]
57: [69, 48]
58: [45, 48, 49, 50, 51, 52, 53]
59: [89]
60: [79]
61: [49, 50, 51, 52, 53, 45]
62: [49]
63: [49]
64: [49]
65: [49]
66: [49]
67: [68, 49]
68: [69, 68, 49]
69: [69, 49]
70: [45, 49, 50, 51, 52, 53]
71: [89]
72: [79]
73: [50, 51, 52, 53, 45]
74: [50]
75: [50]
76: [50]
77: [50]
78: [50]
79: [68, 50]
80: [69, 68, 50]
81: [69, 50]
82: [45, 50, 51, 52, 53]
83: [89]
84: [79]
85: [51, 52, 53, 45]
86: [51]
87: [51]
88: [51]
89: [51]
90: [51]
91: [68, 51]
92: [69, 68, 51]
93: [69, 51]
94: [45, 51, 52, 53]
95: [89]
96: [79]
97: [52, 53, 45]
98: [52]
99: [52]
100: [52]
101: [52]
102: [52]
103: [68, 52]
104: [69, 68, 52]
105: [69, 52]
106: [45, 52, 53]
107: [89]
108: [79]
109: [53, 45]
110: [53]
111: [53]
112: [53]
113: [53]
114: [53]
115: [68, 53]
116: [69, 68, 53]
117: [69, 53]
118: [45, 53]
119: [89]
120: [79]
121: [45]
122: [45]
123: [45]
124: [45]
125: [45]
126: [45]
127: [68, 45]
128: [69, 68, 45]
129: [69, 45]
130: [45]
131: [89]
132: [79]
133: [79]
134: [79]
135: [79]
136: [79]
137: [79]
138: [79]
139: [79]
140: [79, 89]
141: [89]
142: [89]
143: [89]
21
0: [92, 80]
1: [92, 80]
2: [92, 80]
3: [92, 80]
4: [92, 80]
5: [92, 80]
6: [92, 80]
7: [92, 80]
8: [92, 80]
9: [90, 92, 80]
10: [90, 92]
11: [90, 92]
12: [92, 93, 80]
13: [46, 47, 48, 49, 50, 51, 52, 53, 45]
14: [46, 47, 48, 49, 50, 51, 52, 53, 45]
15: [46, 47, 48, 49, 50, 51, 52, 53, 45]
16: [46, 47, 48, 49, 50, 51, 52, 53, 45]
17: [46, 47, 48, 49, 50, 51, 52, 53, 45]
18: [46, 47, 48, 49, 50, 51, 52, 53, 45]
19: [46, 47, 48, 49, 50, 51, 52, 53, 45]
20: [69, 46, 47, 48, 49, 50, 51, 52, 53, 45]
21: []
22: [45, 70, 46, 47, 48, 49, 50, 51, 52, 53]
23: [93, 90, 92]
24: [93, 80]
25: [46, 47, 48, 49, 50, 51, 52, 53, 45]
26: [46]
27: [46]
28: [46]
29: [46]
30: [46]
31: [46]
32: [69, 46]
33: [70, 46, 69]
34: [45, 70, 46, 47, 48, 49, 50, 51, 52, 53]
35: [93, 90]
36: [80]
37: [47, 48, 49, 50, 51, 52, 53, 45]
38: [47]
39: [47]
40: [47]
41: [47]
42: [47]
43: [47]
44: [69, 47]
45: [70, 69, 47]
46: [45, 70, 47, 48, 49, 50, 51, 52, 53]
47: [90]
48: [80]
49: [48, 49, 50, 51, 52, 53, 45]
50: [48]
51: [48]
52: [48]
53: [48]
54: [48]
55: [48]
56: [69, 48]
57: [70, 69, 48]
58: [45, 70, 48, 49, 50, 51, 52, 53]
59: [90]
60: [80]
61: [49, 50, 51, 52, 53, 45]
62: [49]
63: [49]
64: [49]
65: [49]
66: [49]
67: [49]
68: [69, 49]
69: [70, 69, 49]
70: [45, 70, 49, 50, 51, 52, 53]
71: [90]
72: [80]
73: [50, 51, 52, 53, 45]
74: [50]
75: [50]
76: [50]
77: [50]
78: [50]
79: [50]
80: [69, 50]
81: [70, 69, 50]
82: [45, 70, 50, 51, 52, 53]
83: [90]
84: [80]
85: [51, 52, 53, 45]
86: [51]
87: [51]
88: [51]
89: [51]
90: [51]
91: [51]
92: [69, 51]
93: [70, 69, 51]
94: [45, 70, 51, 52, 53]
95: [90]
96: [80]
97: [52, 53, 45]
98: [52]
99: [52]
100: [52]
101: [52]
102: [52]
103: [52]
104: [69, 52]
105: [70, 69, 52]
106: [45, 70, 52, 53]
107: [90]
108: [80]
109: [53, 45]
110: [53]
111: [53]
112: [53]
113: [53]
114: [53]
115: [53]
116: [69, 53]
117: [70, 69, 53]
118: [45, 70, 53]
119: [90]
120: [80]
121: [45]
122: [45]
123: [45]
124: [45]
125: [45]
126: [45]
127: [45]
128: [69, 45]
129: [70, 69, 45]
130: [45, 70]
131: [90]
132: [80]
133: [80]
134: [80]
135: [80]
136: [80]
137: [80]
138: [80]
139: [80]
140: [80]
141: [80, 90]
142: [90]
143: [90]
22
0: [92, 81]
1: [92, 81]
2: [92, 81]
3: [92, 81]
4: [92, 81]
5: [92, 81]
6: [92, 81]
7: [92, 81]
8: [92, 81]
9: [92, 81]
10: [91, 92, 81]
11: [91, 92]
12: [92, 93, 81]
13: [46, 47, 48, 49, 50, 51, 52, 53, 45]
14: [46, 47, 48, 49, 50, 51, 52, 53, 45]
15: [46, 47, 48, 49, 50, 51, 52, 53, 45]
16: [46, 47, 48, 49, 50, 51, 52, 53, 45]
17: [46, 47, 48, 49, 50, 51, 52, 53, 45]
18: [46, 47, 48, 49, 50, 51, 52, 53, 45]
19: [46, 47, 48, 49, 50, 51, 52, 53, 45]
20: [46, 47, 48, 49, 50, 51, 52, 53, 45]
21: [70, 46, 47, 48, 49, 50, 51, 52, 53, 45]
22: []
23: [93, 91, 92]
24: [93, 81]
25: [46, 47, 48, 49, 50, 51, 52, 53, 45]
26: [46]
27: [46]
28: [46]
29: [46]
30: [46]
31: [46]
32: [46]
33: [70, 46]
34: [45, 70, 46, 47, 48, 49, 50, 51, 52, 53]
35: [93, 91]
36: [81]
37: [47, 48, 49, 50, 51, 52, 53, 45]
38: [47]
39: [47]
40: [47]
41: [47]
42: [47]
43: [47]
44: [47]
45: [70, 47]
46: [45, 70, 47, 48, 49, 50, 51, 52, 53]
47: [91]
48: [81]
49: [48, 49, 50, 51, 52, 53, 45]
50: [48]
51: [48]
52: [48]
53: [48]
54: [48]
55: [48]
56: [48]
57: [70, 48]
58: [45, 70, 48, 49, 50, 51, 52, 53]
59: [91]
60: [81]
61: [49, 50, 51, 52, 53, 45]
62: [49]
63: [49]
64: [49]
65: [49]
66: [49]
67: [49]
68: [49]
69: [70, 49]
70: [45, 70, 49, 50, 51, 52, 53]
71: [91]
72: [81]
73: [50, 51, 52, 53, 45]
74: [50]
75: [50]
76: [50]
77: [50]
78: [50]
79: [50]
80: [50]
81: [70, 50]
82: [45, 70, 50, 51, 52, 53]
83: [91]
84: [81]
85: [51, 52, 53, 45]
86: [51]
87: [51]
88: [51]
89: [51]
90: [51]
91: [51]
92: [51]
93: [70, 51]
94: [45, 70, 51, 52, 53]
95: [91]
96: [81]
97: [52, 53, 45]
98: [52]
99: [52]
100: [52]
101: [52]
102: [52]
103: [52]
104: [52]
105: [70, 52]
106: [45, 70, 52, 53]
107: [91]
108: [81]
109: [53, 45]
110: [53]
111: [53]
112: [53]
113: [53]
114: [53]
115: [53]
116: [53]
117: [70, 53]
118: [45, 70, 53]
119: [91]
120: [81]
121: [45]
122: [45]
123: [45]
124: [45]
125: [45]
126: [45]
127: [45]
128: [45]
129: [45, 70]
130: [45, 70]
131: [91]
132: [81]
133: [81]
134: [81]
135: [81]
136: [81]
137: [81]
138: [81]
139: [81]
140: [81]
141: [81]
142: [81, 91]
143: [91]
23
0: [92, 71]
1: [71, 92, 82]
2: [71, 92, 83, 82]
3: [71, 92, 84, 83, 82]
4: [71, 92, 85, 84, 83, 82]
5: [71, 92, 86, 85, 84, 83, 82]
6: [71, 92, 87, 86, 85, 84, 83, 82]
7: [71, 92, 88, 87, 86, 85, 84, 83, 82]
8: [71, 92, 89, 88, 87, 86, 85, 84, 83, 82]
9: [71, 92, 90, 89, 88, 87, 86, 85, 84, 83, 82]
10: [71, 91, 92, 90, 89, 88, 87, 86, 85, 84, 83, 82]
11: [71, 91, 92, 90, 89, 88, 87, 86, 85, 84, 83, 82]
12: [92, 93, 71]
13: [92, 93, 82]
14: [92, 93, 83]
15: [92, 93, 84]
16: [92, 93, 85]
17: [92, 93, 86]
18: [92, 93, 87]
19: [92, 93, 88]
20: [92, 93, 89]
21: [92, 90, 93]
22: [92, 91, 93]
23: []
24: [93, 71]
25: [93, 82]
26: [93, 83]
27: [93, 84]
28: [93, 85]
29: [93, 86]
30: [93, 87]
31: [93, 88]
32: [93, 89]
33: [93, 90]
34: [93, 91]
35: [82, 83, 84, 85, 86, 87, 88, 89, 90, 91, 93, 71]
36: [71]
37: [82]
38: [83]
39: [84]
40: [85]
41: [86]
42: [87]
43: [88]
44: [89]
45: [90]
46: [91]
47: [82, 83, 84, 85, 86, 87, 88, 89, 90, 91, 71]
48: [71]
49: [82]
50: [83]
51: [84]
52: [85]
53: [86]
54: [87]
55: [88]
56: [89]
57: [90]
58: [91]
59: [82, 83, 84, 85, 86, 87, 88, 89, 90, 91, 71]
60: [71]
61: [82]
62: [83]
63: [84]
64: [85]
65: [86]
66: [87]
67: [88]
68: [89]
69: [90]
70: [91]
71: [82, 83, 84, 85, 86, 87, 88, 89, 90, 91, 71]
72: [71]
73: [82]
74: [83]
75: [84]
76: [85]
77: [86]
78: [87]
79: [88]
80: [89]
81: [90]
82: [91]
83: [82, 83, 84, 85, 86, 87, 88, 89, 90, 91, 71]
84: [71]
85: [82]
86: [83]
87: [84]
88: [85]
89: [86]
90: [87]
91: [88]
92: [89]
93: [90]
94: [91]
95: [82, 83, 84, 85, 86, 87, 88, 89, 90, 91, 71]
96: [71]
97: [82]
98: [83]
99: [84]
100: [85]
101: [86]
102: [87]
103: [88]
104: [89]
105: [90]
106: [91]
107: [82, 83, 84, 85, 86, 87, 88, 89, 90, 91, 71]
108: [71]
109: [82]
110: [83]
111: [84]
112: [85]
113: [86]
114: [87]
115: [88]
116: [89]
117: [90]
118: [91]
119: [82, 83, 84, 85, 86, 87, 88, 89, 90, 91, 71]
120: [71]
121: [82]
122: [83]
123: [84]
124: [85]
125: [86]
126: [87]
127: [88]
128: [89]
129: [90]
130: [91]
131: [82, 83, 84, 85, 86, 87, 88, 89, 90, 91, 71]
132: [71]
133: [82, 71]
134: [82, 83, 71]
135: [82, 83, 84, 71]
136: [82, 83, 84, 85, 71]
137: [82, 83, 84, 85, 86, 71]
138: [82, 83, 84, 85, 86, 87, 71]
139: [82, 83, 84, 85, 86, 87, 88, 71]
140: [82, 83, 84, 85, 86, 87, 88, 89, 71]
141: [82, 83, 84, 85, 86, 87, 88, 89, 90, 71]
142: [82, 83, 84, 85, 86, 87, 88, 89, 90, 91, 71]
143: [82, 83, 84, 85, 86, 87, 88, 89, 90, 91, 71]
24
0: [72, 73, 74, 75, 76, 77, 78, 79, 80, 81, 71]
1: [72, 73, 74, 75, 76, 77, 78, 79, 80, 81, 71]
2: [73, 74, 75, 76, 77, 78, 79, 80, 81, 71]
3: [74, 75, 76, 77, 78, 79, 80, 81, 71]
4: [75, 76, 77, 78, 79, 80, 81, 71]
5: [76, 77, 78, 79, 80, 81, 71]
6: [77, 78, 79, 80, 81, 71]
7: [80, 81, 78, 79, 71]
8: [80, 81, 79, 71]
9: [80, 81, 71]
10: [81, 71]
11: [71]
12: [72, 73, 74, 75, 76, 77, 78, 79, 80, 81, 93, 71]
13: [93, 72]
14: [93, 73]
15: [93, 74]
16: [93, 75]
17: [93, 76]
18: [93, 77]
19: [93, 78]
20: [93, 79]
21: [93, 80]
22: [93, 81]
23: [93, 71]
24: []
25: [94, 72, 93]
26: [94, 73, 93]
27: [94, 74, 93]
28: [94, 75, 93]
29: [94, 76, 93]
30: [94, 77, 93]
31: [94, 78, 93]
32: [94, 79, 93]
33: [94, 80, 93]
34: [94, 81, 93]
35: [94, 93, 71]
36: [71, 72, 94, 73, 74, 75, 76, 77, 78, 79, 80, 81]
37: [72, 94]
38: [73, 94]
39: [74, 94]
40: [75, 94]
41: [76, 94]
42: [77, 94]
43: [78, 94]
44: [79, 94]
45: [80, 94]
46: [94, 81]
47: [94, 71]
48: [71, 72, 73, 74, 75, 76, 77, 78, 79, 80, 81]
49: [72]
50: [73]
51: [74]
52: [75]
53: [76]
54: [77]
55: [78]
56: [79]
57: [80]
58: [81]
59: [71]
60: [71, 72, 73, 74, 75, 76, 77, 78, 79, 80, 81]
61: [72]
62: [73]
63: [74]
64: [75]
65: [76]
66: [77]
67: [78]
68: [79]
69: [80]
70: [81]
71: [71]
72: [71, 72, 73, 74, 75, 76, 77, 78, 79, 80, 81]
73: [72]
74: [73]
75: [74]
76: [75]
77: [76]
78: [77]
79: [78]
80: [79]
81: [80]
82: [81]
83: [71]
84: [71, 72, 73, 74, 75, 76, 77, 78, 79, 80, 81]
85: [72]
86: [73]
87: [74]
88: [75]
89: [76]
90: [77]
91: [78]
92: [79]
93: [80]
94: [81]
95: [71]
96: [71, 72, 73, 74, 75, 76, 77, 78, 79, 80, 81]
97: [72]
98: [73]
99: [74]
100: [75]
101: [76]
102: [77]
103: [78]
104: [79]
105: [80]
106: [81]
107: [71]
108: [71, 72, 73, 74, 75, 76, 77, 78, 79, 80, 81]
109: [72]
110: [73]
111: [74]
112: [75]
113: [76]
114: [77]
115: [78]
116: [79]
117: [80]
118: [81]
119: [71]
120: [71, 72, 73, 74, 75, 76, 77, 78, 79, 80, 81]
121: [72]
122: [73]
123: [74]
124: [75]
125: [76]
126: [77]
127: [78]
128: [79]
129: [80]
130: [81]
131: [71]
132: [71, 72, 73, 74, 75, 76, 77, 78, 79, 80, 81]
133: [71, 72, 73, 74, 75, 76, 77, 78, 79, 80, 81]
134: [71, 73, 74, 75, 76, 77, 78, 79, 80, 81]
135: [71, 74, 75, 76, 77, 78, 79, 80, 81]
136: [71, 75, 76, 77, 78, 79, 80, 81]
137: [71, 76, 77, 78, 79, 80, 81]
138: [71, 77, 78, 79, 80, 81]
139: [71, 78, 79, 80, 81]
140: [71, 79, 80, 81]
141: [71, 80, 81]
142: [71, 81]
143: [71]
25
0: [72]
1: [82, 72]
2: [82]
3: [82]
4: [82]
5: [82]
6: [82]
7: [82]
8: [82]
9: [82]
10: [82]
11: [82]
12: [93, 72]
13: [45, 62, 46, 47, 48, 49, 50, 51, 52, 53]
14: [45, 62, 46, 47, 48, 49, 50, 51, 52, 53]
15: [45, 46, 47, 48, 49, 50, 51, 52, 53]
16: [45, 46, 47, 48, 49, 50, 51, 52, 53]
17: [45, 46, 47, 48, 49, 50, 51, 52, 53]
18: [45, 46, 47, 48, 49, 50, 51, 52, 53]
19: [45, 46, 47, 48, 49, 50, 51, 52, 53]
20: [45, 46, 47, 48, 49, 50, 51, 52, 53]
21: [45, 46, 47, 48, 49, 50, 51, 52, 53]
22: [45, 46, 47, 48, 49, 50, 51, 52, 53]
23: [82, 93]
24: [93, 72, 94]
25: []
26: [46, 62, 54]
27: [46, 54]
28: [46, 54]
29: [46, 54]
30: [46, 54]
31: [46, 54]
32: [46, 54]
33: [46, 54]
34: [46, 45, 47, 48, 49, 50, 51, 52, 53, 54]
35: [94, 82, 93]
36: [72, 94]
37: [47, 48, 49, 50, 51, 52, 53, 54, 62, 45]
38: [47, 62]
39: [47]
40: [47]
41: [47]
42: [47]
43: [47]
44: [47]
45: [47]
46: [47, 48, 45, 49, 50, 51, 52, 53, 54]
47: [94, 82]
48: [72]
49: [48, 49, 50, 51, 52, 53, 54, 62, 45]
50: [48, 62]
51: [48]
52: [48]
53: [48]
54: [48]
55: [48]
56: [48]
57: [48]
58: [48, 49, 45, 50, 51, 52, 53, 54]
59: [82]
60: [72]
61: [49, 50, 51, 52, 53, 54, 62, 45]
62: [49, 62]
63: [49]
64: [49]
65: [49]
66: [49]
67: [49]
68: [49]
69: [49]
70: [49, 50, 45, 51, 52, 53, 54]
71: [82]
72: [72]
73: [50, 51, 52, 53, 54, 62, 45]
74: [50, 62]
75: [50]
76: [50]
77: [50]
78: [50]
79: [50]
80: [50]
81: [50]
82: [50, 51, 45, 52, 53, 54]
83: [82]
84: [72]
85: [51, 52, 53, 54, 62, 45]
86: [51, 62]
87: [51]
88: [51]
89: [51]
90: [51]
91: [51]
92: [51]
93: [51]
94: [51, 52, 45, 53, 54]
95: [82]
96: [72]
97: [62, 52, 53, 54, 45]
98: [52, 62]
99: [52]
100: [52]
101: [52]
102: [52]
103: [52]
104: [52]
105: [52]
106: [52, 53, 45, 54]
107: [82]
108: [72]
109: [62, 53, 54, 45]
110: [53, 62]
111: [53]
112: [53]
113: [53]
114: [53]
115: [53]
116: [53]
117: [53]
118: [53, 45, 54]
119: [82]
120: [72]
121: [62, 54, 45]
122: [62, 54, 45]
123: [54, 45]
124: [54, 45]
125: [54, 45]
126: [54, 45]
127: [54, 45]
128: [54, 45]
129: [54, 45]
130: [54, 45]
131: [82]
132: [72]
133: [72, 82]
134: [82]
135: [82]
136: [82]
137: [82]
138: [82]
139: [82]
140: [82]
141: [82]
142: [82]
143: [82]
26
0: [73]
1: [73]
2: [83, 73]
3: [83]
4: [83]
5: [83]
6: [83]
7: [83]
8: [83]
9: [83]
10: [83]
11: [83]
12: [93, 73]
13: [62, 46]
14: [62, 46, 63]
15: [46, 63]
16: [46]
17: [46]
18: [46]
19: [46]
20: [46]
21: [46]
22: [46]
23: [83, 93]
24: [93, 73, 94]
25: [54, 62, 46]
26: []
27: [38, 26, 27, 28, 29, 30, 31, 25]
28: [38, 27, 28, 29, 30, 31, 25]
29: [38, 28, 29, 30, 31, 25]
30: [38, 29, 30, 31, 25]
31: [38, 30, 31, 25]
32: [38, 31, 25]
33: [38, 25]
34: [46, 54]
35: [94, 83, 93]
36: [73, 94]
37: [54, 62]
38: [25, 26, 38, 27, 28, 29, 30, 31]
39: [26, 38]
40: [27, 38]
41: [28, 38]
42: [29, 38]
43: [30, 38]
44: [31, 38]
45: [38, 25]
46: [54]
47: [94, 83]
48: [73]
49: [54, 62]
50: [25, 26, 27, 28, 29, 30, 31]
51: [26]
52: [27]
53: [28]
54: [29]
55: [30]
56: [31]
57: [25]
58: [54]
59: [83]
60: [73]
61: [54, 62]
62: [25, 26, 27, 28, 29, 30, 31]
63: [26]
64: [27]
65: [28]
66: [29]
67: [30]
68: [31]
69: [25]
70: [54]
71: [83]
72: [73]
73: [54, 62]
74: [25, 26, 27, 28, 29, 30, 31]
75: [26]
76: [27]
77: [28]
78: [29]
79: [30]
80: [31]
81: [25]
82: [54]
83: [83]
84: [73]
85: [54, 62]
86: [25, 26, 27, 28, 29, 30, 31]
87: [26]
88: [27]
89: [28]
90: [29]
91: [30]
92: [31]
93: [25]
94: [54]
95: [83]
96: [73]
97: [54, 62]
98: [25, 26, 27, 28, 29, 30, 31]
99: [26]
100: [27]
101: [28]
102: [29]
103: [30]
104: [31]
105: [25]
106: [54]
107: [83]
108: [73]
109: [54, 62]
110: [25, 26, 27, 28, 29, 30, 31]
111: [25, 26, 27, 28, 29, 30, 31]
112: [25, 27, 28, 29, 30, 31]
113: [25, 28, 29, 30, 31]
114: [25, 29, 30, 31]
115: [25, 30, 31]
116: [25, 31]
117: [25]
118: [54]
119: [83]
120: [73]
121: [54, 62]
122: [63, 54, 62]
123: [63, 54]
124: [54]
125: [54]
126: [54]
127: [54]
128: [54]
129: [54]
130: [54]
131: [83]
132: [73]
133: [73]
134: [73, 83]
135: [83]
136: [83]
137: [83]
138: [83]
139: [83]
140: [83]
141: [83]
142: [83]
143: [83]
27
0: [74]
1: [74]
2: [74]
3: [84, 74]
4: [84]
5: [84]
6: [84]
7: [84]
8: [84]
9: [84]
10: [84]
11: [84]
12: [93, 74]
13: [46]
14: [63, 46]
15: [63, 46, 64]
16: [46, 64]
17: [46]
18: [46]
19: [46]
20: [46]
21: [46]
22: [46]
23: [84, 93]
24: [93, 74, 94]
25: [54, 46]
26: [25, 26, 38, 27, 28, 29, 30, 31]
27: []
28: [32, 38, 27, 28, 29, 30, 31, 25]
29: [32, 38, 28, 29, 30, 31, 25]
30: [32, 38, 29, 30, 31, 25]
31: [32, 38, 30, 31, 25]
32: [32, 38, 31, 25]
33: [32, 38, 25]
34: [46, 54]
35: [94, 84, 93]
36: [74, 94]
37: [54]
38: [25, 26, 38, 27, 28, 29, 30, 31]
39: [26, 38, 32]
40: [27, 38]
41: [28, 38]
42: [29, 38]
43: [30, 38]
44: [31, 38]
45: [32, 38, 25]
46: [54]
47: [94, 84]
48: [74]
49: [54]
50: [25, 26, 27, 28, 29, 30, 31]
51: [26, 32]
52: [27]
53: [28]
54: [29]
55: [30]
56: [31]
57: [32, 25]
58: [54]
59: [84]
60: [74]
61: [54]
62: [25, 26, 27, 28, 29, 30, 31]
63: [26, 32]
64: [27]
65: [28]
66: [29]
67: [30]
68: [31]
69: [32, 25]
70: [54]
71: [84]
72: [74]
73: [54]
74: [25, 26, 27, 28, 29, 30, 31]
75: [26, 32]
76: [27]
77: [28]
78: [29]
79: [30]
80: [31]
81: [32, 25]
82: [54]
83: [84]
84: [74]
85: [54]
86: [25, 26, 27, 28, 29, 30, 31]
87: [26, 32]
88: [27]
89: [28]
90: [29]
91: [30]
92: [31]
93: [32, 25]
94: [54]
95: [84]
96: [74]
97: [54]
98: [25, 26, 27, 28, 29, 30, 31]
99: [26, 32]
100: [27]
101: [28]
102: [29]
103: [30]
104: [31]
105: [32, 25]
106: [54]
107: [84]
108: [74]
109: [54]
110: [25, 26, 27, 28, 29, 30, 31]
111: [26, 25, 27, 28, 29, 30, 31, 32]
112: [27, 25, 28, 29, 30, 31, 32]
113: [28, 25, 29, 30, 31, 32]
114: [29, 25, 30, 31, 32]
115: [30, 25, 31, 32]
116: [31, 32, 25]
117: [32, 25]
118: [54]
119: [84]
120: [74]
121: [54]
122: [54, 63]
123: [64, 54, 63]
124: [64, 54]
125: [54]
126: [54]
127: [54]
128: [54]
129: [54]
130: [54]
131: [84]
132: [74]
133: [74]
134: [74]
135: [74, 84]
136: [84]
137: [84]
138: [84]
139: [84]
140: [84]
141: [84]
142: [84]
143: [84]
28
0: [75]
1: [75]
2: [75]
3: [75]
4: [85, 75]
5: [85]
6: [85]
7: [85]
8: [85]
9: [85]
10: [85]
11: [85]
12: [93, 75]
13: [46]
14: [46]
15: [64, 46]
16: [64, 46, 65]
17: [46, 65]
18: [46]
19: [46]
20: [46]
21: [46]
22: [46]
23: [85, 93]
24: [93, 94, 75]
25: [54, 46]
26: [25, 38, 27, 28, 29, 30, 31]
27: [25, 38, 27, 28, 29, 30, 32, 31]
28: []
29: [32, 33, 38, 28, 29, 30, 31, 25]
30: [32, 33, 38, 29, 30, 31, 25]
31: [32, 33, 38, 30, 31, 25]
32: [32, 33, 38, 31, 25]
33: [32, 33, 38, 25]
34: [46, 54]
35: [94, 85, 93]
36: [94, 75]
37: [54]
38: [25, 38, 27, 28, 29, 30, 31]
39: [38, 32]
40: [27, 38, 33]
41: [28, 38]
42: [29, 38]
43: [30, 38]
44: [31, 38]
45: [32, 33, 38, 25]
46: [54]
47: [94, 85]
48: [75]
49: [54]
50: [25, 27, 28, 29, 30, 31]
51: [32]
52: [27, 33]
53: [28]
54: [29]
55: [30]
56: [31]
57: [32, 33, 25]
58: [54]
59: [85]
60: [75]
61: [54]
62: [25, 27, 28, 29, 30, 31]
63: [32]
64: [27, 33]
65: [28]
66: [29]
67: [30]
68: [31]
69: [32, 33, 25]
70: [54]
71: [85]
72: [75]
73: [54]
74: [25, 27, 28, 29, 30, 31]
75: [32]
76: [27, 33]
77: [28]
78: [29]
79: [30]
80: [31]
81: [32, 33, 25]
82: [54]
83: [85]
84: [75]
85: [54]
86: [25, 27, 28, 29, 30, 31]
87: [32]
88: [27, 33]
89: [28]
90: [29]
91: [30]
92: [31]
93: [32, 33, 25]
94: [54]
95: [85]
96: [75]
97: [54]
98: [25, 27, 28, 29, 30, 31]
99: [32]
100: [27, 33]
101: [28]
102: [29]
103: [30]
104: [31]
105: [32, 33, 25]
106: [54]
107: [85]
108: [75]
109: [54]
110: [25, 27, 28, 29, 30, 31]
111: [27, 25, 28, 29, 30, 31, 32]
112: [27, 28, 25, 29, 30, 31, 32, 33]
113: [28, 29, 25, 30, 31, 32, 33]
114: [29, 30, 25, 31, 32, 33]
115: [30, 31, 32, 25, 33]
116: [31, 32, 33, 25]
117: [32, 33, 25]
118: [54]
119: [85]
120: [75]
121: [54]
122: [54]
123: [64, 54]
124: [65, 64, 54]
125: [65, 54]
126: [54]
127: [54]
128: [54]
129: [54]
130: [54]
131: [85]
132: [75]
133: [75]
134: [75]
135: [75]
136: [75, 85]
137: [85]
138: [85]
139: [85]
140: [85]
141: [85]
142: [85]
143: [85]
29
0: [76]
1: [76]
2: [76]
3: [76]
4: [76]
5: [86, 76]
6: [86]
7: [86]
8: [86]
9: [86]
10: [86]
11: [86]
12: [93, 76]
13: [46]
14: [46]
15: [46]
16: [65, 46]
17: [65, 46, 66]
18: [46, 66]
19: [46]
20: [46]
21: [46]
22: [46]
23: [86, 93]
24: [93, 94, 76]
25: [54, 46]
26: [25, 38, 28, 29, 30, 31]
27: [25, 38, 28, 29, 30, 32, 31]
28: [25, 38, 28, 29, 33, 30, 32, 31]
29: []
30: [32, 33, 34, 38, 29, 30, 31, 25]
31: [32, 33, 34, 38, 30, 31, 25]
32: [32, 33, 34, 38, 31, 25]
33: [32, 33, 34, 38, 25]
34: [46, 54]
35: [94, 86, 93]
36: [94, 76]
37: [54]
38: [25, 38, 28, 29, 30, 31]
39: [38, 32]
40: [38, 33]
41: [28, 38, 34]
42: [29, 38]
43: [30, 38]
44: [31, 38]
45: [32, 33, 34, 38, 25]
46: [54]
47: [94, 86]
48: [76]
49: [54]
50: [25, 28, 29, 30, 31]
51: [32]
52: [33]
53: [28, 34]
54: [29]
55: [30]
56: [31]
57: [32, 33, 34, 25]
58: [54]
59: [86]
60: [76]
61: [54]
62: [25, 28, 29, 30, 31]
63: [32]
64: [33]
65: [28, 34]
66: [29]
67: [30]
68: [31]
69: [32, 33, 34, 25]
70: [54]
71: [86]
72: [76]
73: [54]
74: [25, 28, 29, 30, 31]
75: [32]
76: [33]
77: [28, 34]
78: [29]
79: [30]
80: [31]
81: [32, 33, 34, 25]
82: [54]
83: [86]
84: [76]
85: [54]
86: [25, 28, 29, 30, 31]
87: [32]
88: [33]
89: [28, 34]
90: [29]
91: [30]
92: [31]
93: [32, 33, 34, 25]
94: [54]
95: [86]
96: [76]
97: [54]
98: [25, 28, 29, 30, 31]
99: [32]
100: [33]
101: [28, 34]
102: [29]
103: [30]
104: [31]
105: [32, 33, 34, 25]
106: [54]
107: [86]
108: [76]
109: [54]
110: [25, 28, 29, 30, 31]
111: [28, 25, 29, 30, 31, 32]
112: [28, 29, 25, 30, 31, 32, 33]
113: [28, 29, 30, 25, 31, 32, 33, 34]
114: [29, 30, 31, 32, 25, 34, 33]
115: [30, 31, 32, 33, 34, 25]
116: [31, 32, 33, 34, 25]
117: [32, 33, 34, 25]
118: [54]
119: [86]
120: [76]
121: [54]
122: [54]
123: [54]
124: [65, 54]
125: [66, 65, 54]
126: [66, 54]
127: [54]
128: [54]
129: [54]
130: [54]
131: [86]
132: [76]
133: [76]
134: [76]
135: [76]
136: [76]
137: [76, 86]
138: [86]
139: [86]
140: [86]
141: [86]
142: [86]
143: [86]
30
0: [77]
1: [77]
2: [77]
3: [77]
4: [77]
5: [77]
6: [87, 77]
7: [87]
8: [87]
9: [87]
10: [87]
11: [87]
12: [93, 77]
13: [46]
14: [46]
15: [46]
16: [46]
17: [66, 46]
18: [66, 46, 67]
19: [46, 67]
20: [46]
21: [46]
22: [46]
23: [87, 93]
24: [93, 94, 77]
25: [54, 46]
26: [25, 38, 29, 30, 31]
27: [25, 38, 29, 30, 32, 31]
28: [25, 38, 29, 33, 30, 32, 31]
29: [25, 38, 34, 29, 33, 30, 32, 31]
30: []
31: [32, 33, 34, 35, 38, 30, 31, 25]
32: [32, 33, 34, 35, 38, 31, 25]
33: [32, 33, 34, 35, 38, 25]
34: [46, 54]
35: [94, 87, 93]
36: [94, 77]
37: [54]
38: [25, 38, 29, 30, 31]
39: [38, 32]
40: [38, 33]
41: [38, 34]
42: [29, 38, 35]
43: [30, 38]
44: [31, 38]
45: [32, 33, 34, 35, 38, 25]
46: [54]
47: [94, 87]
48: [77]
49: [54]
50: [25, 29, 30, 31]
51: [32]
52: [33]
53: [34]
54: [29, 35]
55: [30]
56: [31]
57: [32, 33, 34, 35, 25]
58: [54]
59: [87]
60: [77]
61: [54]
62: [25, 29, 30, 31]
63: [32]
64: [33]
65: [34]
66: [29, 35]
67: [30]
68: [31]
69: [32, 33, 34, 35, 25]
70: [54]
71: [87]
72: [77]
73: [54]
74: [25, 29, 30, 31]
75: [32]
76: [33]
77: [34]
78: [29, 35]
79: [30]
80: [31]
81: [32, 33, 34, 35, 25]
82: [54]
83: [87]
84: [77]
85: [54]
86: [25, 29, 30, 31]
87: [32]
88: [33]
89: [34]
90: [29, 35]
91: [30]
92: [31]
93: [32, 33, 34, 35, 25]
94: [54]
95: [87]
96: [77]
97: [54]
98: [25, 29, 30, 31]
99: [32]
100: [33]
101: [34]
102: [29, 35]
103: [30]
104: [31]
105: [32, 33, 34, 35, 25]
106: [54]
107: [87]
108: [77]
109: [54]
110: [25, 29, 30, 31]
111: [29, 25, 30, 31, 32]
112: [29, 30, 25, 31, 32, 33]
113: [29, 30, 31, 32, 25, 34, 33]
114: [29, 30, 31, 32, 33, 34, 35, 25]
115: [30, 31, 32, 33, 34, 35, 25]
116: [31, 32, 33, 34, 35, 25]
117: [32, 33, 34, 35, 25]
118: [54]
119: [87]
120: [77]
121: [54]
122: [54]
123: [54]
124: [54]
125: [66, 54]
126: [67, 66, 54]
127: [67, 54]
128: [54]
129: [54]
130: [54]
131: [87]
132: [77]
133: [77]
134: [77]
135: [77]
136: [77]
137: [77]
138: [77, 87]
139: [87]
140: [87]
141: [87]
142: [87]
143: [87]
31
0: [78]
1: [78]
2: [78]
3: [78]
4: [78]
5: [78]
6: [78]
7: [88, 78]
8: [88]
9: [88]
10: [88]
11: [88]
12: [93, 78]
13: [46]
14: [46]
15: [46]
16: [46]
17: [46]
18: [67, 46]
19: [67, 46, 68]
20: [46, 68]
21: [46]
22: [46]
23: [88, 93]
24: [93, 94, 78]
25: [54, 46]
26: [25, 38, 30, 31]
27: [25, 38, 30, 32, 31]
28: [25, 38, 33, 30, 32, 31]
29: [25, 38, 34, 33, 30, 32, 31]
30: [25, 38, 35, 34, 33, 30, 32, 31]
31: []
32: [32, 33, 34, 35, 36, 38, 31, 25]
33: [32, 33, 34, 35, 36, 38, 25]
34: [46, 54]
35: [94, 88, 93]
36: [94, 78]
37: [54]
38: [25, 38, 30, 31]
39: [38, 32]
40: [38, 33]
41: [38, 34]
42: [38, 35]
43: [30, 38, 36]
44: [31, 38]
45: [32, 33, 34, 35, 36, 38, 25]
46: [54]
47: [94, 88]
48: [78]
49: [54]
50: [25, 30, 31]
51: [32]
52: [33]
53: [34]
54: [35]
55: [30, 36]
56: [31]
57: [32, 33, 34, 35, 36, 25]
58: [54]
59: [88]
60: [78]
61: [54]
62: [25, 30, 31]
63: [32]
64: [33]
65: [34]
66: [35]
67: [30, 36]
68: [31]
69: [32, 33, 34, 35, 36, 25]
70: [54]
71: [88]
72: [78]
73: [54]
74: [25, 30, 31]
75: [32]
76: [33]
77: [34]
78: [35]
79: [30, 36]
80: [31]
81: [32, 33, 34, 35, 36, 25]
82: [54]
83: [88]
84: [78]
85: [54]
86: [25, 30, 31]
87: [32]
88: [33]
89: [34]
90: [35]
91: [30, 36]
92: [31]
93: [32, 33, 34, 35, 36, 25]
94: [54]
95: [88]
96: [78]
97: [54]
98: [25, 30, 31]
99: [32]
100: [33]
101: [34]
102: [35]
103: [30, 36]
104: [31]
105: [32, 33, 34, 35, 36, 25]
106: [54]
107: [88]
108: [78]
109: [54]
110: [25, 30, 31]
111: [30, 25, 31, 32]
112: [30, 31, 32, 25, 33]
113: [30, 31, 32, 33, 34, 25]
114: [30, 31, 32, 33, 34, 35, 25]
115: [30, 31, 32, 33, 34, 35, 36, 25]
116: [31, 32, 33, 34, 35, 36, 25]
117: [32, 33, 34, 35, 36, 25]
118: [54]
119: [88]
120: [78]
121: [54]
122: [54]
123: [54]
124: [54]
125: [54]
126: [67, 54]
127: [68, 67, 54]
128: [68, 54]
129: [54]
130: [54]
131: [88]
132: [78]
133: [78]
134: [78]
135: [78]
136: [78]
137: [78]
138: [78]
139: [78, 88]
140: [88]
141: [88]
142: [88]
143: [88]
32
0: [79]
1: [79]
2: [79]
3: [79]
4: [79]
5: [79]
6: [79]
7: [79]
8: [89, 79]
9: [89]
10: [89]
11: [89]
12: [93, 79]
13: [46]
14: [46]
15: [46]
16: [46]
17: [46]
18: [46]
19: [68, 46]
20: [68, 46, 69]
21: [46, 69]
22: [46]
23: [89, 93]
24: [93, 94, 79]
25: [54, 46]
26: [25, 38, 31]
27: [25, 38, 32, 31]
28: [25, 38, 33, 32, 31]
29: [25, 38, 34, 33, 32, 31]
30: [25, 38, 35, 34, 33, 32, 31]
31: [25, 38, 36, 35, 34, 33, 32, 31]
32: []
33: [32, 33, 34, 35, 36, 37, 38, 25]
34: [46, 54]
35: [94, 89, 93]
36: [94, 79]
37: [54]
38: [25, 38, 31]
39: [38, 32]
40: [38, 33]
41: [38, 34]
42: [38, 35]
43: [38, 36]
44: [31, 38, 37]
45: [32, 33, 34, 35, 36, 37, 38, 25]
46: [54]
47: [94, 89]
48: [79]
49: [54]
50: [25, 31]
51: [32]
52: [33]
53: [34]
54: [35]
55: [36]
56: [31, 37]
57: [32, 33, 34, 35, 36, 37, 25]
58: [54]
59: [89]
60: [79]
61: [54]
62: [25, 31]
63: [32]
64: [33]
65: [34]
66: [35]
67: [36]
68: [31, 37]
69: [32, 33, 34, 35, 36, 37, 25]
70: [54]
71: [89]
72: [79]
73: [54]
74: [25, 31]
75: [32]
76: [33]
77: [34]
78: [35]
79: [36]
80: [31, 37]
81: [32, 33, 34, 35, 36, 37, 25]
82: [54]
83: [89]
84: [79]
85: [54]
86: [25, 31]
87: [32]
88: [33]
89: [34]
90: [35]
91: [36]
92: [31, 37]
93: [32, 33, 34, 35, 36, 37, 25]
94: [54]
95: [89]
96: [79]
97: [54]
98: [25, 31]
99: [32]
100: [33]
101: [34]
102: [35]
103: [36]
104: [31, 37]
105: [32, 33, 34, 35, 36, 37, 25]
106: [54]
107: [89]
108: [79]
109: [54]
110: [25, 31]
111: [31, 32, 25]
112: [31, 32, 33, 25]
113: [31, 32, 33, 34, 25]
114: [31, 32, 33, 34, 35, 25]
115: [31, 32, 33, 34, 35, 36, 25]
116: [31, 32, 33, 34, 35, 36, 37, 25]
117: [32, 33, 34, 35, 36, 37, 25]
118: [54]
119: [89]
120: [79]
121: [54]
122: [54]
123: [54]
124: [54]
125: [54]
126: [54]
127: [68, 54]
128: [69, 68, 54]
129: [69, 54]
130: [54]
131: [89]
132: [79]
133: [79]
134: [79]
135: [79]
136: [79]
137: [79]
138: [79]
139: [79]
140: [79, 89]
141: [89]
142: [89]
143: [89]
33
0: [80]
1: [80]
2: [80]
3: [80]
4: [80]
5: [80]
6: [80]
7: [80]
8: [80]
9: [90, 80]
10: [90]
11: [90]
12: [93, 80]
13: [46]
14: [46]
15: [46]
16: [46]
17: [46]
18: [46]
19: [46]
20: [69, 46]
21: [69, 46, 70]
22: [46, 70]
23: [90, 93]
24: [93, 94, 80]
25: [54, 46]
26: [25, 38]
27: [25, 38, 32]
28: [25, 38, 33, 32]
29: [25, 38, 34, 33, 32]
30: [25, 38, 35, 34, 33, 32]
31: [25, 38, 36, 35, 34, 33, 32]
32: [25, 37, 38, 36, 35, 34, 33, 32]
33: []
34: [46, 70, 54]
35: [94, 90, 93]
36: [94, 80]
37: [54]
38: [25, 38]
39: [38, 32]
40: [38, 33]
41: [38, 34]
42: [38, 35]
43: [38, 36]
44: [38, 37]
45: [32, 33, 34, 35, 36, 37, 38, 25]
46: [70, 54]
47: [94, 90]
48: [80]
49: [54]
50: [25]
51: [32]
52: [33]
53: [34]
54: [35]
55: [36]
56: [37]
57: [32, 33, 34, 35, 36, 37, 25]
58: [70, 54]
59: [90]
60: [80]
61: [54]
62: [25]
63: [32]
64: [33]
65: [34]
66: [35]
67: [36]
68: [37]
69: [32, 33, 34, 35, 36, 37, 25]
70: [70, 54]
71: [90]
72: [80]
73: [54]
74: [25]
75: [32]
76: [33]
77: [34]
78: [35]
79: [36]
80: [37]
81: [32, 33, 34, 35, 36, 37, 25]
82: [70, 54]
83: [90]
84: [80]
85: [54]
86: [25]
87: [32]
88: [33]
89: [34]
90: [35]
91: [36]
92: [37]
93: [32, 33, 34, 35, 36, 37, 25]
94: [70, 54]
95: [90]
96: [80]
97: [54]
98: [25]
99: [32]
100: [33]
101: [34]
102: [35]
103: [36]
104: [37]
105: [32, 33, 34, 35, 36, 37, 25]
106: [70, 54]
107: [90]
108: [80]
109: [54]
110: [25]
111: [32, 25]
112: [32, 33, 25]
113: [32, 33, 34, 25]
114: [32, 33, 34, 35, 25]
115: [32, 33, 34, 35, 36, 25]
116: [32, 33, 34, 35, 36, 37, 25]
117: [32, 33, 34, 35, 36, 37, 25]
118: [70, 54]
119: [90]
120: [80]
121: [54]
122: [54]
123: [54]
124: [54]
125: [54]
126: [54]
127: [54]
128: [69, 54]
129: [70, 69, 54]
130: [70, 54]
131: [90]
132: [80]
133: [80]
134: [80]
135: [80]
136: [80]
137: [80]
138: [80]
139: [80]
140: [80]
141: [80, 90]
142: [90]
143: [90]
34
0: [81]
1: [81]
2: [81]
3: [81]
4: [81]
5: [81]
6: [81]
7: [81]
8: [81]
9: [81]
10: [91, 81]
11: [91]
12: [93, 81]
13: [46, 47, 48, 49, 50, 51, 52, 53, 45]
14: [46, 47, 48, 49, 50, 51, 52, 53, 45]
15: [46, 47, 48, 49, 50, 51, 52, 53, 45]
16: [46, 47, 48, 49, 50, 51, 52, 53, 45]
17: [46, 47, 48, 49, 50, 51, 52, 53, 45]
18: [46, 47, 48, 49, 50, 51, 52, 53, 45]
19: [46, 47, 48, 49, 50, 51, 52, 53, 45]
20: [46, 47, 48, 49, 50, 51, 52, 53, 45]
21: [70, 46, 47, 48, 49, 50, 51, 52, 53, 45]
22: [70, 46, 47, 48, 49, 50, 51, 52, 53, 45]
23: [91, 93]
24: [93, 94, 81]
25: [54, 46, 47, 48, 49, 50, 51, 52, 53, 45]
26: [54, 46]
27: [54, 46]
28: [54, 46]
29: [54, 46]
30: [54, 46]
31: [54, 46]
32: [54, 46]
33: [54, 70, 46]
34: []
35: [94, 91, 93]
36: [94, 81]
37: [54, 47, 48, 49, 50, 51, 52, 53, 45]
38: [47]
39: [47]
40: [47]
41: [47]
42: [47]
43: [47]
44: [47]
45: [70, 47]
46: [45, 70, 47, 48, 49, 50, 51, 52, 53, 54]
47: [94, 91]
48: [81]
49: [54, 48, 49, 50, 51, 52, 53, 45]
50: [48]
51: [48]
52: [48]
53: [48]
54: [48]
55: [48]
56: [48]
57: [70, 48]
58: [45, 70, 48, 49, 50, 51, 52, 53, 54]
59: [91]
60: [81]
61: [54, 49, 50, 51, 52, 53, 45]
62: [49]
63: [49]
64: [49]
65: [49]
66: [49]
67: [49]
68: [49]
69: [70, 49]
70: [45, 70, 49, 50, 51, 52, 53, 54]
71: [91]
72: [81]
73: [54, 50, 51, 52, 53, 45]
74: [50]
75: [50]
76: [50]
77: [50]
78: [50]
79: [50]
80: [50]
81: [70, 50]
82: [45, 70, 50, 51, 52, 53, 54]
83: [91]
84: [81]
85: [54, 51, 52, 53, 45]
86: [51]
87: [51]
88: [51]
89: [51]
90: [51]
91: [51]
92: [51]
93: [70, 51]
94: [45, 70, 51, 52, 53, 54]
95: [91]
96: [81]
97: [54, 52, 53, 45]
98: [52]
99: [52]
100: [52]
101: [52]
102: [52]
103: [52]
104: [52]
105: [70, 52]
106: [45, 70, 52, 53, 54]
107: [91]
108: [81]
109: [54, 53, 45]
110: [53]
111: [53]
112: [53]
113: [53]
114: [53]
115: [53]
116: [53]
117: [70, 53]
118: [45, 70, 53, 54]
119: [91]
120: [81]
121: [45, 54]
122: [45, 54]
123: [45, 54]
124: [45, 54]
125: [45, 54]
126: [45, 54]
127: [45, 54]
128: [45, 54]
129: [45, 70, 54]
130: [45, 70, 54]
131: [91]
132: [81]
133: [81]
134: [81]
135: [81]
136: [81]
137: [81]
138: [81]
139: [81]
140: [81]
141: [81]
142: [81, 91]
143: [91]
35
0: [71]
1: [71, 82]
2: [71, 83, 82]
3: [71, 84, 83, 82]
4: [71, 85, 84, 83, 82]
5: [71, 86, 85, 84, 83, 82]
6: [71, 87, 86, 85, 84, 83, 82]
7: [71, 88, 87, 86, 85, 84, 83, 82]
8: [71, 89, 88, 87, 86, 85, 84, 83, 82]
9: [71, 90, 89, 88, 87, 86, 85, 84, 83, 82]
10: [71, 91, 90, 89, 88, 87, 86, 85, 84, 83, 82]
11: [71, 91, 90, 89, 88, 87, 86, 85, 84, 83, 82]
12: [93, 71]
13: [93, 82]
14: [93, 83]
15: [93, 84]
16: [93, 85]
17: [93, 86]
18: [93, 87]
19: [93, 88]
20: [93, 89]
21: [90, 93]
22: [91, 93]
23: [71, 91, 93, 90, 89, 88, 87, 86, 85, 84, 83, 82]
24: [93, 94, 71]
25: [93, 94, 82]
26: [93, 94, 83]
27: [93, 94, 84]
28: [93, 94, 85]
29: [93, 94, 86]
30: [93, 94, 87]
31: [93, 94, 88]
32: [93, 89, 94]
33: [93, 90, 94]
34: [93, 91, 94]
35: []
36: [94, 71]
37: [94, 82]
38: [94, 83]
39: [94, 84]
40: [94, 85]
41: [94, 86]
42: [94, 87]
43: [94, 88]
44: [94, 89]
45: [94, 90]
46: [94, 91]
47: [82, 83, 84, 85, 86, 87, 88, 89, 90, 91, 94, 71]
48: [71]
49: [82]
50: [83]
51: [84]
52: [85]
53: [86]
54: [87]
55: [88]
56: [89]
57: [90]
58: [91]
59: [82, 83, 84, 85, 86, 87, 88, 89, 90, 91, 71]
60: [71]
61: [82]
62: [83]
63: [84]
64: [85]
65: [86]
66: [87]
67: [88]
68: [89]
69: [90]
70: [91]
71: [82, 83, 84, 85, 86, 87, 88, 89, 90, 91, 71]
72: [71]
73: [82]
74: [83]
75: [84]
76: [85]
77: [86]
78: [87]
79: [88]
80: [89]
81: [90]
82: [91]
83: [82, 83, 84, 85, 86, 87, 88, 89, 90, 91, 71]
84: [71]
85: [82]
86: [83]
87: [84]
88: [85]
89: [86]
90: [87]
91: [88]
92: [89]
93: [90]
94: [91]
95: [82, 83, 84, 85, 86, 87, 88, 89, 90, 91, 71]
96: [71]
97: [82]
98: [83]
99: [84]
100: [85]
101: [86]
102: [87]
103: [88]
104: [89]
105: [90]
106: [91]
107: [82, 83, 84, 85, 86, 87, 88, 89, 90, 91, 71]
108: [71]
109: [82]
110: [83]
111: [84]
112: [85]
113: [86]
114: [87]
115: [88]
116: [89]
117: [90]
118: [91]
119: [82, 83, 84, 85, 86, 87, 88, 89, 90, 91, 71]
120: [71]
121: [82]
122: [83]
123: [84]
124: [85]
125: [86]
126: [87]
127: [88]
128: [89]
129: [90]
130: [91]
131: [82, 83, 84, 85, 86, 87, 88, 89, 90, 91, 71]
132: [71]
133: [82, 71]
134: [82, 83, 71]
135: [82, 83, 84, 71]
136: [82, 83, 84, 85, 71]
137: [82, 83, 84, 85, 86, 71]
138: [82, 83, 84, 85, 86, 87, 71]
139: [82, 83, 84, 85, 86, 87, 88, 71]
140: [82, 83, 84, 85, 86, 87, 88, 89, 71]
141: [82, 83, 84, 85, 86, 87, 88, 89, 90, 71]
142: [82, 83, 84, 85, 86, 87, 88, 89, 90, 91, 71]
143: [82, 83, 84, 85, 86, 87, 88, 89, 90, 91, 71]
36
0: [72, 73, 74, 75, 76, 77, 78, 79, 80, 81, 71]
1: [72, 73, 74, 75, 76, 77, 78, 79, 80, 81, 71]
2: [73, 74, 75, 76, 77, 78, 79, 80, 81, 71]
3: [74, 75, 76, 77, 78, 79, 80, 81, 71]
4: [75, 76, 77, 78, 79, 80, 81, 71]
5: [76, 77, 78, 79, 80, 81, 71]
6: [77, 78, 79, 80, 81, 71]
7: [80, 81, 78, 79, 71]
8: [80, 81, 79, 71]
9: [80, 81, 71]
10: [81, 71]
11: [71]
12: [72, 73, 74, 75, 76, 77, 78, 79, 80, 81, 71]
13: [72]
14: [73]
15: [74]
16: [75]
17: [76]
18: [77]
19: [78]
20: [79]
21: [80]
22: [81]
23: [71]
24: [72, 73, 74, 75, 76, 77, 78, 79, 80, 81, 94, 71]
25: [94, 72]
26: [94, 73]
27: [94, 74]
28: [94, 75]
29: [94, 76]
30: [94, 77]
31: [94, 78]
32: [94, 79]
33: [94, 80]
34: [94, 81]
35: [94, 71]
36: []
37: [95, 72, 94]
38: [95, 73, 94]
39: [95, 74, 94]
40: [95, 75, 94]
41: [95, 76, 94]
42: [95, 77, 94]
43: [95, 78, 94]
44: [95, 79, 94]
45: [95, 80, 94]
46: [95, 94, 81]
47: [95, 94, 71]
48: [71, 72, 95, 73, 74, 75, 76, 77, 78, 79, 80, 81]
49: [72, 95]
50: [73, 95]
51: [74, 95]
52: [75, 95]
53: [76, 95]
54: [77, 95]
55: [78, 95]
56: [95, 79]
57: [95, 80]
58: [95, 81]
59: [95, 71]
60: [71, 72, 73, 74, 75, 76, 77, 78, 79, 80, 81]
61: [72]
62: [73]
63: [74]
64: [75]
65: [76]
66: [77]
67: [78]
68: [79]
69: [80]
70: [81]
71: [71]
72: [71, 72, 73, 74, 75, 76, 77, 78, 79, 80, 81]
73: [72]
74: [73]
75: [74]
76: [75]
77: [76]
78: [77]
79: [78]
80: [79]
81: [80]
82: [81]
83: [71]
84: [71, 72, 73, 74, 75, 76, 77, 78, 79, 80, 81]
85: [72]
86: [73]
87: [74]
88: [75]
89: [76]
90: [77]
91: [78]
92: [79]
93: [80]
94: [81]
95: [71]
96: [71, 72, 73, 74, 75, 76, 77, 78, 79, 80, 81]
97: [72]
98: [73]
99: [74]
100: [75]
101: [76]
102: [77]
103: [78]
104: [79]
105: [80]
106: [81]
107: [71]
108: [71, 72, 73, 74, 75, 76, 77, 78, 79, 80, 81]
109: [72]
110: [73]
111: [74]
112: [75]
113: [76]
114: [77]
115: [78]
116: [79]
117: [80]
118: [81]
119: [71]
120: [71, 72, 73, 74, 75, 76, 77, 78, 79, 80, 81]
121: [72]
122: [73]
123: [74]
124: [75]
125: [76]
126: [77]
127: [78]
128: [79]
129: [80]
130: [81]
131: [71]
132: [71, 72, 73, 74, 75, 76, 77, 78, 79, 80, 81]
133: [71, 72, 73, 74, 75, 76, 77, 78, 79, 80, 81]
134: [71, 73, 74, 75, 76, 77, 78, 79, 80, 81]
135: [71, 74, 75, 76, 77, 78, 79, 80, 81]
136: [71, 75, 76, 77, 78, 79, 80, 81]
137: [71, 76, 77, 78, 79, 80, 81]
138: [71, 77, 78, 79, 80, 81]
139: [71, 78, 79, 80, 81]
140: [71, 79, 80, 81]
141: [71, 80, 81]
142: [71, 81]
143: [71]
37
0: [72]
1: [82, 72]
2: [82]
3: [82]
4: [82]
5: [82]
6: [82]
7: [82]
8: [82]
9: [82]
10: [82]
11: [82]
12: [72]
13: [45, 62, 47, 48, 49, 50, 51, 52, 53]
14: [45, 62, 47, 48, 49, 50, 51, 52, 53]
15: [45, 47, 48, 49, 50, 51, 52, 53]
16: [45, 47, 48, 49, 50, 51, 52, 53]
17: [45, 47, 48, 49, 50, 51, 52, 53]
18: [45, 47, 48, 49, 50, 51, 52, 53]
19: [45, 47, 48, 49, 50, 51, 52, 53]
20: [45, 47, 48, 49, 50, 51, 52, 53]
21: [45, 47, 48, 49, 50, 51, 52, 53]
22: [45, 47, 48, 49, 50, 51, 52, 53]
23: [82]
24: [94, 72]
25: [45, 62, 47, 48, 49, 50, 51, 52, 53, 54]
26: [62, 54]
27: [54]
28: [54]
29: [54]
30: [54]
31: [54]
32: [54]
33: [54]
34: [47, 48, 45, 49, 50, 51, 52, 53, 54]
35: [94, 82]
36: [94, 72, 95]
37: []
38: [47, 62, 55]
39: [47, 55]
40: [47, 55]
41: [47, 55]
42: [47, 55]
43: [47, 55]
44: [47, 55]
45: [47, 55]
46: [47, 48, 49, 45, 50, 51, 52, 53, 54, 55]
47: [95, 94, 82]
48: [72, 95]
49: [48, 49, 50, 51, 52, 53, 54, 55, 62, 45]
50: [48, 62]
51: [48]
52: [48]
53: [48]
54: [48]
55: [48]
56: [48]
57: [48]
58: [48, 49, 50, 45, 51, 52, 53, 54, 55]
59: [95, 82]
60: [72]
61: [49, 50, 51, 52, 53, 54, 55, 62, 45]
62: [49, 62]
63: [49]
64: [49]
65: [49]
66: [49]
67: [49]
68: [49]
69: [49]
70: [49, 50, 51, 45, 52, 53, 54, 55]
71: [82]
72: [72]
73: [50, 51, 52, 53, 54, 55, 62, 45]
74: [50, 62]
75: [50]
76: [50]
77: [50]
78: [50]
79: [50]
80: [50]
81: [50]
82: [50, 51, 52, 45, 53, 54, 55]
83: [82]
84: [72]
85: [51, 52, 53, 54, 55, 62, 45]
86: [51, 62]
87: [51]
88: [51]
89: [51]
90: [51]
91: [51]
92: [51]
93: [51]
94: [51, 52, 53, 45, 54, 55]
95: [82]
96: [72]
97: [52, 53, 54, 55, 62, 45]
98: [52, 62]
99: [52]
100: [52]
101: [52]
102: [52]
103: [52]
104: [52]
105: [52]
106: [52, 53, 45, 54, 55]
107: [82]
108: [72]
109: [62, 53, 54, 55, 45]
110: [53, 62]
111: [53]
112: [53]
113: [53]
114: [53]
115: [53]
116: [53]
117: [53]
118: [53, 54, 55, 45]
119: [82]
120: [72]
121: [62, 54, 55, 45]
122: [62, 54, 55, 45]
123: [54, 55, 45]
124: [54, 55, 45]
125: [54, 55, 45]
126: [54, 55, 45]
127: [54, 55, 45]
128: [54, 55, 45]
129: [54, 55, 45]
130: [54, 55, 45]
131: [82]
132: [72]
133: [72, 82]
134: [82]
135: [82]
136: [82]
137: [82]
138: [82]
139: [82]
140: [82]
141: [82]
142: [82]
143: [82]
38
0: [73]
1: [73]
2: [83, 73]
3: [83]
4: [83]
5: [83]
6: [83]
7: [83]
8: [83]
9: [83]
10: [83]
11: [83]
12: [73]
13: [62, 47]
14: [62, 63, 47]
15: [63, 47]
16: [47]
17: [47]
18: [47]
19: [47]
20: [47]
21: [47]
22: [47]
23: [83]
24: [94, 73]
25: [62, 47]
26: [38, 26, 27, 28, 29, 30, 31, 25]
27: [38, 26, 27, 28, 29, 30, 31, 25]
28: [38, 27, 28, 29, 30, 31, 25]
29: [38, 28, 29, 30, 31, 25]
30: [38, 29, 30, 31, 25]
31: [38, 30, 31, 25]
32: [38, 31, 25]
33: [38, 25]
34: [47]
35: [83, 94]
36: [94, 73, 95]
37: [55, 62, 47]
38: []
39: [39, 26, 38]
40: [39, 27, 38]
41: [39, 28, 38]
42: [39, 29, 38]
43: [39, 30, 38]
44: [39, 31, 38]
45: [39, 38, 25]
46: [47, 55]
47: [95, 83, 94]
48: [73, 95]
49: [55, 62]
50: [25, 26, 39, 27, 28, 29, 30, 31]
51: [26, 39]
52: [27, 39]
53: [28, 39]
54: [29, 39]
55: [30, 39]
56: [39, 31]
57: [39, 25]
58: [55]
59: [95, 83]
60: [73]
61: [55, 62]
62: [25, 26, 27, 28, 29, 30, 31]
63: [26]
64: [27]
65: [28]
66: [29]
67: [30]
68: [31]
69: [25]
70: [55]
71: [83]
72: [73]
73: [55, 62]
74: [25, 26, 27, 28, 29, 30, 31]
75: [26]
76: [27]
77: [28]
78: [29]
79: [30]
80: [31]
81: [25]
82: [55]
83: [83]
84: [73]
85: [55, 62]
86: [25, 26, 27, 28, 29, 30, 31]
87: [26]
88: [27]
89: [28]
90: [29]
91: [30]
92: [31]
93: [25]
94: [55]
95: [83]
96: [73]
97: [55, 62]
98: [25, 26, 27, 28, 29, 30, 31]
99: [26]
100: [27]
101: [28]
102: [29]
103: [30]
104: [31]
105: [25]
106: [55]
107: [83]
108: [73]
109: [55, 62]
110: [25, 26, 27, 28, 29, 30, 31]
111: [25, 26, 27, 28, 29, 30, 31]
112: [25, 27, 28, 29, 30, 31]
113: [25, 28, 29, 30, 31]
114: [25, 29, 30, 31]
115: [25, 30, 31]
116: [25, 31]
117: [25]
118: [55]
119: [83]
120: [73]
121: [55, 62]
122: [63, 55, 62]
123: [63, 55]
124: [55]
125: [55]
126: [55]
127: [55]
128: [55]
129: [55]
130: [55]
131: [83]
132: [73]
133: [73]
134: [73, 83]
135: [83]
136: [83]
137: [83]
138: [83]
139: [83]
140: [83]
141: [83]
142: [83]
143: [83]
39
0: [74]
1: [74]
2: [74]
3: [84, 74]
4: [84]
5: [84]
6: [84]
7: [84]
8: [84]
9: [84]
10: [84]
11: [84]
12: [74]
13: [47]
14: [63, 47]
15: [63, 47, 64]
16: [47, 64]
17: [47]
18: [47]
19: [47]
20: [47]
21: [47]
22: [47]
23: [84]
24: [94, 74]
25: [47]
26: [38, 26]
27: [32, 38, 26]
28: [32, 38]
29: [32, 38]
30: [32, 38]
31: [32, 38]
32: [32, 38]
33: [32, 38]
34: [47]
35: [84, 94]
36: [94, 74, 95]
37: [55, 47]
38: [38, 26, 39]
39: []
40: [11, 12, 20, 13, 14, 15]
41: [11, 12, 13, 14, 15]
42: [11, 12, 13, 14, 15]
43: [11, 12, 13, 14, 15]
44: [11, 12, 13, 14, 15]
45: [39, 32, 38]
46: [47, 55]
47: [95, 84, 94]
48: [74, 95]
49: [55]
50: [26, 39]
51: [12, 13, 14, 15, 20, 11]
52: [12, 20]
53: [12]
54: [12]
55: [12]
56: [11, 12, 13, 14, 15]
57: [39, 32]
58: [55]
59: [95, 84]
60: [74]
61: [55]
62: [26]
63: [20, 13, 14, 15, 11]
64: [13, 20]
65: [13]
66: [13]
67: [13]
68: [11, 13, 14, 15]
69: [32]
70: [55]
71: [84]
72: [74]
73: [55]
74: [26]
75: [20, 14, 15, 11]
76: [14, 20]
77: [14]
78: [14]
79: [14]
80: [11, 14, 15]
81: [32]
82: [55]
83: [84]
84: [74]
85: [55]
86: [26]
87: [20, 15, 11]
88: [15, 20]
89: [15]
90: [15]
91: [15]
92: [11, 15]
93: [32]
94: [55]
95: [84]
96: [74]
97: [55]
98: [26]
99: [20, 11]
100: [20, 11]
101: [11]
102: [11]
103: [11]
104: [11]
105: [32]
106: [55]
107: [84]
108: [74]
109: [55]
110: [26]
111: [26, 32]
112: [32]
113: [32]
114: [32]
115: [32]
116: [32]
117: [32]
118: [55]
119: [84]
120: [74]
121: [55]
122: [55, 63]
123: [64, 55, 63]
124: [64, 55]
125: [55]
126: [55]
127: [55]
128: [55]
129: [55]
130: [55]
131: [84]
132: [74]
133: [74]
134: [74]
135: [74, 84]
136: [84]
137: [84]
138: [84]
139: [84]
140: [84]
141: [84]
142: [84]
143: [84]
40
0: [75]
1: [75]
2: [75]
3: [75]
4: [85, 75]
5: [85]
6: [85]
7: [85]
8: [85]
9: [85]
10: [85]
11: [85]
12: [75]
13: [47]
14: [47]
15: [64, 47]
16: [64, 47, 65]
17: [47, 65]
18: [47]
19: [47]
20: [47]
21: [47]
22: [47]
23: [85]
24: [94, 75]
25: [47]
26: [38, 27]
27: [38, 27]
28: [33, 38, 27]
29: [33, 38]
30: [33, 38]
31: [33, 38]
32: [33, 38]
33: [33, 38]
34: [47]
35: [85, 94]
36: [94, 75, 95]
37: [55, 47]
38: [38, 27, 39]
39: [12, 13, 14, 15, 20, 11]
40: []
41: [11, 12, 21, 13, 14, 15]
42: [11, 12, 13, 14, 15]
43: [11, 12, 13, 14, 15]
44: [11, 12, 13, 14, 15]
45: [39, 33, 38]
46: [47, 55]
47: [95, 85, 94]
48: [75, 95]
49: [55]
50: [27, 39]
51: [12, 13, 14, 15, 20, 11]
52: [21, 12, 20]
53: [12, 21]
54: [12]
55: [12]
56: [11, 12, 13, 14, 15]
57: [39, 33]
58: [55]
59: [95, 85]
60: [75]
61: [55]
62: [27]
63: [20, 13, 14, 15, 11]
64: [21, 13, 20]
65: [13, 21]
66: [13]
67: [13]
68: [11, 13, 14, 15]
69: [33]
70: [55]
71: [85]
72: [75]
73: [55]
74: [27]
75: [20, 14, 15, 11]
76: [21, 14, 20]
77: [14, 21]
78: [14]
79: [14]
80: [11, 14, 15]
81: [33]
82: [55]
83: [85]
84: [75]
85: [55]
86: [27]
87: [20, 15, 11]
88: [21, 15, 20]
89: [21, 15]
90: [15]
91: [15]
92: [11, 15]
93: [33]
94: [55]
95: [85]
96: [75]
97: [55]
98: [27]
99: [20, 11]
100: [21, 20, 11]
101: [21, 11]
102: [11]
103: [11]
104: [11]
105: [33]
106: [55]
107: [85]
108: [75]
109: [55]
110: [27]
111: [27]
112: [27, 33]
113: [33]
114: [33]
115: [33]
116: [33]
117: [33]
118: [55]
119: [85]
120: [75]
121: [55]
122: [55]
123: [64, 55]
124: [65, 64, 55]
125: [65, 55]
126: [55]
127: [55]
128: [55]
129: [55]
130: [55]
131: [85]
132: [75]
133: [75]
134: [75]
135: [75]
136: [75, 85]
137: [85]
138: [85]
139: [85]
140: [85]
141: [85]
142: [85]
143: [85]
41
0: [76]
1: [76]
2: [76]
3: [76]
4: [76]
5: [86, 76]
6: [86]
7: [86]
8: [86]
9: [86]
10: [86]
11: [86]
12: [76]
13: [47]
14: [47]
15: [47]
16: [65, 47]
17: [65, 47, 66]
18: [47, 66]
19: [47]
20: [47]
21: [47]
22: [47]
23: [86]
24: [94, 76]
25: [47]
26: [38, 28]
27: [38, 28]
28: [38, 28]
29: [34, 38, 28]
30: [34, 38]
31: [34, 38]
32: [34, 38]
33: [34, 38]
34: [47]
35: [86, 94]
36: [94, 95, 76]
37: [55, 47]
38: [38, 39, 28]
39: [12, 13, 14, 15, 11]
40: [12, 13, 14, 15, 21, 11]
41: []
42: [11, 12, 22, 13, 14, 15]
43: [11, 12, 13, 14, 15]
44: [11, 12, 13, 14, 15]
45: [39, 34, 38]
46: [47, 55]
47: [95, 86, 94]
48: [95, 76]
49: [55]
50: [39, 28]
51: [12, 13, 14, 15, 11]
52: [21, 12]
53: [22, 12, 21]
54: [12, 22]
55: [12]
56: [11, 12, 13, 14, 15]
57: [39, 34]
58: [55]
59: [95, 86]
60: [76]
61: [55]
62: [28]
63: [13, 14, 15, 11]
64: [21, 13]
65: [22, 13, 21]
66: [13, 22]
67: [13]
68: [11, 13, 14, 15]
69: [34]
70: [55]
71: [86]
72: [76]
73: [55]
74: [28]
75: [14, 15, 11]
76: [21, 14]
77: [22, 14, 21]
78: [14, 22]
79: [14]
80: [11, 14, 15]
81: [34]
82: [55]
83: [86]
84: [76]
85: [55]
86: [28]
87: [15, 11]
88: [21, 15]
89: [22, 21, 15]
90: [22, 15]
91: [15]
92: [11, 15]
93: [34]
94: [55]
95: [86]
96: [76]
97: [55]
98: [28]
99: [11]
100: [21, 11]
101: [22, 21, 11]
102: [22, 11]
103: [11]
104: [11]
105: [34]
106: [55]
107: [86]
108: [76]
109: [55]
110: [28]
111: [28]
112: [28]
113: [28, 34]
114: [34]
115: [34]
116: [34]
117: [34]
118: [55]
119: [86]
120: [76]
121: [55]
122: [55]
123: [55]
124: [65, 55]
125: [66, 65, 55]
126: [66, 55]
127: [55]
128: [55]
129: [55]
130: [55]
131: [86]
132: [76]
133: [76]
134: [76]
135: [76]
136: [76]
137: [76, 86]
138: [86]
139: [86]
140: [86]
141: [86]
142: [86]
143: [86]
42
0: [77]
1: [77]
2: [77]
3: [77]
4: [77]
5: [77]
6: [87, 77]
7: [87]
8: [87]
9: [87]
10: [87]
11: [87]
12: [77]
13: [47]
14: [47]
15: [47]
16: [47]
17: [66, 47]
18: [66, 47, 67]
19: [47, 67]
20: [47]
21: [47]
22: [47]
23: [87]
24: [94, 77]
25: [47]
26: [38, 29]
27: [38, 29]
28: [38, 29]
29: [38, 29]
30: [35, 38, 29]
31: [35, 38]
32: [35, 38]
33: [35, 38]
34: [47]
35: [87, 94]
36: [94, 95, 77]
37: [55, 47]
38: [38, 39, 29]
39: [12, 13, 14, 15, 11]
40: [12, 13, 14, 15, 11]
41: [12, 13, 14, 15, 22, 11]
42: []
43: [11, 12, 23, 13, 14, 15]
44: [11, 12, 13, 14, 15]
45: [39, 35, 38]
46: [47, 55]
47: [95, 87, 94]
48: [95, 77]
49: [55]
50: [39, 29]
51: [12, 13, 14, 15, 11]
52: [12]
53: [22, 12]
54: [23, 12, 22]
55: [12, 23]
56: [11, 12, 13, 14, 15]
57: [39, 35]
58: [55]
59: [95, 87]
60: [77]
61: [55]
62: [29]
63: [13, 14, 15, 11]
64: [13]
65: [22, 13]
66: [23, 13, 22]
67: [13, 23]
68: [11, 13, 14, 15]
69: [35]
70: [55]
71: [87]
72: [77]
73: [55]
74: [29]
75: [14, 15, 11]
76: [14]
77: [22, 14]
78: [23, 14, 22]
79: [23, 14]
80: [11, 14, 15]
81: [35]
82: [55]
83: [87]
84: [77]
85: [55]
86: [29]
87: [15, 11]
88: [15]
89: [22, 15]
90: [23, 22, 15]
91: [23, 15]
92: [11, 15]
93: [35]
94: [55]
95: [87]
96: [77]
97: [55]
98: [29]
99: [11]
100: [11]
101: [22, 11]
102: [23, 22, 11]
103: [23, 11]
104: [11]
105: [35]
106: [55]
107: [87]
108: [77]
109: [55]
110: [29]
111: [29]
112: [29]
113: [29]
114: [29, 35]
115: [35]
116: [35]
117: [35]
118: [55]
119: [87]
120: [77]
121: [55]
122: [55]
123: [55]
124: [55]
125: [66, 55]
126: [67, 66, 55]
127: [67, 55]
128: [55]
129: [55]
130: [55]
131: [87]
132: [77]
133: [77]
134: [77]
135: [77]
136: [77]
137: [77]
138: [77, 87]
139: [87]
140: [87]
141: [87]
142: [87]
143: [87]
43
0: [78]
1: [78]
2: [78]
3: [78]
4: [78]
5: [78]
6: [78]
7: [88, 78]
8: [88]
9: [88]
10: [88]
11: [88]
12: [78]
13: [47]
14: [47]
15: [47]
16: [47]
17: [47]
18: [67, 47]
19: [67, 47, 68]
20: [47, 68]
21: [47]
22: [47]
23: [88]
24: [94, 78]
25: [47]
26: [38, 30]
27: [38, 30]
28: [38, 30]
29: [38, 30]
30: [38, 30]
31: [36, 38, 30]
32: [36, 38]
33: [36, 38]
34: [47]
35: [88, 94]
36: [94, 95, 78]
37: [55, 47]
38: [38, 39, 30]
39: [12, 13, 14, 15, 11]
40: [12, 13, 14, 15, 11]
41: [12, 13, 14, 15, 11]
42: [12, 13, 14, 15, 23, 11]
43: []
44: [11, 24, 12, 13, 14, 15]
45: [39, 36, 38]
46: [47, 55]
47: [95, 88, 94]
48: [95, 78]
49: [55]
50: [39, 30]
51: [12, 13, 14, 15, 11]
52: [12]
53: [12]
54: [23, 12]
55: [24, 12, 23]
56: [11, 24, 12, 13, 14, 15]
57: [39, 36]
58: [55]
59: [95, 88]
60: [78]
61: [55]
62: [30]
63: [13, 14, 15, 11]
64: [13]
65: [13]
66: [23, 13]
67: [24, 13, 23]
68: [11, 24, 13, 14, 15]
69: [36]
70: [55]
71: [88]
72: [78]
73: [55]
74: [30]
75: [14, 15, 11]
76: [14]
77: [14]
78: [23, 14]
79: [24, 23, 14]
80: [11, 24, 14, 15]
81: [36]
82: [55]
83: [88]
84: [78]
85: [55]
86: [30]
87: [15, 11]
88: [15]
89: [15]
90: [23, 15]
91: [24, 23, 15]
92: [11, 24, 15]
93: [36]
94: [55]
95: [88]
96: [78]
97: [55]
98: [30]
99: [11]
100: [11]
101: [11]
102: [23, 11]
103: [24, 11, 23]
104: [24, 11]
105: [36]
106: [55]
107: [88]
108: [78]
109: [55]
110: [30]
111: [30]
112: [30]
113: [30]
114: [30]
115: [30, 36]
116: [36]
117: [36]
118: [55]
119: [88]
120: [78]
121: [55]
122: [55]
123: [55]
124: [55]
125: [55]
126: [67, 55]
127: [68, 67, 55]
128: [68, 55]
129: [55]
130: [55]
131: [88]
132: [78]
133: [78]
134: [78]
135: [78]
136: [78]
137: [78]
138: [78]
139: [78, 88]
140: [88]
141: [88]
142: [88]
143: [88]
44
0: [79]
1: [79]
2: [79]
3: [79]
4: [79]
5: [79]
6: [79]
7: [79]
8: [89, 79]
9: [89]
10: [89]
11: [89]
12: [79]
13: [47]
14: [47]
15: [47]
16: [47]
17: [47]
18: [47]
19: [68, 47]
20: [68, 47, 69]
21: [47, 69]
22: [47]
23: [89]
24: [94, 79]
25: [47]
26: [38, 31]
27: [38, 31]
28: [38, 31]
29: [38, 31]
30: [38, 31]
31: [38, 31]
32: [37, 38, 31]
33: [37, 38]
34: [47]
35: [89, 94]
36: [94, 95, 79]
37: [55, 47]
38: [38, 39, 31]
39: [12, 13, 14, 15, 11]
40: [12, 13, 14, 15, 11]
41: [12, 13, 14, 15, 11]
42: [12, 13, 14, 15, 11]
43: [12, 13, 14, 15, 24, 11]
44: []
45: [39, 37, 38]
46: [47, 55]
47: [95, 89, 94]
48: [95, 79]
49: [55]
50: [39, 31]
51: [12, 13, 14, 15, 11]
52: [12]
53: [12]
54: [12]
55: [24, 12]
56: [11, 24, 12, 13, 14, 15]
57: [39, 37]
58: [55]
59: [95, 89]
60: [79]
61: [55]
62: [31]
63: [13, 14, 15, 11]
64: [13]
65: [13]
66: [13]
67: [24, 13]
68: [11, 24, 13, 14, 15]
69: [37]
70: [55]
71: [89]
72: [79]
73: [55]
74: [31]
75: [14, 15, 11]
76: [14]
77: [14]
78: [14]
79: [24, 14]
80: [11, 24, 14, 15]
81: [37]
82: [55]
83: [89]
84: [79]
85: [55]
86: [31]
87: [15, 11]
88: [15]
89: [15]
90: [15]
91: [24, 15]
92: [11, 24, 15]
93: [37]
94: [55]
95: [89]
96: [79]
97: [55]
98: [31]
99: [11]
100: [11]
101: [11]
102: [11]
103: [24, 11]
104: [11, 24]
105: [37]
106: [55]
107: [89]
108: [79]
109: [55]
110: [31]
111: [31]
112: [31]
113: [31]
114: [31]
115: [31]
116: [31, 37]
117: [37]
118: [55]
119: [89]
120: [79]
121: [55]
122: [55]
123: [55]
124: [55]
125: [55]
126: [55]
127: [68, 55]
128: [69, 68, 55]
129: [69, 55]
130: [55]
131: [89]
132: [79]
133: [79]
134: [79]
135: [79]
136: [79]
137: [79]
138: [79]
139: [79]
140: [79, 89]
141: [89]
142: [89]
143: [89]
45
0: [80]
1: [80]
2: [80]
3: [80]
4: [80]
5: [80]
6: [80]
7: [80]
8: [80]
9: [90, 80]
10: [90]
11: [90]
12: [80]
13: [47]
14: [47]
15: [47]
16: [47]
17: [47]
18: [47]
19: [47]
20: [69, 47]
21: [69, 47, 70]
22: [47, 70]
23: [90]
24: [94, 80]
25: [47]
26: [25, 38]
27: [25, 38, 32]
28: [25, 38, 33, 32]
29: [25, 38, 34, 33, 32]
30: [25, 38, 35, 34, 33, 32]
31: [25, 38, 36, 35, 34, 33, 32]
32: [25, 37, 38, 36, 35, 34, 33, 32]
33: [25, 37, 38, 36, 35, 34, 33, 32]
34: [47, 70]
35: [90, 94]
36: [94, 95, 80]
37: [55, 47]
38: [38, 25, 39]
39: [38, 39, 32]
40: [38, 39, 33]
41: [38, 39, 34]
42: [38, 39, 35]
43: [38, 36, 39]
44: [38, 37, 39]
45: []
46: [47, 70, 55]
47: [95, 90, 94]
48: [95, 80]
49: [55]
50: [39, 25]
51: [39, 32]
52: [39, 33]
53: [39, 34]
54: [39, 35]
55: [39, 36]
56: [39, 37]
57: [32, 33, 34, 35, 36, 37, 39, 25]
58: [70, 55]
59: [95, 90]
60: [80]
61: [55]
62: [25]
63: [32]
64: [33]
65: [34]
66: [35]
67: [36]
68: [37]
69: [32, 33, 34, 35, 36, 37, 25]
70: [70, 55]
71: [90]
72: [80]
73: [55]
74: [25]
75: [32]
76: [33]
77: [34]
78: [35]
79: [36]
80: [37]
81: [32, 33, 34, 35, 36, 37, 25]
82: [70, 55]
83: [90]
84: [80]
85: [55]
86: [25]
87: [32]
88: [33]
89: [34]
90: [35]
91: [36]
92: [37]
93: [32, 33, 34, 35, 36, 37, 25]
94: [70, 55]
95: [90]
96: [80]
97: [55]
98: [25]
99: [32]
100: [33]
101: [34]
102: [35]
103: [36]
104: [37]
105: [32, 33, 34, 35, 36, 37, 25]
106: [70, 55]
107: [90]
108: [80]
109: [55]
110: [25]
111: [32, 25]
112: [32, 33, 25]
113: [32, 33, 34, 25]
114: [32, 33, 34, 35, 25]
115: [32, 33, 34, 35, 36, 25]
116: [32, 33, 34, 35, 36, 37, 25]
117: [32, 33, 34, 35, 36, 37, 25]
118: [70, 55]
119: [90]
120: [80]
121: [55]
122: [55]
123: [55]
124: [55]
125: [55]
126: [55]
127: [55]
128: [69, 55]
129: [70, 69, 55]
130: [70, 55]
131: [90]
132: [80]
133: [80]
134: [80]
135: [80]
136: [80]
137: [80]
138: [80]
139: [80]
140: [80]
141: [80, 90]
142: [90]
143: [90]
46
0: [81]
1: [81]
2: [81]
3: [81]
4: [81]
5: [81]
6: [81]
7: [81]
8: [81]
9: [81]
10: [91, 81]
11: [91]
12: [81]
13: [47, 48, 49, 50, 51, 52, 53, 45]
14: [47, 48, 49, 50, 51, 52, 53, 45]
15: [47, 48, 49, 50, 51, 52, 53, 45]
16: [47, 48, 49, 50, 51, 52, 53, 45]
17: [47, 48, 49, 50, 51, 52, 53, 45]
18: [47, 48, 49, 50, 51, 52, 53, 45]
19: [47, 48, 49, 50, 51, 52, 53, 45]
20: [47, 48, 49, 50, 51, 52, 53, 45]
21: [70, 47, 48, 49, 50, 51, 52, 53, 45]
22: [70, 47, 48, 49, 50, 51, 52, 53, 45]
23: [91]
24: [94, 81]
25: [54, 47, 48, 49, 50, 51, 52, 53, 45]
26: [54]
27: [54]
28: [54]
29: [54]
30: [54]
31: [54]
32: [54]
33: [54, 70]
34: [70, 47, 48, 49, 50, 51, 52, 53, 54, 45]
35: [91, 94]
36: [94, 95, 81]
37: [55, 54, 47, 48, 49, 50, 51, 52, 53, 45]
38: [55, 47]
39: [55, 47]
40: [55, 47]
41: [55, 47]
42: [55, 47]
43: [55, 47]
44: [55, 47]
45: [55, 70, 47]
46: []
47: [95, 91, 94]
48: [95, 81]
49: [55, 54, 48, 49, 50, 51, 52, 53, 45]
50: [48]
51: [48]
52: [48]
53: [48]
54: [48]
55: [48]
56: [48]
57: [70, 48]
58: [45, 70, 48, 49, 50, 51, 52, 55, 53, 54]
59: [95, 91]
60: [81]
61: [55, 54, 49, 50, 51, 52, 53, 45]
62: [49]
63: [49]
64: [49]
65: [49]
66: [49]
67: [49]
68: [49]
69: [70, 49]
70: [45, 70, 49, 50, 51, 52, 55, 53, 54]
71: [91]
72: [81]
73: [55, 54, 50, 51, 52, 53, 45]
74: [50]
75: [50]
76: [50]
77: [50]
78: [50]
79: [50]
80: [50]
81: [70, 50]
82: [45, 70, 50, 51, 52, 55, 53, 54]
83: [91]
84: [81]
85: [55, 54, 51, 52, 53, 45]
86: [51]
87: [51]
88: [51]
89: [51]
90: [51]
91: [51]
92: [51]
93: [70, 51]
94: [45, 70, 51, 52, 55, 53, 54]
95: [91]
96: [81]
97: [55, 54, 53, 52, 45]
98: [52]
99: [52]
100: [52]
101: [52]
102: [52]
103: [52]
104: [52]
105: [70, 52]
106: [45, 70, 52, 55, 53, 54]
107: [91]
108: [81]
109: [55, 45, 54, 53]
110: [53]
111: [53]
112: [53]
113: [53]
114: [53]
115: [53]
116: [53]
117: [70, 53]
118: [45, 70, 55, 53, 54]
119: [91]
120: [81]
121: [45, 55, 54]
122: [45, 55, 54]
123: [45, 55, 54]
124: [45, 55, 54]
125: [45, 55, 54]
126: [45, 55, 54]
127: [45, 55, 54]
128: [45, 55, 54]
129: [45, 70, 55, 54]
130: [45, 70, 55, 54]
131: [91]
132: [81]
133: [81]
134: [81]
135: [81]
136: [81]
137: [81]
138: [81]
139: [81]
140: [81]
141: [81]
142: [81, 91]
143: [91]
47
0: [71]
1: [71, 82]
2: [71, 83, 82]
3: [71, 84, 83, 82]
4: [71, 85, 84, 83, 82]
5: [71, 86, 85, 84, 83, 82]
6: [71, 87, 86, 85, 84, 83, 82]
7: [71, 88, 87, 86, 85, 84, 83, 82]
8: [71, 89, 88, 87, 86, 85, 84, 83, 82]
9: [71, 90, 89, 88, 87, 86, 85, 84, 83, 82]
10: [71, 91, 90, 89, 88, 87, 86, 85, 84, 83, 82]
11: [71, 91, 90, 89, 88, 87, 86, 85, 84, 83, 82]
12: [71]
13: [82]
14: [83]
15: [84]
16: [85]
17: [86]
18: [87]
19: [88]
20: [89]
21: [90]
22: [91]
23: [71, 91, 90, 89, 88, 87, 86, 85, 84, 83, 82]
24: [94, 71]
25: [94, 82]
26: [94, 83]
27: [94, 84]
28: [94, 85]
29: [94, 86]
30: [94, 87]
31: [94, 88]
32: [89, 94]
33: [90, 94]
34: [91, 94]
35: [71, 91, 94, 90, 89, 88, 87, 86, 85, 84, 83, 82]
36: [94, 95, 71]
37: [94, 95, 82]
38: [94, 95, 83]
39: [94, 95, 84]
40: [94, 95, 85]
41: [94, 95, 86]
42: [94, 95, 87]
43: [94, 88, 95]
44: [94, 89, 95]
45: [94, 90, 95]
46: [94, 91, 95]
47: []
48: [95, 71]
49: [95, 82]
50: [95, 83]
51: [95, 84]
52: [95, 85]
53: [95, 86]
54: [95, 87]
55: [95, 88]
56: [95, 89]
57: [95, 90]
58: [95, 91]
59: [82, 83, 84, 85, 86, 87, 88, 89, 90, 91, 95, 71]
60: [71]
61: [82]
62: [83]
63: [84]
64: [85]
65: [86]
66: [87]
67: [88]
68: [89]
69: [90]
70: [91]
71: [82, 83, 84, 85, 86, 87, 88, 89, 90, 91, 71]
72: [71]
73: [82]
74: [83]
75: [84]
76: [85]
77: [86]
78: [87]
79: [88]
80: [89]
81: [90]
82: [91]
83: [82, 83, 84, 85, 86, 87, 88, 89, 90, 91, 71]
84: [71]
85: [82]
86: [83]
87: [84]
88: [85]
89: [86]
90: [87]
91: [88]
92: [89]
93: [90]
94: [91]
95: [82, 83, 84, 85, 86, 87, 88, 89, 90, 91, 71]
96: [71]
97: [82]
98: [83]
99: [84]
100: [85]
101: [86]
102: [87]
103: [88]
104: [89]
105: [90]
106: [91]
107: [82, 83, 84, 85, 86, 87, 88, 89, 90, 91, 71]
108: [71]
109: [82]
110: [83]
111: [84]
112: [85]
113: [86]
114: [87]
115: [88]
116: [89]
117: [90]
118: [91]
119: [82, 83, 84, 85, 86, 87, 88, 89, 90, 91, 71]
120: [71]
121: [82]
122: [83]
123: [84]
124: [85]
125: [86]
126: [87]
127: [88]
128: [89]
129: [90]
130: [91]
131: [82, 83, 84, 85, 86, 87, 88, 89, 90, 91, 71]
132: [71]
133: [82, 71]
134: [82, 83, 71]
135: [82, 83, 84, 71]
136: [82, 83, 84, 85, 71]
137: [82, 83, 84, 85, 86, 71]
138: [82, 83, 84, 85, 86, 87, 71]
139: [82, 83, 84, 85, 86, 87, 88, 71]
140: [82, 83, 84, 85, 86, 87, 88, 89, 71]
141: [82, 83, 84, 85, 86, 87, 88, 89, 90, 71]
142: [82, 83, 84, 85, 86, 87, 88, 89, 90, 91, 71]
143: [82, 83, 84, 85, 86, 87, 88, 89, 90, 91, 71]
48
0: [72, 73, 74, 75, 76, 77, 78, 79, 80, 81, 71]
1: [72, 73, 74, 75, 76, 77, 78, 79, 80, 81, 71]
2: [73, 74, 75, 76, 77, 78, 79, 80, 81, 71]
3: [74, 75, 76, 77, 78, 79, 80, 81, 71]
4: [75, 76, 77, 78, 79, 80, 81, 71]
5: [76, 77, 78, 79, 80, 81, 71]
6: [77, 78, 79, 80, 81, 71]
7: [80, 81, 78, 79, 71]
8: [80, 81, 79, 71]
9: [80, 81, 71]
10: [81, 71]
11: [71]
12: [72, 73, 74, 75, 76, 77, 78, 79, 80, 81, 71]
13: [72]
14: [73]
15: [74]
16: [75]
17: [76]
18: [77]
19: [78]
20: [79]
21: [80]
22: [81]
23: [71]
24: [72, 73, 74, 75, 76, 77, 78, 79, 80, 81, 71]
25: [72]
26: [73]
27: [74]
28: [75]
29: [76]
30: [77]
31: [78]
32: [79]
33: [80]
34: [81]
35: [71]
36: [72, 73, 74, 75, 76, 77, 78, 79, 80, 81, 95, 71]
37: [95, 72]
38: [95, 73]
39: [95, 74]
40: [95, 75]
41: [95, 76]
42: [95, 77]
43: [95, 78]
44: [95, 79]
45: [95, 80]
46: [95, 81]
47: [95, 71]
48: []
49: [96, 72, 95]
50: [96, 73, 95]
51: [96, 74, 95]
52: [96, 75, 95]
53: [96, 76, 95]
54: [96, 77, 95]
55: [96, 78, 95]
56: [96, 95, 79]
57: [96, 95, 80]
58: [96, 95, 81]
59: [96, 95, 71]
60: [71, 72, 96, 73, 74, 75, 76, 77, 78, 79, 80, 81]
61: [72, 96]
62: [73, 96]
63: [74, 96]
64: [75, 96]
65: [76, 96]
66: [77, 96]
67: [96, 78]
68: [96, 79]
69: [96, 80]
70: [96, 81]
71: [96, 71]
72: [71, 72, 73, 74, 75, 76, 77, 78, 79, 80, 81]
73: [72]
74: [73]
75: [74]
76: [75]
77: [76]
78: [77]
79: [78]
80: [79]
81: [80]
82: [81]
83: [71]
84: [71, 72, 73, 74, 75, 76, 77, 78, 79, 80, 81]
85: [72]
86: [73]
87: [74]
88: [75]
89: [76]
90: [77]
91: [78]
92: [79]
93: [80]
94: [81]
95: [71]
96: [71, 72, 73, 74, 75, 76, 77, 78, 79, 80, 81]
97: [72]
98: [73]
99: [74]
100: [75]
101: [76]
102: [77]
103: [78]
104: [79]
105: [80]
106: [81]
107: [71]
108: [71, 72, 73, 74, 75, 76, 77, 78, 79, 80, 81]
109: [72]
110: [73]
111: [74]
112: [75]
113: [76]
114: [77]
115: [78]
116: [79]
117: [80]
118: [81]
119: [71]
120: [71, 72, 73, 74, 75, 76, 77, 78, 79, 80, 81]
121: [72]
122: [73]
123: [74]
124: [75]
125: [76]
126: [77]
127: [78]
128: [79]
129: [80]
130: [81]
131: [71]
132: [71, 72, 73, 74, 75, 76, 77, 78, 79, 80, 81]
133: [71, 72, 73, 74, 75, 76, 77, 78, 79, 80, 81]
134: [71, 73, 74, 75, 76, 77, 78, 79, 80, 81]
135: [71, 74, 75, 76, 77, 78, 79, 80, 81]
136: [71, 75, 76, 77, 78, 79, 80, 81]
137: [71, 76, 77, 78, 79, 80, 81]
138: [71, 77, 78, 79, 80, 81]
139: [71, 78, 79, 80, 81]
140: [71, 79, 80, 81]
141: [71, 80, 81]
142: [71, 81]
143: [71]
49
0: [72]
1: [82, 72]
2: [82]
3: [82]
4: [82]
5: [82]
6: [82]
7: [82]
8: [82]
9: [82]
10: [82]
11: [82]
12: [72]
13: [45, 62, 48, 49, 50, 51, 52, 53]
14: [45, 62, 48, 49, 50, 51, 52, 53]
15: [45, 48, 49, 50, 51, 52, 53]
16: [45, 48, 49, 50, 51, 52, 53]
17: [45, 48, 49, 50, 51, 52, 53]
18: [45, 48, 49, 50, 51, 52, 53]
19: [45, 48, 49, 50, 51, 52, 53]
20: [45, 48, 49, 50, 51, 52, 53]
21: [45, 48, 49, 50, 51, 52, 53]
22: [48, 45, 49, 50, 51, 52, 53]
23: [82]
24: [72]
25: [45, 62, 48, 49, 50, 51, 52, 53, 54]
26: [62, 54]
27: [54]
28: [54]
29: [54]
30: [54]
31: [54]
32: [54]
33: [54]
34: [48, 49, 45, 50, 51, 52, 53, 54]
35: [82]
36: [95, 72]
37: [45, 62, 48, 49, 50, 51, 52, 55, 53, 54]
38: [62, 55]
39: [55]
40: [55]
41: [55]
42: [55]
43: [55]
44: [55]
45: [55]
46: [48, 49, 50, 45, 51, 52, 53, 54, 55]
47: [95, 82]
48: [95, 72, 96]
49: []
50: [48, 62, 56]
51: [48, 56]
52: [48, 56]
53: [48, 56]
54: [48, 56]
55: [48, 56]
56: [48, 56]
57: [48, 56]
58: [48, 49, 50, 51, 45, 52, 53, 56, 54, 55]
59: [96, 95, 82]
60: [72, 96]
61: [49, 50, 51, 52, 53, 54, 55, 56, 62, 45]
62: [49, 62]
63: [49]
64: [49]
65: [49]
66: [49]
67: [49]
68: [49]
69: [49]
70: [49, 50, 51, 52, 45, 53, 56, 54, 55]
71: [96, 82]
72: [72]
73: [50, 51, 52, 53, 54, 55, 56, 62, 45]
74: [50, 62]
75: [50]
76: [50]
77: [50]
78: [50]
79: [50]
80: [50]
81: [50]
82: [50, 51, 52, 53, 45, 56, 54, 55]
83: [82]
84: [72]
85: [51, 52, 53, 54, 55, 56, 62, 45]
86: [51, 62]
87: [51]
88: [51]
89: [51]
90: [51]
91: [51]
92: [51]
93: [51]
94: [51, 52, 53, 56, 45, 54, 55]
95: [82]
96: [72]
97: [52, 53, 54, 55, 56, 62, 45]
98: [52, 62]
99: [52]
100: [52]
101: [52]
102: [52]
103: [52]
104: [52]
105: [52]
106: [52, 53, 56, 54, 55, 45]
107: [82]
108: [72]
109: [53, 54, 55, 56, 62, 45]
110: [53, 62]
111: [53]
112: [53]
113: [53]
114: [53]
115: [53]
116: [53]
117: [53]
118: [53, 56, 54, 55, 45]
119: [82]
120: [72]
121: [56, 62, 54, 55, 45]
122: [56, 62, 54, 55, 45]
123: [56, 54, 55, 45]
124: [56, 54, 55, 45]
125: [56, 54, 55, 45]
126: [56, 54, 55, 45]
127: [56, 54, 55, 45]
128: [56, 54, 55, 45]
129: [56, 54, 55, 45]
130: [56, 54, 55, 45]
131: [82]
132: [72]
133: [72, 82]
134: [82]
135: [82]
136: [82]
137: [82]
138: [82]
139: [82]
140: [82]
141: [82]
142: [82]
143: [82]
50
0: [73]
1: [73]
2: [83, 73]
3: [83]
4: [83]
5: [83]
6: [83]
7: [83]
8: [83]
9: [83]
10: [83]
11: [83]
12: [73]
13: [62, 48]
14: [62, 63, 48]
15: [63, 48]
16: [48]
17: [48]
18: [48]
19: [48]
20: [48]
21: [48]
22: [48]
23: [83]
24: [73]
25: [62, 48]
26: [26, 27, 28, 29, 30, 31, 25]
27: [26, 27, 28, 29, 30, 31, 25]
28: [27, 28, 29, 30, 31, 25]
29: [28, 29, 30, 31, 25]
30: [29, 30, 31, 25]
31: [30, 31, 25]
32: [31, 25]
33: [25]
34: [48]
35: [83]
36: [95, 73]
37: [62, 48]
38: [39, 26, 27, 28, 29, 30, 31, 25]
39: [39, 26]
40: [39, 27]
41: [39, 28]
42: [39, 29]
43: [39, 30]
44: [39, 31]
45: [39, 25]
46: [48]
47: [95, 83]
48: [95, 73, 96]
49: [56, 62, 48]
50: []
51: [40, 26, 39]
52: [40, 27, 39]
53: [40, 28, 39]
54: [40, 29, 39]
55: [40, 30, 39]
56: [40, 39, 31]
57: [40, 39, 25]
58: [48, 56]
59: [96, 95, 83]
60: [73, 96]
61: [56, 62]
62: [25, 40, 26, 27, 28, 29, 30, 31]
63: [26, 40]
64: [27, 40]
65: [28, 40]
66: [29, 40]
67: [40, 30]
68: [40, 31]
69: [40, 25]
70: [56]
71: [96, 83]
72: [73]
73: [56, 62]
74: [25, 26, 27, 28, 29, 30, 31]
75: [26]
76: [27]
77: [28]
78: [29]
79: [30]
80: [31]
81: [25]
82: [56]
83: [83]
84: [73]
85: [56, 62]
86: [25, 26, 27, 28, 29, 30, 31]
87: [26]
88: [27]
89: [28]
90: [29]
91: [30]
92: [31]
93: [25]
94: [56]
95: [83]
96: [73]
97: [56, 62]
98: [25, 26, 27, 28, 29, 30, 31]
99: [26]
100: [27]
101: [28]
102: [29]
103: [30]
104: [31]
105: [25]
106: [56]
107: [83]
108: [73]
109: [56, 62]
110: [25, 26, 27, 28, 29, 30, 31]
111: [25, 26, 27, 28, 29, 30, 31]
112: [25, 27, 28, 29, 30, 31]
113: [25, 28, 29, 30, 31]
114: [25, 29, 30, 31]
115: [25, 30, 31]
116: [25, 31]
117: [25]
118: [56]
119: [83]
120: [73]
121: [56, 62]
122: [63, 56, 62]
123: [63, 56]
124: [56]
125: [56]
126: [56]
127: [56]
128: [56]
129: [56]
130: [56]
131: [83]
132: [73]
133: [73]
134: [73, 83]
135: [83]
136: [83]
137: [83]
138: [83]
139: [83]
140: [83]
141: [83]
142: [83]
143: [83]
51
0: [74]
1: [74]
2: [74]
3: [84, 74]
4: [84]
5: [84]
6: [84]
7: [84]
8: [84]
9: [84]
10: [84]
11: [84]
12: [74]
13: [48]
14: [63, 48]
15: [63, 48, 64]
16: [48, 64]
17: [48]
18: [48]
19: [48]
20: [48]
21: [48]
22: [48]
23: [84]
24: [74]
25: [48]
26: [26]
27: [32, 26]
28: [32]
29: [32]
30: [32]
31: [32]
32: [32]
33: [32]
34: [48]
35: [84]
36: [95, 74]
37: [48]
38: [39, 26]
39: [11, 12, 20, 13, 14, 15]
40: [11, 12, 20, 13, 14, 15]
41: [11, 12, 13, 14, 15]
42: [11, 12, 13, 14, 15]
43: [11, 12, 13, 14, 15]
44: [11, 12, 13, 14, 15]
45: [32, 39]
46: [48]
47: [84, 95]
48: [95, 74, 96]
49: [56, 48]
50: [39, 26, 40]
51: []
52: [12, 20, 16]
53: [12, 16]
54: [12, 16]
55: [12, 16]
56: [12, 11, 13, 14, 15, 16]
57: [40, 32, 39]
58: [48, 56]
59: [96, 84, 95]
60: [74, 96]
61: [56]
62: [26, 40]
63: [13, 14, 15, 16, 20, 11]
64: [13, 20]
65: [13]
66: [13]
67: [13]
68: [13, 11, 14, 15, 16]
69: [40, 32]
70: [56]
71: [96, 84]
72: [74]
73: [56]
74: [26]
75: [16, 20, 14, 15, 11]
76: [14, 20]
77: [14]
78: [14]
79: [14]
80: [14, 11, 15, 16]
81: [32]
82: [56]
83: [84]
84: [74]
85: [56]
86: [26]
87: [16, 20, 15, 11]
88: [15, 20]
89: [15]
90: [15]
91: [15]
92: [15, 16, 11]
93: [32]
94: [56]
95: [84]
96: [74]
97: [56]
98: [26]
99: [16, 20, 11]
100: [16, 20, 11]
101: [16, 11]
102: [16, 11]
103: [16, 11]
104: [16, 11]
105: [32]
106: [56]
107: [84]
108: [74]
109: [56]
110: [26]
111: [26, 32]
112: [32]
113: [32]
114: [32]
115: [32]
116: [32]
117: [32]
118: [56]
119: [84]
120: [74]
121: [56]
122: [56, 63]
123: [64, 56, 63]
124: [64, 56]
125: [56]
126: [56]
127: [56]
128: [56]
129: [56]
130: [56]
131: [84]
132: [74]
133: [74]
134: [74]
135: [74, 84]
136: [84]
137: [84]
138: [84]
139: [84]
140: [84]
141: [84]
142: [84]
143: [84]
52
0: [75]
1: [75]
2: [75]
3: [75]
4: [85, 75]
5: [85]
6: [85]
7: [85]
8: [85]
9: [85]
10: [85]
11: [85]
12: [75]
13: [48]
14: [48]
15: [64, 48]
16: [64, 48, 65]
17: [48, 65]
18: [48]
19: [48]
20: [48]
21: [48]
22: [48]
23: [85]
24: [75]
25: [48]
26: [27]
27: [27]
28: [33, 27]
29: [33]
30: [33]
31: [33]
32: [33]
33: [33]
34: [48]
35: [85]
36: [95, 75]
37: [48]
38: [39, 27]
39: [20, 12]
40: [20, 12, 21]
41: [12, 21]
42: [12]
43: [12]
44: [12]
45: [33, 39]
46: [48]
47: [85, 95]
48: [95, 75, 96]
49: [56, 48]
50: [39, 27, 40]
51: [16, 20, 12]
52: []
53: [8, 4, 5, 3]
54: [8, 5, 3]
55: [8, 3]
56: [12, 16]
57: [40, 33, 39]
58: [48, 56]
59: [96, 85, 95]
60: [75, 96]
61: [56]
62: [27, 40]
63: [16, 20]
64: [3, 8, 4, 5]
65: [4, 8]
66: [5, 8]
67: [8, 3]
68: [16]
69: [40, 33]
70: [56]
71: [96, 85]
72: [75]
73: [56]
74: [27]
75: [16, 20]
76: [3, 4, 5]
77: [4]
78: [5]
79: [3]
80: [16]
81: [33]
82: [56]
83: [85]
84: [75]
85: [56]
86: [27]
87: [16, 20]
88: [3, 4, 5]
89: [3, 4, 5]
90: [3, 5]
91: [3]
92: [16]
93: [33]
94: [56]
95: [85]
96: [75]
97: [56]
98: [27]
99: [16, 20]
100: [21, 16, 20]
101: [21, 16]
102: [16]
103: [16]
104: [16]
105: [33]
106: [56]
107: [85]
108: [75]
109: [56]
110: [27]
111: [27]
112: [27, 33]
113: [33]
114: [33]
115: [33]
116: [33]
117: [33]
118: [56]
119: [85]
120: [75]
121: [56]
122: [56]
123: [56, 64]
124: [65, 56, 64]
125: [65, 56]
126: [56]
127: [56]
128: [56]
129: [56]
130: [56]
131: [85]
132: [75]
133: [75]
134: [75]
135: [75]
136: [75, 85]
137: [85]
138: [85]
139: [85]
140: [85]
141: [85]
142: [85]
143: [85]
53
0: [76]
1: [76]
2: [76]
3: [76]
4: [76]
5: [86, 76]
6: [86]
7: [86]
8: [86]
9: [86]
10: [86]
11: [86]
12: [76]
13: [48]
14: [48]
15: [48]
16: [65, 48]
17: [65, 48, 66]
18: [48, 66]
19: [48]
20: [48]
21: [48]
22: [48]
23: [86]
24: [76]
25: [48]
26: [28]
27: [28]
28: [28]
29: [34, 28]
30: [34]
31: [34]
32: [34]
33: [34]
34: [48]
35: [86]
36: [95, 76]
37: [48]
38: [39, 28]
39: [12]
40: [21, 12]
41: [21, 12, 22]
42: [12, 22]
43: [12]
44: [12]
45: [34, 39]
46: [48]
47: [86, 95]
48: [95, 96, 76]
49: [56, 48]
50: [39, 40, 28]
51: [16, 12]
52: [3, 8, 4, 5]
53: []
54: [8, 5, 6, 3]
55: [8, 6, 3]
56: [12, 16]
57: [40, 34, 39]
58: [48, 56]
59: [96, 86, 95]
60: [96, 76]
61: [56]
62: [40, 28]
63: [16]
64: [3, 8, 4, 5]
65: [4, 8, 6]
66: [5, 8]
67: [8, 6, 3]
68: [16]
69: [40, 34]
70: [56]
71: [96, 86]
72: [76]
73: [56]
74: [28]
75: [16]
76: [3, 4, 5]
77: [4, 6]
78: [5]
79: [6, 3]
80: [16]
81: [34]
82: [56]
83: [86]
84: [76]
85: [56]
86: [28]
87: [16]
88: [3, 4, 5]
89: [4, 3, 5, 6]
90: [5, 3, 6]
91: [6, 3]
92: [16]
93: [34]
94: [56]
95: [86]
96: [76]
97: [56]
98: [28]
99: [16]
100: [16, 21]
101: [22, 16, 21]
102: [22, 16]
103: [16]
104: [16]
105: [34]
106: [56]
107: [86]
108: [76]
109: [56]
110: [28]
111: [28]
112: [28]
113: [28, 34]
114: [34]
115: [34]
116: [34]
117: [34]
118: [56]
119: [86]
120: [76]
121: [56]
122: [56]
123: [56]
124: [56, 65]
125: [66, 56, 65]
126: [66, 56]
127: [56]
128: [56]
129: [56]
130: [56]
131: [86]
132: [76]
133: [76]
134: [76]
135: [76]
136: [76]
137: [76, 86]
138: [86]
139: [86]
140: [86]
141: [86]
142: [86]
143: [86]
54
0: [77]
1: [77]
2: [77]
3: [77]
4: [77]
5: [77]
6: [87, 77]
7: [87]
8: [87]
9: [87]
10: [87]
11: [87]
12: [77]
13: [48]
14: [48]
15: [48]
16: [48]
17: [66, 48]
18: [66, 48, 67]
19: [48, 67]
20: [48]
21: [48]
22: [48]
23: [87]
24: [77]
25: [48]
26: [29]
27: [29]
28: [29]
29: [29]
30: [35, 29]
31: [35]
32: [35]
33: [35]
34: [48]
35: [87]
36: [95, 77]
37: [48]
38: [39, 29]
39: [12]
40: [12]
41: [22, 12]
42: [22, 12, 23]
43: [12, 23]
44: [12]
45: [35, 39]
46: [48]
47: [87, 95]
48: [95, 96, 77]
49: [56, 48]
50: [39, 40, 29]
51: [16, 12]
52: [3, 8, 5]
53: [3, 8, 5, 6]
54: []
55: [8, 6, 7, 3]
56: [12, 16]
57: [40, 35, 39]
58: [48, 56]
59: [96, 87, 95]
60: [96, 77]
61: [56]
62: [40, 29]
63: [16]
64: [3, 8, 5]
65: [8, 6]
66: [5, 8, 7]
67: [8, 6, 7, 3]
68: [16]
69: [40, 35]
70: [56]
71: [96, 87]
72: [77]
73: [56]
74: [29]
75: [16]
76: [3, 5]
77: [6]
78: [5, 7]
79: [6, 7, 3]
80: [16]
81: [35]
82: [56]
83: [87]
84: [77]
85: [56]
86: [29]
87: [16]
88: [3, 5]
89: [5, 3, 6]
90: [5, 6, 7, 3]
91: [6, 7, 3]
92: [16]
93: [35]
94: [56]
95: [87]
96: [77]
97: [56]
98: [29]
99: [16]
100: [16]
101: [22, 16]
102: [23, 22, 16]
103: [23, 16]
104: [16]
105: [35]
106: [56]
107: [87]
108: [77]
109: [56]
110: [29]
111: [29]
112: [29]
113: [29]
114: [29, 35]
115: [35]
116: [35]
117: [35]
118: [56]
119: [87]
120: [77]
121: [56]
122: [56]
123: [56]
124: [56]
125: [66, 56]
126: [67, 66, 56]
127: [67, 56]
128: [56]
129: [56]
130: [56]
131: [87]
132: [77]
133: [77]
134: [77]
135: [77]
136: [77]
137: [77]
138: [77, 87]
139: [87]
140: [87]
141: [87]
142: [87]
143: [87]
55
0: [78]
1: [78]
2: [78]
3: [78]
4: [78]
5: [78]
6: [78]
7: [88, 78]
8: [88]
9: [88]
10: [88]
11: [88]
12: [78]
13: [48]
14: [48]
15: [48]
16: [48]
17: [48]
18: [67, 48]
19: [67, 48, 68]
20: [48, 68]
21: [48]
22: [48]
23: [88]
24: [78]
25: [48]
26: [30]
27: [30]
28: [30]
29: [30]
30: [30]
31: [36, 30]
32: [36]
33: [36]
34: [48]
35: [88]
36: [95, 78]
37: [48]
38: [39, 30]
39: [12]
40: [12]
41: [12]
42: [23, 12]
43: [23, 12, 24]
44: [12, 24]
45: [36, 39]
46: [48]
47: [88, 95]
48: [95, 96, 78]
49: [56, 48]
50: [39, 40, 30]
51: [16, 12]
52: [3, 8]
53: [3, 8, 6]
54: [3, 8, 7, 6]
55: []
56: [12, 24, 16]
57: [40, 36, 39]
58: [48, 56]
59: [96, 88, 95]
60: [96, 78]
61: [56]
62: [40, 30]
63: [16]
64: [8, 3]
65: [8, 6]
66: [8, 7]
67: [8, 6, 7, 3]
68: [24, 16]
69: [40, 36]
70: [56]
71: [96, 88]
72: [78]
73: [56]
74: [30]
75: [16]
76: [3]
77: [6]
78: [7]
79: [6, 7, 3]
80: [24, 16]
81: [36]
82: [56]
83: [88]
84: [78]
85: [56]
86: [30]
87: [16]
88: [3]
89: [6, 3]
90: [6, 7, 3]
91: [6, 7, 3]
92: [24, 16]
93: [36]
94: [56]
95: [88]
96: [78]
97: [56]
98: [30]
99: [16]
100: [16]
101: [16]
102: [23, 16]
103: [24, 23, 16]
104: [24, 16]
105: [36]
106: [56]
107: [88]
108: [78]
109: [56]
110: [30]
111: [30]
112: [30]
113: [30]
114: [30]
115: [30, 36]
116: [36]
117: [36]
118: [56]
119: [88]
120: [78]
121: [56]
122: [56]
123: [56]
124: [56]
125: [56]
126: [67, 56]
127: [68, 67, 56]
128: [68, 56]
129: [56]
130: [56]
131: [88]
132: [78]
133: [78]
134: [78]
135: [78]
136: [78]
137: [78]
138: [78]
139: [78, 88]
140: [88]
141: [88]
142: [88]
143: [88]
56
0: [79]
1: [79]
2: [79]
3: [79]
4: [79]
5: [79]
6: [79]
7: [79]
8: [89, 79]
9: [89]
10: [89]
11: [89]
12: [79]
13: [48]
14: [48]
15: [48]
16: [48]
17: [48]
18: [48]
19: [68, 48]
20: [68, 48, 69]
21: [48, 69]
22: [48]
23: [89]
24: [79]
25: [48]
26: [31]
27: [31]
28: [31]
29: [31]
30: [31]
31: [31]
32: [37, 31]
33: [37]
34: [48]
35: [89]
36: [95, 79]
37: [48]
38: [39, 31]
39: [12, 13, 14, 15, 11]
40: [12, 13, 14, 15, 11]
41: [12, 13, 14, 15, 11]
42: [12, 13, 14, 15, 11]
43: [12, 13, 14, 15, 24, 11]
44: [12, 13, 14, 15, 24, 11]
45: [37, 39]
46: [48]
47: [89, 95]
48: [95, 96, 79]
49: [56, 48]
50: [39, 40, 31]
51: [16, 12, 13, 14, 15, 11]
52: [16, 12]
53: [16, 12]
54: [16, 12]
55: [16, 24, 12]
56: []
57: [40, 37, 39]
58: [48, 56]
59: [96, 89, 95]
60: [96, 79]
61: [56]
62: [40, 31]
63: [16, 13, 14, 15, 11]
64: [13]
65: [13]
66: [13]
67: [24, 13]
68: [11, 24, 13, 14, 16, 15]
69: [40, 37]
70: [56]
71: [96, 89]
72: [79]
73: [56]
74: [31]
75: [16, 14, 15, 11]
76: [14]
77: [14]
78: [14]
79: [24, 14]
80: [11, 24, 14, 16, 15]
81: [37]
82: [56]
83: [89]
84: [79]
85: [56]
86: [31]
87: [16, 11, 15]
88: [15]
89: [15]
90: [15]
91: [24, 15]
92: [11, 24, 16, 15]
93: [37]
94: [56]
95: [89]
96: [79]
97: [56]
98: [31]
99: [16, 11]
100: [11, 16]
101: [11, 16]
102: [11, 16]
103: [11, 24, 16]
104: [11, 24, 16]
105: [37]
106: [56]
107: [89]
108: [79]
109: [56]
110: [31]
111: [31]
112: [31]
113: [31]
114: [31]
115: [31]
116: [31, 37]
117: [37]
118: [56]
119: [89]
120: [79]
121: [56]
122: [56]
123: [56]
124: [56]
125: [56]
126: [56]
127: [68, 56]
128: [69, 68, 56]
129: [69, 56]
130: [56]
131: [89]
132: [79]
133: [79]
134: [79]
135: [79]
136: [79]
137: [79]
138: [79]
139: [79]
140: [79, 89]
141: [89]
142: [89]
143: [89]
57
0: [80]
1: [80]
2: [80]
3: [80]
4: [80]
5: [80]
6: [80]
7: [80]
8: [80]
9: [90, 80]
10: [90]
11: [90]
12: [80]
13: [48]
14: [48]
15: [48]
16: [48]
17: [48]
18: [48]
19: [48]
20: [69, 48]
21: [69, 48, 70]
22: [48, 70]
23: [90]
24: [80]
25: [48]
26: [25]
27: [25, 32]
28: [25, 33, 32]
29: [25, 34, 33, 32]
30: [25, 35, 34, 33, 32]
31: [25, 36, 35, 34, 33, 32]
32: [25, 37, 36, 35, 34, 33, 32]
33: [25, 37, 36, 35, 34, 33, 32]
34: [48, 70]
35: [90]
36: [95, 80]
37: [48]
38: [39, 25]
39: [39, 32]
40: [39, 33]
41: [39, 34]
42: [39, 35]
43: [36, 39]
44: [37, 39]
45: [25, 37, 39, 36, 35, 34, 33, 32]
46: [48, 70]
47: [90, 95]
48: [95, 96, 80]
49: [56, 48]
50: [39, 40, 25]
51: [39, 40, 32]
52: [39, 40, 33]
53: [39, 40, 34]
54: [39, 40, 35]
55: [39, 36, 40]
56: [39, 37, 40]
57: []
58: [48, 70, 56]
59: [96, 90, 95]
60: [96, 80]
61: [56]
62: [40, 25]
63: [40, 32]
64: [40, 33]
65: [40, 34]
66: [40, 35]
67: [40, 36]
68: [40, 37]
69: [32, 33, 34, 35, 36, 37, 40, 25]
70: [70, 56]
71: [96, 90]
72: [80]
73: [56]
74: [25]
75: [32]
76: [33]
77: [34]
78: [35]
79: [36]
80: [37]
81: [32, 33, 34, 35, 36, 37, 25]
82: [70, 56]
83: [90]
84: [80]
85: [56]
86: [25]
87: [32]
88: [33]
89: [34]
90: [35]
91: [36]
92: [37]
93: [32, 33, 34, 35, 36, 37, 25]
94: [70, 56]
95: [90]
96: [80]
97: [56]
98: [25]
99: [32]
100: [33]
101: [34]
102: [35]
103: [36]
104: [37]
105: [32, 33, 34, 35, 36, 37, 25]
106: [70, 56]
107: [90]
108: [80]
109: [56]
110: [25]
111: [32, 25]
112: [32, 33, 25]
113: [32, 33, 34, 25]
114: [32, 33, 34, 35, 25]
115: [32, 33, 34, 35, 36, 25]
116: [32, 33, 34, 35, 36, 37, 25]
117: [32, 33, 34, 35, 36, 37, 25]
118: [70, 56]
119: [90]
120: [80]
121: [56]
122: [56]
123: [56]
124: [56]
125: [56]
126: [56]
127: [56]
128: [69, 56]
129: [70, 69, 56]
130: [70, 56]
131: [90]
132: [80]
133: [80]
134: [80]
135: [80]
136: [80]
137: [80]
138: [80]
139: [80]
140: [80]
141: [80, 90]
142: [90]
143: [90]
58
0: [81]
1: [81]
2: [81]
3: [81]
4: [81]
5: [81]
6: [81]
7: [81]
8: [81]
9: [81]
10: [91, 81]
11: [91]
12: [81]
13: [48, 49, 50, 51, 52, 53, 45]
14: [48, 49, 50, 51, 52, 53, 45]
15: [48, 49, 50, 51, 52, 53, 45]
16: [48, 49, 50, 51, 52, 53, 45]
17: [48, 49, 50, 51, 52, 53, 45]
18: [48, 49, 50, 51, 52, 53, 45]
19: [48, 49, 50, 51, 52, 53, 45]
20: [48, 49, 50, 51, 52, 53, 45]
21: [70, 48, 49, 50, 51, 52, 53, 45]
22: [70, 48, 49, 50, 51, 52, 53, 45]
23: [91]
24: [81]
25: [54, 48, 49, 50, 51, 52, 53, 45]
26: [54]
27: [54]
28: [54]
29: [54]
30: [54]
31: [54]
32: [54]
33: [54, 70]
34: [70, 48, 49, 50, 51, 52, 53, 54, 45]
35: [91]
36: [95, 81]
37: [55, 54, 48, 49, 50, 51, 52, 53, 45]
38: [55]
39: [55]
40: [55]
41: [55]
42: [55]
43: [55]
44: [55]
45: [55, 70]
46: [70, 48, 49, 50, 51, 52, 53, 54, 55, 45]
47: [91, 95]
48: [95, 96, 81]
49: [56, 55, 54, 48, 49, 50, 51, 52, 53, 45]
50: [56, 48]
51: [56, 48]
52: [56, 48]
53: [56, 48]
54: [56, 48]
55: [56, 48]
56: [56, 48]
57: [56, 70, 48]
58: []
59: [96, 91, 95]
60: [96, 81]
61: [56, 55, 54, 49, 50, 51, 52, 53, 45]
62: [49]
63: [49]
64: [49]
65: [49]
66: [49]
67: [49]
68: [49]
69: [70, 49]
70: [45, 70, 49, 50, 56, 51, 52, 55, 53, 54]
71: [96, 91]
72: [81]
73: [56, 55, 54, 50, 51, 52, 53, 45]
74: [50]
75: [50]
76: [50]
77: [50]
78: [50]
79: [50]
80: [50]
81: [70, 50]
82: [45, 70, 50, 56, 51, 52, 55, 53, 54]
83: [91]
84: [81]
85: [56, 55, 54, 53, 51, 52, 45]
86: [51]
87: [51]
88: [51]
89: [51]
90: [51]
91: [51]
92: [51]
93: [70, 51]
94: [45, 70, 56, 51, 52, 55, 53, 54]
95: [91]
96: [81]
97: [56, 55, 45, 54, 52, 53]
98: [52]
99: [52]
100: [52]
101: [52]
102: [52]
103: [52]
104: [52]
105: [70, 52]
106: [45, 70, 56, 52, 55, 53, 54]
107: [91]
108: [81]
109: [56, 45, 55, 54, 53]
110: [53]
111: [53]
112: [53]
113: [53]
114: [53]
115: [53]
116: [53]
117: [70, 53]
118: [45, 70, 56, 55, 53, 54]
119: [91]
120: [81]
121: [56, 45, 55, 54]
122: [45, 56, 55, 54]
123: [45, 56, 55, 54]
124: [45, 56, 55, 54]
125: [45, 56, 55, 54]
126: [45, 56, 55, 54]
127: [45, 56, 55, 54]
128: [45, 56, 55, 54]
129: [45, 70, 56, 55, 54]
130: [45, 70, 56, 55, 54]
131: [91]
132: [81]
133: [81]
134: [81]
135: [81]
136: [81]
137: [81]
138: [81]
139: [81]
140: [81]
141: [81]
142: [81, 91]
143: [91]
59
0: [71]
1: [71, 82]
2: [71, 83, 82]
3: [71, 84, 83, 82]
4: [71, 85, 84, 83, 82]
5: [71, 86, 85, 84, 83, 82]
6: [71, 87, 86, 85, 84, 83, 82]
7: [71, 88, 87, 86, 85, 84, 83, 82]
8: [71, 89, 88, 87, 86, 85, 84, 83, 82]
9: [71, 90, 89, 88, 87, 86, 85, 84, 83, 82]
10: [71, 91, 90, 89, 88, 87, 86, 85, 84, 83, 82]
11: [71, 91, 90, 89, 88, 87, 86, 85, 84, 83, 82]
12: [71]
13: [82]
14: [83]
15: [84]
16: [85]
17: [86]
18: [87]
19: [88]
20: [89]
21: [90]
22: [91]
23: [71, 91, 90, 89, 88, 87, 86, 85, 84, 83, 82]
24: [71]
25: [82]
26: [83]
27: [84]
28: [85]
29: [86]
30: [87]
31: [88]
32: [89]
33: [90]
34: [91]
35: [71, 91, 90, 89, 88, 87, 86, 85, 84, 83, 82]
36: [95, 71]
37: [95, 82]
38: [95, 83]
39: [95, 84]
40: [95, 85]
41: [95, 86]
42: [95, 87]
43: [88, 95]
44: [89, 95]
45: [90, 95]
46: [91, 95]
47: [71, 91, 95, 90, 89, 88, 87, 86, 85, 84, 83, 82]
48: [95, 96, 71]
49: [95, 96, 82]
50: [95, 96, 83]
51: [95, 96, 84]
52: [95, 96, 85]
53: [95, 96, 86]
54: [95, 96, 87]
55: [95, 88, 96]
56: [95, 89, 96]
57: [95, 90, 96]
58: [95, 91, 96]
59: []
60: [96, 71]
61: [96, 82]
62: [96, 83]
63: [96, 84]
64: [96, 85]
65: [96, 86]
66: [96, 87]
67: [96, 88]
68: [96, 89]
69: [96, 90]
70: [96, 91]
71: [96, 82, 83, 84, 85, 86, 87, 88, 89, 90, 91, 71]
72: [71]
73: [82]
74: [83]
75: [84]
76: [85]
77: [86]
78: [87]
79: [88]
80: [89]
81: [90]
82: [91]
83: [82, 83, 84, 85, 86, 87, 88, 89, 90, 91, 71]
84: [71]
85: [82]
86: [83]
87: [84]
88: [85]
89: [86]
90: [87]
91: [88]
92: [89]
93: [90]
94: [91]
95: [82, 83, 84, 85, 86, 87, 88, 89, 90, 91, 71]
96: [71]
97: [82]
98: [83]
99: [84]
100: [85]
101: [86]
102: [87]
103: [88]
104: [89]
105: [90]
106: [91]
107: [82, 83, 84, 85, 86, 87, 88, 89, 90, 91, 71]
108: [71]
109: [82]
110: [83]
111: [84]
112: [85]
113: [86]
114: [87]
115: [88]
116: [89]
117: [90]
118: [91]
119: [82, 83, 84, 85, 86, 87, 88, 89, 90, 91, 71]
120: [71]
121: [82]
122: [83]
123: [84]
124: [85]
125: [86]
126: [87]
127: [88]
128: [89]
129: [90]
130: [91]
131: [82, 83, 84, 85, 86, 87, 88, 89, 90, 91, 71]
132: [71]
133: [82, 71]
134: [82, 83, 71]
135: [82, 83, 84, 71]
136: [82, 83, 84, 85, 71]
137: [82, 83, 84, 85, 86, 71]
138: [82, 83, 84, 85, 86, 87, 71]
139: [82, 83, 84, 85, 86, 87, 88, 71]
140: [82, 83, 84, 85, 86, 87, 88, 89, 71]
141: [82, 83, 84, 85, 86, 87, 88, 89, 90, 71]
142: [82, 83, 84, 85, 86, 87, 88, 89, 90, 91, 71]
143: [82, 83, 84, 85, 86, 87, 88, 89, 90, 91, 71]
60
0: [72, 73, 74, 75, 76, 77, 78, 79, 80, 81, 71]
1: [72, 73, 74, 75, 76, 77, 78, 79, 80, 81, 71]
2: [73, 74, 75, 76, 77, 78, 79, 80, 81, 71]
3: [74, 75, 76, 77, 78, 79, 80, 81, 71]
4: [75, 76, 77, 78, 79, 80, 81, 71]
5: [76, 77, 78, 79, 80, 81, 71]
6: [77, 78, 79, 80, 81, 71]
7: [80, 81, 78, 79, 71]
8: [80, 81, 79, 71]
9: [80, 81, 71]
10: [81, 71]
11: [71]
12: [72, 73, 74, 75, 76, 77, 78, 79, 80, 81, 71]
13: [72]
14: [73]
15: [74]
16: [75]
17: [76]
18: [77]
19: [78]
20: [79]
21: [80]
22: [81]
23: [71]
24: [72, 73, 74, 75, 76, 77, 78, 79, 80, 81, 71]
25: [72]
26: [73]
27: [74]
28: [75]
29: [76]
30: [77]
31: [78]
32: [79]
33: [80]
34: [81]
35: [71]
36: [72, 73, 74, 75, 76, 77, 78, 79, 80, 81, 71]
37: [72]
38: [73]
39: [74]
40: [75]
41: [76]
42: [77]
43: [78]
44: [79]
45: [80]
46: [81]
47: [71]
48: [96, 72, 73, 74, 75, 76, 77, 78, 79, 80, 81, 71]
49: [96, 72]
50: [96, 73]
51: [96, 74]
52: [96, 75]
53: [96, 76]
54: [96, 77]
55: [96, 78]
56: [96, 79]
57: [96, 80]
58: [96, 81]
59: [96, 71]
60: []
61: [97, 72, 96]
62: [97, 73, 96]
63: [97, 74, 96]
64: [97, 75, 96]
65: [97, 76, 96]
66: [97, 77, 96]
67: [97, 96, 78]
68: [97, 96, 79]
69: [97, 96, 80]
70: [97, 96, 81]
71: [97, 96, 71]
72: [71, 72, 97, 73, 74, 75, 76, 77, 78, 79, 80, 81]
73: [72, 97]
74: [73, 97]
75: [74, 97]
76: [75, 97]
77: [76, 97]
78: [97, 77]
79: [97, 78]
80: [97, 79]
81: [97, 80]
82: [97, 81]
83: [97, 71]
84: [71, 72, 73, 74, 75, 76, 77, 78, 79, 80, 81]
85: [72]
86: [73]
87: [74]
88: [75]
89: [76]
90: [77]
91: [78]
92: [79]
93: [80]
94: [81]
95: [71]
96: [71, 72, 73, 74, 75, 76, 77, 78, 79, 80, 81]
97: [72]
98: [73]
99: [74]
100: [75]
101: [76]
102: [77]
103: [78]
104: [79]
105: [80]
106: [81]
107: [71]
108: [71, 72, 73, 74, 75, 76, 77, 78, 79, 80, 81]
109: [72]
110: [73]
111: [74]
112: [75]
113: [76]
114: [77]
115: [78]
116: [79]
117: [80]
118: [81]
119: [71]
120: [71, 72, 73, 74, 75, 76, 77, 78, 79, 80, 81]
121: [72]
122: [73]
123: [74]
124: [75]
125: [76]
126: [77]
127: [78]
128: [79]
129: [80]
130: [81]
131: [71]
132: [71, 72, 73, 74, 75, 76, 77, 78, 79, 80, 81]
133: [71, 72, 73, 74, 75, 76, 77, 78, 79, 80, 81]
134: [71, 73, 74, 75, 76, 77, 78, 79, 80, 81]
135: [71, 74, 75, 76, 77, 78, 79, 80, 81]
136: [71, 75, 76, 77, 78, 79, 80, 81]
137: [71, 76, 77, 78, 79, 80, 81]
138: [71, 77, 78, 79, 80, 81]
139: [71, 78, 79, 80, 81]
140: [71, 79, 80, 81]
141: [71, 80, 81]
142: [71, 81]
143: [71]
61
0: [72]
1: [82, 72]
2: [82]
3: [82]
4: [82]
5: [82]
6: [82]
7: [82]
8: [82]
9: [82]
10: [82]
11: [82]
12: [72]
13: [45, 62, 49, 50, 51, 52, 53]
14: [45, 62, 49, 50, 51, 52, 53]
15: [45, 49, 50, 51, 52, 53]
16: [45, 49, 50, 51, 52, 53]
17: [45, 49, 50, 51, 52, 53]
18: [45, 49, 50, 51, 52, 53]
19: [45, 49, 50, 51, 52, 53]
20: [45, 49, 50, 51, 52, 53]
21: [45, 49, 50, 51, 52, 53]
22: [49, 45, 50, 51, 52, 53]
23: [82]
24: [72]
25: [45, 62, 49, 50, 51, 52, 53, 54]
26: [62, 54]
27: [54]
28: [54]
29: [54]
30: [54]
31: [54]
32: [54]
33: [54]
34: [49, 50, 45, 51, 52, 53, 54]
35: [82]
36: [72]
37: [45, 62, 49, 50, 51, 52, 55, 53, 54]
38: [62, 55]
39: [55]
40: [55]
41: [55]
42: [55]
43: [55]
44: [55]
45: [55]
46: [49, 50, 51, 45, 52, 53, 54, 55]
47: [82]
48: [96, 72]
49: [45, 62, 49, 50, 56, 51, 52, 55, 53, 54]
50: [62, 56]
51: [56]
52: [56]
53: [56]
54: [56]
55: [56]
56: [56]
57: [56]
58: [49, 50, 51, 52, 45, 53, 56, 54, 55]
59: [96, 82]
60: [96, 72, 97]
61: []
62: [49, 62, 57]
63: [49, 57]
64: [49, 57]
65: [49, 57]
66: [49, 57]
67: [49, 57]
68: [49, 57]
69: [49, 57]
70: [49, 50, 51, 52, 53, 45, 56, 57, 54, 55]
71: [97, 96, 82]
72: [72, 97]
73: [50, 51, 52, 53, 54, 55, 56, 57, 62, 45]
74: [50, 62]
75: [50]
76: [50]
77: [50]
78: [50]
79: [50]
80: [50]
81: [50]
82: [50, 51, 52, 53, 45, 54, 55, 56, 57]
83: [97, 82]
84: [72]
85: [51, 52, 53, 54, 55, 56, 57, 62, 45]
86: [51, 62]
87: [51]
88: [51]
89: [51]
90: [51]
91: [51]
92: [51]
93: [51]
94: [51, 52, 53, 56, 57, 54, 55, 45]
95: [82]
96: [72]
97: [52, 53, 54, 55, 56, 57, 62, 45]
98: [52, 62]
99: [52]
100: [52]
101: [52]
102: [52]
103: [52]
104: [52]
105: [52]
106: [52, 53, 56, 57, 54, 55, 45]
107: [82]
108: [72]
109: [53, 54, 55, 56, 57, 62, 45]
110: [53, 62]
111: [53]
112: [53]
113: [53]
114: [53]
115: [53]
116: [53]
117: [53]
118: [53, 56, 57, 54, 55, 45]
119: [82]
120: [72]
121: [54, 55, 56, 57, 62, 45]
122: [54, 55, 56, 57, 62, 45]
123: [56, 57, 54, 55, 45]
124: [56, 57, 54, 55, 45]
125: [56, 57, 54, 55, 45]
126: [56, 57, 54, 55, 45]
127: [56, 57, 54, 55, 45]
128: [56, 57, 54, 55, 45]
129: [56, 57, 54, 55, 45]
130: [56, 57, 54, 55, 45]
131: [82]
132: [72]
133: [72, 82]
134: [82]
135: [82]
136: [82]
137: [82]
138: [82]
139: [82]
140: [82]
141: [82]
142: [82]
143: [82]
62
0: [73]
1: [73]
2: [83, 73]
3: [83]
4: [83]
5: [83]
6: [83]
7: [83]
8: [83]
9: [83]
10: [83]
11: [83]
12: [73]
13: [62, 49]
14: [62, 63, 49]
15: [63, 49]
16: [49]
17: [49]
18: [49]
19: [49]
20: [49]
21: [49]
22: [49]
23: [83]
24: [73]
25: [62, 49]
26: [26, 27, 28, 29, 30, 31, 25]
27: [26, 27, 28, 29, 30, 31, 25]
28: [27, 28, 29, 30, 31, 25]
29: [28, 29, 30, 31, 25]
30: [29, 30, 31, 25]
31: [30, 31, 25]
32: [31, 25]
33: [25]
34: [49]
35: [83]
36: [73]
37: [62, 49]
38: [26, 27, 28, 29, 30, 31, 25]
39: [26]
40: [27]
41: [28]
42: [29]
43: [30]
44: [31]
45: [25]
46: [49]
47: [83]
48: [96, 73]
49: [62, 49]
50: [40, 26, 27, 28, 29, 30, 31, 25]
51: [40, 26]
52: [40, 27]
53: [40, 28]
54: [40, 29]
55: [40, 30]
56: [40, 31]
57: [40, 25]
58: [49]
59: [96, 83]
60: [96, 73, 97]
61: [57, 62, 49]
62: []
63: [41, 26, 40]
64: [41, 27, 40]
65: [41, 28, 40]
66: [41, 29, 40]
67: [41, 40, 30]
68: [41, 40, 31]
69: [41, 40, 25]
70: [49, 57]
71: [97, 96, 83]
72: [73, 97]
73: [57, 62]
74: [25, 41, 26, 27, 28, 29, 30, 31]
75: [26, 41]
76: [27, 41]
77: [28, 41]
78: [41, 29]
79: [41, 30]
80: [41, 31]
81: [41, 25]
82: [57]
83: [97, 83]
84: [73]
85: [57, 62]
86: [25, 26, 27, 28, 29, 30, 31]
87: [26]
88: [27]
89: [28]
90: [29]
91: [30]
92: [31]
93: [25]
94: [57]
95: [83]
96: [73]
97: [57, 62]
98: [25, 26, 27, 28, 29, 30, 31]
99: [26]
100: [27]
101: [28]
102: [29]
103: [30]
104: [31]
105: [25]
106: [57]
107: [83]
108: [73]
109: [57, 62]
110: [25, 26, 27, 28, 29, 30, 31]
111: [25, 26, 27, 28, 29, 30, 31]
112: [25, 27, 28, 29, 30, 31]
113: [25, 28, 29, 30, 31]
114: [25, 29, 30, 31]
115: [25, 30, 31]
116: [25, 31]
117: [25]
118: [57]
119: [83]
120: [73]
121: [57, 62]
122: [63, 57, 62]
123: [63, 57]
124: [57]
125: [57]
126: [57]
127: [57]
128: [57]
129: [57]
130: [57]
131: [83]
132: [73]
133: [73]
134: [73, 83]
135: [83]
136: [83]
137: [83]
138: [83]
139: [83]
140: [83]
141: [83]
142: [83]
143: [83]
63
0: [74]
1: [74]
2: [74]
3: [84, 74]
4: [84]
5: [84]
6: [84]
7: [84]
8: [84]
9: [84]
10: [84]
11: [84]
12: [74]
13: [49]
14: [63, 49]
15: [63, 64, 49]
16: [64, 49]
17: [49]
18: [49]
19: [49]
20: [49]
21: [49]
22: [49]
23: [84]
24: [74]
25: [49]
26: [26]
27: [32, 26]
28: [32]
29: [32]
30: [32]
31: [32]
32: [32]
33: [32]
34: [49]
35: [84]
36: [74]
37: [49]
38: [26]
39: [11, 20, 13, 14, 15]
40: [11, 20, 13, 14, 15]
41: [11, 13, 14, 15]
42: [11, 13, 14, 15]
43: [11, 13, 14, 15]
44: [11, 13, 14, 15]
45: [32]
46: [49]
47: [84]
48: [96, 74]
49: [49]
50: [40, 26]
51: [11, 20, 13, 14, 16, 15]
52: [20, 16]
53: [16]
54: [16]
55: [16]
56: [13, 11, 14, 15, 16]
57: [40, 32]
58: [49]
59: [96, 84]
60: [96, 74, 97]
61: [57, 49]
62: [40, 26, 41]
63: []
64: [13, 20, 17]
65: [13, 17]
66: [13, 17]
67: [13, 17]
68: [13, 14, 11, 15, 16, 17]
69: [41, 40, 32]
70: [49, 57]
71: [97, 96, 84]
72: [74, 97]
73: [57]
74: [26, 41]
75: [14, 15, 16, 17, 20, 11]
76: [14, 20]
77: [14]
78: [14]
79: [14]
80: [14, 15, 16, 17, 11]
81: [41, 32]
82: [57]
83: [97, 84]
84: [74]
85: [57]
86: [26]
87: [16, 17, 20, 15, 11]
88: [15, 20]
89: [15]
90: [15]
91: [15]
92: [15, 16, 17, 11]
93: [32]
94: [57]
95: [84]
96: [74]
97: [57]
98: [26]
99: [16, 17, 20, 11]
100: [16, 17, 20, 11]
101: [16, 17, 11]
102: [16, 17, 11]
103: [16, 17, 11]
104: [16, 17, 11]
105: [32]
106: [57]
107: [84]
108: [74]
109: [57]
110: [26]
111: [26, 32]
112: [32]
113: [32]
114: [32]
115: [32]
116: [32]
117: [32]
118: [57]
119: [84]
120: [74]
121: [57]
122: [57, 63]
123: [64, 57, 63]
124: [64, 57]
125: [57]
126: [57]
127: [57]
128: [57]
129: [57]
130: [57]
131: [84]
132: [74]
133: [74]
134: [74]
135: [74, 84]
136: [84]
137: [84]
138: [84]
139: [84]
140: [84]
141: [84]
142: [84]
143: [84]
64
0: [75]
1: [75]
2: [75]
3: [75]
4: [85, 75]
5: [85]
6: [85]
7: [85]
8: [85]
9: [85]
10: [85]
11: [85]
12: [75]
13: [49]
14: [49]
15: [64, 49]
16: [64, 65, 49]
17: [65, 49]
18: [49]
19: [49]
20: [49]
21: [49]
22: [49]
23: [85]
24: [75]
25: [49]
26: [27]
27: [27]
28: [33, 27]
29: [33]
30: [33]
31: [33]
32: [33]
33: [33]
34: [49]
35: [85]
36: [75]
37: [49]
38: [27]
39: [20, 13]
40: [20, 21, 13]
41: [21, 13]
42: [13]
43: [13]
44: [13]
45: [33]
46: [49]
47: [85]
48: [96, 75]
49: [49]
50: [40, 27]
51: [20, 13]
52: [8, 4, 5, 3]
53: [8, 4, 5, 3]
54: [8, 5, 3]
55: [8, 3]
56: [13]
57: [40, 33]
58: [49]
59: [96, 85]
60: [96, 75, 97]
61: [57, 49]
62: [40, 27, 41]
63: [17, 20, 13]
64: []
65: [9, 4, 8]
66: [9, 5, 8]
67: [9, 8, 3]
68: [13, 17]
69: [41, 40, 33]
70: [49, 57]
71: [97, 96, 85]
72: [75, 97]
73: [57]
74: [27, 41]
75: [17, 20]
76: [3, 9, 4, 5]
77: [4, 9]
78: [9, 5]
79: [9, 3]
80: [17]
81: [41, 33]
82: [57]
83: [97, 85]
84: [75]
85: [57]
86: [27]
87: [17, 20]
88: [3, 4, 5]
89: [3, 4, 5]
90: [3, 5]
91: [3]
92: [17]
93: [33]
94: [57]
95: [85]
96: [75]
97: [57]
98: [27]
99: [17, 20]
100: [21, 17, 20]
101: [21, 17]
102: [17]
103: [17]
104: [17]
105: [33]
106: [57]
107: [85]
108: [75]
109: [57]
110: [27]
111: [27]
112: [27, 33]
113: [33]
114: [33]
115: [33]
116: [33]
117: [33]
118: [57]
119: [85]
120: [75]
121: [57]
122: [57]
123: [57, 64]
124: [65, 57, 64]
125: [65, 57]
126: [57]
127: [57]
128: [57]
129: [57]
130: [57]
131: [85]
132: [75]
133: [75]
134: [75]
135: [75]
136: [75, 85]
137: [85]
138: [85]
139: [85]
140: [85]
141: [85]
142: [85]
143: [85]
65
0: [76]
1: [76]
2: [76]
3: [76]
4: [76]
5: [86, 76]
6: [86]
7: [86]
8: [86]
9: [86]
10: [86]
11: [86]
12: [76]
13: [49]
14: [49]
15: [49]
16: [65, 49]
17: [65, 49, 66]
18: [49, 66]
19: [49]
20: [49]
21: [49]
22: [49]
23: [86]
24: [76]
25: [49]
26: [28]
27: [28]
28: [28]
29: [34, 28]
30: [34]
31: [34]
32: [34]
33: [34]
34: [49]
35: [86]
36: [76]
37: [49]
38: [28]
39: [13]
40: [21, 13]
41: [21, 13, 22]
42: [13, 22]
43: [13]
44: [13]
45: [34]
46: [49]
47: [86]
48: [96, 76]
49: [49]
50: [40, 28]
51: [13]
52: [8, 4]
53: [6, 8, 4]
54: [6, 8]
55: [6, 8]
56: [13]
57: [34, 40]
58: [49]
59: [86, 96]
60: [96, 76, 97]
61: [57, 49]
62: [40, 28, 41]
63: [17, 13]
64: [8, 4, 9]
65: []
66: [1, 2]
67: [9, 6, 8]
68: [13, 17]
69: [41, 34, 40]
70: [49, 57]
71: [97, 86, 96]
72: [76, 97]
73: [57]
74: [28, 41]
75: [17]
76: [4, 9]
77: [2, 1]
78: [1, 2]
79: [9, 6]
80: [17]
81: [41, 34]
82: [57]
83: [97, 86]
84: [76]
85: [57]
86: [28]
87: [17]
88: [4]
89: [4, 6]
90: [6]
91: [6]
92: [17]
93: [34]
94: [57]
95: [86]
96: [76]
97: [57]
98: [28]
99: [17]
100: [17, 21]
101: [22, 17, 21]
102: [22, 17]
103: [17]
104: [17]
105: [34]
106: [57]
107: [86]
108: [76]
109: [57]
110: [28]
111: [28]
112: [28]
113: [28, 34]
114: [34]
115: [34]
116: [34]
117: [34]
118: [57]
119: [86]
120: [76]
121: [57]
122: [57]
123: [57]
124: [57, 65]
125: [66, 57, 65]
126: [66, 57]
127: [57]
128: [57]
129: [57]
130: [57]
131: [86]
132: [76]
133: [76]
134: [76]
135: [76]
136: [76]
137: [76, 86]
138: [86]
139: [86]
140: [86]
141: [86]
142: [86]
143: [86]
66
0: [77]
1: [77]
2: [77]
3: [77]
4: [77]
5: [77]
6: [87, 77]
7: [87]
8: [87]
9: [87]
10: [87]
11: [87]
12: [77]
13: [49]
14: [49]
15: [49]
16: [49]
17: [66, 49]
18: [66, 49, 67]
19: [49, 67]
20: [49]
21: [49]
22: [49]
23: [87]
24: [77]
25: [49]
26: [29]
27: [29]
28: [29]
29: [29]
30: [35, 29]
31: [35]
32: [35]
33: [35]
34: [49]
35: [87]
36: [77]
37: [49]
38: [29]
39: [13]
40: [13]
41: [22, 13]
42: [22, 13, 23]
43: [13, 23]
44: [13]
45: [35]
46: [49]
47: [87]
48: [96, 77]
49: [49]
50: [40, 29]
51: [13]
52: [8, 5]
53: [8, 5]
54: [7, 8, 5]
55: [7, 8]
56: [13]
57: [35, 40]
58: [49]
59: [87, 96]
60: [96, 97, 77]
61: [57, 49]
62: [40, 41, 29]
63: [17, 13]
64: [8, 9, 5]
65: [2, 1]
66: []
67: [9, 7, 8]
68: [13, 17]
69: [41, 35, 40]
70: [49, 57]
71: [97, 87, 96]
72: [97, 77]
73: [57]
74: [41, 29]
75: [17]
76: [9, 5]
77: [1, 2]
78: [1, 2]
79: [9, 7]
80: [17]
81: [41, 35]
82: [57]
83: [97, 87]
84: [77]
85: [57]
86: [29]
87: [17]
88: [5]
89: [5]
90: [5, 7]
91: [7]
92: [17]
93: [35]
94: [57]
95: [87]
96: [77]
97: [57]
98: [29]
99: [17]
100: [17]
101: [17, 22]
102: [23, 17, 22]
103: [23, 17]
104: [17]
105: [35]
106: [57]
107: [87]
108: [77]
109: [57]
110: [29]
111: [29]
112: [29]
113: [29]
114: [29, 35]
115: [35]
116: [35]
117: [35]
118: [57]
119: [87]
120: [77]
121: [57]
122: [57]
123: [57]
124: [57]
125: [57, 66]
126: [67, 57, 66]
127: [67, 57]
128: [57]
129: [57]
130: [57]
131: [87]
132: [77]
133: [77]
134: [77]
135: [77]
136: [77]
137: [77]
138: [77, 87]
139: [87]
140: [87]
141: [87]
142: [87]
143: [87]
67
0: [78]
1: [78]
2: [78]
3: [78]
4: [78]
5: [78]
6: [78]
7: [88, 78]
8: [88]
9: [88]
10: [88]
11: [88]
12: [78]
13: [49]
14: [49]
15: [49]
16: [49]
17: [49]
18: [67, 49]
19: [67, 49, 68]
20: [49, 68]
21: [49]
22: [49]
23: [88]
24: [78]
25: [49]
26: [30]
27: [30]
28: [30]
29: [30]
30: [30]
31: [36, 30]
32: [36]
33: [36]
34: [49]
35: [88]
36: [78]
37: [49]
38: [30]
39: [13]
40: [13]
41: [13]
42: [23, 13]
43: [23, 13, 24]
44: [13, 24]
45: [36]
46: [49]
47: [88]
48: [96, 78]
49: [49]
50: [40, 30]
51: [13]
52: [8, 3]
53: [3, 8, 6]
54: [3, 8, 7, 6]
55: [3, 8, 7, 6]
56: [13, 24]
57: [36, 40]
58: [49]
59: [88, 96]
60: [96, 97, 78]
61: [57, 49]
62: [40, 41, 30]
63: [17, 13]
64: [8, 9, 3]
65: [8, 9, 6]
66: [8, 7, 9]
67: []
68: [13, 24, 17]
69: [41, 36, 40]
70: [49, 57]
71: [97, 88, 96]
72: [97, 78]
73: [57]
74: [41, 30]
75: [17]
76: [9, 3]
77: [9, 6]
78: [9, 7]
79: [9, 6, 7, 3]
80: [24, 17]
81: [41, 36]
82: [57]
83: [97, 88]
84: [78]
85: [57]
86: [30]
87: [17]
88: [3]
89: [6, 3]
90: [6, 7, 3]
91: [6, 7, 3]
92: [24, 17]
93: [36]
94: [57]
95: [88]
96: [78]
97: [57]
98: [30]
99: [17]
100: [17]
101: [17]
102: [23, 17]
103: [24, 23, 17]
104: [24, 17]
105: [36]
106: [57]
107: [88]
108: [78]
109: [57]
110: [30]
111: [30]
112: [30]
113: [30]
114: [30]
115: [30, 36]
116: [36]
117: [36]
118: [57]
119: [88]
120: [78]
121: [57]
122: [57]
123: [57]
124: [57]
125: [57]
126: [67, 57]
127: [68, 67, 57]
128: [68, 57]
129: [57]
130: [57]
131: [88]
132: [78]
133: [78]
134: [78]
135: [78]
136: [78]
137: [78]
138: [78]
139: [78, 88]
140: [88]
141: [88]
142: [88]
143: [88]
68
0: [79]
1: [79]
2: [79]
3: [79]
4: [79]
5: [79]
6: [79]
7: [79]
8: [89, 79]
9: [89]
10: [89]
11: [89]
12: [79]
13: [49]
14: [49]
15: [49]
16: [49]
17: [49]
18: [49]
19: [68, 49]
20: [68, 49, 69]
21: [49, 69]
22: [49]
23: [89]
24: [79]
25: [49]
26: [31]
27: [31]
28: [31]
29: [31]
30: [31]
31: [31]
32: [37, 31]
33: [37]
34: [49]
35: [89]
36: [79]
37: [49]
38: [31]
39: [13, 14, 15, 11]
40: [13, 14, 15, 11]
41: [13, 14, 15, 11]
42: [13, 14, 15, 11]
43: [24, 13, 14, 15, 11]
44: [24, 13, 14, 15, 11]
45: [37]
46: [49]
47: [89]
48: [96, 79]
49: [49]
50: [40, 31]
51: [16, 13, 14, 15, 11]
52: [16]
53: [16]
54: [16]
55: [16, 24]
56: [13, 14, 15, 16, 24, 11]
57: [37, 40]
58: [49]
59: [89, 96]
60: [96, 97, 79]
61: [57, 49]
62: [40, 41, 31]
63: [17, 16, 13, 14, 15, 11]
64: [17, 13]
65: [17, 13]
66: [17, 13]
67: [17, 24, 13]
68: []
69: [41, 37, 40]
70: [49, 57]
71: [97, 89, 96]
72: [97, 79]
73: [57]
74: [41, 31]
75: [17, 16, 11, 14, 15]
76: [14]
77: [14]
78: [14]
79: [24, 14]
80: [11, 24, 17, 14, 16, 15]
81: [41, 37]
82: [57]
83: [97, 89]
84: [79]
85: [57]
86: [31]
87: [17, 16, 11, 15]
88: [15]
89: [15]
90: [15]
91: [24, 15]
92: [11, 24, 17, 16, 15]
93: [37]
94: [57]
95: [89]
96: [79]
97: [57]
98: [31]
99: [17, 11, 16]
100: [11, 17, 16]
101: [11, 17, 16]
102: [11, 17, 16]
103: [11, 24, 17, 16]
104: [11, 24, 17, 16]
105: [37]
106: [57]
107: [89]
108: [79]
109: [57]
110: [31]
111: [31]
112: [31]
113: [31]
114: [31]
115: [31]
116: [31, 37]
117: [37]
118: [57]
119: [89]
120: [79]
121: [57]
122: [57]
123: [57]
124: [57]
125: [57]
126: [57]
127: [68, 57]
128: [69, 68, 57]
129: [69, 57]
130: [57]
131: [89]
132: [79]
133: [79]
134: [79]
135: [79]
136: [79]
137: [79]
138: [79]
139: [79]
140: [79, 89]
141: [89]
142: [89]
143: [89]
69
0: [80]
1: [80]
2: [80]
3: [80]
4: [80]
5: [80]
6: [80]
7: [80]
8: [80]
9: [90, 80]
10: [90]
11: [90]
12: [80]
13: [49]
14: [49]
15: [49]
16: [49]
17: [49]
18: [49]
19: [49]
20: [69, 49]
21: [69, 49, 70]
22: [49, 70]
23: [90]
24: [80]
25: [49]
26: [25]
27: [25, 32]
28: [25, 33, 32]
29: [25, 34, 33, 32]
30: [25, 35, 34, 33, 32]
31: [25, 36, 35, 34, 33, 32]
32: [25, 37, 36, 35, 34, 33, 32]
33: [25, 37, 36, 35, 34, 33, 32]
34: [49, 70]
35: [90]
36: [80]
37: [49]
38: [25]
39: [32]
40: [33]
41: [34]
42: [35]
43: [36]
44: [37]
45: [25, 37, 36, 35, 34, 33, 32]
46: [49, 70]
47: [90]
48: [96, 80]
49: [49]
50: [40, 25]
51: [40, 32]
52: [40, 33]
53: [40, 34]
54: [40, 35]
55: [36, 40]
56: [37, 40]
57: [25, 40, 37, 36, 35, 34, 33, 32]
58: [49, 70]
59: [90, 96]
60: [96, 97, 80]
61: [57, 49]
62: [40, 41, 25]
63: [40, 41, 32]
64: [40, 41, 33]
65: [40, 41, 34]
66: [40, 35, 41]
67: [40, 36, 41]
68: [40, 37, 41]
69: []
70: [49, 70, 57]
71: [97, 90, 96]
72: [97, 80]
73: [57]
74: [41, 25]
75: [41, 32]
76: [41, 33]
77: [41, 34]
78: [41, 35]
79: [41, 36]
80: [41, 37]
81: [32, 33, 34, 35, 36, 37, 41, 25]
82: [70, 57]
83: [97, 90]
84: [80]
85: [57]
86: [25]
87: [32]
88: [33]
89: [34]
90: [35]
91: [36]
92: [37]
93: [32, 33, 34, 35, 36, 37, 25]
94: [70, 57]
95: [90]
96: [80]
97: [57]
98: [25]
99: [32]
100: [33]
101: [34]
102: [35]
103: [36]
104: [37]
105: [32, 33, 34, 35, 36, 37, 25]
106: [70, 57]
107: [90]
108: [80]
109: [57]
110: [25]
111: [32, 25]
112: [32, 33, 25]
113: [32, 33, 34, 25]
114: [32, 33, 34, 35, 25]
115: [32, 33, 34, 35, 36, 25]
116: [32, 33, 34, 35, 36, 37, 25]
117: [32, 33, 34, 35, 36, 37, 25]
118: [70, 57]
119: [90]
120: [80]
121: [57]
122: [57]
123: [57]
124: [57]
125: [57]
126: [57]
127: [57]
128: [69, 57]
129: [70, 69, 57]
130: [70, 57]
131: [90]
132: [80]
133: [80]
134: [80]
135: [80]
136: [80]
137: [80]
138: [80]
139: [80]
140: [80]
141: [80, 90]
142: [90]
143: [90]
70
0: [81]
1: [81]
2: [81]
3: [81]
4: [81]
5: [81]
6: [81]
7: [81]
8: [81]
9: [81]
10: [91, 81]
11: [91]
12: [81]
13: [49, 50, 51, 52, 53, 45]
14: [49, 50, 51, 52, 53, 45]
15: [49, 50, 51, 52, 53, 45]
16: [49, 50, 51, 52, 53, 45]
17: [49, 50, 51, 52, 53, 45]
18: [49, 50, 51, 52, 53, 45]
19: [49, 50, 51, 52, 53, 45]
20: [49, 50, 51, 52, 53, 45]
21: [70, 49, 50, 51, 52, 53, 45]
22: [70, 49, 50, 51, 52, 53, 45]
23: [91]
24: [81]
25: [54, 49, 50, 51, 52, 53, 45]
26: [54]
27: [54]
28: [54]
29: [54]
30: [54]
31: [54]
32: [54]
33: [54, 70]
34: [70, 49, 50, 51, 52, 53, 54, 45]
35: [91]
36: [81]
37: [55, 54, 49, 50, 51, 52, 53, 45]
38: [55]
39: [55]
40: [55]
41: [55]
42: [55]
43: [55]
44: [55]
45: [55, 70]
46: [70, 49, 50, 51, 52, 53, 54, 55, 45]
47: [91]
48: [96, 81]
49: [56, 55, 54, 49, 50, 51, 52, 53, 45]
50: [56]
51: [56]
52: [56]
53: [56]
54: [56]
55: [56]
56: [56]
57: [56, 70]
58: [70, 49, 50, 51, 52, 53, 54, 55, 56, 45]
59: [91, 96]
60: [96, 97, 81]
61: [57, 56, 55, 54, 49, 50, 51, 52, 53, 45]
62: [57, 49]
63: [57, 49]
64: [57, 49]
65: [57, 49]
66: [57, 49]
67: [57, 49]
68: [57, 49]
69: [57, 70, 49]
70: []
71: [97, 91, 96]
72: [97, 81]
73: [57, 56, 55, 54, 45, 50, 51, 52, 53]
74: [50]
75: [50]
76: [50]
77: [50]
78: [50]
79: [50]
80: [50]
81: [70, 50]
82: [45, 70, 57, 50, 56, 51, 52, 55, 53, 54]
83: [97, 91]
84: [81]
85: [57, 56, 55, 45, 54, 51, 52, 53]
86: [51]
87: [51]
88: [51]
89: [51]
90: [51]
91: [51]
92: [51]
93: [70, 51]
94: [45, 70, 57, 56, 51, 52, 55, 53, 54]
95: [91]
96: [81]
97: [57, 56, 45, 55, 54, 52, 53]
98: [52]
99: [52]
100: [52]
101: [52]
102: [52]
103: [52]
104: [52]
105: [70, 52]
106: [45, 70, 57, 56, 52, 55, 53, 54]
107: [91]
108: [81]
109: [57, 56, 45, 55, 54, 53]
110: [53]
111: [53]
112: [53]
113: [53]
114: [53]
115: [53]
116: [53]
117: [70, 53]
118: [45, 70, 57, 56, 55, 53, 54]
119: [91]
120: [81]
121: [57, 45, 56, 55, 54]
122: [45, 57, 56, 55, 54]
123: [45, 57, 56, 55, 54]
124: [45, 57, 56, 55, 54]
125: [45, 57, 56, 55, 54]
126: [45, 57, 56, 55, 54]
127: [45, 57, 56, 55, 54]
128: [45, 57, 56, 55, 54]
129: [45, 70, 57, 56, 55, 54]
130: [45, 70, 57, 56, 55, 54]
131: [91]
132: [81]
133: [81]
134: [81]
135: [81]
136: [81]
137: [81]
138: [81]
139: [81]
140: [81]
141: [81]
142: [81, 91]
143: [91]
71
0: [71]
1: [71, 82]
2: [71, 83, 82]
3: [71, 84, 83, 82]
4: [71, 85, 84, 83, 82]
5: [71, 86, 85, 84, 83, 82]
6: [71, 87, 86, 85, 84, 83, 82]
7: [71, 88, 87, 86, 85, 84, 83, 82]
8: [71, 89, 88, 87, 86, 85, 84, 83, 82]
9: [71, 90, 89, 88, 87, 86, 85, 84, 83, 82]
10: [71, 91, 90, 89, 88, 87, 86, 85, 84, 83, 82]
11: [71, 91, 90, 89, 88, 87, 86, 85, 84, 83, 82]
12: [71]
13: [82]
14: [83]
15: [84]
16: [85]
17: [86]
18: [87]
19: [88]
20: [89]
21: [90]
22: [91]
23: [71, 91, 90, 89, 88, 87, 86, 85, 84, 83, 82]
24: [71]
25: [82]
26: [83]
27: [84]
28: [85]
29: [86]
30: [87]
31: [88]
32: [89]
33: [90]
34: [91]
35: [71, 91, 90, 89, 88, 87, 86, 85, 84, 83, 82]
36: [71]
37: [82]
38: [83]
39: [84]
40: [85]
41: [86]
42: [87]
43: [88]
44: [89]
45: [90]
46: [91]
47: [71, 91, 90, 89, 88, 87, 86, 85, 84, 83, 82]
48: [96, 71]
49: [96, 82]
50: [96, 83]
51: [96, 84]
52: [96, 85]
53: [96, 86]
54: [96, 87]
55: [88, 96]
56: [89, 96]
57: [90, 96]
58: [91, 96]
59: [71, 96, 91, 90, 89, 88, 87, 86, 85, 84, 83, 82]
60: [96, 97, 71]
61: [96, 97, 82]
62: [96, 97, 83]
63: [96, 97, 84]
64: [96, 97, 85]
65: [96, 97, 86]
66: [96, 87, 97]
67: [96, 88, 97]
68: [96, 89, 97]
69: [96, 90, 97]
70: [96, 91, 97]
71: []
72: [97, 71]
73: [97, 82]
74: [97, 83]
75: [97, 84]
76: [97, 85]
77: [97, 86]
78: [97, 87]
79: [97, 88]
80: [97, 89]
81: [97, 90]
82: [97, 91]
83: [97, 82, 83, 84, 85, 86, 87, 88, 89, 90, 91, 71]
84: [71]
85: [82]
86: [83]
87: [84]
88: [85]
89: [86]
90: [87]
91: [88]
92: [89]
93: [90]
94: [91]
95: [82, 83, 84, 85, 86, 87, 88, 89, 90, 91, 71]
96: [71]
97: [82]
98: [83]
99: [84]
100: [85]
101: [86]
102: [87]
103: [88]
104: [89]
105: [90]
106: [91]
107: [82, 83, 84, 85, 86, 87, 88, 89, 90, 91, 71]
108: [71]
109: [82]
110: [83]
111: [84]
112: [85]
113: [86]
114: [87]
115: [88]
116: [89]
117: [90]
118: [91]
119: [82, 83, 84, 85, 86, 87, 88, 89, 90, 91, 71]
120: [71]
121: [82]
122: [83]
123: [84]
124: [85]
125: [86]
126: [87]
127: [88]
128: [89]
129: [90]
130: [91]
131: [82, 83, 84, 85, 86, 87, 88, 89, 90, 91, 71]
132: [71]
133: [82, 71]
134: [82, 83, 71]
135: [82, 83, 84, 71]
136: [82, 83, 84, 85, 71]
137: [82, 83, 84, 85, 86, 71]
138: [82, 83, 84, 85, 86, 87, 71]
139: [82, 83, 84, 85, 86, 87, 88, 71]
140: [82, 83, 84, 85, 86, 87, 88, 89, 71]
141: [82, 83, 84, 85, 86, 87, 88, 89, 90, 71]
142: [82, 83, 84, 85, 86, 87, 88, 89, 90, 91, 71]
143: [82, 83, 84, 85, 86, 87, 88, 89, 90, 91, 71]
72
0: [72, 73, 74, 75, 76, 77, 78, 79, 80, 81, 71]
1: [72, 73, 74, 75, 76, 77, 78, 79, 80, 81, 71]
2: [73, 74, 75, 76, 77, 78, 79, 80, 81, 71]
3: [74, 75, 76, 77, 78, 79, 80, 81, 71]
4: [75, 76, 77, 78, 79, 80, 81, 71]
5: [76, 77, 78, 79, 80, 81, 71]
6: [77, 78, 79, 80, 81, 71]
7: [80, 81, 78, 79, 71]
8: [80, 81, 79, 71]
9: [80, 81, 71]
10: [81, 71]
11: [71]
12: [72, 73, 74, 75, 76, 77, 78, 79, 80, 81, 71]
13: [72]
14: [73]
15: [74]
16: [75]
17: [76]
18: [77]
19: [78]
20: [79]
21: [80]
22: [81]
23: [71]
24: [72, 73, 74, 75, 76, 77, 78, 79, 80, 81, 71]
25: [72]
26: [73]
27: [74]
28: [75]
29: [76]
30: [77]
31: [78]
32: [79]
33: [80]
34: [81]
35: [71]
36: [72, 73, 74, 75, 76, 77, 78, 79, 80, 81, 71]
37: [72]
38: [73]
39: [74]
40: [75]
41: [76]
42: [77]
43: [78]
44: [79]
45: [80]
46: [81]
47: [71]
48: [72, 73, 74, 75, 76, 77, 78, 79, 80, 81, 71]
49: [72]
50: [73]
51: [74]
52: [75]
53: [76]
54: [77]
55: [78]
56: [79]
57: [80]
58: [81]
59: [71]
60: [97, 72, 73, 74, 75, 76, 77, 78, 79, 80, 81, 71]
61: [97, 72]
62: [97, 73]
63: [97, 74]
64: [97, 75]
65: [97, 76]
66: [97, 77]
67: [97, 78]
68: [97, 79]
69: [97, 80]
70: [97, 81]
71: [97, 71]
72: []
73: [98, 72, 97]
74: [98, 73, 97]
75: [98, 74, 97]
76: [98, 75, 97]
77: [98, 76, 97]
78: [98, 97, 77]
79: [98, 97, 78]
80: [98, 97, 79]
81: [98, 97, 80]
82: [98, 97, 81]
83: [98, 97, 71]
84: [71, 72, 98, 73, 74, 75, 76, 77, 78, 79, 80, 81]
85: [72, 98]
86: [73, 98]
87: [74, 98]
88: [75, 98]
89: [98, 76]
90: [98, 77]
91: [98, 78]
92: [98, 79]
93: [98, 80]
94: [98, 81]
95: [98, 71]
96: [71, 72, 73, 74, 75, 76, 77, 78, 79, 80, 81]
97: [72]
98: [73]
99: [74]
100: [75]
101: [76]
102: [77]
103: [78]
104: [79]
105: [80]
106: [81]
107: [71]
108: [71, 72, 73, 74, 75, 76, 77, 78, 79, 80, 81]
109: [72]
110: [73]
111: [74]
112: [75]
113: [76]
114: [77]
115: [78]
116: [79]
117: [80]
118: [81]
119: [71]
120: [71, 72, 73, 74, 75, 76, 77, 78, 79, 80, 81]
121: [72]
122: [73]
123: [74]
124: [75]
125: [76]
126: [77]
127: [78]
128: [79]
129: [80]
130: [81]
131: [71]
132: [71, 72, 73, 74, 75, 76, 77, 78, 79, 80, 81]
133: [71, 72, 73, 74, 75, 76, 77, 78, 79, 80, 81]
134: [71, 73, 74, 75, 76, 77, 78, 79, 80, 81]
135: [71, 74, 75, 76, 77, 78, 79, 80, 81]
136: [71, 75, 76, 77, 78, 79, 80, 81]
137: [71, 76, 77, 78, 79, 80, 81]
138: [71, 77, 78, 79, 80, 81]
139: [71, 78, 79, 80, 81]
140: [71, 79, 80, 81]
141: [71, 80, 81]
142: [71, 81]
143: [71]
73
0: [72]
1: [82, 72]
2: [82]
3: [82]
4: [82]
5: [82]
6: [82]
7: [82]
8: [82]
9: [82]
10: [82]
11: [82]
12: [72]
13: [45, 62, 50, 51, 52, 53]
14: [45, 62, 50, 51, 52, 53]
15: [45, 50, 51, 52, 53]
16: [45, 50, 51, 52, 53]
17: [45, 50, 51, 52, 53]
18: [45, 50, 51, 52, 53]
19: [45, 50, 51, 52, 53]
20: [45, 50, 51, 52, 53]
21: [45, 50, 51, 52, 53]
22: [50, 45, 51, 52, 53]
23: [82]
24: [72]
25: [45, 62, 50, 51, 52, 53, 54]
26: [62, 54]
27: [54]
28: [54]
29: [54]
30: [54]
31: [54]
32: [54]
33: [54]
34: [50, 51, 45, 52, 53, 54]
35: [82]
36: [72]
37: [45, 62, 50, 51, 52, 55, 53, 54]
38: [62, 55]
39: [55]
40: [55]
41: [55]
42: [55]
43: [55]
44: [55]
45: [55]
46: [50, 51, 52, 45, 53, 54, 55]
47: [82]
48: [72]
49: [45, 62, 50, 56, 51, 52, 55, 53, 54]
50: [62, 56]
51: [56]
52: [56]
53: [56]
54: [56]
55: [56]
56: [56]
57: [56]
58: [50, 51, 52, 53, 45, 56, 54, 55]
59: [82]
60: [97, 72]
61: [45, 62, 57, 50, 56, 51, 52, 55, 53, 54]
62: [62, 57]
63: [57]
64: [57]
65: [57]
66: [57]
67: [57]
68: [57]
69: [57]
70: [50, 51, 52, 53, 45, 54, 55, 56, 57]
71: [97, 82]
72: [97, 72, 98]
73: []
74: [50, 62, 58]
75: [50, 58]
76: [50, 58]
77: [50, 58]
78: [50, 58]
79: [50, 58]
80: [50, 58]
81: [50, 58]
82: [50, 51, 52, 53, 54, 55, 56, 57, 58, 45]
83: [98, 97, 82]
84: [72, 98]
85: [51, 52, 53, 54, 55, 56, 57, 58, 62, 45]
86: [51, 62]
87: [51]
88: [51]
89: [51]
90: [51]
91: [51]
92: [51]
93: [51]
94: [51, 52, 53, 54, 55, 56, 57, 58, 45]
95: [98, 82]
96: [72]
97: [52, 53, 54, 55, 56, 57, 58, 62, 45]
98: [52, 62]
99: [52]
100: [52]
101: [52]
102: [52]
103: [52]
104: [52]
105: [52]
106: [52, 53, 54, 55, 56, 57, 58, 45]
107: [82]
108: [72]
109: [53, 54, 55, 56, 57, 58, 62, 45]
110: [53, 62]
111: [53]
112: [53]
113: [53]
114: [53]
115: [53]
116: [53]
117: [53]
118: [53, 54, 55, 56, 57, 58, 45]
119: [82]
120: [72]
121: [54, 55, 56, 57, 58, 62, 45]
122: [54, 55, 56, 57, 58, 62, 45]
123: [54, 55, 56, 57, 58, 45]
124: [54, 55, 56, 57, 58, 45]
125: [54, 55, 56, 57, 58, 45]
126: [54, 55, 56, 57, 58, 45]
127: [54, 55, 56, 57, 58, 45]
128: [54, 55, 56, 57, 58, 45]
129: [54, 55, 56, 57, 58, 45]
130: [54, 55, 56, 57, 58, 45]
131: [82]
132: [72]
133: [72, 82]
134: [82]
135: [82]
136: [82]
137: [82]
138: [82]
139: [82]
140: [82]
141: [82]
142: [82]
143: [82]
74
0: [73]
1: [73]
2: [83, 73]
3: [83]
4: [83]
5: [83]
6: [83]
7: [83]
8: [83]
9: [83]
10: [83]
11: [83]
12: [73]
13: [62, 50]
14: [62, 63, 50]
15: [63, 50]
16: [50]
17: [50]
18: [50]
19: [50]
20: [50]
21: [50]
22: [50]
23: [83]
24: [73]
25: [62, 50]
26: [26, 27, 28, 29, 30, 31, 25]
27: [26, 27, 28, 29, 30, 31, 25]
28: [27, 28, 29, 30, 31, 25]
29: [28, 29, 30, 31, 25]
30: [29, 30, 31, 25]
31: [30, 31, 25]
32: [31, 25]
33: [25]
34: [50]
35: [83]
36: [73]
37: [62, 50]
38: [26, 27, 28, 29, 30, 31, 25]
39: [26]
40: [27]
41: [28]
42: [29]
43: [30]
44: [31]
45: [25]
46: [50]
47: [83]
48: [73]
49: [62, 50]
50: [26, 27, 28, 29, 30, 31, 25]
51: [26]
52: [27]
53: [28]
54: [29]
55: [30]
56: [31]
57: [25]
58: [50]
59: [83]
60: [97, 73]
61: [62, 50]
62: [41, 26, 27, 28, 29, 30, 31, 25]
63: [41, 26]
64: [41, 27]
65: [41, 28]
66: [41, 29]
67: [41, 30]
68: [41, 31]
69: [41, 25]
70: [50]
71: [97, 83]
72: [97, 73, 98]
73: [58, 62, 50]
74: []
75: [42, 26, 41]
76: [42, 27, 41]
77: [42, 28, 41]
78: [42, 41, 29]
79: [42, 41, 30]
80: [42, 41, 31]
81: [42, 41, 25]
82: [50, 58]
83: [98, 97, 83]
84: [73, 98]
85: [58, 62]
86: [25, 26, 42, 27, 28, 29, 30, 31]
87: [26, 42]
88: [27, 42]
89: [42, 28]
90: [42, 29]
91: [42, 30]
92: [42, 31]
93: [42, 25]
94: [58]
95: [98, 83]
96: [73]
97: [58, 62]
98: [25, 26, 27, 28, 29, 30, 31]
99: [26]
100: [27]
101: [28]
102: [29]
103: [30]
104: [31]
105: [25]
106: [58]
107: [83]
108: [73]
109: [58, 62]
110: [25, 26, 27, 28, 29, 30, 31]
111: [25, 26, 27, 28, 29, 30, 31]
112: [25, 27, 28, 29, 30, 31]
113: [25, 28, 29, 30, 31]
114: [25, 29, 30, 31]
115: [25, 30, 31]
116: [25, 31]
117: [25]
118: [58]
119: [83]
120: [73]
121: [58, 62]
122: [63, 58, 62]
123: [63, 58]
124: [58]
125: [58]
126: [58]
127: [58]
128: [58]
129: [58]
130: [58]
131: [83]
132: [73]
133: [73]
134: [73, 83]
135: [83]
136: [83]
137: [83]
138: [83]
139: [83]
140: [83]
141: [83]
142: [83]
143: [83]
75
0: [74]
1: [74]
2: [74]
3: [84, 74]
4: [84]
5: [84]
6: [84]
7: [84]
8: [84]
9: [84]
10: [84]
11: [84]
12: [74]
13: [50]
14: [63, 50]
15: [63, 64, 50]
16: [64, 50]
17: [50]
18: [50]
19: [50]
20: [50]
21: [50]
22: [50]
23: [84]
24: [74]
25: [50]
26: [26]
27: [32, 26]
28: [32]
29: [32]
30: [32]
31: [32]
32: [32]
33: [32]
34: [50]
35: [84]
36: [74]
37: [50]
38: [26]
39: [11, 20, 14, 15]
40: [11, 20, 14, 15]
41: [11, 14, 15]
42: [11, 14, 15]
43: [11, 14, 15]
44: [11, 14, 15]
45: [32]
46: [50]
47: [84]
48: [74]
49: [50]
50: [26]
51: [11, 20, 14, 16, 15]
52: [20, 16]
53: [16]
54: [16]
55: [16]
56: [14, 11, 15, 16]
57: [32]
58: [50]
59: [84]
60: [97, 74]
61: [50]
62: [41, 26]
63: [11, 20, 17, 14, 16, 15]
64: [20, 17]
65: [17]
66: [17]
67: [17]
68: [14, 15, 16, 17, 11]
69: [41, 32]
70: [50]
71: [97, 84]
72: [97, 74, 98]
73: [58, 50]
74: [41, 26, 42]
75: []
76: [14, 20, 18]
77: [14, 18]
78: [14, 18]
79: [14, 18]
80: [14, 15, 16, 17, 18, 11]
81: [42, 41, 32]
82: [50, 58]
83: [98, 97, 84]
84: [74, 98]
85: [58]
86: [26, 42]
87: [15, 16, 17, 18, 20, 11]
88: [15, 20]
89: [15]
90: [15]
91: [15]
92: [15, 16, 17, 18, 11]
93: [42, 32]
94: [58]
95: [98, 84]
96: [74]
97: [58]
98: [26]
99: [16, 17, 18, 20, 11]
100: [16, 17, 18, 20, 11]
101: [16, 17, 18, 11]
102: [16, 17, 18, 11]
103: [16, 17, 18, 11]
104: [16, 17, 18, 11]
105: [32]
106: [58]
107: [84]
108: [74]
109: [58]
110: [26]
111: [26, 32]
112: [32]
113: [32]
114: [32]
115: [32]
116: [32]
117: [32]
118: [58]
119: [84]
120: [74]
121: [58]
122: [58, 63]
123: [64, 58, 63]
124: [64, 58]
125: [58]
126: [58]
127: [58]
128: [58]
129: [58]
130: [58]
131: [84]
132: [74]
133: [74]
134: [74]
135: [74, 84]
136: [84]
137: [84]
138: [84]
139: [84]
140: [84]
141: [84]
142: [84]
143: [84]
76
0: [75]
1: [75]
2: [75]
3: [75]
4: [85, 75]
5: [85]
6: [85]
7: [85]
8: [85]
9: [85]
10: [85]
11: [85]
12: [75]
13: [50]
14: [50]
15: [64, 50]
16: [64, 65, 50]
17: [65, 50]
18: [50]
19: [50]
20: [50]
21: [50]
22: [50]
23: [85]
24: [75]
25: [50]
26: [27]
27: [27]
28: [33, 27]
29: [33]
30: [33]
31: [33]
32: [33]
33: [33]
34: [50]
35: [85]
36: [75]
37: [50]
38: [27]
39: [20, 14]
40: [20, 21, 14]
41: [21, 14]
42: [14]
43: [14]
44: [14]
45: [33]
46: [50]
47: [85]
48: [75]
49: [50]
50: [27]
51: [20, 14]
52: [4, 5, 3]
53: [4, 5, 3]
54: [5, 3]
55: [3]
56: [14]
57: [33]
58: [50]
59: [85]
60: [97, 75]
61: [50]
62: [41, 27]
63: [20, 14]
64: [9, 4, 5, 3]
65: [9, 4]
66: [9, 5]
67: [9, 3]
68: [14]
69: [41, 33]
70: [50]
71: [97, 85]
72: [97, 75, 98]
73: [58, 50]
74: [41, 27, 42]
75: [18, 20, 14]
76: []
77: [10, 4, 9]
78: [10, 9, 5]
79: [10, 9, 3]
80: [14, 18]
81: [42, 41, 33]
82: [50, 58]
83: [98, 97, 85]
84: [75, 98]
85: [58]
86: [27, 42]
87: [18, 20]
88: [3, 10, 4, 5]
89: [3, 10, 4, 5]
90: [3, 10, 5]
91: [10, 3]
92: [18]
93: [42, 33]
94: [58]
95: [98, 85]
96: [75]
97: [58]
98: [27]
99: [18, 20]
100: [21, 18, 20]
101: [21, 18]
102: [18]
103: [18]
104: [18]
105: [33]
106: [58]
107: [85]
108: [75]
109: [58]
110: [27]
111: [27]
112: [27, 33]
113: [33]
114: [33]
115: [33]
116: [33]
117: [33]
118: [58]
119: [85]
120: [75]
121: [58]
122: [58]
123: [58, 64]
124: [65, 58, 64]
125: [65, 58]
126: [58]
127: [58]
128: [58]
129: [58]
130: [58]
131: [85]
132: [75]
133: [75]
134: [75]
135: [75]
136: [75, 85]
137: [85]
138: [85]
139: [85]
140: [85]
141: [85]
142: [85]
143: [85]
77
0: [76]
1: [76]
2: [76]
3: [76]
4: [76]
5: [86, 76]
6: [86]
7: [86]
8: [86]
9: [86]
10: [86]
11: [86]
12: [76]
13: [50]
14: [50]
15: [50]
16: [65, 50]
17: [65, 50, 66]
18: [50, 66]
19: [50]
20: [50]
21: [50]
22: [50]
23: [86]
24: [76]
25: [50]
26: [28]
27: [28]
28: [28]
29: [34, 28]
30: [34]
31: [34]
32: [34]
33: [34]
34: [50]
35: [86]
36: [76]
37: [50]
38: [28]
39: [14]
40: [21, 14]
41: [21, 14, 22]
42: [14, 22]
43: [14]
44: [14]
45: [34]
46: [50]
47: [86]
48: [76]
49: [50]
50: [28]
51: [14]
52: [4]
53: [6, 4]
54: [6]
55: [6]
56: [14]
57: [34]
58: [50]
59: [86]
60: [97, 76]
61: [50]
62: [41, 28]
63: [14]
64: [9, 4]
65: [1, 2]
66: [1, 2]
67: [9, 6]
68: [14]
69: [41, 34]
70: [50]
71: [97, 86]
72: [97, 76, 98]
73: [58, 50]
74: [41, 28, 42]
75: [18, 14]
76: [9, 4, 10]
77: []
78: [2, 1]
79: [10, 9, 6]
80: [14, 18]
81: [42, 41, 34]
82: [50, 58]
83: [98, 97, 86]
84: [76, 98]
85: [58]
86: [28, 42]
87: [18]
88: [4, 10]
89: [4, 10, 6]
90: [10, 6]
91: [10, 6]
92: [18]
93: [42, 34]
94: [58]
95: [98, 86]
96: [76]
97: [58]
98: [28]
99: [18]
100: [18, 21]
101: [22, 18, 21]
102: [22, 18]
103: [18]
104: [18]
105: [34]
106: [58]
107: [86]
108: [76]
109: [58]
110: [28]
111: [28]
112: [28]
113: [28, 34]
114: [34]
115: [34]
116: [34]
117: [34]
118: [58]
119: [86]
120: [76]
121: [58]
122: [58]
123: [58]
124: [58, 65]
125: [66, 58, 65]
126: [66, 58]
127: [58]
128: [58]
129: [58]
130: [58]
131: [86]
132: [76]
133: [76]
134: [76]
135: [76]
136: [76]
137: [76, 86]
138: [86]
139: [86]
140: [86]
141: [86]
142: [86]
143: [86]
78
0: [77]
1: [77]
2: [77]
3: [77]
4: [77]
5: [77]
6: [87, 77]
7: [87]
8: [87]
9: [87]
10: [87]
11: [87]
12: [77]
13: [50]
14: [50]
15: [50]
16: [50]
17: [66, 50]
18: [66, 50, 67]
19: [50, 67]
20: [50]
21: [50]
22: [50]
23: [87]
24: [77]
25: [50]
26: [29]
27: [29]
28: [29]
29: [29]
30: [35, 29]
31: [35]
32: [35]
33: [35]
34: [50]
35: [87]
36: [77]
37: [50]
38: [29]
39: [14]
40: [14]
41: [22, 14]
42: [22, 14, 23]
43: [14, 23]
44: [14]
45: [35]
46: [50]
47: [87]
48: [77]
49: [50]
50: [29]
51: [14]
52: [5]
53: [5]
54: [7, 5]
55: [7]
56: [14]
57: [35]
58: [50]
59: [87]
60: [97, 77]
61: [50]
62: [41, 29]
63: [14]
64: [9, 5]
65: [1, 2]
66: [2, 1]
67: [7, 9]
68: [14]
69: [35, 41]
70: [50]
71: [87, 97]
72: [97, 77, 98]
73: [58, 50]
74: [41, 29, 42]
75: [18, 14]
76: [9, 5, 10]
77: [1, 2]
78: []
79: [10, 7, 9]
80: [14, 18]
81: [42, 35, 41]
82: [50, 58]
83: [98, 87, 97]
84: [77, 98]
85: [58]
86: [29, 42]
87: [18]
88: [5, 10]
89: [5, 10]
90: [5, 10, 7]
91: [10, 7]
92: [18]
93: [42, 35]
94: [58]
95: [98, 87]
96: [77]
97: [58]
98: [29]
99: [18]
100: [18]
101: [18, 22]
102: [23, 18, 22]
103: [23, 18]
104: [18]
105: [35]
106: [58]
107: [87]
108: [77]
109: [58]
110: [29]
111: [29]
112: [29]
113: [29]
114: [29, 35]
115: [35]
116: [35]
117: [35]
118: [58]
119: [87]
120: [77]
121: [58]
122: [58]
123: [58]
124: [58]
125: [58, 66]
126: [67, 58, 66]
127: [67, 58]
128: [58]
129: [58]
130: [58]
131: [87]
132: [77]
133: [77]
134: [77]
135: [77]
136: [77]
137: [77]
138: [77, 87]
139: [87]
140: [87]
141: [87]
142: [87]
143: [87]
79
0: [78]
1: [78]
2: [78]
3: [78]
4: [78]
5: [78]
6: [78]
7: [88, 78]
8: [88]
9: [88]
10: [88]
11: [88]
12: [78]
13: [50]
14: [50]
15: [50]
16: [50]
17: [50]
18: [67, 50]
19: [67, 50, 68]
20: [50, 68]
21: [50]
22: [50]
23: [88]
24: [78]
25: [50]
26: [30]
27: [30]
28: [30]
29: [30]
30: [30]
31: [36, 30]
32: [36]
33: [36]
34: [50]
35: [88]
36: [78]
37: [50]
38: [30]
39: [14]
40: [14]
41: [14]
42: [23, 14]
43: [23, 14, 24]
44: [14, 24]
45: [36]
46: [50]
47: [88]
48: [78]
49: [50]
50: [30]
51: [14]
52: [3]
53: [3, 6]
54: [3, 7, 6]
55: [3, 7, 6]
56: [14, 24]
57: [36]
58: [50]
59: [88]
60: [97, 78]
61: [50]
62: [41, 30]
63: [14]
64: [9, 3]
65: [9, 6]
66: [7, 9]
67: [3, 9, 7, 6]
68: [14, 24]
69: [36, 41]
70: [50]
71: [88, 97]
72: [97, 98, 78]
73: [58, 50]
74: [41, 42, 30]
75: [18, 14]
76: [9, 10, 3]
77: [9, 6, 10]
78: [9, 7, 10]
79: []
80: [14, 24, 18]
81: [42, 36, 41]
82: [50, 58]
83: [98, 88, 97]
84: [98, 78]
85: [58]
86: [42, 30]
87: [18]
88: [10, 3]
89: [10, 6, 3]
90: [10, 6, 7, 3]
91: [10, 6, 7, 3]
92: [24, 18]
93: [42, 36]
94: [58]
95: [98, 88]
96: [78]
97: [58]
98: [30]
99: [18]
100: [18]
101: [18]
102: [18, 23]
103: [24, 18, 23]
104: [24, 18]
105: [36]
106: [58]
107: [88]
108: [78]
109: [58]
110: [30]
111: [30]
112: [30]
113: [30]
114: [30]
115: [30, 36]
116: [36]
117: [36]
118: [58]
119: [88]
120: [78]
121: [58]
122: [58]
123: [58]
124: [58]
125: [58]
126: [58, 67]
127: [68, 58, 67]
128: [68, 58]
129: [58]
130: [58]
131: [88]
132: [78]
133: [78]
134: [78]
135: [78]
136: [78]
137: [78]
138: [78]
139: [78, 88]
140: [88]
141: [88]
142: [88]
143: [88]
80
0: [79]
1: [79]
2: [79]
3: [79]
4: [79]
5: [79]
6: [79]
7: [79]
8: [89, 79]
9: [89]
10: [89]
11: [89]
12: [79]
13: [50]
14: [50]
15: [50]
16: [50]
17: [50]
18: [50]
19: [68, 50]
20: [68, 50, 69]
21: [50, 69]
22: [50]
23: [89]
24: [79]
25: [50]
26: [31]
27: [31]
28: [31]
29: [31]
30: [31]
31: [31]
32: [37, 31]
33: [37]
34: [50]
35: [89]
36: [79]
37: [50]
38: [31]
39: [14, 15, 11]
40: [14, 15, 11]
41: [14, 15, 11]
42: [14, 15, 11]
43: [24, 14, 15, 11]
44: [24, 14, 15, 11]
45: [37]
46: [50]
47: [89]
48: [79]
49: [50]
50: [31]
51: [16, 14, 15, 11]
52: [16]
53: [16]
54: [16]
55: [16, 24]
56: [16, 24, 14, 15, 11]
57: [37]
58: [50]
59: [89]
60: [97, 79]
61: [50]
62: [41, 31]
63: [17, 16, 11, 14, 15]
64: [17]
65: [17]
66: [17]
67: [17, 24]
68: [14, 15, 16, 17, 24, 11]
69: [37, 41]
70: [50]
71: [89, 97]
72: [97, 98, 79]
73: [58, 50]
74: [41, 42, 31]
75: [18, 17, 16, 11, 14, 15]
76: [18, 14]
77: [18, 14]
78: [18, 14]
79: [18, 24, 14]
80: []
81: [42, 37, 41]
82: [50, 58]
83: [98, 89, 97]
84: [98, 79]
85: [58]
86: [42, 31]
87: [18, 17, 11, 16, 15]
88: [15]
89: [15]
90: [15]
91: [24, 15]
92: [11, 24, 18, 17, 16, 15]
93: [42, 37]
94: [58]
95: [98, 89]
96: [79]
97: [58]
98: [31]
99: [18, 11, 17, 16]
100: [11, 18, 17, 16]
101: [11, 18, 17, 16]
102: [11, 18, 17, 16]
103: [11, 24, 18, 17, 16]
104: [11, 24, 18, 17, 16]
105: [37]
106: [58]
107: [89]
108: [79]
109: [58]
110: [31]
111: [31]
112: [31]
113: [31]
114: [31]
115: [31]
116: [31, 37]
117: [37]
118: [58]
119: [89]
120: [79]
121: [58]
122: [58]
123: [58]
124: [58]
125: [58]
126: [58]
127: [68, 58]
128: [69, 68, 58]
129: [69, 58]
130: [58]
131: [89]
132: [79]
133: [79]
134: [79]
135: [79]
136: [79]
137: [79]
138: [79]
139: [79]
140: [79, 89]
141: [89]
142: [89]
143: [89]
81
0: [80]
1: [80]
2: [80]
3: [80]
4: [80]
5: [80]
6: [80]
7: [80]
8: [80]
9: [90, 80]
10: [90]
11: [90]
12: [80]
13: [50]
14: [50]
15: [50]
16: [50]
17: [50]
18: [50]
19: [50]
20: [69, 50]
21: [69, 50, 70]
22: [50, 70]
23: [90]
24: [80]
25: [50]
26: [25]
27: [25, 32]
28: [25, 33, 32]
29: [25, 34, 33, 32]
30: [25, 35, 34, 33, 32]
31: [25, 36, 35, 34, 33, 32]
32: [25, 37, 36, 35, 34, 33, 32]
33: [25, 37, 36, 35, 34, 33, 32]
34: [50, 70]
35: [90]
36: [80]
37: [50]
38: [25]
39: [32]
40: [33]
41: [34]
42: [35]
43: [36]
44: [37]
45: [25, 37, 36, 35, 34, 33, 32]
46: [50, 70]
47: [90]
48: [80]
49: [50]
50: [25]
51: [32]
52: [33]
53: [34]
54: [35]
55: [36]
56: [37]
57: [25, 37, 36, 35, 34, 33, 32]
58: [50, 70]
59: [90]
60: [97, 80]
61: [50]
62: [41, 25]
63: [41, 32]
64: [41, 33]
65: [41, 34]
66: [35, 41]
67: [36, 41]
68: [37, 41]
69: [25, 41, 37, 36, 35, 34, 33, 32]
70: [50, 70]
71: [90, 97]
72: [97, 98, 80]
73: [58, 50]
74: [41, 42, 25]
75: [41, 42, 32]
76: [41, 33, 42]
77: [41, 34, 42]
78: [41, 35, 42]
79: [41, 36, 42]
80: [41, 37, 42]
81: []
82: [50, 70, 58]
83: [98, 90, 97]
84: [98, 80]
85: [58]
86: [42, 25]
87: [42, 32]
88: [42, 33]
89: [42, 34]
90: [42, 35]
91: [42, 36]
92: [42, 37]
93: [32, 33, 34, 35, 36, 37, 42, 25]
94: [70, 58]
95: [98, 90]
96: [80]
97: [58]
98: [25]
99: [32]
100: [33]
101: [34]
102: [35]
103: [36]
104: [37]
105: [32, 33, 34, 35, 36, 37, 25]
106: [70, 58]
107: [90]
108: [80]
109: [58]
110: [25]
111: [32, 25]
112: [32, 33, 25]
113: [32, 33, 34, 25]
114: [32, 33, 34, 35, 25]
115: [32, 33, 34, 35, 36, 25]
116: [32, 33, 34, 35, 36, 37, 25]
117: [32, 33, 34, 35, 36, 37, 25]
118: [70, 58]
119: [90]
120: [80]
121: [58]
122: [58]
123: [58]
124: [58]
125: [58]
126: [58]
127: [58]
128: [69, 58]
129: [70, 69, 58]
130: [70, 58]
131: [90]
132: [80]
133: [80]
134: [80]
135: [80]
136: [80]
137: [80]
138: [80]
139: [80]
140: [80]
141: [80, 90]
142: [90]
143: [90]
82
0: [81]
1: [81]
2: [81]
3: [81]
4: [81]
5: [81]
6: [81]
7: [81]
8: [81]
9: [81]
10: [91, 81]
11: [91]
12: [81]
13: [50, 51, 52, 53, 45]
14: [50, 51, 52, 53, 45]
15: [50, 51, 52, 53, 45]
16: [50, 51, 52, 53, 45]
17: [50, 51, 52, 53, 45]
18: [50, 51, 52, 53, 45]
19: [50, 51, 52, 53, 45]
20: [50, 51, 52, 53, 45]
21: [70, 50, 51, 52, 53, 45]
22: [70, 50, 51, 52, 53, 45]
23: [91]
24: [81]
25: [54, 50, 51, 52, 53, 45]
26: [54]
27: [54]
28: [54]
29: [54]
30: [54]
31: [54]
32: [54]
33: [54, 70]
34: [70, 50, 51, 52, 53, 54, 45]
35: [91]
36: [81]
37: [55, 54, 50, 51, 52, 53, 45]
38: [55]
39: [55]
40: [55]
41: [55]
42: [55]
43: [55]
44: [55]
45: [55, 70]
46: [70, 50, 51, 52, 53, 54, 55, 45]
47: [91]
48: [81]
49: [56, 55, 54, 50, 51, 52, 53, 45]
50: [56]
51: [56]
52: [56]
53: [56]
54: [56]
55: [56]
56: [56]
57: [56, 70]
58: [70, 50, 51, 52, 53, 54, 55, 56, 45]
59: [91]
60: [97, 81]
61: [57, 56, 55, 54, 45, 50, 51, 52, 53]
62: [57]
63: [57]
64: [57]
65: [57]
66: [57]
67: [57]
68: [57]
69: [57, 70]
70: [70, 50, 51, 52, 53, 54, 55, 56, 57, 45]
71: [91, 97]
72: [97, 98, 81]
73: [58, 57, 56, 55, 45, 54, 50, 51, 52, 53]
74: [58, 50]
75: [58, 50]
76: [58, 50]
77: [58, 50]
78: [58, 50]
79: [58, 50]
80: [58, 50]
81: [58, 70, 50]
82: []
83: [98, 91, 97]
84: [98, 81]
85: [58, 57, 56, 45, 55, 54, 51, 52, 53]
86: [51]
87: [51]
88: [51]
89: [51]
90: [51]
91: [51]
92: [51]
93: [70, 51]
94: [45, 70, 58, 57, 56, 51, 52, 55, 53, 54]
95: [98, 91]
96: [81]
97: [58, 57, 56, 45, 55, 54, 52, 53]
98: [52]
99: [52]
100: [52]
101: [52]
102: [52]
103: [52]
104: [52]
105: [70, 52]
106: [45, 70, 58, 57, 56, 52, 55, 53, 54]
107: [91]
108: [81]
109: [58, 57, 45, 56, 55, 54, 53]
110: [53]
111: [53]
112: [53]
113: [53]
114: [53]
115: [53]
116: [53]
117: [70, 53]
118: [45, 70, 58, 57, 56, 55, 53, 54]
119: [91]
120: [81]
121: [58, 45, 57, 56, 55, 54]
122: [45, 58, 57, 56, 55, 54]
123: [45, 58, 57, 56, 55, 54]
124: [45, 58, 57, 56, 55, 54]
125: [45, 58, 57, 56, 55, 54]
126: [45, 58, 57, 56, 55, 54]
127: [45, 58, 57, 56, 55, 54]
128: [45, 58, 57, 56, 55, 54]
129: [45, 70, 58, 57, 56, 55, 54]
130: [45, 70, 58, 57, 56, 55, 54]
131: [91]
132: [81]
133: [81]
134: [81]
135: [81]
136: [81]
137: [81]
138: [81]
139: [81]
140: [81]
141: [81]
142: [81, 91]
143: [91]
83
0: [71]
1: [71, 82]
2: [71, 83, 82]
3: [71, 84, 83, 82]
4: [71, 85, 84, 83, 82]
5: [71, 86, 85, 84, 83, 82]
6: [71, 87, 86, 85, 84, 83, 82]
7: [71, 88, 87, 86, 85, 84, 83, 82]
8: [71, 89, 88, 87, 86, 85, 84, 83, 82]
9: [71, 90, 89, 88, 87, 86, 85, 84, 83, 82]
10: [71, 91, 90, 89, 88, 87, 86, 85, 84, 83, 82]
11: [71, 91, 90, 89, 88, 87, 86, 85, 84, 83, 82]
12: [71]
13: [82]
14: [83]
15: [84]
16: [85]
17: [86]
18: [87]
19: [88]
20: [89]
21: [90]
22: [91]
23: [71, 91, 90, 89, 88, 87, 86, 85, 84, 83, 82]
24: [71]
25: [82]
26: [83]
27: [84]
28: [85]
29: [86]
30: [87]
31: [88]
32: [89]
33: [90]
34: [91]
35: [71, 91, 90, 89, 88, 87, 86, 85, 84, 83, 82]
36: [71]
37: [82]
38: [83]
39: [84]
40: [85]
41: [86]
42: [87]
43: [88]
44: [89]
45: [90]
46: [91]
47: [71, 91, 90, 89, 88, 87, 86, 85, 84, 83, 82]
48: [71]
49: [82]
50: [83]
51: [84]
52: [85]
53: [86]
54: [87]
55: [88]
56: [89]
57: [90]
58: [91]
59: [71, 91, 90, 89, 88, 87, 86, 85, 84, 83, 82]
60: [97, 71]
61: [97, 82]
62: [97, 83]
63: [97, 84]
64: [97, 85]
65: [97, 86]
66: [87, 97]
67: [88, 97]
68: [89, 97]
69: [90, 97]
70: [91, 97]
71: [71, 97, 91, 90, 89, 88, 87, 86, 85, 84, 83, 82]
72: [97, 98, 71]
73: [97, 98, 82]
74: [97, 98, 83]
75: [97, 98, 84]
76: [97, 98, 85]
77: [97, 86, 98]
78: [97, 87, 98]
79: [97, 88, 98]
80: [97, 89, 98]
81: [97, 90, 98]
82: [97, 91, 98]
83: []
84: [98, 71]
85: [98, 82]
86: [98, 83]
87: [98, 84]
88: [98, 85]
89: [98, 86]
90: [98, 87]
91: [98, 88]
92: [98, 89]
93: [98, 90]
94: [98, 91]
95: [98, 82, 83, 84, 85, 86, 87, 88, 89, 90, 91, 71]
96: [71]
97: [82]
98: [83]
99: [84]
100: [85]
101: [86]
102: [87]
103: [88]
104: [89]
105: [90]
106: [91]
107: [82, 83, 84, 85, 86, 87, 88, 89, 90, 91, 71]
108: [71]
109: [82]
110: [83]
111: [84]
112: [85]
113: [86]
114: [87]
115: [88]
116: [89]
117: [90]
118: [91]
119: [82, 83, 84, 85, 86, 87, 88, 89, 90, 91, 71]
120: [71]
121: [82]
122: [83]
123: [84]
124: [85]
125: [86]
126: [87]
127: [88]
128: [89]
129: [90]
130: [91]
131: [82, 83, 84, 85, 86, 87, 88, 89, 90, 91, 71]
132: [71]
133: [82, 71]
134: [82, 83, 71]
135: [82, 83, 84, 71]
136: [82, 83, 84, 85, 71]
137: [82, 83, 84, 85, 86, 71]
138: [82, 83, 84, 85, 86, 87, 71]
139: [82, 83, 84, 85, 86, 87, 88, 71]
140: [82, 83, 84, 85, 86, 87, 88, 89, 71]
141: [82, 83, 84, 85, 86, 87, 88, 89, 90, 71]
142: [82, 83, 84, 85, 86, 87, 88, 89, 90, 91, 71]
143: [82, 83, 84, 85, 86, 87, 88, 89, 90, 91, 71]
84
0: [72, 73, 74, 75, 76, 77, 78, 79, 80, 81, 71]
1: [72, 73, 74, 75, 76, 77, 78, 79, 80, 81, 71]
2: [73, 74, 75, 76, 77, 78, 79, 80, 81, 71]
3: [74, 75, 76, 77, 78, 79, 80, 81, 71]
4: [75, 76, 77, 78, 79, 80, 81, 71]
5: [76, 77, 78, 79, 80, 81, 71]
6: [77, 78, 79, 80, 81, 71]
7: [80, 81, 78, 79, 71]
8: [80, 81, 79, 71]
9: [80, 81, 71]
10: [81, 71]
11: [71]
12: [72, 73, 74, 75, 76, 77, 78, 79, 80, 81, 71]
13: [72]
14: [73]
15: [74]
16: [75]
17: [76]
18: [77]
19: [78]
20: [79]
21: [80]
22: [81]
23: [71]
24: [72, 73, 74, 75, 76, 77, 78, 79, 80, 81, 71]
25: [72]
26: [73]
27: [74]
28: [75]
29: [76]
30: [77]
31: [78]
32: [79]
33: [80]
34: [81]
35: [71]
36: [72, 73, 74, 75, 76, 77, 78, 79, 80, 81, 71]
37: [72]
38: [73]
39: [74]
40: [75]
41: [76]
42: [77]
43: [78]
44: [79]
45: [80]
46: [81]
47: [71]
48: [72, 73, 74, 75, 76, 77, 78, 79, 80, 81, 71]
49: [72]
50: [73]
51: [74]
52: [75]
53: [76]
54: [77]
55: [78]
56: [79]
57: [80]
58: [81]
59: [71]
60: [72, 73, 74, 75, 76, 77, 78, 79, 80, 81, 71]
61: [72]
62: [73]
63: [74]
64: [75]
65: [76]
66: [77]
67: [78]
68: [79]
69: [80]
70: [81]
71: [71]
72: [98, 72, 73, 74, 75, 76, 77, 78, 79, 80, 81, 71]
73: [98, 72]
74: [98, 73]
75: [98, 74]
76: [98, 75]
77: [98, 76]
78: [98, 77]
79: [98, 78]
80: [98, 79]
81: [98, 80]
82: [98, 81]
83: [98, 71]
84: []
85: [99, 72, 98]
86: [99, 73, 98]
87: [99, 74, 98]
88: [99, 75, 98]
89: [99, 98, 76]
90: [99, 98, 77]
91: [99, 98, 78]
92: [99, 98, 79]
93: [99, 98, 80]
94: [99, 98, 81]
95: [99, 98, 71]
96: [71, 72, 99, 73, 74, 75, 76, 77, 78, 79, 80, 81]
97: [72, 99]
98: [73, 99]
99: [74, 99]
100: [99, 75]
101: [99, 76]
102: [99, 77]
103: [99, 78]
104: [99, 79]
105: [99, 80]
106: [99, 81]
107: [99, 71]
108: [71, 72, 73, 74, 75, 76, 77, 78, 79, 80, 81]
109: [72]
110: [73]
111: [74]
112: [75]
113: [76]
114: [77]
115: [78]
116: [79]
117: [80]
118: [81]
119: [71]
120: [71, 72, 73, 74, 75, 76, 77, 78, 79, 80, 81]
121: [72]
122: [73]
123: [74]
124: [75]
125: [76]
126: [77]
127: [78]
128: [79]
129: [80]
130: [81]
131: [71]
132: [71, 72, 73, 74, 75, 76, 77, 78, 79, 80, 81]
133: [71, 72, 73, 74, 75, 76, 77, 78, 79, 80, 81]
134: [71, 73, 74, 75, 76, 77, 78, 79, 80, 81]
135: [71, 74, 75, 76, 77, 78, 79, 80, 81]
136: [71, 75, 76, 77, 78, 79, 80, 81]
137: [71, 76, 77, 78, 79, 80, 81]
138: [71, 77, 78, 79, 80, 81]
139: [71, 78, 79, 80, 81]
140: [71, 79, 80, 81]
141: [71, 80, 81]
142: [71, 81]
143: [71]
85
0: [72]
1: [82, 72]
2: [82]
3: [82]
4: [82]
5: [82]
6: [82]
7: [82]
8: [82]
9: [82]
10: [82]
11: [82]
12: [72]
13: [45, 62, 51, 52, 53]
14: [45, 62, 51, 52, 53]
15: [45, 51, 52, 53]
16: [45, 51, 52, 53]
17: [45, 51, 52, 53]
18: [45, 51, 52, 53]
19: [45, 51, 52, 53]
20: [45, 51, 52, 53]
21: [45, 51, 52, 53]
22: [51, 45, 52, 53]
23: [82]
24: [72]
25: [45, 62, 51, 52, 53, 54]
26: [62, 54]
27: [54]
28: [54]
29: [54]
30: [54]
31: [54]
32: [54]
33: [54]
34: [51, 52, 45, 53, 54]
35: [82]
36: [72]
37: [45, 62, 51, 52, 55, 53, 54]
38: [62, 55]
39: [55]
40: [55]
41: [55]
42: [55]
43: [55]
44: [55]
45: [55]
46: [51, 52, 53, 45, 54, 55]
47: [82]
48: [72]
49: [45, 62, 56, 51, 52, 55, 53, 54]
50: [62, 56]
51: [56]
52: [56]
53: [56]
54: [56]
55: [56]
56: [56]
57: [56]
58: [51, 52, 53, 56, 45, 54, 55]
59: [82]
60: [72]
61: [45, 62, 57, 56, 51, 52, 55, 53, 54]
62: [62, 57]
63: [57]
64: [57]
65: [57]
66: [57]
67: [57]
68: [57]
69: [57]
70: [51, 52, 53, 56, 57, 54, 55, 45]
71: [82]
72: [98, 72]
73: [45, 62, 58, 57, 56, 51, 52, 55, 53, 54]
74: [62, 58]
75: [58]
76: [58]
77: [58]
78: [58]
79: [58]
80: [58]
81: [58]
82: [51, 52, 53, 54, 55, 56, 57, 58, 45]
83: [98, 82]
84: [98, 72, 99]
85: []
86: [51, 62, 59]
87: [51, 59]
88: [51, 59]
89: [51, 59]
90: [51, 59]
91: [51, 59]
92: [51, 59]
93: [51, 59]
94: [51, 52, 53, 54, 55, 56, 57, 58, 59, 45]
95: [99, 98, 82]
96: [72, 99]
97: [52, 53, 54, 55, 56, 57, 58, 59, 62, 45]
98: [52, 62]
99: [52]
100: [52]
101: [52]
102: [52]
103: [52]
104: [52]
105: [52]
106: [52, 53, 54, 55, 56, 57, 58, 59, 45]
107: [99, 82]
108: [72]
109: [53, 54, 55, 56, 57, 58, 59, 62, 45]
110: [53, 62]
111: [53]
112: [53]
113: [53]
114: [53]
115: [53]
116: [53]
117: [53]
118: [53, 54, 55, 56, 57, 58, 59, 45]
119: [82]
120: [72]
121: [54, 55, 56, 57, 58, 59, 62, 45]
122: [54, 55, 56, 57, 58, 59, 62, 45]
123: [54, 55, 56, 57, 58, 59, 45]
124: [54, 55, 56, 57, 58, 59, 45]
125: [54, 55, 56, 57, 58, 59, 45]
126: [54, 55, 56, 57, 58, 59, 45]
127: [54, 55, 56, 57, 58, 59, 45]
128: [54, 55, 56, 57, 58, 59, 45]
129: [54, 55, 56, 57, 58, 59, 45]
130: [54, 55, 56, 57, 58, 59, 45]
131: [82]
132: [72]
133: [72, 82]
134: [82]
135: [82]
136: [82]
137: [82]
138: [82]
139: [82]
140: [82]
141: [82]
142: [82]
143: [82]
86
0: [73]
1: [73]
2: [83, 73]
3: [83]
4: [83]
5: [83]
6: [83]
7: [83]
8: [83]
9: [83]
10: [83]
11: [83]
12: [73]
13: [62, 51]
14: [62, 63, 51]
15: [63, 51]
16: [51]
17: [51]
18: [51]
19: [51]
20: [51]
21: [51]
22: [51]
23: [83]
24: [73]
25: [62, 51]
26: [26, 27, 28, 29, 30, 31, 25]
27: [26, 27, 28, 29, 30, 31, 25]
28: [27, 28, 29, 30, 31, 25]
29: [28, 29, 30, 31, 25]
30: [29, 30, 31, 25]
31: [30, 31, 25]
32: [31, 25]
33: [25]
34: [51]
35: [83]
36: [73]
37: [62, 51]
38: [26, 27, 28, 29, 30, 31, 25]
39: [26]
40: [27]
41: [28]
42: [29]
43: [30]
44: [31]
45: [25]
46: [51]
47: [83]
48: [73]
49: [62, 51]
50: [26, 27, 28, 29, 30, 31, 25]
51: [26]
52: [27]
53: [28]
54: [29]
55: [30]
56: [31]
57: [25]
58: [51]
59: [83]
60: [73]
61: [62, 51]
62: [26, 27, 28, 29, 30, 31, 25]
63: [26]
64: [27]
65: [28]
66: [29]
67: [30]
68: [31]
69: [25]
70: [51]
71: [83]
72: [98, 73]
73: [62, 51]
74: [42, 26, 27, 28, 29, 30, 31, 25]
75: [42, 26]
76: [42, 27]
77: [42, 28]
78: [42, 29]
79: [42, 30]
80: [42, 31]
81: [42, 25]
82: [51]
83: [98, 83]
84: [98, 73, 99]
85: [59, 62, 51]
86: []
87: [43, 26, 42]
88: [43, 27, 42]
89: [43, 42, 28]
90: [43, 42, 29]
91: [43, 42, 30]
92: [43, 42, 31]
93: [43, 42, 25]
94: [51, 59]
95: [99, 98, 83]
96: [73, 99]
97: [59, 62]
98: [25, 26, 43, 27, 28, 29, 30, 31]
99: [26, 43]
100: [43, 27]
101: [43, 28]
102: [43, 29]
103: [43, 30]
104: [43, 31]
105: [43, 25]
106: [59]
107: [99, 83]
108: [73]
109: [59, 62]
110: [25, 26, 27, 28, 29, 30, 31]
111: [25, 26, 27, 28, 29, 30, 31]
112: [25, 27, 28, 29, 30, 31]
113: [25, 28, 29, 30, 31]
114: [25, 29, 30, 31]
115: [25, 30, 31]
116: [25, 31]
117: [25]
118: [59]
119: [83]
120: [73]
121: [59, 62]
122: [63, 59, 62]
123: [63, 59]
124: [59]
125: [59]
126: [59]
127: [59]
128: [59]
129: [59]
130: [59]
131: [83]
132: [73]
133: [73]
134: [73, 83]
135: [83]
136: [83]
137: [83]
138: [83]
139: [83]
140: [83]
141: [83]
142: [83]
143: [83]
87
0: [74]
1: [74]
2: [74]
3: [84, 74]
4: [84]
5: [84]
6: [84]
7: [84]
8: [84]
9: [84]
10: [84]
11: [84]
12: [74]
13: [51]
14: [63, 51]
15: [63, 64, 51]
16: [64, 51]
17: [51]
18: [51]
19: [51]
20: [51]
21: [51]
22: [51]
23: [84]
24: [74]
25: [51]
26: [26]
27: [32, 26]
28: [32]
29: [32]
30: [32]
31: [32]
32: [32]
33: [32]
34: [51]
35: [84]
36: [74]
37: [51]
38: [26]
39: [11, 20, 15]
40: [11, 20, 15]
41: [11, 15]
42: [11, 15]
43: [11, 15]
44: [11, 15]
45: [32]
46: [51]
47: [84]
48: [74]
49: [51]
50: [26]
51: [11, 20, 16, 15]
52: [20, 16]
53: [16]
54: [16]
55: [16]
56: [15, 16, 11]
57: [32]
58: [51]
59: [84]
60: [74]
61: [51]
62: [26]
63: [11, 20, 17, 16, 15]
64: [20, 17]
65: [17]
66: [17]
67: [17]
68: [15, 16, 17, 11]
69: [32]
70: [51]
71: [84]
72: [98, 74]
73: [51]
74: [42, 26]
75: [11, 20, 18, 17, 16, 15]
76: [20, 18]
77: [18]
78: [18]
79: [18]
80: [15, 16, 17, 18, 11]
81: [42, 32]
82: [51]
83: [98, 84]
84: [98, 74, 99]
85: [59, 51]
86: [42, 26, 43]
87: []
88: [15, 20, 19]
89: [15, 19]
90: [15, 19]
91: [15, 19]
92: [15, 16, 17, 18, 19, 11]
93: [43, 42, 32]
94: [51, 59]
95: [99, 98, 84]
96: [74, 99]
97: [59]
98: [26, 43]
99: [16, 17, 18, 19, 20, 11]
100: [16, 17, 18, 19, 20, 11]
101: [16, 17, 18, 19, 11]
102: [16, 17, 18, 19, 11]
103: [16, 17, 18, 19, 11]
104: [16, 17, 18, 19, 11]
105: [43, 32]
106: [59]
107: [99, 84]
108: [74]
109: [59]
110: [26]
111: [26, 32]
112: [32]
113: [32]
114: [32]
115: [32]
116: [32]
117: [32]
118: [59]
119: [84]
120: [74]
121: [59]
122: [59, 63]
123: [64, 59, 63]
124: [64, 59]
125: [59]
126: [59]
127: [59]
128: [59]
129: [59]
130: [59]
131: [84]
132: [74]
133: [74]
134: [74]
135: [74, 84]
136: [84]
137: [84]
138: [84]
139: [84]
140: [84]
141: [84]
142: [84]
143: [84]
88
0: [75]
1: [75]
2: [75]
3: [75]
4: [85, 75]
5: [85]
6: [85]
7: [85]
8: [85]
9: [85]
10: [85]
11: [85]
12: [75]
13: [51]
14: [51]
15: [64, 51]
16: [64, 65, 51]
17: [65, 51]
18: [51]
19: [51]
20: [51]
21: [51]
22: [51]
23: [85]
24: [75]
25: [51]
26: [27]
27: [27]
28: [33, 27]
29: [33]
30: [33]
31: [33]
32: [33]
33: [33]
34: [51]
35: [85]
36: [75]
37: [51]
38: [27]
39: [20, 15]
40: [20, 21, 15]
41: [21, 15]
42: [15]
43: [15]
44: [15]
45: [33]
46: [51]
47: [85]
48: [75]
49: [51]
50: [27]
51: [20, 15]
52: [4, 5, 3]
53: [4, 5, 3]
54: [5, 3]
55: [3]
56: [15]
57: [33]
58: [51]
59: [85]
60: [75]
61: [51]
62: [27]
63: [20, 15]
64: [4, 5, 3]
65: [4]
66: [5]
67: [3]
68: [15]
69: [33]
70: [51]
71: [85]
72: [98, 75]
73: [51]
74: [42, 27]
75: [20, 15]
76: [10, 4, 5, 3]
77: [10, 4]
78: [10, 5]
79: [10, 3]
80: [15]
81: [42, 33]
82: [51]
83: [98, 85]
84: [98, 75, 99]
85: [59, 51]
86: [42, 27, 43]
87: [19, 20, 15]
88: []
89: [3, 10, 4, 5]
90: [3, 10, 5]
91: [3, 10]
92: [15, 19]
93: [43, 42, 33]
94: [51, 59]
95: [99, 98, 85]
96: [75, 99]
97: [59]
98: [27, 43]
99: [19, 20]
100: [21, 19, 20]
101: [21, 19]
102: [19]
103: [19]
104: [19]
105: [43, 33]
106: [59]
107: [99, 85]
108: [75]
109: [59]
110: [27]
111: [27]
112: [27, 33]
113: [33]
114: [33]
115: [33]
116: [33]
117: [33]
118: [59]
119: [85]
120: [75]
121: [59]
122: [59]
123: [59, 64]
124: [65, 59, 64]
125: [65, 59]
126: [59]
127: [59]
128: [59]
129: [59]
130: [59]
131: [85]
132: [75]
133: [75]
134: [75]
135: [75]
136: [75, 85]
137: [85]
138: [85]
139: [85]
140: [85]
141: [85]
142: [85]
143: [85]
89
0: [76]
1: [76]
2: [76]
3: [76]
4: [76]
5: [86, 76]
6: [86]
7: [86]
8: [86]
9: [86]
10: [86]
11: [86]
12: [76]
13: [51]
14: [51]
15: [51]
16: [65, 51]
17: [65, 66, 51]
18: [66, 51]
19: [51]
20: [51]
21: [51]
22: [51]
23: [86]
24: [76]
25: [51]
26: [28]
27: [28]
28: [28]
29: [34, 28]
30: [34]
31: [34]
32: [34]
33: [34]
34: [51]
35: [86]
36: [76]
37: [51]
38: [28]
39: [15]
40: [21, 15]
41: [21, 22, 15]
42: [22, 15]
43: [15]
44: [15]
45: [34]
46: [51]
47: [86]
48: [76]
49: [51]
50: [28]
51: [15]
52: [4, 5, 3]
53: [6, 4, 5, 3]
54: [6, 3, 5]
55: [3, 6]
56: [15]
57: [34]
58: [51]
59: [86]
60: [76]
61: [51]
62: [28]
63: [15]
64: [4, 5, 3]
65: [6, 4]
66: [5]
67: [3, 6]
68: [15]
69: [34]
70: [51]
71: [86]
72: [98, 76]
73: [51]
74: [42, 28]
75: [15]
76: [10, 4, 5, 3]
77: [6, 10, 4]
78: [10, 5]
79: [3, 10, 6]
80: [15]
81: [42, 34]
82: [51]
83: [98, 86]
84: [98, 76, 99]
85: [59, 51]
86: [42, 28, 43]
87: [19, 15]
88: [10, 4, 5, 3]
89: []
90: [3, 10, 5, 6]
91: [3, 10, 6]
92: [15, 19]
93: [43, 42, 34]
94: [51, 59]
95: [99, 98, 86]
96: [76, 99]
97: [59]
98: [28, 43]
99: [19]
100: [19, 21]
101: [22, 19, 21]
102: [22, 19]
103: [19]
104: [19]
105: [43, 34]
106: [59]
107: [99, 86]
108: [76]
109: [59]
110: [28]
111: [28]
112: [28]
113: [28, 34]
114: [34]
115: [34]
116: [34]
117: [34]
118: [59]
119: [86]
120: [76]
121: [59]
122: [59]
123: [59]
124: [59, 65]
125: [66, 59, 65]
126: [66, 59]
127: [59]
128: [59]
129: [59]
130: [59]
131: [86]
132: [76]
133: [76]
134: [76]
135: [76]
136: [76]
137: [76, 86]
138: [86]
139: [86]
140: [86]
141: [86]
142: [86]
143: [86]
90
0: [77]
1: [77]
2: [77]
3: [77]
4: [77]
5: [77]
6: [87, 77]
7: [87]
8: [87]
9: [87]
10: [87]
11: [87]
12: [77]
13: [51]
14: [51]
15: [51]
16: [51]
17: [66, 51]
18: [66, 67, 51]
19: [67, 51]
20: [51]
21: [51]
22: [51]
23: [87]
24: [77]
25: [51]
26: [29]
27: [29]
28: [29]
29: [29]
30: [35, 29]
31: [35]
32: [35]
33: [35]
34: [51]
35: [87]
36: [77]
37: [51]
38: [29]
39: [15]
40: [15]
41: [22, 15]
42: [22, 23, 15]
43: [23, 15]
44: [15]
45: [35]
46: [51]
47: [87]
48: [77]
49: [51]
50: [29]
51: [15]
52: [5, 3]
53: [6, 3, 5]
54: [7, 3, 6, 5]
55: [3, 7, 6]
56: [15]
57: [35]
58: [51]
59: [87]
60: [77]
61: [51]
62: [29]
63: [15]
64: [5, 3]
65: [6]
66: [7, 5]
67: [3, 7, 6]
68: [15]
69: [35]
70: [51]
71: [87]
72: [98, 77]
73: [51]
74: [42, 29]
75: [15]
76: [10, 5, 3]
77: [6, 10]
78: [7, 10, 5]
79: [3, 10, 7, 6]
80: [15]
81: [42, 35]
82: [51]
83: [98, 87]
84: [98, 77, 99]
85: [59, 51]
86: [42, 29, 43]
87: [19, 15]
88: [10, 5, 3]
89: [10, 5, 6, 3]
90: []
91: [3, 10, 7, 6]
92: [15, 19]
93: [43, 42, 35]
94: [51, 59]
95: [99, 98, 87]
96: [77, 99]
97: [59]
98: [29, 43]
99: [19]
100: [19]
101: [19, 22]
102: [23, 19, 22]
103: [23, 19]
104: [19]
105: [43, 35]
106: [59]
107: [99, 87]
108: [77]
109: [59]
110: [29]
111: [29]
112: [29]
113: [29]
114: [29, 35]
115: [35]
116: [35]
117: [35]
118: [59]
119: [87]
120: [77]
121: [59]
122: [59]
123: [59]
124: [59]
125: [59, 66]
126: [67, 59, 66]
127: [67, 59]
128: [59]
129: [59]
130: [59]
131: [87]
132: [77]
133: [77]
134: [77]
135: [77]
136: [77]
137: [77]
138: [77, 87]
139: [87]
140: [87]
141: [87]
142: [87]
143: [87]
91
0: [78]
1: [78]
2: [78]
3: [78]
4: [78]
5: [78]
6: [78]
7: [88, 78]
8: [88]
9: [88]
10: [88]
11: [88]
12: [78]
13: [51]
14: [51]
15: [51]
16: [51]
17: [51]
18: [67, 51]
19: [67, 51, 68]
20: [51, 68]
21: [51]
22: [51]
23: [88]
24: [78]
25: [51]
26: [30]
27: [30]
28: [30]
29: [30]
30: [30]
31: [36, 30]
32: [36]
33: [36]
34: [51]
35: [88]
36: [78]
37: [51]
38: [30]
39: [15]
40: [15]
41: [15]
42: [23, 15]
43: [23, 15, 24]
44: [15, 24]
45: [36]
46: [51]
47: [88]
48: [78]
49: [51]
50: [30]
51: [15]
52: [3]
53: [3, 6]
54: [3, 7, 6]
55: [3, 7, 6]
56: [15, 24]
57: [36]
58: [51]
59: [88]
60: [78]
61: [51]
62: [30]
63: [15]
64: [3]
65: [6]
66: [7]
67: [3, 7, 6]
68: [15, 24]
69: [36]
70: [51]
71: [88]
72: [98, 78]
73: [51]
74: [42, 30]
75: [15]
76: [10, 3]
77: [6, 10]
78: [7, 10]
79: [3, 10, 7, 6]
80: [15, 24]
81: [36, 42]
82: [51]
83: [88, 98]
84: [98, 78, 99]
85: [59, 51]
86: [42, 30, 43]
87: [19, 15]
88: [10, 3]
89: [10, 6, 3]
90: [10, 6, 7, 3]
91: []
92: [15, 24, 19]
93: [43, 36, 42]
94: [51, 59]
95: [99, 88, 98]
96: [78, 99]
97: [59]
98: [30, 43]
99: [19]
100: [19]
101: [19]
102: [19, 23]
103: [24, 19, 23]
104: [24, 19]
105: [43, 36]
106: [59]
107: [99, 88]
108: [78]
109: [59]
110: [30]
111: [30]
112: [30]
113: [30]
114: [30]
115: [30, 36]
116: [36]
117: [36]
118: [59]
119: [88]
120: [78]
121: [59]
122: [59]
123: [59]
124: [59]
125: [59]
126: [59, 67]
127: [68, 59, 67]
128: [68, 59]
129: [59]
130: [59]
131: [88]
132: [78]
133: [78]
134: [78]
135: [78]
136: [78]
137: [78]
138: [78]
139: [78, 88]
140: [88]
141: [88]
142: [88]
143: [88]
92
0: [79]
1: [79]
2: [79]
3: [79]
4: [79]
5: [79]
6: [79]
7: [79]
8: [89, 79]
9: [89]
10: [89]
11: [89]
12: [79]
13: [51]
14: [51]
15: [51]
16: [51]
17: [51]
18: [51]
19: [68, 51]
20: [68, 51, 69]
21: [51, 69]
22: [51]
23: [89]
24: [79]
25: [51]
26: [31]
27: [31]
28: [31]
29: [31]
30: [31]
31: [31]
32: [37, 31]
33: [37]
34: [51]
35: [89]
36: [79]
37: [51]
38: [31]
39: [15, 11]
40: [15, 11]
41: [15, 11]
42: [15, 11]
43: [24, 15, 11]
44: [24, 15, 11]
45: [37]
46: [51]
47: [89]
48: [79]
49: [51]
50: [31]
51: [16, 11, 15]
52: [16]
53: [16]
54: [16]
55: [16, 24]
56: [16, 24, 15, 11]
57: [37]
58: [51]
59: [89]
60: [79]
61: [51]
62: [31]
63: [17, 16, 11, 15]
64: [17]
65: [17]
66: [17]
67: [17, 24]
68: [16, 17, 24, 15, 11]
69: [37]
70: [51]
71: [89]
72: [98, 79]
73: [51]
74: [42, 31]
75: [18, 17, 11, 16, 15]
76: [18]
77: [18]
78: [18]
79: [18, 24]
80: [15, 16, 17, 18, 24, 11]
81: [37, 42]
82: [51]
83: [89, 98]
84: [98, 99, 79]
85: [59, 51]
86: [42, 43, 31]
87: [19, 18, 11, 17, 16, 15]
88: [19, 15]
89: [19, 15]
90: [19, 15]
91: [19, 24, 15]
92: []
93: [43, 37, 42]
94: [51, 59]
95: [99, 89, 98]
96: [99, 79]
97: [59]
98: [43, 31]
99: [19, 11, 18, 17, 16]
100: [11, 19, 18, 17, 16]
101: [11, 19, 18, 17, 16]
102: [11, 19, 18, 17, 16]
103: [11, 24, 19, 18, 17, 16]
104: [11, 24, 19, 18, 17, 16]
105: [43, 37]
106: [59]
107: [99, 89]
108: [79]
109: [59]
110: [31]
111: [31]
112: [31]
113: [31]
114: [31]
115: [31]
116: [31, 37]
117: [37]
118: [59]
119: [89]
120: [79]
121: [59]
122: [59]
123: [59]
124: [59]
125: [59]
126: [59]
127: [59, 68]
128: [69, 59, 68]
129: [69, 59]
130: [59]
131: [89]
132: [79]
133: [79]
134: [79]
135: [79]
136: [79]
137: [79]
138: [79]
139: [79]
140: [79, 89]
141: [89]
142: [89]
143: [89]
93
0: [80]
1: [80]
2: [80]
3: [80]
4: [80]
5: [80]
6: [80]
7: [80]
8: [80]
9: [90, 80]
10: [90]
11: [90]
12: [80]
13: [51]
14: [51]
15: [51]
16: [51]
17: [51]
18: [51]
19: [51]
20: [69, 51]
21: [69, 51, 70]
22: [51, 70]
23: [90]
24: [80]
25: [51]
26: [25]
27: [25, 32]
28: [25, 33, 32]
29: [25, 34, 33, 32]
30: [25, 35, 34, 33, 32]
31: [25, 36, 35, 34, 33, 32]
32: [25, 37, 36, 35, 34, 33, 32]
33: [25, 37, 36, 35, 34, 33, 32]
34: [51, 70]
35: [90]
36: [80]
37: [51]
38: [25]
39: [32]
40: [33]
41: [34]
42: [35]
43: [36]
44: [37]
45: [25, 37, 36, 35, 34, 33, 32]
46: [51, 70]
47: [90]
48: [80]
49: [51]
50: [25]
51: [32]
52: [33]
53: [34]
54: [35]
55: [36]
56: [37]
57: [25, 37, 36, 35, 34, 33, 32]
58: [51, 70]
59: [90]
60: [80]
61: [51]
62: [25]
63: [32]
64: [33]
65: [34]
66: [35]
67: [36]
68: [37]
69: [25, 37, 36, 35, 34, 33, 32]
70: [51, 70]
71: [90]
72: [98, 80]
73: [51]
74: [42, 25]
75: [42, 32]
76: [33, 42]
77: [34, 42]
78: [35, 42]
79: [36, 42]
80: [37, 42]
81: [25, 42, 37, 36, 35, 34, 33, 32]
82: [51, 70]
83: [90, 98]
84: [98, 99, 80]
85: [59, 51]
86: [42, 43, 25]
87: [42, 32, 43]
88: [42, 33, 43]
89: [42, 34, 43]
90: [42, 35, 43]
91: [42, 36, 43]
92: [42, 37, 43]
93: []
94: [51, 70, 59]
95: [99, 90, 98]
96: [99, 80]
97: [59]
98: [43, 25]
99: [43, 32]
100: [43, 33]
101: [43, 34]
102: [43, 35]
103: [43, 36]
104: [43, 37]
105: [32, 33, 34, 35, 36, 37, 43, 25]
106: [70, 59]
107: [99, 90]
108: [80]
109: [59]
110: [25]
111: [32, 25]
112: [32, 33, 25]
113: [32, 33, 34, 25]
114: [32, 33, 34, 35, 25]
115: [32, 33, 34, 35, 36, 25]
116: [32, 33, 34, 35, 36, 37, 25]
117: [32, 33, 34, 35, 36, 37, 25]
118: [70, 59]
119: [90]
120: [80]
121: [59]
122: [59]
123: [59]
124: [59]
125: [59]
126: [59]
127: [59]
128: [69, 59]
129: [70, 69, 59]
130: [70, 59]
131: [90]
132: [80]
133: [80]
134: [80]
135: [80]
136: [80]
137: [80]
138: [80]
139: [80]
140: [80]
141: [80, 90]
142: [90]
143: [90]
94
0: [81]
1: [81]
2: [81]
3: [81]
4: [81]
5: [81]
6: [81]
7: [81]
8: [81]
9: [81]
10: [91, 81]
11: [91]
12: [81]
13: [51, 52, 53, 45]
14: [51, 52, 53, 45]
15: [51, 52, 53, 45]
16: [51, 52, 53, 45]
17: [51, 52, 53, 45]
18: [51, 52, 53, 45]
19: [51, 52, 53, 45]
20: [51, 52, 53, 45]
21: [51, 52, 53, 70, 45]
22: [51, 52, 53, 70, 45]
23: [91]
24: [81]
25: [54, 51, 52, 53, 45]
26: [54]
27: [54]
28: [54]
29: [54]
30: [54]
31: [54]
32: [54]
33: [54, 70]
34: [70, 51, 52, 53, 54, 45]
35: [91]
36: [81]
37: [55, 54, 51, 52, 53, 45]
38: [55]
39: [55]
40: [55]
41: [55]
42: [55]
43: [55]
44: [55]
45: [55, 70]
46: [70, 51, 52, 53, 54, 55, 45]
47: [91]
48: [81]
49: [56, 55, 54, 53, 51, 52, 45]
50: [56]
51: [56]
52: [56]
53: [56]
54: [56]
55: [56]
56: [56]
57: [56, 70]
58: [70, 51, 52, 53, 54, 55, 56, 45]
59: [91]
60: [81]
61: [57, 56, 55, 45, 54, 51, 52, 53]
62: [57]
63: [57]
64: [57]
65: [57]
66: [57]
67: [57]
68: [57]
69: [57, 70]
70: [70, 51, 52, 53, 54, 55, 56, 57, 45]
71: [91]
72: [98, 81]
73: [58, 57, 56, 45, 55, 54, 51, 52, 53]
74: [58]
75: [58]
76: [58]
77: [58]
78: [58]
79: [58]
80: [58]
81: [58, 70]
82: [70, 51, 52, 53, 54, 55, 56, 57, 58, 45]
83: [91, 98]
84: [98, 99, 81]
85: [59, 58, 57, 56, 45, 55, 54, 51, 52, 53]
86: [59, 51]
87: [59, 51]
88: [59, 51]
89: [59, 51]
90: [59, 51]
91: [59, 51]
92: [59, 51]
93: [59, 70, 51]
94: []
95: [99, 91, 98]
96: [99, 81]
97: [59, 58, 57, 45, 56, 55, 54, 52, 53]
98: [52]
99: [52]
100: [52]
101: [52]
102: [52]
103: [52]
104: [52]
105: [70, 52]
106: [45, 70, 59, 58, 57, 56, 52, 55, 53, 54]
107: [99, 91]
108: [81]
109: [59, 58, 45, 57, 56, 55, 54, 53]
110: [53]
111: [53]
112: [53]
113: [53]
114: [53]
115: [53]
116: [53]
117: [70, 53]
118: [45, 70, 59, 58, 57, 56, 55, 53, 54]
119: [91]
120: [81]
121: [59, 45, 58, 57, 56, 55, 54]
122: [45, 59, 58, 57, 56, 55, 54]
123: [45, 59, 58, 57, 56, 55, 54]
124: [45, 59, 58, 57, 56, 55, 54]
125: [45, 59, 58, 57, 56, 55, 54]
126: [45, 59, 58, 57, 56, 55, 54]
127: [45, 59, 58, 57, 56, 55, 54]
128: [45, 59, 58, 57, 56, 55, 54]
129: [45, 70, 59, 58, 57, 56, 55, 54]
130: [45, 70, 59, 58, 57, 56, 55, 54]
131: [91]
132: [81]
133: [81]
134: [81]
135: [81]
136: [81]
137: [81]
138: [81]
139: [81]
140: [81]
141: [81]
142: [81, 91]
143: [91]
95
0: [71]
1: [71, 82]
2: [71, 83, 82]
3: [71, 84, 83, 82]
4: [71, 85, 84, 83, 82]
5: [71, 86, 85, 84, 83, 82]
6: [71, 87, 86, 85, 84, 83, 82]
7: [71, 88, 87, 86, 85, 84, 83, 82]
8: [71, 89, 88, 87, 86, 85, 84, 83, 82]
9: [71, 90, 89, 88, 87, 86, 85, 84, 83, 82]
10: [71, 91, 90, 89, 88, 87, 86, 85, 84, 83, 82]
11: [71, 91, 90, 89, 88, 87, 86, 85, 84, 83, 82]
12: [71]
13: [82]
14: [83]
15: [84]
16: [85]
17: [86]
18: [87]
19: [88]
20: [89]
21: [90]
22: [91]
23: [71, 91, 90, 89, 88, 87, 86, 85, 84, 83, 82]
24: [71]
25: [82]
26: [83]
27: [84]
28: [85]
29: [86]
30: [87]
31: [88]
32: [89]
33: [90]
34: [91]
35: [71, 91, 90, 89, 88, 87, 86, 85, 84, 83, 82]
36: [71]
37: [82]
38: [83]
39: [84]
40: [85]
41: [86]
42: [87]
43: [88]
44: [89]
45: [90]
46: [91]
47: [71, 91, 90, 89, 88, 87, 86, 85, 84, 83, 82]
48: [71]
49: [82]
50: [83]
51: [84]
52: [85]
53: [86]
54: [87]
55: [88]
56: [89]
57: [90]
58: [91]
59: [71, 91, 90, 89, 88, 87, 86, 85, 84, 83, 82]
60: [71]
61: [82]
62: [83]
63: [84]
64: [85]
65: [86]
66: [87]
67: [88]
68: [89]
69: [90]
70: [91]
71: [71, 91, 90, 89, 88, 87, 86, 85, 84, 83, 82]
72: [98, 71]
73: [98, 82]
74: [98, 83]
75: [98, 84]
76: [98, 85]
77: [86, 98]
78: [87, 98]
79: [88, 98]
80: [89, 98]
81: [90, 98]
82: [91, 98]
83: [71, 98, 91, 90, 89, 88, 87, 86, 85, 84, 83, 82]
84: [98, 99, 71]
85: [98, 99, 82]
86: [98, 99, 83]
87: [98, 99, 84]
88: [98, 85, 99]
89: [98, 86, 99]
90: [98, 87, 99]
91: [98, 88, 99]
92: [98, 89, 99]
93: [98, 90, 99]
94: [98, 91, 99]
95: []
96: [99, 71]
97: [99, 82]
98: [99, 83]
99: [99, 84]
100: [99, 85]
101: [99, 86]
102: [99, 87]
103: [99, 88]
104: [99, 89]
105: [99, 90]
106: [99, 91]
107: [99, 82, 83, 84, 85, 86, 87, 88, 89, 90, 91, 71]
108: [71]
109: [82]
110: [83]
111: [84]
112: [85]
113: [86]
114: [87]
115: [88]
116: [89]
117: [90]
118: [91]
119: [82, 83, 84, 85, 86, 87, 88, 89, 90, 91, 71]
120: [71]
121: [82]
122: [83]
123: [84]
124: [85]
125: [86]
126: [87]
127: [88]
128: [89]
129: [90]
130: [91]
131: [82, 83, 84, 85, 86, 87, 88, 89, 90, 91, 71]
132: [71]
133: [82, 71]
134: [82, 83, 71]
135: [82, 83, 84, 71]
136: [82, 83, 84, 85, 71]
137: [82, 83, 84, 85, 86, 71]
138: [82, 83, 84, 85, 86, 87, 71]
139: [82, 83, 84, 85, 86, 87, 88, 71]
140: [82, 83, 84, 85, 86, 87, 88, 89, 71]
141: [82, 83, 84, 85, 86, 87, 88, 89, 90, 71]
142: [82, 83, 84, 85, 86, 87, 88, 89, 90, 91, 71]
143: [82, 83, 84, 85, 86, 87, 88, 89, 90, 91, 71]
96
0: [72, 73, 74, 75, 76, 77, 78, 79, 80, 81, 71]
1: [72, 73, 74, 75, 76, 77, 78, 79, 80, 81, 71]
2: [73, 74, 75, 76, 77, 78, 79, 80, 81, 71]
3: [74, 75, 76, 77, 78, 79, 80, 81, 71]
4: [75, 76, 77, 78, 79, 80, 81, 71]
5: [76, 77, 78, 79, 80, 81, 71]
6: [77, 78, 79, 80, 81, 71]
7: [80, 81, 78, 79, 71]
8: [80, 81, 79, 71]
9: [80, 81, 71]
10: [81, 71]
11: [71]
12: [72, 73, 74, 75, 76, 77, 78, 79, 80, 81, 71]
13: [72]
14: [73]
15: [74]
16: [75]
17: [76]
18: [77]
19: [78]
20: [79]
21: [80]
22: [81]
23: [71]
24: [72, 73, 74, 75, 76, 77, 78, 79, 80, 81, 71]
25: [72]
26: [73]
27: [74]
28: [75]
29: [76]
30: [77]
31: [78]
32: [79]
33: [80]
34: [81]
35: [71]
36: [72, 73, 74, 75, 76, 77, 78, 79, 80, 81, 71]
37: [72]
38: [73]
39: [74]
40: [75]
41: [76]
42: [77]
43: [78]
44: [79]
45: [80]
46: [81]
47: [71]
48: [72, 73, 74, 75, 76, 77, 78, 79, 80, 81, 71]
49: [72]
50: [73]
51: [74]
52: [75]
53: [76]
54: [77]
55: [78]
56: [79]
57: [80]
58: [81]
59: [71]
60: [72, 73, 74, 75, 76, 77, 78, 79, 80, 81, 71]
61: [72]
62: [73]
63: [74]
64: [75]
65: [76]
66: [77]
67: [78]
68: [79]
69: [80]
70: [81]
71: [71]
72: [72, 73, 74, 75, 76, 77, 78, 79, 80, 81, 71]
73: [72]
74: [73]
75: [74]
76: [75]
77: [76]
78: [77]
79: [78]
80: [79]
81: [80]
82: [81]
83: [71]
84: [99, 72, 73, 74, 75, 76, 77, 78, 79, 80, 81, 71]
85: [99, 72]
86: [99, 73]
87: [99, 74]
88: [99, 75]
89: [99, 76]
90: [99, 77]
91: [99, 78]
92: [99, 79]
93: [99, 80]
94: [99, 81]
95: [99, 71]
96: []
97: [100, 72, 99]
98: [100, 73, 99]
99: [100, 74, 99]
100: [100, 99, 75]
101: [100, 99, 76]
102: [100, 99, 77]
103: [100, 99, 78]
104: [100, 99, 79]
105: [100, 99, 80]
106: [100, 99, 81]
107: [100, 99, 71]
108: [71, 72, 100, 73, 74, 75, 76, 77, 78, 79, 80, 81]
109: [72, 100]
110: [73, 100]
111: [74, 100]
112: [100, 75]
113: [100, 76]
114: [100, 77]
115: [100, 78]
116: [100, 79]
117: [100, 80]
118: [100, 81]
119: [100, 71]
120: [71, 72, 73, 74, 75, 76, 77, 78, 79, 80, 81]
121: [72]
122: [73]
123: [74]
124: [75]
125: [76]
126: [77]
127: [78]
128: [79]
129: [80]
130: [81]
131: [71]
132: [71, 72, 73, 74, 75, 76, 77, 78, 79, 80, 81]
133: [71, 72, 73, 74, 75, 76, 77, 78, 79, 80, 81]
134: [71, 73, 74, 75, 76, 77, 78, 79, 80, 81]
135: [71, 74, 75, 76, 77, 78, 79, 80, 81]
136: [71, 75, 76, 77, 78, 79, 80, 81]
137: [71, 76, 77, 78, 79, 80, 81]
138: [71, 77, 78, 79, 80, 81]
139: [71, 78, 79, 80, 81]
140: [71, 79, 80, 81]
141: [71, 80, 81]
142: [71, 81]
143: [71]
97
0: [72]
1: [82, 72]
2: [82]
3: [82]
4: [82]
5: [82]
6: [82]
7: [82]
8: [82]
9: [82]
10: [82]
11: [82]
12: [72]
13: [45, 62, 52, 53]
14: [45, 62, 52, 53]
15: [45, 52, 53]
16: [45, 52, 53]
17: [45, 52, 53]
18: [45, 52, 53]
19: [45, 52, 53]
20: [45, 52, 53]
21: [45, 52, 53]
22: [52, 45, 53]
23: [82]
24: [72]
25: [45, 62, 52, 53, 54]
26: [62, 54]
27: [54]
28: [54]
29: [54]
30: [54]
31: [54]
32: [54]
33: [54]
34: [52, 53, 45, 54]
35: [82]
36: [72]
37: [45, 62, 52, 55, 53, 54]
38: [62, 55]
39: [55]
40: [55]
41: [55]
42: [55]
43: [55]
44: [55]
45: [55]
46: [52, 53, 45, 54, 55]
47: [82]
48: [72]
49: [45, 62, 56, 52, 55, 53, 54]
50: [62, 56]
51: [56]
52: [56]
53: [56]
54: [56]
55: [56]
56: [56]
57: [56]
58: [52, 53, 56, 54, 55, 45]
59: [82]
60: [72]
61: [45, 62, 57, 56, 52, 55, 53, 54]
62: [62, 57]
63: [57]
64: [57]
65: [57]
66: [57]
67: [57]
68: [57]
69: [57]
70: [52, 53, 56, 57, 54, 55, 45]
71: [82]
72: [72]
73: [45, 62, 58, 57, 56, 52, 55, 53, 54]
74: [62, 58]
75: [58]
76: [58]
77: [58]
78: [58]
79: [58]
80: [58]
81: [58]
82: [52, 53, 54, 55, 56, 57, 58, 45]
83: [82]
84: [99, 72]
85: [45, 62, 59, 58, 57, 56, 52, 55, 53, 54]
86: [62, 59]
87: [59]
88: [59]
89: [59]
90: [59]
91: [59]
92: [59]
93: [59]
94: [52, 53, 54, 55, 56, 57, 58, 59, 45]
95: [99, 82]
96: [99, 72, 100]
97: []
98: [52, 62, 60]
99: [52, 60]
100: [52, 60]
101: [52, 60]
102: [52, 60]
103: [52, 60]
104: [52, 60]
105: [52, 60]
106: [52, 53, 54, 55, 56, 57, 58, 59, 60, 45]
107: [100, 99, 82]
108: [72, 100]
109: [53, 54, 55, 56, 57, 58, 59, 60, 62, 45]
110: [53, 62]
111: [53]
112: [53]
113: [53]
114: [53]
115: [53]
116: [53]
117: [53]
118: [53, 54, 55, 56, 57, 58, 59, 60, 45]
119: [100, 82]
120: [72]
121: [54, 55, 56, 57, 58, 59, 60, 62, 45]
122: [54, 55, 56, 57, 58, 59, 60, 62, 45]
123: [54, 55, 56, 57, 58, 59, 60, 45]
124: [54, 55, 56, 57, 58, 59, 60, 45]
125: [54, 55, 56, 57, 58, 59, 60, 45]
126: [54, 55, 56, 57, 58, 59, 60, 45]
127: [54, 55, 56, 57, 58, 59, 60, 45]
128: [54, 55, 56, 57, 58, 59, 60, 45]
129: [54, 55, 56, 57, 58, 59, 60, 45]
130: [54, 55, 56, 57, 58, 59, 60, 45]
131: [82]
132: [72]
133: [72, 82]
134: [82]
135: [82]
136: [82]
137: [82]
138: [82]
139: [82]
140: [82]
141: [82]
142: [82]
143: [82]
98
0: [73]
1: [73]
2: [83, 73]
3: [83]
4: [83]
5: [83]
6: [83]
7: [83]
8: [83]
9: [83]
10: [83]
11: [83]
12: [73]
13: [62, 52]
14: [62, 63, 52]
15: [63, 52]
16: [52]
17: [52]
18: [52]
19: [52]
20: [52]
21: [52]
22: [52]
23: [83]
24: [73]
25: [62, 52]
26: [26, 27, 28, 29, 30, 31, 25]
27: [26, 27, 28, 29, 30, 31, 25]
28: [27, 28, 29, 30, 31, 25]
29: [28, 29, 30, 31, 25]
30: [29, 30, 31, 25]
31: [30, 31, 25]
32: [31, 25]
33: [25]
34: [52]
35: [83]
36: [73]
37: [62, 52]
38: [26, 27, 28, 29, 30, 31, 25]
39: [26]
40: [27]
41: [28]
42: [29]
43: [30]
44: [31]
45: [25]
46: [52]
47: [83]
48: [73]
49: [62, 52]
50: [26, 27, 28, 29, 30, 31, 25]
51: [26]
52: [27]
53: [28]
54: [29]
55: [30]
56: [31]
57: [25]
58: [52]
59: [83]
60: [73]
61: [62, 52]
62: [26, 27, 28, 29, 30, 31, 25]
63: [26]
64: [27]
65: [28]
66: [29]
67: [30]
68: [31]
69: [25]
70: [52]
71: [83]
72: [73]
73: [62, 52]
74: [26, 27, 28, 29, 30, 31, 25]
75: [26]
76: [27]
77: [28]
78: [29]
79: [30]
80: [31]
81: [25]
82: [52]
83: [83]
84: [99, 73]
85: [62, 52]
86: [43, 26, 27, 28, 29, 30, 31, 25]
87: [43, 26]
88: [43, 27]
89: [43, 28]
90: [43, 29]
91: [43, 30]
92: [43, 31]
93: [43, 25]
94: [52]
95: [99, 83]
96: [99, 73, 100]
97: [60, 62, 52]
98: []
99: [44, 26, 43]
100: [44, 43, 27]
101: [44, 43, 28]
102: [44, 43, 29]
103: [44, 43, 30]
104: [44, 43, 31]
105: [44, 25, 43]
106: [52, 60]
107: [100, 99, 83]
108: [73, 100]
109: [60, 62]
110: [25, 26, 44, 27, 28, 29, 30, 31]
111: [25, 26, 44, 27, 28, 29, 30, 31]
112: [25, 44, 27, 28, 29, 30, 31]
113: [25, 44, 28, 29, 30, 31]
114: [25, 44, 29, 30, 31]
115: [25, 44, 30, 31]
116: [25, 44, 31]
117: [25, 44]
118: [60]
119: [100, 83]
120: [73]
121: [60, 62]
122: [63, 60, 62]
123: [63, 60]
124: [60]
125: [60]
126: [60]
127: [60]
128: [60]
129: [60]
130: [60]
131: [83]
132: [73]
133: [73]
134: [73, 83]
135: [83]
136: [83]
137: [83]
138: [83]
139: [83]
140: [83]
141: [83]
142: [83]
143: [83]
99
0: [74]
1: [74]
2: [74]
3: [84, 74]
4: [84]
5: [84]
6: [84]
7: [84]
8: [84]
9: [84]
10: [84]
11: [84]
12: [74]
13: [52]
14: [63, 52]
15: [63, 64, 52]
16: [64, 52]
17: [52]
18: [52]
19: [52]
20: [52]
21: [52]
22: [52]
23: [84]
24: [74]
25: [52]
26: [26]
27: [32, 26]
28: [32]
29: [32]
30: [32]
31: [32]
32: [32]
33: [32]
34: [52]
35: [84]
36: [74]
37: [52]
38: [26]
39: [11, 20]
40: [11, 20]
41: [11]
42: [11]
43: [11]
44: [11]
45: [32]
46: [52]
47: [84]
48: [74]
49: [52]
50: [26]
51: [11, 20, 16]
52: [20, 16]
53: [16]
54: [16]
55: [16]
56: [16, 11]
57: [32]
58: [52]
59: [84]
60: [74]
61: [52]
62: [26]
63: [11, 20, 17, 16]
64: [20, 17]
65: [17]
66: [17]
67: [17]
68: [16, 17, 11]
69: [32]
70: [52]
71: [84]
72: [74]
73: [52]
74: [26]
75: [11, 20, 18, 17, 16]
76: [20, 18]
77: [18]
78: [18]
79: [18]
80: [16, 17, 18, 11]
81: [32]
82: [52]
83: [84]
84: [99, 74]
85: [52]
86: [43, 26]
87: [11, 19, 20, 18, 17, 16]
88: [20, 19]
89: [19]
90: [19]
91: [19]
92: [16, 17, 18, 19, 11]
93: [43, 32]
94: [52]
95: [99, 84]
96: [99, 74, 100]
97: [60, 52]
98: [43, 26, 44]
99: []
100: [16, 17, 18, 19, 20, 11]
101: [16, 17, 18, 19, 11]
102: [16, 17, 18, 19, 11]
103: [16, 17, 18, 19, 11]
104: [16, 17, 18, 19, 11]
105: [44, 43, 32]
106: [52, 60]
107: [100, 99, 84]
108: [74, 100]
109: [60]
110: [26, 44]
111: [26, 44, 32]
112: [44, 32]
113: [44, 32]
114: [44, 32]
115: [44, 32]
116: [44, 32]
117: [44, 32]
118: [60]
119: [100, 84]
120: [74]
121: [60]
122: [60, 63]
123: [64, 60, 63]
124: [64, 60]
125: [60]
126: [60]
127: [60]
128: [60]
129: [60]
130: [60]
131: [84]
132: [74]
133: [74]
134: [74]
135: [74, 84]
136: [84]
137: [84]
138: [84]
139: [84]
140: [84]
141: [84]
142: [84]
143: [84]
100
0: [75]
1: [75]
2: [75]
3: [75]
4: [85, 75]
5: [85]
6: [85]
7: [85]
8: [85]
9: [85]
10: [85]
11: [85]
12: [75]
13: [52]
14: [52]
15: [64, 52]
16: [64, 65, 52]
17: [65, 52]
18: [52]
19: [52]
20: [52]
21: [52]
22: [52]
23: [85]
24: [75]
25: [52]
26: [27]
27: [27]
28: [33, 27]
29: [33]
30: [33]
31: [33]
32: [33]
33: [33]
34: [52]
35: [85]
36: [75]
37: [52]
38: [27]
39: [11, 20]
40: [20, 11, 21]
41: [21, 11]
42: [11]
43: [11]
44: [11]
45: [33]
46: [52]
47: [85]
48: [75]
49: [52]
50: [27]
51: [11, 20, 16]
52: [20, 21, 16]
53: [21, 16]
54: [16]
55: [16]
56: [16, 11]
57: [33]
58: [52]
59: [85]
60: [75]
61: [52]
62: [27]
63: [11, 20, 17, 16]
64: [20, 21, 17]
65: [21, 17]
66: [17]
67: [17]
68: [16, 17, 11]
69: [33]
70: [52]
71: [85]
72: [75]
73: [52]
74: [27]
75: [11, 20, 18, 17, 16]
76: [20, 18, 21]
77: [21, 18]
78: [18]
79: [18]
80: [16, 17, 18, 11]
81: [33]
82: [52]
83: [85]
84: [99, 75]
85: [52]
86: [43, 27]
87: [11, 19, 20, 18, 17, 16]
88: [20, 19, 21]
89: [21, 19]
90: [19]
91: [19]
92: [16, 17, 18, 19, 11]
93: [43, 33]
94: [52]
95: [99, 85]
96: [99, 75, 100]
97: [60, 52]
98: [43, 27, 44]
99: [11, 19, 20, 18, 17, 16]
100: []
101: [16, 17, 18, 19, 21, 11]
102: [16, 17, 18, 19, 11]
103: [16, 17, 18, 19, 11]
104: [16, 17, 18, 19, 11]
105: [44, 43, 33]
106: [52, 60]
107: [100, 99, 85]
108: [75, 100]
109: [60]
110: [27, 44]
111: [27, 44]
112: [27, 44, 33]
113: [44, 33]
114: [44, 33]
115: [44, 33]
116: [44, 33]
117: [44, 33]
118: [60]
119: [100, 85]
120: [75]
121: [60]
122: [60]
123: [60, 64]
124: [65, 60, 64]
125: [65, 60]
126: [60]
127: [60]
128: [60]
129: [60]
130: [60]
131: [85]
132: [75]
133: [75]
134: [75]
135: [75]
136: [75, 85]
137: [85]
138: [85]
139: [85]
140: [85]
141: [85]
142: [85]
143: [85]
101
0: [76]
1: [76]
2: [76]
3: [76]
4: [76]
5: [86, 76]
6: [86]
7: [86]
8: [86]
9: [86]
10: [86]
11: [86]
12: [76]
13: [52]
14: [52]
15: [52]
16: [65, 52]
17: [65, 66, 52]
18: [66, 52]
19: [52]
20: [52]
21: [52]
22: [52]
23: [86]
24: [76]
25: [52]
26: [28]
27: [28]
28: [28]
29: [34, 28]
30: [34]
31: [34]
32: [34]
33: [34]
34: [52]
35: [86]
36: [76]
37: [52]
38: [28]
39: [11]
40: [21, 11]
41: [21, 22, 11]
42: [22, 11]
43: [11]
44: [11]
45: [34]
46: [52]
47: [86]
48: [76]
49: [52]
50: [28]
51: [11, 16]
52: [21, 16]
53: [21, 22, 16]
54: [22, 16]
55: [16]
56: [16, 11]
57: [34]
58: [52]
59: [86]
60: [76]
61: [52]
62: [28]
63: [11, 17, 16]
64: [21, 17]
65: [21, 17, 22]
66: [22, 17]
67: [17]
68: [16, 17, 11]
69: [34]
70: [52]
71: [86]
72: [76]
73: [52]
74: [28]
75: [11, 18, 17, 16]
76: [18, 21]
77: [21, 18, 22]
78: [22, 18]
79: [18]
80: [16, 17, 18, 11]
81: [34]
82: [52]
83: [86]
84: [99, 76]
85: [52]
86: [43, 28]
87: [11, 19, 18, 17, 16]
88: [19, 21]
89: [21, 19, 22]
90: [22, 19]
91: [19]
92: [16, 17, 18, 19, 11]
93: [43, 34]
94: [52]
95: [99, 86]
96: [99, 76, 100]
97: [60, 52]
98: [43, 28, 44]
99: [11, 19, 18, 17, 16]
100: [11, 19, 21, 18, 17, 16]
101: []
102: [16, 17, 18, 19, 22, 11]
103: [16, 17, 18, 19, 11]
104: [16, 17, 18, 19, 11]
105: [44, 43, 34]
106: [52, 60]
107: [100, 99, 86]
108: [76, 100]
109: [60]
110: [28, 44]
111: [28, 44]
112: [28, 44]
113: [28, 44, 34]
114: [44, 34]
115: [44, 34]
116: [44, 34]
117: [44, 34]
118: [60]
119: [100, 86]
120: [76]
121: [60]
122: [60]
123: [60]
124: [60, 65]
125: [66, 60, 65]
126: [66, 60]
127: [60]
128: [60]
129: [60]
130: [60]
131: [86]
132: [76]
133: [76]
134: [76]
135: [76]
136: [76]
137: [76, 86]
138: [86]
139: [86]
140: [86]
141: [86]
142: [86]
143: [86]
102
0: [77]
1: [77]
2: [77]
3: [77]
4: [77]
5: [77]
6: [87, 77]
7: [87]
8: [87]
9: [87]
10: [87]
11: [87]
12: [77]
13: [52]
14: [52]
15: [52]
16: [52]
17: [66, 52]
18: [66, 67, 52]
19: [67, 52]
20: [52]
21: [52]
22: [52]
23: [87]
24: [77]
25: [52]
26: [29]
27: [29]
28: [29]
29: [29]
30: [35, 29]
31: [35]
32: [35]
33: [35]
34: [52]
35: [87]
36: [77]
37: [52]
38: [29]
39: [11]
40: [11]
41: [22, 11]
42: [22, 23, 11]
43: [23, 11]
44: [11]
45: [35]
46: [52]
47: [87]
48: [77]
49: [52]
50: [29]
51: [11, 16]
52: [16]
53: [22, 16]
54: [22, 16, 23]
55: [23, 16]
56: [16, 11]
57: [35]
58: [52]
59: [87]
60: [77]
61: [52]
62: [29]
63: [11, 17, 16]
64: [17]
65: [17, 22]
66: [22, 17, 23]
67: [23, 17]
68: [16, 17, 11]
69: [35]
70: [52]
71: [87]
72: [77]
73: [52]
74: [29]
75: [11, 18, 17, 16]
76: [18]
77: [18, 22]
78: [22, 18, 23]
79: [23, 18]
80: [16, 17, 18, 11]
81: [35]
82: [52]
83: [87]
84: [99, 77]
85: [52]
86: [43, 29]
87: [11, 19, 18, 17, 16]
88: [19]
89: [19, 22]
90: [22, 19, 23]
91: [23, 19]
92: [16, 17, 18, 19, 11]
93: [43, 35]
94: [52]
95: [99, 87]
96: [99, 77, 100]
97: [60, 52]
98: [43, 29, 44]
99: [11, 19, 18, 17, 16]
100: [11, 19, 18, 17, 16]
101: [11, 19, 22, 18, 17, 16]
102: []
103: [16, 17, 18, 19, 23, 11]
104: [16, 17, 18, 19, 11]
105: [44, 43, 35]
106: [52, 60]
107: [100, 99, 87]
108: [77, 100]
109: [60]
110: [29, 44]
111: [29, 44]
112: [29, 44]
113: [29, 44]
114: [29, 44, 35]
115: [44, 35]
116: [44, 35]
117: [44, 35]
118: [60]
119: [100, 87]
120: [77]
121: [60]
122: [60]
123: [60]
124: [60]
125: [60, 66]
126: [67, 60, 66]
127: [67, 60]
128: [60]
129: [60]
130: [60]
131: [87]
132: [77]
133: [77]
134: [77]
135: [77]
136: [77]
137: [77]
138: [77, 87]
139: [87]
140: [87]
141: [87]
142: [87]
143: [87]
103
0: [78]
1: [78]
2: [78]
3: [78]
4: [78]
5: [78]
6: [78]
7: [88, 78]
8: [88]
9: [88]
10: [88]
11: [88]
12: [78]
13: [52]
14: [52]
15: [52]
16: [52]
17: [52]
18: [67, 52]
19: [67, 52, 68]
20: [52, 68]
21: [52]
22: [52]
23: [88]
24: [78]
25: [52]
26: [30]
27: [30]
28: [30]
29: [30]
30: [30]
31: [36, 30]
32: [36]
33: [36]
34: [52]
35: [88]
36: [78]
37: [52]
38: [30]
39: [11]
40: [11]
41: [11]
42: [23, 11]
43: [23, 24, 11]
44: [24, 11]
45: [36]
46: [52]
47: [88]
48: [78]
49: [52]
50: [30]
51: [11, 16]
52: [16]
53: [16]
54: [16, 23]
55: [23, 16, 24]
56: [16, 24, 11]
57: [36]
58: [52]
59: [88]
60: [78]
61: [52]
62: [30]
63: [11, 17, 16]
64: [17]
65: [17]
66: [17, 23]
67: [23, 17, 24]
68: [16, 17, 24, 11]
69: [36]
70: [52]
71: [88]
72: [78]
73: [52]
74: [30]
75: [11, 18, 17, 16]
76: [18]
77: [18]
78: [18, 23]
79: [23, 18, 24]
80: [16, 17, 18, 24, 11]
81: [36]
82: [52]
83: [88]
84: [99, 78]
85: [52]
86: [43, 30]
87: [11, 19, 18, 17, 16]
88: [19]
89: [19]
90: [19, 23]
91: [23, 19, 24]
92: [16, 17, 18, 19, 24, 11]
93: [43, 36]
94: [52]
95: [88, 99]
96: [99, 78, 100]
97: [60, 52]
98: [43, 30, 44]
99: [11, 19, 18, 17, 16]
100: [11, 19, 18, 17, 16]
101: [11, 19, 18, 17, 16]
102: [11, 19, 23, 18, 17, 16]
103: []
104: [16, 17, 18, 19, 24, 11]
105: [44, 43, 36]
106: [52, 60]
107: [100, 88, 99]
108: [78, 100]
109: [60]
110: [30, 44]
111: [30, 44]
112: [30, 44]
113: [30, 44]
114: [30, 44]
115: [30, 44, 36]
116: [44, 36]
117: [44, 36]
118: [60]
119: [100, 88]
120: [78]
121: [60]
122: [60]
123: [60]
124: [60]
125: [60]
126: [60, 67]
127: [68, 60, 67]
128: [68, 60]
129: [60]
130: [60]
131: [88]
132: [78]
133: [78]
134: [78]
135: [78]
136: [78]
137: [78]
138: [78]
139: [78, 88]
140: [88]
141: [88]
142: [88]
143: [88]
104
0: [79]
1: [79]
2: [79]
3: [79]
4: [79]
5: [79]
6: [79]
7: [79]
8: [89, 79]
9: [89]
10: [89]
11: [89]
12: [79]
13: [52]
14: [52]
15: [52]
16: [52]
17: [52]
18: [52]
19: [68, 52]
20: [68, 52, 69]
21: [52, 69]
22: [52]
23: [89]
24: [79]
25: [52]
26: [31]
27: [31]
28: [31]
29: [31]
30: [31]
31: [31]
32: [37, 31]
33: [37]
34: [52]
35: [89]
36: [79]
37: [52]
38: [31]
39: [11]
40: [11]
41: [11]
42: [11]
43: [24, 11]
44: [24, 11]
45: [37]
46: [52]
47: [89]
48: [79]
49: [52]
50: [31]
51: [16, 11]
52: [16]
53: [16]
54: [16]
55: [16, 24]
56: [16, 24, 11]
57: [37]
58: [52]
59: [89]
60: [79]
61: [52]
62: [31]
63: [17, 11, 16]
64: [17]
65: [17]
66: [17]
67: [17, 24]
68: [16, 17, 24, 11]
69: [37]
70: [52]
71: [89]
72: [79]
73: [52]
74: [31]
75: [18, 11, 17, 16]
76: [18]
77: [18]
78: [18]
79: [18, 24]
80: [16, 17, 18, 24, 11]
81: [37]
82: [52]
83: [89]
84: [99, 79]
85: [52]
86: [43, 31]
87: [19, 11, 18, 17, 16]
88: [19]
89: [19]
90: [19]
91: [19, 24]
92: [16, 17, 18, 19, 24, 11]
93: [37, 43]
94: [52]
95: [89, 99]
96: [99, 79, 100]
97: [60, 52]
98: [43, 31, 44]
99: [11, 19, 18, 17, 16]
100: [11, 19, 18, 17, 16]
101: [11, 19, 18, 17, 16]
102: [11, 19, 18, 17, 16]
103: [11, 24, 19, 18, 17, 16]
104: []
105: [44, 37, 43]
106: [52, 60]
107: [100, 89, 99]
108: [79, 100]
109: [60]
110: [31, 44]
111: [31, 44]
112: [31, 44]
113: [31, 44]
114: [31, 44]
115: [31, 44]
116: [31, 44, 37]
117: [44, 37]
118: [60]
119: [100, 89]
120: [79]
121: [60]
122: [60]
123: [60]
124: [60]
125: [60]
126: [60]
127: [60, 68]
128: [69, 60, 68]
129: [69, 60]
130: [60]
131: [89]
132: [79]
133: [79]
134: [79]
135: [79]
136: [79]
137: [79]
138: [79]
139: [79]
140: [79, 89]
141: [89]
142: [89]
143: [89]
105
0: [80]
1: [80]
2: [80]
3: [80]
4: [80]
5: [80]
6: [80]
7: [80]
8: [80]
9: [90, 80]
10: [90]
11: [90]
12: [80]
13: [52]
14: [52]
15: [52]
16: [52]
17: [52]
18: [52]
19: [52]
20: [69, 52]
21: [69, 52, 70]
22: [52, 70]
23: [90]
24: [80]
25: [52]
26: [25]
27: [25, 32]
28: [25, 33, 32]
29: [25, 34, 33, 32]
30: [25, 35, 34, 33, 32]
31: [25, 36, 35, 34, 33, 32]
32: [25, 37, 36, 35, 34, 33, 32]
33: [25, 37, 36, 35, 34, 33, 32]
34: [52, 70]
35: [90]
36: [80]
37: [52]
38: [25]
39: [32]
40: [33]
41: [34]
42: [35]
43: [36]
44: [37]
45: [25, 37, 36, 35, 34, 33, 32]
46: [52, 70]
47: [90]
48: [80]
49: [52]
50: [25]
51: [32]
52: [33]
53: [34]
54: [35]
55: [36]
56: [37]
57: [25, 37, 36, 35, 34, 33, 32]
58: [52, 70]
59: [90]
60: [80]
61: [52]
62: [25]
63: [32]
64: [33]
65: [34]
66: [35]
67: [36]
68: [37]
69: [25, 37, 36, 35, 34, 33, 32]
70: [52, 70]
71: [90]
72: [80]
73: [52]
74: [25]
75: [32]
76: [33]
77: [34]
78: [35]
79: [36]
80: [37]
81: [25, 37, 36, 35, 34, 33, 32]
82: [52, 70]
83: [90]
84: [99, 80]
85: [52]
86: [43, 25]
87: [32, 43]
88: [33, 43]
89: [34, 43]
90: [35, 43]
91: [36, 43]
92: [37, 43]
93: [25, 43, 37, 36, 35, 34, 33, 32]
94: [52, 70]
95: [90, 99]
96: [99, 80, 100]
97: [60, 52]
98: [43, 44, 25]
99: [43, 32, 44]
100: [43, 33, 44]
101: [43, 34, 44]
102: [43, 35, 44]
103: [43, 36, 44]
104: [43, 37, 44]
105: []
106: [52, 70, 60]
107: [100, 90, 99]
108: [80, 100]
109: [60]
110: [44, 25]
111: [32, 44, 25]
112: [32, 33, 44, 25]
113: [32, 33, 34, 44, 25]
114: [32, 33, 34, 35, 44, 25]
115: [32, 33, 34, 35, 36, 44, 25]
116: [32, 33, 34, 35, 36, 37, 44, 25]
117: [32, 33, 34, 35, 36, 37, 44, 25]
118: [70, 60]
119: [100, 90]
120: [80]
121: [60]
122: [60]
123: [60]
124: [60]
125: [60]
126: [60]
127: [60]
128: [60, 69]
129: [70, 60, 69]
130: [70, 60]
131: [90]
132: [80]
133: [80]
134: [80]
135: [80]
136: [80]
137: [80]
138: [80]
139: [80]
140: [80]
141: [80, 90]
142: [90]
143: [90]
106
0: [81]
1: [81]
2: [81]
3: [81]
4: [81]
5: [81]
6: [81]
7: [81]
8: [81]
9: [81]
10: [91, 81]
11: [91]
12: [81]
13: [52, 53, 45]
14: [52, 53, 45]
15: [52, 53, 45]
16: [52, 53, 45]
17: [52, 53, 45]
18: [52, 53, 45]
19: [52, 53, 45]
20: [52, 53, 45]
21: [52, 53, 70, 45]
22: [52, 53, 70, 45]
23: [91]
24: [81]
25: [54, 52, 53, 45]
26: [54]
27: [54]
28: [54]
29: [54]
30: [54]
31: [54]
32: [54]
33: [54, 70]
34: [70, 52, 53, 54, 45]
35: [91]
36: [81]
37: [55, 54, 53, 52, 45]
38: [55]
39: [55]
40: [55]
41: [55]
42: [55]
43: [55]
44: [55]
45: [55, 70]
46: [70, 52, 53, 54, 55, 45]
47: [91]
48: [81]
49: [56, 55, 45, 54, 52, 53]
50: [56]
51: [56]
52: [56]
53: [56]
54: [56]
55: [56]
56: [56]
57: [56, 70]
58: [70, 52, 53, 54, 55, 56, 45]
59: [91]
60: [81]
61: [57, 56, 45, 55, 54, 52, 53]
62: [57]
63: [57]
64: [57]
65: [57]
66: [57]
67: [57]
68: [57]
69: [57, 70]
70: [70, 52, 53, 54, 55, 56, 57, 45]
71: [91]
72: [81]
73: [58, 57, 56, 45, 55, 54, 52, 53]
74: [58]
75: [58]
76: [58]
77: [58]
78: [58]
79: [58]
80: [58]
81: [58, 70]
82: [70, 52, 53, 54, 55, 56, 57, 58, 45]
83: [91]
84: [99, 81]
85: [59, 58, 57, 45, 56, 55, 54, 52, 53]
86: [59]
87: [59]
88: [59]
89: [59]
90: [59]
91: [59]
92: [59]
93: [59, 70]
94: [70, 52, 53, 54, 55, 56, 57, 58, 59, 45]
95: [91, 99]
96: [99, 100, 81]
97: [60, 59, 58, 45, 57, 56, 55, 54, 52, 53]
98: [60, 52]
99: [60, 52]
100: [60, 52]
101: [60, 52]
102: [60, 52]
103: [60, 52]
104: [60, 52]
105: [60, 70, 52]
106: []
107: [100, 91, 99]
108: [100, 81]
109: [60, 59, 45, 58, 57, 56, 55, 54, 53]
110: [53]
111: [53]
112: [53]
113: [53]
114: [53]
115: [53]
116: [53]
117: [70, 53]
118: [45, 70, 60, 59, 58, 57, 56, 55, 53, 54]
119: [100, 91]
120: [81]
121: [60, 45, 59, 58, 57, 56, 55, 54]
122: [45, 60, 59, 58, 57, 56, 55, 54]
123: [45, 60, 59, 58, 57, 56, 55, 54]
124: [45, 60, 59, 58, 57, 56, 55, 54]
125: [45, 60, 59, 58, 57, 56, 55, 54]
126: [45, 60, 59, 58, 57, 56, 55, 54]
127: [45, 60, 59, 58, 57, 56, 55, 54]
128: [45, 60, 59, 58, 57, 56, 55, 54]
129: [45, 70, 60, 59, 58, 57, 56, 55, 54]
130: [45, 70, 60, 59, 58, 57, 56, 55, 54]
131: [91]
132: [81]
133: [81]
134: [81]
135: [81]
136: [81]
137: [81]
138: [81]
139: [81]
140: [81]
141: [81]
142: [81, 91]
143: [91]
107
0: [71]
1: [71, 82]
2: [71, 83, 82]
3: [71, 84, 83, 82]
4: [71, 85, 84, 83, 82]
5: [71, 86, 85, 84, 83, 82]
6: [71, 87, 86, 85, 84, 83, 82]
7: [71, 88, 87, 86, 85, 84, 83, 82]
8: [71, 89, 88, 87, 86, 85, 84, 83, 82]
9: [71, 90, 89, 88, 87, 86, 85, 84, 83, 82]
10: [71, 91, 90, 89, 88, 87, 86, 85, 84, 83, 82]
11: [71, 91, 90, 89, 88, 87, 86, 85, 84, 83, 82]
12: [71]
13: [82]
14: [83]
15: [84]
16: [85]
17: [86]
18: [87]
19: [88]
20: [89]
21: [90]
22: [91]
23: [71, 91, 90, 89, 88, 87, 86, 85, 84, 83, 82]
24: [71]
25: [82]
26: [83]
27: [84]
28: [85]
29: [86]
30: [87]
31: [88]
32: [89]
33: [90]
34: [91]
35: [71, 91, 90, 89, 88, 87, 86, 85, 84, 83, 82]
36: [71]
37: [82]
38: [83]
39: [84]
40: [85]
41: [86]
42: [87]
43: [88]
44: [89]
45: [90]
46: [91]
47: [71, 91, 90, 89, 88, 87, 86, 85, 84, 83, 82]
48: [71]
49: [82]
50: [83]
51: [84]
52: [85]
53: [86]
54: [87]
55: [88]
56: [89]
57: [90]
58: [91]
59: [71, 91, 90, 89, 88, 87, 86, 85, 84, 83, 82]
60: [71]
61: [82]
62: [83]
63: [84]
64: [85]
65: [86]
66: [87]
67: [88]
68: [89]
69: [90]
70: [91]
71: [71, 91, 90, 89, 88, 87, 86, 85, 84, 83, 82]
72: [71]
73: [82]
74: [83]
75: [84]
76: [85]
77: [86]
78: [87]
79: [88]
80: [89]
81: [90]
82: [91]
83: [71, 91, 90, 89, 88, 87, 86, 85, 84, 83, 82]
84: [99, 71]
85: [99, 82]
86: [99, 83]
87: [99, 84]
88: [85, 99]
89: [86, 99]
90: [87, 99]
91: [88, 99]
92: [89, 99]
93: [90, 99]
94: [91, 99]
95: [71, 99, 91, 90, 89, 88, 87, 86, 85, 84, 83, 82]
96: [99, 100, 71]
97: [99, 100, 82]
98: [99, 83, 100]
99: [99, 84, 100]
100: [99, 85, 100]
101: [99, 86, 100]
102: [99, 87, 100]
103: [99, 88, 100]
104: [99, 89, 100]
105: [99, 90, 100]
106: [99, 91, 100]
107: []
108: [100, 71]
109: [100, 82]
110: [100, 83]
111: [100, 84]
112: [100, 85]
113: [100, 86]
114: [100, 87]
115: [100, 88]
116: [100, 89]
117: [100, 90]
118: [100, 91]
119: [100, 82, 83, 84, 85, 86, 87, 88, 89, 90, 91, 71]
120: [71]
121: [82]
122: [83]
123: [84]
124: [85]
125: [86]
126: [87]
127: [88]
128: [89]
129: [90]
130: [91]
131: [82, 83, 84, 85, 86, 87, 88, 89, 90, 91, 71]
132: [71]
133: [82, 71]
134: [82, 83, 71]
135: [82, 83, 84, 71]
136: [82, 83, 84, 85, 71]
137: [82, 83, 84, 85, 86, 71]
138: [82, 83, 84, 85, 86, 87, 71]
139: [82, 83, 84, 85, 86, 87, 88, 71]
140: [82, 83, 84, 85, 86, 87, 88, 89, 71]
141: [82, 83, 84, 85, 86, 87, 88, 89, 90, 71]
142: [82, 83, 84, 85, 86, 87, 88, 89, 90, 91, 71]
143: [82, 83, 84, 85, 86, 87, 88, 89, 90, 91, 71]
108
0: [72, 73, 74, 75, 76, 77, 78, 79, 80, 81, 71]
1: [72, 73, 74, 75, 76, 77, 78, 79, 80, 81, 71]
2: [73, 74, 75, 76, 77, 78, 79, 80, 81, 71]
3: [74, 75, 76, 77, 78, 79, 80, 81, 71]
4: [75, 76, 77, 78, 79, 80, 81, 71]
5: [76, 77, 78, 79, 80, 81, 71]
6: [77, 78, 79, 80, 81, 71]
7: [80, 81, 78, 79, 71]
8: [80, 81, 79, 71]
9: [80, 81, 71]
10: [81, 71]
11: [71]
12: [72, 73, 74, 75, 76, 77, 78, 79, 80, 81, 71]
13: [72]
14: [73]
15: [74]
16: [75]
17: [76]
18: [77]
19: [78]
20: [79]
21: [80]
22: [81]
23: [71]
24: [72, 73, 74, 75, 76, 77, 78, 79, 80, 81, 71]
25: [72]
26: [73]
27: [74]
28: [75]
29: [76]
30: [77]
31: [78]
32: [79]
33: [80]
34: [81]
35: [71]
36: [72, 73, 74, 75, 76, 77, 78, 79, 80, 81, 71]
37: [72]
38: [73]
39: [74]
40: [75]
41: [76]
42: [77]
43: [78]
44: [79]
45: [80]
46: [81]
47: [71]
48: [72, 73, 74, 75, 76, 77, 78, 79, 80, 81, 71]
49: [72]
50: [73]
51: [74]
52: [75]
53: [76]
54: [77]
55: [78]
56: [79]
57: [80]
58: [81]
59: [71]
60: [72, 73, 74, 75, 76, 77, 78, 79, 80, 81, 71]
61: [72]
62: [73]
63: [74]
64: [75]
65: [76]
66: [77]
67: [78]
68: [79]
69: [80]
70: [81]
71: [71]
72: [72, 73, 74, 75, 76, 77, 78, 79, 80, 81, 71]
73: [72]
74: [73]
75: [74]
76: [75]
77: [76]
78: [77]
79: [78]
80: [79]
81: [80]
82: [81]
83: [71]
84: [72, 73, 74, 75, 76, 77, 78, 79, 80, 81, 71]
85: [72]
86: [73]
87: [74]
88: [75]
89: [76]
90: [77]
91: [78]
92: [79]
93: [80]
94: [81]
95: [71]
96: [100, 72, 73, 74, 75, 76, 77, 78, 79, 80, 81, 71]
97: [100, 72]
98: [100, 73]
99: [100, 74]
100: [100, 75]
101: [100, 76]
102: [100, 77]
103: [100, 78]
104: [100, 79]
105: [100, 80]
106: [100, 81]
107: [100, 71]
108: []
109: [101, 72, 100]
110: [101, 73, 100]
111: [101, 74, 100]
112: [101, 100, 75]
113: [101, 100, 76]
114: [101, 100, 77]
115: [101, 100, 78]
116: [101, 100, 79]
117: [101, 100, 80]
118: [101, 100, 81]
119: [101, 100, 71]
120: [71, 72, 101, 73, 74, 75, 76, 77, 78, 79, 80, 81]
121: [72, 101]
122: [73, 101]
123: [101, 74]
124: [101, 75]
125: [101, 76]
126: [101, 77]
127: [101, 78]
128: [101, 79]
129: [101, 80]
130: [101, 81]
131: [101, 71]
132: [71, 72, 73, 74, 75, 76, 77, 78, 79, 80, 81]
133: [71, 72, 73, 74, 75, 76, 77, 78, 79, 80, 81]
134: [71, 73, 74, 75, 76, 77, 78, 79, 80, 81]
135: [71, 74, 75, 76, 77, 78, 79, 80, 81]
136: [71, 75, 76, 77, 78, 79, 80, 81]
137: [71, 76, 77, 78, 79, 80, 81]
138: [71, 77, 78, 79, 80, 81]
139: [71, 78, 79, 80, 81]
140: [71, 79, 80, 81]
141: [71, 80, 81]
142: [71, 81]
143: [71]
109
0: [72]
1: [82, 72]
2: [82]
3: [82]
4: [82]
5: [82]
6: [82]
7: [82]
8: [82]
9: [82]
10: [82]
11: [82]
12: [72]
13: [45, 62, 53]
14: [45, 62, 53]
15: [45, 53]
16: [45, 53]
17: [45, 53]
18: [45, 53]
19: [45, 53]
20: [45, 53]
21: [45, 53]
22: [53, 45]
23: [82]
24: [72]
25: [45, 62, 53, 54]
26: [62, 54]
27: [54]
28: [54]
29: [54]
30: [54]
31: [54]
32: [54]
33: [54]
34: [53, 45, 54]
35: [82]
36: [72]
37: [45, 62, 55, 53, 54]
38: [62, 55]
39: [55]
40: [55]
41: [55]
42: [55]
43: [55]
44: [55]
45: [55]
46: [53, 54, 55, 45]
47: [82]
48: [72]
49: [45, 62, 56, 55, 53, 54]
50: [62, 56]
51: [56]
52: [56]
53: [56]
54: [56]
55: [56]
56: [56]
57: [56]
58: [53, 56, 54, 55, 45]
59: [82]
60: [72]
61: [45, 62, 57, 56, 55, 53, 54]
62: [62, 57]
63: [57]
64: [57]
65: [57]
66: [57]
67: [57]
68: [57]
69: [57]
70: [53, 56, 57, 54, 55, 45]
71: [82]
72: [72]
73: [45, 62, 58, 57, 56, 55, 53, 54]
74: [62, 58]
75: [58]
76: [58]
77: [58]
78: [58]
79: [58]
80: [58]
81: [58]
82: [53, 54, 55, 56, 57, 58, 45]
83: [82]
84: [72]
85: [45, 62, 59, 58, 57, 56, 55, 53, 54]
86: [62, 59]
87: [59]
88: [59]
89: [59]
90: [59]
91: [59]
92: [59]
93: [59]
94: [53, 54, 55, 56, 57, 58, 59, 45]
95: [82]
96: [100, 72]
97: [45, 62, 60, 59, 58, 57, 56, 55, 53, 54]
98: [62, 60]
99: [60]
100: [60]
101: [60]
102: [60]
103: [60]
104: [60]
105: [60]
106: [53, 54, 55, 56, 57, 58, 59, 60, 45]
107: [100, 82]
108: [100, 72, 101]
109: []
110: [53, 62, 61]
111: [53, 61]
112: [53, 61]
113: [53, 61]
114: [53, 61]
115: [53, 61]
116: [53, 61]
117: [53, 61]
118: [53, 54, 55, 56, 57, 58, 59, 60, 61, 45]
119: [101, 100, 82]
120: [72, 101]
121: [54, 55, 56, 57, 58, 59, 60, 61, 62, 45]
122: [54, 55, 56, 57, 58, 59, 60, 61, 62, 45]
123: [54, 55, 56, 57, 58, 59, 60, 61, 45]
124: [54, 55, 56, 57, 58, 59, 60, 61, 45]
125: [54, 55, 56, 57, 58, 59, 60, 61, 45]
126: [54, 55, 56, 57, 58, 59, 60, 61, 45]
127: [54, 55, 56, 57, 58, 59, 60, 61, 45]
128: [54, 55, 56, 57, 58, 59, 60, 61, 45]
129: [54, 55, 56, 57, 58, 59, 60, 61, 45]
130: [54, 55, 56, 57, 58, 59, 60, 61, 45]
131: [101, 82]
132: [72]
133: [72, 82]
134: [82]
135: [82]
136: [82]
137: [82]
138: [82]
139: [82]
140: [82]
141: [82]
142: [82]
143: [82]
110
0: [73]
1: [73]
2: [83, 73]
3: [83]
4: [83]
5: [83]
6: [83]
7: [83]
8: [83]
9: [83]
10: [83]
11: [83]
12: [73]
13: [62, 53]
14: [62, 63, 53]
15: [63, 53]
16: [53]
17: [53]
18: [53]
19: [53]
20: [53]
21: [53]
22: [53]
23: [83]
24: [73]
25: [62, 53]
26: [26, 27, 28, 29, 30, 31, 25]
27: [26, 27, 28, 29, 30, 31, 25]
28: [27, 28, 29, 30, 31, 25]
29: [28, 29, 30, 31, 25]
30: [29, 30, 31, 25]
31: [30, 31, 25]
32: [31, 25]
33: [25]
34: [53]
35: [83]
36: [73]
37: [62, 53]
38: [26, 27, 28, 29, 30, 31, 25]
39: [26]
40: [27]
41: [28]
42: [29]
43: [30]
44: [31]
45: [25]
46: [53]
47: [83]
48: [73]
49: [62, 53]
50: [26, 27, 28, 29, 30, 31, 25]
51: [26]
52: [27]
53: [28]
54: [29]
55: [30]
56: [31]
57: [25]
58: [53]
59: [83]
60: [73]
61: [62, 53]
62: [26, 27, 28, 29, 30, 31, 25]
63: [26]
64: [27]
65: [28]
66: [29]
67: [30]
68: [31]
69: [25]
70: [53]
71: [83]
72: [73]
73: [62, 53]
74: [26, 27, 28, 29, 30, 31, 25]
75: [26]
76: [27]
77: [28]
78: [29]
79: [30]
80: [31]
81: [25]
82: [53]
83: [83]
84: [73]
85: [62, 53]
86: [26, 27, 28, 29, 30, 31, 25]
87: [26]
88: [27]
89: [28]
90: [29]
91: [30]
92: [31]
93: [25]
94: [53]
95: [83]
96: [100, 73]
97: [62, 53]
98: [44, 26, 27, 28, 29, 30, 31, 25]
99: [44, 26]
100: [44, 27]
101: [44, 28]
102: [44, 29]
103: [44, 30]
104: [44, 31]
105: [25, 44]
106: [53]
107: [100, 83]
108: [100, 73, 101]
109: [61, 62, 53]
110: []
111: [25, 26, 44, 27, 28, 29, 30, 31]
112: [25, 44, 27, 28, 29, 30, 31]
113: [25, 44, 28, 29, 30, 31]
114: [25, 44, 29, 30, 31]
115: [25, 44, 30, 31]
116: [25, 44, 31]
117: [25, 44]
118: [53, 61]
119: [101, 100, 83]
120: [73, 101]
121: [61, 62]
122: [63, 61, 62]
123: [63, 61]
124: [61]
125: [61]
126: [61]
127: [61]
128: [61]
129: [61]
130: [61]
131: [101, 83]
132: [73]
133: [73]
134: [73, 83]
135: [83]
136: [83]
137: [83]
138: [83]
139: [83]
140: [83]
141: [83]
142: [83]
143: [83]
111
0: [74]
1: [74]
2: [74]
3: [84, 74]
4: [84]
5: [84]
6: [84]
7: [84]
8: [84]
9: [84]
10: [84]
11: [84]
12: [74]
13: [53]
14: [63, 53]
15: [63, 64, 53]
16: [64, 53]
17: [53]
18: [53]
19: [53]
20: [53]
21: [53]
22: [53]
23: [84]
24: [74]
25: [53]
26: [26, 27, 28, 29, 30, 31, 25]
27: [32, 26, 27, 28, 29, 30, 31, 25]
28: [32, 27, 28, 29, 30, 31, 25]
29: [32, 28, 29, 30, 31, 25]
30: [32, 29, 30, 31, 25]
31: [32, 30, 31, 25]
32: [32, 25, 31]
33: [32, 25]
34: [53]
35: [84]
36: [74]
37: [53]
38: [26, 27, 28, 29, 30, 31, 25]
39: [32, 26]
40: [27]
41: [28]
42: [29]
43: [30]
44: [31]
45: [25, 32]
46: [53]
47: [84]
48: [74]
49: [53]
50: [26, 27, 28, 29, 30, 31, 25]
51: [32, 26]
52: [27]
53: [28]
54: [29]
55: [30]
56: [31]
57: [25, 32]
58: [53]
59: [84]
60: [74]
61: [53]
62: [26, 27, 28, 29, 30, 31, 25]
63: [32, 26]
64: [27]
65: [28]
66: [29]
67: [30]
68: [31]
69: [25, 32]
70: [53]
71: [84]
72: [74]
73: [53]
74: [26, 27, 28, 29, 30, 31, 25]
75: [32, 26]
76: [27]
77: [28]
78: [29]
79: [30]
80: [31]
81: [25, 32]
82: [53]
83: [84]
84: [74]
85: [53]
86: [26, 27, 28, 29, 30, 31, 25]
87: [32, 26]
88: [27]
89: [28]
90: [29]
91: [30]
92: [31]
93: [25, 32]
94: [53]
95: [84]
96: [100, 74]
97: [53]
98: [44, 26, 27, 28, 29, 30, 31, 25]
99: [32, 44, 26]
100: [44, 27]
101: [44, 28]
102: [44, 29]
103: [44, 30]
104: [44, 31]
105: [25, 44, 32]
106: [53]
107: [100, 84]
108: [100, 74, 101]
109: [61, 53]
110: [44, 26, 27, 28, 29, 30, 31, 25]
111: []
112: [25, 44, 27, 28, 29, 30, 32, 31]
113: [25, 44, 28, 29, 30, 32, 31]
114: [25, 44, 29, 30, 32, 31]
115: [25, 44, 30, 32, 31]
116: [25, 44, 32, 31]
117: [25, 44, 32]
118: [53, 61]
119: [101, 100, 84]
120: [74, 101]
121: [61]
122: [61, 63]
123: [64, 61, 63]
124: [64, 61]
125: [61]
126: [61]
127: [61]
128: [61]
129: [61]
130: [61]
131: [101, 84]
132: [74]
133: [74]
134: [74]
135: [74, 84]
136: [84]
137: [84]
138: [84]
139: [84]
140: [84]
141: [84]
142: [84]
143: [84]
112
0: [75]
1: [75]
2: [75]
3: [75]
4: [85, 75]
5: [85]
6: [85]
7: [85]
8: [85]
9: [85]
10: [85]
11: [85]
12: [75]
13: [53]
14: [53]
15: [64, 53]
16: [64, 65, 53]
17: [65, 53]
18: [53]
19: [53]
20: [53]
21: [53]
22: [53]
23: [85]
24: [75]
25: [53]
26: [27, 28, 29, 30, 31, 25]
27: [32, 27, 28, 29, 30, 31, 25]
28: [33, 32, 27, 28, 29, 30, 31, 25]
29: [33, 32, 28, 29, 30, 31, 25]
30: [33, 32, 29, 30, 31, 25]
31: [33, 32, 25, 30, 31]
32: [33, 32, 25, 31]
33: [25, 33, 32]
34: [53]
35: [85]
36: [75]
37: [53]
38: [27, 28, 29, 30, 31, 25]
39: [32]
40: [33, 27]
41: [28]
42: [29]
43: [30]
44: [31]
45: [25, 33, 32]
46: [53]
47: [85]
48: [75]
49: [53]
50: [27, 28, 29, 30, 31, 25]
51: [32]
52: [33, 27]
53: [28]
54: [29]
55: [30]
56: [31]
57: [25, 33, 32]
58: [53]
59: [85]
60: [75]
61: [53]
62: [27, 28, 29, 30, 31, 25]
63: [32]
64: [33, 27]
65: [28]
66: [29]
67: [30]
68: [31]
69: [25, 33, 32]
70: [53]
71: [85]
72: [75]
73: [53]
74: [27, 28, 29, 30, 31, 25]
75: [32]
76: [33, 27]
77: [28]
78: [29]
79: [30]
80: [31]
81: [25, 33, 32]
82: [53]
83: [85]
84: [75]
85: [53]
86: [27, 28, 29, 30, 31, 25]
87: [32]
88: [33, 27]
89: [28]
90: [29]
91: [30]
92: [31]
93: [25, 33, 32]
94: [53]
95: [85]
96: [100, 75]
97: [53]
98: [44, 27, 28, 29, 30, 31, 25]
99: [32, 44]
100: [33, 44, 27]
101: [44, 28]
102: [44, 29]
103: [44, 30]
104: [44, 31]
105: [25, 44, 33, 32]
106: [53]
107: [100, 85]
108: [100, 75, 101]
109: [61, 53]
110: [44, 27, 28, 29, 30, 31, 25]
111: [32, 44, 27, 28, 29, 30, 31, 25]
112: []
113: [25, 44, 28, 29, 33, 30, 32, 31]
114: [25, 44, 29, 33, 30, 32, 31]
115: [25, 44, 33, 30, 32, 31]
116: [25, 44, 33, 32, 31]
117: [25, 44, 33, 32]
118: [53, 61]
119: [101, 100, 85]
120: [75, 101]
121: [61]
122: [61]
123: [61, 64]
124: [65, 61, 64]
125: [65, 61]
126: [61]
127: [61]
128: [61]
129: [61]
130: [61]
131: [101, 85]
132: [75]
133: [75]
134: [75]
135: [75]
136: [75, 85]
137: [85]
138: [85]
139: [85]
140: [85]
141: [85]
142: [85]
143: [85]
113
0: [76]
1: [76]
2: [76]
3: [76]
4: [76]
5: [86, 76]
6: [86]
7: [86]
8: [86]
9: [86]
10: [86]
11: [86]
12: [76]
13: [53]
14: [53]
15: [53]
16: [65, 53]
17: [65, 66, 53]
18: [66, 53]
19: [53]
20: [53]
21: [53]
22: [53]
23: [86]
24: [76]
25: [53]
26: [28, 29, 30, 31, 25]
27: [32, 28, 29, 30, 31, 25]
28: [33, 32, 28, 29, 30, 31, 25]
29: [34, 33, 32, 28, 29, 30, 31, 25]
30: [34, 33, 32, 25, 29, 30, 31]
31: [34, 33, 32, 25, 30, 31]
32: [34, 25, 33, 32, 31]
33: [25, 34, 33, 32]
34: [53]
35: [86]
36: [76]
37: [53]
38: [28, 29, 30, 31, 25]
39: [32]
40: [33]
41: [34, 28]
42: [29]
43: [30]
44: [31]
45: [25, 34, 33, 32]
46: [53]
47: [86]
48: [76]
49: [53]
50: [28, 29, 30, 31, 25]
51: [32]
52: [33]
53: [34, 28]
54: [29]
55: [30]
56: [31]
57: [25, 34, 33, 32]
58: [53]
59: [86]
60: [76]
61: [53]
62: [28, 29, 30, 31, 25]
63: [32]
64: [33]
65: [34, 28]
66: [29]
67: [30]
68: [31]
69: [25, 34, 33, 32]
70: [53]
71: [86]
72: [76]
73: [53]
74: [28, 29, 30, 31, 25]
75: [32]
76: [33]
77: [34, 28]
78: [29]
79: [30]
80: [31]
81: [25, 34, 33, 32]
82: [53]
83: [86]
84: [76]
85: [53]
86: [28, 29, 30, 31, 25]
87: [32]
88: [33]
89: [34, 28]
90: [29]
91: [30]
92: [31]
93: [25, 34, 33, 32]
94: [53]
95: [86]
96: [100, 76]
97: [53]
98: [44, 28, 29, 30, 31, 25]
99: [32, 44]
100: [33, 44]
101: [34, 44, 28]
102: [44, 29]
103: [44, 30]
104: [44, 31]
105: [25, 44, 34, 33, 32]
106: [53]
107: [100, 86]
108: [100, 76, 101]
109: [61, 53]
110: [44, 28, 29, 30, 31, 25]
111: [32, 44, 28, 29, 30, 31, 25]
112: [32, 33, 44, 28, 29, 30, 31, 25]
113: []
114: [25, 44, 34, 29, 33, 30, 32, 31]
115: [25, 44, 34, 33, 30, 32, 31]
116: [25, 44, 34, 33, 32, 31]
117: [25, 44, 34, 33, 32]
118: [53, 61]
119: [101, 100, 86]
120: [76, 101]
121: [61]
122: [61]
123: [61]
124: [61, 65]
125: [66, 61, 65]
126: [66, 61]
127: [61]
128: [61]
129: [61]
130: [61]
131: [101, 86]
132: [76]
133: [76]
134: [76]
135: [76]
136: [76]
137: [76, 86]
138: [86]
139: [86]
140: [86]
141: [86]
142: [86]
143: [86]
114
0: [77]
1: [77]
2: [77]
3: [77]
4: [77]
5: [77]
6: [87, 77]
7: [87]
8: [87]
9: [87]
10: [87]
11: [87]
12: [77]
13: [53]
14: [53]
15: [53]
16: [53]
17: [66, 53]
18: [66, 67, 53]
19: [67, 53]
20: [53]
21: [53]
22: [53]
23: [87]
24: [77]
25: [53]
26: [29, 30, 31, 25]
27: [32, 29, 30, 31, 25]
28: [33, 32, 29, 30, 31, 25]
29: [34, 33, 32, 25, 29, 30, 31]
30: [35, 34, 33, 32, 25, 29, 30, 31]
31: [35, 34, 25, 33, 32, 30, 31]
32: [35, 25, 34, 33, 32, 31]
33: [25, 35, 34, 33, 32]
34: [53]
35: [87]
36: [77]
37: [53]
38: [29, 30, 31, 25]
39: [32]
40: [33]
41: [34]
42: [35, 29]
43: [30]
44: [31]
45: [25, 35, 34, 33, 32]
46: [53]
47: [87]
48: [77]
49: [53]
50: [29, 30, 31, 25]
51: [32]
52: [33]
53: [34]
54: [35, 29]
55: [30]
56: [31]
57: [25, 35, 34, 33, 32]
58: [53]
59: [87]
60: [77]
61: [53]
62: [29, 30, 31, 25]
63: [32]
64: [33]
65: [34]
66: [35, 29]
67: [30]
68: [31]
69: [25, 35, 34, 33, 32]
70: [53]
71: [87]
72: [77]
73: [53]
74: [29, 30, 31, 25]
75: [32]
76: [33]
77: [34]
78: [35, 29]
79: [30]
80: [31]
81: [25, 35, 34, 33, 32]
82: [53]
83: [87]
84: [77]
85: [53]
86: [29, 30, 31, 25]
87: [32]
88: [33]
89: [34]
90: [35, 29]
91: [30]
92: [31]
93: [25, 35, 34, 33, 32]
94: [53]
95: [87]
96: [100, 77]
97: [53]
98: [44, 29, 30, 31, 25]
99: [32, 44]
100: [33, 44]
101: [34, 44]
102: [35, 44, 29]
103: [44, 30]
104: [44, 31]
105: [25, 44, 35, 34, 33, 32]
106: [53]
107: [100, 87]
108: [100, 77, 101]
109: [61, 53]
110: [44, 29, 30, 31, 25]
111: [32, 44, 29, 30, 31, 25]
112: [32, 33, 44, 29, 30, 31, 25]
113: [32, 33, 34, 44, 29, 30, 31, 25]
114: []
115: [25, 44, 35, 34, 33, 30, 32, 31]
116: [25, 44, 35, 34, 33, 32, 31]
117: [25, 44, 35, 34, 33, 32]
118: [53, 61]
119: [101, 100, 87]
120: [77, 101]
121: [61]
122: [61]
123: [61]
124: [61]
125: [61, 66]
126: [67, 61, 66]
127: [67, 61]
128: [61]
129: [61]
130: [61]
131: [101, 87]
132: [77]
133: [77]
134: [77]
135: [77]
136: [77]
137: [77]
138: [77, 87]
139: [87]
140: [87]
141: [87]
142: [87]
143: [87]
115
0: [78]
1: [78]
2: [78]
3: [78]
4: [78]
5: [78]
6: [78]
7: [88, 78]
8: [88]
9: [88]
10: [88]
11: [88]
12: [78]
13: [53]
14: [53]
15: [53]
16: [53]
17: [53]
18: [67, 53]
19: [67, 68, 53]
20: [68, 53]
21: [53]
22: [53]
23: [88]
24: [78]
25: [53]
26: [30, 31, 25]
27: [32, 30, 31, 25]
28: [33, 32, 25, 30, 31]
29: [34, 33, 32, 25, 30, 31]
30: [35, 34, 25, 33, 32, 30, 31]
31: [36, 35, 25, 34, 33, 32, 30, 31]
32: [36, 25, 35, 34, 33, 32, 31]
33: [25, 36, 35, 34, 33, 32]
34: [53]
35: [88]
36: [78]
37: [53]
38: [30, 31, 25]
39: [32]
40: [33]
41: [34]
42: [35]
43: [36, 30]
44: [31]
45: [25, 36, 35, 34, 33, 32]
46: [53]
47: [88]
48: [78]
49: [53]
50: [30, 31, 25]
51: [32]
52: [33]
53: [34]
54: [35]
55: [36, 30]
56: [31]
57: [25, 36, 35, 34, 33, 32]
58: [53]
59: [88]
60: [78]
61: [53]
62: [30, 31, 25]
63: [32]
64: [33]
65: [34]
66: [35]
67: [36, 30]
68: [31]
69: [25, 36, 35, 34, 33, 32]
70: [53]
71: [88]
72: [78]
73: [53]
74: [30, 31, 25]
75: [32]
76: [33]
77: [34]
78: [35]
79: [36, 30]
80: [31]
81: [25, 36, 35, 34, 33, 32]
82: [53]
83: [88]
84: [78]
85: [53]
86: [30, 31, 25]
87: [32]
88: [33]
89: [34]
90: [35]
91: [36, 30]
92: [31]
93: [25, 36, 35, 34, 33, 32]
94: [53]
95: [88]
96: [100, 78]
97: [53]
98: [44, 30, 31, 25]
99: [32, 44]
100: [33, 44]
101: [34, 44]
102: [35, 44]
103: [36, 44, 30]
104: [44, 31]
105: [25, 44, 36, 35, 34, 33, 32]
106: [53]
107: [100, 88]
108: [100, 78, 101]
109: [61, 53]
110: [44, 30, 31, 25]
111: [32, 44, 30, 31, 25]
112: [32, 33, 44, 30, 31, 25]
113: [32, 33, 34, 44, 30, 31, 25]
114: [32, 33, 34, 35, 44, 30, 31, 25]
115: []
116: [25, 44, 36, 35, 34, 33, 32, 31]
117: [25, 44, 36, 35, 34, 33, 32]
118: [53, 61]
119: [101, 100, 88]
120: [78, 101]
121: [61]
122: [61]
123: [61]
124: [61]
125: [61]
126: [61, 67]
127: [68, 61, 67]
128: [68, 61]
129: [61]
130: [61]
131: [101, 88]
132: [78]
133: [78]
134: [78]
135: [78]
136: [78]
137: [78]
138: [78]
139: [78, 88]
140: [88]
141: [88]
142: [88]
143: [88]
116
0: [79]
1: [79]
2: [79]
3: [79]
4: [79]
5: [79]
6: [79]
7: [79]
8: [89, 79]
9: [89]
10: [89]
11: [89]
12: [79]
13: [53]
14: [53]
15: [53]
16: [53]
17: [53]
18: [53]
19: [68, 53]
20: [68, 69, 53]
21: [69, 53]
22: [53]
23: [89]
24: [79]
25: [53]
26: [31, 25]
27: [32, 25, 31]
28: [33, 32, 25, 31]
29: [34, 25, 33, 32, 31]
30: [35, 25, 34, 33, 32, 31]
31: [36, 25, 35, 34, 33, 32, 31]
32: [37, 25, 36, 35, 34, 33, 32, 31]
33: [25, 37, 36, 35, 34, 33, 32]
34: [53]
35: [89]
36: [79]
37: [53]
38: [31, 25]
39: [32]
40: [33]
41: [34]
42: [35]
43: [36]
44: [37, 31]
45: [25, 37, 36, 35, 34, 33, 32]
46: [53]
47: [89]
48: [79]
49: [53]
50: [31, 25]
51: [32]
52: [33]
53: [34]
54: [35]
55: [36]
56: [37, 31]
57: [25, 37, 36, 35, 34, 33, 32]
58: [53]
59: [89]
60: [79]
61: [53]
62: [31, 25]
63: [32]
64: [33]
65: [34]
66: [35]
67: [36]
68: [37, 31]
69: [25, 37, 36, 35, 34, 33, 32]
70: [53]
71: [89]
72: [79]
73: [53]
74: [31, 25]
75: [32]
76: [33]
77: [34]
78: [35]
79: [36]
80: [37, 31]
81: [25, 37, 36, 35, 34, 33, 32]
82: [53]
83: [89]
84: [79]
85: [53]
86: [31, 25]
87: [32]
88: [33]
89: [34]
90: [35]
91: [36]
92: [37, 31]
93: [25, 37, 36, 35, 34, 33, 32]
94: [53]
95: [89]
96: [100, 79]
97: [53]
98: [44, 31, 25]
99: [32, 44]
100: [33, 44]
101: [34, 44]
102: [35, 44]
103: [36, 44]
104: [37, 44, 31]
105: [25, 44, 37, 36, 35, 34, 33, 32]
106: [53]
107: [89, 100]
108: [100, 79, 101]
109: [61, 53]
110: [44, 31, 25]
111: [32, 44, 31, 25]
112: [32, 33, 44, 31, 25]
113: [32, 33, 34, 44, 31, 25]
114: [32, 33, 34, 35, 44, 31, 25]
115: [32, 33, 34, 35, 36, 44, 31, 25]
116: []
117: [25, 44, 37, 36, 35, 34, 33, 32]
118: [53, 61]
119: [101, 89, 100]
120: [79, 101]
121: [61]
122: [61]
123: [61]
124: [61]
125: [61]
126: [61]
127: [61, 68]
128: [69, 61, 68]
129: [69, 61]
130: [61]
131: [101, 89]
132: [79]
133: [79]
134: [79]
135: [79]
136: [79]
137: [79]
138: [79]
139: [79]
140: [79, 89]
141: [89]
142: [89]
143: [89]
117
0: [80]
1: [80]
2: [80]
3: [80]
4: [80]
5: [80]
6: [80]
7: [80]
8: [80]
9: [90, 80]
10: [90]
11: [90]
12: [80]
13: [53]
14: [53]
15: [53]
16: [53]
17: [53]
18: [53]
19: [53]
20: [69, 53]
21: [69, 53, 70]
22: [53, 70]
23: [90]
24: [80]
25: [53]
26: [25]
27: [32, 25]
28: [25, 33, 32]
29: [25, 34, 33, 32]
30: [25, 35, 34, 33, 32]
31: [25, 36, 35, 34, 33, 32]
32: [25, 37, 36, 35, 34, 33, 32]
33: [25, 37, 36, 35, 34, 33, 32]
34: [53, 70]
35: [90]
36: [80]
37: [53]
38: [25]
39: [32]
40: [33]
41: [34]
42: [35]
43: [36]
44: [37]
45: [25, 37, 36, 35, 34, 33, 32]
46: [53, 70]
47: [90]
48: [80]
49: [53]
50: [25]
51: [32]
52: [33]
53: [34]
54: [35]
55: [36]
56: [37]
57: [25, 37, 36, 35, 34, 33, 32]
58: [53, 70]
59: [90]
60: [80]
61: [53]
62: [25]
63: [32]
64: [33]
65: [34]
66: [35]
67: [36]
68: [37]
69: [25, 37, 36, 35, 34, 33, 32]
70: [53, 70]
71: [90]
72: [80]
73: [53]
74: [25]
75: [32]
76: [33]
77: [34]
78: [35]
79: [36]
80: [37]
81: [25, 37, 36, 35, 34, 33, 32]
82: [53, 70]
83: [90]
84: [80]
85: [53]
86: [25]
87: [32]
88: [33]
89: [34]
90: [35]
91: [36]
92: [37]
93: [25, 37, 36, 35, 34, 33, 32]
94: [53, 70]
95: [90]
96: [100, 80]
97: [53]
98: [44, 25]
99: [32, 44]
100: [33, 44]
101: [34, 44]
102: [35, 44]
103: [36, 44]
104: [37, 44]
105: [25, 44, 37, 36, 35, 34, 33, 32]
106: [53, 70]
107: [90, 100]
108: [100, 80, 101]
109: [61, 53]
110: [44, 25]
111: [32, 44, 25]
112: [32, 33, 44, 25]
113: [32, 33, 34, 44, 25]
114: [32, 33, 34, 35, 44, 25]
115: [32, 33, 34, 35, 36, 44, 25]
116: [32, 33, 34, 35, 36, 37, 44, 25]
117: []
118: [53, 70, 61]
119: [101, 90, 100]
120: [80, 101]
121: [61]
122: [61]
123: [61]
124: [61]
125: [61]
126: [61]
127: [61]
128: [61, 69]
129: [70, 61, 69]
130: [70, 61]
131: [101, 90]
132: [80]
133: [80]
134: [80]
135: [80]
136: [80]
137: [80]
138: [80]
139: [80]
140: [80]
141: [80, 90]
142: [90]
143: [90]
118
0: [81]
1: [81]
2: [81]
3: [81]
4: [81]
5: [81]
6: [81]
7: [81]
8: [81]
9: [81]
10: [91, 81]
11: [91]
12: [81]
13: [53, 45]
14: [53, 45]
15: [53, 45]
16: [53, 45]
17: [53, 45]
18: [53, 45]
19: [53, 45]
20: [53, 45]
21: [53, 70, 45]
22: [53, 70, 45]
23: [91]
24: [81]
25: [54, 53, 45]
26: [54]
27: [54]
28: [54]
29: [54]
30: [54]
31: [54]
32: [54]
33: [54, 70]
34: [70, 53, 54, 45]
35: [91]
36: [81]
37: [55, 45, 54, 53]
38: [55]
39: [55]
40: [55]
41: [55]
42: [55]
43: [55]
44: [55]
45: [55, 70]
46: [70, 53, 54, 55, 45]
47: [91]
48: [81]
49: [56, 45, 55, 54, 53]
50: [56]
51: [56]
52: [56]
53: [56]
54: [56]
55: [56]
56: [56]
57: [56, 70]
58: [70, 53, 54, 55, 56, 45]
59: [91]
60: [81]
61: [57, 56, 45, 55, 54, 53]
62: [57]
63: [57]
64: [57]
65: [57]
66: [57]
67: [57]
68: [57]
69: [57, 70]
70: [70, 53, 54, 55, 56, 57, 45]
71: [91]
72: [81]
73: [58, 57, 45, 56, 55, 54, 53]
74: [58]
75: [58]
76: [58]
77: [58]
78: [58]
79: [58]
80: [58]
81: [58, 70]
82: [70, 53, 54, 55, 56, 57, 58, 45]
83: [91]
84: [81]
85: [59, 58, 45, 57, 56, 55, 54, 53]
86: [59]
87: [59]
88: [59]
89: [59]
90: [59]
91: [59]
92: [59]
93: [59, 70]
94: [70, 53, 54, 55, 56, 57, 58, 59, 45]
95: [91]
96: [100, 81]
97: [60, 59, 45, 58, 57, 56, 55, 54, 53]
98: [60]
99: [60]
100: [60]
101: [60]
102: [60]
103: [60]
104: [60]
105: [60, 70]
106: [70, 53, 54, 55, 56, 57, 58, 59, 60, 45]
107: [91, 100]
108: [100, 81, 101]
109: [61, 60, 45, 59, 58, 57, 56, 55, 54, 53]
110: [61, 53]
111: [61, 53]
112: [61, 53]
113: [61, 53]
114: [61, 53]
115: [61, 53]
116: [61, 53]
117: [61, 70, 53]
118: []
119: [101, 91, 100]
120: [81, 101]
121: [61, 45, 60, 59, 58, 57, 56, 55, 54]
122: [45, 61, 60, 59, 58, 57, 56, 55, 54]
123: [45, 61, 60, 59, 58, 57, 56, 55, 54]
124: [45, 61, 60, 59, 58, 57, 56, 55, 54]
125: [45, 61, 60, 59, 58, 57, 56, 55, 54]
126: [45, 61, 60, 59, 58, 57, 56, 55, 54]
127: [45, 61, 60, 59, 58, 57, 56, 55, 54]
128: [45, 61, 60, 59, 58, 57, 56, 55, 54]
129: [45, 61, 70, 60, 59, 58, 57, 56, 55, 54]
130: [45, 61, 70, 60, 59, 58, 57, 56, 55, 54]
131: [101, 91]
132: [81]
133: [81]
134: [81]
135: [81]
136: [81]
137: [81]
138: [81]
139: [81]
140: [81]
141: [81]
142: [81, 91]
143: [91]
119
0: [71]
1: [71, 82]
2: [71, 83, 82]
3: [71, 84, 83, 82]
4: [71, 85, 84, 83, 82]
5: [71, 86, 85, 84, 83, 82]
6: [71, 87, 86, 85, 84, 83, 82]
7: [71, 88, 87, 86, 85, 84, 83, 82]
8: [71, 89, 88, 87, 86, 85, 84, 83, 82]
9: [71, 90, 89, 88, 87, 86, 85, 84, 83, 82]
10: [71, 91, 90, 89, 88, 87, 86, 85, 84, 83, 82]
11: [71, 91, 90, 89, 88, 87, 86, 85, 84, 83, 82]
12: [71]
13: [82]
14: [83]
15: [84]
16: [85]
17: [86]
18: [87]
19: [88]
20: [89]
21: [90]
22: [91]
23: [71, 91, 90, 89, 88, 87, 86, 85, 84, 83, 82]
24: [71]
25: [82]
26: [83]
27: [84]
28: [85]
29: [86]
30: [87]
31: [88]
32: [89]
33: [90]
34: [91]
35: [71, 91, 90, 89, 88, 87, 86, 85, 84, 83, 82]
36: [71]
37: [82]
38: [83]
39: [84]
40: [85]
41: [86]
42: [87]
43: [88]
44: [89]
45: [90]
46: [91]
47: [71, 91, 90, 89, 88, 87, 86, 85, 84, 83, 82]
48: [71]
49: [82]
50: [83]
51: [84]
52: [85]
53: [86]
54: [87]
55: [88]
56: [89]
57: [90]
58: [91]
59: [71, 91, 90, 89, 88, 87, 86, 85, 84, 83, 82]
60: [71]
61: [82]
62: [83]
63: [84]
64: [85]
65: [86]
66: [87]
67: [88]
68: [89]
69: [90]
70: [91]
71: [71, 91, 90, 89, 88, 87, 86, 85, 84, 83, 82]
72: [71]
73: [82]
74: [83]
75: [84]
76: [85]
77: [86]
78: [87]
79: [88]
80: [89]
81: [90]
82: [91]
83: [71, 91, 90, 89, 88, 87, 86, 85, 84, 83, 82]
84: [71]
85: [82]
86: [83]
87: [84]
88: [85]
89: [86]
90: [87]
91: [88]
92: [89]
93: [90]
94: [91]
95: [71, 91, 90, 89, 88, 87, 86, 85, 84, 83, 82]
96: [100, 71]
97: [100, 82]
98: [83, 100]
99: [84, 100]
100: [85, 100]
101: [86, 100]
102: [87, 100]
103: [88, 100]
104: [89, 100]
105: [90, 100]
106: [91, 100]
107: [71, 91, 100, 90, 89, 88, 87, 86, 85, 84, 83, 82]
108: [100, 101, 71]
109: [100, 82, 101]
110: [100, 83, 101]
111: [100, 84, 101]
112: [100, 85, 101]
113: [100, 86, 101]
114: [100, 87, 101]
115: [100, 88, 101]
116: [100, 89, 101]
117: [100, 90, 101]
118: [100, 91, 101]
119: []
120: [101, 71]
121: [101, 82]
122: [101, 83]
123: [101, 84]
124: [101, 85]
125: [101, 86]
126: [101, 87]
127: [101, 88]
128: [101, 89]
129: [101, 90]
130: [101, 91]
131: [101, 82, 83, 84, 85, 86, 87, 88, 89, 90, 91, 71]
132: [71]
133: [82, 71]
134: [82, 83, 71]
135: [82, 83, 84, 71]
136: [82, 83, 84, 85, 71]
137: [82, 83, 84, 85, 86, 71]
138: [82, 83, 84, 85, 86, 87, 71]
139: [82, 83, 84, 85, 86, 87, 88, 71]
140: [82, 83, 84, 85, 86, 87, 88, 89, 71]
141: [82, 83, 84, 85, 86, 87, 88, 89, 90, 71]
142: [82, 83, 84, 85, 86, 87, 88, 89, 90, 91, 71]
143: [82, 83, 84, 85, 86, 87, 88, 89, 90, 91, 71]
120
0: [72, 73, 74, 75, 76, 77, 78, 79, 80, 81, 71]
1: [72, 73, 74, 75, 76, 77, 78, 79, 80, 81, 71]
2: [73, 74, 75, 76, 77, 78, 79, 80, 81, 71]
3: [74, 75, 76, 77, 78, 79, 80, 81, 71]
4: [75, 76, 77, 78, 79, 80, 81, 71]
5: [76, 77, 78, 79, 80, 81, 71]
6: [77, 78, 79, 80, 81, 71]
7: [80, 81, 78, 79, 71]
8: [80, 81, 79, 71]
9: [80, 81, 71]
10: [81, 71]
11: [71]
12: [72, 73, 74, 75, 76, 77, 78, 79, 80, 81, 71]
13: [72]
14: [73]
15: [74]
16: [75]
17: [76]
18: [77]
19: [78]
20: [79]
21: [80]
22: [81]
23: [71]
24: [72, 73, 74, 75, 76, 77, 78, 79, 80, 81, 71]
25: [72]
26: [73]
27: [74]
28: [75]
29: [76]
30: [77]
31: [78]
32: [79]
33: [80]
34: [81]
35: [71]
36: [72, 73, 74, 75, 76, 77, 78, 79, 80, 81, 71]
37: [72]
38: [73]
39: [74]
40: [75]
41: [76]
42: [77]
43: [78]
44: [79]
45: [80]
46: [81]
47: [71]
48: [72, 73, 74, 75, 76, 77, 78, 79, 80, 81, 71]
49: [72]
50: [73]
51: [74]
52: [75]
53: [76]
54: [77]
55: [78]
56: [79]
57: [80]
58: [81]
59: [71]
60: [72, 73, 74, 75, 76, 77, 78, 79, 80, 81, 71]
61: [72]
62: [73]
63: [74]
64: [75]
65: [76]
66: [77]
67: [78]
68: [79]
69: [80]
70: [81]
71: [71]
72: [72, 73, 74, 75, 76, 77, 78, 79, 80, 81, 71]
73: [72]
74: [73]
75: [74]
76: [75]
77: [76]
78: [77]
79: [78]
80: [79]
81: [80]
82: [81]
83: [71]
84: [72, 73, 74, 75, 76, 77, 78, 79, 80, 81, 71]
85: [72]
86: [73]
87: [74]
88: [75]
89: [76]
90: [77]
91: [78]
92: [79]
93: [80]
94: [81]
95: [71]
96: [72, 73, 74, 75, 76, 77, 78, 79, 80, 81, 71]
97: [72]
98: [73]
99: [74]
100: [75]
101: [76]
102: [77]
103: [78]
104: [79]
105: [80]
106: [81]
107: [71]
108: [101, 72, 73, 74, 75, 76, 77, 78, 79, 80, 81, 71]
109: [101, 72]
110: [101, 73]
111: [101, 74]
112: [101, 75]
113: [101, 76]
114: [101, 77]
115: [101, 78]
116: [101, 79]
117: [101, 80]
118: [101, 81]
119: [101, 71]
120: []
121: [102, 72, 101]
122: [102, 73, 101]
123: [102, 101, 74]
124: [102, 101, 75]
125: [102, 101, 76]
126: [102, 101, 77]
127: [102, 101, 78]
128: [102, 101, 79]
129: [102, 101, 80]
130: [102, 101, 81]
131: [102, 101, 71]
132: [71, 72, 102, 73, 74, 75, 76, 77, 78, 79, 80, 81]
133: [71, 72, 102, 73, 74, 75, 76, 77, 78, 79, 80, 81]
134: [71, 102, 73, 74, 75, 76, 77, 78, 79, 80, 81]
135: [71, 102, 74, 75, 76, 77, 78, 79, 80, 81]
136: [71, 102, 75, 76, 77, 78, 79, 80, 81]
137: [71, 102, 76, 77, 78, 79, 80, 81]
138: [71, 102, 77, 78, 79, 80, 81]
139: [71, 102, 78, 79, 80, 81]
140: [71, 102, 79, 80, 81]
141: [71, 102, 80, 81]
142: [71, 102, 81]
143: [102, 71]
121
0: [72]
1: [82, 72]
2: [82]
3: [82]
4: [82]
5: [82]
6: [82]
7: [82]
8: [82]
9: [82]
10: [82]
11: [82]
12: [72]
13: [45, 62]
14: [45, 62]
15: [45]
16: [45]
17: [45]
18: [45]
19: [45]
20: [45]
21: [45]
22: [45]
23: [82]
24: [72]
25: [45, 62, 54]
26: [62, 54]
27: [54]
28: [54]
29: [54]
30: [54]
31: [54]
32: [54]
33: [54]
34: [54, 45]
35: [82]
36: [72]
37: [45, 62, 55, 54]
38: [62, 55]
39: [55]
40: [55]
41: [55]
42: [55]
43: [55]
44: [55]
45: [55]
46: [54, 55, 45]
47: [82]
48: [72]
49: [45, 62, 56, 55, 54]
50: [62, 56]
51: [56]
52: [56]
53: [56]
54: [56]
55: [56]
56: [56]
57: [56]
58: [56, 54, 55, 45]
59: [82]
60: [72]
61: [45, 62, 57, 56, 55, 54]
62: [62, 57]
63: [57]
64: [57]
65: [57]
66: [57]
67: [57]
68: [57]
69: [57]
70: [56, 57, 54, 55, 45]
71: [82]
72: [72]
73: [45, 62, 58, 57, 56, 55, 54]
74: [62, 58]
75: [58]
76: [58]
77: [58]
78: [58]
79: [58]
80: [58]
81: [58]
82: [54, 55, 56, 57, 58, 45]
83: [82]
84: [72]
85: [45, 62, 59, 58, 57, 56, 55, 54]
86: [62, 59]
87: [59]
88: [59]
89: [59]
90: [59]
91: [59]
92: [59]
93: [59]
94: [54, 55, 56, 57, 58, 59, 45]
95: [82]
96: [72]
97: [45, 62, 60, 59, 58, 57, 56, 55, 54]
98: [62, 60]
99: [60]
100: [60]
101: [60]
102: [60]
103: [60]
104: [60]
105: [60]
106: [54, 55, 56, 57, 58, 59, 60, 45]
107: [82]
108: [101, 72]
109: [45, 61, 62, 60, 59, 58, 57, 56, 55, 54]
110: [62, 61]
111: [61]
112: [61]
113: [61]
114: [61]
115: [61]
116: [61]
117: [61]
118: [54, 55, 56, 57, 58, 59, 60, 61, 45]
119: [101, 82]
120: [101, 72, 102]
121: []
122: [54, 55, 56, 57, 58, 59, 60, 61, 62, 45]
123: [54, 55, 56, 57, 58, 59, 60, 61, 45]
124: [54, 55, 56, 57, 58, 59, 60, 61, 45]
125: [54, 55, 56, 57, 58, 59, 60, 61, 45]
126: [54, 55, 56, 57, 58, 59, 60, 61, 45]
127: [54, 55, 56, 57, 58, 59, 60, 61, 45]
128: [54, 55, 56, 57, 58, 59, 60, 61, 45]
129: [54, 55, 56, 57, 58, 59, 60, 61, 45]
130: [54, 55, 56, 57, 58, 59, 60, 61, 45]
131: [102, 101, 82]
132: [72, 102]
133: [72, 102, 82]
134: [102, 82]
135: [102, 82]
136: [102, 82]
137: [102, 82]
138: [102, 82]
139: [102, 82]
140: [102, 82]
141: [102, 82]
142: [102, 82]
143: [102, 82]
122
0: [73]
1: [73]
2: [83, 73]
3: [83]
4: [83]
5: [83]
6: [83]
7: [83]
8: [83]
9: [83]
10: [83]
11: [83]
12: [73]
13: [45, 62]
14: [62, 45, 63]
15: [63, 45]
16: [45]
17: [45]
18: [45]
19: [45]
20: [45]
21: [45]
22: [45]
23: [83]
24: [73]
25: [45, 62, 54]
26: [62, 63, 54]
27: [63, 54]
28: [54]
29: [54]
30: [54]
31: [54]
32: [54]
33: [54]
34: [54, 45]
35: [83]
36: [73]
37: [45, 62, 55, 54]
38: [62, 63, 55]
39: [63, 55]
40: [55]
41: [55]
42: [55]
43: [55]
44: [55]
45: [55]
46: [54, 55, 45]
47: [83]
48: [73]
49: [45, 62, 56, 55, 54]
50: [62, 63, 56]
51: [63, 56]
52: [56]
53: [56]
54: [56]
55: [56]
56: [56]
57: [56]
58: [56, 54, 55, 45]
59: [83]
60: [73]
61: [45, 62, 57, 56, 55, 54]
62: [62, 63, 57]
63: [63, 57]
64: [57]
65: [57]
66: [57]
67: [57]
68: [57]
69: [57]
70: [56, 57, 54, 55, 45]
71: [83]
72: [73]
73: [45, 62, 58, 57, 56, 55, 54]
74: [62, 63, 58]
75: [63, 58]
76: [58]
77: [58]
78: [58]
79: [58]
80: [58]
81: [58]
82: [54, 55, 56, 57, 58, 45]
83: [83]
84: [73]
85: [45, 62, 59, 58, 57, 56, 55, 54]
86: [62, 63, 59]
87: [63, 59]
88: [59]
89: [59]
90: [59]
91: [59]
92: [59]
93: [59]
94: [54, 55, 56, 57, 58, 59, 45]
95: [83]
96: [73]
97: [45, 62, 60, 59, 58, 57, 56, 55, 54]
98: [62, 60, 63]
99: [63, 60]
100: [60]
101: [60]
102: [60]
103: [60]
104: [60]
105: [60]
106: [54, 55, 56, 57, 58, 59, 60, 45]
107: [83]
108: [101, 73]
109: [45, 61, 62, 60, 59, 58, 57, 56, 55, 54]
110: [62, 61, 63]
111: [63, 61]
112: [61]
113: [61]
114: [61]
115: [61]
116: [61]
117: [61]
118: [54, 55, 56, 57, 58, 59, 60, 61, 45]
119: [101, 83]
120: [101, 73, 102]
121: [45, 61, 62, 60, 59, 58, 57, 56, 55, 54]
122: []
123: [54, 55, 56, 57, 58, 59, 60, 61, 63, 45]
124: [54, 55, 56, 57, 58, 59, 60, 61, 45]
125: [54, 55, 56, 57, 58, 59, 60, 61, 45]
126: [54, 55, 56, 57, 58, 59, 60, 61, 45]
127: [54, 55, 56, 57, 58, 59, 60, 61, 45]
128: [54, 55, 56, 57, 58, 59, 60, 61, 45]
129: [54, 55, 56, 57, 58, 59, 60, 61, 45]
130: [54, 55, 56, 57, 58, 59, 60, 61, 45]
131: [102, 101, 83]
132: [73, 102]
133: [73, 102]
134: [73, 102, 83]
135: [102, 83]
136: [102, 83]
137: [102, 83]
138: [102, 83]
139: [102, 83]
140: [102, 83]
141: [102, 83]
142: [102, 83]
143: [102, 83]
123
0: [74]
1: [74]
2: [74]
3: [84, 74]
4: [84]
5: [84]
6: [84]
7: [84]
8: [84]
9: [84]
10: [84]
11: [84]
12: [74]
13: [45]
14: [63, 45]
15: [63, 64, 45]
16: [64, 45]
17: [45]
18: [45]
19: [45]
20: [45]
21: [45]
22: [45]
23: [84]
24: [74]
25: [45, 54]
26: [63, 54]
27: [63, 64, 54]
28: [64, 54]
29: [54]
30: [54]
31: [54]
32: [54]
33: [54]
34: [54, 45]
35: [84]
36: [74]
37: [45, 55, 54]
38: [63, 55]
39: [63, 64, 55]
40: [64, 55]
41: [55]
42: [55]
43: [55]
44: [55]
45: [55]
46: [54, 55, 45]
47: [84]
48: [74]
49: [45, 56, 55, 54]
50: [63, 56]
51: [63, 64, 56]
52: [64, 56]
53: [56]
54: [56]
55: [56]
56: [56]
57: [56]
58: [56, 54, 55, 45]
59: [84]
60: [74]
61: [45, 57, 56, 55, 54]
62: [63, 57]
63: [63, 64, 57]
64: [64, 57]
65: [57]
66: [57]
67: [57]
68: [57]
69: [57]
70: [56, 57, 54, 55, 45]
71: [84]
72: [74]
73: [45, 58, 57, 56, 55, 54]
74: [63, 58]
75: [63, 64, 58]
76: [64, 58]
77: [58]
78: [58]
79: [58]
80: [58]
81: [58]
82: [54, 55, 56, 57, 58, 45]
83: [84]
84: [74]
85: [45, 59, 58, 57, 56, 55, 54]
86: [63, 59]
87: [63, 64, 59]
88: [64, 59]
89: [59]
90: [59]
91: [59]
92: [59]
93: [59]
94: [54, 55, 56, 57, 58, 59, 45]
95: [84]
96: [74]
97: [45, 60, 59, 58, 57, 56, 55, 54]
98: [60, 63]
99: [63, 60, 64]
100: [64, 60]
101: [60]
102: [60]
103: [60]
104: [60]
105: [60]
106: [54, 55, 56, 57, 58, 59, 60, 45]
107: [84]
108: [101, 74]
109: [45, 61, 60, 59, 58, 57, 56, 55, 54]
110: [61, 63]
111: [63, 61, 64]
112: [64, 61]
113: [61]
114: [61]
115: [61]
116: [61]
117: [61]
118: [54, 55, 56, 57, 58, 59, 60, 61, 45]
119: [101, 84]
120: [101, 74, 102]
121: [45, 61, 60, 59, 58, 57, 56, 55, 54]
122: [45, 61, 63, 60, 59, 58, 57, 56, 55, 54]
123: []
124: [64, 54, 55, 56, 57, 58, 59, 60, 61, 45]
125: [54, 55, 56, 57, 58, 59, 60, 61, 45]
126: [54, 55, 56, 57, 58, 59, 60, 61, 45]
127: [54, 55, 56, 57, 58, 59, 60, 61, 45]
128: [54, 55, 56, 57, 58, 59, 60, 61, 45]
129: [54, 55, 56, 57, 58, 59, 60, 61, 45]
130: [54, 55, 56, 57, 58, 59, 60, 61, 45]
131: [102, 101, 84]
132: [74, 102]
133: [74, 102]
134: [74, 102]
135: [74, 102, 84]
136: [102, 84]
137: [102, 84]
138: [102, 84]
139: [102, 84]
140: [102, 84]
141: [102, 84]
142: [102, 84]
143: [102, 84]
124
0: [75]
1: [75]
2: [75]
3: [75]
4: [85, 75]
5: [85]
6: [85]
7: [85]
8: [85]
9: [85]
10: [85]
11: [85]
12: [75]
13: [45]
14: [45]
15: [64, 45]
16: [64, 65, 45]
17: [65, 45]
18: [45]
19: [45]
20: [45]
21: [45]
22: [45]
23: [85]
24: [75]
25: [45, 54]
26: [54]
27: [64, 54]
28: [64, 65, 54]
29: [65, 54]
30: [54]
31: [54]
32: [54]
33: [54]
34: [54, 45]
35: [85]
36: [75]
37: [45, 55, 54]
38: [55]
39: [64, 55]
40: [64, 65, 55]
41: [65, 55]
42: [55]
43: [55]
44: [55]
45: [55]
46: [54, 55, 45]
47: [85]
48: [75]
49: [45, 56, 55, 54]
50: [56]
51: [64, 56]
52: [64, 65, 56]
53: [65, 56]
54: [56]
55: [56]
56: [56]
57: [56]
58: [56, 54, 55, 45]
59: [85]
60: [75]
61: [45, 57, 56, 55, 54]
62: [57]
63: [64, 57]
64: [64, 65, 57]
65: [65, 57]
66: [57]
67: [57]
68: [57]
69: [57]
70: [56, 57, 54, 55, 45]
71: [85]
72: [75]
73: [45, 58, 57, 56, 55, 54]
74: [58]
75: [64, 58]
76: [64, 65, 58]
77: [65, 58]
78: [58]
79: [58]
80: [58]
81: [58]
82: [54, 55, 56, 57, 58, 45]
83: [85]
84: [75]
85: [45, 59, 58, 57, 56, 55, 54]
86: [59]
87: [64, 59]
88: [64, 59, 65]
89: [65, 59]
90: [59]
91: [59]
92: [59]
93: [59]
94: [54, 55, 56, 57, 58, 59, 45]
95: [85]
96: [75]
97: [45, 60, 59, 58, 57, 56, 55, 54]
98: [60]
99: [60, 64]
100: [64, 60, 65]
101: [65, 60]
102: [60]
103: [60]
104: [60]
105: [60]
106: [54, 55, 56, 57, 58, 59, 60, 45]
107: [85]
108: [101, 75]
109: [45, 61, 60, 59, 58, 57, 56, 55, 54]
110: [61]
111: [61, 64]
112: [64, 61, 65]
113: [65, 61]
114: [61]
115: [61]
116: [61]
117: [61]
118: [54, 55, 56, 57, 58, 59, 60, 61, 45]
119: [101, 85]
120: [101, 75, 102]
121: [45, 61, 60, 59, 58, 57, 56, 55, 54]
122: [45, 61, 60, 59, 58, 57, 56, 55, 54]
123: [45, 64, 61, 60, 59, 58, 57, 56, 55, 54]
124: []
125: [65, 54, 55, 56, 57, 58, 59, 60, 61, 45]
126: [54, 55, 56, 57, 58, 59, 60, 61, 45]
127: [54, 55, 56, 57, 58, 59, 60, 61, 45]
128: [54, 55, 56, 57, 58, 59, 60, 61, 45]
129: [54, 55, 56, 57, 58, 59, 60, 61, 45]
130: [54, 55, 56, 57, 58, 59, 60, 61, 45]
131: [102, 101, 85]
132: [75, 102]
133: [75, 102]
134: [75, 102]
135: [75, 102]
136: [75, 102, 85]
137: [102, 85]
138: [102, 85]
139: [102, 85]
140: [102, 85]
141: [102, 85]
142: [102, 85]
143: [102, 85]
125
0: [76]
1: [76]
2: [76]
3: [76]
4: [76]
5: [86, 76]
6: [86]
7: [86]
8: [86]
9: [86]
10: [86]
11: [86]
12: [76]
13: [45]
14: [45]
15: [45]
16: [65, 45]
17: [65, 66, 45]
18: [66, 45]
19: [45]
20: [45]
21: [45]
22: [45]
23: [86]
24: [76]
25: [45, 54]
26: [54]
27: [54]
28: [65, 54]
29: [65, 66, 54]
30: [66, 54]
31: [54]
32: [54]
33: [54]
34: [54, 45]
35: [86]
36: [76]
37: [45, 55, 54]
38: [55]
39: [55]
40: [65, 55]
41: [65, 66, 55]
42: [66, 55]
43: [55]
44: [55]
45: [55]
46: [54, 55, 45]
47: [86]
48: [76]
49: [45, 56, 55, 54]
50: [56]
51: [56]
52: [65, 56]
53: [65, 66, 56]
54: [66, 56]
55: [56]
56: [56]
57: [56]
58: [56, 54, 55, 45]
59: [86]
60: [76]
61: [45, 57, 56, 55, 54]
62: [57]
63: [57]
64: [65, 57]
65: [65, 57, 66]
66: [66, 57]
67: [57]
68: [57]
69: [57]
70: [56, 57, 54, 55, 45]
71: [86]
72: [76]
73: [45, 58, 57, 56, 55, 54]
74: [58]
75: [58]
76: [65, 58]
77: [65, 58, 66]
78: [66, 58]
79: [58]
80: [58]
81: [58]
82: [54, 55, 56, 57, 58, 45]
83: [86]
84: [76]
85: [45, 59, 58, 57, 56, 55, 54]
86: [59]
87: [59]
88: [59, 65]
89: [65, 59, 66]
90: [66, 59]
91: [59]
92: [59]
93: [59]
94: [54, 55, 56, 57, 58, 59, 45]
95: [86]
96: [76]
97: [45, 60, 59, 58, 57, 56, 55, 54]
98: [60]
99: [60]
100: [60, 65]
101: [65, 60, 66]
102: [66, 60]
103: [60]
104: [60]
105: [60]
106: [54, 55, 56, 57, 58, 59, 60, 45]
107: [86]
108: [101, 76]
109: [45, 61, 60, 59, 58, 57, 56, 55, 54]
110: [61]
111: [61]
112: [61, 65]
113: [65, 61, 66]
114: [66, 61]
115: [61]
116: [61]
117: [61]
118: [54, 55, 56, 57, 58, 59, 60, 61, 45]
119: [101, 86]
120: [101, 76, 102]
121: [45, 61, 60, 59, 58, 57, 56, 55, 54]
122: [45, 61, 60, 59, 58, 57, 56, 55, 54]
123: [45, 61, 60, 59, 58, 57, 56, 55, 54]
124: [45, 65, 61, 60, 59, 58, 57, 56, 55, 54]
125: []
126: [66, 54, 55, 56, 57, 58, 59, 60, 61, 45]
127: [54, 55, 56, 57, 58, 59, 60, 61, 45]
128: [54, 55, 56, 57, 58, 59, 60, 61, 45]
129: [54, 55, 56, 57, 58, 59, 60, 61, 45]
130: [54, 55, 56, 57, 58, 59, 60, 61, 45]
131: [102, 101, 86]
132: [76, 102]
133: [76, 102]
134: [76, 102]
135: [76, 102]
136: [76, 102]
137: [76, 102, 86]
138: [102, 86]
139: [102, 86]
140: [102, 86]
141: [102, 86]
142: [102, 86]
143: [102, 86]
126
0: [77]
1: [77]
2: [77]
3: [77]
4: [77]
5: [77]
6: [87, 77]
7: [87]
8: [87]
9: [87]
10: [87]
11: [87]
12: [77]
13: [45]
14: [45]
15: [45]
16: [45]
17: [66, 45]
18: [66, 67, 45]
19: [67, 45]
20: [45]
21: [45]
22: [45]
23: [87]
24: [77]
25: [45, 54]
26: [54]
27: [54]
28: [54]
29: [66, 54]
30: [66, 67, 54]
31: [67, 54]
32: [54]
33: [54]
34: [54, 45]
35: [87]
36: [77]
37: [45, 55, 54]
38: [55]
39: [55]
40: [55]
41: [66, 55]
42: [66, 67, 55]
43: [67, 55]
44: [55]
45: [55]
46: [54, 55, 45]
47: [87]
48: [77]
49: [45, 56, 55, 54]
50: [56]
51: [56]
52: [56]
53: [66, 56]
54: [66, 56, 67]
55: [67, 56]
56: [56]
57: [56]
58: [56, 54, 55, 45]
59: [87]
60: [77]
61: [45, 57, 56, 55, 54]
62: [57]
63: [57]
64: [57]
65: [57, 66]
66: [66, 57, 67]
67: [67, 57]
68: [57]
69: [57]
70: [56, 57, 54, 55, 45]
71: [87]
72: [77]
73: [45, 58, 57, 56, 55, 54]
74: [58]
75: [58]
76: [58]
77: [58, 66]
78: [66, 58, 67]
79: [67, 58]
80: [58]
81: [58]
82: [54, 55, 56, 57, 58, 45]
83: [87]
84: [77]
85: [45, 59, 58, 57, 56, 55, 54]
86: [59]
87: [59]
88: [59]
89: [59, 66]
90: [66, 59, 67]
91: [67, 59]
92: [59]
93: [59]
94: [54, 55, 56, 57, 58, 59, 45]
95: [87]
96: [77]
97: [45, 60, 59, 58, 57, 56, 55, 54]
98: [60]
99: [60]
100: [60]
101: [60, 66]
102: [66, 60, 67]
103: [67, 60]
104: [60]
105: [60]
106: [54, 55, 56, 57, 58, 59, 60, 45]
107: [87]
108: [101, 77]
109: [45, 61, 60, 59, 58, 57, 56, 55, 54]
110: [61]
111: [61]
112: [61]
113: [61, 66]
114: [66, 61, 67]
115: [67, 61]
116: [61]
117: [61]
118: [54, 55, 56, 57, 58, 59, 60, 61, 45]
119: [101, 87]
120: [101, 77, 102]
121: [45, 61, 60, 59, 58, 57, 56, 55, 54]
122: [45, 61, 60, 59, 58, 57, 56, 55, 54]
123: [45, 61, 60, 59, 58, 57, 56, 55, 54]
124: [45, 61, 60, 59, 58, 57, 56, 55, 54]
125: [45, 66, 61, 60, 59, 58, 57, 56, 55, 54]
126: []
127: [67, 54, 55, 56, 57, 58, 59, 60, 61, 45]
128: [54, 55, 56, 57, 58, 59, 60, 61, 45]
129: [54, 55, 56, 57, 58, 59, 60, 61, 45]
130: [54, 55, 56, 57, 58, 59, 60, 61, 45]
131: [102, 101, 87]
132: [77, 102]
133: [77, 102]
134: [77, 102]
135: [77, 102]
136: [77, 102]
137: [77, 102]
138: [77, 102, 87]
139: [102, 87]
140: [102, 87]
141: [102, 87]
142: [102, 87]
143: [102, 87]
127
0: [78]
1: [78]
2: [78]
3: [78]
4: [78]
5: [78]
6: [78]
7: [88, 78]
8: [88]
9: [88]
10: [88]
11: [88]
12: [78]
13: [45]
14: [45]
15: [45]
16: [45]
17: [45]
18: [67, 45]
19: [67, 68, 45]
20: [68, 45]
21: [45]
22: [45]
23: [88]
24: [78]
25: [45, 54]
26: [54]
27: [54]
28: [54]
29: [54]
30: [67, 54]
31: [67, 68, 54]
32: [68, 54]
33: [54]
34: [54, 45]
35: [88]
36: [78]
37: [45, 55, 54]
38: [55]
39: [55]
40: [55]
41: [55]
42: [67, 55]
43: [67, 68, 55]
44: [68, 55]
45: [55]
46: [54, 55, 45]
47: [88]
48: [78]
49: [45, 56, 55, 54]
50: [56]
51: [56]
52: [56]
53: [56]
54: [56, 67]
55: [67, 56, 68]
56: [68, 56]
57: [56]
58: [56, 54, 55, 45]
59: [88]
60: [78]
61: [45, 57, 56, 55, 54]
62: [57]
63: [57]
64: [57]
65: [57]
66: [57, 67]
67: [67, 57, 68]
68: [68, 57]
69: [57]
70: [56, 57, 54, 55, 45]
71: [88]
72: [78]
73: [45, 58, 57, 56, 55, 54]
74: [58]
75: [58]
76: [58]
77: [58]
78: [58, 67]
79: [67, 58, 68]
80: [68, 58]
81: [58]
82: [54, 55, 56, 57, 58, 45]
83: [88]
84: [78]
85: [45, 59, 58, 57, 56, 55, 54]
86: [59]
87: [59]
88: [59]
89: [59]
90: [59, 67]
91: [67, 59, 68]
92: [68, 59]
93: [59]
94: [54, 55, 56, 57, 58, 59, 45]
95: [88]
96: [78]
97: [45, 60, 59, 58, 57, 56, 55, 54]
98: [60]
99: [60]
100: [60]
101: [60]
102: [60, 67]
103: [67, 60, 68]
104: [68, 60]
105: [60]
106: [54, 55, 56, 57, 58, 59, 60, 45]
107: [88]
108: [101, 78]
109: [45, 61, 60, 59, 58, 57, 56, 55, 54]
110: [61]
111: [61]
112: [61]
113: [61]
114: [61, 67]
115: [67, 61, 68]
116: [68, 61]
117: [61]
118: [54, 55, 56, 57, 58, 59, 60, 61, 45]
119: [101, 88]
120: [101, 78, 102]
121: [45, 61, 60, 59, 58, 57, 56, 55, 54]
122: [45, 61, 60, 59, 58, 57, 56, 55, 54]
123: [45, 61, 60, 59, 58, 57, 56, 55, 54]
124: [45, 61, 60, 59, 58, 57, 56, 55, 54]
125: [45, 61, 60, 59, 58, 57, 56, 55, 54]
126: [45, 67, 61, 60, 59, 58, 57, 56, 55, 54]
127: []
128: [68, 54, 55, 56, 57, 58, 59, 60, 61, 45]
129: [54, 55, 56, 57, 58, 59, 60, 61, 45]
130: [54, 55, 56, 57, 58, 59, 60, 61, 45]
131: [102, 101, 88]
132: [78, 102]
133: [78, 102]
134: [78, 102]
135: [78, 102]
136: [78, 102]
137: [78, 102]
138: [78, 102]
139: [78, 102, 88]
140: [102, 88]
141: [102, 88]
142: [102, 88]
143: [102, 88]
128
0: [79]
1: [79]
2: [79]
3: [79]
4: [79]
5: [79]
6: [79]
7: [79]
8: [89, 79]
9: [89]
10: [89]
11: [89]
12: [79]
13: [45]
14: [45]
15: [45]
16: [45]
17: [45]
18: [45]
19: [68, 45]
20: [68, 69, 45]
21: [69, 45]
22: [45]
23: [89]
24: [79]
25: [45, 54]
26: [54]
27: [54]
28: [54]
29: [54]
30: [54]
31: [68, 54]
32: [68, 69, 54]
33: [69, 54]
34: [54, 45]
35: [89]
36: [79]
37: [45, 55, 54]
38: [55]
39: [55]
40: [55]
41: [55]
42: [55]
43: [68, 55]
44: [68, 55, 69]
45: [69, 55]
46: [54, 55, 45]
47: [89]
48: [79]
49: [45, 56, 55, 54]
50: [56]
51: [56]
52: [56]
53: [56]
54: [56]
55: [56, 68]
56: [68, 56, 69]
57: [69, 56]
58: [56, 54, 55, 45]
59: [89]
60: [79]
61: [45, 57, 56, 55, 54]
62: [57]
63: [57]
64: [57]
65: [57]
66: [57]
67: [57, 68]
68: [68, 57, 69]
69: [69, 57]
70: [56, 57, 54, 55, 45]
71: [89]
72: [79]
73: [45, 58, 57, 56, 55, 54]
74: [58]
75: [58]
76: [58]
77: [58]
78: [58]
79: [58, 68]
80: [68, 58, 69]
81: [69, 58]
82: [54, 55, 56, 57, 58, 45]
83: [89]
84: [79]
85: [45, 59, 58, 57, 56, 55, 54]
86: [59]
87: [59]
88: [59]
89: [59]
90: [59]
91: [59, 68]
92: [68, 59, 69]
93: [69, 59]
94: [54, 55, 56, 57, 58, 59, 45]
95: [89]
96: [79]
97: [45, 60, 59, 58, 57, 56, 55, 54]
98: [60]
99: [60]
100: [60]
101: [60]
102: [60]
103: [60, 68]
104: [68, 60, 69]
105: [69, 60]
106: [54, 55, 56, 57, 58, 59, 60, 45]
107: [89]
108: [101, 79]
109: [45, 61, 60, 59, 58, 57, 56, 55, 54]
110: [61]
111: [61]
112: [61]
113: [61]
114: [61]
115: [61, 68]
116: [68, 61, 69]
117: [69, 61]
118: [54, 55, 56, 57, 58, 59, 60, 61, 45]
119: [101, 89]
120: [101, 79, 102]
121: [45, 61, 60, 59, 58, 57, 56, 55, 54]
122: [45, 61, 60, 59, 58, 57, 56, 55, 54]
123: [45, 61, 60, 59, 58, 57, 56, 55, 54]
124: [45, 61, 60, 59, 58, 57, 56, 55, 54]
125: [45, 61, 60, 59, 58, 57, 56, 55, 54]
126: [45, 61, 60, 59, 58, 57, 56, 55, 54]
127: [45, 68, 61, 60, 59, 58, 57, 56, 55, 54]
128: []
129: [69, 54, 55, 56, 57, 58, 59, 60, 61, 45]
130: [54, 55, 56, 57, 58, 59, 60, 61, 45]
131: [102, 101, 89]
132: [79, 102]
133: [79, 102]
134: [79, 102]
135: [79, 102]
136: [79, 102]
137: [79, 102]
138: [79, 102]
139: [79, 102]
140: [79, 102, 89]
141: [102, 89]
142: [102, 89]
143: [102, 89]
129
0: [80]
1: [80]
2: [80]
3: [80]
4: [80]
5: [80]
6: [80]
7: [80]
8: [80]
9: [90, 80]
10: [90]
11: [90]
12: [80]
13: [45]
14: [45]
15: [45]
16: [45]
17: [45]
18: [45]
19: [45]
20: [69, 45]
21: [69, 70, 45]
22: [70, 45]
23: [90]
24: [80]
25: [45, 54]
26: [54]
27: [54]
28: [54]
29: [54]
30: [54]
31: [54]
32: [69, 54]
33: [69, 54, 70]
34: [70, 54, 45]
35: [90]
36: [80]
37: [45, 55, 54]
38: [55]
39: [55]
40: [55]
41: [55]
42: [55]
43: [55]
44: [55, 69]
45: [69, 55, 70]
46: [70, 54, 55, 45]
47: [90]
48: [80]
49: [45, 56, 55, 54]
50: [56]
51: [56]
52: [56]
53: [56]
54: [56]
55: [56]
56: [56, 69]
57: [69, 56, 70]
58: [56, 70, 54, 55, 45]
59: [90]
60: [80]
61: [45, 57, 56, 55, 54]
62: [57]
63: [57]
64: [57]
65: [57]
66: [57]
67: [57]
68: [57, 69]
69: [69, 57, 70]
70: [70, 54, 55, 56, 57, 45]
71: [90]
72: [80]
73: [45, 58, 57, 56, 55, 54]
74: [58]
75: [58]
76: [58]
77: [58]
78: [58]
79: [58]
80: [58, 69]
81: [69, 58, 70]
82: [70, 54, 55, 56, 57, 58, 45]
83: [90]
84: [80]
85: [45, 59, 58, 57, 56, 55, 54]
86: [59]
87: [59]
88: [59]
89: [59]
90: [59]
91: [59]
92: [59, 69]
93: [69, 59, 70]
94: [70, 54, 55, 56, 57, 58, 59, 45]
95: [90]
96: [80]
97: [45, 60, 59, 58, 57, 56, 55, 54]
98: [60]
99: [60]
100: [60]
101: [60]
102: [60]
103: [60]
104: [60, 69]
105: [69, 60, 70]
106: [70, 54, 55, 56, 57, 58, 59, 60, 45]
107: [90]
108: [101, 80]
109: [45, 61, 60, 59, 58, 57, 56, 55, 54]
110: [61]
111: [61]
112: [61]
113: [61]
114: [61]
115: [61]
116: [61, 69]
117: [69, 61, 70]
118: [70, 54, 55, 56, 57, 58, 59, 60, 61, 45]
119: [90, 101]
120: [101, 80, 102]
121: [45, 61, 60, 59, 58, 57, 56, 55, 54]
122: [45, 61, 60, 59, 58, 57, 56, 55, 54]
123: [45, 61, 60, 59, 58, 57, 56, 55, 54]
124: [45, 61, 60, 59, 58, 57, 56, 55, 54]
125: [45, 61, 60, 59, 58, 57, 56, 55, 54]
126: [45, 61, 60, 59, 58, 57, 56, 55, 54]
127: [45, 61, 60, 59, 58, 57, 56, 55, 54]
128: [45, 69, 61, 60, 59, 58, 57, 56, 55, 54]
129: []
130: [70, 54, 55, 56, 57, 58, 59, 60, 61, 45]
131: [102, 90, 101]
132: [80, 102]
133: [80, 102]
134: [80, 102]
135: [80, 102]
136: [80, 102]
137: [80, 102]
138: [80, 102]
139: [80, 102]
140: [80, 102]
141: [80, 102, 90]
142: [102, 90]
143: [102, 90]
130
0: [81]
1: [81]
2: [81]
3: [81]
4: [81]
5: [81]
6: [81]
7: [81]
8: [81]
9: [81]
10: [91, 81]
11: [91]
12: [81]
13: [45]
14: [45]
15: [45]
16: [45]
17: [45]
18: [45]
19: [45]
20: [45]
21: [70, 45]
22: [70, 45]
23: [91]
24: [81]
25: [45, 54]
26: [54]
27: [54]
28: [54]
29: [54]
30: [54]
31: [54]
32: [54]
33: [54, 70]
34: [70, 54, 45]
35: [91]
36: [81]
37: [45, 55, 54]
38: [55]
39: [55]
40: [55]
41: [55]
42: [55]
43: [55]
44: [55]
45: [55, 70]
46: [70, 54, 55, 45]
47: [91]
48: [81]
49: [56, 45, 55, 54]
50: [56]
51: [56]
52: [56]
53: [56]
54: [56]
55: [56]
56: [56]
57: [56, 70]
58: [56, 70, 54, 55, 45]
59: [91]
60: [81]
61: [57, 45, 56, 55, 54]
62: [57]
63: [57]
64: [57]
65: [57]
66: [57]
67: [57]
68: [57]
69: [57, 70]
70: [70, 54, 55, 56, 57, 45]
71: [91]
72: [81]
73: [58, 45, 57, 56, 55, 54]
74: [58]
75: [58]
76: [58]
77: [58]
78: [58]
79: [58]
80: [58]
81: [58, 70]
82: [70, 54, 55, 56, 57, 58, 45]
83: [91]
84: [81]
85: [59, 45, 58, 57, 56, 55, 54]
86: [59]
87: [59]
88: [59]
89: [59]
90: [59]
91: [59]
92: [59]
93: [59, 70]
94: [70, 54, 55, 56, 57, 58, 59, 45]
95: [91]
96: [81]
97: [60, 45, 59, 58, 57, 56, 55, 54]
98: [60]
99: [60]
100: [60]
101: [60]
102: [60]
103: [60]
104: [60]
105: [60, 70]
106: [70, 54, 55, 56, 57, 58, 59, 60, 45]
107: [91]
108: [101, 81]
109: [61, 45, 60, 59, 58, 57, 56, 55, 54]
110: [61]
111: [61]
112: [61]
113: [61]
114: [61]
115: [61]
116: [61]
117: [61, 70]
118: [70, 54, 55, 56, 57, 58, 59, 60, 61, 45]
119: [91, 101]
120: [101, 81, 102]
121: [45, 61, 60, 59, 58, 57, 56, 55, 54]
122: [45, 61, 60, 59, 58, 57, 56, 55, 54]
123: [45, 61, 60, 59, 58, 57, 56, 55, 54]
124: [45, 61, 60, 59, 58, 57, 56, 55, 54]
125: [45, 61, 60, 59, 58, 57, 56, 55, 54]
126: [45, 61, 60, 59, 58, 57, 56, 55, 54]
127: [45, 61, 60, 59, 58, 57, 56, 55, 54]
128: [45, 61, 60, 59, 58, 57, 56, 55, 54]
129: [45, 61, 70, 60, 59, 58, 57, 56, 55, 54]
130: []
131: [102, 91, 101]
132: [81, 102]
133: [81, 102]
134: [81, 102]
135: [81, 102]
136: [81, 102]
137: [81, 102]
138: [81, 102]
139: [81, 102]
140: [81, 102]
141: [81, 102]
142: [81, 102, 91]
143: [102, 91]
131
0: [71]
1: [71, 82]
2: [71, 83, 82]
3: [71, 84, 83, 82]
4: [71, 85, 84, 83, 82]
5: [71, 86, 85, 84, 83, 82]
6: [71, 87, 86, 85, 84, 83, 82]
7: [71, 88, 87, 86, 85, 84, 83, 82]
8: [71, 89, 88, 87, 86, 85, 84, 83, 82]
9: [71, 90, 89, 88, 87, 86, 85, 84, 83, 82]
10: [71, 91, 90, 89, 88, 87, 86, 85, 84, 83, 82]
11: [71, 91, 90, 89, 88, 87, 86, 85, 84, 83, 82]
12: [71]
13: [82]
14: [83]
15: [84]
16: [85]
17: [86]
18: [87]
19: [88]
20: [89]
21: [90]
22: [91]
23: [71, 91, 90, 89, 88, 87, 86, 85, 84, 83, 82]
24: [71]
25: [82]
26: [83]
27: [84]
28: [85]
29: [86]
30: [87]
31: [88]
32: [89]
33: [90]
34: [91]
35: [71, 91, 90, 89, 88, 87, 86, 85, 84, 83, 82]
36: [71]
37: [82]
38: [83]
39: [84]
40: [85]
41: [86]
42: [87]
43: [88]
44: [89]
45: [90]
46: [91]
47: [71, 91, 90, 89, 88, 87, 86, 85, 84, 83, 82]
48: [71]
49: [82]
50: [83]
51: [84]
52: [85]
53: [86]
54: [87]
55: [88]
56: [89]
57: [90]
58: [91]
59: [71, 91, 90, 89, 88, 87, 86, 85, 84, 83, 82]
60: [71]
61: [82]
62: [83]
63: [84]
64: [85]
65: [86]
66: [87]
67: [88]
68: [89]
69: [90]
70: [91]
71: [71, 91, 90, 89, 88, 87, 86, 85, 84, 83, 82]
72: [71]
73: [82]
74: [83]
75: [84]
76: [85]
77: [86]
78: [87]
79: [88]
80: [89]
81: [90]
82: [91]
83: [71, 91, 90, 89, 88, 87, 86, 85, 84, 83, 82]
84: [71]
85: [82]
86: [83]
87: [84]
88: [85]
89: [86]
90: [87]
91: [88]
92: [89]
93: [90]
94: [91]
95: [71, 91, 90, 89, 88, 87, 86, 85, 84, 83, 82]
96: [71]
97: [82]
98: [83]
99: [84]
100: [85]
101: [86]
102: [87]
103: [88]
104: [89]
105: [90]
106: [91]
107: [71, 91, 90, 89, 88, 87, 86, 85, 84, 83, 82]
108: [101, 71]
109: [82, 101]
110: [83, 101]
111: [84, 101]
112: [85, 101]
113: [86, 101]
114: [87, 101]
115: [88, 101]
116: [89, 101]
117: [90, 101]
118: [91, 101]
119: [71, 91, 101, 90, 89, 88, 87, 86, 85, 84, 83, 82]
120: [101, 102, 71]
121: [101, 82, 102]
122: [101, 83, 102]
123: [101, 84, 102]
124: [101, 85, 102]
125: [101, 86, 102]
126: [101, 87, 102]
127: [101, 88, 102]
128: [101, 89, 102]
129: [101, 90, 102]
130: [101, 91, 102]
131: []
132: [102, 71]
133: [82, 102, 71]
134: [82, 83, 102, 71]
135: [82, 83, 84, 102, 71]
136: [102, 82, 83, 84, 85, 71]
137: [102, 82, 83, 84, 85, 86, 71]
138: [102, 82, 83, 84, 85, 86, 87, 71]
139: [102, 82, 83, 84, 85, 86, 87, 88, 71]
140: [102, 82, 83, 84, 85, 86, 87, 88, 89, 71]
141: [102, 82, 83, 84, 85, 86, 87, 88, 89, 90, 71]
142: [102, 82, 83, 84, 85, 86, 87, 88, 89, 90, 91, 71]
143: [102, 82, 83, 84, 85, 86, 87, 88, 89, 90, 91, 71]
132
0: [72, 73, 74, 75, 76, 77, 78, 79, 80, 81, 71]
1: [72, 73, 74, 75, 76, 77, 78, 79, 80, 81, 71]
2: [73, 74, 75, 76, 77, 78, 79, 80, 81, 71]
3: [74, 75, 76, 77, 78, 79, 80, 81, 71]
4: [75, 76, 77, 78, 79, 80, 81, 71]
5: [76, 77, 78, 79, 80, 81, 71]
6: [77, 78, 79, 80, 81, 71]
7: [80, 81, 78, 79, 71]
8: [80, 81, 79, 71]
9: [80, 81, 71]
10: [81, 71]
11: [71]
12: [72, 73, 74, 75, 76, 77, 78, 79, 80, 81, 71]
13: [72]
14: [73]
15: [74]
16: [75]
17: [76]
18: [77]
19: [78]
20: [79]
21: [80]
22: [81]
23: [71]
24: [72, 73, 74, 75, 76, 77, 78, 79, 80, 81, 71]
25: [72]
26: [73]
27: [74]
28: [75]
29: [76]
30: [77]
31: [78]
32: [79]
33: [80]
34: [81]
35: [71]
36: [72, 73, 74, 75, 76, 77, 78, 79, 80, 81, 71]
37: [72]
38: [73]
39: [74]
40: [75]
41: [76]
42: [77]
43: [78]
44: [79]
45: [80]
46: [81]
47: [71]
48: [72, 73, 74, 75, 76, 77, 78, 79, 80, 81, 71]
49: [72]
50: [73]
51: [74]
52: [75]
53: [76]
54: [77]
55: [78]
56: [79]
57: [80]
58: [81]
59: [71]
60: [72, 73, 74, 75, 76, 77, 78, 79, 80, 81, 71]
61: [72]
62: [73]
63: [74]
64: [75]
65: [76]
66: [77]
67: [78]
68: [79]
69: [80]
70: [81]
71: [71]
72: [72, 73, 74, 75, 76, 77, 78, 79, 80, 81, 71]
73: [72]
74: [73]
75: [74]
76: [75]
77: [76]
78: [77]
79: [78]
80: [79]
81: [80]
82: [81]
83: [71]
84: [72, 73, 74, 75, 76, 77, 78, 79, 80, 81, 71]
85: [72]
86: [73]
87: [74]
88: [75]
89: [76]
90: [77]
91: [78]
92: [79]
93: [80]
94: [81]
95: [71]
96: [72, 73, 74, 75, 76, 77, 78, 79, 80, 81, 71]
97: [72]
98: [73]
99: [74]
100: [75]
101: [76]
102: [77]
103: [78]
104: [79]
105: [80]
106: [81]
107: [71]
108: [72, 73, 74, 75, 76, 77, 78, 79, 80, 81, 71]
109: [72]
110: [73]
111: [74]
112: [75]
113: [76]
114: [77]
115: [78]
116: [79]
117: [80]
118: [81]
119: [71]
120: [102, 72, 73, 74, 75, 76, 77, 78, 79, 80, 81, 71]
121: [102, 72]
122: [102, 73]
123: [102, 74]
124: [102, 75]
125: [102, 76]
126: [102, 77]
127: [102, 78]
128: [102, 79]
129: [102, 80]
130: [102, 81]
131: [102, 71]
132: []
133: [71, 72, 102, 73, 74, 75, 76, 77, 78, 79, 80, 81]
134: [71, 102, 73, 74, 75, 76, 77, 78, 79, 80, 81]
135: [71, 102, 74, 75, 76, 77, 78, 79, 80, 81]
136: [71, 102, 75, 76, 77, 78, 79, 80, 81]
137: [71, 102, 76, 77, 78, 79, 80, 81]
138: [71, 102, 77, 78, 79, 80, 81]
139: [71, 102, 78, 79, 80, 81]
140: [71, 102, 79, 80, 81]
141: [71, 102, 80, 81]
142: [71, 102, 81]
143: [71, 102]
133
0: [72, 73, 74, 75, 76, 77, 78, 79, 80, 81, 71]
1: [82, 72, 73, 74, 75, 76, 77, 78, 79, 80, 81, 71]
2: [82, 73, 74, 75, 76, 77, 78, 79, 80, 81, 71]
3: [82, 74, 75, 76, 77, 78, 79, 80, 81, 71]
4: [82, 75, 76, 77, 78, 79, 80, 81, 71]
5: [82, 76, 77, 78, 79, 80, 81, 71]
6: [82, 77, 78, 79, 80, 81, 71]
7: [82, 80, 81, 78, 79, 71]
8: [82, 80, 81, 79, 71]
9: [82, 80, 81, 71]
10: [82, 81, 71]
11: [82, 71]
12: [72, 73, 74, 75, 76, 77, 78, 79, 80, 81, 71]
13: [82, 72]
14: [73]
15: [74]
16: [75]
17: [76]
18: [77]
19: [78]
20: [79]
21: [80]
22: [81]
23: [71, 82]
24: [72, 73, 74, 75, 76, 77, 78, 79, 80, 81, 71]
25: [82, 72]
26: [73]
27: [74]
28: [75]
29: [76]
30: [77]
31: [78]
32: [79]
33: [80]
34: [81]
35: [71, 82]
36: [72, 73, 74, 75, 76, 77, 78, 79, 80, 81, 71]
37: [82, 72]
38: [73]
39: [74]
40: [75]
41: [76]
42: [77]
43: [78]
44: [79]
45: [80]
46: [81]
47: [71, 82]
48: [72, 73, 74, 75, 76, 77, 78, 79, 80, 81, 71]
49: [82, 72]
50: [73]
51: [74]
52: [75]
53: [76]
54: [77]
55: [78]
56: [79]
57: [80]
58: [81]
59: [71, 82]
60: [72, 73, 74, 75, 76, 77, 78, 79, 80, 81, 71]
61: [82, 72]
62: [73]
63: [74]
64: [75]
65: [76]
66: [77]
67: [78]
68: [79]
69: [80]
70: [81]
71: [71, 82]
72: [72, 73, 74, 75, 76, 77, 78, 79, 80, 81, 71]
73: [82, 72]
74: [73]
75: [74]
76: [75]
77: [76]
78: [77]
79: [78]
80: [79]
81: [80]
82: [81]
83: [71, 82]
84: [72, 73, 74, 75, 76, 77, 78, 79, 80, 81, 71]
85: [82, 72]
86: [73]
87: [74]
88: [75]
89: [76]
90: [77]
91: [78]
92: [79]
93: [80]
94: [81]
95: [71, 82]
96: [72, 73, 74, 75, 76, 77, 78, 79, 80, 81, 71]
97: [82, 72]
98: [73]
99: [74]
100: [75]
101: [76]
102: [77]
103: [78]
104: [79]
105: [80]
106: [81]
107: [71, 82]
108: [72, 73, 74, 75, 76, 77, 78, 79, 80, 81, 71]
109: [82, 72]
110: [73]
111: [74]
112: [75]
113: [76]
114: [77]
115: [78]
116: [79]
117: [80]
118: [81]
119: [71, 82]
120: [102, 72, 73, 74, 75, 76, 77, 78, 79, 80, 81, 71]
121: [82, 102, 72]
122: [102, 73]
123: [102, 74]
124: [102, 75]
125: [102, 76]
126: [102, 77]
127: [102, 78]
128: [102, 79]
129: [102, 80]
130: [102, 81]
131: [71, 102, 82]
132: [102, 72, 73, 74, 75, 76, 77, 78, 79, 80, 81, 71]
133: []
134: [71, 102, 73, 74, 75, 76, 77, 78, 79, 80, 81, 82]
135: [71, 102, 74, 75, 76, 77, 78, 79, 80, 81, 82]
136: [71, 102, 75, 76, 77, 78, 79, 80, 81, 82]
137: [71, 102, 76, 77, 78, 79, 80, 81, 82]
138: [71, 102, 77, 78, 79, 80, 81, 82]
139: [71, 102, 78, 79, 80, 81, 82]
140: [71, 102, 79, 80, 81, 82]
141: [71, 102, 80, 81, 82]
142: [71, 102, 81, 82]
143: [71, 102, 82]
134
0: [73, 74, 75, 76, 77, 78, 79, 80, 81, 71]
1: [82, 73, 74, 75, 76, 77, 78, 79, 80, 81, 71]
2: [83, 82, 73, 74, 75, 76, 77, 78, 79, 80, 81, 71]
3: [83, 82, 74, 75, 76, 77, 78, 79, 80, 81, 71]
4: [83, 82, 75, 76, 77, 78, 79, 80, 81, 71]
5: [83, 82, 76, 77, 78, 79, 80, 81, 71]
6: [83, 82, 77, 78, 79, 80, 81, 71]
7: [83, 82, 80, 81, 78, 79, 71]
8: [83, 82, 80, 81, 79, 71]
9: [83, 82, 80, 81, 71]
10: [83, 82, 71, 81]
11: [83, 71, 82]
12: [73, 74, 75, 76, 77, 78, 79, 80, 81, 71]
13: [82]
14: [83, 73]
15: [74]
16: [75]
17: [76]
18: [77]
19: [78]
20: [79]
21: [80]
22: [81]
23: [71, 83, 82]
24: [73, 74, 75, 76, 77, 78, 79, 80, 81, 71]
25: [82]
26: [83, 73]
27: [74]
28: [75]
29: [76]
30: [77]
31: [78]
32: [79]
33: [80]
34: [81]
35: [71, 83, 82]
36: [73, 74, 75, 76, 77, 78, 79, 80, 81, 71]
37: [82]
38: [83, 73]
39: [74]
40: [75]
41: [76]
42: [77]
43: [78]
44: [79]
45: [80]
46: [81]
47: [71, 83, 82]
48: [73, 74, 75, 76, 77, 78, 79, 80, 81, 71]
49: [82]
50: [83, 73]
51: [74]
52: [75]
53: [76]
54: [77]
55: [78]
56: [79]
57: [80]
58: [81]
59: [71, 83, 82]
60: [73, 74, 75, 76, 77, 78, 79, 80, 81, 71]
61: [82]
62: [83, 73]
63: [74]
64: [75]
65: [76]
66: [77]
67: [78]
68: [79]
69: [80]
70: [81]
71: [71, 83, 82]
72: [73, 74, 75, 76, 77, 78, 79, 80, 81, 71]
73: [82]
74: [83, 73]
75: [74]
76: [75]
77: [76]
78: [77]
79: [78]
80: [79]
81: [80]
82: [81]
83: [71, 83, 82]
84: [73, 74, 75, 76, 77, 78, 79, 80, 81, 71]
85: [82]
86: [83, 73]
87: [74]
88: [75]
89: [76]
90: [77]
91: [78]
92: [79]
93: [80]
94: [81]
95: [71, 83, 82]
96: [73, 74, 75, 76, 77, 78, 79, 80, 81, 71]
97: [82]
98: [83, 73]
99: [74]
100: [75]
101: [76]
102: [77]
103: [78]
104: [79]
105: [80]
106: [81]
107: [71, 83, 82]
108: [73, 74, 75, 76, 77, 78, 79, 80, 81, 71]
109: [82]
110: [83, 73]
111: [74]
112: [75]
113: [76]
114: [77]
115: [78]
116: [79]
117: [80]
118: [81]
119: [71, 83, 82]
120: [102, 73, 74, 75, 76, 77, 78, 79, 80, 81, 71]
121: [82, 102]
122: [83, 102, 73]
123: [102, 74]
124: [102, 75]
125: [102, 76]
126: [102, 77]
127: [102, 78]
128: [102, 79]
129: [102, 80]
130: [102, 81]
131: [71, 102, 83, 82]
132: [102, 73, 74, 75, 76, 77, 78, 79, 80, 81, 71]
133: [102, 73, 74, 75, 76, 77, 78, 79, 80, 81, 82, 71]
134: []
135: [71, 102, 74, 75, 76, 77, 78, 79, 80, 83, 81, 82]
136: [71, 102, 75, 76, 77, 78, 79, 80, 83, 81, 82]
137: [71, 102, 76, 77, 78, 79, 80, 83, 81, 82]
138: [71, 102, 77, 78, 79, 80, 83, 81, 82]
139: [71, 102, 78, 79, 80, 83, 81, 82]
140: [71, 102, 79, 80, 83, 81, 82]
141: [71, 102, 80, 83, 81, 82]
142: [71, 102, 83, 81, 82]
143: [71, 102, 83, 82]
135
0: [74, 75, 76, 77, 78, 79, 80, 81, 71]
1: [82, 74, 75, 76, 77, 78, 79, 80, 81, 71]
2: [83, 82, 74, 75, 76, 77, 78, 79, 80, 81, 71]
3: [84, 83, 82, 74, 75, 76, 77, 78, 79, 80, 81, 71]
4: [84, 83, 82, 75, 76, 77, 78, 79, 80, 81, 71]
5: [84, 83, 82, 76, 77, 78, 79, 80, 81, 71]
6: [84, 83, 82, 77, 78, 79, 80, 81, 71]
7: [84, 83, 82, 80, 81, 78, 79, 71]
8: [84, 83, 82, 80, 81, 79, 71]
9: [84, 83, 82, 71, 80, 81]
10: [84, 83, 71, 82, 81]
11: [84, 71, 83, 82]
12: [74, 75, 76, 77, 78, 79, 80, 81, 71]
13: [82]
14: [83]
15: [84, 74]
16: [75]
17: [76]
18: [77]
19: [78]
20: [79]
21: [80]
22: [81]
23: [71, 84, 83, 82]
24: [74, 75, 76, 77, 78, 79, 80, 81, 71]
25: [82]
26: [83]
27: [84, 74]
28: [75]
29: [76]
30: [77]
31: [78]
32: [79]
33: [80]
34: [81]
35: [71, 84, 83, 82]
36: [74, 75, 76, 77, 78, 79, 80, 81, 71]
37: [82]
38: [83]
39: [84, 74]
40: [75]
41: [76]
42: [77]
43: [78]
44: [79]
45: [80]
46: [81]
47: [71, 84, 83, 82]
48: [74, 75, 76, 77, 78, 79, 80, 81, 71]
49: [82]
50: [83]
51: [84, 74]
52: [75]
53: [76]
54: [77]
55: [78]
56: [79]
57: [80]
58: [81]
59: [71, 84, 83, 82]
60: [74, 75, 76, 77, 78, 79, 80, 81, 71]
61: [82]
62: [83]
63: [84, 74]
64: [75]
65: [76]
66: [77]
67: [78]
68: [79]
69: [80]
70: [81]
71: [71, 84, 83, 82]
72: [74, 75, 76, 77, 78, 79, 80, 81, 71]
73: [82]
74: [83]
75: [84, 74]
76: [75]
77: [76]
78: [77]
79: [78]
80: [79]
81: [80]
82: [81]
83: [71, 84, 83, 82]
84: [74, 75, 76, 77, 78, 79, 80, 81, 71]
85: [82]
86: [83]
87: [84, 74]
88: [75]
89: [76]
90: [77]
91: [78]
92: [79]
93: [80]
94: [81]
95: [71, 84, 83, 82]
96: [74, 75, 76, 77, 78, 79, 80, 81, 71]
97: [82]
98: [83]
99: [84, 74]
100: [75]
101: [76]
102: [77]
103: [78]
104: [79]
105: [80]
106: [81]
107: [71, 84, 83, 82]
108: [74, 75, 76, 77, 78, 79, 80, 81, 71]
109: [82]
110: [83]
111: [84, 74]
112: [75]
113: [76]
114: [77]
115: [78]
116: [79]
117: [80]
118: [81]
119: [71, 84, 83, 82]
120: [102, 74, 75, 76, 77, 78, 79, 80, 81, 71]
121: [82, 102]
122: [83, 102]
123: [84, 102, 74]
124: [102, 75]
125: [102, 76]
126: [102, 77]
127: [102, 78]
128: [102, 79]
129: [102, 80]
130: [102, 81]
131: [71, 102, 84, 83, 82]
132: [102, 74, 75, 76, 77, 78, 79, 80, 81, 71]
133: [102, 74, 75, 76, 77, 78, 79, 80, 81, 82, 71]
134: [102, 74, 75, 76, 77, 78, 79, 80, 81, 82, 83, 71]
135: []
136: [71, 102, 75, 76, 77, 78, 84, 79, 80, 83, 81, 82]
137: [71, 102, 76, 77, 78, 84, 79, 80, 83, 81, 82]
138: [71, 102, 77, 78, 84, 79, 80, 83, 81, 82]
139: [71, 102, 78, 84, 79, 80, 83, 81, 82]
140: [71, 102, 84, 79, 80, 83, 81, 82]
141: [71, 102, 84, 80, 83, 81, 82]
142: [71, 102, 84, 83, 81, 82]
143: [71, 102, 84, 83, 82]
136
0: [75, 76, 77, 78, 79, 80, 81, 71]
1: [82, 75, 76, 77, 78, 79, 80, 81, 71]
2: [83, 82, 75, 76, 77, 78, 79, 80, 81, 71]
3: [84, 83, 82, 75, 76, 77, 78, 79, 80, 81, 71]
4: [85, 84, 83, 82, 75, 76, 77, 78, 79, 80, 81, 71]
5: [85, 84, 83, 82, 76, 77, 78, 79, 80, 81, 71]
6: [85, 84, 83, 82, 77, 78, 79, 80, 81, 71]
7: [85, 84, 83, 82, 71, 78, 79, 80, 81]
8: [85, 84, 83, 82, 71, 80, 81, 79]
9: [85, 84, 83, 71, 82, 80, 81]
10: [85, 84, 71, 83, 82, 81]
11: [85, 71, 84, 83, 82]
12: [75, 76, 77, 78, 79, 80, 81, 71]
13: [82]
14: [83]
15: [84]
16: [85, 75]
17: [76]
18: [77]
19: [78]
20: [79]
21: [80]
22: [81]
23: [71, 85, 84, 83, 82]
24: [75, 76, 77, 78, 79, 80, 81, 71]
25: [82]
26: [83]
27: [84]
28: [85, 75]
29: [76]
30: [77]
31: [78]
32: [79]
33: [80]
34: [81]
35: [71, 85, 84, 83, 82]
36: [75, 76, 77, 78, 79, 80, 81, 71]
37: [82]
38: [83]
39: [84]
40: [85, 75]
41: [76]
42: [77]
43: [78]
44: [79]
45: [80]
46: [81]
47: [71, 85, 84, 83, 82]
48: [75, 76, 77, 78, 79, 80, 81, 71]
49: [82]
50: [83]
51: [84]
52: [85, 75]
53: [76]
54: [77]
55: [78]
56: [79]
57: [80]
58: [81]
59: [71, 85, 84, 83, 82]
60: [75, 76, 77, 78, 79, 80, 81, 71]
61: [82]
62: [83]
63: [84]
64: [85, 75]
65: [76]
66: [77]
67: [78]
68: [79]
69: [80]
70: [81]
71: [71, 85, 84, 83, 82]
72: [75, 76, 77, 78, 79, 80, 81, 71]
73: [82]
74: [83]
75: [84]
76: [85, 75]
77: [76]
78: [77]
79: [78]
80: [79]
81: [80]
82: [81]
83: [71, 85, 84, 83, 82]
84: [75, 76, 77, 78, 79, 80, 81, 71]
85: [82]
86: [83]
87: [84]
88: [85, 75]
89: [76]
90: [77]
91: [78]
92: [79]
93: [80]
94: [81]
95: [71, 85, 84, 83, 82]
96: [75, 76, 77, 78, 79, 80, 81, 71]
97: [82]
98: [83]
99: [84]
100: [85, 75]
101: [76]
102: [77]
103: [78]
104: [79]
105: [80]
106: [81]
107: [71, 85, 84, 83, 82]
108: [75, 76, 77, 78, 79, 80, 81, 71]
109: [82]
110: [83]
111: [84]
112: [85, 75]
113: [76]
114: [77]
115: [78]
116: [79]
117: [80]
118: [81]
119: [71, 85, 84, 83, 82]
120: [102, 75, 76, 77, 78, 79, 80, 81, 71]
121: [82, 102]
122: [83, 102]
123: [84, 102]
124: [85, 102, 75]
125: [102, 76]
126: [102, 77]
127: [102, 78]
128: [102, 79]
129: [102, 80]
130: [102, 81]
131: [71, 102, 85, 84, 83, 82]
132: [102, 75, 76, 77, 78, 79, 80, 81, 71]
133: [102, 75, 76, 77, 78, 79, 80, 81, 82, 71]
134: [102, 75, 76, 77, 78, 79, 80, 81, 82, 83, 71]
135: [102, 75, 76, 77, 78, 79, 80, 81, 82, 83, 84, 71]
136: []
137: [71, 102, 76, 77, 85, 78, 84, 79, 80, 83, 81, 82]
138: [71, 102, 77, 85, 78, 84, 79, 80, 83, 81, 82]
139: [71, 102, 85, 78, 84, 79, 80, 83, 81, 82]
140: [71, 102, 85, 84, 79, 80, 83, 81, 82]
141: [71, 102, 85, 84, 80, 83, 81, 82]
142: [71, 102, 85, 84, 83, 81, 82]
143: [71, 102, 85, 84, 83, 82]
137
0: [76, 77, 78, 79, 80, 81, 71]
1: [82, 76, 77, 78, 79, 80, 81, 71]
2: [83, 82, 76, 77, 78, 79, 80, 81, 71]
3: [84, 83, 82, 76, 77, 78, 79, 80, 81, 71]
4: [85, 84, 83, 82, 76, 77, 78, 79, 80, 81, 71]
5: [86, 85, 84, 83, 82, 76, 77, 78, 79, 80, 81, 71]
6: [86, 85, 84, 83, 82, 71, 77, 78, 79, 80, 81]
7: [86, 85, 84, 83, 82, 71, 80, 81, 78, 79]
8: [86, 85, 84, 83, 71, 82, 80, 81, 79]
9: [86, 85, 84, 71, 83, 82, 80, 81]
10: [86, 85, 71, 84, 83, 82, 81]
11: [86, 71, 85, 84, 83, 82]
12: [76, 77, 78, 79, 80, 81, 71]
13: [82]
14: [83]
15: [84]
16: [85]
17: [86, 76]
18: [77]
19: [78]
20: [79]
21: [80]
22: [81]
23: [71, 86, 85, 84, 83, 82]
24: [76, 77, 78, 79, 80, 81, 71]
25: [82]
26: [83]
27: [84]
28: [85]
29: [86, 76]
30: [77]
31: [78]
32: [79]
33: [80]
34: [81]
35: [71, 86, 85, 84, 83, 82]
36: [76, 77, 78, 79, 80, 81, 71]
37: [82]
38: [83]
39: [84]
40: [85]
41: [86, 76]
42: [77]
43: [78]
44: [79]
45: [80]
46: [81]
47: [71, 86, 85, 84, 83, 82]
48: [76, 77, 78, 79, 80, 81, 71]
49: [82]
50: [83]
51: [84]
52: [85]
53: [86, 76]
54: [77]
55: [78]
56: [79]
57: [80]
58: [81]
59: [71, 86, 85, 84, 83, 82]
60: [76, 77, 78, 79, 80, 81, 71]
61: [82]
62: [83]
63: [84]
64: [85]
65: [86, 76]
66: [77]
67: [78]
68: [79]
69: [80]
70: [81]
71: [71, 86, 85, 84, 83, 82]
72: [76, 77, 78, 79, 80, 81, 71]
73: [82]
74: [83]
75: [84]
76: [85]
77: [86, 76]
78: [77]
79: [78]
80: [79]
81: [80]
82: [81]
83: [71, 86, 85, 84, 83, 82]
84: [76, 77, 78, 79, 80, 81, 71]
85: [82]
86: [83]
87: [84]
88: [85]
89: [86, 76]
90: [77]
91: [78]
92: [79]
93: [80]
94: [81]
95: [71, 86, 85, 84, 83, 82]
96: [76, 77, 78, 79, 80, 81, 71]
97: [82]
98: [83]
99: [84]
100: [85]
101: [86, 76]
102: [77]
103: [78]
104: [79]
105: [80]
106: [81]
107: [71, 86, 85, 84, 83, 82]
108: [76, 77, 78, 79, 80, 81, 71]
109: [82]
110: [83]
111: [84]
112: [85]
113: [86, 76]
114: [77]
115: [78]
116: [79]
117: [80]
118: [81]
119: [71, 86, 85, 84, 83, 82]
120: [102, 76, 77, 78, 79, 80, 81, 71]
121: [82, 102]
122: [83, 102]
123: [84, 102]
124: [85, 102]
125: [86, 102, 76]
126: [102, 77]
127: [102, 78]
128: [102, 79]
129: [102, 80]
130: [102, 81]
131: [71, 102, 86, 85, 84, 83, 82]
132: [102, 76, 77, 78, 79, 80, 81, 71]
133: [102, 76, 77, 78, 79, 80, 81, 82, 71]
134: [102, 76, 77, 78, 79, 80, 81, 82, 83, 71]
135: [102, 76, 77, 78, 79, 80, 81, 82, 83, 84, 71]
136: [102, 76, 77, 78, 79, 80, 81, 82, 83, 84, 85, 71]
137: []
138: [71, 102, 77, 86, 85, 78, 84, 79, 80, 83, 81, 82]
139: [71, 102, 86, 85, 78, 84, 79, 80, 83, 81, 82]
140: [71, 102, 86, 85, 84, 79, 80, 83, 81, 82]
141: [71, 102, 86, 85, 84, 80, 83, 81, 82]
142: [71, 102, 86, 85, 84, 83, 81, 82]
143: [71, 102, 86, 85, 84, 83, 82]
138
0: [77, 78, 79, 80, 81, 71]
1: [82, 77, 78, 79, 80, 81, 71]
2: [83, 82, 77, 78, 79, 80, 81, 71]
3: [84, 83, 82, 77, 78, 79, 80, 81, 71]
4: [85, 84, 83, 82, 77, 78, 79, 80, 81, 71]
5: [86, 85, 84, 83, 82, 71, 77, 78, 79, 80, 81]
6: [87, 86, 85, 84, 83, 82, 71, 77, 78, 79, 80, 81]
7: [87, 86, 85, 84, 83, 71, 82, 80, 81, 78, 79]
8: [87, 86, 85, 84, 71, 83, 82, 80, 81, 79]
9: [87, 86, 85, 71, 84, 83, 82, 80, 81]
10: [87, 86, 71, 85, 84, 83, 82, 81]
11: [87, 71, 86, 85, 84, 83, 82]
12: [77, 78, 79, 80, 81, 71]
13: [82]
14: [83]
15: [84]
16: [85]
17: [86]
18: [87, 77]
19: [78]
20: [79]
21: [80]
22: [81]
23: [71, 87, 86, 85, 84, 83, 82]
24: [77, 78, 79, 80, 81, 71]
25: [82]
26: [83]
27: [84]
28: [85]
29: [86]
30: [87, 77]
31: [78]
32: [79]
33: [80]
34: [81]
35: [71, 87, 86, 85, 84, 83, 82]
36: [77, 78, 79, 80, 81, 71]
37: [82]
38: [83]
39: [84]
40: [85]
41: [86]
42: [87, 77]
43: [78]
44: [79]
45: [80]
46: [81]
47: [71, 87, 86, 85, 84, 83, 82]
48: [77, 78, 79, 80, 81, 71]
49: [82]
50: [83]
51: [84]
52: [85]
53: [86]
54: [87, 77]
55: [78]
56: [79]
57: [80]
58: [81]
59: [71, 87, 86, 85, 84, 83, 82]
60: [77, 78, 79, 80, 81, 71]
61: [82]
62: [83]
63: [84]
64: [85]
65: [86]
66: [87, 77]
67: [78]
68: [79]
69: [80]
70: [81]
71: [71, 87, 86, 85, 84, 83, 82]
72: [77, 78, 79, 80, 81, 71]
73: [82]
74: [83]
75: [84]
76: [85]
77: [86]
78: [87, 77]
79: [78]
80: [79]
81: [80]
82: [81]
83: [71, 87, 86, 85, 84, 83, 82]
84: [77, 78, 79, 80, 81, 71]
85: [82]
86: [83]
87: [84]
88: [85]
89: [86]
90: [87, 77]
91: [78]
92: [79]
93: [80]
94: [81]
95: [71, 87, 86, 85, 84, 83, 82]
96: [77, 78, 79, 80, 81, 71]
97: [82]
98: [83]
99: [84]
100: [85]
101: [86]
102: [87, 77]
103: [78]
104: [79]
105: [80]
106: [81]
107: [71, 87, 86, 85, 84, 83, 82]
108: [77, 78, 79, 80, 81, 71]
109: [82]
110: [83]
111: [84]
112: [85]
113: [86]
114: [87, 77]
115: [78]
116: [79]
117: [80]
118: [81]
119: [71, 87, 86, 85, 84, 83, 82]
120: [102, 77, 78, 79, 80, 81, 71]
121: [82, 102]
122: [83, 102]
123: [84, 102]
124: [85, 102]
125: [86, 102]
126: [87, 102, 77]
127: [102, 78]
128: [102, 79]
129: [102, 80]
130: [102, 81]
131: [71, 102, 87, 86, 85, 84, 83, 82]
132: [102, 77, 78, 79, 80, 81, 71]
133: [102, 77, 78, 79, 80, 81, 82, 71]
134: [102, 77, 78, 79, 80, 81, 82, 83, 71]
135: [102, 77, 78, 79, 80, 81, 82, 83, 84, 71]
136: [102, 77, 78, 79, 80, 81, 82, 83, 84, 85, 71]
137: [102, 77, 78, 79, 80, 81, 82, 83, 84, 85, 86, 71]
138: []
139: [71, 102, 87, 86, 85, 78, 84, 79, 80, 83, 81, 82]
140: [71, 102, 87, 86, 85, 84, 79, 80, 83, 81, 82]
141: [71, 102, 87, 86, 85, 84, 80, 83, 81, 82]
142: [71, 102, 87, 86, 85, 84, 83, 81, 82]
143: [71, 102, 87, 86, 85, 84, 83, 82]
139
0: [80, 81, 78, 79, 71]
1: [82, 80, 81, 78, 79, 71]
2: [83, 82, 80, 81, 78, 79, 71]
3: [84, 83, 82, 80, 81, 78, 79, 71]
4: [85, 84, 83, 82, 71, 78, 79, 80, 81]
5: [86, 85, 84, 83, 82, 71, 80, 81, 78, 79]
6: [87, 86, 85, 84, 83, 71, 82, 80, 81, 78, 79]
7: [88, 87, 86, 85, 84, 71, 83, 82, 80, 81, 78, 79]
8: [88, 87, 86, 85, 71, 84, 83, 82, 80, 81, 79]
9: [88, 87, 86, 71, 85, 84, 83, 82, 80, 81]
10: [88, 87, 71, 86, 85, 84, 83, 82, 81]
11: [88, 71, 87, 86, 85, 84, 83, 82]
12: [80, 81, 78, 79, 71]
13: [82]
14: [83]
15: [84]
16: [85]
17: [86]
18: [87]
19: [88, 78]
20: [79]
21: [80]
22: [81]
23: [71, 88, 87, 86, 85, 84, 83, 82]
24: [80, 81, 78, 79, 71]
25: [82]
26: [83]
27: [84]
28: [85]
29: [86]
30: [87]
31: [88, 78]
32: [79]
33: [80]
34: [81]
35: [71, 88, 87, 86, 85, 84, 83, 82]
36: [80, 81, 78, 79, 71]
37: [82]
38: [83]
39: [84]
40: [85]
41: [86]
42: [87]
43: [88, 78]
44: [79]
45: [80]
46: [81]
47: [71, 88, 87, 86, 85, 84, 83, 82]
48: [80, 81, 78, 79, 71]
49: [82]
50: [83]
51: [84]
52: [85]
53: [86]
54: [87]
55: [88, 78]
56: [79]
57: [80]
58: [81]
59: [71, 88, 87, 86, 85, 84, 83, 82]
60: [80, 81, 78, 79, 71]
61: [82]
62: [83]
63: [84]
64: [85]
65: [86]
66: [87]
67: [88, 78]
68: [79]
69: [80]
70: [81]
71: [71, 88, 87, 86, 85, 84, 83, 82]
72: [80, 81, 78, 79, 71]
73: [82]
74: [83]
75: [84]
76: [85]
77: [86]
78: [87]
79: [88, 78]
80: [79]
81: [80]
82: [81]
83: [71, 88, 87, 86, 85, 84, 83, 82]
84: [80, 81, 78, 79, 71]
85: [82]
86: [83]
87: [84]
88: [85]
89: [86]
90: [87]
91: [88, 78]
92: [79]
93: [80]
94: [81]
95: [71, 88, 87, 86, 85, 84, 83, 82]
96: [80, 81, 78, 79, 71]
97: [82]
98: [83]
99: [84]
100: [85]
101: [86]
102: [87]
103: [88, 78]
104: [79]
105: [80]
106: [81]
107: [71, 88, 87, 86, 85, 84, 83, 82]
108: [80, 81, 78, 79, 71]
109: [82]
110: [83]
111: [84]
112: [85]
113: [86]
114: [87]
115: [88, 78]
116: [79]
117: [80]
118: [81]
119: [71, 88, 87, 86, 85, 84, 83, 82]
120: [102, 78, 79, 80, 81, 71]
121: [82, 102]
122: [83, 102]
123: [84, 102]
124: [85, 102]
125: [86, 102]
126: [87, 102]
127: [88, 102, 78]
128: [102, 79]
129: [102, 80]
130: [102, 81]
131: [71, 102, 88, 87, 86, 85, 84, 83, 82]
132: [102, 78, 79, 80, 81, 71]
133: [102, 78, 79, 80, 81, 82, 71]
134: [102, 78, 79, 80, 81, 82, 83, 71]
135: [102, 78, 79, 80, 81, 82, 83, 84, 71]
136: [102, 78, 79, 80, 81, 82, 83, 84, 85, 71]
137: [102, 78, 79, 80, 81, 82, 83, 84, 85, 86, 71]
138: [102, 78, 79, 80, 81, 82, 83, 84, 85, 86, 87, 71]
139: []
140: [71, 102, 88, 87, 86, 85, 84, 79, 80, 83, 81, 82]
141: [71, 102, 88, 87, 86, 85, 84, 80, 83, 81, 82]
142: [71, 102, 88, 87, 86, 85, 84, 83, 81, 82]
143: [71, 102, 88, 87, 86, 85, 84, 83, 82]
140
0: [80, 81, 79, 71]
1: [82, 80, 81, 79, 71]
2: [83, 82, 80, 81, 79, 71]
3: [84, 83, 82, 80, 81, 79, 71]
4: [85, 84, 83, 82, 71, 80, 81, 79]
5: [86, 85, 84, 83, 71, 82, 80, 81, 79]
6: [87, 86, 85, 84, 71, 83, 82, 80, 81, 79]
7: [88, 87, 86, 85, 71, 84, 83, 82, 80, 81, 79]
8: [89, 88, 87, 86, 71, 85, 84, 83, 82, 80, 81, 79]
9: [89, 88, 87, 71, 86, 85, 84, 83, 82, 80, 81]
10: [89, 88, 71, 87, 86, 85, 84, 83, 82, 81]
11: [89, 71, 88, 87, 86, 85, 84, 83, 82]
12: [80, 81, 79, 71]
13: [82]
14: [83]
15: [84]
16: [85]
17: [86]
18: [87]
19: [88]
20: [89, 79]
21: [80]
22: [81]
23: [71, 89, 88, 87, 86, 85, 84, 83, 82]
24: [80, 81, 79, 71]
25: [82]
26: [83]
27: [84]
28: [85]
29: [86]
30: [87]
31: [88]
32: [89, 79]
33: [80]
34: [81]
35: [71, 89, 88, 87, 86, 85, 84, 83, 82]
36: [80, 81, 79, 71]
37: [82]
38: [83]
39: [84]
40: [85]
41: [86]
42: [87]
43: [88]
44: [89, 79]
45: [80]
46: [81]
47: [71, 89, 88, 87, 86, 85, 84, 83, 82]
48: [80, 81, 79, 71]
49: [82]
50: [83]
51: [84]
52: [85]
53: [86]
54: [87]
55: [88]
56: [89, 79]
57: [80]
58: [81]
59: [71, 89, 88, 87, 86, 85, 84, 83, 82]
60: [80, 81, 79, 71]
61: [82]
62: [83]
63: [84]
64: [85]
65: [86]
66: [87]
67: [88]
68: [89, 79]
69: [80]
70: [81]
71: [71, 89, 88, 87, 86, 85, 84, 83, 82]
72: [80, 81, 79, 71]
73: [82]
74: [83]
75: [84]
76: [85]
77: [86]
78: [87]
79: [88]
80: [89, 79]
81: [80]
82: [81]
83: [71, 89, 88, 87, 86, 85, 84, 83, 82]
84: [80, 81, 79, 71]
85: [82]
86: [83]
87: [84]
88: [85]
89: [86]
90: [87]
91: [88]
92: [89, 79]
93: [80]
94: [81]
95: [71, 89, 88, 87, 86, 85, 84, 83, 82]
96: [80, 81, 79, 71]
97: [82]
98: [83]
99: [84]
100: [85]
101: [86]
102: [87]
103: [88]
104: [89, 79]
105: [80]
106: [81]
107: [71, 89, 88, 87, 86, 85, 84, 83, 82]
108: [80, 81, 79, 71]
109: [82]
110: [83]
111: [84]
112: [85]
113: [86]
114: [87]
115: [88]
116: [89, 79]
117: [80]
118: [81]
119: [71, 89, 88, 87, 86, 85, 84, 83, 82]
120: [80, 81, 102, 79, 71]
121: [82, 102]
122: [83, 102]
123: [84, 102]
124: [85, 102]
125: [86, 102]
126: [87, 102]
127: [88, 102]
128: [89, 102, 79]
129: [102, 80]
130: [102, 81]
131: [71, 102, 89, 88, 87, 86, 85, 84, 83, 82]
132: [80, 81, 102, 79, 71]
133: [102, 79, 80, 81, 82, 71]
134: [102, 79, 80, 81, 82, 83, 71]
135: [102, 79, 80, 81, 82, 83, 84, 71]
136: [102, 79, 80, 81, 82, 83, 84, 85, 71]
137: [102, 79, 80, 81, 82, 83, 84, 85, 86, 71]
138: [102, 79, 80, 81, 82, 83, 84, 85, 86, 87, 71]
139: [102, 79, 80, 81, 82, 83, 84, 85, 86, 87, 88, 71]
140: []
141: [71, 102, 89, 88, 87, 86, 85, 84, 80, 83, 81, 82]
142: [71, 102, 89, 88, 87, 86, 85, 84, 83, 81, 82]
143: [71, 102, 89, 88, 87, 86, 85, 84, 83, 82]
141
0: [80, 81, 71]
1: [82, 80, 81, 71]
2: [83, 82, 80, 81, 71]
3: [84, 83, 82, 71, 80, 81]
4: [85, 84, 83, 71, 82, 80, 81]
5: [86, 85, 84, 71, 83, 82, 80, 81]
6: [87, 86, 85, 71, 84, 83, 82, 80, 81]
7: [88, 87, 86, 71, 85, 84, 83, 82, 80, 81]
8: [89, 88, 87, 71, 86, 85, 84, 83, 82, 80, 81]
9: [90, 89, 88, 71, 87, 86, 85, 84, 83, 82, 80, 81]
10: [90, 89, 71, 88, 87, 86, 85, 84, 83, 82, 81]
11: [90, 71, 89, 88, 87, 86, 85, 84, 83, 82]
12: [80, 81, 71]
13: [82]
14: [83]
15: [84]
16: [85]
17: [86]
18: [87]
19: [88]
20: [89]
21: [90, 80]
22: [81]
23: [71, 90, 89, 88, 87, 86, 85, 84, 83, 82]
24: [80, 81, 71]
25: [82]
26: [83]
27: [84]
28: [85]
29: [86]
30: [87]
31: [88]
32: [89]
33: [90, 80]
34: [81]
35: [71, 90, 89, 88, 87, 86, 85, 84, 83, 82]
36: [80, 81, 71]
37: [82]
38: [83]
39: [84]
40: [85]
41: [86]
42: [87]
43: [88]
44: [89]
45: [90, 80]
46: [81]
47: [71, 90, 89, 88, 87, 86, 85, 84, 83, 82]
48: [80, 81, 71]
49: [82]
50: [83]
51: [84]
52: [85]
53: [86]
54: [87]
55: [88]
56: [89]
57: [90, 80]
58: [81]
59: [71, 90, 89, 88, 87, 86, 85, 84, 83, 82]
60: [80, 81, 71]
61: [82]
62: [83]
63: [84]
64: [85]
65: [86]
66: [87]
67: [88]
68: [89]
69: [90, 80]
70: [81]
71: [71, 90, 89, 88, 87, 86, 85, 84, 83, 82]
72: [80, 81, 71]
73: [82]
74: [83]
75: [84]
76: [85]
77: [86]
78: [87]
79: [88]
80: [89]
81: [90, 80]
82: [81]
83: [71, 90, 89, 88, 87, 86, 85, 84, 83, 82]
84: [80, 81, 71]
85: [82]
86: [83]
87: [84]
88: [85]
89: [86]
90: [87]
91: [88]
92: [89]
93: [90, 80]
94: [81]
95: [71, 90, 89, 88, 87, 86, 85, 84, 83, 82]
96: [80, 81, 71]
97: [82]
98: [83]
99: [84]
100: [85]
101: [86]
102: [87]
103: [88]
104: [89]
105: [90, 80]
106: [81]
107: [71, 90, 89, 88, 87, 86, 85, 84, 83, 82]
108: [80, 81, 71]
109: [82]
110: [83]
111: [84]
112: [85]
113: [86]
114: [87]
115: [88]
116: [89]
117: [90, 80]
118: [81]
119: [71, 90, 89, 88, 87, 86, 85, 84, 83, 82]
120: [80, 81, 102, 71]
121: [82, 102]
122: [83, 102]
123: [84, 102]
124: [85, 102]
125: [86, 102]
126: [87, 102]
127: [88, 102]
128: [89, 102]
129: [90, 102, 80]
130: [102, 81]
131: [71, 102, 90, 89, 88, 87, 86, 85, 84, 83, 82]
132: [80, 81, 102, 71]
133: [80, 81, 82, 102, 71]
134: [102, 80, 81, 82, 83, 71]
135: [102, 80, 81, 82, 83, 84, 71]
136: [102, 80, 81, 82, 83, 84, 85, 71]
137: [102, 80, 81, 82, 83, 84, 85, 86, 71]
138: [102, 80, 81, 82, 83, 84, 85, 86, 87, 71]
139: [102, 80, 81, 82, 83, 84, 85, 86, 87, 88, 71]
140: [102, 80, 81, 82, 83, 84, 85, 86, 87, 88, 89, 71]
141: []
142: [71, 102, 90, 89, 88, 87, 86, 85, 84, 83, 81, 82]
143: [71, 102, 90, 89, 88, 87, 86, 85, 84, 83, 82]
142
0: [81, 71]
1: [82, 81, 71]
2: [83, 82, 71, 81]
3: [84, 83, 71, 82, 81]
4: [85, 84, 71, 83, 82, 81]
5: [86, 85, 71, 84, 83, 82, 81]
6: [87, 86, 71, 85, 84, 83, 82, 81]
7: [88, 87, 71, 86, 85, 84, 83, 82, 81]
8: [89, 88, 71, 87, 86, 85, 84, 83, 82, 81]
9: [90, 89, 71, 88, 87, 86, 85, 84, 83, 82, 81]
10: [91, 90, 71, 89, 88, 87, 86, 85, 84, 83, 82, 81]
11: [91, 71, 90, 89, 88, 87, 86, 85, 84, 83, 82]
12: [81, 71]
13: [82]
14: [83]
15: [84]
16: [85]
17: [86]
18: [87]
19: [88]
20: [89]
21: [90]
22: [91, 81]
23: [71, 91, 90, 89, 88, 87, 86, 85, 84, 83, 82]
24: [81, 71]
25: [82]
26: [83]
27: [84]
28: [85]
29: [86]
30: [87]
31: [88]
32: [89]
33: [90]
34: [91, 81]
35: [71, 91, 90, 89, 88, 87, 86, 85, 84, 83, 82]
36: [81, 71]
37: [82]
38: [83]
39: [84]
40: [85]
41: [86]
42: [87]
43: [88]
44: [89]
45: [90]
46: [91, 81]
47: [71, 91, 90, 89, 88, 87, 86, 85, 84, 83, 82]
48: [81, 71]
49: [82]
50: [83]
51: [84]
52: [85]
53: [86]
54: [87]
55: [88]
56: [89]
57: [90]
58: [91, 81]
59: [71, 91, 90, 89, 88, 87, 86, 85, 84, 83, 82]
60: [81, 71]
61: [82]
62: [83]
63: [84]
64: [85]
65: [86]
66: [87]
67: [88]
68: [89]
69: [90]
70: [91, 81]
71: [71, 91, 90, 89, 88, 87, 86, 85, 84, 83, 82]
72: [81, 71]
73: [82]
74: [83]
75: [84]
76: [85]
77: [86]
78: [87]
79: [88]
80: [89]
81: [90]
82: [91, 81]
83: [71, 91, 90, 89, 88, 87, 86, 85, 84, 83, 82]
84: [81, 71]
85: [82]
86: [83]
87: [84]
88: [85]
89: [86]
90: [87]
91: [88]
92: [89]
93: [90]
94: [91, 81]
95: [71, 91, 90, 89, 88, 87, 86, 85, 84, 83, 82]
96: [81, 71]
97: [82]
98: [83]
99: [84]
100: [85]
101: [86]
102: [87]
103: [88]
104: [89]
105: [90]
106: [91, 81]
107: [71, 91, 90, 89, 88, 87, 86, 85, 84, 83, 82]
108: [81, 71]
109: [82]
110: [83]
111: [84]
112: [85]
113: [86]
114: [87]
115: [88]
116: [89]
117: [90]
118: [91, 81]
119: [71, 91, 90, 89, 88, 87, 86, 85, 84, 83, 82]
120: [81, 102, 71]
121: [82, 102]
122: [83, 102]
123: [84, 102]
124: [85, 102]
125: [86, 102]
126: [87, 102]
127: [88, 102]
128: [89, 102]
129: [90, 102]
130: [91, 102, 81]
131: [71, 91, 102, 90, 89, 88, 87, 86, 85, 84, 83, 82]
132: [81, 102, 71]
133: [81, 82, 102, 71]
134: [81, 82, 83, 102, 71]
135: [102, 81, 82, 83, 84, 71]
136: [102, 81, 82, 83, 84, 85, 71]
137: [102, 81, 82, 83, 84, 85, 86, 71]
138: [102, 81, 82, 83, 84, 85, 86, 87, 71]
139: [102, 81, 82, 83, 84, 85, 86, 87, 88, 71]
140: [102, 81, 82, 83, 84, 85, 86, 87, 88, 89, 71]
141: [102, 81, 82, 83, 84, 85, 86, 87, 88, 89, 90, 71]
142: []
143: [71, 91, 102, 90, 89, 88, 87, 86, 85, 84, 83, 82]
143
0: [71]
1: [82, 71]
2: [83, 71, 82]
3: [84, 71, 83, 82]
4: [85, 71, 84, 83, 82]
5: [86, 71, 85, 84, 83, 82]
6: [87, 71, 86, 85, 84, 83, 82]
7: [88, 71, 87, 86, 85, 84, 83, 82]
8: [89, 71, 88, 87, 86, 85, 84, 83, 82]
9: [90, 71, 89, 88, 87, 86, 85, 84, 83, 82]
10: [91, 71, 90, 89, 88, 87, 86, 85, 84, 83, 82]
11: [71, 91, 90, 89, 88, 87, 86, 85, 84, 83, 82]
12: [71]
13: [82]
14: [83]
15: [84]
16: [85]
17: [86]
18: [87]
19: [88]
20: [89]
21: [90]
22: [91]
23: [71, 91, 90, 89, 88, 87, 86, 85, 84, 83, 82]
24: [71]
25: [82]
26: [83]
27: [84]
28: [85]
29: [86]
30: [87]
31: [88]
32: [89]
33: [90]
34: [91]
35: [71, 91, 90, 89, 88, 87, 86, 85, 84, 83, 82]
36: [71]
37: [82]
38: [83]
39: [84]
40: [85]
41: [86]
42: [87]
43: [88]
44: [89]
45: [90]
46: [91]
47: [71, 91, 90, 89, 88, 87, 86, 85, 84, 83, 82]
48: [71]
49: [82]
50: [83]
51: [84]
52: [85]
53: [86]
54: [87]
55: [88]
56: [89]
57: [90]
58: [91]
59: [71, 91, 90, 89, 88, 87, 86, 85, 84, 83, 82]
60: [71]
61: [82]
62: [83]
63: [84]
64: [85]
65: [86]
66: [87]
67: [88]
68: [89]
69: [90]
70: [91]
71: [71, 91, 90, 89, 88, 87, 86, 85, 84, 83, 82]
72: [71]
73: [82]
74: [83]
75: [84]
76: [85]
77: [86]
78: [87]
79: [88]
80: [89]
81: [90]
82: [91]
83: [71, 91, 90, 89, 88, 87, 86, 85, 84, 83, 82]
84: [71]
85: [82]
86: [83]
87: [84]
88: [85]
89: [86]
90: [87]
91: [88]
92: [89]
93: [90]
94: [91]
95: [71, 91, 90, 89, 88, 87, 86, 85, 84, 83, 82]
96: [71]
97: [82]
98: [83]
99: [84]
100: [85]
101: [86]
102: [87]
103: [88]
104: [89]
105: [90]
106: [91]
107: [71, 91, 90, 89, 88, 87, 86, 85, 84, 83, 82]
108: [71]
109: [82]
110: [83]
111: [84]
112: [85]
113: [86]
114: [87]
115: [88]
116: [89]
117: [90]
118: [91]
119: [71, 91, 90, 89, 88, 87, 86, 85, 84, 83, 82]
120: [102, 71]
121: [82, 102]
122: [83, 102]
123: [84, 102]
124: [85, 102]
125: [86, 102]
126: [87, 102]
127: [88, 102]
128: [89, 102]
129: [90, 102]
130: [91, 102]
131: [71, 91, 102, 90, 89, 88, 87, 86, 85, 84, 83, 82]
132: [102, 71]
133: [82, 102, 71]
134: [82, 83, 102, 71]
135: [82, 83, 84, 102, 71]
136: [102, 82, 83, 84, 85, 71]
137: [102, 82, 83, 84, 85, 86, 71]
138: [102, 82, 83, 84, 85, 86, 87, 71]
139: [102, 82, 83, 84, 85, 86, 87, 88, 71]
140: [102, 82, 83, 84, 85, 86, 87, 88, 89, 71]
141: [102, 82, 83, 84, 85, 86, 87, 88, 89, 90, 71]
142: [102, 82, 83, 84, 85, 86, 87, 88, 89, 90, 91, 71]
143: []
