140
1: [90, 91, 105, 104]
2: [104, 105, 91, 90]
3: [89, 103, 117, 118, 119, 120, 106, 92, 78, 77, 76, 75]
4: [75, 76, 90, 104, 118, 117, 103, 89]
5: [75, 76, 77, 91, 105, 119, 118, 117, 103, 89]
6: [76, 77, 78, 92, 106, 120, 119, 118, 104, 90]
7: [77, 78, 92, 106, 120, 119, 105, 91]
8: [75, 76, 77, 78, 92, 91, 90, 89]
9: [89, 90, 91, 92, 106, 105, 104, 103]
10: [103, 104, 105, 106, 120, 119, 118, 117]
11: [60, 61, 62, 63, 64, 65, 79, 93, 107, 121, 135, 134, 133, 132, 131, 130, 116, 102, 88, 74]
12: [74, 75, 76, 77, 78, 79, 65, 64, 63, 62, 61, 60]
13: [74, 88, 89, 90, 91, 92, 93, 79, 65, 64, 63, 62, 61, 60]
14: [74, 88, 102, 103, 104, 105, 106, 107, 93, 79, 65, 64, 63, 62, 61, 60]
15: [74, 88, 102, 116, 117, 118, 119, 120, 121, 107, 93, 79, 65, 64, 63, 62, 61, 60]
16: [88, 102, 116, 130, 131, 132, 133, 134, 135, 121, 107, 93, 79, 78, 77, 76, 75, 74]
17: [102, 116, 130, 131, 132, 133, 134, 135, 121, 107, 93, 92, 91, 90, 89, 88]
18: [116, 130, 131, 132, 133, 134, 135, 121, 107, 106, 105, 104, 103, 102]
19: [130, 131, 132, 133, 134, 135, 121, 120, 119, 118, 117, 116]
20: [74, 88, 102, 116, 130, 131, 117, 103, 89, 75, 61, 60]
21: [75, 89, 103, 117, 131, 132, 118, 104, 90, 76, 62, 61]
22: [76, 90, 104, 118, 132, 133, 119, 105, 91, 77, 63, 62]
23: [77, 91, 105, 119, 133, 134, 120, 106, 92, 78, 64, 63]
24: [78, 92, 106, 120, 134, 135, 121, 107, 93, 79, 65, 64]
25: [59, 73, 87, 101, 115, 129, 143, 144, 145, 146, 147, 148, 149, 150, 136, 122, 108, 94, 80, 66, 52, 51, 50, 49, 48, 47, 46, 45]
26: [45, 46, 60, 74, 88, 102, 116, 130, 144, 143, 129, 115, 101, 87, 73, 59]
27: [45, 46, 47, 61, 75, 89, 103, 117, 131, 145, 144, 143, 129, 115, 101, 87, 73, 59]
28: [45, 46, 47, 48, 62, 76, 90, 104, 118, 132, 146, 145, 144, 143, 129, 115, 101, 87, 73, 59]
29: [45, 46, 47, 48, 49, 63, 77, 91, 105, 119, 133, 147, 146, 145, 144, 143, 129, 115, 101, 87, 73, 59]
30: [45, 46, 47, 48, 49, 50, 64, 78, 92, 106, 120, 134, 148, 147, 146, 145, 144, 143, 129, 115, 101, 87, 73, 59]
31: [45, 46, 47, 48, 49, 50, 51, 65, 79, 93, 107, 121, 135, 149, 148, 147, 146, 145, 144, 143, 129, 115, 101, 87, 73, 59]
32: [46, 47, 48, 49, 50, 51, 52, 66, 80, 94, 108, 122, 136, 150, 149, 148, 147, 146, 145, 144, 130, 116, 102, 88, 74, 60]
33: [47, 48, 49, 50, 51, 52, 66, 80, 94, 108, 122, 136, 150, 149, 148, 147, 146, 145, 131, 117, 103, 89, 75, 61]
34: [48, 49, 50, 51, 52, 66, 80, 94, 108, 122, 136, 150, 149, 148, 147, 146, 132, 118, 104, 90, 76, 62]
35: [49, 50, 51, 52, 66, 80, 94, 108, 122, 136, 150, 149, 148, 147, 133, 119, 105, 91, 77, 63]
36: [50, 51, 52, 66, 80, 94, 108, 122, 136, 150, 149, 148, 134, 120, 106, 92, 78, 64]
37: [51, 52, 66, 80, 94, 108, 122, 136, 150, 149, 135, 121, 107, 93, 79, 65]
38: [45, 46, 47, 48, 49, 50, 51, 52, 66, 65, 64, 63, 62, 61, 60, 59]
39: [59, 60, 61, 62, 63, 64, 65, 66, 80, 79, 78, 77, 76, 75, 74, 73]
40: [73, 74, 75, 76, 77, 78, 79, 80, 94, 93, 92, 91, 90, 89, 88, 87]
41: [87, 88, 89, 90, 91, 92, 93, 94, 108, 107, 106, 105, 104, 103, 102, 101]
42: [101, 102, 103, 104, 105, 106, 107, 108, 122, 121, 120, 119, 118, 117, 116, 115]
43: [115, 116, 117, 118, 119, 120, 121, 122, 136, 135, 134, 133, 132, 131, 130, 129]
44: [129, 130, 131, 132, 133, 134, 135, 136, 150, 149, 148, 147, 146, 145, 144, 143]
45: [30, 31, 32, 33, 34, 35, 36, 37, 38, 39, 53, 67, 81, 95, 109, 123, 137, 151, 165, 164, 163, 162, 161, 160, 159, 158, 157, 156, 142, 128, 114, 100, 86, 72, 58, 44]
46: [44, 45, 46, 47, 48, 49, 50, 51, 52, 53, 39, 38, 37, 36, 35, 34, 33, 32, 31, 30]
47: [44, 58, 59, 60, 61, 62, 63, 64, 65, 66, 67, 53, 39, 38, 37, 36, 35, 34, 33, 32, 31, 30]
48: [44, 58, 72, 73, 74, 75, 76, 77, 78, 79, 80, 81, 67, 53, 39, 38, 37, 36, 35, 34, 33, 32, 31, 30]
49: [44, 58, 72, 86, 87, 88, 89, 90, 91, 92, 93, 94, 95, 81, 67, 53, 39, 38, 37, 36, 35, 34, 33, 32, 31, 30]
50: [44, 58, 72, 86, 100, 101, 102, 103, 104, 105, 106, 107, 108, 109, 95, 81, 67, 53, 39, 38, 37, 36, 35, 34, 33, 32, 31, 30]
51: [44, 58, 72, 86, 100, 114, 115, 116, 117, 118, 119, 120, 121, 122, 123, 109, 95, 81, 67, 53, 39, 38, 37, 36, 35, 34, 33, 32, 31, 30]
52: [44, 58, 72, 86, 100, 114, 128, 129, 130, 131, 132, 133, 134, 135, 136, 137, 123, 109, 95, 81, 67, 53, 39, 38, 37, 36, 35, 34, 33, 32, 31, 30]
53: [44, 58, 72, 86, 100, 114, 128, 142, 143, 144, 145, 146, 147, 148, 149, 150, 151, 137, 123, 109, 95, 81, 67, 53, 39, 38, 37, 36, 35, 34, 33, 32, 31, 30]
54: [58, 72, 86, 100, 114, 128, 142, 156, 157, 158, 159, 160, 161, 162, 163, 164, 165, 151, 137, 123, 109, 95, 81, 67, 53, 52, 51, 50, 49, 48, 47, 46, 45, 44]
55: [72, 86, 100, 114, 128, 142, 156, 157, 158, 159, 160, 161, 162, 163, 164, 165, 151, 137, 123, 109, 95, 81, 67, 66, 65, 64, 63, 62, 61, 60, 59, 58]
56: [86, 100, 114, 128, 142, 156, 157, 158, 159, 160, 161, 162, 163, 164, 165, 151, 137, 123, 109, 95, 81, 80, 79, 78, 77, 76, 75, 74, 73, 72]
57: [100, 114, 128, 142, 156, 157, 158, 159, 160, 161, 162, 163, 164, 165, 151, 137, 123, 109, 95, 94, 93, 92, 91, 90, 89, 88, 87, 86]
58: [114, 128, 142, 156, 157, 158, 159, 160, 161, 162, 163, 164, 165, 151, 137, 123, 109, 108, 107, 106, 105, 104, 103, 102, 101, 100]
59: [128, 142, 156, 157, 158, 159, 160, 161, 162, 163, 164, 165, 151, 137, 123, 122, 121, 120, 119, 118, 117, 116, 115, 114]
60: [142, 156, 157, 158, 159, 160, 161, 162, 163, 164, 165, 151, 137, 136, 135, 134, 133, 132, 131, 130, 129, 128]
61: [156, 157, 158, 159, 160, 161, 162, 163, 164, 165, 151, 150, 149, 148, 147, 146, 145, 144, 143, 142]
62: [44, 58, 72, 86, 100, 114, 128, 142, 156, 157, 143, 129, 115, 101, 87, 73, 59, 45, 31, 30]
63: [45, 59, 73, 87, 101, 115, 129, 143, 157, 158, 144, 130, 116, 102, 88, 74, 60, 46, 32, 31]
64: [46, 60, 74, 88, 102, 116, 130, 144, 158, 159, 145, 131, 117, 103, 89, 75, 61, 47, 33, 32]
65: [47, 61, 75, 89, 103, 117, 131, 145, 159, 160, 146, 132, 118, 104, 90, 76, 62, 48, 34, 33]
66: [48, 62, 76, 90, 104, 118, 132, 146, 160, 161, 147, 133, 119, 105, 91, 77, 63, 49, 35, 34]
67: [49, 63, 77, 91, 105, 119, 133, 147, 161, 162, 148, 134, 120, 106, 92, 78, 64, 50, 36, 35]
68: [50, 64, 78, 92, 106, 120, 134, 148, 162, 163, 149, 135, 121, 107, 93, 79, 65, 51, 37, 36]
69: [51, 65, 79, 93, 107, 121, 135, 149, 163, 164, 150, 136, 122, 108, 94, 80, 66, 52, 38, 37]
70: [52, 66, 80, 94, 108, 122, 136, 150, 164, 165, 151, 137, 123, 109, 95, 81, 67, 53, 39, 38]
71: [29, 43, 57, 71, 85, 99, 113, 127, 141, 155, 169, 170, 171, 172, 173, 174, 175, 176, 177, 178, 179, 180, 166, 152, 138, 124, 110, 96, 82, 68, 54, 40, 26, 25, 24, 23, 22, 21, 20, 19, 18, 17, 16, 15]
72: [15, 16, 30, 44, 58, 72, 86, 100, 114, 128, 142, 156, 170, 169, 155, 141, 127, 113, 99, 85, 71, 57, 43, 29]
73: [15, 16, 17, 31, 45, 59, 73, 87, 101, 115, 129, 143, 157, 171, 170, 169, 155, 141, 127, 113, 99, 85, 71, 57, 43, 29]
74: [15, 16, 17, 18, 32, 46, 60, 74, 88, 102, 116, 130, 144, 158, 172, 171, 170, 169, 155, 141, 127, 113, 99, 85, 71, 57, 43, 29]
75: [15, 16, 17, 18, 19, 33, 47, 61, 75, 89, 103, 117, 131, 145, 159, 173, 172, 171, 170, 169, 155, 141, 127, 113, 99, 85, 71, 57, 43, 29]
76: [15, 16, 17, 18, 19, 20, 34, 48, 62, 76, 90, 104, 118, 132, 146, 160, 174, 173, 172, 171, 170, 169, 155, 141, 127, 113, 99, 85, 71, 57, 43, 29]
77: [15, 16, 17, 18, 19, 20, 21, 35, 49, 63, 77, 91, 105, 119, 133, 147, 161, 175, 174, 173, 172, 171, 170, 169, 155, 141, 127, 113, 99, 85, 71, 57, 43, 29]
78: [15, 16, 17, 18, 19, 20, 21, 22, 36, 50, 64, 78, 92, 106, 120, 134, 148, 162, 176, 175, 174, 173, 172, 171, 170, 169, 155, 141, 127, 113, 99, 85, 71, 57, 43, 29]
79: [15, 16, 17, 18, 19, 20, 21, 22, 23, 37, 51, 65, 79, 93, 107, 121, 135, 149, 163, 177, 176, 175, 174, 173, 172, 171, 170, 169, 155, 141, 127, 113, 99, 85, 71, 57, 43, 29]
80: [15, 16, 17, 18, 19, 20, 21, 22, 23, 24, 38, 52, 66, 80, 94, 108, 122, 136, 150, 164, 178, 177, 176, 175, 174, 173, 172, 171, 170, 169, 155, 141, 127, 113, 99, 85, 71, 57, 43, 29]
81: [15, 16, 17, 18, 19, 20, 21, 22, 23, 24, 25, 39, 53, 67, 81, 95, 109, 123, 137, 151, 165, 179, 178, 177, 176, 175, 174, 173, 172, 171, 170, 169, 155, 141, 127, 113, 99, 85, 71, 57, 43, 29]
82: [16, 17, 18, 19, 20, 21, 22, 23, 24, 25, 26, 40, 54, 68, 82, 96, 110, 124, 138, 152, 166, 180, 179, 178, 177, 176, 175, 174, 173, 172, 171, 170, 156, 142, 128, 114, 100, 86, 72, 58, 44, 30]
83: [17, 18, 19, 20, 21, 22, 23, 24, 25, 26, 40, 54, 68, 82, 96, 110, 124, 138, 152, 166, 180, 179, 178, 177, 176, 175, 174, 173, 172, 171, 157, 143, 129, 115, 101, 87, 73, 59, 45, 31]
84: [18, 19, 20, 21, 22, 23, 24, 25, 26, 40, 54, 68, 82, 96, 110, 124, 138, 152, 166, 180, 179, 178, 177, 176, 175, 174, 173, 172, 158, 144, 130, 116, 102, 88, 74, 60, 46, 32]
85: [19, 20, 21, 22, 23, 24, 25, 26, 40, 54, 68, 82, 96, 110, 124, 138, 152, 166, 180, 179, 178, 177, 176, 175, 174, 173, 159, 145, 131, 117, 103, 89, 75, 61, 47, 33]
86: [20, 21, 22, 23, 24, 25, 26, 40, 54, 68, 82, 96, 110, 124, 138, 152, 166, 180, 179, 178, 177, 176, 175, 174, 160, 146, 132, 118, 104, 90, 76, 62, 48, 34]
87: [21, 22, 23, 24, 25, 26, 40, 54, 68, 82, 96, 110, 124, 138, 152, 166, 180, 179, 178, 177, 176, 175, 161, 147, 133, 119, 105, 91, 77, 63, 49, 35]
88: [22, 23, 24, 25, 26, 40, 54, 68, 82, 96, 110, 124, 138, 152, 166, 180, 179, 178, 177, 176, 162, 148, 134, 120, 106, 92, 78, 64, 50, 36]
89: [23, 24, 25, 26, 40, 54, 68, 82, 96, 110, 124, 138, 152, 166, 180, 179, 178, 177, 163, 149, 135, 121, 107, 93, 79, 65, 51, 37]
90: [24, 25, 26, 40, 54, 68, 82, 96, 110, 124, 138, 152, 166, 180, 179, 178, 164, 150, 136, 122, 108, 94, 80, 66, 52, 38]
91: [25, 26, 40, 54, 68, 82, 96, 110, 124, 138, 152, 166, 180, 179, 165, 151, 137, 123, 109, 95, 81, 67, 53, 39]
92: [15, 16, 17, 18, 19, 20, 21, 22, 23, 24, 25, 26, 40, 39, 38, 37, 36, 35, 34, 33, 32, 31, 30, 29]
93: [29, 30, 31, 32, 33, 34, 35, 36, 37, 38, 39, 40, 54, 53, 52, 51, 50, 49, 48, 47, 46, 45, 44, 43]
94: [43, 44, 45, 46, 47, 48, 49, 50, 51, 52, 53, 54, 68, 67, 66, 65, 64, 63, 62, 61, 60, 59, 58, 57]
95: [57, 58, 59, 60, 61, 62, 63, 64, 65, 66, 67, 68, 82, 81, 80, 79, 78, 77, 76, 75, 74, 73, 72, 71]
96: [71, 72, 73, 74, 75, 76, 77, 78, 79, 80, 81, 82, 96, 95, 94, 93, 92, 91, 90, 89, 88, 87, 86, 85]
97: [85, 86, 87, 88, 89, 90, 91, 92, 93, 94, 95, 96, 110, 109, 108, 107, 106, 105, 104, 103, 102, 101, 100, 99]
98: [99, 100, 101, 102, 103, 104, 105, 106, 107, 108, 109, 110, 124, 123, 122, 121, 120, 119, 118, 117, 116, 115, 114, 113]
99: [113, 114, 115, 116, 117, 118, 119, 120, 121, 122, 123, 124, 138, 137, 136, 135, 134, 133, 132, 131, 130, 129, 128, 127]
100: [127, 128, 129, 130, 131, 132, 133, 134, 135, 136, 137, 138, 152, 151, 150, 149, 148, 147, 146, 145, 144, 143, 142, 141]
101: [141, 142, 143, 144, 145, 146, 147, 148, 149, 150, 151, 152, 166, 165, 164, 163, 162, 161, 160, 159, 158, 157, 156, 155]
102: [155, 156, 157, 158, 159, 160, 161, 162, 163, 164, 165, 166, 180, 179, 178, 177, 176, 175, 174, 173, 172, 171, 170, 169]
103: [0, 1, 2, 3, 4, 5, 6, 7, 8, 9, 10, 11, 12, 13, 27, 41, 55, 69, 83, 97, 111, 125, 139, 153, 167, 181, 195, 194, 193, 192, 191, 190, 189, 188, 187, 186, 185, 184, 183, 182, 168, 154, 140, 126, 112, 98, 84, 70, 56, 42, 28, 14]
104: [14, 15, 16, 17, 18, 19, 20, 21, 22, 23, 24, 25, 26, 27, 13, 12, 11, 10, 9, 8, 7, 6, 5, 4, 3, 2, 1, 0]
105: [14, 28, 29, 30, 31, 32, 33, 34, 35, 36, 37, 38, 39, 40, 41, 27, 13, 12, 11, 10, 9, 8, 7, 6, 5, 4, 3, 2, 1, 0]
106: [14, 28, 42, 43, 44, 45, 46, 47, 48, 49, 50, 51, 52, 53, 54, 55, 41, 27, 13, 12, 11, 10, 9, 8, 7, 6, 5, 4, 3, 2, 1, 0]
107: [14, 28, 42, 56, 57, 58, 59, 60, 61, 62, 63, 64, 65, 66, 67, 68, 69, 55, 41, 27, 13, 12, 11, 10, 9, 8, 7, 6, 5, 4, 3, 2, 1, 0]
108: [14, 28, 42, 56, 70, 71, 72, 73, 74, 75, 76, 77, 78, 79, 80, 81, 82, 83, 69, 55, 41, 27, 13, 12, 11, 10, 9, 8, 7, 6, 5, 4, 3, 2, 1, 0]
109: [14, 28, 42, 56, 70, 84, 85, 86, 87, 88, 89, 90, 91, 92, 93, 94, 95, 96, 97, 83, 69, 55, 41, 27, 13, 12, 11, 10, 9, 8, 7, 6, 5, 4, 3, 2, 1, 0]
110: [14, 28, 42, 56, 70, 84, 98, 99, 100, 101, 102, 103, 104, 105, 106, 107, 108, 109, 110, 111, 97, 83, 69, 55, 41, 27, 13, 12, 11, 10, 9, 8, 7, 6, 5, 4, 3, 2, 1, 0]
111: [14, 28, 42, 56, 70, 84, 98, 112, 113, 114, 115, 116, 117, 118, 119, 120, 121, 122, 123, 124, 125, 111, 97, 83, 69, 55, 41, 27, 13, 12, 11, 10, 9, 8, 7, 6, 5, 4, 3, 2, 1, 0]
112: [14, 28, 42, 56, 70, 84, 98, 112, 126, 127, 128, 129, 130, 131, 132, 133, 134, 135, 136, 137, 138, 139, 125, 111, 97, 83, 69, 55, 41, 27, 13, 12, 11, 10, 9, 8, 7, 6, 5, 4, 3, 2, 1, 0]
113: [14, 28, 42, 56, 70, 84, 98, 112, 126, 140, 141, 142, 143, 144, 145, 146, 147, 148, 149, 150, 151, 152, 153, 139, 125, 111, 97, 83, 69, 55, 41, 27, 13, 12, 11, 10, 9, 8, 7, 6, 5, 4, 3, 2, 1, 0]
114: [14, 28, 42, 56, 70, 84, 98, 112, 126, 140, 154, 155, 156, 157, 158, 159, 160, 161, 162, 163, 164, 165, 166, 167, 153, 139, 125, 111, 97, 83, 69, 55, 41, 27, 13, 12, 11, 10, 9, 8, 7, 6, 5, 4, 3, 2, 1, 0]
115: [14, 28, 42, 56, 70, 84, 98, 112, 126, 140, 154, 168, 169, 170, 171, 172, 173, 174, 175, 176, 177, 178, 179, 180, 181, 167, 153, 139, 125, 111, 97, 83, 69, 55, 41, 27, 13, 12, 11, 10, 9, 8, 7, 6, 5, 4, 3, 2, 1, 0]
116: [28, 42, 56, 70, 84, 98, 112, 126, 140, 154, 168, 182, 183, 184, 185, 186, 187, 188, 189, 190, 191, 192, 193, 194, 195, 181, 167, 153, 139, 125, 111, 97, 83, 69, 55, 41, 27, 26, 25, 24, 23, 22, 21, 20, 19, 18, 17, 16, 15, 14]
117: [42, 56, 70, 84, 98, 112, 126, 140, 154, 168, 182, 183, 184, 185, 186, 187, 188, 189, 190, 191, 192, 193, 194, 195, 181, 167, 153, 139, 125, 111, 97, 83, 69, 55, 41, 40, 39, 38, 37, 36, 35, 34, 33, 32, 31, 30, 29, 28]
118: [56, 70, 84, 98, 112, 126, 140, 154, 168, 182, 183, 184, 185, 186, 187, 188, 189, 190, 191, 192, 193, 194, 195, 181, 167, 153, 139, 125, 111, 97, 83, 69, 55, 54, 53, 52, 51, 50, 49, 48, 47, 46, 45, 44, 43, 42]
119: [70, 84, 98, 112, 126, 140, 154, 168, 182, 183, 184, 185, 186, 187, 188, 189, 190, 191, 192, 193, 194, 195, 181, 167, 153, 139, 125, 111, 97, 83, 69, 68, 67, 66, 65, 64, 63, 62, 61, 60, 59, 58, 57, 56]
120: [84, 98, 112, 126, 140, 154, 168, 182, 183, 184, 185, 186, 187, 188, 189, 190, 191, 192, 193, 194, 195, 181, 167, 153, 139, 125, 111, 97, 83, 82, 81, 80, 79, 78, 77, 76, 75, 74, 73, 72, 71, 70]
121: [98, 112, 126, 140, 154, 168, 182, 183, 184, 185, 186, 187, 188, 189, 190, 191, 192, 193, 194, 195, 181, 167, 153, 139, 125, 111, 97, 96, 95, 94, 93, 92, 91, 90, 89, 88, 87, 86, 85, 84]
122: [112, 126, 140, 154, 168, 182, 183, 184, 185, 186, 187, 188, 189, 190, 191, 192, 193, 194, 195, 181, 167, 153, 139, 125, 111, 110, 109, 108, 107, 106, 105, 104, 103, 102, 101, 100, 99, 98]
123: [126, 140, 154, 168, 182, 183, 184, 185, 186, 187, 188, 189, 190, 191, 192, 193, 194, 195, 181, 167, 153, 139, 125, 124, 123, 122, 121, 120, 119, 118, 117, 116, 115, 114, 113, 112]
124: [140, 154, 168, 182, 183, 184, 185, 186, 187, 188, 189, 190, 191, 192, 193, 194, 195, 181, 167, 153, 139, 138, 137, 136, 135, 134, 133, 132, 131, 130, 129, 128, 127, 126]
125: [154, 168, 182, 183, 184, 185, 186, 187, 188, 189, 190, 191, 192, 193, 194, 195, 181, 167, 153, 152, 151, 150, 149, 148, 147, 146, 145, 144, 143, 142, 141, 140]
126: [168, 182, 183, 184, 185, 186, 187, 188, 189, 190, 191, 192, 193, 194, 195, 181, 167, 166, 165, 164, 163, 162, 161, 160, 159, 158, 157, 156, 155, 154]
127: [182, 183, 184, 185, 186, 187, 188, 189, 190, 191, 192, 193, 194, 195, 181, 180, 179, 178, 177, 176, 175, 174, 173, 172, 171, 170, 169, 168]
128: [14, 28, 42, 56, 70, 84, 98, 112, 126, 140, 154, 168, 182, 183, 169, 155, 141, 127, 113, 99, 85, 71, 57, 43, 29, 15, 1, 0]
129: [15, 29, 43, 57, 71, 85, 99, 113, 127, 141, 155, 169, 183, 184, 170, 156, 142, 128, 114, 100, 86, 72, 58, 44, 30, 16, 2, 1]
130: [16, 30, 44, 58, 72, 86, 100, 114, 128, 142, 156, 170, 184, 185, 171, 157, 143, 129, 115, 101, 87, 73, 59, 45, 31, 17, 3, 2]
131: [17, 31, 45, 59, 73, 87, 101, 115, 129, 143, 157, 171, 185, 186, 172, 158, 144, 130, 116, 102, 88, 74, 60, 46, 32, 18, 4, 3]
132: [18, 32, 46, 60, 74, 88, 102, 116, 130, 144, 158, 172, 186, 187, 173, 159, 145, 131, 117, 103, 89, 75, 61, 47, 33, 19, 5, 4]
133: [19, 33, 47, 61, 75, 89, 103, 117, 131, 145, 159, 173, 187, 188, 174, 160, 146, 132, 118, 104, 90, 76, 62, 48, 34, 20, 6, 5]
134: [20, 34, 48, 62, 76, 90, 104, 118, 132, 146, 160, 174, 188, 189, 175, 161, 147, 133, 119, 105, 91, 77, 63, 49, 35, 21, 7, 6]
135: [21, 35, 49, 63, 77, 91, 105, 119, 133, 147, 161, 175, 189, 190, 176, 162, 148, 134, 120, 106, 92, 78, 64, 50, 36, 22, 8, 7]
136: [22, 36, 50, 64, 78, 92, 106, 120, 134, 148, 162, 176, 190, 191, 177, 163, 149, 135, 121, 107, 93, 79, 65, 51, 37, 23, 9, 8]
137: [23, 37, 51, 65, 79, 93, 107, 121, 135, 149, 163, 177, 191, 192, 178, 164, 150, 136, 122, 108, 94, 80, 66, 52, 38, 24, 10, 9]
138: [24, 38, 52, 66, 80, 94, 108, 122, 136, 150, 164, 178, 192, 193, 179, 165, 151, 137, 123, 109, 95, 81, 67, 53, 39, 25, 11, 10]
139: [25, 39, 53, 67, 81, 95, 109, 123, 137, 151, 165, 179, 193, 194, 180, 166, 152, 138, 124, 110, 96, 82, 68, 54, 40, 26, 12, 11]
140: [26, 40, 54, 68, 82, 96, 110, 124, 138, 152, 166, 180, 194, 195, 181, 167, 153, 139, 125, 111, 97, 83, 69, 55, 41, 27, 13, 12]
196
0
0: []
1: [103, 104, 128, 105, 106, 107, 108, 109, 110, 111, 112, 113, 114, 115]
2: [103, 104, 105, 106, 107, 108, 109, 110, 111, 112, 113, 114, 115]
3: [103, 104, 105, 106, 107, 108, 109, 110, 111, 112, 113, 114, 115]
4: [103, 104, 105, 106, 107, 108, 109, 110, 111, 112, 113, 114, 115]
5: [103, 104, 105, 106, 107, 108, 109, 110, 111, 112, 113, 114, 115]
6: [103, 104, 105, 106, 107, 108, 109, 110, 111, 112, 113, 114, 115]
7: [103, 104, 105, 106, 107, 108, 109, 110, 111, 112, 113, 114, 115]
8: [103, 104, 105, 106, 107, 108, 109, 110, 111, 112, 113, 114, 115]
9: [103, 104, 105, 106, 107, 108, 109, 110, 111, 112, 113, 114, 115]
10: [103, 104, 105, 106, 107, 108, 109, 110, 111, 112, 113, 114, 115]
11: [103, 104, 105, 106, 107, 108, 109, 110, 111, 112, 113, 114, 115]
12: [103, 104, 105, 106, 107, 108, 109, 110, 111, 112, 113, 114, 115]
13: [103, 104, 105, 106, 107, 108, 109, 110, 111, 112, 113, 114, 115]
14: [128, 104, 105, 106, 107, 108, 109, 110, 111, 112, 113, 114, 115, 103]
15: [104, 128]
16: [104]
17: [104]
18: [104]
19: [104]
20: [104]
21: [104]
22: [104]
23: [104]
24: [104]
25: [104]
26: [104]
27: [104, 103, 105, 106, 107, 108, 109, 110, 111, 112, 113, 114, 115]
28: [128, 105, 106, 107, 108, 109, 110, 111, 112, 113, 114, 115, 103]
29: [105, 128]
30: [105]
31: [105]
32: [105]
33: [105]
34: [105]
35: [105]
36: [105]
37: [105]
38: [105]
39: [105]
40: [105]
41: [105, 103, 106, 107, 108, 109, 110, 111, 112, 113, 114, 115]
42: [128, 106, 107, 108, 109, 110, 111, 112, 113, 114, 115, 103]
43: [106, 128]
44: [106]
45: [106]
46: [106]
47: [106]
48: [106]
49: [106]
50: [106]
51: [106]
52: [106]
53: [106]
54: [106]
55: [106, 103, 107, 108, 109, 110, 111, 112, 113, 114, 115]
56: [128, 107, 108, 109, 110, 111, 112, 113, 114, 115, 103]
57: [107, 128]
58: [107]
59: [107]
60: [107]
61: [107]
62: [107]
63: [107]
64: [107]
65: [107]
66: [107]
67: [107]
68: [107]
69: [107, 103, 108, 109, 110, 111, 112, 113, 114, 115]
70: [128, 108, 109, 110, 111, 112, 113, 114, 115, 103]
71: [108, 128]
72: [108]
73: [108]
74: [108]
75: [108]
76: [108]
77: [108]
78: [108]
79: [108]
80: [108]
81: [108]
82: [108]
83: [108, 103, 109, 110, 111, 112, 113, 114, 115]
84: [128, 109, 110, 111, 112, 113, 114, 115, 103]
85: [109, 128]
86: [109]
87: [109]
88: [109]
89: [109]
90: [109]
91: [109]
92: [109]
93: [109]
94: [109]
95: [109]
96: [109]
97: [109, 103, 110, 111, 112, 113, 114, 115]
98: [128, 110, 111, 112, 113, 114, 115, 103]
99: [110, 128]
100: [110]
101: [110]
102: [110]
103: [110]
104: [110]
105: [110]
106: [110]
107: [110]
108: [110]
109: [110]
110: [110]
111: [110, 103, 111, 112, 113, 114, 115]
112: [128, 111, 112, 113, 114, 115, 103]
113: [111, 128]
114: [111]
115: [111]
116: [111]
117: [111]
118: [111]
119: [111]
120: [111]
121: [111]
122: [111]
123: [111]
124: [111]
125: [111, 103, 112, 113, 114, 115]
126: [128, 112, 113, 114, 115, 103]
127: [112, 128]
128: [112]
129: [112]
130: [112]
131: [112]
132: [112]
133: [112]
134: [112]
135: [112]
136: [112]
137: [112]
138: [112]
139: [112, 103, 113, 114, 115]
140: [128, 113, 114, 115, 103]
141: [113, 128]
142: [113]
143: [113]
144: [113]
145: [113]
146: [113]
147: [113]
148: [113]
149: [113]
150: [113]
151: [113]
152: [113]
153: [113, 103, 114, 115]
154: [128, 114, 115, 103]
155: [114, 128]
156: [114]
157: [114]
158: [114]
159: [114]
160: [114]
161: [114]
162: [114]
163: [114]
164: [114]
165: [114]
166: [114]
167: [114, 103, 115]
168: [128, 115, 103]
169: [115, 128]
170: [115]
171: [115]
172: [115]
173: [115]
174: [115]
175: [115]
176: [115]
177: [115]
178: [115]
179: [115]
180: [115]
181: [115, 103]
182: [128, 103]
183: [128, 103]
184: [103]
185: [103]
186: [103]
187: [103]
188: [103]
189: [103]
190: [103]
191: [103]
192: [103]
193: [103]
194: [103]
195: [103]
1
0: [128, 104, 105, 106, 107, 108, 109, 110, 111, 112, 113, 114, 115, 103]
1: []
2: [103, 104, 129, 105, 106, 107, 108, 109, 110, 111, 112, 113, 114, 115]
3: [103, 104, 105, 106, 107, 108, 109, 110, 111, 112, 113, 114, 115]
4: [103, 104, 105, 106, 107, 108, 109, 110, 111, 112, 113, 114, 115]
5: [103, 104, 105, 106, 107, 108, 109, 110, 111, 112, 113, 114, 115]
6: [103, 104, 105, 106, 107, 108, 109, 110, 111, 112, 113, 114, 115]
7: [103, 104, 105, 106, 107, 108, 109, 110, 111, 112, 113, 114, 115]
8: [103, 104, 105, 106, 107, 108, 109, 110, 111, 112, 113, 114, 115]
9: [103, 104, 105, 106, 107, 108, 109, 110, 111, 112, 113, 114, 115]
10: [103, 104, 105, 106, 107, 108, 109, 110, 111, 112, 113, 114, 115]
11: [103, 104, 105, 106, 107, 108, 109, 110, 111, 112, 113, 114, 115]
12: [103, 104, 105, 106, 107, 108, 109, 110, 111, 112, 113, 114, 115]
13: [103, 104, 105, 106, 107, 108, 109, 110, 111, 112, 113, 114, 115]
14: [128, 104, 105, 106, 107, 108, 109, 110, 111, 112, 113, 114, 115, 103]
15: [129, 104, 128]
16: [104, 129]
17: [104]
18: [104]
19: [104]
20: [104]
21: [104]
22: [104]
23: [104]
24: [104]
25: [104]
26: [104]
27: [103, 104, 105, 106, 107, 108, 109, 110, 111, 112, 113, 114, 115]
28: [128, 105, 106, 107, 108, 109, 110, 111, 112, 113, 114, 115, 103]
29: [129, 105, 128]
30: [105, 129]
31: [105]
32: [105]
33: [105]
34: [105]
35: [105]
36: [105]
37: [105]
38: [105]
39: [105]
40: [105]
41: [103, 105, 106, 107, 108, 109, 110, 111, 112, 113, 114, 115]
42: [128, 106, 107, 108, 109, 110, 111, 112, 113, 114, 115, 103]
43: [129, 106, 128]
44: [106, 129]
45: [106]
46: [106]
47: [106]
48: [106]
49: [106]
50: [106]
51: [106]
52: [106]
53: [106]
54: [106]
55: [103, 106, 107, 108, 109, 110, 111, 112, 113, 114, 115]
56: [128, 107, 108, 109, 110, 111, 112, 113, 114, 115, 103]
57: [129, 107, 128]
58: [107, 129]
59: [107]
60: [107]
61: [107]
62: [107]
63: [107]
64: [107]
65: [107]
66: [107]
67: [107]
68: [107]
69: [103, 107, 108, 109, 110, 111, 112, 113, 114, 115]
70: [128, 108, 109, 110, 111, 112, 113, 114, 115, 103]
71: [129, 108, 128]
72: [108, 129]
73: [108]
74: [108]
75: [108]
76: [108]
77: [108]
78: [108]
79: [108]
80: [108]
81: [108]
82: [108]
83: [103, 108, 109, 110, 111, 112, 113, 114, 115]
84: [128, 109, 110, 111, 112, 113, 114, 115, 103]
85: [129, 109, 128]
86: [109, 129]
87: [109]
88: [109]
89: [109]
90: [109]
91: [109]
92: [109]
93: [109]
94: [109]
95: [109]
96: [109]
97: [103, 109, 110, 111, 112, 113, 114, 115]
98: [128, 110, 111, 112, 113, 114, 115, 103]
99: [129, 110, 128]
100: [110, 129]
101: [110]
102: [110]
103: [110]
104: [110]
105: [110]
106: [110]
107: [110]
108: [110]
109: [110]
110: [110]
111: [103, 110, 111, 112, 113, 114, 115]
112: [128, 111, 112, 113, 114, 115, 103]
113: [129, 111, 128]
114: [111, 129]
115: [111]
116: [111]
117: [111]
118: [111]
119: [111]
120: [111]
121: [111]
122: [111]
123: [111]
124: [111]
125: [103, 111, 112, 113, 114, 115]
126: [128, 112, 113, 114, 115, 103]
127: [129, 112, 128]
128: [112, 129]
129: [112]
130: [112]
131: [112]
132: [112]
133: [112]
134: [112]
135: [112]
136: [112]
137: [112]
138: [112]
139: [103, 112, 113, 114, 115]
140: [128, 113, 114, 115, 103]
141: [129, 113, 128]
142: [113, 129]
143: [113]
144: [113]
145: [113]
146: [113]
147: [113]
148: [113]
149: [113]
150: [113]
151: [113]
152: [113]
153: [103, 113, 114, 115]
154: [128, 114, 115, 103]
155: [129, 114, 128]
156: [114, 129]
157: [114]
158: [114]
159: [114]
160: [114]
161: [114]
162: [114]
163: [114]
164: [114]
165: [114]
166: [114]
167: [103, 114, 115]
168: [128, 115, 103]
169: [129, 115, 128]
170: [129, 115]
171: [115]
172: [115]
173: [115]
174: [115]
175: [115]
176: [115]
177: [115]
178: [115]
179: [115]
180: [115]
181: [103, 115]
182: [128, 103]
183: [129, 128, 103]
184: [129, 103]
185: [103]
186: [103]
187: [103]
188: [103]
189: [103]
190: [103]
191: [103]
192: [103]
193: [103]
194: [103]
195: [103]
2
0: [104, 105, 106, 107, 108, 109, 110, 111, 112, 113, 114, 115, 103]
1: [129, 104, 105, 106, 107, 108, 109, 110, 111, 112, 113, 114, 115, 103]
2: []
3: [103, 104, 130, 105, 106, 107, 108, 109, 110, 111, 112, 113, 114, 115]
4: [103, 104, 105, 106, 107, 108, 109, 110, 111, 112, 113, 114, 115]
5: [103, 104, 105, 106, 107, 108, 109, 110, 111, 112, 113, 114, 115]
6: [103, 104, 105, 106, 107, 108, 109, 110, 111, 112, 113, 114, 115]
7: [103, 104, 105, 106, 107, 108, 109, 110, 111, 112, 113, 114, 115]
8: [103, 104, 105, 106, 107, 108, 109, 110, 111, 112, 113, 114, 115]
9: [103, 104, 105, 106, 107, 108, 109, 110, 111, 112, 113, 114, 115]
10: [103, 104, 105, 106, 107, 108, 109, 110, 111, 112, 113, 114, 115]
11: [103, 104, 105, 106, 107, 108, 109, 110, 111, 112, 113, 114, 115]
12: [103, 104, 105, 106, 107, 108, 109, 110, 111, 112, 113, 114, 115]
13: [103, 104, 105, 106, 107, 108, 109, 110, 111, 112, 113, 114, 115]
14: [104, 105, 106, 107, 108, 109, 110, 111, 112, 113, 114, 115, 103]
15: [129, 104]
16: [130, 104, 129]
17: [104, 130]
18: [104]
19: [104]
20: [104]
21: [104]
22: [104]
23: [104]
24: [104]
25: [104]
26: [104]
27: [103, 104, 105, 106, 107, 108, 109, 110, 111, 112, 113, 114, 115]
28: [105, 106, 107, 108, 109, 110, 111, 112, 113, 114, 115, 103]
29: [129, 105]
30: [130, 105, 129]
31: [105, 130]
32: [105]
33: [105]
34: [105]
35: [105]
36: [105]
37: [105]
38: [105]
39: [105]
40: [105]
41: [103, 105, 106, 107, 108, 109, 110, 111, 112, 113, 114, 115]
42: [106, 107, 108, 109, 110, 111, 112, 113, 114, 115, 103]
43: [129, 106]
44: [130, 106, 129]
45: [106, 130]
46: [106]
47: [106]
48: [106]
49: [106]
50: [106]
51: [106]
52: [106]
53: [106]
54: [106]
55: [103, 106, 107, 108, 109, 110, 111, 112, 113, 114, 115]
56: [107, 108, 109, 110, 111, 112, 113, 114, 115, 103]
57: [129, 107]
58: [130, 107, 129]
59: [107, 130]
60: [107]
61: [107]
62: [107]
63: [107]
64: [107]
65: [107]
66: [107]
67: [107]
68: [107]
69: [103, 107, 108, 109, 110, 111, 112, 113, 114, 115]
70: [108, 109, 110, 111, 112, 113, 114, 115, 103]
71: [129, 108]
72: [130, 108, 129]
73: [108, 130]
74: [108]
75: [108]
76: [108]
77: [108]
78: [108]
79: [108]
80: [108]
81: [108]
82: [108]
83: [103, 108, 109, 110, 111, 112, 113, 114, 115]
84: [109, 110, 111, 112, 113, 114, 115, 103]
85: [129, 109]
86: [130, 109, 129]
87: [109, 130]
88: [109]
89: [109]
90: [109]
91: [109]
92: [109]
93: [109]
94: [109]
95: [109]
96: [109]
97: [103, 109, 110, 111, 112, 113, 114, 115]
98: [110, 111, 112, 113, 114, 115, 103]
99: [129, 110]
100: [130, 110, 129]
101: [110, 130]
102: [110]
103: [110]
104: [110]
105: [110]
106: [110]
107: [110]
108: [110]
109: [110]
110: [110]
111: [103, 110, 111, 112, 113, 114, 115]
112: [111, 112, 113, 114, 115, 103]
113: [129, 111]
114: [130, 111, 129]
115: [111, 130]
116: [111]
117: [111]
118: [111]
119: [111]
120: [111]
121: [111]
122: [111]
123: [111]
124: [111]
125: [103, 111, 112, 113, 114, 115]
126: [112, 113, 114, 115, 103]
127: [129, 112]
128: [130, 112, 129]
129: [112, 130]
130: [112]
131: [112]
132: [112]
133: [112]
134: [112]
135: [112]
136: [112]
137: [112]
138: [112]
139: [103, 112, 113, 114, 115]
140: [113, 114, 115, 103]
141: [129, 113]
142: [130, 113, 129]
143: [113, 130]
144: [113]
145: [113]
146: [113]
147: [113]
148: [113]
149: [113]
150: [113]
151: [113]
152: [113]
153: [103, 113, 114, 115]
154: [114, 115, 103]
155: [129, 114]
156: [130, 114, 129]
157: [114, 130]
158: [114]
159: [114]
160: [114]
161: [114]
162: [114]
163: [114]
164: [114]
165: [114]
166: [114]
167: [103, 114, 115]
168: [115, 103]
169: [129, 115]
170: [130, 129, 115]
171: [130, 115]
172: [115]
173: [115]
174: [115]
175: [115]
176: [115]
177: [115]
178: [115]
179: [115]
180: [115]
181: [103, 115]
182: [103]
183: [129, 103]
184: [130, 129, 103]
185: [130, 103]
186: [103]
187: [103]
188: [103]
189: [103]
190: [103]
191: [103]
192: [103]
193: [103]
194: [103]
195: [103]
3
0: [104, 105, 106, 107, 108, 109, 110, 111, 112, 113, 114, 115, 103]
1: [104, 105, 106, 107, 108, 109, 110, 111, 112, 113, 114, 115, 103]
2: [130, 104, 105, 106, 107, 108, 109, 110, 111, 112, 113, 114, 115, 103]
3: []
4: [103, 104, 131, 105, 106, 107, 108, 109, 110, 111, 112, 113, 114, 115]
5: [103, 104, 105, 106, 107, 108, 109, 110, 111, 112, 113, 114, 115]
6: [103, 104, 105, 106, 107, 108, 109, 110, 111, 112, 113, 114, 115]
7: [103, 104, 105, 106, 107, 108, 109, 110, 111, 112, 113, 114, 115]
8: [103, 104, 105, 106, 107, 108, 109, 110, 111, 112, 113, 114, 115]
9: [103, 104, 105, 106, 107, 108, 109, 110, 111, 112, 113, 114, 115]
10: [103, 104, 105, 106, 107, 108, 109, 110, 111, 112, 113, 114, 115]
11: [103, 104, 105, 106, 107, 108, 109, 110, 111, 112, 113, 114, 115]
12: [103, 104, 105, 106, 107, 108, 109, 110, 111, 112, 113, 114, 115]
13: [103, 104, 105, 106, 107, 108, 109, 110, 111, 112, 113, 114, 115]
14: [104, 105, 106, 107, 108, 109, 110, 111, 112, 113, 114, 115, 103]
15: [104]
16: [130, 104]
17: [131, 104, 130]
18: [104, 131]
19: [104]
20: [104]
21: [104]
22: [104]
23: [104]
24: [104]
25: [104]
26: [104]
27: [103, 104, 105, 106, 107, 108, 109, 110, 111, 112, 113, 114, 115]
28: [105, 106, 107, 108, 109, 110, 111, 112, 113, 114, 115, 103]
29: [105]
30: [130, 105]
31: [131, 105, 130]
32: [105, 131]
33: [105]
34: [105]
35: [105]
36: [105]
37: [105]
38: [105]
39: [105]
40: [105]
41: [103, 105, 106, 107, 108, 109, 110, 111, 112, 113, 114, 115]
42: [106, 107, 108, 109, 110, 111, 112, 113, 114, 115, 103]
43: [106]
44: [130, 106]
45: [131, 106, 130]
46: [106, 131]
47: [106]
48: [106]
49: [106]
50: [106]
51: [106]
52: [106]
53: [106]
54: [106]
55: [103, 106, 107, 108, 109, 110, 111, 112, 113, 114, 115]
56: [107, 108, 109, 110, 111, 112, 113, 114, 115, 103]
57: [107]
58: [130, 107]
59: [131, 107, 130]
60: [107, 131]
61: [107]
62: [107]
63: [107]
64: [107]
65: [107]
66: [107]
67: [107]
68: [107]
69: [103, 107, 108, 109, 110, 111, 112, 113, 114, 115]
70: [108, 109, 110, 111, 112, 113, 114, 115, 103]
71: [108]
72: [130, 108]
73: [131, 108, 130]
74: [108, 131]
75: [108]
76: [108]
77: [108]
78: [108]
79: [108]
80: [108]
81: [108]
82: [108]
83: [103, 108, 109, 110, 111, 112, 113, 114, 115]
84: [109, 110, 111, 112, 113, 114, 115, 103]
85: [109]
86: [130, 109]
87: [131, 109, 130]
88: [109, 131]
89: [109]
90: [109]
91: [109]
92: [109]
93: [109]
94: [109]
95: [109]
96: [109]
97: [103, 109, 110, 111, 112, 113, 114, 115]
98: [110, 111, 112, 113, 114, 115, 103]
99: [110]
100: [130, 110]
101: [131, 110, 130]
102: [110, 131]
103: [110]
104: [110]
105: [110]
106: [110]
107: [110]
108: [110]
109: [110]
110: [110]
111: [103, 110, 111, 112, 113, 114, 115]
112: [111, 112, 113, 114, 115, 103]
113: [111]
114: [130, 111]
115: [131, 111, 130]
116: [111, 131]
117: [111]
118: [111]
119: [111]
120: [111]
121: [111]
122: [111]
123: [111]
124: [111]
125: [103, 111, 112, 113, 114, 115]
126: [112, 113, 114, 115, 103]
127: [112]
128: [130, 112]
129: [131, 112, 130]
130: [112, 131]
131: [112]
132: [112]
133: [112]
134: [112]
135: [112]
136: [112]
137: [112]
138: [112]
139: [103, 112, 113, 114, 115]
140: [113, 114, 115, 103]
141: [113]
142: [130, 113]
143: [131, 113, 130]
144: [113, 131]
145: [113]
146: [113]
147: [113]
148: [113]
149: [113]
150: [113]
151: [113]
152: [113]
153: [103, 113, 114, 115]
154: [114, 115, 103]
155: [114]
156: [130, 114]
157: [131, 114, 130]
158: [131, 114]
159: [114]
160: [114]
161: [114]
162: [114]
163: [114]
164: [114]
165: [114]
166: [114]
167: [103, 114, 115]
168: [115, 103]
169: [115]
170: [130, 115]
171: [131, 130, 115]
172: [131, 115]
173: [115]
174: [115]
175: [115]
176: [115]
177: [115]
178: [115]
179: [115]
180: [115]
181: [103, 115]
182: [103]
183: [103]
184: [130, 103]
185: [131, 130, 103]
186: [131, 103]
187: [103]
188: [103]
189: [103]
190: [103]
191: [103]
192: [103]
193: [103]
194: [103]
195: [103]
4
0: [104, 105, 106, 107, 108, 109, 110, 111, 112, 113, 114, 115, 103]
1: [104, 105, 106, 107, 108, 109, 110, 111, 112, 113, 114, 115, 103]
2: [104, 105, 106, 107, 108, 109, 110, 111, 112, 113, 114, 115, 103]
3: [131, 104, 105, 106, 107, 108, 109, 110, 111, 112, 113, 114, 115, 103]
4: []
5: [103, 104, 132, 105, 106, 107, 108, 109, 110, 111, 112, 113, 114, 115]
6: [103, 104, 105, 106, 107, 108, 109, 110, 111, 112, 113, 114, 115]
7: [103, 104, 105, 106, 107, 108, 109, 110, 111, 112, 113, 114, 115]
8: [103, 104, 105, 106, 107, 108, 109, 110, 111, 112, 113, 114, 115]
9: [103, 104, 105, 106, 107, 108, 109, 110, 111, 112, 113, 114, 115]
10: [103, 104, 105, 106, 107, 108, 109, 110, 111, 112, 113, 114, 115]
11: [103, 104, 105, 106, 107, 108, 109, 110, 111, 112, 113, 114, 115]
12: [103, 104, 105, 106, 107, 108, 109, 110, 111, 112, 113, 114, 115]
13: [103, 104, 105, 106, 107, 108, 109, 110, 111, 112, 113, 114, 115]
14: [104, 105, 106, 107, 108, 109, 110, 111, 112, 113, 114, 115, 103]
15: [104]
16: [104]
17: [131, 104]
18: [132, 104, 131]
19: [104, 132]
20: [104]
21: [104]
22: [104]
23: [104]
24: [104]
25: [104]
26: [104]
27: [103, 104, 105, 106, 107, 108, 109, 110, 111, 112, 113, 114, 115]
28: [105, 106, 107, 108, 109, 110, 111, 112, 113, 114, 115, 103]
29: [105]
30: [105]
31: [131, 105]
32: [132, 105, 131]
33: [105, 132]
34: [105]
35: [105]
36: [105]
37: [105]
38: [105]
39: [105]
40: [105]
41: [103, 105, 106, 107, 108, 109, 110, 111, 112, 113, 114, 115]
42: [106, 107, 108, 109, 110, 111, 112, 113, 114, 115, 103]
43: [106]
44: [106]
45: [131, 106]
46: [132, 106, 131]
47: [106, 132]
48: [106]
49: [106]
50: [106]
51: [106]
52: [106]
53: [106]
54: [106]
55: [103, 106, 107, 108, 109, 110, 111, 112, 113, 114, 115]
56: [107, 108, 109, 110, 111, 112, 113, 114, 115, 103]
57: [107]
58: [107]
59: [131, 107]
60: [132, 107, 131]
61: [107, 132]
62: [107]
63: [107]
64: [107]
65: [107]
66: [107]
67: [107]
68: [107]
69: [103, 107, 108, 109, 110, 111, 112, 113, 114, 115]
70: [108, 109, 110, 111, 112, 113, 114, 115, 103]
71: [108]
72: [108]
73: [131, 108]
74: [132, 108, 131]
75: [108, 132]
76: [108]
77: [108]
78: [108]
79: [108]
80: [108]
81: [108]
82: [108]
83: [103, 108, 109, 110, 111, 112, 113, 114, 115]
84: [109, 110, 111, 112, 113, 114, 115, 103]
85: [109]
86: [109]
87: [131, 109]
88: [132, 109, 131]
89: [109, 132]
90: [109]
91: [109]
92: [109]
93: [109]
94: [109]
95: [109]
96: [109]
97: [103, 109, 110, 111, 112, 113, 114, 115]
98: [110, 111, 112, 113, 114, 115, 103]
99: [110]
100: [110]
101: [131, 110]
102: [132, 110, 131]
103: [110, 132]
104: [110]
105: [110]
106: [110]
107: [110]
108: [110]
109: [110]
110: [110]
111: [103, 110, 111, 112, 113, 114, 115]
112: [111, 112, 113, 114, 115, 103]
113: [111]
114: [111]
115: [131, 111]
116: [132, 111, 131]
117: [111, 132]
118: [111]
119: [111]
120: [111]
121: [111]
122: [111]
123: [111]
124: [111]
125: [103, 111, 112, 113, 114, 115]
126: [112, 113, 114, 115, 103]
127: [112]
128: [112]
129: [131, 112]
130: [132, 112, 131]
131: [112, 132]
132: [112]
133: [112]
134: [112]
135: [112]
136: [112]
137: [112]
138: [112]
139: [103, 112, 113, 114, 115]
140: [113, 114, 115, 103]
141: [113]
142: [113]
143: [131, 113]
144: [132, 113, 131]
145: [132, 113]
146: [113]
147: [113]
148: [113]
149: [113]
150: [113]
151: [113]
152: [113]
153: [103, 113, 114, 115]
154: [114, 115, 103]
155: [114]
156: [114]
157: [131, 114]
158: [132, 131, 114]
159: [132, 114]
160: [114]
161: [114]
162: [114]
163: [114]
164: [114]
165: [114]
166: [114]
167: [103, 114, 115]
168: [115, 103]
169: [115]
170: [115]
171: [131, 115]
172: [132, 131, 115]
173: [132, 115]
174: [115]
175: [115]
176: [115]
177: [115]
178: [115]
179: [115]
180: [115]
181: [103, 115]
182: [103]
183: [103]
184: [103]
185: [131, 103]
186: [132, 131, 103]
187: [132, 103]
188: [103]
189: [103]
190: [103]
191: [103]
192: [103]
193: [103]
194: [103]
195: [103]
5
0: [104, 105, 106, 107, 108, 109, 110, 111, 112, 113, 114, 115, 103]
1: [104, 105, 106, 107, 108, 109, 110, 111, 112, 113, 114, 115, 103]
2: [104, 105, 106, 107, 108, 109, 110, 111, 112, 113, 114, 115, 103]
3: [104, 105, 106, 107, 108, 109, 110, 111, 112, 113, 114, 115, 103]
4: [132, 104, 105, 106, 107, 108, 109, 110, 111, 112, 113, 114, 115, 103]
5: []
6: [103, 104, 133, 105, 106, 107, 108, 109, 110, 111, 112, 113, 114, 115]
7: [103, 104, 105, 106, 107, 108, 109, 110, 111, 112, 113, 114, 115]
8: [103, 104, 105, 106, 107, 108, 109, 110, 111, 112, 113, 114, 115]
9: [103, 104, 105, 106, 107, 108, 109, 110, 111, 112, 113, 114, 115]
10: [103, 104, 105, 106, 107, 108, 109, 110, 111, 112, 113, 114, 115]
11: [103, 104, 105, 106, 107, 108, 109, 110, 111, 112, 113, 114, 115]
12: [103, 104, 105, 106, 107, 108, 109, 110, 111, 112, 113, 114, 115]
13: [103, 104, 105, 106, 107, 108, 109, 110, 111, 112, 113, 114, 115]
14: [104, 105, 106, 107, 108, 109, 110, 111, 112, 113, 114, 115, 103]
15: [104]
16: [104]
17: [104]
18: [132, 104]
19: [133, 104, 132]
20: [104, 133]
21: [104]
22: [104]
23: [104]
24: [104]
25: [104]
26: [104]
27: [103, 104, 105, 106, 107, 108, 109, 110, 111, 112, 113, 114, 115]
28: [105, 106, 107, 108, 109, 110, 111, 112, 113, 114, 115, 103]
29: [105]
30: [105]
31: [105]
32: [132, 105]
33: [133, 105, 132]
34: [105, 133]
35: [105]
36: [105]
37: [105]
38: [105]
39: [105]
40: [105]
41: [103, 105, 106, 107, 108, 109, 110, 111, 112, 113, 114, 115]
42: [106, 107, 108, 109, 110, 111, 112, 113, 114, 115, 103]
43: [106]
44: [106]
45: [106]
46: [132, 106]
47: [133, 106, 132]
48: [106, 133]
49: [106]
50: [106]
51: [106]
52: [106]
53: [106]
54: [106]
55: [103, 106, 107, 108, 109, 110, 111, 112, 113, 114, 115]
56: [107, 108, 109, 110, 111, 112, 113, 114, 115, 103]
57: [107]
58: [107]
59: [107]
60: [132, 107]
61: [133, 107, 132]
62: [107, 133]
63: [107]
64: [107]
65: [107]
66: [107]
67: [107]
68: [107]
69: [103, 107, 108, 109, 110, 111, 112, 113, 114, 115]
70: [108, 109, 110, 111, 112, 113, 114, 115, 103]
71: [108]
72: [108]
73: [108]
74: [132, 108]
75: [133, 108, 132]
76: [108, 133]
77: [108]
78: [108]
79: [108]
80: [108]
81: [108]
82: [108]
83: [103, 108, 109, 110, 111, 112, 113, 114, 115]
84: [109, 110, 111, 112, 113, 114, 115, 103]
85: [109]
86: [109]
87: [109]
88: [132, 109]
89: [133, 109, 132]
90: [109, 133]
91: [109]
92: [109]
93: [109]
94: [109]
95: [109]
96: [109]
97: [103, 109, 110, 111, 112, 113, 114, 115]
98: [110, 111, 112, 113, 114, 115, 103]
99: [110]
100: [110]
101: [110]
102: [132, 110]
103: [133, 110, 132]
104: [110, 133]
105: [110]
106: [110]
107: [110]
108: [110]
109: [110]
110: [110]
111: [103, 110, 111, 112, 113, 114, 115]
112: [111, 112, 113, 114, 115, 103]
113: [111]
114: [111]
115: [111]
116: [132, 111]
117: [133, 111, 132]
118: [133, 111]
119: [111]
120: [111]
121: [111]
122: [111]
123: [111]
124: [111]
125: [103, 111, 112, 113, 114, 115]
126: [112, 113, 114, 115, 103]
127: [112]
128: [112]
129: [112]
130: [132, 112]
131: [133, 112, 132]
132: [133, 112]
133: [112]
134: [112]
135: [112]
136: [112]
137: [112]
138: [112]
139: [103, 112, 113, 114, 115]
140: [113, 114, 115, 103]
141: [113]
142: [113]
143: [113]
144: [132, 113]
145: [133, 132, 113]
146: [133, 113]
147: [113]
148: [113]
149: [113]
150: [113]
151: [113]
152: [113]
153: [103, 113, 114, 115]
154: [114, 115, 103]
155: [114]
156: [114]
157: [114]
158: [132, 114]
159: [133, 132, 114]
160: [133, 114]
161: [114]
162: [114]
163: [114]
164: [114]
165: [114]
166: [114]
167: [103, 114, 115]
168: [115, 103]
169: [115]
170: [115]
171: [115]
172: [132, 115]
173: [133, 132, 115]
174: [133, 115]
175: [115]
176: [115]
177: [115]
178: [115]
179: [115]
180: [115]
181: [103, 115]
182: [103]
183: [103]
184: [103]
185: [103]
186: [132, 103]
187: [133, 132, 103]
188: [133, 103]
189: [103]
190: [103]
191: [103]
192: [103]
193: [103]
194: [103]
195: [103]
6
0: [104, 105, 106, 107, 108, 109, 110, 111, 112, 113, 114, 115, 103]
1: [104, 105, 106, 107, 108, 109, 110, 111, 112, 113, 114, 115, 103]
2: [104, 105, 106, 107, 108, 109, 110, 111, 112, 113, 114, 115, 103]
3: [104, 105, 106, 107, 108, 109, 110, 111, 112, 113, 114, 115, 103]
4: [104, 105, 106, 107, 108, 109, 110, 111, 112, 113, 114, 115, 103]
5: [133, 104, 105, 106, 107, 108, 109, 110, 111, 112, 113, 114, 115, 103]
6: []
7: [103, 104, 134, 105, 106, 107, 108, 109, 110, 111, 112, 113, 114, 115]
8: [103, 104, 105, 106, 107, 108, 109, 110, 111, 112, 113, 114, 115]
9: [103, 104, 105, 106, 107, 108, 109, 110, 111, 112, 113, 114, 115]
10: [103, 104, 105, 106, 107, 108, 109, 110, 111, 112, 113, 114, 115]
11: [103, 104, 105, 106, 107, 108, 109, 110, 111, 112, 113, 114, 115]
12: [103, 104, 105, 106, 107, 108, 109, 110, 111, 112, 113, 114, 115]
13: [103, 104, 105, 106, 107, 108, 109, 110, 111, 112, 113, 114, 115]
14: [104, 105, 106, 107, 108, 109, 110, 111, 112, 113, 114, 115, 103]
15: [104]
16: [104]
17: [104]
18: [104]
19: [133, 104]
20: [134, 104, 133]
21: [104, 134]
22: [104]
23: [104]
24: [104]
25: [104]
26: [104]
27: [103, 104, 105, 106, 107, 108, 109, 110, 111, 112, 113, 114, 115]
28: [105, 106, 107, 108, 109, 110, 111, 112, 113, 114, 115, 103]
29: [105]
30: [105]
31: [105]
32: [105]
33: [133, 105]
34: [134, 105, 133]
35: [105, 134]
36: [105]
37: [105]
38: [105]
39: [105]
40: [105]
41: [103, 105, 106, 107, 108, 109, 110, 111, 112, 113, 114, 115]
42: [106, 107, 108, 109, 110, 111, 112, 113, 114, 115, 103]
43: [106]
44: [106]
45: [106]
46: [106]
47: [133, 106]
48: [134, 106, 133]
49: [106, 134]
50: [106]
51: [106]
52: [106]
53: [106]
54: [106]
55: [103, 106, 107, 108, 109, 110, 111, 112, 113, 114, 115]
56: [107, 108, 109, 110, 111, 112, 113, 114, 115, 103]
57: [107]
58: [107]
59: [107]
60: [107]
61: [133, 107]
62: [134, 107, 133]
63: [107, 134]
64: [107]
65: [107]
66: [107]
67: [107]
68: [107]
69: [103, 107, 108, 109, 110, 111, 112, 113, 114, 115]
70: [108, 109, 110, 111, 112, 113, 114, 115, 103]
71: [108]
72: [108]
73: [108]
74: [108]
75: [133, 108]
76: [134, 108, 133]
77: [108, 134]
78: [108]
79: [108]
80: [108]
81: [108]
82: [108]
83: [103, 108, 109, 110, 111, 112, 113, 114, 115]
84: [109, 110, 111, 112, 113, 114, 115, 103]
85: [109]
86: [109]
87: [109]
88: [109]
89: [133, 109]
90: [134, 109, 133]
91: [109, 134]
92: [109]
93: [109]
94: [109]
95: [109]
96: [109]
97: [103, 109, 110, 111, 112, 113, 114, 115]
98: [110, 111, 112, 113, 114, 115, 103]
99: [110]
100: [110]
101: [110]
102: [110]
103: [133, 110]
104: [134, 110, 133]
105: [134, 110]
106: [110]
107: [110]
108: [110]
109: [110]
110: [110]
111: [103, 110, 111, 112, 113, 114, 115]
112: [111, 112, 113, 114, 115, 103]
113: [111]
114: [111]
115: [111]
116: [111]
117: [133, 111]
118: [134, 133, 111]
119: [134, 111]
120: [111]
121: [111]
122: [111]
123: [111]
124: [111]
125: [103, 111, 112, 113, 114, 115]
126: [112, 113, 114, 115, 103]
127: [112]
128: [112]
129: [112]
130: [112]
131: [133, 112]
132: [134, 133, 112]
133: [134, 112]
134: [112]
135: [112]
136: [112]
137: [112]
138: [112]
139: [103, 112, 113, 114, 115]
140: [113, 114, 115, 103]
141: [113]
142: [113]
143: [113]
144: [113]
145: [133, 113]
146: [134, 133, 113]
147: [134, 113]
148: [113]
149: [113]
150: [113]
151: [113]
152: [113]
153: [103, 113, 114, 115]
154: [114, 115, 103]
155: [114]
156: [114]
157: [114]
158: [114]
159: [133, 114]
160: [134, 133, 114]
161: [134, 114]
162: [114]
163: [114]
164: [114]
165: [114]
166: [114]
167: [103, 114, 115]
168: [115, 103]
169: [115]
170: [115]
171: [115]
172: [115]
173: [133, 115]
174: [134, 133, 115]
175: [134, 115]
176: [115]
177: [115]
178: [115]
179: [115]
180: [115]
181: [103, 115]
182: [103]
183: [103]
184: [103]
185: [103]
186: [103]
187: [133, 103]
188: [134, 133, 103]
189: [134, 103]
190: [103]
191: [103]
192: [103]
193: [103]
194: [103]
195: [103]
7
0: [104, 105, 106, 107, 108, 109, 110, 111, 112, 113, 114, 115, 103]
1: [104, 105, 106, 107, 108, 109, 110, 111, 112, 113, 114, 115, 103]
2: [104, 105, 106, 107, 108, 109, 110, 111, 112, 113, 114, 115, 103]
3: [104, 105, 106, 107, 108, 109, 110, 111, 112, 113, 114, 115, 103]
4: [104, 105, 106, 107, 108, 109, 110, 111, 112, 113, 114, 115, 103]
5: [104, 105, 106, 107, 108, 109, 110, 111, 112, 113, 114, 115, 103]
6: [134, 104, 105, 106, 107, 108, 109, 110, 111, 112, 113, 114, 115, 103]
7: []
8: [103, 104, 135, 105, 106, 107, 108, 109, 110, 111, 112, 113, 114, 115]
9: [103, 104, 105, 106, 107, 108, 109, 110, 111, 112, 113, 114, 115]
10: [103, 104, 105, 106, 107, 108, 109, 110, 111, 112, 113, 114, 115]
11: [103, 104, 105, 106, 107, 108, 109, 110, 111, 112, 113, 114, 115]
12: [103, 104, 105, 106, 107, 108, 109, 110, 111, 112, 113, 114, 115]
13: [103, 104, 105, 106, 107, 108, 109, 110, 111, 112, 113, 114, 115]
14: [104, 105, 106, 107, 108, 109, 110, 111, 112, 113, 114, 115, 103]
15: [104]
16: [104]
17: [104]
18: [104]
19: [104]
20: [134, 104]
21: [135, 104, 134]
22: [104, 135]
23: [104]
24: [104]
25: [104]
26: [104]
27: [103, 104, 105, 106, 107, 108, 109, 110, 111, 112, 113, 114, 115]
28: [105, 106, 107, 108, 109, 110, 111, 112, 113, 114, 115, 103]
29: [105]
30: [105]
31: [105]
32: [105]
33: [105]
34: [134, 105]
35: [135, 105, 134]
36: [105, 135]
37: [105]
38: [105]
39: [105]
40: [105]
41: [103, 105, 106, 107, 108, 109, 110, 111, 112, 113, 114, 115]
42: [106, 107, 108, 109, 110, 111, 112, 113, 114, 115, 103]
43: [106]
44: [106]
45: [106]
46: [106]
47: [106]
48: [134, 106]
49: [135, 106, 134]
50: [106, 135]
51: [106]
52: [106]
53: [106]
54: [106]
55: [103, 106, 107, 108, 109, 110, 111, 112, 113, 114, 115]
56: [107, 108, 109, 110, 111, 112, 113, 114, 115, 103]
57: [107]
58: [107]
59: [107]
60: [107]
61: [107]
62: [134, 107]
63: [135, 107, 134]
64: [107, 135]
65: [107]
66: [107]
67: [107]
68: [107]
69: [103, 107, 108, 109, 110, 111, 112, 113, 114, 115]
70: [108, 109, 110, 111, 112, 113, 114, 115, 103]
71: [108]
72: [108]
73: [108]
74: [108]
75: [108]
76: [134, 108]
77: [135, 108, 134]
78: [108, 135]
79: [108]
80: [108]
81: [108]
82: [108]
83: [103, 108, 109, 110, 111, 112, 113, 114, 115]
84: [109, 110, 111, 112, 113, 114, 115, 103]
85: [109]
86: [109]
87: [109]
88: [109]
89: [109]
90: [134, 109]
91: [135, 109, 134]
92: [109, 135]
93: [109]
94: [109]
95: [109]
96: [109]
97: [103, 109, 110, 111, 112, 113, 114, 115]
98: [110, 111, 112, 113, 114, 115, 103]
99: [110]
100: [110]
101: [110]
102: [110]
103: [110]
104: [134, 110]
105: [135, 134, 110]
106: [135, 110]
107: [110]
108: [110]
109: [110]
110: [110]
111: [103, 110, 111, 112, 113, 114, 115]
112: [111, 112, 113, 114, 115, 103]
113: [111]
114: [111]
115: [111]
116: [111]
117: [111]
118: [134, 111]
119: [135, 134, 111]
120: [135, 111]
121: [111]
122: [111]
123: [111]
124: [111]
125: [103, 111, 112, 113, 114, 115]
126: [112, 113, 114, 115, 103]
127: [112]
128: [112]
129: [112]
130: [112]
131: [112]
132: [134, 112]
133: [135, 134, 112]
134: [135, 112]
135: [112]
136: [112]
137: [112]
138: [112]
139: [103, 112, 113, 114, 115]
140: [113, 114, 115, 103]
141: [113]
142: [113]
143: [113]
144: [113]
145: [113]
146: [134, 113]
147: [135, 134, 113]
148: [135, 113]
149: [113]
150: [113]
151: [113]
152: [113]
153: [103, 113, 114, 115]
154: [114, 115, 103]
155: [114]
156: [114]
157: [114]
158: [114]
159: [114]
160: [134, 114]
161: [135, 134, 114]
162: [135, 114]
163: [114]
164: [114]
165: [114]
166: [114]
167: [103, 114, 115]
168: [115, 103]
169: [115]
170: [115]
171: [115]
172: [115]
173: [115]
174: [134, 115]
175: [135, 134, 115]
176: [135, 115]
177: [115]
178: [115]
179: [115]
180: [115]
181: [103, 115]
182: [103]
183: [103]
184: [103]
185: [103]
186: [103]
187: [103]
188: [134, 103]
189: [135, 134, 103]
190: [135, 103]
191: [103]
192: [103]
193: [103]
194: [103]
195: [103]
8
0: [104, 105, 106, 107, 108, 109, 110, 111, 112, 113, 114, 115, 103]
1: [104, 105, 106, 107, 108, 109, 110, 111, 112, 113, 114, 115, 103]
2: [104, 105, 106, 107, 108, 109, 110, 111, 112, 113, 114, 115, 103]
3: [104, 105, 106, 107, 108, 109, 110, 111, 112, 113, 114, 115, 103]
4: [104, 105, 106, 107, 108, 109, 110, 111, 112, 113, 114, 115, 103]
5: [104, 105, 106, 107, 108, 109, 110, 111, 112, 113, 114, 115, 103]
6: [104, 105, 106, 107, 108, 109, 110, 111, 112, 113, 114, 115, 103]
7: [135, 104, 105, 106, 107, 108, 109, 110, 111, 112, 113, 114, 115, 103]
8: []
9: [103, 104, 136, 105, 106, 107, 108, 109, 110, 111, 112, 113, 114, 115]
10: [103, 104, 105, 106, 107, 108, 109, 110, 111, 112, 113, 114, 115]
11: [103, 104, 105, 106, 107, 108, 109, 110, 111, 112, 113, 114, 115]
12: [103, 104, 105, 106, 107, 108, 109, 110, 111, 112, 113, 114, 115]
13: [103, 104, 105, 106, 107, 108, 109, 110, 111, 112, 113, 114, 115]
14: [104, 105, 106, 107, 108, 109, 110, 111, 112, 113, 114, 115, 103]
15: [104]
16: [104]
17: [104]
18: [104]
19: [104]
20: [104]
21: [135, 104]
22: [136, 104, 135]
23: [104, 136]
24: [104]
25: [104]
26: [104]
27: [103, 104, 105, 106, 107, 108, 109, 110, 111, 112, 113, 114, 115]
28: [105, 106, 107, 108, 109, 110, 111, 112, 113, 114, 115, 103]
29: [105]
30: [105]
31: [105]
32: [105]
33: [105]
34: [105]
35: [135, 105]
36: [136, 105, 135]
37: [105, 136]
38: [105]
39: [105]
40: [105]
41: [103, 105, 106, 107, 108, 109, 110, 111, 112, 113, 114, 115]
42: [106, 107, 108, 109, 110, 111, 112, 113, 114, 115, 103]
43: [106]
44: [106]
45: [106]
46: [106]
47: [106]
48: [106]
49: [135, 106]
50: [136, 106, 135]
51: [106, 136]
52: [106]
53: [106]
54: [106]
55: [103, 106, 107, 108, 109, 110, 111, 112, 113, 114, 115]
56: [107, 108, 109, 110, 111, 112, 113, 114, 115, 103]
57: [107]
58: [107]
59: [107]
60: [107]
61: [107]
62: [107]
63: [135, 107]
64: [136, 107, 135]
65: [107, 136]
66: [107]
67: [107]
68: [107]
69: [103, 107, 108, 109, 110, 111, 112, 113, 114, 115]
70: [108, 109, 110, 111, 112, 113, 114, 115, 103]
71: [108]
72: [108]
73: [108]
74: [108]
75: [108]
76: [108]
77: [135, 108]
78: [136, 108, 135]
79: [136, 108]
80: [108]
81: [108]
82: [108]
83: [103, 108, 109, 110, 111, 112, 113, 114, 115]
84: [109, 110, 111, 112, 113, 114, 115, 103]
85: [109]
86: [109]
87: [109]
88: [109]
89: [109]
90: [109]
91: [135, 109]
92: [136, 109, 135]
93: [136, 109]
94: [109]
95: [109]
96: [109]
97: [103, 109, 110, 111, 112, 113, 114, 115]
98: [110, 111, 112, 113, 114, 115, 103]
99: [110]
100: [110]
101: [110]
102: [110]
103: [110]
104: [110]
105: [135, 110]
106: [136, 135, 110]
107: [136, 110]
108: [110]
109: [110]
110: [110]
111: [103, 110, 111, 112, 113, 114, 115]
112: [111, 112, 113, 114, 115, 103]
113: [111]
114: [111]
115: [111]
116: [111]
117: [111]
118: [111]
119: [135, 111]
120: [136, 135, 111]
121: [136, 111]
122: [111]
123: [111]
124: [111]
125: [103, 111, 112, 113, 114, 115]
126: [112, 113, 114, 115, 103]
127: [112]
128: [112]
129: [112]
130: [112]
131: [112]
132: [112]
133: [135, 112]
134: [136, 135, 112]
135: [136, 112]
136: [112]
137: [112]
138: [112]
139: [103, 112, 113, 114, 115]
140: [113, 114, 115, 103]
141: [113]
142: [113]
143: [113]
144: [113]
145: [113]
146: [113]
147: [135, 113]
148: [136, 135, 113]
149: [136, 113]
150: [113]
151: [113]
152: [113]
153: [103, 113, 114, 115]
154: [114, 115, 103]
155: [114]
156: [114]
157: [114]
158: [114]
159: [114]
160: [114]
161: [135, 114]
162: [136, 135, 114]
163: [136, 114]
164: [114]
165: [114]
166: [114]
167: [103, 114, 115]
168: [115, 103]
169: [115]
170: [115]
171: [115]
172: [115]
173: [115]
174: [115]
175: [135, 115]
176: [136, 135, 115]
177: [136, 115]
178: [115]
179: [115]
180: [115]
181: [103, 115]
182: [103]
183: [103]
184: [103]
185: [103]
186: [103]
187: [103]
188: [103]
189: [135, 103]
190: [136, 135, 103]
191: [136, 103]
192: [103]
193: [103]
194: [103]
195: [103]
9
0: [104, 105, 106, 107, 108, 109, 110, 111, 112, 113, 114, 115, 103]
1: [104, 105, 106, 107, 108, 109, 110, 111, 112, 113, 114, 115, 103]
2: [104, 105, 106, 107, 108, 109, 110, 111, 112, 113, 114, 115, 103]
3: [104, 105, 106, 107, 108, 109, 110, 111, 112, 113, 114, 115, 103]
4: [104, 105, 106, 107, 108, 109, 110, 111, 112, 113, 114, 115, 103]
5: [104, 105, 106, 107, 108, 109, 110, 111, 112, 113, 114, 115, 103]
6: [104, 105, 106, 107, 108, 109, 110, 111, 112, 113, 114, 115, 103]
7: [104, 105, 106, 107, 108, 109, 110, 111, 112, 113, 114, 115, 103]
8: [104, 105, 106, 107, 108, 109, 110, 111, 112, 113, 114, 115, 136, 103]
9: []
10: [103, 104, 137, 105, 106, 107, 108, 109, 110, 111, 112, 113, 114, 115]
11: [103, 104, 105, 106, 107, 108, 109, 110, 111, 112, 113, 114, 115]
12: [103, 104, 105, 106, 107, 108, 109, 110, 111, 112, 113, 114, 115]
13: [103, 104, 105, 106, 107, 108, 109, 110, 111, 112, 113, 114, 115]
14: [104, 105, 106, 107, 108, 109, 110, 111, 112, 113, 114, 115, 103]
15: [104]
16: [104]
17: [104]
18: [104]
19: [104]
20: [104]
21: [104]
22: [136, 104]
23: [137, 104, 136]
24: [104, 137]
25: [104]
26: [104]
27: [103, 104, 105, 106, 107, 108, 109, 110, 111, 112, 113, 114, 115]
28: [105, 106, 107, 108, 109, 110, 111, 112, 113, 114, 115, 103]
29: [105]
30: [105]
31: [105]
32: [105]
33: [105]
34: [105]
35: [105]
36: [136, 105]
37: [137, 105, 136]
38: [105, 137]
39: [105]
40: [105]
41: [103, 105, 106, 107, 108, 109, 110, 111, 112, 113, 114, 115]
42: [106, 107, 108, 109, 110, 111, 112, 113, 114, 115, 103]
43: [106]
44: [106]
45: [106]
46: [106]
47: [106]
48: [106]
49: [106]
50: [136, 106]
51: [137, 106, 136]
52: [106, 137]
53: [106]
54: [106]
55: [103, 106, 107, 108, 109, 110, 111, 112, 113, 114, 115]
56: [107, 108, 109, 110, 111, 112, 113, 114, 115, 103]
57: [107]
58: [107]
59: [107]
60: [107]
61: [107]
62: [107]
63: [107]
64: [136, 107]
65: [137, 107, 136]
66: [137, 107]
67: [107]
68: [107]
69: [103, 107, 108, 109, 110, 111, 112, 113, 114, 115]
70: [108, 109, 110, 111, 112, 113, 114, 115, 103]
71: [108]
72: [108]
73: [108]
74: [108]
75: [108]
76: [108]
77: [108]
78: [136, 108]
79: [137, 136, 108]
80: [137, 108]
81: [108]
82: [108]
83: [103, 108, 109, 110, 111, 112, 113, 114, 115]
84: [109, 110, 111, 112, 113, 114, 115, 103]
85: [109]
86: [109]
87: [109]
88: [109]
89: [109]
90: [109]
91: [109]
92: [136, 109]
93: [137, 136, 109]
94: [137, 109]
95: [109]
96: [109]
97: [103, 109, 110, 111, 112, 113, 114, 115]
98: [110, 111, 112, 113, 114, 115, 103]
99: [110]
100: [110]
101: [110]
102: [110]
103: [110]
104: [110]
105: [110]
106: [136, 110]
107: [137, 136, 110]
108: [137, 110]
109: [110]
110: [110]
111: [103, 110, 111, 112, 113, 114, 115]
112: [111, 112, 113, 114, 115, 103]
113: [111]
114: [111]
115: [111]
116: [111]
117: [111]
118: [111]
119: [111]
120: [136, 111]
121: [137, 136, 111]
122: [137, 111]
123: [111]
124: [111]
125: [103, 111, 112, 113, 114, 115]
126: [112, 113, 114, 115, 103]
127: [112]
128: [112]
129: [112]
130: [112]
131: [112]
132: [112]
133: [112]
134: [136, 112]
135: [137, 136, 112]
136: [137, 112]
137: [112]
138: [112]
139: [103, 112, 113, 114, 115]
140: [113, 114, 115, 103]
141: [113]
142: [113]
143: [113]
144: [113]
145: [113]
146: [113]
147: [113]
148: [136, 113]
149: [137, 136, 113]
150: [137, 113]
151: [113]
152: [113]
153: [103, 113, 114, 115]
154: [114, 115, 103]
155: [114]
156: [114]
157: [114]
158: [114]
159: [114]
160: [114]
161: [114]
162: [136, 114]
163: [137, 136, 114]
164: [137, 114]
165: [114]
166: [114]
167: [103, 114, 115]
168: [115, 103]
169: [115]
170: [115]
171: [115]
172: [115]
173: [115]
174: [115]
175: [115]
176: [136, 115]
177: [137, 136, 115]
178: [137, 115]
179: [115]
180: [115]
181: [103, 115]
182: [103]
183: [103]
184: [103]
185: [103]
186: [103]
187: [103]
188: [103]
189: [103]
190: [136, 103]
191: [137, 136, 103]
192: [137, 103]
193: [103]
194: [103]
195: [103]
10
0: [104, 105, 106, 107, 108, 109, 110, 111, 112, 113, 114, 115, 103]
1: [104, 105, 106, 107, 108, 109, 110, 111, 112, 113, 114, 115, 103]
2: [104, 105, 106, 107, 108, 109, 110, 111, 112, 113, 114, 115, 103]
3: [104, 105, 106, 107, 108, 109, 110, 111, 112, 113, 114, 115, 103]
4: [104, 105, 106, 107, 108, 109, 110, 111, 112, 113, 114, 115, 103]
5: [104, 105, 106, 107, 108, 109, 110, 111, 112, 113, 114, 115, 103]
6: [104, 105, 106, 107, 108, 109, 110, 111, 112, 113, 114, 115, 103]
7: [104, 105, 106, 107, 108, 109, 110, 111, 112, 113, 114, 115, 103]
8: [104, 105, 106, 107, 108, 109, 110, 111, 112, 113, 114, 115, 103]
9: [104, 105, 106, 107, 108, 109, 110, 111, 112, 113, 114, 115, 137, 103]
10: []
11: [103, 104, 138, 105, 106, 107, 108, 109, 110, 111, 112, 113, 114, 115]
12: [103, 104, 105, 106, 107, 108, 109, 110, 111, 112, 113, 114, 115]
13: [103, 104, 105, 106, 107, 108, 109, 110, 111, 112, 113, 114, 115]
14: [104, 105, 106, 107, 108, 109, 110, 111, 112, 113, 114, 115, 103]
15: [104]
16: [104]
17: [104]
18: [104]
19: [104]
20: [104]
21: [104]
22: [104]
23: [137, 104]
24: [138, 104, 137]
25: [104, 138]
26: [104]
27: [103, 104, 105, 106, 107, 108, 109, 110, 111, 112, 113, 114, 115]
28: [105, 106, 107, 108, 109, 110, 111, 112, 113, 114, 115, 103]
29: [105]
30: [105]
31: [105]
32: [105]
33: [105]
34: [105]
35: [105]
36: [105]
37: [137, 105]
38: [138, 105, 137]
39: [105, 138]
40: [105]
41: [103, 105, 106, 107, 108, 109, 110, 111, 112, 113, 114, 115]
42: [106, 107, 108, 109, 110, 111, 112, 113, 114, 115, 103]
43: [106]
44: [106]
45: [106]
46: [106]
47: [106]
48: [106]
49: [106]
50: [106]
51: [137, 106]
52: [138, 106, 137]
53: [106, 138]
54: [106]
55: [103, 106, 107, 108, 109, 110, 111, 112, 113, 114, 115]
56: [107, 108, 109, 110, 111, 112, 113, 114, 115, 103]
57: [107]
58: [107]
59: [107]
60: [107]
61: [107]
62: [107]
63: [107]
64: [107]
65: [137, 107]
66: [138, 137, 107]
67: [138, 107]
68: [107]
69: [103, 107, 108, 109, 110, 111, 112, 113, 114, 115]
70: [108, 109, 110, 111, 112, 113, 114, 115, 103]
71: [108]
72: [108]
73: [108]
74: [108]
75: [108]
76: [108]
77: [108]
78: [108]
79: [137, 108]
80: [138, 137, 108]
81: [138, 108]
82: [108]
83: [103, 108, 109, 110, 111, 112, 113, 114, 115]
84: [109, 110, 111, 112, 113, 114, 115, 103]
85: [109]
86: [109]
87: [109]
88: [109]
89: [109]
90: [109]
91: [109]
92: [109]
93: [137, 109]
94: [138, 137, 109]
95: [138, 109]
96: [109]
97: [103, 109, 110, 111, 112, 113, 114, 115]
98: [110, 111, 112, 113, 114, 115, 103]
99: [110]
100: [110]
101: [110]
102: [110]
103: [110]
104: [110]
105: [110]
106: [110]
107: [137, 110]
108: [138, 137, 110]
109: [138, 110]
110: [110]
111: [103, 110, 111, 112, 113, 114, 115]
112: [111, 112, 113, 114, 115, 103]
113: [111]
114: [111]
115: [111]
116: [111]
117: [111]
118: [111]
119: [111]
120: [111]
121: [137, 111]
122: [138, 137, 111]
123: [138, 111]
124: [111]
125: [103, 111, 112, 113, 114, 115]
126: [112, 113, 114, 115, 103]
127: [112]
128: [112]
129: [112]
130: [112]
131: [112]
132: [112]
133: [112]
134: [112]
135: [137, 112]
136: [138, 137, 112]
137: [138, 112]
138: [112]
139: [103, 112, 113, 114, 115]
140: [113, 114, 115, 103]
141: [113]
142: [113]
143: [113]
144: [113]
145: [113]
146: [113]
147: [113]
148: [113]
149: [137, 113]
150: [138, 137, 113]
151: [138, 113]
152: [113]
153: [103, 113, 114, 115]
154: [114, 115, 103]
155: [114]
156: [114]
157: [114]
158: [114]
159: [114]
160: [114]
161: [114]
162: [114]
163: [137, 114]
164: [138, 137, 114]
165: [138, 114]
166: [114]
167: [103, 114, 115]
168: [115, 103]
169: [115]
170: [115]
171: [115]
172: [115]
173: [115]
174: [115]
175: [115]
176: [115]
177: [137, 115]
178: [138, 137, 115]
179: [138, 115]
180: [115]
181: [103, 115]
182: [103]
183: [103]
184: [103]
185: [103]
186: [103]
187: [103]
188: [103]
189: [103]
190: [103]
191: [137, 103]
192: [138, 137, 103]
193: [138, 103]
194: [103]
195: [103]
11
0: [104, 105, 106, 107, 108, 109, 110, 111, 112, 113, 114, 115, 103]
1: [104, 105, 106, 107, 108, 109, 110, 111, 112, 113, 114, 115, 103]
2: [104, 105, 106, 107, 108, 109, 110, 111, 112, 113, 114, 115, 103]
3: [104, 105, 106, 107, 108, 109, 110, 111, 112, 113, 114, 115, 103]
4: [104, 105, 106, 107, 108, 109, 110, 111, 112, 113, 114, 115, 103]
5: [104, 105, 106, 107, 108, 109, 110, 111, 112, 113, 114, 115, 103]
6: [104, 105, 106, 107, 108, 109, 110, 111, 112, 113, 114, 115, 103]
7: [104, 105, 106, 107, 108, 109, 110, 111, 112, 113, 114, 115, 103]
8: [104, 105, 106, 107, 108, 109, 110, 111, 112, 113, 114, 115, 103]
9: [104, 105, 106, 107, 108, 109, 110, 111, 112, 113, 114, 115, 103]
10: [104, 105, 106, 107, 108, 109, 110, 111, 112, 113, 114, 115, 138, 103]
11: []
12: [103, 104, 139, 105, 106, 107, 108, 109, 110, 111, 112, 113, 114, 115]
13: [103, 104, 105, 106, 107, 108, 109, 110, 111, 112, 113, 114, 115]
14: [104, 105, 106, 107, 108, 109, 110, 111, 112, 113, 114, 115, 103]
15: [104]
16: [104]
17: [104]
18: [104]
19: [104]
20: [104]
21: [104]
22: [104]
23: [104]
24: [138, 104]
25: [139, 104, 138]
26: [104, 139]
27: [103, 104, 105, 106, 107, 108, 109, 110, 111, 112, 113, 114, 115]
28: [105, 106, 107, 108, 109, 110, 111, 112, 113, 114, 115, 103]
29: [105]
30: [105]
31: [105]
32: [105]
33: [105]
34: [105]
35: [105]
36: [105]
37: [105]
38: [138, 105]
39: [139, 105, 138]
40: [105, 139]
41: [103, 105, 106, 107, 108, 109, 110, 111, 112, 113, 114, 115]
42: [106, 107, 108, 109, 110, 111, 112, 113, 114, 115, 103]
43: [106]
44: [106]
45: [106]
46: [106]
47: [106]
48: [106]
49: [106]
50: [106]
51: [106]
52: [138, 106]
53: [139, 106, 138]
54: [139, 106]
55: [103, 106, 107, 108, 109, 110, 111, 112, 113, 114, 115]
56: [107, 108, 109, 110, 111, 112, 113, 114, 115, 103]
57: [107]
58: [107]
59: [107]
60: [107]
61: [107]
62: [107]
63: [107]
64: [107]
65: [107]
66: [138, 107]
67: [139, 138, 107]
68: [139, 107]
69: [103, 107, 108, 109, 110, 111, 112, 113, 114, 115]
70: [108, 109, 110, 111, 112, 113, 114, 115, 103]
71: [108]
72: [108]
73: [108]
74: [108]
75: [108]
76: [108]
77: [108]
78: [108]
79: [108]
80: [138, 108]
81: [139, 138, 108]
82: [139, 108]
83: [103, 108, 109, 110, 111, 112, 113, 114, 115]
84: [109, 110, 111, 112, 113, 114, 115, 103]
85: [109]
86: [109]
87: [109]
88: [109]
89: [109]
90: [109]
91: [109]
92: [109]
93: [109]
94: [138, 109]
95: [139, 138, 109]
96: [139, 109]
97: [103, 109, 110, 111, 112, 113, 114, 115]
98: [110, 111, 112, 113, 114, 115, 103]
99: [110]
100: [110]
101: [110]
102: [110]
103: [110]
104: [110]
105: [110]
106: [110]
107: [110]
108: [138, 110]
109: [139, 138, 110]
110: [139, 110]
111: [103, 110, 111, 112, 113, 114, 115]
112: [111, 112, 113, 114, 115, 103]
113: [111]
114: [111]
115: [111]
116: [111]
117: [111]
118: [111]
119: [111]
120: [111]
121: [111]
122: [138, 111]
123: [139, 138, 111]
124: [139, 111]
125: [103, 111, 112, 113, 114, 115]
126: [112, 113, 114, 115, 103]
127: [112]
128: [112]
129: [112]
130: [112]
131: [112]
132: [112]
133: [112]
134: [112]
135: [112]
136: [138, 112]
137: [139, 138, 112]
138: [139, 112]
139: [103, 112, 113, 114, 115]
140: [113, 114, 115, 103]
141: [113]
142: [113]
143: [113]
144: [113]
145: [113]
146: [113]
147: [113]
148: [113]
149: [113]
150: [138, 113]
151: [139, 138, 113]
152: [139, 113]
153: [103, 113, 114, 115]
154: [114, 115, 103]
155: [114]
156: [114]
157: [114]
158: [114]
159: [114]
160: [114]
161: [114]
162: [114]
163: [114]
164: [138, 114]
165: [139, 138, 114]
166: [139, 114]
167: [103, 114, 115]
168: [115, 103]
169: [115]
170: [115]
171: [115]
172: [115]
173: [115]
174: [115]
175: [115]
176: [115]
177: [115]
178: [138, 115]
179: [139, 138, 115]
180: [139, 115]
181: [103, 115]
182: [103]
183: [103]
184: [103]
185: [103]
186: [103]
187: [103]
188: [103]
189: [103]
190: [103]
191: [103]
192: [138, 103]
193: [139, 138, 103]
194: [139, 103]
195: [103]
12
0: [104, 105, 106, 107, 108, 109, 110, 111, 112, 113, 114, 115, 103]
1: [104, 105, 106, 107, 108, 109, 110, 111, 112, 113, 114, 115, 103]
2: [104, 105, 106, 107, 108, 109, 110, 111, 112, 113, 114, 115, 103]
3: [104, 105, 106, 107, 108, 109, 110, 111, 112, 113, 114, 115, 103]
4: [104, 105, 106, 107, 108, 109, 110, 111, 112, 113, 114, 115, 103]
5: [104, 105, 106, 107, 108, 109, 110, 111, 112, 113, 114, 115, 103]
6: [104, 105, 106, 107, 108, 109, 110, 111, 112, 113, 114, 115, 103]
7: [104, 105, 106, 107, 108, 109, 110, 111, 112, 113, 114, 115, 103]
8: [104, 105, 106, 107, 108, 109, 110, 111, 112, 113, 114, 115, 103]
9: [104, 105, 106, 107, 108, 109, 110, 111, 112, 113, 114, 115, 103]
10: [104, 105, 106, 107, 108, 109, 110, 111, 112, 113, 114, 115, 103]
11: [104, 105, 106, 107, 108, 109, 110, 111, 112, 113, 114, 115, 139, 103]
12: []
13: [103, 104, 140, 105, 106, 107, 108, 109, 110, 111, 112, 113, 114, 115]
14: [104, 105, 106, 107, 108, 109, 110, 111, 112, 113, 114, 115, 103]
15: [104]
16: [104]
17: [104]
18: [104]
19: [104]
20: [104]
21: [104]
22: [104]
23: [104]
24: [104]
25: [139, 104]
26: [140, 104, 139]
27: [103, 104, 140, 105, 106, 107, 108, 109, 110, 111, 112, 113, 114, 115]
28: [105, 106, 107, 108, 109, 110, 111, 112, 113, 114, 115, 103]
29: [105]
30: [105]
31: [105]
32: [105]
33: [105]
34: [105]
35: [105]
36: [105]
37: [105]
38: [105]
39: [139, 105]
40: [140, 105, 139]
41: [103, 140, 105, 106, 107, 108, 109, 110, 111, 112, 113, 114, 115]
42: [106, 107, 108, 109, 110, 111, 112, 113, 114, 115, 103]
43: [106]
44: [106]
45: [106]
46: [106]
47: [106]
48: [106]
49: [106]
50: [106]
51: [106]
52: [106]
53: [139, 106]
54: [140, 139, 106]
55: [103, 140, 106, 107, 108, 109, 110, 111, 112, 113, 114, 115]
56: [107, 108, 109, 110, 111, 112, 113, 114, 115, 103]
57: [107]
58: [107]
59: [107]
60: [107]
61: [107]
62: [107]
63: [107]
64: [107]
65: [107]
66: [107]
67: [139, 107]
68: [140, 139, 107]
69: [103, 140, 107, 108, 109, 110, 111, 112, 113, 114, 115]
70: [108, 109, 110, 111, 112, 113, 114, 115, 103]
71: [108]
72: [108]
73: [108]
74: [108]
75: [108]
76: [108]
77: [108]
78: [108]
79: [108]
80: [108]
81: [139, 108]
82: [140, 139, 108]
83: [103, 140, 108, 109, 110, 111, 112, 113, 114, 115]
84: [109, 110, 111, 112, 113, 114, 115, 103]
85: [109]
86: [109]
87: [109]
88: [109]
89: [109]
90: [109]
91: [109]
92: [109]
93: [109]
94: [109]
95: [139, 109]
96: [140, 139, 109]
97: [103, 140, 109, 110, 111, 112, 113, 114, 115]
98: [110, 111, 112, 113, 114, 115, 103]
99: [110]
100: [110]
101: [110]
102: [110]
103: [110]
104: [110]
105: [110]
106: [110]
107: [110]
108: [110]
109: [139, 110]
110: [140, 139, 110]
111: [103, 140, 110, 111, 112, 113, 114, 115]
112: [111, 112, 113, 114, 115, 103]
113: [111]
114: [111]
115: [111]
116: [111]
117: [111]
118: [111]
119: [111]
120: [111]
121: [111]
122: [111]
123: [139, 111]
124: [140, 139, 111]
125: [103, 140, 111, 112, 113, 114, 115]
126: [112, 113, 114, 115, 103]
127: [112]
128: [112]
129: [112]
130: [112]
131: [112]
132: [112]
133: [112]
134: [112]
135: [112]
136: [112]
137: [139, 112]
138: [140, 139, 112]
139: [103, 140, 112, 113, 114, 115]
140: [113, 114, 115, 103]
141: [113]
142: [113]
143: [113]
144: [113]
145: [113]
146: [113]
147: [113]
148: [113]
149: [113]
150: [113]
151: [139, 113]
152: [140, 139, 113]
153: [103, 140, 113, 114, 115]
154: [114, 115, 103]
155: [114]
156: [114]
157: [114]
158: [114]
159: [114]
160: [114]
161: [114]
162: [114]
163: [114]
164: [114]
165: [139, 114]
166: [140, 139, 114]
167: [103, 140, 114, 115]
168: [115, 103]
169: [115]
170: [115]
171: [115]
172: [115]
173: [115]
174: [115]
175: [115]
176: [115]
177: [115]
178: [115]
179: [139, 115]
180: [140, 139, 115]
181: [103, 140, 115]
182: [103]
183: [103]
184: [103]
185: [103]
186: [103]
187: [103]
188: [103]
189: [103]
190: [103]
191: [103]
192: [103]
193: [139, 103]
194: [140, 139, 103]
195: [140, 103]
13
0: [104, 105, 106, 107, 108, 109, 110, 111, 112, 113, 114, 115, 103]
1: [104, 105, 106, 107, 108, 109, 110, 111, 112, 113, 114, 115, 103]
2: [104, 105, 106, 107, 108, 109, 110, 111, 112, 113, 114, 115, 103]
3: [104, 105, 106, 107, 108, 109, 110, 111, 112, 113, 114, 115, 103]
4: [104, 105, 106, 107, 108, 109, 110, 111, 112, 113, 114, 115, 103]
5: [104, 105, 106, 107, 108, 109, 110, 111, 112, 113, 114, 115, 103]
6: [104, 105, 106, 107, 108, 109, 110, 111, 112, 113, 114, 115, 103]
7: [104, 105, 106, 107, 108, 109, 110, 111, 112, 113, 114, 115, 103]
8: [104, 105, 106, 107, 108, 109, 110, 111, 112, 113, 114, 115, 103]
9: [104, 105, 106, 107, 108, 109, 110, 111, 112, 113, 114, 115, 103]
10: [104, 105, 106, 107, 108, 109, 110, 111, 112, 113, 114, 115, 103]
11: [104, 105, 106, 107, 108, 109, 110, 111, 112, 113, 114, 115, 103]
12: [104, 105, 106, 107, 108, 109, 110, 111, 112, 113, 114, 115, 140, 103]
13: []
14: [104, 105, 106, 107, 108, 109, 110, 111, 112, 113, 114, 115, 103]
15: [104]
16: [104]
17: [104]
18: [104]
19: [104]
20: [104]
21: [104]
22: [104]
23: [104]
24: [104]
25: [104]
26: [140, 104]
27: [103, 104, 140, 105, 106, 107, 108, 109, 110, 111, 112, 113, 114, 115]
28: [105, 106, 107, 108, 109, 110, 111, 112, 113, 114, 115, 103]
29: [105]
30: [105]
31: [105]
32: [105]
33: [105]
34: [105]
35: [105]
36: [105]
37: [105]
38: [105]
39: [105]
40: [140, 105]
41: [103, 140, 105, 106, 107, 108, 109, 110, 111, 112, 113, 114, 115]
42: [106, 107, 108, 109, 110, 111, 112, 113, 114, 115, 103]
43: [106]
44: [106]
45: [106]
46: [106]
47: [106]
48: [106]
49: [106]
50: [106]
51: [106]
52: [106]
53: [106]
54: [140, 106]
55: [103, 140, 106, 107, 108, 109, 110, 111, 112, 113, 114, 115]
56: [107, 108, 109, 110, 111, 112, 113, 114, 115, 103]
57: [107]
58: [107]
59: [107]
60: [107]
61: [107]
62: [107]
63: [107]
64: [107]
65: [107]
66: [107]
67: [107]
68: [140, 107]
69: [103, 140, 107, 108, 109, 110, 111, 112, 113, 114, 115]
70: [108, 109, 110, 111, 112, 113, 114, 115, 103]
71: [108]
72: [108]
73: [108]
74: [108]
75: [108]
76: [108]
77: [108]
78: [108]
79: [108]
80: [108]
81: [108]
82: [140, 108]
83: [103, 140, 108, 109, 110, 111, 112, 113, 114, 115]
84: [109, 110, 111, 112, 113, 114, 115, 103]
85: [109]
86: [109]
87: [109]
88: [109]
89: [109]
90: [109]
91: [109]
92: [109]
93: [109]
94: [109]
95: [109]
96: [140, 109]
97: [103, 140, 109, 110, 111, 112, 113, 114, 115]
98: [110, 111, 112, 113, 114, 115, 103]
99: [110]
100: [110]
101: [110]
102: [110]
103: [110]
104: [110]
105: [110]
106: [110]
107: [110]
108: [110]
109: [110]
110: [140, 110]
111: [103, 140, 110, 111, 112, 113, 114, 115]
112: [111, 112, 113, 114, 115, 103]
113: [111]
114: [111]
115: [111]
116: [111]
117: [111]
118: [111]
119: [111]
120: [111]
121: [111]
122: [111]
123: [111]
124: [140, 111]
125: [103, 140, 111, 112, 113, 114, 115]
126: [112, 113, 114, 115, 103]
127: [112]
128: [112]
129: [112]
130: [112]
131: [112]
132: [112]
133: [112]
134: [112]
135: [112]
136: [112]
137: [112]
138: [140, 112]
139: [103, 140, 112, 113, 114, 115]
140: [113, 114, 115, 103]
141: [113]
142: [113]
143: [113]
144: [113]
145: [113]
146: [113]
147: [113]
148: [113]
149: [113]
150: [113]
151: [113]
152: [140, 113]
153: [103, 140, 113, 114, 115]
154: [114, 115, 103]
155: [114]
156: [114]
157: [114]
158: [114]
159: [114]
160: [114]
161: [114]
162: [114]
163: [114]
164: [114]
165: [114]
166: [140, 114]
167: [103, 140, 114, 115]
168: [115, 103]
169: [115]
170: [115]
171: [115]
172: [115]
173: [115]
174: [115]
175: [115]
176: [115]
177: [115]
178: [115]
179: [115]
180: [140, 115]
181: [103, 140, 115]
182: [103]
183: [103]
184: [103]
185: [103]
186: [103]
187: [103]
188: [103]
189: [103]
190: [103]
191: [103]
192: [103]
193: [103]
194: [140, 103]
195: [103, 140]
14
0: [103, 104, 128, 105, 106, 107, 108, 109, 110, 111, 112, 113, 114, 115]
1: [103, 104, 128, 105, 106, 107, 108, 109, 110, 111, 112, 113, 114, 115]
2: [103, 104, 105, 106, 107, 108, 109, 110, 111, 112, 113, 114, 115]
3: [103, 104, 105, 106, 107, 108, 109, 110, 111, 112, 113, 114, 115]
4: [103, 104, 105, 106, 107, 108, 109, 110, 111, 112, 113, 114, 115]
5: [103, 104, 105, 106, 107, 108, 109, 110, 111, 112, 113, 114, 115]
6: [103, 104, 105, 106, 107, 108, 109, 110, 111, 112, 113, 114, 115]
7: [103, 104, 105, 106, 107, 108, 109, 110, 111, 112, 113, 114, 115]
8: [103, 104, 105, 106, 107, 108, 109, 110, 111, 112, 113, 114, 115]
9: [103, 104, 105, 106, 107, 108, 109, 110, 111, 112, 113, 114, 115]
10: [103, 104, 105, 106, 107, 108, 109, 110, 111, 112, 113, 114, 115]
11: [103, 104, 105, 106, 107, 108, 109, 110, 111, 112, 113, 114, 115]
12: [103, 104, 105, 106, 107, 108, 109, 110, 111, 112, 113, 114, 115]
13: [104, 103, 105, 106, 107, 108, 109, 110, 111, 112, 113, 114, 115]
14: []
15: [104, 128, 116]
16: [104, 116]
17: [104, 116]
18: [104, 116]
19: [104, 116]
20: [104, 116]
21: [104, 116]
22: [104, 116]
23: [104, 116]
24: [104, 116]
25: [104, 116]
26: [104, 116]
27: [104, 105, 103, 106, 107, 108, 109, 110, 111, 112, 113, 114, 115, 116]
28: [128, 105, 106, 107, 108, 109, 110, 111, 112, 113, 114, 115, 116, 103]
29: [105, 128]
30: [105]
31: [105]
32: [105]
33: [105]
34: [105]
35: [105]
36: [105]
37: [105]
38: [105]
39: [105]
40: [105]
41: [105, 106, 103, 107, 108, 109, 110, 111, 112, 113, 114, 115, 116]
42: [128, 106, 107, 108, 109, 110, 111, 112, 113, 114, 115, 116, 103]
43: [106, 128]
44: [106]
45: [106]
46: [106]
47: [106]
48: [106]
49: [106]
50: [106]
51: [106]
52: [106]
53: [106]
54: [106]
55: [106, 107, 103, 108, 109, 110, 111, 112, 113, 114, 115, 116]
56: [128, 107, 108, 109, 110, 111, 112, 113, 114, 115, 116, 103]
57: [107, 128]
58: [107]
59: [107]
60: [107]
61: [107]
62: [107]
63: [107]
64: [107]
65: [107]
66: [107]
67: [107]
68: [107]
69: [107, 108, 103, 109, 110, 111, 112, 113, 114, 115, 116]
70: [128, 108, 109, 110, 111, 112, 113, 114, 115, 116, 103]
71: [108, 128]
72: [108]
73: [108]
74: [108]
75: [108]
76: [108]
77: [108]
78: [108]
79: [108]
80: [108]
81: [108]
82: [108]
83: [108, 109, 103, 110, 111, 112, 113, 114, 115, 116]
84: [128, 109, 110, 111, 112, 113, 114, 115, 116, 103]
85: [109, 128]
86: [109]
87: [109]
88: [109]
89: [109]
90: [109]
91: [109]
92: [109]
93: [109]
94: [109]
95: [109]
96: [109]
97: [109, 110, 103, 111, 112, 113, 114, 115, 116]
98: [128, 110, 111, 112, 113, 114, 115, 116, 103]
99: [110, 128]
100: [110]
101: [110]
102: [110]
103: [110]
104: [110]
105: [110]
106: [110]
107: [110]
108: [110]
109: [110]
110: [110]
111: [110, 111, 103, 112, 113, 114, 115, 116]
112: [128, 111, 112, 113, 114, 115, 116, 103]
113: [111, 128]
114: [111]
115: [111]
116: [111]
117: [111]
118: [111]
119: [111]
120: [111]
121: [111]
122: [111]
123: [111]
124: [111]
125: [111, 112, 103, 113, 114, 115, 116]
126: [128, 112, 113, 114, 115, 116, 103]
127: [112, 128]
128: [112]
129: [112]
130: [112]
131: [112]
132: [112]
133: [112]
134: [112]
135: [112]
136: [112]
137: [112]
138: [112]
139: [112, 113, 103, 114, 115, 116]
140: [128, 113, 114, 115, 116, 103]
141: [113, 128]
142: [113]
143: [113]
144: [113]
145: [113]
146: [113]
147: [113]
148: [113]
149: [113]
150: [113]
151: [113]
152: [113]
153: [113, 114, 103, 115, 116]
154: [128, 114, 115, 116, 103]
155: [114, 128]
156: [114]
157: [114]
158: [114]
159: [114]
160: [114]
161: [114]
162: [114]
163: [114]
164: [114]
165: [114]
166: [114]
167: [114, 115, 103, 116]
168: [128, 115, 116, 103]
169: [115, 128]
170: [115]
171: [115]
172: [115]
173: [115]
174: [115]
175: [115]
176: [115]
177: [115]
178: [115]
179: [115]
180: [115]
181: [115, 116, 103]
182: [128, 116, 103]
183: [128, 116, 103]
184: [116, 103]
185: [116, 103]
186: [116, 103]
187: [116, 103]
188: [116, 103]
189: [116, 103]
190: [116, 103]
191: [116, 103]
192: [116, 103]
193: [116, 103]
194: [116, 103]
195: [116, 103]
15
0: [128, 104]
1: [128, 104, 129]
2: [104, 129]
3: [104]
4: [104]
5: [104]
6: [104]
7: [104]
8: [104]
9: [104]
10: [104]
11: [104]
12: [104]
13: [104]
14: [116, 128, 104]
15: []
16: [72, 73, 74, 75, 76, 77, 78, 79, 80, 81, 92, 71]
17: [73, 74, 75, 76, 77, 78, 79, 80, 81, 92, 71]
18: [74, 75, 76, 77, 78, 79, 80, 81, 92, 71]
19: [75, 76, 77, 78, 79, 80, 81, 92, 71]
20: [76, 77, 78, 79, 80, 81, 92, 71]
21: [77, 78, 79, 80, 81, 92, 71]
22: [78, 79, 80, 81, 92, 71]
23: [80, 81, 92, 79, 71]
24: [80, 81, 92, 71]
25: [81, 92, 71]
26: [92, 71]
27: [104, 116]
28: [116, 128]
29: [71, 72, 92, 73, 74, 75, 76, 77, 78, 79, 80, 81]
30: [72, 92]
31: [73, 92]
32: [74, 92]
33: [75, 92]
34: [76, 92]
35: [77, 92]
36: [78, 92]
37: [79, 92]
38: [80, 92]
39: [81, 92]
40: [92, 71]
41: [116]
42: [116, 128]
43: [71, 72, 73, 74, 75, 76, 77, 78, 79, 80, 81]
44: [72]
45: [73]
46: [74]
47: [75]
48: [76]
49: [77]
50: [78]
51: [79]
52: [80]
53: [81]
54: [71]
55: [116]
56: [116, 128]
57: [71, 72, 73, 74, 75, 76, 77, 78, 79, 80, 81]
58: [72]
59: [73]
60: [74]
61: [75]
62: [76]
63: [77]
64: [78]
65: [79]
66: [80]
67: [81]
68: [71]
69: [116]
70: [116, 128]
71: [71, 72, 73, 74, 75, 76, 77, 78, 79, 80, 81]
72: [72]
73: [73]
74: [74]
75: [75]
76: [76]
77: [77]
78: [78]
79: [79]
80: [80]
81: [81]
82: [71]
83: [116]
84: [116, 128]
85: [71, 72, 73, 74, 75, 76, 77, 78, 79, 80, 81]
86: [72]
87: [73]
88: [74]
89: [75]
90: [76]
91: [77]
92: [78]
93: [79]
94: [80]
95: [81]
96: [71]
97: [116]
98: [116, 128]
99: [71, 72, 73, 74, 75, 76, 77, 78, 79, 80, 81]
100: [72]
101: [73]
102: [74]
103: [75]
104: [76]
105: [77]
106: [78]
107: [79]
108: [80]
109: [81]
110: [71]
111: [116]
112: [116, 128]
113: [71, 72, 73, 74, 75, 76, 77, 78, 79, 80, 81]
114: [72]
115: [73]
116: [74]
117: [75]
118: [76]
119: [77]
120: [78]
121: [79]
122: [80]
123: [81]
124: [71]
125: [116]
126: [116, 128]
127: [71, 72, 73, 74, 75, 76, 77, 78, 79, 80, 81]
128: [72]
129: [73]
130: [74]
131: [75]
132: [76]
133: [77]
134: [78]
135: [79]
136: [80]
137: [81]
138: [71]
139: [116]
140: [116, 128]
141: [71, 72, 73, 74, 75, 76, 77, 78, 79, 80, 81]
142: [72]
143: [73]
144: [74]
145: [75]
146: [76]
147: [77]
148: [78]
149: [79]
150: [80]
151: [81]
152: [71]
153: [116]
154: [116, 128]
155: [71, 72, 73, 74, 75, 76, 77, 78, 79, 80, 81]
156: [72]
157: [73]
158: [74]
159: [75]
160: [76]
161: [77]
162: [78]
163: [79]
164: [80]
165: [81]
166: [71]
167: [116]
168: [116, 128]
169: [71, 72, 73, 74, 75, 76, 77, 78, 79, 80, 81]
170: [72, 71, 73, 74, 75, 76, 77, 78, 79, 80, 81]
171: [73, 71, 74, 75, 76, 77, 78, 79, 80, 81]
172: [74, 71, 75, 76, 77, 78, 79, 80, 81]
173: [75, 71, 76, 77, 78, 79, 80, 81]
174: [76, 71, 77, 78, 79, 80, 81]
175: [77, 71, 78, 79, 80, 81]
176: [78, 71, 79, 80, 81]
177: [79, 71, 80, 81]
178: [80, 71, 81]
179: [81, 71]
180: [71]
181: [116]
182: [116, 128]
183: [129, 116, 128]
184: [129, 116]
185: [116]
186: [116]
187: [116]
188: [116]
189: [116]
190: [116]
191: [116]
192: [116]
193: [116]
194: [116]
195: [116]
16
0: [104]
1: [129, 104]
2: [129, 104, 130]
3: [104, 130]
4: [104]
5: [104]
6: [104]
7: [104]
8: [104]
9: [104]
10: [104]
11: [104]
12: [104]
13: [104]
14: [116, 104]
15: [71, 72, 92, 73, 74, 75, 76, 77, 78, 79, 80, 81]
16: []
17: [73, 74, 75, 76, 77, 78, 79, 80, 81, 82, 92, 71]
18: [74, 75, 76, 77, 78, 79, 80, 81, 82, 92, 71]
19: [75, 76, 77, 78, 79, 80, 81, 82, 92, 71]
20: [76, 77, 78, 79, 80, 81, 82, 92, 71]
21: [77, 78, 79, 80, 81, 82, 92, 71]
22: [78, 79, 80, 81, 82, 92, 71]
23: [79, 80, 81, 82, 92, 71]
24: [80, 81, 82, 92, 71]
25: [81, 82, 92, 71]
26: [82, 92, 71]
27: [104, 116]
28: [116]
29: [71, 72, 92, 73, 74, 75, 76, 77, 78, 79, 80, 81]
30: [72, 92, 82]
31: [73, 92]
32: [74, 92]
33: [75, 92]
34: [76, 92]
35: [77, 92]
36: [78, 92]
37: [79, 92]
38: [80, 92]
39: [81, 92]
40: [82, 92, 71]
41: [116]
42: [116]
43: [71, 72, 73, 74, 75, 76, 77, 78, 79, 80, 81]
44: [72, 82]
45: [73]
46: [74]
47: [75]
48: [76]
49: [77]
50: [78]
51: [79]
52: [80]
53: [81]
54: [82, 71]
55: [116]
56: [116]
57: [71, 72, 73, 74, 75, 76, 77, 78, 79, 80, 81]
58: [72, 82]
59: [73]
60: [74]
61: [75]
62: [76]
63: [77]
64: [78]
65: [79]
66: [80]
67: [81]
68: [82, 71]
69: [116]
70: [116]
71: [71, 72, 73, 74, 75, 76, 77, 78, 79, 80, 81]
72: [72, 82]
73: [73]
74: [74]
75: [75]
76: [76]
77: [77]
78: [78]
79: [79]
80: [80]
81: [81]
82: [82, 71]
83: [116]
84: [116]
85: [71, 72, 73, 74, 75, 76, 77, 78, 79, 80, 81]
86: [72, 82]
87: [73]
88: [74]
89: [75]
90: [76]
91: [77]
92: [78]
93: [79]
94: [80]
95: [81]
96: [82, 71]
97: [116]
98: [116]
99: [71, 72, 73, 74, 75, 76, 77, 78, 79, 80, 81]
100: [72, 82]
101: [73]
102: [74]
103: [75]
104: [76]
105: [77]
106: [78]
107: [79]
108: [80]
109: [81]
110: [82, 71]
111: [116]
112: [116]
113: [71, 72, 73, 74, 75, 76, 77, 78, 79, 80, 81]
114: [72, 82]
115: [73]
116: [74]
117: [75]
118: [76]
119: [77]
120: [78]
121: [79]
122: [80]
123: [81]
124: [82, 71]
125: [116]
126: [116]
127: [71, 72, 73, 74, 75, 76, 77, 78, 79, 80, 81]
128: [72, 82]
129: [73]
130: [74]
131: [75]
132: [76]
133: [77]
134: [78]
135: [79]
136: [80]
137: [81]
138: [82, 71]
139: [116]
140: [116]
141: [71, 72, 73, 74, 75, 76, 77, 78, 79, 80, 81]
142: [72, 82]
143: [73]
144: [74]
145: [75]
146: [76]
147: [77]
148: [78]
149: [79]
150: [80]
151: [81]
152: [82, 71]
153: [116]
154: [116]
155: [71, 72, 73, 74, 75, 76, 77, 78, 79, 80, 81]
156: [72, 82]
157: [73]
158: [74]
159: [75]
160: [76]
161: [77]
162: [78]
163: [79]
164: [80]
165: [81]
166: [82, 71]
167: [116]
168: [116]
169: [72, 71, 73, 74, 75, 76, 77, 78, 79, 80, 81]
170: [72, 73, 71, 74, 75, 76, 77, 78, 79, 80, 81, 82]
171: [73, 74, 71, 75, 76, 77, 78, 79, 80, 81, 82]
172: [74, 75, 71, 76, 77, 78, 79, 80, 81, 82]
173: [75, 76, 71, 77, 78, 79, 80, 81, 82]
174: [76, 77, 71, 78, 79, 80, 81, 82]
175: [77, 78, 71, 79, 80, 81, 82]
176: [78, 79, 71, 80, 81, 82]
177: [79, 80, 71, 81, 82]
178: [80, 81, 71, 82]
179: [81, 82, 71]
180: [82, 71]
181: [116]
182: [116]
183: [129, 116]
184: [130, 129, 116]
185: [130, 116]
186: [116]
187: [116]
188: [116]
189: [116]
190: [116]
191: [116]
192: [116]
193: [116]
194: [116]
195: [116]
17
0: [104]
1: [104]
2: [130, 104]
3: [130, 104, 131]
4: [104, 131]
5: [104]
6: [104]
7: [104]
8: [104]
9: [104]
10: [104]
11: [104]
12: [104]
13: [104]
14: [116, 104]
15: [71, 92, 73, 74, 75, 76, 77, 78, 79, 80, 81]
16: [71, 92, 73, 74, 75, 76, 77, 78, 79, 80, 81, 82]
17: []
18: [74, 75, 76, 77, 78, 79, 80, 81, 82, 83, 92, 71]
19: [75, 76, 77, 78, 79, 80, 81, 82, 83, 92, 71]
20: [76, 77, 78, 79, 80, 81, 82, 83, 92, 71]
21: [77, 78, 79, 80, 81, 82, 83, 92, 71]
22: [78, 79, 80, 81, 82, 83, 92, 71]
23: [79, 80, 81, 82, 83, 92, 71]
24: [80, 81, 82, 83, 92, 71]
25: [81, 82, 83, 92, 71]
26: [82, 83, 92, 71]
27: [104, 116]
28: [116]
29: [71, 92, 73, 74, 75, 76, 77, 78, 79, 80, 81]
30: [92, 82]
31: [73, 92, 83]
32: [74, 92]
33: [75, 92]
34: [76, 92]
35: [77, 92]
36: [78, 92]
37: [79, 92]
38: [80, 92]
39: [81, 92]
40: [82, 83, 92, 71]
41: [116]
42: [116]
43: [71, 73, 74, 75, 76, 77, 78, 79, 80, 81]
44: [82]
45: [73, 83]
46: [74]
47: [75]
48: [76]
49: [77]
50: [78]
51: [79]
52: [80]
53: [81]
54: [82, 83, 71]
55: [116]
56: [116]
57: [71, 73, 74, 75, 76, 77, 78, 79, 80, 81]
58: [82]
59: [73, 83]
60: [74]
61: [75]
62: [76]
63: [77]
64: [78]
65: [79]
66: [80]
67: [81]
68: [82, 83, 71]
69: [116]
70: [116]
71: [71, 73, 74, 75, 76, 77, 78, 79, 80, 81]
72: [82]
73: [73, 83]
74: [74]
75: [75]
76: [76]
77: [77]
78: [78]
79: [79]
80: [80]
81: [81]
82: [82, 83, 71]
83: [116]
84: [116]
85: [71, 73, 74, 75, 76, 77, 78, 79, 80, 81]
86: [82]
87: [73, 83]
88: [74]
89: [75]
90: [76]
91: [77]
92: [78]
93: [79]
94: [80]
95: [81]
96: [82, 83, 71]
97: [116]
98: [116]
99: [71, 73, 74, 75, 76, 77, 78, 79, 80, 81]
100: [82]
101: [73, 83]
102: [74]
103: [75]
104: [76]
105: [77]
106: [78]
107: [79]
108: [80]
109: [81]
110: [82, 83, 71]
111: [116]
112: [116]
113: [71, 73, 74, 75, 76, 77, 78, 79, 80, 81]
114: [82]
115: [73, 83]
116: [74]
117: [75]
118: [76]
119: [77]
120: [78]
121: [79]
122: [80]
123: [81]
124: [82, 83, 71]
125: [116]
126: [116]
127: [71, 73, 74, 75, 76, 77, 78, 79, 80, 81]
128: [82]
129: [73, 83]
130: [74]
131: [75]
132: [76]
133: [77]
134: [78]
135: [79]
136: [80]
137: [81]
138: [82, 83, 71]
139: [116]
140: [116]
141: [71, 73, 74, 75, 76, 77, 78, 79, 80, 81]
142: [82]
143: [73, 83]
144: [74]
145: [75]
146: [76]
147: [77]
148: [78]
149: [79]
150: [80]
151: [81]
152: [82, 83, 71]
153: [116]
154: [116]
155: [71, 73, 74, 75, 76, 77, 78, 79, 80, 81]
156: [82]
157: [73, 83]
158: [74]
159: [75]
160: [76]
161: [77]
162: [78]
163: [79]
164: [80]
165: [81]
166: [82, 83, 71]
167: [116]
168: [116]
169: [73, 71, 74, 75, 76, 77, 78, 79, 80, 81]
170: [73, 74, 71, 75, 76, 77, 78, 79, 80, 81, 82]
171: [73, 74, 75, 71, 76, 77, 78, 79, 80, 81, 82, 83]
172: [74, 75, 76, 71, 77, 78, 79, 80, 81, 82, 83]
173: [75, 76, 77, 71, 78, 79, 80, 81, 82, 83]
174: [76, 77, 78, 71, 79, 80, 81, 82, 83]
175: [77, 78, 79, 71, 80, 81, 82, 83]
176: [78, 79, 80, 71, 81, 82, 83]
177: [79, 80, 81, 71, 82, 83]
178: [80, 81, 82, 83, 71]
179: [81, 82, 83, 71]
180: [82, 83, 71]
181: [116]
182: [116]
183: [116]
184: [130, 116]
185: [131, 130, 116]
186: [131, 116]
187: [116]
188: [116]
189: [116]
190: [116]
191: [116]
192: [116]
193: [116]
194: [116]
195: [116]
18
0: [104]
1: [104]
2: [104]
3: [131, 104]
4: [131, 104, 132]
5: [104, 132]
6: [104]
7: [104]
8: [104]
9: [104]
10: [104]
11: [104]
12: [104]
13: [104]
14: [116, 104]
15: [71, 92, 74, 75, 76, 77, 78, 79, 80, 81]
16: [71, 92, 74, 75, 76, 77, 78, 79, 80, 81, 82]
17: [71, 92, 74, 75, 76, 77, 78, 79, 80, 83, 81, 82]
18: []
19: [75, 76, 77, 78, 79, 80, 81, 82, 83, 84, 92, 71]
20: [76, 77, 78, 79, 80, 81, 82, 83, 84, 92, 71]
21: [77, 78, 79, 80, 81, 82, 83, 84, 92, 71]
22: [78, 79, 80, 81, 82, 83, 84, 92, 71]
23: [79, 80, 81, 82, 83, 84, 92, 71]
24: [80, 81, 82, 83, 84, 92, 71]
25: [81, 82, 83, 84, 92, 71]
26: [82, 83, 84, 92, 71]
27: [104, 116]
28: [116]
29: [71, 92, 74, 75, 76, 77, 78, 79, 80, 81]
30: [92, 82]
31: [92, 83]
32: [74, 92, 84]
33: [75, 92]
34: [76, 92]
35: [77, 92]
36: [78, 92]
37: [79, 92]
38: [80, 92]
39: [81, 92]
40: [82, 83, 84, 92, 71]
41: [116]
42: [116]
43: [71, 74, 75, 76, 77, 78, 79, 80, 81]
44: [82]
45: [83]
46: [74, 84]
47: [75]
48: [76]
49: [77]
50: [78]
51: [79]
52: [80]
53: [81]
54: [82, 83, 84, 71]
55: [116]
56: [116]
57: [71, 74, 75, 76, 77, 78, 79, 80, 81]
58: [82]
59: [83]
60: [74, 84]
61: [75]
62: [76]
63: [77]
64: [78]
65: [79]
66: [80]
67: [81]
68: [82, 83, 84, 71]
69: [116]
70: [116]
71: [71, 74, 75, 76, 77, 78, 79, 80, 81]
72: [82]
73: [83]
74: [74, 84]
75: [75]
76: [76]
77: [77]
78: [78]
79: [79]
80: [80]
81: [81]
82: [82, 83, 84, 71]
83: [116]
84: [116]
85: [71, 74, 75, 76, 77, 78, 79, 80, 81]
86: [82]
87: [83]
88: [74, 84]
89: [75]
90: [76]
91: [77]
92: [78]
93: [79]
94: [80]
95: [81]
96: [82, 83, 84, 71]
97: [116]
98: [116]
99: [71, 74, 75, 76, 77, 78, 79, 80, 81]
100: [82]
101: [83]
102: [74, 84]
103: [75]
104: [76]
105: [77]
106: [78]
107: [79]
108: [80]
109: [81]
110: [82, 83, 84, 71]
111: [116]
112: [116]
113: [71, 74, 75, 76, 77, 78, 79, 80, 81]
114: [82]
115: [83]
116: [74, 84]
117: [75]
118: [76]
119: [77]
120: [78]
121: [79]
122: [80]
123: [81]
124: [82, 83, 84, 71]
125: [116]
126: [116]
127: [71, 74, 75, 76, 77, 78, 79, 80, 81]
128: [82]
129: [83]
130: [74, 84]
131: [75]
132: [76]
133: [77]
134: [78]
135: [79]
136: [80]
137: [81]
138: [82, 83, 84, 71]
139: [116]
140: [116]
141: [71, 74, 75, 76, 77, 78, 79, 80, 81]
142: [82]
143: [83]
144: [74, 84]
145: [75]
146: [76]
147: [77]
148: [78]
149: [79]
150: [80]
151: [81]
152: [82, 83, 84, 71]
153: [116]
154: [116]
155: [71, 74, 75, 76, 77, 78, 79, 80, 81]
156: [82]
157: [83]
158: [74, 84]
159: [75]
160: [76]
161: [77]
162: [78]
163: [79]
164: [80]
165: [81]
166: [82, 83, 84, 71]
167: [116]
168: [116]
169: [74, 71, 75, 76, 77, 78, 79, 80, 81]
170: [74, 75, 71, 76, 77, 78, 79, 80, 81, 82]
171: [74, 75, 76, 71, 77, 78, 79, 80, 81, 82, 83]
172: [74, 75, 76, 77, 71, 78, 79, 80, 81, 82, 83, 84]
173: [75, 76, 77, 78, 71, 79, 80, 81, 82, 83, 84]
174: [76, 77, 78, 79, 71, 80, 81, 82, 83, 84]
175: [77, 78, 79, 80, 71, 81, 82, 83, 84]
176: [78, 79, 80, 81, 71, 82, 83, 84]
177: [79, 80, 81, 82, 83, 84, 71]
178: [80, 81, 82, 83, 84, 71]
179: [81, 82, 83, 84, 71]
180: [82, 83, 84, 71]
181: [116]
182: [116]
183: [116]
184: [116]
185: [131, 116]
186: [132, 131, 116]
187: [132, 116]
188: [116]
189: [116]
190: [116]
191: [116]
192: [116]
193: [116]
194: [116]
195: [116]
19
0: [104]
1: [104]
2: [104]
3: [104]
4: [132, 104]
5: [132, 104, 133]
6: [104, 133]
7: [104]
8: [104]
9: [104]
10: [104]
11: [104]
12: [104]
13: [104]
14: [116, 104]
15: [71, 92, 75, 76, 77, 78, 79, 80, 81]
16: [71, 92, 75, 76, 77, 78, 79, 80, 81, 82]
17: [71, 92, 75, 76, 77, 78, 79, 80, 83, 81, 82]
18: [71, 92, 75, 76, 77, 78, 84, 79, 80, 83, 81, 82]
19: []
20: [76, 77, 78, 79, 80, 81, 82, 83, 84, 85, 92, 71]
21: [77, 78, 79, 80, 81, 82, 83, 84, 85, 92, 71]
22: [78, 79, 80, 81, 82, 83, 84, 85, 92, 71]
23: [79, 80, 81, 82, 83, 84, 85, 92, 71]
24: [80, 81, 82, 83, 84, 85, 92, 71]
25: [81, 82, 83, 84, 85, 92, 71]
26: [82, 83, 84, 85, 92, 71]
27: [104, 116]
28: [116]
29: [71, 92, 75, 76, 77, 78, 79, 80, 81]
30: [92, 82]
31: [92, 83]
32: [92, 84]
33: [75, 92, 85]
34: [76, 92]
35: [77, 92]
36: [78, 92]
37: [79, 92]
38: [80, 92]
39: [81, 92]
40: [82, 83, 84, 85, 92, 71]
41: [116]
42: [116]
43: [71, 75, 76, 77, 78, 79, 80, 81]
44: [82]
45: [83]
46: [84]
47: [75, 85]
48: [76]
49: [77]
50: [78]
51: [79]
52: [80]
53: [81]
54: [82, 83, 84, 85, 71]
55: [116]
56: [116]
57: [71, 75, 76, 77, 78, 79, 80, 81]
58: [82]
59: [83]
60: [84]
61: [75, 85]
62: [76]
63: [77]
64: [78]
65: [79]
66: [80]
67: [81]
68: [82, 83, 84, 85, 71]
69: [116]
70: [116]
71: [71, 75, 76, 77, 78, 79, 80, 81]
72: [82]
73: [83]
74: [84]
75: [75, 85]
76: [76]
77: [77]
78: [78]
79: [79]
80: [80]
81: [81]
82: [82, 83, 84, 85, 71]
83: [116]
84: [116]
85: [71, 75, 76, 77, 78, 79, 80, 81]
86: [82]
87: [83]
88: [84]
89: [75, 85]
90: [76]
91: [77]
92: [78]
93: [79]
94: [80]
95: [81]
96: [82, 83, 84, 85, 71]
97: [116]
98: [116]
99: [71, 75, 76, 77, 78, 79, 80, 81]
100: [82]
101: [83]
102: [84]
103: [75, 85]
104: [76]
105: [77]
106: [78]
107: [79]
108: [80]
109: [81]
110: [82, 83, 84, 85, 71]
111: [116]
112: [116]
113: [71, 75, 76, 77, 78, 79, 80, 81]
114: [82]
115: [83]
116: [84]
117: [75, 85]
118: [76]
119: [77]
120: [78]
121: [79]
122: [80]
123: [81]
124: [82, 83, 84, 85, 71]
125: [116]
126: [116]
127: [71, 75, 76, 77, 78, 79, 80, 81]
128: [82]
129: [83]
130: [84]
131: [75, 85]
132: [76]
133: [77]
134: [78]
135: [79]
136: [80]
137: [81]
138: [82, 83, 84, 85, 71]
139: [116]
140: [116]
141: [71, 75, 76, 77, 78, 79, 80, 81]
142: [82]
143: [83]
144: [84]
145: [75, 85]
146: [76]
147: [77]
148: [78]
149: [79]
150: [80]
151: [81]
152: [82, 83, 84, 85, 71]
153: [116]
154: [116]
155: [71, 75, 76, 77, 78, 79, 80, 81]
156: [82]
157: [83]
158: [84]
159: [75, 85]
160: [76]
161: [77]
162: [78]
163: [79]
164: [80]
165: [81]
166: [82, 83, 84, 85, 71]
167: [116]
168: [116]
169: [75, 71, 76, 77, 78, 79, 80, 81]
170: [75, 76, 71, 77, 78, 79, 80, 81, 82]
171: [75, 76, 77, 71, 78, 79, 80, 81, 82, 83]
172: [75, 76, 77, 78, 71, 79, 80, 81, 82, 83, 84]
173: [75, 76, 77, 78, 79, 71, 80, 81, 82, 83, 84, 85]
174: [76, 77, 78, 79, 80, 71, 81, 82, 83, 84, 85]
175: [77, 78, 79, 80, 81, 71, 82, 83, 84, 85]
176: [78, 79, 80, 81, 71, 82, 83, 84, 85]
177: [79, 80, 81, 82, 83, 84, 85, 71]
178: [80, 81, 82, 83, 84, 85, 71]
179: [81, 82, 83, 84, 85, 71]
180: [82, 83, 84, 85, 71]
181: [116]
182: [116]
183: [116]
184: [116]
185: [116]
186: [132, 116]
187: [133, 132, 116]
188: [133, 116]
189: [116]
190: [116]
191: [116]
192: [116]
193: [116]
194: [116]
195: [116]
20
0: [104]
1: [104]
2: [104]
3: [104]
4: [104]
5: [133, 104]
6: [133, 104, 134]
7: [104, 134]
8: [104]
9: [104]
10: [104]
11: [104]
12: [104]
13: [104]
14: [116, 104]
15: [71, 92, 76, 77, 78, 79, 80, 81]
16: [71, 92, 76, 77, 78, 79, 80, 81, 82]
17: [71, 92, 76, 77, 78, 79, 80, 83, 81, 82]
18: [71, 92, 76, 77, 78, 84, 79, 80, 83, 81, 82]
19: [71, 92, 76, 77, 85, 78, 84, 79, 80, 83, 81, 82]
20: []
21: [77, 78, 79, 80, 81, 82, 83, 84, 85, 86, 92, 71]
22: [78, 79, 80, 81, 82, 83, 84, 85, 86, 92, 71]
23: [79, 80, 81, 82, 83, 84, 85, 86, 92, 71]
24: [80, 81, 82, 83, 84, 85, 86, 92, 71]
25: [81, 82, 83, 84, 85, 86, 92, 71]
26: [82, 83, 84, 85, 86, 92, 71]
27: [104, 116]
28: [116]
29: [71, 92, 76, 77, 78, 79, 80, 81]
30: [92, 82]
31: [92, 83]
32: [92, 84]
33: [92, 85]
34: [76, 92, 86]
35: [77, 92]
36: [78, 92]
37: [79, 92]
38: [80, 92]
39: [81, 92]
40: [82, 83, 84, 85, 86, 92, 71]
41: [116]
42: [116]
43: [71, 76, 77, 78, 79, 80, 81]
44: [82]
45: [83]
46: [84]
47: [85]
48: [76, 86]
49: [77]
50: [78]
51: [79]
52: [80]
53: [81]
54: [82, 83, 84, 85, 86, 71]
55: [116]
56: [116]
57: [71, 76, 77, 78, 79, 80, 81]
58: [82]
59: [83]
60: [84]
61: [85]
62: [76, 86]
63: [77]
64: [78]
65: [79]
66: [80]
67: [81]
68: [82, 83, 84, 85, 86, 71]
69: [116]
70: [116]
71: [71, 76, 77, 78, 79, 80, 81]
72: [82]
73: [83]
74: [84]
75: [85]
76: [76, 86]
77: [77]
78: [78]
79: [79]
80: [80]
81: [81]
82: [82, 83, 84, 85, 86, 71]
83: [116]
84: [116]
85: [71, 76, 77, 78, 79, 80, 81]
86: [82]
87: [83]
88: [84]
89: [85]
90: [76, 86]
91: [77]
92: [78]
93: [79]
94: [80]
95: [81]
96: [82, 83, 84, 85, 86, 71]
97: [116]
98: [116]
99: [71, 76, 77, 78, 79, 80, 81]
100: [82]
101: [83]
102: [84]
103: [85]
104: [76, 86]
105: [77]
106: [78]
107: [79]
108: [80]
109: [81]
110: [82, 83, 84, 85, 86, 71]
111: [116]
112: [116]
113: [71, 76, 77, 78, 79, 80, 81]
114: [82]
115: [83]
116: [84]
117: [85]
118: [76, 86]
119: [77]
120: [78]
121: [79]
122: [80]
123: [81]
124: [82, 83, 84, 85, 86, 71]
125: [116]
126: [116]
127: [71, 76, 77, 78, 79, 80, 81]
128: [82]
129: [83]
130: [84]
131: [85]
132: [76, 86]
133: [77]
134: [78]
135: [79]
136: [80]
137: [81]
138: [82, 83, 84, 85, 86, 71]
139: [116]
140: [116]
141: [71, 76, 77, 78, 79, 80, 81]
142: [82]
143: [83]
144: [84]
145: [85]
146: [76, 86]
147: [77]
148: [78]
149: [79]
150: [80]
151: [81]
152: [82, 83, 84, 85, 86, 71]
153: [116]
154: [116]
155: [71, 76, 77, 78, 79, 80, 81]
156: [82]
157: [83]
158: [84]
159: [85]
160: [76, 86]
161: [77]
162: [78]
163: [79]
164: [80]
165: [81]
166: [82, 83, 84, 85, 86, 71]
167: [116]
168: [116]
169: [76, 71, 77, 78, 79, 80, 81]
170: [76, 77, 71, 78, 79, 80, 81, 82]
171: [76, 77, 78, 71, 79, 80, 81, 82, 83]
172: [76, 77, 78, 79, 71, 80, 81, 82, 83, 84]
173: [76, 77, 78, 79, 80, 71, 81, 82, 83, 84, 85]
174: [76, 77, 78, 79, 80, 81, 71, 82, 83, 84, 85, 86]
175: [77, 78, 79, 80, 81, 71, 82, 83, 84, 85, 86]
176: [78, 79, 80, 81, 82, 83, 84, 85, 86, 71]
177: [79, 80, 81, 82, 83, 84, 85, 86, 71]
178: [80, 81, 82, 83, 84, 85, 86, 71]
179: [81, 82, 83, 84, 85, 86, 71]
180: [82, 83, 84, 85, 86, 71]
181: [116]
182: [116]
183: [116]
184: [116]
185: [116]
186: [116]
187: [133, 116]
188: [134, 133, 116]
189: [134, 116]
190: [116]
191: [116]
192: [116]
193: [116]
194: [116]
195: [116]
21
0: [104]
1: [104]
2: [104]
3: [104]
4: [104]
5: [104]
6: [134, 104]
7: [134, 104, 135]
8: [104, 135]
9: [104]
10: [104]
11: [104]
12: [104]
13: [104]
14: [116, 104]
15: [71, 92, 77, 78, 79, 80, 81]
16: [71, 92, 77, 78, 79, 80, 81, 82]
17: [71, 92, 77, 78, 79, 80, 83, 81, 82]
18: [71, 92, 77, 78, 84, 79, 80, 83, 81, 82]
19: [71, 92, 77, 85, 78, 84, 79, 80, 83, 81, 82]
20: [71, 92, 77, 86, 85, 78, 84, 79, 80, 83, 81, 82]
21: []
22: [78, 79, 80, 81, 82, 83, 84, 85, 86, 87, 92, 71]
23: [79, 80, 81, 82, 83, 84, 85, 86, 87, 92, 71]
24: [80, 81, 82, 83, 84, 85, 86, 87, 92, 71]
25: [81, 82, 83, 84, 85, 86, 87, 92, 71]
26: [82, 83, 84, 85, 86, 87, 92, 71]
27: [104, 116]
28: [116]
29: [71, 92, 77, 78, 79, 80, 81]
30: [92, 82]
31: [92, 83]
32: [92, 84]
33: [92, 85]
34: [92, 86]
35: [77, 92, 87]
36: [78, 92]
37: [79, 92]
38: [80, 92]
39: [81, 92]
40: [82, 83, 84, 85, 86, 87, 92, 71]
41: [116]
42: [116]
43: [71, 77, 78, 79, 80, 81]
44: [82]
45: [83]
46: [84]
47: [85]
48: [86]
49: [77, 87]
50: [78]
51: [79]
52: [80]
53: [81]
54: [82, 83, 84, 85, 86, 87, 71]
55: [116]
56: [116]
57: [71, 77, 78, 79, 80, 81]
58: [82]
59: [83]
60: [84]
61: [85]
62: [86]
63: [77, 87]
64: [78]
65: [79]
66: [80]
67: [81]
68: [82, 83, 84, 85, 86, 87, 71]
69: [116]
70: [116]
71: [71, 77, 78, 79, 80, 81]
72: [82]
73: [83]
74: [84]
75: [85]
76: [86]
77: [77, 87]
78: [78]
79: [79]
80: [80]
81: [81]
82: [82, 83, 84, 85, 86, 87, 71]
83: [116]
84: [116]
85: [71, 77, 78, 79, 80, 81]
86: [82]
87: [83]
88: [84]
89: [85]
90: [86]
91: [77, 87]
92: [78]
93: [79]
94: [80]
95: [81]
96: [82, 83, 84, 85, 86, 87, 71]
97: [116]
98: [116]
99: [71, 77, 78, 79, 80, 81]
100: [82]
101: [83]
102: [84]
103: [85]
104: [86]
105: [77, 87]
106: [78]
107: [79]
108: [80]
109: [81]
110: [82, 83, 84, 85, 86, 87, 71]
111: [116]
112: [116]
113: [71, 77, 78, 79, 80, 81]
114: [82]
115: [83]
116: [84]
117: [85]
118: [86]
119: [77, 87]
120: [78]
121: [79]
122: [80]
123: [81]
124: [82, 83, 84, 85, 86, 87, 71]
125: [116]
126: [116]
127: [71, 77, 78, 79, 80, 81]
128: [82]
129: [83]
130: [84]
131: [85]
132: [86]
133: [77, 87]
134: [78]
135: [79]
136: [80]
137: [81]
138: [82, 83, 84, 85, 86, 87, 71]
139: [116]
140: [116]
141: [71, 77, 78, 79, 80, 81]
142: [82]
143: [83]
144: [84]
145: [85]
146: [86]
147: [77, 87]
148: [78]
149: [79]
150: [80]
151: [81]
152: [82, 83, 84, 85, 86, 87, 71]
153: [116]
154: [116]
155: [71, 77, 78, 79, 80, 81]
156: [82]
157: [83]
158: [84]
159: [85]
160: [86]
161: [77, 87]
162: [78]
163: [79]
164: [80]
165: [81]
166: [82, 83, 84, 85, 86, 87, 71]
167: [116]
168: [116]
169: [77, 71, 78, 79, 80, 81]
170: [77, 78, 71, 79, 80, 81, 82]
171: [77, 78, 79, 71, 80, 81, 82, 83]
172: [77, 78, 79, 80, 71, 81, 82, 83, 84]
173: [77, 78, 79, 80, 81, 71, 82, 83, 84, 85]
174: [77, 78, 79, 80, 81, 71, 82, 83, 84, 85, 86]
175: [77, 78, 79, 80, 81, 82, 83, 84, 85, 86, 87, 71]
176: [78, 79, 80, 81, 82, 83, 84, 85, 86, 87, 71]
177: [79, 80, 81, 82, 83, 84, 85, 86, 87, 71]
178: [80, 81, 82, 83, 84, 85, 86, 87, 71]
179: [81, 82, 83, 84, 85, 86, 87, 71]
180: [82, 83, 84, 85, 86, 87, 71]
181: [116]
182: [116]
183: [116]
184: [116]
185: [116]
186: [116]
187: [116]
188: [134, 116]
189: [135, 134, 116]
190: [135, 116]
191: [116]
192: [116]
193: [116]
194: [116]
195: [116]
22
0: [104]
1: [104]
2: [104]
3: [104]
4: [104]
5: [104]
6: [104]
7: [135, 104]
8: [135, 104, 136]
9: [104, 136]
10: [104]
11: [104]
12: [104]
13: [104]
14: [116, 104]
15: [71, 92, 78, 79, 80, 81]
16: [71, 92, 78, 79, 80, 81, 82]
17: [71, 92, 78, 79, 80, 83, 81, 82]
18: [71, 92, 78, 84, 79, 80, 83, 81, 82]
19: [71, 92, 85, 78, 84, 79, 80, 83, 81, 82]
20: [71, 92, 86, 85, 78, 84, 79, 80, 83, 81, 82]
21: [71, 92, 87, 86, 85, 78, 84, 79, 80, 83, 81, 82]
22: []
23: [79, 80, 81, 82, 83, 84, 85, 86, 87, 88, 92, 71]
24: [80, 81, 82, 83, 84, 85, 86, 87, 88, 92, 71]
25: [81, 82, 83, 84, 85, 86, 87, 88, 92, 71]
26: [82, 83, 84, 85, 86, 87, 88, 92, 71]
27: [104, 116]
28: [116]
29: [71, 92, 78, 79, 80, 81]
30: [92, 82]
31: [92, 83]
32: [92, 84]
33: [92, 85]
34: [92, 86]
35: [92, 87]
36: [78, 92, 88]
37: [79, 92]
38: [80, 92]
39: [81, 92]
40: [82, 83, 84, 85, 86, 87, 88, 92, 71]
41: [116]
42: [116]
43: [71, 78, 79, 80, 81]
44: [82]
45: [83]
46: [84]
47: [85]
48: [86]
49: [87]
50: [78, 88]
51: [79]
52: [80]
53: [81]
54: [82, 83, 84, 85, 86, 87, 88, 71]
55: [116]
56: [116]
57: [71, 78, 79, 80, 81]
58: [82]
59: [83]
60: [84]
61: [85]
62: [86]
63: [87]
64: [78, 88]
65: [79]
66: [80]
67: [81]
68: [82, 83, 84, 85, 86, 87, 88, 71]
69: [116]
70: [116]
71: [71, 78, 79, 80, 81]
72: [82]
73: [83]
74: [84]
75: [85]
76: [86]
77: [87]
78: [78, 88]
79: [79]
80: [80]
81: [81]
82: [82, 83, 84, 85, 86, 87, 88, 71]
83: [116]
84: [116]
85: [71, 78, 79, 80, 81]
86: [82]
87: [83]
88: [84]
89: [85]
90: [86]
91: [87]
92: [78, 88]
93: [79]
94: [80]
95: [81]
96: [82, 83, 84, 85, 86, 87, 88, 71]
97: [116]
98: [116]
99: [71, 78, 79, 80, 81]
100: [82]
101: [83]
102: [84]
103: [85]
104: [86]
105: [87]
106: [78, 88]
107: [79]
108: [80]
109: [81]
110: [82, 83, 84, 85, 86, 87, 88, 71]
111: [116]
112: [116]
113: [71, 78, 79, 80, 81]
114: [82]
115: [83]
116: [84]
117: [85]
118: [86]
119: [87]
120: [78, 88]
121: [79]
122: [80]
123: [81]
124: [82, 83, 84, 85, 86, 87, 88, 71]
125: [116]
126: [116]
127: [71, 78, 79, 80, 81]
128: [82]
129: [83]
130: [84]
131: [85]
132: [86]
133: [87]
134: [78, 88]
135: [79]
136: [80]
137: [81]
138: [82, 83, 84, 85, 86, 87, 88, 71]
139: [116]
140: [116]
141: [71, 78, 79, 80, 81]
142: [82]
143: [83]
144: [84]
145: [85]
146: [86]
147: [87]
148: [78, 88]
149: [79]
150: [80]
151: [81]
152: [82, 83, 84, 85, 86, 87, 88, 71]
153: [116]
154: [116]
155: [71, 78, 79, 80, 81]
156: [82]
157: [83]
158: [84]
159: [85]
160: [86]
161: [87]
162: [78, 88]
163: [79]
164: [80]
165: [81]
166: [82, 83, 84, 85, 86, 87, 88, 71]
167: [116]
168: [116]
169: [78, 71, 79, 80, 81]
170: [78, 79, 71, 80, 81, 82]
171: [78, 79, 80, 71, 81, 82, 83]
172: [78, 79, 80, 81, 71, 82, 83, 84]
173: [78, 79, 80, 81, 71, 82, 83, 84, 85]
174: [78, 79, 80, 81, 82, 83, 84, 85, 86, 71]
175: [78, 79, 80, 81, 82, 83, 84, 85, 86, 87, 71]
176: [78, 79, 80, 81, 82, 83, 84, 85, 86, 87, 88, 71]
177: [79, 80, 81, 82, 83, 84, 85, 86, 87, 88, 71]
178: [80, 81, 82, 83, 84, 85, 86, 87, 88, 71]
179: [81, 82, 83, 84, 85, 86, 87, 88, 71]
180: [82, 83, 84, 85, 86, 87, 88, 71]
181: [116]
182: [116]
183: [116]
184: [116]
185: [116]
186: [116]
187: [116]
188: [116]
189: [135, 116]
190: [136, 135, 116]
191: [136, 116]
192: [116]
193: [116]
194: [116]
195: [116]
23
0: [104]
1: [104]
2: [104]
3: [104]
4: [104]
5: [104]
6: [104]
7: [104]
8: [136, 104]
9: [136, 104, 137]
10: [104, 137]
11: [104]
12: [104]
13: [104]
14: [116, 104]
15: [71, 92, 79, 80, 81]
16: [71, 92, 79, 80, 81, 82]
17: [71, 92, 79, 80, 83, 81, 82]
18: [71, 92, 84, 79, 80, 83, 81, 82]
19: [71, 92, 85, 84, 79, 80, 83, 81, 82]
20: [71, 92, 86, 85, 84, 79, 80, 83, 81, 82]
21: [71, 92, 87, 86, 85, 84, 79, 80, 83, 81, 82]
22: [71, 92, 88, 87, 86, 85, 84, 79, 80, 83, 81, 82]
23: []
24: [80, 81, 82, 83, 84, 85, 86, 87, 88, 89, 92, 71]
25: [81, 82, 83, 84, 85, 86, 87, 88, 89, 92, 71]
26: [82, 83, 84, 85, 86, 87, 88, 89, 92, 71]
27: [104, 116]
28: [116]
29: [71, 92, 79, 80, 81]
30: [92, 82]
31: [92, 83]
32: [92, 84]
33: [92, 85]
34: [92, 86]
35: [92, 87]
36: [92, 88]
37: [79, 92, 89]
38: [80, 92]
39: [81, 92]
40: [82, 83, 84, 85, 86, 87, 88, 89, 92, 71]
41: [116]
42: [116]
43: [71, 79, 80, 81]
44: [82]
45: [83]
46: [84]
47: [85]
48: [86]
49: [87]
50: [88]
51: [79, 89]
52: [80]
53: [81]
54: [82, 83, 84, 85, 86, 87, 88, 89, 71]
55: [116]
56: [116]
57: [71, 79, 80, 81]
58: [82]
59: [83]
60: [84]
61: [85]
62: [86]
63: [87]
64: [88]
65: [79, 89]
66: [80]
67: [81]
68: [82, 83, 84, 85, 86, 87, 88, 89, 71]
69: [116]
70: [116]
71: [71, 79, 80, 81]
72: [82]
73: [83]
74: [84]
75: [85]
76: [86]
77: [87]
78: [88]
79: [79, 89]
80: [80]
81: [81]
82: [82, 83, 84, 85, 86, 87, 88, 89, 71]
83: [116]
84: [116]
85: [71, 79, 80, 81]
86: [82]
87: [83]
88: [84]
89: [85]
90: [86]
91: [87]
92: [88]
93: [79, 89]
94: [80]
95: [81]
96: [82, 83, 84, 85, 86, 87, 88, 89, 71]
97: [116]
98: [116]
99: [71, 79, 80, 81]
100: [82]
101: [83]
102: [84]
103: [85]
104: [86]
105: [87]
106: [88]
107: [79, 89]
108: [80]
109: [81]
110: [82, 83, 84, 85, 86, 87, 88, 89, 71]
111: [116]
112: [116]
113: [71, 79, 80, 81]
114: [82]
115: [83]
116: [84]
117: [85]
118: [86]
119: [87]
120: [88]
121: [79, 89]
122: [80]
123: [81]
124: [82, 83, 84, 85, 86, 87, 88, 89, 71]
125: [116]
126: [116]
127: [71, 79, 80, 81]
128: [82]
129: [83]
130: [84]
131: [85]
132: [86]
133: [87]
134: [88]
135: [79, 89]
136: [80]
137: [81]
138: [82, 83, 84, 85, 86, 87, 88, 89, 71]
139: [116]
140: [116]
141: [71, 79, 80, 81]
142: [82]
143: [83]
144: [84]
145: [85]
146: [86]
147: [87]
148: [88]
149: [79, 89]
150: [80]
151: [81]
152: [82, 83, 84, 85, 86, 87, 88, 89, 71]
153: [116]
154: [116]
155: [71, 79, 80, 81]
156: [82]
157: [83]
158: [84]
159: [85]
160: [86]
161: [87]
162: [88]
163: [79, 89]
164: [80]
165: [81]
166: [82, 83, 84, 85, 86, 87, 88, 89, 71]
167: [116]
168: [116]
169: [79, 71, 80, 81]
170: [79, 80, 71, 81, 82]
171: [79, 80, 81, 71, 82, 83]
172: [79, 80, 81, 82, 83, 84, 71]
173: [79, 80, 81, 82, 83, 84, 85, 71]
174: [79, 80, 81, 82, 83, 84, 85, 86, 71]
175: [79, 80, 81, 82, 83, 84, 85, 86, 87, 71]
176: [79, 80, 81, 82, 83, 84, 85, 86, 87, 88, 71]
177: [79, 80, 81, 82, 83, 84, 85, 86, 87, 88, 89, 71]
178: [80, 81, 82, 83, 84, 85, 86, 87, 88, 89, 71]
179: [81, 82, 83, 84, 85, 86, 87, 88, 89, 71]
180: [82, 83, 84, 85, 86, 87, 88, 89, 71]
181: [116]
182: [116]
183: [116]
184: [116]
185: [116]
186: [116]
187: [116]
188: [116]
189: [116]
190: [136, 116]
191: [137, 136, 116]
192: [137, 116]
193: [116]
194: [116]
195: [116]
24
0: [104]
1: [104]
2: [104]
3: [104]
4: [104]
5: [104]
6: [104]
7: [104]
8: [104]
9: [137, 104]
10: [137, 104, 138]
11: [104, 138]
12: [104]
13: [104]
14: [116, 104]
15: [71, 92, 80, 81]
16: [71, 92, 80, 81, 82]
17: [71, 92, 80, 83, 81, 82]
18: [71, 92, 84, 80, 83, 81, 82]
19: [71, 92, 85, 84, 80, 83, 81, 82]
20: [71, 92, 86, 85, 84, 80, 83, 81, 82]
21: [71, 92, 87, 86, 85, 84, 80, 83, 81, 82]
22: [71, 92, 88, 87, 86, 85, 84, 80, 83, 81, 82]
23: [71, 92, 89, 88, 87, 86, 85, 84, 80, 83, 81, 82]
24: []
25: [81, 82, 83, 84, 85, 86, 87, 88, 89, 90, 92, 71]
26: [82, 83, 84, 85, 86, 87, 88, 89, 90, 92, 71]
27: [104, 116]
28: [116]
29: [71, 92, 80, 81]
30: [92, 82]
31: [92, 83]
32: [92, 84]
33: [92, 85]
34: [92, 86]
35: [92, 87]
36: [92, 88]
37: [92, 89]
38: [80, 92, 90]
39: [81, 92]
40: [82, 83, 84, 85, 86, 87, 88, 89, 90, 92, 71]
41: [116]
42: [116]
43: [71, 80, 81]
44: [82]
45: [83]
46: [84]
47: [85]
48: [86]
49: [87]
50: [88]
51: [89]
52: [80, 90]
53: [81]
54: [82, 83, 84, 85, 86, 87, 88, 89, 90, 71]
55: [116]
56: [116]
57: [71, 80, 81]
58: [82]
59: [83]
60: [84]
61: [85]
62: [86]
63: [87]
64: [88]
65: [89]
66: [80, 90]
67: [81]
68: [82, 83, 84, 85, 86, 87, 88, 89, 90, 71]
69: [116]
70: [116]
71: [71, 80, 81]
72: [82]
73: [83]
74: [84]
75: [85]
76: [86]
77: [87]
78: [88]
79: [89]
80: [80, 90]
81: [81]
82: [82, 83, 84, 85, 86, 87, 88, 89, 90, 71]
83: [116]
84: [116]
85: [71, 80, 81]
86: [82]
87: [83]
88: [84]
89: [85]
90: [86]
91: [87]
92: [88]
93: [89]
94: [80, 90]
95: [81]
96: [82, 83, 84, 85, 86, 87, 88, 89, 90, 71]
97: [116]
98: [116]
99: [71, 80, 81]
100: [82]
101: [83]
102: [84]
103: [85]
104: [86]
105: [87]
106: [88]
107: [89]
108: [80, 90]
109: [81]
110: [82, 83, 84, 85, 86, 87, 88, 89, 90, 71]
111: [116]
112: [116]
113: [71, 80, 81]
114: [82]
115: [83]
116: [84]
117: [85]
118: [86]
119: [87]
120: [88]
121: [89]
122: [80, 90]
123: [81]
124: [82, 83, 84, 85, 86, 87, 88, 89, 90, 71]
125: [116]
126: [116]
127: [71, 80, 81]
128: [82]
129: [83]
130: [84]
131: [85]
132: [86]
133: [87]
134: [88]
135: [89]
136: [80, 90]
137: [81]
138: [82, 83, 84, 85, 86, 87, 88, 89, 90, 71]
139: [116]
140: [116]
141: [71, 80, 81]
142: [82]
143: [83]
144: [84]
145: [85]
146: [86]
147: [87]
148: [88]
149: [89]
150: [80, 90]
151: [81]
152: [82, 83, 84, 85, 86, 87, 88, 89, 90, 71]
153: [116]
154: [116]
155: [71, 80, 81]
156: [82]
157: [83]
158: [84]
159: [85]
160: [86]
161: [87]
162: [88]
163: [89]
164: [80, 90]
165: [81]
166: [82, 83, 84, 85, 86, 87, 88, 89, 90, 71]
167: [116]
168: [116]
169: [80, 71, 81]
170: [80, 81, 71, 82]
171: [80, 81, 82, 83, 71]
172: [80, 81, 82, 83, 84, 71]
173: [80, 81, 82, 83, 84, 85, 71]
174: [80, 81, 82, 83, 84, 85, 86, 71]
175: [80, 81, 82, 83, 84, 85, 86, 87, 71]
176: [80, 81, 82, 83, 84, 85, 86, 87, 88, 71]
177: [80, 81, 82, 83, 84, 85, 86, 87, 88, 89, 71]
178: [80, 81, 82, 83, 84, 85, 86, 87, 88, 89, 90, 71]
179: [81, 82, 83, 84, 85, 86, 87, 88, 89, 90, 71]
180: [82, 83, 84, 85, 86, 87, 88, 89, 90, 71]
181: [116]
182: [116]
183: [116]
184: [116]
185: [116]
186: [116]
187: [116]
188: [116]
189: [116]
190: [116]
191: [137, 116]
192: [138, 137, 116]
193: [138, 116]
194: [116]
195: [116]
25
0: [104]
1: [104]
2: [104]
3: [104]
4: [104]
5: [104]
6: [104]
7: [104]
8: [104]
9: [104]
10: [138, 104]
11: [138, 104, 139]
12: [104, 139]
13: [104]
14: [116, 104]
15: [71, 92, 81]
16: [71, 92, 81, 82]
17: [71, 92, 83, 81, 82]
18: [71, 92, 84, 83, 81, 82]
19: [71, 92, 85, 84, 83, 81, 82]
20: [71, 92, 86, 85, 84, 83, 81, 82]
21: [71, 92, 87, 86, 85, 84, 83, 81, 82]
22: [71, 92, 88, 87, 86, 85, 84, 83, 81, 82]
23: [71, 92, 89, 88, 87, 86, 85, 84, 83, 81, 82]
24: [71, 92, 90, 89, 88, 87, 86, 85, 84, 83, 81, 82]
25: []
26: [82, 83, 84, 85, 86, 87, 88, 89, 90, 91, 92, 71]
27: [104, 116]
28: [116]
29: [71, 92, 81]
30: [92, 82]
31: [92, 83]
32: [92, 84]
33: [92, 85]
34: [92, 86]
35: [92, 87]
36: [92, 88]
37: [92, 89]
38: [92, 90]
39: [81, 92, 91]
40: [82, 83, 84, 85, 86, 87, 88, 89, 90, 91, 92, 71]
41: [116]
42: [116]
43: [71, 81]
44: [82]
45: [83]
46: [84]
47: [85]
48: [86]
49: [87]
50: [88]
51: [89]
52: [90]
53: [81, 91]
54: [82, 83, 84, 85, 86, 87, 88, 89, 90, 91, 71]
55: [116]
56: [116]
57: [71, 81]
58: [82]
59: [83]
60: [84]
61: [85]
62: [86]
63: [87]
64: [88]
65: [89]
66: [90]
67: [81, 91]
68: [82, 83, 84, 85, 86, 87, 88, 89, 90, 91, 71]
69: [116]
70: [116]
71: [71, 81]
72: [82]
73: [83]
74: [84]
75: [85]
76: [86]
77: [87]
78: [88]
79: [89]
80: [90]
81: [81, 91]
82: [82, 83, 84, 85, 86, 87, 88, 89, 90, 91, 71]
83: [116]
84: [116]
85: [71, 81]
86: [82]
87: [83]
88: [84]
89: [85]
90: [86]
91: [87]
92: [88]
93: [89]
94: [90]
95: [81, 91]
96: [82, 83, 84, 85, 86, 87, 88, 89, 90, 91, 71]
97: [116]
98: [116]
99: [71, 81]
100: [82]
101: [83]
102: [84]
103: [85]
104: [86]
105: [87]
106: [88]
107: [89]
108: [90]
109: [81, 91]
110: [82, 83, 84, 85, 86, 87, 88, 89, 90, 91, 71]
111: [116]
112: [116]
113: [71, 81]
114: [82]
115: [83]
116: [84]
117: [85]
118: [86]
119: [87]
120: [88]
121: [89]
122: [90]
123: [81, 91]
124: [82, 83, 84, 85, 86, 87, 88, 89, 90, 91, 71]
125: [116]
126: [116]
127: [71, 81]
128: [82]
129: [83]
130: [84]
131: [85]
132: [86]
133: [87]
134: [88]
135: [89]
136: [90]
137: [81, 91]
138: [82, 83, 84, 85, 86, 87, 88, 89, 90, 91, 71]
139: [116]
140: [116]
141: [71, 81]
142: [82]
143: [83]
144: [84]
145: [85]
146: [86]
147: [87]
148: [88]
149: [89]
150: [90]
151: [81, 91]
152: [82, 83, 84, 85, 86, 87, 88, 89, 90, 91, 71]
153: [116]
154: [116]
155: [71, 81]
156: [82]
157: [83]
158: [84]
159: [85]
160: [86]
161: [87]
162: [88]
163: [89]
164: [90]
165: [81, 91]
166: [82, 83, 84, 85, 86, 87, 88, 89, 90, 91, 71]
167: [116]
168: [116]
169: [81, 71]
170: [81, 82, 71]
171: [81, 82, 83, 71]
172: [81, 82, 83, 84, 71]
173: [81, 82, 83, 84, 85, 71]
174: [81, 82, 83, 84, 85, 86, 71]
175: [81, 82, 83, 84, 85, 86, 87, 71]
176: [81, 82, 83, 84, 85, 86, 87, 88, 71]
177: [81, 82, 83, 84, 85, 86, 87, 88, 89, 71]
178: [81, 82, 83, 84, 85, 86, 87, 88, 89, 90, 71]
179: [81, 82, 83, 84, 85, 86, 87, 88, 89, 90, 91, 71]
180: [82, 83, 84, 85, 86, 87, 88, 89, 90, 91, 71]
181: [116]
182: [116]
183: [116]
184: [116]
185: [116]
186: [116]
187: [116]
188: [116]
189: [116]
190: [116]
191: [116]
192: [138, 116]
193: [139, 138, 116]
194: [139, 116]
195: [116]
26
0: [104]
1: [104]
2: [104]
3: [104]
4: [104]
5: [104]
6: [104]
7: [104]
8: [104]
9: [104]
10: [104]
11: [139, 104]
12: [139, 104, 140]
13: [104, 140]
14: [116, 104]
15: [71, 92]
16: [71, 92, 82]
17: [71, 92, 83, 82]
18: [71, 92, 84, 83, 82]
19: [71, 92, 85, 84, 83, 82]
20: [71, 92, 86, 85, 84, 83, 82]
21: [71, 92, 87, 86, 85, 84, 83, 82]
22: [71, 92, 88, 87, 86, 85, 84, 83, 82]
23: [71, 92, 89, 88, 87, 86, 85, 84, 83, 82]
24: [71, 92, 90, 89, 88, 87, 86, 85, 84, 83, 82]
25: [71, 91, 92, 90, 89, 88, 87, 86, 85, 84, 83, 82]
26: []
27: [104, 140, 116]
28: [116]
29: [92, 71]
30: [92, 82]
31: [92, 83]
32: [92, 84]
33: [92, 85]
34: [92, 86]
35: [92, 87]
36: [92, 88]
37: [92, 89]
38: [92, 90]
39: [92, 91]
40: [82, 83, 84, 85, 86, 87, 88, 89, 90, 91, 92, 71]
41: [140, 116]
42: [116]
43: [71]
44: [82]
45: [83]
46: [84]
47: [85]
48: [86]
49: [87]
50: [88]
51: [89]
52: [90]
53: [91]
54: [82, 83, 84, 85, 86, 87, 88, 89, 90, 91, 71]
55: [140, 116]
56: [116]
57: [71]
58: [82]
59: [83]
60: [84]
61: [85]
62: [86]
63: [87]
64: [88]
65: [89]
66: [90]
67: [91]
68: [82, 83, 84, 85, 86, 87, 88, 89, 90, 91, 71]
69: [140, 116]
70: [116]
71: [71]
72: [82]
73: [83]
74: [84]
75: [85]
76: [86]
77: [87]
78: [88]
79: [89]
80: [90]
81: [91]
82: [82, 83, 84, 85, 86, 87, 88, 89, 90, 91, 71]
83: [140, 116]
84: [116]
85: [71]
86: [82]
87: [83]
88: [84]
89: [85]
90: [86]
91: [87]
92: [88]
93: [89]
94: [90]
95: [91]
96: [82, 83, 84, 85, 86, 87, 88, 89, 90, 91, 71]
97: [140, 116]
98: [116]
99: [71]
100: [82]
101: [83]
102: [84]
103: [85]
104: [86]
105: [87]
106: [88]
107: [89]
108: [90]
109: [91]
110: [82, 83, 84, 85, 86, 87, 88, 89, 90, 91, 71]
111: [140, 116]
112: [116]
113: [71]
114: [82]
115: [83]
116: [84]
117: [85]
118: [86]
119: [87]
120: [88]
121: [89]
122: [90]
123: [91]
124: [82, 83, 84, 85, 86, 87, 88, 89, 90, 91, 71]
125: [140, 116]
126: [116]
127: [71]
128: [82]
129: [83]
130: [84]
131: [85]
132: [86]
133: [87]
134: [88]
135: [89]
136: [90]
137: [91]
138: [82, 83, 84, 85, 86, 87, 88, 89, 90, 91, 71]
139: [140, 116]
140: [116]
141: [71]
142: [82]
143: [83]
144: [84]
145: [85]
146: [86]
147: [87]
148: [88]
149: [89]
150: [90]
151: [91]
152: [82, 83, 84, 85, 86, 87, 88, 89, 90, 91, 71]
153: [140, 116]
154: [116]
155: [71]
156: [82]
157: [83]
158: [84]
159: [85]
160: [86]
161: [87]
162: [88]
163: [89]
164: [90]
165: [91]
166: [82, 83, 84, 85, 86, 87, 88, 89, 90, 91, 71]
167: [140, 116]
168: [116]
169: [71]
170: [82, 71]
171: [82, 83, 71]
172: [82, 83, 84, 71]
173: [82, 83, 84, 85, 71]
174: [82, 83, 84, 85, 86, 71]
175: [82, 83, 84, 85, 86, 87, 71]
176: [82, 83, 84, 85, 86, 87, 88, 71]
177: [82, 83, 84, 85, 86, 87, 88, 89, 71]
178: [82, 83, 84, 85, 86, 87, 88, 89, 90, 71]
179: [82, 83, 84, 85, 86, 87, 88, 89, 90, 91, 71]
180: [82, 83, 84, 85, 86, 87, 88, 89, 90, 91, 71]
181: [140, 116]
182: [116]
183: [116]
184: [116]
185: [116]
186: [116]
187: [116]
188: [116]
189: [116]
190: [116]
191: [116]
192: [116]
193: [139, 116]
194: [140, 139, 116]
195: [140, 116]
27
0: [104, 105, 106, 107, 108, 109, 110, 111, 112, 113, 114, 115, 103]
1: [104, 105, 106, 107, 108, 109, 110, 111, 112, 113, 114, 115, 103]
2: [104, 105, 106, 107, 108, 109, 110, 111, 112, 113, 114, 115, 103]
3: [104, 105, 106, 107, 108, 109, 110, 111, 112, 113, 114, 115, 103]
4: [104, 105, 106, 107, 108, 109, 110, 111, 112, 113, 114, 115, 103]
5: [104, 105, 106, 107, 108, 109, 110, 111, 112, 113, 114, 115, 103]
6: [104, 105, 106, 107, 108, 109, 110, 111, 112, 113, 114, 115, 103]
7: [104, 105, 106, 107, 108, 109, 110, 111, 112, 113, 114, 115, 103]
8: [104, 105, 106, 107, 108, 109, 110, 111, 112, 113, 114, 115, 103]
9: [104, 105, 106, 107, 108, 109, 110, 111, 112, 113, 114, 115, 103]
10: [104, 105, 106, 107, 108, 109, 110, 111, 112, 113, 114, 115, 103]
11: [104, 105, 106, 107, 108, 109, 110, 111, 112, 113, 114, 115, 103]
12: [104, 105, 106, 107, 108, 109, 110, 111, 112, 113, 114, 115, 140, 103]
13: [104, 105, 106, 107, 108, 109, 110, 111, 112, 113, 114, 115, 140, 103]
14: [116, 104, 105, 106, 107, 108, 109, 110, 111, 112, 113, 114, 115, 103]
15: [116, 104]
16: [116, 104]
17: [116, 104]
18: [116, 104]
19: [116, 104]
20: [116, 104]
21: [116, 104]
22: [116, 104]
23: [116, 104]
24: [116, 104]
25: [116, 104]
26: [116, 140, 104]
27: []
28: [116, 105, 106, 107, 108, 109, 110, 111, 112, 113, 114, 115, 103]
29: [105]
30: [105]
31: [105]
32: [105]
33: [105]
34: [105]
35: [105]
36: [105]
37: [105]
38: [105]
39: [105]
40: [140, 105]
41: [103, 140, 105, 106, 107, 108, 109, 110, 111, 112, 113, 114, 115, 116]
42: [116, 106, 107, 108, 109, 110, 111, 112, 113, 114, 115, 103]
43: [106]
44: [106]
45: [106]
46: [106]
47: [106]
48: [106]
49: [106]
50: [106]
51: [106]
52: [106]
53: [106]
54: [140, 106]
55: [103, 140, 106, 107, 108, 109, 110, 111, 112, 113, 114, 115, 116]
56: [116, 107, 108, 109, 110, 111, 112, 113, 114, 115, 103]
57: [107]
58: [107]
59: [107]
60: [107]
61: [107]
62: [107]
63: [107]
64: [107]
65: [107]
66: [107]
67: [107]
68: [140, 107]
69: [103, 140, 107, 108, 109, 110, 111, 112, 113, 114, 115, 116]
70: [116, 108, 109, 110, 111, 112, 113, 114, 115, 103]
71: [108]
72: [108]
73: [108]
74: [108]
75: [108]
76: [108]
77: [108]
78: [108]
79: [108]
80: [108]
81: [108]
82: [140, 108]
83: [103, 140, 108, 109, 110, 111, 112, 113, 114, 115, 116]
84: [116, 109, 110, 111, 112, 113, 114, 115, 103]
85: [109]
86: [109]
87: [109]
88: [109]
89: [109]
90: [109]
91: [109]
92: [109]
93: [109]
94: [109]
95: [109]
96: [140, 109]
97: [103, 140, 109, 110, 111, 112, 113, 114, 115, 116]
98: [116, 110, 111, 112, 113, 114, 115, 103]
99: [110]
100: [110]
101: [110]
102: [110]
103: [110]
104: [110]
105: [110]
106: [110]
107: [110]
108: [110]
109: [110]
110: [140, 110]
111: [103, 140, 110, 111, 112, 113, 114, 115, 116]
112: [116, 111, 112, 113, 114, 115, 103]
113: [111]
114: [111]
115: [111]
116: [111]
117: [111]
118: [111]
119: [111]
120: [111]
121: [111]
122: [111]
123: [111]
124: [140, 111]
125: [103, 140, 111, 112, 113, 114, 115, 116]
126: [116, 112, 113, 114, 115, 103]
127: [112]
128: [112]
129: [112]
130: [112]
131: [112]
132: [112]
133: [112]
134: [112]
135: [112]
136: [112]
137: [112]
138: [140, 112]
139: [103, 140, 112, 113, 114, 115, 116]
140: [116, 113, 114, 115, 103]
141: [113]
142: [113]
143: [113]
144: [113]
145: [113]
146: [113]
147: [113]
148: [113]
149: [113]
150: [113]
151: [113]
152: [140, 113]
153: [103, 140, 113, 114, 115, 116]
154: [116, 114, 115, 103]
155: [114]
156: [114]
157: [114]
158: [114]
159: [114]
160: [114]
161: [114]
162: [114]
163: [114]
164: [114]
165: [114]
166: [140, 114]
167: [103, 140, 114, 115, 116]
168: [116, 115, 103]
169: [115]
170: [115]
171: [115]
172: [115]
173: [115]
174: [115]
175: [115]
176: [115]
177: [115]
178: [115]
179: [115]
180: [140, 115]
181: [103, 140, 115, 116]
182: [116, 103]
183: [103, 116]
184: [103, 116]
185: [103, 116]
186: [103, 116]
187: [103, 116]
188: [103, 116]
189: [103, 116]
190: [103, 116]
191: [103, 116]
192: [103, 116]
193: [103, 116]
194: [103, 140, 116]
195: [103, 140, 116]
28
0: [103, 128, 105, 106, 107, 108, 109, 110, 111, 112, 113, 114, 115]
1: [103, 128, 105, 106, 107, 108, 109, 110, 111, 112, 113, 114, 115]
2: [103, 105, 106, 107, 108, 109, 110, 111, 112, 113, 114, 115]
3: [103, 105, 106, 107, 108, 109, 110, 111, 112, 113, 114, 115]
4: [103, 105, 106, 107, 108, 109, 110, 111, 112, 113, 114, 115]
5: [103, 105, 106, 107, 108, 109, 110, 111, 112, 113, 114, 115]
6: [103, 105, 106, 107, 108, 109, 110, 111, 112, 113, 114, 115]
7: [103, 105, 106, 107, 108, 109, 110, 111, 112, 113, 114, 115]
8: [103, 105, 106, 107, 108, 109, 110, 111, 112, 113, 114, 115]
9: [103, 105, 106, 107, 108, 109, 110, 111, 112, 113, 114, 115]
10: [103, 105, 106, 107, 108, 109, 110, 111, 112, 113, 114, 115]
11: [103, 105, 106, 107, 108, 109, 110, 111, 112, 113, 114, 115]
12: [103, 105, 106, 107, 108, 109, 110, 111, 112, 113, 114, 115]
13: [105, 103, 106, 107, 108, 109, 110, 111, 112, 113, 114, 115]
14: [103, 128, 105, 106, 107, 108, 109, 110, 111, 112, 113, 114, 115, 116]
15: [128, 116]
16: [116]
17: [116]
18: [116]
19: [116]
20: [116]
21: [116]
22: [116]
23: [116]
24: [116]
25: [116]
26: [116]
27: [105, 106, 103, 107, 108, 109, 110, 111, 112, 113, 114, 115, 116]
28: []
29: [105, 128, 117]
30: [105, 117]
31: [105, 117]
32: [105, 117]
33: [105, 117]
34: [105, 117]
35: [105, 117]
36: [105, 117]
37: [105, 117]
38: [105, 117]
39: [105, 117]
40: [105, 117]
41: [105, 106, 107, 103, 108, 109, 110, 111, 112, 113, 114, 115, 116, 117]
42: [128, 106, 107, 108, 109, 110, 111, 112, 113, 114, 115, 116, 117, 103]
43: [106, 128]
44: [106]
45: [106]
46: [106]
47: [106]
48: [106]
49: [106]
50: [106]
51: [106]
52: [106]
53: [106]
54: [106]
55: [106, 107, 108, 103, 109, 110, 111, 112, 113, 114, 115, 116, 117]
56: [128, 107, 108, 109, 110, 111, 112, 113, 114, 115, 116, 117, 103]
57: [107, 128]
58: [107]
59: [107]
60: [107]
61: [107]
62: [107]
63: [107]
64: [107]
65: [107]
66: [107]
67: [107]
68: [107]
69: [107, 108, 109, 103, 110, 111, 112, 113, 114, 115, 116, 117]
70: [128, 108, 109, 110, 111, 112, 113, 114, 115, 116, 117, 103]
71: [108, 128]
72: [108]
73: [108]
74: [108]
75: [108]
76: [108]
77: [108]
78: [108]
79: [108]
80: [108]
81: [108]
82: [108]
83: [108, 109, 110, 103, 111, 112, 113, 114, 115, 116, 117]
84: [128, 109, 110, 111, 112, 113, 114, 115, 116, 117, 103]
85: [109, 128]
86: [109]
87: [109]
88: [109]
89: [109]
90: [109]
91: [109]
92: [109]
93: [109]
94: [109]
95: [109]
96: [109]
97: [109, 110, 111, 103, 112, 113, 114, 115, 116, 117]
98: [128, 110, 111, 112, 113, 114, 115, 116, 117, 103]
99: [110, 128]
100: [110]
101: [110]
102: [110]
103: [110]
104: [110]
105: [110]
106: [110]
107: [110]
108: [110]
109: [110]
110: [110]
111: [110, 111, 112, 103, 113, 114, 115, 116, 117]
112: [128, 111, 112, 113, 114, 115, 116, 117, 103]
113: [111, 128]
114: [111]
115: [111]
116: [111]
117: [111]
118: [111]
119: [111]
120: [111]
121: [111]
122: [111]
123: [111]
124: [111]
125: [111, 112, 113, 103, 114, 115, 116, 117]
126: [128, 112, 113, 114, 115, 116, 117, 103]
127: [112, 128]
128: [112]
129: [112]
130: [112]
131: [112]
132: [112]
133: [112]
134: [112]
135: [112]
136: [112]
137: [112]
138: [112]
139: [112, 113, 114, 103, 115, 116, 117]
140: [128, 113, 114, 115, 116, 117, 103]
141: [113, 128]
142: [113]
143: [113]
144: [113]
145: [113]
146: [113]
147: [113]
148: [113]
149: [113]
150: [113]
151: [113]
152: [113]
153: [113, 114, 115, 103, 116, 117]
154: [128, 114, 115, 116, 117, 103]
155: [114, 128]
156: [114]
157: [114]
158: [114]
159: [114]
160: [114]
161: [114]
162: [114]
163: [114]
164: [114]
165: [114]
166: [114]
167: [114, 115, 116, 117, 103]
168: [128, 115, 116, 117, 103]
169: [115, 128]
170: [115]
171: [115]
172: [115]
173: [115]
174: [115]
175: [115]
176: [115]
177: [115]
178: [115]
179: [115]
180: [115]
181: [115, 116, 117, 103]
182: [128, 116, 117, 103]
183: [128, 116, 117, 103]
184: [116, 117, 103]
185: [116, 117, 103]
186: [116, 117, 103]
187: [116, 117, 103]
188: [116, 117, 103]
189: [116, 117, 103]
190: [116, 117, 103]
191: [116, 117, 103]
192: [116, 117, 103]
193: [116, 117, 103]
194: [116, 117, 103]
195: [116, 117, 103]
29
0: [128, 105]
1: [128, 105, 129]
2: [105, 129]
3: [105]
4: [105]
5: [105]
6: [105]
7: [105]
8: [105]
9: [105]
10: [105]
11: [105]
12: [105]
13: [105]
14: [128, 105]
15: [72, 73, 74, 75, 76, 77, 78, 79, 80, 81, 92, 71]
16: [72, 73, 74, 75, 76, 77, 78, 79, 80, 81, 92, 71]
17: [73, 74, 75, 76, 77, 78, 79, 80, 81, 92, 71]
18: [74, 75, 76, 77, 78, 79, 80, 81, 92, 71]
19: [75, 76, 77, 78, 79, 80, 81, 92, 71]
20: [76, 77, 78, 79, 80, 81, 92, 71]
21: [77, 78, 79, 80, 81, 92, 71]
22: [78, 79, 80, 81, 92, 71]
23: [80, 81, 92, 79, 71]
24: [80, 81, 92, 71]
25: [81, 92, 71]
26: [92, 71]
27: [105]
28: [117, 128, 105]
29: []
30: [93, 72, 92]
31: [93, 73, 92]
32: [93, 74, 92]
33: [93, 75, 92]
34: [93, 76, 92]
35: [93, 77, 92]
36: [93, 78, 92]
37: [93, 79, 92]
38: [93, 80, 92]
39: [93, 81, 92]
40: [93, 92, 71]
41: [105, 117]
42: [117, 128]
43: [71, 72, 93, 73, 74, 75, 76, 77, 78, 79, 80, 81]
44: [72, 93]
45: [73, 93]
46: [74, 93]
47: [75, 93]
48: [76, 93]
49: [77, 93]
50: [78, 93]
51: [79, 93]
52: [80, 93]
53: [81, 93]
54: [93, 71]
55: [117]
56: [117, 128]
57: [71, 72, 73, 74, 75, 76, 77, 78, 79, 80, 81]
58: [72]
59: [73]
60: [74]
61: [75]
62: [76]
63: [77]
64: [78]
65: [79]
66: [80]
67: [81]
68: [71]
69: [117]
70: [117, 128]
71: [71, 72, 73, 74, 75, 76, 77, 78, 79, 80, 81]
72: [72]
73: [73]
74: [74]
75: [75]
76: [76]
77: [77]
78: [78]
79: [79]
80: [80]
81: [81]
82: [71]
83: [117]
84: [117, 128]
85: [71, 72, 73, 74, 75, 76, 77, 78, 79, 80, 81]
86: [72]
87: [73]
88: [74]
89: [75]
90: [76]
91: [77]
92: [78]
93: [79]
94: [80]
95: [81]
96: [71]
97: [117]
98: [117, 128]
99: [71, 72, 73, 74, 75, 76, 77, 78, 79, 80, 81]
100: [72]
101: [73]
102: [74]
103: [75]
104: [76]
105: [77]
106: [78]
107: [79]
108: [80]
109: [81]
110: [71]
111: [117]
112: [117, 128]
113: [71, 72, 73, 74, 75, 76, 77, 78, 79, 80, 81]
114: [72]
115: [73]
116: [74]
117: [75]
118: [76]
119: [77]
120: [78]
121: [79]
122: [80]
123: [81]
124: [71]
125: [117]
126: [117, 128]
127: [71, 72, 73, 74, 75, 76, 77, 78, 79, 80, 81]
128: [72]
129: [73]
130: [74]
131: [75]
132: [76]
133: [77]
134: [78]
135: [79]
136: [80]
137: [81]
138: [71]
139: [117]
140: [117, 128]
141: [71, 72, 73, 74, 75, 76, 77, 78, 79, 80, 81]
142: [72]
143: [73]
144: [74]
145: [75]
146: [76]
147: [77]
148: [78]
149: [79]
150: [80]
151: [81]
152: [71]
153: [117]
154: [117, 128]
155: [71, 72, 73, 74, 75, 76, 77, 78, 79, 80, 81]
156: [72]
157: [73]
158: [74]
159: [75]
160: [76]
161: [77]
162: [78]
163: [79]
164: [80]
165: [81]
166: [71]
167: [117]
168: [117, 128]
169: [71, 72, 73, 74, 75, 76, 77, 78, 79, 80, 81]
170: [71, 72, 73, 74, 75, 76, 77, 78, 79, 80, 81]
171: [71, 73, 74, 75, 76, 77, 78, 79, 80, 81]
172: [71, 74, 75, 76, 77, 78, 79, 80, 81]
173: [71, 75, 76, 77, 78, 79, 80, 81]
174: [71, 76, 77, 78, 79, 80, 81]
175: [71, 77, 78, 79, 80, 81]
176: [71, 78, 79, 80, 81]
177: [71, 79, 80, 81]
178: [71, 80, 81]
179: [71, 81]
180: [71]
181: [117]
182: [117, 128]
183: [129, 117, 128]
184: [129, 117]
185: [117]
186: [117]
187: [117]
188: [117]
189: [117]
190: [117]
191: [117]
192: [117]
193: [117]
194: [117]
195: [117]
30
0: [105]
1: [129, 105]
2: [129, 105, 130]
3: [105, 130]
4: [105]
5: [105]
6: [105]
7: [105]
8: [105]
9: [105]
10: [105]
11: [105]
12: [105]
13: [105]
14: [105]
15: [92, 72]
16: [82, 92, 72]
17: [82, 92]
18: [82, 92]
19: [82, 92]
20: [82, 92]
21: [82, 92]
22: [82, 92]
23: [82, 92]
24: [82, 92]
25: [82, 92]
26: [82, 92]
27: [105]
28: [117, 105]
29: [92, 72, 93]
30: []
31: [45, 62, 46, 47, 48, 49, 50, 51, 52, 53]
32: [45, 46, 47, 48, 49, 50, 51, 52, 53]
33: [45, 46, 47, 48, 49, 50, 51, 52, 53]
34: [45, 46, 47, 48, 49, 50, 51, 52, 53]
35: [45, 46, 47, 48, 49, 50, 51, 52, 53]
36: [45, 46, 47, 48, 49, 50, 51, 52, 53]
37: [45, 46, 47, 48, 49, 50, 51, 52, 53]
38: [45, 46, 47, 48, 49, 50, 51, 52, 53]
39: [45, 46, 47, 48, 49, 50, 51, 52, 53]
40: [93, 82, 92]
41: [105, 117]
42: [117]
43: [72, 93]
44: [46, 47, 48, 49, 50, 51, 52, 53, 62, 45]
45: [46, 62]
46: [46]
47: [46]
48: [46]
49: [46]
50: [46]
51: [46]
52: [46]
53: [45, 46, 47, 48, 49, 50, 51, 52, 53]
54: [93, 82]
55: [117]
56: [117]
57: [72]
58: [47, 48, 49, 50, 51, 52, 53, 62, 45]
59: [47, 62]
60: [47]
61: [47]
62: [47]
63: [47]
64: [47]
65: [47]
66: [47]
67: [45, 47, 48, 49, 50, 51, 52, 53]
68: [82]
69: [117]
70: [117]
71: [72]
72: [48, 49, 50, 51, 52, 53, 62, 45]
73: [48, 62]
74: [48]
75: [48]
76: [48]
77: [48]
78: [48]
79: [48]
80: [48]
81: [48, 45, 49, 50, 51, 52, 53]
82: [82]
83: [117]
84: [117]
85: [72]
86: [49, 50, 51, 52, 53, 62, 45]
87: [49, 62]
88: [49]
89: [49]
90: [49]
91: [49]
92: [49]
93: [49]
94: [49]
95: [49, 45, 50, 51, 52, 53]
96: [82]
97: [117]
98: [117]
99: [72]
100: [50, 51, 52, 53, 62, 45]
101: [50, 62]
102: [50]
103: [50]
104: [50]
105: [50]
106: [50]
107: [50]
108: [50]
109: [50, 45, 51, 52, 53]
110: [82]
111: [117]
112: [117]
113: [72]
114: [51, 52, 53, 62, 45]
115: [51, 62]
116: [51]
117: [51]
118: [51]
119: [51]
120: [51]
121: [51]
122: [51]
123: [51, 45, 52, 53]
124: [82]
125: [117]
126: [117]
127: [72]
128: [52, 53, 62, 45]
129: [52, 62]
130: [52]
131: [52]
132: [52]
133: [52]
134: [52]
135: [52]
136: [52]
137: [52, 45, 53]
138: [82]
139: [117]
140: [117]
141: [72]
142: [53, 62, 45]
143: [53, 62]
144: [53]
145: [53]
146: [53]
147: [53]
148: [53]
149: [53]
150: [53]
151: [53, 45]
152: [82]
153: [117]
154: [117]
155: [72]
156: [62, 45]
157: [62, 45]
158: [45]
159: [45]
160: [45]
161: [45]
162: [45]
163: [45]
164: [45]
165: [45]
166: [82]
167: [117]
168: [117]
169: [72]
170: [72, 82]
171: [82]
172: [82]
173: [82]
174: [82]
175: [82]
176: [82]
177: [82]
178: [82]
179: [82]
180: [82]
181: [117]
182: [117]
183: [117, 129]
184: [130, 117, 129]
185: [130, 117]
186: [117]
187: [117]
188: [117]
189: [117]
190: [117]
191: [117]
192: [117]
193: [117]
194: [117]
195: [117]
31
0: [105]
1: [105]
2: [130, 105]
3: [130, 105, 131]
4: [105, 131]
5: [105]
6: [105]
7: [105]
8: [105]
9: [105]
10: [105]
11: [105]
12: [105]
13: [105]
14: [105]
15: [92, 73]
16: [92, 73]
17: [83, 92, 73]
18: [83, 92]
19: [83, 92]
20: [83, 92]
21: [83, 92]
22: [83, 92]
23: [83, 92]
24: [83, 92]
25: [83, 92]
26: [83, 92]
27: [105]
28: [117, 105]
29: [92, 73, 93]
30: [46, 47, 48, 49, 50, 51, 52, 53, 62, 45]
31: []
32: [45, 46, 63, 47, 48, 49, 50, 51, 52, 53]
33: [45, 46, 47, 48, 49, 50, 51, 52, 53]
34: [45, 46, 47, 48, 49, 50, 51, 52, 53]
35: [45, 46, 47, 48, 49, 50, 51, 52, 53]
36: [45, 46, 47, 48, 49, 50, 51, 52, 53]
37: [45, 46, 47, 48, 49, 50, 51, 52, 53]
38: [45, 46, 47, 48, 49, 50, 51, 52, 53]
39: [45, 46, 47, 48, 49, 50, 51, 52, 53]
40: [93, 83, 92]
41: [105, 117]
42: [117]
43: [73, 93]
44: [46, 47, 48, 49, 50, 51, 52, 53, 62, 45]
45: [63, 46, 62]
46: [46, 63]
47: [46]
48: [46]
49: [46]
50: [46]
51: [46]
52: [46]
53: [45, 46, 47, 48, 49, 50, 51, 52, 53]
54: [93, 83]
55: [117]
56: [117]
57: [73]
58: [47, 48, 49, 50, 51, 52, 53, 62, 45]
59: [63, 47, 62]
60: [47, 63]
61: [47]
62: [47]
63: [47]
64: [47]
65: [47]
66: [47]
67: [45, 47, 48, 49, 50, 51, 52, 53]
68: [83]
69: [117]
70: [117]
71: [73]
72: [48, 49, 50, 51, 52, 53, 62, 45]
73: [63, 48, 62]
74: [48, 63]
75: [48]
76: [48]
77: [48]
78: [48]
79: [48]
80: [48]
81: [45, 48, 49, 50, 51, 52, 53]
82: [83]
83: [117]
84: [117]
85: [73]
86: [49, 50, 51, 52, 53, 62, 45]
87: [63, 49, 62]
88: [49, 63]
89: [49]
90: [49]
91: [49]
92: [49]
93: [49]
94: [49]
95: [45, 49, 50, 51, 52, 53]
96: [83]
97: [117]
98: [117]
99: [73]
100: [50, 51, 52, 53, 62, 45]
101: [63, 50, 62]
102: [50, 63]
103: [50]
104: [50]
105: [50]
106: [50]
107: [50]
108: [50]
109: [45, 50, 51, 52, 53]
110: [83]
111: [117]
112: [117]
113: [73]
114: [51, 52, 53, 62, 45]
115: [63, 51, 62]
116: [51, 63]
117: [51]
118: [51]
119: [51]
120: [51]
121: [51]
122: [51]
123: [45, 51, 52, 53]
124: [83]
125: [117]
126: [117]
127: [73]
128: [52, 53, 62, 45]
129: [63, 52, 62]
130: [52, 63]
131: [52]
132: [52]
133: [52]
134: [52]
135: [52]
136: [52]
137: [45, 52, 53]
138: [83]
139: [117]
140: [117]
141: [73]
142: [53, 62, 45]
143: [63, 53, 62]
144: [53, 63]
145: [53]
146: [53]
147: [53]
148: [53]
149: [53]
150: [53]
151: [45, 53]
152: [83]
153: [117]
154: [117]
155: [73]
156: [62, 45]
157: [63, 62, 45]
158: [63, 45]
159: [45]
160: [45]
161: [45]
162: [45]
163: [45]
164: [45]
165: [45]
166: [83]
167: [117]
168: [117]
169: [73]
170: [73]
171: [73, 83]
172: [83]
173: [83]
174: [83]
175: [83]
176: [83]
177: [83]
178: [83]
179: [83]
180: [83]
181: [117]
182: [117]
183: [117]
184: [130, 117]
185: [131, 130, 117]
186: [131, 117]
187: [117]
188: [117]
189: [117]
190: [117]
191: [117]
192: [117]
193: [117]
194: [117]
195: [117]
32
0: [105]
1: [105]
2: [105]
3: [131, 105]
4: [131, 105, 132]
5: [105, 132]
6: [105]
7: [105]
8: [105]
9: [105]
10: [105]
11: [105]
12: [105]
13: [105]
14: [105]
15: [92, 74]
16: [92, 74]
17: [92, 74]
18: [84, 92, 74]
19: [84, 92]
20: [84, 92]
21: [84, 92]
22: [84, 92]
23: [84, 92]
24: [84, 92]
25: [84, 92]
26: [84, 92]
27: [105]
28: [117, 105]
29: [92, 93, 74]
30: [46, 47, 48, 49, 50, 51, 52, 53, 45]
31: [46, 47, 48, 49, 50, 51, 52, 53, 63, 45]
32: []
33: [45, 64, 46, 47, 48, 49, 50, 51, 52, 53]
34: [45, 46, 47, 48, 49, 50, 51, 52, 53]
35: [45, 46, 47, 48, 49, 50, 51, 52, 53]
36: [45, 46, 47, 48, 49, 50, 51, 52, 53]
37: [45, 46, 47, 48, 49, 50, 51, 52, 53]
38: [45, 46, 47, 48, 49, 50, 51, 52, 53]
39: [45, 46, 47, 48, 49, 50, 51, 52, 53]
40: [93, 84, 92]
41: [105, 117]
42: [117]
43: [93, 74]
44: [46, 47, 48, 49, 50, 51, 52, 53, 45]
45: [63, 46]
46: [64, 46, 63]
47: [46, 64]
48: [46]
49: [46]
50: [46]
51: [46]
52: [46]
53: [45, 46, 47, 48, 49, 50, 51, 52, 53]
54: [93, 84]
55: [117]
56: [117]
57: [74]
58: [47, 48, 49, 50, 51, 52, 53, 45]
59: [63, 47]
60: [64, 47, 63]
61: [47, 64]
62: [47]
63: [47]
64: [47]
65: [47]
66: [47]
67: [45, 47, 48, 49, 50, 51, 52, 53]
68: [84]
69: [117]
70: [117]
71: [74]
72: [48, 49, 50, 51, 52, 53, 45]
73: [63, 48]
74: [64, 48, 63]
75: [48, 64]
76: [48]
77: [48]
78: [48]
79: [48]
80: [48]
81: [45, 48, 49, 50, 51, 52, 53]
82: [84]
83: [117]
84: [117]
85: [74]
86: [49, 50, 51, 52, 53, 45]
87: [63, 49]
88: [64, 49, 63]
89: [49, 64]
90: [49]
91: [49]
92: [49]
93: [49]
94: [49]
95: [45, 49, 50, 51, 52, 53]
96: [84]
97: [117]
98: [117]
99: [74]
100: [50, 51, 52, 53, 45]
101: [63, 50]
102: [64, 50, 63]
103: [50, 64]
104: [50]
105: [50]
106: [50]
107: [50]
108: [50]
109: [45, 50, 51, 52, 53]
110: [84]
111: [117]
112: [117]
113: [74]
114: [51, 52, 53, 45]
115: [63, 51]
116: [64, 51, 63]
117: [51, 64]
118: [51]
119: [51]
120: [51]
121: [51]
122: [51]
123: [45, 51, 52, 53]
124: [84]
125: [117]
126: [117]
127: [74]
128: [52, 53, 45]
129: [63, 52]
130: [64, 52, 63]
131: [64, 52]
132: [52]
133: [52]
134: [52]
135: [52]
136: [52]
137: [45, 52, 53]
138: [84]
139: [117]
140: [117]
141: [74]
142: [53, 45]
143: [63, 53]
144: [64, 53, 63]
145: [64, 53]
146: [53]
147: [53]
148: [53]
149: [53]
150: [53]
151: [45, 53]
152: [84]
153: [117]
154: [117]
155: [74]
156: [45]
157: [63, 45]
158: [64, 63, 45]
159: [64, 45]
160: [45]
161: [45]
162: [45]
163: [45]
164: [45]
165: [45]
166: [84]
167: [117]
168: [117]
169: [74]
170: [74]
171: [74]
172: [74, 84]
173: [84]
174: [84]
175: [84]
176: [84]
177: [84]
178: [84]
179: [84]
180: [84]
181: [117]
182: [117]
183: [117]
184: [117]
185: [131, 117]
186: [132, 131, 117]
187: [132, 117]
188: [117]
189: [117]
190: [117]
191: [117]
192: [117]
193: [117]
194: [117]
195: [117]
33
0: [105]
1: [105]
2: [105]
3: [105]
4: [132, 105]
5: [132, 105, 133]
6: [105, 133]
7: [105]
8: [105]
9: [105]
10: [105]
11: [105]
12: [105]
13: [105]
14: [105]
15: [92, 75]
16: [92, 75]
17: [92, 75]
18: [92, 75]
19: [85, 92, 75]
20: [85, 92]
21: [85, 92]
22: [85, 92]
23: [85, 92]
24: [85, 92]
25: [85, 92]
26: [85, 92]
27: [105]
28: [117, 105]
29: [92, 93, 75]
30: [46, 47, 48, 49, 50, 51, 52, 53, 45]
31: [46, 47, 48, 49, 50, 51, 52, 53, 45]
32: [64, 46, 47, 48, 49, 50, 51, 52, 53, 45]
33: []
34: [45, 65, 46, 47, 48, 49, 50, 51, 52, 53]
35: [45, 46, 47, 48, 49, 50, 51, 52, 53]
36: [45, 46, 47, 48, 49, 50, 51, 52, 53]
37: [45, 46, 47, 48, 49, 50, 51, 52, 53]
38: [45, 46, 47, 48, 49, 50, 51, 52, 53]
39: [45, 46, 47, 48, 49, 50, 51, 52, 53]
40: [93, 85, 92]
41: [105, 117]
42: [117]
43: [93, 75]
44: [46, 47, 48, 49, 50, 51, 52, 53, 45]
45: [46]
46: [64, 46]
47: [65, 46, 64]
48: [46, 65]
49: [46]
50: [46]
51: [46]
52: [46]
53: [45, 46, 47, 48, 49, 50, 51, 52, 53]
54: [93, 85]
55: [117]
56: [117]
57: [75]
58: [47, 48, 49, 50, 51, 52, 53, 45]
59: [47]
60: [64, 47]
61: [65, 47, 64]
62: [47, 65]
63: [47]
64: [47]
65: [47]
66: [47]
67: [45, 47, 48, 49, 50, 51, 52, 53]
68: [85]
69: [117]
70: [117]
71: [75]
72: [48, 49, 50, 51, 52, 53, 45]
73: [48]
74: [64, 48]
75: [65, 48, 64]
76: [48, 65]
77: [48]
78: [48]
79: [48]
80: [48]
81: [45, 48, 49, 50, 51, 52, 53]
82: [85]
83: [117]
84: [117]
85: [75]
86: [49, 50, 51, 52, 53, 45]
87: [49]
88: [64, 49]
89: [65, 49, 64]
90: [49, 65]
91: [49]
92: [49]
93: [49]
94: [49]
95: [45, 49, 50, 51, 52, 53]
96: [85]
97: [117]
98: [117]
99: [75]
100: [50, 51, 52, 53, 45]
101: [50]
102: [64, 50]
103: [65, 50, 64]
104: [50, 65]
105: [50]
106: [50]
107: [50]
108: [50]
109: [45, 50, 51, 52, 53]
110: [85]
111: [117]
112: [117]
113: [75]
114: [51, 52, 53, 45]
115: [51]
116: [64, 51]
117: [65, 51, 64]
118: [65, 51]
119: [51]
120: [51]
121: [51]
122: [51]
123: [45, 51, 52, 53]
124: [85]
125: [117]
126: [117]
127: [75]
128: [52, 53, 45]
129: [52]
130: [64, 52]
131: [65, 64, 52]
132: [65, 52]
133: [52]
134: [52]
135: [52]
136: [52]
137: [45, 52, 53]
138: [85]
139: [117]
140: [117]
141: [75]
142: [53, 45]
143: [53]
144: [64, 53]
145: [65, 64, 53]
146: [65, 53]
147: [53]
148: [53]
149: [53]
150: [53]
151: [45, 53]
152: [85]
153: [117]
154: [117]
155: [75]
156: [45]
157: [45]
158: [64, 45]
159: [65, 64, 45]
160: [65, 45]
161: [45]
162: [45]
163: [45]
164: [45]
165: [45]
166: [85]
167: [117]
168: [117]
169: [75]
170: [75]
171: [75]
172: [75]
173: [75, 85]
174: [85]
175: [85]
176: [85]
177: [85]
178: [85]
179: [85]
180: [85]
181: [117]
182: [117]
183: [117]
184: [117]
185: [117]
186: [132, 117]
187: [133, 132, 117]
188: [133, 117]
189: [117]
190: [117]
191: [117]
192: [117]
193: [117]
194: [117]
195: [117]
34
0: [105]
1: [105]
2: [105]
3: [105]
4: [105]
5: [133, 105]
6: [133, 105, 134]
7: [105, 134]
8: [105]
9: [105]
10: [105]
11: [105]
12: [105]
13: [105]
14: [105]
15: [92, 76]
16: [92, 76]
17: [92, 76]
18: [92, 76]
19: [92, 76]
20: [86, 92, 76]
21: [86, 92]
22: [86, 92]
23: [86, 92]
24: [86, 92]
25: [86, 92]
26: [86, 92]
27: [105]
28: [117, 105]
29: [92, 93, 76]
30: [46, 47, 48, 49, 50, 51, 52, 53, 45]
31: [46, 47, 48, 49, 50, 51, 52, 53, 45]
32: [46, 47, 48, 49, 50, 51, 52, 53, 45]
33: [65, 46, 47, 48, 49, 50, 51, 52, 53, 45]
34: []
35: [45, 66, 46, 47, 48, 49, 50, 51, 52, 53]
36: [45, 46, 47, 48, 49, 50, 51, 52, 53]
37: [45, 46, 47, 48, 49, 50, 51, 52, 53]
38: [45, 46, 47, 48, 49, 50, 51, 52, 53]
39: [45, 46, 47, 48, 49, 50, 51, 52, 53]
40: [93, 86, 92]
41: [105, 117]
42: [117]
43: [93, 76]
44: [46, 47, 48, 49, 50, 51, 52, 53, 45]
45: [46]
46: [46]
47: [65, 46]
48: [66, 46, 65]
49: [46, 66]
50: [46]
51: [46]
52: [46]
53: [45, 46, 47, 48, 49, 50, 51, 52, 53]
54: [93, 86]
55: [117]
56: [117]
57: [76]
58: [47, 48, 49, 50, 51, 52, 53, 45]
59: [47]
60: [47]
61: [65, 47]
62: [66, 47, 65]
63: [47, 66]
64: [47]
65: [47]
66: [47]
67: [45, 47, 48, 49, 50, 51, 52, 53]
68: [86]
69: [117]
70: [117]
71: [76]
72: [48, 49, 50, 51, 52, 53, 45]
73: [48]
74: [48]
75: [65, 48]
76: [66, 48, 65]
77: [48, 66]
78: [48]
79: [48]
80: [48]
81: [45, 48, 49, 50, 51, 52, 53]
82: [86]
83: [117]
84: [117]
85: [76]
86: [49, 50, 51, 52, 53, 45]
87: [49]
88: [49]
89: [65, 49]
90: [66, 49, 65]
91: [49, 66]
92: [49]
93: [49]
94: [49]
95: [45, 49, 50, 51, 52, 53]
96: [86]
97: [117]
98: [117]
99: [76]
100: [50, 51, 52, 53, 45]
101: [50]
102: [50]
103: [65, 50]
104: [66, 50, 65]
105: [50, 66]
106: [50]
107: [50]
108: [50]
109: [45, 50, 51, 52, 53]
110: [86]
111: [117]
112: [117]
113: [76]
114: [51, 52, 53, 45]
115: [51]
116: [51]
117: [65, 51]
118: [66, 65, 51]
119: [66, 51]
120: [51]
121: [51]
122: [51]
123: [45, 51, 52, 53]
124: [86]
125: [117]
126: [117]
127: [76]
128: [52, 53, 45]
129: [52]
130: [52]
131: [65, 52]
132: [66, 65, 52]
133: [66, 52]
134: [52]
135: [52]
136: [52]
137: [45, 52, 53]
138: [86]
139: [117]
140: [117]
141: [76]
142: [53, 45]
143: [53]
144: [53]
145: [65, 53]
146: [66, 65, 53]
147: [66, 53]
148: [53]
149: [53]
150: [53]
151: [45, 53]
152: [86]
153: [117]
154: [117]
155: [76]
156: [45]
157: [45]
158: [45]
159: [65, 45]
160: [66, 65, 45]
161: [66, 45]
162: [45]
163: [45]
164: [45]
165: [45]
166: [86]
167: [117]
168: [117]
169: [76]
170: [76]
171: [76]
172: [76]
173: [76]
174: [76, 86]
175: [86]
176: [86]
177: [86]
178: [86]
179: [86]
180: [86]
181: [117]
182: [117]
183: [117]
184: [117]
185: [117]
186: [117]
187: [133, 117]
188: [134, 133, 117]
189: [134, 117]
190: [117]
191: [117]
192: [117]
193: [117]
194: [117]
195: [117]
35
0: [105]
1: [105]
2: [105]
3: [105]
4: [105]
5: [105]
6: [134, 105]
7: [134, 105, 135]
8: [105, 135]
9: [105]
10: [105]
11: [105]
12: [105]
13: [105]
14: [105]
15: [92, 77]
16: [92, 77]
17: [92, 77]
18: [92, 77]
19: [92, 77]
20: [92, 77]
21: [87, 92, 77]
22: [87, 92]
23: [87, 92]
24: [87, 92]
25: [87, 92]
26: [87, 92]
27: [105]
28: [117, 105]
29: [92, 93, 77]
30: [46, 47, 48, 49, 50, 51, 52, 53, 45]
31: [46, 47, 48, 49, 50, 51, 52, 53, 45]
32: [46, 47, 48, 49, 50, 51, 52, 53, 45]
33: [46, 47, 48, 49, 50, 51, 52, 53, 45]
34: [66, 46, 47, 48, 49, 50, 51, 52, 53, 45]
35: []
36: [45, 67, 46, 47, 48, 49, 50, 51, 52, 53]
37: [45, 46, 47, 48, 49, 50, 51, 52, 53]
38: [45, 46, 47, 48, 49, 50, 51, 52, 53]
39: [45, 46, 47, 48, 49, 50, 51, 52, 53]
40: [93, 87, 92]
41: [105, 117]
42: [117]
43: [93, 77]
44: [46, 47, 48, 49, 50, 51, 52, 53, 45]
45: [46]
46: [46]
47: [46]
48: [66, 46]
49: [67, 46, 66]
50: [46, 67]
51: [46]
52: [46]
53: [45, 46, 47, 48, 49, 50, 51, 52, 53]
54: [93, 87]
55: [117]
56: [117]
57: [77]
58: [47, 48, 49, 50, 51, 52, 53, 45]
59: [47]
60: [47]
61: [47]
62: [66, 47]
63: [67, 47, 66]
64: [47, 67]
65: [47]
66: [47]
67: [45, 47, 48, 49, 50, 51, 52, 53]
68: [87]
69: [117]
70: [117]
71: [77]
72: [48, 49, 50, 51, 52, 53, 45]
73: [48]
74: [48]
75: [48]
76: [66, 48]
77: [67, 48, 66]
78: [48, 67]
79: [48]
80: [48]
81: [45, 48, 49, 50, 51, 52, 53]
82: [87]
83: [117]
84: [117]
85: [77]
86: [49, 50, 51, 52, 53, 45]
87: [49]
88: [49]
89: [49]
90: [66, 49]
91: [67, 49, 66]
92: [49, 67]
93: [49]
94: [49]
95: [45, 49, 50, 51, 52, 53]
96: [87]
97: [117]
98: [117]
99: [77]
100: [50, 51, 52, 53, 45]
101: [50]
102: [50]
103: [50]
104: [66, 50]
105: [67, 50, 66]
106: [67, 50]
107: [50]
108: [50]
109: [45, 50, 51, 52, 53]
110: [87]
111: [117]
112: [117]
113: [77]
114: [51, 52, 53, 45]
115: [51]
116: [51]
117: [51]
118: [66, 51]
119: [67, 66, 51]
120: [67, 51]
121: [51]
122: [51]
123: [45, 51, 52, 53]
124: [87]
125: [117]
126: [117]
127: [77]
128: [52, 53, 45]
129: [52]
130: [52]
131: [52]
132: [66, 52]
133: [67, 66, 52]
134: [67, 52]
135: [52]
136: [52]
137: [45, 52, 53]
138: [87]
139: [117]
140: [117]
141: [77]
142: [53, 45]
143: [53]
144: [53]
145: [53]
146: [66, 53]
147: [67, 66, 53]
148: [67, 53]
149: [53]
150: [53]
151: [45, 53]
152: [87]
153: [117]
154: [117]
155: [77]
156: [45]
157: [45]
158: [45]
159: [45]
160: [66, 45]
161: [67, 66, 45]
162: [67, 45]
163: [45]
164: [45]
165: [45]
166: [87]
167: [117]
168: [117]
169: [77]
170: [77]
171: [77]
172: [77]
173: [77]
174: [77]
175: [77, 87]
176: [87]
177: [87]
178: [87]
179: [87]
180: [87]
181: [117]
182: [117]
183: [117]
184: [117]
185: [117]
186: [117]
187: [117]
188: [134, 117]
189: [135, 134, 117]
190: [135, 117]
191: [117]
192: [117]
193: [117]
194: [117]
195: [117]
36
0: [105]
1: [105]
2: [105]
3: [105]
4: [105]
5: [105]
6: [105]
7: [135, 105]
8: [135, 105, 136]
9: [105, 136]
10: [105]
11: [105]
12: [105]
13: [105]
14: [105]
15: [92, 78]
16: [92, 78]
17: [92, 78]
18: [92, 78]
19: [92, 78]
20: [92, 78]
21: [92, 78]
22: [88, 92, 78]
23: [88, 92]
24: [88, 92]
25: [88, 92]
26: [88, 92]
27: [105]
28: [117, 105]
29: [92, 93, 78]
30: [46, 47, 48, 49, 50, 51, 52, 53, 45]
31: [46, 47, 48, 49, 50, 51, 52, 53, 45]
32: [46, 47, 48, 49, 50, 51, 52, 53, 45]
33: [46, 47, 48, 49, 50, 51, 52, 53, 45]
34: [46, 47, 48, 49, 50, 51, 52, 53, 45]
35: [67, 46, 47, 48, 49, 50, 51, 52, 53, 45]
36: []
37: [45, 68, 46, 47, 48, 49, 50, 51, 52, 53]
38: [45, 46, 47, 48, 49, 50, 51, 52, 53]
39: [45, 46, 47, 48, 49, 50, 51, 52, 53]
40: [93, 88, 92]
41: [105, 117]
42: [117]
43: [93, 78]
44: [46, 47, 48, 49, 50, 51, 52, 53, 45]
45: [46]
46: [46]
47: [46]
48: [46]
49: [67, 46]
50: [68, 46, 67]
51: [46, 68]
52: [46]
53: [45, 46, 47, 48, 49, 50, 51, 52, 53]
54: [93, 88]
55: [117]
56: [117]
57: [78]
58: [47, 48, 49, 50, 51, 52, 53, 45]
59: [47]
60: [47]
61: [47]
62: [47]
63: [67, 47]
64: [68, 47, 67]
65: [47, 68]
66: [47]
67: [45, 47, 48, 49, 50, 51, 52, 53]
68: [88]
69: [117]
70: [117]
71: [78]
72: [48, 49, 50, 51, 52, 53, 45]
73: [48]
74: [48]
75: [48]
76: [48]
77: [67, 48]
78: [68, 48, 67]
79: [48, 68]
80: [48]
81: [45, 48, 49, 50, 51, 52, 53]
82: [88]
83: [117]
84: [117]
85: [78]
86: [49, 50, 51, 52, 53, 45]
87: [49]
88: [49]
89: [49]
90: [49]
91: [67, 49]
92: [68, 49, 67]
93: [68, 49]
94: [49]
95: [45, 49, 50, 51, 52, 53]
96: [88]
97: [117]
98: [117]
99: [78]
100: [50, 51, 52, 53, 45]
101: [50]
102: [50]
103: [50]
104: [50]
105: [67, 50]
106: [68, 67, 50]
107: [68, 50]
108: [50]
109: [45, 50, 51, 52, 53]
110: [88]
111: [117]
112: [117]
113: [78]
114: [51, 52, 53, 45]
115: [51]
116: [51]
117: [51]
118: [51]
119: [67, 51]
120: [68, 67, 51]
121: [68, 51]
122: [51]
123: [45, 51, 52, 53]
124: [88]
125: [117]
126: [117]
127: [78]
128: [52, 53, 45]
129: [52]
130: [52]
131: [52]
132: [52]
133: [67, 52]
134: [68, 67, 52]
135: [68, 52]
136: [52]
137: [45, 52, 53]
138: [88]
139: [117]
140: [117]
141: [78]
142: [53, 45]
143: [53]
144: [53]
145: [53]
146: [53]
147: [67, 53]
148: [68, 67, 53]
149: [68, 53]
150: [53]
151: [45, 53]
152: [88]
153: [117]
154: [117]
155: [78]
156: [45]
157: [45]
158: [45]
159: [45]
160: [45]
161: [67, 45]
162: [68, 67, 45]
163: [68, 45]
164: [45]
165: [45]
166: [88]
167: [117]
168: [117]
169: [78]
170: [78]
171: [78]
172: [78]
173: [78]
174: [78]
175: [78]
176: [78, 88]
177: [88]
178: [88]
179: [88]
180: [88]
181: [117]
182: [117]
183: [117]
184: [117]
185: [117]
186: [117]
187: [117]
188: [117]
189: [135, 117]
190: [136, 135, 117]
191: [136, 117]
192: [117]
193: [117]
194: [117]
195: [117]
37
0: [105]
1: [105]
2: [105]
3: [105]
4: [105]
5: [105]
6: [105]
7: [105]
8: [136, 105]
9: [136, 105, 137]
10: [105, 137]
11: [105]
12: [105]
13: [105]
14: [105]
15: [92, 79]
16: [92, 79]
17: [92, 79]
18: [92, 79]
19: [92, 79]
20: [92, 79]
21: [92, 79]
22: [92, 79]
23: [89, 92, 79]
24: [89, 92]
25: [89, 92]
26: [89, 92]
27: [105]
28: [117, 105]
29: [92, 93, 79]
30: [46, 47, 48, 49, 50, 51, 52, 53, 45]
31: [46, 47, 48, 49, 50, 51, 52, 53, 45]
32: [46, 47, 48, 49, 50, 51, 52, 53, 45]
33: [46, 47, 48, 49, 50, 51, 52, 53, 45]
34: [46, 47, 48, 49, 50, 51, 52, 53, 45]
35: [46, 47, 48, 49, 50, 51, 52, 53, 45]
36: [68, 46, 47, 48, 49, 50, 51, 52, 53, 45]
37: []
38: [45, 69, 46, 47, 48, 49, 50, 51, 52, 53]
39: [45, 46, 47, 48, 49, 50, 51, 52, 53]
40: [93, 89, 92]
41: [105, 117]
42: [117]
43: [93, 79]
44: [46, 47, 48, 49, 50, 51, 52, 53, 45]
45: [46]
46: [46]
47: [46]
48: [46]
49: [46]
50: [68, 46]
51: [69, 46, 68]
52: [46, 69]
53: [45, 46, 47, 48, 49, 50, 51, 52, 53]
54: [93, 89]
55: [117]
56: [117]
57: [79]
58: [47, 48, 49, 50, 51, 52, 53, 45]
59: [47]
60: [47]
61: [47]
62: [47]
63: [47]
64: [68, 47]
65: [69, 47, 68]
66: [69, 47]
67: [45, 47, 48, 49, 50, 51, 52, 53]
68: [89]
69: [117]
70: [117]
71: [79]
72: [48, 49, 50, 51, 52, 53, 45]
73: [48]
74: [48]
75: [48]
76: [48]
77: [48]
78: [68, 48]
79: [69, 48, 68]
80: [69, 48]
81: [45, 48, 49, 50, 51, 52, 53]
82: [89]
83: [117]
84: [117]
85: [79]
86: [49, 50, 51, 52, 53, 45]
87: [49]
88: [49]
89: [49]
90: [49]
91: [49]
92: [68, 49]
93: [69, 68, 49]
94: [69, 49]
95: [45, 49, 50, 51, 52, 53]
96: [89]
97: [117]
98: [117]
99: [79]
100: [50, 51, 52, 53, 45]
101: [50]
102: [50]
103: [50]
104: [50]
105: [50]
106: [68, 50]
107: [69, 68, 50]
108: [69, 50]
109: [45, 50, 51, 52, 53]
110: [89]
111: [117]
112: [117]
113: [79]
114: [51, 52, 53, 45]
115: [51]
116: [51]
117: [51]
118: [51]
119: [51]
120: [68, 51]
121: [69, 68, 51]
122: [69, 51]
123: [45, 51, 52, 53]
124: [89]
125: [117]
126: [117]
127: [79]
128: [52, 53, 45]
129: [52]
130: [52]
131: [52]
132: [52]
133: [52]
134: [68, 52]
135: [69, 68, 52]
136: [69, 52]
137: [45, 52, 53]
138: [89]
139: [117]
140: [117]
141: [79]
142: [53, 45]
143: [53]
144: [53]
145: [53]
146: [53]
147: [53]
148: [68, 53]
149: [69, 68, 53]
150: [69, 53]
151: [45, 53]
152: [89]
153: [117]
154: [117]
155: [79]
156: [45]
157: [45]
158: [45]
159: [45]
160: [45]
161: [45]
162: [68, 45]
163: [69, 68, 45]
164: [69, 45]
165: [45]
166: [89]
167: [117]
168: [117]
169: [79]
170: [79]
171: [79]
172: [79]
173: [79]
174: [79]
175: [79]
176: [79]
177: [79, 89]
178: [89]
179: [89]
180: [89]
181: [117]
182: [117]
183: [117]
184: [117]
185: [117]
186: [117]
187: [117]
188: [117]
189: [117]
190: [136, 117]
191: [137, 136, 117]
192: [137, 117]
193: [117]
194: [117]
195: [117]
38
0: [105]
1: [105]
2: [105]
3: [105]
4: [105]
5: [105]
6: [105]
7: [105]
8: [105]
9: [137, 105]
10: [137, 105, 138]
11: [105, 138]
12: [105]
13: [105]
14: [105]
15: [92, 80]
16: [92, 80]
17: [92, 80]
18: [92, 80]
19: [92, 80]
20: [92, 80]
21: [92, 80]
22: [92, 80]
23: [92, 80]
24: [90, 92, 80]
25: [90, 92]
26: [90, 92]
27: [105]
28: [117, 105]
29: [92, 93, 80]
30: [46, 47, 48, 49, 50, 51, 52, 53, 45]
31: [46, 47, 48, 49, 50, 51, 52, 53, 45]
32: [46, 47, 48, 49, 50, 51, 52, 53, 45]
33: [46, 47, 48, 49, 50, 51, 52, 53, 45]
34: [46, 47, 48, 49, 50, 51, 52, 53, 45]
35: [46, 47, 48, 49, 50, 51, 52, 53, 45]
36: [46, 47, 48, 49, 50, 51, 52, 53, 45]
37: [69, 46, 47, 48, 49, 50, 51, 52, 53, 45]
38: []
39: [45, 70, 46, 47, 48, 49, 50, 51, 52, 53]
40: [93, 90, 92]
41: [105, 117]
42: [117]
43: [93, 80]
44: [46, 47, 48, 49, 50, 51, 52, 53, 45]
45: [46]
46: [46]
47: [46]
48: [46]
49: [46]
50: [46]
51: [69, 46]
52: [70, 46, 69]
53: [45, 70, 46, 47, 48, 49, 50, 51, 52, 53]
54: [93, 90]
55: [117]
56: [117]
57: [80]
58: [47, 48, 49, 50, 51, 52, 53, 45]
59: [47]
60: [47]
61: [47]
62: [47]
63: [47]
64: [47]
65: [69, 47]
66: [70, 69, 47]
67: [45, 70, 47, 48, 49, 50, 51, 52, 53]
68: [90]
69: [117]
70: [117]
71: [80]
72: [48, 49, 50, 51, 52, 53, 45]
73: [48]
74: [48]
75: [48]
76: [48]
77: [48]
78: [48]
79: [69, 48]
80: [70, 69, 48]
81: [45, 70, 48, 49, 50, 51, 52, 53]
82: [90]
83: [117]
84: [117]
85: [80]
86: [49, 50, 51, 52, 53, 45]
87: [49]
88: [49]
89: [49]
90: [49]
91: [49]
92: [49]
93: [69, 49]
94: [70, 69, 49]
95: [45, 70, 49, 50, 51, 52, 53]
96: [90]
97: [117]
98: [117]
99: [80]
100: [50, 51, 52, 53, 45]
101: [50]
102: [50]
103: [50]
104: [50]
105: [50]
106: [50]
107: [69, 50]
108: [70, 69, 50]
109: [45, 70, 50, 51, 52, 53]
110: [90]
111: [117]
112: [117]
113: [80]
114: [51, 52, 53, 45]
115: [51]
116: [51]
117: [51]
118: [51]
119: [51]
120: [51]
121: [69, 51]
122: [70, 69, 51]
123: [45, 70, 51, 52, 53]
124: [90]
125: [117]
126: [117]
127: [80]
128: [52, 53, 45]
129: [52]
130: [52]
131: [52]
132: [52]
133: [52]
134: [52]
135: [69, 52]
136: [70, 69, 52]
137: [45, 70, 52, 53]
138: [90]
139: [117]
140: [117]
141: [80]
142: [53, 45]
143: [53]
144: [53]
145: [53]
146: [53]
147: [53]
148: [53]
149: [69, 53]
150: [70, 69, 53]
151: [45, 70, 53]
152: [90]
153: [117]
154: [117]
155: [80]
156: [45]
157: [45]
158: [45]
159: [45]
160: [45]
161: [45]
162: [45]
163: [69, 45]
164: [70, 69, 45]
165: [45, 70]
166: [90]
167: [117]
168: [117]
169: [80]
170: [80]
171: [80]
172: [80]
173: [80]
174: [80]
175: [80]
176: [80]
177: [80]
178: [80, 90]
179: [90]
180: [90]
181: [117]
182: [117]
183: [117]
184: [117]
185: [117]
186: [117]
187: [117]
188: [117]
189: [117]
190: [117]
191: [137, 117]
192: [138, 137, 117]
193: [138, 117]
194: [117]
195: [117]
39
0: [105]
1: [105]
2: [105]
3: [105]
4: [105]
5: [105]
6: [105]
7: [105]
8: [105]
9: [105]
10: [138, 105]
11: [138, 105, 139]
12: [105, 139]
13: [105]
14: [105]
15: [92, 81]
16: [92, 81]
17: [92, 81]
18: [92, 81]
19: [92, 81]
20: [92, 81]
21: [92, 81]
22: [92, 81]
23: [92, 81]
24: [92, 81]
25: [91, 92, 81]
26: [91, 92]
27: [105]
28: [117, 105]
29: [92, 93, 81]
30: [46, 47, 48, 49, 50, 51, 52, 53, 45]
31: [46, 47, 48, 49, 50, 51, 52, 53, 45]
32: [46, 47, 48, 49, 50, 51, 52, 53, 45]
33: [46, 47, 48, 49, 50, 51, 52, 53, 45]
34: [46, 47, 48, 49, 50, 51, 52, 53, 45]
35: [46, 47, 48, 49, 50, 51, 52, 53, 45]
36: [46, 47, 48, 49, 50, 51, 52, 53, 45]
37: [46, 47, 48, 49, 50, 51, 52, 53, 45]
38: [70, 46, 47, 48, 49, 50, 51, 52, 53, 45]
39: []
40: [93, 91, 92]
41: [105, 117]
42: [117]
43: [93, 81]
44: [46, 47, 48, 49, 50, 51, 52, 53, 45]
45: [46]
46: [46]
47: [46]
48: [46]
49: [46]
50: [46]
51: [46]
52: [70, 46]
53: [45, 70, 46, 47, 48, 49, 50, 51, 52, 53]
54: [93, 91]
55: [117]
56: [117]
57: [81]
58: [47, 48, 49, 50, 51, 52, 53, 45]
59: [47]
60: [47]
61: [47]
62: [47]
63: [47]
64: [47]
65: [47]
66: [70, 47]
67: [45, 70, 47, 48, 49, 50, 51, 52, 53]
68: [91]
69: [117]
70: [117]
71: [81]
72: [48, 49, 50, 51, 52, 53, 45]
73: [48]
74: [48]
75: [48]
76: [48]
77: [48]
78: [48]
79: [48]
80: [70, 48]
81: [45, 70, 48, 49, 50, 51, 52, 53]
82: [91]
83: [117]
84: [117]
85: [81]
86: [49, 50, 51, 52, 53, 45]
87: [49]
88: [49]
89: [49]
90: [49]
91: [49]
92: [49]
93: [49]
94: [70, 49]
95: [45, 70, 49, 50, 51, 52, 53]
96: [91]
97: [117]
98: [117]
99: [81]
100: [50, 51, 52, 53, 45]
101: [50]
102: [50]
103: [50]
104: [50]
105: [50]
106: [50]
107: [50]
108: [70, 50]
109: [45, 70, 50, 51, 52, 53]
110: [91]
111: [117]
112: [117]
113: [81]
114: [51, 52, 53, 45]
115: [51]
116: [51]
117: [51]
118: [51]
119: [51]
120: [51]
121: [51]
122: [70, 51]
123: [45, 70, 51, 52, 53]
124: [91]
125: [117]
126: [117]
127: [81]
128: [52, 53, 45]
129: [52]
130: [52]
131: [52]
132: [52]
133: [52]
134: [52]
135: [52]
136: [70, 52]
137: [45, 70, 52, 53]
138: [91]
139: [117]
140: [117]
141: [81]
142: [53, 45]
143: [53]
144: [53]
145: [53]
146: [53]
147: [53]
148: [53]
149: [53]
150: [70, 53]
151: [45, 70, 53]
152: [91]
153: [117]
154: [117]
155: [81]
156: [45]
157: [45]
158: [45]
159: [45]
160: [45]
161: [45]
162: [45]
163: [45]
164: [45, 70]
165: [45, 70]
166: [91]
167: [117]
168: [117]
169: [81]
170: [81]
171: [81]
172: [81]
173: [81]
174: [81]
175: [81]
176: [81]
177: [81]
178: [81]
179: [81, 91]
180: [91]
181: [117]
182: [117]
183: [117]
184: [117]
185: [117]
186: [117]
187: [117]
188: [117]
189: [117]
190: [117]
191: [117]
192: [138, 117]
193: [139, 138, 117]
194: [139, 117]
195: [117]
40
0: [105]
1: [105]
2: [105]
3: [105]
4: [105]
5: [105]
6: [105]
7: [105]
8: [105]
9: [105]
10: [105]
11: [139, 105]
12: [139, 105, 140]
13: [105, 140]
14: [105]
15: [92, 71]
16: [71, 92, 82]
17: [71, 92, 83, 82]
18: [71, 92, 84, 83, 82]
19: [71, 92, 85, 84, 83, 82]
20: [71, 92, 86, 85, 84, 83, 82]
21: [71, 92, 87, 86, 85, 84, 83, 82]
22: [71, 92, 88, 87, 86, 85, 84, 83, 82]
23: [71, 92, 89, 88, 87, 86, 85, 84, 83, 82]
24: [71, 92, 90, 89, 88, 87, 86, 85, 84, 83, 82]
25: [71, 91, 92, 90, 89, 88, 87, 86, 85, 84, 83, 82]
26: [71, 91, 92, 90, 89, 88, 87, 86, 85, 84, 83, 82]
27: [105, 140]
28: [117, 105]
29: [92, 93, 71]
30: [92, 93, 82]
31: [92, 93, 83]
32: [92, 93, 84]
33: [92, 93, 85]
34: [92, 93, 86]
35: [92, 93, 87]
36: [92, 93, 88]
37: [92, 93, 89]
38: [92, 90, 93]
39: [92, 91, 93]
40: []
41: [105, 140, 117]
42: [117]
43: [93, 71]
44: [93, 82]
45: [93, 83]
46: [93, 84]
47: [93, 85]
48: [93, 86]
49: [93, 87]
50: [93, 88]
51: [93, 89]
52: [93, 90]
53: [93, 91]
54: [82, 83, 84, 85, 86, 87, 88, 89, 90, 91, 93, 71]
55: [140, 117]
56: [117]
57: [71]
58: [82]
59: [83]
60: [84]
61: [85]
62: [86]
63: [87]
64: [88]
65: [89]
66: [90]
67: [91]
68: [82, 83, 84, 85, 86, 87, 88, 89, 90, 91, 71]
69: [140, 117]
70: [117]
71: [71]
72: [82]
73: [83]
74: [84]
75: [85]
76: [86]
77: [87]
78: [88]
79: [89]
80: [90]
81: [91]
82: [82, 83, 84, 85, 86, 87, 88, 89, 90, 91, 71]
83: [140, 117]
84: [117]
85: [71]
86: [82]
87: [83]
88: [84]
89: [85]
90: [86]
91: [87]
92: [88]
93: [89]
94: [90]
95: [91]
96: [82, 83, 84, 85, 86, 87, 88, 89, 90, 91, 71]
97: [140, 117]
98: [117]
99: [71]
100: [82]
101: [83]
102: [84]
103: [85]
104: [86]
105: [87]
106: [88]
107: [89]
108: [90]
109: [91]
110: [82, 83, 84, 85, 86, 87, 88, 89, 90, 91, 71]
111: [140, 117]
112: [117]
113: [71]
114: [82]
115: [83]
116: [84]
117: [85]
118: [86]
119: [87]
120: [88]
121: [89]
122: [90]
123: [91]
124: [82, 83, 84, 85, 86, 87, 88, 89, 90, 91, 71]
125: [140, 117]
126: [117]
127: [71]
128: [82]
129: [83]
130: [84]
131: [85]
132: [86]
133: [87]
134: [88]
135: [89]
136: [90]
137: [91]
138: [82, 83, 84, 85, 86, 87, 88, 89, 90, 91, 71]
139: [140, 117]
140: [117]
141: [71]
142: [82]
143: [83]
144: [84]
145: [85]
146: [86]
147: [87]
148: [88]
149: [89]
150: [90]
151: [91]
152: [82, 83, 84, 85, 86, 87, 88, 89, 90, 91, 71]
153: [140, 117]
154: [117]
155: [71]
156: [82]
157: [83]
158: [84]
159: [85]
160: [86]
161: [87]
162: [88]
163: [89]
164: [90]
165: [91]
166: [82, 83, 84, 85, 86, 87, 88, 89, 90, 91, 71]
167: [140, 117]
168: [117]
169: [71]
170: [82, 71]
171: [82, 83, 71]
172: [82, 83, 84, 71]
173: [82, 83, 84, 85, 71]
174: [82, 83, 84, 85, 86, 71]
175: [82, 83, 84, 85, 86, 87, 71]
176: [82, 83, 84, 85, 86, 87, 88, 71]
177: [82, 83, 84, 85, 86, 87, 88, 89, 71]
178: [82, 83, 84, 85, 86, 87, 88, 89, 90, 71]
179: [82, 83, 84, 85, 86, 87, 88, 89, 90, 91, 71]
180: [82, 83, 84, 85, 86, 87, 88, 89, 90, 91, 71]
181: [140, 117]
182: [117]
183: [117]
184: [117]
185: [117]
186: [117]
187: [117]
188: [117]
189: [117]
190: [117]
191: [117]
192: [117]
193: [139, 117]
194: [140, 139, 117]
195: [140, 117]
41
0: [105, 106, 107, 108, 109, 110, 111, 112, 113, 114, 115, 103]
1: [105, 106, 107, 108, 109, 110, 111, 112, 113, 114, 115, 103]
2: [105, 106, 107, 108, 109, 110, 111, 112, 113, 114, 115, 103]
3: [105, 106, 107, 108, 109, 110, 111, 112, 113, 114, 115, 103]
4: [105, 106, 107, 108, 109, 110, 111, 112, 113, 114, 115, 103]
5: [105, 106, 107, 108, 109, 110, 111, 112, 113, 114, 115, 103]
6: [105, 106, 107, 108, 109, 110, 111, 112, 113, 114, 115, 103]
7: [105, 106, 107, 108, 109, 110, 111, 112, 113, 114, 115, 103]
8: [105, 106, 107, 108, 109, 110, 111, 112, 113, 114, 115, 103]
9: [105, 106, 107, 108, 109, 110, 111, 112, 113, 114, 115, 103]
10: [105, 106, 107, 108, 109, 110, 111, 112, 113, 114, 115, 103]
11: [105, 106, 107, 108, 109, 110, 111, 112, 113, 114, 115, 103]
12: [105, 106, 107, 108, 109, 110, 111, 112, 113, 114, 115, 140, 103]
13: [105, 106, 107, 108, 109, 110, 111, 112, 113, 114, 115, 140, 103]
14: [116, 105, 106, 107, 108, 109, 110, 111, 112, 113, 114, 115, 103]
15: [116]
16: [116]
17: [116]
18: [116]
19: [116]
20: [116]
21: [116]
22: [116]
23: [116]
24: [116]
25: [116]
26: [116, 140]
27: [105, 106, 107, 108, 109, 110, 111, 112, 113, 114, 115, 116, 140, 103]
28: [117, 116, 105, 106, 107, 108, 109, 110, 111, 112, 113, 114, 115, 103]
29: [117, 105]
30: [117, 105]
31: [117, 105]
32: [117, 105]
33: [117, 105]
34: [117, 105]
35: [117, 105]
36: [117, 105]
37: [117, 105]
38: [117, 105]
39: [117, 105]
40: [117, 140, 105]
41: []
42: [117, 116, 106, 107, 108, 109, 110, 111, 112, 113, 114, 115, 103]
43: [106]
44: [106]
45: [106]
46: [106]
47: [106]
48: [106]
49: [106]
50: [106]
51: [106]
52: [106]
53: [106]
54: [140, 106]
55: [103, 140, 106, 107, 108, 109, 110, 111, 112, 113, 114, 117, 115, 116]
56: [117, 116, 107, 108, 109, 110, 111, 112, 113, 114, 115, 103]
57: [107]
58: [107]
59: [107]
60: [107]
61: [107]
62: [107]
63: [107]
64: [107]
65: [107]
66: [107]
67: [107]
68: [140, 107]
69: [103, 140, 107, 108, 109, 110, 111, 112, 113, 114, 117, 115, 116]
70: [117, 116, 108, 109, 110, 111, 112, 113, 114, 115, 103]
71: [108]
72: [108]
73: [108]
74: [108]
75: [108]
76: [108]
77: [108]
78: [108]
79: [108]
80: [108]
81: [108]
82: [140, 108]
83: [103, 140, 108, 109, 110, 111, 112, 113, 114, 117, 115, 116]
84: [117, 116, 109, 110, 111, 112, 113, 114, 115, 103]
85: [109]
86: [109]
87: [109]
88: [109]
89: [109]
90: [109]
91: [109]
92: [109]
93: [109]
94: [109]
95: [109]
96: [140, 109]
97: [103, 140, 109, 110, 111, 112, 113, 114, 117, 115, 116]
98: [117, 116, 110, 111, 112, 113, 114, 115, 103]
99: [110]
100: [110]
101: [110]
102: [110]
103: [110]
104: [110]
105: [110]
106: [110]
107: [110]
108: [110]
109: [110]
110: [140, 110]
111: [103, 140, 110, 111, 112, 113, 114, 117, 115, 116]
112: [117, 116, 111, 112, 113, 114, 115, 103]
113: [111]
114: [111]
115: [111]
116: [111]
117: [111]
118: [111]
119: [111]
120: [111]
121: [111]
122: [111]
123: [111]
124: [140, 111]
125: [103, 140, 111, 112, 113, 114, 117, 115, 116]
126: [117, 116, 112, 113, 114, 115, 103]
127: [112]
128: [112]
129: [112]
130: [112]
131: [112]
132: [112]
133: [112]
134: [112]
135: [112]
136: [112]
137: [112]
138: [140, 112]
139: [103, 140, 112, 113, 114, 117, 115, 116]
140: [117, 116, 113, 114, 115, 103]
141: [113]
142: [113]
143: [113]
144: [113]
145: [113]
146: [113]
147: [113]
148: [113]
149: [113]
150: [113]
151: [113]
152: [140, 113]
153: [103, 140, 113, 114, 117, 115, 116]
154: [117, 116, 114, 115, 103]
155: [114]
156: [114]
157: [114]
158: [114]
159: [114]
160: [114]
161: [114]
162: [114]
163: [114]
164: [114]
165: [114]
166: [140, 114]
167: [103, 140, 114, 117, 115, 116]
168: [117, 116, 103, 115]
169: [115]
170: [115]
171: [115]
172: [115]
173: [115]
174: [115]
175: [115]
176: [115]
177: [115]
178: [115]
179: [115]
180: [140, 115]
181: [103, 140, 117, 115, 116]
182: [117, 103, 116]
183: [103, 117, 116]
184: [103, 117, 116]
185: [103, 117, 116]
186: [103, 117, 116]
187: [103, 117, 116]
188: [103, 117, 116]
189: [103, 117, 116]
190: [103, 117, 116]
191: [103, 117, 116]
192: [103, 117, 116]
193: [103, 117, 116]
194: [103, 140, 117, 116]
195: [103, 140, 117, 116]
42
0: [103, 128, 106, 107, 108, 109, 110, 111, 112, 113, 114, 115]
1: [103, 128, 106, 107, 108, 109, 110, 111, 112, 113, 114, 115]
2: [103, 106, 107, 108, 109, 110, 111, 112, 113, 114, 115]
3: [103, 106, 107, 108, 109, 110, 111, 112, 113, 114, 115]
4: [103, 106, 107, 108, 109, 110, 111, 112, 113, 114, 115]
5: [103, 106, 107, 108, 109, 110, 111, 112, 113, 114, 115]
6: [103, 106, 107, 108, 109, 110, 111, 112, 113, 114, 115]
7: [103, 106, 107, 108, 109, 110, 111, 112, 113, 114, 115]
8: [103, 106, 107, 108, 109, 110, 111, 112, 113, 114, 115]
9: [103, 106, 107, 108, 109, 110, 111, 112, 113, 114, 115]
10: [103, 106, 107, 108, 109, 110, 111, 112, 113, 114, 115]
11: [103, 106, 107, 108, 109, 110, 111, 112, 113, 114, 115]
12: [103, 106, 107, 108, 109, 110, 111, 112, 113, 114, 115]
13: [106, 103, 107, 108, 109, 110, 111, 112, 113, 114, 115]
14: [103, 128, 106, 107, 108, 109, 110, 111, 112, 113, 114, 115, 116]
15: [128, 116]
16: [116]
17: [116]
18: [116]
19: [116]
20: [116]
21: [116]
22: [116]
23: [116]
24: [116]
25: [116]
26: [116]
27: [106, 107, 103, 108, 109, 110, 111, 112, 113, 114, 115, 116]
28: [103, 128, 106, 107, 108, 109, 110, 111, 112, 113, 114, 117, 115, 116]
29: [128, 117]
30: [117]
31: [117]
32: [117]
33: [117]
34: [117]
35: [117]
36: [117]
37: [117]
38: [117]
39: [117]
40: [117]
41: [106, 107, 108, 103, 109, 110, 111, 112, 113, 114, 115, 116, 117]
42: []
43: [106, 128, 118]
44: [106, 118]
45: [106, 118]
46: [106, 118]
47: [106, 118]
48: [106, 118]
49: [106, 118]
50: [106, 118]
51: [106, 118]
52: [106, 118]
53: [106, 118]
54: [106, 118]
55: [106, 107, 108, 109, 103, 110, 111, 112, 113, 114, 115, 116, 117, 118]
56: [128, 107, 108, 109, 110, 111, 112, 113, 114, 115, 116, 117, 118, 103]
57: [107, 128]
58: [107]
59: [107]
60: [107]
61: [107]
62: [107]
63: [107]
64: [107]
65: [107]
66: [107]
67: [107]
68: [107]
69: [107, 108, 109, 110, 103, 111, 112, 113, 114, 115, 116, 117, 118]
70: [128, 108, 109, 110, 111, 112, 113, 114, 115, 116, 117, 118, 103]
71: [108, 128]
72: [108]
73: [108]
74: [108]
75: [108]
76: [108]
77: [108]
78: [108]
79: [108]
80: [108]
81: [108]
82: [108]
83: [108, 109, 110, 111, 103, 112, 113, 114, 115, 116, 117, 118]
84: [128, 109, 110, 111, 112, 113, 114, 115, 116, 117, 118, 103]
85: [109, 128]
86: [109]
87: [109]
88: [109]
89: [109]
90: [109]
91: [109]
92: [109]
93: [109]
94: [109]
95: [109]
96: [109]
97: [109, 110, 111, 112, 103, 113, 114, 115, 116, 117, 118]
98: [128, 110, 111, 112, 113, 114, 115, 116, 117, 118, 103]
99: [110, 128]
100: [110]
101: [110]
102: [110]
103: [110]
104: [110]
105: [110]
106: [110]
107: [110]
108: [110]
109: [110]
110: [110]
111: [110, 111, 112, 113, 103, 114, 115, 116, 117, 118]
112: [128, 111, 112, 113, 114, 115, 116, 117, 118, 103]
113: [111, 128]
114: [111]
115: [111]
116: [111]
117: [111]
118: [111]
119: [111]
120: [111]
121: [111]
122: [111]
123: [111]
124: [111]
125: [111, 112, 113, 114, 103, 115, 116, 117, 118]
126: [128, 112, 113, 114, 115, 116, 117, 118, 103]
127: [112, 128]
128: [112]
129: [112]
130: [112]
131: [112]
132: [112]
133: [112]
134: [112]
135: [112]
136: [112]
137: [112]
138: [112]
139: [112, 113, 114, 115, 103, 116, 117, 118]
140: [128, 113, 114, 115, 116, 117, 118, 103]
141: [113, 128]
142: [113]
143: [113]
144: [113]
145: [113]
146: [113]
147: [113]
148: [113]
149: [113]
150: [113]
151: [113]
152: [113]
153: [113, 114, 115, 116, 117, 118, 103]
154: [128, 114, 115, 116, 117, 118, 103]
155: [114, 128]
156: [114]
157: [114]
158: [114]
159: [114]
160: [114]
161: [114]
162: [114]
163: [114]
164: [114]
165: [114]
166: [114]
167: [114, 115, 116, 117, 118, 103]
168: [128, 115, 116, 117, 118, 103]
169: [115, 128]
170: [115]
171: [115]
172: [115]
173: [115]
174: [115]
175: [115]
176: [115]
177: [115]
178: [115]
179: [115]
180: [115]
181: [115, 116, 117, 118, 103]
182: [128, 116, 117, 118, 103]
183: [128, 116, 117, 118, 103]
184: [116, 117, 118, 103]
185: [116, 117, 118, 103]
186: [116, 117, 118, 103]
187: [116, 117, 118, 103]
188: [116, 117, 118, 103]
189: [116, 117, 118, 103]
190: [116, 117, 118, 103]
191: [116, 117, 118, 103]
192: [116, 117, 118, 103]
193: [116, 117, 118, 103]
194: [116, 117, 118, 103]
195: [116, 117, 118, 103]
43
0: [128, 106]
1: [128, 129, 106]
2: [129, 106]
3: [106]
4: [106]
5: [106]
6: [106]
7: [106]
8: [106]
9: [106]
10: [106]
11: [106]
12: [106]
13: [106]
14: [128, 106]
15: [72, 73, 74, 75, 76, 77, 78, 79, 80, 81, 71]
16: [72, 73, 74, 75, 76, 77, 78, 79, 80, 81, 71]
17: [73, 74, 75, 76, 77, 78, 79, 80, 81, 71]
18: [74, 75, 76, 77, 78, 79, 80, 81, 71]
19: [75, 76, 77, 78, 79, 80, 81, 71]
20: [76, 77, 78, 79, 80, 81, 71]
21: [77, 78, 79, 80, 81, 71]
22: [80, 81, 78, 79, 71]
23: [80, 81, 79, 71]
24: [80, 81, 71]
25: [81, 71]
26: [71]
27: [106]
28: [128, 106]
29: [72, 73, 74, 75, 76, 77, 78, 79, 80, 81, 93, 71]
30: [93, 72]
31: [93, 73]
32: [93, 74]
33: [93, 75]
34: [93, 76]
35: [93, 77]
36: [93, 78]
37: [93, 79]
38: [93, 80]
39: [93, 81]
40: [93, 71]
41: [106]
42: [118, 128, 106]
43: []
44: [94, 72, 93]
45: [94, 73, 93]
46: [94, 74, 93]
47: [94, 75, 93]
48: [94, 76, 93]
49: [94, 77, 93]
50: [94, 78, 93]
51: [94, 79, 93]
52: [94, 80, 93]
53: [94, 81, 93]
54: [94, 93, 71]
55: [106, 118]
56: [118, 128]
57: [71, 72, 94, 73, 74, 75, 76, 77, 78, 79, 80, 81]
58: [72, 94]
59: [73, 94]
60: [74, 94]
61: [75, 94]
62: [76, 94]
63: [77, 94]
64: [78, 94]
65: [79, 94]
66: [80, 94]
67: [94, 81]
68: [94, 71]
69: [118]
70: [118, 128]
71: [71, 72, 73, 74, 75, 76, 77, 78, 79, 80, 81]
72: [72]
73: [73]
74: [74]
75: [75]
76: [76]
77: [77]
78: [78]
79: [79]
80: [80]
81: [81]
82: [71]
83: [118]
84: [118, 128]
85: [71, 72, 73, 74, 75, 76, 77, 78, 79, 80, 81]
86: [72]
87: [73]
88: [74]
89: [75]
90: [76]
91: [77]
92: [78]
93: [79]
94: [80]
95: [81]
96: [71]
97: [118]
98: [118, 128]
99: [71, 72, 73, 74, 75, 76, 77, 78, 79, 80, 81]
100: [72]
101: [73]
102: [74]
103: [75]
104: [76]
105: [77]
106: [78]
107: [79]
108: [80]
109: [81]
110: [71]
111: [118]
112: [118, 128]
113: [71, 72, 73, 74, 75, 76, 77, 78, 79, 80, 81]
114: [72]
115: [73]
116: [74]
117: [75]
118: [76]
119: [77]
120: [78]
121: [79]
122: [80]
123: [81]
124: [71]
125: [118]
126: [118, 128]
127: [71, 72, 73, 74, 75, 76, 77, 78, 79, 80, 81]
128: [72]
129: [73]
130: [74]
131: [75]
132: [76]
133: [77]
134: [78]
135: [79]
136: [80]
137: [81]
138: [71]
139: [118]
140: [118, 128]
141: [71, 72, 73, 74, 75, 76, 77, 78, 79, 80, 81]
142: [72]
143: [73]
144: [74]
145: [75]
146: [76]
147: [77]
148: [78]
149: [79]
150: [80]
151: [81]
152: [71]
153: [118]
154: [118, 128]
155: [71, 72, 73, 74, 75, 76, 77, 78, 79, 80, 81]
156: [72]
157: [73]
158: [74]
159: [75]
160: [76]
161: [77]
162: [78]
163: [79]
164: [80]
165: [81]
166: [71]
167: [118]
168: [118, 128]
169: [71, 72, 73, 74, 75, 76, 77, 78, 79, 80, 81]
170: [71, 72, 73, 74, 75, 76, 77, 78, 79, 80, 81]
171: [71, 73, 74, 75, 76, 77, 78, 79, 80, 81]
172: [71, 74, 75, 76, 77, 78, 79, 80, 81]
173: [71, 75, 76, 77, 78, 79, 80, 81]
174: [71, 76, 77, 78, 79, 80, 81]
175: [71, 77, 78, 79, 80, 81]
176: [71, 78, 79, 80, 81]
177: [71, 79, 80, 81]
178: [71, 80, 81]
179: [71, 81]
180: [71]
181: [118]
182: [118, 128]
183: [129, 118, 128]
184: [129, 118]
185: [118]
186: [118]
187: [118]
188: [118]
189: [118]
190: [118]
191: [118]
192: [118]
193: [118]
194: [118]
195: [118]
44
0: [106]
1: [129, 106]
2: [129, 106, 130]
3: [106, 130]
4: [106]
5: [106]
6: [106]
7: [106]
8: [106]
9: [106]
10: [106]
11: [106]
12: [106]
13: [106]
14: [106]
15: [72]
16: [82, 72]
17: [82]
18: [82]
19: [82]
20: [82]
21: [82]
22: [82]
23: [82]
24: [82]
25: [82]
26: [82]
27: [106]
28: [106]
29: [93, 72]
30: [45, 62, 46, 47, 48, 49, 50, 51, 52, 53]
31: [45, 62, 46, 47, 48, 49, 50, 51, 52, 53]
32: [45, 46, 47, 48, 49, 50, 51, 52, 53]
33: [45, 46, 47, 48, 49, 50, 51, 52, 53]
34: [45, 46, 47, 48, 49, 50, 51, 52, 53]
35: [45, 46, 47, 48, 49, 50, 51, 52, 53]
36: [45, 46, 47, 48, 49, 50, 51, 52, 53]
37: [45, 46, 47, 48, 49, 50, 51, 52, 53]
38: [45, 46, 47, 48, 49, 50, 51, 52, 53]
39: [45, 46, 47, 48, 49, 50, 51, 52, 53]
40: [82, 93]
41: [106]
42: [118, 106]
43: [93, 72, 94]
44: []
45: [46, 62, 54]
46: [46, 54]
47: [46, 54]
48: [46, 54]
49: [46, 54]
50: [46, 54]
51: [46, 54]
52: [46, 54]
53: [46, 45, 47, 48, 49, 50, 51, 52, 53, 54]
54: [94, 82, 93]
55: [106, 118]
56: [118]
57: [72, 94]
58: [47, 48, 49, 50, 51, 52, 53, 54, 62, 45]
59: [47, 62]
60: [47]
61: [47]
62: [47]
63: [47]
64: [47]
65: [47]
66: [47]
67: [47, 48, 45, 49, 50, 51, 52, 53, 54]
68: [94, 82]
69: [118]
70: [118]
71: [72]
72: [48, 49, 50, 51, 52, 53, 54, 62, 45]
73: [48, 62]
74: [48]
75: [48]
76: [48]
77: [48]
78: [48]
79: [48]
80: [48]
81: [48, 49, 45, 50, 51, 52, 53, 54]
82: [82]
83: [118]
84: [118]
85: [72]
86: [49, 50, 51, 52, 53, 54, 62, 45]
87: [49, 62]
88: [49]
89: [49]
90: [49]
91: [49]
92: [49]
93: [49]
94: [49]
95: [49, 50, 45, 51, 52, 53, 54]
96: [82]
97: [118]
98: [118]
99: [72]
100: [50, 51, 52, 53, 54, 62, 45]
101: [50, 62]
102: [50]
103: [50]
104: [50]
105: [50]
106: [50]
107: [50]
108: [50]
109: [50, 51, 45, 52, 53, 54]
110: [82]
111: [118]
112: [118]
113: [72]
114: [51, 52, 53, 54, 62, 45]
115: [51, 62]
116: [51]
117: [51]
118: [51]
119: [51]
120: [51]
121: [51]
122: [51]
123: [51, 52, 45, 53, 54]
124: [82]
125: [118]
126: [118]
127: [72]
128: [62, 52, 53, 54, 45]
129: [52, 62]
130: [52]
131: [52]
132: [52]
133: [52]
134: [52]
135: [52]
136: [52]
137: [52, 53, 45, 54]
138: [82]
139: [118]
140: [118]
141: [72]
142: [62, 53, 54, 45]
143: [53, 62]
144: [53]
145: [53]
146: [53]
147: [53]
148: [53]
149: [53]
150: [53]
151: [53, 45, 54]
152: [82]
153: [118]
154: [118]
155: [72]
156: [62, 54, 45]
157: [62, 54, 45]
158: [54, 45]
159: [54, 45]
160: [54, 45]
161: [54, 45]
162: [54, 45]
163: [54, 45]
164: [54, 45]
165: [54, 45]
166: [82]
167: [118]
168: [118]
169: [72]
170: [72, 82]
171: [82]
172: [82]
173: [82]
174: [82]
175: [82]
176: [82]
177: [82]
178: [82]
179: [82]
180: [82]
181: [118]
182: [118]
183: [118, 129]
184: [130, 118, 129]
185: [130, 118]
186: [118]
187: [118]
188: [118]
189: [118]
190: [118]
191: [118]
192: [118]
193: [118]
194: [118]
195: [118]
45
0: [106]
1: [106]
2: [130, 106]
3: [130, 106, 131]
4: [106, 131]
5: [106]
6: [106]
7: [106]
8: [106]
9: [106]
10: [106]
11: [106]
12: [106]
13: [106]
14: [106]
15: [73]
16: [73]
17: [83, 73]
18: [83]
19: [83]
20: [83]
21: [83]
22: [83]
23: [83]
24: [83]
25: [83]
26: [83]
27: [106]
28: [106]
29: [93, 73]
30: [62, 46]
31: [62, 46, 63]
32: [46, 63]
33: [46]
34: [46]
35: [46]
36: [46]
37: [46]
38: [46]
39: [46]
40: [83, 93]
41: [106]
42: [118, 106]
43: [93, 73, 94]
44: [54, 62, 46]
45: []
46: [38, 26, 27, 28, 29, 30, 31, 25]
47: [38, 27, 28, 29, 30, 31, 25]
48: [38, 28, 29, 30, 31, 25]
49: [38, 29, 30, 31, 25]
50: [38, 30, 31, 25]
51: [38, 31, 25]
52: [38, 25]
53: [46, 54]
54: [94, 83, 93]
55: [106, 118]
56: [118]
57: [73, 94]
58: [54, 62]
59: [25, 26, 38, 27, 28, 29, 30, 31]
60: [26, 38]
61: [27, 38]
62: [28, 38]
63: [29, 38]
64: [30, 38]
65: [31, 38]
66: [38, 25]
67: [54]
68: [94, 83]
69: [118]
70: [118]
71: [73]
72: [54, 62]
73: [25, 26, 27, 28, 29, 30, 31]
74: [26]
75: [27]
76: [28]
77: [29]
78: [30]
79: [31]
80: [25]
81: [54]
82: [83]
83: [118]
84: [118]
85: [73]
86: [54, 62]
87: [25, 26, 27, 28, 29, 30, 31]
88: [26]
89: [27]
90: [28]
91: [29]
92: [30]
93: [31]
94: [25]
95: [54]
96: [83]
97: [118]
98: [118]
99: [73]
100: [54, 62]
101: [25, 26, 27, 28, 29, 30, 31]
102: [26]
103: [27]
104: [28]
105: [29]
106: [30]
107: [31]
108: [25]
109: [54]
110: [83]
111: [118]
112: [118]
113: [73]
114: [54, 62]
115: [25, 26, 27, 28, 29, 30, 31]
116: [26]
117: [27]
118: [28]
119: [29]
120: [30]
121: [31]
122: [25]
123: [54]
124: [83]
125: [118]
126: [118]
127: [73]
128: [54, 62]
129: [25, 26, 27, 28, 29, 30, 31]
130: [26]
131: [27]
132: [28]
133: [29]
134: [30]
135: [31]
136: [25]
137: [54]
138: [83]
139: [118]
140: [118]
141: [73]
142: [54, 62]
143: [25, 26, 27, 28, 29, 30, 31]
144: [25, 26, 27, 28, 29, 30, 31]
145: [25, 27, 28, 29, 30, 31]
146: [25, 28, 29, 30, 31]
147: [25, 29, 30, 31]
148: [25, 30, 31]
149: [25, 31]
150: [25]
151: [54]
152: [83]
153: [118]
154: [118]
155: [73]
156: [54, 62]
157: [63, 54, 62]
158: [63, 54]
159: [54]
160: [54]
161: [54]
162: [54]
163: [54]
164: [54]
165: [54]
166: [83]
167: [118]
168: [118]
169: [73]
170: [73]
171: [73, 83]
172: [83]
173: [83]
174: [83]
175: [83]
176: [83]
177: [83]
178: [83]
179: [83]
180: [83]
181: [118]
182: [118]
183: [118]
184: [118, 130]
185: [131, 118, 130]
186: [131, 118]
187: [118]
188: [118]
189: [118]
190: [118]
191: [118]
192: [118]
193: [118]
194: [118]
195: [118]
46
0: [106]
1: [106]
2: [106]
3: [131, 106]
4: [131, 106, 132]
5: [106, 132]
6: [106]
7: [106]
8: [106]
9: [106]
10: [106]
11: [106]
12: [106]
13: [106]
14: [106]
15: [74]
16: [74]
17: [74]
18: [84, 74]
19: [84]
20: [84]
21: [84]
22: [84]
23: [84]
24: [84]
25: [84]
26: [84]
27: [106]
28: [106]
29: [93, 74]
30: [46]
31: [63, 46]
32: [63, 46, 64]
33: [46, 64]
34: [46]
35: [46]
36: [46]
37: [46]
38: [46]
39: [46]
40: [84, 93]
41: [106]
42: [118, 106]
43: [93, 74, 94]
44: [54, 46]
45: [25, 26, 38, 27, 28, 29, 30, 31]
46: []
47: [32, 38, 27, 28, 29, 30, 31, 25]
48: [32, 38, 28, 29, 30, 31, 25]
49: [32, 38, 29, 30, 31, 25]
50: [32, 38, 30, 31, 25]
51: [32, 38, 31, 25]
52: [32, 38, 25]
53: [46, 54]
54: [94, 84, 93]
55: [106, 118]
56: [118]
57: [74, 94]
58: [54]
59: [25, 26, 38, 27, 28, 29, 30, 31]
60: [26, 38, 32]
61: [27, 38]
62: [28, 38]
63: [29, 38]
64: [30, 38]
65: [31, 38]
66: [32, 38, 25]
67: [54]
68: [94, 84]
69: [118]
70: [118]
71: [74]
72: [54]
73: [25, 26, 27, 28, 29, 30, 31]
74: [26, 32]
75: [27]
76: [28]
77: [29]
78: [30]
79: [31]
80: [32, 25]
81: [54]
82: [84]
83: [118]
84: [118]
85: [74]
86: [54]
87: [25, 26, 27, 28, 29, 30, 31]
88: [26, 32]
89: [27]
90: [28]
91: [29]
92: [30]
93: [31]
94: [32, 25]
95: [54]
96: [84]
97: [118]
98: [118]
99: [74]
100: [54]
101: [25, 26, 27, 28, 29, 30, 31]
102: [26, 32]
103: [27]
104: [28]
105: [29]
106: [30]
107: [31]
108: [32, 25]
109: [54]
110: [84]
111: [118]
112: [118]
113: [74]
114: [54]
115: [25, 26, 27, 28, 29, 30, 31]
116: [26, 32]
117: [27]
118: [28]
119: [29]
120: [30]
121: [31]
122: [32, 25]
123: [54]
124: [84]
125: [118]
126: [118]
127: [74]
128: [54]
129: [25, 26, 27, 28, 29, 30, 31]
130: [26, 32]
131: [27]
132: [28]
133: [29]
134: [30]
135: [31]
136: [32, 25]
137: [54]
138: [84]
139: [118]
140: [118]
141: [74]
142: [54]
143: [25, 26, 27, 28, 29, 30, 31]
144: [26, 25, 27, 28, 29, 30, 31, 32]
145: [27, 25, 28, 29, 30, 31, 32]
146: [28, 25, 29, 30, 31, 32]
147: [29, 25, 30, 31, 32]
148: [30, 25, 31, 32]
149: [31, 32, 25]
150: [32, 25]
151: [54]
152: [84]
153: [118]
154: [118]
155: [74]
156: [54]
157: [54, 63]
158: [64, 54, 63]
159: [64, 54]
160: [54]
161: [54]
162: [54]
163: [54]
164: [54]
165: [54]
166: [84]
167: [118]
168: [118]
169: [74]
170: [74]
171: [74]
172: [74, 84]
173: [84]
174: [84]
175: [84]
176: [84]
177: [84]
178: [84]
179: [84]
180: [84]
181: [118]
182: [118]
183: [118]
184: [118]
185: [131, 118]
186: [132, 131, 118]
187: [132, 118]
188: [118]
189: [118]
190: [118]
191: [118]
192: [118]
193: [118]
194: [118]
195: [118]
47
0: [106]
1: [106]
2: [106]
3: [106]
4: [132, 106]
5: [132, 106, 133]
6: [106, 133]
7: [106]
8: [106]
9: [106]
10: [106]
11: [106]
12: [106]
13: [106]
14: [106]
15: [75]
16: [75]
17: [75]
18: [75]
19: [85, 75]
20: [85]
21: [85]
22: [85]
23: [85]
24: [85]
25: [85]
26: [85]
27: [106]
28: [106]
29: [93, 75]
30: [46]
31: [46]
32: [64, 46]
33: [64, 46, 65]
34: [46, 65]
35: [46]
36: [46]
37: [46]
38: [46]
39: [46]
40: [85, 93]
41: [106]
42: [118, 106]
43: [93, 94, 75]
44: [54, 46]
45: [25, 38, 27, 28, 29, 30, 31]
46: [25, 38, 27, 28, 29, 30, 32, 31]
47: []
48: [32, 33, 38, 28, 29, 30, 31, 25]
49: [32, 33, 38, 29, 30, 31, 25]
50: [32, 33, 38, 30, 31, 25]
51: [32, 33, 38, 31, 25]
52: [32, 33, 38, 25]
53: [46, 54]
54: [94, 85, 93]
55: [106, 118]
56: [118]
57: [94, 75]
58: [54]
59: [25, 38, 27, 28, 29, 30, 31]
60: [38, 32]
61: [27, 38, 33]
62: [28, 38]
63: [29, 38]
64: [30, 38]
65: [31, 38]
66: [32, 33, 38, 25]
67: [54]
68: [94, 85]
69: [118]
70: [118]
71: [75]
72: [54]
73: [25, 27, 28, 29, 30, 31]
74: [32]
75: [27, 33]
76: [28]
77: [29]
78: [30]
79: [31]
80: [32, 33, 25]
81: [54]
82: [85]
83: [118]
84: [118]
85: [75]
86: [54]
87: [25, 27, 28, 29, 30, 31]
88: [32]
89: [27, 33]
90: [28]
91: [29]
92: [30]
93: [31]
94: [32, 33, 25]
95: [54]
96: [85]
97: [118]
98: [118]
99: [75]
100: [54]
101: [25, 27, 28, 29, 30, 31]
102: [32]
103: [27, 33]
104: [28]
105: [29]
106: [30]
107: [31]
108: [32, 33, 25]
109: [54]
110: [85]
111: [118]
112: [118]
113: [75]
114: [54]
115: [25, 27, 28, 29, 30, 31]
116: [32]
117: [27, 33]
118: [28]
119: [29]
120: [30]
121: [31]
122: [32, 33, 25]
123: [54]
124: [85]
125: [118]
126: [118]
127: [75]
128: [54]
129: [25, 27, 28, 29, 30, 31]
130: [32]
131: [27, 33]
132: [28]
133: [29]
134: [30]
135: [31]
136: [32, 33, 25]
137: [54]
138: [85]
139: [118]
140: [118]
141: [75]
142: [54]
143: [25, 27, 28, 29, 30, 31]
144: [27, 25, 28, 29, 30, 31, 32]
145: [27, 28, 25, 29, 30, 31, 32, 33]
146: [28, 29, 25, 30, 31, 32, 33]
147: [29, 30, 25, 31, 32, 33]
148: [30, 31, 32, 25, 33]
149: [31, 32, 33, 25]
150: [32, 33, 25]
151: [54]
152: [85]
153: [118]
154: [118]
155: [75]
156: [54]
157: [54]
158: [64, 54]
159: [65, 64, 54]
160: [65, 54]
161: [54]
162: [54]
163: [54]
164: [54]
165: [54]
166: [85]
167: [118]
168: [118]
169: [75]
170: [75]
171: [75]
172: [75]
173: [75, 85]
174: [85]
175: [85]
176: [85]
177: [85]
178: [85]
179: [85]
180: [85]
181: [118]
182: [118]
183: [118]
184: [118]
185: [118]
186: [132, 118]
187: [133, 132, 118]
188: [133, 118]
189: [118]
190: [118]
191: [118]
192: [118]
193: [118]
194: [118]
195: [118]
48
0: [106]
1: [106]
2: [106]
3: [106]
4: [106]
5: [133, 106]
6: [133, 106, 134]
7: [106, 134]
8: [106]
9: [106]
10: [106]
11: [106]
12: [106]
13: [106]
14: [106]
15: [76]
16: [76]
17: [76]
18: [76]
19: [76]
20: [86, 76]
21: [86]
22: [86]
23: [86]
24: [86]
25: [86]
26: [86]
27: [106]
28: [106]
29: [93, 76]
30: [46]
31: [46]
32: [46]
33: [65, 46]
34: [65, 46, 66]
35: [46, 66]
36: [46]
37: [46]
38: [46]
39: [46]
40: [86, 93]
41: [106]
42: [118, 106]
43: [93, 94, 76]
44: [54, 46]
45: [25, 38, 28, 29, 30, 31]
46: [25, 38, 28, 29, 30, 32, 31]
47: [25, 38, 28, 29, 33, 30, 32, 31]
48: []
49: [32, 33, 34, 38, 29, 30, 31, 25]
50: [32, 33, 34, 38, 30, 31, 25]
51: [32, 33, 34, 38, 31, 25]
52: [32, 33, 34, 38, 25]
53: [46, 54]
54: [94, 86, 93]
55: [106, 118]
56: [118]
57: [94, 76]
58: [54]
59: [25, 38, 28, 29, 30, 31]
60: [38, 32]
61: [38, 33]
62: [28, 38, 34]
63: [29, 38]
64: [30, 38]
65: [31, 38]
66: [32, 33, 34, 38, 25]
67: [54]
68: [94, 86]
69: [118]
70: [118]
71: [76]
72: [54]
73: [25, 28, 29, 30, 31]
74: [32]
75: [33]
76: [28, 34]
77: [29]
78: [30]
79: [31]
80: [32, 33, 34, 25]
81: [54]
82: [86]
83: [118]
84: [118]
85: [76]
86: [54]
87: [25, 28, 29, 30, 31]
88: [32]
89: [33]
90: [28, 34]
91: [29]
92: [30]
93: [31]
94: [32, 33, 34, 25]
95: [54]
96: [86]
97: [118]
98: [118]
99: [76]
100: [54]
101: [25, 28, 29, 30, 31]
102: [32]
103: [33]
104: [28, 34]
105: [29]
106: [30]
107: [31]
108: [32, 33, 34, 25]
109: [54]
110: [86]
111: [118]
112: [118]
113: [76]
114: [54]
115: [25, 28, 29, 30, 31]
116: [32]
117: [33]
118: [28, 34]
119: [29]
120: [30]
121: [31]
122: [32, 33, 34, 25]
123: [54]
124: [86]
125: [118]
126: [118]
127: [76]
128: [54]
129: [25, 28, 29, 30, 31]
130: [32]
131: [33]
132: [28, 34]
133: [29]
134: [30]
135: [31]
136: [32, 33, 34, 25]
137: [54]
138: [86]
139: [118]
140: [118]
141: [76]
142: [54]
143: [25, 28, 29, 30, 31]
144: [28, 25, 29, 30, 31, 32]
145: [28, 29, 25, 30, 31, 32, 33]
146: [28, 29, 30, 25, 31, 32, 33, 34]
147: [29, 30, 31, 32, 25, 34, 33]
148: [30, 31, 32, 33, 34, 25]
149: [31, 32, 33, 34, 25]
150: [32, 33, 34, 25]
151: [54]
152: [86]
153: [118]
154: [118]
155: [76]
156: [54]
157: [54]
158: [54]
159: [65, 54]
160: [66, 65, 54]
161: [66, 54]
162: [54]
163: [54]
164: [54]
165: [54]
166: [86]
167: [118]
168: [118]
169: [76]
170: [76]
171: [76]
172: [76]
173: [76]
174: [76, 86]
175: [86]
176: [86]
177: [86]
178: [86]
179: [86]
180: [86]
181: [118]
182: [118]
183: [118]
184: [118]
185: [118]
186: [118]
187: [133, 118]
188: [134, 133, 118]
189: [134, 118]
190: [118]
191: [118]
192: [118]
193: [118]
194: [118]
195: [118]
49
0: [106]
1: [106]
2: [106]
3: [106]
4: [106]
5: [106]
6: [134, 106]
7: [134, 106, 135]
8: [106, 135]
9: [106]
10: [106]
11: [106]
12: [106]
13: [106]
14: [106]
15: [77]
16: [77]
17: [77]
18: [77]
19: [77]
20: [77]
21: [87, 77]
22: [87]
23: [87]
24: [87]
25: [87]
26: [87]
27: [106]
28: [106]
29: [93, 77]
30: [46]
31: [46]
32: [46]
33: [46]
34: [66, 46]
35: [66, 46, 67]
36: [46, 67]
37: [46]
38: [46]
39: [46]
40: [87, 93]
41: [106]
42: [118, 106]
43: [93, 94, 77]
44: [54, 46]
45: [25, 38, 29, 30, 31]
46: [25, 38, 29, 30, 32, 31]
47: [25, 38, 29, 33, 30, 32, 31]
48: [25, 38, 34, 29, 33, 30, 32, 31]
49: []
50: [32, 33, 34, 35, 38, 30, 31, 25]
51: [32, 33, 34, 35, 38, 31, 25]
52: [32, 33, 34, 35, 38, 25]
53: [46, 54]
54: [94, 87, 93]
55: [106, 118]
56: [118]
57: [94, 77]
58: [54]
59: [25, 38, 29, 30, 31]
60: [38, 32]
61: [38, 33]
62: [38, 34]
63: [29, 38, 35]
64: [30, 38]
65: [31, 38]
66: [32, 33, 34, 35, 38, 25]
67: [54]
68: [94, 87]
69: [118]
70: [118]
71: [77]
72: [54]
73: [25, 29, 30, 31]
74: [32]
75: [33]
76: [34]
77: [29, 35]
78: [30]
79: [31]
80: [32, 33, 34, 35, 25]
81: [54]
82: [87]
83: [118]
84: [118]
85: [77]
86: [54]
87: [25, 29, 30, 31]
88: [32]
89: [33]
90: [34]
91: [29, 35]
92: [30]
93: [31]
94: [32, 33, 34, 35, 25]
95: [54]
96: [87]
97: [118]
98: [118]
99: [77]
100: [54]
101: [25, 29, 30, 31]
102: [32]
103: [33]
104: [34]
105: [29, 35]
106: [30]
107: [31]
108: [32, 33, 34, 35, 25]
109: [54]
110: [87]
111: [118]
112: [118]
113: [77]
114: [54]
115: [25, 29, 30, 31]
116: [32]
117: [33]
118: [34]
119: [29, 35]
120: [30]
121: [31]
122: [32, 33, 34, 35, 25]
123: [54]
124: [87]
125: [118]
126: [118]
127: [77]
128: [54]
129: [25, 29, 30, 31]
130: [32]
131: [33]
132: [34]
133: [29, 35]
134: [30]
135: [31]
136: [32, 33, 34, 35, 25]
137: [54]
138: [87]
139: [118]
140: [118]
141: [77]
142: [54]
143: [25, 29, 30, 31]
144: [29, 25, 30, 31, 32]
145: [29, 30, 25, 31, 32, 33]
146: [29, 30, 31, 32, 25, 34, 33]
147: [29, 30, 31, 32, 33, 34, 35, 25]
148: [30, 31, 32, 33, 34, 35, 25]
149: [31, 32, 33, 34, 35, 25]
150: [32, 33, 34, 35, 25]
151: [54]
152: [87]
153: [118]
154: [118]
155: [77]
156: [54]
157: [54]
158: [54]
159: [54]
160: [66, 54]
161: [67, 66, 54]
162: [67, 54]
163: [54]
164: [54]
165: [54]
166: [87]
167: [118]
168: [118]
169: [77]
170: [77]
171: [77]
172: [77]
173: [77]
174: [77]
175: [77, 87]
176: [87]
177: [87]
178: [87]
179: [87]
180: [87]
181: [118]
182: [118]
183: [118]
184: [118]
185: [118]
186: [118]
187: [118]
188: [134, 118]
189: [135, 134, 118]
190: [135, 118]
191: [118]
192: [118]
193: [118]
194: [118]
195: [118]
50
0: [106]
1: [106]
2: [106]
3: [106]
4: [106]
5: [106]
6: [106]
7: [135, 106]
8: [135, 106, 136]
9: [106, 136]
10: [106]
11: [106]
12: [106]
13: [106]
14: [106]
15: [78]
16: [78]
17: [78]
18: [78]
19: [78]
20: [78]
21: [78]
22: [88, 78]
23: [88]
24: [88]
25: [88]
26: [88]
27: [106]
28: [106]
29: [93, 78]
30: [46]
31: [46]
32: [46]
33: [46]
34: [46]
35: [67, 46]
36: [67, 46, 68]
37: [46, 68]
38: [46]
39: [46]
40: [88, 93]
41: [106]
42: [118, 106]
43: [93, 94, 78]
44: [54, 46]
45: [25, 38, 30, 31]
46: [25, 38, 30, 32, 31]
47: [25, 38, 33, 30, 32, 31]
48: [25, 38, 34, 33, 30, 32, 31]
49: [25, 38, 35, 34, 33, 30, 32, 31]
50: []
51: [32, 33, 34, 35, 36, 38, 31, 25]
52: [32, 33, 34, 35, 36, 38, 25]
53: [46, 54]
54: [94, 88, 93]
55: [106, 118]
56: [118]
57: [94, 78]
58: [54]
59: [25, 38, 30, 31]
60: [38, 32]
61: [38, 33]
62: [38, 34]
63: [38, 35]
64: [30, 38, 36]
65: [31, 38]
66: [32, 33, 34, 35, 36, 38, 25]
67: [54]
68: [94, 88]
69: [118]
70: [118]
71: [78]
72: [54]
73: [25, 30, 31]
74: [32]
75: [33]
76: [34]
77: [35]
78: [30, 36]
79: [31]
80: [32, 33, 34, 35, 36, 25]
81: [54]
82: [88]
83: [118]
84: [118]
85: [78]
86: [54]
87: [25, 30, 31]
88: [32]
89: [33]
90: [34]
91: [35]
92: [30, 36]
93: [31]
94: [32, 33, 34, 35, 36, 25]
95: [54]
96: [88]
97: [118]
98: [118]
99: [78]
100: [54]
101: [25, 30, 31]
102: [32]
103: [33]
104: [34]
105: [35]
106: [30, 36]
107: [31]
108: [32, 33, 34, 35, 36, 25]
109: [54]
110: [88]
111: [118]
112: [118]
113: [78]
114: [54]
115: [25, 30, 31]
116: [32]
117: [33]
118: [34]
119: [35]
120: [30, 36]
121: [31]
122: [32, 33, 34, 35, 36, 25]
123: [54]
124: [88]
125: [118]
126: [118]
127: [78]
128: [54]
129: [25, 30, 31]
130: [32]
131: [33]
132: [34]
133: [35]
134: [30, 36]
135: [31]
136: [32, 33, 34, 35, 36, 25]
137: [54]
138: [88]
139: [118]
140: [118]
141: [78]
142: [54]
143: [25, 30, 31]
144: [30, 25, 31, 32]
145: [30, 31, 32, 25, 33]
146: [30, 31, 32, 33, 34, 25]
147: [30, 31, 32, 33, 34, 35, 25]
148: [30, 31, 32, 33, 34, 35, 36, 25]
149: [31, 32, 33, 34, 35, 36, 25]
150: [32, 33, 34, 35, 36, 25]
151: [54]
152: [88]
153: [118]
154: [118]
155: [78]
156: [54]
157: [54]
158: [54]
159: [54]
160: [54]
161: [67, 54]
162: [68, 67, 54]
163: [68, 54]
164: [54]
165: [54]
166: [88]
167: [118]
168: [118]
169: [78]
170: [78]
171: [78]
172: [78]
173: [78]
174: [78]
175: [78]
176: [78, 88]
177: [88]
178: [88]
179: [88]
180: [88]
181: [118]
182: [118]
183: [118]
184: [118]
185: [118]
186: [118]
187: [118]
188: [118]
189: [135, 118]
190: [136, 135, 118]
191: [136, 118]
192: [118]
193: [118]
194: [118]
195: [118]
51
0: [106]
1: [106]
2: [106]
3: [106]
4: [106]
5: [106]
6: [106]
7: [106]
8: [136, 106]
9: [136, 106, 137]
10: [106, 137]
11: [106]
12: [106]
13: [106]
14: [106]
15: [79]
16: [79]
17: [79]
18: [79]
19: [79]
20: [79]
21: [79]
22: [79]
23: [89, 79]
24: [89]
25: [89]
26: [89]
27: [106]
28: [106]
29: [93, 79]
30: [46]
31: [46]
32: [46]
33: [46]
34: [46]
35: [46]
36: [68, 46]
37: [68, 46, 69]
38: [46, 69]
39: [46]
40: [89, 93]
41: [106]
42: [118, 106]
43: [93, 94, 79]
44: [54, 46]
45: [25, 38, 31]
46: [25, 38, 32, 31]
47: [25, 38, 33, 32, 31]
48: [25, 38, 34, 33, 32, 31]
49: [25, 38, 35, 34, 33, 32, 31]
50: [25, 38, 36, 35, 34, 33, 32, 31]
51: []
52: [32, 33, 34, 35, 36, 37, 38, 25]
53: [46, 54]
54: [94, 89, 93]
55: [106, 118]
56: [118]
57: [94, 79]
58: [54]
59: [25, 38, 31]
60: [38, 32]
61: [38, 33]
62: [38, 34]
63: [38, 35]
64: [38, 36]
65: [31, 38, 37]
66: [32, 33, 34, 35, 36, 37, 38, 25]
67: [54]
68: [94, 89]
69: [118]
70: [118]
71: [79]
72: [54]
73: [25, 31]
74: [32]
75: [33]
76: [34]
77: [35]
78: [36]
79: [31, 37]
80: [32, 33, 34, 35, 36, 37, 25]
81: [54]
82: [89]
83: [118]
84: [118]
85: [79]
86: [54]
87: [25, 31]
88: [32]
89: [33]
90: [34]
91: [35]
92: [36]
93: [31, 37]
94: [32, 33, 34, 35, 36, 37, 25]
95: [54]
96: [89]
97: [118]
98: [118]
99: [79]
100: [54]
101: [25, 31]
102: [32]
103: [33]
104: [34]
105: [35]
106: [36]
107: [31, 37]
108: [32, 33, 34, 35, 36, 37, 25]
109: [54]
110: [89]
111: [118]
112: [118]
113: [79]
114: [54]
115: [25, 31]
116: [32]
117: [33]
118: [34]
119: [35]
120: [36]
121: [31, 37]
122: [32, 33, 34, 35, 36, 37, 25]
123: [54]
124: [89]
125: [118]
126: [118]
127: [79]
128: [54]
129: [25, 31]
130: [32]
131: [33]
132: [34]
133: [35]
134: [36]
135: [31, 37]
136: [32, 33, 34, 35, 36, 37, 25]
137: [54]
138: [89]
139: [118]
140: [118]
141: [79]
142: [54]
143: [25, 31]
144: [31, 32, 25]
145: [31, 32, 33, 25]
146: [31, 32, 33, 34, 25]
147: [31, 32, 33, 34, 35, 25]
148: [31, 32, 33, 34, 35, 36, 25]
149: [31, 32, 33, 34, 35, 36, 37, 25]
150: [32, 33, 34, 35, 36, 37, 25]
151: [54]
152: [89]
153: [118]
154: [118]
155: [79]
156: [54]
157: [54]
158: [54]
159: [54]
160: [54]
161: [54]
162: [68, 54]
163: [69, 68, 54]
164: [69, 54]
165: [54]
166: [89]
167: [118]
168: [118]
169: [79]
170: [79]
171: [79]
172: [79]
173: [79]
174: [79]
175: [79]
176: [79]
177: [79, 89]
178: [89]
179: [89]
180: [89]
181: [118]
182: [118]
183: [118]
184: [118]
185: [118]
186: [118]
187: [118]
188: [118]
189: [118]
190: [136, 118]
191: [137, 136, 118]
192: [137, 118]
193: [118]
194: [118]
195: [118]
52
0: [106]
1: [106]
2: [106]
3: [106]
4: [106]
5: [106]
6: [106]
7: [106]
8: [106]
9: [137, 106]
10: [137, 106, 138]
11: [106, 138]
12: [106]
13: [106]
14: [106]
15: [80]
16: [80]
17: [80]
18: [80]
19: [80]
20: [80]
21: [80]
22: [80]
23: [80]
24: [90, 80]
25: [90]
26: [90]
27: [106]
28: [106]
29: [93, 80]
30: [46]
31: [46]
32: [46]
33: [46]
34: [46]
35: [46]
36: [46]
37: [69, 46]
38: [69, 46, 70]
39: [46, 70]
40: [90, 93]
41: [106]
42: [118, 106]
43: [93, 94, 80]
44: [54, 46]
45: [25, 38]
46: [25, 38, 32]
47: [25, 38, 33, 32]
48: [25, 38, 34, 33, 32]
49: [25, 38, 35, 34, 33, 32]
50: [25, 38, 36, 35, 34, 33, 32]
51: [25, 37, 38, 36, 35, 34, 33, 32]
52: []
53: [46, 70, 54]
54: [94, 90, 93]
55: [106, 118]
56: [118]
57: [94, 80]
58: [54]
59: [25, 38]
60: [38, 32]
61: [38, 33]
62: [38, 34]
63: [38, 35]
64: [38, 36]
65: [38, 37]
66: [32, 33, 34, 35, 36, 37, 38, 25]
67: [70, 54]
68: [94, 90]
69: [118]
70: [118]
71: [80]
72: [54]
73: [25]
74: [32]
75: [33]
76: [34]
77: [35]
78: [36]
79: [37]
80: [32, 33, 34, 35, 36, 37, 25]
81: [70, 54]
82: [90]
83: [118]
84: [118]
85: [80]
86: [54]
87: [25]
88: [32]
89: [33]
90: [34]
91: [35]
92: [36]
93: [37]
94: [32, 33, 34, 35, 36, 37, 25]
95: [70, 54]
96: [90]
97: [118]
98: [118]
99: [80]
100: [54]
101: [25]
102: [32]
103: [33]
104: [34]
105: [35]
106: [36]
107: [37]
108: [32, 33, 34, 35, 36, 37, 25]
109: [70, 54]
110: [90]
111: [118]
112: [118]
113: [80]
114: [54]
115: [25]
116: [32]
117: [33]
118: [34]
119: [35]
120: [36]
121: [37]
122: [32, 33, 34, 35, 36, 37, 25]
123: [70, 54]
124: [90]
125: [118]
126: [118]
127: [80]
128: [54]
129: [25]
130: [32]
131: [33]
132: [34]
133: [35]
134: [36]
135: [37]
136: [32, 33, 34, 35, 36, 37, 25]
137: [70, 54]
138: [90]
139: [118]
140: [118]
141: [80]
142: [54]
143: [25]
144: [32, 25]
145: [32, 33, 25]
146: [32, 33, 34, 25]
147: [32, 33, 34, 35, 25]
148: [32, 33, 34, 35, 36, 25]
149: [32, 33, 34, 35, 36, 37, 25]
150: [32, 33, 34, 35, 36, 37, 25]
151: [70, 54]
152: [90]
153: [118]
154: [118]
155: [80]
156: [54]
157: [54]
158: [54]
159: [54]
160: [54]
161: [54]
162: [54]
163: [69, 54]
164: [70, 69, 54]
165: [70, 54]
166: [90]
167: [118]
168: [118]
169: [80]
170: [80]
171: [80]
172: [80]
173: [80]
174: [80]
175: [80]
176: [80]
177: [80]
178: [80, 90]
179: [90]
180: [90]
181: [118]
182: [118]
183: [118]
184: [118]
185: [118]
186: [118]
187: [118]
188: [118]
189: [118]
190: [118]
191: [137, 118]
192: [138, 137, 118]
193: [138, 118]
194: [118]
195: [118]
53
0: [106]
1: [106]
2: [106]
3: [106]
4: [106]
5: [106]
6: [106]
7: [106]
8: [106]
9: [106]
10: [138, 106]
11: [138, 106, 139]
12: [106, 139]
13: [106]
14: [106]
15: [81]
16: [81]
17: [81]
18: [81]
19: [81]
20: [81]
21: [81]
22: [81]
23: [81]
24: [81]
25: [91, 81]
26: [91]
27: [106]
28: [106]
29: [93, 81]
30: [46, 47, 48, 49, 50, 51, 52, 53, 45]
31: [46, 47, 48, 49, 50, 51, 52, 53, 45]
32: [46, 47, 48, 49, 50, 51, 52, 53, 45]
33: [46, 47, 48, 49, 50, 51, 52, 53, 45]
34: [46, 47, 48, 49, 50, 51, 52, 53, 45]
35: [46, 47, 48, 49, 50, 51, 52, 53, 45]
36: [46, 47, 48, 49, 50, 51, 52, 53, 45]
37: [46, 47, 48, 49, 50, 51, 52, 53, 45]
38: [70, 46, 47, 48, 49, 50, 51, 52, 53, 45]
39: [70, 46, 47, 48, 49, 50, 51, 52, 53, 45]
40: [91, 93]
41: [106]
42: [118, 106]
43: [93, 94, 81]
44: [54, 46, 47, 48, 49, 50, 51, 52, 53, 45]
45: [54, 46]
46: [54, 46]
47: [54, 46]
48: [54, 46]
49: [54, 46]
50: [54, 46]
51: [54, 46]
52: [54, 70, 46]
53: []
54: [94, 91, 93]
55: [106, 118]
56: [118]
57: [94, 81]
58: [54, 47, 48, 49, 50, 51, 52, 53, 45]
59: [47]
60: [47]
61: [47]
62: [47]
63: [47]
64: [47]
65: [47]
66: [70, 47]
67: [45, 70, 47, 48, 49, 50, 51, 52, 53, 54]
68: [94, 91]
69: [118]
70: [118]
71: [81]
72: [54, 48, 49, 50, 51, 52, 53, 45]
73: [48]
74: [48]
75: [48]
76: [48]
77: [48]
78: [48]
79: [48]
80: [70, 48]
81: [45, 70, 48, 49, 50, 51, 52, 53, 54]
82: [91]
83: [118]
84: [118]
85: [81]
86: [54, 49, 50, 51, 52, 53, 45]
87: [49]
88: [49]
89: [49]
90: [49]
91: [49]
92: [49]
93: [49]
94: [70, 49]
95: [45, 70, 49, 50, 51, 52, 53, 54]
96: [91]
97: [118]
98: [118]
99: [81]
100: [54, 50, 51, 52, 53, 45]
101: [50]
102: [50]
103: [50]
104: [50]
105: [50]
106: [50]
107: [50]
108: [70, 50]
109: [45, 70, 50, 51, 52, 53, 54]
110: [91]
111: [118]
112: [118]
113: [81]
114: [54, 51, 52, 53, 45]
115: [51]
116: [51]
117: [51]
118: [51]
119: [51]
120: [51]
121: [51]
122: [70, 51]
123: [45, 70, 51, 52, 53, 54]
124: [91]
125: [118]
126: [118]
127: [81]
128: [54, 52, 53, 45]
129: [52]
130: [52]
131: [52]
132: [52]
133: [52]
134: [52]
135: [52]
136: [70, 52]
137: [45, 70, 52, 53, 54]
138: [91]
139: [118]
140: [118]
141: [81]
142: [54, 53, 45]
143: [53]
144: [53]
145: [53]
146: [53]
147: [53]
148: [53]
149: [53]
150: [70, 53]
151: [45, 70, 53, 54]
152: [91]
153: [118]
154: [118]
155: [81]
156: [45, 54]
157: [45, 54]
158: [45, 54]
159: [45, 54]
160: [45, 54]
161: [45, 54]
162: [45, 54]
163: [45, 54]
164: [45, 70, 54]
165: [45, 70, 54]
166: [91]
167: [118]
168: [118]
169: [81]
170: [81]
171: [81]
172: [81]
173: [81]
174: [81]
175: [81]
176: [81]
177: [81]
178: [81]
179: [81, 91]
180: [91]
181: [118]
182: [118]
183: [118]
184: [118]
185: [118]
186: [118]
187: [118]
188: [118]
189: [118]
190: [118]
191: [118]
192: [138, 118]
193: [139, 138, 118]
194: [139, 118]
195: [118]
54
0: [106]
1: [106]
2: [106]
3: [106]
4: [106]
5: [106]
6: [106]
7: [106]
8: [106]
9: [106]
10: [106]
11: [139, 106]
12: [139, 106, 140]
13: [106, 140]
14: [106]
15: [71]
16: [71, 82]
17: [71, 83, 82]
18: [71, 84, 83, 82]
19: [71, 85, 84, 83, 82]
20: [71, 86, 85, 84, 83, 82]
21: [71, 87, 86, 85, 84, 83, 82]
22: [71, 88, 87, 86, 85, 84, 83, 82]
23: [71, 89, 88, 87, 86, 85, 84, 83, 82]
24: [71, 90, 89, 88, 87, 86, 85, 84, 83, 82]
25: [71, 91, 90, 89, 88, 87, 86, 85, 84, 83, 82]
26: [71, 91, 90, 89, 88, 87, 86, 85, 84, 83, 82]
27: [106, 140]
28: [106]
29: [93, 71]
30: [93, 82]
31: [93, 83]
32: [93, 84]
33: [93, 85]
34: [93, 86]
35: [93, 87]
36: [93, 88]
37: [93, 89]
38: [90, 93]
39: [91, 93]
40: [71, 91, 93, 90, 89, 88, 87, 86, 85, 84, 83, 82]
41: [106, 140]
42: [118, 106]
43: [93, 94, 71]
44: [93, 94, 82]
45: [93, 94, 83]
46: [93, 94, 84]
47: [93, 94, 85]
48: [93, 94, 86]
49: [93, 94, 87]
50: [93, 94, 88]
51: [93, 89, 94]
52: [93, 90, 94]
53: [93, 91, 94]
54: []
55: [106, 140, 118]
56: [118]
57: [94, 71]
58: [94, 82]
59: [94, 83]
60: [94, 84]
61: [94, 85]
62: [94, 86]
63: [94, 87]
64: [94, 88]
65: [94, 89]
66: [94, 90]
67: [94, 91]
68: [82, 83, 84, 85, 86, 87, 88, 89, 90, 91, 94, 71]
69: [140, 118]
70: [118]
71: [71]
72: [82]
73: [83]
74: [84]
75: [85]
76: [86]
77: [87]
78: [88]
79: [89]
80: [90]
81: [91]
82: [82, 83, 84, 85, 86, 87, 88, 89, 90, 91, 71]
83: [140, 118]
84: [118]
85: [71]
86: [82]
87: [83]
88: [84]
89: [85]
90: [86]
91: [87]
92: [88]
93: [89]
94: [90]
95: [91]
96: [82, 83, 84, 85, 86, 87, 88, 89, 90, 91, 71]
97: [140, 118]
98: [118]
99: [71]
100: [82]
101: [83]
102: [84]
103: [85]
104: [86]
105: [87]
106: [88]
107: [89]
108: [90]
109: [91]
110: [82, 83, 84, 85, 86, 87, 88, 89, 90, 91, 71]
111: [140, 118]
112: [118]
113: [71]
114: [82]
115: [83]
116: [84]
117: [85]
118: [86]
119: [87]
120: [88]
121: [89]
122: [90]
123: [91]
124: [82, 83, 84, 85, 86, 87, 88, 89, 90, 91, 71]
125: [140, 118]
126: [118]
127: [71]
128: [82]
129: [83]
130: [84]
131: [85]
132: [86]
133: [87]
134: [88]
135: [89]
136: [90]
137: [91]
138: [82, 83, 84, 85, 86, 87, 88, 89, 90, 91, 71]
139: [140, 118]
140: [118]
141: [71]
142: [82]
143: [83]
144: [84]
145: [85]
146: [86]
147: [87]
148: [88]
149: [89]
150: [90]
151: [91]
152: [82, 83, 84, 85, 86, 87, 88, 89, 90, 91, 71]
153: [140, 118]
154: [118]
155: [71]
156: [82]
157: [83]
158: [84]
159: [85]
160: [86]
161: [87]
162: [88]
163: [89]
164: [90]
165: [91]
166: [82, 83, 84, 85, 86, 87, 88, 89, 90, 91, 71]
167: [140, 118]
168: [118]
169: [71]
170: [82, 71]
171: [82, 83, 71]
172: [82, 83, 84, 71]
173: [82, 83, 84, 85, 71]
174: [82, 83, 84, 85, 86, 71]
175: [82, 83, 84, 85, 86, 87, 71]
176: [82, 83, 84, 85, 86, 87, 88, 71]
177: [82, 83, 84, 85, 86, 87, 88, 89, 71]
178: [82, 83, 84, 85, 86, 87, 88, 89, 90, 71]
179: [82, 83, 84, 85, 86, 87, 88, 89, 90, 91, 71]
180: [82, 83, 84, 85, 86, 87, 88, 89, 90, 91, 71]
181: [140, 118]
182: [118]
183: [118]
184: [118]
185: [118]
186: [118]
187: [118]
188: [118]
189: [118]
190: [118]
191: [118]
192: [118]
193: [139, 118]
194: [140, 139, 118]
195: [140, 118]
55
0: [106, 107, 108, 109, 110, 111, 112, 113, 114, 115, 103]
1: [106, 107, 108, 109, 110, 111, 112, 113, 114, 115, 103]
2: [106, 107, 108, 109, 110, 111, 112, 113, 114, 115, 103]
3: [106, 107, 108, 109, 110, 111, 112, 113, 114, 115, 103]
4: [106, 107, 108, 109, 110, 111, 112, 113, 114, 115, 103]
5: [106, 107, 108, 109, 110, 111, 112, 113, 114, 115, 103]
6: [106, 107, 108, 109, 110, 111, 112, 113, 114, 115, 103]
7: [106, 107, 108, 109, 110, 111, 112, 113, 114, 115, 103]
8: [106, 107, 108, 109, 110, 111, 112, 113, 114, 115, 103]
9: [106, 107, 108, 109, 110, 111, 112, 113, 114, 115, 103]
10: [106, 107, 108, 109, 110, 111, 112, 113, 114, 115, 103]
11: [106, 107, 108, 109, 110, 111, 112, 113, 114, 115, 103]
12: [106, 107, 108, 109, 110, 111, 112, 113, 114, 115, 140, 103]
13: [106, 107, 108, 109, 110, 111, 112, 113, 114, 115, 140, 103]
14: [116, 106, 107, 108, 109, 110, 111, 112, 113, 114, 115, 103]
15: [116]
16: [116]
17: [116]
18: [116]
19: [116]
20: [116]
21: [116]
22: [116]
23: [116]
24: [116]
25: [116]
26: [116, 140]
27: [106, 107, 108, 109, 110, 111, 112, 113, 114, 115, 116, 140, 103]
28: [117, 116, 106, 107, 108, 109, 110, 111, 112, 113, 114, 115, 103]
29: [117]
30: [117]
31: [117]
32: [117]
33: [117]
34: [117]
35: [117]
36: [117]
37: [117]
38: [117]
39: [117]
40: [117, 140]
41: [140, 106, 107, 108, 109, 110, 111, 112, 113, 114, 115, 116, 117, 103]
42: [118, 117, 116, 106, 107, 108, 109, 110, 111, 112, 113, 114, 115, 103]
43: [118, 106]
44: [118, 106]
45: [118, 106]
46: [118, 106]
47: [118, 106]
48: [118, 106]
49: [118, 106]
50: [118, 106]
51: [118, 106]
52: [118, 106]
53: [118, 106]
54: [118, 140, 106]
55: []
56: [118, 117, 116, 107, 108, 109, 110, 111, 112, 113, 114, 115, 103]
57: [107]
58: [107]
59: [107]
60: [107]
61: [107]
62: [107]
63: [107]
64: [107]
65: [107]
66: [107]
67: [107]
68: [140, 107]
69: [103, 140, 107, 108, 109, 110, 111, 112, 113, 118, 114, 117, 115, 116]
70: [118, 117, 116, 108, 109, 110, 111, 112, 113, 114, 115, 103]
71: [108]
72: [108]
73: [108]
74: [108]
75: [108]
76: [108]
77: [108]
78: [108]
79: [108]
80: [108]
81: [108]
82: [140, 108]
83: [103, 140, 108, 109, 110, 111, 112, 113, 118, 114, 117, 115, 116]
84: [118, 117, 116, 109, 110, 111, 112, 113, 114, 115, 103]
85: [109]
86: [109]
87: [109]
88: [109]
89: [109]
90: [109]
91: [109]
92: [109]
93: [109]
94: [109]
95: [109]
96: [140, 109]
97: [103, 140, 109, 110, 111, 112, 113, 118, 114, 117, 115, 116]
98: [118, 117, 116, 110, 111, 112, 113, 114, 115, 103]
99: [110]
100: [110]
101: [110]
102: [110]
103: [110]
104: [110]
105: [110]
106: [110]
107: [110]
108: [110]
109: [110]
110: [140, 110]
111: [103, 140, 110, 111, 112, 113, 118, 114, 117, 115, 116]
112: [118, 117, 116, 111, 112, 113, 114, 115, 103]
113: [111]
114: [111]
115: [111]
116: [111]
117: [111]
118: [111]
119: [111]
120: [111]
121: [111]
122: [111]
123: [111]
124: [140, 111]
125: [103, 140, 111, 112, 113, 118, 114, 117, 115, 116]
126: [118, 117, 116, 112, 113, 114, 115, 103]
127: [112]
128: [112]
129: [112]
130: [112]
131: [112]
132: [112]
133: [112]
134: [112]
135: [112]
136: [112]
137: [112]
138: [140, 112]
139: [103, 140, 112, 113, 118, 114, 117, 115, 116]
140: [118, 117, 116, 113, 114, 115, 103]
141: [113]
142: [113]
143: [113]
144: [113]
145: [113]
146: [113]
147: [113]
148: [113]
149: [113]
150: [113]
151: [113]
152: [140, 113]
153: [103, 140, 113, 118, 114, 117, 115, 116]
154: [118, 117, 116, 103, 114, 115]
155: [114]
156: [114]
157: [114]
158: [114]
159: [114]
160: [114]
161: [114]
162: [114]
163: [114]
164: [114]
165: [114]
166: [140, 114]
167: [103, 140, 118, 114, 117, 115, 116]
168: [118, 117, 103, 116, 115]
169: [115]
170: [115]
171: [115]
172: [115]
173: [115]
174: [115]
175: [115]
176: [115]
177: [115]
178: [115]
179: [115]
180: [140, 115]
181: [103, 140, 118, 117, 115, 116]
182: [118, 103, 117, 116]
183: [103, 118, 117, 116]
184: [103, 118, 117, 116]
185: [103, 118, 117, 116]
186: [103, 118, 117, 116]
187: [103, 118, 117, 116]
188: [103, 118, 117, 116]
189: [103, 118, 117, 116]
190: [103, 118, 117, 116]
191: [103, 118, 117, 116]
192: [103, 118, 117, 116]
193: [103, 118, 117, 116]
194: [103, 140, 118, 117, 116]
195: [103, 140, 118, 117, 116]
56
0: [103, 128, 107, 108, 109, 110, 111, 112, 113, 114, 115]
1: [103, 128, 107, 108, 109, 110, 111, 112, 113, 114, 115]
2: [103, 107, 108, 109, 110, 111, 112, 113, 114, 115]
3: [103, 107, 108, 109, 110, 111, 112, 113, 114, 115]
4: [103, 107, 108, 109, 110, 111, 112, 113, 114, 115]
5: [103, 107, 108, 109, 110, 111, 112, 113, 114, 115]
6: [103, 107, 108, 109, 110, 111, 112, 113, 114, 115]
7: [103, 107, 108, 109, 110, 111, 112, 113, 114, 115]
8: [103, 107, 108, 109, 110, 111, 112, 113, 114, 115]
9: [103, 107, 108, 109, 110, 111, 112, 113, 114, 115]
10: [103, 107, 108, 109, 110, 111, 112, 113, 114, 115]
11: [103, 107, 108, 109, 110, 111, 112, 113, 114, 115]
12: [103, 107, 108, 109, 110, 111, 112, 113, 114, 115]
13: [107, 103, 108, 109, 110, 111, 112, 113, 114, 115]
14: [103, 128, 107, 108, 109, 110, 111, 112, 113, 114, 115, 116]
15: [128, 116]
16: [116]
17: [116]
18: [116]
19: [116]
20: [116]
21: [116]
22: [116]
23: [116]
24: [116]
25: [116]
26: [116]
27: [107, 108, 103, 109, 110, 111, 112, 113, 114, 115, 116]
28: [103, 128, 107, 108, 109, 110, 111, 112, 113, 114, 117, 115, 116]
29: [128, 117]
30: [117]
31: [117]
32: [117]
33: [117]
34: [117]
35: [117]
36: [117]
37: [117]
38: [117]
39: [117]
40: [117]
41: [107, 108, 109, 103, 110, 111, 112, 113, 114, 115, 116, 117]
42: [103, 128, 107, 108, 109, 110, 111, 112, 113, 118, 114, 117, 115, 116]
43: [128, 118]
44: [118]
45: [118]
46: [118]
47: [118]
48: [118]
49: [118]
50: [118]
51: [118]
52: [118]
53: [118]
54: [118]
55: [107, 108, 109, 110, 103, 111, 112, 113, 114, 115, 116, 117, 118]
56: []
57: [107, 128, 119]
58: [107, 119]
59: [107, 119]
60: [107, 119]
61: [107, 119]
62: [107, 119]
63: [107, 119]
64: [107, 119]
65: [107, 119]
66: [107, 119]
67: [107, 119]
68: [107, 119]
69: [107, 108, 109, 110, 111, 103, 112, 113, 114, 115, 116, 117, 118, 119]
70: [128, 108, 109, 110, 111, 112, 113, 114, 115, 116, 117, 118, 119, 103]
71: [108, 128]
72: [108]
73: [108]
74: [108]
75: [108]
76: [108]
77: [108]
78: [108]
79: [108]
80: [108]
81: [108]
82: [108]
83: [108, 109, 110, 111, 112, 103, 113, 114, 115, 116, 117, 118, 119]
84: [128, 109, 110, 111, 112, 113, 114, 115, 116, 117, 118, 119, 103]
85: [109, 128]
86: [109]
87: [109]
88: [109]
89: [109]
90: [109]
91: [109]
92: [109]
93: [109]
94: [109]
95: [109]
96: [109]
97: [109, 110, 111, 112, 113, 103, 114, 115, 116, 117, 118, 119]
98: [128, 110, 111, 112, 113, 114, 115, 116, 117, 118, 119, 103]
99: [110, 128]
100: [110]
101: [110]
102: [110]
103: [110]
104: [110]
105: [110]
106: [110]
107: [110]
108: [110]
109: [110]
110: [110]
111: [110, 111, 112, 113, 114, 103, 115, 116, 117, 118, 119]
112: [128, 111, 112, 113, 114, 115, 116, 117, 118, 119, 103]
113: [111, 128]
114: [111]
115: [111]
116: [111]
117: [111]
118: [111]
119: [111]
120: [111]
121: [111]
122: [111]
123: [111]
124: [111]
125: [111, 112, 113, 114, 115, 103, 116, 117, 118, 119]
126: [128, 112, 113, 114, 115, 116, 117, 118, 119, 103]
127: [112, 128]
128: [112]
129: [112]
130: [112]
131: [112]
132: [112]
133: [112]
134: [112]
135: [112]
136: [112]
137: [112]
138: [112]
139: [112, 113, 114, 115, 103, 116, 117, 118, 119]
140: [128, 113, 114, 115, 116, 117, 118, 119, 103]
141: [113, 128]
142: [113]
143: [113]
144: [113]
145: [113]
146: [113]
147: [113]
148: [113]
149: [113]
150: [113]
151: [113]
152: [113]
153: [113, 114, 115, 116, 117, 118, 119, 103]
154: [128, 114, 115, 116, 117, 118, 119, 103]
155: [114, 128]
156: [114]
157: [114]
158: [114]
159: [114]
160: [114]
161: [114]
162: [114]
163: [114]
164: [114]
165: [114]
166: [114]
167: [114, 115, 116, 117, 118, 119, 103]
168: [128, 115, 116, 117, 118, 119, 103]
169: [115, 128]
170: [115]
171: [115]
172: [115]
173: [115]
174: [115]
175: [115]
176: [115]
177: [115]
178: [115]
179: [115]
180: [115]
181: [115, 116, 117, 118, 119, 103]
182: [128, 116, 117, 118, 119, 103]
183: [128, 116, 117, 118, 119, 103]
184: [116, 117, 118, 119, 103]
185: [116, 117, 118, 119, 103]
186: [116, 117, 118, 119, 103]
187: [116, 117, 118, 119, 103]
188: [116, 117, 118, 119, 103]
189: [116, 117, 118, 119, 103]
190: [116, 117, 118, 119, 103]
191: [116, 117, 118, 119, 103]
192: [116, 117, 118, 119, 103]
193: [116, 117, 118, 119, 103]
194: [116, 117, 118, 119, 103]
195: [116, 117, 118, 119, 103]
57
0: [128, 107]
1: [128, 129, 107]
2: [129, 107]
3: [107]
4: [107]
5: [107]
6: [107]
7: [107]
8: [107]
9: [107]
10: [107]
11: [107]
12: [107]
13: [107]
14: [128, 107]
15: [72, 73, 74, 75, 76, 77, 78, 79, 80, 81, 71]
16: [72, 73, 74, 75, 76, 77, 78, 79, 80, 81, 71]
17: [73, 74, 75, 76, 77, 78, 79, 80, 81, 71]
18: [74, 75, 76, 77, 78, 79, 80, 81, 71]
19: [75, 76, 77, 78, 79, 80, 81, 71]
20: [76, 77, 78, 79, 80, 81, 71]
21: [77, 78, 79, 80, 81, 71]
22: [80, 81, 78, 79, 71]
23: [80, 81, 79, 71]
24: [80, 81, 71]
25: [81, 71]
26: [71]
27: [107]
28: [128, 107]
29: [72, 73, 74, 75, 76, 77, 78, 79, 80, 81, 71]
30: [72]
31: [73]
32: [74]
33: [75]
34: [76]
35: [77]
36: [78]
37: [79]
38: [80]
39: [81]
40: [71]
41: [107]
42: [128, 107]
43: [72, 73, 74, 75, 76, 77, 78, 79, 80, 81, 94, 71]
44: [94, 72]
45: [94, 73]
46: [94, 74]
47: [94, 75]
48: [94, 76]
49: [94, 77]
50: [94, 78]
51: [94, 79]
52: [94, 80]
53: [94, 81]
54: [94, 71]
55: [107]
56: [119, 128, 107]
57: []
58: [95, 72, 94]
59: [95, 73, 94]
60: [95, 74, 94]
61: [95, 75, 94]
62: [95, 76, 94]
63: [95, 77, 94]
64: [95, 78, 94]
65: [95, 79, 94]
66: [95, 80, 94]
67: [95, 94, 81]
68: [95, 94, 71]
69: [107, 119]
70: [119, 128]
71: [71, 72, 95, 73, 74, 75, 76, 77, 78, 79, 80, 81]
72: [72, 95]
73: [73, 95]
74: [74, 95]
75: [75, 95]
76: [76, 95]
77: [77, 95]
78: [78, 95]
79: [95, 79]
80: [95, 80]
81: [95, 81]
82: [95, 71]
83: [119]
84: [119, 128]
85: [71, 72, 73, 74, 75, 76, 77, 78, 79, 80, 81]
86: [72]
87: [73]
88: [74]
89: [75]
90: [76]
91: [77]
92: [78]
93: [79]
94: [80]
95: [81]
96: [71]
97: [119]
98: [119, 128]
99: [71, 72, 73, 74, 75, 76, 77, 78, 79, 80, 81]
100: [72]
101: [73]
102: [74]
103: [75]
104: [76]
105: [77]
106: [78]
107: [79]
108: [80]
109: [81]
110: [71]
111: [119]
112: [119, 128]
113: [71, 72, 73, 74, 75, 76, 77, 78, 79, 80, 81]
114: [72]
115: [73]
116: [74]
117: [75]
118: [76]
119: [77]
120: [78]
121: [79]
122: [80]
123: [81]
124: [71]
125: [119]
126: [119, 128]
127: [71, 72, 73, 74, 75, 76, 77, 78, 79, 80, 81]
128: [72]
129: [73]
130: [74]
131: [75]
132: [76]
133: [77]
134: [78]
135: [79]
136: [80]
137: [81]
138: [71]
139: [119]
140: [119, 128]
141: [71, 72, 73, 74, 75, 76, 77, 78, 79, 80, 81]
142: [72]
143: [73]
144: [74]
145: [75]
146: [76]
147: [77]
148: [78]
149: [79]
150: [80]
151: [81]
152: [71]
153: [119]
154: [119, 128]
155: [71, 72, 73, 74, 75, 76, 77, 78, 79, 80, 81]
156: [72]
157: [73]
158: [74]
159: [75]
160: [76]
161: [77]
162: [78]
163: [79]
164: [80]
165: [81]
166: [71]
167: [119]
168: [119, 128]
169: [71, 72, 73, 74, 75, 76, 77, 78, 79, 80, 81]
170: [71, 72, 73, 74, 75, 76, 77, 78, 79, 80, 81]
171: [71, 73, 74, 75, 76, 77, 78, 79, 80, 81]
172: [71, 74, 75, 76, 77, 78, 79, 80, 81]
173: [71, 75, 76, 77, 78, 79, 80, 81]
174: [71, 76, 77, 78, 79, 80, 81]
175: [71, 77, 78, 79, 80, 81]
176: [71, 78, 79, 80, 81]
177: [71, 79, 80, 81]
178: [71, 80, 81]
179: [71, 81]
180: [71]
181: [119]
182: [119, 128]
183: [129, 119, 128]
184: [129, 119]
185: [119]
186: [119]
187: [119]
188: [119]
189: [119]
190: [119]
191: [119]
192: [119]
193: [119]
194: [119]
195: [119]
58
0: [107]
1: [129, 107]
2: [129, 130, 107]
3: [130, 107]
4: [107]
5: [107]
6: [107]
7: [107]
8: [107]
9: [107]
10: [107]
11: [107]
12: [107]
13: [107]
14: [107]
15: [72]
16: [82, 72]
17: [82]
18: [82]
19: [82]
20: [82]
21: [82]
22: [82]
23: [82]
24: [82]
25: [82]
26: [82]
27: [107]
28: [107]
29: [72]
30: [45, 62, 47, 48, 49, 50, 51, 52, 53]
31: [45, 62, 47, 48, 49, 50, 51, 52, 53]
32: [45, 47, 48, 49, 50, 51, 52, 53]
33: [45, 47, 48, 49, 50, 51, 52, 53]
34: [45, 47, 48, 49, 50, 51, 52, 53]
35: [45, 47, 48, 49, 50, 51, 52, 53]
36: [45, 47, 48, 49, 50, 51, 52, 53]
37: [45, 47, 48, 49, 50, 51, 52, 53]
38: [45, 47, 48, 49, 50, 51, 52, 53]
39: [45, 47, 48, 49, 50, 51, 52, 53]
40: [82]
41: [107]
42: [107]
43: [94, 72]
44: [45, 62, 47, 48, 49, 50, 51, 52, 53, 54]
45: [62, 54]
46: [54]
47: [54]
48: [54]
49: [54]
50: [54]
51: [54]
52: [54]
53: [47, 48, 45, 49, 50, 51, 52, 53, 54]
54: [94, 82]
55: [107]
56: [119, 107]
57: [94, 72, 95]
58: []
59: [47, 62, 55]
60: [47, 55]
61: [47, 55]
62: [47, 55]
63: [47, 55]
64: [47, 55]
65: [47, 55]
66: [47, 55]
67: [47, 48, 49, 45, 50, 51, 52, 53, 54, 55]
68: [95, 94, 82]
69: [107, 119]
70: [119]
71: [72, 95]
72: [48, 49, 50, 51, 52, 53, 54, 55, 62, 45]
73: [48, 62]
74: [48]
75: [48]
76: [48]
77: [48]
78: [48]
79: [48]
80: [48]
81: [48, 49, 50, 45, 51, 52, 53, 54, 55]
82: [95, 82]
83: [119]
84: [119]
85: [72]
86: [49, 50, 51, 52, 53, 54, 55, 62, 45]
87: [49, 62]
88: [49]
89: [49]
90: [49]
91: [49]
92: [49]
93: [49]
94: [49]
95: [49, 50, 51, 45, 52, 53, 54, 55]
96: [82]
97: [119]
98: [119]
99: [72]
100: [50, 51, 52, 53, 54, 55, 62, 45]
101: [50, 62]
102: [50]
103: [50]
104: [50]
105: [50]
106: [50]
107: [50]
108: [50]
109: [50, 51, 52, 45, 53, 54, 55]
110: [82]
111: [119]
112: [119]
113: [72]
114: [51, 52, 53, 54, 55, 62, 45]
115: [51, 62]
116: [51]
117: [51]
118: [51]
119: [51]
120: [51]
121: [51]
122: [51]
123: [51, 52, 53, 45, 54, 55]
124: [82]
125: [119]
126: [119]
127: [72]
128: [52, 53, 54, 55, 62, 45]
129: [52, 62]
130: [52]
131: [52]
132: [52]
133: [52]
134: [52]
135: [52]
136: [52]
137: [52, 53, 45, 54, 55]
138: [82]
139: [119]
140: [119]
141: [72]
142: [62, 53, 54, 55, 45]
143: [53, 62]
144: [53]
145: [53]
146: [53]
147: [53]
148: [53]
149: [53]
150: [53]
151: [53, 54, 55, 45]
152: [82]
153: [119]
154: [119]
155: [72]
156: [62, 54, 55, 45]
157: [62, 54, 55, 45]
158: [54, 55, 45]
159: [54, 55, 45]
160: [54, 55, 45]
161: [54, 55, 45]
162: [54, 55, 45]
163: [54, 55, 45]
164: [54, 55, 45]
165: [54, 55, 45]
166: [82]
167: [119]
168: [119]
169: [72]
170: [72, 82]
171: [82]
172: [82]
173: [82]
174: [82]
175: [82]
176: [82]
177: [82]
178: [82]
179: [82]
180: [82]
181: [119]
182: [119]
183: [119, 129]
184: [130, 119, 129]
185: [130, 119]
186: [119]
187: [119]
188: [119]
189: [119]
190: [119]
191: [119]
192: [119]
193: [119]
194: [119]
195: [119]
59
0: [107]
1: [107]
2: [130, 107]
3: [130, 107, 131]
4: [107, 131]
5: [107]
6: [107]
7: [107]
8: [107]
9: [107]
10: [107]
11: [107]
12: [107]
13: [107]
14: [107]
15: [73]
16: [73]
17: [83, 73]
18: [83]
19: [83]
20: [83]
21: [83]
22: [83]
23: [83]
24: [83]
25: [83]
26: [83]
27: [107]
28: [107]
29: [73]
30: [62, 47]
31: [62, 63, 47]
32: [63, 47]
33: [47]
34: [47]
35: [47]
36: [47]
37: [47]
38: [47]
39: [47]
40: [83]
41: [107]
42: [107]
43: [94, 73]
44: [62, 47]
45: [38, 26, 27, 28, 29, 30, 31, 25]
46: [38, 26, 27, 28, 29, 30, 31, 25]
47: [38, 27, 28, 29, 30, 31, 25]
48: [38, 28, 29, 30, 31, 25]
49: [38, 29, 30, 31, 25]
50: [38, 30, 31, 25]
51: [38, 31, 25]
52: [38, 25]
53: [47]
54: [83, 94]
55: [107]
56: [119, 107]
57: [94, 73, 95]
58: [55, 62, 47]
59: []
60: [39, 26, 38]
61: [39, 27, 38]
62: [39, 28, 38]
63: [39, 29, 38]
64: [39, 30, 38]
65: [39, 31, 38]
66: [39, 38, 25]
67: [47, 55]
68: [95, 83, 94]
69: [107, 119]
70: [119]
71: [73, 95]
72: [55, 62]
73: [25, 26, 39, 27, 28, 29, 30, 31]
74: [26, 39]
75: [27, 39]
76: [28, 39]
77: [29, 39]
78: [30, 39]
79: [39, 31]
80: [39, 25]
81: [55]
82: [95, 83]
83: [119]
84: [119]
85: [73]
86: [55, 62]
87: [25, 26, 27, 28, 29, 30, 31]
88: [26]
89: [27]
90: [28]
91: [29]
92: [30]
93: [31]
94: [25]
95: [55]
96: [83]
97: [119]
98: [119]
99: [73]
100: [55, 62]
101: [25, 26, 27, 28, 29, 30, 31]
102: [26]
103: [27]
104: [28]
105: [29]
106: [30]
107: [31]
108: [25]
109: [55]
110: [83]
111: [119]
112: [119]
113: [73]
114: [55, 62]
115: [25, 26, 27, 28, 29, 30, 31]
116: [26]
117: [27]
118: [28]
119: [29]
120: [30]
121: [31]
122: [25]
123: [55]
124: [83]
125: [119]
126: [119]
127: [73]
128: [55, 62]
129: [25, 26, 27, 28, 29, 30, 31]
130: [26]
131: [27]
132: [28]
133: [29]
134: [30]
135: [31]
136: [25]
137: [55]
138: [83]
139: [119]
140: [119]
141: [73]
142: [55, 62]
143: [25, 26, 27, 28, 29, 30, 31]
144: [25, 26, 27, 28, 29, 30, 31]
145: [25, 27, 28, 29, 30, 31]
146: [25, 28, 29, 30, 31]
147: [25, 29, 30, 31]
148: [25, 30, 31]
149: [25, 31]
150: [25]
151: [55]
152: [83]
153: [119]
154: [119]
155: [73]
156: [55, 62]
157: [63, 55, 62]
158: [63, 55]
159: [55]
160: [55]
161: [55]
162: [55]
163: [55]
164: [55]
165: [55]
166: [83]
167: [119]
168: [119]
169: [73]
170: [73]
171: [73, 83]
172: [83]
173: [83]
174: [83]
175: [83]
176: [83]
177: [83]
178: [83]
179: [83]
180: [83]
181: [119]
182: [119]
183: [119]
184: [119, 130]
185: [131, 119, 130]
186: [131, 119]
187: [119]
188: [119]
189: [119]
190: [119]
191: [119]
192: [119]
193: [119]
194: [119]
195: [119]
60
0: [107]
1: [107]
2: [107]
3: [131, 107]
4: [131, 107, 132]
5: [107, 132]
6: [107]
7: [107]
8: [107]
9: [107]
10: [107]
11: [107]
12: [107]
13: [107]
14: [107]
15: [74]
16: [74]
17: [74]
18: [84, 74]
19: [84]
20: [84]
21: [84]
22: [84]
23: [84]
24: [84]
25: [84]
26: [84]
27: [107]
28: [107]
29: [74]
30: [47]
31: [63, 47]
32: [63, 47, 64]
33: [47, 64]
34: [47]
35: [47]
36: [47]
37: [47]
38: [47]
39: [47]
40: [84]
41: [107]
42: [107]
43: [94, 74]
44: [47]
45: [38, 26]
46: [32, 38, 26]
47: [32, 38]
48: [32, 38]
49: [32, 38]
50: [32, 38]
51: [32, 38]
52: [32, 38]
53: [47]
54: [84, 94]
55: [107]
56: [119, 107]
57: [94, 74, 95]
58: [55, 47]
59: [38, 26, 39]
60: []
61: [11, 12, 20, 13, 14, 15]
62: [11, 12, 13, 14, 15]
63: [11, 12, 13, 14, 15]
64: [11, 12, 13, 14, 15]
65: [11, 12, 13, 14, 15]
66: [39, 32, 38]
67: [47, 55]
68: [95, 84, 94]
69: [107, 119]
70: [119]
71: [74, 95]
72: [55]
73: [26, 39]
74: [12, 13, 14, 15, 20, 11]
75: [12, 20]
76: [12]
77: [12]
78: [12]
79: [11, 12, 13, 14, 15]
80: [39, 32]
81: [55]
82: [95, 84]
83: [119]
84: [119]
85: [74]
86: [55]
87: [26]
88: [20, 13, 14, 15, 11]
89: [13, 20]
90: [13]
91: [13]
92: [13]
93: [11, 13, 14, 15]
94: [32]
95: [55]
96: [84]
97: [119]
98: [119]
99: [74]
100: [55]
101: [26]
102: [20, 14, 15, 11]
103: [14, 20]
104: [14]
105: [14]
106: [14]
107: [11, 14, 15]
108: [32]
109: [55]
110: [84]
111: [119]
112: [119]
113: [74]
114: [55]
115: [26]
116: [20, 15, 11]
117: [15, 20]
118: [15]
119: [15]
120: [15]
121: [11, 15]
122: [32]
123: [55]
124: [84]
125: [119]
126: [119]
127: [74]
128: [55]
129: [26]
130: [20, 11]
131: [20, 11]
132: [11]
133: [11]
134: [11]
135: [11]
136: [32]
137: [55]
138: [84]
139: [119]
140: [119]
141: [74]
142: [55]
143: [26]
144: [26, 32]
145: [32]
146: [32]
147: [32]
148: [32]
149: [32]
150: [32]
151: [55]
152: [84]
153: [119]
154: [119]
155: [74]
156: [55]
157: [55, 63]
158: [64, 55, 63]
159: [64, 55]
160: [55]
161: [55]
162: [55]
163: [55]
164: [55]
165: [55]
166: [84]
167: [119]
168: [119]
169: [74]
170: [74]
171: [74]
172: [74, 84]
173: [84]
174: [84]
175: [84]
176: [84]
177: [84]
178: [84]
179: [84]
180: [84]
181: [119]
182: [119]
183: [119]
184: [119]
185: [119, 131]
186: [132, 119, 131]
187: [132, 119]
188: [119]
189: [119]
190: [119]
191: [119]
192: [119]
193: [119]
194: [119]
195: [119]
61
0: [107]
1: [107]
2: [107]
3: [107]
4: [132, 107]
5: [132, 107, 133]
6: [107, 133]
7: [107]
8: [107]
9: [107]
10: [107]
11: [107]
12: [107]
13: [107]
14: [107]
15: [75]
16: [75]
17: [75]
18: [75]
19: [85, 75]
20: [85]
21: [85]
22: [85]
23: [85]
24: [85]
25: [85]
26: [85]
27: [107]
28: [107]
29: [75]
30: [47]
31: [47]
32: [64, 47]
33: [64, 47, 65]
34: [47, 65]
35: [47]
36: [47]
37: [47]
38: [47]
39: [47]
40: [85]
41: [107]
42: [107]
43: [94, 75]
44: [47]
45: [38, 27]
46: [38, 27]
47: [33, 38, 27]
48: [33, 38]
49: [33, 38]
50: [33, 38]
51: [33, 38]
52: [33, 38]
53: [47]
54: [85, 94]
55: [107]
56: [119, 107]
57: [94, 75, 95]
58: [55, 47]
59: [38, 27, 39]
60: [12, 13, 14, 15, 20, 11]
61: []
62: [11, 12, 21, 13, 14, 15]
63: [11, 12, 13, 14, 15]
64: [11, 12, 13, 14, 15]
65: [11, 12, 13, 14, 15]
66: [39, 33, 38]
67: [47, 55]
68: [95, 85, 94]
69: [107, 119]
70: [119]
71: [75, 95]
72: [55]
73: [27, 39]
74: [12, 13, 14, 15, 20, 11]
75: [21, 12, 20]
76: [12, 21]
77: [12]
78: [12]
79: [11, 12, 13, 14, 15]
80: [39, 33]
81: [55]
82: [95, 85]
83: [119]
84: [119]
85: [75]
86: [55]
87: [27]
88: [20, 13, 14, 15, 11]
89: [21, 13, 20]
90: [13, 21]
91: [13]
92: [13]
93: [11, 13, 14, 15]
94: [33]
95: [55]
96: [85]
97: [119]
98: [119]
99: [75]
100: [55]
101: [27]
102: [20, 14, 15, 11]
103: [21, 14, 20]
104: [14, 21]
105: [14]
106: [14]
107: [11, 14, 15]
108: [33]
109: [55]
110: [85]
111: [119]
112: [119]
113: [75]
114: [55]
115: [27]
116: [20, 15, 11]
117: [21, 15, 20]
118: [21, 15]
119: [15]
120: [15]
121: [11, 15]
122: [33]
123: [55]
124: [85]
125: [119]
126: [119]
127: [75]
128: [55]
129: [27]
130: [20, 11]
131: [21, 20, 11]
132: [21, 11]
133: [11]
134: [11]
135: [11]
136: [33]
137: [55]
138: [85]
139: [119]
140: [119]
141: [75]
142: [55]
143: [27]
144: [27]
145: [27, 33]
146: [33]
147: [33]
148: [33]
149: [33]
150: [33]
151: [55]
152: [85]
153: [119]
154: [119]
155: [75]
156: [55]
157: [55]
158: [64, 55]
159: [65, 64, 55]
160: [65, 55]
161: [55]
162: [55]
163: [55]
164: [55]
165: [55]
166: [85]
167: [119]
168: [119]
169: [75]
170: [75]
171: [75]
172: [75]
173: [75, 85]
174: [85]
175: [85]
176: [85]
177: [85]
178: [85]
179: [85]
180: [85]
181: [119]
182: [119]
183: [119]
184: [119]
185: [119]
186: [132, 119]
187: [133, 132, 119]
188: [133, 119]
189: [119]
190: [119]
191: [119]
192: [119]
193: [119]
194: [119]
195: [119]
62
0: [107]
1: [107]
2: [107]
3: [107]
4: [107]
5: [133, 107]
6: [133, 107, 134]
7: [107, 134]
8: [107]
9: [107]
10: [107]
11: [107]
12: [107]
13: [107]
14: [107]
15: [76]
16: [76]
17: [76]
18: [76]
19: [76]
20: [86, 76]
21: [86]
22: [86]
23: [86]
24: [86]
25: [86]
26: [86]
27: [107]
28: [107]
29: [76]
30: [47]
31: [47]
32: [47]
33: [65, 47]
34: [65, 47, 66]
35: [47, 66]
36: [47]
37: [47]
38: [47]
39: [47]
40: [86]
41: [107]
42: [107]
43: [94, 76]
44: [47]
45: [38, 28]
46: [38, 28]
47: [38, 28]
48: [34, 38, 28]
49: [34, 38]
50: [34, 38]
51: [34, 38]
52: [34, 38]
53: [47]
54: [86, 94]
55: [107]
56: [119, 107]
57: [94, 95, 76]
58: [55, 47]
59: [38, 39, 28]
60: [12, 13, 14, 15, 11]
61: [12, 13, 14, 15, 21, 11]
62: []
63: [11, 12, 22, 13, 14, 15]
64: [11, 12, 13, 14, 15]
65: [11, 12, 13, 14, 15]
66: [39, 34, 38]
67: [47, 55]
68: [95, 86, 94]
69: [107, 119]
70: [119]
71: [95, 76]
72: [55]
73: [39, 28]
74: [12, 13, 14, 15, 11]
75: [21, 12]
76: [22, 12, 21]
77: [12, 22]
78: [12]
79: [11, 12, 13, 14, 15]
80: [39, 34]
81: [55]
82: [95, 86]
83: [119]
84: [119]
85: [76]
86: [55]
87: [28]
88: [13, 14, 15, 11]
89: [21, 13]
90: [22, 13, 21]
91: [13, 22]
92: [13]
93: [11, 13, 14, 15]
94: [34]
95: [55]
96: [86]
97: [119]
98: [119]
99: [76]
100: [55]
101: [28]
102: [14, 15, 11]
103: [21, 14]
104: [22, 14, 21]
105: [14, 22]
106: [14]
107: [11, 14, 15]
108: [34]
109: [55]
110: [86]
111: [119]
112: [119]
113: [76]
114: [55]
115: [28]
116: [15, 11]
117: [21, 15]
118: [22, 21, 15]
119: [22, 15]
120: [15]
121: [11, 15]
122: [34]
123: [55]
124: [86]
125: [119]
126: [119]
127: [76]
128: [55]
129: [28]
130: [11]
131: [21, 11]
132: [22, 21, 11]
133: [22, 11]
134: [11]
135: [11]
136: [34]
137: [55]
138: [86]
139: [119]
140: [119]
141: [76]
142: [55]
143: [28]
144: [28]
145: [28]
146: [28, 34]
147: [34]
148: [34]
149: [34]
150: [34]
151: [55]
152: [86]
153: [119]
154: [119]
155: [76]
156: [55]
157: [55]
158: [55]
159: [65, 55]
160: [66, 65, 55]
161: [66, 55]
162: [55]
163: [55]
164: [55]
165: [55]
166: [86]
167: [119]
168: [119]
169: [76]
170: [76]
171: [76]
172: [76]
173: [76]
174: [76, 86]
175: [86]
176: [86]
177: [86]
178: [86]
179: [86]
180: [86]
181: [119]
182: [119]
183: [119]
184: [119]
185: [119]
186: [119]
187: [133, 119]
188: [134, 133, 119]
189: [134, 119]
190: [119]
191: [119]
192: [119]
193: [119]
194: [119]
195: [119]
63
0: [107]
1: [107]
2: [107]
3: [107]
4: [107]
5: [107]
6: [134, 107]
7: [134, 107, 135]
8: [107, 135]
9: [107]
10: [107]
11: [107]
12: [107]
13: [107]
14: [107]
15: [77]
16: [77]
17: [77]
18: [77]
19: [77]
20: [77]
21: [87, 77]
22: [87]
23: [87]
24: [87]
25: [87]
26: [87]
27: [107]
28: [107]
29: [77]
30: [47]
31: [47]
32: [47]
33: [47]
34: [66, 47]
35: [66, 47, 67]
36: [47, 67]
37: [47]
38: [47]
39: [47]
40: [87]
41: [107]
42: [107]
43: [94, 77]
44: [47]
45: [38, 29]
46: [38, 29]
47: [38, 29]
48: [38, 29]
49: [35, 38, 29]
50: [35, 38]
51: [35, 38]
52: [35, 38]
53: [47]
54: [87, 94]
55: [107]
56: [119, 107]
57: [94, 95, 77]
58: [55, 47]
59: [38, 39, 29]
60: [12, 13, 14, 15, 11]
61: [12, 13, 14, 15, 11]
62: [12, 13, 14, 15, 22, 11]
63: []
64: [11, 12, 23, 13, 14, 15]
65: [11, 12, 13, 14, 15]
66: [39, 35, 38]
67: [47, 55]
68: [95, 87, 94]
69: [107, 119]
70: [119]
71: [95, 77]
72: [55]
73: [39, 29]
74: [12, 13, 14, 15, 11]
75: [12]
76: [22, 12]
77: [23, 12, 22]
78: [12, 23]
79: [11, 12, 13, 14, 15]
80: [39, 35]
81: [55]
82: [95, 87]
83: [119]
84: [119]
85: [77]
86: [55]
87: [29]
88: [13, 14, 15, 11]
89: [13]
90: [22, 13]
91: [23, 13, 22]
92: [13, 23]
93: [11, 13, 14, 15]
94: [35]
95: [55]
96: [87]
97: [119]
98: [119]
99: [77]
100: [55]
101: [29]
102: [14, 15, 11]
103: [14]
104: [22, 14]
105: [23, 14, 22]
106: [23, 14]
107: [11, 14, 15]
108: [35]
109: [55]
110: [87]
111: [119]
112: [119]
113: [77]
114: [55]
115: [29]
116: [15, 11]
117: [15]
118: [22, 15]
119: [23, 22, 15]
120: [23, 15]
121: [11, 15]
122: [35]
123: [55]
124: [87]
125: [119]
126: [119]
127: [77]
128: [55]
129: [29]
130: [11]
131: [11]
132: [22, 11]
133: [23, 22, 11]
134: [23, 11]
135: [11]
136: [35]
137: [55]
138: [87]
139: [119]
140: [119]
141: [77]
142: [55]
143: [29]
144: [29]
145: [29]
146: [29]
147: [29, 35]
148: [35]
149: [35]
150: [35]
151: [55]
152: [87]
153: [119]
154: [119]
155: [77]
156: [55]
157: [55]
158: [55]
159: [55]
160: [66, 55]
161: [67, 66, 55]
162: [67, 55]
163: [55]
164: [55]
165: [55]
166: [87]
167: [119]
168: [119]
169: [77]
170: [77]
171: [77]
172: [77]
173: [77]
174: [77]
175: [77, 87]
176: [87]
177: [87]
178: [87]
179: [87]
180: [87]
181: [119]
182: [119]
183: [119]
184: [119]
185: [119]
186: [119]
187: [119]
188: [134, 119]
189: [135, 134, 119]
190: [135, 119]
191: [119]
192: [119]
193: [119]
194: [119]
195: [119]
64
0: [107]
1: [107]
2: [107]
3: [107]
4: [107]
5: [107]
6: [107]
7: [135, 107]
8: [135, 107, 136]
9: [107, 136]
10: [107]
11: [107]
12: [107]
13: [107]
14: [107]
15: [78]
16: [78]
17: [78]
18: [78]
19: [78]
20: [78]
21: [78]
22: [88, 78]
23: [88]
24: [88]
25: [88]
26: [88]
27: [107]
28: [107]
29: [78]
30: [47]
31: [47]
32: [47]
33: [47]
34: [47]
35: [67, 47]
36: [67, 47, 68]
37: [47, 68]
38: [47]
39: [47]
40: [88]
41: [107]
42: [107]
43: [94, 78]
44: [47]
45: [38, 30]
46: [38, 30]
47: [38, 30]
48: [38, 30]
49: [38, 30]
50: [36, 38, 30]
51: [36, 38]
52: [36, 38]
53: [47]
54: [88, 94]
55: [107]
56: [119, 107]
57: [94, 95, 78]
58: [55, 47]
59: [38, 39, 30]
60: [12, 13, 14, 15, 11]
61: [12, 13, 14, 15, 11]
62: [12, 13, 14, 15, 11]
63: [12, 13, 14, 15, 23, 11]
64: []
65: [11, 24, 12, 13, 14, 15]
66: [39, 36, 38]
67: [47, 55]
68: [95, 88, 94]
69: [107, 119]
70: [119]
71: [95, 78]
72: [55]
73: [39, 30]
74: [12, 13, 14, 15, 11]
75: [12]
76: [12]
77: [23, 12]
78: [24, 12, 23]
79: [11, 24, 12, 13, 14, 15]
80: [39, 36]
81: [55]
82: [95, 88]
83: [119]
84: [119]
85: [78]
86: [55]
87: [30]
88: [13, 14, 15, 11]
89: [13]
90: [13]
91: [23, 13]
92: [24, 13, 23]
93: [11, 24, 13, 14, 15]
94: [36]
95: [55]
96: [88]
97: [119]
98: [119]
99: [78]
100: [55]
101: [30]
102: [14, 15, 11]
103: [14]
104: [14]
105: [23, 14]
106: [24, 23, 14]
107: [11, 24, 14, 15]
108: [36]
109: [55]
110: [88]
111: [119]
112: [119]
113: [78]
114: [55]
115: [30]
116: [15, 11]
117: [15]
118: [15]
119: [23, 15]
120: [24, 23, 15]
121: [11, 24, 15]
122: [36]
123: [55]
124: [88]
125: [119]
126: [119]
127: [78]
128: [55]
129: [30]
130: [11]
131: [11]
132: [11]
133: [23, 11]
134: [24, 11, 23]
135: [24, 11]
136: [36]
137: [55]
138: [88]
139: [119]
140: [119]
141: [78]
142: [55]
143: [30]
144: [30]
145: [30]
146: [30]
147: [30]
148: [30, 36]
149: [36]
150: [36]
151: [55]
152: [88]
153: [119]
154: [119]
155: [78]
156: [55]
157: [55]
158: [55]
159: [55]
160: [55]
161: [67, 55]
162: [68, 67, 55]
163: [68, 55]
164: [55]
165: [55]
166: [88]
167: [119]
168: [119]
169: [78]
170: [78]
171: [78]
172: [78]
173: [78]
174: [78]
175: [78]
176: [78, 88]
177: [88]
178: [88]
179: [88]
180: [88]
181: [119]
182: [119]
183: [119]
184: [119]
185: [119]
186: [119]
187: [119]
188: [119]
189: [135, 119]
190: [136, 135, 119]
191: [136, 119]
192: [119]
193: [119]
194: [119]
195: [119]
65
0: [107]
1: [107]
2: [107]
3: [107]
4: [107]
5: [107]
6: [107]
7: [107]
8: [136, 107]
9: [136, 107, 137]
10: [107, 137]
11: [107]
12: [107]
13: [107]
14: [107]
15: [79]
16: [79]
17: [79]
18: [79]
19: [79]
20: [79]
21: [79]
22: [79]
23: [89, 79]
24: [89]
25: [89]
26: [89]
27: [107]
28: [107]
29: [79]
30: [47]
31: [47]
32: [47]
33: [47]
34: [47]
35: [47]
36: [68, 47]
37: [68, 47, 69]
38: [47, 69]
39: [47]
40: [89]
41: [107]
42: [107]
43: [94, 79]
44: [47]
45: [38, 31]
46: [38, 31]
47: [38, 31]
48: [38, 31]
49: [38, 31]
50: [38, 31]
51: [37, 38, 31]
52: [37, 38]
53: [47]
54: [89, 94]
55: [107]
56: [119, 107]
57: [94, 95, 79]
58: [55, 47]
59: [38, 39, 31]
60: [12, 13, 14, 15, 11]
61: [12, 13, 14, 15, 11]
62: [12, 13, 14, 15, 11]
63: [12, 13, 14, 15, 11]
64: [12, 13, 14, 15, 24, 11]
65: []
66: [39, 37, 38]
67: [47, 55]
68: [95, 89, 94]
69: [107, 119]
70: [119]
71: [95, 79]
72: [55]
73: [39, 31]
74: [12, 13, 14, 15, 11]
75: [12]
76: [12]
77: [12]
78: [24, 12]
79: [11, 24, 12, 13, 14, 15]
80: [39, 37]
81: [55]
82: [95, 89]
83: [119]
84: [119]
85: [79]
86: [55]
87: [31]
88: [13, 14, 15, 11]
89: [13]
90: [13]
91: [13]
92: [24, 13]
93: [11, 24, 13, 14, 15]
94: [37]
95: [55]
96: [89]
97: [119]
98: [119]
99: [79]
100: [55]
101: [31]
102: [14, 15, 11]
103: [14]
104: [14]
105: [14]
106: [24, 14]
107: [11, 24, 14, 15]
108: [37]
109: [55]
110: [89]
111: [119]
112: [119]
113: [79]
114: [55]
115: [31]
116: [15, 11]
117: [15]
118: [15]
119: [15]
120: [24, 15]
121: [11, 24, 15]
122: [37]
123: [55]
124: [89]
125: [119]
126: [119]
127: [79]
128: [55]
129: [31]
130: [11]
131: [11]
132: [11]
133: [11]
134: [24, 11]
135: [11, 24]
136: [37]
137: [55]
138: [89]
139: [119]
140: [119]
141: [79]
142: [55]
143: [31]
144: [31]
145: [31]
146: [31]
147: [31]
148: [31]
149: [31, 37]
150: [37]
151: [55]
152: [89]
153: [119]
154: [119]
155: [79]
156: [55]
157: [55]
158: [55]
159: [55]
160: [55]
161: [55]
162: [68, 55]
163: [69, 68, 55]
164: [69, 55]
165: [55]
166: [89]
167: [119]
168: [119]
169: [79]
170: [79]
171: [79]
172: [79]
173: [79]
174: [79]
175: [79]
176: [79]
177: [79, 89]
178: [89]
179: [89]
180: [89]
181: [119]
182: [119]
183: [119]
184: [119]
185: [119]
186: [119]
187: [119]
188: [119]
189: [119]
190: [136, 119]
191: [137, 136, 119]
192: [137, 119]
193: [119]
194: [119]
195: [119]
66
0: [107]
1: [107]
2: [107]
3: [107]
4: [107]
5: [107]
6: [107]
7: [107]
8: [107]
9: [137, 107]
10: [137, 107, 138]
11: [107, 138]
12: [107]
13: [107]
14: [107]
15: [80]
16: [80]
17: [80]
18: [80]
19: [80]
20: [80]
21: [80]
22: [80]
23: [80]
24: [90, 80]
25: [90]
26: [90]
27: [107]
28: [107]
29: [80]
30: [47]
31: [47]
32: [47]
33: [47]
34: [47]
35: [47]
36: [47]
37: [69, 47]
38: [69, 47, 70]
39: [47, 70]
40: [90]
41: [107]
42: [107]
43: [94, 80]
44: [47]
45: [25, 38]
46: [25, 38, 32]
47: [25, 38, 33, 32]
48: [25, 38, 34, 33, 32]
49: [25, 38, 35, 34, 33, 32]
50: [25, 38, 36, 35, 34, 33, 32]
51: [25, 37, 38, 36, 35, 34, 33, 32]
52: [25, 37, 38, 36, 35, 34, 33, 32]
53: [47, 70]
54: [90, 94]
55: [107]
56: [119, 107]
57: [94, 95, 80]
58: [55, 47]
59: [38, 25, 39]
60: [38, 39, 32]
61: [38, 39, 33]
62: [38, 39, 34]
63: [38, 39, 35]
64: [38, 36, 39]
65: [38, 37, 39]
66: []
67: [47, 70, 55]
68: [95, 90, 94]
69: [107, 119]
70: [119]
71: [95, 80]
72: [55]
73: [39, 25]
74: [39, 32]
75: [39, 33]
76: [39, 34]
77: [39, 35]
78: [39, 36]
79: [39, 37]
80: [32, 33, 34, 35, 36, 37, 39, 25]
81: [70, 55]
82: [95, 90]
83: [119]
84: [119]
85: [80]
86: [55]
87: [25]
88: [32]
89: [33]
90: [34]
91: [35]
92: [36]
93: [37]
94: [32, 33, 34, 35, 36, 37, 25]
95: [70, 55]
96: [90]
97: [119]
98: [119]
99: [80]
100: [55]
101: [25]
102: [32]
103: [33]
104: [34]
105: [35]
106: [36]
107: [37]
108: [32, 33, 34, 35, 36, 37, 25]
109: [70, 55]
110: [90]
111: [119]
112: [119]
113: [80]
114: [55]
115: [25]
116: [32]
117: [33]
118: [34]
119: [35]
120: [36]
121: [37]
122: [32, 33, 34, 35, 36, 37, 25]
123: [70, 55]
124: [90]
125: [119]
126: [119]
127: [80]
128: [55]
129: [25]
130: [32]
131: [33]
132: [34]
133: [35]
134: [36]
135: [37]
136: [32, 33, 34, 35, 36, 37, 25]
137: [70, 55]
138: [90]
139: [119]
140: [119]
141: [80]
142: [55]
143: [25]
144: [32, 25]
145: [32, 33, 25]
146: [32, 33, 34, 25]
147: [32, 33, 34, 35, 25]
148: [32, 33, 34, 35, 36, 25]
149: [32, 33, 34, 35, 36, 37, 25]
150: [32, 33, 34, 35, 36, 37, 25]
151: [70, 55]
152: [90]
153: [119]
154: [119]
155: [80]
156: [55]
157: [55]
158: [55]
159: [55]
160: [55]
161: [55]
162: [55]
163: [69, 55]
164: [70, 69, 55]
165: [70, 55]
166: [90]
167: [119]
168: [119]
169: [80]
170: [80]
171: [80]
172: [80]
173: [80]
174: [80]
175: [80]
176: [80]
177: [80]
178: [80, 90]
179: [90]
180: [90]
181: [119]
182: [119]
183: [119]
184: [119]
185: [119]
186: [119]
187: [119]
188: [119]
189: [119]
190: [119]
191: [137, 119]
192: [138, 137, 119]
193: [138, 119]
194: [119]
195: [119]
67
0: [107]
1: [107]
2: [107]
3: [107]
4: [107]
5: [107]
6: [107]
7: [107]
8: [107]
9: [107]
10: [138, 107]
11: [138, 107, 139]
12: [107, 139]
13: [107]
14: [107]
15: [81]
16: [81]
17: [81]
18: [81]
19: [81]
20: [81]
21: [81]
22: [81]
23: [81]
24: [81]
25: [91, 81]
26: [91]
27: [107]
28: [107]
29: [81]
30: [47, 48, 49, 50, 51, 52, 53, 45]
31: [47, 48, 49, 50, 51, 52, 53, 45]
32: [47, 48, 49, 50, 51, 52, 53, 45]
33: [47, 48, 49, 50, 51, 52, 53, 45]
34: [47, 48, 49, 50, 51, 52, 53, 45]
35: [47, 48, 49, 50, 51, 52, 53, 45]
36: [47, 48, 49, 50, 51, 52, 53, 45]
37: [47, 48, 49, 50, 51, 52, 53, 45]
38: [70, 47, 48, 49, 50, 51, 52, 53, 45]
39: [70, 47, 48, 49, 50, 51, 52, 53, 45]
40: [91]
41: [107]
42: [107]
43: [94, 81]
44: [54, 47, 48, 49, 50, 51, 52, 53, 45]
45: [54]
46: [54]
47: [54]
48: [54]
49: [54]
50: [54]
51: [54]
52: [54, 70]
53: [70, 47, 48, 49, 50, 51, 52, 53, 54, 45]
54: [91, 94]
55: [107]
56: [119, 107]
57: [94, 95, 81]
58: [55, 54, 47, 48, 49, 50, 51, 52, 53, 45]
59: [55, 47]
60: [55, 47]
61: [55, 47]
62: [55, 47]
63: [55, 47]
64: [55, 47]
65: [55, 47]
66: [55, 70, 47]
67: []
68: [95, 91, 94]
69: [107, 119]
70: [119]
71: [95, 81]
72: [55, 54, 48, 49, 50, 51, 52, 53, 45]
73: [48]
74: [48]
75: [48]
76: [48]
77: [48]
78: [48]
79: [48]
80: [70, 48]
81: [45, 70, 48, 49, 50, 51, 52, 55, 53, 54]
82: [95, 91]
83: [119]
84: [119]
85: [81]
86: [55, 54, 49, 50, 51, 52, 53, 45]
87: [49]
88: [49]
89: [49]
90: [49]
91: [49]
92: [49]
93: [49]
94: [70, 49]
95: [45, 70, 49, 50, 51, 52, 55, 53, 54]
96: [91]
97: [119]
98: [119]
99: [81]
100: [55, 54, 50, 51, 52, 53, 45]
101: [50]
102: [50]
103: [50]
104: [50]
105: [50]
106: [50]
107: [50]
108: [70, 50]
109: [45, 70, 50, 51, 52, 55, 53, 54]
110: [91]
111: [119]
112: [119]
113: [81]
114: [55, 54, 51, 52, 53, 45]
115: [51]
116: [51]
117: [51]
118: [51]
119: [51]
120: [51]
121: [51]
122: [70, 51]
123: [45, 70, 51, 52, 55, 53, 54]
124: [91]
125: [119]
126: [119]
127: [81]
128: [55, 54, 53, 52, 45]
129: [52]
130: [52]
131: [52]
132: [52]
133: [52]
134: [52]
135: [52]
136: [70, 52]
137: [45, 70, 52, 55, 53, 54]
138: [91]
139: [119]
140: [119]
141: [81]
142: [55, 45, 54, 53]
143: [53]
144: [53]
145: [53]
146: [53]
147: [53]
148: [53]
149: [53]
150: [70, 53]
151: [45, 70, 55, 53, 54]
152: [91]
153: [119]
154: [119]
155: [81]
156: [45, 55, 54]
157: [45, 55, 54]
158: [45, 55, 54]
159: [45, 55, 54]
160: [45, 55, 54]
161: [45, 55, 54]
162: [45, 55, 54]
163: [45, 55, 54]
164: [45, 70, 55, 54]
165: [45, 70, 55, 54]
166: [91]
167: [119]
168: [119]
169: [81]
170: [81]
171: [81]
172: [81]
173: [81]
174: [81]
175: [81]
176: [81]
177: [81]
178: [81]
179: [81, 91]
180: [91]
181: [119]
182: [119]
183: [119]
184: [119]
185: [119]
186: [119]
187: [119]
188: [119]
189: [119]
190: [119]
191: [119]
192: [138, 119]
193: [139, 138, 119]
194: [139, 119]
195: [119]
68
0: [107]
1: [107]
2: [107]
3: [107]
4: [107]
5: [107]
6: [107]
7: [107]
8: [107]
9: [107]
10: [107]
11: [139, 107]
12: [139, 107, 140]
13: [107, 140]
14: [107]
15: [71]
16: [71, 82]
17: [71, 83, 82]
18: [71, 84, 83, 82]
19: [71, 85, 84, 83, 82]
20: [71, 86, 85, 84, 83, 82]
21: [71, 87, 86, 85, 84, 83, 82]
22: [71, 88, 87, 86, 85, 84, 83, 82]
23: [71, 89, 88, 87, 86, 85, 84, 83, 82]
24: [71, 90, 89, 88, 87, 86, 85, 84, 83, 82]
25: [71, 91, 90, 89, 88, 87, 86, 85, 84, 83, 82]
26: [71, 91, 90, 89, 88, 87, 86, 85, 84, 83, 82]
27: [107, 140]
28: [107]
29: [71]
30: [82]
31: [83]
32: [84]
33: [85]
34: [86]
35: [87]
36: [88]
37: [89]
38: [90]
39: [91]
40: [71, 91, 90, 89, 88, 87, 86, 85, 84, 83, 82]
41: [107, 140]
42: [107]
43: [94, 71]
44: [94, 82]
45: [94, 83]
46: [94, 84]
47: [94, 85]
48: [94, 86]
49: [94, 87]
50: [94, 88]
51: [89, 94]
52: [90, 94]
53: [91, 94]
54: [71, 91, 94, 90, 89, 88, 87, 86, 85, 84, 83, 82]
55: [107, 140]
56: [119, 107]
57: [94, 95, 71]
58: [94, 95, 82]
59: [94, 95, 83]
60: [94, 95, 84]
61: [94, 95, 85]
62: [94, 95, 86]
63: [94, 95, 87]
64: [94, 88, 95]
65: [94, 89, 95]
66: [94, 90, 95]
67: [94, 91, 95]
68: []
69: [107, 140, 119]
70: [119]
71: [95, 71]
72: [95, 82]
73: [95, 83]
74: [95, 84]
75: [95, 85]
76: [95, 86]
77: [95, 87]
78: [95, 88]
79: [95, 89]
80: [95, 90]
81: [95, 91]
82: [82, 83, 84, 85, 86, 87, 88, 89, 90, 91, 95, 71]
83: [140, 119]
84: [119]
85: [71]
86: [82]
87: [83]
88: [84]
89: [85]
90: [86]
91: [87]
92: [88]
93: [89]
94: [90]
95: [91]
96: [82, 83, 84, 85, 86, 87, 88, 89, 90, 91, 71]
97: [140, 119]
98: [119]
99: [71]
100: [82]
101: [83]
102: [84]
103: [85]
104: [86]
105: [87]
106: [88]
107: [89]
108: [90]
109: [91]
110: [82, 83, 84, 85, 86, 87, 88, 89, 90, 91, 71]
111: [140, 119]
112: [119]
113: [71]
114: [82]
115: [83]
116: [84]
117: [85]
118: [86]
119: [87]
120: [88]
121: [89]
122: [90]
123: [91]
124: [82, 83, 84, 85, 86, 87, 88, 89, 90, 91, 71]
125: [140, 119]
126: [119]
127: [71]
128: [82]
129: [83]
130: [84]
131: [85]
132: [86]
133: [87]
134: [88]
135: [89]
136: [90]
137: [91]
138: [82, 83, 84, 85, 86, 87, 88, 89, 90, 91, 71]
139: [140, 119]
140: [119]
141: [71]
142: [82]
143: [83]
144: [84]
145: [85]
146: [86]
147: [87]
148: [88]
149: [89]
150: [90]
151: [91]
152: [82, 83, 84, 85, 86, 87, 88, 89, 90, 91, 71]
153: [140, 119]
154: [119]
155: [71]
156: [82]
157: [83]
158: [84]
159: [85]
160: [86]
161: [87]
162: [88]
163: [89]
164: [90]
165: [91]
166: [82, 83, 84, 85, 86, 87, 88, 89, 90, 91, 71]
167: [140, 119]
168: [119]
169: [71]
170: [82, 71]
171: [82, 83, 71]
172: [82, 83, 84, 71]
173: [82, 83, 84, 85, 71]
174: [82, 83, 84, 85, 86, 71]
175: [82, 83, 84, 85, 86, 87, 71]
176: [82, 83, 84, 85, 86, 87, 88, 71]
177: [82, 83, 84, 85, 86, 87, 88, 89, 71]
178: [82, 83, 84, 85, 86, 87, 88, 89, 90, 71]
179: [82, 83, 84, 85, 86, 87, 88, 89, 90, 91, 71]
180: [82, 83, 84, 85, 86, 87, 88, 89, 90, 91, 71]
181: [140, 119]
182: [119]
183: [119]
184: [119]
185: [119]
186: [119]
187: [119]
188: [119]
189: [119]
190: [119]
191: [119]
192: [119]
193: [139, 119]
194: [140, 139, 119]
195: [140, 119]
69
0: [107, 108, 109, 110, 111, 112, 113, 114, 115, 103]
1: [107, 108, 109, 110, 111, 112, 113, 114, 115, 103]
2: [107, 108, 109, 110, 111, 112, 113, 114, 115, 103]
3: [107, 108, 109, 110, 111, 112, 113, 114, 115, 103]
4: [107, 108, 109, 110, 111, 112, 113, 114, 115, 103]
5: [107, 108, 109, 110, 111, 112, 113, 114, 115, 103]
6: [107, 108, 109, 110, 111, 112, 113, 114, 115, 103]
7: [107, 108, 109, 110, 111, 112, 113, 114, 115, 103]
8: [107, 108, 109, 110, 111, 112, 113, 114, 115, 103]
9: [107, 108, 109, 110, 111, 112, 113, 114, 115, 103]
10: [107, 108, 109, 110, 111, 112, 113, 114, 115, 103]
11: [107, 108, 109, 110, 111, 112, 113, 114, 115, 103]
12: [107, 108, 109, 110, 111, 112, 113, 114, 115, 140, 103]
13: [107, 108, 109, 110, 111, 112, 113, 114, 115, 140, 103]
14: [116, 107, 108, 109, 110, 111, 112, 113, 114, 115, 103]
15: [116]
16: [116]
17: [116]
18: [116]
19: [116]
20: [116]
21: [116]
22: [116]
23: [116]
24: [116]
25: [116]
26: [116, 140]
27: [107, 108, 109, 110, 111, 112, 113, 114, 115, 116, 140, 103]
28: [117, 116, 107, 108, 109, 110, 111, 112, 113, 114, 115, 103]
29: [117]
30: [117]
31: [117]
32: [117]
33: [117]
34: [117]
35: [117]
36: [117]
37: [117]
38: [117]
39: [117]
40: [117, 140]
41: [140, 107, 108, 109, 110, 111, 112, 113, 114, 115, 116, 117, 103]
42: [118, 117, 116, 107, 108, 109, 110, 111, 112, 113, 114, 115, 103]
43: [118]
44: [118]
45: [118]
46: [118]
47: [118]
48: [118]
49: [118]
50: [118]
51: [118]
52: [118]
53: [118]
54: [118, 140]
55: [140, 107, 108, 109, 110, 111, 112, 113, 114, 115, 116, 117, 118, 103]
56: [119, 118, 117, 116, 107, 108, 109, 110, 111, 112, 113, 114, 115, 103]
57: [119, 107]
58: [119, 107]
59: [119, 107]
60: [119, 107]
61: [119, 107]
62: [119, 107]
63: [119, 107]
64: [119, 107]
65: [119, 107]
66: [119, 107]
67: [119, 107]
68: [119, 140, 107]
69: []
70: [119, 118, 117, 116, 108, 109, 110, 111, 112, 113, 114, 115, 103]
71: [108]
72: [108]
73: [108]
74: [108]
75: [108]
76: [108]
77: [108]
78: [108]
79: [108]
80: [108]
81: [108]
82: [140, 108]
83: [103, 140, 108, 109, 110, 111, 112, 119, 113, 118, 114, 117, 115, 116]
84: [119, 118, 117, 116, 109, 110, 111, 112, 113, 114, 115, 103]
85: [109]
86: [109]
87: [109]
88: [109]
89: [109]
90: [109]
91: [109]
92: [109]
93: [109]
94: [109]
95: [109]
96: [140, 109]
97: [103, 140, 109, 110, 111, 112, 119, 113, 118, 114, 117, 115, 116]
98: [119, 118, 117, 116, 110, 111, 112, 113, 114, 115, 103]
99: [110]
100: [110]
101: [110]
102: [110]
103: [110]
104: [110]
105: [110]
106: [110]
107: [110]
108: [110]
109: [110]
110: [140, 110]
111: [103, 140, 110, 111, 112, 119, 113, 118, 114, 117, 115, 116]
112: [119, 118, 117, 116, 111, 112, 113, 114, 115, 103]
113: [111]
114: [111]
115: [111]
116: [111]
117: [111]
118: [111]
119: [111]
120: [111]
121: [111]
122: [111]
123: [111]
124: [140, 111]
125: [103, 140, 111, 112, 119, 113, 118, 114, 117, 115, 116]
126: [119, 118, 117, 116, 103, 112, 113, 114, 115]
127: [112]
128: [112]
129: [112]
130: [112]
131: [112]
132: [112]
133: [112]
134: [112]
135: [112]
136: [112]
137: [112]
138: [140, 112]
139: [103, 140, 112, 119, 113, 118, 114, 117, 115, 116]
140: [119, 118, 117, 116, 103, 113, 114, 115]
141: [113]
142: [113]
143: [113]
144: [113]
145: [113]
146: [113]
147: [113]
148: [113]
149: [113]
150: [113]
151: [113]
152: [140, 113]
153: [103, 140, 119, 113, 118, 114, 117, 115, 116]
154: [119, 118, 117, 103, 116, 114, 115]
155: [114]
156: [114]
157: [114]
158: [114]
159: [114]
160: [114]
161: [114]
162: [114]
163: [114]
164: [114]
165: [114]
166: [140, 114]
167: [103, 140, 119, 118, 114, 117, 115, 116]
168: [119, 118, 103, 117, 116, 115]
169: [115]
170: [115]
171: [115]
172: [115]
173: [115]
174: [115]
175: [115]
176: [115]
177: [115]
178: [115]
179: [115]
180: [140, 115]
181: [103, 140, 119, 118, 117, 115, 116]
182: [119, 103, 118, 117, 116]
183: [103, 119, 118, 117, 116]
184: [103, 119, 118, 117, 116]
185: [103, 119, 118, 117, 116]
186: [103, 119, 118, 117, 116]
187: [103, 119, 118, 117, 116]
188: [103, 119, 118, 117, 116]
189: [103, 119, 118, 117, 116]
190: [103, 119, 118, 117, 116]
191: [103, 119, 118, 117, 116]
192: [103, 119, 118, 117, 116]
193: [103, 119, 118, 117, 116]
194: [103, 140, 119, 118, 117, 116]
195: [103, 140, 119, 118, 117, 116]
70
0: [103, 128, 108, 109, 110, 111, 112, 113, 114, 115]
1: [103, 128, 108, 109, 110, 111, 112, 113, 114, 115]
2: [103, 108, 109, 110, 111, 112, 113, 114, 115]
3: [103, 108, 109, 110, 111, 112, 113, 114, 115]
4: [103, 108, 109, 110, 111, 112, 113, 114, 115]
5: [103, 108, 109, 110, 111, 112, 113, 114, 115]
6: [103, 108, 109, 110, 111, 112, 113, 114, 115]
7: [103, 108, 109, 110, 111, 112, 113, 114, 115]
8: [103, 108, 109, 110, 111, 112, 113, 114, 115]
9: [103, 108, 109, 110, 111, 112, 113, 114, 115]
10: [103, 108, 109, 110, 111, 112, 113, 114, 115]
11: [103, 108, 109, 110, 111, 112, 113, 114, 115]
12: [103, 108, 109, 110, 111, 112, 113, 114, 115]
13: [108, 103, 109, 110, 111, 112, 113, 114, 115]
14: [103, 128, 108, 109, 110, 111, 112, 113, 114, 115, 116]
15: [128, 116]
16: [116]
17: [116]
18: [116]
19: [116]
20: [116]
21: [116]
22: [116]
23: [116]
24: [116]
25: [116]
26: [116]
27: [108, 109, 103, 110, 111, 112, 113, 114, 115, 116]
28: [103, 128, 108, 109, 110, 111, 112, 113, 114, 117, 115, 116]
29: [128, 117]
30: [117]
31: [117]
32: [117]
33: [117]
34: [117]
35: [117]
36: [117]
37: [117]
38: [117]
39: [117]
40: [117]
41: [108, 109, 110, 103, 111, 112, 113, 114, 115, 116, 117]
42: [103, 128, 108, 109, 110, 111, 112, 113, 118, 114, 117, 115, 116]
43: [128, 118]
44: [118]
45: [118]
46: [118]
47: [118]
48: [118]
49: [118]
50: [118]
51: [118]
52: [118]
53: [118]
54: [118]
55: [108, 109, 110, 111, 103, 112, 113, 114, 115, 116, 117, 118]
56: [103, 128, 108, 109, 110, 111, 112, 119, 113, 118, 114, 117, 115, 116]
57: [128, 119]
58: [119]
59: [119]
60: [119]
61: [119]
62: [119]
63: [119]
64: [119]
65: [119]
66: [119]
67: [119]
68: [119]
69: [108, 109, 110, 111, 112, 103, 113, 114, 115, 116, 117, 118, 119]
70: []
71: [108, 128, 120]
72: [108, 120]
73: [108, 120]
74: [108, 120]
75: [108, 120]
76: [108, 120]
77: [108, 120]
78: [108, 120]
79: [108, 120]
80: [108, 120]
81: [108, 120]
82: [108, 120]
83: [108, 109, 110, 111, 112, 113, 103, 114, 115, 116, 117, 118, 119, 120]
84: [128, 109, 110, 111, 112, 113, 114, 115, 116, 117, 118, 119, 120, 103]
85: [109, 128]
86: [109]
87: [109]
88: [109]
89: [109]
90: [109]
91: [109]
92: [109]
93: [109]
94: [109]
95: [109]
96: [109]
97: [109, 110, 111, 112, 113, 114, 103, 115, 116, 117, 118, 119, 120]
98: [128, 110, 111, 112, 113, 114, 115, 116, 117, 118, 119, 120, 103]
99: [110, 128]
100: [110]
101: [110]
102: [110]
103: [110]
104: [110]
105: [110]
106: [110]
107: [110]
108: [110]
109: [110]
110: [110]
111: [110, 111, 112, 113, 114, 115, 103, 116, 117, 118, 119, 120]
112: [128, 111, 112, 113, 114, 115, 116, 117, 118, 119, 120, 103]
113: [111, 128]
114: [111]
115: [111]
116: [111]
117: [111]
118: [111]
119: [111]
120: [111]
121: [111]
122: [111]
123: [111]
124: [111]
125: [111, 112, 113, 114, 115, 103, 116, 117, 118, 119, 120]
126: [128, 112, 113, 114, 115, 116, 117, 118, 119, 120, 103]
127: [112, 128]
128: [112]
129: [112]
130: [112]
131: [112]
132: [112]
133: [112]
134: [112]
135: [112]
136: [112]
137: [112]
138: [112]
139: [112, 113, 114, 115, 116, 117, 118, 119, 120, 103]
140: [128, 113, 114, 115, 116, 117, 118, 119, 120, 103]
141: [113, 128]
142: [113]
143: [113]
144: [113]
145: [113]
146: [113]
147: [113]
148: [113]
149: [113]
150: [113]
151: [113]
152: [113]
153: [113, 114, 115, 116, 117, 118, 119, 120, 103]
154: [128, 114, 115, 116, 117, 118, 119, 120, 103]
155: [114, 128]
156: [114]
157: [114]
158: [114]
159: [114]
160: [114]
161: [114]
162: [114]
163: [114]
164: [114]
165: [114]
166: [114]
167: [114, 115, 116, 117, 118, 119, 120, 103]
168: [128, 115, 116, 117, 118, 119, 120, 103]
169: [115, 128]
170: [115]
171: [115]
172: [115]
173: [115]
174: [115]
175: [115]
176: [115]
177: [115]
178: [115]
179: [115]
180: [115]
181: [115, 116, 117, 118, 119, 120, 103]
182: [128, 116, 117, 118, 119, 120, 103]
183: [128, 116, 117, 118, 119, 120, 103]
184: [116, 117, 118, 119, 120, 103]
185: [116, 117, 118, 119, 120, 103]
186: [116, 117, 118, 119, 120, 103]
187: [116, 117, 118, 119, 120, 103]
188: [116, 117, 118, 119, 120, 103]
189: [116, 117, 118, 119, 120, 103]
190: [116, 117, 118, 119, 120, 103]
191: [116, 117, 118, 119, 120, 103]
192: [116, 117, 118, 119, 120, 103]
193: [116, 117, 118, 119, 120, 103]
194: [116, 117, 118, 119, 120, 103]
195: [116, 117, 118, 119, 120, 103]
71
0: [128, 108]
1: [128, 129, 108]
2: [129, 108]
3: [108]
4: [108]
5: [108]
6: [108]
7: [108]
8: [108]
9: [108]
10: [108]
11: [108]
12: [108]
13: [108]
14: [128, 108]
15: [72, 73, 74, 75, 76, 77, 78, 79, 80, 81, 71]
16: [72, 73, 74, 75, 76, 77, 78, 79, 80, 81, 71]
17: [73, 74, 75, 76, 77, 78, 79, 80, 81, 71]
18: [74, 75, 76, 77, 78, 79, 80, 81, 71]
19: [75, 76, 77, 78, 79, 80, 81, 71]
20: [76, 77, 78, 79, 80, 81, 71]
21: [77, 78, 79, 80, 81, 71]
22: [80, 81, 78, 79, 71]
23: [80, 81, 79, 71]
24: [80, 81, 71]
25: [81, 71]
26: [71]
27: [108]
28: [128, 108]
29: [72, 73, 74, 75, 76, 77, 78, 79, 80, 81, 71]
30: [72]
31: [73]
32: [74]
33: [75]
34: [76]
35: [77]
36: [78]
37: [79]
38: [80]
39: [81]
40: [71]
41: [108]
42: [128, 108]
43: [72, 73, 74, 75, 76, 77, 78, 79, 80, 81, 71]
44: [72]
45: [73]
46: [74]
47: [75]
48: [76]
49: [77]
50: [78]
51: [79]
52: [80]
53: [81]
54: [71]
55: [108]
56: [128, 108]
57: [72, 73, 74, 75, 76, 77, 78, 79, 80, 81, 95, 71]
58: [95, 72]
59: [95, 73]
60: [95, 74]
61: [95, 75]
62: [95, 76]
63: [95, 77]
64: [95, 78]
65: [95, 79]
66: [95, 80]
67: [95, 81]
68: [95, 71]
69: [108]
70: [120, 128, 108]
71: []
72: [96, 72, 95]
73: [96, 73, 95]
74: [96, 74, 95]
75: [96, 75, 95]
76: [96, 76, 95]
77: [96, 77, 95]
78: [96, 78, 95]
79: [96, 95, 79]
80: [96, 95, 80]
81: [96, 95, 81]
82: [96, 95, 71]
83: [108, 120]
84: [120, 128]
85: [71, 72, 96, 73, 74, 75, 76, 77, 78, 79, 80, 81]
86: [72, 96]
87: [73, 96]
88: [74, 96]
89: [75, 96]
90: [76, 96]
91: [77, 96]
92: [96, 78]
93: [96, 79]
94: [96, 80]
95: [96, 81]
96: [96, 71]
97: [120]
98: [120, 128]
99: [71, 72, 73, 74, 75, 76, 77, 78, 79, 80, 81]
100: [72]
101: [73]
102: [74]
103: [75]
104: [76]
105: [77]
106: [78]
107: [79]
108: [80]
109: [81]
110: [71]
111: [120]
112: [120, 128]
113: [71, 72, 73, 74, 75, 76, 77, 78, 79, 80, 81]
114: [72]
115: [73]
116: [74]
117: [75]
118: [76]
119: [77]
120: [78]
121: [79]
122: [80]
123: [81]
124: [71]
125: [120]
126: [120, 128]
127: [71, 72, 73, 74, 75, 76, 77, 78, 79, 80, 81]
128: [72]
129: [73]
130: [74]
131: [75]
132: [76]
133: [77]
134: [78]
135: [79]
136: [80]
137: [81]
138: [71]
139: [120]
140: [120, 128]
141: [71, 72, 73, 74, 75, 76, 77, 78, 79, 80, 81]
142: [72]
143: [73]
144: [74]
145: [75]
146: [76]
147: [77]
148: [78]
149: [79]
150: [80]
151: [81]
152: [71]
153: [120]
154: [120, 128]
155: [71, 72, 73, 74, 75, 76, 77, 78, 79, 80, 81]
156: [72]
157: [73]
158: [74]
159: [75]
160: [76]
161: [77]
162: [78]
163: [79]
164: [80]
165: [81]
166: [71]
167: [120]
168: [120, 128]
169: [71, 72, 73, 74, 75, 76, 77, 78, 79, 80, 81]
170: [71, 72, 73, 74, 75, 76, 77, 78, 79, 80, 81]
171: [71, 73, 74, 75, 76, 77, 78, 79, 80, 81]
172: [71, 74, 75, 76, 77, 78, 79, 80, 81]
173: [71, 75, 76, 77, 78, 79, 80, 81]
174: [71, 76, 77, 78, 79, 80, 81]
175: [71, 77, 78, 79, 80, 81]
176: [71, 78, 79, 80, 81]
177: [71, 79, 80, 81]
178: [71, 80, 81]
179: [71, 81]
180: [71]
181: [120]
182: [120, 128]
183: [129, 120, 128]
184: [129, 120]
185: [120]
186: [120]
187: [120]
188: [120]
189: [120]
190: [120]
191: [120]
192: [120]
193: [120]
194: [120]
195: [120]
72
0: [108]
1: [129, 108]
2: [129, 130, 108]
3: [130, 108]
4: [108]
5: [108]
6: [108]
7: [108]
8: [108]
9: [108]
10: [108]
11: [108]
12: [108]
13: [108]
14: [108]
15: [72]
16: [82, 72]
17: [82]
18: [82]
19: [82]
20: [82]
21: [82]
22: [82]
23: [82]
24: [82]
25: [82]
26: [82]
27: [108]
28: [108]
29: [72]
30: [45, 62, 48, 49, 50, 51, 52, 53]
31: [45, 62, 48, 49, 50, 51, 52, 53]
32: [45, 48, 49, 50, 51, 52, 53]
33: [45, 48, 49, 50, 51, 52, 53]
34: [45, 48, 49, 50, 51, 52, 53]
35: [45, 48, 49, 50, 51, 52, 53]
36: [45, 48, 49, 50, 51, 52, 53]
37: [45, 48, 49, 50, 51, 52, 53]
38: [45, 48, 49, 50, 51, 52, 53]
39: [48, 45, 49, 50, 51, 52, 53]
40: [82]
41: [108]
42: [108]
43: [72]
44: [45, 62, 48, 49, 50, 51, 52, 53, 54]
45: [62, 54]
46: [54]
47: [54]
48: [54]
49: [54]
50: [54]
51: [54]
52: [54]
53: [48, 49, 45, 50, 51, 52, 53, 54]
54: [82]
55: [108]
56: [108]
57: [95, 72]
58: [45, 62, 48, 49, 50, 51, 52, 55, 53, 54]
59: [62, 55]
60: [55]
61: [55]
62: [55]
63: [55]
64: [55]
65: [55]
66: [55]
67: [48, 49, 50, 45, 51, 52, 53, 54, 55]
68: [95, 82]
69: [108]
70: [120, 108]
71: [95, 72, 96]
72: []
73: [48, 62, 56]
74: [48, 56]
75: [48, 56]
76: [48, 56]
77: [48, 56]
78: [48, 56]
79: [48, 56]
80: [48, 56]
81: [48, 49, 50, 51, 45, 52, 53, 56, 54, 55]
82: [96, 95, 82]
83: [108, 120]
84: [120]
85: [72, 96]
86: [49, 50, 51, 52, 53, 54, 55, 56, 62, 45]
87: [49, 62]
88: [49]
89: [49]
90: [49]
91: [49]
92: [49]
93: [49]
94: [49]
95: [49, 50, 51, 52, 45, 53, 56, 54, 55]
96: [96, 82]
97: [120]
98: [120]
99: [72]
100: [50, 51, 52, 53, 54, 55, 56, 62, 45]
101: [50, 62]
102: [50]
103: [50]
104: [50]
105: [50]
106: [50]
107: [50]
108: [50]
109: [50, 51, 52, 53, 45, 56, 54, 55]
110: [82]
111: [120]
112: [120]
113: [72]
114: [51, 52, 53, 54, 55, 56, 62, 45]
115: [51, 62]
116: [51]
117: [51]
118: [51]
119: [51]
120: [51]
121: [51]
122: [51]
123: [51, 52, 53, 56, 45, 54, 55]
124: [82]
125: [120]
126: [120]
127: [72]
128: [52, 53, 54, 55, 56, 62, 45]
129: [52, 62]
130: [52]
131: [52]
132: [52]
133: [52]
134: [52]
135: [52]
136: [52]
137: [52, 53, 56, 54, 55, 45]
138: [82]
139: [120]
140: [120]
141: [72]
142: [53, 54, 55, 56, 62, 45]
143: [53, 62]
144: [53]
145: [53]
146: [53]
147: [53]
148: [53]
149: [53]
150: [53]
151: [53, 56, 54, 55, 45]
152: [82]
153: [120]
154: [120]
155: [72]
156: [56, 62, 54, 55, 45]
157: [56, 62, 54, 55, 45]
158: [56, 54, 55, 45]
159: [56, 54, 55, 45]
160: [56, 54, 55, 45]
161: [56, 54, 55, 45]
162: [56, 54, 55, 45]
163: [56, 54, 55, 45]
164: [56, 54, 55, 45]
165: [56, 54, 55, 45]
166: [82]
167: [120]
168: [120]
169: [72]
170: [72, 82]
171: [82]
172: [82]
173: [82]
174: [82]
175: [82]
176: [82]
177: [82]
178: [82]
179: [82]
180: [82]
181: [120]
182: [120]
183: [120, 129]
184: [130, 120, 129]
185: [130, 120]
186: [120]
187: [120]
188: [120]
189: [120]
190: [120]
191: [120]
192: [120]
193: [120]
194: [120]
195: [120]
73
0: [108]
1: [108]
2: [130, 108]
3: [130, 131, 108]
4: [131, 108]
5: [108]
6: [108]
7: [108]
8: [108]
9: [108]
10: [108]
11: [108]
12: [108]
13: [108]
14: [108]
15: [73]
16: [73]
17: [83, 73]
18: [83]
19: [83]
20: [83]
21: [83]
22: [83]
23: [83]
24: [83]
25: [83]
26: [83]
27: [108]
28: [108]
29: [73]
30: [62, 48]
31: [62, 63, 48]
32: [63, 48]
33: [48]
34: [48]
35: [48]
36: [48]
37: [48]
38: [48]
39: [48]
40: [83]
41: [108]
42: [108]
43: [73]
44: [62, 48]
45: [26, 27, 28, 29, 30, 31, 25]
46: [26, 27, 28, 29, 30, 31, 25]
47: [27, 28, 29, 30, 31, 25]
48: [28, 29, 30, 31, 25]
49: [29, 30, 31, 25]
50: [30, 31, 25]
51: [31, 25]
52: [25]
53: [48]
54: [83]
55: [108]
56: [108]
57: [95, 73]
58: [62, 48]
59: [39, 26, 27, 28, 29, 30, 31, 25]
60: [39, 26]
61: [39, 27]
62: [39, 28]
63: [39, 29]
64: [39, 30]
65: [39, 31]
66: [39, 25]
67: [48]
68: [95, 83]
69: [108]
70: [120, 108]
71: [95, 73, 96]
72: [56, 62, 48]
73: []
74: [40, 26, 39]
75: [40, 27, 39]
76: [40, 28, 39]
77: [40, 29, 39]
78: [40, 30, 39]
79: [40, 39, 31]
80: [40, 39, 25]
81: [48, 56]
82: [96, 95, 83]
83: [108, 120]
84: [120]
85: [73, 96]
86: [56, 62]
87: [25, 40, 26, 27, 28, 29, 30, 31]
88: [26, 40]
89: [27, 40]
90: [28, 40]
91: [29, 40]
92: [40, 30]
93: [40, 31]
94: [40, 25]
95: [56]
96: [96, 83]
97: [120]
98: [120]
99: [73]
100: [56, 62]
101: [25, 26, 27, 28, 29, 30, 31]
102: [26]
103: [27]
104: [28]
105: [29]
106: [30]
107: [31]
108: [25]
109: [56]
110: [83]
111: [120]
112: [120]
113: [73]
114: [56, 62]
115: [25, 26, 27, 28, 29, 30, 31]
116: [26]
117: [27]
118: [28]
119: [29]
120: [30]
121: [31]
122: [25]
123: [56]
124: [83]
125: [120]
126: [120]
127: [73]
128: [56, 62]
129: [25, 26, 27, 28, 29, 30, 31]
130: [26]
131: [27]
132: [28]
133: [29]
134: [30]
135: [31]
136: [25]
137: [56]
138: [83]
139: [120]
140: [120]
141: [73]
142: [56, 62]
143: [25, 26, 27, 28, 29, 30, 31]
144: [25, 26, 27, 28, 29, 30, 31]
145: [25, 27, 28, 29, 30, 31]
146: [25, 28, 29, 30, 31]
147: [25, 29, 30, 31]
148: [25, 30, 31]
149: [25, 31]
150: [25]
151: [56]
152: [83]
153: [120]
154: [120]
155: [73]
156: [56, 62]
157: [63, 56, 62]
158: [63, 56]
159: [56]
160: [56]
161: [56]
162: [56]
163: [56]
164: [56]
165: [56]
166: [83]
167: [120]
168: [120]
169: [73]
170: [73]
171: [73, 83]
172: [83]
173: [83]
174: [83]
175: [83]
176: [83]
177: [83]
178: [83]
179: [83]
180: [83]
181: [120]
182: [120]
183: [120]
184: [120, 130]
185: [131, 120, 130]
186: [131, 120]
187: [120]
188: [120]
189: [120]
190: [120]
191: [120]
192: [120]
193: [120]
194: [120]
195: [120]
74
0: [108]
1: [108]
2: [108]
3: [131, 108]
4: [131, 132, 108]
5: [132, 108]
6: [108]
7: [108]
8: [108]
9: [108]
10: [108]
11: [108]
12: [108]
13: [108]
14: [108]
15: [74]
16: [74]
17: [74]
18: [84, 74]
19: [84]
20: [84]
21: [84]
22: [84]
23: [84]
24: [84]
25: [84]
26: [84]
27: [108]
28: [108]
29: [74]
30: [48]
31: [63, 48]
32: [63, 48, 64]
33: [48, 64]
34: [48]
35: [48]
36: [48]
37: [48]
38: [48]
39: [48]
40: [84]
41: [108]
42: [108]
43: [74]
44: [48]
45: [26]
46: [32, 26]
47: [32]
48: [32]
49: [32]
50: [32]
51: [32]
52: [32]
53: [48]
54: [84]
55: [108]
56: [108]
57: [95, 74]
58: [48]
59: [39, 26]
60: [11, 12, 20, 13, 14, 15]
61: [11, 12, 20, 13, 14, 15]
62: [11, 12, 13, 14, 15]
63: [11, 12, 13, 14, 15]
64: [11, 12, 13, 14, 15]
65: [11, 12, 13, 14, 15]
66: [32, 39]
67: [48]
68: [84, 95]
69: [108]
70: [120, 108]
71: [95, 74, 96]
72: [56, 48]
73: [39, 26, 40]
74: []
75: [12, 20, 16]
76: [12, 16]
77: [12, 16]
78: [12, 16]
79: [12, 11, 13, 14, 15, 16]
80: [40, 32, 39]
81: [48, 56]
82: [96, 84, 95]
83: [108, 120]
84: [120]
85: [74, 96]
86: [56]
87: [26, 40]
88: [13, 14, 15, 16, 20, 11]
89: [13, 20]
90: [13]
91: [13]
92: [13]
93: [13, 11, 14, 15, 16]
94: [40, 32]
95: [56]
96: [96, 84]
97: [120]
98: [120]
99: [74]
100: [56]
101: [26]
102: [16, 20, 14, 15, 11]
103: [14, 20]
104: [14]
105: [14]
106: [14]
107: [14, 11, 15, 16]
108: [32]
109: [56]
110: [84]
111: [120]
112: [120]
113: [74]
114: [56]
115: [26]
116: [16, 20, 15, 11]
117: [15, 20]
118: [15]
119: [15]
120: [15]
121: [15, 16, 11]
122: [32]
123: [56]
124: [84]
125: [120]
126: [120]
127: [74]
128: [56]
129: [26]
130: [16, 20, 11]
131: [16, 20, 11]
132: [16, 11]
133: [16, 11]
134: [16, 11]
135: [16, 11]
136: [32]
137: [56]
138: [84]
139: [120]
140: [120]
141: [74]
142: [56]
143: [26]
144: [26, 32]
145: [32]
146: [32]
147: [32]
148: [32]
149: [32]
150: [32]
151: [56]
152: [84]
153: [120]
154: [120]
155: [74]
156: [56]
157: [56, 63]
158: [64, 56, 63]
159: [64, 56]
160: [56]
161: [56]
162: [56]
163: [56]
164: [56]
165: [56]
166: [84]
167: [120]
168: [120]
169: [74]
170: [74]
171: [74]
172: [74, 84]
173: [84]
174: [84]
175: [84]
176: [84]
177: [84]
178: [84]
179: [84]
180: [84]
181: [120]
182: [120]
183: [120]
184: [120]
185: [120, 131]
186: [132, 120, 131]
187: [132, 120]
188: [120]
189: [120]
190: [120]
191: [120]
192: [120]
193: [120]
194: [120]
195: [120]
75
0: [108]
1: [108]
2: [108]
3: [108]
4: [132, 108]
5: [132, 108, 133]
6: [108, 133]
7: [108]
8: [108]
9: [108]
10: [108]
11: [108]
12: [108]
13: [108]
14: [108]
15: [75]
16: [75]
17: [75]
18: [75]
19: [85, 75]
20: [85]
21: [85]
22: [85]
23: [85]
24: [85]
25: [85]
26: [85]
27: [108]
28: [108]
29: [75]
30: [48]
31: [48]
32: [64, 48]
33: [64, 48, 65]
34: [48, 65]
35: [48]
36: [48]
37: [48]
38: [48]
39: [48]
40: [85]
41: [108]
42: [108]
43: [75]
44: [48]
45: [27]
46: [27]
47: [33, 27]
48: [33]
49: [33]
50: [33]
51: [33]
52: [33]
53: [48]
54: [85]
55: [108]
56: [108]
57: [95, 75]
58: [48]
59: [39, 27]
60: [20, 12]
61: [20, 12, 21]
62: [12, 21]
63: [12]
64: [12]
65: [12]
66: [33, 39]
67: [48]
68: [85, 95]
69: [108]
70: [120, 108]
71: [95, 75, 96]
72: [56, 48]
73: [39, 27, 40]
74: [16, 20, 12]
75: []
76: [8, 4, 5, 3]
77: [8, 5, 3]
78: [8, 3]
79: [12, 16]
80: [40, 33, 39]
81: [48, 56]
82: [96, 85, 95]
83: [108, 120]
84: [120]
85: [75, 96]
86: [56]
87: [27, 40]
88: [16, 20]
89: [3, 8, 4, 5]
90: [4, 8]
91: [5, 8]
92: [8, 3]
93: [16]
94: [40, 33]
95: [56]
96: [96, 85]
97: [120]
98: [120]
99: [75]
100: [56]
101: [27]
102: [16, 20]
103: [3, 4, 5]
104: [4]
105: [5]
106: [3]
107: [16]
108: [33]
109: [56]
110: [85]
111: [120]
112: [120]
113: [75]
114: [56]
115: [27]
116: [16, 20]
117: [3, 4, 5]
118: [3, 4, 5]
119: [3, 5]
120: [3]
121: [16]
122: [33]
123: [56]
124: [85]
125: [120]
126: [120]
127: [75]
128: [56]
129: [27]
130: [16, 20]
131: [21, 16, 20]
132: [21, 16]
133: [16]
134: [16]
135: [16]
136: [33]
137: [56]
138: [85]
139: [120]
140: [120]
141: [75]
142: [56]
143: [27]
144: [27]
145: [27, 33]
146: [33]
147: [33]
148: [33]
149: [33]
150: [33]
151: [56]
152: [85]
153: [120]
154: [120]
155: [75]
156: [56]
157: [56]
158: [56, 64]
159: [65, 56, 64]
160: [65, 56]
161: [56]
162: [56]
163: [56]
164: [56]
165: [56]
166: [85]
167: [120]
168: [120]
169: [75]
170: [75]
171: [75]
172: [75]
173: [75, 85]
174: [85]
175: [85]
176: [85]
177: [85]
178: [85]
179: [85]
180: [85]
181: [120]
182: [120]
183: [120]
184: [120]
185: [120]
186: [120, 132]
187: [133, 120, 132]
188: [133, 120]
189: [120]
190: [120]
191: [120]
192: [120]
193: [120]
194: [120]
195: [120]
76
0: [108]
1: [108]
2: [108]
3: [108]
4: [108]
5: [133, 108]
6: [133, 108, 134]
7: [108, 134]
8: [108]
9: [108]
10: [108]
11: [108]
12: [108]
13: [108]
14: [108]
15: [76]
16: [76]
17: [76]
18: [76]
19: [76]
20: [86, 76]
21: [86]
22: [86]
23: [86]
24: [86]
25: [86]
26: [86]
27: [108]
28: [108]
29: [76]
30: [48]
31: [48]
32: [48]
33: [65, 48]
34: [65, 48, 66]
35: [48, 66]
36: [48]
37: [48]
38: [48]
39: [48]
40: [86]
41: [108]
42: [108]
43: [76]
44: [48]
45: [28]
46: [28]
47: [28]
48: [34, 28]
49: [34]
50: [34]
51: [34]
52: [34]
53: [48]
54: [86]
55: [108]
56: [108]
57: [95, 76]
58: [48]
59: [39, 28]
60: [12]
61: [21, 12]
62: [21, 12, 22]
63: [12, 22]
64: [12]
65: [12]
66: [34, 39]
67: [48]
68: [86, 95]
69: [108]
70: [120, 108]
71: [95, 96, 76]
72: [56, 48]
73: [39, 40, 28]
74: [16, 12]
75: [3, 8, 4, 5]
76: []
77: [8, 5, 6, 3]
78: [8, 6, 3]
79: [12, 16]
80: [40, 34, 39]
81: [48, 56]
82: [96, 86, 95]
83: [108, 120]
84: [120]
85: [96, 76]
86: [56]
87: [40, 28]
88: [16]
89: [3, 8, 4, 5]
90: [4, 8, 6]
91: [5, 8]
92: [8, 6, 3]
93: [16]
94: [40, 34]
95: [56]
96: [96, 86]
97: [120]
98: [120]
99: [76]
100: [56]
101: [28]
102: [16]
103: [3, 4, 5]
104: [4, 6]
105: [5]
106: [6, 3]
107: [16]
108: [34]
109: [56]
110: [86]
111: [120]
112: [120]
113: [76]
114: [56]
115: [28]
116: [16]
117: [3, 4, 5]
118: [4, 3, 5, 6]
119: [5, 3, 6]
120: [6, 3]
121: [16]
122: [34]
123: [56]
124: [86]
125: [120]
126: [120]
127: [76]
128: [56]
129: [28]
130: [16]
131: [16, 21]
132: [22, 16, 21]
133: [22, 16]
134: [16]
135: [16]
136: [34]
137: [56]
138: [86]
139: [120]
140: [120]
141: [76]
142: [56]
143: [28]
144: [28]
145: [28]
146: [28, 34]
147: [34]
148: [34]
149: [34]
150: [34]
151: [56]
152: [86]
153: [120]
154: [120]
155: [76]
156: [56]
157: [56]
158: [56]
159: [56, 65]
160: [66, 56, 65]
161: [66, 56]
162: [56]
163: [56]
164: [56]
165: [56]
166: [86]
167: [120]
168: [120]
169: [76]
170: [76]
171: [76]
172: [76]
173: [76]
174: [76, 86]
175: [86]
176: [86]
177: [86]
178: [86]
179: [86]
180: [86]
181: [120]
182: [120]
183: [120]
184: [120]
185: [120]
186: [120]
187: [120, 133]
188: [134, 120, 133]
189: [134, 120]
190: [120]
191: [120]
192: [120]
193: [120]
194: [120]
195: [120]
77
0: [108]
1: [108]
2: [108]
3: [108]
4: [108]
5: [108]
6: [134, 108]
7: [134, 108, 135]
8: [108, 135]
9: [108]
10: [108]
11: [108]
12: [108]
13: [108]
14: [108]
15: [77]
16: [77]
17: [77]
18: [77]
19: [77]
20: [77]
21: [87, 77]
22: [87]
23: [87]
24: [87]
25: [87]
26: [87]
27: [108]
28: [108]
29: [77]
30: [48]
31: [48]
32: [48]
33: [48]
34: [66, 48]
35: [66, 48, 67]
36: [48, 67]
37: [48]
38: [48]
39: [48]
40: [87]
41: [108]
42: [108]
43: [77]
44: [48]
45: [29]
46: [29]
47: [29]
48: [29]
49: [35, 29]
50: [35]
51: [35]
52: [35]
53: [48]
54: [87]
55: [108]
56: [108]
57: [95, 77]
58: [48]
59: [39, 29]
60: [12]
61: [12]
62: [22, 12]
63: [22, 12, 23]
64: [12, 23]
65: [12]
66: [35, 39]
67: [48]
68: [87, 95]
69: [108]
70: [120, 108]
71: [95, 96, 77]
72: [56, 48]
73: [39, 40, 29]
74: [16, 12]
75: [3, 8, 5]
76: [3, 8, 5, 6]
77: []
78: [8, 6, 7, 3]
79: [12, 16]
80: [40, 35, 39]
81: [48, 56]
82: [96, 87, 95]
83: [108, 120]
84: [120]
85: [96, 77]
86: [56]
87: [40, 29]
88: [16]
89: [3, 8, 5]
90: [8, 6]
91: [5, 8, 7]
92: [8, 6, 7, 3]
93: [16]
94: [40, 35]
95: [56]
96: [96, 87]
97: [120]
98: [120]
99: [77]
100: [56]
101: [29]
102: [16]
103: [3, 5]
104: [6]
105: [5, 7]
106: [6, 7, 3]
107: [16]
108: [35]
109: [56]
110: [87]
111: [120]
112: [120]
113: [77]
114: [56]
115: [29]
116: [16]
117: [3, 5]
118: [5, 3, 6]
119: [5, 6, 7, 3]
120: [6, 7, 3]
121: [16]
122: [35]
123: [56]
124: [87]
125: [120]
126: [120]
127: [77]
128: [56]
129: [29]
130: [16]
131: [16]
132: [22, 16]
133: [23, 22, 16]
134: [23, 16]
135: [16]
136: [35]
137: [56]
138: [87]
139: [120]
140: [120]
141: [77]
142: [56]
143: [29]
144: [29]
145: [29]
146: [29]
147: [29, 35]
148: [35]
149: [35]
150: [35]
151: [56]
152: [87]
153: [120]
154: [120]
155: [77]
156: [56]
157: [56]
158: [56]
159: [56]
160: [66, 56]
161: [67, 66, 56]
162: [67, 56]
163: [56]
164: [56]
165: [56]
166: [87]
167: [120]
168: [120]
169: [77]
170: [77]
171: [77]
172: [77]
173: [77]
174: [77]
175: [77, 87]
176: [87]
177: [87]
178: [87]
179: [87]
180: [87]
181: [120]
182: [120]
183: [120]
184: [120]
185: [120]
186: [120]
187: [120]
188: [134, 120]
189: [135, 134, 120]
190: [135, 120]
191: [120]
192: [120]
193: [120]
194: [120]
195: [120]
78
0: [108]
1: [108]
2: [108]
3: [108]
4: [108]
5: [108]
6: [108]
7: [135, 108]
8: [135, 108, 136]
9: [108, 136]
10: [108]
11: [108]
12: [108]
13: [108]
14: [108]
15: [78]
16: [78]
17: [78]
18: [78]
19: [78]
20: [78]
21: [78]
22: [88, 78]
23: [88]
24: [88]
25: [88]
26: [88]
27: [108]
28: [108]
29: [78]
30: [48]
31: [48]
32: [48]
33: [48]
34: [48]
35: [67, 48]
36: [67, 48, 68]
37: [48, 68]
38: [48]
39: [48]
40: [88]
41: [108]
42: [108]
43: [78]
44: [48]
45: [30]
46: [30]
47: [30]
48: [30]
49: [30]
50: [36, 30]
51: [36]
52: [36]
53: [48]
54: [88]
55: [108]
56: [108]
57: [95, 78]
58: [48]
59: [39, 30]
60: [12]
61: [12]
62: [12]
63: [23, 12]
64: [23, 12, 24]
65: [12, 24]
66: [36, 39]
67: [48]
68: [88, 95]
69: [108]
70: [120, 108]
71: [95, 96, 78]
72: [56, 48]
73: [39, 40, 30]
74: [16, 12]
75: [3, 8]
76: [3, 8, 6]
77: [3, 8, 7, 6]
78: []
79: [12, 24, 16]
80: [40, 36, 39]
81: [48, 56]
82: [96, 88, 95]
83: [108, 120]
84: [120]
85: [96, 78]
86: [56]
87: [40, 30]
88: [16]
89: [8, 3]
90: [8, 6]
91: [8, 7]
92: [8, 6, 7, 3]
93: [24, 16]
94: [40, 36]
95: [56]
96: [96, 88]
97: [120]
98: [120]
99: [78]
100: [56]
101: [30]
102: [16]
103: [3]
104: [6]
105: [7]
106: [6, 7, 3]
107: [24, 16]
108: [36]
109: [56]
110: [88]
111: [120]
112: [120]
113: [78]
114: [56]
115: [30]
116: [16]
117: [3]
118: [6, 3]
119: [6, 7, 3]
120: [6, 7, 3]
121: [24, 16]
122: [36]
123: [56]
124: [88]
125: [120]
126: [120]
127: [78]
128: [56]
129: [30]
130: [16]
131: [16]
132: [16]
133: [23, 16]
134: [24, 23, 16]
135: [24, 16]
136: [36]
137: [56]
138: [88]
139: [120]
140: [120]
141: [78]
142: [56]
143: [30]
144: [30]
145: [30]
146: [30]
147: [30]
148: [30, 36]
149: [36]
150: [36]
151: [56]
152: [88]
153: [120]
154: [120]
155: [78]
156: [56]
157: [56]
158: [56]
159: [56]
160: [56]
161: [67, 56]
162: [68, 67, 56]
163: [68, 56]
164: [56]
165: [56]
166: [88]
167: [120]
168: [120]
169: [78]
170: [78]
171: [78]
172: [78]
173: [78]
174: [78]
175: [78]
176: [78, 88]
177: [88]
178: [88]
179: [88]
180: [88]
181: [120]
182: [120]
183: [120]
184: [120]
185: [120]
186: [120]
187: [120]
188: [120]
189: [135, 120]
190: [136, 135, 120]
191: [136, 120]
192: [120]
193: [120]
194: [120]
195: [120]
79
0: [108]
1: [108]
2: [108]
3: [108]
4: [108]
5: [108]
6: [108]
7: [108]
8: [136, 108]
9: [136, 108, 137]
10: [108, 137]
11: [108]
12: [108]
13: [108]
14: [108]
15: [79]
16: [79]
17: [79]
18: [79]
19: [79]
20: [79]
21: [79]
22: [79]
23: [89, 79]
24: [89]
25: [89]
26: [89]
27: [108]
28: [108]
29: [79]
30: [48]
31: [48]
32: [48]
33: [48]
34: [48]
35: [48]
36: [68, 48]
37: [68, 48, 69]
38: [48, 69]
39: [48]
40: [89]
41: [108]
42: [108]
43: [79]
44: [48]
45: [31]
46: [31]
47: [31]
48: [31]
49: [31]
50: [31]
51: [37, 31]
52: [37]
53: [48]
54: [89]
55: [108]
56: [108]
57: [95, 79]
58: [48]
59: [39, 31]
60: [12, 13, 14, 15, 11]
61: [12, 13, 14, 15, 11]
62: [12, 13, 14, 15, 11]
63: [12, 13, 14, 15, 11]
64: [12, 13, 14, 15, 24, 11]
65: [12, 13, 14, 15, 24, 11]
66: [37, 39]
67: [48]
68: [89, 95]
69: [108]
70: [120, 108]
71: [95, 96, 79]
72: [56, 48]
73: [39, 40, 31]
74: [16, 12, 13, 14, 15, 11]
75: [16, 12]
76: [16, 12]
77: [16, 12]
78: [16, 24, 12]
79: []
80: [40, 37, 39]
81: [48, 56]
82: [96, 89, 95]
83: [108, 120]
84: [120]
85: [96, 79]
86: [56]
87: [40, 31]
88: [16, 13, 14, 15, 11]
89: [13]
90: [13]
91: [13]
92: [24, 13]
93: [11, 24, 13, 14, 16, 15]
94: [40, 37]
95: [56]
96: [96, 89]
97: [120]
98: [120]
99: [79]
100: [56]
101: [31]
102: [16, 14, 15, 11]
103: [14]
104: [14]
105: [14]
106: [24, 14]
107: [11, 24, 14, 16, 15]
108: [37]
109: [56]
110: [89]
111: [120]
112: [120]
113: [79]
114: [56]
115: [31]
116: [16, 11, 15]
117: [15]
118: [15]
119: [15]
120: [24, 15]
121: [11, 24, 16, 15]
122: [37]
123: [56]
124: [89]
125: [120]
126: [120]
127: [79]
128: [56]
129: [31]
130: [16, 11]
131: [11, 16]
132: [11, 16]
133: [11, 16]
134: [11, 24, 16]
135: [11, 24, 16]
136: [37]
137: [56]
138: [89]
139: [120]
140: [120]
141: [79]
142: [56]
143: [31]
144: [31]
145: [31]
146: [31]
147: [31]
148: [31]
149: [31, 37]
150: [37]
151: [56]
152: [89]
153: [120]
154: [120]
155: [79]
156: [56]
157: [56]
158: [56]
159: [56]
160: [56]
161: [56]
162: [68, 56]
163: [69, 68, 56]
164: [69, 56]
165: [56]
166: [89]
167: [120]
168: [120]
169: [79]
170: [79]
171: [79]
172: [79]
173: [79]
174: [79]
175: [79]
176: [79]
177: [79, 89]
178: [89]
179: [89]
180: [89]
181: [120]
182: [120]
183: [120]
184: [120]
185: [120]
186: [120]
187: [120]
188: [120]
189: [120]
190: [136, 120]
191: [137, 136, 120]
192: [137, 120]
193: [120]
194: [120]
195: [120]
80
0: [108]
1: [108]
2: [108]
3: [108]
4: [108]
5: [108]
6: [108]
7: [108]
8: [108]
9: [137, 108]
10: [137, 108, 138]
11: [108, 138]
12: [108]
13: [108]
14: [108]
15: [80]
16: [80]
17: [80]
18: [80]
19: [80]
20: [80]
21: [80]
22: [80]
23: [80]
24: [90, 80]
25: [90]
26: [90]
27: [108]
28: [108]
29: [80]
30: [48]
31: [48]
32: [48]
33: [48]
34: [48]
35: [48]
36: [48]
37: [69, 48]
38: [69, 48, 70]
39: [48, 70]
40: [90]
41: [108]
42: [108]
43: [80]
44: [48]
45: [25]
46: [25, 32]
47: [25, 33, 32]
48: [25, 34, 33, 32]
49: [25, 35, 34, 33, 32]
50: [25, 36, 35, 34, 33, 32]
51: [25, 37, 36, 35, 34, 33, 32]
52: [25, 37, 36, 35, 34, 33, 32]
53: [48, 70]
54: [90]
55: [108]
56: [108]
57: [95, 80]
58: [48]
59: [39, 25]
60: [39, 32]
61: [39, 33]
62: [39, 34]
63: [39, 35]
64: [36, 39]
65: [37, 39]
66: [25, 37, 39, 36, 35, 34, 33, 32]
67: [48, 70]
68: [90, 95]
69: [108]
70: [120, 108]
71: [95, 96, 80]
72: [56, 48]
73: [39, 40, 25]
74: [39, 40, 32]
75: [39, 40, 33]
76: [39, 40, 34]
77: [39, 40, 35]
78: [39, 36, 40]
79: [39, 37, 40]
80: []
81: [48, 70, 56]
82: [96, 90, 95]
83: [108, 120]
84: [120]
85: [96, 80]
86: [56]
87: [40, 25]
88: [40, 32]
89: [40, 33]
90: [40, 34]
91: [40, 35]
92: [40, 36]
93: [40, 37]
94: [32, 33, 34, 35, 36, 37, 40, 25]
95: [70, 56]
96: [96, 90]
97: [120]
98: [120]
99: [80]
100: [56]
101: [25]
102: [32]
103: [33]
104: [34]
105: [35]
106: [36]
107: [37]
108: [32, 33, 34, 35, 36, 37, 25]
109: [70, 56]
110: [90]
111: [120]
112: [120]
113: [80]
114: [56]
115: [25]
116: [32]
117: [33]
118: [34]
119: [35]
120: [36]
121: [37]
122: [32, 33, 34, 35, 36, 37, 25]
123: [70, 56]
124: [90]
125: [120]
126: [120]
127: [80]
128: [56]
129: [25]
130: [32]
131: [33]
132: [34]
133: [35]
134: [36]
135: [37]
136: [32, 33, 34, 35, 36, 37, 25]
137: [70, 56]
138: [90]
139: [120]
140: [120]
141: [80]
142: [56]
143: [25]
144: [32, 25]
145: [32, 33, 25]
146: [32, 33, 34, 25]
147: [32, 33, 34, 35, 25]
148: [32, 33, 34, 35, 36, 25]
149: [32, 33, 34, 35, 36, 37, 25]
150: [32, 33, 34, 35, 36, 37, 25]
151: [70, 56]
152: [90]
153: [120]
154: [120]
155: [80]
156: [56]
157: [56]
158: [56]
159: [56]
160: [56]
161: [56]
162: [56]
163: [69, 56]
164: [70, 69, 56]
165: [70, 56]
166: [90]
167: [120]
168: [120]
169: [80]
170: [80]
171: [80]
172: [80]
173: [80]
174: [80]
175: [80]
176: [80]
177: [80]
178: [80, 90]
179: [90]
180: [90]
181: [120]
182: [120]
183: [120]
184: [120]
185: [120]
186: [120]
187: [120]
188: [120]
189: [120]
190: [120]
191: [137, 120]
192: [138, 137, 120]
193: [138, 120]
194: [120]
195: [120]
81
0: [108]
1: [108]
2: [108]
3: [108]
4: [108]
5: [108]
6: [108]
7: [108]
8: [108]
9: [108]
10: [138, 108]
11: [138, 108, 139]
12: [108, 139]
13: [108]
14: [108]
15: [81]
16: [81]
17: [81]
18: [81]
19: [81]
20: [81]
21: [81]
22: [81]
23: [81]
24: [81]
25: [91, 81]
26: [91]
27: [108]
28: [108]
29: [81]
30: [48, 49, 50, 51, 52, 53, 45]
31: [48, 49, 50, 51, 52, 53, 45]
32: [48, 49, 50, 51, 52, 53, 45]
33: [48, 49, 50, 51, 52, 53, 45]
34: [48, 49, 50, 51, 52, 53, 45]
35: [48, 49, 50, 51, 52, 53, 45]
36: [48, 49, 50, 51, 52, 53, 45]
37: [48, 49, 50, 51, 52, 53, 45]
38: [70, 48, 49, 50, 51, 52, 53, 45]
39: [70, 48, 49, 50, 51, 52, 53, 45]
40: [91]
41: [108]
42: [108]
43: [81]
44: [54, 48, 49, 50, 51, 52, 53, 45]
45: [54]
46: [54]
47: [54]
48: [54]
49: [54]
50: [54]
51: [54]
52: [54, 70]
53: [70, 48, 49, 50, 51, 52, 53, 54, 45]
54: [91]
55: [108]
56: [108]
57: [95, 81]
58: [55, 54, 48, 49, 50, 51, 52, 53, 45]
59: [55]
60: [55]
61: [55]
62: [55]
63: [55]
64: [55]
65: [55]
66: [55, 70]
67: [70, 48, 49, 50, 51, 52, 53, 54, 55, 45]
68: [91, 95]
69: [108]
70: [120, 108]
71: [95, 96, 81]
72: [56, 55, 54, 48, 49, 50, 51, 52, 53, 45]
73: [56, 48]
74: [56, 48]
75: [56, 48]
76: [56, 48]
77: [56, 48]
78: [56, 48]
79: [56, 48]
80: [56, 70, 48]
81: []
82: [96, 91, 95]
83: [108, 120]
84: [120]
85: [96, 81]
86: [56, 55, 54, 49, 50, 51, 52, 53, 45]
87: [49]
88: [49]
89: [49]
90: [49]
91: [49]
92: [49]
93: [49]
94: [70, 49]
95: [45, 70, 49, 50, 56, 51, 52, 55, 53, 54]
96: [96, 91]
97: [120]
98: [120]
99: [81]
100: [56, 55, 54, 50, 51, 52, 53, 45]
101: [50]
102: [50]
103: [50]
104: [50]
105: [50]
106: [50]
107: [50]
108: [70, 50]
109: [45, 70, 50, 56, 51, 52, 55, 53, 54]
110: [91]
111: [120]
112: [120]
113: [81]
114: [56, 55, 54, 53, 51, 52, 45]
115: [51]
116: [51]
117: [51]
118: [51]
119: [51]
120: [51]
121: [51]
122: [70, 51]
123: [45, 70, 56, 51, 52, 55, 53, 54]
124: [91]
125: [120]
126: [120]
127: [81]
128: [56, 55, 45, 54, 52, 53]
129: [52]
130: [52]
131: [52]
132: [52]
133: [52]
134: [52]
135: [52]
136: [70, 52]
137: [45, 70, 56, 52, 55, 53, 54]
138: [91]
139: [120]
140: [120]
141: [81]
142: [56, 45, 55, 54, 53]
143: [53]
144: [53]
145: [53]
146: [53]
147: [53]
148: [53]
149: [53]
150: [70, 53]
151: [45, 70, 56, 55, 53, 54]
152: [91]
153: [120]
154: [120]
155: [81]
156: [56, 45, 55, 54]
157: [45, 56, 55, 54]
158: [45, 56, 55, 54]
159: [45, 56, 55, 54]
160: [45, 56, 55, 54]
161: [45, 56, 55, 54]
162: [45, 56, 55, 54]
163: [45, 56, 55, 54]
164: [45, 70, 56, 55, 54]
165: [45, 70, 56, 55, 54]
166: [91]
167: [120]
168: [120]
169: [81]
170: [81]
171: [81]
172: [81]
173: [81]
174: [81]
175: [81]
176: [81]
177: [81]
178: [81]
179: [81, 91]
180: [91]
181: [120]
182: [120]
183: [120]
184: [120]
185: [120]
186: [120]
187: [120]
188: [120]
189: [120]
190: [120]
191: [120]
192: [138, 120]
193: [139, 138, 120]
194: [139, 120]
195: [120]
82
0: [108]
1: [108]
2: [108]
3: [108]
4: [108]
5: [108]
6: [108]
7: [108]
8: [108]
9: [108]
10: [108]
11: [139, 108]
12: [139, 108, 140]
13: [108, 140]
14: [108]
15: [71]
16: [71, 82]
17: [71, 83, 82]
18: [71, 84, 83, 82]
19: [71, 85, 84, 83, 82]
20: [71, 86, 85, 84, 83, 82]
21: [71, 87, 86, 85, 84, 83, 82]
22: [71, 88, 87, 86, 85, 84, 83, 82]
23: [71, 89, 88, 87, 86, 85, 84, 83, 82]
24: [71, 90, 89, 88, 87, 86, 85, 84, 83, 82]
25: [71, 91, 90, 89, 88, 87, 86, 85, 84, 83, 82]
26: [71, 91, 90, 89, 88, 87, 86, 85, 84, 83, 82]
27: [108, 140]
28: [108]
29: [71]
30: [82]
31: [83]
32: [84]
33: [85]
34: [86]
35: [87]
36: [88]
37: [89]
38: [90]
39: [91]
40: [71, 91, 90, 89, 88, 87, 86, 85, 84, 83, 82]
41: [108, 140]
42: [108]
43: [71]
44: [82]
45: [83]
46: [84]
47: [85]
48: [86]
49: [87]
50: [88]
51: [89]
52: [90]
53: [91]
54: [71, 91, 90, 89, 88, 87, 86, 85, 84, 83, 82]
55: [108, 140]
56: [108]
57: [95, 71]
58: [95, 82]
59: [95, 83]
60: [95, 84]
61: [95, 85]
62: [95, 86]
63: [95, 87]
64: [88, 95]
65: [89, 95]
66: [90, 95]
67: [91, 95]
68: [71, 91, 95, 90, 89, 88, 87, 86, 85, 84, 83, 82]
69: [108, 140]
70: [120, 108]
71: [95, 96, 71]
72: [95, 96, 82]
73: [95, 96, 83]
74: [95, 96, 84]
75: [95, 96, 85]
76: [95, 96, 86]
77: [95, 96, 87]
78: [95, 88, 96]
79: [95, 89, 96]
80: [95, 90, 96]
81: [95, 91, 96]
82: []
83: [108, 140, 120]
84: [120]
85: [96, 71]
86: [96, 82]
87: [96, 83]
88: [96, 84]
89: [96, 85]
90: [96, 86]
91: [96, 87]
92: [96, 88]
93: [96, 89]
94: [96, 90]
95: [96, 91]
96: [96, 82, 83, 84, 85, 86, 87, 88, 89, 90, 91, 71]
97: [140, 120]
98: [120]
99: [71]
100: [82]
101: [83]
102: [84]
103: [85]
104: [86]
105: [87]
106: [88]
107: [89]
108: [90]
109: [91]
110: [82, 83, 84, 85, 86, 87, 88, 89, 90, 91, 71]
111: [140, 120]
112: [120]
113: [71]
114: [82]
115: [83]
116: [84]
117: [85]
118: [86]
119: [87]
120: [88]
121: [89]
122: [90]
123: [91]
124: [82, 83, 84, 85, 86, 87, 88, 89, 90, 91, 71]
125: [140, 120]
126: [120]
127: [71]
128: [82]
129: [83]
130: [84]
131: [85]
132: [86]
133: [87]
134: [88]
135: [89]
136: [90]
137: [91]
138: [82, 83, 84, 85, 86, 87, 88, 89, 90, 91, 71]
139: [140, 120]
140: [120]
141: [71]
142: [82]
143: [83]
144: [84]
145: [85]
146: [86]
147: [87]
148: [88]
149: [89]
150: [90]
151: [91]
152: [82, 83, 84, 85, 86, 87, 88, 89, 90, 91, 71]
153: [140, 120]
154: [120]
155: [71]
156: [82]
157: [83]
158: [84]
159: [85]
160: [86]
161: [87]
162: [88]
163: [89]
164: [90]
165: [91]
166: [82, 83, 84, 85, 86, 87, 88, 89, 90, 91, 71]
167: [140, 120]
168: [120]
169: [71]
170: [82, 71]
171: [82, 83, 71]
172: [82, 83, 84, 71]
173: [82, 83, 84, 85, 71]
174: [82, 83, 84, 85, 86, 71]
175: [82, 83, 84, 85, 86, 87, 71]
176: [82, 83, 84, 85, 86, 87, 88, 71]
177: [82, 83, 84, 85, 86, 87, 88, 89, 71]
178: [82, 83, 84, 85, 86, 87, 88, 89, 90, 71]
179: [82, 83, 84, 85, 86, 87, 88, 89, 90, 91, 71]
180: [82, 83, 84, 85, 86, 87, 88, 89, 90, 91, 71]
181: [140, 120]
182: [120]
183: [120]
184: [120]
185: [120]
186: [120]
187: [120]
188: [120]
189: [120]
190: [120]
191: [120]
192: [120]
193: [139, 120]
194: [140, 139, 120]
195: [140, 120]
83
0: [108, 109, 110, 111, 112, 113, 114, 115, 103]
1: [108, 109, 110, 111, 112, 113, 114, 115, 103]
2: [108, 109, 110, 111, 112, 113, 114, 115, 103]
3: [108, 109, 110, 111, 112, 113, 114, 115, 103]
4: [108, 109, 110, 111, 112, 113, 114, 115, 103]
5: [108, 109, 110, 111, 112, 113, 114, 115, 103]
6: [108, 109, 110, 111, 112, 113, 114, 115, 103]
7: [108, 109, 110, 111, 112, 113, 114, 115, 103]
8: [108, 109, 110, 111, 112, 113, 114, 115, 103]
9: [108, 109, 110, 111, 112, 113, 114, 115, 103]
10: [108, 109, 110, 111, 112, 113, 114, 115, 103]
11: [108, 109, 110, 111, 112, 113, 114, 115, 103]
12: [108, 109, 110, 111, 112, 113, 114, 115, 140, 103]
13: [108, 109, 110, 111, 112, 113, 114, 115, 140, 103]
14: [116, 108, 109, 110, 111, 112, 113, 114, 115, 103]
15: [116]
16: [116]
17: [116]
18: [116]
19: [116]
20: [116]
21: [116]
22: [116]
23: [116]
24: [116]
25: [116]
26: [116, 140]
27: [108, 109, 110, 111, 112, 113, 114, 115, 116, 140, 103]
28: [117, 116, 108, 109, 110, 111, 112, 113, 114, 115, 103]
29: [117]
30: [117]
31: [117]
32: [117]
33: [117]
34: [117]
35: [117]
36: [117]
37: [117]
38: [117]
39: [117]
40: [117, 140]
41: [140, 108, 109, 110, 111, 112, 113, 114, 115, 116, 117, 103]
42: [118, 117, 116, 108, 109, 110, 111, 112, 113, 114, 115, 103]
43: [118]
44: [118]
45: [118]
46: [118]
47: [118]
48: [118]
49: [118]
50: [118]
51: [118]
52: [118]
53: [118]
54: [118, 140]
55: [140, 108, 109, 110, 111, 112, 113, 114, 115, 116, 117, 118, 103]
56: [119, 118, 117, 116, 108, 109, 110, 111, 112, 113, 114, 115, 103]
57: [119]
58: [119]
59: [119]
60: [119]
61: [119]
62: [119]
63: [119]
64: [119]
65: [119]
66: [119]
67: [119]
68: [119, 140]
69: [140, 108, 109, 110, 111, 112, 113, 114, 115, 116, 117, 118, 119, 103]
70: [120, 119, 118, 117, 116, 108, 109, 110, 111, 112, 113, 114, 115, 103]
71: [120, 108]
72: [120, 108]
73: [120, 108]
74: [120, 108]
75: [120, 108]
76: [120, 108]
77: [120, 108]
78: [120, 108]
79: [120, 108]
80: [120, 108]
81: [120, 108]
82: [120, 140, 108]
83: []
84: [120, 119, 118, 117, 116, 109, 110, 111, 112, 113, 114, 115, 103]
85: [109]
86: [109]
87: [109]
88: [109]
89: [109]
90: [109]
91: [109]
92: [109]
93: [109]
94: [109]
95: [109]
96: [140, 109]
97: [103, 140, 109, 110, 120, 111, 112, 119, 113, 118, 114, 117, 115, 116]
98: [120, 119, 118, 117, 116, 110, 111, 112, 113, 114, 115, 103]
99: [110]
100: [110]
101: [110]
102: [110]
103: [110]
104: [110]
105: [110]
106: [110]
107: [110]
108: [110]
109: [110]
110: [140, 110]
111: [103, 140, 110, 120, 111, 112, 119, 113, 118, 114, 117, 115, 116]
112: [120, 119, 118, 117, 116, 103, 111, 112, 113, 114, 115]
113: [111]
114: [111]
115: [111]
116: [111]
117: [111]
118: [111]
119: [111]
120: [111]
121: [111]
122: [111]
123: [111]
124: [140, 111]
125: [103, 140, 120, 111, 112, 119, 113, 118, 114, 117, 115, 116]
126: [120, 119, 118, 117, 116, 103, 112, 113, 114, 115]
127: [112]
128: [112]
129: [112]
130: [112]
131: [112]
132: [112]
133: [112]
134: [112]
135: [112]
136: [112]
137: [112]
138: [140, 112]
139: [103, 140, 120, 112, 119, 113, 118, 114, 117, 115, 116]
140: [120, 119, 118, 117, 103, 116, 113, 114, 115]
141: [113]
142: [113]
143: [113]
144: [113]
145: [113]
146: [113]
147: [113]
148: [113]
149: [113]
150: [113]
151: [113]
152: [140, 113]
153: [103, 140, 120, 119, 113, 118, 114, 117, 115, 116]
154: [120, 119, 118, 103, 117, 116, 114, 115]
155: [114]
156: [114]
157: [114]
158: [114]
159: [114]
160: [114]
161: [114]
162: [114]
163: [114]
164: [114]
165: [114]
166: [140, 114]
167: [103, 140, 120, 119, 118, 114, 117, 115, 116]
168: [120, 119, 103, 118, 117, 116, 115]
169: [115]
170: [115]
171: [115]
172: [115]
173: [115]
174: [115]
175: [115]
176: [115]
177: [115]
178: [115]
179: [115]
180: [140, 115]
181: [103, 140, 120, 119, 118, 117, 115, 116]
182: [120, 103, 119, 118, 117, 116]
183: [103, 120, 119, 118, 117, 116]
184: [103, 120, 119, 118, 117, 116]
185: [103, 120, 119, 118, 117, 116]
186: [103, 120, 119, 118, 117, 116]
187: [103, 120, 119, 118, 117, 116]
188: [103, 120, 119, 118, 117, 116]
189: [103, 120, 119, 118, 117, 116]
190: [103, 120, 119, 118, 117, 116]
191: [103, 120, 119, 118, 117, 116]
192: [103, 120, 119, 118, 117, 116]
193: [103, 120, 119, 118, 117, 116]
194: [103, 140, 120, 119, 118, 117, 116]
195: [103, 140, 120, 119, 118, 117, 116]
84
0: [103, 128, 109, 110, 111, 112, 113, 114, 115]
1: [103, 128, 109, 110, 111, 112, 113, 114, 115]
2: [103, 109, 110, 111, 112, 113, 114, 115]
3: [103, 109, 110, 111, 112, 113, 114, 115]
4: [103, 109, 110, 111, 112, 113, 114, 115]
5: [103, 109, 110, 111, 112, 113, 114, 115]
6: [103, 109, 110, 111, 112, 113, 114, 115]
7: [103, 109, 110, 111, 112, 113, 114, 115]
8: [103, 109, 110, 111, 112, 113, 114, 115]
9: [103, 109, 110, 111, 112, 113, 114, 115]
10: [103, 109, 110, 111, 112, 113, 114, 115]
11: [103, 109, 110, 111, 112, 113, 114, 115]
12: [103, 109, 110, 111, 112, 113, 114, 115]
13: [109, 103, 110, 111, 112, 113, 114, 115]
14: [103, 128, 109, 110, 111, 112, 113, 114, 115, 116]
15: [128, 116]
16: [116]
17: [116]
18: [116]
19: [116]
20: [116]
21: [116]
22: [116]
23: [116]
24: [116]
25: [116]
26: [116]
27: [109, 110, 103, 111, 112, 113, 114, 115, 116]
28: [103, 128, 109, 110, 111, 112, 113, 114, 117, 115, 116]
29: [128, 117]
30: [117]
31: [117]
32: [117]
33: [117]
34: [117]
35: [117]
36: [117]
37: [117]
38: [117]
39: [117]
40: [117]
41: [109, 110, 111, 103, 112, 113, 114, 115, 116, 117]
42: [103, 128, 109, 110, 111, 112, 113, 118, 114, 117, 115, 116]
43: [128, 118]
44: [118]
45: [118]
46: [118]
47: [118]
48: [118]
49: [118]
50: [118]
51: [118]
52: [118]
53: [118]
54: [118]
55: [109, 110, 111, 112, 103, 113, 114, 115, 116, 117, 118]
56: [103, 128, 109, 110, 111, 112, 119, 113, 118, 114, 117, 115, 116]
57: [128, 119]
58: [119]
59: [119]
60: [119]
61: [119]
62: [119]
63: [119]
64: [119]
65: [119]
66: [119]
67: [119]
68: [119]
69: [109, 110, 111, 112, 113, 103, 114, 115, 116, 117, 118, 119]
70: [103, 128, 109, 110, 120, 111, 112, 119, 113, 118, 114, 117, 115, 116]
71: [128, 120]
72: [120]
73: [120]
74: [120]
75: [120]
76: [120]
77: [120]
78: [120]
79: [120]
80: [120]
81: [120]
82: [120]
83: [109, 110, 111, 112, 113, 114, 103, 115, 116, 117, 118, 119, 120]
84: []
85: [109, 128, 121]
86: [109, 121]
87: [109, 121]
88: [109, 121]
89: [109, 121]
90: [109, 121]
91: [109, 121]
92: [109, 121]
93: [109, 121]
94: [109, 121]
95: [109, 121]
96: [109, 121]
97: [109, 110, 111, 112, 113, 114, 115, 103, 116, 117, 118, 119, 120, 121]
98: [128, 110, 111, 112, 113, 114, 115, 116, 117, 118, 119, 120, 121, 103]
99: [110, 128]
100: [110]
101: [110]
102: [110]
103: [110]
104: [110]
105: [110]
106: [110]
107: [110]
108: [110]
109: [110]
110: [110]
111: [110, 111, 112, 113, 114, 115, 103, 116, 117, 118, 119, 120, 121]
112: [128, 111, 112, 113, 114, 115, 116, 117, 118, 119, 120, 121, 103]
113: [111, 128]
114: [111]
115: [111]
116: [111]
117: [111]
118: [111]
119: [111]
120: [111]
121: [111]
122: [111]
123: [111]
124: [111]
125: [111, 112, 113, 114, 115, 116, 117, 118, 119, 120, 121, 103]
126: [128, 112, 113, 114, 115, 116, 117, 118, 119, 120, 121, 103]
127: [112, 128]
128: [112]
129: [112]
130: [112]
131: [112]
132: [112]
133: [112]
134: [112]
135: [112]
136: [112]
137: [112]
138: [112]
139: [112, 113, 114, 115, 116, 117, 118, 119, 120, 121, 103]
140: [128, 113, 114, 115, 116, 117, 118, 119, 120, 121, 103]
141: [113, 128]
142: [113]
143: [113]
144: [113]
145: [113]
146: [113]
147: [113]
148: [113]
149: [113]
150: [113]
151: [113]
152: [113]
153: [113, 114, 115, 116, 117, 118, 119, 120, 121, 103]
154: [128, 114, 115, 116, 117, 118, 119, 120, 121, 103]
155: [114, 128]
156: [114]
157: [114]
158: [114]
159: [114]
160: [114]
161: [114]
162: [114]
163: [114]
164: [114]
165: [114]
166: [114]
167: [114, 115, 116, 117, 118, 119, 120, 121, 103]
168: [128, 115, 116, 117, 118, 119, 120, 121, 103]
169: [115, 128]
170: [115]
171: [115]
172: [115]
173: [115]
174: [115]
175: [115]
176: [115]
177: [115]
178: [115]
179: [115]
180: [115]
181: [115, 116, 117, 118, 119, 120, 121, 103]
182: [128, 116, 117, 118, 119, 120, 121, 103]
183: [128, 116, 117, 118, 119, 120, 121, 103]
184: [116, 117, 118, 119, 120, 121, 103]
185: [116, 117, 118, 119, 120, 121, 103]
186: [116, 117, 118, 119, 120, 121, 103]
187: [116, 117, 118, 119, 120, 121, 103]
188: [116, 117, 118, 119, 120, 121, 103]
189: [116, 117, 118, 119, 120, 121, 103]
190: [116, 117, 118, 119, 120, 121, 103]
191: [116, 117, 118, 119, 120, 121, 103]
192: [116, 117, 118, 119, 120, 121, 103]
193: [116, 117, 118, 119, 120, 121, 103]
194: [116, 117, 118, 119, 120, 121, 103]
195: [116, 117, 118, 119, 120, 121, 103]
85
0: [128, 109]
1: [128, 129, 109]
2: [129, 109]
3: [109]
4: [109]
5: [109]
6: [109]
7: [109]
8: [109]
9: [109]
10: [109]
11: [109]
12: [109]
13: [109]
14: [128, 109]
15: [72, 73, 74, 75, 76, 77, 78, 79, 80, 81, 71]
16: [72, 73, 74, 75, 76, 77, 78, 79, 80, 81, 71]
17: [73, 74, 75, 76, 77, 78, 79, 80, 81, 71]
18: [74, 75, 76, 77, 78, 79, 80, 81, 71]
19: [75, 76, 77, 78, 79, 80, 81, 71]
20: [76, 77, 78, 79, 80, 81, 71]
21: [77, 78, 79, 80, 81, 71]
22: [80, 81, 78, 79, 71]
23: [80, 81, 79, 71]
24: [80, 81, 71]
25: [81, 71]
26: [71]
27: [109]
28: [128, 109]
29: [72, 73, 74, 75, 76, 77, 78, 79, 80, 81, 71]
30: [72]
31: [73]
32: [74]
33: [75]
34: [76]
35: [77]
36: [78]
37: [79]
38: [80]
39: [81]
40: [71]
41: [109]
42: [128, 109]
43: [72, 73, 74, 75, 76, 77, 78, 79, 80, 81, 71]
44: [72]
45: [73]
46: [74]
47: [75]
48: [76]
49: [77]
50: [78]
51: [79]
52: [80]
53: [81]
54: [71]
55: [109]
56: [128, 109]
57: [72, 73, 74, 75, 76, 77, 78, 79, 80, 81, 71]
58: [72]
59: [73]
60: [74]
61: [75]
62: [76]
63: [77]
64: [78]
65: [79]
66: [80]
67: [81]
68: [71]
69: [109]
70: [128, 109]
71: [96, 72, 73, 74, 75, 76, 77, 78, 79, 80, 81, 71]
72: [96, 72]
73: [96, 73]
74: [96, 74]
75: [96, 75]
76: [96, 76]
77: [96, 77]
78: [96, 78]
79: [96, 79]
80: [96, 80]
81: [96, 81]
82: [96, 71]
83: [109]
84: [121, 128, 109]
85: []
86: [97, 72, 96]
87: [97, 73, 96]
88: [97, 74, 96]
89: [97, 75, 96]
90: [97, 76, 96]
91: [97, 77, 96]
92: [97, 96, 78]
93: [97, 96, 79]
94: [97, 96, 80]
95: [97, 96, 81]
96: [97, 96, 71]
97: [109, 121]
98: [121, 128]
99: [71, 72, 97, 73, 74, 75, 76, 77, 78, 79, 80, 81]
100: [72, 97]
101: [73, 97]
102: [74, 97]
103: [75, 97]
104: [76, 97]
105: [97, 77]
106: [97, 78]
107: [97, 79]
108: [97, 80]
109: [97, 81]
110: [97, 71]
111: [121]
112: [121, 128]
113: [71, 72, 73, 74, 75, 76, 77, 78, 79, 80, 81]
114: [72]
115: [73]
116: [74]
117: [75]
118: [76]
119: [77]
120: [78]
121: [79]
122: [80]
123: [81]
124: [71]
125: [121]
126: [121, 128]
127: [71, 72, 73, 74, 75, 76, 77, 78, 79, 80, 81]
128: [72]
129: [73]
130: [74]
131: [75]
132: [76]
133: [77]
134: [78]
135: [79]
136: [80]
137: [81]
138: [71]
139: [121]
140: [121, 128]
141: [71, 72, 73, 74, 75, 76, 77, 78, 79, 80, 81]
142: [72]
143: [73]
144: [74]
145: [75]
146: [76]
147: [77]
148: [78]
149: [79]
150: [80]
151: [81]
152: [71]
153: [121]
154: [121, 128]
155: [71, 72, 73, 74, 75, 76, 77, 78, 79, 80, 81]
156: [72]
157: [73]
158: [74]
159: [75]
160: [76]
161: [77]
162: [78]
163: [79]
164: [80]
165: [81]
166: [71]
167: [121]
168: [121, 128]
169: [71, 72, 73, 74, 75, 76, 77, 78, 79, 80, 81]
170: [71, 72, 73, 74, 75, 76, 77, 78, 79, 80, 81]
171: [71, 73, 74, 75, 76, 77, 78, 79, 80, 81]
172: [71, 74, 75, 76, 77, 78, 79, 80, 81]
173: [71, 75, 76, 77, 78, 79, 80, 81]
174: [71, 76, 77, 78, 79, 80, 81]
175: [71, 77, 78, 79, 80, 81]
176: [71, 78, 79, 80, 81]
177: [71, 79, 80, 81]
178: [71, 80, 81]
179: [71, 81]
180: [71]
181: [121]
182: [121, 128]
183: [129, 121, 128]
184: [129, 121]
185: [121]
186: [121]
187: [121]
188: [121]
189: [121]
190: [121]
191: [121]
192: [121]
193: [121]
194: [121]
195: [121]
86
0: [109]
1: [129, 109]
2: [129, 130, 109]
3: [130, 109]
4: [109]
5: [109]
6: [109]
7: [109]
8: [109]
9: [109]
10: [109]
11: [109]
12: [109]
13: [109]
14: [109]
15: [72]
16: [82, 72]
17: [82]
18: [82]
19: [82]
20: [82]
21: [82]
22: [82]
23: [82]
24: [82]
25: [82]
26: [82]
27: [109]
28: [109]
29: [72]
30: [45, 62, 49, 50, 51, 52, 53]
31: [45, 62, 49, 50, 51, 52, 53]
32: [45, 49, 50, 51, 52, 53]
33: [45, 49, 50, 51, 52, 53]
34: [45, 49, 50, 51, 52, 53]
35: [45, 49, 50, 51, 52, 53]
36: [45, 49, 50, 51, 52, 53]
37: [45, 49, 50, 51, 52, 53]
38: [45, 49, 50, 51, 52, 53]
39: [49, 45, 50, 51, 52, 53]
40: [82]
41: [109]
42: [109]
43: [72]
44: [45, 62, 49, 50, 51, 52, 53, 54]
45: [62, 54]
46: [54]
47: [54]
48: [54]
49: [54]
50: [54]
51: [54]
52: [54]
53: [49, 50, 45, 51, 52, 53, 54]
54: [82]
55: [109]
56: [109]
57: [72]
58: [45, 62, 49, 50, 51, 52, 55, 53, 54]
59: [62, 55]
60: [55]
61: [55]
62: [55]
63: [55]
64: [55]
65: [55]
66: [55]
67: [49, 50, 51, 45, 52, 53, 54, 55]
68: [82]
69: [109]
70: [109]
71: [96, 72]
72: [45, 62, 49, 50, 56, 51, 52, 55, 53, 54]
73: [62, 56]
74: [56]
75: [56]
76: [56]
77: [56]
78: [56]
79: [56]
80: [56]
81: [49, 50, 51, 52, 45, 53, 56, 54, 55]
82: [96, 82]
83: [109]
84: [121, 109]
85: [96, 72, 97]
86: []
87: [49, 62, 57]
88: [49, 57]
89: [49, 57]
90: [49, 57]
91: [49, 57]
92: [49, 57]
93: [49, 57]
94: [49, 57]
95: [49, 50, 51, 52, 53, 45, 56, 57, 54, 55]
96: [97, 96, 82]
97: [109, 121]
98: [121]
99: [72, 97]
100: [50, 51, 52, 53, 54, 55, 56, 57, 62, 45]
101: [50, 62]
102: [50]
103: [50]
104: [50]
105: [50]
106: [50]
107: [50]
108: [50]
109: [50, 51, 52, 53, 45, 54, 55, 56, 57]
110: [97, 82]
111: [121]
112: [121]
113: [72]
114: [51, 52, 53, 54, 55, 56, 57, 62, 45]
115: [51, 62]
116: [51]
117: [51]
118: [51]
119: [51]
120: [51]
121: [51]
122: [51]
123: [51, 52, 53, 56, 57, 54, 55, 45]
124: [82]
125: [121]
126: [121]
127: [72]
128: [52, 53, 54, 55, 56, 57, 62, 45]
129: [52, 62]
130: [52]
131: [52]
132: [52]
133: [52]
134: [52]
135: [52]
136: [52]
137: [52, 53, 56, 57, 54, 55, 45]
138: [82]
139: [121]
140: [121]
141: [72]
142: [53, 54, 55, 56, 57, 62, 45]
143: [53, 62]
144: [53]
145: [53]
146: [53]
147: [53]
148: [53]
149: [53]
150: [53]
151: [53, 56, 57, 54, 55, 45]
152: [82]
153: [121]
154: [121]
155: [72]
156: [54, 55, 56, 57, 62, 45]
157: [54, 55, 56, 57, 62, 45]
158: [56, 57, 54, 55, 45]
159: [56, 57, 54, 55, 45]
160: [56, 57, 54, 55, 45]
161: [56, 57, 54, 55, 45]
162: [56, 57, 54, 55, 45]
163: [56, 57, 54, 55, 45]
164: [56, 57, 54, 55, 45]
165: [56, 57, 54, 55, 45]
166: [82]
167: [121]
168: [121]
169: [72]
170: [72, 82]
171: [82]
172: [82]
173: [82]
174: [82]
175: [82]
176: [82]
177: [82]
178: [82]
179: [82]
180: [82]
181: [121]
182: [121]
183: [121, 129]
184: [130, 121, 129]
185: [130, 121]
186: [121]
187: [121]
188: [121]
189: [121]
190: [121]
191: [121]
192: [121]
193: [121]
194: [121]
195: [121]
87
0: [109]
1: [109]
2: [130, 109]
3: [130, 131, 109]
4: [131, 109]
5: [109]
6: [109]
7: [109]
8: [109]
9: [109]
10: [109]
11: [109]
12: [109]
13: [109]
14: [109]
15: [73]
16: [73]
17: [83, 73]
18: [83]
19: [83]
20: [83]
21: [83]
22: [83]
23: [83]
24: [83]
25: [83]
26: [83]
27: [109]
28: [109]
29: [73]
30: [62, 49]
31: [62, 63, 49]
32: [63, 49]
33: [49]
34: [49]
35: [49]
36: [49]
37: [49]
38: [49]
39: [49]
40: [83]
41: [109]
42: [109]
43: [73]
44: [62, 49]
45: [26, 27, 28, 29, 30, 31, 25]
46: [26, 27, 28, 29, 30, 31, 25]
47: [27, 28, 29, 30, 31, 25]
48: [28, 29, 30, 31, 25]
49: [29, 30, 31, 25]
50: [30, 31, 25]
51: [31, 25]
52: [25]
53: [49]
54: [83]
55: [109]
56: [109]
57: [73]
58: [62, 49]
59: [26, 27, 28, 29, 30, 31, 25]
60: [26]
61: [27]
62: [28]
63: [29]
64: [30]
65: [31]
66: [25]
67: [49]
68: [83]
69: [109]
70: [109]
71: [96, 73]
72: [62, 49]
73: [40, 26, 27, 28, 29, 30, 31, 25]
74: [40, 26]
75: [40, 27]
76: [40, 28]
77: [40, 29]
78: [40, 30]
79: [40, 31]
80: [40, 25]
81: [49]
82: [96, 83]
83: [109]
84: [121, 109]
85: [96, 73, 97]
86: [57, 62, 49]
87: []
88: [41, 26, 40]
89: [41, 27, 40]
90: [41, 28, 40]
91: [41, 29, 40]
92: [41, 40, 30]
93: [41, 40, 31]
94: [41, 40, 25]
95: [49, 57]
96: [97, 96, 83]
97: [109, 121]
98: [121]
99: [73, 97]
100: [57, 62]
101: [25, 41, 26, 27, 28, 29, 30, 31]
102: [26, 41]
103: [27, 41]
104: [28, 41]
105: [41, 29]
106: [41, 30]
107: [41, 31]
108: [41, 25]
109: [57]
110: [97, 83]
111: [121]
112: [121]
113: [73]
114: [57, 62]
115: [25, 26, 27, 28, 29, 30, 31]
116: [26]
117: [27]
118: [28]
119: [29]
120: [30]
121: [31]
122: [25]
123: [57]
124: [83]
125: [121]
126: [121]
127: [73]
128: [57, 62]
129: [25, 26, 27, 28, 29, 30, 31]
130: [26]
131: [27]
132: [28]
133: [29]
134: [30]
135: [31]
136: [25]
137: [57]
138: [83]
139: [121]
140: [121]
141: [73]
142: [57, 62]
143: [25, 26, 27, 28, 29, 30, 31]
144: [25, 26, 27, 28, 29, 30, 31]
145: [25, 27, 28, 29, 30, 31]
146: [25, 28, 29, 30, 31]
147: [25, 29, 30, 31]
148: [25, 30, 31]
149: [25, 31]
150: [25]
151: [57]
152: [83]
153: [121]
154: [121]
155: [73]
156: [57, 62]
157: [63, 57, 62]
158: [63, 57]
159: [57]
160: [57]
161: [57]
162: [57]
163: [57]
164: [57]
165: [57]
166: [83]
167: [121]
168: [121]
169: [73]
170: [73]
171: [73, 83]
172: [83]
173: [83]
174: [83]
175: [83]
176: [83]
177: [83]
178: [83]
179: [83]
180: [83]
181: [121]
182: [121]
183: [121]
184: [121, 130]
185: [131, 121, 130]
186: [131, 121]
187: [121]
188: [121]
189: [121]
190: [121]
191: [121]
192: [121]
193: [121]
194: [121]
195: [121]
88
0: [109]
1: [109]
2: [109]
3: [131, 109]
4: [131, 132, 109]
5: [132, 109]
6: [109]
7: [109]
8: [109]
9: [109]
10: [109]
11: [109]
12: [109]
13: [109]
14: [109]
15: [74]
16: [74]
17: [74]
18: [84, 74]
19: [84]
20: [84]
21: [84]
22: [84]
23: [84]
24: [84]
25: [84]
26: [84]
27: [109]
28: [109]
29: [74]
30: [49]
31: [63, 49]
32: [63, 64, 49]
33: [64, 49]
34: [49]
35: [49]
36: [49]
37: [49]
38: [49]
39: [49]
40: [84]
41: [109]
42: [109]
43: [74]
44: [49]
45: [26]
46: [32, 26]
47: [32]
48: [32]
49: [32]
50: [32]
51: [32]
52: [32]
53: [49]
54: [84]
55: [109]
56: [109]
57: [74]
58: [49]
59: [26]
60: [11, 20, 13, 14, 15]
61: [11, 20, 13, 14, 15]
62: [11, 13, 14, 15]
63: [11, 13, 14, 15]
64: [11, 13, 14, 15]
65: [11, 13, 14, 15]
66: [32]
67: [49]
68: [84]
69: [109]
70: [109]
71: [96, 74]
72: [49]
73: [40, 26]
74: [11, 20, 13, 14, 16, 15]
75: [20, 16]
76: [16]
77: [16]
78: [16]
79: [13, 11, 14, 15, 16]
80: [40, 32]
81: [49]
82: [96, 84]
83: [109]
84: [121, 109]
85: [96, 74, 97]
86: [57, 49]
87: [40, 26, 41]
88: []
89: [13, 20, 17]
90: [13, 17]
91: [13, 17]
92: [13, 17]
93: [13, 14, 11, 15, 16, 17]
94: [41, 40, 32]
95: [49, 57]
96: [97, 96, 84]
97: [109, 121]
98: [121]
99: [74, 97]
100: [57]
101: [26, 41]
102: [14, 15, 16, 17, 20, 11]
103: [14, 20]
104: [14]
105: [14]
106: [14]
107: [14, 15, 16, 17, 11]
108: [41, 32]
109: [57]
110: [97, 84]
111: [121]
112: [121]
113: [74]
114: [57]
115: [26]
116: [16, 17, 20, 15, 11]
117: [15, 20]
118: [15]
119: [15]
120: [15]
121: [15, 16, 17, 11]
122: [32]
123: [57]
124: [84]
125: [121]
126: [121]
127: [74]
128: [57]
129: [26]
130: [16, 17, 20, 11]
131: [16, 17, 20, 11]
132: [16, 17, 11]
133: [16, 17, 11]
134: [16, 17, 11]
135: [16, 17, 11]
136: [32]
137: [57]
138: [84]
139: [121]
140: [121]
141: [74]
142: [57]
143: [26]
144: [26, 32]
145: [32]
146: [32]
147: [32]
148: [32]
149: [32]
150: [32]
151: [57]
152: [84]
153: [121]
154: [121]
155: [74]
156: [57]
157: [57, 63]
158: [64, 57, 63]
159: [64, 57]
160: [57]
161: [57]
162: [57]
163: [57]
164: [57]
165: [57]
166: [84]
167: [121]
168: [121]
169: [74]
170: [74]
171: [74]
172: [74, 84]
173: [84]
174: [84]
175: [84]
176: [84]
177: [84]
178: [84]
179: [84]
180: [84]
181: [121]
182: [121]
183: [121]
184: [121]
185: [121, 131]
186: [132, 121, 131]
187: [132, 121]
188: [121]
189: [121]
190: [121]
191: [121]
192: [121]
193: [121]
194: [121]
195: [121]
89
0: [109]
1: [109]
2: [109]
3: [109]
4: [132, 109]
5: [132, 109, 133]
6: [109, 133]
7: [109]
8: [109]
9: [109]
10: [109]
11: [109]
12: [109]
13: [109]
14: [109]
15: [75]
16: [75]
17: [75]
18: [75]
19: [85, 75]
20: [85]
21: [85]
22: [85]
23: [85]
24: [85]
25: [85]
26: [85]
27: [109]
28: [109]
29: [75]
30: [49]
31: [49]
32: [64, 49]
33: [64, 65, 49]
34: [65, 49]
35: [49]
36: [49]
37: [49]
38: [49]
39: [49]
40: [85]
41: [109]
42: [109]
43: [75]
44: [49]
45: [27]
46: [27]
47: [33, 27]
48: [33]
49: [33]
50: [33]
51: [33]
52: [33]
53: [49]
54: [85]
55: [109]
56: [109]
57: [75]
58: [49]
59: [27]
60: [20, 13]
61: [20, 21, 13]
62: [21, 13]
63: [13]
64: [13]
65: [13]
66: [33]
67: [49]
68: [85]
69: [109]
70: [109]
71: [96, 75]
72: [49]
73: [40, 27]
74: [20, 13]
75: [8, 4, 5, 3]
76: [8, 4, 5, 3]
77: [8, 5, 3]
78: [8, 3]
79: [13]
80: [40, 33]
81: [49]
82: [96, 85]
83: [109]
84: [121, 109]
85: [96, 75, 97]
86: [57, 49]
87: [40, 27, 41]
88: [17, 20, 13]
89: []
90: [9, 4, 8]
91: [9, 5, 8]
92: [9, 8, 3]
93: [13, 17]
94: [41, 40, 33]
95: [49, 57]
96: [97, 96, 85]
97: [109, 121]
98: [121]
99: [75, 97]
100: [57]
101: [27, 41]
102: [17, 20]
103: [3, 9, 4, 5]
104: [4, 9]
105: [9, 5]
106: [9, 3]
107: [17]
108: [41, 33]
109: [57]
110: [97, 85]
111: [121]
112: [121]
113: [75]
114: [57]
115: [27]
116: [17, 20]
117: [3, 4, 5]
118: [3, 4, 5]
119: [3, 5]
120: [3]
121: [17]
122: [33]
123: [57]
124: [85]
125: [121]
126: [121]
127: [75]
128: [57]
129: [27]
130: [17, 20]
131: [21, 17, 20]
132: [21, 17]
133: [17]
134: [17]
135: [17]
136: [33]
137: [57]
138: [85]
139: [121]
140: [121]
141: [75]
142: [57]
143: [27]
144: [27]
145: [27, 33]
146: [33]
147: [33]
148: [33]
149: [33]
150: [33]
151: [57]
152: [85]
153: [121]
154: [121]
155: [75]
156: [57]
157: [57]
158: [57, 64]
159: [65, 57, 64]
160: [65, 57]
161: [57]
162: [57]
163: [57]
164: [57]
165: [57]
166: [85]
167: [121]
168: [121]
169: [75]
170: [75]
171: [75]
172: [75]
173: [75, 85]
174: [85]
175: [85]
176: [85]
177: [85]
178: [85]
179: [85]
180: [85]
181: [121]
182: [121]
183: [121]
184: [121]
185: [121]
186: [121, 132]
187: [133, 121, 132]
188: [133, 121]
189: [121]
190: [121]
191: [121]
192: [121]
193: [121]
194: [121]
195: [121]
90
0: [109]
1: [109]
2: [109]
3: [109]
4: [109]
5: [133, 109]
6: [133, 109, 134]
7: [109, 134]
8: [109]
9: [109]
10: [109]
11: [109]
12: [109]
13: [109]
14: [109]
15: [76]
16: [76]
17: [76]
18: [76]
19: [76]
20: [86, 76]
21: [86]
22: [86]
23: [86]
24: [86]
25: [86]
26: [86]
27: [109]
28: [109]
29: [76]
30: [49]
31: [49]
32: [49]
33: [65, 49]
34: [65, 49, 66]
35: [49, 66]
36: [49]
37: [49]
38: [49]
39: [49]
40: [86]
41: [109]
42: [109]
43: [76]
44: [49]
45: [28]
46: [28]
47: [28]
48: [34, 28]
49: [34]
50: [34]
51: [34]
52: [34]
53: [49]
54: [86]
55: [109]
56: [109]
57: [76]
58: [49]
59: [28]
60: [13]
61: [21, 13]
62: [21, 13, 22]
63: [13, 22]
64: [13]
65: [13]
66: [34]
67: [49]
68: [86]
69: [109]
70: [109]
71: [96, 76]
72: [49]
73: [40, 28]
74: [13]
75: [8, 4]
76: [6, 8, 4]
77: [6, 8]
78: [6, 8]
79: [13]
80: [34, 40]
81: [49]
82: [86, 96]
83: [109]
84: [121, 109]
85: [96, 76, 97]
86: [57, 49]
87: [40, 28, 41]
88: [17, 13]
89: [8, 4, 9]
90: []
91: [1, 2]
92: [9, 6, 8]
93: [13, 17]
94: [41, 34, 40]
95: [49, 57]
96: [97, 86, 96]
97: [109, 121]
98: [121]
99: [76, 97]
100: [57]
101: [28, 41]
102: [17]
103: [4, 9]
104: [2, 1]
105: [1, 2]
106: [9, 6]
107: [17]
108: [41, 34]
109: [57]
110: [97, 86]
111: [121]
112: [121]
113: [76]
114: [57]
115: [28]
116: [17]
117: [4]
118: [4, 6]
119: [6]
120: [6]
121: [17]
122: [34]
123: [57]
124: [86]
125: [121]
126: [121]
127: [76]
128: [57]
129: [28]
130: [17]
131: [17, 21]
132: [22, 17, 21]
133: [22, 17]
134: [17]
135: [17]
136: [34]
137: [57]
138: [86]
139: [121]
140: [121]
141: [76]
142: [57]
143: [28]
144: [28]
145: [28]
146: [28, 34]
147: [34]
148: [34]
149: [34]
150: [34]
151: [57]
152: [86]
153: [121]
154: [121]
155: [76]
156: [57]
157: [57]
158: [57]
159: [57, 65]
160: [66, 57, 65]
161: [66, 57]
162: [57]
163: [57]
164: [57]
165: [57]
166: [86]
167: [121]
168: [121]
169: [76]
170: [76]
171: [76]
172: [76]
173: [76]
174: [76, 86]
175: [86]
176: [86]
177: [86]
178: [86]
179: [86]
180: [86]
181: [121]
182: [121]
183: [121]
184: [121]
185: [121]
186: [121]
187: [121, 133]
188: [134, 121, 133]
189: [134, 121]
190: [121]
191: [121]
192: [121]
193: [121]
194: [121]
195: [121]
91
0: [109]
1: [109]
2: [109]
3: [109]
4: [109]
5: [109]
6: [134, 109]
7: [134, 109, 135]
8: [109, 135]
9: [109]
10: [109]
11: [109]
12: [109]
13: [109]
14: [109]
15: [77]
16: [77]
17: [77]
18: [77]
19: [77]
20: [77]
21: [87, 77]
22: [87]
23: [87]
24: [87]
25: [87]
26: [87]
27: [109]
28: [109]
29: [77]
30: [49]
31: [49]
32: [49]
33: [49]
34: [66, 49]
35: [66, 49, 67]
36: [49, 67]
37: [49]
38: [49]
39: [49]
40: [87]
41: [109]
42: [109]
43: [77]
44: [49]
45: [29]
46: [29]
47: [29]
48: [29]
49: [35, 29]
50: [35]
51: [35]
52: [35]
53: [49]
54: [87]
55: [109]
56: [109]
57: [77]
58: [49]
59: [29]
60: [13]
61: [13]
62: [22, 13]
63: [22, 13, 23]
64: [13, 23]
65: [13]
66: [35]
67: [49]
68: [87]
69: [109]
70: [109]
71: [96, 77]
72: [49]
73: [40, 29]
74: [13]
75: [8, 5]
76: [8, 5]
77: [7, 8, 5]
78: [7, 8]
79: [13]
80: [35, 40]
81: [49]
82: [87, 96]
83: [109]
84: [121, 109]
85: [96, 97, 77]
86: [57, 49]
87: [40, 41, 29]
88: [17, 13]
89: [8, 9, 5]
90: [2, 1]
91: []
92: [9, 7, 8]
93: [13, 17]
94: [41, 35, 40]
95: [49, 57]
96: [97, 87, 96]
97: [109, 121]
98: [121]
99: [97, 77]
100: [57]
101: [41, 29]
102: [17]
103: [9, 5]
104: [1, 2]
105: [1, 2]
106: [9, 7]
107: [17]
108: [41, 35]
109: [57]
110: [97, 87]
111: [121]
112: [121]
113: [77]
114: [57]
115: [29]
116: [17]
117: [5]
118: [5]
119: [5, 7]
120: [7]
121: [17]
122: [35]
123: [57]
124: [87]
125: [121]
126: [121]
127: [77]
128: [57]
129: [29]
130: [17]
131: [17]
132: [17, 22]
133: [23, 17, 22]
134: [23, 17]
135: [17]
136: [35]
137: [57]
138: [87]
139: [121]
140: [121]
141: [77]
142: [57]
143: [29]
144: [29]
145: [29]
146: [29]
147: [29, 35]
148: [35]
149: [35]
150: [35]
151: [57]
152: [87]
153: [121]
154: [121]
155: [77]
156: [57]
157: [57]
158: [57]
159: [57]
160: [57, 66]
161: [67, 57, 66]
162: [67, 57]
163: [57]
164: [57]
165: [57]
166: [87]
167: [121]
168: [121]
169: [77]
170: [77]
171: [77]
172: [77]
173: [77]
174: [77]
175: [77, 87]
176: [87]
177: [87]
178: [87]
179: [87]
180: [87]
181: [121]
182: [121]
183: [121]
184: [121]
185: [121]
186: [121]
187: [121]
188: [121, 134]
189: [135, 121, 134]
190: [135, 121]
191: [121]
192: [121]
193: [121]
194: [121]
195: [121]
92
0: [109]
1: [109]
2: [109]
3: [109]
4: [109]
5: [109]
6: [109]
7: [135, 109]
8: [135, 109, 136]
9: [109, 136]
10: [109]
11: [109]
12: [109]
13: [109]
14: [109]
15: [78]
16: [78]
17: [78]
18: [78]
19: [78]
20: [78]
21: [78]
22: [88, 78]
23: [88]
24: [88]
25: [88]
26: [88]
27: [109]
28: [109]
29: [78]
30: [49]
31: [49]
32: [49]
33: [49]
34: [49]
35: [67, 49]
36: [67, 49, 68]
37: [49, 68]
38: [49]
39: [49]
40: [88]
41: [109]
42: [109]
43: [78]
44: [49]
45: [30]
46: [30]
47: [30]
48: [30]
49: [30]
50: [36, 30]
51: [36]
52: [36]
53: [49]
54: [88]
55: [109]
56: [109]
57: [78]
58: [49]
59: [30]
60: [13]
61: [13]
62: [13]
63: [23, 13]
64: [23, 13, 24]
65: [13, 24]
66: [36]
67: [49]
68: [88]
69: [109]
70: [109]
71: [96, 78]
72: [49]
73: [40, 30]
74: [13]
75: [8, 3]
76: [3, 8, 6]
77: [3, 8, 7, 6]
78: [3, 8, 7, 6]
79: [13, 24]
80: [36, 40]
81: [49]
82: [88, 96]
83: [109]
84: [121, 109]
85: [96, 97, 78]
86: [57, 49]
87: [40, 41, 30]
88: [17, 13]
89: [8, 9, 3]
90: [8, 9, 6]
91: [8, 7, 9]
92: []
93: [13, 24, 17]
94: [41, 36, 40]
95: [49, 57]
96: [97, 88, 96]
97: [109, 121]
98: [121]
99: [97, 78]
100: [57]
101: [41, 30]
102: [17]
103: [9, 3]
104: [9, 6]
105: [9, 7]
106: [9, 6, 7, 3]
107: [24, 17]
108: [41, 36]
109: [57]
110: [97, 88]
111: [121]
112: [121]
113: [78]
114: [57]
115: [30]
116: [17]
117: [3]
118: [6, 3]
119: [6, 7, 3]
120: [6, 7, 3]
121: [24, 17]
122: [36]
123: [57]
124: [88]
125: [121]
126: [121]
127: [78]
128: [57]
129: [30]
130: [17]
131: [17]
132: [17]
133: [23, 17]
134: [24, 23, 17]
135: [24, 17]
136: [36]
137: [57]
138: [88]
139: [121]
140: [121]
141: [78]
142: [57]
143: [30]
144: [30]
145: [30]
146: [30]
147: [30]
148: [30, 36]
149: [36]
150: [36]
151: [57]
152: [88]
153: [121]
154: [121]
155: [78]
156: [57]
157: [57]
158: [57]
159: [57]
160: [57]
161: [67, 57]
162: [68, 67, 57]
163: [68, 57]
164: [57]
165: [57]
166: [88]
167: [121]
168: [121]
169: [78]
170: [78]
171: [78]
172: [78]
173: [78]
174: [78]
175: [78]
176: [78, 88]
177: [88]
178: [88]
179: [88]
180: [88]
181: [121]
182: [121]
183: [121]
184: [121]
185: [121]
186: [121]
187: [121]
188: [121]
189: [135, 121]
190: [136, 135, 121]
191: [136, 121]
192: [121]
193: [121]
194: [121]
195: [121]
93
0: [109]
1: [109]
2: [109]
3: [109]
4: [109]
5: [109]
6: [109]
7: [109]
8: [136, 109]
9: [136, 109, 137]
10: [109, 137]
11: [109]
12: [109]
13: [109]
14: [109]
15: [79]
16: [79]
17: [79]
18: [79]
19: [79]
20: [79]
21: [79]
22: [79]
23: [89, 79]
24: [89]
25: [89]
26: [89]
27: [109]
28: [109]
29: [79]
30: [49]
31: [49]
32: [49]
33: [49]
34: [49]
35: [49]
36: [68, 49]
37: [68, 49, 69]
38: [49, 69]
39: [49]
40: [89]
41: [109]
42: [109]
43: [79]
44: [49]
45: [31]
46: [31]
47: [31]
48: [31]
49: [31]
50: [31]
51: [37, 31]
52: [37]
53: [49]
54: [89]
55: [109]
56: [109]
57: [79]
58: [49]
59: [31]
60: [13, 14, 15, 11]
61: [13, 14, 15, 11]
62: [13, 14, 15, 11]
63: [13, 14, 15, 11]
64: [24, 13, 14, 15, 11]
65: [24, 13, 14, 15, 11]
66: [37]
67: [49]
68: [89]
69: [109]
70: [109]
71: [96, 79]
72: [49]
73: [40, 31]
74: [16, 13, 14, 15, 11]
75: [16]
76: [16]
77: [16]
78: [16, 24]
79: [13, 14, 15, 16, 24, 11]
80: [37, 40]
81: [49]
82: [89, 96]
83: [109]
84: [121, 109]
85: [96, 97, 79]
86: [57, 49]
87: [40, 41, 31]
88: [17, 16, 13, 14, 15, 11]
89: [17, 13]
90: [17, 13]
91: [17, 13]
92: [17, 24, 13]
93: []
94: [41, 37, 40]
95: [49, 57]
96: [97, 89, 96]
97: [109, 121]
98: [121]
99: [97, 79]
100: [57]
101: [41, 31]
102: [17, 16, 11, 14, 15]
103: [14]
104: [14]
105: [14]
106: [24, 14]
107: [11, 24, 17, 14, 16, 15]
108: [41, 37]
109: [57]
110: [97, 89]
111: [121]
112: [121]
113: [79]
114: [57]
115: [31]
116: [17, 16, 11, 15]
117: [15]
118: [15]
119: [15]
120: [24, 15]
121: [11, 24, 17, 16, 15]
122: [37]
123: [57]
124: [89]
125: [121]
126: [121]
127: [79]
128: [57]
129: [31]
130: [17, 11, 16]
131: [11, 17, 16]
132: [11, 17, 16]
133: [11, 17, 16]
134: [11, 24, 17, 16]
135: [11, 24, 17, 16]
136: [37]
137: [57]
138: [89]
139: [121]
140: [121]
141: [79]
142: [57]
143: [31]
144: [31]
145: [31]
146: [31]
147: [31]
148: [31]
149: [31, 37]
150: [37]
151: [57]
152: [89]
153: [121]
154: [121]
155: [79]
156: [57]
157: [57]
158: [57]
159: [57]
160: [57]
161: [57]
162: [68, 57]
163: [69, 68, 57]
164: [69, 57]
165: [57]
166: [89]
167: [121]
168: [121]
169: [79]
170: [79]
171: [79]
172: [79]
173: [79]
174: [79]
175: [79]
176: [79]
177: [79, 89]
178: [89]
179: [89]
180: [89]
181: [121]
182: [121]
183: [121]
184: [121]
185: [121]
186: [121]
187: [121]
188: [121]
189: [121]
190: [136, 121]
191: [137, 136, 121]
192: [137, 121]
193: [121]
194: [121]
195: [121]
94
0: [109]
1: [109]
2: [109]
3: [109]
4: [109]
5: [109]
6: [109]
7: [109]
8: [109]
9: [137, 109]
10: [137, 109, 138]
11: [109, 138]
12: [109]
13: [109]
14: [109]
15: [80]
16: [80]
17: [80]
18: [80]
19: [80]
20: [80]
21: [80]
22: [80]
23: [80]
24: [90, 80]
25: [90]
26: [90]
27: [109]
28: [109]
29: [80]
30: [49]
31: [49]
32: [49]
33: [49]
34: [49]
35: [49]
36: [49]
37: [69, 49]
38: [69, 49, 70]
39: [49, 70]
40: [90]
41: [109]
42: [109]
43: [80]
44: [49]
45: [25]
46: [25, 32]
47: [25, 33, 32]
48: [25, 34, 33, 32]
49: [25, 35, 34, 33, 32]
50: [25, 36, 35, 34, 33, 32]
51: [25, 37, 36, 35, 34, 33, 32]
52: [25, 37, 36, 35, 34, 33, 32]
53: [49, 70]
54: [90]
55: [109]
56: [109]
57: [80]
58: [49]
59: [25]
60: [32]
61: [33]
62: [34]
63: [35]
64: [36]
65: [37]
66: [25, 37, 36, 35, 34, 33, 32]
67: [49, 70]
68: [90]
69: [109]
70: [109]
71: [96, 80]
72: [49]
73: [40, 25]
74: [40, 32]
75: [40, 33]
76: [40, 34]
77: [40, 35]
78: [36, 40]
79: [37, 40]
80: [25, 40, 37, 36, 35, 34, 33, 32]
81: [49, 70]
82: [90, 96]
83: [109]
84: [121, 109]
85: [96, 97, 80]
86: [57, 49]
87: [40, 41, 25]
88: [40, 41, 32]
89: [40, 41, 33]
90: [40, 41, 34]
91: [40, 35, 41]
92: [40, 36, 41]
93: [40, 37, 41]
94: []
95: [49, 70, 57]
96: [97, 90, 96]
97: [109, 121]
98: [121]
99: [97, 80]
100: [57]
101: [41, 25]
102: [41, 32]
103: [41, 33]
104: [41, 34]
105: [41, 35]
106: [41, 36]
107: [41, 37]
108: [32, 33, 34, 35, 36, 37, 41, 25]
109: [70, 57]
110: [97, 90]
111: [121]
112: [121]
113: [80]
114: [57]
115: [25]
116: [32]
117: [33]
118: [34]
119: [35]
120: [36]
121: [37]
122: [32, 33, 34, 35, 36, 37, 25]
123: [70, 57]
124: [90]
125: [121]
126: [121]
127: [80]
128: [57]
129: [25]
130: [32]
131: [33]
132: [34]
133: [35]
134: [36]
135: [37]
136: [32, 33, 34, 35, 36, 37, 25]
137: [70, 57]
138: [90]
139: [121]
140: [121]
141: [80]
142: [57]
143: [25]
144: [32, 25]
145: [32, 33, 25]
146: [32, 33, 34, 25]
147: [32, 33, 34, 35, 25]
148: [32, 33, 34, 35, 36, 25]
149: [32, 33, 34, 35, 36, 37, 25]
150: [32, 33, 34, 35, 36, 37, 25]
151: [70, 57]
152: [90]
153: [121]
154: [121]
155: [80]
156: [57]
157: [57]
158: [57]
159: [57]
160: [57]
161: [57]
162: [57]
163: [69, 57]
164: [70, 69, 57]
165: [70, 57]
166: [90]
167: [121]
168: [121]
169: [80]
170: [80]
171: [80]
172: [80]
173: [80]
174: [80]
175: [80]
176: [80]
177: [80]
178: [80, 90]
179: [90]
180: [90]
181: [121]
182: [121]
183: [121]
184: [121]
185: [121]
186: [121]
187: [121]
188: [121]
189: [121]
190: [121]
191: [137, 121]
192: [138, 137, 121]
193: [138, 121]
194: [121]
195: [121]
95
0: [109]
1: [109]
2: [109]
3: [109]
4: [109]
5: [109]
6: [109]
7: [109]
8: [109]
9: [109]
10: [138, 109]
11: [138, 109, 139]
12: [109, 139]
13: [109]
14: [109]
15: [81]
16: [81]
17: [81]
18: [81]
19: [81]
20: [81]
21: [81]
22: [81]
23: [81]
24: [81]
25: [91, 81]
26: [91]
27: [109]
28: [109]
29: [81]
30: [49, 50, 51, 52, 53, 45]
31: [49, 50, 51, 52, 53, 45]
32: [49, 50, 51, 52, 53, 45]
33: [49, 50, 51, 52, 53, 45]
34: [49, 50, 51, 52, 53, 45]
35: [49, 50, 51, 52, 53, 45]
36: [49, 50, 51, 52, 53, 45]
37: [49, 50, 51, 52, 53, 45]
38: [70, 49, 50, 51, 52, 53, 45]
39: [70, 49, 50, 51, 52, 53, 45]
40: [91]
41: [109]
42: [109]
43: [81]
44: [54, 49, 50, 51, 52, 53, 45]
45: [54]
46: [54]
47: [54]
48: [54]
49: [54]
50: [54]
51: [54]
52: [54, 70]
53: [70, 49, 50, 51, 52, 53, 54, 45]
54: [91]
55: [109]
56: [109]
57: [81]
58: [55, 54, 49, 50, 51, 52, 53, 45]
59: [55]
60: [55]
61: [55]
62: [55]
63: [55]
64: [55]
65: [55]
66: [55, 70]
67: [70, 49, 50, 51, 52, 53, 54, 55, 45]
68: [91]
69: [109]
70: [109]
71: [96, 81]
72: [56, 55, 54, 49, 50, 51, 52, 53, 45]
73: [56]
74: [56]
75: [56]
76: [56]
77: [56]
78: [56]
79: [56]
80: [56, 70]
81: [70, 49, 50, 51, 52, 53, 54, 55, 56, 45]
82: [91, 96]
83: [109]
84: [121, 109]
85: [96, 97, 81]
86: [57, 56, 55, 54, 49, 50, 51, 52, 53, 45]
87: [57, 49]
88: [57, 49]
89: [57, 49]
90: [57, 49]
91: [57, 49]
92: [57, 49]
93: [57, 49]
94: [57, 70, 49]
95: []
96: [97, 91, 96]
97: [109, 121]
98: [121]
99: [97, 81]
100: [57, 56, 55, 54, 45, 50, 51, 52, 53]
101: [50]
102: [50]
103: [50]
104: [50]
105: [50]
106: [50]
107: [50]
108: [70, 50]
109: [45, 70, 57, 50, 56, 51, 52, 55, 53, 54]
110: [97, 91]
111: [121]
112: [121]
113: [81]
114: [57, 56, 55, 45, 54, 51, 52, 53]
115: [51]
116: [51]
117: [51]
118: [51]
119: [51]
120: [51]
121: [51]
122: [70, 51]
123: [45, 70, 57, 56, 51, 52, 55, 53, 54]
124: [91]
125: [121]
126: [121]
127: [81]
128: [57, 56, 45, 55, 54, 52, 53]
129: [52]
130: [52]
131: [52]
132: [52]
133: [52]
134: [52]
135: [52]
136: [70, 52]
137: [45, 70, 57, 56, 52, 55, 53, 54]
138: [91]
139: [121]
140: [121]
141: [81]
142: [57, 56, 45, 55, 54, 53]
143: [53]
144: [53]
145: [53]
146: [53]
147: [53]
148: [53]
149: [53]
150: [70, 53]
151: [45, 70, 57, 56, 55, 53, 54]
152: [91]
153: [121]
154: [121]
155: [81]
156: [57, 45, 56, 55, 54]
157: [45, 57, 56, 55, 54]
158: [45, 57, 56, 55, 54]
159: [45, 57, 56, 55, 54]
160: [45, 57, 56, 55, 54]
161: [45, 57, 56, 55, 54]
162: [45, 57, 56, 55, 54]
163: [45, 57, 56, 55, 54]
164: [45, 70, 57, 56, 55, 54]
165: [45, 70, 57, 56, 55, 54]
166: [91]
167: [121]
168: [121]
169: [81]
170: [81]
171: [81]
172: [81]
173: [81]
174: [81]
175: [81]
176: [81]
177: [81]
178: [81]
179: [81, 91]
180: [91]
181: [121]
182: [121]
183: [121]
184: [121]
185: [121]
186: [121]
187: [121]
188: [121]
189: [121]
190: [121]
191: [121]
192: [138, 121]
193: [139, 138, 121]
194: [139, 121]
195: [121]
96
0: [109]
1: [109]
2: [109]
3: [109]
4: [109]
5: [109]
6: [109]
7: [109]
8: [109]
9: [109]
10: [109]
11: [139, 109]
12: [139, 109, 140]
13: [109, 140]
14: [109]
15: [71]
16: [71, 82]
17: [71, 83, 82]
18: [71, 84, 83, 82]
19: [71, 85, 84, 83, 82]
20: [71, 86, 85, 84, 83, 82]
21: [71, 87, 86, 85, 84, 83, 82]
22: [71, 88, 87, 86, 85, 84, 83, 82]
23: [71, 89, 88, 87, 86, 85, 84, 83, 82]
24: [71, 90, 89, 88, 87, 86, 85, 84, 83, 82]
25: [71, 91, 90, 89, 88, 87, 86, 85, 84, 83, 82]
26: [71, 91, 90, 89, 88, 87, 86, 85, 84, 83, 82]
27: [109, 140]
28: [109]
29: [71]
30: [82]
31: [83]
32: [84]
33: [85]
34: [86]
35: [87]
36: [88]
37: [89]
38: [90]
39: [91]
40: [71, 91, 90, 89, 88, 87, 86, 85, 84, 83, 82]
41: [109, 140]
42: [109]
43: [71]
44: [82]
45: [83]
46: [84]
47: [85]
48: [86]
49: [87]
50: [88]
51: [89]
52: [90]
53: [91]
54: [71, 91, 90, 89, 88, 87, 86, 85, 84, 83, 82]
55: [109, 140]
56: [109]
57: [71]
58: [82]
59: [83]
60: [84]
61: [85]
62: [86]
63: [87]
64: [88]
65: [89]
66: [90]
67: [91]
68: [71, 91, 90, 89, 88, 87, 86, 85, 84, 83, 82]
69: [109, 140]
70: [109]
71: [96, 71]
72: [96, 82]
73: [96, 83]
74: [96, 84]
75: [96, 85]
76: [96, 86]
77: [96, 87]
78: [88, 96]
79: [89, 96]
80: [90, 96]
81: [91, 96]
82: [71, 96, 91, 90, 89, 88, 87, 86, 85, 84, 83, 82]
83: [109, 140]
84: [121, 109]
85: [96, 97, 71]
86: [96, 97, 82]
87: [96, 97, 83]
88: [96, 97, 84]
89: [96, 97, 85]
90: [96, 97, 86]
91: [96, 87, 97]
92: [96, 88, 97]
93: [96, 89, 97]
94: [96, 90, 97]
95: [96, 91, 97]
96: []
97: [109, 140, 121]
98: [121]
99: [97, 71]
100: [97, 82]
101: [97, 83]
102: [97, 84]
103: [97, 85]
104: [97, 86]
105: [97, 87]
106: [97, 88]
107: [97, 89]
108: [97, 90]
109: [97, 91]
110: [97, 82, 83, 84, 85, 86, 87, 88, 89, 90, 91, 71]
111: [140, 121]
112: [121]
113: [71]
114: [82]
115: [83]
116: [84]
117: [85]
118: [86]
119: [87]
120: [88]
121: [89]
122: [90]
123: [91]
124: [82, 83, 84, 85, 86, 87, 88, 89, 90, 91, 71]
125: [140, 121]
126: [121]
127: [71]
128: [82]
129: [83]
130: [84]
131: [85]
132: [86]
133: [87]
134: [88]
135: [89]
136: [90]
137: [91]
138: [82, 83, 84, 85, 86, 87, 88, 89, 90, 91, 71]
139: [140, 121]
140: [121]
141: [71]
142: [82]
143: [83]
144: [84]
145: [85]
146: [86]
147: [87]
148: [88]
149: [89]
150: [90]
151: [91]
152: [82, 83, 84, 85, 86, 87, 88, 89, 90, 91, 71]
153: [140, 121]
154: [121]
155: [71]
156: [82]
157: [83]
158: [84]
159: [85]
160: [86]
161: [87]
162: [88]
163: [89]
164: [90]
165: [91]
166: [82, 83, 84, 85, 86, 87, 88, 89, 90, 91, 71]
167: [140, 121]
168: [121]
169: [71]
170: [82, 71]
171: [82, 83, 71]
172: [82, 83, 84, 71]
173: [82, 83, 84, 85, 71]
174: [82, 83, 84, 85, 86, 71]
175: [82, 83, 84, 85, 86, 87, 71]
176: [82, 83, 84, 85, 86, 87, 88, 71]
177: [82, 83, 84, 85, 86, 87, 88, 89, 71]
178: [82, 83, 84, 85, 86, 87, 88, 89, 90, 71]
179: [82, 83, 84, 85, 86, 87, 88, 89, 90, 91, 71]
180: [82, 83, 84, 85, 86, 87, 88, 89, 90, 91, 71]
181: [140, 121]
182: [121]
183: [121]
184: [121]
185: [121]
186: [121]
187: [121]
188: [121]
189: [121]
190: [121]
191: [121]
192: [121]
193: [139, 121]
194: [140, 139, 121]
195: [140, 121]
97
0: [109, 110, 111, 112, 113, 114, 115, 103]
1: [109, 110, 111, 112, 113, 114, 115, 103]
2: [109, 110, 111, 112, 113, 114, 115, 103]
3: [109, 110, 111, 112, 113, 114, 115, 103]
4: [109, 110, 111, 112, 113, 114, 115, 103]
5: [109, 110, 111, 112, 113, 114, 115, 103]
6: [109, 110, 111, 112, 113, 114, 115, 103]
7: [109, 110, 111, 112, 113, 114, 115, 103]
8: [109, 110, 111, 112, 113, 114, 115, 103]
9: [109, 110, 111, 112, 113, 114, 115, 103]
10: [109, 110, 111, 112, 113, 114, 115, 103]
11: [109, 110, 111, 112, 113, 114, 115, 103]
12: [140, 109, 110, 111, 112, 113, 114, 115, 103]
13: [140, 109, 110, 111, 112, 113, 114, 115, 103]
14: [116, 109, 110, 111, 112, 113, 114, 115, 103]
15: [116]
16: [116]
17: [116]
18: [116]
19: [116]
20: [116]
21: [116]
22: [116]
23: [116]
24: [116]
25: [116]
26: [116, 140]
27: [140, 109, 110, 111, 112, 113, 114, 115, 116, 103]
28: [117, 116, 109, 110, 111, 112, 113, 114, 115, 103]
29: [117]
30: [117]
31: [117]
32: [117]
33: [117]
34: [117]
35: [117]
36: [117]
37: [117]
38: [117]
39: [117]
40: [117, 140]
41: [140, 109, 110, 111, 112, 113, 114, 115, 116, 117, 103]
42: [118, 117, 116, 109, 110, 111, 112, 113, 114, 115, 103]
43: [118]
44: [118]
45: [118]
46: [118]
47: [118]
48: [118]
49: [118]
50: [118]
51: [118]
52: [118]
53: [118]
54: [118, 140]
55: [140, 109, 110, 111, 112, 113, 114, 115, 116, 117, 118, 103]
56: [119, 118, 117, 116, 109, 110, 111, 112, 113, 114, 115, 103]
57: [119]
58: [119]
59: [119]
60: [119]
61: [119]
62: [119]
63: [119]
64: [119]
65: [119]
66: [119]
67: [119]
68: [119, 140]
69: [140, 109, 110, 111, 112, 113, 114, 115, 116, 117, 118, 119, 103]
70: [120, 119, 118, 117, 116, 109, 110, 111, 112, 113, 114, 115, 103]
71: [120]
72: [120]
73: [120]
74: [120]
75: [120]
76: [120]
77: [120]
78: [120]
79: [120]
80: [120]
81: [120]
82: [120, 140]
83: [140, 109, 110, 111, 112, 113, 114, 115, 116, 117, 118, 119, 120, 103]
84: [121, 120, 119, 118, 117, 116, 109, 110, 111, 112, 113, 114, 115, 103]
85: [121, 109]
86: [121, 109]
87: [121, 109]
88: [121, 109]
89: [121, 109]
90: [121, 109]
91: [121, 109]
92: [121, 109]
93: [121, 109]
94: [121, 109]
95: [121, 109]
96: [121, 140, 109]
97: []
98: [121, 120, 119, 118, 117, 116, 103, 110, 111, 112, 113, 114, 115]
99: [110]
100: [110]
101: [110]
102: [110]
103: [110]
104: [110]
105: [110]
106: [110]
107: [110]
108: [110]
109: [110]
110: [140, 110]
111: [103, 140, 121, 110, 120, 111, 112, 119, 113, 118, 114, 117, 115, 116]
112: [121, 120, 119, 118, 117, 116, 103, 111, 112, 113, 114, 115]
113: [111]
114: [111]
115: [111]
116: [111]
117: [111]
118: [111]
119: [111]
120: [111]
121: [111]
122: [111]
123: [111]
124: [140, 111]
125: [103, 140, 121, 120, 111, 112, 119, 113, 118, 114, 117, 115, 116]
126: [121, 120, 119, 118, 117, 103, 116, 112, 113, 114, 115]
127: [112]
128: [112]
129: [112]
130: [112]
131: [112]
132: [112]
133: [112]
134: [112]
135: [112]
136: [112]
137: [112]
138: [140, 112]
139: [103, 140, 121, 120, 112, 119, 113, 118, 114, 117, 115, 116]
140: [121, 120, 119, 118, 103, 117, 116, 113, 114, 115]
141: [113]
142: [113]
143: [113]
144: [113]
145: [113]
146: [113]
147: [113]
148: [113]
149: [113]
150: [113]
151: [113]
152: [140, 113]
153: [103, 140, 121, 120, 119, 113, 118, 114, 117, 115, 116]
154: [121, 120, 119, 103, 118, 117, 116, 114, 115]
155: [114]
156: [114]
157: [114]
158: [114]
159: [114]
160: [114]
161: [114]
162: [114]
163: [114]
164: [114]
165: [114]
166: [140, 114]
167: [103, 140, 121, 120, 119, 118, 114, 117, 115, 116]
168: [121, 120, 103, 119, 118, 117, 116, 115]
169: [115]
170: [115]
171: [115]
172: [115]
173: [115]
174: [115]
175: [115]
176: [115]
177: [115]
178: [115]
179: [115]
180: [140, 115]
181: [103, 140, 121, 120, 119, 118, 117, 115, 116]
182: [121, 103, 120, 119, 118, 117, 116]
183: [103, 121, 120, 119, 118, 117, 116]
184: [103, 121, 120, 119, 118, 117, 116]
185: [103, 121, 120, 119, 118, 117, 116]
186: [103, 121, 120, 119, 118, 117, 116]
187: [103, 121, 120, 119, 118, 117, 116]
188: [103, 121, 120, 119, 118, 117, 116]
189: [103, 121, 120, 119, 118, 117, 116]
190: [103, 121, 120, 119, 118, 117, 116]
191: [103, 121, 120, 119, 118, 117, 116]
192: [103, 121, 120, 119, 118, 117, 116]
193: [103, 121, 120, 119, 118, 117, 116]
194: [103, 140, 121, 120, 119, 118, 117, 116]
195: [103, 140, 121, 120, 119, 118, 117, 116]
98
0: [103, 128, 110, 111, 112, 113, 114, 115]
1: [103, 128, 110, 111, 112, 113, 114, 115]
2: [103, 110, 111, 112, 113, 114, 115]
3: [103, 110, 111, 112, 113, 114, 115]
4: [103, 110, 111, 112, 113, 114, 115]
5: [103, 110, 111, 112, 113, 114, 115]
6: [103, 110, 111, 112, 113, 114, 115]
7: [103, 110, 111, 112, 113, 114, 115]
8: [103, 110, 111, 112, 113, 114, 115]
9: [103, 110, 111, 112, 113, 114, 115]
10: [103, 110, 111, 112, 113, 114, 115]
11: [103, 110, 111, 112, 113, 114, 115]
12: [103, 110, 111, 112, 113, 114, 115]
13: [110, 103, 111, 112, 113, 114, 115]
14: [103, 128, 110, 111, 112, 113, 114, 115, 116]
15: [128, 116]
16: [116]
17: [116]
18: [116]
19: [116]
20: [116]
21: [116]
22: [116]
23: [116]
24: [116]
25: [116]
26: [116]
27: [110, 111, 103, 112, 113, 114, 115, 116]
28: [103, 128, 110, 111, 112, 113, 114, 117, 115, 116]
29: [128, 117]
30: [117]
31: [117]
32: [117]
33: [117]
34: [117]
35: [117]
36: [117]
37: [117]
38: [117]
39: [117]
40: [117]
41: [110, 111, 112, 103, 113, 114, 115, 116, 117]
42: [103, 128, 110, 111, 112, 113, 118, 114, 117, 115, 116]
43: [128, 118]
44: [118]
45: [118]
46: [118]
47: [118]
48: [118]
49: [118]
50: [118]
51: [118]
52: [118]
53: [118]
54: [118]
55: [110, 111, 112, 113, 103, 114, 115, 116, 117, 118]
56: [103, 128, 110, 111, 112, 119, 113, 118, 114, 117, 115, 116]
57: [128, 119]
58: [119]
59: [119]
60: [119]
61: [119]
62: [119]
63: [119]
64: [119]
65: [119]
66: [119]
67: [119]
68: [119]
69: [110, 111, 112, 113, 114, 103, 115, 116, 117, 118, 119]
70: [103, 128, 110, 120, 111, 112, 119, 113, 118, 114, 117, 115, 116]
71: [128, 120]
72: [120]
73: [120]
74: [120]
75: [120]
76: [120]
77: [120]
78: [120]
79: [120]
80: [120]
81: [120]
82: [120]
83: [110, 111, 112, 113, 114, 115, 103, 116, 117, 118, 119, 120]
84: [103, 128, 121, 110, 120, 111, 112, 119, 113, 118, 114, 117, 115, 116]
85: [128, 121]
86: [121]
87: [121]
88: [121]
89: [121]
90: [121]
91: [121]
92: [121]
93: [121]
94: [121]
95: [121]
96: [121]
97: [110, 111, 112, 113, 114, 115, 103, 116, 117, 118, 119, 120, 121]
98: []
99: [110, 128, 122]
100: [110, 122]
101: [110, 122]
102: [110, 122]
103: [110, 122]
104: [110, 122]
105: [110, 122]
106: [110, 122]
107: [110, 122]
108: [110, 122]
109: [110, 122]
110: [110, 122]
111: [110, 111, 112, 113, 114, 115, 116, 117, 118, 119, 120, 121, 122, 103]
112: [128, 111, 112, 113, 114, 115, 116, 117, 118, 119, 120, 121, 122, 103]
113: [111, 128]
114: [111]
115: [111]
116: [111]
117: [111]
118: [111]
119: [111]
120: [111]
121: [111]
122: [111]
123: [111]
124: [111]
125: [111, 112, 113, 114, 115, 116, 117, 118, 119, 120, 121, 122, 103]
126: [128, 112, 113, 114, 115, 116, 117, 118, 119, 120, 121, 122, 103]
127: [112, 128]
128: [112]
129: [112]
130: [112]
131: [112]
132: [112]
133: [112]
134: [112]
135: [112]
136: [112]
137: [112]
138: [112]
139: [112, 113, 114, 115, 116, 117, 118, 119, 120, 121, 122, 103]
140: [128, 113, 114, 115, 116, 117, 118, 119, 120, 121, 122, 103]
141: [113, 128]
142: [113]
143: [113]
144: [113]
145: [113]
146: [113]
147: [113]
148: [113]
149: [113]
150: [113]
151: [113]
152: [113]
153: [113, 114, 115, 116, 117, 118, 119, 120, 121, 122, 103]
154: [128, 114, 115, 116, 117, 118, 119, 120, 121, 122, 103]
155: [114, 128]
156: [114]
157: [114]
158: [114]
159: [114]
160: [114]
161: [114]
162: [114]
163: [114]
164: [114]
165: [114]
166: [114]
167: [114, 115, 116, 117, 118, 119, 120, 121, 122, 103]
168: [128, 115, 116, 117, 118, 119, 120, 121, 122, 103]
169: [115, 128]
170: [115]
171: [115]
172: [115]
173: [115]
174: [115]
175: [115]
176: [115]
177: [115]
178: [115]
179: [115]
180: [115]
181: [115, 116, 117, 118, 119, 120, 121, 122, 103]
182: [128, 116, 117, 118, 119, 120, 121, 122, 103]
183: [128, 116, 117, 118, 119, 120, 121, 122, 103]
184: [116, 117, 118, 119, 120, 121, 122, 103]
185: [116, 117, 118, 119, 120, 121, 122, 103]
186: [116, 117, 118, 119, 120, 121, 122, 103]
187: [116, 117, 118, 119, 120, 121, 122, 103]
188: [116, 117, 118, 119, 120, 121, 122, 103]
189: [116, 117, 118, 119, 120, 121, 122, 103]
190: [116, 117, 118, 119, 120, 121, 122, 103]
191: [116, 117, 118, 119, 120, 121, 122, 103]
192: [116, 117, 118, 119, 120, 121, 122, 103]
193: [116, 117, 118, 119, 120, 121, 122, 103]
194: [116, 117, 118, 119, 120, 121, 122, 103]
195: [116, 117, 118, 119, 120, 121, 122, 103]
99
0: [128, 110]
1: [128, 129, 110]
2: [129, 110]
3: [110]
4: [110]
5: [110]
6: [110]
7: [110]
8: [110]
9: [110]
10: [110]
11: [110]
12: [110]
13: [110]
14: [128, 110]
15: [72, 73, 74, 75, 76, 77, 78, 79, 80, 81, 71]
16: [72, 73, 74, 75, 76, 77, 78, 79, 80, 81, 71]
17: [73, 74, 75, 76, 77, 78, 79, 80, 81, 71]
18: [74, 75, 76, 77, 78, 79, 80, 81, 71]
19: [75, 76, 77, 78, 79, 80, 81, 71]
20: [76, 77, 78, 79, 80, 81, 71]
21: [77, 78, 79, 80, 81, 71]
22: [80, 81, 78, 79, 71]
23: [80, 81, 79, 71]
24: [80, 81, 71]
25: [81, 71]
26: [71]
27: [110]
28: [128, 110]
29: [72, 73, 74, 75, 76, 77, 78, 79, 80, 81, 71]
30: [72]
31: [73]
32: [74]
33: [75]
34: [76]
35: [77]
36: [78]
37: [79]
38: [80]
39: [81]
40: [71]
41: [110]
42: [128, 110]
43: [72, 73, 74, 75, 76, 77, 78, 79, 80, 81, 71]
44: [72]
45: [73]
46: [74]
47: [75]
48: [76]
49: [77]
50: [78]
51: [79]
52: [80]
53: [81]
54: [71]
55: [110]
56: [128, 110]
57: [72, 73, 74, 75, 76, 77, 78, 79, 80, 81, 71]
58: [72]
59: [73]
60: [74]
61: [75]
62: [76]
63: [77]
64: [78]
65: [79]
66: [80]
67: [81]
68: [71]
69: [110]
70: [128, 110]
71: [72, 73, 74, 75, 76, 77, 78, 79, 80, 81, 71]
72: [72]
73: [73]
74: [74]
75: [75]
76: [76]
77: [77]
78: [78]
79: [79]
80: [80]
81: [81]
82: [71]
83: [110]
84: [128, 110]
85: [97, 72, 73, 74, 75, 76, 77, 78, 79, 80, 81, 71]
86: [97, 72]
87: [97, 73]
88: [97, 74]
89: [97, 75]
90: [97, 76]
91: [97, 77]
92: [97, 78]
93: [97, 79]
94: [97, 80]
95: [97, 81]
96: [97, 71]
97: [110]
98: [122, 128, 110]
99: []
100: [98, 72, 97]
101: [98, 73, 97]
102: [98, 74, 97]
103: [98, 75, 97]
104: [98, 76, 97]
105: [98, 97, 77]
106: [98, 97, 78]
107: [98, 97, 79]
108: [98, 97, 80]
109: [98, 97, 81]
110: [98, 97, 71]
111: [110, 122]
112: [122, 128]
113: [71, 72, 98, 73, 74, 75, 76, 77, 78, 79, 80, 81]
114: [72, 98]
115: [73, 98]
116: [74, 98]
117: [75, 98]
118: [98, 76]
119: [98, 77]
120: [98, 78]
121: [98, 79]
122: [98, 80]
123: [98, 81]
124: [98, 71]
125: [122]
126: [122, 128]
127: [71, 72, 73, 74, 75, 76, 77, 78, 79, 80, 81]
128: [72]
129: [73]
130: [74]
131: [75]
132: [76]
133: [77]
134: [78]
135: [79]
136: [80]
137: [81]
138: [71]
139: [122]
140: [122, 128]
141: [71, 72, 73, 74, 75, 76, 77, 78, 79, 80, 81]
142: [72]
143: [73]
144: [74]
145: [75]
146: [76]
147: [77]
148: [78]
149: [79]
150: [80]
151: [81]
152: [71]
153: [122]
154: [122, 128]
155: [71, 72, 73, 74, 75, 76, 77, 78, 79, 80, 81]
156: [72]
157: [73]
158: [74]
159: [75]
160: [76]
161: [77]
162: [78]
163: [79]
164: [80]
165: [81]
166: [71]
167: [122]
168: [122, 128]
169: [71, 72, 73, 74, 75, 76, 77, 78, 79, 80, 81]
170: [71, 72, 73, 74, 75, 76, 77, 78, 79, 80, 81]
171: [71, 73, 74, 75, 76, 77, 78, 79, 80, 81]
172: [71, 74, 75, 76, 77, 78, 79, 80, 81]
173: [71, 75, 76, 77, 78, 79, 80, 81]
174: [71, 76, 77, 78, 79, 80, 81]
175: [71, 77, 78, 79, 80, 81]
176: [71, 78, 79, 80, 81]
177: [71, 79, 80, 81]
178: [71, 80, 81]
179: [71, 81]
180: [71]
181: [122]
182: [122, 128]
183: [129, 122, 128]
184: [129, 122]
185: [122]
186: [122]
187: [122]
188: [122]
189: [122]
190: [122]
191: [122]
192: [122]
193: [122]
194: [122]
195: [122]
100
0: [110]
1: [129, 110]
2: [129, 130, 110]
3: [130, 110]
4: [110]
5: [110]
6: [110]
7: [110]
8: [110]
9: [110]
10: [110]
11: [110]
12: [110]
13: [110]
14: [110]
15: [72]
16: [82, 72]
17: [82]
18: [82]
19: [82]
20: [82]
21: [82]
22: [82]
23: [82]
24: [82]
25: [82]
26: [82]
27: [110]
28: [110]
29: [72]
30: [45, 62, 50, 51, 52, 53]
31: [45, 62, 50, 51, 52, 53]
32: [45, 50, 51, 52, 53]
33: [45, 50, 51, 52, 53]
34: [45, 50, 51, 52, 53]
35: [45, 50, 51, 52, 53]
36: [45, 50, 51, 52, 53]
37: [45, 50, 51, 52, 53]
38: [45, 50, 51, 52, 53]
39: [50, 45, 51, 52, 53]
40: [82]
41: [110]
42: [110]
43: [72]
44: [45, 62, 50, 51, 52, 53, 54]
45: [62, 54]
46: [54]
47: [54]
48: [54]
49: [54]
50: [54]
51: [54]
52: [54]
53: [50, 51, 45, 52, 53, 54]
54: [82]
55: [110]
56: [110]
57: [72]
58: [45, 62, 50, 51, 52, 55, 53, 54]
59: [62, 55]
60: [55]
61: [55]
62: [55]
63: [55]
64: [55]
65: [55]
66: [55]
67: [50, 51, 52, 45, 53, 54, 55]
68: [82]
69: [110]
70: [110]
71: [72]
72: [45, 62, 50, 56, 51, 52, 55, 53, 54]
73: [62, 56]
74: [56]
75: [56]
76: [56]
77: [56]
78: [56]
79: [56]
80: [56]
81: [50, 51, 52, 53, 45, 56, 54, 55]
82: [82]
83: [110]
84: [110]
85: [97, 72]
86: [45, 62, 57, 50, 56, 51, 52, 55, 53, 54]
87: [62, 57]
88: [57]
89: [57]
90: [57]
91: [57]
92: [57]
93: [57]
94: [57]
95: [50, 51, 52, 53, 45, 54, 55, 56, 57]
96: [97, 82]
97: [110]
98: [122, 110]
99: [97, 72, 98]
100: []
101: [50, 62, 58]
102: [50, 58]
103: [50, 58]
104: [50, 58]
105: [50, 58]
106: [50, 58]
107: [50, 58]
108: [50, 58]
109: [50, 51, 52, 53, 54, 55, 56, 57, 58, 45]
110: [98, 97, 82]
111: [110, 122]
112: [122]
113: [72, 98]
114: [51, 52, 53, 54, 55, 56, 57, 58, 62, 45]
115: [51, 62]
116: [51]
117: [51]
118: [51]
119: [51]
120: [51]
121: [51]
122: [51]
123: [51, 52, 53, 54, 55, 56, 57, 58, 45]
124: [98, 82]
125: [122]
126: [122]
127: [72]
128: [52, 53, 54, 55, 56, 57, 58, 62, 45]
129: [52, 62]
130: [52]
131: [52]
132: [52]
133: [52]
134: [52]
135: [52]
136: [52]
137: [52, 53, 54, 55, 56, 57, 58, 45]
138: [82]
139: [122]
140: [122]
141: [72]
142: [53, 54, 55, 56, 57, 58, 62, 45]
143: [53, 62]
144: [53]
145: [53]
146: [53]
147: [53]
148: [53]
149: [53]
150: [53]
151: [53, 54, 55, 56, 57, 58, 45]
152: [82]
153: [122]
154: [122]
155: [72]
156: [54, 55, 56, 57, 58, 62, 45]
157: [54, 55, 56, 57, 58, 62, 45]
158: [54, 55, 56, 57, 58, 45]
159: [54, 55, 56, 57, 58, 45]
160: [54, 55, 56, 57, 58, 45]
161: [54, 55, 56, 57, 58, 45]
162: [54, 55, 56, 57, 58, 45]
163: [54, 55, 56, 57, 58, 45]
164: [54, 55, 56, 57, 58, 45]
165: [54, 55, 56, 57, 58, 45]
166: [82]
167: [122]
168: [122]
169: [72]
170: [72, 82]
171: [82]
172: [82]
173: [82]
174: [82]
175: [82]
176: [82]
177: [82]
178: [82]
179: [82]
180: [82]
181: [122]
182: [122]
183: [122, 129]
184: [130, 122, 129]
185: [130, 122]
186: [122]
187: [122]
188: [122]
189: [122]
190: [122]
191: [122]
192: [122]
193: [122]
194: [122]
195: [122]
101
0: [110]
1: [110]
2: [130, 110]
3: [130, 131, 110]
4: [131, 110]
5: [110]
6: [110]
7: [110]
8: [110]
9: [110]
10: [110]
11: [110]
12: [110]
13: [110]
14: [110]
15: [73]
16: [73]
17: [83, 73]
18: [83]
19: [83]
20: [83]
21: [83]
22: [83]
23: [83]
24: [83]
25: [83]
26: [83]
27: [110]
28: [110]
29: [73]
30: [62, 50]
31: [62, 63, 50]
32: [63, 50]
33: [50]
34: [50]
35: [50]
36: [50]
37: [50]
38: [50]
39: [50]
40: [83]
41: [110]
42: [110]
43: [73]
44: [62, 50]
45: [26, 27, 28, 29, 30, 31, 25]
46: [26, 27, 28, 29, 30, 31, 25]
47: [27, 28, 29, 30, 31, 25]
48: [28, 29, 30, 31, 25]
49: [29, 30, 31, 25]
50: [30, 31, 25]
51: [31, 25]
52: [25]
53: [50]
54: [83]
55: [110]
56: [110]
57: [73]
58: [62, 50]
59: [26, 27, 28, 29, 30, 31, 25]
60: [26]
61: [27]
62: [28]
63: [29]
64: [30]
65: [31]
66: [25]
67: [50]
68: [83]
69: [110]
70: [110]
71: [73]
72: [62, 50]
73: [26, 27, 28, 29, 30, 31, 25]
74: [26]
75: [27]
76: [28]
77: [29]
78: [30]
79: [31]
80: [25]
81: [50]
82: [83]
83: [110]
84: [110]
85: [97, 73]
86: [62, 50]
87: [41, 26, 27, 28, 29, 30, 31, 25]
88: [41, 26]
89: [41, 27]
90: [41, 28]
91: [41, 29]
92: [41, 30]
93: [41, 31]
94: [41, 25]
95: [50]
96: [97, 83]
97: [110]
98: [122, 110]
99: [97, 73, 98]
100: [58, 62, 50]
101: []
102: [42, 26, 41]
103: [42, 27, 41]
104: [42, 28, 41]
105: [42, 41, 29]
106: [42, 41, 30]
107: [42, 41, 31]
108: [42, 41, 25]
109: [50, 58]
110: [98, 97, 83]
111: [110, 122]
112: [122]
113: [73, 98]
114: [58, 62]
115: [25, 26, 42, 27, 28, 29, 30, 31]
116: [26, 42]
117: [27, 42]
118: [42, 28]
119: [42, 29]
120: [42, 30]
121: [42, 31]
122: [42, 25]
123: [58]
124: [98, 83]
125: [122]
126: [122]
127: [73]
128: [58, 62]
129: [25, 26, 27, 28, 29, 30, 31]
130: [26]
131: [27]
132: [28]
133: [29]
134: [30]
135: [31]
136: [25]
137: [58]
138: [83]
139: [122]
140: [122]
141: [73]
142: [58, 62]
143: [25, 26, 27, 28, 29, 30, 31]
144: [25, 26, 27, 28, 29, 30, 31]
145: [25, 27, 28, 29, 30, 31]
146: [25, 28, 29, 30, 31]
147: [25, 29, 30, 31]
148: [25, 30, 31]
149: [25, 31]
150: [25]
151: [58]
152: [83]
153: [122]
154: [122]
155: [73]
156: [58, 62]
157: [63, 58, 62]
158: [63, 58]
159: [58]
160: [58]
161: [58]
162: [58]
163: [58]
164: [58]
165: [58]
166: [83]
167: [122]
168: [122]
169: [73]
170: [73]
171: [73, 83]
172: [83]
173: [83]
174: [83]
175: [83]
176: [83]
177: [83]
178: [83]
179: [83]
180: [83]
181: [122]
182: [122]
183: [122]
184: [122, 130]
185: [131, 122, 130]
186: [131, 122]
187: [122]
188: [122]
189: [122]
190: [122]
191: [122]
192: [122]
193: [122]
194: [122]
195: [122]
102
0: [110]
1: [110]
2: [110]
3: [131, 110]
4: [131, 132, 110]
5: [132, 110]
6: [110]
7: [110]
8: [110]
9: [110]
10: [110]
11: [110]
12: [110]
13: [110]
14: [110]
15: [74]
16: [74]
17: [74]
18: [84, 74]
19: [84]
20: [84]
21: [84]
22: [84]
23: [84]
24: [84]
25: [84]
26: [84]
27: [110]
28: [110]
29: [74]
30: [50]
31: [63, 50]
32: [63, 64, 50]
33: [64, 50]
34: [50]
35: [50]
36: [50]
37: [50]
38: [50]
39: [50]
40: [84]
41: [110]
42: [110]
43: [74]
44: [50]
45: [26]
46: [32, 26]
47: [32]
48: [32]
49: [32]
50: [32]
51: [32]
52: [32]
53: [50]
54: [84]
55: [110]
56: [110]
57: [74]
58: [50]
59: [26]
60: [11, 20, 14, 15]
61: [11, 20, 14, 15]
62: [11, 14, 15]
63: [11, 14, 15]
64: [11, 14, 15]
65: [11, 14, 15]
66: [32]
67: [50]
68: [84]
69: [110]
70: [110]
71: [74]
72: [50]
73: [26]
74: [11, 20, 14, 16, 15]
75: [20, 16]
76: [16]
77: [16]
78: [16]
79: [14, 11, 15, 16]
80: [32]
81: [50]
82: [84]
83: [110]
84: [110]
85: [97, 74]
86: [50]
87: [41, 26]
88: [11, 20, 17, 14, 16, 15]
89: [20, 17]
90: [17]
91: [17]
92: [17]
93: [14, 15, 16, 17, 11]
94: [41, 32]
95: [50]
96: [97, 84]
97: [110]
98: [122, 110]
99: [97, 74, 98]
100: [58, 50]
101: [41, 26, 42]
102: []
103: [14, 20, 18]
104: [14, 18]
105: [14, 18]
106: [14, 18]
107: [14, 15, 16, 17, 18, 11]
108: [42, 41, 32]
109: [50, 58]
110: [98, 97, 84]
111: [110, 122]
112: [122]
113: [74, 98]
114: [58]
115: [26, 42]
116: [15, 16, 17, 18, 20, 11]
117: [15, 20]
118: [15]
119: [15]
120: [15]
121: [15, 16, 17, 18, 11]
122: [42, 32]
123: [58]
124: [98, 84]
125: [122]
126: [122]
127: [74]
128: [58]
129: [26]
130: [16, 17, 18, 20, 11]
131: [16, 17, 18, 20, 11]
132: [16, 17, 18, 11]
133: [16, 17, 18, 11]
134: [16, 17, 18, 11]
135: [16, 17, 18, 11]
136: [32]
137: [58]
138: [84]
139: [122]
140: [122]
141: [74]
142: [58]
143: [26]
144: [26, 32]
145: [32]
146: [32]
147: [32]
148: [32]
149: [32]
150: [32]
151: [58]
152: [84]
153: [122]
154: [122]
155: [74]
156: [58]
157: [58, 63]
158: [64, 58, 63]
159: [64, 58]
160: [58]
161: [58]
162: [58]
163: [58]
164: [58]
165: [58]
166: [84]
167: [122]
168: [122]
169: [74]
170: [74]
171: [74]
172: [74, 84]
173: [84]
174: [84]
175: [84]
176: [84]
177: [84]
178: [84]
179: [84]
180: [84]
181: [122]
182: [122]
183: [122]
184: [122]
185: [122, 131]
186: [132, 122, 131]
187: [132, 122]
188: [122]
189: [122]
190: [122]
191: [122]
192: [122]
193: [122]
194: [122]
195: [122]
103
0: [110]
1: [110]
2: [110]
3: [110]
4: [132, 110]
5: [132, 133, 110]
6: [133, 110]
7: [110]
8: [110]
9: [110]
10: [110]
11: [110]
12: [110]
13: [110]
14: [110]
15: [75]
16: [75]
17: [75]
18: [75]
19: [85, 75]
20: [85]
21: [85]
22: [85]
23: [85]
24: [85]
25: [85]
26: [85]
27: [110]
28: [110]
29: [75]
30: [50]
31: [50]
32: [64, 50]
33: [64, 65, 50]
34: [65, 50]
35: [50]
36: [50]
37: [50]
38: [50]
39: [50]
40: [85]
41: [110]
42: [110]
43: [75]
44: [50]
45: [27]
46: [27]
47: [33, 27]
48: [33]
49: [33]
50: [33]
51: [33]
52: [33]
53: [50]
54: [85]
55: [110]
56: [110]
57: [75]
58: [50]
59: [27]
60: [20, 14]
61: [20, 21, 14]
62: [21, 14]
63: [14]
64: [14]
65: [14]
66: [33]
67: [50]
68: [85]
69: [110]
70: [110]
71: [75]
72: [50]
73: [27]
74: [20, 14]
75: [4, 5, 3]
76: [4, 5, 3]
77: [5, 3]
78: [3]
79: [14]
80: [33]
81: [50]
82: [85]
83: [110]
84: [110]
85: [97, 75]
86: [50]
87: [41, 27]
88: [20, 14]
89: [9, 4, 5, 3]
90: [9, 4]
91: [9, 5]
92: [9, 3]
93: [14]
94: [41, 33]
95: [50]
96: [97, 85]
97: [110]
98: [122, 110]
99: [97, 75, 98]
100: [58, 50]
101: [41, 27, 42]
102: [18, 20, 14]
103: []
104: [10, 4, 9]
105: [10, 9, 5]
106: [10, 9, 3]
107: [14, 18]
108: [42, 41, 33]
109: [50, 58]
110: [98, 97, 85]
111: [110, 122]
112: [122]
113: [75, 98]
114: [58]
115: [27, 42]
116: [18, 20]
117: [3, 10, 4, 5]
118: [3, 10, 4, 5]
119: [3, 10, 5]
120: [10, 3]
121: [18]
122: [42, 33]
123: [58]
124: [98, 85]
125: [122]
126: [122]
127: [75]
128: [58]
129: [27]
130: [18, 20]
131: [21, 18, 20]
132: [21, 18]
133: [18]
134: [18]
135: [18]
136: [33]
137: [58]
138: [85]
139: [122]
140: [122]
141: [75]
142: [58]
143: [27]
144: [27]
145: [27, 33]
146: [33]
147: [33]
148: [33]
149: [33]
150: [33]
151: [58]
152: [85]
153: [122]
154: [122]
155: [75]
156: [58]
157: [58]
158: [58, 64]
159: [65, 58, 64]
160: [65, 58]
161: [58]
162: [58]
163: [58]
164: [58]
165: [58]
166: [85]
167: [122]
168: [122]
169: [75]
170: [75]
171: [75]
172: [75]
173: [75, 85]
174: [85]
175: [85]
176: [85]
177: [85]
178: [85]
179: [85]
180: [85]
181: [122]
182: [122]
183: [122]
184: [122]
185: [122]
186: [122, 132]
187: [133, 122, 132]
188: [133, 122]
189: [122]
190: [122]
191: [122]
192: [122]
193: [122]
194: [122]
195: [122]
104
0: [110]
1: [110]
2: [110]
3: [110]
4: [110]
5: [133, 110]
6: [133, 134, 110]
7: [134, 110]
8: [110]
9: [110]
10: [110]
11: [110]
12: [110]
13: [110]
14: [110]
15: [76]
16: [76]
17: [76]
18: [76]
19: [76]
20: [86, 76]
21: [86]
22: [86]
23: [86]
24: [86]
25: [86]
26: [86]
27: [110]
28: [110]
29: [76]
30: [50]
31: [50]
32: [50]
33: [65, 50]
34: [65, 50, 66]
35: [50, 66]
36: [50]
37: [50]
38: [50]
39: [50]
40: [86]
41: [110]
42: [110]
43: [76]
44: [50]
45: [28]
46: [28]
47: [28]
48: [34, 28]
49: [34]
50: [34]
51: [34]
52: [34]
53: [50]
54: [86]
55: [110]
56: [110]
57: [76]
58: [50]
59: [28]
60: [14]
61: [21, 14]
62: [21, 14, 22]
63: [14, 22]
64: [14]
65: [14]
66: [34]
67: [50]
68: [86]
69: [110]
70: [110]
71: [76]
72: [50]
73: [28]
74: [14]
75: [4]
76: [6, 4]
77: [6]
78: [6]
79: [14]
80: [34]
81: [50]
82: [86]
83: [110]
84: [110]
85: [97, 76]
86: [50]
87: [41, 28]
88: [14]
89: [9, 4]
90: [1, 2]
91: [1, 2]
92: [9, 6]
93: [14]
94: [41, 34]
95: [50]
96: [97, 86]
97: [110]
98: [122, 110]
99: [97, 76, 98]
100: [58, 50]
101: [41, 28, 42]
102: [18, 14]
103: [9, 4, 10]
104: []
105: [2, 1]
106: [10, 9, 6]
107: [14, 18]
108: [42, 41, 34]
109: [50, 58]
110: [98, 97, 86]
111: [110, 122]
112: [122]
113: [76, 98]
114: [58]
115: [28, 42]
116: [18]
117: [4, 10]
118: [4, 10, 6]
119: [10, 6]
120: [10, 6]
121: [18]
122: [42, 34]
123: [58]
124: [98, 86]
125: [122]
126: [122]
127: [76]
128: [58]
129: [28]
130: [18]
131: [18, 21]
132: [22, 18, 21]
133: [22, 18]
134: [18]
135: [18]
136: [34]
137: [58]
138: [86]
139: [122]
140: [122]
141: [76]
142: [58]
143: [28]
144: [28]
145: [28]
146: [28, 34]
147: [34]
148: [34]
149: [34]
150: [34]
151: [58]
152: [86]
153: [122]
154: [122]
155: [76]
156: [58]
157: [58]
158: [58]
159: [58, 65]
160: [66, 58, 65]
161: [66, 58]
162: [58]
163: [58]
164: [58]
165: [58]
166: [86]
167: [122]
168: [122]
169: [76]
170: [76]
171: [76]
172: [76]
173: [76]
174: [76, 86]
175: [86]
176: [86]
177: [86]
178: [86]
179: [86]
180: [86]
181: [122]
182: [122]
183: [122]
184: [122]
185: [122]
186: [122]
187: [122, 133]
188: [134, 122, 133]
189: [134, 122]
190: [122]
191: [122]
192: [122]
193: [122]
194: [122]
195: [122]
105
0: [110]
1: [110]
2: [110]
3: [110]
4: [110]
5: [110]
6: [134, 110]
7: [134, 110, 135]
8: [110, 135]
9: [110]
10: [110]
11: [110]
12: [110]
13: [110]
14: [110]
15: [77]
16: [77]
17: [77]
18: [77]
19: [77]
20: [77]
21: [87, 77]
22: [87]
23: [87]
24: [87]
25: [87]
26: [87]
27: [110]
28: [110]
29: [77]
30: [50]
31: [50]
32: [50]
33: [50]
34: [66, 50]
35: [66, 50, 67]
36: [50, 67]
37: [50]
38: [50]
39: [50]
40: [87]
41: [110]
42: [110]
43: [77]
44: [50]
45: [29]
46: [29]
47: [29]
48: [29]
49: [35, 29]
50: [35]
51: [35]
52: [35]
53: [50]
54: [87]
55: [110]
56: [110]
57: [77]
58: [50]
59: [29]
60: [14]
61: [14]
62: [22, 14]
63: [22, 14, 23]
64: [14, 23]
65: [14]
66: [35]
67: [50]
68: [87]
69: [110]
70: [110]
71: [77]
72: [50]
73: [29]
74: [14]
75: [5]
76: [5]
77: [7, 5]
78: [7]
79: [14]
80: [35]
81: [50]
82: [87]
83: [110]
84: [110]
85: [97, 77]
86: [50]
87: [41, 29]
88: [14]
89: [9, 5]
90: [1, 2]
91: [2, 1]
92: [7, 9]
93: [14]
94: [35, 41]
95: [50]
96: [87, 97]
97: [110]
98: [122, 110]
99: [97, 77, 98]
100: [58, 50]
101: [41, 29, 42]
102: [18, 14]
103: [9, 5, 10]
104: [1, 2]
105: []
106: [10, 7, 9]
107: [14, 18]
108: [42, 35, 41]
109: [50, 58]
110: [98, 87, 97]
111: [110, 122]
112: [122]
113: [77, 98]
114: [58]
115: [29, 42]
116: [18]
117: [5, 10]
118: [5, 10]
119: [5, 10, 7]
120: [10, 7]
121: [18]
122: [42, 35]
123: [58]
124: [98, 87]
125: [122]
126: [122]
127: [77]
128: [58]
129: [29]
130: [18]
131: [18]
132: [18, 22]
133: [23, 18, 22]
134: [23, 18]
135: [18]
136: [35]
137: [58]
138: [87]
139: [122]
140: [122]
141: [77]
142: [58]
143: [29]
144: [29]
145: [29]
146: [29]
147: [29, 35]
148: [35]
149: [35]
150: [35]
151: [58]
152: [87]
153: [122]
154: [122]
155: [77]
156: [58]
157: [58]
158: [58]
159: [58]
160: [58, 66]
161: [67, 58, 66]
162: [67, 58]
163: [58]
164: [58]
165: [58]
166: [87]
167: [122]
168: [122]
169: [77]
170: [77]
171: [77]
172: [77]
173: [77]
174: [77]
175: [77, 87]
176: [87]
177: [87]
178: [87]
179: [87]
180: [87]
181: [122]
182: [122]
183: [122]
184: [122]
185: [122]
186: [122]
187: [122]
188: [122, 134]
189: [135, 122, 134]
190: [135, 122]
191: [122]
192: [122]
193: [122]
194: [122]
195: [122]
106
0: [110]
1: [110]
2: [110]
3: [110]
4: [110]
5: [110]
6: [110]
7: [135, 110]
8: [135, 110, 136]
9: [110, 136]
10: [110]
11: [110]
12: [110]
13: [110]
14: [110]
15: [78]
16: [78]
17: [78]
18: [78]
19: [78]
20: [78]
21: [78]
22: [88, 78]
23: [88]
24: [88]
25: [88]
26: [88]
27: [110]
28: [110]
29: [78]
30: [50]
31: [50]
32: [50]
33: [50]
34: [50]
35: [67, 50]
36: [67, 50, 68]
37: [50, 68]
38: [50]
39: [50]
40: [88]
41: [110]
42: [110]
43: [78]
44: [50]
45: [30]
46: [30]
47: [30]
48: [30]
49: [30]
50: [36, 30]
51: [36]
52: [36]
53: [50]
54: [88]
55: [110]
56: [110]
57: [78]
58: [50]
59: [30]
60: [14]
61: [14]
62: [14]
63: [23, 14]
64: [23, 14, 24]
65: [14, 24]
66: [36]
67: [50]
68: [88]
69: [110]
70: [110]
71: [78]
72: [50]
73: [30]
74: [14]
75: [3]
76: [3, 6]
77: [3, 7, 6]
78: [3, 7, 6]
79: [14, 24]
80: [36]
81: [50]
82: [88]
83: [110]
84: [110]
85: [97, 78]
86: [50]
87: [41, 30]
88: [14]
89: [9, 3]
90: [9, 6]
91: [7, 9]
92: [3, 9, 7, 6]
93: [14, 24]
94: [36, 41]
95: [50]
96: [88, 97]
97: [110]
98: [122, 110]
99: [97, 98, 78]
100: [58, 50]
101: [41, 42, 30]
102: [18, 14]
103: [9, 10, 3]
104: [9, 6, 10]
105: [9, 7, 10]
106: []
107: [14, 24, 18]
108: [42, 36, 41]
109: [50, 58]
110: [98, 88, 97]
111: [110, 122]
112: [122]
113: [98, 78]
114: [58]
115: [42, 30]
116: [18]
117: [10, 3]
118: [10, 6, 3]
119: [10, 6, 7, 3]
120: [10, 6, 7, 3]
121: [24, 18]
122: [42, 36]
123: [58]
124: [98, 88]
125: [122]
126: [122]
127: [78]
128: [58]
129: [30]
130: [18]
131: [18]
132: [18]
133: [18, 23]
134: [24, 18, 23]
135: [24, 18]
136: [36]
137: [58]
138: [88]
139: [122]
140: [122]
141: [78]
142: [58]
143: [30]
144: [30]
145: [30]
146: [30]
147: [30]
148: [30, 36]
149: [36]
150: [36]
151: [58]
152: [88]
153: [122]
154: [122]
155: [78]
156: [58]
157: [58]
158: [58]
159: [58]
160: [58]
161: [58, 67]
162: [68, 58, 67]
163: [68, 58]
164: [58]
165: [58]
166: [88]
167: [122]
168: [122]
169: [78]
170: [78]
171: [78]
172: [78]
173: [78]
174: [78]
175: [78]
176: [78, 88]
177: [88]
178: [88]
179: [88]
180: [88]
181: [122]
182: [122]
183: [122]
184: [122]
185: [122]
186: [122]
187: [122]
188: [122]
189: [122, 135]
190: [136, 122, 135]
191: [136, 122]
192: [122]
193: [122]
194: [122]
195: [122]
107
0: [110]
1: [110]
2: [110]
3: [110]
4: [110]
5: [110]
6: [110]
7: [110]
8: [136, 110]
9: [136, 110, 137]
10: [110, 137]
11: [110]
12: [110]
13: [110]
14: [110]
15: [79]
16: [79]
17: [79]
18: [79]
19: [79]
20: [79]
21: [79]
22: [79]
23: [89, 79]
24: [89]
25: [89]
26: [89]
27: [110]
28: [110]
29: [79]
30: [50]
31: [50]
32: [50]
33: [50]
34: [50]
35: [50]
36: [68, 50]
37: [68, 50, 69]
38: [50, 69]
39: [50]
40: [89]
41: [110]
42: [110]
43: [79]
44: [50]
45: [31]
46: [31]
47: [31]
48: [31]
49: [31]
50: [31]
51: [37, 31]
52: [37]
53: [50]
54: [89]
55: [110]
56: [110]
57: [79]
58: [50]
59: [31]
60: [14, 15, 11]
61: [14, 15, 11]
62: [14, 15, 11]
63: [14, 15, 11]
64: [24, 14, 15, 11]
65: [24, 14, 15, 11]
66: [37]
67: [50]
68: [89]
69: [110]
70: [110]
71: [79]
72: [50]
73: [31]
74: [16, 14, 15, 11]
75: [16]
76: [16]
77: [16]
78: [16, 24]
79: [16, 24, 14, 15, 11]
80: [37]
81: [50]
82: [89]
83: [110]
84: [110]
85: [97, 79]
86: [50]
87: [41, 31]
88: [17, 16, 11, 14, 15]
89: [17]
90: [17]
91: [17]
92: [17, 24]
93: [14, 15, 16, 17, 24, 11]
94: [37, 41]
95: [50]
96: [89, 97]
97: [110]
98: [122, 110]
99: [97, 98, 79]
100: [58, 50]
101: [41, 42, 31]
102: [18, 17, 16, 11, 14, 15]
103: [18, 14]
104: [18, 14]
105: [18, 14]
106: [18, 24, 14]
107: []
108: [42, 37, 41]
109: [50, 58]
110: [98, 89, 97]
111: [110, 122]
112: [122]
113: [98, 79]
114: [58]
115: [42, 31]
116: [18, 17, 11, 16, 15]
117: [15]
118: [15]
119: [15]
120: [24, 15]
121: [11, 24, 18, 17, 16, 15]
122: [42, 37]
123: [58]
124: [98, 89]
125: [122]
126: [122]
127: [79]
128: [58]
129: [31]
130: [18, 11, 17, 16]
131: [11, 18, 17, 16]
132: [11, 18, 17, 16]
133: [11, 18, 17, 16]
134: [11, 24, 18, 17, 16]
135: [11, 24, 18, 17, 16]
136: [37]
137: [58]
138: [89]
139: [122]
140: [122]
141: [79]
142: [58]
143: [31]
144: [31]
145: [31]
146: [31]
147: [31]
148: [31]
149: [31, 37]
150: [37]
151: [58]
152: [89]
153: [122]
154: [122]
155: [79]
156: [58]
157: [58]
158: [58]
159: [58]
160: [58]
161: [58]
162: [68, 58]
163: [69, 68, 58]
164: [69, 58]
165: [58]
166: [89]
167: [122]
168: [122]
169: [79]
170: [79]
171: [79]
172: [79]
173: [79]
174: [79]
175: [79]
176: [79]
177: [79, 89]
178: [89]
179: [89]
180: [89]
181: [122]
182: [122]
183: [122]
184: [122]
185: [122]
186: [122]
187: [122]
188: [122]
189: [122]
190: [136, 122]
191: [137, 136, 122]
192: [137, 122]
193: [122]
194: [122]
195: [122]
108
0: [110]
1: [110]
2: [110]
3: [110]
4: [110]
5: [110]
6: [110]
7: [110]
8: [110]
9: [137, 110]
10: [137, 110, 138]
11: [110, 138]
12: [110]
13: [110]
14: [110]
15: [80]
16: [80]
17: [80]
18: [80]
19: [80]
20: [80]
21: [80]
22: [80]
23: [80]
24: [90, 80]
25: [90]
26: [90]
27: [110]
28: [110]
29: [80]
30: [50]
31: [50]
32: [50]
33: [50]
34: [50]
35: [50]
36: [50]
37: [69, 50]
38: [69, 50, 70]
39: [50, 70]
40: [90]
41: [110]
42: [110]
43: [80]
44: [50]
45: [25]
46: [25, 32]
47: [25, 33, 32]
48: [25, 34, 33, 32]
49: [25, 35, 34, 33, 32]
50: [25, 36, 35, 34, 33, 32]
51: [25, 37, 36, 35, 34, 33, 32]
52: [25, 37, 36, 35, 34, 33, 32]
53: [50, 70]
54: [90]
55: [110]
56: [110]
57: [80]
58: [50]
59: [25]
60: [32]
61: [33]
62: [34]
63: [35]
64: [36]
65: [37]
66: [25, 37, 36, 35, 34, 33, 32]
67: [50, 70]
68: [90]
69: [110]
70: [110]
71: [80]
72: [50]
73: [25]
74: [32]
75: [33]
76: [34]
77: [35]
78: [36]
79: [37]
80: [25, 37, 36, 35, 34, 33, 32]
81: [50, 70]
82: [90]
83: [110]
84: [110]
85: [97, 80]
86: [50]
87: [41, 25]
88: [41, 32]
89: [41, 33]
90: [41, 34]
91: [35, 41]
92: [36, 41]
93: [37, 41]
94: [25, 41, 37, 36, 35, 34, 33, 32]
95: [50, 70]
96: [90, 97]
97: [110]
98: [122, 110]
99: [97, 98, 80]
100: [58, 50]
101: [41, 42, 25]
102: [41, 42, 32]
103: [41, 33, 42]
104: [41, 34, 42]
105: [41, 35, 42]
106: [41, 36, 42]
107: [41, 37, 42]
108: []
109: [50, 70, 58]
110: [98, 90, 97]
111: [110, 122]
112: [122]
113: [98, 80]
114: [58]
115: [42, 25]
116: [42, 32]
117: [42, 33]
118: [42, 34]
119: [42, 35]
120: [42, 36]
121: [42, 37]
122: [32, 33, 34, 35, 36, 37, 42, 25]
123: [70, 58]
124: [98, 90]
125: [122]
126: [122]
127: [80]
128: [58]
129: [25]
130: [32]
131: [33]
132: [34]
133: [35]
134: [36]
135: [37]
136: [32, 33, 34, 35, 36, 37, 25]
137: [70, 58]
138: [90]
139: [122]
140: [122]
141: [80]
142: [58]
143: [25]
144: [32, 25]
145: [32, 33, 25]
146: [32, 33, 34, 25]
147: [32, 33, 34, 35, 25]
148: [32, 33, 34, 35, 36, 25]
149: [32, 33, 34, 35, 36, 37, 25]
150: [32, 33, 34, 35, 36, 37, 25]
151: [70, 58]
152: [90]
153: [122]
154: [122]
155: [80]
156: [58]
157: [58]
158: [58]
159: [58]
160: [58]
161: [58]
162: [58]
163: [69, 58]
164: [70, 69, 58]
165: [70, 58]
166: [90]
167: [122]
168: [122]
169: [80]
170: [80]
171: [80]
172: [80]
173: [80]
174: [80]
175: [80]
176: [80]
177: [80]
178: [80, 90]
179: [90]
180: [90]
181: [122]
182: [122]
183: [122]
184: [122]
185: [122]
186: [122]
187: [122]
188: [122]
189: [122]
190: [122]
191: [137, 122]
192: [138, 137, 122]
193: [138, 122]
194: [122]
195: [122]
109
0: [110]
1: [110]
2: [110]
3: [110]
4: [110]
5: [110]
6: [110]
7: [110]
8: [110]
9: [110]
10: [138, 110]
11: [138, 110, 139]
12: [110, 139]
13: [110]
14: [110]
15: [81]
16: [81]
17: [81]
18: [81]
19: [81]
20: [81]
21: [81]
22: [81]
23: [81]
24: [81]
25: [91, 81]
26: [91]
27: [110]
28: [110]
29: [81]
30: [50, 51, 52, 53, 45]
31: [50, 51, 52, 53, 45]
32: [50, 51, 52, 53, 45]
33: [50, 51, 52, 53, 45]
34: [50, 51, 52, 53, 45]
35: [50, 51, 52, 53, 45]
36: [50, 51, 52, 53, 45]
37: [50, 51, 52, 53, 45]
38: [70, 50, 51, 52, 53, 45]
39: [70, 50, 51, 52, 53, 45]
40: [91]
41: [110]
42: [110]
43: [81]
44: [54, 50, 51, 52, 53, 45]
45: [54]
46: [54]
47: [54]
48: [54]
49: [54]
50: [54]
51: [54]
52: [54, 70]
53: [70, 50, 51, 52, 53, 54, 45]
54: [91]
55: [110]
56: [110]
57: [81]
58: [55, 54, 50, 51, 52, 53, 45]
59: [55]
60: [55]
61: [55]
62: [55]
63: [55]
64: [55]
65: [55]
66: [55, 70]
67: [70, 50, 51, 52, 53, 54, 55, 45]
68: [91]
69: [110]
70: [110]
71: [81]
72: [56, 55, 54, 50, 51, 52, 53, 45]
73: [56]
74: [56]
75: [56]
76: [56]
77: [56]
78: [56]
79: [56]
80: [56, 70]
81: [70, 50, 51, 52, 53, 54, 55, 56, 45]
82: [91]
83: [110]
84: [110]
85: [97, 81]
86: [57, 56, 55, 54, 45, 50, 51, 52, 53]
87: [57]
88: [57]
89: [57]
90: [57]
91: [57]
92: [57]
93: [57]
94: [57, 70]
95: [70, 50, 51, 52, 53, 54, 55, 56, 57, 45]
96: [91, 97]
97: [110]
98: [122, 110]
99: [97, 98, 81]
100: [58, 57, 56, 55, 45, 54, 50, 51, 52, 53]
101: [58, 50]
102: [58, 50]
103: [58, 50]
104: [58, 50]
105: [58, 50]
106: [58, 50]
107: [58, 50]
108: [58, 70, 50]
109: []
110: [98, 91, 97]
111: [110, 122]
112: [122]
113: [98, 81]
114: [58, 57, 56, 45, 55, 54, 51, 52, 53]
115: [51]
116: [51]
117: [51]
118: [51]
119: [51]
120: [51]
121: [51]
122: [70, 51]
123: [45, 70, 58, 57, 56, 51, 52, 55, 53, 54]
124: [98, 91]
125: [122]
126: [122]
127: [81]
128: [58, 57, 56, 45, 55, 54, 52, 53]
129: [52]
130: [52]
131: [52]
132: [52]
133: [52]
134: [52]
135: [52]
136: [70, 52]
137: [45, 70, 58, 57, 56, 52, 55, 53, 54]
138: [91]
139: [122]
140: [122]
141: [81]
142: [58, 57, 45, 56, 55, 54, 53]
143: [53]
144: [53]
145: [53]
146: [53]
147: [53]
148: [53]
149: [53]
150: [70, 53]
151: [45, 70, 58, 57, 56, 55, 53, 54]
152: [91]
153: [122]
154: [122]
155: [81]
156: [58, 45, 57, 56, 55, 54]
157: [45, 58, 57, 56, 55, 54]
158: [45, 58, 57, 56, 55, 54]
159: [45, 58, 57, 56, 55, 54]
160: [45, 58, 57, 56, 55, 54]
161: [45, 58, 57, 56, 55, 54]
162: [45, 58, 57, 56, 55, 54]
163: [45, 58, 57, 56, 55, 54]
164: [45, 70, 58, 57, 56, 55, 54]
165: [45, 70, 58, 57, 56, 55, 54]
166: [91]
167: [122]
168: [122]
169: [81]
170: [81]
171: [81]
172: [81]
173: [81]
174: [81]
175: [81]
176: [81]
177: [81]
178: [81]
179: [81, 91]
180: [91]
181: [122]
182: [122]
183: [122]
184: [122]
185: [122]
186: [122]
187: [122]
188: [122]
189: [122]
190: [122]
191: [122]
192: [138, 122]
193: [139, 138, 122]
194: [139, 122]
195: [122]
110
0: [110]
1: [110]
2: [110]
3: [110]
4: [110]
5: [110]
6: [110]
7: [110]
8: [110]
9: [110]
10: [110]
11: [139, 110]
12: [139, 110, 140]
13: [110, 140]
14: [110]
15: [71]
16: [71, 82]
17: [71, 83, 82]
18: [71, 84, 83, 82]
19: [71, 85, 84, 83, 82]
20: [71, 86, 85, 84, 83, 82]
21: [71, 87, 86, 85, 84, 83, 82]
22: [71, 88, 87, 86, 85, 84, 83, 82]
23: [71, 89, 88, 87, 86, 85, 84, 83, 82]
24: [71, 90, 89, 88, 87, 86, 85, 84, 83, 82]
25: [71, 91, 90, 89, 88, 87, 86, 85, 84, 83, 82]
26: [71, 91, 90, 89, 88, 87, 86, 85, 84, 83, 82]
27: [110, 140]
28: [110]
29: [71]
30: [82]
31: [83]
32: [84]
33: [85]
34: [86]
35: [87]
36: [88]
37: [89]
38: [90]
39: [91]
40: [71, 91, 90, 89, 88, 87, 86, 85, 84, 83, 82]
41: [110, 140]
42: [110]
43: [71]
44: [82]
45: [83]
46: [84]
47: [85]
48: [86]
49: [87]
50: [88]
51: [89]
52: [90]
53: [91]
54: [71, 91, 90, 89, 88, 87, 86, 85, 84, 83, 82]
55: [110, 140]
56: [110]
57: [71]
58: [82]
59: [83]
60: [84]
61: [85]
62: [86]
63: [87]
64: [88]
65: [89]
66: [90]
67: [91]
68: [71, 91, 90, 89, 88, 87, 86, 85, 84, 83, 82]
69: [110, 140]
70: [110]
71: [71]
72: [82]
73: [83]
74: [84]
75: [85]
76: [86]
77: [87]
78: [88]
79: [89]
80: [90]
81: [91]
82: [71, 91, 90, 89, 88, 87, 86, 85, 84, 83, 82]
83: [110, 140]
84: [110]
85: [97, 71]
86: [97, 82]
87: [97, 83]
88: [97, 84]
89: [97, 85]
90: [97, 86]
91: [87, 97]
92: [88, 97]
93: [89, 97]
94: [90, 97]
95: [91, 97]
96: [71, 97, 91, 90, 89, 88, 87, 86, 85, 84, 83, 82]
97: [110, 140]
98: [122, 110]
99: [97, 98, 71]
100: [97, 98, 82]
101: [97, 98, 83]
102: [97, 98, 84]
103: [97, 98, 85]
104: [97, 86, 98]
105: [97, 87, 98]
106: [97, 88, 98]
107: [97, 89, 98]
108: [97, 90, 98]
109: [97, 91, 98]
110: []
111: [110, 140, 122]
112: [122]
113: [98, 71]
114: [98, 82]
115: [98, 83]
116: [98, 84]
117: [98, 85]
118: [98, 86]
119: [98, 87]
120: [98, 88]
121: [98, 89]
122: [98, 90]
123: [98, 91]
124: [98, 82, 83, 84, 85, 86, 87, 88, 89, 90, 91, 71]
125: [140, 122]
126: [122]
127: [71]
128: [82]
129: [83]
130: [84]
131: [85]
132: [86]
133: [87]
134: [88]
135: [89]
136: [90]
137: [91]
138: [82, 83, 84, 85, 86, 87, 88, 89, 90, 91, 71]
139: [140, 122]
140: [122]
141: [71]
142: [82]
143: [83]
144: [84]
145: [85]
146: [86]
147: [87]
148: [88]
149: [89]
150: [90]
151: [91]
152: [82, 83, 84, 85, 86, 87, 88, 89, 90, 91, 71]
153: [140, 122]
154: [122]
155: [71]
156: [82]
157: [83]
158: [84]
159: [85]
160: [86]
161: [87]
162: [88]
163: [89]
164: [90]
165: [91]
166: [82, 83, 84, 85, 86, 87, 88, 89, 90, 91, 71]
167: [140, 122]
168: [122]
169: [71]
170: [82, 71]
171: [82, 83, 71]
172: [82, 83, 84, 71]
173: [82, 83, 84, 85, 71]
174: [82, 83, 84, 85, 86, 71]
175: [82, 83, 84, 85, 86, 87, 71]
176: [82, 83, 84, 85, 86, 87, 88, 71]
177: [82, 83, 84, 85, 86, 87, 88, 89, 71]
178: [82, 83, 84, 85, 86, 87, 88, 89, 90, 71]
179: [82, 83, 84, 85, 86, 87, 88, 89, 90, 91, 71]
180: [82, 83, 84, 85, 86, 87, 88, 89, 90, 91, 71]
181: [140, 122]
182: [122]
183: [122]
184: [122]
185: [122]
186: [122]
187: [122]
188: [122]
189: [122]
190: [122]
191: [122]
192: [122]
193: [139, 122]
194: [140, 139, 122]
195: [140, 122]
111
0: [110, 111, 112, 113, 114, 115, 103]
1: [110, 111, 112, 113, 114, 115, 103]
2: [110, 111, 112, 113, 114, 115, 103]
3: [110, 111, 112, 113, 114, 115, 103]
4: [110, 111, 112, 113, 114, 115, 103]
5: [110, 111, 112, 113, 114, 115, 103]
6: [110, 111, 112, 113, 114, 115, 103]
7: [110, 111, 112, 113, 114, 115, 103]
8: [110, 111, 112, 113, 114, 115, 103]
9: [110, 111, 112, 113, 114, 115, 103]
10: [110, 111, 112, 113, 114, 115, 103]
11: [110, 111, 112, 113, 114, 115, 103]
12: [140, 110, 111, 112, 113, 114, 115, 103]
13: [140, 110, 111, 112, 113, 114, 115, 103]
14: [116, 110, 111, 112, 113, 114, 115, 103]
15: [116]
16: [116]
17: [116]
18: [116]
19: [116]
20: [116]
21: [116]
22: [116]
23: [116]
24: [116]
25: [116]
26: [116, 140]
27: [140, 110, 111, 112, 113, 114, 115, 116, 103]
28: [117, 116, 110, 111, 112, 113, 114, 115, 103]
29: [117]
30: [117]
31: [117]
32: [117]
33: [117]
34: [117]
35: [117]
36: [117]
37: [117]
38: [117]
39: [117]
40: [117, 140]
41: [140, 110, 111, 112, 113, 114, 115, 116, 117, 103]
42: [118, 117, 116, 110, 111, 112, 113, 114, 115, 103]
43: [118]
44: [118]
45: [118]
46: [118]
47: [118]
48: [118]
49: [118]
50: [118]
51: [118]
52: [118]
53: [118]
54: [118, 140]
55: [140, 110, 111, 112, 113, 114, 115, 116, 117, 118, 103]
56: [119, 118, 117, 116, 110, 111, 112, 113, 114, 115, 103]
57: [119]
58: [119]
59: [119]
60: [119]
61: [119]
62: [119]
63: [119]
64: [119]
65: [119]
66: [119]
67: [119]
68: [119, 140]
69: [140, 110, 111, 112, 113, 114, 115, 116, 117, 118, 119, 103]
70: [120, 119, 118, 117, 116, 110, 111, 112, 113, 114, 115, 103]
71: [120]
72: [120]
73: [120]
74: [120]
75: [120]
76: [120]
77: [120]
78: [120]
79: [120]
80: [120]
81: [120]
82: [120, 140]
83: [140, 110, 111, 112, 113, 114, 115, 116, 117, 118, 119, 120, 103]
84: [121, 120, 119, 118, 117, 116, 103, 110, 111, 112, 113, 114, 115]
85: [121]
86: [121]
87: [121]
88: [121]
89: [121]
90: [121]
91: [121]
92: [121]
93: [121]
94: [121]
95: [121]
96: [121, 140]
97: [140, 110, 111, 112, 113, 114, 115, 116, 117, 118, 119, 120, 121, 103]
98: [122, 121, 120, 119, 118, 117, 116, 103, 110, 111, 112, 113, 114, 115]
99: [122, 110]
100: [122, 110]
101: [122, 110]
102: [122, 110]
103: [122, 110]
104: [122, 110]
105: [122, 110]
106: [122, 110]
107: [122, 110]
108: [122, 110]
109: [122, 110]
110: [122, 140, 110]
111: []
112: [122, 121, 120, 119, 118, 117, 103, 116, 111, 112, 113, 114, 115]
113: [111]
114: [111]
115: [111]
116: [111]
117: [111]
118: [111]
119: [111]
120: [111]
121: [111]
122: [111]
123: [111]
124: [140, 111]
125: [103, 140, 122, 121, 120, 111, 112, 119, 113, 118, 114, 117, 115, 116]
126: [122, 121, 120, 119, 118, 103, 117, 116, 112, 113, 114, 115]
127: [112]
128: [112]
129: [112]
130: [112]
131: [112]
132: [112]
133: [112]
134: [112]
135: [112]
136: [112]
137: [112]
138: [140, 112]
139: [103, 140, 122, 121, 120, 112, 119, 113, 118, 114, 117, 115, 116]
140: [122, 121, 120, 119, 103, 118, 117, 116, 113, 114, 115]
141: [113]
142: [113]
143: [113]
144: [113]
145: [113]
146: [113]
147: [113]
148: [113]
149: [113]
150: [113]
151: [113]
152: [140, 113]
153: [103, 140, 122, 121, 120, 119, 113, 118, 114, 117, 115, 116]
154: [122, 121, 120, 103, 119, 118, 117, 116, 114, 115]
155: [114]
156: [114]
157: [114]
158: [114]
159: [114]
160: [114]
161: [114]
162: [114]
163: [114]
164: [114]
165: [114]
166: [140, 114]
167: [103, 140, 122, 121, 120, 119, 118, 114, 117, 115, 116]
168: [122, 121, 103, 120, 119, 118, 117, 116, 115]
169: [115]
170: [115]
171: [115]
172: [115]
173: [115]
174: [115]
175: [115]
176: [115]
177: [115]
178: [115]
179: [115]
180: [140, 115]
181: [103, 140, 122, 121, 120, 119, 118, 117, 115, 116]
182: [122, 103, 121, 120, 119, 118, 117, 116]
183: [103, 122, 121, 120, 119, 118, 117, 116]
184: [103, 122, 121, 120, 119, 118, 117, 116]
185: [103, 122, 121, 120, 119, 118, 117, 116]
186: [103, 122, 121, 120, 119, 118, 117, 116]
187: [103, 122, 121, 120, 119, 118, 117, 116]
188: [103, 122, 121, 120, 119, 118, 117, 116]
189: [103, 122, 121, 120, 119, 118, 117, 116]
190: [103, 122, 121, 120, 119, 118, 117, 116]
191: [103, 122, 121, 120, 119, 118, 117, 116]
192: [103, 122, 121, 120, 119, 118, 117, 116]
193: [103, 122, 121, 120, 119, 118, 117, 116]
194: [103, 140, 122, 121, 120, 119, 118, 117, 116]
195: [103, 140, 122, 121, 120, 119, 118, 117, 116]
112
0: [103, 128, 111, 112, 113, 114, 115]
1: [103, 128, 111, 112, 113, 114, 115]
2: [103, 111, 112, 113, 114, 115]
3: [103, 111, 112, 113, 114, 115]
4: [103, 111, 112, 113, 114, 115]
5: [103, 111, 112, 113, 114, 115]
6: [103, 111, 112, 113, 114, 115]
7: [103, 111, 112, 113, 114, 115]
8: [103, 111, 112, 113, 114, 115]
9: [103, 111, 112, 113, 114, 115]
10: [103, 111, 112, 113, 114, 115]
11: [103, 111, 112, 113, 114, 115]
12: [103, 111, 112, 113, 114, 115]
13: [111, 103, 112, 113, 114, 115]
14: [103, 128, 111, 112, 113, 114, 115, 116]
15: [128, 116]
16: [116]
17: [116]
18: [116]
19: [116]
20: [116]
21: [116]
22: [116]
23: [116]
24: [116]
25: [116]
26: [116]
27: [111, 112, 103, 113, 114, 115, 116]
28: [103, 128, 111, 112, 113, 114, 117, 115, 116]
29: [128, 117]
30: [117]
31: [117]
32: [117]
33: [117]
34: [117]
35: [117]
36: [117]
37: [117]
38: [117]
39: [117]
40: [117]
41: [111, 112, 113, 103, 114, 115, 116, 117]
42: [103, 128, 111, 112, 113, 118, 114, 117, 115, 116]
43: [128, 118]
44: [118]
45: [118]
46: [118]
47: [118]
48: [118]
49: [118]
50: [118]
51: [118]
52: [118]
53: [118]
54: [118]
55: [111, 112, 113, 114, 103, 115, 116, 117, 118]
56: [103, 128, 111, 112, 119, 113, 118, 114, 117, 115, 116]
57: [128, 119]
58: [119]
59: [119]
60: [119]
61: [119]
62: [119]
63: [119]
64: [119]
65: [119]
66: [119]
67: [119]
68: [119]
69: [111, 112, 113, 114, 115, 103, 116, 117, 118, 119]
70: [103, 128, 120, 111, 112, 119, 113, 118, 114, 117, 115, 116]
71: [128, 120]
72: [120]
73: [120]
74: [120]
75: [120]
76: [120]
77: [120]
78: [120]
79: [120]
80: [120]
81: [120]
82: [120]
83: [111, 112, 113, 114, 115, 103, 116, 117, 118, 119, 120]
84: [103, 128, 121, 120, 111, 112, 119, 113, 118, 114, 117, 115, 116]
85: [128, 121]
86: [121]
87: [121]
88: [121]
89: [121]
90: [121]
91: [121]
92: [121]
93: [121]
94: [121]
95: [121]
96: [121]
97: [111, 112, 113, 114, 115, 116, 117, 118, 119, 120, 121, 103]
98: [103, 128, 122, 121, 120, 111, 112, 119, 113, 118, 114, 117, 115, 116]
99: [128, 122]
100: [122]
101: [122]
102: [122]
103: [122]
104: [122]
105: [122]
106: [122]
107: [122]
108: [122]
109: [122]
110: [122]
111: [111, 112, 113, 114, 115, 116, 117, 118, 119, 120, 121, 122, 103]
112: []
113: [111, 128, 123]
114: [111, 123]
115: [111, 123]
116: [111, 123]
117: [111, 123]
118: [111, 123]
119: [111, 123]
120: [111, 123]
121: [111, 123]
122: [111, 123]
123: [111, 123]
124: [111, 123]
125: [111, 112, 113, 114, 115, 116, 117, 118, 119, 120, 121, 122, 123, 103]
126: [128, 112, 113, 114, 115, 116, 117, 118, 119, 120, 121, 122, 123, 103]
127: [112, 128]
128: [112]
129: [112]
130: [112]
131: [112]
132: [112]
133: [112]
134: [112]
135: [112]
136: [112]
137: [112]
138: [112]
139: [112, 113, 114, 115, 116, 117, 118, 119, 120, 121, 122, 123, 103]
140: [128, 113, 114, 115, 116, 117, 118, 119, 120, 121, 122, 123, 103]
141: [113, 128]
142: [113]
143: [113]
144: [113]
145: [113]
146: [113]
147: [113]
148: [113]
149: [113]
150: [113]
151: [113]
152: [113]
153: [113, 114, 115, 116, 117, 118, 119, 120, 121, 122, 123, 103]
154: [128, 114, 115, 116, 117, 118, 119, 120, 121, 122, 123, 103]
155: [114, 128]
156: [114]
157: [114]
158: [114]
159: [114]
160: [114]
161: [114]
162: [114]
163: [114]
164: [114]
165: [114]
166: [114]
167: [114, 115, 116, 117, 118, 119, 120, 121, 122, 123, 103]
168: [128, 115, 116, 117, 118, 119, 120, 121, 122, 123, 103]
169: [115, 128]
170: [115]
171: [115]
172: [115]
173: [115]
174: [115]
175: [115]
176: [115]
177: [115]
178: [115]
179: [115]
180: [115]
181: [115, 116, 117, 118, 119, 120, 121, 122, 123, 103]
182: [128, 116, 117, 118, 119, 120, 121, 122, 123, 103]
183: [128, 116, 117, 118, 119, 120, 121, 122, 123, 103]
184: [116, 117, 118, 119, 120, 121, 122, 123, 103]
185: [116, 117, 118, 119, 120, 121, 122, 123, 103]
186: [116, 117, 118, 119, 120, 121, 122, 123, 103]
187: [116, 117, 118, 119, 120, 121, 122, 123, 103]
188: [116, 117, 118, 119, 120, 121, 122, 123, 103]
189: [116, 117, 118, 119, 120, 121, 122, 123, 103]
190: [116, 117, 118, 119, 120, 121, 122, 123, 103]
191: [116, 117, 118, 119, 120, 121, 122, 123, 103]
192: [116, 117, 118, 119, 120, 121, 122, 123, 103]
193: [116, 117, 118, 119, 120, 121, 122, 123, 103]
194: [116, 117, 118, 119, 120, 121, 122, 123, 103]
195: [116, 117, 118, 119, 120, 121, 122, 123, 103]
113
0: [128, 111]
1: [128, 129, 111]
2: [129, 111]
3: [111]
4: [111]
5: [111]
6: [111]
7: [111]
8: [111]
9: [111]
10: [111]
11: [111]
12: [111]
13: [111]
14: [128, 111]
15: [72, 73, 74, 75, 76, 77, 78, 79, 80, 81, 71]
16: [72, 73, 74, 75, 76, 77, 78, 79, 80, 81, 71]
17: [73, 74, 75, 76, 77, 78, 79, 80, 81, 71]
18: [74, 75, 76, 77, 78, 79, 80, 81, 71]
19: [75, 76, 77, 78, 79, 80, 81, 71]
20: [76, 77, 78, 79, 80, 81, 71]
21: [77, 78, 79, 80, 81, 71]
22: [80, 81, 78, 79, 71]
23: [80, 81, 79, 71]
24: [80, 81, 71]
25: [81, 71]
26: [71]
27: [111]
28: [128, 111]
29: [72, 73, 74, 75, 76, 77, 78, 79, 80, 81, 71]
30: [72]
31: [73]
32: [74]
33: [75]
34: [76]
35: [77]
36: [78]
37: [79]
38: [80]
39: [81]
40: [71]
41: [111]
42: [128, 111]
43: [72, 73, 74, 75, 76, 77, 78, 79, 80, 81, 71]
44: [72]
45: [73]
46: [74]
47: [75]
48: [76]
49: [77]
50: [78]
51: [79]
52: [80]
53: [81]
54: [71]
55: [111]
56: [128, 111]
57: [72, 73, 74, 75, 76, 77, 78, 79, 80, 81, 71]
58: [72]
59: [73]
60: [74]
61: [75]
62: [76]
63: [77]
64: [78]
65: [79]
66: [80]
67: [81]
68: [71]
69: [111]
70: [128, 111]
71: [72, 73, 74, 75, 76, 77, 78, 79, 80, 81, 71]
72: [72]
73: [73]
74: [74]
75: [75]
76: [76]
77: [77]
78: [78]
79: [79]
80: [80]
81: [81]
82: [71]
83: [111]
84: [128, 111]
85: [72, 73, 74, 75, 76, 77, 78, 79, 80, 81, 71]
86: [72]
87: [73]
88: [74]
89: [75]
90: [76]
91: [77]
92: [78]
93: [79]
94: [80]
95: [81]
96: [71]
97: [111]
98: [128, 111]
99: [98, 72, 73, 74, 75, 76, 77, 78, 79, 80, 81, 71]
100: [98, 72]
101: [98, 73]
102: [98, 74]
103: [98, 75]
104: [98, 76]
105: [98, 77]
106: [98, 78]
107: [98, 79]
108: [98, 80]
109: [98, 81]
110: [98, 71]
111: [111]
112: [123, 128, 111]
113: []
114: [99, 72, 98]
115: [99, 73, 98]
116: [99, 74, 98]
117: [99, 75, 98]
118: [99, 98, 76]
119: [99, 98, 77]
120: [99, 98, 78]
121: [99, 98, 79]
122: [99, 98, 80]
123: [99, 98, 81]
124: [99, 98, 71]
125: [111, 123]
126: [123, 128]
127: [71, 72, 99, 73, 74, 75, 76, 77, 78, 79, 80, 81]
128: [72, 99]
129: [73, 99]
130: [74, 99]
131: [99, 75]
132: [99, 76]
133: [99, 77]
134: [99, 78]
135: [99, 79]
136: [99, 80]
137: [99, 81]
138: [99, 71]
139: [123]
140: [123, 128]
141: [71, 72, 73, 74, 75, 76, 77, 78, 79, 80, 81]
142: [72]
143: [73]
144: [74]
145: [75]
146: [76]
147: [77]
148: [78]
149: [79]
150: [80]
151: [81]
152: [71]
153: [123]
154: [123, 128]
155: [71, 72, 73, 74, 75, 76, 77, 78, 79, 80, 81]
156: [72]
157: [73]
158: [74]
159: [75]
160: [76]
161: [77]
162: [78]
163: [79]
164: [80]
165: [81]
166: [71]
167: [123]
168: [123, 128]
169: [71, 72, 73, 74, 75, 76, 77, 78, 79, 80, 81]
170: [71, 72, 73, 74, 75, 76, 77, 78, 79, 80, 81]
171: [71, 73, 74, 75, 76, 77, 78, 79, 80, 81]
172: [71, 74, 75, 76, 77, 78, 79, 80, 81]
173: [71, 75, 76, 77, 78, 79, 80, 81]
174: [71, 76, 77, 78, 79, 80, 81]
175: [71, 77, 78, 79, 80, 81]
176: [71, 78, 79, 80, 81]
177: [71, 79, 80, 81]
178: [71, 80, 81]
179: [71, 81]
180: [71]
181: [123]
182: [123, 128]
183: [129, 123, 128]
184: [129, 123]
185: [123]
186: [123]
187: [123]
188: [123]
189: [123]
190: [123]
191: [123]
192: [123]
193: [123]
194: [123]
195: [123]
114
0: [111]
1: [129, 111]
2: [129, 130, 111]
3: [130, 111]
4: [111]
5: [111]
6: [111]
7: [111]
8: [111]
9: [111]
10: [111]
11: [111]
12: [111]
13: [111]
14: [111]
15: [72]
16: [82, 72]
17: [82]
18: [82]
19: [82]
20: [82]
21: [82]
22: [82]
23: [82]
24: [82]
25: [82]
26: [82]
27: [111]
28: [111]
29: [72]
30: [45, 62, 51, 52, 53]
31: [45, 62, 51, 52, 53]
32: [45, 51, 52, 53]
33: [45, 51, 52, 53]
34: [45, 51, 52, 53]
35: [45, 51, 52, 53]
36: [45, 51, 52, 53]
37: [45, 51, 52, 53]
38: [45, 51, 52, 53]
39: [51, 45, 52, 53]
40: [82]
41: [111]
42: [111]
43: [72]
44: [45, 62, 51, 52, 53, 54]
45: [62, 54]
46: [54]
47: [54]
48: [54]
49: [54]
50: [54]
51: [54]
52: [54]
53: [51, 52, 45, 53, 54]
54: [82]
55: [111]
56: [111]
57: [72]
58: [45, 62, 51, 52, 55, 53, 54]
59: [62, 55]
60: [55]
61: [55]
62: [55]
63: [55]
64: [55]
65: [55]
66: [55]
67: [51, 52, 53, 45, 54, 55]
68: [82]
69: [111]
70: [111]
71: [72]
72: [45, 62, 56, 51, 52, 55, 53, 54]
73: [62, 56]
74: [56]
75: [56]
76: [56]
77: [56]
78: [56]
79: [56]
80: [56]
81: [51, 52, 53, 56, 45, 54, 55]
82: [82]
83: [111]
84: [111]
85: [72]
86: [45, 62, 57, 56, 51, 52, 55, 53, 54]
87: [62, 57]
88: [57]
89: [57]
90: [57]
91: [57]
92: [57]
93: [57]
94: [57]
95: [51, 52, 53, 56, 57, 54, 55, 45]
96: [82]
97: [111]
98: [111]
99: [98, 72]
100: [45, 62, 58, 57, 56, 51, 52, 55, 53, 54]
101: [62, 58]
102: [58]
103: [58]
104: [58]
105: [58]
106: [58]
107: [58]
108: [58]
109: [51, 52, 53, 54, 55, 56, 57, 58, 45]
110: [98, 82]
111: [111]
112: [123, 111]
113: [98, 72, 99]
114: []
115: [51, 62, 59]
116: [51, 59]
117: [51, 59]
118: [51, 59]
119: [51, 59]
120: [51, 59]
121: [51, 59]
122: [51, 59]
123: [51, 52, 53, 54, 55, 56, 57, 58, 59, 45]
124: [99, 98, 82]
125: [111, 123]
126: [123]
127: [72, 99]
128: [52, 53, 54, 55, 56, 57, 58, 59, 62, 45]
129: [52, 62]
130: [52]
131: [52]
132: [52]
133: [52]
134: [52]
135: [52]
136: [52]
137: [52, 53, 54, 55, 56, 57, 58, 59, 45]
138: [99, 82]
139: [123]
140: [123]
141: [72]
142: [53, 54, 55, 56, 57, 58, 59, 62, 45]
143: [53, 62]
144: [53]
145: [53]
146: [53]
147: [53]
148: [53]
149: [53]
150: [53]
151: [53, 54, 55, 56, 57, 58, 59, 45]
152: [82]
153: [123]
154: [123]
155: [72]
156: [54, 55, 56, 57, 58, 59, 62, 45]
157: [54, 55, 56, 57, 58, 59, 62, 45]
158: [54, 55, 56, 57, 58, 59, 45]
159: [54, 55, 56, 57, 58, 59, 45]
160: [54, 55, 56, 57, 58, 59, 45]
161: [54, 55, 56, 57, 58, 59, 45]
162: [54, 55, 56, 57, 58, 59, 45]
163: [54, 55, 56, 57, 58, 59, 45]
164: [54, 55, 56, 57, 58, 59, 45]
165: [54, 55, 56, 57, 58, 59, 45]
166: [82]
167: [123]
168: [123]
169: [72]
170: [72, 82]
171: [82]
172: [82]
173: [82]
174: [82]
175: [82]
176: [82]
177: [82]
178: [82]
179: [82]
180: [82]
181: [123]
182: [123]
183: [123, 129]
184: [130, 123, 129]
185: [130, 123]
186: [123]
187: [123]
188: [123]
189: [123]
190: [123]
191: [123]
192: [123]
193: [123]
194: [123]
195: [123]
115
0: [111]
1: [111]
2: [130, 111]
3: [130, 131, 111]
4: [131, 111]
5: [111]
6: [111]
7: [111]
8: [111]
9: [111]
10: [111]
11: [111]
12: [111]
13: [111]
14: [111]
15: [73]
16: [73]
17: [83, 73]
18: [83]
19: [83]
20: [83]
21: [83]
22: [83]
23: [83]
24: [83]
25: [83]
26: [83]
27: [111]
28: [111]
29: [73]
30: [62, 51]
31: [62, 63, 51]
32: [63, 51]
33: [51]
34: [51]
35: [51]
36: [51]
37: [51]
38: [51]
39: [51]
40: [83]
41: [111]
42: [111]
43: [73]
44: [62, 51]
45: [26, 27, 28, 29, 30, 31, 25]
46: [26, 27, 28, 29, 30, 31, 25]
47: [27, 28, 29, 30, 31, 25]
48: [28, 29, 30, 31, 25]
49: [29, 30, 31, 25]
50: [30, 31, 25]
51: [31, 25]
52: [25]
53: [51]
54: [83]
55: [111]
56: [111]
57: [73]
58: [62, 51]
59: [26, 27, 28, 29, 30, 31, 25]
60: [26]
61: [27]
62: [28]
63: [29]
64: [30]
65: [31]
66: [25]
67: [51]
68: [83]
69: [111]
70: [111]
71: [73]
72: [62, 51]
73: [26, 27, 28, 29, 30, 31, 25]
74: [26]
75: [27]
76: [28]
77: [29]
78: [30]
79: [31]
80: [25]
81: [51]
82: [83]
83: [111]
84: [111]
85: [73]
86: [62, 51]
87: [26, 27, 28, 29, 30, 31, 25]
88: [26]
89: [27]
90: [28]
91: [29]
92: [30]
93: [31]
94: [25]
95: [51]
96: [83]
97: [111]
98: [111]
99: [98, 73]
100: [62, 51]
101: [42, 26, 27, 28, 29, 30, 31, 25]
102: [42, 26]
103: [42, 27]
104: [42, 28]
105: [42, 29]
106: [42, 30]
107: [42, 31]
108: [42, 25]
109: [51]
110: [98, 83]
111: [111]
112: [123, 111]
113: [98, 73, 99]
114: [59, 62, 51]
115: []
116: [43, 26, 42]
117: [43, 27, 42]
118: [43, 42, 28]
119: [43, 42, 29]
120: [43, 42, 30]
121: [43, 42, 31]
122: [43, 42, 25]
123: [51, 59]
124: [99, 98, 83]
125: [111, 123]
126: [123]
127: [73, 99]
128: [59, 62]
129: [25, 26, 43, 27, 28, 29, 30, 31]
130: [26, 43]
131: [43, 27]
132: [43, 28]
133: [43, 29]
134: [43, 30]
135: [43, 31]
136: [43, 25]
137: [59]
138: [99, 83]
139: [123]
140: [123]
141: [73]
142: [59, 62]
143: [25, 26, 27, 28, 29, 30, 31]
144: [25, 26, 27, 28, 29, 30, 31]
145: [25, 27, 28, 29, 30, 31]
146: [25, 28, 29, 30, 31]
147: [25, 29, 30, 31]
148: [25, 30, 31]
149: [25, 31]
150: [25]
151: [59]
152: [83]
153: [123]
154: [123]
155: [73]
156: [59, 62]
157: [63, 59, 62]
158: [63, 59]
159: [59]
160: [59]
161: [59]
162: [59]
163: [59]
164: [59]
165: [59]
166: [83]
167: [123]
168: [123]
169: [73]
170: [73]
171: [73, 83]
172: [83]
173: [83]
174: [83]
175: [83]
176: [83]
177: [83]
178: [83]
179: [83]
180: [83]
181: [123]
182: [123]
183: [123]
184: [123, 130]
185: [131, 123, 130]
186: [131, 123]
187: [123]
188: [123]
189: [123]
190: [123]
191: [123]
192: [123]
193: [123]
194: [123]
195: [123]
116
0: [111]
1: [111]
2: [111]
3: [131, 111]
4: [131, 132, 111]
5: [132, 111]
6: [111]
7: [111]
8: [111]
9: [111]
10: [111]
11: [111]
12: [111]
13: [111]
14: [111]
15: [74]
16: [74]
17: [74]
18: [84, 74]
19: [84]
20: [84]
21: [84]
22: [84]
23: [84]
24: [84]
25: [84]
26: [84]
27: [111]
28: [111]
29: [74]
30: [51]
31: [63, 51]
32: [63, 64, 51]
33: [64, 51]
34: [51]
35: [51]
36: [51]
37: [51]
38: [51]
39: [51]
40: [84]
41: [111]
42: [111]
43: [74]
44: [51]
45: [26]
46: [32, 26]
47: [32]
48: [32]
49: [32]
50: [32]
51: [32]
52: [32]
53: [51]
54: [84]
55: [111]
56: [111]
57: [74]
58: [51]
59: [26]
60: [11, 20, 15]
61: [11, 20, 15]
62: [11, 15]
63: [11, 15]
64: [11, 15]
65: [11, 15]
66: [32]
67: [51]
68: [84]
69: [111]
70: [111]
71: [74]
72: [51]
73: [26]
74: [11, 20, 16, 15]
75: [20, 16]
76: [16]
77: [16]
78: [16]
79: [15, 16, 11]
80: [32]
81: [51]
82: [84]
83: [111]
84: [111]
85: [74]
86: [51]
87: [26]
88: [11, 20, 17, 16, 15]
89: [20, 17]
90: [17]
91: [17]
92: [17]
93: [15, 16, 17, 11]
94: [32]
95: [51]
96: [84]
97: [111]
98: [111]
99: [98, 74]
100: [51]
101: [42, 26]
102: [11, 20, 18, 17, 16, 15]
103: [20, 18]
104: [18]
105: [18]
106: [18]
107: [15, 16, 17, 18, 11]
108: [42, 32]
109: [51]
110: [98, 84]
111: [111]
112: [123, 111]
113: [98, 74, 99]
114: [59, 51]
115: [42, 26, 43]
116: []
117: [15, 20, 19]
118: [15, 19]
119: [15, 19]
120: [15, 19]
121: [15, 16, 17, 18, 19, 11]
122: [43, 42, 32]
123: [51, 59]
124: [99, 98, 84]
125: [111, 123]
126: [123]
127: [74, 99]
128: [59]
129: [26, 43]
130: [16, 17, 18, 19, 20, 11]
131: [16, 17, 18, 19, 20, 11]
132: [16, 17, 18, 19, 11]
133: [16, 17, 18, 19, 11]
134: [16, 17, 18, 19, 11]
135: [16, 17, 18, 19, 11]
136: [43, 32]
137: [59]
138: [99, 84]
139: [123]
140: [123]
141: [74]
142: [59]
143: [26]
144: [26, 32]
145: [32]
146: [32]
147: [32]
148: [32]
149: [32]
150: [32]
151: [59]
152: [84]
153: [123]
154: [123]
155: [74]
156: [59]
157: [59, 63]
158: [64, 59, 63]
159: [64, 59]
160: [59]
161: [59]
162: [59]
163: [59]
164: [59]
165: [59]
166: [84]
167: [123]
168: [123]
169: [74]
170: [74]
171: [74]
172: [74, 84]
173: [84]
174: [84]
175: [84]
176: [84]
177: [84]
178: [84]
179: [84]
180: [84]
181: [123]
182: [123]
183: [123]
184: [123]
185: [123, 131]
186: [132, 123, 131]
187: [132, 123]
188: [123]
189: [123]
190: [123]
191: [123]
192: [123]
193: [123]
194: [123]
195: [123]
117
0: [111]
1: [111]
2: [111]
3: [111]
4: [132, 111]
5: [132, 133, 111]
6: [133, 111]
7: [111]
8: [111]
9: [111]
10: [111]
11: [111]
12: [111]
13: [111]
14: [111]
15: [75]
16: [75]
17: [75]
18: [75]
19: [85, 75]
20: [85]
21: [85]
22: [85]
23: [85]
24: [85]
25: [85]
26: [85]
27: [111]
28: [111]
29: [75]
30: [51]
31: [51]
32: [64, 51]
33: [64, 65, 51]
34: [65, 51]
35: [51]
36: [51]
37: [51]
38: [51]
39: [51]
40: [85]
41: [111]
42: [111]
43: [75]
44: [51]
45: [27]
46: [27]
47: [33, 27]
48: [33]
49: [33]
50: [33]
51: [33]
52: [33]
53: [51]
54: [85]
55: [111]
56: [111]
57: [75]
58: [51]
59: [27]
60: [20, 15]
61: [20, 21, 15]
62: [21, 15]
63: [15]
64: [15]
65: [15]
66: [33]
67: [51]
68: [85]
69: [111]
70: [111]
71: [75]
72: [51]
73: [27]
74: [20, 15]
75: [4, 5, 3]
76: [4, 5, 3]
77: [5, 3]
78: [3]
79: [15]
80: [33]
81: [51]
82: [85]
83: [111]
84: [111]
85: [75]
86: [51]
87: [27]
88: [20, 15]
89: [4, 5, 3]
90: [4]
91: [5]
92: [3]
93: [15]
94: [33]
95: [51]
96: [85]
97: [111]
98: [111]
99: [98, 75]
100: [51]
101: [42, 27]
102: [20, 15]
103: [10, 4, 5, 3]
104: [10, 4]
105: [10, 5]
106: [10, 3]
107: [15]
108: [42, 33]
109: [51]
110: [98, 85]
111: [111]
112: [123, 111]
113: [98, 75, 99]
114: [59, 51]
115: [42, 27, 43]
116: [19, 20, 15]
117: []
118: [3, 10, 4, 5]
119: [3, 10, 5]
120: [3, 10]
121: [15, 19]
122: [43, 42, 33]
123: [51, 59]
124: [99, 98, 85]
125: [111, 123]
126: [123]
127: [75, 99]
128: [59]
129: [27, 43]
130: [19, 20]
131: [21, 19, 20]
132: [21, 19]
133: [19]
134: [19]
135: [19]
136: [43, 33]
137: [59]
138: [99, 85]
139: [123]
140: [123]
141: [75]
142: [59]
143: [27]
144: [27]
145: [27, 33]
146: [33]
147: [33]
148: [33]
149: [33]
150: [33]
151: [59]
152: [85]
153: [123]
154: [123]
155: [75]
156: [59]
157: [59]
158: [59, 64]
159: [65, 59, 64]
160: [65, 59]
161: [59]
162: [59]
163: [59]
164: [59]
165: [59]
166: [85]
167: [123]
168: [123]
169: [75]
170: [75]
171: [75]
172: [75]
173: [75, 85]
174: [85]
175: [85]
176: [85]
177: [85]
178: [85]
179: [85]
180: [85]
181: [123]
182: [123]
183: [123]
184: [123]
185: [123]
186: [123, 132]
187: [133, 123, 132]
188: [133, 123]
189: [123]
190: [123]
191: [123]
192: [123]
193: [123]
194: [123]
195: [123]
118
0: [111]
1: [111]
2: [111]
3: [111]
4: [111]
5: [133, 111]
6: [133, 134, 111]
7: [134, 111]
8: [111]
9: [111]
10: [111]
11: [111]
12: [111]
13: [111]
14: [111]
15: [76]
16: [76]
17: [76]
18: [76]
19: [76]
20: [86, 76]
21: [86]
22: [86]
23: [86]
24: [86]
25: [86]
26: [86]
27: [111]
28: [111]
29: [76]
30: [51]
31: [51]
32: [51]
33: [65, 51]
34: [65, 66, 51]
35: [66, 51]
36: [51]
37: [51]
38: [51]
39: [51]
40: [86]
41: [111]
42: [111]
43: [76]
44: [51]
45: [28]
46: [28]
47: [28]
48: [34, 28]
49: [34]
50: [34]
51: [34]
52: [34]
53: [51]
54: [86]
55: [111]
56: [111]
57: [76]
58: [51]
59: [28]
60: [15]
61: [21, 15]
62: [21, 22, 15]
63: [22, 15]
64: [15]
65: [15]
66: [34]
67: [51]
68: [86]
69: [111]
70: [111]
71: [76]
72: [51]
73: [28]
74: [15]
75: [4, 5, 3]
76: [6, 4, 5, 3]
77: [6, 3, 5]
78: [3, 6]
79: [15]
80: [34]
81: [51]
82: [86]
83: [111]
84: [111]
85: [76]
86: [51]
87: [28]
88: [15]
89: [4, 5, 3]
90: [6, 4]
91: [5]
92: [3, 6]
93: [15]
94: [34]
95: [51]
96: [86]
97: [111]
98: [111]
99: [98, 76]
100: [51]
101: [42, 28]
102: [15]
103: [10, 4, 5, 3]
104: [6, 10, 4]
105: [10, 5]
106: [3, 10, 6]
107: [15]
108: [42, 34]
109: [51]
110: [98, 86]
111: [111]
112: [123, 111]
113: [98, 76, 99]
114: [59, 51]
115: [42, 28, 43]
116: [19, 15]
117: [10, 4, 5, 3]
118: []
119: [3, 10, 5, 6]
120: [3, 10, 6]
121: [15, 19]
122: [43, 42, 34]
123: [51, 59]
124: [99, 98, 86]
125: [111, 123]
126: [123]
127: [76, 99]
128: [59]
129: [28, 43]
130: [19]
131: [19, 21]
132: [22, 19, 21]
133: [22, 19]
134: [19]
135: [19]
136: [43, 34]
137: [59]
138: [99, 86]
139: [123]
140: [123]
141: [76]
142: [59]
143: [28]
144: [28]
145: [28]
146: [28, 34]
147: [34]
148: [34]
149: [34]
150: [34]
151: [59]
152: [86]
153: [123]
154: [123]
155: [76]
156: [59]
157: [59]
158: [59]
159: [59, 65]
160: [66, 59, 65]
161: [66, 59]
162: [59]
163: [59]
164: [59]
165: [59]
166: [86]
167: [123]
168: [123]
169: [76]
170: [76]
171: [76]
172: [76]
173: [76]
174: [76, 86]
175: [86]
176: [86]
177: [86]
178: [86]
179: [86]
180: [86]
181: [123]
182: [123]
183: [123]
184: [123]
185: [123]
186: [123]
187: [123, 133]
188: [134, 123, 133]
189: [134, 123]
190: [123]
191: [123]
192: [123]
193: [123]
194: [123]
195: [123]
119
0: [111]
1: [111]
2: [111]
3: [111]
4: [111]
5: [111]
6: [134, 111]
7: [134, 135, 111]
8: [135, 111]
9: [111]
10: [111]
11: [111]
12: [111]
13: [111]
14: [111]
15: [77]
16: [77]
17: [77]
18: [77]
19: [77]
20: [77]
21: [87, 77]
22: [87]
23: [87]
24: [87]
25: [87]
26: [87]
27: [111]
28: [111]
29: [77]
30: [51]
31: [51]
32: [51]
33: [51]
34: [66, 51]
35: [66, 67, 51]
36: [67, 51]
37: [51]
38: [51]
39: [51]
40: [87]
41: [111]
42: [111]
43: [77]
44: [51]
45: [29]
46: [29]
47: [29]
48: [29]
49: [35, 29]
50: [35]
51: [35]
52: [35]
53: [51]
54: [87]
55: [111]
56: [111]
57: [77]
58: [51]
59: [29]
60: [15]
61: [15]
62: [22, 15]
63: [22, 23, 15]
64: [23, 15]
65: [15]
66: [35]
67: [51]
68: [87]
69: [111]
70: [111]
71: [77]
72: [51]
73: [29]
74: [15]
75: [5, 3]
76: [6, 3, 5]
77: [7, 3, 6, 5]
78: [3, 7, 6]
79: [15]
80: [35]
81: [51]
82: [87]
83: [111]
84: [111]
85: [77]
86: [51]
87: [29]
88: [15]
89: [5, 3]
90: [6]
91: [7, 5]
92: [3, 7, 6]
93: [15]
94: [35]
95: [51]
96: [87]
97: [111]
98: [111]
99: [98, 77]
100: [51]
101: [42, 29]
102: [15]
103: [10, 5, 3]
104: [6, 10]
105: [7, 10, 5]
106: [3, 10, 7, 6]
107: [15]
108: [42, 35]
109: [51]
110: [98, 87]
111: [111]
112: [123, 111]
113: [98, 77, 99]
114: [59, 51]
115: [42, 29, 43]
116: [19, 15]
117: [10, 5, 3]
118: [10, 5, 6, 3]
119: []
120: [3, 10, 7, 6]
121: [15, 19]
122: [43, 42, 35]
123: [51, 59]
124: [99, 98, 87]
125: [111, 123]
126: [123]
127: [77, 99]
128: [59]
129: [29, 43]
130: [19]
131: [19]
132: [19, 22]
133: [23, 19, 22]
134: [23, 19]
135: [19]
136: [43, 35]
137: [59]
138: [99, 87]
139: [123]
140: [123]
141: [77]
142: [59]
143: [29]
144: [29]
145: [29]
146: [29]
147: [29, 35]
148: [35]
149: [35]
150: [35]
151: [59]
152: [87]
153: [123]
154: [123]
155: [77]
156: [59]
157: [59]
158: [59]
159: [59]
160: [59, 66]
161: [67, 59, 66]
162: [67, 59]
163: [59]
164: [59]
165: [59]
166: [87]
167: [123]
168: [123]
169: [77]
170: [77]
171: [77]
172: [77]
173: [77]
174: [77]
175: [77, 87]
176: [87]
177: [87]
178: [87]
179: [87]
180: [87]
181: [123]
182: [123]
183: [123]
184: [123]
185: [123]
186: [123]
187: [123]
188: [123, 134]
189: [135, 123, 134]
190: [135, 123]
191: [123]
192: [123]
193: [123]
194: [123]
195: [123]
120
0: [111]
1: [111]
2: [111]
3: [111]
4: [111]
5: [111]
6: [111]
7: [135, 111]
8: [135, 111, 136]
9: [111, 136]
10: [111]
11: [111]
12: [111]
13: [111]
14: [111]
15: [78]
16: [78]
17: [78]
18: [78]
19: [78]
20: [78]
21: [78]
22: [88, 78]
23: [88]
24: [88]
25: [88]
26: [88]
27: [111]
28: [111]
29: [78]
30: [51]
31: [51]
32: [51]
33: [51]
34: [51]
35: [67, 51]
36: [67, 51, 68]
37: [51, 68]
38: [51]
39: [51]
40: [88]
41: [111]
42: [111]
43: [78]
44: [51]
45: [30]
46: [30]
47: [30]
48: [30]
49: [30]
50: [36, 30]
51: [36]
52: [36]
53: [51]
54: [88]
55: [111]
56: [111]
57: [78]
58: [51]
59: [30]
60: [15]
61: [15]
62: [15]
63: [23, 15]
64: [23, 15, 24]
65: [15, 24]
66: [36]
67: [51]
68: [88]
69: [111]
70: [111]
71: [78]
72: [51]
73: [30]
74: [15]
75: [3]
76: [3, 6]
77: [3, 7, 6]
78: [3, 7, 6]
79: [15, 24]
80: [36]
81: [51]
82: [88]
83: [111]
84: [111]
85: [78]
86: [51]
87: [30]
88: [15]
89: [3]
90: [6]
91: [7]
92: [3, 7, 6]
93: [15, 24]
94: [36]
95: [51]
96: [88]
97: [111]
98: [111]
99: [98, 78]
100: [51]
101: [42, 30]
102: [15]
103: [10, 3]
104: [6, 10]
105: [7, 10]
106: [3, 10, 7, 6]
107: [15, 24]
108: [36, 42]
109: [51]
110: [88, 98]
111: [111]
112: [123, 111]
113: [98, 78, 99]
114: [59, 51]
115: [42, 30, 43]
116: [19, 15]
117: [10, 3]
118: [10, 6, 3]
119: [10, 6, 7, 3]
120: []
121: [15, 24, 19]
122: [43, 36, 42]
123: [51, 59]
124: [99, 88, 98]
125: [111, 123]
126: [123]
127: [78, 99]
128: [59]
129: [30, 43]
130: [19]
131: [19]
132: [19]
133: [19, 23]
134: [24, 19, 23]
135: [24, 19]
136: [43, 36]
137: [59]
138: [99, 88]
139: [123]
140: [123]
141: [78]
142: [59]
143: [30]
144: [30]
145: [30]
146: [30]
147: [30]
148: [30, 36]
149: [36]
150: [36]
151: [59]
152: [88]
153: [123]
154: [123]
155: [78]
156: [59]
157: [59]
158: [59]
159: [59]
160: [59]
161: [59, 67]
162: [68, 59, 67]
163: [68, 59]
164: [59]
165: [59]
166: [88]
167: [123]
168: [123]
169: [78]
170: [78]
171: [78]
172: [78]
173: [78]
174: [78]
175: [78]
176: [78, 88]
177: [88]
178: [88]
179: [88]
180: [88]
181: [123]
182: [123]
183: [123]
184: [123]
185: [123]
186: [123]
187: [123]
188: [123]
189: [123, 135]
190: [136, 123, 135]
191: [136, 123]
192: [123]
193: [123]
194: [123]
195: [123]
121
0: [111]
1: [111]
2: [111]
3: [111]
4: [111]
5: [111]
6: [111]
7: [111]
8: [136, 111]
9: [136, 111, 137]
10: [111, 137]
11: [111]
12: [111]
13: [111]
14: [111]
15: [79]
16: [79]
17: [79]
18: [79]
19: [79]
20: [79]
21: [79]
22: [79]
23: [89, 79]
24: [89]
25: [89]
26: [89]
27: [111]
28: [111]
29: [79]
30: [51]
31: [51]
32: [51]
33: [51]
34: [51]
35: [51]
36: [68, 51]
37: [68, 51, 69]
38: [51, 69]
39: [51]
40: [89]
41: [111]
42: [111]
43: [79]
44: [51]
45: [31]
46: [31]
47: [31]
48: [31]
49: [31]
50: [31]
51: [37, 31]
52: [37]
53: [51]
54: [89]
55: [111]
56: [111]
57: [79]
58: [51]
59: [31]
60: [15, 11]
61: [15, 11]
62: [15, 11]
63: [15, 11]
64: [24, 15, 11]
65: [24, 15, 11]
66: [37]
67: [51]
68: [89]
69: [111]
70: [111]
71: [79]
72: [51]
73: [31]
74: [16, 11, 15]
75: [16]
76: [16]
77: [16]
78: [16, 24]
79: [16, 24, 15, 11]
80: [37]
81: [51]
82: [89]
83: [111]
84: [111]
85: [79]
86: [51]
87: [31]
88: [17, 16, 11, 15]
89: [17]
90: [17]
91: [17]
92: [17, 24]
93: [16, 17, 24, 15, 11]
94: [37]
95: [51]
96: [89]
97: [111]
98: [111]
99: [98, 79]
100: [51]
101: [42, 31]
102: [18, 17, 11, 16, 15]
103: [18]
104: [18]
105: [18]
106: [18, 24]
107: [15, 16, 17, 18, 24, 11]
108: [37, 42]
109: [51]
110: [89, 98]
111: [111]
112: [123, 111]
113: [98, 99, 79]
114: [59, 51]
115: [42, 43, 31]
116: [19, 18, 11, 17, 16, 15]
117: [19, 15]
118: [19, 15]
119: [19, 15]
120: [19, 24, 15]
121: []
122: [43, 37, 42]
123: [51, 59]
124: [99, 89, 98]
125: [111, 123]
126: [123]
127: [99, 79]
128: [59]
129: [43, 31]
130: [19, 11, 18, 17, 16]
131: [11, 19, 18, 17, 16]
132: [11, 19, 18, 17, 16]
133: [11, 19, 18, 17, 16]
134: [11, 24, 19, 18, 17, 16]
135: [11, 24, 19, 18, 17, 16]
136: [43, 37]
137: [59]
138: [99, 89]
139: [123]
140: [123]
141: [79]
142: [59]
143: [31]
144: [31]
145: [31]
146: [31]
147: [31]
148: [31]
149: [31, 37]
150: [37]
151: [59]
152: [89]
153: [123]
154: [123]
155: [79]
156: [59]
157: [59]
158: [59]
159: [59]
160: [59]
161: [59]
162: [59, 68]
163: [69, 59, 68]
164: [69, 59]
165: [59]
166: [89]
167: [123]
168: [123]
169: [79]
170: [79]
171: [79]
172: [79]
173: [79]
174: [79]
175: [79]
176: [79]
177: [79, 89]
178: [89]
179: [89]
180: [89]
181: [123]
182: [123]
183: [123]
184: [123]
185: [123]
186: [123]
187: [123]
188: [123]
189: [123]
190: [136, 123]
191: [137, 136, 123]
192: [137, 123]
193: [123]
194: [123]
195: [123]
122
0: [111]
1: [111]
2: [111]
3: [111]
4: [111]
5: [111]
6: [111]
7: [111]
8: [111]
9: [137, 111]
10: [137, 111, 138]
11: [111, 138]
12: [111]
13: [111]
14: [111]
15: [80]
16: [80]
17: [80]
18: [80]
19: [80]
20: [80]
21: [80]
22: [80]
23: [80]
24: [90, 80]
25: [90]
26: [90]
27: [111]
28: [111]
29: [80]
30: [51]
31: [51]
32: [51]
33: [51]
34: [51]
35: [51]
36: [51]
37: [69, 51]
38: [69, 51, 70]
39: [51, 70]
40: [90]
41: [111]
42: [111]
43: [80]
44: [51]
45: [25]
46: [25, 32]
47: [25, 33, 32]
48: [25, 34, 33, 32]
49: [25, 35, 34, 33, 32]
50: [25, 36, 35, 34, 33, 32]
51: [25, 37, 36, 35, 34, 33, 32]
52: [25, 37, 36, 35, 34, 33, 32]
53: [51, 70]
54: [90]
55: [111]
56: [111]
57: [80]
58: [51]
59: [25]
60: [32]
61: [33]
62: [34]
63: [35]
64: [36]
65: [37]
66: [25, 37, 36, 35, 34, 33, 32]
67: [51, 70]
68: [90]
69: [111]
70: [111]
71: [80]
72: [51]
73: [25]
74: [32]
75: [33]
76: [34]
77: [35]
78: [36]
79: [37]
80: [25, 37, 36, 35, 34, 33, 32]
81: [51, 70]
82: [90]
83: [111]
84: [111]
85: [80]
86: [51]
87: [25]
88: [32]
89: [33]
90: [34]
91: [35]
92: [36]
93: [37]
94: [25, 37, 36, 35, 34, 33, 32]
95: [51, 70]
96: [90]
97: [111]
98: [111]
99: [98, 80]
100: [51]
101: [42, 25]
102: [42, 32]
103: [33, 42]
104: [34, 42]
105: [35, 42]
106: [36, 42]
107: [37, 42]
108: [25, 42, 37, 36, 35, 34, 33, 32]
109: [51, 70]
110: [90, 98]
111: [111]
112: [123, 111]
113: [98, 99, 80]
114: [59, 51]
115: [42, 43, 25]
116: [42, 32, 43]
117: [42, 33, 43]
118: [42, 34, 43]
119: [42, 35, 43]
120: [42, 36, 43]
121: [42, 37, 43]
122: []
123: [51, 70, 59]
124: [99, 90, 98]
125: [111, 123]
126: [123]
127: [99, 80]
128: [59]
129: [43, 25]
130: [43, 32]
131: [43, 33]
132: [43, 34]
133: [43, 35]
134: [43, 36]
135: [43, 37]
136: [32, 33, 34, 35, 36, 37, 43, 25]
137: [70, 59]
138: [99, 90]
139: [123]
140: [123]
141: [80]
142: [59]
143: [25]
144: [32, 25]
145: [32, 33, 25]
146: [32, 33, 34, 25]
147: [32, 33, 34, 35, 25]
148: [32, 33, 34, 35, 36, 25]
149: [32, 33, 34, 35, 36, 37, 25]
150: [32, 33, 34, 35, 36, 37, 25]
151: [70, 59]
152: [90]
153: [123]
154: [123]
155: [80]
156: [59]
157: [59]
158: [59]
159: [59]
160: [59]
161: [59]
162: [59]
163: [69, 59]
164: [70, 69, 59]
165: [70, 59]
166: [90]
167: [123]
168: [123]
169: [80]
170: [80]
171: [80]
172: [80]
173: [80]
174: [80]
175: [80]
176: [80]
177: [80]
178: [80, 90]
179: [90]
180: [90]
181: [123]
182: [123]
183: [123]
184: [123]
185: [123]
186: [123]
187: [123]
188: [123]
189: [123]
190: [123]
191: [137, 123]
192: [138, 137, 123]
193: [138, 123]
194: [123]
195: [123]
123
0: [111]
1: [111]
2: [111]
3: [111]
4: [111]
5: [111]
6: [111]
7: [111]
8: [111]
9: [111]
10: [138, 111]
11: [138, 111, 139]
12: [111, 139]
13: [111]
14: [111]
15: [81]
16: [81]
17: [81]
18: [81]
19: [81]
20: [81]
21: [81]
22: [81]
23: [81]
24: [81]
25: [91, 81]
26: [91]
27: [111]
28: [111]
29: [81]
30: [51, 52, 53, 45]
31: [51, 52, 53, 45]
32: [51, 52, 53, 45]
33: [51, 52, 53, 45]
34: [51, 52, 53, 45]
35: [51, 52, 53, 45]
36: [51, 52, 53, 45]
37: [51, 52, 53, 45]
38: [51, 52, 53, 70, 45]
39: [51, 52, 53, 70, 45]
40: [91]
41: [111]
42: [111]
43: [81]
44: [54, 51, 52, 53, 45]
45: [54]
46: [54]
47: [54]
48: [54]
49: [54]
50: [54]
51: [54]
52: [54, 70]
53: [70, 51, 52, 53, 54, 45]
54: [91]
55: [111]
56: [111]
57: [81]
58: [55, 54, 51, 52, 53, 45]
59: [55]
60: [55]
61: [55]
62: [55]
63: [55]
64: [55]
65: [55]
66: [55, 70]
67: [70, 51, 52, 53, 54, 55, 45]
68: [91]
69: [111]
70: [111]
71: [81]
72: [56, 55, 54, 53, 51, 52, 45]
73: [56]
74: [56]
75: [56]
76: [56]
77: [56]
78: [56]
79: [56]
80: [56, 70]
81: [70, 51, 52, 53, 54, 55, 56, 45]
82: [91]
83: [111]
84: [111]
85: [81]
86: [57, 56, 55, 45, 54, 51, 52, 53]
87: [57]
88: [57]
89: [57]
90: [57]
91: [57]
92: [57]
93: [57]
94: [57, 70]
95: [70, 51, 52, 53, 54, 55, 56, 57, 45]
96: [91]
97: [111]
98: [111]
99: [98, 81]
100: [58, 57, 56, 45, 55, 54, 51, 52, 53]
101: [58]
102: [58]
103: [58]
104: [58]
105: [58]
106: [58]
107: [58]
108: [58, 70]
109: [70, 51, 52, 53, 54, 55, 56, 57, 58, 45]
110: [91, 98]
111: [111]
112: [123, 111]
113: [98, 99, 81]
114: [59, 58, 57, 56, 45, 55, 54, 51, 52, 53]
115: [59, 51]
116: [59, 51]
117: [59, 51]
118: [59, 51]
119: [59, 51]
120: [59, 51]
121: [59, 51]
122: [59, 70, 51]
123: []
124: [99, 91, 98]
125: [111, 123]
126: [123]
127: [99, 81]
128: [59, 58, 57, 45, 56, 55, 54, 52, 53]
129: [52]
130: [52]
131: [52]
132: [52]
133: [52]
134: [52]
135: [52]
136: [70, 52]
137: [45, 70, 59, 58, 57, 56, 52, 55, 53, 54]
138: [99, 91]
139: [123]
140: [123]
141: [81]
142: [59, 58, 45, 57, 56, 55, 54, 53]
143: [53]
144: [53]
145: [53]
146: [53]
147: [53]
148: [53]
149: [53]
150: [70, 53]
151: [45, 70, 59, 58, 57, 56, 55, 53, 54]
152: [91]
153: [123]
154: [123]
155: [81]
156: [59, 45, 58, 57, 56, 55, 54]
157: [45, 59, 58, 57, 56, 55, 54]
158: [45, 59, 58, 57, 56, 55, 54]
159: [45, 59, 58, 57, 56, 55, 54]
160: [45, 59, 58, 57, 56, 55, 54]
161: [45, 59, 58, 57, 56, 55, 54]
162: [45, 59, 58, 57, 56, 55, 54]
163: [45, 59, 58, 57, 56, 55, 54]
164: [45, 70, 59, 58, 57, 56, 55, 54]
165: [45, 70, 59, 58, 57, 56, 55, 54]
166: [91]
167: [123]
168: [123]
169: [81]
170: [81]
171: [81]
172: [81]
173: [81]
174: [81]
175: [81]
176: [81]
177: [81]
178: [81]
179: [81, 91]
180: [91]
181: [123]
182: [123]
183: [123]
184: [123]
185: [123]
186: [123]
187: [123]
188: [123]
189: [123]
190: [123]
191: [123]
192: [138, 123]
193: [139, 138, 123]
194: [139, 123]
195: [123]
124
0: [111]
1: [111]
2: [111]
3: [111]
4: [111]
5: [111]
6: [111]
7: [111]
8: [111]
9: [111]
10: [111]
11: [139, 111]
12: [139, 111, 140]
13: [111, 140]
14: [111]
15: [71]
16: [71, 82]
17: [71, 83, 82]
18: [71, 84, 83, 82]
19: [71, 85, 84, 83, 82]
20: [71, 86, 85, 84, 83, 82]
21: [71, 87, 86, 85, 84, 83, 82]
22: [71, 88, 87, 86, 85, 84, 83, 82]
23: [71, 89, 88, 87, 86, 85, 84, 83, 82]
24: [71, 90, 89, 88, 87, 86, 85, 84, 83, 82]
25: [71, 91, 90, 89, 88, 87, 86, 85, 84, 83, 82]
26: [71, 91, 90, 89, 88, 87, 86, 85, 84, 83, 82]
27: [111, 140]
28: [111]
29: [71]
30: [82]
31: [83]
32: [84]
33: [85]
34: [86]
35: [87]
36: [88]
37: [89]
38: [90]
39: [91]
40: [71, 91, 90, 89, 88, 87, 86, 85, 84, 83, 82]
41: [111, 140]
42: [111]
43: [71]
44: [82]
45: [83]
46: [84]
47: [85]
48: [86]
49: [87]
50: [88]
51: [89]
52: [90]
53: [91]
54: [71, 91, 90, 89, 88, 87, 86, 85, 84, 83, 82]
55: [111, 140]
56: [111]
57: [71]
58: [82]
59: [83]
60: [84]
61: [85]
62: [86]
63: [87]
64: [88]
65: [89]
66: [90]
67: [91]
68: [71, 91, 90, 89, 88, 87, 86, 85, 84, 83, 82]
69: [111, 140]
70: [111]
71: [71]
72: [82]
73: [83]
74: [84]
75: [85]
76: [86]
77: [87]
78: [88]
79: [89]
80: [90]
81: [91]
82: [71, 91, 90, 89, 88, 87, 86, 85, 84, 83, 82]
83: [111, 140]
84: [111]
85: [71]
86: [82]
87: [83]
88: [84]
89: [85]
90: [86]
91: [87]
92: [88]
93: [89]
94: [90]
95: [91]
96: [71, 91, 90, 89, 88, 87, 86, 85, 84, 83, 82]
97: [111, 140]
98: [111]
99: [98, 71]
100: [98, 82]
101: [98, 83]
102: [98, 84]
103: [98, 85]
104: [86, 98]
105: [87, 98]
106: [88, 98]
107: [89, 98]
108: [90, 98]
109: [91, 98]
110: [71, 98, 91, 90, 89, 88, 87, 86, 85, 84, 83, 82]
111: [111, 140]
112: [123, 111]
113: [98, 99, 71]
114: [98, 99, 82]
115: [98, 99, 83]
116: [98, 99, 84]
117: [98, 85, 99]
118: [98, 86, 99]
119: [98, 87, 99]
120: [98, 88, 99]
121: [98, 89, 99]
122: [98, 90, 99]
123: [98, 91, 99]
124: []
125: [111, 140, 123]
126: [123]
127: [99, 71]
128: [99, 82]
129: [99, 83]
130: [99, 84]
131: [99, 85]
132: [99, 86]
133: [99, 87]
134: [99, 88]
135: [99, 89]
136: [99, 90]
137: [99, 91]
138: [99, 82, 83, 84, 85, 86, 87, 88, 89, 90, 91, 71]
139: [140, 123]
140: [123]
141: [71]
142: [82]
143: [83]
144: [84]
145: [85]
146: [86]
147: [87]
148: [88]
149: [89]
150: [90]
151: [91]
152: [82, 83, 84, 85, 86, 87, 88, 89, 90, 91, 71]
153: [140, 123]
154: [123]
155: [71]
156: [82]
157: [83]
158: [84]
159: [85]
160: [86]
161: [87]
162: [88]
163: [89]
164: [90]
165: [91]
166: [82, 83, 84, 85, 86, 87, 88, 89, 90, 91, 71]
167: [140, 123]
168: [123]
169: [71]
170: [82, 71]
171: [82, 83, 71]
172: [82, 83, 84, 71]
173: [82, 83, 84, 85, 71]
174: [82, 83, 84, 85, 86, 71]
175: [82, 83, 84, 85, 86, 87, 71]
176: [82, 83, 84, 85, 86, 87, 88, 71]
177: [82, 83, 84, 85, 86, 87, 88, 89, 71]
178: [82, 83, 84, 85, 86, 87, 88, 89, 90, 71]
179: [82, 83, 84, 85, 86, 87, 88, 89, 90, 91, 71]
180: [82, 83, 84, 85, 86, 87, 88, 89, 90, 91, 71]
181: [140, 123]
182: [123]
183: [123]
184: [123]
185: [123]
186: [123]
187: [123]
188: [123]
189: [123]
190: [123]
191: [123]
192: [123]
193: [139, 123]
194: [140, 139, 123]
195: [140, 123]
125
0: [111, 112, 113, 114, 115, 103]
1: [111, 112, 113, 114, 115, 103]
2: [111, 112, 113, 114, 115, 103]
3: [111, 112, 113, 114, 115, 103]
4: [111, 112, 113, 114, 115, 103]
5: [111, 112, 113, 114, 115, 103]
6: [111, 112, 113, 114, 115, 103]
7: [111, 112, 113, 114, 115, 103]
8: [111, 112, 113, 114, 115, 103]
9: [111, 112, 113, 114, 115, 103]
10: [111, 112, 113, 114, 115, 103]
11: [111, 112, 113, 114, 115, 103]
12: [140, 111, 112, 113, 114, 115, 103]
13: [140, 111, 112, 113, 114, 115, 103]
14: [116, 111, 112, 113, 114, 115, 103]
15: [116]
16: [116]
17: [116]
18: [116]
19: [116]
20: [116]
21: [116]
22: [116]
23: [116]
24: [116]
25: [116]
26: [116, 140]
27: [140, 111, 112, 113, 114, 115, 116, 103]
28: [117, 116, 111, 112, 113, 114, 115, 103]
29: [117]
30: [117]
31: [117]
32: [117]
33: [117]
34: [117]
35: [117]
36: [117]
37: [117]
38: [117]
39: [117]
40: [117, 140]
41: [140, 111, 112, 113, 114, 115, 116, 117, 103]
42: [118, 117, 116, 111, 112, 113, 114, 115, 103]
43: [118]
44: [118]
45: [118]
46: [118]
47: [118]
48: [118]
49: [118]
50: [118]
51: [118]
52: [118]
53: [118]
54: [118, 140]
55: [140, 111, 112, 113, 114, 115, 116, 117, 118, 103]
56: [119, 118, 117, 116, 111, 112, 113, 114, 115, 103]
57: [119]
58: [119]
59: [119]
60: [119]
61: [119]
62: [119]
63: [119]
64: [119]
65: [119]
66: [119]
67: [119]
68: [119, 140]
69: [140, 111, 112, 113, 114, 115, 116, 117, 118, 119, 103]
70: [120, 119, 118, 117, 116, 103, 111, 112, 113, 114, 115]
71: [120]
72: [120]
73: [120]
74: [120]
75: [120]
76: [120]
77: [120]
78: [120]
79: [120]
80: [120]
81: [120]
82: [120, 140]
83: [140, 111, 112, 113, 114, 115, 116, 117, 118, 119, 120, 103]
84: [121, 120, 119, 118, 117, 116, 103, 111, 112, 113, 114, 115]
85: [121]
86: [121]
87: [121]
88: [121]
89: [121]
90: [121]
91: [121]
92: [121]
93: [121]
94: [121]
95: [121]
96: [121, 140]
97: [140, 111, 112, 113, 114, 115, 116, 117, 118, 119, 120, 121, 103]
98: [122, 121, 120, 119, 118, 117, 103, 116, 111, 112, 113, 114, 115]
99: [122]
100: [122]
101: [122]
102: [122]
103: [122]
104: [122]
105: [122]
106: [122]
107: [122]
108: [122]
109: [122]
110: [122, 140]
111: [140, 111, 112, 113, 114, 115, 116, 117, 118, 119, 120, 121, 122, 103]
112: [123, 122, 121, 120, 119, 118, 103, 117, 116, 111, 112, 113, 114, 115]
113: [123, 111]
114: [123, 111]
115: [123, 111]
116: [123, 111]
117: [123, 111]
118: [123, 111]
119: [123, 111]
120: [123, 111]
121: [123, 111]
122: [123, 111]
123: [123, 111]
124: [123, 140, 111]
125: []
126: [123, 122, 121, 120, 119, 103, 118, 117, 116, 112, 113, 114, 115]
127: [112]
128: [112]
129: [112]
130: [112]
131: [112]
132: [112]
133: [112]
134: [112]
135: [112]
136: [112]
137: [112]
138: [140, 112]
139: [103, 140, 123, 122, 121, 120, 112, 119, 113, 118, 114, 117, 115, 116]
140: [123, 122, 121, 120, 103, 119, 118, 117, 116, 113, 114, 115]
141: [113]
142: [113]
143: [113]
144: [113]
145: [113]
146: [113]
147: [113]
148: [113]
149: [113]
150: [113]
151: [113]
152: [140, 113]
153: [103, 140, 123, 122, 121, 120, 119, 113, 118, 114, 117, 115, 116]
154: [123, 122, 121, 103, 120, 119, 118, 117, 116, 114, 115]
155: [114]
156: [114]
157: [114]
158: [114]
159: [114]
160: [114]
161: [114]
162: [114]
163: [114]
164: [114]
165: [114]
166: [140, 114]
167: [103, 140, 123, 122, 121, 120, 119, 118, 114, 117, 115, 116]
168: [123, 122, 103, 121, 120, 119, 118, 117, 116, 115]
169: [115]
170: [115]
171: [115]
172: [115]
173: [115]
174: [115]
175: [115]
176: [115]
177: [115]
178: [115]
179: [115]
180: [140, 115]
181: [103, 140, 123, 122, 121, 120, 119, 118, 117, 115, 116]
182: [123, 103, 122, 121, 120, 119, 118, 117, 116]
183: [103, 123, 122, 121, 120, 119, 118, 117, 116]
184: [103, 123, 122, 121, 120, 119, 118, 117, 116]
185: [103, 123, 122, 121, 120, 119, 118, 117, 116]
186: [103, 123, 122, 121, 120, 119, 118, 117, 116]
187: [103, 123, 122, 121, 120, 119, 118, 117, 116]
188: [103, 123, 122, 121, 120, 119, 118, 117, 116]
189: [103, 123, 122, 121, 120, 119, 118, 117, 116]
190: [103, 123, 122, 121, 120, 119, 118, 117, 116]
191: [103, 123, 122, 121, 120, 119, 118, 117, 116]
192: [103, 123, 122, 121, 120, 119, 118, 117, 116]
193: [103, 123, 122, 121, 120, 119, 118, 117, 116]
194: [103, 140, 123, 122, 121, 120, 119, 118, 117, 116]
195: [103, 140, 123, 122, 121, 120, 119, 118, 117, 116]
126
0: [103, 128, 112, 113, 114, 115]
1: [103, 128, 112, 113, 114, 115]
2: [103, 112, 113, 114, 115]
3: [103, 112, 113, 114, 115]
4: [103, 112, 113, 114, 115]
5: [103, 112, 113, 114, 115]
6: [103, 112, 113, 114, 115]
7: [103, 112, 113, 114, 115]
8: [103, 112, 113, 114, 115]
9: [103, 112, 113, 114, 115]
10: [103, 112, 113, 114, 115]
11: [103, 112, 113, 114, 115]
12: [103, 112, 113, 114, 115]
13: [112, 103, 113, 114, 115]
14: [103, 128, 112, 113, 114, 115, 116]
15: [128, 116]
16: [116]
17: [116]
18: [116]
19: [116]
20: [116]
21: [116]
22: [116]
23: [116]
24: [116]
25: [116]
26: [116]
27: [112, 113, 103, 114, 115, 116]
28: [103, 128, 112, 113, 114, 117, 115, 116]
29: [128, 117]
30: [117]
31: [117]
32: [117]
33: [117]
34: [117]
35: [117]
36: [117]
37: [117]
38: [117]
39: [117]
40: [117]
41: [112, 113, 114, 103, 115, 116, 117]
42: [103, 128, 112, 113, 118, 114, 117, 115, 116]
43: [128, 118]
44: [118]
45: [118]
46: [118]
47: [118]
48: [118]
49: [118]
50: [118]
51: [118]
52: [118]
53: [118]
54: [118]
55: [112, 113, 114, 115, 103, 116, 117, 118]
56: [103, 128, 112, 119, 113, 118, 114, 117, 115, 116]
57: [128, 119]
58: [119]
59: [119]
60: [119]
61: [119]
62: [119]
63: [119]
64: [119]
65: [119]
66: [119]
67: [119]
68: [119]
69: [112, 113, 114, 115, 103, 116, 117, 118, 119]
70: [103, 128, 120, 112, 119, 113, 118, 114, 117, 115, 116]
71: [128, 120]
72: [120]
73: [120]
74: [120]
75: [120]
76: [120]
77: [120]
78: [120]
79: [120]
80: [120]
81: [120]
82: [120]
83: [112, 113, 114, 115, 116, 117, 118, 119, 120, 103]
84: [103, 128, 121, 120, 112, 119, 113, 118, 114, 117, 115, 116]
85: [128, 121]
86: [121]
87: [121]
88: [121]
89: [121]
90: [121]
91: [121]
92: [121]
93: [121]
94: [121]
95: [121]
96: [121]
97: [112, 113, 114, 115, 116, 117, 118, 119, 120, 121, 103]
98: [103, 128, 122, 121, 120, 112, 119, 113, 118, 114, 117, 115, 116]
99: [128, 122]
100: [122]
101: [122]
102: [122]
103: [122]
104: [122]
105: [122]
106: [122]
107: [122]
108: [122]
109: [122]
110: [122]
111: [112, 113, 114, 115, 116, 117, 118, 119, 120, 121, 122, 103]
112: [103, 128, 123, 122, 121, 120, 112, 119, 113, 118, 114, 117, 115, 116]
113: [128, 123]
114: [123]
115: [123]
116: [123]
117: [123]
118: [123]
119: [123]
120: [123]
121: [123]
122: [123]
123: [123]
124: [123]
125: [112, 113, 114, 115, 116, 117, 118, 119, 120, 121, 122, 123, 103]
126: []
127: [112, 128, 124]
128: [112, 124]
129: [112, 124]
130: [112, 124]
131: [112, 124]
132: [112, 124]
133: [112, 124]
134: [112, 124]
135: [112, 124]
136: [112, 124]
137: [112, 124]
138: [112, 124]
139: [112, 113, 114, 115, 116, 117, 118, 119, 120, 121, 122, 123, 124, 103]
140: [128, 113, 114, 115, 116, 117, 118, 119, 120, 121, 122, 123, 124, 103]
141: [113, 128]
142: [113]
143: [113]
144: [113]
145: [113]
146: [113]
147: [113]
148: [113]
149: [113]
150: [113]
151: [113]
152: [113]
153: [113, 114, 115, 116, 117, 118, 119, 120, 121, 122, 123, 124, 103]
154: [128, 114, 115, 116, 117, 118, 119, 120, 121, 122, 123, 124, 103]
155: [114, 128]
156: [114]
157: [114]
158: [114]
159: [114]
160: [114]
161: [114]
162: [114]
163: [114]
164: [114]
165: [114]
166: [114]
167: [114, 115, 116, 117, 118, 119, 120, 121, 122, 123, 124, 103]
168: [128, 115, 116, 117, 118, 119, 120, 121, 122, 123, 124, 103]
169: [115, 128]
170: [115]
171: [115]
172: [115]
173: [115]
174: [115]
175: [115]
176: [115]
177: [115]
178: [115]
179: [115]
180: [115]
181: [115, 116, 117, 118, 119, 120, 121, 122, 123, 124, 103]
182: [128, 116, 117, 118, 119, 120, 121, 122, 123, 124, 103]
183: [128, 116, 117, 118, 119, 120, 121, 122, 123, 124, 103]
184: [116, 117, 118, 119, 120, 121, 122, 123, 124, 103]
185: [116, 117, 118, 119, 120, 121, 122, 123, 124, 103]
186: [116, 117, 118, 119, 120, 121, 122, 123, 124, 103]
187: [116, 117, 118, 119, 120, 121, 122, 123, 124, 103]
188: [116, 117, 118, 119, 120, 121, 122, 123, 124, 103]
189: [116, 117, 118, 119, 120, 121, 122, 123, 124, 103]
190: [116, 117, 118, 119, 120, 121, 122, 123, 124, 103]
191: [116, 117, 118, 119, 120, 121, 122, 123, 124, 103]
192: [116, 117, 118, 119, 120, 121, 122, 123, 124, 103]
193: [116, 117, 118, 119, 120, 121, 122, 123, 124, 103]
194: [116, 117, 118, 119, 120, 121, 122, 123, 124, 103]
195: [116, 117, 118, 119, 120, 121, 122, 123, 124, 103]
127
0: [128, 112]
1: [128, 129, 112]
2: [129, 112]
3: [112]
4: [112]
5: [112]
6: [112]
7: [112]
8: [112]
9: [112]
10: [112]
11: [112]
12: [112]
13: [112]
14: [128, 112]
15: [72, 73, 74, 75, 76, 77, 78, 79, 80, 81, 71]
16: [72, 73, 74, 75, 76, 77, 78, 79, 80, 81, 71]
17: [73, 74, 75, 76, 77, 78, 79, 80, 81, 71]
18: [74, 75, 76, 77, 78, 79, 80, 81, 71]
19: [75, 76, 77, 78, 79, 80, 81, 71]
20: [76, 77, 78, 79, 80, 81, 71]
21: [77, 78, 79, 80, 81, 71]
22: [80, 81, 78, 79, 71]
23: [80, 81, 79, 71]
24: [80, 81, 71]
25: [81, 71]
26: [71]
27: [112]
28: [128, 112]
29: [72, 73, 74, 75, 76, 77, 78, 79, 80, 81, 71]
30: [72]
31: [73]
32: [74]
33: [75]
34: [76]
35: [77]
36: [78]
37: [79]
38: [80]
39: [81]
40: [71]
41: [112]
42: [128, 112]
43: [72, 73, 74, 75, 76, 77, 78, 79, 80, 81, 71]
44: [72]
45: [73]
46: [74]
47: [75]
48: [76]
49: [77]
50: [78]
51: [79]
52: [80]
53: [81]
54: [71]
55: [112]
56: [128, 112]
57: [72, 73, 74, 75, 76, 77, 78, 79, 80, 81, 71]
58: [72]
59: [73]
60: [74]
61: [75]
62: [76]
63: [77]
64: [78]
65: [79]
66: [80]
67: [81]
68: [71]
69: [112]
70: [128, 112]
71: [72, 73, 74, 75, 76, 77, 78, 79, 80, 81, 71]
72: [72]
73: [73]
74: [74]
75: [75]
76: [76]
77: [77]
78: [78]
79: [79]
80: [80]
81: [81]
82: [71]
83: [112]
84: [128, 112]
85: [72, 73, 74, 75, 76, 77, 78, 79, 80, 81, 71]
86: [72]
87: [73]
88: [74]
89: [75]
90: [76]
91: [77]
92: [78]
93: [79]
94: [80]
95: [81]
96: [71]
97: [112]
98: [128, 112]
99: [72, 73, 74, 75, 76, 77, 78, 79, 80, 81, 71]
100: [72]
101: [73]
102: [74]
103: [75]
104: [76]
105: [77]
106: [78]
107: [79]
108: [80]
109: [81]
110: [71]
111: [112]
112: [128, 112]
113: [99, 72, 73, 74, 75, 76, 77, 78, 79, 80, 81, 71]
114: [99, 72]
115: [99, 73]
116: [99, 74]
117: [99, 75]
118: [99, 76]
119: [99, 77]
120: [99, 78]
121: [99, 79]
122: [99, 80]
123: [99, 81]
124: [99, 71]
125: [112]
126: [124, 128, 112]
127: []
128: [100, 72, 99]
129: [100, 73, 99]
130: [100, 74, 99]
131: [100, 99, 75]
132: [100, 99, 76]
133: [100, 99, 77]
134: [100, 99, 78]
135: [100, 99, 79]
136: [100, 99, 80]
137: [100, 99, 81]
138: [100, 99, 71]
139: [112, 124]
140: [124, 128]
141: [71, 72, 100, 73, 74, 75, 76, 77, 78, 79, 80, 81]
142: [72, 100]
143: [73, 100]
144: [74, 100]
145: [100, 75]
146: [100, 76]
147: [100, 77]
148: [100, 78]
149: [100, 79]
150: [100, 80]
151: [100, 81]
152: [100, 71]
153: [124]
154: [124, 128]
155: [71, 72, 73, 74, 75, 76, 77, 78, 79, 80, 81]
156: [72]
157: [73]
158: [74]
159: [75]
160: [76]
161: [77]
162: [78]
163: [79]
164: [80]
165: [81]
166: [71]
167: [124]
168: [124, 128]
169: [71, 72, 73, 74, 75, 76, 77, 78, 79, 80, 81]
170: [71, 72, 73, 74, 75, 76, 77, 78, 79, 80, 81]
171: [71, 73, 74, 75, 76, 77, 78, 79, 80, 81]
172: [71, 74, 75, 76, 77, 78, 79, 80, 81]
173: [71, 75, 76, 77, 78, 79, 80, 81]
174: [71, 76, 77, 78, 79, 80, 81]
175: [71, 77, 78, 79, 80, 81]
176: [71, 78, 79, 80, 81]
177: [71, 79, 80, 81]
178: [71, 80, 81]
179: [71, 81]
180: [71]
181: [124]
182: [124, 128]
183: [129, 124, 128]
184: [129, 124]
185: [124]
186: [124]
187: [124]
188: [124]
189: [124]
190: [124]
191: [124]
192: [124]
193: [124]
194: [124]
195: [124]
128
0: [112]
1: [129, 112]
2: [129, 130, 112]
3: [130, 112]
4: [112]
5: [112]
6: [112]
7: [112]
8: [112]
9: [112]
10: [112]
11: [112]
12: [112]
13: [112]
14: [112]
15: [72]
16: [82, 72]
17: [82]
18: [82]
19: [82]
20: [82]
21: [82]
22: [82]
23: [82]
24: [82]
25: [82]
26: [82]
27: [112]
28: [112]
29: [72]
30: [45, 62, 52, 53]
31: [45, 62, 52, 53]
32: [45, 52, 53]
33: [45, 52, 53]
34: [45, 52, 53]
35: [45, 52, 53]
36: [45, 52, 53]
37: [45, 52, 53]
38: [45, 52, 53]
39: [52, 45, 53]
40: [82]
41: [112]
42: [112]
43: [72]
44: [45, 62, 52, 53, 54]
45: [62, 54]
46: [54]
47: [54]
48: [54]
49: [54]
50: [54]
51: [54]
52: [54]
53: [52, 53, 45, 54]
54: [82]
55: [112]
56: [112]
57: [72]
58: [45, 62, 52, 55, 53, 54]
59: [62, 55]
60: [55]
61: [55]
62: [55]
63: [55]
64: [55]
65: [55]
66: [55]
67: [52, 53, 45, 54, 55]
68: [82]
69: [112]
70: [112]
71: [72]
72: [45, 62, 56, 52, 55, 53, 54]
73: [62, 56]
74: [56]
75: [56]
76: [56]
77: [56]
78: [56]
79: [56]
80: [56]
81: [52, 53, 56, 54, 55, 45]
82: [82]
83: [112]
84: [112]
85: [72]
86: [45, 62, 57, 56, 52, 55, 53, 54]
87: [62, 57]
88: [57]
89: [57]
90: [57]
91: [57]
92: [57]
93: [57]
94: [57]
95: [52, 53, 56, 57, 54, 55, 45]
96: [82]
97: [112]
98: [112]
99: [72]
100: [45, 62, 58, 57, 56, 52, 55, 53, 54]
101: [62, 58]
102: [58]
103: [58]
104: [58]
105: [58]
106: [58]
107: [58]
108: [58]
109: [52, 53, 54, 55, 56, 57, 58, 45]
110: [82]
111: [112]
112: [112]
113: [99, 72]
114: [45, 62, 59, 58, 57, 56, 52, 55, 53, 54]
115: [62, 59]
116: [59]
117: [59]
118: [59]
119: [59]
120: [59]
121: [59]
122: [59]
123: [52, 53, 54, 55, 56, 57, 58, 59, 45]
124: [99, 82]
125: [112]
126: [124, 112]
127: [99, 72, 100]
128: []
129: [52, 62, 60]
130: [52, 60]
131: [52, 60]
132: [52, 60]
133: [52, 60]
134: [52, 60]
135: [52, 60]
136: [52, 60]
137: [52, 53, 54, 55, 56, 57, 58, 59, 60, 45]
138: [100, 99, 82]
139: [112, 124]
140: [124]
141: [72, 100]
142: [53, 54, 55, 56, 57, 58, 59, 60, 62, 45]
143: [53, 62]
144: [53]
145: [53]
146: [53]
147: [53]
148: [53]
149: [53]
150: [53]
151: [53, 54, 55, 56, 57, 58, 59, 60, 45]
152: [100, 82]
153: [124]
154: [124]
155: [72]
156: [54, 55, 56, 57, 58, 59, 60, 62, 45]
157: [54, 55, 56, 57, 58, 59, 60, 62, 45]
158: [54, 55, 56, 57, 58, 59, 60, 45]
159: [54, 55, 56, 57, 58, 59, 60, 45]
160: [54, 55, 56, 57, 58, 59, 60, 45]
161: [54, 55, 56, 57, 58, 59, 60, 45]
162: [54, 55, 56, 57, 58, 59, 60, 45]
163: [54, 55, 56, 57, 58, 59, 60, 45]
164: [54, 55, 56, 57, 58, 59, 60, 45]
165: [54, 55, 56, 57, 58, 59, 60, 45]
166: [82]
167: [124]
168: [124]
169: [72]
170: [72, 82]
171: [82]
172: [82]
173: [82]
174: [82]
175: [82]
176: [82]
177: [82]
178: [82]
179: [82]
180: [82]
181: [124]
182: [124]
183: [124, 129]
184: [130, 124, 129]
185: [130, 124]
186: [124]
187: [124]
188: [124]
189: [124]
190: [124]
191: [124]
192: [124]
193: [124]
194: [124]
195: [124]
129
0: [112]
1: [112]
2: [130, 112]
3: [130, 131, 112]
4: [131, 112]
5: [112]
6: [112]
7: [112]
8: [112]
9: [112]
10: [112]
11: [112]
12: [112]
13: [112]
14: [112]
15: [73]
16: [73]
17: [83, 73]
18: [83]
19: [83]
20: [83]
21: [83]
22: [83]
23: [83]
24: [83]
25: [83]
26: [83]
27: [112]
28: [112]
29: [73]
30: [62, 52]
31: [62, 63, 52]
32: [63, 52]
33: [52]
34: [52]
35: [52]
36: [52]
37: [52]
38: [52]
39: [52]
40: [83]
41: [112]
42: [112]
43: [73]
44: [62, 52]
45: [26, 27, 28, 29, 30, 31, 25]
46: [26, 27, 28, 29, 30, 31, 25]
47: [27, 28, 29, 30, 31, 25]
48: [28, 29, 30, 31, 25]
49: [29, 30, 31, 25]
50: [30, 31, 25]
51: [31, 25]
52: [25]
53: [52]
54: [83]
55: [112]
56: [112]
57: [73]
58: [62, 52]
59: [26, 27, 28, 29, 30, 31, 25]
60: [26]
61: [27]
62: [28]
63: [29]
64: [30]
65: [31]
66: [25]
67: [52]
68: [83]
69: [112]
70: [112]
71: [73]
72: [62, 52]
73: [26, 27, 28, 29, 30, 31, 25]
74: [26]
75: [27]
76: [28]
77: [29]
78: [30]
79: [31]
80: [25]
81: [52]
82: [83]
83: [112]
84: [112]
85: [73]
86: [62, 52]
87: [26, 27, 28, 29, 30, 31, 25]
88: [26]
89: [27]
90: [28]
91: [29]
92: [30]
93: [31]
94: [25]
95: [52]
96: [83]
97: [112]
98: [112]
99: [73]
100: [62, 52]
101: [26, 27, 28, 29, 30, 31, 25]
102: [26]
103: [27]
104: [28]
105: [29]
106: [30]
107: [31]
108: [25]
109: [52]
110: [83]
111: [112]
112: [112]
113: [99, 73]
114: [62, 52]
115: [43, 26, 27, 28, 29, 30, 31, 25]
116: [43, 26]
117: [43, 27]
118: [43, 28]
119: [43, 29]
120: [43, 30]
121: [43, 31]
122: [43, 25]
123: [52]
124: [99, 83]
125: [112]
126: [124, 112]
127: [99, 73, 100]
128: [60, 62, 52]
129: []
130: [44, 26, 43]
131: [44, 43, 27]
132: [44, 43, 28]
133: [44, 43, 29]
134: [44, 43, 30]
135: [44, 43, 31]
136: [44, 25, 43]
137: [52, 60]
138: [100, 99, 83]
139: [112, 124]
140: [124]
141: [73, 100]
142: [60, 62]
143: [25, 26, 44, 27, 28, 29, 30, 31]
144: [25, 26, 44, 27, 28, 29, 30, 31]
145: [25, 44, 27, 28, 29, 30, 31]
146: [25, 44, 28, 29, 30, 31]
147: [25, 44, 29, 30, 31]
148: [25, 44, 30, 31]
149: [25, 44, 31]
150: [25, 44]
151: [60]
152: [100, 83]
153: [124]
154: [124]
155: [73]
156: [60, 62]
157: [63, 60, 62]
158: [63, 60]
159: [60]
160: [60]
161: [60]
162: [60]
163: [60]
164: [60]
165: [60]
166: [83]
167: [124]
168: [124]
169: [73]
170: [73]
171: [73, 83]
172: [83]
173: [83]
174: [83]
175: [83]
176: [83]
177: [83]
178: [83]
179: [83]
180: [83]
181: [124]
182: [124]
183: [124]
184: [124, 130]
185: [131, 124, 130]
186: [131, 124]
187: [124]
188: [124]
189: [124]
190: [124]
191: [124]
192: [124]
193: [124]
194: [124]
195: [124]
130
0: [112]
1: [112]
2: [112]
3: [131, 112]
4: [131, 132, 112]
5: [132, 112]
6: [112]
7: [112]
8: [112]
9: [112]
10: [112]
11: [112]
12: [112]
13: [112]
14: [112]
15: [74]
16: [74]
17: [74]
18: [84, 74]
19: [84]
20: [84]
21: [84]
22: [84]
23: [84]
24: [84]
25: [84]
26: [84]
27: [112]
28: [112]
29: [74]
30: [52]
31: [63, 52]
32: [63, 64, 52]
33: [64, 52]
34: [52]
35: [52]
36: [52]
37: [52]
38: [52]
39: [52]
40: [84]
41: [112]
42: [112]
43: [74]
44: [52]
45: [26]
46: [32, 26]
47: [32]
48: [32]
49: [32]
50: [32]
51: [32]
52: [32]
53: [52]
54: [84]
55: [112]
56: [112]
57: [74]
58: [52]
59: [26]
60: [11, 20]
61: [11, 20]
62: [11]
63: [11]
64: [11]
65: [11]
66: [32]
67: [52]
68: [84]
69: [112]
70: [112]
71: [74]
72: [52]
73: [26]
74: [11, 20, 16]
75: [20, 16]
76: [16]
77: [16]
78: [16]
79: [16, 11]
80: [32]
81: [52]
82: [84]
83: [112]
84: [112]
85: [74]
86: [52]
87: [26]
88: [11, 20, 17, 16]
89: [20, 17]
90: [17]
91: [17]
92: [17]
93: [16, 17, 11]
94: [32]
95: [52]
96: [84]
97: [112]
98: [112]
99: [74]
100: [52]
101: [26]
102: [11, 20, 18, 17, 16]
103: [20, 18]
104: [18]
105: [18]
106: [18]
107: [16, 17, 18, 11]
108: [32]
109: [52]
110: [84]
111: [112]
112: [112]
113: [99, 74]
114: [52]
115: [43, 26]
116: [11, 19, 20, 18, 17, 16]
117: [20, 19]
118: [19]
119: [19]
120: [19]
121: [16, 17, 18, 19, 11]
122: [43, 32]
123: [52]
124: [99, 84]
125: [112]
126: [124, 112]
127: [99, 74, 100]
128: [60, 52]
129: [43, 26, 44]
130: []
131: [16, 17, 18, 19, 20, 11]
132: [16, 17, 18, 19, 11]
133: [16, 17, 18, 19, 11]
134: [16, 17, 18, 19, 11]
135: [16, 17, 18, 19, 11]
136: [44, 43, 32]
137: [52, 60]
138: [100, 99, 84]
139: [112, 124]
140: [124]
141: [74, 100]
142: [60]
143: [26, 44]
144: [26, 44, 32]
145: [44, 32]
146: [44, 32]
147: [44, 32]
148: [44, 32]
149: [44, 32]
150: [44, 32]
151: [60]
152: [100, 84]
153: [124]
154: [124]
155: [74]
156: [60]
157: [60, 63]
158: [64, 60, 63]
159: [64, 60]
160: [60]
161: [60]
162: [60]
163: [60]
164: [60]
165: [60]
166: [84]
167: [124]
168: [124]
169: [74]
170: [74]
171: [74]
172: [74, 84]
173: [84]
174: [84]
175: [84]
176: [84]
177: [84]
178: [84]
179: [84]
180: [84]
181: [124]
182: [124]
183: [124]
184: [124]
185: [124, 131]
186: [132, 124, 131]
187: [132, 124]
188: [124]
189: [124]
190: [124]
191: [124]
192: [124]
193: [124]
194: [124]
195: [124]
131
0: [112]
1: [112]
2: [112]
3: [112]
4: [132, 112]
5: [132, 133, 112]
6: [133, 112]
7: [112]
8: [112]
9: [112]
10: [112]
11: [112]
12: [112]
13: [112]
14: [112]
15: [75]
16: [75]
17: [75]
18: [75]
19: [85, 75]
20: [85]
21: [85]
22: [85]
23: [85]
24: [85]
25: [85]
26: [85]
27: [112]
28: [112]
29: [75]
30: [52]
31: [52]
32: [64, 52]
33: [64, 65, 52]
34: [65, 52]
35: [52]
36: [52]
37: [52]
38: [52]
39: [52]
40: [85]
41: [112]
42: [112]
43: [75]
44: [52]
45: [27]
46: [27]
47: [33, 27]
48: [33]
49: [33]
50: [33]
51: [33]
52: [33]
53: [52]
54: [85]
55: [112]
56: [112]
57: [75]
58: [52]
59: [27]
60: [11, 20]
61: [20, 11, 21]
62: [21, 11]
63: [11]
64: [11]
65: [11]
66: [33]
67: [52]
68: [85]
69: [112]
70: [112]
71: [75]
72: [52]
73: [27]
74: [11, 20, 16]
75: [20, 21, 16]
76: [21, 16]
77: [16]
78: [16]
79: [16, 11]
80: [33]
81: [52]
82: [85]
83: [112]
84: [112]
85: [75]
86: [52]
87: [27]
88: [11, 20, 17, 16]
89: [20, 21, 17]
90: [21, 17]
91: [17]
92: [17]
93: [16, 17, 11]
94: [33]
95: [52]
96: [85]
97: [112]
98: [112]
99: [75]
100: [52]
101: [27]
102: [11, 20, 18, 17, 16]
103: [20, 18, 21]
104: [21, 18]
105: [18]
106: [18]
107: [16, 17, 18, 11]
108: [33]
109: [52]
110: [85]
111: [112]
112: [112]
113: [99, 75]
114: [52]
115: [43, 27]
116: [11, 19, 20, 18, 17, 16]
117: [20, 19, 21]
118: [21, 19]
119: [19]
120: [19]
121: [16, 17, 18, 19, 11]
122: [43, 33]
123: [52]
124: [99, 85]
125: [112]
126: [124, 112]
127: [99, 75, 100]
128: [60, 52]
129: [43, 27, 44]
130: [11, 19, 20, 18, 17, 16]
131: []
132: [16, 17, 18, 19, 21, 11]
133: [16, 17, 18, 19, 11]
134: [16, 17, 18, 19, 11]
135: [16, 17, 18, 19, 11]
136: [44, 43, 33]
137: [52, 60]
138: [100, 99, 85]
139: [112, 124]
140: [124]
141: [75, 100]
142: [60]
143: [27, 44]
144: [27, 44]
145: [27, 44, 33]
146: [44, 33]
147: [44, 33]
148: [44, 33]
149: [44, 33]
150: [44, 33]
151: [60]
152: [100, 85]
153: [124]
154: [124]
155: [75]
156: [60]
157: [60]
158: [60, 64]
159: [65, 60, 64]
160: [65, 60]
161: [60]
162: [60]
163: [60]
164: [60]
165: [60]
166: [85]
167: [124]
168: [124]
169: [75]
170: [75]
171: [75]
172: [75]
173: [75, 85]
174: [85]
175: [85]
176: [85]
177: [85]
178: [85]
179: [85]
180: [85]
181: [124]
182: [124]
183: [124]
184: [124]
185: [124]
186: [124, 132]
187: [133, 124, 132]
188: [133, 124]
189: [124]
190: [124]
191: [124]
192: [124]
193: [124]
194: [124]
195: [124]
132
0: [112]
1: [112]
2: [112]
3: [112]
4: [112]
5: [133, 112]
6: [133, 134, 112]
7: [134, 112]
8: [112]
9: [112]
10: [112]
11: [112]
12: [112]
13: [112]
14: [112]
15: [76]
16: [76]
17: [76]
18: [76]
19: [76]
20: [86, 76]
21: [86]
22: [86]
23: [86]
24: [86]
25: [86]
26: [86]
27: [112]
28: [112]
29: [76]
30: [52]
31: [52]
32: [52]
33: [65, 52]
34: [65, 66, 52]
35: [66, 52]
36: [52]
37: [52]
38: [52]
39: [52]
40: [86]
41: [112]
42: [112]
43: [76]
44: [52]
45: [28]
46: [28]
47: [28]
48: [34, 28]
49: [34]
50: [34]
51: [34]
52: [34]
53: [52]
54: [86]
55: [112]
56: [112]
57: [76]
58: [52]
59: [28]
60: [11]
61: [21, 11]
62: [21, 22, 11]
63: [22, 11]
64: [11]
65: [11]
66: [34]
67: [52]
68: [86]
69: [112]
70: [112]
71: [76]
72: [52]
73: [28]
74: [11, 16]
75: [21, 16]
76: [21, 22, 16]
77: [22, 16]
78: [16]
79: [16, 11]
80: [34]
81: [52]
82: [86]
83: [112]
84: [112]
85: [76]
86: [52]
87: [28]
88: [11, 17, 16]
89: [21, 17]
90: [21, 17, 22]
91: [22, 17]
92: [17]
93: [16, 17, 11]
94: [34]
95: [52]
96: [86]
97: [112]
98: [112]
99: [76]
100: [52]
101: [28]
102: [11, 18, 17, 16]
103: [18, 21]
104: [21, 18, 22]
105: [22, 18]
106: [18]
107: [16, 17, 18, 11]
108: [34]
109: [52]
110: [86]
111: [112]
112: [112]
113: [99, 76]
114: [52]
115: [43, 28]
116: [11, 19, 18, 17, 16]
117: [19, 21]
118: [21, 19, 22]
119: [22, 19]
120: [19]
121: [16, 17, 18, 19, 11]
122: [43, 34]
123: [52]
124: [99, 86]
125: [112]
126: [124, 112]
127: [99, 76, 100]
128: [60, 52]
129: [43, 28, 44]
130: [11, 19, 18, 17, 16]
131: [11, 19, 21, 18, 17, 16]
132: []
133: [16, 17, 18, 19, 22, 11]
134: [16, 17, 18, 19, 11]
135: [16, 17, 18, 19, 11]
136: [44, 43, 34]
137: [52, 60]
138: [100, 99, 86]
139: [112, 124]
140: [124]
141: [76, 100]
142: [60]
143: [28, 44]
144: [28, 44]
145: [28, 44]
146: [28, 44, 34]
147: [44, 34]
148: [44, 34]
149: [44, 34]
150: [44, 34]
151: [60]
152: [100, 86]
153: [124]
154: [124]
155: [76]
156: [60]
157: [60]
158: [60]
159: [60, 65]
160: [66, 60, 65]
161: [66, 60]
162: [60]
163: [60]
164: [60]
165: [60]
166: [86]
167: [124]
168: [124]
169: [76]
170: [76]
171: [76]
172: [76]
173: [76]
174: [76, 86]
175: [86]
176: [86]
177: [86]
178: [86]
179: [86]
180: [86]
181: [124]
182: [124]
183: [124]
184: [124]
185: [124]
186: [124]
187: [124, 133]
188: [134, 124, 133]
189: [134, 124]
190: [124]
191: [124]
192: [124]
193: [124]
194: [124]
195: [124]
133
0: [112]
1: [112]
2: [112]
3: [112]
4: [112]
5: [112]
6: [134, 112]
7: [134, 135, 112]
8: [135, 112]
9: [112]
10: [112]
11: [112]
12: [112]
13: [112]
14: [112]
15: [77]
16: [77]
17: [77]
18: [77]
19: [77]
20: [77]
21: [87, 77]
22: [87]
23: [87]
24: [87]
25: [87]
26: [87]
27: [112]
28: [112]
29: [77]
30: [52]
31: [52]
32: [52]
33: [52]
34: [66, 52]
35: [66, 67, 52]
36: [67, 52]
37: [52]
38: [52]
39: [52]
40: [87]
41: [112]
42: [112]
43: [77]
44: [52]
45: [29]
46: [29]
47: [29]
48: [29]
49: [35, 29]
50: [35]
51: [35]
52: [35]
53: [52]
54: [87]
55: [112]
56: [112]
57: [77]
58: [52]
59: [29]
60: [11]
61: [11]
62: [22, 11]
63: [22, 23, 11]
64: [23, 11]
65: [11]
66: [35]
67: [52]
68: [87]
69: [112]
70: [112]
71: [77]
72: [52]
73: [29]
74: [11, 16]
75: [16]
76: [22, 16]
77: [22, 16, 23]
78: [23, 16]
79: [16, 11]
80: [35]
81: [52]
82: [87]
83: [112]
84: [112]
85: [77]
86: [52]
87: [29]
88: [11, 17, 16]
89: [17]
90: [17, 22]
91: [22, 17, 23]
92: [23, 17]
93: [16, 17, 11]
94: [35]
95: [52]
96: [87]
97: [112]
98: [112]
99: [77]
100: [52]
101: [29]
102: [11, 18, 17, 16]
103: [18]
104: [18, 22]
105: [22, 18, 23]
106: [23, 18]
107: [16, 17, 18, 11]
108: [35]
109: [52]
110: [87]
111: [112]
112: [112]
113: [99, 77]
114: [52]
115: [43, 29]
116: [11, 19, 18, 17, 16]
117: [19]
118: [19, 22]
119: [22, 19, 23]
120: [23, 19]
121: [16, 17, 18, 19, 11]
122: [43, 35]
123: [52]
124: [99, 87]
125: [112]
126: [124, 112]
127: [99, 77, 100]
128: [60, 52]
129: [43, 29, 44]
130: [11, 19, 18, 17, 16]
131: [11, 19, 18, 17, 16]
132: [11, 19, 22, 18, 17, 16]
133: []
134: [16, 17, 18, 19, 23, 11]
135: [16, 17, 18, 19, 11]
136: [44, 43, 35]
137: [52, 60]
138: [100, 99, 87]
139: [112, 124]
140: [124]
141: [77, 100]
142: [60]
143: [29, 44]
144: [29, 44]
145: [29, 44]
146: [29, 44]
147: [29, 44, 35]
148: [44, 35]
149: [44, 35]
150: [44, 35]
151: [60]
152: [100, 87]
153: [124]
154: [124]
155: [77]
156: [60]
157: [60]
158: [60]
159: [60]
160: [60, 66]
161: [67, 60, 66]
162: [67, 60]
163: [60]
164: [60]
165: [60]
166: [87]
167: [124]
168: [124]
169: [77]
170: [77]
171: [77]
172: [77]
173: [77]
174: [77]
175: [77, 87]
176: [87]
177: [87]
178: [87]
179: [87]
180: [87]
181: [124]
182: [124]
183: [124]
184: [124]
185: [124]
186: [124]
187: [124]
188: [124, 134]
189: [135, 124, 134]
190: [135, 124]
191: [124]
192: [124]
193: [124]
194: [124]
195: [124]
134
0: [112]
1: [112]
2: [112]
3: [112]
4: [112]
5: [112]
6: [112]
7: [135, 112]
8: [135, 112, 136]
9: [112, 136]
10: [112]
11: [112]
12: [112]
13: [112]
14: [112]
15: [78]
16: [78]
17: [78]
18: [78]
19: [78]
20: [78]
21: [78]
22: [88, 78]
23: [88]
24: [88]
25: [88]
26: [88]
27: [112]
28: [112]
29: [78]
30: [52]
31: [52]
32: [52]
33: [52]
34: [52]
35: [67, 52]
36: [67, 52, 68]
37: [52, 68]
38: [52]
39: [52]
40: [88]
41: [112]
42: [112]
43: [78]
44: [52]
45: [30]
46: [30]
47: [30]
48: [30]
49: [30]
50: [36, 30]
51: [36]
52: [36]
53: [52]
54: [88]
55: [112]
56: [112]
57: [78]
58: [52]
59: [30]
60: [11]
61: [11]
62: [11]
63: [23, 11]
64: [23, 24, 11]
65: [24, 11]
66: [36]
67: [52]
68: [88]
69: [112]
70: [112]
71: [78]
72: [52]
73: [30]
74: [11, 16]
75: [16]
76: [16]
77: [16, 23]
78: [23, 16, 24]
79: [16, 24, 11]
80: [36]
81: [52]
82: [88]
83: [112]
84: [112]
85: [78]
86: [52]
87: [30]
88: [11, 17, 16]
89: [17]
90: [17]
91: [17, 23]
92: [23, 17, 24]
93: [16, 17, 24, 11]
94: [36]
95: [52]
96: [88]
97: [112]
98: [112]
99: [78]
100: [52]
101: [30]
102: [11, 18, 17, 16]
103: [18]
104: [18]
105: [18, 23]
106: [23, 18, 24]
107: [16, 17, 18, 24, 11]
108: [36]
109: [52]
110: [88]
111: [112]
112: [112]
113: [99, 78]
114: [52]
115: [43, 30]
116: [11, 19, 18, 17, 16]
117: [19]
118: [19]
119: [19, 23]
120: [23, 19, 24]
121: [16, 17, 18, 19, 24, 11]
122: [43, 36]
123: [52]
124: [88, 99]
125: [112]
126: [124, 112]
127: [99, 78, 100]
128: [60, 52]
129: [43, 30, 44]
130: [11, 19, 18, 17, 16]
131: [11, 19, 18, 17, 16]
132: [11, 19, 18, 17, 16]
133: [11, 19, 23, 18, 17, 16]
134: []
135: [16, 17, 18, 19, 24, 11]
136: [44, 43, 36]
137: [52, 60]
138: [100, 88, 99]
139: [112, 124]
140: [124]
141: [78, 100]
142: [60]
143: [30, 44]
144: [30, 44]
145: [30, 44]
146: [30, 44]
147: [30, 44]
148: [30, 44, 36]
149: [44, 36]
150: [44, 36]
151: [60]
152: [100, 88]
153: [124]
154: [124]
155: [78]
156: [60]
157: [60]
158: [60]
159: [60]
160: [60]
161: [60, 67]
162: [68, 60, 67]
163: [68, 60]
164: [60]
165: [60]
166: [88]
167: [124]
168: [124]
169: [78]
170: [78]
171: [78]
172: [78]
173: [78]
174: [78]
175: [78]
176: [78, 88]
177: [88]
178: [88]
179: [88]
180: [88]
181: [124]
182: [124]
183: [124]
184: [124]
185: [124]
186: [124]
187: [124]
188: [124]
189: [124, 135]
190: [136, 124, 135]
191: [136, 124]
192: [124]
193: [124]
194: [124]
195: [124]
135
0: [112]
1: [112]
2: [112]
3: [112]
4: [112]
5: [112]
6: [112]
7: [112]
8: [136, 112]
9: [136, 112, 137]
10: [112, 137]
11: [112]
12: [112]
13: [112]
14: [112]
15: [79]
16: [79]
17: [79]
18: [79]
19: [79]
20: [79]
21: [79]
22: [79]
23: [89, 79]
24: [89]
25: [89]
26: [89]
27: [112]
28: [112]
29: [79]
30: [52]
31: [52]
32: [52]
33: [52]
34: [52]
35: [52]
36: [68, 52]
37: [68, 52, 69]
38: [52, 69]
39: [52]
40: [89]
41: [112]
42: [112]
43: [79]
44: [52]
45: [31]
46: [31]
47: [31]
48: [31]
49: [31]
50: [31]
51: [37, 31]
52: [37]
53: [52]
54: [89]
55: [112]
56: [112]
57: [79]
58: [52]
59: [31]
60: [11]
61: [11]
62: [11]
63: [11]
64: [24, 11]
65: [24, 11]
66: [37]
67: [52]
68: [89]
69: [112]
70: [112]
71: [79]
72: [52]
73: [31]
74: [16, 11]
75: [16]
76: [16]
77: [16]
78: [16, 24]
79: [16, 24, 11]
80: [37]
81: [52]
82: [89]
83: [112]
84: [112]
85: [79]
86: [52]
87: [31]
88: [17, 11, 16]
89: [17]
90: [17]
91: [17]
92: [17, 24]
93: [16, 17, 24, 11]
94: [37]
95: [52]
96: [89]
97: [112]
98: [112]
99: [79]
100: [52]
101: [31]
102: [18, 11, 17, 16]
103: [18]
104: [18]
105: [18]
106: [18, 24]
107: [16, 17, 18, 24, 11]
108: [37]
109: [52]
110: [89]
111: [112]
112: [112]
113: [99, 79]
114: [52]
115: [43, 31]
116: [19, 11, 18, 17, 16]
117: [19]
118: [19]
119: [19]
120: [19, 24]
121: [16, 17, 18, 19, 24, 11]
122: [37, 43]
123: [52]
124: [89, 99]
125: [112]
126: [124, 112]
127: [99, 79, 100]
128: [60, 52]
129: [43, 31, 44]
130: [11, 19, 18, 17, 16]
131: [11, 19, 18, 17, 16]
132: [11, 19, 18, 17, 16]
133: [11, 19, 18, 17, 16]
134: [11, 24, 19, 18, 17, 16]
135: []
136: [44, 37, 43]
137: [52, 60]
138: [100, 89, 99]
139: [112, 124]
140: [124]
141: [79, 100]
142: [60]
143: [31, 44]
144: [31, 44]
145: [31, 44]
146: [31, 44]
147: [31, 44]
148: [31, 44]
149: [31, 44, 37]
150: [44, 37]
151: [60]
152: [100, 89]
153: [124]
154: [124]
155: [79]
156: [60]
157: [60]
158: [60]
159: [60]
160: [60]
161: [60]
162: [60, 68]
163: [69, 60, 68]
164: [69, 60]
165: [60]
166: [89]
167: [124]
168: [124]
169: [79]
170: [79]
171: [79]
172: [79]
173: [79]
174: [79]
175: [79]
176: [79]
177: [79, 89]
178: [89]
179: [89]
180: [89]
181: [124]
182: [124]
183: [124]
184: [124]
185: [124]
186: [124]
187: [124]
188: [124]
189: [124]
190: [124, 136]
191: [137, 124, 136]
192: [137, 124]
193: [124]
194: [124]
195: [124]
136
0: [112]
1: [112]
2: [112]
3: [112]
4: [112]
5: [112]
6: [112]
7: [112]
8: [112]
9: [137, 112]
10: [137, 112, 138]
11: [112, 138]
12: [112]
13: [112]
14: [112]
15: [80]
16: [80]
17: [80]
18: [80]
19: [80]
20: [80]
21: [80]
22: [80]
23: [80]
24: [90, 80]
25: [90]
26: [90]
27: [112]
28: [112]
29: [80]
30: [52]
31: [52]
32: [52]
33: [52]
34: [52]
35: [52]
36: [52]
37: [69, 52]
38: [69, 52, 70]
39: [52, 70]
40: [90]
41: [112]
42: [112]
43: [80]
44: [52]
45: [25]
46: [25, 32]
47: [25, 33, 32]
48: [25, 34, 33, 32]
49: [25, 35, 34, 33, 32]
50: [25, 36, 35, 34, 33, 32]
51: [25, 37, 36, 35, 34, 33, 32]
52: [25, 37, 36, 35, 34, 33, 32]
53: [52, 70]
54: [90]
55: [112]
56: [112]
57: [80]
58: [52]
59: [25]
60: [32]
61: [33]
62: [34]
63: [35]
64: [36]
65: [37]
66: [25, 37, 36, 35, 34, 33, 32]
67: [52, 70]
68: [90]
69: [112]
70: [112]
71: [80]
72: [52]
73: [25]
74: [32]
75: [33]
76: [34]
77: [35]
78: [36]
79: [37]
80: [25, 37, 36, 35, 34, 33, 32]
81: [52, 70]
82: [90]
83: [112]
84: [112]
85: [80]
86: [52]
87: [25]
88: [32]
89: [33]
90: [34]
91: [35]
92: [36]
93: [37]
94: [25, 37, 36, 35, 34, 33, 32]
95: [52, 70]
96: [90]
97: [112]
98: [112]
99: [80]
100: [52]
101: [25]
102: [32]
103: [33]
104: [34]
105: [35]
106: [36]
107: [37]
108: [25, 37, 36, 35, 34, 33, 32]
109: [52, 70]
110: [90]
111: [112]
112: [112]
113: [99, 80]
114: [52]
115: [43, 25]
116: [32, 43]
117: [33, 43]
118: [34, 43]
119: [35, 43]
120: [36, 43]
121: [37, 43]
122: [25, 43, 37, 36, 35, 34, 33, 32]
123: [52, 70]
124: [90, 99]
125: [112]
126: [124, 112]
127: [99, 80, 100]
128: [60, 52]
129: [43, 44, 25]
130: [43, 32, 44]
131: [43, 33, 44]
132: [43, 34, 44]
133: [43, 35, 44]
134: [43, 36, 44]
135: [43, 37, 44]
136: []
137: [52, 70, 60]
138: [100, 90, 99]
139: [112, 124]
140: [124]
141: [80, 100]
142: [60]
143: [44, 25]
144: [32, 44, 25]
145: [32, 33, 44, 25]
146: [32, 33, 34, 44, 25]
147: [32, 33, 34, 35, 44, 25]
148: [32, 33, 34, 35, 36, 44, 25]
149: [32, 33, 34, 35, 36, 37, 44, 25]
150: [32, 33, 34, 35, 36, 37, 44, 25]
151: [70, 60]
152: [100, 90]
153: [124]
154: [124]
155: [80]
156: [60]
157: [60]
158: [60]
159: [60]
160: [60]
161: [60]
162: [60]
163: [60, 69]
164: [70, 60, 69]
165: [70, 60]
166: [90]
167: [124]
168: [124]
169: [80]
170: [80]
171: [80]
172: [80]
173: [80]
174: [80]
175: [80]
176: [80]
177: [80]
178: [80, 90]
179: [90]
180: [90]
181: [124]
182: [124]
183: [124]
184: [124]
185: [124]
186: [124]
187: [124]
188: [124]
189: [124]
190: [124]
191: [137, 124]
192: [138, 137, 124]
193: [138, 124]
194: [124]
195: [124]
137
0: [112]
1: [112]
2: [112]
3: [112]
4: [112]
5: [112]
6: [112]
7: [112]
8: [112]
9: [112]
10: [138, 112]
11: [138, 112, 139]
12: [112, 139]
13: [112]
14: [112]
15: [81]
16: [81]
17: [81]
18: [81]
19: [81]
20: [81]
21: [81]
22: [81]
23: [81]
24: [81]
25: [91, 81]
26: [91]
27: [112]
28: [112]
29: [81]
30: [52, 53, 45]
31: [52, 53, 45]
32: [52, 53, 45]
33: [52, 53, 45]
34: [52, 53, 45]
35: [52, 53, 45]
36: [52, 53, 45]
37: [52, 53, 45]
38: [52, 53, 70, 45]
39: [52, 53, 70, 45]
40: [91]
41: [112]
42: [112]
43: [81]
44: [54, 52, 53, 45]
45: [54]
46: [54]
47: [54]
48: [54]
49: [54]
50: [54]
51: [54]
52: [54, 70]
53: [70, 52, 53, 54, 45]
54: [91]
55: [112]
56: [112]
57: [81]
58: [55, 54, 53, 52, 45]
59: [55]
60: [55]
61: [55]
62: [55]
63: [55]
64: [55]
65: [55]
66: [55, 70]
67: [70, 52, 53, 54, 55, 45]
68: [91]
69: [112]
70: [112]
71: [81]
72: [56, 55, 45, 54, 52, 53]
73: [56]
74: [56]
75: [56]
76: [56]
77: [56]
78: [56]
79: [56]
80: [56, 70]
81: [70, 52, 53, 54, 55, 56, 45]
82: [91]
83: [112]
84: [112]
85: [81]
86: [57, 56, 45, 55, 54, 52, 53]
87: [57]
88: [57]
89: [57]
90: [57]
91: [57]
92: [57]
93: [57]
94: [57, 70]
95: [70, 52, 53, 54, 55, 56, 57, 45]
96: [91]
97: [112]
98: [112]
99: [81]
100: [58, 57, 56, 45, 55, 54, 52, 53]
101: [58]
102: [58]
103: [58]
104: [58]
105: [58]
106: [58]
107: [58]
108: [58, 70]
109: [70, 52, 53, 54, 55, 56, 57, 58, 45]
110: [91]
111: [112]
112: [112]
113: [99, 81]
114: [59, 58, 57, 45, 56, 55, 54, 52, 53]
115: [59]
116: [59]
117: [59]
118: [59]
119: [59]
120: [59]
121: [59]
122: [59, 70]
123: [70, 52, 53, 54, 55, 56, 57, 58, 59, 45]
124: [91, 99]
125: [112]
126: [124, 112]
127: [99, 100, 81]
128: [60, 59, 58, 45, 57, 56, 55, 54, 52, 53]
129: [60, 52]
130: [60, 52]
131: [60, 52]
132: [60, 52]
133: [60, 52]
134: [60, 52]
135: [60, 52]
136: [60, 70, 52]
137: []
138: [100, 91, 99]
139: [112, 124]
140: [124]
141: [100, 81]
142: [60, 59, 45, 58, 57, 56, 55, 54, 53]
143: [53]
144: [53]
145: [53]
146: [53]
147: [53]
148: [53]
149: [53]
150: [70, 53]
151: [45, 70, 60, 59, 58, 57, 56, 55, 53, 54]
152: [100, 91]
153: [124]
154: [124]
155: [81]
156: [60, 45, 59, 58, 57, 56, 55, 54]
157: [45, 60, 59, 58, 57, 56, 55, 54]
158: [45, 60, 59, 58, 57, 56, 55, 54]
159: [45, 60, 59, 58, 57, 56, 55, 54]
160: [45, 60, 59, 58, 57, 56, 55, 54]
161: [45, 60, 59, 58, 57, 56, 55, 54]
162: [45, 60, 59, 58, 57, 56, 55, 54]
163: [45, 60, 59, 58, 57, 56, 55, 54]
164: [45, 70, 60, 59, 58, 57, 56, 55, 54]
165: [45, 70, 60, 59, 58, 57, 56, 55, 54]
166: [91]
167: [124]
168: [124]
169: [81]
170: [81]
171: [81]
172: [81]
173: [81]
174: [81]
175: [81]
176: [81]
177: [81]
178: [81]
179: [81, 91]
180: [91]
181: [124]
182: [124]
183: [124]
184: [124]
185: [124]
186: [124]
187: [124]
188: [124]
189: [124]
190: [124]
191: [124]
192: [138, 124]
193: [139, 138, 124]
194: [139, 124]
195: [124]
138
0: [112]
1: [112]
2: [112]
3: [112]
4: [112]
5: [112]
6: [112]
7: [112]
8: [112]
9: [112]
10: [112]
11: [139, 112]
12: [139, 112, 140]
13: [112, 140]
14: [112]
15: [71]
16: [71, 82]
17: [71, 83, 82]
18: [71, 84, 83, 82]
19: [71, 85, 84, 83, 82]
20: [71, 86, 85, 84, 83, 82]
21: [71, 87, 86, 85, 84, 83, 82]
22: [71, 88, 87, 86, 85, 84, 83, 82]
23: [71, 89, 88, 87, 86, 85, 84, 83, 82]
24: [71, 90, 89, 88, 87, 86, 85, 84, 83, 82]
25: [71, 91, 90, 89, 88, 87, 86, 85, 84, 83, 82]
26: [71, 91, 90, 89, 88, 87, 86, 85, 84, 83, 82]
27: [112, 140]
28: [112]
29: [71]
30: [82]
31: [83]
32: [84]
33: [85]
34: [86]
35: [87]
36: [88]
37: [89]
38: [90]
39: [91]
40: [71, 91, 90, 89, 88, 87, 86, 85, 84, 83, 82]
41: [112, 140]
42: [112]
43: [71]
44: [82]
45: [83]
46: [84]
47: [85]
48: [86]
49: [87]
50: [88]
51: [89]
52: [90]
53: [91]
54: [71, 91, 90, 89, 88, 87, 86, 85, 84, 83, 82]
55: [112, 140]
56: [112]
57: [71]
58: [82]
59: [83]
60: [84]
61: [85]
62: [86]
63: [87]
64: [88]
65: [89]
66: [90]
67: [91]
68: [71, 91, 90, 89, 88, 87, 86, 85, 84, 83, 82]
69: [112, 140]
70: [112]
71: [71]
72: [82]
73: [83]
74: [84]
75: [85]
76: [86]
77: [87]
78: [88]
79: [89]
80: [90]
81: [91]
82: [71, 91, 90, 89, 88, 87, 86, 85, 84, 83, 82]
83: [112, 140]
84: [112]
85: [71]
86: [82]
87: [83]
88: [84]
89: [85]
90: [86]
91: [87]
92: [88]
93: [89]
94: [90]
95: [91]
96: [71, 91, 90, 89, 88, 87, 86, 85, 84, 83, 82]
97: [112, 140]
98: [112]
99: [71]
100: [82]
101: [83]
102: [84]
103: [85]
104: [86]
105: [87]
106: [88]
107: [89]
108: [90]
109: [91]
110: [71, 91, 90, 89, 88, 87, 86, 85, 84, 83, 82]
111: [112, 140]
112: [112]
113: [99, 71]
114: [99, 82]
115: [99, 83]
116: [99, 84]
117: [85, 99]
118: [86, 99]
119: [87, 99]
120: [88, 99]
121: [89, 99]
122: [90, 99]
123: [91, 99]
124: [71, 99, 91, 90, 89, 88, 87, 86, 85, 84, 83, 82]
125: [112, 140]
126: [124, 112]
127: [99, 100, 71]
128: [99, 100, 82]
129: [99, 83, 100]
130: [99, 84, 100]
131: [99, 85, 100]
132: [99, 86, 100]
133: [99, 87, 100]
134: [99, 88, 100]
135: [99, 89, 100]
136: [99, 90, 100]
137: [99, 91, 100]
138: []
139: [112, 140, 124]
140: [124]
141: [100, 71]
142: [100, 82]
143: [100, 83]
144: [100, 84]
145: [100, 85]
146: [100, 86]
147: [100, 87]
148: [100, 88]
149: [100, 89]
150: [100, 90]
151: [100, 91]
152: [100, 82, 83, 84, 85, 86, 87, 88, 89, 90, 91, 71]
153: [140, 124]
154: [124]
155: [71]
156: [82]
157: [83]
158: [84]
159: [85]
160: [86]
161: [87]
162: [88]
163: [89]
164: [90]
165: [91]
166: [82, 83, 84, 85, 86, 87, 88, 89, 90, 91, 71]
167: [140, 124]
168: [124]
169: [71]
170: [82, 71]
171: [82, 83, 71]
172: [82, 83, 84, 71]
173: [82, 83, 84, 85, 71]
174: [82, 83, 84, 85, 86, 71]
175: [82, 83, 84, 85, 86, 87, 71]
176: [82, 83, 84, 85, 86, 87, 88, 71]
177: [82, 83, 84, 85, 86, 87, 88, 89, 71]
178: [82, 83, 84, 85, 86, 87, 88, 89, 90, 71]
179: [82, 83, 84, 85, 86, 87, 88, 89, 90, 91, 71]
180: [82, 83, 84, 85, 86, 87, 88, 89, 90, 91, 71]
181: [140, 124]
182: [124]
183: [124]
184: [124]
185: [124]
186: [124]
187: [124]
188: [124]
189: [124]
190: [124]
191: [124]
192: [124]
193: [139, 124]
194: [140, 139, 124]
195: [140, 124]
139
0: [112, 113, 114, 115, 103]
1: [112, 113, 114, 115, 103]
2: [112, 113, 114, 115, 103]
3: [112, 113, 114, 115, 103]
4: [112, 113, 114, 115, 103]
5: [112, 113, 114, 115, 103]
6: [112, 113, 114, 115, 103]
7: [112, 113, 114, 115, 103]
8: [112, 113, 114, 115, 103]
9: [112, 113, 114, 115, 103]
10: [112, 113, 114, 115, 103]
11: [112, 113, 114, 115, 103]
12: [140, 112, 113, 114, 115, 103]
13: [140, 112, 113, 114, 115, 103]
14: [116, 112, 113, 114, 115, 103]
15: [116]
16: [116]
17: [116]
18: [116]
19: [116]
20: [116]
21: [116]
22: [116]
23: [116]
24: [116]
25: [116]
26: [116, 140]
27: [140, 112, 113, 114, 115, 116, 103]
28: [117, 116, 112, 113, 114, 115, 103]
29: [117]
30: [117]
31: [117]
32: [117]
33: [117]
34: [117]
35: [117]
36: [117]
37: [117]
38: [117]
39: [117]
40: [117, 140]
41: [140, 112, 113, 114, 115, 116, 117, 103]
42: [118, 117, 116, 112, 113, 114, 115, 103]
43: [118]
44: [118]
45: [118]
46: [118]
47: [118]
48: [118]
49: [118]
50: [118]
51: [118]
52: [118]
53: [118]
54: [118, 140]
55: [140, 112, 113, 114, 115, 116, 117, 118, 103]
56: [119, 118, 117, 116, 103, 112, 113, 114, 115]
57: [119]
58: [119]
59: [119]
60: [119]
61: [119]
62: [119]
63: [119]
64: [119]
65: [119]
66: [119]
67: [119]
68: [119, 140]
69: [140, 112, 113, 114, 115, 116, 117, 118, 119, 103]
70: [120, 119, 118, 117, 116, 103, 112, 113, 114, 115]
71: [120]
72: [120]
73: [120]
74: [120]
75: [120]
76: [120]
77: [120]
78: [120]
79: [120]
80: [120]
81: [120]
82: [120, 140]
83: [140, 112, 113, 114, 115, 116, 117, 118, 119, 120, 103]
84: [121, 120, 119, 118, 117, 103, 116, 112, 113, 114, 115]
85: [121]
86: [121]
87: [121]
88: [121]
89: [121]
90: [121]
91: [121]
92: [121]
93: [121]
94: [121]
95: [121]
96: [121, 140]
97: [140, 112, 113, 114, 115, 116, 117, 118, 119, 120, 121, 103]
98: [122, 121, 120, 119, 118, 103, 117, 116, 112, 113, 114, 115]
99: [122]
100: [122]
101: [122]
102: [122]
103: [122]
104: [122]
105: [122]
106: [122]
107: [122]
108: [122]
109: [122]
110: [122, 140]
111: [140, 112, 113, 114, 115, 116, 117, 118, 119, 120, 121, 122, 103]
112: [123, 122, 121, 120, 119, 103, 118, 117, 116, 112, 113, 114, 115]
113: [123]
114: [123]
115: [123]
116: [123]
117: [123]
118: [123]
119: [123]
120: [123]
121: [123]
122: [123]
123: [123]
124: [123, 140]
125: [140, 112, 113, 114, 115, 116, 117, 118, 119, 120, 121, 122, 123, 103]
126: [124, 123, 122, 121, 120, 103, 119, 118, 117, 116, 112, 113, 114, 115]
127: [124, 112]
128: [124, 112]
129: [124, 112]
130: [124, 112]
131: [124, 112]
132: [124, 112]
133: [124, 112]
134: [124, 112]
135: [124, 112]
136: [124, 112]
137: [124, 112]
138: [124, 140, 112]
139: []
140: [124, 123, 122, 121, 103, 120, 119, 118, 117, 116, 113, 114, 115]
141: [113]
142: [113]
143: [113]
144: [113]
145: [113]
146: [113]
147: [113]
148: [113]
149: [113]
150: [113]
151: [113]
152: [140, 113]
153: [103, 140, 124, 123, 122, 121, 120, 119, 113, 118, 114, 117, 115, 116]
154: [124, 123, 122, 103, 121, 120, 119, 118, 117, 116, 114, 115]
155: [114]
156: [114]
157: [114]
158: [114]
159: [114]
160: [114]
161: [114]
162: [114]
163: [114]
164: [114]
165: [114]
166: [140, 114]
167: [103, 140, 124, 123, 122, 121, 120, 119, 118, 114, 117, 115, 116]
168: [124, 123, 103, 122, 121, 120, 119, 118, 117, 116, 115]
169: [115]
170: [115]
171: [115]
172: [115]
173: [115]
174: [115]
175: [115]
176: [115]
177: [115]
178: [115]
179: [115]
180: [140, 115]
181: [103, 140, 124, 123, 122, 121, 120, 119, 118, 117, 115, 116]
182: [124, 103, 123, 122, 121, 120, 119, 118, 117, 116]
183: [103, 124, 123, 122, 121, 120, 119, 118, 117, 116]
184: [103, 124, 123, 122, 121, 120, 119, 118, 117, 116]
185: [103, 124, 123, 122, 121, 120, 119, 118, 117, 116]
186: [103, 124, 123, 122, 121, 120, 119, 118, 117, 116]
187: [103, 124, 123, 122, 121, 120, 119, 118, 117, 116]
188: [103, 124, 123, 122, 121, 120, 119, 118, 117, 116]
189: [103, 124, 123, 122, 121, 120, 119, 118, 117, 116]
190: [103, 124, 123, 122, 121, 120, 119, 118, 117, 116]
191: [103, 124, 123, 122, 121, 120, 119, 118, 117, 116]
192: [103, 124, 123, 122, 121, 120, 119, 118, 117, 116]
193: [103, 124, 123, 122, 121, 120, 119, 118, 117, 116]
194: [103, 140, 124, 123, 122, 121, 120, 119, 118, 117, 116]
195: [103, 140, 124, 123, 122, 121, 120, 119, 118, 117, 116]
140
0: [103, 128, 113, 114, 115]
1: [103, 128, 113, 114, 115]
2: [103, 113, 114, 115]
3: [103, 113, 114, 115]
4: [103, 113, 114, 115]
5: [103, 113, 114, 115]
6: [103, 113, 114, 115]
7: [103, 113, 114, 115]
8: [103, 113, 114, 115]
9: [103, 113, 114, 115]
10: [103, 113, 114, 115]
11: [103, 113, 114, 115]
12: [103, 113, 114, 115]
13: [113, 103, 114, 115]
14: [103, 128, 113, 114, 115, 116]
15: [128, 116]
16: [116]
17: [116]
18: [116]
19: [116]
20: [116]
21: [116]
22: [116]
23: [116]
24: [116]
25: [116]
26: [116]
27: [113, 114, 103, 115, 116]
28: [103, 128, 113, 114, 117, 115, 116]
29: [128, 117]
30: [117]
31: [117]
32: [117]
33: [117]
34: [117]
35: [117]
36: [117]
37: [117]
38: [117]
39: [117]
40: [117]
41: [113, 114, 115, 103, 116, 117]
42: [103, 128, 113, 118, 114, 117, 115, 116]
43: [128, 118]
44: [118]
45: [118]
46: [118]
47: [118]
48: [118]
49: [118]
50: [118]
51: [118]
52: [118]
53: [118]
54: [118]
55: [113, 114, 115, 116, 117, 118, 103]
56: [103, 128, 119, 113, 118, 114, 117, 115, 116]
57: [128, 119]
58: [119]
59: [119]
60: [119]
61: [119]
62: [119]
63: [119]
64: [119]
65: [119]
66: [119]
67: [119]
68: [119]
69: [113, 114, 115, 116, 117, 118, 119, 103]
70: [103, 128, 120, 119, 113, 118, 114, 117, 115, 116]
71: [128, 120]
72: [120]
73: [120]
74: [120]
75: [120]
76: [120]
77: [120]
78: [120]
79: [120]
80: [120]
81: [120]
82: [120]
83: [113, 114, 115, 116, 117, 118, 119, 120, 103]
84: [103, 128, 121, 120, 119, 113, 118, 114, 117, 115, 116]
85: [128, 121]
86: [121]
87: [121]
88: [121]
89: [121]
90: [121]
91: [121]
92: [121]
93: [121]
94: [121]
95: [121]
96: [121]
97: [113, 114, 115, 116, 117, 118, 119, 120, 121, 103]
98: [103, 128, 122, 121, 120, 119, 113, 118, 114, 117, 115, 116]
99: [128, 122]
100: [122]
101: [122]
102: [122]
103: [122]
104: [122]
105: [122]
106: [122]
107: [122]
108: [122]
109: [122]
110: [122]
111: [113, 114, 115, 116, 117, 118, 119, 120, 121, 122, 103]
112: [103, 128, 123, 122, 121, 120, 119, 113, 118, 114, 117, 115, 116]
113: [128, 123]
114: [123]
115: [123]
116: [123]
117: [123]
118: [123]
119: [123]
120: [123]
121: [123]
122: [123]
123: [123]
124: [123]
125: [113, 114, 115, 116, 117, 118, 119, 120, 121, 122, 123, 103]
126: [103, 128, 124, 123, 122, 121, 120, 119, 113, 118, 114, 117, 115, 116]
127: [128, 124]
128: [124]
129: [124]
130: [124]
131: [124]
132: [124]
133: [124]
134: [124]
135: [124]
136: [124]
137: [124]
138: [124]
139: [113, 114, 115, 116, 117, 118, 119, 120, 121, 122, 123, 124, 103]
140: []
141: [113, 128, 125]
142: [113, 125]
143: [113, 125]
144: [113, 125]
145: [113, 125]
146: [113, 125]
147: [113, 125]
148: [113, 125]
149: [113, 125]
150: [113, 125]
151: [113, 125]
152: [113, 125]
153: [113, 114, 115, 116, 117, 118, 119, 120, 121, 122, 123, 124, 125, 103]
154: [128, 114, 115, 116, 117, 118, 119, 120, 121, 122, 123, 124, 125, 103]
155: [114, 128]
156: [114]
157: [114]
158: [114]
159: [114]
160: [114]
161: [114]
162: [114]
163: [114]
164: [114]
165: [114]
166: [114]
167: [114, 115, 116, 117, 118, 119, 120, 121, 122, 123, 124, 125, 103]
168: [128, 115, 116, 117, 118, 119, 120, 121, 122, 123, 124, 125, 103]
169: [115, 128]
170: [115]
171: [115]
172: [115]
173: [115]
174: [115]
175: [115]
176: [115]
177: [115]
178: [115]
179: [115]
180: [115]
181: [115, 116, 117, 118, 119, 120, 121, 122, 123, 124, 125, 103]
182: [128, 116, 117, 118, 119, 120, 121, 122, 123, 124, 125, 103]
183: [128, 116, 117, 118, 119, 120, 121, 122, 123, 124, 125, 103]
184: [116, 117, 118, 119, 120, 121, 122, 123, 124, 125, 103]
185: [116, 117, 118, 119, 120, 121, 122, 123, 124, 125, 103]
186: [116, 117, 118, 119, 120, 121, 122, 123, 124, 125, 103]
187: [116, 117, 118, 119, 120, 121, 122, 123, 124, 125, 103]
188: [116, 117, 118, 119, 120, 121, 122, 123, 124, 125, 103]
189: [116, 117, 118, 119, 120, 121, 122, 123, 124, 125, 103]
190: [116, 117, 118, 119, 120, 121, 122, 123, 124, 125, 103]
191: [116, 117, 118, 119, 120, 121, 122, 123, 124, 125, 103]
192: [116, 117, 118, 119, 120, 121, 122, 123, 124, 125, 103]
193: [116, 117, 118, 119, 120, 121, 122, 123, 124, 125, 103]
194: [116, 117, 118, 119, 120, 121, 122, 123, 124, 125, 103]
195: [116, 117, 118, 119, 120, 121, 122, 123, 124, 125, 103]
141
0: [128, 113]
1: [128, 129, 113]
2: [129, 113]
3: [113]
4: [113]
5: [113]
6: [113]
7: [113]
8: [113]
9: [113]
10: [113]
11: [113]
12: [113]
13: [113]
14: [128, 113]
15: [72, 73, 74, 75, 76, 77, 78, 79, 80, 81, 71]
16: [72, 73, 74, 75, 76, 77, 78, 79, 80, 81, 71]
17: [73, 74, 75, 76, 77, 78, 79, 80, 81, 71]
18: [74, 75, 76, 77, 78, 79, 80, 81, 71]
19: [75, 76, 77, 78, 79, 80, 81, 71]
20: [76, 77, 78, 79, 80, 81, 71]
21: [77, 78, 79, 80, 81, 71]
22: [80, 81, 78, 79, 71]
23: [80, 81, 79, 71]
24: [80, 81, 71]
25: [81, 71]
26: [71]
27: [113]
28: [128, 113]
29: [72, 73, 74, 75, 76, 77, 78, 79, 80, 81, 71]
30: [72]
31: [73]
32: [74]
33: [75]
34: [76]
35: [77]
36: [78]
37: [79]
38: [80]
39: [81]
40: [71]
41: [113]
42: [128, 113]
43: [72, 73, 74, 75, 76, 77, 78, 79, 80, 81, 71]
44: [72]
45: [73]
46: [74]
47: [75]
48: [76]
49: [77]
50: [78]
51: [79]
52: [80]
53: [81]
54: [71]
55: [113]
56: [128, 113]
57: [72, 73, 74, 75, 76, 77, 78, 79, 80, 81, 71]
58: [72]
59: [73]
60: [74]
61: [75]
62: [76]
63: [77]
64: [78]
65: [79]
66: [80]
67: [81]
68: [71]
69: [113]
70: [128, 113]
71: [72, 73, 74, 75, 76, 77, 78, 79, 80, 81, 71]
72: [72]
73: [73]
74: [74]
75: [75]
76: [76]
77: [77]
78: [78]
79: [79]
80: [80]
81: [81]
82: [71]
83: [113]
84: [128, 113]
85: [72, 73, 74, 75, 76, 77, 78, 79, 80, 81, 71]
86: [72]
87: [73]
88: [74]
89: [75]
90: [76]
91: [77]
92: [78]
93: [79]
94: [80]
95: [81]
96: [71]
97: [113]
98: [128, 113]
99: [72, 73, 74, 75, 76, 77, 78, 79, 80, 81, 71]
100: [72]
101: [73]
102: [74]
103: [75]
104: [76]
105: [77]
106: [78]
107: [79]
108: [80]
109: [81]
110: [71]
111: [113]
112: [128, 113]
113: [72, 73, 74, 75, 76, 77, 78, 79, 80, 81, 71]
114: [72]
115: [73]
116: [74]
117: [75]
118: [76]
119: [77]
120: [78]
121: [79]
122: [80]
123: [81]
124: [71]
125: [113]
126: [128, 113]
127: [100, 72, 73, 74, 75, 76, 77, 78, 79, 80, 81, 71]
128: [100, 72]
129: [100, 73]
130: [100, 74]
131: [100, 75]
132: [100, 76]
133: [100, 77]
134: [100, 78]
135: [100, 79]
136: [100, 80]
137: [100, 81]
138: [100, 71]
139: [113]
140: [125, 128, 113]
141: []
142: [101, 72, 100]
143: [101, 73, 100]
144: [101, 74, 100]
145: [101, 100, 75]
146: [101, 100, 76]
147: [101, 100, 77]
148: [101, 100, 78]
149: [101, 100, 79]
150: [101, 100, 80]
151: [101, 100, 81]
152: [101, 100, 71]
153: [113, 125]
154: [125, 128]
155: [71, 72, 101, 73, 74, 75, 76, 77, 78, 79, 80, 81]
156: [72, 101]
157: [73, 101]
158: [101, 74]
159: [101, 75]
160: [101, 76]
161: [101, 77]
162: [101, 78]
163: [101, 79]
164: [101, 80]
165: [101, 81]
166: [101, 71]
167: [125]
168: [125, 128]
169: [71, 72, 73, 74, 75, 76, 77, 78, 79, 80, 81]
170: [71, 72, 73, 74, 75, 76, 77, 78, 79, 80, 81]
171: [71, 73, 74, 75, 76, 77, 78, 79, 80, 81]
172: [71, 74, 75, 76, 77, 78, 79, 80, 81]
173: [71, 75, 76, 77, 78, 79, 80, 81]
174: [71, 76, 77, 78, 79, 80, 81]
175: [71, 77, 78, 79, 80, 81]
176: [71, 78, 79, 80, 81]
177: [71, 79, 80, 81]
178: [71, 80, 81]
179: [71, 81]
180: [71]
181: [125]
182: [125, 128]
183: [129, 125, 128]
184: [129, 125]
185: [125]
186: [125]
187: [125]
188: [125]
189: [125]
190: [125]
191: [125]
192: [125]
193: [125]
194: [125]
195: [125]
142
0: [113]
1: [129, 113]
2: [129, 130, 113]
3: [130, 113]
4: [113]
5: [113]
6: [113]
7: [113]
8: [113]
9: [113]
10: [113]
11: [113]
12: [113]
13: [113]
14: [113]
15: [72]
16: [82, 72]
17: [82]
18: [82]
19: [82]
20: [82]
21: [82]
22: [82]
23: [82]
24: [82]
25: [82]
26: [82]
27: [113]
28: [113]
29: [72]
30: [45, 62, 53]
31: [45, 62, 53]
32: [45, 53]
33: [45, 53]
34: [45, 53]
35: [45, 53]
36: [45, 53]
37: [45, 53]
38: [45, 53]
39: [53, 45]
40: [82]
41: [113]
42: [113]
43: [72]
44: [45, 62, 53, 54]
45: [62, 54]
46: [54]
47: [54]
48: [54]
49: [54]
50: [54]
51: [54]
52: [54]
53: [53, 45, 54]
54: [82]
55: [113]
56: [113]
57: [72]
58: [45, 62, 55, 53, 54]
59: [62, 55]
60: [55]
61: [55]
62: [55]
63: [55]
64: [55]
65: [55]
66: [55]
67: [53, 54, 55, 45]
68: [82]
69: [113]
70: [113]
71: [72]
72: [45, 62, 56, 55, 53, 54]
73: [62, 56]
74: [56]
75: [56]
76: [56]
77: [56]
78: [56]
79: [56]
80: [56]
81: [53, 56, 54, 55, 45]
82: [82]
83: [113]
84: [113]
85: [72]
86: [45, 62, 57, 56, 55, 53, 54]
87: [62, 57]
88: [57]
89: [57]
90: [57]
91: [57]
92: [57]
93: [57]
94: [57]
95: [53, 56, 57, 54, 55, 45]
96: [82]
97: [113]
98: [113]
99: [72]
100: [45, 62, 58, 57, 56, 55, 53, 54]
101: [62, 58]
102: [58]
103: [58]
104: [58]
105: [58]
106: [58]
107: [58]
108: [58]
109: [53, 54, 55, 56, 57, 58, 45]
110: [82]
111: [113]
112: [113]
113: [72]
114: [45, 62, 59, 58, 57, 56, 55, 53, 54]
115: [62, 59]
116: [59]
117: [59]
118: [59]
119: [59]
120: [59]
121: [59]
122: [59]
123: [53, 54, 55, 56, 57, 58, 59, 45]
124: [82]
125: [113]
126: [113]
127: [100, 72]
128: [45, 62, 60, 59, 58, 57, 56, 55, 53, 54]
129: [62, 60]
130: [60]
131: [60]
132: [60]
133: [60]
134: [60]
135: [60]
136: [60]
137: [53, 54, 55, 56, 57, 58, 59, 60, 45]
138: [100, 82]
139: [113]
140: [125, 113]
141: [100, 72, 101]
142: []
143: [53, 62, 61]
144: [53, 61]
145: [53, 61]
146: [53, 61]
147: [53, 61]
148: [53, 61]
149: [53, 61]
150: [53, 61]
151: [53, 54, 55, 56, 57, 58, 59, 60, 61, 45]
152: [101, 100, 82]
153: [113, 125]
154: [125]
155: [72, 101]
156: [54, 55, 56, 57, 58, 59, 60, 61, 62, 45]
157: [54, 55, 56, 57, 58, 59, 60, 61, 62, 45]
158: [54, 55, 56, 57, 58, 59, 60, 61, 45]
159: [54, 55, 56, 57, 58, 59, 60, 61, 45]
160: [54, 55, 56, 57, 58, 59, 60, 61, 45]
161: [54, 55, 56, 57, 58, 59, 60, 61, 45]
162: [54, 55, 56, 57, 58, 59, 60, 61, 45]
163: [54, 55, 56, 57, 58, 59, 60, 61, 45]
164: [54, 55, 56, 57, 58, 59, 60, 61, 45]
165: [54, 55, 56, 57, 58, 59, 60, 61, 45]
166: [101, 82]
167: [125]
168: [125]
169: [72]
170: [72, 82]
171: [82]
172: [82]
173: [82]
174: [82]
175: [82]
176: [82]
177: [82]
178: [82]
179: [82]
180: [82]
181: [125]
182: [125]
183: [125, 129]
184: [130, 125, 129]
185: [130, 125]
186: [125]
187: [125]
188: [125]
189: [125]
190: [125]
191: [125]
192: [125]
193: [125]
194: [125]
195: [125]
143
0: [113]
1: [113]
2: [130, 113]
3: [130, 131, 113]
4: [131, 113]
5: [113]
6: [113]
7: [113]
8: [113]
9: [113]
10: [113]
11: [113]
12: [113]
13: [113]
14: [113]
15: [73]
16: [73]
17: [83, 73]
18: [83]
19: [83]
20: [83]
21: [83]
22: [83]
23: [83]
24: [83]
25: [83]
26: [83]
27: [113]
28: [113]
29: [73]
30: [62, 53]
31: [62, 63, 53]
32: [63, 53]
33: [53]
34: [53]
35: [53]
36: [53]
37: [53]
38: [53]
39: [53]
40: [83]
41: [113]
42: [113]
43: [73]
44: [62, 53]
45: [26, 27, 28, 29, 30, 31, 25]
46: [26, 27, 28, 29, 30, 31, 25]
47: [27, 28, 29, 30, 31, 25]
48: [28, 29, 30, 31, 25]
49: [29, 30, 31, 25]
50: [30, 31, 25]
51: [31, 25]
52: [25]
53: [53]
54: [83]
55: [113]
56: [113]
57: [73]
58: [62, 53]
59: [26, 27, 28, 29, 30, 31, 25]
60: [26]
61: [27]
62: [28]
63: [29]
64: [30]
65: [31]
66: [25]
67: [53]
68: [83]
69: [113]
70: [113]
71: [73]
72: [62, 53]
73: [26, 27, 28, 29, 30, 31, 25]
74: [26]
75: [27]
76: [28]
77: [29]
78: [30]
79: [31]
80: [25]
81: [53]
82: [83]
83: [113]
84: [113]
85: [73]
86: [62, 53]
87: [26, 27, 28, 29, 30, 31, 25]
88: [26]
89: [27]
90: [28]
91: [29]
92: [30]
93: [31]
94: [25]
95: [53]
96: [83]
97: [113]
98: [113]
99: [73]
100: [62, 53]
101: [26, 27, 28, 29, 30, 31, 25]
102: [26]
103: [27]
104: [28]
105: [29]
106: [30]
107: [31]
108: [25]
109: [53]
110: [83]
111: [113]
112: [113]
113: [73]
114: [62, 53]
115: [26, 27, 28, 29, 30, 31, 25]
116: [26]
117: [27]
118: [28]
119: [29]
120: [30]
121: [31]
122: [25]
123: [53]
124: [83]
125: [113]
126: [113]
127: [100, 73]
128: [62, 53]
129: [44, 26, 27, 28, 29, 30, 31, 25]
130: [44, 26]
131: [44, 27]
132: [44, 28]
133: [44, 29]
134: [44, 30]
135: [44, 31]
136: [25, 44]
137: [53]
138: [100, 83]
139: [113]
140: [125, 113]
141: [100, 73, 101]
142: [61, 62, 53]
143: []
144: [25, 26, 44, 27, 28, 29, 30, 31]
145: [25, 44, 27, 28, 29, 30, 31]
146: [25, 44, 28, 29, 30, 31]
147: [25, 44, 29, 30, 31]
148: [25, 44, 30, 31]
149: [25, 44, 31]
150: [25, 44]
151: [53, 61]
152: [101, 100, 83]
153: [113, 125]
154: [125]
155: [73, 101]
156: [61, 62]
157: [63, 61, 62]
158: [63, 61]
159: [61]
160: [61]
161: [61]
162: [61]
163: [61]
164: [61]
165: [61]
166: [101, 83]
167: [125]
168: [125]
169: [73]
170: [73]
171: [73, 83]
172: [83]
173: [83]
174: [83]
175: [83]
176: [83]
177: [83]
178: [83]
179: [83]
180: [83]
181: [125]
182: [125]
183: [125]
184: [125, 130]
185: [131, 125, 130]
186: [131, 125]
187: [125]
188: [125]
189: [125]
190: [125]
191: [125]
192: [125]
193: [125]
194: [125]
195: [125]
144
0: [113]
1: [113]
2: [113]
3: [131, 113]
4: [131, 132, 113]
5: [132, 113]
6: [113]
7: [113]
8: [113]
9: [113]
10: [113]
11: [113]
12: [113]
13: [113]
14: [113]
15: [74]
16: [74]
17: [74]
18: [84, 74]
19: [84]
20: [84]
21: [84]
22: [84]
23: [84]
24: [84]
25: [84]
26: [84]
27: [113]
28: [113]
29: [74]
30: [53]
31: [63, 53]
32: [63, 64, 53]
33: [64, 53]
34: [53]
35: [53]
36: [53]
37: [53]
38: [53]
39: [53]
40: [84]
41: [113]
42: [113]
43: [74]
44: [53]
45: [26, 27, 28, 29, 30, 31, 25]
46: [32, 26, 27, 28, 29, 30, 31, 25]
47: [32, 27, 28, 29, 30, 31, 25]
48: [32, 28, 29, 30, 31, 25]
49: [32, 29, 30, 31, 25]
50: [32, 30, 31, 25]
51: [32, 25, 31]
52: [32, 25]
53: [53]
54: [84]
55: [113]
56: [113]
57: [74]
58: [53]
59: [26, 27, 28, 29, 30, 31, 25]
60: [32, 26]
61: [27]
62: [28]
63: [29]
64: [30]
65: [31]
66: [25, 32]
67: [53]
68: [84]
69: [113]
70: [113]
71: [74]
72: [53]
73: [26, 27, 28, 29, 30, 31, 25]
74: [32, 26]
75: [27]
76: [28]
77: [29]
78: [30]
79: [31]
80: [25, 32]
81: [53]
82: [84]
83: [113]
84: [113]
85: [74]
86: [53]
87: [26, 27, 28, 29, 30, 31, 25]
88: [32, 26]
89: [27]
90: [28]
91: [29]
92: [30]
93: [31]
94: [25, 32]
95: [53]
96: [84]
97: [113]
98: [113]
99: [74]
100: [53]
101: [26, 27, 28, 29, 30, 31, 25]
102: [32, 26]
103: [27]
104: [28]
105: [29]
106: [30]
107: [31]
108: [25, 32]
109: [53]
110: [84]
111: [113]
112: [113]
113: [74]
114: [53]
115: [26, 27, 28, 29, 30, 31, 25]
116: [32, 26]
117: [27]
118: [28]
119: [29]
120: [30]
121: [31]
122: [25, 32]
123: [53]
124: [84]
125: [113]
126: [113]
127: [100, 74]
128: [53]
129: [44, 26, 27, 28, 29, 30, 31, 25]
130: [32, 44, 26]
131: [44, 27]
132: [44, 28]
133: [44, 29]
134: [44, 30]
135: [44, 31]
136: [25, 44, 32]
137: [53]
138: [100, 84]
139: [113]
140: [125, 113]
141: [100, 74, 101]
142: [61, 53]
143: [44, 26, 27, 28, 29, 30, 31, 25]
144: []
145: [25, 44, 27, 28, 29, 30, 32, 31]
146: [25, 44, 28, 29, 30, 32, 31]
147: [25, 44, 29, 30, 32, 31]
148: [25, 44, 30, 32, 31]
149: [25, 44, 32, 31]
150: [25, 44, 32]
151: [53, 61]
152: [101, 100, 84]
153: [113, 125]
154: [125]
155: [74, 101]
156: [61]
157: [61, 63]
158: [64, 61, 63]
159: [64, 61]
160: [61]
161: [61]
162: [61]
163: [61]
164: [61]
165: [61]
166: [101, 84]
167: [125]
168: [125]
169: [74]
170: [74]
171: [74]
172: [74, 84]
173: [84]
174: [84]
175: [84]
176: [84]
177: [84]
178: [84]
179: [84]
180: [84]
181: [125]
182: [125]
183: [125]
184: [125]
185: [125, 131]
186: [132, 125, 131]
187: [132, 125]
188: [125]
189: [125]
190: [125]
191: [125]
192: [125]
193: [125]
194: [125]
195: [125]
145
0: [113]
1: [113]
2: [113]
3: [113]
4: [132, 113]
5: [132, 133, 113]
6: [133, 113]
7: [113]
8: [113]
9: [113]
10: [113]
11: [113]
12: [113]
13: [113]
14: [113]
15: [75]
16: [75]
17: [75]
18: [75]
19: [85, 75]
20: [85]
21: [85]
22: [85]
23: [85]
24: [85]
25: [85]
26: [85]
27: [113]
28: [113]
29: [75]
30: [53]
31: [53]
32: [64, 53]
33: [64, 65, 53]
34: [65, 53]
35: [53]
36: [53]
37: [53]
38: [53]
39: [53]
40: [85]
41: [113]
42: [113]
43: [75]
44: [53]
45: [27, 28, 29, 30, 31, 25]
46: [32, 27, 28, 29, 30, 31, 25]
47: [33, 32, 27, 28, 29, 30, 31, 25]
48: [33, 32, 28, 29, 30, 31, 25]
49: [33, 32, 29, 30, 31, 25]
50: [33, 32, 25, 30, 31]
51: [33, 32, 25, 31]
52: [25, 33, 32]
53: [53]
54: [85]
55: [113]
56: [113]
57: [75]
58: [53]
59: [27, 28, 29, 30, 31, 25]
60: [32]
61: [33, 27]
62: [28]
63: [29]
64: [30]
65: [31]
66: [25, 33, 32]
67: [53]
68: [85]
69: [113]
70: [113]
71: [75]
72: [53]
73: [27, 28, 29, 30, 31, 25]
74: [32]
75: [33, 27]
76: [28]
77: [29]
78: [30]
79: [31]
80: [25, 33, 32]
81: [53]
82: [85]
83: [113]
84: [113]
85: [75]
86: [53]
87: [27, 28, 29, 30, 31, 25]
88: [32]
89: [33, 27]
90: [28]
91: [29]
92: [30]
93: [31]
94: [25, 33, 32]
95: [53]
96: [85]
97: [113]
98: [113]
99: [75]
100: [53]
101: [27, 28, 29, 30, 31, 25]
102: [32]
103: [33, 27]
104: [28]
105: [29]
106: [30]
107: [31]
108: [25, 33, 32]
109: [53]
110: [85]
111: [113]
112: [113]
113: [75]
114: [53]
115: [27, 28, 29, 30, 31, 25]
116: [32]
117: [33, 27]
118: [28]
119: [29]
120: [30]
121: [31]
122: [25, 33, 32]
123: [53]
124: [85]
125: [113]
126: [113]
127: [100, 75]
128: [53]
129: [44, 27, 28, 29, 30, 31, 25]
130: [32, 44]
131: [33, 44, 27]
132: [44, 28]
133: [44, 29]
134: [44, 30]
135: [44, 31]
136: [25, 44, 33, 32]
137: [53]
138: [100, 85]
139: [113]
140: [125, 113]
141: [100, 75, 101]
142: [61, 53]
143: [44, 27, 28, 29, 30, 31, 25]
144: [32, 44, 27, 28, 29, 30, 31, 25]
145: []
146: [25, 44, 28, 29, 33, 30, 32, 31]
147: [25, 44, 29, 33, 30, 32, 31]
148: [25, 44, 33, 30, 32, 31]
149: [25, 44, 33, 32, 31]
150: [25, 44, 33, 32]
151: [53, 61]
152: [101, 100, 85]
153: [113, 125]
154: [125]
155: [75, 101]
156: [61]
157: [61]
158: [61, 64]
159: [65, 61, 64]
160: [65, 61]
161: [61]
162: [61]
163: [61]
164: [61]
165: [61]
166: [101, 85]
167: [125]
168: [125]
169: [75]
170: [75]
171: [75]
172: [75]
173: [75, 85]
174: [85]
175: [85]
176: [85]
177: [85]
178: [85]
179: [85]
180: [85]
181: [125]
182: [125]
183: [125]
184: [125]
185: [125]
186: [125, 132]
187: [133, 125, 132]
188: [133, 125]
189: [125]
190: [125]
191: [125]
192: [125]
193: [125]
194: [125]
195: [125]
146
0: [113]
1: [113]
2: [113]
3: [113]
4: [113]
5: [133, 113]
6: [133, 134, 113]
7: [134, 113]
8: [113]
9: [113]
10: [113]
11: [113]
12: [113]
13: [113]
14: [113]
15: [76]
16: [76]
17: [76]
18: [76]
19: [76]
20: [86, 76]
21: [86]
22: [86]
23: [86]
24: [86]
25: [86]
26: [86]
27: [113]
28: [113]
29: [76]
30: [53]
31: [53]
32: [53]
33: [65, 53]
34: [65, 66, 53]
35: [66, 53]
36: [53]
37: [53]
38: [53]
39: [53]
40: [86]
41: [113]
42: [113]
43: [76]
44: [53]
45: [28, 29, 30, 31, 25]
46: [32, 28, 29, 30, 31, 25]
47: [33, 32, 28, 29, 30, 31, 25]
48: [34, 33, 32, 28, 29, 30, 31, 25]
49: [34, 33, 32, 25, 29, 30, 31]
50: [34, 33, 32, 25, 30, 31]
51: [34, 25, 33, 32, 31]
52: [25, 34, 33, 32]
53: [53]
54: [86]
55: [113]
56: [113]
57: [76]
58: [53]
59: [28, 29, 30, 31, 25]
60: [32]
61: [33]
62: [34, 28]
63: [29]
64: [30]
65: [31]
66: [25, 34, 33, 32]
67: [53]
68: [86]
69: [113]
70: [113]
71: [76]
72: [53]
73: [28, 29, 30, 31, 25]
74: [32]
75: [33]
76: [34, 28]
77: [29]
78: [30]
79: [31]
80: [25, 34, 33, 32]
81: [53]
82: [86]
83: [113]
84: [113]
85: [76]
86: [53]
87: [28, 29, 30, 31, 25]
88: [32]
89: [33]
90: [34, 28]
91: [29]
92: [30]
93: [31]
94: [25, 34, 33, 32]
95: [53]
96: [86]
97: [113]
98: [113]
99: [76]
100: [53]
101: [28, 29, 30, 31, 25]
102: [32]
103: [33]
104: [34, 28]
105: [29]
106: [30]
107: [31]
108: [25, 34, 33, 32]
109: [53]
110: [86]
111: [113]
112: [113]
113: [76]
114: [53]
115: [28, 29, 30, 31, 25]
116: [32]
117: [33]
118: [34, 28]
119: [29]
120: [30]
121: [31]
122: [25, 34, 33, 32]
123: [53]
124: [86]
125: [113]
126: [113]
127: [100, 76]
128: [53]
129: [44, 28, 29, 30, 31, 25]
130: [32, 44]
131: [33, 44]
132: [34, 44, 28]
133: [44, 29]
134: [44, 30]
135: [44, 31]
136: [25, 44, 34, 33, 32]
137: [53]
138: [100, 86]
139: [113]
140: [125, 113]
141: [100, 76, 101]
142: [61, 53]
143: [44, 28, 29, 30, 31, 25]
144: [32, 44, 28, 29, 30, 31, 25]
145: [32, 33, 44, 28, 29, 30, 31, 25]
146: []
147: [25, 44, 34, 29, 33, 30, 32, 31]
148: [25, 44, 34, 33, 30, 32, 31]
149: [25, 44, 34, 33, 32, 31]
150: [25, 44, 34, 33, 32]
151: [53, 61]
152: [101, 100, 86]
153: [113, 125]
154: [125]
155: [76, 101]
156: [61]
157: [61]
158: [61]
159: [61, 65]
160: [66, 61, 65]
161: [66, 61]
162: [61]
163: [61]
164: [61]
165: [61]
166: [101, 86]
167: [125]
168: [125]
169: [76]
170: [76]
171: [76]
172: [76]
173: [76]
174: [76, 86]
175: [86]
176: [86]
177: [86]
178: [86]
179: [86]
180: [86]
181: [125]
182: [125]
183: [125]
184: [125]
185: [125]
186: [125]
187: [125, 133]
188: [134, 125, 133]
189: [134, 125]
190: [125]
191: [125]
192: [125]
193: [125]
194: [125]
195: [125]
147
0: [113]
1: [113]
2: [113]
3: [113]
4: [113]
5: [113]
6: [134, 113]
7: [134, 135, 113]
8: [135, 113]
9: [113]
10: [113]
11: [113]
12: [113]
13: [113]
14: [113]
15: [77]
16: [77]
17: [77]
18: [77]
19: [77]
20: [77]
21: [87, 77]
22: [87]
23: [87]
24: [87]
25: [87]
26: [87]
27: [113]
28: [113]
29: [77]
30: [53]
31: [53]
32: [53]
33: [53]
34: [66, 53]
35: [66, 67, 53]
36: [67, 53]
37: [53]
38: [53]
39: [53]
40: [87]
41: [113]
42: [113]
43: [77]
44: [53]
45: [29, 30, 31, 25]
46: [32, 29, 30, 31, 25]
47: [33, 32, 29, 30, 31, 25]
48: [34, 33, 32, 25, 29, 30, 31]
49: [35, 34, 33, 32, 25, 29, 30, 31]
50: [35, 34, 25, 33, 32, 30, 31]
51: [35, 25, 34, 33, 32, 31]
52: [25, 35, 34, 33, 32]
53: [53]
54: [87]
55: [113]
56: [113]
57: [77]
58: [53]
59: [29, 30, 31, 25]
60: [32]
61: [33]
62: [34]
63: [35, 29]
64: [30]
65: [31]
66: [25, 35, 34, 33, 32]
67: [53]
68: [87]
69: [113]
70: [113]
71: [77]
72: [53]
73: [29, 30, 31, 25]
74: [32]
75: [33]
76: [34]
77: [35, 29]
78: [30]
79: [31]
80: [25, 35, 34, 33, 32]
81: [53]
82: [87]
83: [113]
84: [113]
85: [77]
86: [53]
87: [29, 30, 31, 25]
88: [32]
89: [33]
90: [34]
91: [35, 29]
92: [30]
93: [31]
94: [25, 35, 34, 33, 32]
95: [53]
96: [87]
97: [113]
98: [113]
99: [77]
100: [53]
101: [29, 30, 31, 25]
102: [32]
103: [33]
104: [34]
105: [35, 29]
106: [30]
107: [31]
108: [25, 35, 34, 33, 32]
109: [53]
110: [87]
111: [113]
112: [113]
113: [77]
114: [53]
115: [29, 30, 31, 25]
116: [32]
117: [33]
118: [34]
119: [35, 29]
120: [30]
121: [31]
122: [25, 35, 34, 33, 32]
123: [53]
124: [87]
125: [113]
126: [113]
127: [100, 77]
128: [53]
129: [44, 29, 30, 31, 25]
130: [32, 44]
131: [33, 44]
132: [34, 44]
133: [35, 44, 29]
134: [44, 30]
135: [44, 31]
136: [25, 44, 35, 34, 33, 32]
137: [53]
138: [100, 87]
139: [113]
140: [125, 113]
141: [100, 77, 101]
142: [61, 53]
143: [44, 29, 30, 31, 25]
144: [32, 44, 29, 30, 31, 25]
145: [32, 33, 44, 29, 30, 31, 25]
146: [32, 33, 34, 44, 29, 30, 31, 25]
147: []
148: [25, 44, 35, 34, 33, 30, 32, 31]
149: [25, 44, 35, 34, 33, 32, 31]
150: [25, 44, 35, 34, 33, 32]
151: [53, 61]
152: [101, 100, 87]
153: [113, 125]
154: [125]
155: [77, 101]
156: [61]
157: [61]
158: [61]
159: [61]
160: [61, 66]
161: [67, 61, 66]
162: [67, 61]
163: [61]
164: [61]
165: [61]
166: [101, 87]
167: [125]
168: [125]
169: [77]
170: [77]
171: [77]
172: [77]
173: [77]
174: [77]
175: [77, 87]
176: [87]
177: [87]
178: [87]
179: [87]
180: [87]
181: [125]
182: [125]
183: [125]
184: [125]
185: [125]
186: [125]
187: [125]
188: [125, 134]
189: [135, 125, 134]
190: [135, 125]
191: [125]
192: [125]
193: [125]
194: [125]
195: [125]
148
0: [113]
1: [113]
2: [113]
3: [113]
4: [113]
5: [113]
6: [113]
7: [135, 113]
8: [135, 136, 113]
9: [136, 113]
10: [113]
11: [113]
12: [113]
13: [113]
14: [113]
15: [78]
16: [78]
17: [78]
18: [78]
19: [78]
20: [78]
21: [78]
22: [88, 78]
23: [88]
24: [88]
25: [88]
26: [88]
27: [113]
28: [113]
29: [78]
30: [53]
31: [53]
32: [53]
33: [53]
34: [53]
35: [67, 53]
36: [67, 68, 53]
37: [68, 53]
38: [53]
39: [53]
40: [88]
41: [113]
42: [113]
43: [78]
44: [53]
45: [30, 31, 25]
46: [32, 30, 31, 25]
47: [33, 32, 25, 30, 31]
48: [34, 33, 32, 25, 30, 31]
49: [35, 34, 25, 33, 32, 30, 31]
50: [36, 35, 25, 34, 33, 32, 30, 31]
51: [36, 25, 35, 34, 33, 32, 31]
52: [25, 36, 35, 34, 33, 32]
53: [53]
54: [88]
55: [113]
56: [113]
57: [78]
58: [53]
59: [30, 31, 25]
60: [32]
61: [33]
62: [34]
63: [35]
64: [36, 30]
65: [31]
66: [25, 36, 35, 34, 33, 32]
67: [53]
68: [88]
69: [113]
70: [113]
71: [78]
72: [53]
73: [30, 31, 25]
74: [32]
75: [33]
76: [34]
77: [35]
78: [36, 30]
79: [31]
80: [25, 36, 35, 34, 33, 32]
81: [53]
82: [88]
83: [113]
84: [113]
85: [78]
86: [53]
87: [30, 31, 25]
88: [32]
89: [33]
90: [34]
91: [35]
92: [36, 30]
93: [31]
94: [25, 36, 35, 34, 33, 32]
95: [53]
96: [88]
97: [113]
98: [113]
99: [78]
100: [53]
101: [30, 31, 25]
102: [32]
103: [33]
104: [34]
105: [35]
106: [36, 30]
107: [31]
108: [25, 36, 35, 34, 33, 32]
109: [53]
110: [88]
111: [113]
112: [113]
113: [78]
114: [53]
115: [30, 31, 25]
116: [32]
117: [33]
118: [34]
119: [35]
120: [36, 30]
121: [31]
122: [25, 36, 35, 34, 33, 32]
123: [53]
124: [88]
125: [113]
126: [113]
127: [100, 78]
128: [53]
129: [44, 30, 31, 25]
130: [32, 44]
131: [33, 44]
132: [34, 44]
133: [35, 44]
134: [36, 44, 30]
135: [44, 31]
136: [25, 44, 36, 35, 34, 33, 32]
137: [53]
138: [100, 88]
139: [113]
140: [125, 113]
141: [100, 78, 101]
142: [61, 53]
143: [44, 30, 31, 25]
144: [32, 44, 30, 31, 25]
145: [32, 33, 44, 30, 31, 25]
146: [32, 33, 34, 44, 30, 31, 25]
147: [32, 33, 34, 35, 44, 30, 31, 25]
148: []
149: [25, 44, 36, 35, 34, 33, 32, 31]
150: [25, 44, 36, 35, 34, 33, 32]
151: [53, 61]
152: [101, 100, 88]
153: [113, 125]
154: [125]
155: [78, 101]
156: [61]
157: [61]
158: [61]
159: [61]
160: [61]
161: [61, 67]
162: [68, 61, 67]
163: [68, 61]
164: [61]
165: [61]
166: [101, 88]
167: [125]
168: [125]
169: [78]
170: [78]
171: [78]
172: [78]
173: [78]
174: [78]
175: [78]
176: [78, 88]
177: [88]
178: [88]
179: [88]
180: [88]
181: [125]
182: [125]
183: [125]
184: [125]
185: [125]
186: [125]
187: [125]
188: [125]
189: [125, 135]
190: [136, 125, 135]
191: [136, 125]
192: [125]
193: [125]
194: [125]
195: [125]
149
0: [113]
1: [113]
2: [113]
3: [113]
4: [113]
5: [113]
6: [113]
7: [113]
8: [136, 113]
9: [136, 113, 137]
10: [113, 137]
11: [113]
12: [113]
13: [113]
14: [113]
15: [79]
16: [79]
17: [79]
18: [79]
19: [79]
20: [79]
21: [79]
22: [79]
23: [89, 79]
24: [89]
25: [89]
26: [89]
27: [113]
28: [113]
29: [79]
30: [53]
31: [53]
32: [53]
33: [53]
34: [53]
35: [53]
36: [68, 53]
37: [68, 69, 53]
38: [69, 53]
39: [53]
40: [89]
41: [113]
42: [113]
43: [79]
44: [53]
45: [31, 25]
46: [32, 25, 31]
47: [33, 32, 25, 31]
48: [34, 25, 33, 32, 31]
49: [35, 25, 34, 33, 32, 31]
50: [36, 25, 35, 34, 33, 32, 31]
51: [37, 25, 36, 35, 34, 33, 32, 31]
52: [25, 37, 36, 35, 34, 33, 32]
53: [53]
54: [89]
55: [113]
56: [113]
57: [79]
58: [53]
59: [31, 25]
60: [32]
61: [33]
62: [34]
63: [35]
64: [36]
65: [37, 31]
66: [25, 37, 36, 35, 34, 33, 32]
67: [53]
68: [89]
69: [113]
70: [113]
71: [79]
72: [53]
73: [31, 25]
74: [32]
75: [33]
76: [34]
77: [35]
78: [36]
79: [37, 31]
80: [25, 37, 36, 35, 34, 33, 32]
81: [53]
82: [89]
83: [113]
84: [113]
85: [79]
86: [53]
87: [31, 25]
88: [32]
89: [33]
90: [34]
91: [35]
92: [36]
93: [37, 31]
94: [25, 37, 36, 35, 34, 33, 32]
95: [53]
96: [89]
97: [113]
98: [113]
99: [79]
100: [53]
101: [31, 25]
102: [32]
103: [33]
104: [34]
105: [35]
106: [36]
107: [37, 31]
108: [25, 37, 36, 35, 34, 33, 32]
109: [53]
110: [89]
111: [113]
112: [113]
113: [79]
114: [53]
115: [31, 25]
116: [32]
117: [33]
118: [34]
119: [35]
120: [36]
121: [37, 31]
122: [25, 37, 36, 35, 34, 33, 32]
123: [53]
124: [89]
125: [113]
126: [113]
127: [100, 79]
128: [53]
129: [44, 31, 25]
130: [32, 44]
131: [33, 44]
132: [34, 44]
133: [35, 44]
134: [36, 44]
135: [37, 44, 31]
136: [25, 44, 37, 36, 35, 34, 33, 32]
137: [53]
138: [89, 100]
139: [113]
140: [125, 113]
141: [100, 79, 101]
142: [61, 53]
143: [44, 31, 25]
144: [32, 44, 31, 25]
145: [32, 33, 44, 31, 25]
146: [32, 33, 34, 44, 31, 25]
147: [32, 33, 34, 35, 44, 31, 25]
148: [32, 33, 34, 35, 36, 44, 31, 25]
149: []
150: [25, 44, 37, 36, 35, 34, 33, 32]
151: [53, 61]
152: [101, 89, 100]
153: [113, 125]
154: [125]
155: [79, 101]
156: [61]
157: [61]
158: [61]
159: [61]
160: [61]
161: [61]
162: [61, 68]
163: [69, 61, 68]
164: [69, 61]
165: [61]
166: [101, 89]
167: [125]
168: [125]
169: [79]
170: [79]
171: [79]
172: [79]
173: [79]
174: [79]
175: [79]
176: [79]
177: [79, 89]
178: [89]
179: [89]
180: [89]
181: [125]
182: [125]
183: [125]
184: [125]
185: [125]
186: [125]
187: [125]
188: [125]
189: [125]
190: [125, 136]
191: [137, 125, 136]
192: [137, 125]
193: [125]
194: [125]
195: [125]
150
0: [113]
1: [113]
2: [113]
3: [113]
4: [113]
5: [113]
6: [113]
7: [113]
8: [113]
9: [137, 113]
10: [137, 113, 138]
11: [113, 138]
12: [113]
13: [113]
14: [113]
15: [80]
16: [80]
17: [80]
18: [80]
19: [80]
20: [80]
21: [80]
22: [80]
23: [80]
24: [90, 80]
25: [90]
26: [90]
27: [113]
28: [113]
29: [80]
30: [53]
31: [53]
32: [53]
33: [53]
34: [53]
35: [53]
36: [53]
37: [69, 53]
38: [69, 53, 70]
39: [53, 70]
40: [90]
41: [113]
42: [113]
43: [80]
44: [53]
45: [25]
46: [32, 25]
47: [25, 33, 32]
48: [25, 34, 33, 32]
49: [25, 35, 34, 33, 32]
50: [25, 36, 35, 34, 33, 32]
51: [25, 37, 36, 35, 34, 33, 32]
52: [25, 37, 36, 35, 34, 33, 32]
53: [53, 70]
54: [90]
55: [113]
56: [113]
57: [80]
58: [53]
59: [25]
60: [32]
61: [33]
62: [34]
63: [35]
64: [36]
65: [37]
66: [25, 37, 36, 35, 34, 33, 32]
67: [53, 70]
68: [90]
69: [113]
70: [113]
71: [80]
72: [53]
73: [25]
74: [32]
75: [33]
76: [34]
77: [35]
78: [36]
79: [37]
80: [25, 37, 36, 35, 34, 33, 32]
81: [53, 70]
82: [90]
83: [113]
84: [113]
85: [80]
86: [53]
87: [25]
88: [32]
89: [33]
90: [34]
91: [35]
92: [36]
93: [37]
94: [25, 37, 36, 35, 34, 33, 32]
95: [53, 70]
96: [90]
97: [113]
98: [113]
99: [80]
100: [53]
101: [25]
102: [32]
103: [33]
104: [34]
105: [35]
106: [36]
107: [37]
108: [25, 37, 36, 35, 34, 33, 32]
109: [53, 70]
110: [90]
111: [113]
112: [113]
113: [80]
114: [53]
115: [25]
116: [32]
117: [33]
118: [34]
119: [35]
120: [36]
121: [37]
122: [25, 37, 36, 35, 34, 33, 32]
123: [53, 70]
124: [90]
125: [113]
126: [113]
127: [100, 80]
128: [53]
129: [44, 25]
130: [32, 44]
131: [33, 44]
132: [34, 44]
133: [35, 44]
134: [36, 44]
135: [37, 44]
136: [25, 44, 37, 36, 35, 34, 33, 32]
137: [53, 70]
138: [90, 100]
139: [113]
140: [125, 113]
141: [100, 80, 101]
142: [61, 53]
143: [44, 25]
144: [32, 44, 25]
145: [32, 33, 44, 25]
146: [32, 33, 34, 44, 25]
147: [32, 33, 34, 35, 44, 25]
148: [32, 33, 34, 35, 36, 44, 25]
149: [32, 33, 34, 35, 36, 37, 44, 25]
150: []
151: [53, 70, 61]
152: [101, 90, 100]
153: [113, 125]
154: [125]
155: [80, 101]
156: [61]
157: [61]
158: [61]
159: [61]
160: [61]
161: [61]
162: [61]
163: [61, 69]
164: [70, 61, 69]
165: [70, 61]
166: [101, 90]
167: [125]
168: [125]
169: [80]
170: [80]
171: [80]
172: [80]
173: [80]
174: [80]
175: [80]
176: [80]
177: [80]
178: [80, 90]
179: [90]
180: [90]
181: [125]
182: [125]
183: [125]
184: [125]
185: [125]
186: [125]
187: [125]
188: [125]
189: [125]
190: [125]
191: [125, 137]
192: [138, 125, 137]
193: [138, 125]
194: [125]
195: [125]
151
0: [113]
1: [113]
2: [113]
3: [113]
4: [113]
5: [113]
6: [113]
7: [113]
8: [113]
9: [113]
10: [138, 113]
11: [138, 113, 139]
12: [113, 139]
13: [113]
14: [113]
15: [81]
16: [81]
17: [81]
18: [81]
19: [81]
20: [81]
21: [81]
22: [81]
23: [81]
24: [81]
25: [91, 81]
26: [91]
27: [113]
28: [113]
29: [81]
30: [53, 45]
31: [53, 45]
32: [53, 45]
33: [53, 45]
34: [53, 45]
35: [53, 45]
36: [53, 45]
37: [53, 45]
38: [53, 70, 45]
39: [53, 70, 45]
40: [91]
41: [113]
42: [113]
43: [81]
44: [54, 53, 45]
45: [54]
46: [54]
47: [54]
48: [54]
49: [54]
50: [54]
51: [54]
52: [54, 70]
53: [70, 53, 54, 45]
54: [91]
55: [113]
56: [113]
57: [81]
58: [55, 45, 54, 53]
59: [55]
60: [55]
61: [55]
62: [55]
63: [55]
64: [55]
65: [55]
66: [55, 70]
67: [70, 53, 54, 55, 45]
68: [91]
69: [113]
70: [113]
71: [81]
72: [56, 45, 55, 54, 53]
73: [56]
74: [56]
75: [56]
76: [56]
77: [56]
78: [56]
79: [56]
80: [56, 70]
81: [70, 53, 54, 55, 56, 45]
82: [91]
83: [113]
84: [113]
85: [81]
86: [57, 56, 45, 55, 54, 53]
87: [57]
88: [57]
89: [57]
90: [57]
91: [57]
92: [57]
93: [57]
94: [57, 70]
95: [70, 53, 54, 55, 56, 57, 45]
96: [91]
97: [113]
98: [113]
99: [81]
100: [58, 57, 45, 56, 55, 54, 53]
101: [58]
102: [58]
103: [58]
104: [58]
105: [58]
106: [58]
107: [58]
108: [58, 70]
109: [70, 53, 54, 55, 56, 57, 58, 45]
110: [91]
111: [113]
112: [113]
113: [81]
114: [59, 58, 45, 57, 56, 55, 54, 53]
115: [59]
116: [59]
117: [59]
118: [59]
119: [59]
120: [59]
121: [59]
122: [59, 70]
123: [70, 53, 54, 55, 56, 57, 58, 59, 45]
124: [91]
125: [113]
126: [113]
127: [100, 81]
128: [60, 59, 45, 58, 57, 56, 55, 54, 53]
129: [60]
130: [60]
131: [60]
132: [60]
133: [60]
134: [60]
135: [60]
136: [60, 70]
137: [70, 53, 54, 55, 56, 57, 58, 59, 60, 45]
138: [91, 100]
139: [113]
140: [125, 113]
141: [100, 81, 101]
142: [61, 60, 45, 59, 58, 57, 56, 55, 54, 53]
143: [61, 53]
144: [61, 53]
145: [61, 53]
146: [61, 53]
147: [61, 53]
148: [61, 53]
149: [61, 53]
150: [61, 70, 53]
151: []
152: [101, 91, 100]
153: [113, 125]
154: [125]
155: [81, 101]
156: [61, 45, 60, 59, 58, 57, 56, 55, 54]
157: [45, 61, 60, 59, 58, 57, 56, 55, 54]
158: [45, 61, 60, 59, 58, 57, 56, 55, 54]
159: [45, 61, 60, 59, 58, 57, 56, 55, 54]
160: [45, 61, 60, 59, 58, 57, 56, 55, 54]
161: [45, 61, 60, 59, 58, 57, 56, 55, 54]
162: [45, 61, 60, 59, 58, 57, 56, 55, 54]
163: [45, 61, 60, 59, 58, 57, 56, 55, 54]
164: [45, 61, 70, 60, 59, 58, 57, 56, 55, 54]
165: [45, 61, 70, 60, 59, 58, 57, 56, 55, 54]
166: [101, 91]
167: [125]
168: [125]
169: [81]
170: [81]
171: [81]
172: [81]
173: [81]
174: [81]
175: [81]
176: [81]
177: [81]
178: [81]
179: [81, 91]
180: [91]
181: [125]
182: [125]
183: [125]
184: [125]
185: [125]
186: [125]
187: [125]
188: [125]
189: [125]
190: [125]
191: [125]
192: [138, 125]
193: [139, 138, 125]
194: [139, 125]
195: [125]
152
0: [113]
1: [113]
2: [113]
3: [113]
4: [113]
5: [113]
6: [113]
7: [113]
8: [113]
9: [113]
10: [113]
11: [139, 113]
12: [139, 113, 140]
13: [113, 140]
14: [113]
15: [71]
16: [71, 82]
17: [71, 83, 82]
18: [71, 84, 83, 82]
19: [71, 85, 84, 83, 82]
20: [71, 86, 85, 84, 83, 82]
21: [71, 87, 86, 85, 84, 83, 82]
22: [71, 88, 87, 86, 85, 84, 83, 82]
23: [71, 89, 88, 87, 86, 85, 84, 83, 82]
24: [71, 90, 89, 88, 87, 86, 85, 84, 83, 82]
25: [71, 91, 90, 89, 88, 87, 86, 85, 84, 83, 82]
26: [71, 91, 90, 89, 88, 87, 86, 85, 84, 83, 82]
27: [113, 140]
28: [113]
29: [71]
30: [82]
31: [83]
32: [84]
33: [85]
34: [86]
35: [87]
36: [88]
37: [89]
38: [90]
39: [91]
40: [71, 91, 90, 89, 88, 87, 86, 85, 84, 83, 82]
41: [113, 140]
42: [113]
43: [71]
44: [82]
45: [83]
46: [84]
47: [85]
48: [86]
49: [87]
50: [88]
51: [89]
52: [90]
53: [91]
54: [71, 91, 90, 89, 88, 87, 86, 85, 84, 83, 82]
55: [113, 140]
56: [113]
57: [71]
58: [82]
59: [83]
60: [84]
61: [85]
62: [86]
63: [87]
64: [88]
65: [89]
66: [90]
67: [91]
68: [71, 91, 90, 89, 88, 87, 86, 85, 84, 83, 82]
69: [113, 140]
70: [113]
71: [71]
72: [82]
73: [83]
74: [84]
75: [85]
76: [86]
77: [87]
78: [88]
79: [89]
80: [90]
81: [91]
82: [71, 91, 90, 89, 88, 87, 86, 85, 84, 83, 82]
83: [113, 140]
84: [113]
85: [71]
86: [82]
87: [83]
88: [84]
89: [85]
90: [86]
91: [87]
92: [88]
93: [89]
94: [90]
95: [91]
96: [71, 91, 90, 89, 88, 87, 86, 85, 84, 83, 82]
97: [113, 140]
98: [113]
99: [71]
100: [82]
101: [83]
102: [84]
103: [85]
104: [86]
105: [87]
106: [88]
107: [89]
108: [90]
109: [91]
110: [71, 91, 90, 89, 88, 87, 86, 85, 84, 83, 82]
111: [113, 140]
112: [113]
113: [71]
114: [82]
115: [83]
116: [84]
117: [85]
118: [86]
119: [87]
120: [88]
121: [89]
122: [90]
123: [91]
124: [71, 91, 90, 89, 88, 87, 86, 85, 84, 83, 82]
125: [113, 140]
126: [113]
127: [100, 71]
128: [100, 82]
129: [83, 100]
130: [84, 100]
131: [85, 100]
132: [86, 100]
133: [87, 100]
134: [88, 100]
135: [89, 100]
136: [90, 100]
137: [91, 100]
138: [71, 91, 100, 90, 89, 88, 87, 86, 85, 84, 83, 82]
139: [113, 140]
140: [125, 113]
141: [100, 101, 71]
142: [100, 82, 101]
143: [100, 83, 101]
144: [100, 84, 101]
145: [100, 85, 101]
146: [100, 86, 101]
147: [100, 87, 101]
148: [100, 88, 101]
149: [100, 89, 101]
150: [100, 90, 101]
151: [100, 91, 101]
152: []
153: [113, 140, 125]
154: [125]
155: [101, 71]
156: [101, 82]
157: [101, 83]
158: [101, 84]
159: [101, 85]
160: [101, 86]
161: [101, 87]
162: [101, 88]
163: [101, 89]
164: [101, 90]
165: [101, 91]
166: [101, 82, 83, 84, 85, 86, 87, 88, 89, 90, 91, 71]
167: [140, 125]
168: [125]
169: [71]
170: [82, 71]
171: [82, 83, 71]
172: [82, 83, 84, 71]
173: [82, 83, 84, 85, 71]
174: [82, 83, 84, 85, 86, 71]
175: [82, 83, 84, 85, 86, 87, 71]
176: [82, 83, 84, 85, 86, 87, 88, 71]
177: [82, 83, 84, 85, 86, 87, 88, 89, 71]
178: [82, 83, 84, 85, 86, 87, 88, 89, 90, 71]
179: [82, 83, 84, 85, 86, 87, 88, 89, 90, 91, 71]
180: [82, 83, 84, 85, 86, 87, 88, 89, 90, 91, 71]
181: [140, 125]
182: [125]
183: [125]
184: [125]
185: [125]
186: [125]
187: [125]
188: [125]
189: [125]
190: [125]
191: [125]
192: [125]
193: [139, 125]
194: [140, 139, 125]
195: [140, 125]
153
0: [113, 114, 115, 103]
1: [113, 114, 115, 103]
2: [113, 114, 115, 103]
3: [113, 114, 115, 103]
4: [113, 114, 115, 103]
5: [113, 114, 115, 103]
6: [113, 114, 115, 103]
7: [113, 114, 115, 103]
8: [113, 114, 115, 103]
9: [113, 114, 115, 103]
10: [113, 114, 115, 103]
11: [113, 114, 115, 103]
12: [113, 114, 115, 140, 103]
13: [113, 114, 115, 140, 103]
14: [116, 113, 114, 115, 103]
15: [116]
16: [116]
17: [116]
18: [116]
19: [116]
20: [116]
21: [116]
22: [116]
23: [116]
24: [116]
25: [116]
26: [116, 140]
27: [140, 113, 114, 115, 116, 103]
28: [117, 116, 113, 114, 115, 103]
29: [117]
30: [117]
31: [117]
32: [117]
33: [117]
34: [117]
35: [117]
36: [117]
37: [117]
38: [117]
39: [117]
40: [117, 140]
41: [140, 113, 114, 115, 116, 117, 103]
42: [118, 117, 116, 113, 114, 115, 103]
43: [118]
44: [118]
45: [118]
46: [118]
47: [118]
48: [118]
49: [118]
50: [118]
51: [118]
52: [118]
53: [118]
54: [118, 140]
55: [140, 113, 114, 115, 116, 117, 118, 103]
56: [119, 118, 117, 116, 103, 113, 114, 115]
57: [119]
58: [119]
59: [119]
60: [119]
61: [119]
62: [119]
63: [119]
64: [119]
65: [119]
66: [119]
67: [119]
68: [119, 140]
69: [140, 113, 114, 115, 116, 117, 118, 119, 103]
70: [120, 119, 118, 117, 103, 116, 113, 114, 115]
71: [120]
72: [120]
73: [120]
74: [120]
75: [120]
76: [120]
77: [120]
78: [120]
79: [120]
80: [120]
81: [120]
82: [120, 140]
83: [140, 113, 114, 115, 116, 117, 118, 119, 120, 103]
84: [121, 120, 119, 118, 103, 117, 116, 113, 114, 115]
85: [121]
86: [121]
87: [121]
88: [121]
89: [121]
90: [121]
91: [121]
92: [121]
93: [121]
94: [121]
95: [121]
96: [121, 140]
97: [140, 113, 114, 115, 116, 117, 118, 119, 120, 121, 103]
98: [122, 121, 120, 119, 103, 118, 117, 116, 113, 114, 115]
99: [122]
100: [122]
101: [122]
102: [122]
103: [122]
104: [122]
105: [122]
106: [122]
107: [122]
108: [122]
109: [122]
110: [122, 140]
111: [140, 113, 114, 115, 116, 117, 118, 119, 120, 121, 122, 103]
112: [123, 122, 121, 120, 103, 119, 118, 117, 116, 113, 114, 115]
113: [123]
114: [123]
115: [123]
116: [123]
117: [123]
118: [123]
119: [123]
120: [123]
121: [123]
122: [123]
123: [123]
124: [123, 140]
125: [140, 113, 114, 115, 116, 117, 118, 119, 120, 121, 122, 123, 103]
126: [124, 123, 122, 121, 103, 120, 119, 118, 117, 116, 113, 114, 115]
127: [124]
128: [124]
129: [124]
130: [124]
131: [124]
132: [124]
133: [124]
134: [124]
135: [124]
136: [124]
137: [124]
138: [124, 140]
139: [140, 113, 114, 115, 116, 117, 118, 119, 120, 121, 122, 123, 124, 103]
140: [125, 124, 123, 122, 103, 121, 120, 119, 118, 117, 116, 113, 114, 115]
141: [125, 113]
142: [125, 113]
143: [125, 113]
144: [125, 113]
145: [125, 113]
146: [125, 113]
147: [125, 113]
148: [125, 113]
149: [125, 113]
150: [125, 113]
151: [125, 113]
152: [125, 140, 113]
153: []
154: [125, 124, 123, 103, 122, 121, 120, 119, 118, 117, 116, 114, 115]
155: [114]
156: [114]
157: [114]
158: [114]
159: [114]
160: [114]
161: [114]
162: [114]
163: [114]
164: [114]
165: [114]
166: [140, 114]
167: [103, 140, 125, 124, 123, 122, 121, 120, 119, 118, 114, 117, 115, 116]
168: [125, 124, 103, 123, 122, 121, 120, 119, 118, 117, 116, 115]
169: [115]
170: [115]
171: [115]
172: [115]
173: [115]
174: [115]
175: [115]
176: [115]
177: [115]
178: [115]
179: [115]
180: [140, 115]
181: [103, 140, 125, 124, 123, 122, 121, 120, 119, 118, 117, 115, 116]
182: [125, 103, 124, 123, 122, 121, 120, 119, 118, 117, 116]
183: [103, 125, 124, 123, 122, 121, 120, 119, 118, 117, 116]
184: [103, 125, 124, 123, 122, 121, 120, 119, 118, 117, 116]
185: [103, 125, 124, 123, 122, 121, 120, 119, 118, 117, 116]
186: [103, 125, 124, 123, 122, 121, 120, 119, 118, 117, 116]
187: [103, 125, 124, 123, 122, 121, 120, 119, 118, 117, 116]
188: [103, 125, 124, 123, 122, 121, 120, 119, 118, 117, 116]
189: [103, 125, 124, 123, 122, 121, 120, 119, 118, 117, 116]
190: [103, 125, 124, 123, 122, 121, 120, 119, 118, 117, 116]
191: [103, 125, 124, 123, 122, 121, 120, 119, 118, 117, 116]
192: [103, 125, 124, 123, 122, 121, 120, 119, 118, 117, 116]
193: [103, 125, 124, 123, 122, 121, 120, 119, 118, 117, 116]
194: [103, 140, 125, 124, 123, 122, 121, 120, 119, 118, 117, 116]
195: [103, 140, 125, 124, 123, 122, 121, 120, 119, 118, 117, 116]
154
0: [103, 128, 114, 115]
1: [103, 128, 114, 115]
2: [103, 114, 115]
3: [103, 114, 115]
4: [103, 114, 115]
5: [103, 114, 115]
6: [103, 114, 115]
7: [103, 114, 115]
8: [103, 114, 115]
9: [103, 114, 115]
10: [103, 114, 115]
11: [103, 114, 115]
12: [103, 114, 115]
13: [114, 103, 115]
14: [103, 128, 114, 115, 116]
15: [128, 116]
16: [116]
17: [116]
18: [116]
19: [116]
20: [116]
21: [116]
22: [116]
23: [116]
24: [116]
25: [116]
26: [116]
27: [114, 115, 103, 116]
28: [103, 128, 114, 117, 115, 116]
29: [128, 117]
30: [117]
31: [117]
32: [117]
33: [117]
34: [117]
35: [117]
36: [117]
37: [117]
38: [117]
39: [117]
40: [117]
41: [114, 115, 116, 117, 103]
42: [103, 128, 118, 114, 117, 115, 116]
43: [128, 118]
44: [118]
45: [118]
46: [118]
47: [118]
48: [118]
49: [118]
50: [118]
51: [118]
52: [118]
53: [118]
54: [118]
55: [114, 115, 116, 117, 118, 103]
56: [103, 128, 119, 118, 114, 117, 115, 116]
57: [128, 119]
58: [119]
59: [119]
60: [119]
61: [119]
62: [119]
63: [119]
64: [119]
65: [119]
66: [119]
67: [119]
68: [119]
69: [114, 115, 116, 117, 118, 119, 103]
70: [103, 128, 120, 119, 118, 114, 117, 115, 116]
71: [128, 120]
72: [120]
73: [120]
74: [120]
75: [120]
76: [120]
77: [120]
78: [120]
79: [120]
80: [120]
81: [120]
82: [120]
83: [114, 115, 116, 117, 118, 119, 120, 103]
84: [103, 128, 121, 120, 119, 118, 114, 117, 115, 116]
85: [128, 121]
86: [121]
87: [121]
88: [121]
89: [121]
90: [121]
91: [121]
92: [121]
93: [121]
94: [121]
95: [121]
96: [121]
97: [114, 115, 116, 117, 118, 119, 120, 121, 103]
98: [103, 128, 122, 121, 120, 119, 118, 114, 117, 115, 116]
99: [128, 122]
100: [122]
101: [122]
102: [122]
103: [122]
104: [122]
105: [122]
106: [122]
107: [122]
108: [122]
109: [122]
110: [122]
111: [114, 115, 116, 117, 118, 119, 120, 121, 122, 103]
112: [103, 128, 123, 122, 121, 120, 119, 118, 114, 117, 115, 116]
113: [128, 123]
114: [123]
115: [123]
116: [123]
117: [123]
118: [123]
119: [123]
120: [123]
121: [123]
122: [123]
123: [123]
124: [123]
125: [114, 115, 116, 117, 118, 119, 120, 121, 122, 123, 103]
126: [103, 128, 124, 123, 122, 121, 120, 119, 118, 114, 117, 115, 116]
127: [128, 124]
128: [124]
129: [124]
130: [124]
131: [124]
132: [124]
133: [124]
134: [124]
135: [124]
136: [124]
137: [124]
138: [124]
139: [114, 115, 116, 117, 118, 119, 120, 121, 122, 123, 124, 103]
140: [103, 128, 125, 124, 123, 122, 121, 120, 119, 118, 114, 117, 115, 116]
141: [128, 125]
142: [125]
143: [125]
144: [125]
145: [125]
146: [125]
147: [125]
148: [125]
149: [125]
150: [125]
151: [125]
152: [125]
153: [114, 115, 116, 117, 118, 119, 120, 121, 122, 123, 124, 125, 103]
154: []
155: [114, 128, 126]
156: [114, 126]
157: [114, 126]
158: [114, 126]
159: [114, 126]
160: [114, 126]
161: [114, 126]
162: [114, 126]
163: [114, 126]
164: [114, 126]
165: [114, 126]
166: [114, 126]
167: [114, 115, 116, 117, 118, 119, 120, 121, 122, 123, 124, 125, 126, 103]
168: [128, 115, 116, 117, 118, 119, 120, 121, 122, 123, 124, 125, 126, 103]
169: [115, 128]
170: [115]
171: [115]
172: [115]
173: [115]
174: [115]
175: [115]
176: [115]
177: [115]
178: [115]
179: [115]
180: [115]
181: [115, 116, 117, 118, 119, 120, 121, 122, 123, 124, 125, 126, 103]
182: [128, 116, 117, 118, 119, 120, 121, 122, 123, 124, 125, 126, 103]
183: [128, 116, 117, 118, 119, 120, 121, 122, 123, 124, 125, 126, 103]
184: [116, 117, 118, 119, 120, 121, 122, 123, 124, 125, 126, 103]
185: [116, 117, 118, 119, 120, 121, 122, 123, 124, 125, 126, 103]
186: [116, 117, 118, 119, 120, 121, 122, 123, 124, 125, 126, 103]
187: [116, 117, 118, 119, 120, 121, 122, 123, 124, 125, 126, 103]
188: [116, 117, 118, 119, 120, 121, 122, 123, 124, 125, 126, 103]
189: [116, 117, 118, 119, 120, 121, 122, 123, 124, 125, 126, 103]
190: [116, 117, 118, 119, 120, 121, 122, 123, 124, 125, 126, 103]
191: [116, 117, 118, 119, 120, 121, 122, 123, 124, 125, 126, 103]
192: [116, 117, 118, 119, 120, 121, 122, 123, 124, 125, 126, 103]
193: [116, 117, 118, 119, 120, 121, 122, 123, 124, 125, 126, 103]
194: [116, 117, 118, 119, 120, 121, 122, 123, 124, 125, 126, 103]
195: [116, 117, 118, 119, 120, 121, 122, 123, 124, 125, 126, 103]
155
0: [128, 114]
1: [128, 129, 114]
2: [129, 114]
3: [114]
4: [114]
5: [114]
6: [114]
7: [114]
8: [114]
9: [114]
10: [114]
11: [114]
12: [114]
13: [114]
14: [128, 114]
15: [72, 73, 74, 75, 76, 77, 78, 79, 80, 81, 71]
16: [72, 73, 74, 75, 76, 77, 78, 79, 80, 81, 71]
17: [73, 74, 75, 76, 77, 78, 79, 80, 81, 71]
18: [74, 75, 76, 77, 78, 79, 80, 81, 71]
19: [75, 76, 77, 78, 79, 80, 81, 71]
20: [76, 77, 78, 79, 80, 81, 71]
21: [77, 78, 79, 80, 81, 71]
22: [80, 81, 78, 79, 71]
23: [80, 81, 79, 71]
24: [80, 81, 71]
25: [81, 71]
26: [71]
27: [114]
28: [128, 114]
29: [72, 73, 74, 75, 76, 77, 78, 79, 80, 81, 71]
30: [72]
31: [73]
32: [74]
33: [75]
34: [76]
35: [77]
36: [78]
37: [79]
38: [80]
39: [81]
40: [71]
41: [114]
42: [128, 114]
43: [72, 73, 74, 75, 76, 77, 78, 79, 80, 81, 71]
44: [72]
45: [73]
46: [74]
47: [75]
48: [76]
49: [77]
50: [78]
51: [79]
52: [80]
53: [81]
54: [71]
55: [114]
56: [128, 114]
57: [72, 73, 74, 75, 76, 77, 78, 79, 80, 81, 71]
58: [72]
59: [73]
60: [74]
61: [75]
62: [76]
63: [77]
64: [78]
65: [79]
66: [80]
67: [81]
68: [71]
69: [114]
70: [128, 114]
71: [72, 73, 74, 75, 76, 77, 78, 79, 80, 81, 71]
72: [72]
73: [73]
74: [74]
75: [75]
76: [76]
77: [77]
78: [78]
79: [79]
80: [80]
81: [81]
82: [71]
83: [114]
84: [128, 114]
85: [72, 73, 74, 75, 76, 77, 78, 79, 80, 81, 71]
86: [72]
87: [73]
88: [74]
89: [75]
90: [76]
91: [77]
92: [78]
93: [79]
94: [80]
95: [81]
96: [71]
97: [114]
98: [128, 114]
99: [72, 73, 74, 75, 76, 77, 78, 79, 80, 81, 71]
100: [72]
101: [73]
102: [74]
103: [75]
104: [76]
105: [77]
106: [78]
107: [79]
108: [80]
109: [81]
110: [71]
111: [114]
112: [128, 114]
113: [72, 73, 74, 75, 76, 77, 78, 79, 80, 81, 71]
114: [72]
115: [73]
116: [74]
117: [75]
118: [76]
119: [77]
120: [78]
121: [79]
122: [80]
123: [81]
124: [71]
125: [114]
126: [128, 114]
127: [72, 73, 74, 75, 76, 77, 78, 79, 80, 81, 71]
128: [72]
129: [73]
130: [74]
131: [75]
132: [76]
133: [77]
134: [78]
135: [79]
136: [80]
137: [81]
138: [71]
139: [114]
140: [128, 114]
141: [101, 72, 73, 74, 75, 76, 77, 78, 79, 80, 81, 71]
142: [101, 72]
143: [101, 73]
144: [101, 74]
145: [101, 75]
146: [101, 76]
147: [101, 77]
148: [101, 78]
149: [101, 79]
150: [101, 80]
151: [101, 81]
152: [101, 71]
153: [114]
154: [126, 128, 114]
155: []
156: [102, 72, 101]
157: [102, 73, 101]
158: [102, 101, 74]
159: [102, 101, 75]
160: [102, 101, 76]
161: [102, 101, 77]
162: [102, 101, 78]
163: [102, 101, 79]
164: [102, 101, 80]
165: [102, 101, 81]
166: [102, 101, 71]
167: [114, 126]
168: [126, 128]
169: [71, 72, 102, 73, 74, 75, 76, 77, 78, 79, 80, 81]
170: [71, 72, 102, 73, 74, 75, 76, 77, 78, 79, 80, 81]
171: [71, 102, 73, 74, 75, 76, 77, 78, 79, 80, 81]
172: [71, 102, 74, 75, 76, 77, 78, 79, 80, 81]
173: [71, 102, 75, 76, 77, 78, 79, 80, 81]
174: [71, 102, 76, 77, 78, 79, 80, 81]
175: [71, 102, 77, 78, 79, 80, 81]
176: [71, 102, 78, 79, 80, 81]
177: [71, 102, 79, 80, 81]
178: [71, 102, 80, 81]
179: [71, 102, 81]
180: [102, 71]
181: [126]
182: [126, 128]
183: [129, 126, 128]
184: [129, 126]
185: [126]
186: [126]
187: [126]
188: [126]
189: [126]
190: [126]
191: [126]
192: [126]
193: [126]
194: [126]
195: [126]
156
0: [114]
1: [129, 114]
2: [129, 130, 114]
3: [130, 114]
4: [114]
5: [114]
6: [114]
7: [114]
8: [114]
9: [114]
10: [114]
11: [114]
12: [114]
13: [114]
14: [114]
15: [72]
16: [82, 72]
17: [82]
18: [82]
19: [82]
20: [82]
21: [82]
22: [82]
23: [82]
24: [82]
25: [82]
26: [82]
27: [114]
28: [114]
29: [72]
30: [45, 62]
31: [45, 62]
32: [45]
33: [45]
34: [45]
35: [45]
36: [45]
37: [45]
38: [45]
39: [45]
40: [82]
41: [114]
42: [114]
43: [72]
44: [45, 62, 54]
45: [62, 54]
46: [54]
47: [54]
48: [54]
49: [54]
50: [54]
51: [54]
52: [54]
53: [54, 45]
54: [82]
55: [114]
56: [114]
57: [72]
58: [45, 62, 55, 54]
59: [62, 55]
60: [55]
61: [55]
62: [55]
63: [55]
64: [55]
65: [55]
66: [55]
67: [54, 55, 45]
68: [82]
69: [114]
70: [114]
71: [72]
72: [45, 62, 56, 55, 54]
73: [62, 56]
74: [56]
75: [56]
76: [56]
77: [56]
78: [56]
79: [56]
80: [56]
81: [56, 54, 55, 45]
82: [82]
83: [114]
84: [114]
85: [72]
86: [45, 62, 57, 56, 55, 54]
87: [62, 57]
88: [57]
89: [57]
90: [57]
91: [57]
92: [57]
93: [57]
94: [57]
95: [56, 57, 54, 55, 45]
96: [82]
97: [114]
98: [114]
99: [72]
100: [45, 62, 58, 57, 56, 55, 54]
101: [62, 58]
102: [58]
103: [58]
104: [58]
105: [58]
106: [58]
107: [58]
108: [58]
109: [54, 55, 56, 57, 58, 45]
110: [82]
111: [114]
112: [114]
113: [72]
114: [45, 62, 59, 58, 57, 56, 55, 54]
115: [62, 59]
116: [59]
117: [59]
118: [59]
119: [59]
120: [59]
121: [59]
122: [59]
123: [54, 55, 56, 57, 58, 59, 45]
124: [82]
125: [114]
126: [114]
127: [72]
128: [45, 62, 60, 59, 58, 57, 56, 55, 54]
129: [62, 60]
130: [60]
131: [60]
132: [60]
133: [60]
134: [60]
135: [60]
136: [60]
137: [54, 55, 56, 57, 58, 59, 60, 45]
138: [82]
139: [114]
140: [114]
141: [101, 72]
142: [45, 61, 62, 60, 59, 58, 57, 56, 55, 54]
143: [62, 61]
144: [61]
145: [61]
146: [61]
147: [61]
148: [61]
149: [61]
150: [61]
151: [54, 55, 56, 57, 58, 59, 60, 61, 45]
152: [101, 82]
153: [114]
154: [126, 114]
155: [101, 72, 102]
156: []
157: [54, 55, 56, 57, 58, 59, 60, 61, 62, 45]
158: [54, 55, 56, 57, 58, 59, 60, 61, 45]
159: [54, 55, 56, 57, 58, 59, 60, 61, 45]
160: [54, 55, 56, 57, 58, 59, 60, 61, 45]
161: [54, 55, 56, 57, 58, 59, 60, 61, 45]
162: [54, 55, 56, 57, 58, 59, 60, 61, 45]
163: [54, 55, 56, 57, 58, 59, 60, 61, 45]
164: [54, 55, 56, 57, 58, 59, 60, 61, 45]
165: [54, 55, 56, 57, 58, 59, 60, 61, 45]
166: [102, 101, 82]
167: [114, 126]
168: [126]
169: [72, 102]
170: [72, 102, 82]
171: [102, 82]
172: [102, 82]
173: [102, 82]
174: [102, 82]
175: [102, 82]
176: [102, 82]
177: [102, 82]
178: [102, 82]
179: [102, 82]
180: [102, 82]
181: [126]
182: [126]
183: [126, 129]
184: [130, 126, 129]
185: [130, 126]
186: [126]
187: [126]
188: [126]
189: [126]
190: [126]
191: [126]
192: [126]
193: [126]
194: [126]
195: [126]
157
0: [114]
1: [114]
2: [130, 114]
3: [130, 131, 114]
4: [131, 114]
5: [114]
6: [114]
7: [114]
8: [114]
9: [114]
10: [114]
11: [114]
12: [114]
13: [114]
14: [114]
15: [73]
16: [73]
17: [83, 73]
18: [83]
19: [83]
20: [83]
21: [83]
22: [83]
23: [83]
24: [83]
25: [83]
26: [83]
27: [114]
28: [114]
29: [73]
30: [45, 62]
31: [62, 45, 63]
32: [63, 45]
33: [45]
34: [45]
35: [45]
36: [45]
37: [45]
38: [45]
39: [45]
40: [83]
41: [114]
42: [114]
43: [73]
44: [45, 62, 54]
45: [62, 63, 54]
46: [63, 54]
47: [54]
48: [54]
49: [54]
50: [54]
51: [54]
52: [54]
53: [54, 45]
54: [83]
55: [114]
56: [114]
57: [73]
58: [45, 62, 55, 54]
59: [62, 63, 55]
60: [63, 55]
61: [55]
62: [55]
63: [55]
64: [55]
65: [55]
66: [55]
67: [54, 55, 45]
68: [83]
69: [114]
70: [114]
71: [73]
72: [45, 62, 56, 55, 54]
73: [62, 63, 56]
74: [63, 56]
75: [56]
76: [56]
77: [56]
78: [56]
79: [56]
80: [56]
81: [56, 54, 55, 45]
82: [83]
83: [114]
84: [114]
85: [73]
86: [45, 62, 57, 56, 55, 54]
87: [62, 63, 57]
88: [63, 57]
89: [57]
90: [57]
91: [57]
92: [57]
93: [57]
94: [57]
95: [56, 57, 54, 55, 45]
96: [83]
97: [114]
98: [114]
99: [73]
100: [45, 62, 58, 57, 56, 55, 54]
101: [62, 63, 58]
102: [63, 58]
103: [58]
104: [58]
105: [58]
106: [58]
107: [58]
108: [58]
109: [54, 55, 56, 57, 58, 45]
110: [83]
111: [114]
112: [114]
113: [73]
114: [45, 62, 59, 58, 57, 56, 55, 54]
115: [62, 63, 59]
116: [63, 59]
117: [59]
118: [59]
119: [59]
120: [59]
121: [59]
122: [59]
123: [54, 55, 56, 57, 58, 59, 45]
124: [83]
125: [114]
126: [114]
127: [73]
128: [45, 62, 60, 59, 58, 57, 56, 55, 54]
129: [62, 60, 63]
130: [63, 60]
131: [60]
132: [60]
133: [60]
134: [60]
135: [60]
136: [60]
137: [54, 55, 56, 57, 58, 59, 60, 45]
138: [83]
139: [114]
140: [114]
141: [101, 73]
142: [45, 61, 62, 60, 59, 58, 57, 56, 55, 54]
143: [62, 61, 63]
144: [63, 61]
145: [61]
146: [61]
147: [61]
148: [61]
149: [61]
150: [61]
151: [54, 55, 56, 57, 58, 59, 60, 61, 45]
152: [101, 83]
153: [114]
154: [126, 114]
155: [101, 73, 102]
156: [45, 61, 62, 60, 59, 58, 57, 56, 55, 54]
157: []
158: [54, 55, 56, 57, 58, 59, 60, 61, 63, 45]
159: [54, 55, 56, 57, 58, 59, 60, 61, 45]
160: [54, 55, 56, 57, 58, 59, 60, 61, 45]
161: [54, 55, 56, 57, 58, 59, 60, 61, 45]
162: [54, 55, 56, 57, 58, 59, 60, 61, 45]
163: [54, 55, 56, 57, 58, 59, 60, 61, 45]
164: [54, 55, 56, 57, 58, 59, 60, 61, 45]
165: [54, 55, 56, 57, 58, 59, 60, 61, 45]
166: [102, 101, 83]
167: [114, 126]
168: [126]
169: [73, 102]
170: [73, 102]
171: [73, 102, 83]
172: [102, 83]
173: [102, 83]
174: [102, 83]
175: [102, 83]
176: [102, 83]
177: [102, 83]
178: [102, 83]
179: [102, 83]
180: [102, 83]
181: [126]
182: [126]
183: [126]
184: [126, 130]
185: [131, 126, 130]
186: [131, 126]
187: [126]
188: [126]
189: [126]
190: [126]
191: [126]
192: [126]
193: [126]
194: [126]
195: [126]
158
0: [114]
1: [114]
2: [114]
3: [131, 114]
4: [131, 132, 114]
5: [132, 114]
6: [114]
7: [114]
8: [114]
9: [114]
10: [114]
11: [114]
12: [114]
13: [114]
14: [114]
15: [74]
16: [74]
17: [74]
18: [84, 74]
19: [84]
20: [84]
21: [84]
22: [84]
23: [84]
24: [84]
25: [84]
26: [84]
27: [114]
28: [114]
29: [74]
30: [45]
31: [63, 45]
32: [63, 64, 45]
33: [64, 45]
34: [45]
35: [45]
36: [45]
37: [45]
38: [45]
39: [45]
40: [84]
41: [114]
42: [114]
43: [74]
44: [45, 54]
45: [63, 54]
46: [63, 64, 54]
47: [64, 54]
48: [54]
49: [54]
50: [54]
51: [54]
52: [54]
53: [54, 45]
54: [84]
55: [114]
56: [114]
57: [74]
58: [45, 55, 54]
59: [63, 55]
60: [63, 64, 55]
61: [64, 55]
62: [55]
63: [55]
64: [55]
65: [55]
66: [55]
67: [54, 55, 45]
68: [84]
69: [114]
70: [114]
71: [74]
72: [45, 56, 55, 54]
73: [63, 56]
74: [63, 64, 56]
75: [64, 56]
76: [56]
77: [56]
78: [56]
79: [56]
80: [56]
81: [56, 54, 55, 45]
82: [84]
83: [114]
84: [114]
85: [74]
86: [45, 57, 56, 55, 54]
87: [63, 57]
88: [63, 64, 57]
89: [64, 57]
90: [57]
91: [57]
92: [57]
93: [57]
94: [57]
95: [56, 57, 54, 55, 45]
96: [84]
97: [114]
98: [114]
99: [74]
100: [45, 58, 57, 56, 55, 54]
101: [63, 58]
102: [63, 64, 58]
103: [64, 58]
104: [58]
105: [58]
106: [58]
107: [58]
108: [58]
109: [54, 55, 56, 57, 58, 45]
110: [84]
111: [114]
112: [114]
113: [74]
114: [45, 59, 58, 57, 56, 55, 54]
115: [63, 59]
116: [63, 64, 59]
117: [64, 59]
118: [59]
119: [59]
120: [59]
121: [59]
122: [59]
123: [54, 55, 56, 57, 58, 59, 45]
124: [84]
125: [114]
126: [114]
127: [74]
128: [45, 60, 59, 58, 57, 56, 55, 54]
129: [60, 63]
130: [63, 60, 64]
131: [64, 60]
132: [60]
133: [60]
134: [60]
135: [60]
136: [60]
137: [54, 55, 56, 57, 58, 59, 60, 45]
138: [84]
139: [114]
140: [114]
141: [101, 74]
142: [45, 61, 60, 59, 58, 57, 56, 55, 54]
143: [61, 63]
144: [63, 61, 64]
145: [64, 61]
146: [61]
147: [61]
148: [61]
149: [61]
150: [61]
151: [54, 55, 56, 57, 58, 59, 60, 61, 45]
152: [101, 84]
153: [114]
154: [126, 114]
155: [101, 74, 102]
156: [45, 61, 60, 59, 58, 57, 56, 55, 54]
157: [45, 61, 63, 60, 59, 58, 57, 56, 55, 54]
158: []
159: [64, 54, 55, 56, 57, 58, 59, 60, 61, 45]
160: [54, 55, 56, 57, 58, 59, 60, 61, 45]
161: [54, 55, 56, 57, 58, 59, 60, 61, 45]
162: [54, 55, 56, 57, 58, 59, 60, 61, 45]
163: [54, 55, 56, 57, 58, 59, 60, 61, 45]
164: [54, 55, 56, 57, 58, 59, 60, 61, 45]
165: [54, 55, 56, 57, 58, 59, 60, 61, 45]
166: [102, 101, 84]
167: [114, 126]
168: [126]
169: [74, 102]
170: [74, 102]
171: [74, 102]
172: [74, 102, 84]
173: [102, 84]
174: [102, 84]
175: [102, 84]
176: [102, 84]
177: [102, 84]
178: [102, 84]
179: [102, 84]
180: [102, 84]
181: [126]
182: [126]
183: [126]
184: [126]
185: [126, 131]
186: [132, 126, 131]
187: [132, 126]
188: [126]
189: [126]
190: [126]
191: [126]
192: [126]
193: [126]
194: [126]
195: [126]
159
0: [114]
1: [114]
2: [114]
3: [114]
4: [132, 114]
5: [132, 133, 114]
6: [133, 114]
7: [114]
8: [114]
9: [114]
10: [114]
11: [114]
12: [114]
13: [114]
14: [114]
15: [75]
16: [75]
17: [75]
18: [75]
19: [85, 75]
20: [85]
21: [85]
22: [85]
23: [85]
24: [85]
25: [85]
26: [85]
27: [114]
28: [114]
29: [75]
30: [45]
31: [45]
32: [64, 45]
33: [64, 65, 45]
34: [65, 45]
35: [45]
36: [45]
37: [45]
38: [45]
39: [45]
40: [85]
41: [114]
42: [114]
43: [75]
44: [45, 54]
45: [54]
46: [64, 54]
47: [64, 65, 54]
48: [65, 54]
49: [54]
50: [54]
51: [54]
52: [54]
53: [54, 45]
54: [85]
55: [114]
56: [114]
57: [75]
58: [45, 55, 54]
59: [55]
60: [64, 55]
61: [64, 65, 55]
62: [65, 55]
63: [55]
64: [55]
65: [55]
66: [55]
67: [54, 55, 45]
68: [85]
69: [114]
70: [114]
71: [75]
72: [45, 56, 55, 54]
73: [56]
74: [64, 56]
75: [64, 65, 56]
76: [65, 56]
77: [56]
78: [56]
79: [56]
80: [56]
81: [56, 54, 55, 45]
82: [85]
83: [114]
84: [114]
85: [75]
86: [45, 57, 56, 55, 54]
87: [57]
88: [64, 57]
89: [64, 65, 57]
90: [65, 57]
91: [57]
92: [57]
93: [57]
94: [57]
95: [56, 57, 54, 55, 45]
96: [85]
97: [114]
98: [114]
99: [75]
100: [45, 58, 57, 56, 55, 54]
101: [58]
102: [64, 58]
103: [64, 65, 58]
104: [65, 58]
105: [58]
106: [58]
107: [58]
108: [58]
109: [54, 55, 56, 57, 58, 45]
110: [85]
111: [114]
112: [114]
113: [75]
114: [45, 59, 58, 57, 56, 55, 54]
115: [59]
116: [64, 59]
117: [64, 59, 65]
118: [65, 59]
119: [59]
120: [59]
121: [59]
122: [59]
123: [54, 55, 56, 57, 58, 59, 45]
124: [85]
125: [114]
126: [114]
127: [75]
128: [45, 60, 59, 58, 57, 56, 55, 54]
129: [60]
130: [60, 64]
131: [64, 60, 65]
132: [65, 60]
133: [60]
134: [60]
135: [60]
136: [60]
137: [54, 55, 56, 57, 58, 59, 60, 45]
138: [85]
139: [114]
140: [114]
141: [101, 75]
142: [45, 61, 60, 59, 58, 57, 56, 55, 54]
143: [61]
144: [61, 64]
145: [64, 61, 65]
146: [65, 61]
147: [61]
148: [61]
149: [61]
150: [61]
151: [54, 55, 56, 57, 58, 59, 60, 61, 45]
152: [101, 85]
153: [114]
154: [126, 114]
155: [101, 75, 102]
156: [45, 61, 60, 59, 58, 57, 56, 55, 54]
157: [45, 61, 60, 59, 58, 57, 56, 55, 54]
158: [45, 64, 61, 60, 59, 58, 57, 56, 55, 54]
159: []
160: [65, 54, 55, 56, 57, 58, 59, 60, 61, 45]
161: [54, 55, 56, 57, 58, 59, 60, 61, 45]
162: [54, 55, 56, 57, 58, 59, 60, 61, 45]
163: [54, 55, 56, 57, 58, 59, 60, 61, 45]
164: [54, 55, 56, 57, 58, 59, 60, 61, 45]
165: [54, 55, 56, 57, 58, 59, 60, 61, 45]
166: [102, 101, 85]
167: [114, 126]
168: [126]
169: [75, 102]
170: [75, 102]
171: [75, 102]
172: [75, 102]
173: [75, 102, 85]
174: [102, 85]
175: [102, 85]
176: [102, 85]
177: [102, 85]
178: [102, 85]
179: [102, 85]
180: [102, 85]
181: [126]
182: [126]
183: [126]
184: [126]
185: [126]
186: [126, 132]
187: [133, 126, 132]
188: [133, 126]
189: [126]
190: [126]
191: [126]
192: [126]
193: [126]
194: [126]
195: [126]
160
0: [114]
1: [114]
2: [114]
3: [114]
4: [114]
5: [133, 114]
6: [133, 134, 114]
7: [134, 114]
8: [114]
9: [114]
10: [114]
11: [114]
12: [114]
13: [114]
14: [114]
15: [76]
16: [76]
17: [76]
18: [76]
19: [76]
20: [86, 76]
21: [86]
22: [86]
23: [86]
24: [86]
25: [86]
26: [86]
27: [114]
28: [114]
29: [76]
30: [45]
31: [45]
32: [45]
33: [65, 45]
34: [65, 66, 45]
35: [66, 45]
36: [45]
37: [45]
38: [45]
39: [45]
40: [86]
41: [114]
42: [114]
43: [76]
44: [45, 54]
45: [54]
46: [54]
47: [65, 54]
48: [65, 66, 54]
49: [66, 54]
50: [54]
51: [54]
52: [54]
53: [54, 45]
54: [86]
55: [114]
56: [114]
57: [76]
58: [45, 55, 54]
59: [55]
60: [55]
61: [65, 55]
62: [65, 66, 55]
63: [66, 55]
64: [55]
65: [55]
66: [55]
67: [54, 55, 45]
68: [86]
69: [114]
70: [114]
71: [76]
72: [45, 56, 55, 54]
73: [56]
74: [56]
75: [65, 56]
76: [65, 66, 56]
77: [66, 56]
78: [56]
79: [56]
80: [56]
81: [56, 54, 55, 45]
82: [86]
83: [114]
84: [114]
85: [76]
86: [45, 57, 56, 55, 54]
87: [57]
88: [57]
89: [65, 57]
90: [65, 57, 66]
91: [66, 57]
92: [57]
93: [57]
94: [57]
95: [56, 57, 54, 55, 45]
96: [86]
97: [114]
98: [114]
99: [76]
100: [45, 58, 57, 56, 55, 54]
101: [58]
102: [58]
103: [65, 58]
104: [65, 58, 66]
105: [66, 58]
106: [58]
107: [58]
108: [58]
109: [54, 55, 56, 57, 58, 45]
110: [86]
111: [114]
112: [114]
113: [76]
114: [45, 59, 58, 57, 56, 55, 54]
115: [59]
116: [59]
117: [59, 65]
118: [65, 59, 66]
119: [66, 59]
120: [59]
121: [59]
122: [59]
123: [54, 55, 56, 57, 58, 59, 45]
124: [86]
125: [114]
126: [114]
127: [76]
128: [45, 60, 59, 58, 57, 56, 55, 54]
129: [60]
130: [60]
131: [60, 65]
132: [65, 60, 66]
133: [66, 60]
134: [60]
135: [60]
136: [60]
137: [54, 55, 56, 57, 58, 59, 60, 45]
138: [86]
139: [114]
140: [114]
141: [101, 76]
142: [45, 61, 60, 59, 58, 57, 56, 55, 54]
143: [61]
144: [61]
145: [61, 65]
146: [65, 61, 66]
147: [66, 61]
148: [61]
149: [61]
150: [61]
151: [54, 55, 56, 57, 58, 59, 60, 61, 45]
152: [101, 86]
153: [114]
154: [126, 114]
155: [101, 76, 102]
156: [45, 61, 60, 59, 58, 57, 56, 55, 54]
157: [45, 61, 60, 59, 58, 57, 56, 55, 54]
158: [45, 61, 60, 59, 58, 57, 56, 55, 54]
159: [45, 65, 61, 60, 59, 58, 57, 56, 55, 54]
160: []
161: [66, 54, 55, 56, 57, 58, 59, 60, 61, 45]
162: [54, 55, 56, 57, 58, 59, 60, 61, 45]
163: [54, 55, 56, 57, 58, 59, 60, 61, 45]
164: [54, 55, 56, 57, 58, 59, 60, 61, 45]
165: [54, 55, 56, 57, 58, 59, 60, 61, 45]
166: [102, 101, 86]
167: [114, 126]
168: [126]
169: [76, 102]
170: [76, 102]
171: [76, 102]
172: [76, 102]
173: [76, 102]
174: [76, 102, 86]
175: [102, 86]
176: [102, 86]
177: [102, 86]
178: [102, 86]
179: [102, 86]
180: [102, 86]
181: [126]
182: [126]
183: [126]
184: [126]
185: [126]
186: [126]
187: [126, 133]
188: [134, 126, 133]
189: [134, 126]
190: [126]
191: [126]
192: [126]
193: [126]
194: [126]
195: [126]
161
0: [114]
1: [114]
2: [114]
3: [114]
4: [114]
5: [114]
6: [134, 114]
7: [134, 135, 114]
8: [135, 114]
9: [114]
10: [114]
11: [114]
12: [114]
13: [114]
14: [114]
15: [77]
16: [77]
17: [77]
18: [77]
19: [77]
20: [77]
21: [87, 77]
22: [87]
23: [87]
24: [87]
25: [87]
26: [87]
27: [114]
28: [114]
29: [77]
30: [45]
31: [45]
32: [45]
33: [45]
34: [66, 45]
35: [66, 67, 45]
36: [67, 45]
37: [45]
38: [45]
39: [45]
40: [87]
41: [114]
42: [114]
43: [77]
44: [45, 54]
45: [54]
46: [54]
47: [54]
48: [66, 54]
49: [66, 67, 54]
50: [67, 54]
51: [54]
52: [54]
53: [54, 45]
54: [87]
55: [114]
56: [114]
57: [77]
58: [45, 55, 54]
59: [55]
60: [55]
61: [55]
62: [66, 55]
63: [66, 67, 55]
64: [67, 55]
65: [55]
66: [55]
67: [54, 55, 45]
68: [87]
69: [114]
70: [114]
71: [77]
72: [45, 56, 55, 54]
73: [56]
74: [56]
75: [56]
76: [66, 56]
77: [66, 56, 67]
78: [67, 56]
79: [56]
80: [56]
81: [56, 54, 55, 45]
82: [87]
83: [114]
84: [114]
85: [77]
86: [45, 57, 56, 55, 54]
87: [57]
88: [57]
89: [57]
90: [57, 66]
91: [66, 57, 67]
92: [67, 57]
93: [57]
94: [57]
95: [56, 57, 54, 55, 45]
96: [87]
97: [114]
98: [114]
99: [77]
100: [45, 58, 57, 56, 55, 54]
101: [58]
102: [58]
103: [58]
104: [58, 66]
105: [66, 58, 67]
106: [67, 58]
107: [58]
108: [58]
109: [54, 55, 56, 57, 58, 45]
110: [87]
111: [114]
112: [114]
113: [77]
114: [45, 59, 58, 57, 56, 55, 54]
115: [59]
116: [59]
117: [59]
118: [59, 66]
119: [66, 59, 67]
120: [67, 59]
121: [59]
122: [59]
123: [54, 55, 56, 57, 58, 59, 45]
124: [87]
125: [114]
126: [114]
127: [77]
128: [45, 60, 59, 58, 57, 56, 55, 54]
129: [60]
130: [60]
131: [60]
132: [60, 66]
133: [66, 60, 67]
134: [67, 60]
135: [60]
136: [60]
137: [54, 55, 56, 57, 58, 59, 60, 45]
138: [87]
139: [114]
140: [114]
141: [101, 77]
142: [45, 61, 60, 59, 58, 57, 56, 55, 54]
143: [61]
144: [61]
145: [61]
146: [61, 66]
147: [66, 61, 67]
148: [67, 61]
149: [61]
150: [61]
151: [54, 55, 56, 57, 58, 59, 60, 61, 45]
152: [101, 87]
153: [114]
154: [126, 114]
155: [101, 77, 102]
156: [45, 61, 60, 59, 58, 57, 56, 55, 54]
157: [45, 61, 60, 59, 58, 57, 56, 55, 54]
158: [45, 61, 60, 59, 58, 57, 56, 55, 54]
159: [45, 61, 60, 59, 58, 57, 56, 55, 54]
160: [45, 66, 61, 60, 59, 58, 57, 56, 55, 54]
161: []
162: [67, 54, 55, 56, 57, 58, 59, 60, 61, 45]
163: [54, 55, 56, 57, 58, 59, 60, 61, 45]
164: [54, 55, 56, 57, 58, 59, 60, 61, 45]
165: [54, 55, 56, 57, 58, 59, 60, 61, 45]
166: [102, 101, 87]
167: [114, 126]
168: [126]
169: [77, 102]
170: [77, 102]
171: [77, 102]
172: [77, 102]
173: [77, 102]
174: [77, 102]
175: [77, 102, 87]
176: [102, 87]
177: [102, 87]
178: [102, 87]
179: [102, 87]
180: [102, 87]
181: [126]
182: [126]
183: [126]
184: [126]
185: [126]
186: [126]
187: [126]
188: [126, 134]
189: [135, 126, 134]
190: [135, 126]
191: [126]
192: [126]
193: [126]
194: [126]
195: [126]
162
0: [114]
1: [114]
2: [114]
3: [114]
4: [114]
5: [114]
6: [114]
7: [135, 114]
8: [135, 136, 114]
9: [136, 114]
10: [114]
11: [114]
12: [114]
13: [114]
14: [114]
15: [78]
16: [78]
17: [78]
18: [78]
19: [78]
20: [78]
21: [78]
22: [88, 78]
23: [88]
24: [88]
25: [88]
26: [88]
27: [114]
28: [114]
29: [78]
30: [45]
31: [45]
32: [45]
33: [45]
34: [45]
35: [67, 45]
36: [67, 68, 45]
37: [68, 45]
38: [45]
39: [45]
40: [88]
41: [114]
42: [114]
43: [78]
44: [45, 54]
45: [54]
46: [54]
47: [54]
48: [54]
49: [67, 54]
50: [67, 68, 54]
51: [68, 54]
52: [54]
53: [54, 45]
54: [88]
55: [114]
56: [114]
57: [78]
58: [45, 55, 54]
59: [55]
60: [55]
61: [55]
62: [55]
63: [67, 55]
64: [67, 68, 55]
65: [68, 55]
66: [55]
67: [54, 55, 45]
68: [88]
69: [114]
70: [114]
71: [78]
72: [45, 56, 55, 54]
73: [56]
74: [56]
75: [56]
76: [56]
77: [56, 67]
78: [67, 56, 68]
79: [68, 56]
80: [56]
81: [56, 54, 55, 45]
82: [88]
83: [114]
84: [114]
85: [78]
86: [45, 57, 56, 55, 54]
87: [57]
88: [57]
89: [57]
90: [57]
91: [57, 67]
92: [67, 57, 68]
93: [68, 57]
94: [57]
95: [56, 57, 54, 55, 45]
96: [88]
97: [114]
98: [114]
99: [78]
100: [45, 58, 57, 56, 55, 54]
101: [58]
102: [58]
103: [58]
104: [58]
105: [58, 67]
106: [67, 58, 68]
107: [68, 58]
108: [58]
109: [54, 55, 56, 57, 58, 45]
110: [88]
111: [114]
112: [114]
113: [78]
114: [45, 59, 58, 57, 56, 55, 54]
115: [59]
116: [59]
117: [59]
118: [59]
119: [59, 67]
120: [67, 59, 68]
121: [68, 59]
122: [59]
123: [54, 55, 56, 57, 58, 59, 45]
124: [88]
125: [114]
126: [114]
127: [78]
128: [45, 60, 59, 58, 57, 56, 55, 54]
129: [60]
130: [60]
131: [60]
132: [60]
133: [60, 67]
134: [67, 60, 68]
135: [68, 60]
136: [60]
137: [54, 55, 56, 57, 58, 59, 60, 45]
138: [88]
139: [114]
140: [114]
141: [101, 78]
142: [45, 61, 60, 59, 58, 57, 56, 55, 54]
143: [61]
144: [61]
145: [61]
146: [61]
147: [61, 67]
148: [67, 61, 68]
149: [68, 61]
150: [61]
151: [54, 55, 56, 57, 58, 59, 60, 61, 45]
152: [101, 88]
153: [114]
154: [126, 114]
155: [101, 78, 102]
156: [45, 61, 60, 59, 58, 57, 56, 55, 54]
157: [45, 61, 60, 59, 58, 57, 56, 55, 54]
158: [45, 61, 60, 59, 58, 57, 56, 55, 54]
159: [45, 61, 60, 59, 58, 57, 56, 55, 54]
160: [45, 61, 60, 59, 58, 57, 56, 55, 54]
161: [45, 67, 61, 60, 59, 58, 57, 56, 55, 54]
162: []
163: [68, 54, 55, 56, 57, 58, 59, 60, 61, 45]
164: [54, 55, 56, 57, 58, 59, 60, 61, 45]
165: [54, 55, 56, 57, 58, 59, 60, 61, 45]
166: [102, 101, 88]
167: [114, 126]
168: [126]
169: [78, 102]
170: [78, 102]
171: [78, 102]
172: [78, 102]
173: [78, 102]
174: [78, 102]
175: [78, 102]
176: [78, 102, 88]
177: [102, 88]
178: [102, 88]
179: [102, 88]
180: [102, 88]
181: [126]
182: [126]
183: [126]
184: [126]
185: [126]
186: [126]
187: [126]
188: [126]
189: [126, 135]
190: [136, 126, 135]
191: [136, 126]
192: [126]
193: [126]
194: [126]
195: [126]
163
0: [114]
1: [114]
2: [114]
3: [114]
4: [114]
5: [114]
6: [114]
7: [114]
8: [136, 114]
9: [136, 137, 114]
10: [137, 114]
11: [114]
12: [114]
13: [114]
14: [114]
15: [79]
16: [79]
17: [79]
18: [79]
19: [79]
20: [79]
21: [79]
22: [79]
23: [89, 79]
24: [89]
25: [89]
26: [89]
27: [114]
28: [114]
29: [79]
30: [45]
31: [45]
32: [45]
33: [45]
34: [45]
35: [45]
36: [68, 45]
37: [68, 69, 45]
38: [69, 45]
39: [45]
40: [89]
41: [114]
42: [114]
43: [79]
44: [45, 54]
45: [54]
46: [54]
47: [54]
48: [54]
49: [54]
50: [68, 54]
51: [68, 69, 54]
52: [69, 54]
53: [54, 45]
54: [89]
55: [114]
56: [114]
57: [79]
58: [45, 55, 54]
59: [55]
60: [55]
61: [55]
62: [55]
63: [55]
64: [68, 55]
65: [68, 55, 69]
66: [69, 55]
67: [54, 55, 45]
68: [89]
69: [114]
70: [114]
71: [79]
72: [45, 56, 55, 54]
73: [56]
74: [56]
75: [56]
76: [56]
77: [56]
78: [56, 68]
79: [68, 56, 69]
80: [69, 56]
81: [56, 54, 55, 45]
82: [89]
83: [114]
84: [114]
85: [79]
86: [45, 57, 56, 55, 54]
87: [57]
88: [57]
89: [57]
90: [57]
91: [57]
92: [57, 68]
93: [68, 57, 69]
94: [69, 57]
95: [56, 57, 54, 55, 45]
96: [89]
97: [114]
98: [114]
99: [79]
100: [45, 58, 57, 56, 55, 54]
101: [58]
102: [58]
103: [58]
104: [58]
105: [58]
106: [58, 68]
107: [68, 58, 69]
108: [69, 58]
109: [54, 55, 56, 57, 58, 45]
110: [89]
111: [114]
112: [114]
113: [79]
114: [45, 59, 58, 57, 56, 55, 54]
115: [59]
116: [59]
117: [59]
118: [59]
119: [59]
120: [59, 68]
121: [68, 59, 69]
122: [69, 59]
123: [54, 55, 56, 57, 58, 59, 45]
124: [89]
125: [114]
126: [114]
127: [79]
128: [45, 60, 59, 58, 57, 56, 55, 54]
129: [60]
130: [60]
131: [60]
132: [60]
133: [60]
134: [60, 68]
135: [68, 60, 69]
136: [69, 60]
137: [54, 55, 56, 57, 58, 59, 60, 45]
138: [89]
139: [114]
140: [114]
141: [101, 79]
142: [45, 61, 60, 59, 58, 57, 56, 55, 54]
143: [61]
144: [61]
145: [61]
146: [61]
147: [61]
148: [61, 68]
149: [68, 61, 69]
150: [69, 61]
151: [54, 55, 56, 57, 58, 59, 60, 61, 45]
152: [101, 89]
153: [114]
154: [126, 114]
155: [101, 79, 102]
156: [45, 61, 60, 59, 58, 57, 56, 55, 54]
157: [45, 61, 60, 59, 58, 57, 56, 55, 54]
158: [45, 61, 60, 59, 58, 57, 56, 55, 54]
159: [45, 61, 60, 59, 58, 57, 56, 55, 54]
160: [45, 61, 60, 59, 58, 57, 56, 55, 54]
161: [45, 61, 60, 59, 58, 57, 56, 55, 54]
162: [45, 68, 61, 60, 59, 58, 57, 56, 55, 54]
163: []
164: [69, 54, 55, 56, 57, 58, 59, 60, 61, 45]
165: [54, 55, 56, 57, 58, 59, 60, 61, 45]
166: [102, 101, 89]
167: [114, 126]
168: [126]
169: [79, 102]
170: [79, 102]
171: [79, 102]
172: [79, 102]
173: [79, 102]
174: [79, 102]
175: [79, 102]
176: [79, 102]
177: [79, 102, 89]
178: [102, 89]
179: [102, 89]
180: [102, 89]
181: [126]
182: [126]
183: [126]
184: [126]
185: [126]
186: [126]
187: [126]
188: [126]
189: [126]
190: [126, 136]
191: [137, 126, 136]
192: [137, 126]
193: [126]
194: [126]
195: [126]
164
0: [114]
1: [114]
2: [114]
3: [114]
4: [114]
5: [114]
6: [114]
7: [114]
8: [114]
9: [137, 114]
10: [137, 114, 138]
11: [114, 138]
12: [114]
13: [114]
14: [114]
15: [80]
16: [80]
17: [80]
18: [80]
19: [80]
20: [80]
21: [80]
22: [80]
23: [80]
24: [90, 80]
25: [90]
26: [90]
27: [114]
28: [114]
29: [80]
30: [45]
31: [45]
32: [45]
33: [45]
34: [45]
35: [45]
36: [45]
37: [69, 45]
38: [69, 70, 45]
39: [70, 45]
40: [90]
41: [114]
42: [114]
43: [80]
44: [45, 54]
45: [54]
46: [54]
47: [54]
48: [54]
49: [54]
50: [54]
51: [69, 54]
52: [69, 54, 70]
53: [70, 54, 45]
54: [90]
55: [114]
56: [114]
57: [80]
58: [45, 55, 54]
59: [55]
60: [55]
61: [55]
62: [55]
63: [55]
64: [55]
65: [55, 69]
66: [69, 55, 70]
67: [70, 54, 55, 45]
68: [90]
69: [114]
70: [114]
71: [80]
72: [45, 56, 55, 54]
73: [56]
74: [56]
75: [56]
76: [56]
77: [56]
78: [56]
79: [56, 69]
80: [69, 56, 70]
81: [56, 70, 54, 55, 45]
82: [90]
83: [114]
84: [114]
85: [80]
86: [45, 57, 56, 55, 54]
87: [57]
88: [57]
89: [57]
90: [57]
91: [57]
92: [57]
93: [57, 69]
94: [69, 57, 70]
95: [70, 54, 55, 56, 57, 45]
96: [90]
97: [114]
98: [114]
99: [80]
100: [45, 58, 57, 56, 55, 54]
101: [58]
102: [58]
103: [58]
104: [58]
105: [58]
106: [58]
107: [58, 69]
108: [69, 58, 70]
109: [70, 54, 55, 56, 57, 58, 45]
110: [90]
111: [114]
112: [114]
113: [80]
114: [45, 59, 58, 57, 56, 55, 54]
115: [59]
116: [59]
117: [59]
118: [59]
119: [59]
120: [59]
121: [59, 69]
122: [69, 59, 70]
123: [70, 54, 55, 56, 57, 58, 59, 45]
124: [90]
125: [114]
126: [114]
127: [80]
128: [45, 60, 59, 58, 57, 56, 55, 54]
129: [60]
130: [60]
131: [60]
132: [60]
133: [60]
134: [60]
135: [60, 69]
136: [69, 60, 70]
137: [70, 54, 55, 56, 57, 58, 59, 60, 45]
138: [90]
139: [114]
140: [114]
141: [101, 80]
142: [45, 61, 60, 59, 58, 57, 56, 55, 54]
143: [61]
144: [61]
145: [61]
146: [61]
147: [61]
148: [61]
149: [61, 69]
150: [69, 61, 70]
151: [70, 54, 55, 56, 57, 58, 59, 60, 61, 45]
152: [90, 101]
153: [114]
154: [126, 114]
155: [101, 80, 102]
156: [45, 61, 60, 59, 58, 57, 56, 55, 54]
157: [45, 61, 60, 59, 58, 57, 56, 55, 54]
158: [45, 61, 60, 59, 58, 57, 56, 55, 54]
159: [45, 61, 60, 59, 58, 57, 56, 55, 54]
160: [45, 61, 60, 59, 58, 57, 56, 55, 54]
161: [45, 61, 60, 59, 58, 57, 56, 55, 54]
162: [45, 61, 60, 59, 58, 57, 56, 55, 54]
163: [45, 69, 61, 60, 59, 58, 57, 56, 55, 54]
164: []
165: [70, 54, 55, 56, 57, 58, 59, 60, 61, 45]
166: [102, 90, 101]
167: [114, 126]
168: [126]
169: [80, 102]
170: [80, 102]
171: [80, 102]
172: [80, 102]
173: [80, 102]
174: [80, 102]
175: [80, 102]
176: [80, 102]
177: [80, 102]
178: [80, 102, 90]
179: [102, 90]
180: [102, 90]
181: [126]
182: [126]
183: [126]
184: [126]
185: [126]
186: [126]
187: [126]
188: [126]
189: [126]
190: [126]
191: [126, 137]
192: [138, 126, 137]
193: [138, 126]
194: [126]
195: [126]
165
0: [114]
1: [114]
2: [114]
3: [114]
4: [114]
5: [114]
6: [114]
7: [114]
8: [114]
9: [114]
10: [138, 114]
11: [138, 114, 139]
12: [114, 139]
13: [114]
14: [114]
15: [81]
16: [81]
17: [81]
18: [81]
19: [81]
20: [81]
21: [81]
22: [81]
23: [81]
24: [81]
25: [91, 81]
26: [91]
27: [114]
28: [114]
29: [81]
30: [45]
31: [45]
32: [45]
33: [45]
34: [45]
35: [45]
36: [45]
37: [45]
38: [70, 45]
39: [70, 45]
40: [91]
41: [114]
42: [114]
43: [81]
44: [45, 54]
45: [54]
46: [54]
47: [54]
48: [54]
49: [54]
50: [54]
51: [54]
52: [54, 70]
53: [70, 54, 45]
54: [91]
55: [114]
56: [114]
57: [81]
58: [45, 55, 54]
59: [55]
60: [55]
61: [55]
62: [55]
63: [55]
64: [55]
65: [55]
66: [55, 70]
67: [70, 54, 55, 45]
68: [91]
69: [114]
70: [114]
71: [81]
72: [56, 45, 55, 54]
73: [56]
74: [56]
75: [56]
76: [56]
77: [56]
78: [56]
79: [56]
80: [56, 70]
81: [56, 70, 54, 55, 45]
82: [91]
83: [114]
84: [114]
85: [81]
86: [57, 45, 56, 55, 54]
87: [57]
88: [57]
89: [57]
90: [57]
91: [57]
92: [57]
93: [57]
94: [57, 70]
95: [70, 54, 55, 56, 57, 45]
96: [91]
97: [114]
98: [114]
99: [81]
100: [58, 45, 57, 56, 55, 54]
101: [58]
102: [58]
103: [58]
104: [58]
105: [58]
106: [58]
107: [58]
108: [58, 70]
109: [70, 54, 55, 56, 57, 58, 45]
110: [91]
111: [114]
112: [114]
113: [81]
114: [59, 45, 58, 57, 56, 55, 54]
115: [59]
116: [59]
117: [59]
118: [59]
119: [59]
120: [59]
121: [59]
122: [59, 70]
123: [70, 54, 55, 56, 57, 58, 59, 45]
124: [91]
125: [114]
126: [114]
127: [81]
128: [60, 45, 59, 58, 57, 56, 55, 54]
129: [60]
130: [60]
131: [60]
132: [60]
133: [60]
134: [60]
135: [60]
136: [60, 70]
137: [70, 54, 55, 56, 57, 58, 59, 60, 45]
138: [91]
139: [114]
140: [114]
141: [101, 81]
142: [61, 45, 60, 59, 58, 57, 56, 55, 54]
143: [61]
144: [61]
145: [61]
146: [61]
147: [61]
148: [61]
149: [61]
150: [61, 70]
151: [70, 54, 55, 56, 57, 58, 59, 60, 61, 45]
152: [91, 101]
153: [114]
154: [126, 114]
155: [101, 81, 102]
156: [45, 61, 60, 59, 58, 57, 56, 55, 54]
157: [45, 61, 60, 59, 58, 57, 56, 55, 54]
158: [45, 61, 60, 59, 58, 57, 56, 55, 54]
159: [45, 61, 60, 59, 58, 57, 56, 55, 54]
160: [45, 61, 60, 59, 58, 57, 56, 55, 54]
161: [45, 61, 60, 59, 58, 57, 56, 55, 54]
162: [45, 61, 60, 59, 58, 57, 56, 55, 54]
163: [45, 61, 60, 59, 58, 57, 56, 55, 54]
164: [45, 61, 70, 60, 59, 58, 57, 56, 55, 54]
165: []
166: [102, 91, 101]
167: [114, 126]
168: [126]
169: [81, 102]
170: [81, 102]
171: [81, 102]
172: [81, 102]
173: [81, 102]
174: [81, 102]
175: [81, 102]
176: [81, 102]
177: [81, 102]
178: [81, 102]
179: [81, 102, 91]
180: [102, 91]
181: [126]
182: [126]
183: [126]
184: [126]
185: [126]
186: [126]
187: [126]
188: [126]
189: [126]
190: [126]
191: [126]
192: [126, 138]
193: [139, 126, 138]
194: [139, 126]
195: [126]
166
0: [114]
1: [114]
2: [114]
3: [114]
4: [114]
5: [114]
6: [114]
7: [114]
8: [114]
9: [114]
10: [114]
11: [139, 114]
12: [139, 114, 140]
13: [114, 140]
14: [114]
15: [71]
16: [71, 82]
17: [71, 83, 82]
18: [71, 84, 83, 82]
19: [71, 85, 84, 83, 82]
20: [71, 86, 85, 84, 83, 82]
21: [71, 87, 86, 85, 84, 83, 82]
22: [71, 88, 87, 86, 85, 84, 83, 82]
23: [71, 89, 88, 87, 86, 85, 84, 83, 82]
24: [71, 90, 89, 88, 87, 86, 85, 84, 83, 82]
25: [71, 91, 90, 89, 88, 87, 86, 85, 84, 83, 82]
26: [71, 91, 90, 89, 88, 87, 86, 85, 84, 83, 82]
27: [114, 140]
28: [114]
29: [71]
30: [82]
31: [83]
32: [84]
33: [85]
34: [86]
35: [87]
36: [88]
37: [89]
38: [90]
39: [91]
40: [71, 91, 90, 89, 88, 87, 86, 85, 84, 83, 82]
41: [114, 140]
42: [114]
43: [71]
44: [82]
45: [83]
46: [84]
47: [85]
48: [86]
49: [87]
50: [88]
51: [89]
52: [90]
53: [91]
54: [71, 91, 90, 89, 88, 87, 86, 85, 84, 83, 82]
55: [114, 140]
56: [114]
57: [71]
58: [82]
59: [83]
60: [84]
61: [85]
62: [86]
63: [87]
64: [88]
65: [89]
66: [90]
67: [91]
68: [71, 91, 90, 89, 88, 87, 86, 85, 84, 83, 82]
69: [114, 140]
70: [114]
71: [71]
72: [82]
73: [83]
74: [84]
75: [85]
76: [86]
77: [87]
78: [88]
79: [89]
80: [90]
81: [91]
82: [71, 91, 90, 89, 88, 87, 86, 85, 84, 83, 82]
83: [114, 140]
84: [114]
85: [71]
86: [82]
87: [83]
88: [84]
89: [85]
90: [86]
91: [87]
92: [88]
93: [89]
94: [90]
95: [91]
96: [71, 91, 90, 89, 88, 87, 86, 85, 84, 83, 82]
97: [114, 140]
98: [114]
99: [71]
100: [82]
101: [83]
102: [84]
103: [85]
104: [86]
105: [87]
106: [88]
107: [89]
108: [90]
109: [91]
110: [71, 91, 90, 89, 88, 87, 86, 85, 84, 83, 82]
111: [114, 140]
112: [114]
113: [71]
114: [82]
115: [83]
116: [84]
117: [85]
118: [86]
119: [87]
120: [88]
121: [89]
122: [90]
123: [91]
124: [71, 91, 90, 89, 88, 87, 86, 85, 84, 83, 82]
125: [114, 140]
126: [114]
127: [71]
128: [82]
129: [83]
130: [84]
131: [85]
132: [86]
133: [87]
134: [88]
135: [89]
136: [90]
137: [91]
138: [71, 91, 90, 89, 88, 87, 86, 85, 84, 83, 82]
139: [114, 140]
140: [114]
141: [101, 71]
142: [82, 101]
143: [83, 101]
144: [84, 101]
145: [85, 101]
146: [86, 101]
147: [87, 101]
148: [88, 101]
149: [89, 101]
150: [90, 101]
151: [91, 101]
152: [71, 91, 101, 90, 89, 88, 87, 86, 85, 84, 83, 82]
153: [114, 140]
154: [126, 114]
155: [101, 102, 71]
156: [101, 82, 102]
157: [101, 83, 102]
158: [101, 84, 102]
159: [101, 85, 102]
160: [101, 86, 102]
161: [101, 87, 102]
162: [101, 88, 102]
163: [101, 89, 102]
164: [101, 90, 102]
165: [101, 91, 102]
166: []
167: [114, 140, 126]
168: [126]
169: [102, 71]
170: [82, 102, 71]
171: [82, 83, 102, 71]
172: [82, 83, 84, 102, 71]
173: [102, 82, 83, 84, 85, 71]
174: [102, 82, 83, 84, 85, 86, 71]
175: [102, 82, 83, 84, 85, 86, 87, 71]
176: [102, 82, 83, 84, 85, 86, 87, 88, 71]
177: [102, 82, 83, 84, 85, 86, 87, 88, 89, 71]
178: [102, 82, 83, 84, 85, 86, 87, 88, 89, 90, 71]
179: [102, 82, 83, 84, 85, 86, 87, 88, 89, 90, 91, 71]
180: [102, 82, 83, 84, 85, 86, 87, 88, 89, 90, 91, 71]
181: [140, 126]
182: [126]
183: [126]
184: [126]
185: [126]
186: [126]
187: [126]
188: [126]
189: [126]
190: [126]
191: [126]
192: [126]
193: [139, 126]
194: [140, 139, 126]
195: [140, 126]
167
0: [114, 115, 103]
1: [114, 115, 103]
2: [114, 115, 103]
3: [114, 115, 103]
4: [114, 115, 103]
5: [114, 115, 103]
6: [114, 115, 103]
7: [114, 115, 103]
8: [114, 115, 103]
9: [114, 115, 103]
10: [114, 115, 103]
11: [114, 115, 103]
12: [114, 115, 140, 103]
13: [114, 115, 140, 103]
14: [116, 114, 115, 103]
15: [116]
16: [116]
17: [116]
18: [116]
19: [116]
20: [116]
21: [116]
22: [116]
23: [116]
24: [116]
25: [116]
26: [116, 140]
27: [140, 114, 115, 116, 103]
28: [117, 116, 114, 115, 103]
29: [117]
30: [117]
31: [117]
32: [117]
33: [117]
34: [117]
35: [117]
36: [117]
37: [117]
38: [117]
39: [117]
40: [117, 140]
41: [140, 114, 115, 116, 117, 103]
42: [118, 117, 116, 103, 114, 115]
43: [118]
44: [118]
45: [118]
46: [118]
47: [118]
48: [118]
49: [118]
50: [118]
51: [118]
52: [118]
53: [118]
54: [118, 140]
55: [140, 114, 115, 116, 117, 118, 103]
56: [119, 118, 117, 103, 116, 114, 115]
57: [119]
58: [119]
59: [119]
60: [119]
61: [119]
62: [119]
63: [119]
64: [119]
65: [119]
66: [119]
67: [119]
68: [119, 140]
69: [140, 114, 115, 116, 117, 118, 119, 103]
70: [120, 119, 118, 103, 117, 116, 114, 115]
71: [120]
72: [120]
73: [120]
74: [120]
75: [120]
76: [120]
77: [120]
78: [120]
79: [120]
80: [120]
81: [120]
82: [120, 140]
83: [140, 114, 115, 116, 117, 118, 119, 120, 103]
84: [121, 120, 119, 103, 118, 117, 116, 114, 115]
85: [121]
86: [121]
87: [121]
88: [121]
89: [121]
90: [121]
91: [121]
92: [121]
93: [121]
94: [121]
95: [121]
96: [121, 140]
97: [140, 114, 115, 116, 117, 118, 119, 120, 121, 103]
98: [122, 121, 120, 103, 119, 118, 117, 116, 114, 115]
99: [122]
100: [122]
101: [122]
102: [122]
103: [122]
104: [122]
105: [122]
106: [122]
107: [122]
108: [122]
109: [122]
110: [122, 140]
111: [140, 114, 115, 116, 117, 118, 119, 120, 121, 122, 103]
112: [123, 122, 121, 103, 120, 119, 118, 117, 116, 114, 115]
113: [123]
114: [123]
115: [123]
116: [123]
117: [123]
118: [123]
119: [123]
120: [123]
121: [123]
122: [123]
123: [123]
124: [123, 140]
125: [140, 114, 115, 116, 117, 118, 119, 120, 121, 122, 123, 103]
126: [124, 123, 122, 103, 121, 120, 119, 118, 117, 116, 114, 115]
127: [124]
128: [124]
129: [124]
130: [124]
131: [124]
132: [124]
133: [124]
134: [124]
135: [124]
136: [124]
137: [124]
138: [124, 140]
139: [140, 114, 115, 116, 117, 118, 119, 120, 121, 122, 123, 124, 103]
140: [125, 124, 123, 103, 122, 121, 120, 119, 118, 117, 116, 114, 115]
141: [125]
142: [125]
143: [125]
144: [125]
145: [125]
146: [125]
147: [125]
148: [125]
149: [125]
150: [125]
151: [125]
152: [125, 140]
153: [140, 114, 115, 116, 117, 118, 119, 120, 121, 122, 123, 124, 125, 103]
154: [126, 125, 124, 103, 123, 122, 121, 120, 119, 118, 117, 116, 114, 115]
155: [126, 114]
156: [126, 114]
157: [126, 114]
158: [126, 114]
159: [126, 114]
160: [126, 114]
161: [126, 114]
162: [126, 114]
163: [126, 114]
164: [126, 114]
165: [126, 114]
166: [126, 140, 114]
167: []
168: [126, 125, 103, 124, 123, 122, 121, 120, 119, 118, 117, 116, 115]
169: [115]
170: [115]
171: [115]
172: [115]
173: [115]
174: [115]
175: [115]
176: [115]
177: [115]
178: [115]
179: [115]
180: [140, 115]
181: [103, 140, 126, 125, 124, 123, 122, 121, 120, 119, 118, 117, 115, 116]
182: [126, 103, 125, 124, 123, 122, 121, 120, 119, 118, 117, 116]
183: [103, 126, 125, 124, 123, 122, 121, 120, 119, 118, 117, 116]
184: [103, 126, 125, 124, 123, 122, 121, 120, 119, 118, 117, 116]
185: [103, 126, 125, 124, 123, 122, 121, 120, 119, 118, 117, 116]
186: [103, 126, 125, 124, 123, 122, 121, 120, 119, 118, 117, 116]
187: [103, 126, 125, 124, 123, 122, 121, 120, 119, 118, 117, 116]
188: [103, 126, 125, 124, 123, 122, 121, 120, 119, 118, 117, 116]
189: [103, 126, 125, 124, 123, 122, 121, 120, 119, 118, 117, 116]
190: [103, 126, 125, 124, 123, 122, 121, 120, 119, 118, 117, 116]
191: [103, 126, 125, 124, 123, 122, 121, 120, 119, 118, 117, 116]
192: [103, 126, 125, 124, 123, 122, 121, 120, 119, 118, 117, 116]
193: [103, 126, 125, 124, 123, 122, 121, 120, 119, 118, 117, 116]
194: [103, 140, 126, 125, 124, 123, 122, 121, 120, 119, 118, 117, 116]
195: [103, 140, 126, 125, 124, 123, 122, 121, 120, 119, 118, 117, 116]
168
0: [103, 128, 115]
1: [103, 128, 115]
2: [103, 115]
3: [103, 115]
4: [103, 115]
5: [103, 115]
6: [103, 115]
7: [103, 115]
8: [103, 115]
9: [103, 115]
10: [103, 115]
11: [103, 115]
12: [103, 115]
13: [115, 103]
14: [103, 128, 115, 116]
15: [128, 116]
16: [116]
17: [116]
18: [116]
19: [116]
20: [116]
21: [116]
22: [116]
23: [116]
24: [116]
25: [116]
26: [116]
27: [115, 116, 103]
28: [103, 128, 117, 115, 116]
29: [128, 117]
30: [117]
31: [117]
32: [117]
33: [117]
34: [117]
35: [117]
36: [117]
37: [117]
38: [117]
39: [117]
40: [117]
41: [115, 116, 117, 103]
42: [103, 128, 118, 117, 115, 116]
43: [128, 118]
44: [118]
45: [118]
46: [118]
47: [118]
48: [118]
49: [118]
50: [118]
51: [118]
52: [118]
53: [118]
54: [118]
55: [115, 116, 117, 118, 103]
56: [103, 128, 119, 118, 117, 115, 116]
57: [128, 119]
58: [119]
59: [119]
60: [119]
61: [119]
62: [119]
63: [119]
64: [119]
65: [119]
66: [119]
67: [119]
68: [119]
69: [115, 116, 117, 118, 119, 103]
70: [103, 128, 120, 119, 118, 117, 115, 116]
71: [128, 120]
72: [120]
73: [120]
74: [120]
75: [120]
76: [120]
77: [120]
78: [120]
79: [120]
80: [120]
81: [120]
82: [120]
83: [115, 116, 117, 118, 119, 120, 103]
84: [103, 128, 121, 120, 119, 118, 117, 115, 116]
85: [128, 121]
86: [121]
87: [121]
88: [121]
89: [121]
90: [121]
91: [121]
92: [121]
93: [121]
94: [121]
95: [121]
96: [121]
97: [115, 116, 117, 118, 119, 120, 121, 103]
98: [103, 128, 122, 121, 120, 119, 118, 117, 115, 116]
99: [128, 122]
100: [122]
101: [122]
102: [122]
103: [122]
104: [122]
105: [122]
106: [122]
107: [122]
108: [122]
109: [122]
110: [122]
111: [115, 116, 117, 118, 119, 120, 121, 122, 103]
112: [103, 128, 123, 122, 121, 120, 119, 118, 117, 115, 116]
113: [128, 123]
114: [123]
115: [123]
116: [123]
117: [123]
118: [123]
119: [123]
120: [123]
121: [123]
122: [123]
123: [123]
124: [123]
125: [115, 116, 117, 118, 119, 120, 121, 122, 123, 103]
126: [103, 128, 124, 123, 122, 121, 120, 119, 118, 117, 115, 116]
127: [128, 124]
128: [124]
129: [124]
130: [124]
131: [124]
132: [124]
133: [124]
134: [124]
135: [124]
136: [124]
137: [124]
138: [124]
139: [115, 116, 117, 118, 119, 120, 121, 122, 123, 124, 103]
140: [103, 128, 125, 124, 123, 122, 121, 120, 119, 118, 117, 115, 116]
141: [128, 125]
142: [125]
143: [125]
144: [125]
145: [125]
146: [125]
147: [125]
148: [125]
149: [125]
150: [125]
151: [125]
152: [125]
153: [115, 116, 117, 118, 119, 120, 121, 122, 123, 124, 125, 103]
154: [103, 128, 126, 125, 124, 123, 122, 121, 120, 119, 118, 117, 115, 116]
155: [128, 126]
156: [126]
157: [126]
158: [126]
159: [126]
160: [126]
161: [126]
162: [126]
163: [126]
164: [126]
165: [126]
166: [126]
167: [115, 116, 117, 118, 119, 120, 121, 122, 123, 124, 125, 126, 103]
168: []
169: [115, 128, 127]
170: [115, 127]
171: [115, 127]
172: [115, 127]
173: [115, 127]
174: [115, 127]
175: [115, 127]
176: [115, 127]
177: [115, 127]
178: [115, 127]
179: [115, 127]
180: [115, 127]
181: [115, 116, 117, 118, 119, 120, 121, 122, 123, 124, 125, 126, 127, 103]
182: [128, 116, 117, 118, 119, 120, 121, 122, 123, 124, 125, 126, 127, 103]
183: [128, 116, 117, 118, 119, 120, 121, 122, 123, 124, 125, 126, 127, 103]
184: [116, 117, 118, 119, 120, 121, 122, 123, 124, 125, 126, 127, 103]
185: [116, 117, 118, 119, 120, 121, 122, 123, 124, 125, 126, 127, 103]
186: [116, 117, 118, 119, 120, 121, 122, 123, 124, 125, 126, 127, 103]
187: [116, 117, 118, 119, 120, 121, 122, 123, 124, 125, 126, 127, 103]
188: [116, 117, 118, 119, 120, 121, 122, 123, 124, 125, 126, 127, 103]
189: [116, 117, 118, 119, 120, 121, 122, 123, 124, 125, 126, 127, 103]
190: [116, 117, 118, 119, 120, 121, 122, 123, 124, 125, 126, 127, 103]
191: [116, 117, 118, 119, 120, 121, 122, 123, 124, 125, 126, 127, 103]
192: [116, 117, 118, 119, 120, 121, 122, 123, 124, 125, 126, 127, 103]
193: [116, 117, 118, 119, 120, 121, 122, 123, 124, 125, 126, 127, 103]
194: [116, 117, 118, 119, 120, 121, 122, 123, 124, 125, 126, 127, 103]
195: [116, 117, 118, 119, 120, 121, 122, 123, 124, 125, 126, 127, 103]
169
0: [128, 115]
1: [128, 129, 115]
2: [129, 115]
3: [115]
4: [115]
5: [115]
6: [115]
7: [115]
8: [115]
9: [115]
10: [115]
11: [115]
12: [115]
13: [115]
14: [128, 115]
15: [72, 73, 74, 75, 76, 77, 78, 79, 80, 81, 71]
16: [72, 73, 74, 75, 76, 77, 78, 79, 80, 81, 71]
17: [73, 74, 75, 76, 77, 78, 79, 80, 81, 71]
18: [74, 75, 76, 77, 78, 79, 80, 81, 71]
19: [75, 76, 77, 78, 79, 80, 81, 71]
20: [76, 77, 78, 79, 80, 81, 71]
21: [77, 78, 79, 80, 81, 71]
22: [80, 81, 78, 79, 71]
23: [80, 81, 79, 71]
24: [80, 81, 71]
25: [81, 71]
26: [71]
27: [115]
28: [128, 115]
29: [72, 73, 74, 75, 76, 77, 78, 79, 80, 81, 71]
30: [72]
31: [73]
32: [74]
33: [75]
34: [76]
35: [77]
36: [78]
37: [79]
38: [80]
39: [81]
40: [71]
41: [115]
42: [128, 115]
43: [72, 73, 74, 75, 76, 77, 78, 79, 80, 81, 71]
44: [72]
45: [73]
46: [74]
47: [75]
48: [76]
49: [77]
50: [78]
51: [79]
52: [80]
53: [81]
54: [71]
55: [115]
56: [128, 115]
57: [72, 73, 74, 75, 76, 77, 78, 79, 80, 81, 71]
58: [72]
59: [73]
60: [74]
61: [75]
62: [76]
63: [77]
64: [78]
65: [79]
66: [80]
67: [81]
68: [71]
69: [115]
70: [128, 115]
71: [72, 73, 74, 75, 76, 77, 78, 79, 80, 81, 71]
72: [72]
73: [73]
74: [74]
75: [75]
76: [76]
77: [77]
78: [78]
79: [79]
80: [80]
81: [81]
82: [71]
83: [115]
84: [128, 115]
85: [72, 73, 74, 75, 76, 77, 78, 79, 80, 81, 71]
86: [72]
87: [73]
88: [74]
89: [75]
90: [76]
91: [77]
92: [78]
93: [79]
94: [80]
95: [81]
96: [71]
97: [115]
98: [128, 115]
99: [72, 73, 74, 75, 76, 77, 78, 79, 80, 81, 71]
100: [72]
101: [73]
102: [74]
103: [75]
104: [76]
105: [77]
106: [78]
107: [79]
108: [80]
109: [81]
110: [71]
111: [115]
112: [128, 115]
113: [72, 73, 74, 75, 76, 77, 78, 79, 80, 81, 71]
114: [72]
115: [73]
116: [74]
117: [75]
118: [76]
119: [77]
120: [78]
121: [79]
122: [80]
123: [81]
124: [71]
125: [115]
126: [128, 115]
127: [72, 73, 74, 75, 76, 77, 78, 79, 80, 81, 71]
128: [72]
129: [73]
130: [74]
131: [75]
132: [76]
133: [77]
134: [78]
135: [79]
136: [80]
137: [81]
138: [71]
139: [115]
140: [128, 115]
141: [72, 73, 74, 75, 76, 77, 78, 79, 80, 81, 71]
142: [72]
143: [73]
144: [74]
145: [75]
146: [76]
147: [77]
148: [78]
149: [79]
150: [80]
151: [81]
152: [71]
153: [115]
154: [128, 115]
155: [102, 72, 73, 74, 75, 76, 77, 78, 79, 80, 81, 71]
156: [102, 72]
157: [102, 73]
158: [102, 74]
159: [102, 75]
160: [102, 76]
161: [102, 77]
162: [102, 78]
163: [102, 79]
164: [102, 80]
165: [102, 81]
166: [102, 71]
167: [115]
168: [127, 128, 115]
169: []
170: [71, 72, 102, 73, 74, 75, 76, 77, 78, 79, 80, 81]
171: [71, 102, 73, 74, 75, 76, 77, 78, 79, 80, 81]
172: [71, 102, 74, 75, 76, 77, 78, 79, 80, 81]
173: [71, 102, 75, 76, 77, 78, 79, 80, 81]
174: [71, 102, 76, 77, 78, 79, 80, 81]
175: [71, 102, 77, 78, 79, 80, 81]
176: [71, 102, 78, 79, 80, 81]
177: [71, 102, 79, 80, 81]
178: [71, 102, 80, 81]
179: [71, 102, 81]
180: [71, 102]
181: [115, 127]
182: [127, 128]
183: [129, 127, 128]
184: [129, 127]
185: [127]
186: [127]
187: [127]
188: [127]
189: [127]
190: [127]
191: [127]
192: [127]
193: [127]
194: [127]
195: [127]
170
0: [115]
1: [129, 115]
2: [129, 130, 115]
3: [130, 115]
4: [115]
5: [115]
6: [115]
7: [115]
8: [115]
9: [115]
10: [115]
11: [115]
12: [115]
13: [115]
14: [115]
15: [72, 73, 74, 75, 76, 77, 78, 79, 80, 81, 71]
16: [82, 72, 73, 74, 75, 76, 77, 78, 79, 80, 81, 71]
17: [82, 73, 74, 75, 76, 77, 78, 79, 80, 81, 71]
18: [82, 74, 75, 76, 77, 78, 79, 80, 81, 71]
19: [82, 75, 76, 77, 78, 79, 80, 81, 71]
20: [82, 76, 77, 78, 79, 80, 81, 71]
21: [82, 77, 78, 79, 80, 81, 71]
22: [82, 80, 81, 78, 79, 71]
23: [82, 80, 81, 79, 71]
24: [82, 80, 81, 71]
25: [82, 81, 71]
26: [82, 71]
27: [115]
28: [115]
29: [72, 73, 74, 75, 76, 77, 78, 79, 80, 81, 71]
30: [82, 72]
31: [73]
32: [74]
33: [75]
34: [76]
35: [77]
36: [78]
37: [79]
38: [80]
39: [81]
40: [71, 82]
41: [115]
42: [115]
43: [72, 73, 74, 75, 76, 77, 78, 79, 80, 81, 71]
44: [82, 72]
45: [73]
46: [74]
47: [75]
48: [76]
49: [77]
50: [78]
51: [79]
52: [80]
53: [81]
54: [71, 82]
55: [115]
56: [115]
57: [72, 73, 74, 75, 76, 77, 78, 79, 80, 81, 71]
58: [82, 72]
59: [73]
60: [74]
61: [75]
62: [76]
63: [77]
64: [78]
65: [79]
66: [80]
67: [81]
68: [71, 82]
69: [115]
70: [115]
71: [72, 73, 74, 75, 76, 77, 78, 79, 80, 81, 71]
72: [82, 72]
73: [73]
74: [74]
75: [75]
76: [76]
77: [77]
78: [78]
79: [79]
80: [80]
81: [81]
82: [71, 82]
83: [115]
84: [115]
85: [72, 73, 74, 75, 76, 77, 78, 79, 80, 81, 71]
86: [82, 72]
87: [73]
88: [74]
89: [75]
90: [76]
91: [77]
92: [78]
93: [79]
94: [80]
95: [81]
96: [71, 82]
97: [115]
98: [115]
99: [72, 73, 74, 75, 76, 77, 78, 79, 80, 81, 71]
100: [82, 72]
101: [73]
102: [74]
103: [75]
104: [76]
105: [77]
106: [78]
107: [79]
108: [80]
109: [81]
110: [71, 82]
111: [115]
112: [115]
113: [72, 73, 74, 75, 76, 77, 78, 79, 80, 81, 71]
114: [82, 72]
115: [73]
116: [74]
117: [75]
118: [76]
119: [77]
120: [78]
121: [79]
122: [80]
123: [81]
124: [71, 82]
125: [115]
126: [115]
127: [72, 73, 74, 75, 76, 77, 78, 79, 80, 81, 71]
128: [82, 72]
129: [73]
130: [74]
131: [75]
132: [76]
133: [77]
134: [78]
135: [79]
136: [80]
137: [81]
138: [71, 82]
139: [115]
140: [115]
141: [72, 73, 74, 75, 76, 77, 78, 79, 80, 81, 71]
142: [82, 72]
143: [73]
144: [74]
145: [75]
146: [76]
147: [77]
148: [78]
149: [79]
150: [80]
151: [81]
152: [71, 82]
153: [115]
154: [115]
155: [102, 72, 73, 74, 75, 76, 77, 78, 79, 80, 81, 71]
156: [82, 102, 72]
157: [102, 73]
158: [102, 74]
159: [102, 75]
160: [102, 76]
161: [102, 77]
162: [102, 78]
163: [102, 79]
164: [102, 80]
165: [102, 81]
166: [71, 102, 82]
167: [115]
168: [127, 115]
169: [102, 72, 73, 74, 75, 76, 77, 78, 79, 80, 81, 71]
170: []
171: [71, 102, 73, 74, 75, 76, 77, 78, 79, 80, 81, 82]
172: [71, 102, 74, 75, 76, 77, 78, 79, 80, 81, 82]
173: [71, 102, 75, 76, 77, 78, 79, 80, 81, 82]
174: [71, 102, 76, 77, 78, 79, 80, 81, 82]
175: [71, 102, 77, 78, 79, 80, 81, 82]
176: [71, 102, 78, 79, 80, 81, 82]
177: [71, 102, 79, 80, 81, 82]
178: [71, 102, 80, 81, 82]
179: [71, 102, 81, 82]
180: [71, 102, 82]
181: [115, 127]
182: [127]
183: [127, 129]
184: [130, 127, 129]
185: [130, 127]
186: [127]
187: [127]
188: [127]
189: [127]
190: [127]
191: [127]
192: [127]
193: [127]
194: [127]
195: [127]
171
0: [115]
1: [115]
2: [130, 115]
3: [130, 131, 115]
4: [131, 115]
5: [115]
6: [115]
7: [115]
8: [115]
9: [115]
10: [115]
11: [115]
12: [115]
13: [115]
14: [115]
15: [73, 74, 75, 76, 77, 78, 79, 80, 81, 71]
16: [82, 73, 74, 75, 76, 77, 78, 79, 80, 81, 71]
17: [83, 82, 73, 74, 75, 76, 77, 78, 79, 80, 81, 71]
18: [83, 82, 74, 75, 76, 77, 78, 79, 80, 81, 71]
19: [83, 82, 75, 76, 77, 78, 79, 80, 81, 71]
20: [83, 82, 76, 77, 78, 79, 80, 81, 71]
21: [83, 82, 77, 78, 79, 80, 81, 71]
22: [83, 82, 80, 81, 78, 79, 71]
23: [83, 82, 80, 81, 79, 71]
24: [83, 82, 80, 81, 71]
25: [83, 82, 71, 81]
26: [83, 71, 82]
27: [115]
28: [115]
29: [73, 74, 75, 76, 77, 78, 79, 80, 81, 71]
30: [82]
31: [83, 73]
32: [74]
33: [75]
34: [76]
35: [77]
36: [78]
37: [79]
38: [80]
39: [81]
40: [71, 83, 82]
41: [115]
42: [115]
43: [73, 74, 75, 76, 77, 78, 79, 80, 81, 71]
44: [82]
45: [83, 73]
46: [74]
47: [75]
48: [76]
49: [77]
50: [78]
51: [79]
52: [80]
53: [81]
54: [71, 83, 82]
55: [115]
56: [115]
57: [73, 74, 75, 76, 77, 78, 79, 80, 81, 71]
58: [82]
59: [83, 73]
60: [74]
61: [75]
62: [76]
63: [77]
64: [78]
65: [79]
66: [80]
67: [81]
68: [71, 83, 82]
69: [115]
70: [115]
71: [73, 74, 75, 76, 77, 78, 79, 80, 81, 71]
72: [82]
73: [83, 73]
74: [74]
75: [75]
76: [76]
77: [77]
78: [78]
79: [79]
80: [80]
81: [81]
82: [71, 83, 82]
83: [115]
84: [115]
85: [73, 74, 75, 76, 77, 78, 79, 80, 81, 71]
86: [82]
87: [83, 73]
88: [74]
89: [75]
90: [76]
91: [77]
92: [78]
93: [79]
94: [80]
95: [81]
96: [71, 83, 82]
97: [115]
98: [115]
99: [73, 74, 75, 76, 77, 78, 79, 80, 81, 71]
100: [82]
101: [83, 73]
102: [74]
103: [75]
104: [76]
105: [77]
106: [78]
107: [79]
108: [80]
109: [81]
110: [71, 83, 82]
111: [115]
112: [115]
113: [73, 74, 75, 76, 77, 78, 79, 80, 81, 71]
114: [82]
115: [83, 73]
116: [74]
117: [75]
118: [76]
119: [77]
120: [78]
121: [79]
122: [80]
123: [81]
124: [71, 83, 82]
125: [115]
126: [115]
127: [73, 74, 75, 76, 77, 78, 79, 80, 81, 71]
128: [82]
129: [83, 73]
130: [74]
131: [75]
132: [76]
133: [77]
134: [78]
135: [79]
136: [80]
137: [81]
138: [71, 83, 82]
139: [115]
140: [115]
141: [73, 74, 75, 76, 77, 78, 79, 80, 81, 71]
142: [82]
143: [83, 73]
144: [74]
145: [75]
146: [76]
147: [77]
148: [78]
149: [79]
150: [80]
151: [81]
152: [71, 83, 82]
153: [115]
154: [115]
155: [102, 73, 74, 75, 76, 77, 78, 79, 80, 81, 71]
156: [82, 102]
157: [83, 102, 73]
158: [102, 74]
159: [102, 75]
160: [102, 76]
161: [102, 77]
162: [102, 78]
163: [102, 79]
164: [102, 80]
165: [102, 81]
166: [71, 102, 83, 82]
167: [115]
168: [127, 115]
169: [102, 73, 74, 75, 76, 77, 78, 79, 80, 81, 71]
170: [102, 73, 74, 75, 76, 77, 78, 79, 80, 81, 82, 71]
171: []
172: [71, 102, 74, 75, 76, 77, 78, 79, 80, 83, 81, 82]
173: [71, 102, 75, 76, 77, 78, 79, 80, 83, 81, 82]
174: [71, 102, 76, 77, 78, 79, 80, 83, 81, 82]
175: [71, 102, 77, 78, 79, 80, 83, 81, 82]
176: [71, 102, 78, 79, 80, 83, 81, 82]
177: [71, 102, 79, 80, 83, 81, 82]
178: [71, 102, 80, 83, 81, 82]
179: [71, 102, 83, 81, 82]
180: [71, 102, 83, 82]
181: [115, 127]
182: [127]
183: [127]
184: [127, 130]
185: [131, 127, 130]
186: [131, 127]
187: [127]
188: [127]
189: [127]
190: [127]
191: [127]
192: [127]
193: [127]
194: [127]
195: [127]
172
0: [115]
1: [115]
2: [115]
3: [131, 115]
4: [131, 132, 115]
5: [132, 115]
6: [115]
7: [115]
8: [115]
9: [115]
10: [115]
11: [115]
12: [115]
13: [115]
14: [115]
15: [74, 75, 76, 77, 78, 79, 80, 81, 71]
16: [82, 74, 75, 76, 77, 78, 79, 80, 81, 71]
17: [83, 82, 74, 75, 76, 77, 78, 79, 80, 81, 71]
18: [84, 83, 82, 74, 75, 76, 77, 78, 79, 80, 81, 71]
19: [84, 83, 82, 75, 76, 77, 78, 79, 80, 81, 71]
20: [84, 83, 82, 76, 77, 78, 79, 80, 81, 71]
21: [84, 83, 82, 77, 78, 79, 80, 81, 71]
22: [84, 83, 82, 80, 81, 78, 79, 71]
23: [84, 83, 82, 80, 81, 79, 71]
24: [84, 83, 82, 71, 80, 81]
25: [84, 83, 71, 82, 81]
26: [84, 71, 83, 82]
27: [115]
28: [115]
29: [74, 75, 76, 77, 78, 79, 80, 81, 71]
30: [82]
31: [83]
32: [84, 74]
33: [75]
34: [76]
35: [77]
36: [78]
37: [79]
38: [80]
39: [81]
40: [71, 84, 83, 82]
41: [115]
42: [115]
43: [74, 75, 76, 77, 78, 79, 80, 81, 71]
44: [82]
45: [83]
46: [84, 74]
47: [75]
48: [76]
49: [77]
50: [78]
51: [79]
52: [80]
53: [81]
54: [71, 84, 83, 82]
55: [115]
56: [115]
57: [74, 75, 76, 77, 78, 79, 80, 81, 71]
58: [82]
59: [83]
60: [84, 74]
61: [75]
62: [76]
63: [77]
64: [78]
65: [79]
66: [80]
67: [81]
68: [71, 84, 83, 82]
69: [115]
70: [115]
71: [74, 75, 76, 77, 78, 79, 80, 81, 71]
72: [82]
73: [83]
74: [84, 74]
75: [75]
76: [76]
77: [77]
78: [78]
79: [79]
80: [80]
81: [81]
82: [71, 84, 83, 82]
83: [115]
84: [115]
85: [74, 75, 76, 77, 78, 79, 80, 81, 71]
86: [82]
87: [83]
88: [84, 74]
89: [75]
90: [76]
91: [77]
92: [78]
93: [79]
94: [80]
95: [81]
96: [71, 84, 83, 82]
97: [115]
98: [115]
99: [74, 75, 76, 77, 78, 79, 80, 81, 71]
100: [82]
101: [83]
102: [84, 74]
103: [75]
104: [76]
105: [77]
106: [78]
107: [79]
108: [80]
109: [81]
110: [71, 84, 83, 82]
111: [115]
112: [115]
113: [74, 75, 76, 77, 78, 79, 80, 81, 71]
114: [82]
115: [83]
116: [84, 74]
117: [75]
118: [76]
119: [77]
120: [78]
121: [79]
122: [80]
123: [81]
124: [71, 84, 83, 82]
125: [115]
126: [115]
127: [74, 75, 76, 77, 78, 79, 80, 81, 71]
128: [82]
129: [83]
130: [84, 74]
131: [75]
132: [76]
133: [77]
134: [78]
135: [79]
136: [80]
137: [81]
138: [71, 84, 83, 82]
139: [115]
140: [115]
141: [74, 75, 76, 77, 78, 79, 80, 81, 71]
142: [82]
143: [83]
144: [84, 74]
145: [75]
146: [76]
147: [77]
148: [78]
149: [79]
150: [80]
151: [81]
152: [71, 84, 83, 82]
153: [115]
154: [115]
155: [102, 74, 75, 76, 77, 78, 79, 80, 81, 71]
156: [82, 102]
157: [83, 102]
158: [84, 102, 74]
159: [102, 75]
160: [102, 76]
161: [102, 77]
162: [102, 78]
163: [102, 79]
164: [102, 80]
165: [102, 81]
166: [71, 102, 84, 83, 82]
167: [115]
168: [127, 115]
169: [102, 74, 75, 76, 77, 78, 79, 80, 81, 71]
170: [102, 74, 75, 76, 77, 78, 79, 80, 81, 82, 71]
171: [102, 74, 75, 76, 77, 78, 79, 80, 81, 82, 83, 71]
172: []
173: [71, 102, 75, 76, 77, 78, 84, 79, 80, 83, 81, 82]
174: [71, 102, 76, 77, 78, 84, 79, 80, 83, 81, 82]
175: [71, 102, 77, 78, 84, 79, 80, 83, 81, 82]
176: [71, 102, 78, 84, 79, 80, 83, 81, 82]
177: [71, 102, 84, 79, 80, 83, 81, 82]
178: [71, 102, 84, 80, 83, 81, 82]
179: [71, 102, 84, 83, 81, 82]
180: [71, 102, 84, 83, 82]
181: [115, 127]
182: [127]
183: [127]
184: [127]
185: [127, 131]
186: [132, 127, 131]
187: [132, 127]
188: [127]
189: [127]
190: [127]
191: [127]
192: [127]
193: [127]
194: [127]
195: [127]
173
0: [115]
1: [115]
2: [115]
3: [115]
4: [132, 115]
5: [132, 133, 115]
6: [133, 115]
7: [115]
8: [115]
9: [115]
10: [115]
11: [115]
12: [115]
13: [115]
14: [115]
15: [75, 76, 77, 78, 79, 80, 81, 71]
16: [82, 75, 76, 77, 78, 79, 80, 81, 71]
17: [83, 82, 75, 76, 77, 78, 79, 80, 81, 71]
18: [84, 83, 82, 75, 76, 77, 78, 79, 80, 81, 71]
19: [85, 84, 83, 82, 75, 76, 77, 78, 79, 80, 81, 71]
20: [85, 84, 83, 82, 76, 77, 78, 79, 80, 81, 71]
21: [85, 84, 83, 82, 77, 78, 79, 80, 81, 71]
22: [85, 84, 83, 82, 71, 78, 79, 80, 81]
23: [85, 84, 83, 82, 71, 80, 81, 79]
24: [85, 84, 83, 71, 82, 80, 81]
25: [85, 84, 71, 83, 82, 81]
26: [85, 71, 84, 83, 82]
27: [115]
28: [115]
29: [75, 76, 77, 78, 79, 80, 81, 71]
30: [82]
31: [83]
32: [84]
33: [85, 75]
34: [76]
35: [77]
36: [78]
37: [79]
38: [80]
39: [81]
40: [71, 85, 84, 83, 82]
41: [115]
42: [115]
43: [75, 76, 77, 78, 79, 80, 81, 71]
44: [82]
45: [83]
46: [84]
47: [85, 75]
48: [76]
49: [77]
50: [78]
51: [79]
52: [80]
53: [81]
54: [71, 85, 84, 83, 82]
55: [115]
56: [115]
57: [75, 76, 77, 78, 79, 80, 81, 71]
58: [82]
59: [83]
60: [84]
61: [85, 75]
62: [76]
63: [77]
64: [78]
65: [79]
66: [80]
67: [81]
68: [71, 85, 84, 83, 82]
69: [115]
70: [115]
71: [75, 76, 77, 78, 79, 80, 81, 71]
72: [82]
73: [83]
74: [84]
75: [85, 75]
76: [76]
77: [77]
78: [78]
79: [79]
80: [80]
81: [81]
82: [71, 85, 84, 83, 82]
83: [115]
84: [115]
85: [75, 76, 77, 78, 79, 80, 81, 71]
86: [82]
87: [83]
88: [84]
89: [85, 75]
90: [76]
91: [77]
92: [78]
93: [79]
94: [80]
95: [81]
96: [71, 85, 84, 83, 82]
97: [115]
98: [115]
99: [75, 76, 77, 78, 79, 80, 81, 71]
100: [82]
101: [83]
102: [84]
103: [85, 75]
104: [76]
105: [77]
106: [78]
107: [79]
108: [80]
109: [81]
110: [71, 85, 84, 83, 82]
111: [115]
112: [115]
113: [75, 76, 77, 78, 79, 80, 81, 71]
114: [82]
115: [83]
116: [84]
117: [85, 75]
118: [76]
119: [77]
120: [78]
121: [79]
122: [80]
123: [81]
124: [71, 85, 84, 83, 82]
125: [115]
126: [115]
127: [75, 76, 77, 78, 79, 80, 81, 71]
128: [82]
129: [83]
130: [84]
131: [85, 75]
132: [76]
133: [77]
134: [78]
135: [79]
136: [80]
137: [81]
138: [71, 85, 84, 83, 82]
139: [115]
140: [115]
141: [75, 76, 77, 78, 79, 80, 81, 71]
142: [82]
143: [83]
144: [84]
145: [85, 75]
146: [76]
147: [77]
148: [78]
149: [79]
150: [80]
151: [81]
152: [71, 85, 84, 83, 82]
153: [115]
154: [115]
155: [102, 75, 76, 77, 78, 79, 80, 81, 71]
156: [82, 102]
157: [83, 102]
158: [84, 102]
159: [85, 102, 75]
160: [102, 76]
161: [102, 77]
162: [102, 78]
163: [102, 79]
164: [102, 80]
165: [102, 81]
166: [71, 102, 85, 84, 83, 82]
167: [115]
168: [127, 115]
169: [102, 75, 76, 77, 78, 79, 80, 81, 71]
170: [102, 75, 76, 77, 78, 79, 80, 81, 82, 71]
171: [102, 75, 76, 77, 78, 79, 80, 81, 82, 83, 71]
172: [102, 75, 76, 77, 78, 79, 80, 81, 82, 83, 84, 71]
173: []
174: [71, 102, 76, 77, 85, 78, 84, 79, 80, 83, 81, 82]
175: [71, 102, 77, 85, 78, 84, 79, 80, 83, 81, 82]
176: [71, 102, 85, 78, 84, 79, 80, 83, 81, 82]
177: [71, 102, 85, 84, 79, 80, 83, 81, 82]
178: [71, 102, 85, 84, 80, 83, 81, 82]
179: [71, 102, 85, 84, 83, 81, 82]
180: [71, 102, 85, 84, 83, 82]
181: [115, 127]
182: [127]
183: [127]
184: [127]
185: [127]
186: [127, 132]
187: [133, 127, 132]
188: [133, 127]
189: [127]
190: [127]
191: [127]
192: [127]
193: [127]
194: [127]
195: [127]
174
0: [115]
1: [115]
2: [115]
3: [115]
4: [115]
5: [133, 115]
6: [133, 134, 115]
7: [134, 115]
8: [115]
9: [115]
10: [115]
11: [115]
12: [115]
13: [115]
14: [115]
15: [76, 77, 78, 79, 80, 81, 71]
16: [82, 76, 77, 78, 79, 80, 81, 71]
17: [83, 82, 76, 77, 78, 79, 80, 81, 71]
18: [84, 83, 82, 76, 77, 78, 79, 80, 81, 71]
19: [85, 84, 83, 82, 76, 77, 78, 79, 80, 81, 71]
20: [86, 85, 84, 83, 82, 76, 77, 78, 79, 80, 81, 71]
21: [86, 85, 84, 83, 82, 71, 77, 78, 79, 80, 81]
22: [86, 85, 84, 83, 82, 71, 80, 81, 78, 79]
23: [86, 85, 84, 83, 71, 82, 80, 81, 79]
24: [86, 85, 84, 71, 83, 82, 80, 81]
25: [86, 85, 71, 84, 83, 82, 81]
26: [86, 71, 85, 84, 83, 82]
27: [115]
28: [115]
29: [76, 77, 78, 79, 80, 81, 71]
30: [82]
31: [83]
32: [84]
33: [85]
34: [86, 76]
35: [77]
36: [78]
37: [79]
38: [80]
39: [81]
40: [71, 86, 85, 84, 83, 82]
41: [115]
42: [115]
43: [76, 77, 78, 79, 80, 81, 71]
44: [82]
45: [83]
46: [84]
47: [85]
48: [86, 76]
49: [77]
50: [78]
51: [79]
52: [80]
53: [81]
54: [71, 86, 85, 84, 83, 82]
55: [115]
56: [115]
57: [76, 77, 78, 79, 80, 81, 71]
58: [82]
59: [83]
60: [84]
61: [85]
62: [86, 76]
63: [77]
64: [78]
65: [79]
66: [80]
67: [81]
68: [71, 86, 85, 84, 83, 82]
69: [115]
70: [115]
71: [76, 77, 78, 79, 80, 81, 71]
72: [82]
73: [83]
74: [84]
75: [85]
76: [86, 76]
77: [77]
78: [78]
79: [79]
80: [80]
81: [81]
82: [71, 86, 85, 84, 83, 82]
83: [115]
84: [115]
85: [76, 77, 78, 79, 80, 81, 71]
86: [82]
87: [83]
88: [84]
89: [85]
90: [86, 76]
91: [77]
92: [78]
93: [79]
94: [80]
95: [81]
96: [71, 86, 85, 84, 83, 82]
97: [115]
98: [115]
99: [76, 77, 78, 79, 80, 81, 71]
100: [82]
101: [83]
102: [84]
103: [85]
104: [86, 76]
105: [77]
106: [78]
107: [79]
108: [80]
109: [81]
110: [71, 86, 85, 84, 83, 82]
111: [115]
112: [115]
113: [76, 77, 78, 79, 80, 81, 71]
114: [82]
115: [83]
116: [84]
117: [85]
118: [86, 76]
119: [77]
120: [78]
121: [79]
122: [80]
123: [81]
124: [71, 86, 85, 84, 83, 82]
125: [115]
126: [115]
127: [76, 77, 78, 79, 80, 81, 71]
128: [82]
129: [83]
130: [84]
131: [85]
132: [86, 76]
133: [77]
134: [78]
135: [79]
136: [80]
137: [81]
138: [71, 86, 85, 84, 83, 82]
139: [115]
140: [115]
141: [76, 77, 78, 79, 80, 81, 71]
142: [82]
143: [83]
144: [84]
145: [85]
146: [86, 76]
147: [77]
148: [78]
149: [79]
150: [80]
151: [81]
152: [71, 86, 85, 84, 83, 82]
153: [115]
154: [115]
155: [102, 76, 77, 78, 79, 80, 81, 71]
156: [82, 102]
157: [83, 102]
158: [84, 102]
159: [85, 102]
160: [86, 102, 76]
161: [102, 77]
162: [102, 78]
163: [102, 79]
164: [102, 80]
165: [102, 81]
166: [71, 102, 86, 85, 84, 83, 82]
167: [115]
168: [127, 115]
169: [102, 76, 77, 78, 79, 80, 81, 71]
170: [102, 76, 77, 78, 79, 80, 81, 82, 71]
171: [102, 76, 77, 78, 79, 80, 81, 82, 83, 71]
172: [102, 76, 77, 78, 79, 80, 81, 82, 83, 84, 71]
173: [102, 76, 77, 78, 79, 80, 81, 82, 83, 84, 85, 71]
174: []
175: [71, 102, 77, 86, 85, 78, 84, 79, 80, 83, 81, 82]
176: [71, 102, 86, 85, 78, 84, 79, 80, 83, 81, 82]
177: [71, 102, 86, 85, 84, 79, 80, 83, 81, 82]
178: [71, 102, 86, 85, 84, 80, 83, 81, 82]
179: [71, 102, 86, 85, 84, 83, 81, 82]
180: [71, 102, 86, 85, 84, 83, 82]
181: [115, 127]
182: [127]
183: [127]
184: [127]
185: [127]
186: [127]
187: [127, 133]
188: [134, 127, 133]
189: [134, 127]
190: [127]
191: [127]
192: [127]
193: [127]
194: [127]
195: [127]
175
0: [115]
1: [115]
2: [115]
3: [115]
4: [115]
5: [115]
6: [134, 115]
7: [134, 135, 115]
8: [135, 115]
9: [115]
10: [115]
11: [115]
12: [115]
13: [115]
14: [115]
15: [77, 78, 79, 80, 81, 71]
16: [82, 77, 78, 79, 80, 81, 71]
17: [83, 82, 77, 78, 79, 80, 81, 71]
18: [84, 83, 82, 77, 78, 79, 80, 81, 71]
19: [85, 84, 83, 82, 77, 78, 79, 80, 81, 71]
20: [86, 85, 84, 83, 82, 71, 77, 78, 79, 80, 81]
21: [87, 86, 85, 84, 83, 82, 71, 77, 78, 79, 80, 81]
22: [87, 86, 85, 84, 83, 71, 82, 80, 81, 78, 79]
23: [87, 86, 85, 84, 71, 83, 82, 80, 81, 79]
24: [87, 86, 85, 71, 84, 83, 82, 80, 81]
25: [87, 86, 71, 85, 84, 83, 82, 81]
26: [87, 71, 86, 85, 84, 83, 82]
27: [115]
28: [115]
29: [77, 78, 79, 80, 81, 71]
30: [82]
31: [83]
32: [84]
33: [85]
34: [86]
35: [87, 77]
36: [78]
37: [79]
38: [80]
39: [81]
40: [71, 87, 86, 85, 84, 83, 82]
41: [115]
42: [115]
43: [77, 78, 79, 80, 81, 71]
44: [82]
45: [83]
46: [84]
47: [85]
48: [86]
49: [87, 77]
50: [78]
51: [79]
52: [80]
53: [81]
54: [71, 87, 86, 85, 84, 83, 82]
55: [115]
56: [115]
57: [77, 78, 79, 80, 81, 71]
58: [82]
59: [83]
60: [84]
61: [85]
62: [86]
63: [87, 77]
64: [78]
65: [79]
66: [80]
67: [81]
68: [71, 87, 86, 85, 84, 83, 82]
69: [115]
70: [115]
71: [77, 78, 79, 80, 81, 71]
72: [82]
73: [83]
74: [84]
75: [85]
76: [86]
77: [87, 77]
78: [78]
79: [79]
80: [80]
81: [81]
82: [71, 87, 86, 85, 84, 83, 82]
83: [115]
84: [115]
85: [77, 78, 79, 80, 81, 71]
86: [82]
87: [83]
88: [84]
89: [85]
90: [86]
91: [87, 77]
92: [78]
93: [79]
94: [80]
95: [81]
96: [71, 87, 86, 85, 84, 83, 82]
97: [115]
98: [115]
99: [77, 78, 79, 80, 81, 71]
100: [82]
101: [83]
102: [84]
103: [85]
104: [86]
105: [87, 77]
106: [78]
107: [79]
108: [80]
109: [81]
110: [71, 87, 86, 85, 84, 83, 82]
111: [115]
112: [115]
113: [77, 78, 79, 80, 81, 71]
114: [82]
115: [83]
116: [84]
117: [85]
118: [86]
119: [87, 77]
120: [78]
121: [79]
122: [80]
123: [81]
124: [71, 87, 86, 85, 84, 83, 82]
125: [115]
126: [115]
127: [77, 78, 79, 80, 81, 71]
128: [82]
129: [83]
130: [84]
131: [85]
132: [86]
133: [87, 77]
134: [78]
135: [79]
136: [80]
137: [81]
138: [71, 87, 86, 85, 84, 83, 82]
139: [115]
140: [115]
141: [77, 78, 79, 80, 81, 71]
142: [82]
143: [83]
144: [84]
145: [85]
146: [86]
147: [87, 77]
148: [78]
149: [79]
150: [80]
151: [81]
152: [71, 87, 86, 85, 84, 83, 82]
153: [115]
154: [115]
155: [102, 77, 78, 79, 80, 81, 71]
156: [82, 102]
157: [83, 102]
158: [84, 102]
159: [85, 102]
160: [86, 102]
161: [87, 102, 77]
162: [102, 78]
163: [102, 79]
164: [102, 80]
165: [102, 81]
166: [71, 102, 87, 86, 85, 84, 83, 82]
167: [115]
168: [127, 115]
169: [102, 77, 78, 79, 80, 81, 71]
170: [102, 77, 78, 79, 80, 81, 82, 71]
171: [102, 77, 78, 79, 80, 81, 82, 83, 71]
172: [102, 77, 78, 79, 80, 81, 82, 83, 84, 71]
173: [102, 77, 78, 79, 80, 81, 82, 83, 84, 85, 71]
174: [102, 77, 78, 79, 80, 81, 82, 83, 84, 85, 86, 71]
175: []
176: [71, 102, 87, 86, 85, 78, 84, 79, 80, 83, 81, 82]
177: [71, 102, 87, 86, 85, 84, 79, 80, 83, 81, 82]
178: [71, 102, 87, 86, 85, 84, 80, 83, 81, 82]
179: [71, 102, 87, 86, 85, 84, 83, 81, 82]
180: [71, 102, 87, 86, 85, 84, 83, 82]
181: [115, 127]
182: [127]
183: [127]
184: [127]
185: [127]
186: [127]
187: [127]
188: [127, 134]
189: [135, 127, 134]
190: [135, 127]
191: [127]
192: [127]
193: [127]
194: [127]
195: [127]
176
0: [115]
1: [115]
2: [115]
3: [115]
4: [115]
5: [115]
6: [115]
7: [135, 115]
8: [135, 136, 115]
9: [136, 115]
10: [115]
11: [115]
12: [115]
13: [115]
14: [115]
15: [80, 81, 78, 79, 71]
16: [82, 80, 81, 78, 79, 71]
17: [83, 82, 80, 81, 78, 79, 71]
18: [84, 83, 82, 80, 81, 78, 79, 71]
19: [85, 84, 83, 82, 71, 78, 79, 80, 81]
20: [86, 85, 84, 83, 82, 71, 80, 81, 78, 79]
21: [87, 86, 85, 84, 83, 71, 82, 80, 81, 78, 79]
22: [88, 87, 86, 85, 84, 71, 83, 82, 80, 81, 78, 79]
23: [88, 87, 86, 85, 71, 84, 83, 82, 80, 81, 79]
24: [88, 87, 86, 71, 85, 84, 83, 82, 80, 81]
25: [88, 87, 71, 86, 85, 84, 83, 82, 81]
26: [88, 71, 87, 86, 85, 84, 83, 82]
27: [115]
28: [115]
29: [80, 81, 78, 79, 71]
30: [82]
31: [83]
32: [84]
33: [85]
34: [86]
35: [87]
36: [88, 78]
37: [79]
38: [80]
39: [81]
40: [71, 88, 87, 86, 85, 84, 83, 82]
41: [115]
42: [115]
43: [80, 81, 78, 79, 71]
44: [82]
45: [83]
46: [84]
47: [85]
48: [86]
49: [87]
50: [88, 78]
51: [79]
52: [80]
53: [81]
54: [71, 88, 87, 86, 85, 84, 83, 82]
55: [115]
56: [115]
57: [80, 81, 78, 79, 71]
58: [82]
59: [83]
60: [84]
61: [85]
62: [86]
63: [87]
64: [88, 78]
65: [79]
66: [80]
67: [81]
68: [71, 88, 87, 86, 85, 84, 83, 82]
69: [115]
70: [115]
71: [80, 81, 78, 79, 71]
72: [82]
73: [83]
74: [84]
75: [85]
76: [86]
77: [87]
78: [88, 78]
79: [79]
80: [80]
81: [81]
82: [71, 88, 87, 86, 85, 84, 83, 82]
83: [115]
84: [115]
85: [80, 81, 78, 79, 71]
86: [82]
87: [83]
88: [84]
89: [85]
90: [86]
91: [87]
92: [88, 78]
93: [79]
94: [80]
95: [81]
96: [71, 88, 87, 86, 85, 84, 83, 82]
97: [115]
98: [115]
99: [80, 81, 78, 79, 71]
100: [82]
101: [83]
102: [84]
103: [85]
104: [86]
105: [87]
106: [88, 78]
107: [79]
108: [80]
109: [81]
110: [71, 88, 87, 86, 85, 84, 83, 82]
111: [115]
112: [115]
113: [80, 81, 78, 79, 71]
114: [82]
115: [83]
116: [84]
117: [85]
118: [86]
119: [87]
120: [88, 78]
121: [79]
122: [80]
123: [81]
124: [71, 88, 87, 86, 85, 84, 83, 82]
125: [115]
126: [115]
127: [80, 81, 78, 79, 71]
128: [82]
129: [83]
130: [84]
131: [85]
132: [86]
133: [87]
134: [88, 78]
135: [79]
136: [80]
137: [81]
138: [71, 88, 87, 86, 85, 84, 83, 82]
139: [115]
140: [115]
141: [80, 81, 78, 79, 71]
142: [82]
143: [83]
144: [84]
145: [85]
146: [86]
147: [87]
148: [88, 78]
149: [79]
150: [80]
151: [81]
152: [71, 88, 87, 86, 85, 84, 83, 82]
153: [115]
154: [115]
155: [102, 78, 79, 80, 81, 71]
156: [82, 102]
157: [83, 102]
158: [84, 102]
159: [85, 102]
160: [86, 102]
161: [87, 102]
162: [88, 102, 78]
163: [102, 79]
164: [102, 80]
165: [102, 81]
166: [71, 102, 88, 87, 86, 85, 84, 83, 82]
167: [115]
168: [127, 115]
169: [102, 78, 79, 80, 81, 71]
170: [102, 78, 79, 80, 81, 82, 71]
171: [102, 78, 79, 80, 81, 82, 83, 71]
172: [102, 78, 79, 80, 81, 82, 83, 84, 71]
173: [102, 78, 79, 80, 81, 82, 83, 84, 85, 71]
174: [102, 78, 79, 80, 81, 82, 83, 84, 85, 86, 71]
175: [102, 78, 79, 80, 81, 82, 83, 84, 85, 86, 87, 71]
176: []
177: [71, 102, 88, 87, 86, 85, 84, 79, 80, 83, 81, 82]
178: [71, 102, 88, 87, 86, 85, 84, 80, 83, 81, 82]
179: [71, 102, 88, 87, 86, 85, 84, 83, 81, 82]
180: [71, 102, 88, 87, 86, 85, 84, 83, 82]
181: [115, 127]
182: [127]
183: [127]
184: [127]
185: [127]
186: [127]
187: [127]
188: [127]
189: [127, 135]
190: [136, 127, 135]
191: [136, 127]
192: [127]
193: [127]
194: [127]
195: [127]
177
0: [115]
1: [115]
2: [115]
3: [115]
4: [115]
5: [115]
6: [115]
7: [115]
8: [136, 115]
9: [136, 137, 115]
10: [137, 115]
11: [115]
12: [115]
13: [115]
14: [115]
15: [80, 81, 79, 71]
16: [82, 80, 81, 79, 71]
17: [83, 82, 80, 81, 79, 71]
18: [84, 83, 82, 80, 81, 79, 71]
19: [85, 84, 83, 82, 71, 80, 81, 79]
20: [86, 85, 84, 83, 71, 82, 80, 81, 79]
21: [87, 86, 85, 84, 71, 83, 82, 80, 81, 79]
22: [88, 87, 86, 85, 71, 84, 83, 82, 80, 81, 79]
23: [89, 88, 87, 86, 71, 85, 84, 83, 82, 80, 81, 79]
24: [89, 88, 87, 71, 86, 85, 84, 83, 82, 80, 81]
25: [89, 88, 71, 87, 86, 85, 84, 83, 82, 81]
26: [89, 71, 88, 87, 86, 85, 84, 83, 82]
27: [115]
28: [115]
29: [80, 81, 79, 71]
30: [82]
31: [83]
32: [84]
33: [85]
34: [86]
35: [87]
36: [88]
37: [89, 79]
38: [80]
39: [81]
40: [71, 89, 88, 87, 86, 85, 84, 83, 82]
41: [115]
42: [115]
43: [80, 81, 79, 71]
44: [82]
45: [83]
46: [84]
47: [85]
48: [86]
49: [87]
50: [88]
51: [89, 79]
52: [80]
53: [81]
54: [71, 89, 88, 87, 86, 85, 84, 83, 82]
55: [115]
56: [115]
57: [80, 81, 79, 71]
58: [82]
59: [83]
60: [84]
61: [85]
62: [86]
63: [87]
64: [88]
65: [89, 79]
66: [80]
67: [81]
68: [71, 89, 88, 87, 86, 85, 84, 83, 82]
69: [115]
70: [115]
71: [80, 81, 79, 71]
72: [82]
73: [83]
74: [84]
75: [85]
76: [86]
77: [87]
78: [88]
79: [89, 79]
80: [80]
81: [81]
82: [71, 89, 88, 87, 86, 85, 84, 83, 82]
83: [115]
84: [115]
85: [80, 81, 79, 71]
86: [82]
87: [83]
88: [84]
89: [85]
90: [86]
91: [87]
92: [88]
93: [89, 79]
94: [80]
95: [81]
96: [71, 89, 88, 87, 86, 85, 84, 83, 82]
97: [115]
98: [115]
99: [80, 81, 79, 71]
100: [82]
101: [83]
102: [84]
103: [85]
104: [86]
105: [87]
106: [88]
107: [89, 79]
108: [80]
109: [81]
110: [71, 89, 88, 87, 86, 85, 84, 83, 82]
111: [115]
112: [115]
113: [80, 81, 79, 71]
114: [82]
115: [83]
116: [84]
117: [85]
118: [86]
119: [87]
120: [88]
121: [89, 79]
122: [80]
123: [81]
124: [71, 89, 88, 87, 86, 85, 84, 83, 82]
125: [115]
126: [115]
127: [80, 81, 79, 71]
128: [82]
129: [83]
130: [84]
131: [85]
132: [86]
133: [87]
134: [88]
135: [89, 79]
136: [80]
137: [81]
138: [71, 89, 88, 87, 86, 85, 84, 83, 82]
139: [115]
140: [115]
141: [80, 81, 79, 71]
142: [82]
143: [83]
144: [84]
145: [85]
146: [86]
147: [87]
148: [88]
149: [89, 79]
150: [80]
151: [81]
152: [71, 89, 88, 87, 86, 85, 84, 83, 82]
153: [115]
154: [115]
155: [80, 81, 102, 79, 71]
156: [82, 102]
157: [83, 102]
158: [84, 102]
159: [85, 102]
160: [86, 102]
161: [87, 102]
162: [88, 102]
163: [89, 102, 79]
164: [102, 80]
165: [102, 81]
166: [71, 102, 89, 88, 87, 86, 85, 84, 83, 82]
167: [115]
168: [127, 115]
169: [80, 81, 102, 79, 71]
170: [102, 79, 80, 81, 82, 71]
171: [102, 79, 80, 81, 82, 83, 71]
172: [102, 79, 80, 81, 82, 83, 84, 71]
173: [102, 79, 80, 81, 82, 83, 84, 85, 71]
174: [102, 79, 80, 81, 82, 83, 84, 85, 86, 71]
175: [102, 79, 80, 81, 82, 83, 84, 85, 86, 87, 71]
176: [102, 79, 80, 81, 82, 83, 84, 85, 86, 87, 88, 71]
177: []
178: [71, 102, 89, 88, 87, 86, 85, 84, 80, 83, 81, 82]
179: [71, 102, 89, 88, 87, 86, 85, 84, 83, 81, 82]
180: [71, 102, 89, 88, 87, 86, 85, 84, 83, 82]
181: [115, 127]
182: [127]
183: [127]
184: [127]
185: [127]
186: [127]
187: [127]
188: [127]
189: [127]
190: [127, 136]
191: [137, 127, 136]
192: [137, 127]
193: [127]
194: [127]
195: [127]
178
0: [115]
1: [115]
2: [115]
3: [115]
4: [115]
5: [115]
6: [115]
7: [115]
8: [115]
9: [137, 115]
10: [137, 138, 115]
11: [138, 115]
12: [115]
13: [115]
14: [115]
15: [80, 81, 71]
16: [82, 80, 81, 71]
17: [83, 82, 80, 81, 71]
18: [84, 83, 82, 71, 80, 81]
19: [85, 84, 83, 71, 82, 80, 81]
20: [86, 85, 84, 71, 83, 82, 80, 81]
21: [87, 86, 85, 71, 84, 83, 82, 80, 81]
22: [88, 87, 86, 71, 85, 84, 83, 82, 80, 81]
23: [89, 88, 87, 71, 86, 85, 84, 83, 82, 80, 81]
24: [90, 89, 88, 71, 87, 86, 85, 84, 83, 82, 80, 81]
25: [90, 89, 71, 88, 87, 86, 85, 84, 83, 82, 81]
26: [90, 71, 89, 88, 87, 86, 85, 84, 83, 82]
27: [115]
28: [115]
29: [80, 81, 71]
30: [82]
31: [83]
32: [84]
33: [85]
34: [86]
35: [87]
36: [88]
37: [89]
38: [90, 80]
39: [81]
40: [71, 90, 89, 88, 87, 86, 85, 84, 83, 82]
41: [115]
42: [115]
43: [80, 81, 71]
44: [82]
45: [83]
46: [84]
47: [85]
48: [86]
49: [87]
50: [88]
51: [89]
52: [90, 80]
53: [81]
54: [71, 90, 89, 88, 87, 86, 85, 84, 83, 82]
55: [115]
56: [115]
57: [80, 81, 71]
58: [82]
59: [83]
60: [84]
61: [85]
62: [86]
63: [87]
64: [88]
65: [89]
66: [90, 80]
67: [81]
68: [71, 90, 89, 88, 87, 86, 85, 84, 83, 82]
69: [115]
70: [115]
71: [80, 81, 71]
72: [82]
73: [83]
74: [84]
75: [85]
76: [86]
77: [87]
78: [88]
79: [89]
80: [90, 80]
81: [81]
82: [71, 90, 89, 88, 87, 86, 85, 84, 83, 82]
83: [115]
84: [115]
85: [80, 81, 71]
86: [82]
87: [83]
88: [84]
89: [85]
90: [86]
91: [87]
92: [88]
93: [89]
94: [90, 80]
95: [81]
96: [71, 90, 89, 88, 87, 86, 85, 84, 83, 82]
97: [115]
98: [115]
99: [80, 81, 71]
100: [82]
101: [83]
102: [84]
103: [85]
104: [86]
105: [87]
106: [88]
107: [89]
108: [90, 80]
109: [81]
110: [71, 90, 89, 88, 87, 86, 85, 84, 83, 82]
111: [115]
112: [115]
113: [80, 81, 71]
114: [82]
115: [83]
116: [84]
117: [85]
118: [86]
119: [87]
120: [88]
121: [89]
122: [90, 80]
123: [81]
124: [71, 90, 89, 88, 87, 86, 85, 84, 83, 82]
125: [115]
126: [115]
127: [80, 81, 71]
128: [82]
129: [83]
130: [84]
131: [85]
132: [86]
133: [87]
134: [88]
135: [89]
136: [90, 80]
137: [81]
138: [71, 90, 89, 88, 87, 86, 85, 84, 83, 82]
139: [115]
140: [115]
141: [80, 81, 71]
142: [82]
143: [83]
144: [84]
145: [85]
146: [86]
147: [87]
148: [88]
149: [89]
150: [90, 80]
151: [81]
152: [71, 90, 89, 88, 87, 86, 85, 84, 83, 82]
153: [115]
154: [115]
155: [80, 81, 102, 71]
156: [82, 102]
157: [83, 102]
158: [84, 102]
159: [85, 102]
160: [86, 102]
161: [87, 102]
162: [88, 102]
163: [89, 102]
164: [90, 102, 80]
165: [102, 81]
166: [71, 102, 90, 89, 88, 87, 86, 85, 84, 83, 82]
167: [115]
168: [127, 115]
169: [80, 81, 102, 71]
170: [80, 81, 82, 102, 71]
171: [102, 80, 81, 82, 83, 71]
172: [102, 80, 81, 82, 83, 84, 71]
173: [102, 80, 81, 82, 83, 84, 85, 71]
174: [102, 80, 81, 82, 83, 84, 85, 86, 71]
175: [102, 80, 81, 82, 83, 84, 85, 86, 87, 71]
176: [102, 80, 81, 82, 83, 84, 85, 86, 87, 88, 71]
177: [102, 80, 81, 82, 83, 84, 85, 86, 87, 88, 89, 71]
178: []
179: [71, 102, 90, 89, 88, 87, 86, 85, 84, 83, 81, 82]
180: [71, 102, 90, 89, 88, 87, 86, 85, 84, 83, 82]
181: [115, 127]
182: [127]
183: [127]
184: [127]
185: [127]
186: [127]
187: [127]
188: [127]
189: [127]
190: [127]
191: [127, 137]
192: [138, 127, 137]
193: [138, 127]
194: [127]
195: [127]
179
0: [115]
1: [115]
2: [115]
3: [115]
4: [115]
5: [115]
6: [115]
7: [115]
8: [115]
9: [115]
10: [138, 115]
11: [138, 115, 139]
12: [115, 139]
13: [115]
14: [115]
15: [81, 71]
16: [82, 81, 71]
17: [83, 82, 71, 81]
18: [84, 83, 71, 82, 81]
19: [85, 84, 71, 83, 82, 81]
20: [86, 85, 71, 84, 83, 82, 81]
21: [87, 86, 71, 85, 84, 83, 82, 81]
22: [88, 87, 71, 86, 85, 84, 83, 82, 81]
23: [89, 88, 71, 87, 86, 85, 84, 83, 82, 81]
24: [90, 89, 71, 88, 87, 86, 85, 84, 83, 82, 81]
25: [91, 90, 71, 89, 88, 87, 86, 85, 84, 83, 82, 81]
26: [91, 71, 90, 89, 88, 87, 86, 85, 84, 83, 82]
27: [115]
28: [115]
29: [81, 71]
30: [82]
31: [83]
32: [84]
33: [85]
34: [86]
35: [87]
36: [88]
37: [89]
38: [90]
39: [91, 81]
40: [71, 91, 90, 89, 88, 87, 86, 85, 84, 83, 82]
41: [115]
42: [115]
43: [81, 71]
44: [82]
45: [83]
46: [84]
47: [85]
48: [86]
49: [87]
50: [88]
51: [89]
52: [90]
53: [91, 81]
54: [71, 91, 90, 89, 88, 87, 86, 85, 84, 83, 82]
55: [115]
56: [115]
57: [81, 71]
58: [82]
59: [83]
60: [84]
61: [85]
62: [86]
63: [87]
64: [88]
65: [89]
66: [90]
67: [91, 81]
68: [71, 91, 90, 89, 88, 87, 86, 85, 84, 83, 82]
69: [115]
70: [115]
71: [81, 71]
72: [82]
73: [83]
74: [84]
75: [85]
76: [86]
77: [87]
78: [88]
79: [89]
80: [90]
81: [91, 81]
82: [71, 91, 90, 89, 88, 87, 86, 85, 84, 83, 82]
83: [115]
84: [115]
85: [81, 71]
86: [82]
87: [83]
88: [84]
89: [85]
90: [86]
91: [87]
92: [88]
93: [89]
94: [90]
95: [91, 81]
96: [71, 91, 90, 89, 88, 87, 86, 85, 84, 83, 82]
97: [115]
98: [115]
99: [81, 71]
100: [82]
101: [83]
102: [84]
103: [85]
104: [86]
105: [87]
106: [88]
107: [89]
108: [90]
109: [91, 81]
110: [71, 91, 90, 89, 88, 87, 86, 85, 84, 83, 82]
111: [115]
112: [115]
113: [81, 71]
114: [82]
115: [83]
116: [84]
117: [85]
118: [86]
119: [87]
120: [88]
121: [89]
122: [90]
123: [91, 81]
124: [71, 91, 90, 89, 88, 87, 86, 85, 84, 83, 82]
125: [115]
126: [115]
127: [81, 71]
128: [82]
129: [83]
130: [84]
131: [85]
132: [86]
133: [87]
134: [88]
135: [89]
136: [90]
137: [91, 81]
138: [71, 91, 90, 89, 88, 87, 86, 85, 84, 83, 82]
139: [115]
140: [115]
141: [81, 71]
142: [82]
143: [83]
144: [84]
145: [85]
146: [86]
147: [87]
148: [88]
149: [89]
150: [90]
151: [91, 81]
152: [71, 91, 90, 89, 88, 87, 86, 85, 84, 83, 82]
153: [115]
154: [115]
155: [81, 102, 71]
156: [82, 102]
157: [83, 102]
158: [84, 102]
159: [85, 102]
160: [86, 102]
161: [87, 102]
162: [88, 102]
163: [89, 102]
164: [90, 102]
165: [91, 102, 81]
166: [71, 91, 102, 90, 89, 88, 87, 86, 85, 84, 83, 82]
167: [115]
168: [127, 115]
169: [81, 102, 71]
170: [81, 82, 102, 71]
171: [81, 82, 83, 102, 71]
172: [102, 81, 82, 83, 84, 71]
173: [102, 81, 82, 83, 84, 85, 71]
174: [102, 81, 82, 83, 84, 85, 86, 71]
175: [102, 81, 82, 83, 84, 85, 86, 87, 71]
176: [102, 81, 82, 83, 84, 85, 86, 87, 88, 71]
177: [102, 81, 82, 83, 84, 85, 86, 87, 88, 89, 71]
178: [102, 81, 82, 83, 84, 85, 86, 87, 88, 89, 90, 71]
179: []
180: [71, 91, 102, 90, 89, 88, 87, 86, 85, 84, 83, 82]
181: [115, 127]
182: [127]
183: [127]
184: [127]
185: [127]
186: [127]
187: [127]
188: [127]
189: [127]
190: [127]
191: [127]
192: [127, 138]
193: [139, 127, 138]
194: [139, 127]
195: [127]
180
0: [115]
1: [115]
2: [115]
3: [115]
4: [115]
5: [115]
6: [115]
7: [115]
8: [115]
9: [115]
10: [115]
11: [139, 115]
12: [139, 115, 140]
13: [115, 140]
14: [115]
15: [71]
16: [82, 71]
17: [83, 71, 82]
18: [84, 71, 83, 82]
19: [85, 71, 84, 83, 82]
20: [86, 71, 85, 84, 83, 82]
21: [87, 71, 86, 85, 84, 83, 82]
22: [88, 71, 87, 86, 85, 84, 83, 82]
23: [89, 71, 88, 87, 86, 85, 84, 83, 82]
24: [90, 71, 89, 88, 87, 86, 85, 84, 83, 82]
25: [91, 71, 90, 89, 88, 87, 86, 85, 84, 83, 82]
26: [71, 91, 90, 89, 88, 87, 86, 85, 84, 83, 82]
27: [115, 140]
28: [115]
29: [71]
30: [82]
31: [83]
32: [84]
33: [85]
34: [86]
35: [87]
36: [88]
37: [89]
38: [90]
39: [91]
40: [71, 91, 90, 89, 88, 87, 86, 85, 84, 83, 82]
41: [115, 140]
42: [115]
43: [71]
44: [82]
45: [83]
46: [84]
47: [85]
48: [86]
49: [87]
50: [88]
51: [89]
52: [90]
53: [91]
54: [71, 91, 90, 89, 88, 87, 86, 85, 84, 83, 82]
55: [115, 140]
56: [115]
57: [71]
58: [82]
59: [83]
60: [84]
61: [85]
62: [86]
63: [87]
64: [88]
65: [89]
66: [90]
67: [91]
68: [71, 91, 90, 89, 88, 87, 86, 85, 84, 83, 82]
69: [115, 140]
70: [115]
71: [71]
72: [82]
73: [83]
74: [84]
75: [85]
76: [86]
77: [87]
78: [88]
79: [89]
80: [90]
81: [91]
82: [71, 91, 90, 89, 88, 87, 86, 85, 84, 83, 82]
83: [115, 140]
84: [115]
85: [71]
86: [82]
87: [83]
88: [84]
89: [85]
90: [86]
91: [87]
92: [88]
93: [89]
94: [90]
95: [91]
96: [71, 91, 90, 89, 88, 87, 86, 85, 84, 83, 82]
97: [115, 140]
98: [115]
99: [71]
100: [82]
101: [83]
102: [84]
103: [85]
104: [86]
105: [87]
106: [88]
107: [89]
108: [90]
109: [91]
110: [71, 91, 90, 89, 88, 87, 86, 85, 84, 83, 82]
111: [115, 140]
112: [115]
113: [71]
114: [82]
115: [83]
116: [84]
117: [85]
118: [86]
119: [87]
120: [88]
121: [89]
122: [90]
123: [91]
124: [71, 91, 90, 89, 88, 87, 86, 85, 84, 83, 82]
125: [115, 140]
126: [115]
127: [71]
128: [82]
129: [83]
130: [84]
131: [85]
132: [86]
133: [87]
134: [88]
135: [89]
136: [90]
137: [91]
138: [71, 91, 90, 89, 88, 87, 86, 85, 84, 83, 82]
139: [115, 140]
140: [115]
141: [71]
142: [82]
143: [83]
144: [84]
145: [85]
146: [86]
147: [87]
148: [88]
149: [89]
150: [90]
151: [91]
152: [71, 91, 90, 89, 88, 87, 86, 85, 84, 83, 82]
153: [115, 140]
154: [115]
155: [102, 71]
156: [82, 102]
157: [83, 102]
158: [84, 102]
159: [85, 102]
160: [86, 102]
161: [87, 102]
162: [88, 102]
163: [89, 102]
164: [90, 102]
165: [91, 102]
166: [71, 91, 102, 90, 89, 88, 87, 86, 85, 84, 83, 82]
167: [115, 140]
168: [127, 115]
169: [102, 71]
170: [82, 102, 71]
171: [82, 83, 102, 71]
172: [82, 83, 84, 102, 71]
173: [102, 82, 83, 84, 85, 71]
174: [102, 82, 83, 84, 85, 86, 71]
175: [102, 82, 83, 84, 85, 86, 87, 71]
176: [102, 82, 83, 84, 85, 86, 87, 88, 71]
177: [102, 82, 83, 84, 85, 86, 87, 88, 89, 71]
178: [102, 82, 83, 84, 85, 86, 87, 88, 89, 90, 71]
179: [102, 82, 83, 84, 85, 86, 87, 88, 89, 90, 91, 71]
180: []
181: [115, 140, 127]
182: [127]
183: [127]
184: [127]
185: [127]
186: [127]
187: [127]
188: [127]
189: [127]
190: [127]
191: [127]
192: [127]
193: [127, 139]
194: [140, 127, 139]
195: [140, 127]
181
0: [115, 103]
1: [115, 103]
2: [115, 103]
3: [115, 103]
4: [115, 103]
5: [115, 103]
6: [115, 103]
7: [115, 103]
8: [115, 103]
9: [115, 103]
10: [115, 103]
11: [115, 103]
12: [115, 140, 103]
13: [115, 140, 103]
14: [116, 115, 103]
15: [116]
16: [116]
17: [116]
18: [116]
19: [116]
20: [116]
21: [116]
22: [116]
23: [116]
24: [116]
25: [116]
26: [116, 140]
27: [140, 115, 116, 103]
28: [117, 116, 103, 115]
29: [117]
30: [117]
31: [117]
32: [117]
33: [117]
34: [117]
35: [117]
36: [117]
37: [117]
38: [117]
39: [117]
40: [117, 140]
41: [140, 115, 116, 117, 103]
42: [118, 117, 103, 116, 115]
43: [118]
44: [118]
45: [118]
46: [118]
47: [118]
48: [118]
49: [118]
50: [118]
51: [118]
52: [118]
53: [118]
54: [118, 140]
55: [140, 115, 116, 117, 118, 103]
56: [119, 118, 103, 117, 116, 115]
57: [119]
58: [119]
59: [119]
60: [119]
61: [119]
62: [119]
63: [119]
64: [119]
65: [119]
66: [119]
67: [119]
68: [119, 140]
69: [140, 115, 116, 117, 118, 119, 103]
70: [120, 119, 103, 118, 117, 116, 115]
71: [120]
72: [120]
73: [120]
74: [120]
75: [120]
76: [120]
77: [120]
78: [120]
79: [120]
80: [120]
81: [120]
82: [120, 140]
83: [140, 115, 116, 117, 118, 119, 120, 103]
84: [121, 120, 103, 119, 118, 117, 116, 115]
85: [121]
86: [121]
87: [121]
88: [121]
89: [121]
90: [121]
91: [121]
92: [121]
93: [121]
94: [121]
95: [121]
96: [121, 140]
97: [140, 115, 116, 117, 118, 119, 120, 121, 103]
98: [122, 121, 103, 120, 119, 118, 117, 116, 115]
99: [122]
100: [122]
101: [122]
102: [122]
103: [122]
104: [122]
105: [122]
106: [122]
107: [122]
108: [122]
109: [122]
110: [122, 140]
111: [140, 115, 116, 117, 118, 119, 120, 121, 122, 103]
112: [123, 122, 103, 121, 120, 119, 118, 117, 116, 115]
113: [123]
114: [123]
115: [123]
116: [123]
117: [123]
118: [123]
119: [123]
120: [123]
121: [123]
122: [123]
123: [123]
124: [123, 140]
125: [140, 115, 116, 117, 118, 119, 120, 121, 122, 123, 103]
126: [124, 123, 103, 122, 121, 120, 119, 118, 117, 116, 115]
127: [124]
128: [124]
129: [124]
130: [124]
131: [124]
132: [124]
133: [124]
134: [124]
135: [124]
136: [124]
137: [124]
138: [124, 140]
139: [140, 115, 116, 117, 118, 119, 120, 121, 122, 123, 124, 103]
140: [125, 124, 103, 123, 122, 121, 120, 119, 118, 117, 116, 115]
141: [125]
142: [125]
143: [125]
144: [125]
145: [125]
146: [125]
147: [125]
148: [125]
149: [125]
150: [125]
151: [125]
152: [125, 140]
153: [140, 115, 116, 117, 118, 119, 120, 121, 122, 123, 124, 125, 103]
154: [126, 125, 103, 124, 123, 122, 121, 120, 119, 118, 117, 116, 115]
155: [126]
156: [126]
157: [126]
158: [126]
159: [126]
160: [126]
161: [126]
162: [126]
163: [126]
164: [126]
165: [126]
166: [126, 140]
167: [140, 115, 116, 117, 118, 119, 120, 121, 122, 123, 124, 125, 126, 103]
168: [127, 126, 103, 125, 124, 123, 122, 121, 120, 119, 118, 117, 116, 115]
169: [127, 115]
170: [127, 115]
171: [127, 115]
172: [127, 115]
173: [127, 115]
174: [127, 115]
175: [127, 115]
176: [127, 115]
177: [127, 115]
178: [127, 115]
179: [127, 115]
180: [127, 140, 115]
181: []
182: [127, 103, 126, 125, 124, 123, 122, 121, 120, 119, 118, 117, 116]
183: [103, 127, 126, 125, 124, 123, 122, 121, 120, 119, 118, 117, 116]
184: [103, 127, 126, 125, 124, 123, 122, 121, 120, 119, 118, 117, 116]
185: [103, 127, 126, 125, 124, 123, 122, 121, 120, 119, 118, 117, 116]
186: [103, 127, 126, 125, 124, 123, 122, 121, 120, 119, 118, 117, 116]
187: [103, 127, 126, 125, 124, 123, 122, 121, 120, 119, 118, 117, 116]
188: [103, 127, 126, 125, 124, 123, 122, 121, 120, 119, 118, 117, 116]
189: [103, 127, 126, 125, 124, 123, 122, 121, 120, 119, 118, 117, 116]
190: [103, 127, 126, 125, 124, 123, 122, 121, 120, 119, 118, 117, 116]
191: [103, 127, 126, 125, 124, 123, 122, 121, 120, 119, 118, 117, 116]
192: [103, 127, 126, 125, 124, 123, 122, 121, 120, 119, 118, 117, 116]
193: [103, 127, 126, 125, 124, 123, 122, 121, 120, 119, 118, 117, 116]
194: [103, 140, 127, 126, 125, 124, 123, 122, 121, 120, 119, 118, 117, 116]
195: [103, 140, 127, 126, 125, 124, 123, 122, 121, 120, 119, 118, 117, 116]
182
0: [103, 128]
1: [128, 103]
2: [103]
3: [103]
4: [103]
5: [103]
6: [103]
7: [103]
8: [103]
9: [103]
10: [103]
11: [103]
12: [103]
13: [103]
14: [103, 128, 116]
15: [128, 116]
16: [116]
17: [116]
18: [116]
19: [116]
20: [116]
21: [116]
22: [116]
23: [116]
24: [116]
25: [116]
26: [116]
27: [116, 103]
28: [103, 128, 117, 116]
29: [128, 117]
30: [117]
31: [117]
32: [117]
33: [117]
34: [117]
35: [117]
36: [117]
37: [117]
38: [117]
39: [117]
40: [117]
41: [116, 117, 103]
42: [103, 128, 118, 117, 116]
43: [128, 118]
44: [118]
45: [118]
46: [118]
47: [118]
48: [118]
49: [118]
50: [118]
51: [118]
52: [118]
53: [118]
54: [118]
55: [116, 117, 118, 103]
56: [103, 128, 119, 118, 117, 116]
57: [128, 119]
58: [119]
59: [119]
60: [119]
61: [119]
62: [119]
63: [119]
64: [119]
65: [119]
66: [119]
67: [119]
68: [119]
69: [116, 117, 118, 119, 103]
70: [103, 128, 120, 119, 118, 117, 116]
71: [128, 120]
72: [120]
73: [120]
74: [120]
75: [120]
76: [120]
77: [120]
78: [120]
79: [120]
80: [120]
81: [120]
82: [120]
83: [116, 117, 118, 119, 120, 103]
84: [103, 128, 121, 120, 119, 118, 117, 116]
85: [128, 121]
86: [121]
87: [121]
88: [121]
89: [121]
90: [121]
91: [121]
92: [121]
93: [121]
94: [121]
95: [121]
96: [121]
97: [116, 117, 118, 119, 120, 121, 103]
98: [103, 128, 122, 121, 120, 119, 118, 117, 116]
99: [128, 122]
100: [122]
101: [122]
102: [122]
103: [122]
104: [122]
105: [122]
106: [122]
107: [122]
108: [122]
109: [122]
110: [122]
111: [116, 117, 118, 119, 120, 121, 122, 103]
112: [103, 128, 123, 122, 121, 120, 119, 118, 117, 116]
113: [128, 123]
114: [123]
115: [123]
116: [123]
117: [123]
118: [123]
119: [123]
120: [123]
121: [123]
122: [123]
123: [123]
124: [123]
125: [116, 117, 118, 119, 120, 121, 122, 123, 103]
126: [103, 128, 124, 123, 122, 121, 120, 119, 118, 117, 116]
127: [128, 124]
128: [124]
129: [124]
130: [124]
131: [124]
132: [124]
133: [124]
134: [124]
135: [124]
136: [124]
137: [124]
138: [124]
139: [116, 117, 118, 119, 120, 121, 122, 123, 124, 103]
140: [103, 128, 125, 124, 123, 122, 121, 120, 119, 118, 117, 116]
141: [128, 125]
142: [125]
143: [125]
144: [125]
145: [125]
146: [125]
147: [125]
148: [125]
149: [125]
150: [125]
151: [125]
152: [125]
153: [116, 117, 118, 119, 120, 121, 122, 123, 124, 125, 103]
154: [103, 128, 126, 125, 124, 123, 122, 121, 120, 119, 118, 117, 116]
155: [128, 126]
156: [126]
157: [126]
158: [126]
159: [126]
160: [126]
161: [126]
162: [126]
163: [126]
164: [126]
165: [126]
166: [126]
167: [116, 117, 118, 119, 120, 121, 122, 123, 124, 125, 126, 103]
168: [103, 128, 127, 126, 125, 124, 123, 122, 121, 120, 119, 118, 117, 116]
169: [128, 127]
170: [127]
171: [127]
172: [127]
173: [127]
174: [127]
175: [127]
176: [127]
177: [127]
178: [127]
179: [127]
180: [127]
181: [116, 117, 118, 119, 120, 121, 122, 123, 124, 125, 126, 127, 103]
182: []
183: [128, 116, 117, 118, 119, 120, 121, 122, 123, 124, 125, 126, 127, 103]
184: [116, 117, 118, 119, 120, 121, 122, 123, 124, 125, 126, 127, 103]
185: [116, 117, 118, 119, 120, 121, 122, 123, 124, 125, 126, 127, 103]
186: [116, 117, 118, 119, 120, 121, 122, 123, 124, 125, 126, 127, 103]
187: [116, 117, 118, 119, 120, 121, 122, 123, 124, 125, 126, 127, 103]
188: [116, 117, 118, 119, 120, 121, 122, 123, 124, 125, 126, 127, 103]
189: [116, 117, 118, 119, 120, 121, 122, 123, 124, 125, 126, 127, 103]
190: [116, 117, 118, 119, 120, 121, 122, 123, 124, 125, 126, 127, 103]
191: [116, 117, 118, 119, 120, 121, 122, 123, 124, 125, 126, 127, 103]
192: [116, 117, 118, 119, 120, 121, 122, 123, 124, 125, 126, 127, 103]
193: [116, 117, 118, 119, 120, 121, 122, 123, 124, 125, 126, 127, 103]
194: [116, 117, 118, 119, 120, 121, 122, 123, 124, 125, 126, 127, 103]
195: [116, 117, 118, 119, 120, 121, 122, 123, 124, 125, 126, 127, 103]
183
0: [128, 103]
1: [128, 129, 103]
2: [129, 103]
3: [103]
4: [103]
5: [103]
6: [103]
7: [103]
8: [103]
9: [103]
10: [103]
11: [103]
12: [103]
13: [103]
14: [103, 128, 116]
15: [128, 129, 116]
16: [129, 116]
17: [116]
18: [116]
19: [116]
20: [116]
21: [116]
22: [116]
23: [116]
24: [116]
25: [116]
26: [116]
27: [116, 103]
28: [103, 128, 117, 116]
29: [128, 129, 117]
30: [129, 117]
31: [117]
32: [117]
33: [117]
34: [117]
35: [117]
36: [117]
37: [117]
38: [117]
39: [117]
40: [117]
41: [116, 117, 103]
42: [103, 128, 118, 117, 116]
43: [128, 129, 118]
44: [129, 118]
45: [118]
46: [118]
47: [118]
48: [118]
49: [118]
50: [118]
51: [118]
52: [118]
53: [118]
54: [118]
55: [116, 117, 118, 103]
56: [103, 128, 119, 118, 117, 116]
57: [128, 129, 119]
58: [129, 119]
59: [119]
60: [119]
61: [119]
62: [119]
63: [119]
64: [119]
65: [119]
66: [119]
67: [119]
68: [119]
69: [116, 117, 118, 119, 103]
70: [103, 128, 120, 119, 118, 117, 116]
71: [128, 129, 120]
72: [129, 120]
73: [120]
74: [120]
75: [120]
76: [120]
77: [120]
78: [120]
79: [120]
80: [120]
81: [120]
82: [120]
83: [116, 117, 118, 119, 120, 103]
84: [103, 128, 121, 120, 119, 118, 117, 116]
85: [128, 129, 121]
86: [129, 121]
87: [121]
88: [121]
89: [121]
90: [121]
91: [121]
92: [121]
93: [121]
94: [121]
95: [121]
96: [121]
97: [116, 117, 118, 119, 120, 121, 103]
98: [103, 128, 122, 121, 120, 119, 118, 117, 116]
99: [128, 129, 122]
100: [129, 122]
101: [122]
102: [122]
103: [122]
104: [122]
105: [122]
106: [122]
107: [122]
108: [122]
109: [122]
110: [122]
111: [116, 117, 118, 119, 120, 121, 122, 103]
112: [103, 128, 123, 122, 121, 120, 119, 118, 117, 116]
113: [128, 129, 123]
114: [129, 123]
115: [123]
116: [123]
117: [123]
118: [123]
119: [123]
120: [123]
121: [123]
122: [123]
123: [123]
124: [123]
125: [116, 117, 118, 119, 120, 121, 122, 123, 103]
126: [103, 128, 124, 123, 122, 121, 120, 119, 118, 117, 116]
127: [128, 129, 124]
128: [129, 124]
129: [124]
130: [124]
131: [124]
132: [124]
133: [124]
134: [124]
135: [124]
136: [124]
137: [124]
138: [124]
139: [116, 117, 118, 119, 120, 121, 122, 123, 124, 103]
140: [103, 128, 125, 124, 123, 122, 121, 120, 119, 118, 117, 116]
141: [128, 129, 125]
142: [129, 125]
143: [125]
144: [125]
145: [125]
146: [125]
147: [125]
148: [125]
149: [125]
150: [125]
151: [125]
152: [125]
153: [116, 117, 118, 119, 120, 121, 122, 123, 124, 125, 103]
154: [103, 128, 126, 125, 124, 123, 122, 121, 120, 119, 118, 117, 116]
155: [128, 129, 126]
156: [129, 126]
157: [126]
158: [126]
159: [126]
160: [126]
161: [126]
162: [126]
163: [126]
164: [126]
165: [126]
166: [126]
167: [116, 117, 118, 119, 120, 121, 122, 123, 124, 125, 126, 103]
168: [103, 128, 127, 126, 125, 124, 123, 122, 121, 120, 119, 118, 117, 116]
169: [128, 127, 129]
170: [129, 127]
171: [127]
172: [127]
173: [127]
174: [127]
175: [127]
176: [127]
177: [127]
178: [127]
179: [127]
180: [127]
181: [116, 117, 118, 119, 120, 121, 122, 123, 124, 125, 126, 127, 103]
182: [103, 128, 127, 126, 125, 124, 123, 122, 121, 120, 119, 118, 117, 116]
183: []
184: [129, 116, 117, 118, 119, 120, 121, 122, 123, 124, 125, 126, 127, 103]
185: [116, 117, 118, 119, 120, 121, 122, 123, 124, 125, 126, 127, 103]
186: [116, 117, 118, 119, 120, 121, 122, 123, 124, 125, 126, 127, 103]
187: [116, 117, 118, 119, 120, 121, 122, 123, 124, 125, 126, 127, 103]
188: [116, 117, 118, 119, 120, 121, 122, 123, 124, 125, 126, 127, 103]
189: [116, 117, 118, 119, 120, 121, 122, 123, 124, 125, 126, 127, 103]
190: [116, 117, 118, 119, 120, 121, 122, 123, 124, 125, 126, 127, 103]
191: [116, 117, 118, 119, 120, 121, 122, 123, 124, 125, 126, 127, 103]
192: [116, 117, 118, 119, 120, 121, 122, 123, 124, 125, 126, 127, 103]
193: [116, 117, 118, 119, 120, 121, 122, 123, 124, 125, 126, 127, 103]
194: [116, 117, 118, 119, 120, 121, 122, 123, 124, 125, 126, 127, 103]
195: [116, 117, 118, 119, 120, 121, 122, 123, 124, 125, 126, 127, 103]
184
0: [103]
1: [129, 103]
2: [129, 130, 103]
3: [130, 103]
4: [103]
5: [103]
6: [103]
7: [103]
8: [103]
9: [103]
10: [103]
11: [103]
12: [103]
13: [103]
14: [103, 116]
15: [129, 116]
16: [129, 130, 116]
17: [130, 116]
18: [116]
19: [116]
20: [116]
21: [116]
22: [116]
23: [116]
24: [116]
25: [116]
26: [116]
27: [116, 103]
28: [103, 117, 116]
29: [129, 117]
30: [129, 130, 117]
31: [130, 117]
32: [117]
33: [117]
34: [117]
35: [117]
36: [117]
37: [117]
38: [117]
39: [117]
40: [117]
41: [116, 117, 103]
42: [103, 118, 117, 116]
43: [129, 118]
44: [129, 130, 118]
45: [130, 118]
46: [118]
47: [118]
48: [118]
49: [118]
50: [118]
51: [118]
52: [118]
53: [118]
54: [118]
55: [116, 117, 118, 103]
56: [103, 119, 118, 117, 116]
57: [129, 119]
58: [129, 130, 119]
59: [130, 119]
60: [119]
61: [119]
62: [119]
63: [119]
64: [119]
65: [119]
66: [119]
67: [119]
68: [119]
69: [116, 117, 118, 119, 103]
70: [103, 120, 119, 118, 117, 116]
71: [129, 120]
72: [129, 130, 120]
73: [130, 120]
74: [120]
75: [120]
76: [120]
77: [120]
78: [120]
79: [120]
80: [120]
81: [120]
82: [120]
83: [116, 117, 118, 119, 120, 103]
84: [103, 121, 120, 119, 118, 117, 116]
85: [129, 121]
86: [129, 130, 121]
87: [130, 121]
88: [121]
89: [121]
90: [121]
91: [121]
92: [121]
93: [121]
94: [121]
95: [121]
96: [121]
97: [116, 117, 118, 119, 120, 121, 103]
98: [103, 122, 121, 120, 119, 118, 117, 116]
99: [129, 122]
100: [129, 130, 122]
101: [130, 122]
102: [122]
103: [122]
104: [122]
105: [122]
106: [122]
107: [122]
108: [122]
109: [122]
110: [122]
111: [116, 117, 118, 119, 120, 121, 122, 103]
112: [103, 123, 122, 121, 120, 119, 118, 117, 116]
113: [129, 123]
114: [129, 130, 123]
115: [130, 123]
116: [123]
117: [123]
118: [123]
119: [123]
120: [123]
121: [123]
122: [123]
123: [123]
124: [123]
125: [116, 117, 118, 119, 120, 121, 122, 123, 103]
126: [103, 124, 123, 122, 121, 120, 119, 118, 117, 116]
127: [129, 124]
128: [129, 130, 124]
129: [130, 124]
130: [124]
131: [124]
132: [124]
133: [124]
134: [124]
135: [124]
136: [124]
137: [124]
138: [124]
139: [116, 117, 118, 119, 120, 121, 122, 123, 124, 103]
140: [103, 125, 124, 123, 122, 121, 120, 119, 118, 117, 116]
141: [129, 125]
142: [129, 130, 125]
143: [130, 125]
144: [125]
145: [125]
146: [125]
147: [125]
148: [125]
149: [125]
150: [125]
151: [125]
152: [125]
153: [116, 117, 118, 119, 120, 121, 122, 123, 124, 125, 103]
154: [103, 126, 125, 124, 123, 122, 121, 120, 119, 118, 117, 116]
155: [129, 126]
156: [129, 126, 130]
157: [130, 126]
158: [126]
159: [126]
160: [126]
161: [126]
162: [126]
163: [126]
164: [126]
165: [126]
166: [126]
167: [116, 117, 118, 119, 120, 121, 122, 123, 124, 125, 126, 103]
168: [103, 127, 126, 125, 124, 123, 122, 121, 120, 119, 118, 117, 116]
169: [127, 129]
170: [129, 127, 130]
171: [130, 127]
172: [127]
173: [127]
174: [127]
175: [127]
176: [127]
177: [127]
178: [127]
179: [127]
180: [127]
181: [116, 117, 118, 119, 120, 121, 122, 123, 124, 125, 126, 127, 103]
182: [103, 127, 126, 125, 124, 123, 122, 121, 120, 119, 118, 117, 116]
183: [103, 129, 127, 126, 125, 124, 123, 122, 121, 120, 119, 118, 117, 116]
184: []
185: [130, 116, 117, 118, 119, 120, 121, 122, 123, 124, 125, 126, 127, 103]
186: [116, 117, 118, 119, 120, 121, 122, 123, 124, 125, 126, 127, 103]
187: [116, 117, 118, 119, 120, 121, 122, 123, 124, 125, 126, 127, 103]
188: [116, 117, 118, 119, 120, 121, 122, 123, 124, 125, 126, 127, 103]
189: [116, 117, 118, 119, 120, 121, 122, 123, 124, 125, 126, 127, 103]
190: [116, 117, 118, 119, 120, 121, 122, 123, 124, 125, 126, 127, 103]
191: [116, 117, 118, 119, 120, 121, 122, 123, 124, 125, 126, 127, 103]
192: [116, 117, 118, 119, 120, 121, 122, 123, 124, 125, 126, 127, 103]
193: [116, 117, 118, 119, 120, 121, 122, 123, 124, 125, 126, 127, 103]
194: [116, 117, 118, 119, 120, 121, 122, 123, 124, 125, 126, 127, 103]
195: [116, 117, 118, 119, 120, 121, 122, 123, 124, 125, 126, 127, 103]
185
0: [103]
1: [103]
2: [130, 103]
3: [130, 131, 103]
4: [131, 103]
5: [103]
6: [103]
7: [103]
8: [103]
9: [103]
10: [103]
11: [103]
12: [103]
13: [103]
14: [103, 116]
15: [116]
16: [130, 116]
17: [130, 131, 116]
18: [131, 116]
19: [116]
20: [116]
21: [116]
22: [116]
23: [116]
24: [116]
25: [116]
26: [116]
27: [116, 103]
28: [103, 117, 116]
29: [117]
30: [130, 117]
31: [130, 131, 117]
32: [131, 117]
33: [117]
34: [117]
35: [117]
36: [117]
37: [117]
38: [117]
39: [117]
40: [117]
41: [116, 117, 103]
42: [103, 118, 117, 116]
43: [118]
44: [130, 118]
45: [130, 131, 118]
46: [131, 118]
47: [118]
48: [118]
49: [118]
50: [118]
51: [118]
52: [118]
53: [118]
54: [118]
55: [116, 117, 118, 103]
56: [103, 119, 118, 117, 116]
57: [119]
58: [130, 119]
59: [130, 131, 119]
60: [131, 119]
61: [119]
62: [119]
63: [119]
64: [119]
65: [119]
66: [119]
67: [119]
68: [119]
69: [116, 117, 118, 119, 103]
70: [103, 120, 119, 118, 117, 116]
71: [120]
72: [130, 120]
73: [130, 131, 120]
74: [131, 120]
75: [120]
76: [120]
77: [120]
78: [120]
79: [120]
80: [120]
81: [120]
82: [120]
83: [116, 117, 118, 119, 120, 103]
84: [103, 121, 120, 119, 118, 117, 116]
85: [121]
86: [130, 121]
87: [130, 131, 121]
88: [131, 121]
89: [121]
90: [121]
91: [121]
92: [121]
93: [121]
94: [121]
95: [121]
96: [121]
97: [116, 117, 118, 119, 120, 121, 103]
98: [103, 122, 121, 120, 119, 118, 117, 116]
99: [122]
100: [130, 122]
101: [130, 131, 122]
102: [131, 122]
103: [122]
104: [122]
105: [122]
106: [122]
107: [122]
108: [122]
109: [122]
110: [122]
111: [116, 117, 118, 119, 120, 121, 122, 103]
112: [103, 123, 122, 121, 120, 119, 118, 117, 116]
113: [123]
114: [130, 123]
115: [130, 131, 123]
116: [131, 123]
117: [123]
118: [123]
119: [123]
120: [123]
121: [123]
122: [123]
123: [123]
124: [123]
125: [116, 117, 118, 119, 120, 121, 122, 123, 103]
126: [103, 124, 123, 122, 121, 120, 119, 118, 117, 116]
127: [124]
128: [130, 124]
129: [130, 131, 124]
130: [131, 124]
131: [124]
132: [124]
133: [124]
134: [124]
135: [124]
136: [124]
137: [124]
138: [124]
139: [116, 117, 118, 119, 120, 121, 122, 123, 124, 103]
140: [103, 125, 124, 123, 122, 121, 120, 119, 118, 117, 116]
141: [125]
142: [130, 125]
143: [130, 125, 131]
144: [131, 125]
145: [125]
146: [125]
147: [125]
148: [125]
149: [125]
150: [125]
151: [125]
152: [125]
153: [116, 117, 118, 119, 120, 121, 122, 123, 124, 125, 103]
154: [103, 126, 125, 124, 123, 122, 121, 120, 119, 118, 117, 116]
155: [126]
156: [126, 130]
157: [130, 126, 131]
158: [131, 126]
159: [126]
160: [126]
161: [126]
162: [126]
163: [126]
164: [126]
165: [126]
166: [126]
167: [116, 117, 118, 119, 120, 121, 122, 123, 124, 125, 126, 103]
168: [103, 127, 126, 125, 124, 123, 122, 121, 120, 119, 118, 117, 116]
169: [127]
170: [127, 130]
171: [130, 127, 131]
172: [131, 127]
173: [127]
174: [127]
175: [127]
176: [127]
177: [127]
178: [127]
179: [127]
180: [127]
181: [116, 117, 118, 119, 120, 121, 122, 123, 124, 125, 126, 127, 103]
182: [103, 127, 126, 125, 124, 123, 122, 121, 120, 119, 118, 117, 116]
183: [103, 127, 126, 125, 124, 123, 122, 121, 120, 119, 118, 117, 116]
184: [103, 130, 127, 126, 125, 124, 123, 122, 121, 120, 119, 118, 117, 116]
185: []
186: [131, 116, 117, 118, 119, 120, 121, 122, 123, 124, 125, 126, 127, 103]
187: [116, 117, 118, 119, 120, 121, 122, 123, 124, 125, 126, 127, 103]
188: [116, 117, 118, 119, 120, 121, 122, 123, 124, 125, 126, 127, 103]
189: [116, 117, 118, 119, 120, 121, 122, 123, 124, 125, 126, 127, 103]
190: [116, 117, 118, 119, 120, 121, 122, 123, 124, 125, 126, 127, 103]
191: [116, 117, 118, 119, 120, 121, 122, 123, 124, 125, 126, 127, 103]
192: [116, 117, 118, 119, 120, 121, 122, 123, 124, 125, 126, 127, 103]
193: [116, 117, 118, 119, 120, 121, 122, 123, 124, 125, 126, 127, 103]
194: [116, 117, 118, 119, 120, 121, 122, 123, 124, 125, 126, 127, 103]
195: [116, 117, 118, 119, 120, 121, 122, 123, 124, 125, 126, 127, 103]
186
0: [103]
1: [103]
2: [103]
3: [131, 103]
4: [131, 132, 103]
5: [132, 103]
6: [103]
7: [103]
8: [103]
9: [103]
10: [103]
11: [103]
12: [103]
13: [103]
14: [103, 116]
15: [116]
16: [116]
17: [131, 116]
18: [131, 132, 116]
19: [132, 116]
20: [116]
21: [116]
22: [116]
23: [116]
24: [116]
25: [116]
26: [116]
27: [116, 103]
28: [103, 117, 116]
29: [117]
30: [117]
31: [131, 117]
32: [131, 132, 117]
33: [132, 117]
34: [117]
35: [117]
36: [117]
37: [117]
38: [117]
39: [117]
40: [117]
41: [116, 117, 103]
42: [103, 118, 117, 116]
43: [118]
44: [118]
45: [131, 118]
46: [131, 132, 118]
47: [132, 118]
48: [118]
49: [118]
50: [118]
51: [118]
52: [118]
53: [118]
54: [118]
55: [116, 117, 118, 103]
56: [103, 119, 118, 117, 116]
57: [119]
58: [119]
59: [131, 119]
60: [131, 132, 119]
61: [132, 119]
62: [119]
63: [119]
64: [119]
65: [119]
66: [119]
67: [119]
68: [119]
69: [116, 117, 118, 119, 103]
70: [103, 120, 119, 118, 117, 116]
71: [120]
72: [120]
73: [131, 120]
74: [131, 132, 120]
75: [132, 120]
76: [120]
77: [120]
78: [120]
79: [120]
80: [120]
81: [120]
82: [120]
83: [116, 117, 118, 119, 120, 103]
84: [103, 121, 120, 119, 118, 117, 116]
85: [121]
86: [121]
87: [131, 121]
88: [131, 132, 121]
89: [132, 121]
90: [121]
91: [121]
92: [121]
93: [121]
94: [121]
95: [121]
96: [121]
97: [116, 117, 118, 119, 120, 121, 103]
98: [103, 122, 121, 120, 119, 118, 117, 116]
99: [122]
100: [122]
101: [131, 122]
102: [131, 132, 122]
103: [132, 122]
104: [122]
105: [122]
106: [122]
107: [122]
108: [122]
109: [122]
110: [122]
111: [116, 117, 118, 119, 120, 121, 122, 103]
112: [103, 123, 122, 121, 120, 119, 118, 117, 116]
113: [123]
114: [123]
115: [131, 123]
116: [131, 123, 132]
117: [132, 123]
118: [123]
119: [123]
120: [123]
121: [123]
122: [123]
123: [123]
124: [123]
125: [116, 117, 118, 119, 120, 121, 122, 123, 103]
126: [103, 124, 123, 122, 121, 120, 119, 118, 117, 116]
127: [124]
128: [124]
129: [131, 124]
130: [131, 124, 132]
131: [132, 124]
132: [124]
133: [124]
134: [124]
135: [124]
136: [124]
137: [124]
138: [124]
139: [116, 117, 118, 119, 120, 121, 122, 123, 124, 103]
140: [103, 125, 124, 123, 122, 121, 120, 119, 118, 117, 116]
141: [125]
142: [125]
143: [125, 131]
144: [131, 125, 132]
145: [132, 125]
146: [125]
147: [125]
148: [125]
149: [125]
150: [125]
151: [125]
152: [125]
153: [116, 117, 118, 119, 120, 121, 122, 123, 124, 125, 103]
154: [103, 126, 125, 124, 123, 122, 121, 120, 119, 118, 117, 116]
155: [126]
156: [126]
157: [126, 131]
158: [131, 126, 132]
159: [132, 126]
160: [126]
161: [126]
162: [126]
163: [126]
164: [126]
165: [126]
166: [126]
167: [116, 117, 118, 119, 120, 121, 122, 123, 124, 125, 126, 103]
168: [103, 127, 126, 125, 124, 123, 122, 121, 120, 119, 118, 117, 116]
169: [127]
170: [127]
171: [127, 131]
172: [131, 127, 132]
173: [132, 127]
174: [127]
175: [127]
176: [127]
177: [127]
178: [127]
179: [127]
180: [127]
181: [116, 117, 118, 119, 120, 121, 122, 123, 124, 125, 126, 127, 103]
182: [103, 127, 126, 125, 124, 123, 122, 121, 120, 119, 118, 117, 116]
183: [103, 127, 126, 125, 124, 123, 122, 121, 120, 119, 118, 117, 116]
184: [103, 127, 126, 125, 124, 123, 122, 121, 120, 119, 118, 117, 116]
185: [103, 131, 127, 126, 125, 124, 123, 122, 121, 120, 119, 118, 117, 116]
186: []
187: [132, 116, 117, 118, 119, 120, 121, 122, 123, 124, 125, 126, 127, 103]
188: [116, 117, 118, 119, 120, 121, 122, 123, 124, 125, 126, 127, 103]
189: [116, 117, 118, 119, 120, 121, 122, 123, 124, 125, 126, 127, 103]
190: [116, 117, 118, 119, 120, 121, 122, 123, 124, 125, 126, 127, 103]
191: [116, 117, 118, 119, 120, 121, 122, 123, 124, 125, 126, 127, 103]
192: [116, 117, 118, 119, 120, 121, 122, 123, 124, 125, 126, 127, 103]
193: [116, 117, 118, 119, 120, 121, 122, 123, 124, 125, 126, 127, 103]
194: [116, 117, 118, 119, 120, 121, 122, 123, 124, 125, 126, 127, 103]
195: [116, 117, 118, 119, 120, 121, 122, 123, 124, 125, 126, 127, 103]
187
0: [103]
1: [103]
2: [103]
3: [103]
4: [132, 103]
5: [132, 133, 103]
6: [133, 103]
7: [103]
8: [103]
9: [103]
10: [103]
11: [103]
12: [103]
13: [103]
14: [103, 116]
15: [116]
16: [116]
17: [116]
18: [132, 116]
19: [132, 133, 116]
20: [133, 116]
21: [116]
22: [116]
23: [116]
24: [116]
25: [116]
26: [116]
27: [116, 103]
28: [103, 117, 116]
29: [117]
30: [117]
31: [117]
32: [132, 117]
33: [132, 133, 117]
34: [133, 117]
35: [117]
36: [117]
37: [117]
38: [117]
39: [117]
40: [117]
41: [116, 117, 103]
42: [103, 118, 117, 116]
43: [118]
44: [118]
45: [118]
46: [132, 118]
47: [132, 133, 118]
48: [133, 118]
49: [118]
50: [118]
51: [118]
52: [118]
53: [118]
54: [118]
55: [116, 117, 118, 103]
56: [103, 119, 118, 117, 116]
57: [119]
58: [119]
59: [119]
60: [132, 119]
61: [132, 133, 119]
62: [133, 119]
63: [119]
64: [119]
65: [119]
66: [119]
67: [119]
68: [119]
69: [116, 117, 118, 119, 103]
70: [103, 120, 119, 118, 117, 116]
71: [120]
72: [120]
73: [120]
74: [132, 120]
75: [132, 133, 120]
76: [133, 120]
77: [120]
78: [120]
79: [120]
80: [120]
81: [120]
82: [120]
83: [116, 117, 118, 119, 120, 103]
84: [103, 121, 120, 119, 118, 117, 116]
85: [121]
86: [121]
87: [121]
88: [132, 121]
89: [132, 133, 121]
90: [133, 121]
91: [121]
92: [121]
93: [121]
94: [121]
95: [121]
96: [121]
97: [116, 117, 118, 119, 120, 121, 103]
98: [103, 122, 121, 120, 119, 118, 117, 116]
99: [122]
100: [122]
101: [122]
102: [132, 122]
103: [132, 122, 133]
104: [133, 122]
105: [122]
106: [122]
107: [122]
108: [122]
109: [122]
110: [122]
111: [116, 117, 118, 119, 120, 121, 122, 103]
112: [103, 123, 122, 121, 120, 119, 118, 117, 116]
113: [123]
114: [123]
115: [123]
116: [123, 132]
117: [132, 123, 133]
118: [133, 123]
119: [123]
120: [123]
121: [123]
122: [123]
123: [123]
124: [123]
125: [116, 117, 118, 119, 120, 121, 122, 123, 103]
126: [103, 124, 123, 122, 121, 120, 119, 118, 117, 116]
127: [124]
128: [124]
129: [124]
130: [124, 132]
131: [132, 124, 133]
132: [133, 124]
133: [124]
134: [124]
135: [124]
136: [124]
137: [124]
138: [124]
139: [116, 117, 118, 119, 120, 121, 122, 123, 124, 103]
140: [103, 125, 124, 123, 122, 121, 120, 119, 118, 117, 116]
141: [125]
142: [125]
143: [125]
144: [125, 132]
145: [132, 125, 133]
146: [133, 125]
147: [125]
148: [125]
149: [125]
150: [125]
151: [125]
152: [125]
153: [116, 117, 118, 119, 120, 121, 122, 123, 124, 125, 103]
154: [103, 126, 125, 124, 123, 122, 121, 120, 119, 118, 117, 116]
155: [126]
156: [126]
157: [126]
158: [126, 132]
159: [132, 126, 133]
160: [133, 126]
161: [126]
162: [126]
163: [126]
164: [126]
165: [126]
166: [126]
167: [116, 117, 118, 119, 120, 121, 122, 123, 124, 125, 126, 103]
168: [103, 127, 126, 125, 124, 123, 122, 121, 120, 119, 118, 117, 116]
169: [127]
170: [127]
171: [127]
172: [127, 132]
173: [132, 127, 133]
174: [133, 127]
175: [127]
176: [127]
177: [127]
178: [127]
179: [127]
180: [127]
181: [116, 117, 118, 119, 120, 121, 122, 123, 124, 125, 126, 127, 103]
182: [103, 127, 126, 125, 124, 123, 122, 121, 120, 119, 118, 117, 116]
183: [103, 127, 126, 125, 124, 123, 122, 121, 120, 119, 118, 117, 116]
184: [103, 127, 126, 125, 124, 123, 122, 121, 120, 119, 118, 117, 116]
185: [103, 127, 126, 125, 124, 123, 122, 121, 120, 119, 118, 117, 116]
186: [103, 132, 127, 126, 125, 124, 123, 122, 121, 120, 119, 118, 117, 116]
187: []
188: [133, 116, 117, 118, 119, 120, 121, 122, 123, 124, 125, 126, 127, 103]
189: [116, 117, 118, 119, 120, 121, 122, 123, 124, 125, 126, 127, 103]
190: [116, 117, 118, 119, 120, 121, 122, 123, 124, 125, 126, 127, 103]
191: [116, 117, 118, 119, 120, 121, 122, 123, 124, 125, 126, 127, 103]
192: [116, 117, 118, 119, 120, 121, 122, 123, 124, 125, 126, 127, 103]
193: [116, 117, 118, 119, 120, 121, 122, 123, 124, 125, 126, 127, 103]
194: [116, 117, 118, 119, 120, 121, 122, 123, 124, 125, 126, 127, 103]
195: [116, 117, 118, 119, 120, 121, 122, 123, 124, 125, 126, 127, 103]
188
0: [103]
1: [103]
2: [103]
3: [103]
4: [103]
5: [133, 103]
6: [133, 134, 103]
7: [134, 103]
8: [103]
9: [103]
10: [103]
11: [103]
12: [103]
13: [103]
14: [103, 116]
15: [116]
16: [116]
17: [116]
18: [116]
19: [133, 116]
20: [133, 134, 116]
21: [134, 116]
22: [116]
23: [116]
24: [116]
25: [116]
26: [116]
27: [116, 103]
28: [103, 117, 116]
29: [117]
30: [117]
31: [117]
32: [117]
33: [133, 117]
34: [133, 134, 117]
35: [134, 117]
36: [117]
37: [117]
38: [117]
39: [117]
40: [117]
41: [116, 117, 103]
42: [103, 118, 117, 116]
43: [118]
44: [118]
45: [118]
46: [118]
47: [133, 118]
48: [133, 134, 118]
49: [134, 118]
50: [118]
51: [118]
52: [118]
53: [118]
54: [118]
55: [116, 117, 118, 103]
56: [103, 119, 118, 117, 116]
57: [119]
58: [119]
59: [119]
60: [119]
61: [133, 119]
62: [133, 134, 119]
63: [134, 119]
64: [119]
65: [119]
66: [119]
67: [119]
68: [119]
69: [116, 117, 118, 119, 103]
70: [103, 120, 119, 118, 117, 116]
71: [120]
72: [120]
73: [120]
74: [120]
75: [133, 120]
76: [133, 134, 120]
77: [134, 120]
78: [120]
79: [120]
80: [120]
81: [120]
82: [120]
83: [116, 117, 118, 119, 120, 103]
84: [103, 121, 120, 119, 118, 117, 116]
85: [121]
86: [121]
87: [121]
88: [121]
89: [133, 121]
90: [133, 121, 134]
91: [134, 121]
92: [121]
93: [121]
94: [121]
95: [121]
96: [121]
97: [116, 117, 118, 119, 120, 121, 103]
98: [103, 122, 121, 120, 119, 118, 117, 116]
99: [122]
100: [122]
101: [122]
102: [122]
103: [122, 133]
104: [133, 122, 134]
105: [134, 122]
106: [122]
107: [122]
108: [122]
109: [122]
110: [122]
111: [116, 117, 118, 119, 120, 121, 122, 103]
112: [103, 123, 122, 121, 120, 119, 118, 117, 116]
113: [123]
114: [123]
115: [123]
116: [123]
117: [123, 133]
118: [133, 123, 134]
119: [134, 123]
120: [123]
121: [123]
122: [123]
123: [123]
124: [123]
125: [116, 117, 118, 119, 120, 121, 122, 123, 103]
126: [103, 124, 123, 122, 121, 120, 119, 118, 117, 116]
127: [124]
128: [124]
129: [124]
130: [124]
131: [124, 133]
132: [133, 124, 134]
133: [134, 124]
134: [124]
135: [124]
136: [124]
137: [124]
138: [124]
139: [116, 117, 118, 119, 120, 121, 122, 123, 124, 103]
140: [103, 125, 124, 123, 122, 121, 120, 119, 118, 117, 116]
141: [125]
142: [125]
143: [125]
144: [125]
145: [125, 133]
146: [133, 125, 134]
147: [134, 125]
148: [125]
149: [125]
150: [125]
151: [125]
152: [125]
153: [116, 117, 118, 119, 120, 121, 122, 123, 124, 125, 103]
154: [103, 126, 125, 124, 123, 122, 121, 120, 119, 118, 117, 116]
155: [126]
156: [126]
157: [126]
158: [126]
159: [126, 133]
160: [133, 126, 134]
161: [134, 126]
162: [126]
163: [126]
164: [126]
165: [126]
166: [126]
167: [116, 117, 118, 119, 120, 121, 122, 123, 124, 125, 126, 103]
168: [103, 127, 126, 125, 124, 123, 122, 121, 120, 119, 118, 117, 116]
169: [127]
170: [127]
171: [127]
172: [127]
173: [127, 133]
174: [133, 127, 134]
175: [134, 127]
176: [127]
177: [127]
178: [127]
179: [127]
180: [127]
181: [116, 117, 118, 119, 120, 121, 122, 123, 124, 125, 126, 127, 103]
182: [103, 127, 126, 125, 124, 123, 122, 121, 120, 119, 118, 117, 116]
183: [103, 127, 126, 125, 124, 123, 122, 121, 120, 119, 118, 117, 116]
184: [103, 127, 126, 125, 124, 123, 122, 121, 120, 119, 118, 117, 116]
185: [103, 127, 126, 125, 124, 123, 122, 121, 120, 119, 118, 117, 116]
186: [103, 127, 126, 125, 124, 123, 122, 121, 120, 119, 118, 117, 116]
187: [103, 133, 127, 126, 125, 124, 123, 122, 121, 120, 119, 118, 117, 116]
188: []
189: [134, 116, 117, 118, 119, 120, 121, 122, 123, 124, 125, 126, 127, 103]
190: [116, 117, 118, 119, 120, 121, 122, 123, 124, 125, 126, 127, 103]
191: [116, 117, 118, 119, 120, 121, 122, 123, 124, 125, 126, 127, 103]
192: [116, 117, 118, 119, 120, 121, 122, 123, 124, 125, 126, 127, 103]
193: [116, 117, 118, 119, 120, 121, 122, 123, 124, 125, 126, 127, 103]
194: [116, 117, 118, 119, 120, 121, 122, 123, 124, 125, 126, 127, 103]
195: [116, 117, 118, 119, 120, 121, 122, 123, 124, 125, 126, 127, 103]
189
0: [103]
1: [103]
2: [103]
3: [103]
4: [103]
5: [103]
6: [134, 103]
7: [134, 135, 103]
8: [135, 103]
9: [103]
10: [103]
11: [103]
12: [103]
13: [103]
14: [103, 116]
15: [116]
16: [116]
17: [116]
18: [116]
19: [116]
20: [134, 116]
21: [134, 135, 116]
22: [135, 116]
23: [116]
24: [116]
25: [116]
26: [116]
27: [116, 103]
28: [103, 117, 116]
29: [117]
30: [117]
31: [117]
32: [117]
33: [117]
34: [134, 117]
35: [134, 135, 117]
36: [135, 117]
37: [117]
38: [117]
39: [117]
40: [117]
41: [116, 117, 103]
42: [103, 118, 117, 116]
43: [118]
44: [118]
45: [118]
46: [118]
47: [118]
48: [134, 118]
49: [134, 135, 118]
50: [135, 118]
51: [118]
52: [118]
53: [118]
54: [118]
55: [116, 117, 118, 103]
56: [103, 119, 118, 117, 116]
57: [119]
58: [119]
59: [119]
60: [119]
61: [119]
62: [134, 119]
63: [134, 135, 119]
64: [135, 119]
65: [119]
66: [119]
67: [119]
68: [119]
69: [116, 117, 118, 119, 103]
70: [103, 120, 119, 118, 117, 116]
71: [120]
72: [120]
73: [120]
74: [120]
75: [120]
76: [134, 120]
77: [134, 120, 135]
78: [135, 120]
79: [120]
80: [120]
81: [120]
82: [120]
83: [116, 117, 118, 119, 120, 103]
84: [103, 121, 120, 119, 118, 117, 116]
85: [121]
86: [121]
87: [121]
88: [121]
89: [121]
90: [121, 134]
91: [134, 121, 135]
92: [135, 121]
93: [121]
94: [121]
95: [121]
96: [121]
97: [116, 117, 118, 119, 120, 121, 103]
98: [103, 122, 121, 120, 119, 118, 117, 116]
99: [122]
100: [122]
101: [122]
102: [122]
103: [122]
104: [122, 134]
105: [134, 122, 135]
106: [135, 122]
107: [122]
108: [122]
109: [122]
110: [122]
111: [116, 117, 118, 119, 120, 121, 122, 103]
112: [103, 123, 122, 121, 120, 119, 118, 117, 116]
113: [123]
114: [123]
115: [123]
116: [123]
117: [123]
118: [123, 134]
119: [134, 123, 135]
120: [135, 123]
121: [123]
122: [123]
123: [123]
124: [123]
125: [116, 117, 118, 119, 120, 121, 122, 123, 103]
126: [103, 124, 123, 122, 121, 120, 119, 118, 117, 116]
127: [124]
128: [124]
129: [124]
130: [124]
131: [124]
132: [124, 134]
133: [134, 124, 135]
134: [135, 124]
135: [124]
136: [124]
137: [124]
138: [124]
139: [116, 117, 118, 119, 120, 121, 122, 123, 124, 103]
140: [103, 125, 124, 123, 122, 121, 120, 119, 118, 117, 116]
141: [125]
142: [125]
143: [125]
144: [125]
145: [125]
146: [125, 134]
147: [134, 125, 135]
148: [135, 125]
149: [125]
150: [125]
151: [125]
152: [125]
153: [116, 117, 118, 119, 120, 121, 122, 123, 124, 125, 103]
154: [103, 126, 125, 124, 123, 122, 121, 120, 119, 118, 117, 116]
155: [126]
156: [126]
157: [126]
158: [126]
159: [126]
160: [126, 134]
161: [134, 126, 135]
162: [135, 126]
163: [126]
164: [126]
165: [126]
166: [126]
167: [116, 117, 118, 119, 120, 121, 122, 123, 124, 125, 126, 103]
168: [103, 127, 126, 125, 124, 123, 122, 121, 120, 119, 118, 117, 116]
169: [127]
170: [127]
171: [127]
172: [127]
173: [127]
174: [127, 134]
175: [134, 127, 135]
176: [135, 127]
177: [127]
178: [127]
179: [127]
180: [127]
181: [116, 117, 118, 119, 120, 121, 122, 123, 124, 125, 126, 127, 103]
182: [103, 127, 126, 125, 124, 123, 122, 121, 120, 119, 118, 117, 116]
183: [103, 127, 126, 125, 124, 123, 122, 121, 120, 119, 118, 117, 116]
184: [103, 127, 126, 125, 124, 123, 122, 121, 120, 119, 118, 117, 116]
185: [103, 127, 126, 125, 124, 123, 122, 121, 120, 119, 118, 117, 116]
186: [103, 127, 126, 125, 124, 123, 122, 121, 120, 119, 118, 117, 116]
187: [103, 127, 126, 125, 124, 123, 122, 121, 120, 119, 118, 117, 116]
188: [103, 134, 127, 126, 125, 124, 123, 122, 121, 120, 119, 118, 117, 116]
189: []
190: [135, 116, 117, 118, 119, 120, 121, 122, 123, 124, 125, 126, 127, 103]
191: [116, 117, 118, 119, 120, 121, 122, 123, 124, 125, 126, 127, 103]
192: [116, 117, 118, 119, 120, 121, 122, 123, 124, 125, 126, 127, 103]
193: [116, 117, 118, 119, 120, 121, 122, 123, 124, 125, 126, 127, 103]
194: [116, 117, 118, 119, 120, 121, 122, 123, 124, 125, 126, 127, 103]
195: [116, 117, 118, 119, 120, 121, 122, 123, 124, 125, 126, 127, 103]
190
0: [103]
1: [103]
2: [103]
3: [103]
4: [103]
5: [103]
6: [103]
7: [135, 103]
8: [135, 136, 103]
9: [136, 103]
10: [103]
11: [103]
12: [103]
13: [103]
14: [103, 116]
15: [116]
16: [116]
17: [116]
18: [116]
19: [116]
20: [116]
21: [135, 116]
22: [135, 136, 116]
23: [136, 116]
24: [116]
25: [116]
26: [116]
27: [116, 103]
28: [103, 117, 116]
29: [117]
30: [117]
31: [117]
32: [117]
33: [117]
34: [117]
35: [135, 117]
36: [135, 136, 117]
37: [136, 117]
38: [117]
39: [117]
40: [117]
41: [116, 117, 103]
42: [103, 118, 117, 116]
43: [118]
44: [118]
45: [118]
46: [118]
47: [118]
48: [118]
49: [135, 118]
50: [135, 136, 118]
51: [136, 118]
52: [118]
53: [118]
54: [118]
55: [116, 117, 118, 103]
56: [103, 119, 118, 117, 116]
57: [119]
58: [119]
59: [119]
60: [119]
61: [119]
62: [119]
63: [135, 119]
64: [135, 136, 119]
65: [136, 119]
66: [119]
67: [119]
68: [119]
69: [116, 117, 118, 119, 103]
70: [103, 120, 119, 118, 117, 116]
71: [120]
72: [120]
73: [120]
74: [120]
75: [120]
76: [120]
77: [120, 135]
78: [135, 120, 136]
79: [136, 120]
80: [120]
81: [120]
82: [120]
83: [116, 117, 118, 119, 120, 103]
84: [103, 121, 120, 119, 118, 117, 116]
85: [121]
86: [121]
87: [121]
88: [121]
89: [121]
90: [121]
91: [121, 135]
92: [135, 121, 136]
93: [136, 121]
94: [121]
95: [121]
96: [121]
97: [116, 117, 118, 119, 120, 121, 103]
98: [103, 122, 121, 120, 119, 118, 117, 116]
99: [122]
100: [122]
101: [122]
102: [122]
103: [122]
104: [122]
105: [122, 135]
106: [135, 122, 136]
107: [136, 122]
108: [122]
109: [122]
110: [122]
111: [116, 117, 118, 119, 120, 121, 122, 103]
112: [103, 123, 122, 121, 120, 119, 118, 117, 116]
113: [123]
114: [123]
115: [123]
116: [123]
117: [123]
118: [123]
119: [123, 135]
120: [135, 123, 136]
121: [136, 123]
122: [123]
123: [123]
124: [123]
125: [116, 117, 118, 119, 120, 121, 122, 123, 103]
126: [103, 124, 123, 122, 121, 120, 119, 118, 117, 116]
127: [124]
128: [124]
129: [124]
130: [124]
131: [124]
132: [124]
133: [124, 135]
134: [135, 124, 136]
135: [136, 124]
136: [124]
137: [124]
138: [124]
139: [116, 117, 118, 119, 120, 121, 122, 123, 124, 103]
140: [103, 125, 124, 123, 122, 121, 120, 119, 118, 117, 116]
141: [125]
142: [125]
143: [125]
144: [125]
145: [125]
146: [125]
147: [125, 135]
148: [135, 125, 136]
149: [136, 125]
150: [125]
151: [125]
152: [125]
153: [116, 117, 118, 119, 120, 121, 122, 123, 124, 125, 103]
154: [103, 126, 125, 124, 123, 122, 121, 120, 119, 118, 117, 116]
155: [126]
156: [126]
157: [126]
158: [126]
159: [126]
160: [126]
161: [126, 135]
162: [135, 126, 136]
163: [136, 126]
164: [126]
165: [126]
166: [126]
167: [116, 117, 118, 119, 120, 121, 122, 123, 124, 125, 126, 103]
168: [103, 127, 126, 125, 124, 123, 122, 121, 120, 119, 118, 117, 116]
169: [127]
170: [127]
171: [127]
172: [127]
173: [127]
174: [127]
175: [127, 135]
176: [135, 127, 136]
177: [136, 127]
178: [127]
179: [127]
180: [127]
181: [116, 117, 118, 119, 120, 121, 122, 123, 124, 125, 126, 127, 103]
182: [103, 127, 126, 125, 124, 123, 122, 121, 120, 119, 118, 117, 116]
183: [103, 127, 126, 125, 124, 123, 122, 121, 120, 119, 118, 117, 116]
184: [103, 127, 126, 125, 124, 123, 122, 121, 120, 119, 118, 117, 116]
185: [103, 127, 126, 125, 124, 123, 122, 121, 120, 119, 118, 117, 116]
186: [103, 127, 126, 125, 124, 123, 122, 121, 120, 119, 118, 117, 116]
187: [103, 127, 126, 125, 124, 123, 122, 121, 120, 119, 118, 117, 116]
188: [103, 127, 126, 125, 124, 123, 122, 121, 120, 119, 118, 117, 116]
189: [103, 135, 127, 126, 125, 124, 123, 122, 121, 120, 119, 118, 117, 116]
190: []
191: [136, 116, 117, 118, 119, 120, 121, 122, 123, 124, 125, 126, 127, 103]
192: [116, 117, 118, 119, 120, 121, 122, 123, 124, 125, 126, 127, 103]
193: [116, 117, 118, 119, 120, 121, 122, 123, 124, 125, 126, 127, 103]
194: [116, 117, 118, 119, 120, 121, 122, 123, 124, 125, 126, 127, 103]
195: [116, 117, 118, 119, 120, 121, 122, 123, 124, 125, 126, 127, 103]
191
0: [103]
1: [103]
2: [103]
3: [103]
4: [103]
5: [103]
6: [103]
7: [103]
8: [136, 103]
9: [136, 137, 103]
10: [137, 103]
11: [103]
12: [103]
13: [103]
14: [103, 116]
15: [116]
16: [116]
17: [116]
18: [116]
19: [116]
20: [116]
21: [116]
22: [136, 116]
23: [136, 137, 116]
24: [137, 116]
25: [116]
26: [116]
27: [116, 103]
28: [103, 117, 116]
29: [117]
30: [117]
31: [117]
32: [117]
33: [117]
34: [117]
35: [117]
36: [136, 117]
37: [136, 137, 117]
38: [137, 117]
39: [117]
40: [117]
41: [116, 117, 103]
42: [103, 118, 117, 116]
43: [118]
44: [118]
45: [118]
46: [118]
47: [118]
48: [118]
49: [118]
50: [136, 118]
51: [136, 137, 118]
52: [137, 118]
53: [118]
54: [118]
55: [116, 117, 118, 103]
56: [103, 119, 118, 117, 116]
57: [119]
58: [119]
59: [119]
60: [119]
61: [119]
62: [119]
63: [119]
64: [136, 119]
65: [136, 119, 137]
66: [137, 119]
67: [119]
68: [119]
69: [116, 117, 118, 119, 103]
70: [103, 120, 119, 118, 117, 116]
71: [120]
72: [120]
73: [120]
74: [120]
75: [120]
76: [120]
77: [120]
78: [120, 136]
79: [136, 120, 137]
80: [137, 120]
81: [120]
82: [120]
83: [116, 117, 118, 119, 120, 103]
84: [103, 121, 120, 119, 118, 117, 116]
85: [121]
86: [121]
87: [121]
88: [121]
89: [121]
90: [121]
91: [121]
92: [121, 136]
93: [136, 121, 137]
94: [137, 121]
95: [121]
96: [121]
97: [116, 117, 118, 119, 120, 121, 103]
98: [103, 122, 121, 120, 119, 118, 117, 116]
99: [122]
100: [122]
101: [122]
102: [122]
103: [122]
104: [122]
105: [122]
106: [122, 136]
107: [136, 122, 137]
108: [137, 122]
109: [122]
110: [122]
111: [116, 117, 118, 119, 120, 121, 122, 103]
112: [103, 123, 122, 121, 120, 119, 118, 117, 116]
113: [123]
114: [123]
115: [123]
116: [123]
117: [123]
118: [123]
119: [123]
120: [123, 136]
121: [136, 123, 137]
122: [137, 123]
123: [123]
124: [123]
125: [116, 117, 118, 119, 120, 121, 122, 123, 103]
126: [103, 124, 123, 122, 121, 120, 119, 118, 117, 116]
127: [124]
128: [124]
129: [124]
130: [124]
131: [124]
132: [124]
133: [124]
134: [124, 136]
135: [136, 124, 137]
136: [137, 124]
137: [124]
138: [124]
139: [116, 117, 118, 119, 120, 121, 122, 123, 124, 103]
140: [103, 125, 124, 123, 122, 121, 120, 119, 118, 117, 116]
141: [125]
142: [125]
143: [125]
144: [125]
145: [125]
146: [125]
147: [125]
148: [125, 136]
149: [136, 125, 137]
150: [137, 125]
151: [125]
152: [125]
153: [116, 117, 118, 119, 120, 121, 122, 123, 124, 125, 103]
154: [103, 126, 125, 124, 123, 122, 121, 120, 119, 118, 117, 116]
155: [126]
156: [126]
157: [126]
158: [126]
159: [126]
160: [126]
161: [126]
162: [126, 136]
163: [136, 126, 137]
164: [137, 126]
165: [126]
166: [126]
167: [116, 117, 118, 119, 120, 121, 122, 123, 124, 125, 126, 103]
168: [103, 127, 126, 125, 124, 123, 122, 121, 120, 119, 118, 117, 116]
169: [127]
170: [127]
171: [127]
172: [127]
173: [127]
174: [127]
175: [127]
176: [127, 136]
177: [136, 127, 137]
178: [137, 127]
179: [127]
180: [127]
181: [116, 117, 118, 119, 120, 121, 122, 123, 124, 125, 126, 127, 103]
182: [103, 127, 126, 125, 124, 123, 122, 121, 120, 119, 118, 117, 116]
183: [103, 127, 126, 125, 124, 123, 122, 121, 120, 119, 118, 117, 116]
184: [103, 127, 126, 125, 124, 123, 122, 121, 120, 119, 118, 117, 116]
185: [103, 127, 126, 125, 124, 123, 122, 121, 120, 119, 118, 117, 116]
186: [103, 127, 126, 125, 124, 123, 122, 121, 120, 119, 118, 117, 116]
187: [103, 127, 126, 125, 124, 123, 122, 121, 120, 119, 118, 117, 116]
188: [103, 127, 126, 125, 124, 123, 122, 121, 120, 119, 118, 117, 116]
189: [103, 127, 126, 125, 124, 123, 122, 121, 120, 119, 118, 117, 116]
190: [103, 136, 127, 126, 125, 124, 123, 122, 121, 120, 119, 118, 117, 116]
191: []
192: [137, 116, 117, 118, 119, 120, 121, 122, 123, 124, 125, 126, 127, 103]
193: [116, 117, 118, 119, 120, 121, 122, 123, 124, 125, 126, 127, 103]
194: [116, 117, 118, 119, 120, 121, 122, 123, 124, 125, 126, 127, 103]
195: [116, 117, 118, 119, 120, 121, 122, 123, 124, 125, 126, 127, 103]
192
0: [103]
1: [103]
2: [103]
3: [103]
4: [103]
5: [103]
6: [103]
7: [103]
8: [103]
9: [137, 103]
10: [137, 138, 103]
11: [138, 103]
12: [103]
13: [103]
14: [103, 116]
15: [116]
16: [116]
17: [116]
18: [116]
19: [116]
20: [116]
21: [116]
22: [116]
23: [137, 116]
24: [137, 138, 116]
25: [138, 116]
26: [116]
27: [116, 103]
28: [103, 117, 116]
29: [117]
30: [117]
31: [117]
32: [117]
33: [117]
34: [117]
35: [117]
36: [117]
37: [137, 117]
38: [137, 138, 117]
39: [138, 117]
40: [117]
41: [116, 117, 103]
42: [103, 118, 117, 116]
43: [118]
44: [118]
45: [118]
46: [118]
47: [118]
48: [118]
49: [118]
50: [118]
51: [137, 118]
52: [137, 118, 138]
53: [138, 118]
54: [118]
55: [116, 117, 118, 103]
56: [103, 119, 118, 117, 116]
57: [119]
58: [119]
59: [119]
60: [119]
61: [119]
62: [119]
63: [119]
64: [119]
65: [119, 137]
66: [137, 119, 138]
67: [138, 119]
68: [119]
69: [116, 117, 118, 119, 103]
70: [103, 120, 119, 118, 117, 116]
71: [120]
72: [120]
73: [120]
74: [120]
75: [120]
76: [120]
77: [120]
78: [120]
79: [120, 137]
80: [137, 120, 138]
81: [138, 120]
82: [120]
83: [116, 117, 118, 119, 120, 103]
84: [103, 121, 120, 119, 118, 117, 116]
85: [121]
86: [121]
87: [121]
88: [121]
89: [121]
90: [121]
91: [121]
92: [121]
93: [121, 137]
94: [137, 121, 138]
95: [138, 121]
96: [121]
97: [116, 117, 118, 119, 120, 121, 103]
98: [103, 122, 121, 120, 119, 118, 117, 116]
99: [122]
100: [122]
101: [122]
102: [122]
103: [122]
104: [122]
105: [122]
106: [122]
107: [122, 137]
108: [137, 122, 138]
109: [138, 122]
110: [122]
111: [116, 117, 118, 119, 120, 121, 122, 103]
112: [103, 123, 122, 121, 120, 119, 118, 117, 116]
113: [123]
114: [123]
115: [123]
116: [123]
117: [123]
118: [123]
119: [123]
120: [123]
121: [123, 137]
122: [137, 123, 138]
123: [138, 123]
124: [123]
125: [116, 117, 118, 119, 120, 121, 122, 123, 103]
126: [103, 124, 123, 122, 121, 120, 119, 118, 117, 116]
127: [124]
128: [124]
129: [124]
130: [124]
131: [124]
132: [124]
133: [124]
134: [124]
135: [124, 137]
136: [137, 124, 138]
137: [138, 124]
138: [124]
139: [116, 117, 118, 119, 120, 121, 122, 123, 124, 103]
140: [103, 125, 124, 123, 122, 121, 120, 119, 118, 117, 116]
141: [125]
142: [125]
143: [125]
144: [125]
145: [125]
146: [125]
147: [125]
148: [125]
149: [125, 137]
150: [137, 125, 138]
151: [138, 125]
152: [125]
153: [116, 117, 118, 119, 120, 121, 122, 123, 124, 125, 103]
154: [103, 126, 125, 124, 123, 122, 121, 120, 119, 118, 117, 116]
155: [126]
156: [126]
157: [126]
158: [126]
159: [126]
160: [126]
161: [126]
162: [126]
163: [126, 137]
164: [137, 126, 138]
165: [138, 126]
166: [126]
167: [116, 117, 118, 119, 120, 121, 122, 123, 124, 125, 126, 103]
168: [103, 127, 126, 125, 124, 123, 122, 121, 120, 119, 118, 117, 116]
169: [127]
170: [127]
171: [127]
172: [127]
173: [127]
174: [127]
175: [127]
176: [127]
177: [127, 137]
178: [137, 127, 138]
179: [138, 127]
180: [127]
181: [116, 117, 118, 119, 120, 121, 122, 123, 124, 125, 126, 127, 103]
182: [103, 127, 126, 125, 124, 123, 122, 121, 120, 119, 118, 117, 116]
183: [103, 127, 126, 125, 124, 123, 122, 121, 120, 119, 118, 117, 116]
184: [103, 127, 126, 125, 124, 123, 122, 121, 120, 119, 118, 117, 116]
185: [103, 127, 126, 125, 124, 123, 122, 121, 120, 119, 118, 117, 116]
186: [103, 127, 126, 125, 124, 123, 122, 121, 120, 119, 118, 117, 116]
187: [103, 127, 126, 125, 124, 123, 122, 121, 120, 119, 118, 117, 116]
188: [103, 127, 126, 125, 124, 123, 122, 121, 120, 119, 118, 117, 116]
189: [103, 127, 126, 125, 124, 123, 122, 121, 120, 119, 118, 117, 116]
190: [103, 127, 126, 125, 124, 123, 122, 121, 120, 119, 118, 117, 116]
191: [103, 137, 127, 126, 125, 124, 123, 122, 121, 120, 119, 118, 117, 116]
192: []
193: [138, 116, 117, 118, 119, 120, 121, 122, 123, 124, 125, 126, 127, 103]
194: [116, 117, 118, 119, 120, 121, 122, 123, 124, 125, 126, 127, 103]
195: [116, 117, 118, 119, 120, 121, 122, 123, 124, 125, 126, 127, 103]
193
0: [103]
1: [103]
2: [103]
3: [103]
4: [103]
5: [103]
6: [103]
7: [103]
8: [103]
9: [103]
10: [138, 103]
11: [138, 139, 103]
12: [139, 103]
13: [103]
14: [103, 116]
15: [116]
16: [116]
17: [116]
18: [116]
19: [116]
20: [116]
21: [116]
22: [116]
23: [116]
24: [138, 116]
25: [138, 139, 116]
26: [139, 116]
27: [116, 103]
28: [103, 117, 116]
29: [117]
30: [117]
31: [117]
32: [117]
33: [117]
34: [117]
35: [117]
36: [117]
37: [117]
38: [138, 117]
39: [138, 117, 139]
40: [139, 117]
41: [116, 117, 103]
42: [103, 118, 117, 116]
43: [118]
44: [118]
45: [118]
46: [118]
47: [118]
48: [118]
49: [118]
50: [118]
51: [118]
52: [118, 138]
53: [138, 118, 139]
54: [139, 118]
55: [116, 117, 118, 103]
56: [103, 119, 118, 117, 116]
57: [119]
58: [119]
59: [119]
60: [119]
61: [119]
62: [119]
63: [119]
64: [119]
65: [119]
66: [119, 138]
67: [138, 119, 139]
68: [139, 119]
69: [116, 117, 118, 119, 103]
70: [103, 120, 119, 118, 117, 116]
71: [120]
72: [120]
73: [120]
74: [120]
75: [120]
76: [120]
77: [120]
78: [120]
79: [120]
80: [120, 138]
81: [138, 120, 139]
82: [139, 120]
83: [116, 117, 118, 119, 120, 103]
84: [103, 121, 120, 119, 118, 117, 116]
85: [121]
86: [121]
87: [121]
88: [121]
89: [121]
90: [121]
91: [121]
92: [121]
93: [121]
94: [121, 138]
95: [138, 121, 139]
96: [139, 121]
97: [116, 117, 118, 119, 120, 121, 103]
98: [103, 122, 121, 120, 119, 118, 117, 116]
99: [122]
100: [122]
101: [122]
102: [122]
103: [122]
104: [122]
105: [122]
106: [122]
107: [122]
108: [122, 138]
109: [138, 122, 139]
110: [139, 122]
111: [116, 117, 118, 119, 120, 121, 122, 103]
112: [103, 123, 122, 121, 120, 119, 118, 117, 116]
113: [123]
114: [123]
115: [123]
116: [123]
117: [123]
118: [123]
119: [123]
120: [123]
121: [123]
122: [123, 138]
123: [138, 123, 139]
124: [139, 123]
125: [116, 117, 118, 119, 120, 121, 122, 123, 103]
126: [103, 124, 123, 122, 121, 120, 119, 118, 117, 116]
127: [124]
128: [124]
129: [124]
130: [124]
131: [124]
132: [124]
133: [124]
134: [124]
135: [124]
136: [124, 138]
137: [138, 124, 139]
138: [139, 124]
139: [116, 117, 118, 119, 120, 121, 122, 123, 124, 103]
140: [103, 125, 124, 123, 122, 121, 120, 119, 118, 117, 116]
141: [125]
142: [125]
143: [125]
144: [125]
145: [125]
146: [125]
147: [125]
148: [125]
149: [125]
150: [125, 138]
151: [138, 125, 139]
152: [139, 125]
153: [116, 117, 118, 119, 120, 121, 122, 123, 124, 125, 103]
154: [103, 126, 125, 124, 123, 122, 121, 120, 119, 118, 117, 116]
155: [126]
156: [126]
157: [126]
158: [126]
159: [126]
160: [126]
161: [126]
162: [126]
163: [126]
164: [126, 138]
165: [138, 126, 139]
166: [139, 126]
167: [116, 117, 118, 119, 120, 121, 122, 123, 124, 125, 126, 103]
168: [103, 127, 126, 125, 124, 123, 122, 121, 120, 119, 118, 117, 116]
169: [127]
170: [127]
171: [127]
172: [127]
173: [127]
174: [127]
175: [127]
176: [127]
177: [127]
178: [127, 138]
179: [138, 127, 139]
180: [139, 127]
181: [116, 117, 118, 119, 120, 121, 122, 123, 124, 125, 126, 127, 103]
182: [103, 127, 126, 125, 124, 123, 122, 121, 120, 119, 118, 117, 116]
183: [103, 127, 126, 125, 124, 123, 122, 121, 120, 119, 118, 117, 116]
184: [103, 127, 126, 125, 124, 123, 122, 121, 120, 119, 118, 117, 116]
185: [103, 127, 126, 125, 124, 123, 122, 121, 120, 119, 118, 117, 116]
186: [103, 127, 126, 125, 124, 123, 122, 121, 120, 119, 118, 117, 116]
187: [103, 127, 126, 125, 124, 123, 122, 121, 120, 119, 118, 117, 116]
188: [103, 127, 126, 125, 124, 123, 122, 121, 120, 119, 118, 117, 116]
189: [103, 127, 126, 125, 124, 123, 122, 121, 120, 119, 118, 117, 116]
190: [103, 127, 126, 125, 124, 123, 122, 121, 120, 119, 118, 117, 116]
191: [103, 127, 126, 125, 124, 123, 122, 121, 120, 119, 118, 117, 116]
192: [103, 138, 127, 126, 125, 124, 123, 122, 121, 120, 119, 118, 117, 116]
193: []
194: [139, 116, 117, 118, 119, 120, 121, 122, 123, 124, 125, 126, 127, 103]
195: [116, 117, 118, 119, 120, 121, 122, 123, 124, 125, 126, 127, 103]
194
0: [103]
1: [103]
2: [103]
3: [103]
4: [103]
5: [103]
6: [103]
7: [103]
8: [103]
9: [103]
10: [103]
11: [139, 103]
12: [139, 140, 103]
13: [140, 103]
14: [103, 116]
15: [116]
16: [116]
17: [116]
18: [116]
19: [116]
20: [116]
21: [116]
22: [116]
23: [116]
24: [116]
25: [139, 116]
26: [139, 116, 140]
27: [140, 116, 103]
28: [103, 117, 116]
29: [117]
30: [117]
31: [117]
32: [117]
33: [117]
34: [117]
35: [117]
36: [117]
37: [117]
38: [117]
39: [117, 139]
40: [139, 117, 140]
41: [140, 116, 117, 103]
42: [103, 118, 117, 116]
43: [118]
44: [118]
45: [118]
46: [118]
47: [118]
48: [118]
49: [118]
50: [118]
51: [118]
52: [118]
53: [118, 139]
54: [139, 118, 140]
55: [140, 116, 117, 118, 103]
56: [103, 119, 118, 117, 116]
57: [119]
58: [119]
59: [119]
60: [119]
61: [119]
62: [119]
63: [119]
64: [119]
65: [119]
66: [119]
67: [119, 139]
68: [139, 119, 140]
69: [140, 116, 117, 118, 119, 103]
70: [103, 120, 119, 118, 117, 116]
71: [120]
72: [120]
73: [120]
74: [120]
75: [120]
76: [120]
77: [120]
78: [120]
79: [120]
80: [120]
81: [120, 139]
82: [139, 120, 140]
83: [140, 116, 117, 118, 119, 120, 103]
84: [103, 121, 120, 119, 118, 117, 116]
85: [121]
86: [121]
87: [121]
88: [121]
89: [121]
90: [121]
91: [121]
92: [121]
93: [121]
94: [121]
95: [121, 139]
96: [139, 121, 140]
97: [140, 116, 117, 118, 119, 120, 121, 103]
98: [103, 122, 121, 120, 119, 118, 117, 116]
99: [122]
100: [122]
101: [122]
102: [122]
103: [122]
104: [122]
105: [122]
106: [122]
107: [122]
108: [122]
109: [122, 139]
110: [139, 122, 140]
111: [140, 116, 117, 118, 119, 120, 121, 122, 103]
112: [103, 123, 122, 121, 120, 119, 118, 117, 116]
113: [123]
114: [123]
115: [123]
116: [123]
117: [123]
118: [123]
119: [123]
120: [123]
121: [123]
122: [123]
123: [123, 139]
124: [139, 123, 140]
125: [140, 116, 117, 118, 119, 120, 121, 122, 123, 103]
126: [103, 124, 123, 122, 121, 120, 119, 118, 117, 116]
127: [124]
128: [124]
129: [124]
130: [124]
131: [124]
132: [124]
133: [124]
134: [124]
135: [124]
136: [124]
137: [124, 139]
138: [139, 124, 140]
139: [140, 116, 117, 118, 119, 120, 121, 122, 123, 124, 103]
140: [103, 125, 124, 123, 122, 121, 120, 119, 118, 117, 116]
141: [125]
142: [125]
143: [125]
144: [125]
145: [125]
146: [125]
147: [125]
148: [125]
149: [125]
150: [125]
151: [125, 139]
152: [139, 125, 140]
153: [140, 116, 117, 118, 119, 120, 121, 122, 123, 124, 125, 103]
154: [103, 126, 125, 124, 123, 122, 121, 120, 119, 118, 117, 116]
155: [126]
156: [126]
157: [126]
158: [126]
159: [126]
160: [126]
161: [126]
162: [126]
163: [126]
164: [126]
165: [126, 139]
166: [139, 126, 140]
167: [140, 116, 117, 118, 119, 120, 121, 122, 123, 124, 125, 126, 103]
168: [103, 127, 126, 125, 124, 123, 122, 121, 120, 119, 118, 117, 116]
169: [127]
170: [127]
171: [127]
172: [127]
173: [127]
174: [127]
175: [127]
176: [127]
177: [127]
178: [127]
179: [127, 139]
180: [139, 127, 140]
181: [140, 116, 117, 118, 119, 120, 121, 122, 123, 124, 125, 126, 127, 103]
182: [103, 127, 126, 125, 124, 123, 122, 121, 120, 119, 118, 117, 116]
183: [103, 127, 126, 125, 124, 123, 122, 121, 120, 119, 118, 117, 116]
184: [103, 127, 126, 125, 124, 123, 122, 121, 120, 119, 118, 117, 116]
185: [103, 127, 126, 125, 124, 123, 122, 121, 120, 119, 118, 117, 116]
186: [103, 127, 126, 125, 124, 123, 122, 121, 120, 119, 118, 117, 116]
187: [103, 127, 126, 125, 124, 123, 122, 121, 120, 119, 118, 117, 116]
188: [103, 127, 126, 125, 124, 123, 122, 121, 120, 119, 118, 117, 116]
189: [103, 127, 126, 125, 124, 123, 122, 121, 120, 119, 118, 117, 116]
190: [103, 127, 126, 125, 124, 123, 122, 121, 120, 119, 118, 117, 116]
191: [103, 127, 126, 125, 124, 123, 122, 121, 120, 119, 118, 117, 116]
192: [103, 127, 126, 125, 124, 123, 122, 121, 120, 119, 118, 117, 116]
193: [103, 139, 127, 126, 125, 124, 123, 122, 121, 120, 119, 118, 117, 116]
194: []
195: [140, 116, 117, 118, 119, 120, 121, 122, 123, 124, 125, 126, 127, 103]
195
0: [103]
1: [103]
2: [103]
3: [103]
4: [103]
5: [103]
6: [103]
7: [103]
8: [103]
9: [103]
10: [103]
11: [103]
12: [140, 103]
13: [140, 103]
14: [116, 103]
15: [116]
16: [116]
17: [116]
18: [116]
19: [116]
20: [116]
21: [116]
22: [116]
23: [116]
24: [116]
25: [116]
26: [116, 140]
27: [140, 116, 103]
28: [117, 103, 116]
29: [117]
30: [117]
31: [117]
32: [117]
33: [117]
34: [117]
35: [117]
36: [117]
37: [117]
38: [117]
39: [117]
40: [117, 140]
41: [140, 116, 117, 103]
42: [118, 103, 117, 116]
43: [118]
44: [118]
45: [118]
46: [118]
47: [118]
48: [118]
49: [118]
50: [118]
51: [118]
52: [118]
53: [118]
54: [118, 140]
55: [140, 116, 117, 118, 103]
56: [119, 103, 118, 117, 116]
57: [119]
58: [119]
59: [119]
60: [119]
61: [119]
62: [119]
63: [119]
64: [119]
65: [119]
66: [119]
67: [119]
68: [119, 140]
69: [140, 116, 117, 118, 119, 103]
70: [120, 103, 119, 118, 117, 116]
71: [120]
72: [120]
73: [120]
74: [120]
75: [120]
76: [120]
77: [120]
78: [120]
79: [120]
80: [120]
81: [120]
82: [120, 140]
83: [140, 116, 117, 118, 119, 120, 103]
84: [121, 103, 120, 119, 118, 117, 116]
85: [121]
86: [121]
87: [121]
88: [121]
89: [121]
90: [121]
91: [121]
92: [121]
93: [121]
94: [121]
95: [121]
96: [121, 140]
97: [140, 116, 117, 118, 119, 120, 121, 103]
98: [122, 103, 121, 120, 119, 118, 117, 116]
99: [122]
100: [122]
101: [122]
102: [122]
103: [122]
104: [122]
105: [122]
106: [122]
107: [122]
108: [122]
109: [122]
110: [122, 140]
111: [140, 116, 117, 118, 119, 120, 121, 122, 103]
112: [123, 103, 122, 121, 120, 119, 118, 117, 116]
113: [123]
114: [123]
115: [123]
116: [123]
117: [123]
118: [123]
119: [123]
120: [123]
121: [123]
122: [123]
123: [123]
124: [123, 140]
125: [140, 116, 117, 118, 119, 120, 121, 122, 123, 103]
126: [124, 103, 123, 122, 121, 120, 119, 118, 117, 116]
127: [124]
128: [124]
129: [124]
130: [124]
131: [124]
132: [124]
133: [124]
134: [124]
135: [124]
136: [124]
137: [124]
138: [124, 140]
139: [140, 116, 117, 118, 119, 120, 121, 122, 123, 124, 103]
140: [125, 103, 124, 123, 122, 121, 120, 119, 118, 117, 116]
141: [125]
142: [125]
143: [125]
144: [125]
145: [125]
146: [125]
147: [125]
148: [125]
149: [125]
150: [125]
151: [125]
152: [125, 140]
153: [140, 116, 117, 118, 119, 120, 121, 122, 123, 124, 125, 103]
154: [126, 103, 125, 124, 123, 122, 121, 120, 119, 118, 117, 116]
155: [126]
156: [126]
157: [126]
158: [126]
159: [126]
160: [126]
161: [126]
162: [126]
163: [126]
164: [126]
165: [126]
166: [126, 140]
167: [140, 116, 117, 118, 119, 120, 121, 122, 123, 124, 125, 126, 103]
168: [127, 103, 126, 125, 124, 123, 122, 121, 120, 119, 118, 117, 116]
169: [127]
170: [127]
171: [127]
172: [127]
173: [127]
174: [127]
175: [127]
176: [127]
177: [127]
178: [127]
179: [127]
180: [127, 140]
181: [140, 116, 117, 118, 119, 120, 121, 122, 123, 124, 125, 126, 127, 103]
182: [103, 127, 126, 125, 124, 123, 122, 121, 120, 119, 118, 117, 116]
183: [103, 127, 126, 125, 124, 123, 122, 121, 120, 119, 118, 117, 116]
184: [103, 127, 126, 125, 124, 123, 122, 121, 120, 119, 118, 117, 116]
185: [103, 127, 126, 125, 124, 123, 122, 121, 120, 119, 118, 117, 116]
186: [103, 127, 126, 125, 124, 123, 122, 121, 120, 119, 118, 117, 116]
187: [103, 127, 126, 125, 124, 123, 122, 121, 120, 119, 118, 117, 116]
188: [103, 127, 126, 125, 124, 123, 122, 121, 120, 119, 118, 117, 116]
189: [103, 127, 126, 125, 124, 123, 122, 121, 120, 119, 118, 117, 116]
190: [103, 127, 126, 125, 124, 123, 122, 121, 120, 119, 118, 117, 116]
191: [103, 127, 126, 125, 124, 123, 122, 121, 120, 119, 118, 117, 116]
192: [103, 127, 126, 125, 124, 123, 122, 121, 120, 119, 118, 117, 116]
193: [103, 127, 126, 125, 124, 123, 122, 121, 120, 119, 118, 117, 116]
194: [103, 140, 127, 126, 125, 124, 123, 122, 121, 120, 119, 118, 117, 116]
195: []
