132
1: [25, 37, 49, 61, 73, 85, 97, 109, 121, 122, 123, 124, 125, 126, 127, 128, 129, 130, 118, 106, 94, 82, 70, 58, 46, 34, 22, 21, 20, 19, 18, 17, 16, 15, 14, 13]
2: [13, 14, 26, 25]
3: [13, 14, 15, 27, 39, 38, 37, 25]
4: [13, 14, 15, 16, 28, 40, 52, 51, 50, 49, 37, 25]
5: [13, 14, 15, 16, 17, 29, 41, 53, 65, 64, 63, 62, 61, 49, 37, 25]
6: [13, 14, 15, 16, 17, 18, 30, 42, 54, 66, 78, 77, 76, 75, 74, 73, 61, 49, 37, 25]
7: [13, 14, 15, 16, 17, 18, 19, 31, 43, 55, 67, 79, 91, 90, 89, 88, 87, 86, 85, 73, 61, 49, 37, 25]
8: [13, 14, 15, 16, 17, 18, 19, 20, 32, 44, 56, 68, 80, 92, 104, 103, 102, 101, 100, 99, 98, 97, 85, 73, 61, 49, 37, 25]
9: [13, 14, 15, 16, 17, 18, 19, 20, 21, 33, 45, 57, 69, 81, 93, 105, 117, 116, 115, 114, 113, 112, 111, 110, 109, 97, 85, 73, 61, 49, 37, 25]
10: [14, 15, 16, 17, 18, 19, 20, 21, 22, 34, 46, 58, 70, 82, 94, 106, 118, 117, 116, 115, 114, 113, 112, 111, 110, 98, 86, 74, 62, 50, 38, 26]
11: [15, 16, 17, 18, 19, 20, 21, 22, 34, 46, 58, 70, 82, 94, 106, 105, 104, 103, 102, 101, 100, 99, 87, 75, 63, 51, 39, 27]
12: [16, 17, 18, 19, 20, 21, 22, 34, 46, 58, 70, 82, 94, 93, 92, 91, 90, 89, 88, 76, 64, 52, 40, 28]
13: [17, 18, 19, 20, 21, 22, 34, 46, 58, 70, 82, 81, 80, 79, 78, 77, 65, 53, 41, 29]
14: [18, 19, 20, 21, 22, 34, 46, 58, 70, 69, 68, 67, 66, 54, 42, 30]
15: [19, 20, 21, 22, 34, 46, 58, 57, 56, 55, 43, 31]
16: [20, 21, 22, 34, 46, 45, 44, 32]
17: [21, 22, 34, 33]
18: [25, 26, 27, 28, 29, 30, 31, 32, 33, 45, 57, 69, 81, 93, 105, 117, 129, 128, 127, 126, 125, 124, 123, 122, 121, 109, 97, 85, 73, 61, 49, 37]
19: [37, 38, 39, 40, 41, 42, 43, 44, 56, 68, 80, 92, 104, 116, 128, 127, 126, 125, 124, 123, 122, 121, 109, 97, 85, 73, 61, 49]
20: [49, 50, 51, 52, 53, 54, 55, 67, 79, 91, 103, 115, 127, 126, 125, 124, 123, 122, 121, 109, 97, 85, 73, 61]
21: [61, 62, 63, 64, 65, 66, 78, 90, 102, 114, 126, 125, 124, 123, 122, 121, 109, 97, 85, 73]
22: [73, 74, 75, 76, 77, 89, 101, 113, 125, 124, 123, 122, 121, 109, 97, 85]
23: [85, 86, 87, 88, 100, 112, 124, 123, 122, 121, 109, 97]
24: [97, 98, 99, 111, 123, 122, 121, 109]
25: [109, 110, 122, 121]
26: [26, 27, 28, 29, 30, 31, 32, 33, 34, 46, 58, 70, 82, 94, 106, 118, 130, 129, 128, 127, 126, 125, 124, 123, 122, 110, 98, 86, 74, 62, 50, 38]
27: [39, 40, 41, 42, 43, 44, 45, 46, 58, 70, 82, 94, 106, 118, 130, 129, 128, 127, 126, 125, 124, 123, 111, 99, 87, 75, 63, 51]
28: [52, 53, 54, 55, 56, 57, 58, 70, 82, 94, 106, 118, 130, 129, 128, 127, 126, 125, 124, 112, 100, 88, 76, 64]
29: [65, 66, 67, 68, 69, 70, 82, 94, 106, 118, 130, 129, 128, 127, 126, 125, 113, 101, 89, 77]
30: [78, 79, 80, 81, 82, 94, 106, 118, 130, 129, 128, 127, 126, 114, 102, 90]
31: [91, 92, 93, 94, 106, 118, 130, 129, 128, 127, 115, 103]
32: [104, 105, 106, 118, 130, 129, 128, 116]
33: [117, 118, 130, 129]
34: [38, 50, 62, 74, 86, 98, 110, 111, 112, 113, 114, 115, 116, 117, 105, 93, 81, 69, 57, 45, 33, 32, 31, 30, 29, 28, 27, 26]
35: [26, 27, 39, 38]
36: [26, 27, 28, 40, 52, 51, 50, 38]
37: [26, 27, 28, 29, 41, 53, 65, 64, 63, 62, 50, 38]
38: [26, 27, 28, 29, 30, 42, 54, 66, 78, 77, 76, 75, 74, 62, 50, 38]
39: [26, 27, 28, 29, 30, 31, 43, 55, 67, 79, 91, 90, 89, 88, 87, 86, 74, 62, 50, 38]
40: [26, 27, 28, 29, 30, 31, 32, 44, 56, 68, 80, 92, 104, 103, 102, 101, 100, 99, 98, 86, 74, 62, 50, 38]
41: [27, 28, 29, 30, 31, 32, 33, 45, 57, 69, 81, 93, 105, 104, 103, 102, 101, 100, 99, 87, 75, 63, 51, 39]
42: [28, 29, 30, 31, 32, 33, 45, 57, 69, 81, 93, 92, 91, 90, 89, 88, 76, 64, 52, 40]
43: [29, 30, 31, 32, 33, 45, 57, 69, 81, 80, 79, 78, 77, 65, 53, 41]
44: [30, 31, 32, 33, 45, 57, 69, 68, 67, 66, 54, 42]
45: [31, 32, 33, 45, 57, 56, 55, 43]
46: [32, 33, 45, 44]
47: [38, 39, 40, 41, 42, 43, 44, 56, 68, 80, 92, 104, 116, 115, 114, 113, 112, 111, 110, 98, 86, 74, 62, 50]
48: [50, 51, 52, 53, 54, 55, 67, 79, 91, 103, 115, 114, 113, 112, 111, 110, 98, 86, 74, 62]
49: [62, 63, 64, 65, 66, 78, 90, 102, 114, 113, 112, 111, 110, 98, 86, 74]
50: [74, 75, 76, 77, 89, 101, 113, 112, 111, 110, 98, 86]
51: [86, 87, 88, 100, 112, 111, 110, 98]
52: [98, 99, 111, 110]
53: [39, 40, 41, 42, 43, 44, 45, 57, 69, 81, 93, 105, 117, 116, 115, 114, 113, 112, 111, 99, 87, 75, 63, 51]
54: [52, 53, 54, 55, 56, 57, 69, 81, 93, 105, 117, 116, 115, 114, 113, 112, 100, 88, 76, 64]
55: [65, 66, 67, 68, 69, 81, 93, 105, 117, 116, 115, 114, 113, 101, 89, 77]
56: [78, 79, 80, 81, 93, 105, 117, 116, 115, 114, 102, 90]
57: [91, 92, 93, 105, 117, 116, 115, 103]
58: [104, 105, 117, 116]
59: [51, 63, 75, 87, 99, 100, 101, 102, 103, 104, 92, 80, 68, 56, 44, 43, 42, 41, 40, 39]
60: [39, 40, 52, 51]
61: [39, 40, 41, 53, 65, 64, 63, 51]
62: [39, 40, 41, 42, 54, 66, 78, 77, 76, 75, 63, 51]
63: [39, 40, 41, 42, 43, 55, 67, 79, 91, 90, 89, 88, 87, 75, 63, 51]
64: [40, 41, 42, 43, 44, 56, 68, 80, 92, 91, 90, 89, 88, 76, 64, 52]
65: [41, 42, 43, 44, 56, 68, 80, 79, 78, 77, 65, 53]
66: [42, 43, 44, 56, 68, 67, 66, 54]
67: [43, 44, 56, 55]
68: [51, 52, 53, 54, 55, 67, 79, 91, 103, 102, 101, 100, 99, 87, 75, 63]
69: [63, 64, 65, 66, 78, 90, 102, 101, 100, 99, 87, 75]
70: [75, 76, 77, 89, 101, 100, 99, 87]
71: [87, 88, 100, 99]
72: [52, 53, 54, 55, 56, 68, 80, 92, 104, 103, 102, 101, 100, 88, 76, 64]
73: [65, 66, 67, 68, 80, 92, 104, 103, 102, 101, 89, 77]
74: [78, 79, 80, 92, 104, 103, 102, 90]
75: [91, 92, 104, 103]
76: [64, 76, 88, 89, 90, 91, 79, 67, 55, 54, 53, 52]
77: [52, 53, 65, 64]
78: [52, 53, 54, 66, 78, 77, 76, 64]
79: [53, 54, 55, 67, 79, 78, 77, 65]
80: [54, 55, 67, 66]
81: [64, 65, 66, 78, 90, 89, 88, 76]
82: [76, 77, 89, 88]
83: [65, 66, 67, 79, 91, 90, 89, 77]
84: [78, 79, 91, 90]
85: [77, 78, 66, 65]
86: [12, 24, 36, 48, 60, 72, 84, 96, 108, 120, 132, 133, 134, 135, 136, 137, 138, 139, 140, 141, 142, 143, 131, 119, 107, 95, 83, 71, 59, 47, 35, 23, 11, 10, 9, 8, 7, 6, 5, 4, 3, 2, 1, 0]
87: [0, 1, 13, 12]
88: [0, 1, 2, 14, 26, 25, 24, 12]
89: [0, 1, 2, 3, 15, 27, 39, 38, 37, 36, 24, 12]
90: [0, 1, 2, 3, 4, 16, 28, 40, 52, 51, 50, 49, 48, 36, 24, 12]
91: [0, 1, 2, 3, 4, 5, 17, 29, 41, 53, 65, 64, 63, 62, 61, 60, 48, 36, 24, 12]
92: [0, 1, 2, 3, 4, 5, 6, 18, 30, 42, 54, 66, 78, 77, 76, 75, 74, 73, 72, 60, 48, 36, 24, 12]
93: [0, 1, 2, 3, 4, 5, 6, 7, 19, 31, 43, 55, 67, 79, 91, 90, 89, 88, 87, 86, 85, 84, 72, 60, 48, 36, 24, 12]
94: [0, 1, 2, 3, 4, 5, 6, 7, 8, 20, 32, 44, 56, 68, 80, 92, 104, 103, 102, 101, 100, 99, 98, 97, 96, 84, 72, 60, 48, 36, 24, 12]
95: [0, 1, 2, 3, 4, 5, 6, 7, 8, 9, 21, 33, 45, 57, 69, 81, 93, 105, 117, 116, 115, 114, 113, 112, 111, 110, 109, 108, 96, 84, 72, 60, 48, 36, 24, 12]
96: [0, 1, 2, 3, 4, 5, 6, 7, 8, 9, 10, 22, 34, 46, 58, 70, 82, 94, 106, 118, 130, 129, 128, 127, 126, 125, 124, 123, 122, 121, 120, 108, 96, 84, 72, 60, 48, 36, 24, 12]
97: [1, 2, 3, 4, 5, 6, 7, 8, 9, 10, 11, 23, 35, 47, 59, 71, 83, 95, 107, 119, 131, 130, 129, 128, 127, 126, 125, 124, 123, 122, 121, 109, 97, 85, 73, 61, 49, 37, 25, 13]
98: [2, 3, 4, 5, 6, 7, 8, 9, 10, 11, 23, 35, 47, 59, 71, 83, 95, 107, 119, 118, 117, 116, 115, 114, 113, 112, 111, 110, 98, 86, 74, 62, 50, 38, 26, 14]
99: [3, 4, 5, 6, 7, 8, 9, 10, 11, 23, 35, 47, 59, 71, 83, 95, 107, 106, 105, 104, 103, 102, 101, 100, 99, 87, 75, 63, 51, 39, 27, 15]
100: [4, 5, 6, 7, 8, 9, 10, 11, 23, 35, 47, 59, 71, 83, 95, 94, 93, 92, 91, 90, 89, 88, 76, 64, 52, 40, 28, 16]
101: [5, 6, 7, 8, 9, 10, 11, 23, 35, 47, 59, 71, 83, 82, 81, 80, 79, 78, 77, 65, 53, 41, 29, 17]
102: [6, 7, 8, 9, 10, 11, 23, 35, 47, 59, 71, 70, 69, 68, 67, 66, 54, 42, 30, 18]
103: [7, 8, 9, 10, 11, 23, 35, 47, 59, 58, 57, 56, 55, 43, 31, 19]
104: [8, 9, 10, 11, 23, 35, 47, 46, 45, 44, 32, 20]
105: [9, 10, 11, 23, 35, 34, 33, 21]
106: [10, 11, 23, 22]
107: [12, 13, 14, 15, 16, 17, 18, 19, 20, 21, 22, 34, 46, 58, 70, 82, 94, 106, 118, 130, 142, 141, 140, 139, 138, 137, 136, 135, 134, 133, 132, 120, 108, 96, 84, 72, 60, 48, 36, 24]
108: [24, 25, 26, 27, 28, 29, 30, 31, 32, 33, 45, 57, 69, 81, 93, 105, 117, 129, 141, 140, 139, 138, 137, 136, 135, 134, 133, 132, 120, 108, 96, 84, 72, 60, 48, 36]
109: [36, 37, 38, 39, 40, 41, 42, 43, 44, 56, 68, 80, 92, 104, 116, 128, 140, 139, 138, 137, 136, 135, 134, 133, 132, 120, 108, 96, 84, 72, 60, 48]
110: [48, 49, 50, 51, 52, 53, 54, 55, 67, 79, 91, 103, 115, 127, 139, 138, 137, 136, 135, 134, 133, 132, 120, 108, 96, 84, 72, 60]
111: [60, 61, 62, 63, 64, 65, 66, 78, 90, 102, 114, 126, 138, 137, 136, 135, 134, 133, 132, 120, 108, 96, 84, 72]
112: [72, 73, 74, 75, 76, 77, 89, 101, 113, 125, 137, 136, 135, 134, 133, 132, 120, 108, 96, 84]
113: [84, 85, 86, 87, 88, 100, 112, 124, 136, 135, 134, 133, 132, 120, 108, 96]
114: [96, 97, 98, 99, 111, 123, 135, 134, 133, 132, 120, 108]
115: [108, 109, 110, 122, 134, 133, 132, 120]
116: [120, 121, 133, 132]
117: [13, 14, 15, 16, 17, 18, 19, 20, 21, 22, 23, 35, 47, 59, 71, 83, 95, 107, 119, 131, 143, 142, 141, 140, 139, 138, 137, 136, 135, 134, 133, 121, 109, 97, 85, 73, 61, 49, 37, 25]
118: [26, 27, 28, 29, 30, 31, 32, 33, 34, 35, 47, 59, 71, 83, 95, 107, 119, 131, 143, 142, 141, 140, 139, 138, 137, 136, 135, 134, 122, 110, 98, 86, 74, 62, 50, 38]
119: [39, 40, 41, 42, 43, 44, 45, 46, 47, 59, 71, 83, 95, 107, 119, 131, 143, 142, 141, 140, 139, 138, 137, 136, 135, 123, 111, 99, 87, 75, 63, 51]
120: [52, 53, 54, 55, 56, 57, 58, 59, 71, 83, 95, 107, 119, 131, 143, 142, 141, 140, 139, 138, 137, 136, 124, 112, 100, 88, 76, 64]
121: [65, 66, 67, 68, 69, 70, 71, 83, 95, 107, 119, 131, 143, 142, 141, 140, 139, 138, 137, 125, 113, 101, 89, 77]
122: [78, 79, 80, 81, 82, 83, 95, 107, 119, 131, 143, 142, 141, 140, 139, 138, 126, 114, 102, 90]
123: [91, 92, 93, 94, 95, 107, 119, 131, 143, 142, 141, 140, 139, 127, 115, 103]
124: [104, 105, 106, 107, 119, 131, 143, 142, 141, 140, 128, 116]
125: [117, 118, 119, 131, 143, 142, 141, 129]
126: [130, 131, 143, 142]
127: [13, 25, 37, 49, 61, 73, 85, 97, 109, 121, 133, 134, 135, 136, 137, 138, 139, 140, 141, 142, 130, 118, 106, 94, 82, 70, 58, 46, 34, 22, 10, 9, 8, 7, 6, 5, 4, 3, 2, 1]
128: [24, 36, 48, 60, 72, 84, 96, 108, 120, 121, 122, 123, 124, 125, 126, 127, 128, 129, 130, 131, 119, 107, 95, 83, 71, 59, 47, 35, 23, 22, 21, 20, 19, 18, 17, 16, 15, 14, 13, 12]
129: [39, 51, 63, 75, 87, 99, 111, 112, 113, 114, 115, 116, 104, 92, 80, 68, 56, 44, 32, 31, 30, 29, 28, 27]
130: [50, 62, 74, 86, 98, 99, 100, 101, 102, 103, 104, 105, 93, 81, 69, 57, 45, 44, 43, 42, 41, 40, 39, 38]
131: [65, 77, 89, 90, 78, 66, 54, 53]
132: [76, 77, 78, 79, 67, 66, 65, 64]
144
0
0: []
1: [96, 87, 88, 89, 90, 91, 92, 93, 94, 95, 86]
2: [96, 88, 89, 90, 91, 92, 93, 94, 95, 86]
3: [96, 89, 90, 91, 92, 93, 94, 95, 86]
4: [96, 90, 91, 92, 93, 94, 95, 86]
5: [96, 91, 92, 93, 94, 95, 86]
6: [96, 92, 93, 94, 95, 86]
7: [96, 93, 94, 95, 86]
8: [96, 94, 95, 86]
9: [96, 95, 86]
10: [96, 86]
11: [86]
12: [86, 87, 88, 89, 90, 91, 92, 93, 94, 95, 96]
13: [87]
14: [88]
15: [89]
16: [90]
17: [91]
18: [92]
19: [93]
20: [94]
21: [95]
22: [96]
23: [86]
24: [86, 88, 89, 90, 91, 92, 93, 94, 95, 96]
25: [88]
26: [88]
27: [89]
28: [90]
29: [91]
30: [92]
31: [93]
32: [94]
33: [95]
34: [96]
35: [86]
36: [86, 89, 90, 91, 92, 93, 94, 95, 96]
37: [89]
38: [89]
39: [89]
40: [90]
41: [91]
42: [92]
43: [93]
44: [94]
45: [95]
46: [96]
47: [86]
48: [86, 90, 91, 92, 93, 94, 95, 96]
49: [90]
50: [90]
51: [90]
52: [90]
53: [91]
54: [92]
55: [93]
56: [94]
57: [95]
58: [96]
59: [86]
60: [86, 91, 92, 93, 94, 95, 96]
61: [91]
62: [91]
63: [91]
64: [91]
65: [91]
66: [92]
67: [93]
68: [94]
69: [95]
70: [96]
71: [86]
72: [86, 92, 93, 94, 95, 96]
73: [92]
74: [92]
75: [92]
76: [92]
77: [92]
78: [92]
79: [93]
80: [94]
81: [95]
82: [96]
83: [86]
84: [86, 93, 94, 95, 96]
85: [93]
86: [93]
87: [93]
88: [93]
89: [93]
90: [93]
91: [93]
92: [94]
93: [95]
94: [96]
95: [86]
96: [86, 94, 95, 96]
97: [94]
98: [94]
99: [94]
100: [94]
101: [94]
102: [94]
103: [94]
104: [94]
105: [95]
106: [96]
107: [86]
108: [86, 95, 96]
109: [95]
110: [95]
111: [95]
112: [95]
113: [95]
114: [95]
115: [95]
116: [95]
117: [95]
118: [96]
119: [86]
120: [86, 96]
121: [96]
122: [96]
123: [96]
124: [96]
125: [96]
126: [96]
127: [96]
128: [96]
129: [96]
130: [96]
131: [86]
132: [86]
133: [86]
134: [86]
135: [86]
136: [86]
137: [86]
138: [86]
139: [86]
140: [86]
141: [86]
142: [86]
143: [86]
1
0: [86, 87, 88, 89, 90, 91, 92, 93, 94, 95, 96]
1: []
2: [96, 97, 88, 89, 90, 91, 92, 93, 94, 95, 127, 86]
3: [96, 97, 89, 90, 91, 92, 93, 94, 95, 127, 86]
4: [96, 97, 90, 91, 92, 93, 94, 95, 127, 86]
5: [96, 97, 91, 92, 93, 94, 95, 127, 86]
6: [96, 97, 92, 93, 94, 95, 127, 86]
7: [96, 97, 93, 94, 95, 127, 86]
8: [96, 97, 94, 95, 127, 86]
9: [96, 97, 95, 127, 86]
10: [96, 97, 127, 86]
11: [97, 86]
12: [86, 87, 88, 89, 90, 91, 92, 93, 94, 95, 96]
13: [127, 87, 97]
14: [88]
15: [89]
16: [90]
17: [91]
18: [92]
19: [93]
20: [94]
21: [95]
22: [96, 127]
23: [97, 86]
24: [86, 88, 89, 90, 91, 92, 93, 94, 95, 96]
25: [127, 88, 97]
26: [88]
27: [89]
28: [90]
29: [91]
30: [92]
31: [93]
32: [94]
33: [95]
34: [96, 127]
35: [97, 86]
36: [86, 89, 90, 91, 92, 93, 94, 95, 96]
37: [127, 89, 97]
38: [89]
39: [89]
40: [90]
41: [91]
42: [92]
43: [93]
44: [94]
45: [95]
46: [96, 127]
47: [97, 86]
48: [86, 90, 91, 92, 93, 94, 95, 96]
49: [127, 90, 97]
50: [90]
51: [90]
52: [90]
53: [91]
54: [92]
55: [93]
56: [94]
57: [95]
58: [96, 127]
59: [97, 86]
60: [86, 91, 92, 93, 94, 95, 96]
61: [127, 91, 97]
62: [91]
63: [91]
64: [91]
65: [91]
66: [92]
67: [93]
68: [94]
69: [95]
70: [96, 127]
71: [97, 86]
72: [86, 92, 93, 94, 95, 96]
73: [127, 92, 97]
74: [92]
75: [92]
76: [92]
77: [92]
78: [92]
79: [93]
80: [94]
81: [95]
82: [96, 127]
83: [97, 86]
84: [86, 93, 94, 95, 96]
85: [127, 93, 97]
86: [93]
87: [93]
88: [93]
89: [93]
90: [93]
91: [93]
92: [94]
93: [95]
94: [96, 127]
95: [97, 86]
96: [86, 94, 95, 96]
97: [127, 94, 97]
98: [94]
99: [94]
100: [94]
101: [94]
102: [94]
103: [94]
104: [94]
105: [95]
106: [96, 127]
107: [97, 86]
108: [86, 95, 96]
109: [127, 95, 97]
110: [95]
111: [95]
112: [95]
113: [95]
114: [95]
115: [95]
116: [95]
117: [95]
118: [96, 127]
119: [97, 86]
120: [86, 96]
121: [127, 96, 97]
122: [96, 97]
123: [96, 97]
124: [96, 97]
125: [96, 97]
126: [96, 97]
127: [96, 97]
128: [96, 97]
129: [96, 97]
130: [96, 97, 127]
131: [97, 86]
132: [86]
133: [127, 86]
134: [127, 86]
135: [127, 86]
136: [127, 86]
137: [127, 86]
138: [127, 86]
139: [127, 86]
140: [127, 86]
141: [127, 86]
142: [127, 86]
143: [86]
2
0: [86, 88, 89, 90, 91, 92, 93, 94, 95, 96]
1: [86, 127, 88, 89, 90, 91, 92, 93, 94, 95, 96, 97]
2: []
3: [96, 97, 98, 89, 90, 91, 92, 93, 94, 95, 127, 86]
4: [96, 97, 98, 90, 91, 92, 93, 94, 95, 127, 86]
5: [96, 97, 98, 91, 92, 93, 94, 95, 127, 86]
6: [96, 97, 98, 92, 93, 94, 95, 127, 86]
7: [96, 97, 98, 93, 94, 95, 127, 86]
8: [96, 97, 98, 94, 95, 127, 86]
9: [96, 97, 98, 95, 127, 86]
10: [96, 97, 98, 127, 86]
11: [97, 98, 86]
12: [86, 88, 89, 90, 91, 92, 93, 94, 95, 96]
13: [127, 97]
14: [88, 98]
15: [89]
16: [90]
17: [91]
18: [92]
19: [93]
20: [94]
21: [95]
22: [96, 127]
23: [97, 98, 86]
24: [88, 86, 89, 90, 91, 92, 93, 94, 95, 96]
25: [88, 127, 97]
26: [88, 98]
27: [89]
28: [90]
29: [91]
30: [92]
31: [93]
32: [94]
33: [95]
34: [96, 127]
35: [97, 98, 86]
36: [86, 89, 90, 91, 92, 93, 94, 95, 96]
37: [127, 89, 97]
38: [89, 98]
39: [89]
40: [90]
41: [91]
42: [92]
43: [93]
44: [94]
45: [95]
46: [96, 127]
47: [97, 98, 86]
48: [86, 90, 91, 92, 93, 94, 95, 96]
49: [127, 90, 97]
50: [90, 98]
51: [90]
52: [90]
53: [91]
54: [92]
55: [93]
56: [94]
57: [95]
58: [96, 127]
59: [97, 98, 86]
60: [86, 91, 92, 93, 94, 95, 96]
61: [127, 91, 97]
62: [91, 98]
63: [91]
64: [91]
65: [91]
66: [92]
67: [93]
68: [94]
69: [95]
70: [96, 127]
71: [97, 98, 86]
72: [86, 92, 93, 94, 95, 96]
73: [127, 92, 97]
74: [92, 98]
75: [92]
76: [92]
77: [92]
78: [92]
79: [93]
80: [94]
81: [95]
82: [96, 127]
83: [97, 98, 86]
84: [86, 93, 94, 95, 96]
85: [127, 93, 97]
86: [93, 98]
87: [93]
88: [93]
89: [93]
90: [93]
91: [93]
92: [94]
93: [95]
94: [96, 127]
95: [97, 98, 86]
96: [86, 94, 95, 96]
97: [127, 94, 97]
98: [94, 98]
99: [94]
100: [94]
101: [94]
102: [94]
103: [94]
104: [94]
105: [95]
106: [96, 127]
107: [97, 98, 86]
108: [86, 95, 96]
109: [127, 95, 97]
110: [95, 98]
111: [95, 98]
112: [95, 98]
113: [95, 98]
114: [95, 98]
115: [95, 98]
116: [95, 98]
117: [95, 98]
118: [96, 98, 127]
119: [97, 98, 86]
120: [86, 96]
121: [127, 96, 97]
122: [96, 97]
123: [96, 97]
124: [96, 97]
125: [96, 97]
126: [96, 97]
127: [96, 97]
128: [96, 97]
129: [96, 97]
130: [96, 97, 127]
131: [97, 86]
132: [86]
133: [127, 86]
134: [127, 86]
135: [127, 86]
136: [127, 86]
137: [127, 86]
138: [127, 86]
139: [127, 86]
140: [127, 86]
141: [127, 86]
142: [127, 86]
143: [86]
3
0: [86, 89, 90, 91, 92, 93, 94, 95, 96]
1: [86, 127, 89, 90, 91, 92, 93, 94, 95, 96, 97]
2: [86, 127, 89, 90, 91, 92, 93, 94, 98, 95, 96, 97]
3: []
4: [96, 97, 98, 99, 90, 91, 92, 93, 94, 95, 127, 86]
5: [96, 97, 98, 99, 91, 92, 93, 94, 95, 127, 86]
6: [96, 97, 98, 99, 92, 93, 94, 95, 127, 86]
7: [96, 97, 98, 99, 93, 94, 95, 127, 86]
8: [96, 97, 98, 99, 94, 95, 127, 86]
9: [96, 97, 98, 99, 95, 127, 86]
10: [96, 97, 98, 99, 127, 86]
11: [97, 98, 99, 86]
12: [86, 89, 90, 91, 92, 93, 94, 95, 96]
13: [127, 97]
14: [98]
15: [89, 99]
16: [90]
17: [91]
18: [92]
19: [93]
20: [94]
21: [95]
22: [96, 127]
23: [97, 98, 99, 86]
24: [86, 89, 90, 91, 92, 93, 94, 95, 96]
25: [127, 97]
26: [98]
27: [89, 99]
28: [90]
29: [91]
30: [92]
31: [93]
32: [94]
33: [95]
34: [96, 127]
35: [97, 98, 99, 86]
36: [89, 86, 90, 91, 92, 93, 94, 95, 96]
37: [89, 127, 97]
38: [89, 98]
39: [89, 99]
40: [90]
41: [91]
42: [92]
43: [93]
44: [94]
45: [95]
46: [96, 127]
47: [97, 98, 99, 86]
48: [86, 90, 91, 92, 93, 94, 95, 96]
49: [127, 90, 97]
50: [90, 98]
51: [90, 99]
52: [90]
53: [91]
54: [92]
55: [93]
56: [94]
57: [95]
58: [96, 127]
59: [97, 98, 99, 86]
60: [86, 91, 92, 93, 94, 95, 96]
61: [127, 91, 97]
62: [91, 98]
63: [91, 99]
64: [91]
65: [91]
66: [92]
67: [93]
68: [94]
69: [95]
70: [96, 127]
71: [97, 98, 99, 86]
72: [86, 92, 93, 94, 95, 96]
73: [127, 92, 97]
74: [92, 98]
75: [92, 99]
76: [92]
77: [92]
78: [92]
79: [93]
80: [94]
81: [95]
82: [96, 127]
83: [97, 98, 99, 86]
84: [86, 93, 94, 95, 96]
85: [127, 93, 97]
86: [93, 98]
87: [93, 99]
88: [93]
89: [93]
90: [93]
91: [93]
92: [94]
93: [95]
94: [96, 127]
95: [97, 98, 99, 86]
96: [86, 94, 95, 96]
97: [127, 94, 97]
98: [94, 98]
99: [94, 99]
100: [94, 99]
101: [94, 99]
102: [94, 99]
103: [94, 99]
104: [94, 99]
105: [95, 99]
106: [96, 99, 127]
107: [97, 98, 99, 86]
108: [86, 95, 96]
109: [127, 95, 97]
110: [95, 98]
111: [95, 98]
112: [95, 98]
113: [95, 98]
114: [95, 98]
115: [95, 98]
116: [95, 98]
117: [95, 98]
118: [96, 98, 127]
119: [97, 98, 86]
120: [86, 96]
121: [127, 96, 97]
122: [96, 97]
123: [96, 97]
124: [96, 97]
125: [96, 97]
126: [96, 97]
127: [96, 97]
128: [96, 97]
129: [96, 97]
130: [96, 97, 127]
131: [97, 86]
132: [86]
133: [127, 86]
134: [127, 86]
135: [127, 86]
136: [127, 86]
137: [127, 86]
138: [127, 86]
139: [127, 86]
140: [127, 86]
141: [127, 86]
142: [127, 86]
143: [86]
4
0: [86, 90, 91, 92, 93, 94, 95, 96]
1: [86, 127, 90, 91, 92, 93, 94, 95, 96, 97]
2: [86, 127, 90, 91, 92, 93, 94, 98, 95, 96, 97]
3: [86, 127, 90, 91, 92, 93, 99, 94, 98, 95, 96, 97]
4: []
5: [96, 97, 98, 99, 100, 91, 92, 93, 94, 95, 127, 86]
6: [96, 97, 98, 99, 100, 92, 93, 94, 95, 127, 86]
7: [96, 97, 98, 99, 100, 93, 94, 95, 127, 86]
8: [96, 97, 98, 99, 100, 94, 95, 127, 86]
9: [96, 97, 98, 99, 100, 95, 127, 86]
10: [96, 97, 98, 99, 100, 127, 86]
11: [97, 98, 99, 100, 86]
12: [86, 90, 91, 92, 93, 94, 95, 96]
13: [127, 97]
14: [98]
15: [99]
16: [90, 100]
17: [91]
18: [92]
19: [93]
20: [94]
21: [95]
22: [96, 127]
23: [97, 98, 99, 100, 86]
24: [86, 90, 91, 92, 93, 94, 95, 96]
25: [127, 97]
26: [98]
27: [99]
28: [90, 100]
29: [91]
30: [92]
31: [93]
32: [94]
33: [95]
34: [96, 127]
35: [97, 98, 99, 100, 86]
36: [86, 90, 91, 92, 93, 94, 95, 96]
37: [127, 97]
38: [98]
39: [99]
40: [90, 100]
41: [91]
42: [92]
43: [93]
44: [94]
45: [95]
46: [96, 127]
47: [97, 98, 99, 100, 86]
48: [90, 86, 91, 92, 93, 94, 95, 96]
49: [90, 127, 97]
50: [90, 98]
51: [90, 99]
52: [90, 100]
53: [91]
54: [92]
55: [93]
56: [94]
57: [95]
58: [96, 127]
59: [97, 98, 99, 100, 86]
60: [86, 91, 92, 93, 94, 95, 96]
61: [127, 91, 97]
62: [91, 98]
63: [91, 99]
64: [91, 100]
65: [91]
66: [92]
67: [93]
68: [94]
69: [95]
70: [96, 127]
71: [97, 98, 99, 100, 86]
72: [86, 92, 93, 94, 95, 96]
73: [127, 92, 97]
74: [92, 98]
75: [92, 99]
76: [92, 100]
77: [92]
78: [92]
79: [93]
80: [94]
81: [95]
82: [96, 127]
83: [97, 98, 99, 100, 86]
84: [86, 93, 94, 95, 96]
85: [127, 93, 97]
86: [93, 98]
87: [93, 99]
88: [93, 100]
89: [93, 100]
90: [93, 100]
91: [93, 100]
92: [94, 100]
93: [95, 100]
94: [96, 100, 127]
95: [97, 98, 99, 100, 86]
96: [86, 94, 95, 96]
97: [127, 94, 97]
98: [94, 98]
99: [94, 99]
100: [94, 99]
101: [94, 99]
102: [94, 99]
103: [94, 99]
104: [94, 99]
105: [95, 99]
106: [96, 99, 127]
107: [97, 98, 99, 86]
108: [86, 95, 96]
109: [127, 95, 97]
110: [95, 98]
111: [95, 98]
112: [95, 98]
113: [95, 98]
114: [95, 98]
115: [95, 98]
116: [95, 98]
117: [95, 98]
118: [96, 98, 127]
119: [97, 98, 86]
120: [86, 96]
121: [127, 96, 97]
122: [96, 97]
123: [96, 97]
124: [96, 97]
125: [96, 97]
126: [96, 97]
127: [96, 97]
128: [96, 97]
129: [96, 97]
130: [96, 97, 127]
131: [97, 86]
132: [86]
133: [127, 86]
134: [127, 86]
135: [127, 86]
136: [127, 86]
137: [127, 86]
138: [127, 86]
139: [127, 86]
140: [127, 86]
141: [127, 86]
142: [127, 86]
143: [86]
5
0: [86, 91, 92, 93, 94, 95, 96]
1: [86, 127, 91, 92, 93, 94, 95, 96, 97]
2: [86, 127, 91, 92, 93, 94, 98, 95, 96, 97]
3: [86, 127, 91, 92, 93, 99, 94, 98, 95, 96, 97]
4: [86, 127, 91, 92, 100, 93, 99, 94, 98, 95, 96, 97]
5: []
6: [96, 97, 98, 99, 100, 101, 92, 93, 94, 95, 127, 86]
7: [96, 97, 98, 99, 100, 101, 93, 94, 95, 127, 86]
8: [96, 97, 98, 99, 100, 101, 94, 95, 127, 86]
9: [96, 97, 98, 99, 100, 101, 95, 127, 86]
10: [96, 97, 98, 99, 100, 101, 127, 86]
11: [97, 98, 99, 100, 101, 86]
12: [86, 91, 92, 93, 94, 95, 96]
13: [127, 97]
14: [98]
15: [99]
16: [100]
17: [91, 101]
18: [92]
19: [93]
20: [94]
21: [95]
22: [96, 127]
23: [97, 98, 99, 100, 101, 86]
24: [86, 91, 92, 93, 94, 95, 96]
25: [127, 97]
26: [98]
27: [99]
28: [100]
29: [91, 101]
30: [92]
31: [93]
32: [94]
33: [95]
34: [96, 127]
35: [97, 98, 99, 100, 101, 86]
36: [86, 91, 92, 93, 94, 95, 96]
37: [127, 97]
38: [98]
39: [99]
40: [100]
41: [91, 101]
42: [92]
43: [93]
44: [94]
45: [95]
46: [96, 127]
47: [97, 98, 99, 100, 101, 86]
48: [86, 91, 92, 93, 94, 95, 96]
49: [127, 97]
50: [98]
51: [99]
52: [100]
53: [91, 101]
54: [92]
55: [93]
56: [94]
57: [95]
58: [96, 127]
59: [97, 98, 99, 100, 101, 86]
60: [91, 86, 92, 93, 94, 95, 96]
61: [91, 127, 97]
62: [91, 98]
63: [91, 99]
64: [91, 100]
65: [91, 101]
66: [92]
67: [93]
68: [94]
69: [95]
70: [96, 127]
71: [97, 98, 99, 100, 101, 86]
72: [86, 92, 93, 94, 95, 96]
73: [127, 92, 97]
74: [92, 98]
75: [92, 99]
76: [92, 100]
77: [92, 101]
78: [92, 101]
79: [93, 101]
80: [94, 101]
81: [95, 101]
82: [96, 101, 127]
83: [97, 98, 99, 100, 101, 86]
84: [86, 93, 94, 95, 96]
85: [127, 93, 97]
86: [93, 98]
87: [93, 99]
88: [93, 100]
89: [93, 100]
90: [93, 100]
91: [93, 100]
92: [94, 100]
93: [95, 100]
94: [96, 100, 127]
95: [97, 98, 99, 100, 86]
96: [86, 94, 95, 96]
97: [127, 94, 97]
98: [94, 98]
99: [94, 99]
100: [94, 99]
101: [94, 99]
102: [94, 99]
103: [94, 99]
104: [94, 99]
105: [95, 99]
106: [96, 99, 127]
107: [97, 98, 99, 86]
108: [86, 95, 96]
109: [127, 95, 97]
110: [95, 98]
111: [95, 98]
112: [95, 98]
113: [95, 98]
114: [95, 98]
115: [95, 98]
116: [95, 98]
117: [95, 98]
118: [96, 98, 127]
119: [97, 98, 86]
120: [86, 96]
121: [127, 96, 97]
122: [96, 97]
123: [96, 97]
124: [96, 97]
125: [96, 97]
126: [96, 97]
127: [96, 97]
128: [96, 97]
129: [96, 97]
130: [96, 97, 127]
131: [97, 86]
132: [86]
133: [127, 86]
134: [127, 86]
135: [127, 86]
136: [127, 86]
137: [127, 86]
138: [127, 86]
139: [127, 86]
140: [127, 86]
141: [127, 86]
142: [127, 86]
143: [86]
6
0: [86, 92, 93, 94, 95, 96]
1: [86, 127, 92, 93, 94, 95, 96, 97]
2: [86, 127, 92, 93, 94, 98, 95, 96, 97]
3: [86, 127, 92, 93, 99, 94, 98, 95, 96, 97]
4: [86, 127, 92, 100, 93, 99, 94, 98, 95, 96, 97]
5: [86, 127, 92, 101, 100, 93, 99, 94, 98, 95, 96, 97]
6: []
7: [96, 97, 98, 99, 100, 101, 102, 93, 94, 95, 127, 86]
8: [96, 97, 98, 99, 100, 101, 102, 94, 95, 127, 86]
9: [96, 97, 98, 99, 100, 101, 102, 95, 127, 86]
10: [96, 97, 98, 99, 100, 101, 102, 127, 86]
11: [97, 98, 99, 100, 101, 102, 86]
12: [86, 92, 93, 94, 95, 96]
13: [127, 97]
14: [98]
15: [99]
16: [100]
17: [101]
18: [92, 102]
19: [93]
20: [94]
21: [95]
22: [96, 127]
23: [97, 98, 99, 100, 101, 102, 86]
24: [86, 92, 93, 94, 95, 96]
25: [127, 97]
26: [98]
27: [99]
28: [100]
29: [101]
30: [92, 102]
31: [93]
32: [94]
33: [95]
34: [96, 127]
35: [97, 98, 99, 100, 101, 102, 86]
36: [86, 92, 93, 94, 95, 96]
37: [127, 97]
38: [98]
39: [99]
40: [100]
41: [101]
42: [92, 102]
43: [93]
44: [94]
45: [95]
46: [96, 127]
47: [97, 98, 99, 100, 101, 102, 86]
48: [86, 92, 93, 94, 95, 96]
49: [127, 97]
50: [98]
51: [99]
52: [100]
53: [101]
54: [92, 102]
55: [93]
56: [94]
57: [95]
58: [96, 127]
59: [97, 98, 99, 100, 101, 102, 86]
60: [86, 92, 93, 94, 95, 96]
61: [127, 97]
62: [98]
63: [99]
64: [100]
65: [101]
66: [92, 102]
67: [93, 102]
68: [94, 102]
69: [95, 102]
70: [96, 102, 127]
71: [97, 98, 99, 100, 101, 102, 86]
72: [92, 86, 93, 94, 95, 96]
73: [92, 127, 97]
74: [92, 98]
75: [92, 99]
76: [92, 100]
77: [92, 101]
78: [92, 101]
79: [93, 101]
80: [94, 101]
81: [95, 101]
82: [96, 101, 127]
83: [97, 98, 99, 100, 101, 86]
84: [86, 93, 94, 95, 96]
85: [127, 93, 97]
86: [93, 98]
87: [93, 99]
88: [93, 100]
89: [93, 100]
90: [93, 100]
91: [93, 100]
92: [94, 100]
93: [95, 100]
94: [96, 100, 127]
95: [97, 98, 99, 100, 86]
96: [86, 94, 95, 96]
97: [127, 94, 97]
98: [94, 98]
99: [94, 99]
100: [94, 99]
101: [94, 99]
102: [94, 99]
103: [94, 99]
104: [94, 99]
105: [95, 99]
106: [96, 99, 127]
107: [97, 98, 99, 86]
108: [86, 95, 96]
109: [127, 95, 97]
110: [95, 98]
111: [95, 98]
112: [95, 98]
113: [95, 98]
114: [95, 98]
115: [95, 98]
116: [95, 98]
117: [95, 98]
118: [96, 98, 127]
119: [97, 98, 86]
120: [86, 96]
121: [127, 96, 97]
122: [96, 97]
123: [96, 97]
124: [96, 97]
125: [96, 97]
126: [96, 97]
127: [96, 97]
128: [96, 97]
129: [96, 97]
130: [96, 97, 127]
131: [97, 86]
132: [86]
133: [127, 86]
134: [127, 86]
135: [127, 86]
136: [127, 86]
137: [127, 86]
138: [127, 86]
139: [127, 86]
140: [127, 86]
141: [127, 86]
142: [127, 86]
143: [86]
7
0: [86, 93, 94, 95, 96]
1: [86, 127, 93, 94, 95, 96, 97]
2: [86, 127, 93, 94, 98, 95, 96, 97]
3: [86, 127, 93, 99, 94, 98, 95, 96, 97]
4: [86, 127, 100, 93, 99, 94, 98, 95, 96, 97]
5: [86, 127, 101, 100, 93, 99, 94, 98, 95, 96, 97]
6: [86, 127, 102, 101, 100, 93, 99, 94, 98, 95, 96, 97]
7: []
8: [96, 97, 98, 99, 100, 101, 102, 103, 94, 95, 127, 86]
9: [96, 97, 98, 99, 100, 101, 102, 103, 95, 127, 86]
10: [96, 97, 98, 99, 100, 101, 102, 103, 127, 86]
11: [97, 98, 99, 100, 101, 102, 103, 86]
12: [86, 93, 94, 95, 96]
13: [127, 97]
14: [98]
15: [99]
16: [100]
17: [101]
18: [102]
19: [93, 103]
20: [94]
21: [95]
22: [96, 127]
23: [97, 98, 99, 100, 101, 102, 103, 86]
24: [86, 93, 94, 95, 96]
25: [127, 97]
26: [98]
27: [99]
28: [100]
29: [101]
30: [102]
31: [93, 103]
32: [94]
33: [95]
34: [96, 127]
35: [97, 98, 99, 100, 101, 102, 103, 86]
36: [86, 93, 94, 95, 96]
37: [127, 97]
38: [98]
39: [99]
40: [100]
41: [101]
42: [102]
43: [93, 103]
44: [94]
45: [95]
46: [96, 127]
47: [97, 98, 99, 100, 101, 102, 103, 86]
48: [86, 93, 94, 95, 96]
49: [127, 97]
50: [98]
51: [99]
52: [100]
53: [101]
54: [102]
55: [93, 103]
56: [94, 103]
57: [95, 103]
58: [96, 103, 127]
59: [97, 98, 99, 100, 101, 102, 103, 86]
60: [86, 93, 94, 95, 96]
61: [127, 97]
62: [98]
63: [99]
64: [100]
65: [101]
66: [102]
67: [93, 102]
68: [94, 102]
69: [95, 102]
70: [96, 102, 127]
71: [97, 98, 99, 100, 101, 102, 86]
72: [86, 93, 94, 95, 96]
73: [127, 97]
74: [98]
75: [99]
76: [100]
77: [101]
78: [101]
79: [93, 101]
80: [94, 101]
81: [95, 101]
82: [96, 101, 127]
83: [97, 98, 99, 100, 101, 86]
84: [93, 86, 94, 95, 96]
85: [93, 127, 97]
86: [93, 98]
87: [93, 99]
88: [93, 100]
89: [93, 100]
90: [93, 100]
91: [93, 100]
92: [94, 100]
93: [95, 100]
94: [96, 100, 127]
95: [97, 98, 99, 100, 86]
96: [86, 94, 95, 96]
97: [127, 94, 97]
98: [94, 98]
99: [94, 99]
100: [94, 99]
101: [94, 99]
102: [94, 99]
103: [94, 99]
104: [94, 99]
105: [95, 99]
106: [96, 99, 127]
107: [97, 98, 99, 86]
108: [86, 95, 96]
109: [127, 95, 97]
110: [95, 98]
111: [95, 98]
112: [95, 98]
113: [95, 98]
114: [95, 98]
115: [95, 98]
116: [95, 98]
117: [95, 98]
118: [96, 98, 127]
119: [97, 98, 86]
120: [86, 96]
121: [127, 96, 97]
122: [96, 97]
123: [96, 97]
124: [96, 97]
125: [96, 97]
126: [96, 97]
127: [96, 97]
128: [96, 97]
129: [96, 97]
130: [96, 97, 127]
131: [97, 86]
132: [86]
133: [127, 86]
134: [127, 86]
135: [127, 86]
136: [127, 86]
137: [127, 86]
138: [127, 86]
139: [127, 86]
140: [127, 86]
141: [127, 86]
142: [127, 86]
143: [86]
8
0: [86, 94, 95, 96]
1: [86, 127, 94, 95, 96, 97]
2: [86, 127, 94, 98, 95, 96, 97]
3: [86, 127, 99, 94, 98, 95, 96, 97]
4: [86, 127, 100, 99, 94, 98, 95, 96, 97]
5: [86, 127, 101, 100, 99, 94, 98, 95, 96, 97]
6: [86, 127, 102, 101, 100, 99, 94, 98, 95, 96, 97]
7: [86, 127, 103, 102, 101, 100, 99, 94, 98, 95, 96, 97]
8: []
9: [96, 97, 98, 99, 100, 101, 102, 103, 104, 95, 127, 86]
10: [96, 97, 98, 99, 100, 101, 102, 103, 104, 127, 86]
11: [97, 98, 99, 100, 101, 102, 103, 104, 86]
12: [86, 94, 95, 96]
13: [127, 97]
14: [98]
15: [99]
16: [100]
17: [101]
18: [102]
19: [103]
20: [94, 104]
21: [95]
22: [96, 127]
23: [97, 98, 99, 100, 101, 102, 103, 104, 86]
24: [86, 94, 95, 96]
25: [127, 97]
26: [98]
27: [99]
28: [100]
29: [101]
30: [102]
31: [103]
32: [94, 104]
33: [95]
34: [96, 127]
35: [97, 98, 99, 100, 101, 102, 103, 104, 86]
36: [86, 94, 95, 96]
37: [127, 97]
38: [98]
39: [99]
40: [100]
41: [101]
42: [102]
43: [103]
44: [94, 104]
45: [95, 104]
46: [96, 104, 127]
47: [97, 98, 99, 100, 101, 102, 103, 104, 86]
48: [86, 94, 95, 96]
49: [127, 97]
50: [98]
51: [99]
52: [100]
53: [101]
54: [102]
55: [103]
56: [94, 103]
57: [95, 103]
58: [96, 103, 127]
59: [97, 98, 99, 100, 101, 102, 103, 86]
60: [86, 94, 95, 96]
61: [127, 97]
62: [98]
63: [99]
64: [100]
65: [101]
66: [102]
67: [102]
68: [94, 102]
69: [95, 102]
70: [96, 102, 127]
71: [97, 98, 99, 100, 101, 102, 86]
72: [86, 94, 95, 96]
73: [127, 97]
74: [98]
75: [99]
76: [100]
77: [101]
78: [101]
79: [101]
80: [94, 101]
81: [95, 101]
82: [96, 101, 127]
83: [97, 98, 99, 100, 101, 86]
84: [86, 94, 95, 96]
85: [127, 97]
86: [98]
87: [99]
88: [100]
89: [100]
90: [100]
91: [100]
92: [94, 100]
93: [95, 100]
94: [96, 100, 127]
95: [97, 98, 99, 100, 86]
96: [94, 86, 95, 96]
97: [94, 127, 97]
98: [94, 98]
99: [94, 99]
100: [94, 99]
101: [94, 99]
102: [94, 99]
103: [94, 99]
104: [94, 99]
105: [95, 99]
106: [96, 99, 127]
107: [97, 98, 99, 86]
108: [86, 95, 96]
109: [127, 95, 97]
110: [95, 98]
111: [95, 98]
112: [95, 98]
113: [95, 98]
114: [95, 98]
115: [95, 98]
116: [95, 98]
117: [95, 98]
118: [96, 98, 127]
119: [97, 98, 86]
120: [86, 96]
121: [127, 96, 97]
122: [96, 97]
123: [96, 97]
124: [96, 97]
125: [96, 97]
126: [96, 97]
127: [96, 97]
128: [96, 97]
129: [96, 97]
130: [96, 97, 127]
131: [97, 86]
132: [86]
133: [127, 86]
134: [127, 86]
135: [127, 86]
136: [127, 86]
137: [127, 86]
138: [127, 86]
139: [127, 86]
140: [127, 86]
141: [127, 86]
142: [127, 86]
143: [86]
9
0: [86, 95, 96]
1: [86, 127, 95, 96, 97]
2: [86, 127, 98, 95, 96, 97]
3: [86, 127, 99, 98, 95, 96, 97]
4: [86, 127, 100, 99, 98, 95, 96, 97]
5: [86, 127, 101, 100, 99, 98, 95, 96, 97]
6: [86, 127, 102, 101, 100, 99, 98, 95, 96, 97]
7: [86, 127, 103, 102, 101, 100, 99, 98, 95, 96, 97]
8: [86, 127, 104, 103, 102, 101, 100, 99, 98, 95, 96, 97]
9: []
10: [96, 97, 98, 99, 100, 101, 102, 103, 104, 105, 127, 86]
11: [97, 98, 99, 100, 101, 102, 103, 104, 105, 86]
12: [86, 95, 96]
13: [127, 97]
14: [98]
15: [99]
16: [100]
17: [101]
18: [102]
19: [103]
20: [104]
21: [95, 105]
22: [96, 127]
23: [97, 98, 99, 100, 101, 102, 103, 104, 105, 86]
24: [86, 95, 96]
25: [127, 97]
26: [98]
27: [99]
28: [100]
29: [101]
30: [102]
31: [103]
32: [104]
33: [95, 105]
34: [96, 105, 127]
35: [97, 98, 99, 100, 101, 102, 103, 104, 105, 86]
36: [86, 95, 96]
37: [127, 97]
38: [98]
39: [99]
40: [100]
41: [101]
42: [102]
43: [103]
44: [104]
45: [95, 104]
46: [96, 104, 127]
47: [97, 98, 99, 100, 101, 102, 103, 104, 86]
48: [86, 95, 96]
49: [127, 97]
50: [98]
51: [99]
52: [100]
53: [101]
54: [102]
55: [103]
56: [103]
57: [95, 103]
58: [96, 103, 127]
59: [97, 98, 99, 100, 101, 102, 103, 86]
60: [86, 95, 96]
61: [127, 97]
62: [98]
63: [99]
64: [100]
65: [101]
66: [102]
67: [102]
68: [102]
69: [95, 102]
70: [96, 102, 127]
71: [97, 98, 99, 100, 101, 102, 86]
72: [86, 95, 96]
73: [127, 97]
74: [98]
75: [99]
76: [100]
77: [101]
78: [101]
79: [101]
80: [101]
81: [95, 101]
82: [96, 101, 127]
83: [97, 98, 99, 100, 101, 86]
84: [86, 95, 96]
85: [127, 97]
86: [98]
87: [99]
88: [100]
89: [100]
90: [100]
91: [100]
92: [100]
93: [95, 100]
94: [96, 100, 127]
95: [97, 98, 99, 100, 86]
96: [86, 95, 96]
97: [127, 97]
98: [98]
99: [99]
100: [99]
101: [99]
102: [99]
103: [99]
104: [99]
105: [95, 99]
106: [96, 99, 127]
107: [97, 98, 99, 86]
108: [86, 95, 96]
109: [127, 95, 97]
110: [95, 98]
111: [95, 98]
112: [95, 98]
113: [95, 98]
114: [95, 98]
115: [95, 98]
116: [95, 98]
117: [95, 98]
118: [96, 98, 127]
119: [97, 98, 86]
120: [86, 96]
121: [127, 96, 97]
122: [96, 97]
123: [96, 97]
124: [96, 97]
125: [96, 97]
126: [96, 97]
127: [96, 97]
128: [96, 97]
129: [96, 97]
130: [96, 97, 127]
131: [97, 86]
132: [86]
133: [127, 86]
134: [127, 86]
135: [127, 86]
136: [127, 86]
137: [127, 86]
138: [127, 86]
139: [127, 86]
140: [127, 86]
141: [127, 86]
142: [127, 86]
143: [86]
10
0: [86, 96]
1: [86, 127, 96, 97]
2: [86, 127, 98, 96, 97]
3: [86, 127, 99, 98, 96, 97]
4: [86, 127, 100, 99, 98, 96, 97]
5: [86, 127, 101, 100, 99, 98, 96, 97]
6: [86, 127, 102, 101, 100, 99, 98, 96, 97]
7: [86, 127, 103, 102, 101, 100, 99, 98, 96, 97]
8: [86, 127, 104, 103, 102, 101, 100, 99, 98, 96, 97]
9: [86, 127, 105, 104, 103, 102, 101, 100, 99, 98, 96, 97]
10: []
11: [97, 98, 99, 100, 101, 102, 103, 104, 105, 106, 86]
12: [86, 96]
13: [127, 97]
14: [98]
15: [99]
16: [100]
17: [101]
18: [102]
19: [103]
20: [104]
21: [105]
22: [96, 106, 127]
23: [97, 98, 99, 100, 101, 102, 103, 104, 105, 106, 86]
24: [86, 96]
25: [127, 97]
26: [98]
27: [99]
28: [100]
29: [101]
30: [102]
31: [103]
32: [104]
33: [105]
34: [96, 105, 127]
35: [97, 98, 99, 100, 101, 102, 103, 104, 105, 86]
36: [86, 96]
37: [127, 97]
38: [98]
39: [99]
40: [100]
41: [101]
42: [102]
43: [103]
44: [104]
45: [104]
46: [96, 104, 127]
47: [97, 98, 99, 100, 101, 102, 103, 104, 86]
48: [86, 96]
49: [127, 97]
50: [98]
51: [99]
52: [100]
53: [101]
54: [102]
55: [103]
56: [103]
57: [103]
58: [96, 103, 127]
59: [97, 98, 99, 100, 101, 102, 103, 86]
60: [86, 96]
61: [127, 97]
62: [98]
63: [99]
64: [100]
65: [101]
66: [102]
67: [102]
68: [102]
69: [102]
70: [96, 102, 127]
71: [97, 98, 99, 100, 101, 102, 86]
72: [86, 96]
73: [127, 97]
74: [98]
75: [99]
76: [100]
77: [101]
78: [101]
79: [101]
80: [101]
81: [101]
82: [96, 101, 127]
83: [97, 98, 99, 100, 101, 86]
84: [86, 96]
85: [127, 97]
86: [98]
87: [99]
88: [100]
89: [100]
90: [100]
91: [100]
92: [100]
93: [100]
94: [96, 100, 127]
95: [97, 98, 99, 100, 86]
96: [86, 96]
97: [127, 97]
98: [98]
99: [99]
100: [99]
101: [99]
102: [99]
103: [99]
104: [99]
105: [99]
106: [96, 99, 127]
107: [97, 98, 99, 86]
108: [86, 96]
109: [127, 97]
110: [98]
111: [98]
112: [98]
113: [98]
114: [98]
115: [98]
116: [98]
117: [98]
118: [96, 98, 127]
119: [97, 98, 86]
120: [96, 86]
121: [96, 127, 97]
122: [96, 97]
123: [96, 97]
124: [96, 97]
125: [96, 97]
126: [96, 97]
127: [96, 97]
128: [96, 97]
129: [96, 97]
130: [96, 97, 127]
131: [97, 86]
132: [86]
133: [127, 86]
134: [127, 86]
135: [127, 86]
136: [127, 86]
137: [127, 86]
138: [127, 86]
139: [127, 86]
140: [127, 86]
141: [127, 86]
142: [127, 86]
143: [86]
11
0: [86]
1: [86, 97]
2: [86, 98, 97]
3: [86, 99, 98, 97]
4: [86, 100, 99, 98, 97]
5: [86, 101, 100, 99, 98, 97]
6: [86, 102, 101, 100, 99, 98, 97]
7: [86, 103, 102, 101, 100, 99, 98, 97]
8: [86, 104, 103, 102, 101, 100, 99, 98, 97]
9: [86, 105, 104, 103, 102, 101, 100, 99, 98, 97]
10: [86, 106, 105, 104, 103, 102, 101, 100, 99, 98, 97]
11: []
12: [86]
13: [97]
14: [98]
15: [99]
16: [100]
17: [101]
18: [102]
19: [103]
20: [104]
21: [105]
22: [106]
23: [97, 98, 99, 100, 101, 102, 103, 104, 105, 106, 86]
24: [86]
25: [97]
26: [98]
27: [99]
28: [100]
29: [101]
30: [102]
31: [103]
32: [104]
33: [105]
34: [105]
35: [97, 98, 99, 100, 101, 102, 103, 104, 105, 86]
36: [86]
37: [97]
38: [98]
39: [99]
40: [100]
41: [101]
42: [102]
43: [103]
44: [104]
45: [104]
46: [104]
47: [97, 98, 99, 100, 101, 102, 103, 104, 86]
48: [86]
49: [97]
50: [98]
51: [99]
52: [100]
53: [101]
54: [102]
55: [103]
56: [103]
57: [103]
58: [103]
59: [97, 98, 99, 100, 101, 102, 103, 86]
60: [86]
61: [97]
62: [98]
63: [99]
64: [100]
65: [101]
66: [102]
67: [102]
68: [102]
69: [102]
70: [102]
71: [97, 98, 99, 100, 101, 102, 86]
72: [86]
73: [97]
74: [98]
75: [99]
76: [100]
77: [101]
78: [101]
79: [101]
80: [101]
81: [101]
82: [101]
83: [97, 98, 99, 100, 101, 86]
84: [86]
85: [97]
86: [98]
87: [99]
88: [100]
89: [100]
90: [100]
91: [100]
92: [100]
93: [100]
94: [100]
95: [97, 98, 99, 100, 86]
96: [86]
97: [97]
98: [98]
99: [99]
100: [99]
101: [99]
102: [99]
103: [99]
104: [99]
105: [99]
106: [99]
107: [97, 98, 99, 86]
108: [86]
109: [97]
110: [98]
111: [98]
112: [98]
113: [98]
114: [98]
115: [98]
116: [98]
117: [98]
118: [98]
119: [97, 98, 86]
120: [86]
121: [97]
122: [97]
123: [97]
124: [97]
125: [97]
126: [97]
127: [97]
128: [97]
129: [97]
130: [97]
131: [97, 86]
132: [86]
133: [86]
134: [86]
135: [86]
136: [86]
137: [86]
138: [86]
139: [86]
140: [86]
141: [86]
142: [86]
143: [86]
12
0: [96, 87, 88, 89, 90, 91, 92, 93, 94, 95, 86]
1: [96, 87, 88, 89, 90, 91, 92, 93, 94, 95, 86]
2: [96, 88, 89, 90, 91, 92, 93, 94, 95, 86]
3: [96, 89, 90, 91, 92, 93, 94, 95, 86]
4: [96, 90, 91, 92, 93, 94, 95, 86]
5: [96, 91, 92, 93, 94, 95, 86]
6: [96, 92, 93, 94, 95, 86]
7: [96, 93, 94, 95, 86]
8: [96, 94, 95, 86]
9: [96, 95, 86]
10: [96, 86]
11: [86]
12: []
13: [107, 87, 128]
14: [107, 88, 128]
15: [107, 89, 128]
16: [107, 90, 128]
17: [107, 91, 128]
18: [107, 92, 128]
19: [107, 93, 128]
20: [107, 94, 128]
21: [107, 95, 128]
22: [107, 96, 128]
23: [128, 86]
24: [128, 86, 88, 89, 90, 91, 92, 93, 94, 95, 96, 107]
25: [88]
26: [88]
27: [89]
28: [90]
29: [91]
30: [92]
31: [93]
32: [94]
33: [95]
34: [107, 96]
35: [128, 86]
36: [128, 86, 89, 90, 91, 92, 93, 94, 95, 96, 107]
37: [89]
38: [89]
39: [89]
40: [90]
41: [91]
42: [92]
43: [93]
44: [94]
45: [95]
46: [107, 96]
47: [128, 86]
48: [128, 86, 90, 91, 92, 93, 94, 95, 96, 107]
49: [90]
50: [90]
51: [90]
52: [90]
53: [91]
54: [92]
55: [93]
56: [94]
57: [95]
58: [107, 96]
59: [128, 86]
60: [128, 86, 91, 92, 93, 94, 95, 96, 107]
61: [91]
62: [91]
63: [91]
64: [91]
65: [91]
66: [92]
67: [93]
68: [94]
69: [95]
70: [107, 96]
71: [128, 86]
72: [128, 86, 92, 93, 94, 95, 96, 107]
73: [92]
74: [92]
75: [92]
76: [92]
77: [92]
78: [92]
79: [93]
80: [94]
81: [95]
82: [107, 96]
83: [128, 86]
84: [128, 86, 93, 94, 95, 96, 107]
85: [93]
86: [93]
87: [93]
88: [93]
89: [93]
90: [93]
91: [93]
92: [94]
93: [95]
94: [107, 96]
95: [128, 86]
96: [128, 86, 94, 95, 96, 107]
97: [94]
98: [94]
99: [94]
100: [94]
101: [94]
102: [94]
103: [94]
104: [94]
105: [95]
106: [107, 96]
107: [128, 86]
108: [128, 86, 95, 96, 107]
109: [95]
110: [95]
111: [95]
112: [95]
113: [95]
114: [95]
115: [95]
116: [95]
117: [95]
118: [107, 96]
119: [128, 86]
120: [128, 86, 96, 107]
121: [128, 96]
122: [128, 96]
123: [128, 96]
124: [128, 96]
125: [128, 96]
126: [128, 96]
127: [128, 96]
128: [128, 96]
129: [128, 96]
130: [128, 107, 96]
131: [128, 86]
132: [86, 107]
133: [86, 107]
134: [86, 107]
135: [86, 107]
136: [86, 107]
137: [86, 107]
138: [86, 107]
139: [86, 107]
140: [86, 107]
141: [86, 107]
142: [107, 86]
143: [86]
13
0: [87]
1: [97, 87, 127]
2: [97, 127]
3: [97, 127]
4: [97, 127]
5: [97, 127]
6: [97, 127]
7: [97, 127]
8: [97, 127]
9: [97, 127]
10: [97, 127]
11: [97]
12: [128, 87, 107]
13: []
14: [2, 3, 4, 5, 6, 7, 8, 9, 1]
15: [3, 4, 5, 6, 7, 8, 9, 1]
16: [4, 5, 6, 7, 8, 9, 1]
17: [5, 6, 7, 8, 9, 1]
18: [8, 9, 6, 7, 1]
19: [8, 9, 7, 1]
20: [8, 9, 1]
21: [9, 1]
22: [1]
23: [117, 97, 128]
24: [128, 107]
25: [1, 2, 3, 4, 5, 6, 7, 8, 9]
26: [2]
27: [3]
28: [4]
29: [5]
30: [6]
31: [7]
32: [8]
33: [9]
34: [1]
35: [117, 97, 128]
36: [128, 107]
37: [1, 3, 4, 5, 6, 7, 8, 9]
38: [3]
39: [3]
40: [4]
41: [5]
42: [6]
43: [7]
44: [8]
45: [9]
46: [1]
47: [117, 97, 128]
48: [128, 107]
49: [1, 4, 5, 6, 7, 8, 9]
50: [4]
51: [4]
52: [4]
53: [5]
54: [6]
55: [7]
56: [8]
57: [9]
58: [1]
59: [117, 97, 128]
60: [128, 107]
61: [1, 5, 6, 7, 8, 9]
62: [5]
63: [5]
64: [5]
65: [5]
66: [6]
67: [7]
68: [8]
69: [9]
70: [1]
71: [117, 97, 128]
72: [128, 107]
73: [1, 6, 7, 8, 9]
74: [6]
75: [6]
76: [6]
77: [6]
78: [6]
79: [7]
80: [8]
81: [9]
82: [1]
83: [117, 97, 128]
84: [128, 107]
85: [1, 7, 8, 9]
86: [7]
87: [7]
88: [7]
89: [7]
90: [7]
91: [7]
92: [8]
93: [9]
94: [1]
95: [117, 97, 128]
96: [128, 107]
97: [1, 8, 9]
98: [8]
99: [8]
100: [8]
101: [8]
102: [8]
103: [8]
104: [8]
105: [9]
106: [1]
107: [117, 97, 128]
108: [128, 107]
109: [1, 9]
110: [9]
111: [9]
112: [9]
113: [9]
114: [9]
115: [9]
116: [9]
117: [9]
118: [1]
119: [117, 97, 128]
120: [128, 107]
121: [1]
122: [1]
123: [1]
124: [1]
125: [1]
126: [1]
127: [1]
128: [1]
129: [1]
130: [1]
131: [117, 128, 97]
132: [107]
133: [127, 107, 117]
134: [127, 107, 117]
135: [127, 107, 117]
136: [127, 107, 117]
137: [127, 107, 117]
138: [127, 107, 117]
139: [127, 107, 117]
140: [127, 107, 117]
141: [127, 107, 117]
142: [107, 127, 117]
143: [117]
14
0: [88]
1: [88]
2: [98, 88]
3: [98]
4: [98]
5: [98]
6: [98]
7: [98]
8: [98]
9: [98]
10: [98]
11: [98]
12: [128, 88, 107]
13: [1, 2, 3, 4, 5, 6, 7, 8, 9]
14: []
15: [3, 4, 5, 6, 7, 8, 9, 10, 1]
16: [4, 5, 6, 7, 8, 9, 10, 1]
17: [5, 6, 7, 8, 9, 10, 1]
18: [6, 7, 8, 9, 10, 1]
19: [8, 9, 10, 7, 1]
20: [8, 9, 10, 1]
21: [9, 10, 1]
22: [10, 1]
23: [117, 98, 128]
24: [88, 128, 107]
25: [1, 2, 3, 4, 5, 6, 7, 8, 9]
26: [2, 10]
27: [3]
28: [4]
29: [5]
30: [6]
31: [7]
32: [8]
33: [9]
34: [10, 1]
35: [117, 98, 128]
36: [128, 107]
37: [1, 3, 4, 5, 6, 7, 8, 9]
38: [3, 10]
39: [3]
40: [4]
41: [5]
42: [6]
43: [7]
44: [8]
45: [9]
46: [10, 1]
47: [117, 98, 128]
48: [128, 107]
49: [1, 4, 5, 6, 7, 8, 9]
50: [4, 10]
51: [4]
52: [4]
53: [5]
54: [6]
55: [7]
56: [8]
57: [9]
58: [10, 1]
59: [117, 98, 128]
60: [128, 107]
61: [1, 5, 6, 7, 8, 9]
62: [5, 10]
63: [5]
64: [5]
65: [5]
66: [6]
67: [7]
68: [8]
69: [9]
70: [10, 1]
71: [117, 98, 128]
72: [128, 107]
73: [1, 6, 7, 8, 9]
74: [6, 10]
75: [6]
76: [6]
77: [6]
78: [6]
79: [7]
80: [8]
81: [9]
82: [10, 1]
83: [117, 98, 128]
84: [128, 107]
85: [1, 7, 8, 9]
86: [7, 10]
87: [7]
88: [7]
89: [7]
90: [7]
91: [7]
92: [8]
93: [9]
94: [10, 1]
95: [117, 98, 128]
96: [128, 107]
97: [1, 8, 9]
98: [8, 10]
99: [8]
100: [8]
101: [8]
102: [8]
103: [8]
104: [8]
105: [9]
106: [10, 1]
107: [117, 98, 128]
108: [128, 107]
109: [1, 9]
110: [9, 10]
111: [9, 10]
112: [9, 10]
113: [9, 10]
114: [9, 10]
115: [9, 10]
116: [9, 10]
117: [9, 10]
118: [10, 1]
119: [117, 98, 128]
120: [128, 107]
121: [1]
122: [1]
123: [1]
124: [1]
125: [1]
126: [1]
127: [1]
128: [1]
129: [1]
130: [1]
131: [117, 128]
132: [107]
133: [107, 117]
134: [107, 117]
135: [107, 117]
136: [107, 117]
137: [107, 117]
138: [107, 117]
139: [107, 117]
140: [107, 117]
141: [107, 117]
142: [107, 117]
143: [117]
15
0: [89]
1: [89]
2: [89]
3: [99, 89]
4: [99]
5: [99]
6: [99]
7: [99]
8: [99]
9: [99]
10: [99]
11: [99]
12: [128, 89, 107]
13: [1, 3, 4, 5, 6, 7, 8, 9]
14: [1, 3, 4, 5, 6, 7, 8, 9, 10]
15: []
16: [4, 5, 6, 7, 8, 9, 10, 11, 1]
17: [5, 6, 7, 8, 9, 10, 11, 1]
18: [6, 7, 8, 9, 10, 11, 1]
19: [7, 8, 9, 10, 11, 1]
20: [8, 9, 10, 11, 1]
21: [9, 10, 11, 1]
22: [10, 11, 1]
23: [117, 99, 128]
24: [128, 89, 107]
25: [1, 3, 4, 5, 6, 7, 8, 9]
26: [10]
27: [3, 11]
28: [4]
29: [5]
30: [6]
31: [7]
32: [8]
33: [9]
34: [10, 11, 1]
35: [117, 99, 128]
36: [128, 89, 107]
37: [1, 3, 4, 5, 6, 7, 8, 9]
38: [3, 10]
39: [3, 11]
40: [4]
41: [5]
42: [6]
43: [7]
44: [8]
45: [9]
46: [10, 11, 1]
47: [117, 99, 128]
48: [128, 107]
49: [1, 4, 5, 6, 7, 8, 9]
50: [4, 10]
51: [4, 11]
52: [4]
53: [5]
54: [6]
55: [7]
56: [8]
57: [9]
58: [10, 11, 1]
59: [117, 99, 128]
60: [128, 107]
61: [1, 5, 6, 7, 8, 9]
62: [5, 10]
63: [5, 11]
64: [5]
65: [5]
66: [6]
67: [7]
68: [8]
69: [9]
70: [10, 11, 1]
71: [117, 99, 128]
72: [128, 107]
73: [1, 6, 7, 8, 9]
74: [6, 10]
75: [6, 11]
76: [6]
77: [6]
78: [6]
79: [7]
80: [8]
81: [9]
82: [10, 11, 1]
83: [117, 99, 128]
84: [128, 107]
85: [1, 7, 8, 9]
86: [7, 10]
87: [7, 11]
88: [7]
89: [7]
90: [7]
91: [7]
92: [8]
93: [9]
94: [10, 11, 1]
95: [117, 99, 128]
96: [128, 107]
97: [1, 8, 9]
98: [8, 10]
99: [8, 11]
100: [8, 11]
101: [8, 11]
102: [8, 11]
103: [8, 11]
104: [8, 11]
105: [9, 11]
106: [10, 11, 1]
107: [117, 99, 128]
108: [128, 107]
109: [1, 9]
110: [9, 10]
111: [9, 10]
112: [9, 10]
113: [9, 10]
114: [9, 10]
115: [9, 10]
116: [9, 10]
117: [9, 10]
118: [10, 1]
119: [117, 128]
120: [128, 107]
121: [1]
122: [1]
123: [1]
124: [1]
125: [1]
126: [1]
127: [1]
128: [1]
129: [1]
130: [1]
131: [117, 128]
132: [107]
133: [107, 117]
134: [107, 117]
135: [107, 117]
136: [107, 117]
137: [107, 117]
138: [107, 117]
139: [107, 117]
140: [107, 117]
141: [107, 117]
142: [107, 117]
143: [117]
16
0: [90]
1: [90]
2: [90]
3: [90]
4: [100, 90]
5: [100]
6: [100]
7: [100]
8: [100]
9: [100]
10: [100]
11: [100]
12: [128, 90, 107]
13: [1, 4, 5, 6, 7, 8, 9]
14: [1, 4, 5, 6, 7, 8, 9, 10]
15: [1, 4, 5, 6, 7, 8, 11, 9, 10]
16: []
17: [5, 6, 7, 8, 9, 10, 11, 12, 1]
18: [6, 7, 8, 9, 10, 11, 12, 1]
19: [7, 8, 9, 10, 11, 12, 1]
20: [8, 9, 10, 11, 12, 1]
21: [9, 10, 11, 12, 1]
22: [10, 11, 12, 1]
23: [117, 100, 128]
24: [128, 90, 107]
25: [1, 4, 5, 6, 7, 8, 9]
26: [10]
27: [11]
28: [4, 12]
29: [5]
30: [6]
31: [7]
32: [8]
33: [9]
34: [10, 11, 12, 1]
35: [117, 100, 128]
36: [128, 90, 107]
37: [1, 4, 5, 6, 7, 8, 9]
38: [10]
39: [11]
40: [4, 12]
41: [5]
42: [6]
43: [7]
44: [8]
45: [9]
46: [10, 11, 12, 1]
47: [117, 100, 128]
48: [128, 90, 107]
49: [1, 4, 5, 6, 7, 8, 9]
50: [4, 10]
51: [4, 11]
52: [4, 12]
53: [5]
54: [6]
55: [7]
56: [8]
57: [9]
58: [10, 11, 12, 1]
59: [117, 100, 128]
60: [128, 107]
61: [1, 5, 6, 7, 8, 9]
62: [5, 10]
63: [5, 11]
64: [5, 12]
65: [5]
66: [6]
67: [7]
68: [8]
69: [9]
70: [10, 11, 12, 1]
71: [117, 100, 128]
72: [128, 107]
73: [1, 6, 7, 8, 9]
74: [6, 10]
75: [6, 11]
76: [6, 12]
77: [6]
78: [6]
79: [7]
80: [8]
81: [9]
82: [10, 11, 12, 1]
83: [117, 100, 128]
84: [128, 107]
85: [1, 7, 8, 9]
86: [7, 10]
87: [7, 11]
88: [7, 12]
89: [7, 12]
90: [7, 12]
91: [7, 12]
92: [8, 12]
93: [9, 12]
94: [10, 11, 12, 1]
95: [117, 100, 128]
96: [128, 107]
97: [1, 8, 9]
98: [8, 10]
99: [8, 11]
100: [8, 11]
101: [8, 11]
102: [8, 11]
103: [8, 11]
104: [8, 11]
105: [9, 11]
106: [10, 11, 1]
107: [117, 128]
108: [128, 107]
109: [1, 9]
110: [9, 10]
111: [9, 10]
112: [9, 10]
113: [9, 10]
114: [9, 10]
115: [9, 10]
116: [9, 10]
117: [9, 10]
118: [10, 1]
119: [117, 128]
120: [128, 107]
121: [1]
122: [1]
123: [1]
124: [1]
125: [1]
126: [1]
127: [1]
128: [1]
129: [1]
130: [1]
131: [117, 128]
132: [107]
133: [107, 117]
134: [107, 117]
135: [107, 117]
136: [107, 117]
137: [107, 117]
138: [107, 117]
139: [107, 117]
140: [107, 117]
141: [107, 117]
142: [107, 117]
143: [117]
17
0: [91]
1: [91]
2: [91]
3: [91]
4: [91]
5: [101, 91]
6: [101]
7: [101]
8: [101]
9: [101]
10: [101]
11: [101]
12: [128, 91, 107]
13: [1, 5, 6, 7, 8, 9]
14: [1, 5, 6, 7, 8, 9, 10]
15: [1, 5, 6, 7, 8, 11, 9, 10]
16: [1, 5, 6, 12, 7, 8, 11, 9, 10]
17: []
18: [6, 7, 8, 9, 10, 11, 12, 13, 1]
19: [7, 8, 9, 10, 11, 12, 13, 1]
20: [8, 9, 10, 11, 12, 13, 1]
21: [9, 10, 11, 12, 13, 1]
22: [10, 11, 12, 13, 1]
23: [117, 101, 128]
24: [128, 91, 107]
25: [1, 5, 6, 7, 8, 9]
26: [10]
27: [11]
28: [12]
29: [5, 13]
30: [6]
31: [7]
32: [8]
33: [9]
34: [10, 11, 12, 13, 1]
35: [117, 101, 128]
36: [128, 91, 107]
37: [1, 5, 6, 7, 8, 9]
38: [10]
39: [11]
40: [12]
41: [5, 13]
42: [6]
43: [7]
44: [8]
45: [9]
46: [10, 11, 12, 13, 1]
47: [117, 101, 128]
48: [128, 91, 107]
49: [1, 5, 6, 7, 8, 9]
50: [10]
51: [11]
52: [12]
53: [5, 13]
54: [6]
55: [7]
56: [8]
57: [9]
58: [10, 11, 12, 13, 1]
59: [117, 101, 128]
60: [128, 91, 107]
61: [1, 5, 6, 7, 8, 9]
62: [5, 10]
63: [5, 11]
64: [5, 12]
65: [5, 13]
66: [6]
67: [7]
68: [8]
69: [9]
70: [10, 11, 12, 13, 1]
71: [117, 101, 128]
72: [128, 107]
73: [1, 6, 7, 8, 9]
74: [6, 10]
75: [6, 11]
76: [6, 12]
77: [6, 13]
78: [6, 13]
79: [7, 13]
80: [8, 13]
81: [9, 13]
82: [10, 11, 12, 13, 1]
83: [117, 101, 128]
84: [128, 107]
85: [1, 7, 8, 9]
86: [7, 10]
87: [7, 11]
88: [7, 12]
89: [7, 12]
90: [7, 12]
91: [7, 12]
92: [8, 12]
93: [9, 12]
94: [10, 11, 12, 1]
95: [117, 128]
96: [128, 107]
97: [1, 8, 9]
98: [8, 10]
99: [8, 11]
100: [8, 11]
101: [8, 11]
102: [8, 11]
103: [8, 11]
104: [8, 11]
105: [9, 11]
106: [10, 11, 1]
107: [117, 128]
108: [128, 107]
109: [1, 9]
110: [9, 10]
111: [9, 10]
112: [9, 10]
113: [9, 10]
114: [9, 10]
115: [9, 10]
116: [9, 10]
117: [9, 10]
118: [10, 1]
119: [117, 128]
120: [128, 107]
121: [1]
122: [1]
123: [1]
124: [1]
125: [1]
126: [1]
127: [1]
128: [1]
129: [1]
130: [1]
131: [117, 128]
132: [107]
133: [107, 117]
134: [107, 117]
135: [107, 117]
136: [107, 117]
137: [107, 117]
138: [107, 117]
139: [107, 117]
140: [107, 117]
141: [107, 117]
142: [107, 117]
143: [117]
18
0: [92]
1: [92]
2: [92]
3: [92]
4: [92]
5: [92]
6: [102, 92]
7: [102]
8: [102]
9: [102]
10: [102]
11: [102]
12: [128, 92, 107]
13: [1, 6, 7, 8, 9]
14: [1, 6, 7, 8, 9, 10]
15: [1, 6, 7, 8, 11, 9, 10]
16: [1, 6, 12, 7, 8, 11, 9, 10]
17: [1, 13, 6, 12, 7, 8, 11, 9, 10]
18: []
19: [7, 8, 9, 10, 11, 12, 13, 14, 1]
20: [8, 9, 10, 11, 12, 13, 14, 1]
21: [9, 10, 11, 12, 13, 14, 1]
22: [10, 11, 12, 13, 14, 1]
23: [117, 102, 128]
24: [128, 92, 107]
25: [1, 6, 7, 8, 9]
26: [10]
27: [11]
28: [12]
29: [13]
30: [6, 14]
31: [7]
32: [8]
33: [9]
34: [10, 11, 12, 13, 14, 1]
35: [117, 102, 128]
36: [128, 92, 107]
37: [1, 6, 7, 8, 9]
38: [10]
39: [11]
40: [12]
41: [13]
42: [6, 14]
43: [7]
44: [8]
45: [9]
46: [10, 11, 12, 13, 14, 1]
47: [117, 102, 128]
48: [128, 92, 107]
49: [1, 6, 7, 8, 9]
50: [10]
51: [11]
52: [12]
53: [13]
54: [6, 14]
55: [7]
56: [8]
57: [9]
58: [10, 11, 12, 13, 14, 1]
59: [117, 102, 128]
60: [128, 92, 107]
61: [1, 6, 7, 8, 9]
62: [10]
63: [11]
64: [12]
65: [13]
66: [6, 14]
67: [7, 14]
68: [8, 14]
69: [9, 14]
70: [10, 11, 12, 13, 14, 1]
71: [117, 102, 128]
72: [128, 92, 107]
73: [1, 6, 7, 8, 9]
74: [6, 10]
75: [6, 11]
76: [6, 12]
77: [6, 13]
78: [6, 13]
79: [7, 13]
80: [8, 13]
81: [9, 13]
82: [10, 11, 12, 13, 1]
83: [117, 128]
84: [128, 107]
85: [1, 7, 8, 9]
86: [7, 10]
87: [7, 11]
88: [7, 12]
89: [7, 12]
90: [7, 12]
91: [7, 12]
92: [8, 12]
93: [9, 12]
94: [10, 11, 12, 1]
95: [117, 128]
96: [128, 107]
97: [1, 8, 9]
98: [8, 10]
99: [8, 11]
100: [8, 11]
101: [8, 11]
102: [8, 11]
103: [8, 11]
104: [8, 11]
105: [9, 11]
106: [10, 11, 1]
107: [117, 128]
108: [128, 107]
109: [1, 9]
110: [9, 10]
111: [9, 10]
112: [9, 10]
113: [9, 10]
114: [9, 10]
115: [9, 10]
116: [9, 10]
117: [9, 10]
118: [10, 1]
119: [117, 128]
120: [128, 107]
121: [1]
122: [1]
123: [1]
124: [1]
125: [1]
126: [1]
127: [1]
128: [1]
129: [1]
130: [1]
131: [117, 128]
132: [107]
133: [107, 117]
134: [107, 117]
135: [107, 117]
136: [107, 117]
137: [107, 117]
138: [107, 117]
139: [107, 117]
140: [107, 117]
141: [107, 117]
142: [107, 117]
143: [117]
19
0: [93]
1: [93]
2: [93]
3: [93]
4: [93]
5: [93]
6: [93]
7: [103, 93]
8: [103]
9: [103]
10: [103]
11: [103]
12: [128, 93, 107]
13: [1, 7, 8, 9]
14: [1, 7, 8, 9, 10]
15: [1, 7, 8, 11, 9, 10]
16: [1, 12, 7, 8, 11, 9, 10]
17: [1, 13, 12, 7, 8, 11, 9, 10]
18: [1, 14, 13, 12, 7, 8, 11, 9, 10]
19: []
20: [8, 9, 10, 11, 12, 13, 14, 15, 1]
21: [9, 10, 11, 12, 13, 14, 15, 1]
22: [10, 11, 12, 13, 14, 15, 1]
23: [117, 103, 128]
24: [128, 93, 107]
25: [1, 7, 8, 9]
26: [10]
27: [11]
28: [12]
29: [13]
30: [14]
31: [7, 15]
32: [8]
33: [9]
34: [10, 11, 12, 13, 14, 15, 1]
35: [117, 103, 128]
36: [128, 93, 107]
37: [1, 7, 8, 9]
38: [10]
39: [11]
40: [12]
41: [13]
42: [14]
43: [7, 15]
44: [8]
45: [9]
46: [10, 11, 12, 13, 14, 15, 1]
47: [117, 103, 128]
48: [128, 93, 107]
49: [1, 7, 8, 9]
50: [10]
51: [11]
52: [12]
53: [13]
54: [14]
55: [7, 15]
56: [8, 15]
57: [9, 15]
58: [10, 11, 12, 13, 14, 15, 1]
59: [117, 103, 128]
60: [128, 93, 107]
61: [1, 7, 8, 9]
62: [10]
63: [11]
64: [12]
65: [13]
66: [14]
67: [7, 14]
68: [8, 14]
69: [9, 14]
70: [10, 11, 12, 13, 14, 1]
71: [117, 128]
72: [128, 93, 107]
73: [1, 7, 8, 9]
74: [10]
75: [11]
76: [12]
77: [13]
78: [13]
79: [7, 13]
80: [8, 13]
81: [9, 13]
82: [10, 11, 12, 13, 1]
83: [117, 128]
84: [128, 93, 107]
85: [1, 7, 8, 9]
86: [7, 10]
87: [7, 11]
88: [7, 12]
89: [7, 12]
90: [7, 12]
91: [7, 12]
92: [8, 12]
93: [9, 12]
94: [10, 11, 12, 1]
95: [117, 128]
96: [128, 107]
97: [1, 8, 9]
98: [8, 10]
99: [8, 11]
100: [8, 11]
101: [8, 11]
102: [8, 11]
103: [8, 11]
104: [8, 11]
105: [9, 11]
106: [10, 11, 1]
107: [117, 128]
108: [128, 107]
109: [1, 9]
110: [9, 10]
111: [9, 10]
112: [9, 10]
113: [9, 10]
114: [9, 10]
115: [9, 10]
116: [9, 10]
117: [9, 10]
118: [10, 1]
119: [117, 128]
120: [128, 107]
121: [1]
122: [1]
123: [1]
124: [1]
125: [1]
126: [1]
127: [1]
128: [1]
129: [1]
130: [1]
131: [117, 128]
132: [107]
133: [107, 117]
134: [107, 117]
135: [107, 117]
136: [107, 117]
137: [107, 117]
138: [107, 117]
139: [107, 117]
140: [107, 117]
141: [107, 117]
142: [107, 117]
143: [117]
20
0: [94]
1: [94]
2: [94]
3: [94]
4: [94]
5: [94]
6: [94]
7: [94]
8: [104, 94]
9: [104]
10: [104]
11: [104]
12: [128, 94, 107]
13: [1, 8, 9]
14: [1, 8, 9, 10]
15: [1, 8, 11, 9, 10]
16: [1, 12, 8, 11, 9, 10]
17: [1, 13, 12, 8, 11, 9, 10]
18: [1, 14, 13, 12, 8, 11, 9, 10]
19: [1, 15, 14, 13, 12, 8, 11, 9, 10]
20: []
21: [9, 10, 11, 12, 13, 14, 15, 16, 1]
22: [10, 11, 12, 13, 14, 15, 16, 1]
23: [117, 104, 128]
24: [128, 94, 107]
25: [1, 8, 9]
26: [10]
27: [11]
28: [12]
29: [13]
30: [14]
31: [15]
32: [8, 16]
33: [9]
34: [10, 11, 12, 13, 14, 15, 16, 1]
35: [117, 104, 128]
36: [128, 94, 107]
37: [1, 8, 9]
38: [10]
39: [11]
40: [12]
41: [13]
42: [14]
43: [15]
44: [8, 16]
45: [9, 16]
46: [10, 11, 12, 13, 14, 15, 16, 1]
47: [117, 104, 128]
48: [128, 94, 107]
49: [1, 8, 9]
50: [10]
51: [11]
52: [12]
53: [13]
54: [14]
55: [15]
56: [8, 15]
57: [9, 15]
58: [10, 11, 12, 13, 14, 15, 1]
59: [117, 128]
60: [128, 94, 107]
61: [1, 8, 9]
62: [10]
63: [11]
64: [12]
65: [13]
66: [14]
67: [14]
68: [8, 14]
69: [9, 14]
70: [10, 11, 12, 13, 14, 1]
71: [117, 128]
72: [128, 94, 107]
73: [1, 8, 9]
74: [10]
75: [11]
76: [12]
77: [13]
78: [13]
79: [13]
80: [8, 13]
81: [9, 13]
82: [10, 11, 12, 13, 1]
83: [117, 128]
84: [128, 94, 107]
85: [1, 8, 9]
86: [10]
87: [11]
88: [12]
89: [12]
90: [12]
91: [12]
92: [8, 12]
93: [9, 12]
94: [10, 11, 12, 1]
95: [117, 128]
96: [128, 94, 107]
97: [8, 1, 9]
98: [8, 10]
99: [8, 11]
100: [8, 11]
101: [8, 11]
102: [8, 11]
103: [8, 11]
104: [8, 11]
105: [9, 11]
106: [10, 11, 1]
107: [117, 128]
108: [128, 107]
109: [1, 9]
110: [9, 10]
111: [9, 10]
112: [9, 10]
113: [9, 10]
114: [9, 10]
115: [9, 10]
116: [9, 10]
117: [9, 10]
118: [10, 1]
119: [117, 128]
120: [128, 107]
121: [1]
122: [1]
123: [1]
124: [1]
125: [1]
126: [1]
127: [1]
128: [1]
129: [1]
130: [1]
131: [117, 128]
132: [107]
133: [107, 117]
134: [107, 117]
135: [107, 117]
136: [107, 117]
137: [107, 117]
138: [107, 117]
139: [107, 117]
140: [107, 117]
141: [107, 117]
142: [107, 117]
143: [117]
21
0: [95]
1: [95]
2: [95]
3: [95]
4: [95]
5: [95]
6: [95]
7: [95]
8: [95]
9: [105, 95]
10: [105]
11: [105]
12: [128, 95, 107]
13: [1, 9]
14: [1, 9, 10]
15: [1, 11, 9, 10]
16: [1, 12, 11, 9, 10]
17: [1, 13, 12, 11, 9, 10]
18: [1, 14, 13, 12, 11, 9, 10]
19: [1, 15, 14, 13, 12, 11, 9, 10]
20: [1, 16, 15, 14, 13, 12, 11, 9, 10]
21: []
22: [10, 11, 12, 13, 14, 15, 16, 17, 1]
23: [117, 105, 128]
24: [128, 95, 107]
25: [1, 9]
26: [10]
27: [11]
28: [12]
29: [13]
30: [14]
31: [15]
32: [16]
33: [9, 17]
34: [10, 11, 12, 13, 14, 15, 16, 17, 1]
35: [117, 105, 128]
36: [128, 95, 107]
37: [1, 9]
38: [10]
39: [11]
40: [12]
41: [13]
42: [14]
43: [15]
44: [16]
45: [9, 16]
46: [10, 11, 12, 13, 14, 15, 16, 1]
47: [117, 128]
48: [128, 95, 107]
49: [1, 9]
50: [10]
51: [11]
52: [12]
53: [13]
54: [14]
55: [15]
56: [15]
57: [9, 15]
58: [10, 11, 12, 13, 14, 15, 1]
59: [117, 128]
60: [128, 95, 107]
61: [1, 9]
62: [10]
63: [11]
64: [12]
65: [13]
66: [14]
67: [14]
68: [14]
69: [9, 14]
70: [10, 11, 12, 13, 14, 1]
71: [117, 128]
72: [128, 95, 107]
73: [1, 9]
74: [10]
75: [11]
76: [12]
77: [13]
78: [13]
79: [13]
80: [13]
81: [9, 13]
82: [10, 11, 12, 13, 1]
83: [117, 128]
84: [128, 95, 107]
85: [1, 9]
86: [10]
87: [11]
88: [12]
89: [12]
90: [12]
91: [12]
92: [12]
93: [9, 12]
94: [10, 11, 12, 1]
95: [117, 128]
96: [128, 95, 107]
97: [1, 9]
98: [10]
99: [11]
100: [11]
101: [11]
102: [11]
103: [11]
104: [11]
105: [9, 11]
106: [10, 11, 1]
107: [117, 128]
108: [128, 95, 107]
109: [1, 9]
110: [9, 10]
111: [9, 10]
112: [9, 10]
113: [9, 10]
114: [9, 10]
115: [9, 10]
116: [9, 10]
117: [9, 10]
118: [10, 1]
119: [117, 128]
120: [128, 107]
121: [1]
122: [1]
123: [1]
124: [1]
125: [1]
126: [1]
127: [1]
128: [1]
129: [1]
130: [1]
131: [117, 128]
132: [107]
133: [107, 117]
134: [107, 117]
135: [107, 117]
136: [107, 117]
137: [107, 117]
138: [107, 117]
139: [107, 117]
140: [107, 117]
141: [107, 117]
142: [107, 117]
143: [117]
22
0: [96]
1: [127, 96]
2: [127, 96]
3: [127, 96]
4: [127, 96]
5: [127, 96]
6: [127, 96]
7: [127, 96]
8: [127, 96]
9: [127, 96]
10: [106, 127, 96]
11: [106]
12: [128, 96, 107]
13: [1]
14: [1, 10]
15: [1, 11, 10]
16: [1, 12, 11, 10]
17: [1, 13, 12, 11, 10]
18: [1, 14, 13, 12, 11, 10]
19: [1, 15, 14, 13, 12, 11, 10]
20: [1, 16, 15, 14, 13, 12, 11, 10]
21: [1, 17, 16, 15, 14, 13, 12, 11, 10]
22: []
23: [117, 106, 128]
24: [128, 96, 107]
25: [1]
26: [10]
27: [11]
28: [12]
29: [13]
30: [14]
31: [15]
32: [16]
33: [17]
34: [10, 11, 12, 13, 14, 15, 16, 17, 1]
35: [117, 128]
36: [128, 96, 107]
37: [1]
38: [10]
39: [11]
40: [12]
41: [13]
42: [14]
43: [15]
44: [16]
45: [16]
46: [10, 11, 12, 13, 14, 15, 16, 1]
47: [117, 128]
48: [128, 96, 107]
49: [1]
50: [10]
51: [11]
52: [12]
53: [13]
54: [14]
55: [15]
56: [15]
57: [15]
58: [10, 11, 12, 13, 14, 15, 1]
59: [117, 128]
60: [128, 96, 107]
61: [1]
62: [10]
63: [11]
64: [12]
65: [13]
66: [14]
67: [14]
68: [14]
69: [14]
70: [10, 11, 12, 13, 14, 1]
71: [117, 128]
72: [128, 96, 107]
73: [1]
74: [10]
75: [11]
76: [12]
77: [13]
78: [13]
79: [13]
80: [13]
81: [13]
82: [10, 11, 12, 13, 1]
83: [117, 128]
84: [128, 96, 107]
85: [1]
86: [10]
87: [11]
88: [12]
89: [12]
90: [12]
91: [12]
92: [12]
93: [12]
94: [10, 11, 12, 1]
95: [117, 128]
96: [128, 96, 107]
97: [1]
98: [10]
99: [11]
100: [11]
101: [11]
102: [11]
103: [11]
104: [11]
105: [11]
106: [10, 11, 1]
107: [117, 128]
108: [128, 96, 107]
109: [1]
110: [10]
111: [10]
112: [10]
113: [10]
114: [10]
115: [10]
116: [10]
117: [10]
118: [10, 1]
119: [117, 128]
120: [96, 128, 107]
121: [1]
122: [1]
123: [1]
124: [1]
125: [1]
126: [1]
127: [1]
128: [1]
129: [1]
130: [1]
131: [117, 128]
132: [107]
133: [107, 117, 127]
134: [107, 117, 127]
135: [107, 117, 127]
136: [107, 117, 127]
137: [107, 117, 127]
138: [107, 117, 127]
139: [107, 117, 127]
140: [107, 117, 127]
141: [107, 117, 127]
142: [107, 117, 127]
143: [117]
23
0: [86]
1: [86, 97]
2: [86, 98, 97]
3: [86, 99, 98, 97]
4: [86, 100, 99, 98, 97]
5: [86, 101, 100, 99, 98, 97]
6: [86, 102, 101, 100, 99, 98, 97]
7: [86, 103, 102, 101, 100, 99, 98, 97]
8: [86, 104, 103, 102, 101, 100, 99, 98, 97]
9: [86, 105, 104, 103, 102, 101, 100, 99, 98, 97]
10: [106, 86, 105, 104, 103, 102, 101, 100, 99, 98, 97]
11: [86, 106, 105, 104, 103, 102, 101, 100, 99, 98, 97]
12: [128, 86]
13: [128, 97, 117]
14: [128, 98, 117]
15: [128, 99, 117]
16: [128, 100, 117]
17: [128, 101, 117]
18: [128, 102, 117]
19: [128, 103, 117]
20: [128, 104, 117]
21: [128, 105, 117]
22: [128, 106, 117]
23: []
24: [128, 86]
25: [97, 117]
26: [98]
27: [99]
28: [100]
29: [101]
30: [102]
31: [103]
32: [104]
33: [105]
34: [105]
35: [97, 98, 99, 100, 101, 102, 103, 104, 105, 117, 128, 86]
36: [128, 86]
37: [97, 117]
38: [98]
39: [99]
40: [100]
41: [101]
42: [102]
43: [103]
44: [104]
45: [104]
46: [104]
47: [97, 98, 99, 100, 101, 102, 103, 104, 117, 128, 86]
48: [128, 86]
49: [97, 117]
50: [98]
51: [99]
52: [100]
53: [101]
54: [102]
55: [103]
56: [103]
57: [103]
58: [103]
59: [97, 98, 99, 100, 101, 102, 103, 117, 128, 86]
60: [128, 86]
61: [97, 117]
62: [98]
63: [99]
64: [100]
65: [101]
66: [102]
67: [102]
68: [102]
69: [102]
70: [102]
71: [97, 98, 99, 100, 101, 102, 117, 128, 86]
72: [128, 86]
73: [97, 117]
74: [98]
75: [99]
76: [100]
77: [101]
78: [101]
79: [101]
80: [101]
81: [101]
82: [101]
83: [97, 98, 99, 100, 101, 117, 128, 86]
84: [128, 86]
85: [97, 117]
86: [98]
87: [99]
88: [100]
89: [100]
90: [100]
91: [100]
92: [100]
93: [100]
94: [100]
95: [97, 98, 99, 100, 117, 128, 86]
96: [128, 86]
97: [97, 117]
98: [98]
99: [99]
100: [99]
101: [99]
102: [99]
103: [99]
104: [99]
105: [99]
106: [99]
107: [97, 98, 99, 117, 128, 86]
108: [128, 86]
109: [97, 117]
110: [98]
111: [98]
112: [98]
113: [98]
114: [98]
115: [98]
116: [98]
117: [98]
118: [98]
119: [97, 98, 117, 128, 86]
120: [128, 86]
121: [97, 128, 117]
122: [97, 128]
123: [97, 128]
124: [97, 128]
125: [97, 128]
126: [97, 128]
127: [97, 128]
128: [97, 128]
129: [97, 128]
130: [97, 128]
131: [97, 117, 128, 86]
132: [86]
133: [117, 86]
134: [117, 86]
135: [117, 86]
136: [117, 86]
137: [117, 86]
138: [117, 86]
139: [117, 86]
140: [117, 86]
141: [117, 86]
142: [117, 86]
143: [117, 86]
24
0: [96, 88, 89, 90, 91, 92, 93, 94, 95, 86]
1: [96, 88, 89, 90, 91, 92, 93, 94, 95, 86]
2: [96, 88, 89, 90, 91, 92, 93, 94, 95, 86]
3: [96, 89, 90, 91, 92, 93, 94, 95, 86]
4: [96, 90, 91, 92, 93, 94, 95, 86]
5: [96, 91, 92, 93, 94, 95, 86]
6: [96, 92, 93, 94, 95, 86]
7: [96, 93, 94, 95, 86]
8: [96, 94, 95, 86]
9: [96, 95, 86]
10: [96, 86]
11: [86]
12: [96, 107, 88, 89, 90, 91, 92, 93, 94, 95, 128, 86]
13: [107, 128]
14: [107, 88, 128]
15: [107, 89, 128]
16: [107, 90, 128]
17: [107, 91, 128]
18: [107, 92, 128]
19: [107, 93, 128]
20: [107, 94, 128]
21: [107, 95, 128]
22: [107, 96, 128]
23: [128, 86]
24: []
25: [108, 88]
26: [108, 88]
27: [108, 89]
28: [108, 90]
29: [108, 91]
30: [108, 92]
31: [108, 93]
32: [108, 94]
33: [108, 95]
34: [107, 96]
35: [128, 86]
36: [128, 86, 89, 90, 91, 92, 93, 94, 108, 95, 96, 107]
37: [89]
38: [89]
39: [89]
40: [90]
41: [91]
42: [92]
43: [93]
44: [94]
45: [108, 95]
46: [107, 96]
47: [128, 86]
48: [128, 86, 90, 91, 92, 93, 94, 108, 95, 96, 107]
49: [90]
50: [90]
51: [90]
52: [90]
53: [91]
54: [92]
55: [93]
56: [94]
57: [108, 95]
58: [107, 96]
59: [128, 86]
60: [128, 86, 91, 92, 93, 94, 108, 95, 96, 107]
61: [91]
62: [91]
63: [91]
64: [91]
65: [91]
66: [92]
67: [93]
68: [94]
69: [108, 95]
70: [107, 96]
71: [128, 86]
72: [128, 86, 92, 93, 94, 108, 95, 96, 107]
73: [92]
74: [92]
75: [92]
76: [92]
77: [92]
78: [92]
79: [93]
80: [94]
81: [108, 95]
82: [107, 96]
83: [128, 86]
84: [128, 86, 93, 94, 108, 95, 96, 107]
85: [93]
86: [93]
87: [93]
88: [93]
89: [93]
90: [93]
91: [93]
92: [94]
93: [108, 95]
94: [107, 96]
95: [128, 86]
96: [128, 86, 94, 108, 95, 96, 107]
97: [94]
98: [94]
99: [94]
100: [94]
101: [94]
102: [94]
103: [94]
104: [94]
105: [108, 95]
106: [107, 96]
107: [128, 86]
108: [128, 86, 108, 95, 96, 107]
109: [95]
110: [95]
111: [95]
112: [95]
113: [95]
114: [95]
115: [95]
116: [95]
117: [108, 95]
118: [107, 96]
119: [128, 86]
120: [128, 86, 108, 96, 107]
121: [128, 96]
122: [128, 96]
123: [128, 96]
124: [128, 96]
125: [128, 96]
126: [128, 96]
127: [128, 96]
128: [128, 96]
129: [128, 108, 96]
130: [128, 107, 96]
131: [128, 86]
132: [86, 108, 107]
133: [86, 108, 107]
134: [86, 108, 107]
135: [86, 108, 107]
136: [86, 108, 107]
137: [86, 108, 107]
138: [86, 108, 107]
139: [86, 108, 107]
140: [86, 108, 107]
141: [108, 86, 107]
142: [86, 107]
143: [86]
25
0: [88]
1: [97, 88, 127]
2: [97, 88, 127]
3: [97, 127]
4: [97, 127]
5: [97, 127]
6: [97, 127]
7: [97, 127]
8: [97, 127]
9: [97, 127]
10: [97, 127]
11: [97]
12: [88]
13: [2, 3, 4, 5, 6, 7, 8, 9, 1]
14: [2, 3, 4, 5, 6, 7, 8, 9, 1]
15: [3, 4, 5, 6, 7, 8, 9, 1]
16: [4, 5, 6, 7, 8, 9, 1]
17: [5, 6, 7, 8, 9, 1]
18: [8, 9, 6, 7, 1]
19: [8, 9, 7, 1]
20: [8, 9, 1]
21: [9, 1]
22: [1]
23: [117, 97]
24: [88, 108]
25: []
26: [18, 2]
27: [18, 3]
28: [18, 4]
29: [18, 5]
30: [18, 6]
31: [18, 7]
32: [18, 8]
33: [18, 9]
34: [1]
35: [117, 97]
36: [108]
37: [1, 3, 4, 5, 6, 7, 8, 9, 18]
38: [3]
39: [3]
40: [4]
41: [5]
42: [6]
43: [7]
44: [8]
45: [18, 9]
46: [1]
47: [117, 97]
48: [108]
49: [1, 4, 5, 6, 7, 8, 9, 18]
50: [4]
51: [4]
52: [4]
53: [5]
54: [6]
55: [7]
56: [8]
57: [18, 9]
58: [1]
59: [117, 97]
60: [108]
61: [1, 5, 6, 7, 8, 9, 18]
62: [5]
63: [5]
64: [5]
65: [5]
66: [6]
67: [7]
68: [8]
69: [18, 9]
70: [1]
71: [117, 97]
72: [108]
73: [1, 6, 7, 8, 9, 18]
74: [6]
75: [6]
76: [6]
77: [6]
78: [6]
79: [7]
80: [8]
81: [18, 9]
82: [1]
83: [117, 97]
84: [108]
85: [1, 7, 8, 9, 18]
86: [7]
87: [7]
88: [7]
89: [7]
90: [7]
91: [7]
92: [8]
93: [18, 9]
94: [1]
95: [117, 97]
96: [108]
97: [1, 8, 9, 18]
98: [8]
99: [8]
100: [8]
101: [8]
102: [8]
103: [8]
104: [8]
105: [18, 9]
106: [1]
107: [117, 97]
108: [108]
109: [1, 9, 18]
110: [9]
111: [9]
112: [9]
113: [9]
114: [9]
115: [9]
116: [9]
117: [18, 9]
118: [1]
119: [117, 97]
120: [108]
121: [1, 18]
122: [1, 18]
123: [1, 18]
124: [1, 18]
125: [1, 18]
126: [1, 18]
127: [1, 18]
128: [1, 18]
129: [1, 18]
130: [1]
131: [117, 97]
132: [108]
133: [127, 108, 117]
134: [127, 108, 117]
135: [127, 108, 117]
136: [127, 108, 117]
137: [127, 108, 117]
138: [127, 108, 117]
139: [127, 108, 117]
140: [127, 108, 117]
141: [108, 127, 117]
142: [127, 117]
143: [117]
26
0: [88]
1: [88]
2: [98, 88]
3: [98]
4: [98]
5: [98]
6: [98]
7: [98]
8: [98]
9: [98]
10: [98]
11: [98]
12: [88]
13: [2]
14: [10, 2]
15: [10]
16: [10]
17: [10]
18: [10]
19: [10]
20: [10]
21: [10]
22: [10]
23: [98]
24: [88, 108]
25: [2, 18]
26: []
27: [35, 36, 37, 38, 39, 40, 34]
28: [36, 37, 38, 39, 40, 34]
29: [40, 37, 38, 39, 34]
30: [40, 38, 39, 34]
31: [40, 39, 34]
32: [40, 34]
33: [34]
34: [26, 10]
35: [118, 98]
36: [108]
37: [18]
38: [34, 35, 36, 37, 38, 39, 40]
39: [35]
40: [36]
41: [37]
42: [38]
43: [39]
44: [40]
45: [34]
46: [26, 10]
47: [118, 98]
48: [108]
49: [18]
50: [34, 36, 37, 38, 39, 40]
51: [36]
52: [36]
53: [37]
54: [38]
55: [39]
56: [40]
57: [34]
58: [26, 10]
59: [118, 98]
60: [108]
61: [18]
62: [34, 37, 38, 39, 40]
63: [37]
64: [37]
65: [37]
66: [38]
67: [39]
68: [40]
69: [34]
70: [26, 10]
71: [118, 98]
72: [108]
73: [18]
74: [34, 38, 39, 40]
75: [38]
76: [38]
77: [38]
78: [38]
79: [39]
80: [40]
81: [34]
82: [26, 10]
83: [118, 98]
84: [108]
85: [18]
86: [34, 39, 40]
87: [39]
88: [39]
89: [39]
90: [39]
91: [39]
92: [40]
93: [34]
94: [26, 10]
95: [118, 98]
96: [108]
97: [18]
98: [34, 40]
99: [40]
100: [40]
101: [40]
102: [40]
103: [40]
104: [40]
105: [34]
106: [26, 10]
107: [118, 98]
108: [108]
109: [18]
110: [34]
111: [34]
112: [34]
113: [34]
114: [34]
115: [34]
116: [34]
117: [34]
118: [26, 10]
119: [118, 98]
120: [108]
121: [18]
122: [18, 26]
123: [18, 26]
124: [18, 26]
125: [18, 26]
126: [18, 26]
127: [18, 26]
128: [18, 26]
129: [18, 26]
130: [26]
131: [118]
132: [108]
133: [108]
134: [108, 118]
135: [108, 118]
136: [108, 118]
137: [108, 118]
138: [108, 118]
139: [108, 118]
140: [108, 118]
141: [108, 118]
142: [118]
143: [118]
27
0: [89]
1: [89]
2: [89]
3: [99, 89]
4: [99]
5: [99]
6: [99]
7: [99]
8: [99]
9: [99]
10: [99]
11: [99]
12: [89]
13: [3]
14: [3]
15: [11, 3]
16: [11]
17: [11]
18: [11]
19: [11]
20: [11]
21: [11]
22: [11]
23: [99]
24: [89, 108]
25: [3, 18]
26: [34, 35, 36, 37, 38, 39, 40]
27: []
28: [36, 37, 38, 39, 40, 41, 129, 34]
29: [37, 38, 39, 40, 41, 129, 34]
30: [40, 41, 38, 39, 129, 34]
31: [40, 41, 39, 129, 34]
32: [40, 41, 129, 34]
33: [41, 34]
34: [26, 11]
35: [118, 99]
36: [89, 108]
37: [3, 18]
38: [34, 35, 36, 37, 38, 39, 40]
39: [129, 35, 41]
40: [36]
41: [37]
42: [38]
43: [39]
44: [40, 129]
45: [41, 34]
46: [26, 11]
47: [118, 99]
48: [108]
49: [18]
50: [34, 36, 37, 38, 39, 40]
51: [129, 36, 41]
52: [36]
53: [37]
54: [38]
55: [39]
56: [40, 129]
57: [41, 34]
58: [26, 11]
59: [118, 99]
60: [108]
61: [18]
62: [34, 37, 38, 39, 40]
63: [129, 37, 41]
64: [37]
65: [37]
66: [38]
67: [39]
68: [40, 129]
69: [41, 34]
70: [26, 11]
71: [118, 99]
72: [108]
73: [18]
74: [34, 38, 39, 40]
75: [129, 38, 41]
76: [38]
77: [38]
78: [38]
79: [39]
80: [40, 129]
81: [41, 34]
82: [26, 11]
83: [118, 99]
84: [108]
85: [18]
86: [34, 39, 40]
87: [129, 39, 41]
88: [39]
89: [39]
90: [39]
91: [39]
92: [40, 129]
93: [41, 34]
94: [26, 11]
95: [118, 99]
96: [108]
97: [18]
98: [34, 40]
99: [129, 40, 41]
100: [40, 41]
101: [40, 41]
102: [40, 41]
103: [40, 41]
104: [40, 41, 129]
105: [41, 34]
106: [26, 11]
107: [118, 99]
108: [108]
109: [18]
110: [34]
111: [129, 34]
112: [129, 34]
113: [129, 34]
114: [129, 34]
115: [129, 34]
116: [129, 34]
117: [34]
118: [26]
119: [118]
120: [108]
121: [18]
122: [18, 26]
123: [18, 26]
124: [18, 26]
125: [18, 26]
126: [18, 26]
127: [18, 26]
128: [18, 26]
129: [18, 26]
130: [26]
131: [118]
132: [108]
133: [108]
134: [108, 118]
135: [108, 118]
136: [108, 118]
137: [108, 118]
138: [108, 118]
139: [108, 118]
140: [108, 118]
141: [108, 118]
142: [118]
143: [118]
28
0: [90]
1: [90]
2: [90]
3: [90]
4: [100, 90]
5: [100]
6: [100]
7: [100]
8: [100]
9: [100]
10: [100]
11: [100]
12: [90]
13: [4]
14: [4]
15: [4]
16: [12, 4]
17: [12]
18: [12]
19: [12]
20: [12]
21: [12]
22: [12]
23: [100]
24: [90, 108]
25: [4, 18]
26: [34, 36, 37, 38, 39, 40]
27: [129, 34, 36, 37, 38, 39, 40, 41]
28: []
29: [37, 38, 39, 40, 41, 42, 129, 34]
30: [38, 39, 40, 41, 42, 129, 34]
31: [40, 41, 42, 39, 129, 34]
32: [40, 41, 42, 129, 34]
33: [41, 42, 34]
34: [26, 12]
35: [118, 100]
36: [90, 108]
37: [4, 18]
38: [34, 36, 37, 38, 39, 40]
39: [129, 41]
40: [36, 42]
41: [37]
42: [38]
43: [39]
44: [40, 129]
45: [41, 42, 34]
46: [26, 12]
47: [118, 100]
48: [90, 108]
49: [4, 18]
50: [34, 36, 37, 38, 39, 40]
51: [129, 36, 41]
52: [36, 42]
53: [37]
54: [38]
55: [39]
56: [40, 129]
57: [41, 42, 34]
58: [26, 12]
59: [118, 100]
60: [108]
61: [18]
62: [34, 37, 38, 39, 40]
63: [129, 37, 41]
64: [37, 42]
65: [37]
66: [38]
67: [39]
68: [40, 129]
69: [41, 42, 34]
70: [26, 12]
71: [118, 100]
72: [108]
73: [18]
74: [34, 38, 39, 40]
75: [129, 38, 41]
76: [38, 42]
77: [38]
78: [38]
79: [39]
80: [40, 129]
81: [41, 42, 34]
82: [26, 12]
83: [118, 100]
84: [108]
85: [18]
86: [34, 39, 40]
87: [129, 39, 41]
88: [39, 42]
89: [39, 42]
90: [39, 42]
91: [39, 42]
92: [40, 42, 129]
93: [41, 42, 34]
94: [26, 12]
95: [118, 100]
96: [108]
97: [18]
98: [34, 40]
99: [129, 40, 41]
100: [40, 41]
101: [40, 41]
102: [40, 41]
103: [40, 41]
104: [40, 41, 129]
105: [41, 34]
106: [26]
107: [118]
108: [108]
109: [18]
110: [34]
111: [129, 34]
112: [129, 34]
113: [129, 34]
114: [129, 34]
115: [129, 34]
116: [129, 34]
117: [34]
118: [26]
119: [118]
120: [108]
121: [18]
122: [18, 26]
123: [18, 26]
124: [18, 26]
125: [18, 26]
126: [18, 26]
127: [18, 26]
128: [18, 26]
129: [18, 26]
130: [26]
131: [118]
132: [108]
133: [108]
134: [108, 118]
135: [108, 118]
136: [108, 118]
137: [108, 118]
138: [108, 118]
139: [108, 118]
140: [108, 118]
141: [108, 118]
142: [118]
143: [118]
29
0: [91]
1: [91]
2: [91]
3: [91]
4: [91]
5: [101, 91]
6: [101]
7: [101]
8: [101]
9: [101]
10: [101]
11: [101]
12: [91]
13: [5]
14: [5]
15: [5]
16: [5]
17: [13, 5]
18: [13]
19: [13]
20: [13]
21: [13]
22: [13]
23: [101]
24: [91, 108]
25: [5, 18]
26: [34, 37, 38, 39, 40]
27: [129, 34, 37, 38, 39, 40, 41]
28: [129, 34, 37, 38, 42, 39, 40, 41]
29: []
30: [38, 39, 40, 41, 42, 43, 129, 34]
31: [39, 40, 41, 42, 43, 129, 34]
32: [40, 41, 42, 43, 129, 34]
33: [41, 42, 43, 34]
34: [26, 13]
35: [118, 101]
36: [91, 108]
37: [5, 18]
38: [34, 37, 38, 39, 40]
39: [129, 41]
40: [42]
41: [37, 43]
42: [38]
43: [39]
44: [40, 129]
45: [41, 42, 43, 34]
46: [26, 13]
47: [118, 101]
48: [91, 108]
49: [5, 18]
50: [34, 37, 38, 39, 40]
51: [129, 41]
52: [42]
53: [37, 43]
54: [38]
55: [39]
56: [40, 129]
57: [41, 42, 43, 34]
58: [26, 13]
59: [118, 101]
60: [91, 108]
61: [5, 18]
62: [34, 37, 38, 39, 40]
63: [129, 37, 41]
64: [37, 42]
65: [37, 43]
66: [38]
67: [39]
68: [40, 129]
69: [41, 42, 43, 34]
70: [26, 13]
71: [118, 101]
72: [108]
73: [18]
74: [34, 38, 39, 40]
75: [129, 38, 41]
76: [38, 42]
77: [38, 43]
78: [38, 43]
79: [39, 43]
80: [40, 43, 129]
81: [41, 42, 43, 34]
82: [26, 13]
83: [118, 101]
84: [108]
85: [18]
86: [34, 39, 40]
87: [129, 39, 41]
88: [39, 42]
89: [39, 42]
90: [39, 42]
91: [39, 42]
92: [40, 42, 129]
93: [41, 42, 34]
94: [26]
95: [118]
96: [108]
97: [18]
98: [34, 40]
99: [129, 40, 41]
100: [40, 41]
101: [40, 41]
102: [40, 41]
103: [40, 41]
104: [40, 41, 129]
105: [41, 34]
106: [26]
107: [118]
108: [108]
109: [18]
110: [34]
111: [129, 34]
112: [129, 34]
113: [129, 34]
114: [129, 34]
115: [129, 34]
116: [129, 34]
117: [34]
118: [26]
119: [118]
120: [108]
121: [18]
122: [18, 26]
123: [18, 26]
124: [18, 26]
125: [18, 26]
126: [18, 26]
127: [18, 26]
128: [18, 26]
129: [18, 26]
130: [26]
131: [118]
132: [108]
133: [108]
134: [108, 118]
135: [108, 118]
136: [108, 118]
137: [108, 118]
138: [108, 118]
139: [108, 118]
140: [108, 118]
141: [108, 118]
142: [118]
143: [118]
30
0: [92]
1: [92]
2: [92]
3: [92]
4: [92]
5: [92]
6: [102, 92]
7: [102]
8: [102]
9: [102]
10: [102]
11: [102]
12: [92]
13: [6]
14: [6]
15: [6]
16: [6]
17: [6]
18: [14, 6]
19: [14]
20: [14]
21: [14]
22: [14]
23: [102]
24: [92, 108]
25: [6, 18]
26: [34, 38, 39, 40]
27: [129, 34, 38, 39, 40, 41]
28: [129, 34, 38, 42, 39, 40, 41]
29: [129, 34, 43, 38, 42, 39, 40, 41]
30: []
31: [39, 40, 41, 42, 43, 44, 129, 34]
32: [40, 41, 42, 43, 44, 129, 34]
33: [41, 42, 43, 44, 34]
34: [26, 14]
35: [118, 102]
36: [92, 108]
37: [6, 18]
38: [34, 38, 39, 40]
39: [129, 41]
40: [42]
41: [43]
42: [38, 44]
43: [39]
44: [40, 129]
45: [41, 42, 43, 44, 34]
46: [26, 14]
47: [118, 102]
48: [92, 108]
49: [6, 18]
50: [34, 38, 39, 40]
51: [129, 41]
52: [42]
53: [43]
54: [38, 44]
55: [39]
56: [40, 129]
57: [41, 42, 43, 44, 34]
58: [26, 14]
59: [118, 102]
60: [92, 108]
61: [6, 18]
62: [34, 38, 39, 40]
63: [129, 41]
64: [42]
65: [43]
66: [38, 44]
67: [39, 44]
68: [40, 44, 129]
69: [41, 42, 43, 44, 34]
70: [26, 14]
71: [118, 102]
72: [92, 108]
73: [6, 18]
74: [34, 38, 39, 40]
75: [129, 38, 41]
76: [38, 42]
77: [38, 43]
78: [38, 43]
79: [39, 43]
80: [40, 43, 129]
81: [41, 42, 43, 34]
82: [26]
83: [118]
84: [108]
85: [18]
86: [34, 39, 40]
87: [129, 39, 41]
88: [39, 42]
89: [39, 42]
90: [39, 42]
91: [39, 42]
92: [40, 42, 129]
93: [41, 42, 34]
94: [26]
95: [118]
96: [108]
97: [18]
98: [34, 40]
99: [129, 40, 41]
100: [40, 41]
101: [40, 41]
102: [40, 41]
103: [40, 41]
104: [40, 41, 129]
105: [41, 34]
106: [26]
107: [118]
108: [108]
109: [18]
110: [34]
111: [129, 34]
112: [129, 34]
113: [129, 34]
114: [129, 34]
115: [129, 34]
116: [129, 34]
117: [34]
118: [26]
119: [118]
120: [108]
121: [18]
122: [18, 26]
123: [18, 26]
124: [18, 26]
125: [18, 26]
126: [18, 26]
127: [18, 26]
128: [18, 26]
129: [18, 26]
130: [26]
131: [118]
132: [108]
133: [108]
134: [108, 118]
135: [108, 118]
136: [108, 118]
137: [108, 118]
138: [108, 118]
139: [108, 118]
140: [108, 118]
141: [108, 118]
142: [118]
143: [118]
31
0: [93]
1: [93]
2: [93]
3: [93]
4: [93]
5: [93]
6: [93]
7: [103, 93]
8: [103]
9: [103]
10: [103]
11: [103]
12: [93]
13: [7]
14: [7]
15: [7]
16: [7]
17: [7]
18: [7]
19: [15, 7]
20: [15]
21: [15]
22: [15]
23: [103]
24: [93, 108]
25: [7, 18]
26: [34, 39, 40]
27: [129, 34, 39, 40, 41]
28: [129, 34, 42, 39, 40, 41]
29: [129, 34, 43, 42, 39, 40, 41]
30: [129, 34, 44, 43, 42, 39, 40, 41]
31: []
32: [40, 41, 42, 43, 44, 45, 129, 34]
33: [41, 42, 43, 44, 45, 34]
34: [26, 15]
35: [118, 103]
36: [93, 108]
37: [7, 18]
38: [34, 39, 40]
39: [129, 41]
40: [42]
41: [43]
42: [44]
43: [39, 45]
44: [40, 129]
45: [41, 42, 43, 44, 45, 34]
46: [26, 15]
47: [118, 103]
48: [93, 108]
49: [7, 18]
50: [34, 39, 40]
51: [129, 41]
52: [42]
53: [43]
54: [44]
55: [39, 45]
56: [40, 45, 129]
57: [41, 42, 43, 44, 45, 34]
58: [26, 15]
59: [118, 103]
60: [93, 108]
61: [7, 18]
62: [34, 39, 40]
63: [129, 41]
64: [42]
65: [43]
66: [44]
67: [39, 44]
68: [40, 44, 129]
69: [41, 42, 43, 44, 34]
70: [26]
71: [118]
72: [93, 108]
73: [7, 18]
74: [34, 39, 40]
75: [129, 41]
76: [42]
77: [43]
78: [43]
79: [39, 43]
80: [40, 43, 129]
81: [41, 42, 43, 34]
82: [26]
83: [118]
84: [93, 108]
85: [7, 18]
86: [34, 39, 40]
87: [129, 39, 41]
88: [39, 42]
89: [39, 42]
90: [39, 42]
91: [39, 42]
92: [40, 42, 129]
93: [41, 42, 34]
94: [26]
95: [118]
96: [108]
97: [18]
98: [34, 40]
99: [129, 40, 41]
100: [40, 41]
101: [40, 41]
102: [40, 41]
103: [40, 41]
104: [40, 41, 129]
105: [41, 34]
106: [26]
107: [118]
108: [108]
109: [18]
110: [34]
111: [129, 34]
112: [129, 34]
113: [129, 34]
114: [129, 34]
115: [129, 34]
116: [129, 34]
117: [34]
118: [26]
119: [118]
120: [108]
121: [18]
122: [18, 26]
123: [18, 26]
124: [18, 26]
125: [18, 26]
126: [18, 26]
127: [18, 26]
128: [18, 26]
129: [18, 26]
130: [26]
131: [118]
132: [108]
133: [108]
134: [108, 118]
135: [108, 118]
136: [108, 118]
137: [108, 118]
138: [108, 118]
139: [108, 118]
140: [108, 118]
141: [108, 118]
142: [118]
143: [118]
32
0: [94]
1: [94]
2: [94]
3: [94]
4: [94]
5: [94]
6: [94]
7: [94]
8: [104, 94]
9: [104]
10: [104]
11: [104]
12: [94]
13: [8]
14: [8]
15: [8]
16: [8]
17: [8]
18: [8]
19: [8]
20: [16, 8]
21: [16]
22: [16]
23: [104]
24: [94, 108]
25: [8, 18]
26: [34, 40]
27: [129, 34, 40, 41]
28: [129, 34, 42, 40, 41]
29: [129, 34, 43, 42, 40, 41]
30: [129, 34, 44, 43, 42, 40, 41]
31: [129, 34, 45, 44, 43, 42, 40, 41]
32: []
33: [41, 42, 43, 44, 45, 46, 34]
34: [26, 16]
35: [118, 104]
36: [94, 108]
37: [8, 18]
38: [34, 40]
39: [129, 41]
40: [42]
41: [43]
42: [44]
43: [45]
44: [40, 46, 129]
45: [41, 42, 43, 44, 45, 46, 34]
46: [26, 16]
47: [118, 104]
48: [94, 108]
49: [8, 18]
50: [34, 40]
51: [129, 41]
52: [42]
53: [43]
54: [44]
55: [45]
56: [40, 45, 129]
57: [41, 42, 43, 44, 45, 34]
58: [26]
59: [118]
60: [94, 108]
61: [8, 18]
62: [34, 40]
63: [129, 41]
64: [42]
65: [43]
66: [44]
67: [44]
68: [40, 44, 129]
69: [41, 42, 43, 44, 34]
70: [26]
71: [118]
72: [94, 108]
73: [8, 18]
74: [34, 40]
75: [129, 41]
76: [42]
77: [43]
78: [43]
79: [43]
80: [40, 43, 129]
81: [41, 42, 43, 34]
82: [26]
83: [118]
84: [94, 108]
85: [8, 18]
86: [34, 40]
87: [129, 41]
88: [42]
89: [42]
90: [42]
91: [42]
92: [40, 42, 129]
93: [41, 42, 34]
94: [26]
95: [118]
96: [94, 108]
97: [8, 18]
98: [40, 34]
99: [40, 129, 41]
100: [40, 41]
101: [40, 41]
102: [40, 41]
103: [40, 41]
104: [40, 41, 129]
105: [41, 34]
106: [26]
107: [118]
108: [108]
109: [18]
110: [34]
111: [129, 34]
112: [129, 34]
113: [129, 34]
114: [129, 34]
115: [129, 34]
116: [129, 34]
117: [34]
118: [26]
119: [118]
120: [108]
121: [18]
122: [18, 26]
123: [18, 26]
124: [18, 26]
125: [18, 26]
126: [18, 26]
127: [18, 26]
128: [18, 26]
129: [18, 26]
130: [26]
131: [118]
132: [108]
133: [108]
134: [108, 118]
135: [108, 118]
136: [108, 118]
137: [108, 118]
138: [108, 118]
139: [108, 118]
140: [108, 118]
141: [108, 118]
142: [118]
143: [118]
33
0: [95]
1: [95]
2: [95]
3: [95]
4: [95]
5: [95]
6: [95]
7: [95]
8: [95]
9: [105, 95]
10: [105]
11: [105]
12: [95]
13: [9]
14: [9]
15: [9]
16: [9]
17: [9]
18: [9]
19: [9]
20: [9]
21: [17, 9]
22: [17]
23: [105]
24: [95, 108]
25: [9, 18]
26: [34]
27: [34, 41]
28: [34, 42, 41]
29: [34, 43, 42, 41]
30: [34, 44, 43, 42, 41]
31: [34, 45, 44, 43, 42, 41]
32: [34, 46, 45, 44, 43, 42, 41]
33: []
34: [26, 17]
35: [118, 105]
36: [95, 108]
37: [9, 18]
38: [34]
39: [41]
40: [42]
41: [43]
42: [44]
43: [45]
44: [46]
45: [41, 42, 43, 44, 45, 46, 34]
46: [26]
47: [118]
48: [95, 108]
49: [9, 18]
50: [34]
51: [41]
52: [42]
53: [43]
54: [44]
55: [45]
56: [45]
57: [41, 42, 43, 44, 45, 34]
58: [26]
59: [118]
60: [95, 108]
61: [9, 18]
62: [34]
63: [41]
64: [42]
65: [43]
66: [44]
67: [44]
68: [44]
69: [41, 42, 43, 44, 34]
70: [26]
71: [118]
72: [95, 108]
73: [9, 18]
74: [34]
75: [41]
76: [42]
77: [43]
78: [43]
79: [43]
80: [43]
81: [41, 42, 43, 34]
82: [26]
83: [118]
84: [95, 108]
85: [9, 18]
86: [34]
87: [41]
88: [42]
89: [42]
90: [42]
91: [42]
92: [42]
93: [41, 42, 34]
94: [26]
95: [118]
96: [95, 108]
97: [9, 18]
98: [34]
99: [41]
100: [41]
101: [41]
102: [41]
103: [41]
104: [41]
105: [41, 34]
106: [26]
107: [118]
108: [95, 108]
109: [9, 18]
110: [34]
111: [34]
112: [34]
113: [34]
114: [34]
115: [34]
116: [34]
117: [34]
118: [26]
119: [118]
120: [108]
121: [18]
122: [18, 26]
123: [18, 26]
124: [18, 26]
125: [18, 26]
126: [18, 26]
127: [18, 26]
128: [18, 26]
129: [18, 26]
130: [26]
131: [118]
132: [108]
133: [108]
134: [108, 118]
135: [108, 118]
136: [108, 118]
137: [108, 118]
138: [108, 118]
139: [108, 118]
140: [108, 118]
141: [108, 118]
142: [118]
143: [118]
34
0: [96]
1: [127, 96]
2: [127, 96]
3: [127, 96]
4: [127, 96]
5: [127, 96]
6: [127, 96]
7: [127, 96]
8: [127, 96]
9: [105, 127, 96]
10: [127, 105, 96]
11: [105]
12: [96, 107]
13: [1]
14: [1, 10]
15: [1, 11, 10]
16: [1, 12, 11, 10]
17: [1, 13, 12, 11, 10]
18: [1, 14, 13, 12, 11, 10]
19: [1, 15, 14, 13, 12, 11, 10]
20: [1, 16, 15, 14, 13, 12, 11, 10]
21: [1, 17, 16, 15, 14, 13, 12, 11, 10]
22: [1, 17, 16, 15, 14, 13, 12, 11, 10]
23: [105]
24: [96, 107]
25: [1]
26: [10, 26]
27: [11, 26]
28: [12, 26]
29: [13, 26]
30: [14, 26]
31: [15, 26]
32: [16, 26]
33: [17, 26]
34: []
35: [118, 105]
36: [96, 107]
37: [1]
38: [10, 26]
39: [11]
40: [12]
41: [13]
42: [14]
43: [15]
44: [16]
45: [16]
46: [10, 11, 12, 13, 14, 15, 16, 26, 1]
47: [118]
48: [96, 107]
49: [1]
50: [10, 26]
51: [11]
52: [12]
53: [13]
54: [14]
55: [15]
56: [15]
57: [15]
58: [10, 11, 12, 13, 14, 15, 26, 1]
59: [118]
60: [96, 107]
61: [1]
62: [10, 26]
63: [11]
64: [12]
65: [13]
66: [14]
67: [14]
68: [14]
69: [14]
70: [10, 11, 12, 13, 14, 26, 1]
71: [118]
72: [96, 107]
73: [1]
74: [10, 26]
75: [11]
76: [12]
77: [13]
78: [13]
79: [13]
80: [13]
81: [13]
82: [10, 11, 12, 13, 26, 1]
83: [118]
84: [96, 107]
85: [1]
86: [10, 26]
87: [11]
88: [12]
89: [12]
90: [12]
91: [12]
92: [12]
93: [12]
94: [26, 10, 11, 12, 1]
95: [118]
96: [96, 107]
97: [1]
98: [10, 26]
99: [11]
100: [11]
101: [11]
102: [11]
103: [11]
104: [11]
105: [11]
106: [26, 10, 11, 1]
107: [118]
108: [96, 107]
109: [1]
110: [10, 26]
111: [10]
112: [10]
113: [10]
114: [10]
115: [10]
116: [10]
117: [10]
118: [10, 26, 1]
119: [118]
120: [96, 107]
121: [1]
122: [26, 1]
123: [26, 1]
124: [26, 1]
125: [26, 1]
126: [26, 1]
127: [26, 1]
128: [26, 1]
129: [26, 1]
130: [26, 1]
131: [118]
132: [107]
133: [107, 127]
134: [107, 118, 127]
135: [107, 118, 127]
136: [107, 118, 127]
137: [107, 118, 127]
138: [107, 118, 127]
139: [107, 118, 127]
140: [107, 118, 127]
141: [107, 118, 127]
142: [107, 118, 127]
143: [118]
35
0: [86]
1: [86, 97]
2: [86, 98, 97]
3: [86, 99, 98, 97]
4: [86, 100, 99, 98, 97]
5: [86, 101, 100, 99, 98, 97]
6: [86, 102, 101, 100, 99, 98, 97]
7: [86, 103, 102, 101, 100, 99, 98, 97]
8: [86, 104, 103, 102, 101, 100, 99, 98, 97]
9: [105, 86, 104, 103, 102, 101, 100, 99, 98, 97]
10: [86, 105, 104, 103, 102, 101, 100, 99, 98, 97]
11: [86, 105, 104, 103, 102, 101, 100, 99, 98, 97]
12: [128, 86]
13: [128, 97, 117]
14: [128, 98, 117]
15: [128, 99, 117]
16: [128, 100, 117]
17: [128, 101, 117]
18: [128, 102, 117]
19: [128, 103, 117]
20: [128, 104, 117]
21: [128, 105, 117]
22: [128, 117]
23: [128, 86, 105, 104, 103, 102, 101, 100, 99, 98, 97, 117]
24: [128, 86]
25: [97, 117]
26: [98, 118]
27: [99, 118]
28: [100, 118]
29: [101, 118]
30: [102, 118]
31: [103, 118]
32: [104, 118]
33: [105, 118]
34: [105, 118]
35: []
36: [128, 86]
37: [97, 117]
38: [98, 118]
39: [99]
40: [100]
41: [101]
42: [102]
43: [103]
44: [104]
45: [104]
46: [104]
47: [97, 98, 99, 100, 101, 102, 103, 104, 117, 118, 128, 86]
48: [128, 86]
49: [97, 117]
50: [98, 118]
51: [99]
52: [100]
53: [101]
54: [102]
55: [103]
56: [103]
57: [103]
58: [103]
59: [97, 98, 99, 100, 101, 102, 103, 117, 118, 128, 86]
60: [128, 86]
61: [97, 117]
62: [98, 118]
63: [99]
64: [100]
65: [101]
66: [102]
67: [102]
68: [102]
69: [102]
70: [102]
71: [97, 98, 99, 100, 101, 102, 117, 118, 128, 86]
72: [128, 86]
73: [97, 117]
74: [98, 118]
75: [99]
76: [100]
77: [101]
78: [101]
79: [101]
80: [101]
81: [101]
82: [101]
83: [97, 98, 99, 100, 101, 117, 118, 128, 86]
84: [128, 86]
85: [97, 117]
86: [98, 118]
87: [99]
88: [100]
89: [100]
90: [100]
91: [100]
92: [100]
93: [100]
94: [100]
95: [97, 98, 99, 100, 117, 118, 128, 86]
96: [128, 86]
97: [97, 117]
98: [98, 118]
99: [99]
100: [99]
101: [99]
102: [99]
103: [99]
104: [99]
105: [99]
106: [99]
107: [97, 98, 99, 117, 118, 128, 86]
108: [128, 86]
109: [97, 117]
110: [98, 118]
111: [98]
112: [98]
113: [98]
114: [98]
115: [98]
116: [98]
117: [98]
118: [98]
119: [97, 98, 117, 118, 128, 86]
120: [128, 86]
121: [97, 117, 128]
122: [97, 118, 128]
123: [97, 128]
124: [97, 128]
125: [97, 128]
126: [97, 128]
127: [97, 128]
128: [97, 128]
129: [97, 128]
130: [97, 128]
131: [97, 117, 118, 128, 86]
132: [86]
133: [117, 86]
134: [117, 118, 86]
135: [117, 118, 86]
136: [117, 118, 86]
137: [117, 118, 86]
138: [117, 118, 86]
139: [117, 118, 86]
140: [117, 118, 86]
141: [117, 118, 86]
142: [117, 118, 86]
143: [117, 118, 86]
36
0: [96, 89, 90, 91, 92, 93, 94, 95, 86]
1: [96, 89, 90, 91, 92, 93, 94, 95, 86]
2: [96, 89, 90, 91, 92, 93, 94, 95, 86]
3: [96, 89, 90, 91, 92, 93, 94, 95, 86]
4: [96, 90, 91, 92, 93, 94, 95, 86]
5: [96, 91, 92, 93, 94, 95, 86]
6: [96, 92, 93, 94, 95, 86]
7: [96, 93, 94, 95, 86]
8: [96, 94, 95, 86]
9: [96, 95, 86]
10: [96, 86]
11: [86]
12: [96, 107, 89, 90, 91, 92, 93, 94, 95, 128, 86]
13: [107, 128]
14: [107, 128]
15: [107, 89, 128]
16: [107, 90, 128]
17: [107, 91, 128]
18: [107, 92, 128]
19: [107, 93, 128]
20: [107, 94, 128]
21: [107, 95, 128]
22: [107, 96, 128]
23: [128, 86]
24: [96, 107, 108, 89, 90, 91, 92, 93, 94, 95, 128, 86]
25: [108]
26: [108]
27: [108, 89]
28: [108, 90]
29: [108, 91]
30: [108, 92]
31: [108, 93]
32: [108, 94]
33: [108, 95]
34: [107, 96]
35: [128, 86]
36: []
37: [109, 89]
38: [109, 89]
39: [109, 89]
40: [109, 90]
41: [109, 91]
42: [109, 92]
43: [109, 93]
44: [109, 94]
45: [108, 95]
46: [107, 96]
47: [128, 86]
48: [128, 86, 90, 91, 92, 93, 109, 94, 108, 95, 96, 107]
49: [90]
50: [90]
51: [90]
52: [90]
53: [91]
54: [92]
55: [93]
56: [109, 94]
57: [108, 95]
58: [107, 96]
59: [128, 86]
60: [128, 86, 91, 92, 93, 109, 94, 108, 95, 96, 107]
61: [91]
62: [91]
63: [91]
64: [91]
65: [91]
66: [92]
67: [93]
68: [109, 94]
69: [108, 95]
70: [107, 96]
71: [128, 86]
72: [128, 86, 92, 93, 109, 94, 108, 95, 96, 107]
73: [92]
74: [92]
75: [92]
76: [92]
77: [92]
78: [92]
79: [93]
80: [109, 94]
81: [108, 95]
82: [107, 96]
83: [128, 86]
84: [128, 86, 93, 109, 94, 108, 95, 96, 107]
85: [93]
86: [93]
87: [93]
88: [93]
89: [93]
90: [93]
91: [93]
92: [109, 94]
93: [108, 95]
94: [107, 96]
95: [128, 86]
96: [128, 86, 109, 94, 108, 95, 96, 107]
97: [94]
98: [94]
99: [94]
100: [94]
101: [94]
102: [94]
103: [94]
104: [109, 94]
105: [108, 95]
106: [107, 96]
107: [128, 86]
108: [128, 86, 109, 108, 95, 96, 107]
109: [95]
110: [95]
111: [95]
112: [95]
113: [95]
114: [95]
115: [95]
116: [109, 95]
117: [108, 95]
118: [107, 96]
119: [128, 86]
120: [128, 86, 109, 108, 96, 107]
121: [128, 96]
122: [128, 96]
123: [128, 96]
124: [128, 96]
125: [128, 96]
126: [128, 96]
127: [128, 96]
128: [128, 109, 96]
129: [128, 108, 96]
130: [128, 107, 96]
131: [128, 86]
132: [86, 109, 108, 107]
133: [86, 109, 108, 107]
134: [86, 109, 108, 107]
135: [86, 109, 108, 107]
136: [86, 109, 108, 107]
137: [86, 109, 108, 107]
138: [86, 109, 108, 107]
139: [86, 109, 108, 107]
140: [109, 86, 108, 107]
141: [86, 108, 107]
142: [86, 107]
143: [86]
37
0: [89]
1: [97, 89, 127]
2: [97, 89, 127]
3: [97, 89, 127]
4: [97, 127]
5: [97, 127]
6: [97, 127]
7: [97, 127]
8: [97, 127]
9: [97, 127]
10: [97, 127]
11: [97]
12: [89]
13: [3, 4, 5, 6, 7, 8, 9, 1]
14: [3, 4, 5, 6, 7, 8, 9, 1]
15: [3, 4, 5, 6, 7, 8, 9, 1]
16: [4, 5, 6, 7, 8, 9, 1]
17: [5, 6, 7, 8, 9, 1]
18: [8, 9, 6, 7, 1]
19: [8, 9, 7, 1]
20: [8, 9, 1]
21: [9, 1]
22: [1]
23: [117, 97]
24: [89]
25: [3, 4, 5, 6, 7, 8, 9, 18, 1]
26: [18]
27: [18, 3]
28: [18, 4]
29: [18, 5]
30: [18, 6]
31: [18, 7]
32: [18, 8]
33: [18, 9]
34: [1]
35: [117, 97]
36: [89, 109]
37: []
38: [19, 3]
39: [19, 3]
40: [19, 4]
41: [19, 5]
42: [19, 6]
43: [19, 7]
44: [19, 8]
45: [18, 9]
46: [1]
47: [117, 97]
48: [109]
49: [1, 4, 5, 6, 7, 8, 19, 9, 18]
50: [4]
51: [4]
52: [4]
53: [5]
54: [6]
55: [7]
56: [19, 8]
57: [18, 9]
58: [1]
59: [117, 97]
60: [109]
61: [1, 5, 6, 7, 8, 19, 9, 18]
62: [5]
63: [5]
64: [5]
65: [5]
66: [6]
67: [7]
68: [19, 8]
69: [18, 9]
70: [1]
71: [117, 97]
72: [109]
73: [1, 6, 7, 8, 19, 9, 18]
74: [6]
75: [6]
76: [6]
77: [6]
78: [6]
79: [7]
80: [19, 8]
81: [18, 9]
82: [1]
83: [117, 97]
84: [109]
85: [1, 7, 8, 19, 9, 18]
86: [7]
87: [7]
88: [7]
89: [7]
90: [7]
91: [7]
92: [19, 8]
93: [18, 9]
94: [1]
95: [117, 97]
96: [109]
97: [1, 8, 19, 9, 18]
98: [8]
99: [8]
100: [8]
101: [8]
102: [8]
103: [8]
104: [19, 8]
105: [18, 9]
106: [1]
107: [117, 97]
108: [109]
109: [1, 19, 9, 18]
110: [9]
111: [9]
112: [9]
113: [9]
114: [9]
115: [9]
116: [19, 9]
117: [18, 9]
118: [1]
119: [117, 97]
120: [109]
121: [1, 19, 18]
122: [1, 19, 18]
123: [1, 19, 18]
124: [1, 19, 18]
125: [1, 19, 18]
126: [1, 19, 18]
127: [1, 19, 18]
128: [1, 19, 18]
129: [1, 18]
130: [1]
131: [117, 97]
132: [109]
133: [127, 109, 117]
134: [127, 109, 117]
135: [127, 109, 117]
136: [127, 109, 117]
137: [127, 109, 117]
138: [127, 109, 117]
139: [127, 109, 117]
140: [109, 127, 117]
141: [127, 117]
142: [127, 117]
143: [117]
38
0: [89]
1: [89]
2: [98, 89]
3: [98, 89]
4: [98]
5: [98]
6: [98]
7: [98]
8: [98]
9: [98]
10: [98]
11: [98]
12: [89]
13: [3]
14: [10, 3]
15: [10, 3]
16: [10]
17: [10]
18: [10]
19: [10]
20: [10]
21: [10]
22: [10]
23: [98]
24: [89]
25: [3]
26: [35, 36, 37, 38, 39, 40, 34]
27: [35, 36, 37, 38, 39, 40, 34]
28: [36, 37, 38, 39, 40, 34]
29: [40, 37, 38, 39, 34]
30: [40, 38, 39, 34]
31: [40, 39, 34]
32: [40, 34]
33: [34]
34: [26, 10]
35: [118, 98]
36: [89, 109]
37: [3, 19]
38: []
39: [47, 35, 130]
40: [47, 36, 130]
41: [47, 37, 130]
42: [47, 38, 130]
43: [47, 39, 130]
44: [47, 40, 130]
45: [130, 34]
46: [26, 10]
47: [118, 98]
48: [109]
49: [19]
50: [34, 130, 36, 37, 38, 39, 40, 47]
51: [36]
52: [36]
53: [37]
54: [38]
55: [39]
56: [47, 40]
57: [130, 34]
58: [26, 10]
59: [118, 98]
60: [109]
61: [19]
62: [34, 130, 37, 38, 39, 40, 47]
63: [37]
64: [37]
65: [37]
66: [38]
67: [39]
68: [47, 40]
69: [130, 34]
70: [26, 10]
71: [118, 98]
72: [109]
73: [19]
74: [34, 130, 38, 39, 40, 47]
75: [38]
76: [38]
77: [38]
78: [38]
79: [39]
80: [47, 40]
81: [130, 34]
82: [26, 10]
83: [118, 98]
84: [109]
85: [19]
86: [34, 130, 39, 40, 47]
87: [39]
88: [39]
89: [39]
90: [39]
91: [39]
92: [47, 40]
93: [130, 34]
94: [26, 10]
95: [118, 98]
96: [109]
97: [19]
98: [34, 130, 40, 47]
99: [130, 40]
100: [130, 40]
101: [130, 40]
102: [130, 40]
103: [130, 40]
104: [130, 47, 40]
105: [130, 34]
106: [26, 10]
107: [118, 98]
108: [109]
109: [19]
110: [34, 47]
111: [34, 47]
112: [34, 47]
113: [34, 47]
114: [34, 47]
115: [34, 47]
116: [34, 47]
117: [34]
118: [26, 10]
119: [118, 98]
120: [109]
121: [19]
122: [19, 26]
123: [19, 26]
124: [19, 26]
125: [19, 26]
126: [19, 26]
127: [19, 26]
128: [19, 26]
129: [26]
130: [26]
131: [118]
132: [109]
133: [109]
134: [109, 118]
135: [109, 118]
136: [109, 118]
137: [109, 118]
138: [109, 118]
139: [109, 118]
140: [109, 118]
141: [118]
142: [118]
143: [118]
39
0: [89]
1: [89]
2: [89]
3: [99, 89]
4: [99]
5: [99]
6: [99]
7: [99]
8: [99]
9: [99]
10: [99]
11: [99]
12: [89]
13: [3]
14: [3]
15: [11, 3]
16: [11]
17: [11]
18: [11]
19: [11]
20: [11]
21: [11]
22: [11]
23: [99]
24: [89]
25: [3]
26: [35]
27: [41, 35, 129]
28: [41, 129]
29: [41, 129]
30: [41, 129]
31: [41, 129]
32: [41, 129]
33: [41]
34: [11]
35: [99]
36: [89, 109]
37: [3, 19]
38: [130, 35, 47]
39: []
40: [60, 61, 62, 63, 59]
41: [61, 62, 63, 59]
42: [62, 63, 59]
43: [63, 59]
44: [59]
45: [53, 41, 130]
46: [27, 11]
47: [119, 99]
48: [109]
49: [19]
50: [130, 47]
51: [59, 60, 61, 62, 63]
52: [60]
53: [61]
54: [62]
55: [63]
56: [59]
57: [53, 41, 130]
58: [27, 11]
59: [119, 99]
60: [109]
61: [19]
62: [130, 47]
63: [59, 61, 62, 63]
64: [61]
65: [61]
66: [62]
67: [63]
68: [59]
69: [53, 41, 130]
70: [27, 11]
71: [119, 99]
72: [109]
73: [19]
74: [130, 47]
75: [59, 62, 63]
76: [62]
77: [62]
78: [62]
79: [63]
80: [59]
81: [53, 41, 130]
82: [27, 11]
83: [119, 99]
84: [109]
85: [19]
86: [130, 47]
87: [59, 63]
88: [63]
89: [63]
90: [63]
91: [63]
92: [59]
93: [53, 41, 130]
94: [27, 11]
95: [119, 99]
96: [109]
97: [19]
98: [130, 47]
99: [59]
100: [59]
101: [59]
102: [59]
103: [59]
104: [59]
105: [53, 41, 130]
106: [27, 11]
107: [119, 99]
108: [109]
109: [19]
110: [47]
111: [129, 47, 53]
112: [129, 47, 53]
113: [129, 47, 53]
114: [129, 47, 53]
115: [129, 47, 53]
116: [129, 47, 53]
117: [53]
118: [27]
119: [119]
120: [109]
121: [19]
122: [19]
123: [19, 27]
124: [19, 27]
125: [19, 27]
126: [19, 27]
127: [19, 27]
128: [19, 27]
129: [27]
130: [27]
131: [119]
132: [109]
133: [109]
134: [109]
135: [109, 119]
136: [109, 119]
137: [109, 119]
138: [109, 119]
139: [109, 119]
140: [109, 119]
141: [119]
142: [119]
143: [119]
40
0: [90]
1: [90]
2: [90]
3: [90]
4: [100, 90]
5: [100]
6: [100]
7: [100]
8: [100]
9: [100]
10: [100]
11: [100]
12: [90]
13: [4]
14: [4]
15: [4]
16: [12, 4]
17: [12]
18: [12]
19: [12]
20: [12]
21: [12]
22: [12]
23: [100]
24: [90]
25: [4]
26: [36]
27: [36]
28: [42, 36]
29: [42]
30: [42]
31: [42]
32: [42]
33: [42]
34: [12]
35: [100]
36: [90, 109]
37: [4, 19]
38: [130, 36, 47]
39: [59, 60, 61, 62, 63]
40: []
41: [64, 61, 62, 63, 59]
42: [64, 62, 63, 59]
43: [64, 63, 59]
44: [64, 59]
45: [53, 42, 130]
46: [27, 12]
47: [119, 100]
48: [90, 109]
49: [4, 19]
50: [130, 36, 47]
51: [59, 60, 61, 62, 63]
52: [60, 64]
53: [61]
54: [62]
55: [63]
56: [64, 59]
57: [53, 42, 130]
58: [27, 12]
59: [119, 100]
60: [109]
61: [19]
62: [130, 47]
63: [59, 61, 62, 63]
64: [61, 64]
65: [61]
66: [62]
67: [63]
68: [64, 59]
69: [53, 42, 130]
70: [27, 12]
71: [119, 100]
72: [109]
73: [19]
74: [130, 47]
75: [59, 62, 63]
76: [62, 64]
77: [62]
78: [62]
79: [63]
80: [64, 59]
81: [53, 42, 130]
82: [27, 12]
83: [119, 100]
84: [109]
85: [19]
86: [130, 47]
87: [59, 63]
88: [63, 64]
89: [63, 64]
90: [63, 64]
91: [63, 64]
92: [64, 59]
93: [53, 42, 130]
94: [27, 12]
95: [119, 100]
96: [109]
97: [19]
98: [130, 47]
99: [59]
100: [59]
101: [59]
102: [59]
103: [59]
104: [59]
105: [53, 130]
106: [27]
107: [119]
108: [109]
109: [19]
110: [47]
111: [47, 53]
112: [47, 53]
113: [47, 53]
114: [47, 53]
115: [47, 53]
116: [47, 53]
117: [53]
118: [27]
119: [119]
120: [109]
121: [19]
122: [19]
123: [19, 27]
124: [19, 27]
125: [19, 27]
126: [19, 27]
127: [19, 27]
128: [19, 27]
129: [27]
130: [27]
131: [119]
132: [109]
133: [109]
134: [109]
135: [109, 119]
136: [109, 119]
137: [109, 119]
138: [109, 119]
139: [109, 119]
140: [109, 119]
141: [119]
142: [119]
143: [119]
41
0: [91]
1: [91]
2: [91]
3: [91]
4: [91]
5: [101, 91]
6: [101]
7: [101]
8: [101]
9: [101]
10: [101]
11: [101]
12: [91]
13: [5]
14: [5]
15: [5]
16: [5]
17: [13, 5]
18: [13]
19: [13]
20: [13]
21: [13]
22: [13]
23: [101]
24: [91]
25: [5]
26: [37]
27: [37]
28: [37]
29: [43, 37]
30: [43]
31: [43]
32: [43]
33: [43]
34: [13]
35: [101]
36: [91, 109]
37: [5, 19]
38: [130, 37, 47]
39: [59, 61, 62, 63]
40: [59, 61, 62, 64, 63]
41: []
42: [64, 65, 62, 63, 59]
43: [64, 65, 63, 59]
44: [64, 65, 59]
45: [53, 43, 130]
46: [27, 13]
47: [119, 101]
48: [91, 109]
49: [5, 19]
50: [130, 37, 47]
51: [59, 61, 62, 63]
52: [64]
53: [61, 65]
54: [62]
55: [63]
56: [64, 65, 59]
57: [53, 43, 130]
58: [27, 13]
59: [119, 101]
60: [91, 109]
61: [5, 19]
62: [130, 37, 47]
63: [59, 61, 62, 63]
64: [61, 64]
65: [61, 65]
66: [62]
67: [63]
68: [64, 65, 59]
69: [53, 43, 130]
70: [27, 13]
71: [119, 101]
72: [109]
73: [19]
74: [130, 47]
75: [59, 62, 63]
76: [62, 64]
77: [62, 65]
78: [62, 65]
79: [63, 65]
80: [64, 65, 59]
81: [53, 43, 130]
82: [27, 13]
83: [119, 101]
84: [109]
85: [19]
86: [130, 47]
87: [59, 63]
88: [63, 64]
89: [63, 64]
90: [63, 64]
91: [63, 64]
92: [64, 59]
93: [53, 130]
94: [27]
95: [119]
96: [109]
97: [19]
98: [130, 47]
99: [59]
100: [59]
101: [59]
102: [59]
103: [59]
104: [59]
105: [53, 130]
106: [27]
107: [119]
108: [109]
109: [19]
110: [47]
111: [47, 53]
112: [47, 53]
113: [47, 53]
114: [47, 53]
115: [47, 53]
116: [47, 53]
117: [53]
118: [27]
119: [119]
120: [109]
121: [19]
122: [19]
123: [19, 27]
124: [19, 27]
125: [19, 27]
126: [19, 27]
127: [19, 27]
128: [19, 27]
129: [27]
130: [27]
131: [119]
132: [109]
133: [109]
134: [109]
135: [109, 119]
136: [109, 119]
137: [109, 119]
138: [109, 119]
139: [109, 119]
140: [109, 119]
141: [119]
142: [119]
143: [119]
42
0: [92]
1: [92]
2: [92]
3: [92]
4: [92]
5: [92]
6: [102, 92]
7: [102]
8: [102]
9: [102]
10: [102]
11: [102]
12: [92]
13: [6]
14: [6]
15: [6]
16: [6]
17: [6]
18: [14, 6]
19: [14]
20: [14]
21: [14]
22: [14]
23: [102]
24: [92]
25: [6]
26: [38]
27: [38]
28: [38]
29: [38]
30: [44, 38]
31: [44]
32: [44]
33: [44]
34: [14]
35: [102]
36: [92, 109]
37: [6, 19]
38: [130, 38, 47]
39: [59, 62, 63]
40: [59, 62, 64, 63]
41: [59, 65, 62, 64, 63]
42: []
43: [64, 65, 66, 63, 59]
44: [64, 65, 66, 59]
45: [53, 44, 130]
46: [27, 14]
47: [119, 102]
48: [92, 109]
49: [6, 19]
50: [130, 38, 47]
51: [59, 62, 63]
52: [64]
53: [65]
54: [62, 66]
55: [63]
56: [64, 65, 66, 59]
57: [53, 44, 130]
58: [27, 14]
59: [119, 102]
60: [92, 109]
61: [6, 19]
62: [130, 38, 47]
63: [59, 62, 63]
64: [64]
65: [65]
66: [62, 66]
67: [63, 66]
68: [64, 65, 66, 59]
69: [53, 44, 130]
70: [27, 14]
71: [119, 102]
72: [92, 109]
73: [6, 19]
74: [130, 38, 47]
75: [59, 62, 63]
76: [62, 64]
77: [62, 65]
78: [62, 65]
79: [63, 65]
80: [64, 65, 59]
81: [53, 130]
82: [27]
83: [119]
84: [109]
85: [19]
86: [130, 47]
87: [59, 63]
88: [63, 64]
89: [63, 64]
90: [63, 64]
91: [63, 64]
92: [64, 59]
93: [53, 130]
94: [27]
95: [119]
96: [109]
97: [19]
98: [130, 47]
99: [59]
100: [59]
101: [59]
102: [59]
103: [59]
104: [59]
105: [53, 130]
106: [27]
107: [119]
108: [109]
109: [19]
110: [47]
111: [47, 53]
112: [47, 53]
113: [47, 53]
114: [47, 53]
115: [47, 53]
116: [47, 53]
117: [53]
118: [27]
119: [119]
120: [109]
121: [19]
122: [19]
123: [19, 27]
124: [19, 27]
125: [19, 27]
126: [19, 27]
127: [19, 27]
128: [19, 27]
129: [27]
130: [27]
131: [119]
132: [109]
133: [109]
134: [109]
135: [109, 119]
136: [109, 119]
137: [109, 119]
138: [109, 119]
139: [109, 119]
140: [109, 119]
141: [119]
142: [119]
143: [119]
43
0: [93]
1: [93]
2: [93]
3: [93]
4: [93]
5: [93]
6: [93]
7: [103, 93]
8: [103]
9: [103]
10: [103]
11: [103]
12: [93]
13: [7]
14: [7]
15: [7]
16: [7]
17: [7]
18: [7]
19: [15, 7]
20: [15]
21: [15]
22: [15]
23: [103]
24: [93]
25: [7]
26: [39]
27: [39]
28: [39]
29: [39]
30: [39]
31: [45, 39]
32: [45]
33: [45]
34: [15]
35: [103]
36: [93, 109]
37: [7, 19]
38: [130, 39, 47]
39: [59, 63]
40: [59, 64, 63]
41: [59, 65, 64, 63]
42: [59, 66, 65, 64, 63]
43: []
44: [64, 65, 66, 67, 59]
45: [53, 45, 130]
46: [27, 15]
47: [119, 103]
48: [93, 109]
49: [7, 19]
50: [130, 39, 47]
51: [59, 63]
52: [64]
53: [65]
54: [66]
55: [63, 67]
56: [64, 65, 66, 67, 59]
57: [53, 45, 130]
58: [27, 15]
59: [119, 103]
60: [93, 109]
61: [7, 19]
62: [130, 39, 47]
63: [59, 63]
64: [64]
65: [65]
66: [66]
67: [63, 66]
68: [64, 65, 66, 59]
69: [53, 130]
70: [27]
71: [119]
72: [93, 109]
73: [7, 19]
74: [130, 39, 47]
75: [59, 63]
76: [64]
77: [65]
78: [65]
79: [63, 65]
80: [64, 65, 59]
81: [53, 130]
82: [27]
83: [119]
84: [93, 109]
85: [7, 19]
86: [130, 39, 47]
87: [59, 63]
88: [63, 64]
89: [63, 64]
90: [63, 64]
91: [63, 64]
92: [64, 59]
93: [53, 130]
94: [27]
95: [119]
96: [109]
97: [19]
98: [130, 47]
99: [59]
100: [59]
101: [59]
102: [59]
103: [59]
104: [59]
105: [53, 130]
106: [27]
107: [119]
108: [109]
109: [19]
110: [47]
111: [47, 53]
112: [47, 53]
113: [47, 53]
114: [47, 53]
115: [47, 53]
116: [47, 53]
117: [53]
118: [27]
119: [119]
120: [109]
121: [19]
122: [19]
123: [19, 27]
124: [19, 27]
125: [19, 27]
126: [19, 27]
127: [19, 27]
128: [19, 27]
129: [27]
130: [27]
131: [119]
132: [109]
133: [109]
134: [109]
135: [109, 119]
136: [109, 119]
137: [109, 119]
138: [109, 119]
139: [109, 119]
140: [109, 119]
141: [119]
142: [119]
143: [119]
44
0: [94]
1: [94]
2: [94]
3: [94]
4: [94]
5: [94]
6: [94]
7: [94]
8: [104, 94]
9: [104]
10: [104]
11: [104]
12: [94]
13: [8]
14: [8]
15: [8]
16: [8]
17: [8]
18: [8]
19: [8]
20: [16, 8]
21: [16]
22: [16]
23: [104]
24: [94]
25: [8]
26: [40]
27: [129, 40]
28: [129, 40]
29: [129, 40]
30: [129, 40]
31: [129, 40]
32: [129, 46, 40]
33: [46]
34: [16]
35: [104]
36: [94, 109]
37: [8, 19]
38: [130, 40, 47]
39: [59]
40: [59, 64]
41: [59, 65, 64]
42: [59, 66, 65, 64]
43: [59, 67, 66, 65, 64]
44: []
45: [53, 46, 130]
46: [27, 16]
47: [119, 104]
48: [94, 109]
49: [8, 19]
50: [130, 40, 47]
51: [59]
52: [64]
53: [65]
54: [66]
55: [67]
56: [64, 65, 66, 67, 59]
57: [53, 130]
58: [27]
59: [119]
60: [94, 109]
61: [8, 19]
62: [130, 40, 47]
63: [59]
64: [64]
65: [65]
66: [66]
67: [66]
68: [64, 65, 66, 59]
69: [53, 130]
70: [27]
71: [119]
72: [94, 109]
73: [8, 19]
74: [130, 40, 47]
75: [59]
76: [64]
77: [65]
78: [65]
79: [65]
80: [64, 65, 59]
81: [53, 130]
82: [27]
83: [119]
84: [94, 109]
85: [8, 19]
86: [130, 40, 47]
87: [59]
88: [64]
89: [64]
90: [64]
91: [64]
92: [64, 59]
93: [53, 130]
94: [27]
95: [119]
96: [94, 109]
97: [8, 19]
98: [40, 130, 47]
99: [59]
100: [59]
101: [59]
102: [59]
103: [59]
104: [59]
105: [53, 130]
106: [27]
107: [119]
108: [109]
109: [19]
110: [47]
111: [47, 129, 53]
112: [47, 53, 129]
113: [47, 53, 129]
114: [47, 53, 129]
115: [47, 53, 129]
116: [47, 53, 129]
117: [53]
118: [27]
119: [119]
120: [109]
121: [19]
122: [19]
123: [19, 27]
124: [19, 27]
125: [19, 27]
126: [19, 27]
127: [19, 27]
128: [19, 27]
129: [27]
130: [27]
131: [119]
132: [109]
133: [109]
134: [109]
135: [109, 119]
136: [109, 119]
137: [109, 119]
138: [109, 119]
139: [109, 119]
140: [109, 119]
141: [119]
142: [119]
143: [119]
45
0: [95]
1: [95]
2: [95]
3: [95]
4: [95]
5: [95]
6: [95]
7: [95]
8: [104, 95]
9: [104, 95]
10: [104]
11: [104]
12: [95]
13: [9]
14: [9]
15: [9]
16: [9]
17: [9]
18: [9]
19: [9]
20: [16, 9]
21: [16, 9]
22: [16]
23: [104]
24: [95, 108]
25: [9, 18]
26: [34]
27: [34, 41]
28: [34, 42, 41]
29: [34, 43, 42, 41]
30: [34, 44, 43, 42, 41]
31: [34, 45, 44, 43, 42, 41]
32: [34, 46, 45, 44, 43, 42, 41]
33: [34, 46, 45, 44, 43, 42, 41]
34: [16]
35: [104]
36: [95, 108]
37: [9, 18]
38: [130, 34]
39: [130, 41, 53]
40: [130, 42, 53]
41: [130, 43, 53]
42: [130, 44, 53]
43: [130, 45, 53]
44: [130, 46, 53]
45: []
46: [27, 16]
47: [119, 104]
48: [95, 108]
49: [9, 18]
50: [130, 34]
51: [41, 53]
52: [42]
53: [43]
54: [44]
55: [45]
56: [45]
57: [41, 42, 43, 44, 45, 53, 130, 34]
58: [27]
59: [119]
60: [95, 108]
61: [9, 18]
62: [130, 34]
63: [41, 53]
64: [42]
65: [43]
66: [44]
67: [44]
68: [44]
69: [41, 42, 43, 44, 53, 130, 34]
70: [27]
71: [119]
72: [95, 108]
73: [9, 18]
74: [130, 34]
75: [41, 53]
76: [42]
77: [43]
78: [43]
79: [43]
80: [43]
81: [41, 42, 43, 53, 130, 34]
82: [27]
83: [119]
84: [95, 108]
85: [9, 18]
86: [130, 34]
87: [41, 53]
88: [42]
89: [42]
90: [42]
91: [42]
92: [42]
93: [41, 42, 53, 130, 34]
94: [27]
95: [119]
96: [95, 108]
97: [9, 18]
98: [130, 34]
99: [41, 130, 53]
100: [41, 130]
101: [41, 130]
102: [41, 130]
103: [41, 130]
104: [41, 130]
105: [41, 53, 130, 34]
106: [27]
107: [119]
108: [95, 108]
109: [9, 18]
110: [34]
111: [53, 34]
112: [53, 34]
113: [53, 34]
114: [53, 34]
115: [53, 34]
116: [53, 34]
117: [53, 34]
118: [27]
119: [119]
120: [108]
121: [18]
122: [18]
123: [18, 27]
124: [18, 27]
125: [18, 27]
126: [18, 27]
127: [18, 27]
128: [18, 27]
129: [18, 27]
130: [27]
131: [119]
132: [108]
133: [108]
134: [108]
135: [108, 119]
136: [108, 119]
137: [108, 119]
138: [108, 119]
139: [108, 119]
140: [108, 119]
141: [108, 119]
142: [119]
143: [119]
46
0: [96]
1: [127, 96]
2: [127, 96]
3: [127, 96]
4: [127, 96]
5: [127, 96]
6: [127, 96]
7: [127, 96]
8: [104, 127, 96]
9: [127, 104, 96]
10: [127, 104, 96]
11: [104]
12: [96, 107]
13: [1]
14: [1, 10]
15: [1, 11, 10]
16: [1, 12, 11, 10]
17: [1, 13, 12, 11, 10]
18: [1, 14, 13, 12, 11, 10]
19: [1, 15, 14, 13, 12, 11, 10]
20: [16, 1, 15, 14, 13, 12, 11, 10]
21: [1, 16, 15, 14, 13, 12, 11, 10]
22: [1, 16, 15, 14, 13, 12, 11, 10]
23: [104]
24: [96, 107]
25: [1]
26: [10, 26]
27: [11, 26]
28: [12, 26]
29: [13, 26]
30: [14, 26]
31: [15, 26]
32: [16, 26]
33: [26]
34: [1, 16, 15, 14, 13, 12, 11, 10, 26]
35: [104]
36: [96, 107]
37: [1]
38: [10, 26]
39: [11, 27]
40: [12, 27]
41: [13, 27]
42: [14, 27]
43: [15, 27]
44: [16, 27]
45: [16, 27]
46: []
47: [119, 104]
48: [96, 107]
49: [1]
50: [10, 26]
51: [11, 27]
52: [12]
53: [13]
54: [14]
55: [15]
56: [15]
57: [15]
58: [10, 11, 12, 13, 14, 15, 26, 27, 1]
59: [119]
60: [96, 107]
61: [1]
62: [10, 26]
63: [11, 27]
64: [12]
65: [13]
66: [14]
67: [14]
68: [14]
69: [14]
70: [10, 11, 12, 13, 14, 26, 27, 1]
71: [119]
72: [96, 107]
73: [1]
74: [10, 26]
75: [11, 27]
76: [12]
77: [13]
78: [13]
79: [13]
80: [13]
81: [13]
82: [10, 11, 12, 13, 26, 27, 1]
83: [119]
84: [96, 107]
85: [1]
86: [10, 26]
87: [11, 27]
88: [12]
89: [12]
90: [12]
91: [12]
92: [12]
93: [12]
94: [10, 11, 12, 26, 27, 1]
95: [119]
96: [96, 107]
97: [1]
98: [10, 26]
99: [11, 27]
100: [11]
101: [11]
102: [11]
103: [11]
104: [11]
105: [11]
106: [26, 27, 10, 11, 1]
107: [119]
108: [96, 107]
109: [1]
110: [10, 26]
111: [10, 27]
112: [10]
113: [10]
114: [10]
115: [10]
116: [10]
117: [10]
118: [27, 10, 26, 1]
119: [119]
120: [96, 107]
121: [1]
122: [26, 1]
123: [26, 27, 1]
124: [26, 27, 1]
125: [26, 27, 1]
126: [26, 27, 1]
127: [26, 27, 1]
128: [26, 27, 1]
129: [26, 27, 1]
130: [26, 27, 1]
131: [119]
132: [107]
133: [107, 127]
134: [107, 127]
135: [107, 119, 127]
136: [107, 119, 127]
137: [107, 119, 127]
138: [107, 119, 127]
139: [107, 119, 127]
140: [107, 119, 127]
141: [107, 119, 127]
142: [107, 119, 127]
143: [119]
47
0: [86]
1: [86, 97]
2: [86, 98, 97]
3: [86, 99, 98, 97]
4: [86, 100, 99, 98, 97]
5: [86, 101, 100, 99, 98, 97]
6: [86, 102, 101, 100, 99, 98, 97]
7: [86, 103, 102, 101, 100, 99, 98, 97]
8: [104, 86, 103, 102, 101, 100, 99, 98, 97]
9: [86, 104, 103, 102, 101, 100, 99, 98, 97]
10: [86, 104, 103, 102, 101, 100, 99, 98, 97]
11: [86, 104, 103, 102, 101, 100, 99, 98, 97]
12: [128, 86]
13: [128, 97, 117]
14: [128, 98, 117]
15: [128, 99, 117]
16: [128, 100, 117]
17: [128, 101, 117]
18: [128, 102, 117]
19: [128, 103, 117]
20: [104, 128, 117]
21: [128, 117]
22: [128, 117]
23: [128, 86, 104, 103, 102, 101, 100, 99, 98, 97, 117]
24: [128, 86]
25: [97, 117]
26: [98, 118]
27: [99, 118]
28: [100, 118]
29: [101, 118]
30: [102, 118]
31: [103, 118]
32: [104, 118]
33: [118]
34: [118]
35: [128, 86, 104, 103, 102, 101, 100, 99, 98, 118, 97, 117]
36: [128, 86]
37: [97, 117]
38: [98, 118]
39: [99, 119]
40: [100, 119]
41: [101, 119]
42: [102, 119]
43: [103, 119]
44: [104, 119]
45: [104, 119]
46: [104, 119]
47: []
48: [128, 86]
49: [97, 117]
50: [98, 118]
51: [99, 119]
52: [100]
53: [101]
54: [102]
55: [103]
56: [103]
57: [103]
58: [103]
59: [97, 98, 99, 100, 101, 102, 103, 117, 118, 119, 128, 86]
60: [128, 86]
61: [97, 117]
62: [98, 118]
63: [99, 119]
64: [100]
65: [101]
66: [102]
67: [102]
68: [102]
69: [102]
70: [102]
71: [97, 98, 99, 100, 101, 102, 117, 118, 119, 128, 86]
72: [128, 86]
73: [97, 117]
74: [98, 118]
75: [99, 119]
76: [100]
77: [101]
78: [101]
79: [101]
80: [101]
81: [101]
82: [101]
83: [97, 98, 99, 100, 101, 117, 118, 119, 128, 86]
84: [128, 86]
85: [97, 117]
86: [98, 118]
87: [99, 119]
88: [100]
89: [100]
90: [100]
91: [100]
92: [100]
93: [100]
94: [100]
95: [97, 98, 99, 100, 117, 118, 119, 128, 86]
96: [128, 86]
97: [97, 117]
98: [98, 118]
99: [99, 119]
100: [99]
101: [99]
102: [99]
103: [99]
104: [99]
105: [99]
106: [99]
107: [97, 98, 99, 117, 118, 119, 128, 86]
108: [128, 86]
109: [97, 117]
110: [98, 118]
111: [98, 119]
112: [98]
113: [98]
114: [98]
115: [98]
116: [98]
117: [98]
118: [98]
119: [97, 98, 117, 118, 119, 128, 86]
120: [128, 86]
121: [97, 117, 128]
122: [97, 118, 128]
123: [97, 119, 128]
124: [97, 128]
125: [97, 128]
126: [97, 128]
127: [97, 128]
128: [97, 128]
129: [97, 128]
130: [97, 128]
131: [97, 117, 118, 119, 128, 86]
132: [86]
133: [117, 86]
134: [117, 118, 86]
135: [117, 118, 119, 86]
136: [117, 118, 119, 86]
137: [117, 118, 119, 86]
138: [117, 118, 119, 86]
139: [117, 118, 119, 86]
140: [117, 118, 119, 86]
141: [117, 118, 119, 86]
142: [117, 118, 119, 86]
143: [117, 118, 119, 86]
48
0: [96, 90, 91, 92, 93, 94, 95, 86]
1: [96, 90, 91, 92, 93, 94, 95, 86]
2: [96, 90, 91, 92, 93, 94, 95, 86]
3: [96, 90, 91, 92, 93, 94, 95, 86]
4: [96, 90, 91, 92, 93, 94, 95, 86]
5: [96, 91, 92, 93, 94, 95, 86]
6: [96, 92, 93, 94, 95, 86]
7: [96, 93, 94, 95, 86]
8: [96, 94, 95, 86]
9: [96, 95, 86]
10: [96, 86]
11: [86]
12: [96, 107, 90, 91, 92, 93, 94, 95, 128, 86]
13: [107, 128]
14: [107, 128]
15: [107, 128]
16: [107, 90, 128]
17: [107, 91, 128]
18: [107, 92, 128]
19: [107, 93, 128]
20: [107, 94, 128]
21: [107, 95, 128]
22: [107, 96, 128]
23: [128, 86]
24: [96, 107, 108, 90, 91, 92, 93, 94, 95, 128, 86]
25: [108]
26: [108]
27: [108]
28: [108, 90]
29: [108, 91]
30: [108, 92]
31: [108, 93]
32: [108, 94]
33: [108, 95]
34: [107, 96]
35: [128, 86]
36: [96, 107, 108, 109, 90, 91, 92, 93, 94, 95, 128, 86]
37: [109]
38: [109]
39: [109]
40: [109, 90]
41: [109, 91]
42: [109, 92]
43: [109, 93]
44: [109, 94]
45: [108, 95]
46: [107, 96]
47: [128, 86]
48: []
49: [110, 90]
50: [110, 90]
51: [110, 90]
52: [110, 90]
53: [110, 91]
54: [110, 92]
55: [110, 93]
56: [109, 94]
57: [108, 95]
58: [107, 96]
59: [128, 86]
60: [128, 86, 91, 92, 93, 110, 109, 94, 108, 95, 96, 107]
61: [91]
62: [91]
63: [91]
64: [91]
65: [91]
66: [92]
67: [110, 93]
68: [109, 94]
69: [108, 95]
70: [107, 96]
71: [128, 86]
72: [128, 86, 92, 93, 110, 109, 94, 108, 95, 96, 107]
73: [92]
74: [92]
75: [92]
76: [92]
77: [92]
78: [92]
79: [110, 93]
80: [109, 94]
81: [108, 95]
82: [107, 96]
83: [128, 86]
84: [128, 86, 93, 110, 109, 94, 108, 95, 96, 107]
85: [93]
86: [93]
87: [93]
88: [93]
89: [93]
90: [93]
91: [110, 93]
92: [109, 94]
93: [108, 95]
94: [107, 96]
95: [128, 86]
96: [128, 86, 110, 109, 94, 108, 95, 96, 107]
97: [94]
98: [94]
99: [94]
100: [94]
101: [94]
102: [94]
103: [110, 94]
104: [109, 94]
105: [108, 95]
106: [107, 96]
107: [128, 86]
108: [128, 86, 110, 109, 108, 95, 96, 107]
109: [95]
110: [95]
111: [95]
112: [95]
113: [95]
114: [95]
115: [110, 95]
116: [109, 95]
117: [108, 95]
118: [107, 96]
119: [128, 86]
120: [128, 86, 110, 109, 108, 96, 107]
121: [128, 96]
122: [128, 96]
123: [128, 96]
124: [128, 96]
125: [128, 96]
126: [128, 96]
127: [128, 110, 96]
128: [128, 109, 96]
129: [128, 108, 96]
130: [128, 107, 96]
131: [128, 86]
132: [86, 110, 109, 108, 107]
133: [86, 110, 109, 108, 107]
134: [86, 110, 109, 108, 107]
135: [86, 110, 109, 108, 107]
136: [86, 110, 109, 108, 107]
137: [86, 110, 109, 108, 107]
138: [86, 110, 109, 108, 107]
139: [110, 86, 109, 108, 107]
140: [86, 109, 108, 107]
141: [86, 108, 107]
142: [86, 107]
143: [86]
49
0: [90]
1: [97, 90, 127]
2: [97, 90, 127]
3: [97, 90, 127]
4: [97, 90, 127]
5: [97, 127]
6: [97, 127]
7: [97, 127]
8: [97, 127]
9: [97, 127]
10: [97, 127]
11: [97]
12: [90]
13: [4, 5, 6, 7, 8, 9, 1]
14: [4, 5, 6, 7, 8, 9, 1]
15: [4, 5, 6, 7, 8, 9, 1]
16: [4, 5, 6, 7, 8, 9, 1]
17: [5, 6, 7, 8, 9, 1]
18: [8, 9, 6, 7, 1]
19: [8, 9, 7, 1]
20: [8, 9, 1]
21: [9, 1]
22: [1]
23: [117, 97]
24: [90]
25: [4, 5, 6, 7, 8, 9, 18, 1]
26: [18]
27: [18]
28: [18, 4]
29: [18, 5]
30: [18, 6]
31: [18, 7]
32: [18, 8]
33: [18, 9]
34: [1]
35: [117, 97]
36: [90]
37: [4, 5, 6, 7, 8, 9, 18, 19, 1]
38: [19]
39: [19]
40: [19, 4]
41: [19, 5]
42: [19, 6]
43: [19, 7]
44: [19, 8]
45: [18, 9]
46: [1]
47: [117, 97]
48: [90, 110]
49: []
50: [20, 4]
51: [20, 4]
52: [20, 4]
53: [20, 5]
54: [20, 6]
55: [20, 7]
56: [19, 8]
57: [18, 9]
58: [1]
59: [117, 97]
60: [110]
61: [1, 5, 6, 20, 7, 8, 19, 9, 18]
62: [5]
63: [5]
64: [5]
65: [5]
66: [6]
67: [20, 7]
68: [19, 8]
69: [18, 9]
70: [1]
71: [117, 97]
72: [110]
73: [1, 6, 20, 7, 8, 19, 9, 18]
74: [6]
75: [6]
76: [6]
77: [6]
78: [6]
79: [20, 7]
80: [19, 8]
81: [18, 9]
82: [1]
83: [117, 97]
84: [110]
85: [1, 20, 7, 8, 19, 9, 18]
86: [7]
87: [7]
88: [7]
89: [7]
90: [7]
91: [20, 7]
92: [19, 8]
93: [18, 9]
94: [1]
95: [117, 97]
96: [110]
97: [1, 20, 8, 19, 9, 18]
98: [8]
99: [8]
100: [8]
101: [8]
102: [8]
103: [20, 8]
104: [19, 8]
105: [18, 9]
106: [1]
107: [117, 97]
108: [110]
109: [1, 20, 19, 9, 18]
110: [9]
111: [9]
112: [9]
113: [9]
114: [9]
115: [20, 9]
116: [19, 9]
117: [18, 9]
118: [1]
119: [117, 97]
120: [110]
121: [1, 20, 19, 18]
122: [1, 20, 19, 18]
123: [1, 20, 19, 18]
124: [1, 20, 19, 18]
125: [1, 20, 19, 18]
126: [1, 20, 19, 18]
127: [1, 20, 19, 18]
128: [1, 19, 18]
129: [1, 18]
130: [1]
131: [117, 97]
132: [110]
133: [127, 110, 117]
134: [127, 110, 117]
135: [127, 110, 117]
136: [127, 110, 117]
137: [127, 110, 117]
138: [127, 110, 117]
139: [110, 127, 117]
140: [127, 117]
141: [127, 117]
142: [127, 117]
143: [117]
50
0: [90]
1: [90]
2: [98, 90]
3: [98, 90]
4: [98, 90]
5: [98]
6: [98]
7: [98]
8: [98]
9: [98]
10: [98]
11: [98]
12: [90]
13: [4]
14: [10, 4]
15: [10, 4]
16: [10, 4]
17: [10]
18: [10]
19: [10]
20: [10]
21: [10]
22: [10]
23: [98]
24: [90]
25: [4]
26: [36, 37, 38, 39, 40, 34]
27: [36, 37, 38, 39, 40, 34]
28: [36, 37, 38, 39, 40, 34]
29: [40, 37, 38, 39, 34]
30: [40, 38, 39, 34]
31: [40, 39, 34]
32: [40, 34]
33: [34]
34: [26, 10]
35: [118, 98]
36: [90]
37: [4]
38: [36, 37, 38, 39, 40, 47, 130, 34]
39: [47, 130]
40: [47, 36, 130]
41: [47, 37, 130]
42: [47, 38, 130]
43: [47, 39, 130]
44: [47, 40, 130]
45: [130, 34]
46: [26, 10]
47: [118, 98]
48: [90, 110]
49: [4, 20]
50: []
51: [48, 36]
52: [48, 36]
53: [48, 37]
54: [48, 38]
55: [48, 39]
56: [47, 40]
57: [130, 34]
58: [26, 10]
59: [118, 98]
60: [110]
61: [20]
62: [34, 130, 37, 38, 48, 39, 40, 47]
63: [37]
64: [37]
65: [37]
66: [38]
67: [48, 39]
68: [47, 40]
69: [130, 34]
70: [26, 10]
71: [118, 98]
72: [110]
73: [20]
74: [34, 130, 38, 48, 39, 40, 47]
75: [38]
76: [38]
77: [38]
78: [38]
79: [48, 39]
80: [47, 40]
81: [130, 34]
82: [26, 10]
83: [118, 98]
84: [110]
85: [20]
86: [34, 130, 48, 39, 40, 47]
87: [39]
88: [39]
89: [39]
90: [39]
91: [48, 39]
92: [47, 40]
93: [130, 34]
94: [26, 10]
95: [118, 98]
96: [110]
97: [20]
98: [34, 130, 48, 40, 47]
99: [130, 40]
100: [130, 40]
101: [130, 40]
102: [130, 40]
103: [48, 130, 40]
104: [130, 47, 40]
105: [130, 34]
106: [26, 10]
107: [118, 98]
108: [110]
109: [20]
110: [34, 48, 47]
111: [34, 48, 47]
112: [34, 48, 47]
113: [34, 48, 47]
114: [34, 48, 47]
115: [48, 34, 47]
116: [34, 47]
117: [34]
118: [26, 10]
119: [118, 98]
120: [110]
121: [20]
122: [20, 26]
123: [20, 26]
124: [20, 26]
125: [20, 26]
126: [20, 26]
127: [20, 26]
128: [26]
129: [26]
130: [26]
131: [118]
132: [110]
133: [110]
134: [110, 118]
135: [110, 118]
136: [110, 118]
137: [110, 118]
138: [110, 118]
139: [110, 118]
140: [118]
141: [118]
142: [118]
143: [118]
51
0: [90]
1: [90]
2: [90]
3: [99, 90]
4: [99, 90]
5: [99]
6: [99]
7: [99]
8: [99]
9: [99]
10: [99]
11: [99]
12: [90]
13: [4]
14: [4]
15: [11, 4]
16: [11, 4]
17: [11]
18: [11]
19: [11]
20: [11]
21: [11]
22: [11]
23: [99]
24: [90]
25: [4]
26: [36]
27: [41, 36, 129]
28: [41, 36, 129]
29: [41, 129]
30: [41, 129]
31: [41, 129]
32: [41, 129]
33: [41]
34: [11]
35: [99]
36: [90]
37: [4]
38: [36]
39: [60, 61, 62, 63, 59]
40: [60, 61, 62, 63, 59]
41: [61, 62, 63, 59]
42: [62, 63, 59]
43: [63, 59]
44: [59]
45: [53, 41]
46: [27, 11]
47: [119, 99]
48: [90, 110]
49: [4, 20]
50: [36, 48]
51: []
52: [68, 60]
53: [68, 61]
54: [68, 62]
55: [68, 63]
56: [59]
57: [53, 41]
58: [27, 11]
59: [119, 99]
60: [110]
61: [20]
62: [48]
63: [59, 61, 62, 68, 63]
64: [61]
65: [61]
66: [62]
67: [68, 63]
68: [59]
69: [53, 41]
70: [27, 11]
71: [119, 99]
72: [110]
73: [20]
74: [48]
75: [59, 62, 68, 63]
76: [62]
77: [62]
78: [62]
79: [68, 63]
80: [59]
81: [53, 41]
82: [27, 11]
83: [119, 99]
84: [110]
85: [20]
86: [48]
87: [59, 68, 63]
88: [63]
89: [63]
90: [63]
91: [68, 63]
92: [59]
93: [53, 41]
94: [27, 11]
95: [119, 99]
96: [110]
97: [20]
98: [48]
99: [59, 68]
100: [59, 68]
101: [59, 68]
102: [59, 68]
103: [59, 68]
104: [59]
105: [53, 41]
106: [27, 11]
107: [119, 99]
108: [110]
109: [20]
110: [48]
111: [129, 48, 53]
112: [129, 48, 53]
113: [129, 48, 53]
114: [129, 48, 53]
115: [48, 129, 53]
116: [129, 53]
117: [53]
118: [27]
119: [119]
120: [110]
121: [20]
122: [20]
123: [20, 27]
124: [20, 27]
125: [20, 27]
126: [20, 27]
127: [20, 27]
128: [27]
129: [27]
130: [27]
131: [119]
132: [110]
133: [110]
134: [110]
135: [110, 119]
136: [110, 119]
137: [110, 119]
138: [110, 119]
139: [110, 119]
140: [119]
141: [119]
142: [119]
143: [119]
52
0: [90]
1: [90]
2: [90]
3: [90]
4: [100, 90]
5: [100]
6: [100]
7: [100]
8: [100]
9: [100]
10: [100]
11: [100]
12: [90]
13: [4]
14: [4]
15: [4]
16: [12, 4]
17: [12]
18: [12]
19: [12]
20: [12]
21: [12]
22: [12]
23: [100]
24: [90]
25: [4]
26: [36]
27: [36]
28: [42, 36]
29: [42]
30: [42]
31: [42]
32: [42]
33: [42]
34: [12]
35: [100]
36: [90]
37: [4]
38: [36]
39: [60]
40: [64, 60]
41: [64]
42: [64]
43: [64]
44: [64]
45: [42]
46: [12]
47: [100]
48: [90, 110]
49: [4, 20]
50: [36, 48]
51: [60, 68]
52: []
53: [77, 78, 76]
54: [78, 76]
55: [76]
56: [72, 64]
57: [54, 42]
58: [28, 12]
59: [120, 100]
60: [110]
61: [20]
62: [48]
63: [68]
64: [76, 77, 78]
65: [77]
66: [78]
67: [76]
68: [72, 64]
69: [54, 42]
70: [28, 12]
71: [120, 100]
72: [110]
73: [20]
74: [48]
75: [68]
76: [76, 78]
77: [78]
78: [78]
79: [76]
80: [72, 64]
81: [54, 42]
82: [28, 12]
83: [120, 100]
84: [110]
85: [20]
86: [48]
87: [68]
88: [76]
89: [76]
90: [76]
91: [76]
92: [72, 64]
93: [54, 42]
94: [28, 12]
95: [120, 100]
96: [110]
97: [20]
98: [48]
99: [68]
100: [68, 72]
101: [68, 72]
102: [68, 72]
103: [68, 72]
104: [72]
105: [54]
106: [28]
107: [120]
108: [110]
109: [20]
110: [48]
111: [48]
112: [48, 54]
113: [48, 54]
114: [48, 54]
115: [48, 54]
116: [54]
117: [54]
118: [28]
119: [120]
120: [110]
121: [20]
122: [20]
123: [20]
124: [20, 28]
125: [20, 28]
126: [20, 28]
127: [20, 28]
128: [28]
129: [28]
130: [28]
131: [120]
132: [110]
133: [110]
134: [110]
135: [110]
136: [110, 120]
137: [110, 120]
138: [110, 120]
139: [110, 120]
140: [120]
141: [120]
142: [120]
143: [120]
53
0: [91]
1: [91]
2: [91]
3: [91]
4: [91]
5: [101, 91]
6: [101]
7: [101]
8: [101]
9: [101]
10: [101]
11: [101]
12: [91]
13: [5]
14: [5]
15: [5]
16: [5]
17: [13, 5]
18: [13]
19: [13]
20: [13]
21: [13]
22: [13]
23: [101]
24: [91]
25: [5]
26: [37]
27: [37]
28: [37]
29: [43, 37]
30: [43]
31: [43]
32: [43]
33: [43]
34: [13]
35: [101]
36: [91]
37: [5]
38: [37]
39: [61]
40: [61]
41: [65, 61]
42: [65]
43: [65]
44: [65]
45: [43]
46: [13]
47: [101]
48: [91, 110]
49: [5, 20]
50: [37, 48]
51: [61, 68]
52: [76, 77, 78]
53: []
54: [78, 79, 131, 76]
55: [79, 76]
56: [72, 65]
57: [54, 43]
58: [28, 13]
59: [120, 101]
60: [91, 110]
61: [5, 20]
62: [37, 48]
63: [61, 68]
64: [76, 77, 78]
65: [131, 77, 79]
66: [78, 131]
67: [79, 76]
68: [72, 65]
69: [54, 43]
70: [28, 13]
71: [120, 101]
72: [110]
73: [20]
74: [48]
75: [68]
76: [76, 78]
77: [131, 78, 79]
78: [78, 131, 79]
79: [79, 76]
80: [72, 65]
81: [54, 43]
82: [28, 13]
83: [120, 101]
84: [110]
85: [20]
86: [48]
87: [68]
88: [76]
89: [131, 76]
90: [131, 76]
91: [76]
92: [72]
93: [54]
94: [28]
95: [120]
96: [110]
97: [20]
98: [48]
99: [68]
100: [68, 72]
101: [68, 72]
102: [68, 72]
103: [68, 72]
104: [72]
105: [54]
106: [28]
107: [120]
108: [110]
109: [20]
110: [48]
111: [48]
112: [48, 54]
113: [48, 54]
114: [48, 54]
115: [48, 54]
116: [54]
117: [54]
118: [28]
119: [120]
120: [110]
121: [20]
122: [20]
123: [20]
124: [20, 28]
125: [20, 28]
126: [20, 28]
127: [20, 28]
128: [28]
129: [28]
130: [28]
131: [120]
132: [110]
133: [110]
134: [110]
135: [110]
136: [110, 120]
137: [110, 120]
138: [110, 120]
139: [110, 120]
140: [120]
141: [120]
142: [120]
143: [120]
54
0: [92]
1: [92]
2: [92]
3: [92]
4: [92]
5: [92]
6: [102, 92]
7: [102]
8: [102]
9: [102]
10: [102]
11: [102]
12: [92]
13: [6]
14: [6]
15: [6]
16: [6]
17: [6]
18: [14, 6]
19: [14]
20: [14]
21: [14]
22: [14]
23: [102]
24: [92]
25: [6]
26: [38]
27: [38]
28: [38]
29: [38]
30: [44, 38]
31: [44]
32: [44]
33: [44]
34: [14]
35: [102]
36: [92]
37: [6]
38: [38]
39: [62]
40: [62]
41: [62]
42: [66, 62]
43: [66]
44: [66]
45: [44]
46: [14]
47: [102]
48: [92, 110]
49: [6, 20]
50: [38, 48]
51: [62, 68]
52: [76, 78]
53: [131, 76, 78, 79]
54: []
55: [80, 79, 76]
56: [72, 66]
57: [54, 44]
58: [28, 14]
59: [120, 102]
60: [92, 110]
61: [6, 20]
62: [38, 48]
63: [62, 68]
64: [76, 78]
65: [131, 79]
66: [78, 80, 131]
67: [80, 79, 76]
68: [72, 66]
69: [54, 44]
70: [28, 14]
71: [120, 102]
72: [92, 110]
73: [6, 20]
74: [38, 48]
75: [62, 68]
76: [76, 78]
77: [131, 78, 79]
78: [78, 79, 131]
79: [79, 76]
80: [72]
81: [54]
82: [28]
83: [120]
84: [110]
85: [20]
86: [48]
87: [68]
88: [76]
89: [131, 76]
90: [131, 76]
91: [76]
92: [72]
93: [54]
94: [28]
95: [120]
96: [110]
97: [20]
98: [48]
99: [68]
100: [68, 72]
101: [68, 72]
102: [68, 72]
103: [68, 72]
104: [72]
105: [54]
106: [28]
107: [120]
108: [110]
109: [20]
110: [48]
111: [48]
112: [48, 54]
113: [48, 54]
114: [48, 54]
115: [48, 54]
116: [54]
117: [54]
118: [28]
119: [120]
120: [110]
121: [20]
122: [20]
123: [20]
124: [20, 28]
125: [20, 28]
126: [20, 28]
127: [20, 28]
128: [28]
129: [28]
130: [28]
131: [120]
132: [110]
133: [110]
134: [110]
135: [110]
136: [110, 120]
137: [110, 120]
138: [110, 120]
139: [110, 120]
140: [120]
141: [120]
142: [120]
143: [120]
55
0: [93]
1: [93]
2: [93]
3: [93]
4: [93]
5: [93]
6: [93]
7: [103, 93]
8: [103]
9: [103]
10: [103]
11: [103]
12: [93]
13: [7]
14: [7]
15: [7]
16: [7]
17: [7]
18: [7]
19: [15, 7]
20: [15]
21: [15]
22: [15]
23: [103]
24: [93]
25: [7]
26: [39]
27: [39]
28: [39]
29: [39]
30: [39]
31: [45, 39]
32: [45]
33: [45]
34: [15]
35: [103]
36: [93]
37: [7]
38: [39]
39: [63]
40: [63]
41: [63]
42: [63]
43: [67, 63]
44: [67]
45: [45]
46: [15]
47: [103]
48: [93, 110]
49: [7, 20]
50: [39, 48]
51: [63, 68]
52: [76]
53: [76, 79]
54: [76, 80, 79]
55: []
56: [72, 67]
57: [54, 45]
58: [28, 15]
59: [120, 103]
60: [93, 110]
61: [7, 20]
62: [39, 48]
63: [63, 68]
64: [76]
65: [79]
66: [80]
67: [80, 79, 76]
68: [72]
69: [54]
70: [28]
71: [120]
72: [93, 110]
73: [7, 20]
74: [39, 48]
75: [63, 68]
76: [76]
77: [79]
78: [79]
79: [79, 76]
80: [72]
81: [54]
82: [28]
83: [120]
84: [93, 110]
85: [7, 20]
86: [39, 48]
87: [63, 68]
88: [76]
89: [76]
90: [76]
91: [76]
92: [72]
93: [54]
94: [28]
95: [120]
96: [110]
97: [20]
98: [48]
99: [68]
100: [68, 72]
101: [68, 72]
102: [68, 72]
103: [68, 72]
104: [72]
105: [54]
106: [28]
107: [120]
108: [110]
109: [20]
110: [48]
111: [48]
112: [48, 54]
113: [48, 54]
114: [48, 54]
115: [48, 54]
116: [54]
117: [54]
118: [28]
119: [120]
120: [110]
121: [20]
122: [20]
123: [20]
124: [20, 28]
125: [20, 28]
126: [20, 28]
127: [20, 28]
128: [28]
129: [28]
130: [28]
131: [120]
132: [110]
133: [110]
134: [110]
135: [110]
136: [110, 120]
137: [110, 120]
138: [110, 120]
139: [110, 120]
140: [120]
141: [120]
142: [120]
143: [120]
56
0: [94]
1: [94]
2: [94]
3: [94]
4: [94]
5: [94]
6: [94]
7: [103, 94]
8: [103, 94]
9: [103]
10: [103]
11: [103]
12: [94]
13: [8]
14: [8]
15: [8]
16: [8]
17: [8]
18: [8]
19: [15, 8]
20: [15, 8]
21: [15]
22: [15]
23: [103]
24: [94]
25: [8]
26: [40]
27: [129, 40]
28: [129, 40]
29: [129, 40]
30: [129, 40]
31: [129, 45, 40]
32: [129, 45, 40]
33: [45]
34: [15]
35: [103]
36: [94, 109]
37: [8, 19]
38: [40, 47]
39: [59]
40: [59, 64]
41: [59, 65, 64]
42: [59, 66, 65, 64]
43: [67, 59, 66, 65, 64]
44: [59, 67, 66, 65, 64]
45: [45]
46: [15]
47: [103]
48: [94, 109]
49: [8, 19]
50: [40, 47]
51: [59]
52: [64, 72]
53: [65, 72]
54: [66, 72]
55: [67, 72]
56: []
57: [54, 45]
58: [28, 15]
59: [120, 103]
60: [94, 109]
61: [8, 19]
62: [40, 47]
63: [59]
64: [64, 72]
65: [65]
66: [66]
67: [66]
68: [64, 65, 66, 72, 59]
69: [54]
70: [28]
71: [120]
72: [94, 109]
73: [8, 19]
74: [40, 47]
75: [59]
76: [64, 72]
77: [65]
78: [65]
79: [65]
80: [64, 65, 72, 59]
81: [54]
82: [28]
83: [120]
84: [94, 109]
85: [8, 19]
86: [40, 47]
87: [59]
88: [64, 72]
89: [64]
90: [64]
91: [64]
92: [64, 72, 59]
93: [54]
94: [28]
95: [120]
96: [94, 109]
97: [8, 19]
98: [40, 47]
99: [59]
100: [72, 59]
101: [72, 59]
102: [72, 59]
103: [72, 59]
104: [72, 59]
105: [54]
106: [28]
107: [120]
108: [109]
109: [19]
110: [47]
111: [47, 129]
112: [47, 54, 129]
113: [47, 54, 129]
114: [47, 54, 129]
115: [47, 54, 129]
116: [47, 54, 129]
117: [54]
118: [28]
119: [120]
120: [109]
121: [19]
122: [19]
123: [19]
124: [19, 28]
125: [19, 28]
126: [19, 28]
127: [19, 28]
128: [19, 28]
129: [28]
130: [28]
131: [120]
132: [109]
133: [109]
134: [109]
135: [109]
136: [109, 120]
137: [109, 120]
138: [109, 120]
139: [109, 120]
140: [109, 120]
141: [120]
142: [120]
143: [120]
57
0: [95]
1: [95]
2: [95]
3: [95]
4: [95]
5: [95]
6: [95]
7: [103, 95]
8: [103, 95]
9: [103, 95]
10: [103]
11: [103]
12: [95]
13: [9]
14: [9]
15: [9]
16: [9]
17: [9]
18: [9]
19: [15, 9]
20: [15, 9]
21: [15, 9]
22: [15]
23: [103]
24: [95, 108]
25: [9, 18]
26: [34]
27: [34, 41]
28: [34, 42, 41]
29: [34, 43, 42, 41]
30: [34, 44, 43, 42, 41]
31: [34, 45, 44, 43, 42, 41]
32: [34, 45, 44, 43, 42, 41]
33: [34, 45, 44, 43, 42, 41]
34: [15]
35: [103]
36: [95, 108]
37: [9, 18]
38: [130, 34]
39: [130, 41, 53]
40: [130, 42, 53]
41: [130, 43, 53]
42: [130, 44, 53]
43: [130, 45, 53]
44: [130, 53]
45: [34, 130, 45, 44, 43, 42, 41, 53]
46: [15]
47: [103]
48: [95, 108]
49: [9, 18]
50: [130, 34]
51: [41, 53]
52: [42, 54]
53: [43, 54]
54: [44, 54]
55: [45, 54]
56: [45, 54]
57: []
58: [28, 15]
59: [120, 103]
60: [95, 108]
61: [9, 18]
62: [130, 34]
63: [41, 53]
64: [42, 54]
65: [43]
66: [44]
67: [44]
68: [44]
69: [41, 42, 43, 44, 53, 54, 130, 34]
70: [28]
71: [120]
72: [95, 108]
73: [9, 18]
74: [130, 34]
75: [41, 53]
76: [42, 54]
77: [43]
78: [43]
79: [43]
80: [43]
81: [41, 42, 43, 53, 54, 130, 34]
82: [28]
83: [120]
84: [95, 108]
85: [9, 18]
86: [130, 34]
87: [41, 53]
88: [42, 54]
89: [42]
90: [42]
91: [42]
92: [42]
93: [41, 42, 53, 54, 130, 34]
94: [28]
95: [120]
96: [95, 108]
97: [9, 18]
98: [130, 34]
99: [41, 53, 130]
100: [41, 54, 130]
101: [41, 130]
102: [41, 130]
103: [41, 130]
104: [41, 130]
105: [41, 53, 54, 130, 34]
106: [28]
107: [120]
108: [95, 108]
109: [9, 18]
110: [34]
111: [53, 34]
112: [53, 54, 34]
113: [53, 54, 34]
114: [53, 54, 34]
115: [53, 54, 34]
116: [53, 54, 34]
117: [53, 54, 34]
118: [28]
119: [120]
120: [108]
121: [18]
122: [18]
123: [18]
124: [18, 28]
125: [18, 28]
126: [18, 28]
127: [18, 28]
128: [18, 28]
129: [18, 28]
130: [28]
131: [120]
132: [108]
133: [108]
134: [108]
135: [108]
136: [108, 120]
137: [108, 120]
138: [108, 120]
139: [108, 120]
140: [108, 120]
141: [108, 120]
142: [120]
143: [120]
58
0: [96]
1: [127, 96]
2: [127, 96]
3: [127, 96]
4: [127, 96]
5: [127, 96]
6: [127, 96]
7: [127, 103, 96]
8: [127, 103, 96]
9: [127, 103, 96]
10: [127, 103, 96]
11: [103]
12: [96, 107]
13: [1]
14: [1, 10]
15: [1, 11, 10]
16: [1, 12, 11, 10]
17: [1, 13, 12, 11, 10]
18: [1, 14, 13, 12, 11, 10]
19: [1, 15, 14, 13, 12, 11, 10]
20: [1, 15, 14, 13, 12, 11, 10]
21: [1, 15, 14, 13, 12, 11, 10]
22: [1, 15, 14, 13, 12, 11, 10]
23: [103]
24: [96, 107]
25: [1]
26: [10, 26]
27: [11, 26]
28: [12, 26]
29: [13, 26]
30: [14, 26]
31: [15, 26]
32: [26]
33: [26]
34: [1, 15, 14, 13, 12, 11, 10, 26]
35: [103]
36: [96, 107]
37: [1]
38: [10, 26]
39: [11, 27]
40: [12, 27]
41: [13, 27]
42: [14, 27]
43: [15, 27]
44: [27]
45: [27]
46: [1, 15, 14, 13, 12, 27, 11, 10, 26]
47: [103]
48: [96, 107]
49: [1]
50: [10, 26]
51: [11, 27]
52: [12, 28]
53: [13, 28]
54: [14, 28]
55: [15, 28]
56: [15, 28]
57: [15, 28]
58: []
59: [120, 103]
60: [96, 107]
61: [1]
62: [10, 26]
63: [11, 27]
64: [12, 28]
65: [13]
66: [14]
67: [14]
68: [14]
69: [14]
70: [10, 11, 12, 13, 14, 26, 27, 28, 1]
71: [120]
72: [96, 107]
73: [1]
74: [10, 26]
75: [11, 27]
76: [12, 28]
77: [13]
78: [13]
79: [13]
80: [13]
81: [13]
82: [10, 11, 12, 13, 26, 27, 28, 1]
83: [120]
84: [96, 107]
85: [1]
86: [10, 26]
87: [11, 27]
88: [12, 28]
89: [12]
90: [12]
91: [12]
92: [12]
93: [12]
94: [10, 11, 12, 26, 27, 28, 1]
95: [120]
96: [96, 107]
97: [1]
98: [10, 26]
99: [11, 27]
100: [11, 28]
101: [11]
102: [11]
103: [11]
104: [11]
105: [11]
106: [10, 11, 26, 27, 28, 1]
107: [120]
108: [96, 107]
109: [1]
110: [10, 26]
111: [10, 27]
112: [10, 28]
113: [10]
114: [10]
115: [10]
116: [10]
117: [10]
118: [27, 10, 26, 28, 1]
119: [120]
120: [96, 107]
121: [1]
122: [26, 1]
123: [26, 27, 1]
124: [26, 27, 28, 1]
125: [26, 27, 28, 1]
126: [26, 27, 28, 1]
127: [26, 27, 28, 1]
128: [26, 27, 28, 1]
129: [26, 27, 28, 1]
130: [26, 27, 28, 1]
131: [120]
132: [107]
133: [107, 127]
134: [107, 127]
135: [107, 127]
136: [107, 120, 127]
137: [107, 120, 127]
138: [107, 120, 127]
139: [107, 120, 127]
140: [107, 120, 127]
141: [107, 120, 127]
142: [107, 120, 127]
143: [120]
59
0: [86]
1: [86, 97]
2: [86, 98, 97]
3: [86, 99, 98, 97]
4: [86, 100, 99, 98, 97]
5: [86, 101, 100, 99, 98, 97]
6: [86, 102, 101, 100, 99, 98, 97]
7: [86, 103, 102, 101, 100, 99, 98, 97]
8: [86, 103, 102, 101, 100, 99, 98, 97]
9: [86, 103, 102, 101, 100, 99, 98, 97]
10: [86, 103, 102, 101, 100, 99, 98, 97]
11: [86, 103, 102, 101, 100, 99, 98, 97]
12: [128, 86]
13: [128, 97, 117]
14: [128, 98, 117]
15: [128, 99, 117]
16: [128, 100, 117]
17: [128, 101, 117]
18: [128, 102, 117]
19: [128, 103, 117]
20: [128, 117]
21: [128, 117]
22: [128, 117]
23: [128, 86, 103, 102, 101, 100, 99, 98, 97, 117]
24: [128, 86]
25: [97, 117]
26: [98, 118]
27: [99, 118]
28: [100, 118]
29: [101, 118]
30: [102, 118]
31: [103, 118]
32: [118]
33: [118]
34: [118]
35: [128, 86, 103, 102, 101, 100, 99, 98, 118, 97, 117]
36: [128, 86]
37: [97, 117]
38: [98, 118]
39: [99, 119]
40: [100, 119]
41: [101, 119]
42: [102, 119]
43: [103, 119]
44: [119]
45: [119]
46: [119]
47: [128, 86, 103, 102, 101, 100, 99, 119, 98, 118, 97, 117]
48: [128, 86]
49: [97, 117]
50: [98, 118]
51: [99, 119]
52: [100, 120]
53: [101, 120]
54: [102, 120]
55: [103, 120]
56: [103, 120]
57: [103, 120]
58: [103, 120]
59: []
60: [128, 86]
61: [97, 117]
62: [98, 118]
63: [99, 119]
64: [100, 120]
65: [101]
66: [102]
67: [102]
68: [102]
69: [102]
70: [102]
71: [97, 98, 99, 100, 101, 102, 117, 118, 119, 120, 128, 86]
72: [128, 86]
73: [97, 117]
74: [98, 118]
75: [99, 119]
76: [100, 120]
77: [101]
78: [101]
79: [101]
80: [101]
81: [101]
82: [101]
83: [97, 98, 99, 100, 101, 117, 118, 119, 120, 128, 86]
84: [128, 86]
85: [97, 117]
86: [98, 118]
87: [99, 119]
88: [100, 120]
89: [100]
90: [100]
91: [100]
92: [100]
93: [100]
94: [100]
95: [97, 98, 99, 100, 117, 118, 119, 120, 128, 86]
96: [128, 86]
97: [97, 117]
98: [98, 118]
99: [99, 119]
100: [99, 120]
101: [99]
102: [99]
103: [99]
104: [99]
105: [99]
106: [99]
107: [97, 98, 99, 117, 118, 119, 120, 128, 86]
108: [128, 86]
109: [97, 117]
110: [98, 118]
111: [98, 119]
112: [98, 120]
113: [98]
114: [98]
115: [98]
116: [98]
117: [98]
118: [98]
119: [97, 98, 117, 118, 119, 120, 128, 86]
120: [128, 86]
121: [97, 117, 128]
122: [97, 118, 128]
123: [97, 119, 128]
124: [97, 120, 128]
125: [97, 128]
126: [97, 128]
127: [97, 128]
128: [97, 128]
129: [97, 128]
130: [97, 128]
131: [97, 117, 118, 119, 120, 128, 86]
132: [86]
133: [117, 86]
134: [117, 118, 86]
135: [117, 118, 119, 86]
136: [120, 117, 118, 119, 86]
137: [120, 117, 118, 119, 86]
138: [120, 117, 118, 119, 86]
139: [120, 117, 118, 119, 86]
140: [120, 117, 118, 119, 86]
141: [120, 117, 118, 119, 86]
142: [120, 117, 118, 119, 86]
143: [120, 117, 118, 119, 86]
60
0: [96, 91, 92, 93, 94, 95, 86]
1: [96, 91, 92, 93, 94, 95, 86]
2: [96, 91, 92, 93, 94, 95, 86]
3: [96, 91, 92, 93, 94, 95, 86]
4: [96, 91, 92, 93, 94, 95, 86]
5: [96, 91, 92, 93, 94, 95, 86]
6: [96, 92, 93, 94, 95, 86]
7: [96, 93, 94, 95, 86]
8: [96, 94, 95, 86]
9: [96, 95, 86]
10: [96, 86]
11: [86]
12: [96, 107, 91, 92, 93, 94, 95, 128, 86]
13: [107, 128]
14: [107, 128]
15: [107, 128]
16: [107, 128]
17: [107, 91, 128]
18: [107, 92, 128]
19: [107, 93, 128]
20: [107, 94, 128]
21: [107, 95, 128]
22: [107, 96, 128]
23: [128, 86]
24: [96, 107, 108, 91, 92, 93, 94, 95, 128, 86]
25: [108]
26: [108]
27: [108]
28: [108]
29: [108, 91]
30: [108, 92]
31: [108, 93]
32: [108, 94]
33: [108, 95]
34: [107, 96]
35: [128, 86]
36: [96, 107, 108, 109, 91, 92, 93, 94, 95, 128, 86]
37: [109]
38: [109]
39: [109]
40: [109]
41: [109, 91]
42: [109, 92]
43: [109, 93]
44: [109, 94]
45: [108, 95]
46: [107, 96]
47: [128, 86]
48: [96, 107, 108, 109, 110, 91, 92, 93, 94, 95, 128, 86]
49: [110]
50: [110]
51: [110]
52: [110]
53: [110, 91]
54: [110, 92]
55: [110, 93]
56: [109, 94]
57: [108, 95]
58: [107, 96]
59: [128, 86]
60: []
61: [111, 91]
62: [111, 91]
63: [111, 91]
64: [111, 91]
65: [111, 91]
66: [111, 92]
67: [110, 93]
68: [109, 94]
69: [108, 95]
70: [107, 96]
71: [128, 86]
72: [128, 86, 92, 111, 93, 110, 109, 94, 108, 95, 96, 107]
73: [92]
74: [92]
75: [92]
76: [92]
77: [92]
78: [111, 92]
79: [110, 93]
80: [109, 94]
81: [108, 95]
82: [107, 96]
83: [128, 86]
84: [128, 86, 111, 93, 110, 109, 94, 108, 95, 96, 107]
85: [93]
86: [93]
87: [93]
88: [93]
89: [93]
90: [111, 93]
91: [110, 93]
92: [109, 94]
93: [108, 95]
94: [107, 96]
95: [128, 86]
96: [128, 86, 111, 110, 109, 94, 108, 95, 96, 107]
97: [94]
98: [94]
99: [94]
100: [94]
101: [94]
102: [111, 94]
103: [110, 94]
104: [109, 94]
105: [108, 95]
106: [107, 96]
107: [128, 86]
108: [128, 86, 111, 110, 109, 108, 95, 96, 107]
109: [95]
110: [95]
111: [95]
112: [95]
113: [95]
114: [111, 95]
115: [110, 95]
116: [109, 95]
117: [108, 95]
118: [107, 96]
119: [128, 86]
120: [128, 86, 111, 110, 109, 108, 96, 107]
121: [128, 96]
122: [128, 96]
123: [128, 96]
124: [128, 96]
125: [128, 96]
126: [128, 111, 96]
127: [128, 110, 96]
128: [128, 109, 96]
129: [128, 108, 96]
130: [128, 107, 96]
131: [128, 86]
132: [86, 111, 110, 109, 108, 107]
133: [86, 111, 110, 109, 108, 107]
134: [86, 111, 110, 109, 108, 107]
135: [86, 111, 110, 109, 108, 107]
136: [86, 111, 110, 109, 108, 107]
137: [86, 111, 110, 109, 108, 107]
138: [86, 111, 110, 109, 108, 107]
139: [86, 110, 109, 108, 107]
140: [86, 109, 108, 107]
141: [86, 108, 107]
142: [86, 107]
143: [86]
61
0: [91]
1: [97, 91, 127]
2: [97, 91, 127]
3: [97, 91, 127]
4: [97, 91, 127]
5: [97, 91, 127]
6: [97, 127]
7: [97, 127]
8: [97, 127]
9: [97, 127]
10: [97, 127]
11: [97]
12: [91]
13: [5, 6, 7, 8, 9, 1]
14: [5, 6, 7, 8, 9, 1]
15: [5, 6, 7, 8, 9, 1]
16: [5, 6, 7, 8, 9, 1]
17: [5, 6, 7, 8, 9, 1]
18: [8, 9, 6, 7, 1]
19: [8, 9, 7, 1]
20: [8, 9, 1]
21: [9, 1]
22: [1]
23: [117, 97]
24: [91]
25: [5, 6, 7, 8, 9, 18, 1]
26: [18]
27: [18]
28: [18]
29: [18, 5]
30: [18, 6]
31: [18, 7]
32: [18, 8]
33: [18, 9]
34: [1]
35: [117, 97]
36: [91]
37: [5, 6, 7, 8, 9, 18, 19, 1]
38: [19]
39: [19]
40: [19]
41: [19, 5]
42: [19, 6]
43: [19, 7]
44: [19, 8]
45: [18, 9]
46: [1]
47: [117, 97]
48: [91]
49: [5, 6, 7, 8, 9, 18, 19, 20, 1]
50: [20]
51: [20]
52: [20]
53: [20, 5]
54: [20, 6]
55: [20, 7]
56: [19, 8]
57: [18, 9]
58: [1]
59: [117, 97]
60: [91, 111]
61: []
62: [21, 5]
63: [21, 5]
64: [21, 5]
65: [21, 5]
66: [21, 6]
67: [20, 7]
68: [19, 8]
69: [18, 9]
70: [1]
71: [117, 97]
72: [111]
73: [1, 21, 6, 20, 7, 8, 19, 9, 18]
74: [6]
75: [6]
76: [6]
77: [6]
78: [21, 6]
79: [20, 7]
80: [19, 8]
81: [18, 9]
82: [1]
83: [117, 97]
84: [111]
85: [1, 21, 20, 7, 8, 19, 9, 18]
86: [7]
87: [7]
88: [7]
89: [7]
90: [21, 7]
91: [20, 7]
92: [19, 8]
93: [18, 9]
94: [1]
95: [117, 97]
96: [111]
97: [1, 21, 20, 8, 19, 9, 18]
98: [8]
99: [8]
100: [8]
101: [8]
102: [21, 8]
103: [20, 8]
104: [19, 8]
105: [18, 9]
106: [1]
107: [117, 97]
108: [111]
109: [1, 21, 20, 19, 9, 18]
110: [9]
111: [9]
112: [9]
113: [9]
114: [21, 9]
115: [20, 9]
116: [19, 9]
117: [18, 9]
118: [1]
119: [117, 97]
120: [111]
121: [1, 21, 20, 19, 18]
122: [1, 21, 20, 19, 18]
123: [1, 21, 20, 19, 18]
124: [1, 21, 20, 19, 18]
125: [1, 21, 20, 19, 18]
126: [1, 21, 20, 19, 18]
127: [1, 20, 19, 18]
128: [1, 19, 18]
129: [1, 18]
130: [1]
131: [117, 97]
132: [111]
133: [127, 111, 117]
134: [127, 111, 117]
135: [127, 111, 117]
136: [127, 111, 117]
137: [127, 111, 117]
138: [127, 111, 117]
139: [127, 117]
140: [127, 117]
141: [127, 117]
142: [127, 117]
143: [117]
62
0: [91]
1: [91]
2: [98, 91]
3: [98, 91]
4: [98, 91]
5: [98, 91]
6: [98]
7: [98]
8: [98]
9: [98]
10: [98]
11: [98]
12: [91]
13: [5]
14: [10, 5]
15: [10, 5]
16: [10, 5]
17: [10, 5]
18: [10]
19: [10]
20: [10]
21: [10]
22: [10]
23: [98]
24: [91]
25: [5]
26: [40, 37, 38, 39, 34]
27: [40, 37, 38, 39, 34]
28: [40, 37, 38, 39, 34]
29: [40, 37, 38, 39, 34]
30: [40, 38, 39, 34]
31: [40, 39, 34]
32: [40, 34]
33: [34]
34: [26, 10]
35: [118, 98]
36: [91]
37: [5]
38: [37, 38, 39, 40, 47, 130, 34]
39: [47, 130]
40: [47, 130]
41: [47, 37, 130]
42: [47, 38, 130]
43: [47, 39, 130]
44: [47, 40, 130]
45: [130, 34]
46: [26, 10]
47: [118, 98]
48: [91]
49: [5]
50: [37, 38, 39, 40, 47, 48, 130, 34]
51: [48]
52: [48]
53: [48, 37]
54: [48, 38]
55: [48, 39]
56: [47, 40]
57: [130, 34]
58: [26, 10]
59: [118, 98]
60: [91, 111]
61: [5, 21]
62: []
63: [49, 37]
64: [49, 37]
65: [49, 37]
66: [49, 38]
67: [48, 39]
68: [47, 40]
69: [130, 34]
70: [26, 10]
71: [118, 98]
72: [111]
73: [21]
74: [34, 130, 49, 38, 48, 39, 40, 47]
75: [38]
76: [38]
77: [38]
78: [49, 38]
79: [48, 39]
80: [47, 40]
81: [130, 34]
82: [26, 10]
83: [118, 98]
84: [111]
85: [21]
86: [34, 130, 49, 48, 39, 40, 47]
87: [39]
88: [39]
89: [39]
90: [49, 39]
91: [48, 39]
92: [47, 40]
93: [130, 34]
94: [26, 10]
95: [118, 98]
96: [111]
97: [21]
98: [34, 130, 49, 48, 40, 47]
99: [130, 40]
100: [130, 40]
101: [130, 40]
102: [49, 130, 40]
103: [130, 48, 40]
104: [130, 47, 40]
105: [130, 34]
106: [26, 10]
107: [118, 98]
108: [111]
109: [21]
110: [34, 49, 48, 47]
111: [34, 49, 48, 47]
112: [34, 49, 48, 47]
113: [34, 49, 48, 47]
114: [49, 34, 48, 47]
115: [34, 48, 47]
116: [34, 47]
117: [34]
118: [26, 10]
119: [118, 98]
120: [111]
121: [21]
122: [21, 26]
123: [21, 26]
124: [21, 26]
125: [21, 26]
126: [21, 26]
127: [26]
128: [26]
129: [26]
130: [26]
131: [118]
132: [111]
133: [111]
134: [111, 118]
135: [111, 118]
136: [111, 118]
137: [111, 118]
138: [111, 118]
139: [118]
140: [118]
141: [118]
142: [118]
143: [118]
63
0: [91]
1: [91]
2: [91]
3: [99, 91]
4: [99, 91]
5: [99, 91]
6: [99]
7: [99]
8: [99]
9: [99]
10: [99]
11: [99]
12: [91]
13: [5]
14: [5]
15: [11, 5]
16: [11, 5]
17: [11, 5]
18: [11]
19: [11]
20: [11]
21: [11]
22: [11]
23: [99]
24: [91]
25: [5]
26: [37]
27: [41, 37, 129]
28: [41, 37, 129]
29: [41, 37, 129]
30: [41, 129]
31: [41, 129]
32: [41, 129]
33: [41]
34: [11]
35: [99]
36: [91]
37: [5]
38: [37]
39: [61, 62, 63, 59]
40: [61, 62, 63, 59]
41: [61, 62, 63, 59]
42: [62, 63, 59]
43: [63, 59]
44: [59]
45: [53, 41]
46: [27, 11]
47: [119, 99]
48: [91]
49: [5]
50: [37]
51: [68, 61, 62, 63, 59]
52: [68]
53: [68, 61]
54: [68, 62]
55: [68, 63]
56: [59]
57: [53, 41]
58: [27, 11]
59: [119, 99]
60: [91, 111]
61: [5, 21]
62: [37, 49]
63: []
64: [69, 61]
65: [69, 61]
66: [69, 62]
67: [68, 63]
68: [59]
69: [53, 41]
70: [27, 11]
71: [119, 99]
72: [111]
73: [21]
74: [49]
75: [59, 69, 62, 68, 63]
76: [62]
77: [62]
78: [69, 62]
79: [68, 63]
80: [59]
81: [53, 41]
82: [27, 11]
83: [119, 99]
84: [111]
85: [21]
86: [49]
87: [59, 69, 68, 63]
88: [63]
89: [63]
90: [69, 63]
91: [68, 63]
92: [59]
93: [53, 41]
94: [27, 11]
95: [119, 99]
96: [111]
97: [21]
98: [49]
99: [59, 69, 68]
100: [59, 69, 68]
101: [59, 69, 68]
102: [59, 69, 68]
103: [59, 68]
104: [59]
105: [53, 41]
106: [27, 11]
107: [119, 99]
108: [111]
109: [21]
110: [49]
111: [129, 49, 53]
112: [129, 49, 53]
113: [129, 49, 53]
114: [49, 129, 53]
115: [129, 53]
116: [129, 53]
117: [53]
118: [27]
119: [119]
120: [111]
121: [21]
122: [21]
123: [21, 27]
124: [21, 27]
125: [21, 27]
126: [21, 27]
127: [27]
128: [27]
129: [27]
130: [27]
131: [119]
132: [111]
133: [111]
134: [111]
135: [111, 119]
136: [111, 119]
137: [111, 119]
138: [111, 119]
139: [119]
140: [119]
141: [119]
142: [119]
143: [119]
64
0: [91]
1: [91]
2: [91]
3: [91]
4: [100, 91]
5: [100, 91]
6: [100]
7: [100]
8: [100]
9: [100]
10: [100]
11: [100]
12: [91]
13: [5]
14: [5]
15: [5]
16: [12, 5]
17: [12, 5]
18: [12]
19: [12]
20: [12]
21: [12]
22: [12]
23: [100]
24: [91]
25: [5]
26: [37]
27: [37]
28: [42, 37]
29: [42, 37]
30: [42]
31: [42]
32: [42]
33: [42]
34: [12]
35: [100]
36: [91]
37: [5]
38: [37]
39: [61]
40: [64, 61]
41: [64, 61]
42: [64]
43: [64]
44: [64]
45: [42]
46: [12]
47: [100]
48: [91]
49: [5]
50: [37]
51: [61]
52: [77, 78, 76]
53: [77, 78, 76]
54: [78, 76]
55: [76]
56: [72, 64]
57: [54, 42]
58: [28, 12]
59: [120, 100]
60: [91, 111]
61: [5, 21]
62: [37, 49]
63: [61, 69]
64: []
65: [81, 77, 132]
66: [81, 78, 132]
67: [132, 76]
68: [72, 64]
69: [54, 42]
70: [28, 12]
71: [120, 100]
72: [111]
73: [21]
74: [49]
75: [69]
76: [132, 76, 81, 78]
77: [132, 78]
78: [81, 132, 78]
79: [132, 76]
80: [72, 64]
81: [54, 42]
82: [28, 12]
83: [120, 100]
84: [111]
85: [21]
86: [49]
87: [69]
88: [76, 81]
89: [76, 81]
90: [81, 76]
91: [76]
92: [72, 64]
93: [54, 42]
94: [28, 12]
95: [120, 100]
96: [111]
97: [21]
98: [49]
99: [69]
100: [69, 72]
101: [69, 72]
102: [69, 72]
103: [72]
104: [72]
105: [54]
106: [28]
107: [120]
108: [111]
109: [21]
110: [49]
111: [49]
112: [49, 54]
113: [49, 54]
114: [49, 54]
115: [54]
116: [54]
117: [54]
118: [28]
119: [120]
120: [111]
121: [21]
122: [21]
123: [21]
124: [21, 28]
125: [21, 28]
126: [21, 28]
127: [28]
128: [28]
129: [28]
130: [28]
131: [120]
132: [111]
133: [111]
134: [111]
135: [111]
136: [111, 120]
137: [111, 120]
138: [111, 120]
139: [120]
140: [120]
141: [120]
142: [120]
143: [120]
65
0: [91]
1: [91]
2: [91]
3: [91]
4: [91]
5: [101, 91]
6: [101]
7: [101]
8: [101]
9: [101]
10: [101]
11: [101]
12: [91]
13: [5]
14: [5]
15: [5]
16: [5]
17: [13, 5]
18: [13]
19: [13]
20: [13]
21: [13]
22: [13]
23: [101]
24: [91]
25: [5]
26: [37]
27: [37]
28: [37]
29: [43, 37]
30: [43]
31: [43]
32: [43]
33: [43]
34: [13]
35: [101]
36: [91]
37: [5]
38: [37]
39: [61]
40: [61]
41: [65, 61]
42: [65]
43: [65]
44: [65]
45: [43]
46: [13]
47: [101]
48: [91]
49: [5]
50: [37]
51: [61]
52: [77]
53: [79, 77, 131]
54: [79, 131]
55: [79]
56: [65]
57: [43]
58: [13]
59: [101]
60: [91, 111]
61: [5, 21]
62: [37, 49]
63: [61, 69]
64: [132, 77, 81]
65: []
66: [85]
67: [83, 79, 132]
68: [73, 65]
69: [55, 43]
70: [29, 13]
71: [121, 101]
72: [111]
73: [21]
74: [49]
75: [69]
76: [132, 81]
77: [85]
78: [85]
79: [83, 132, 79]
80: [73, 65]
81: [55, 43]
82: [29, 13]
83: [121, 101]
84: [111]
85: [21]
86: [49]
87: [69]
88: [81]
89: [131, 81, 83]
90: [81, 131, 83]
91: [83]
92: [73]
93: [55]
94: [29]
95: [121]
96: [111]
97: [21]
98: [49]
99: [69]
100: [69]
101: [69, 73]
102: [69, 73]
103: [73]
104: [73]
105: [55]
106: [29]
107: [121]
108: [111]
109: [21]
110: [49]
111: [49]
112: [49]
113: [49, 55]
114: [49, 55]
115: [55]
116: [55]
117: [55]
118: [29]
119: [121]
120: [111]
121: [21]
122: [21]
123: [21]
124: [21]
125: [21, 29]
126: [21, 29]
127: [29]
128: [29]
129: [29]
130: [29]
131: [121]
132: [111]
133: [111]
134: [111]
135: [111]
136: [111]
137: [111, 121]
138: [111, 121]
139: [121]
140: [121]
141: [121]
142: [121]
143: [121]
66
0: [92]
1: [92]
2: [92]
3: [92]
4: [92]
5: [92]
6: [102, 92]
7: [102]
8: [102]
9: [102]
10: [102]
11: [102]
12: [92]
13: [6]
14: [6]
15: [6]
16: [6]
17: [6]
18: [14, 6]
19: [14]
20: [14]
21: [14]
22: [14]
23: [102]
24: [92]
25: [6]
26: [38]
27: [38]
28: [38]
29: [38]
30: [44, 38]
31: [44]
32: [44]
33: [44]
34: [14]
35: [102]
36: [92]
37: [6]
38: [38]
39: [62]
40: [62]
41: [62]
42: [66, 62]
43: [66]
44: [66]
45: [44]
46: [14]
47: [102]
48: [92]
49: [6]
50: [38]
51: [62]
52: [78]
53: [131, 78]
54: [80, 131, 78]
55: [80]
56: [66]
57: [44]
58: [14]
59: [102]
60: [92, 111]
61: [6, 21]
62: [38, 49]
63: [62, 69]
64: [132, 78, 81]
65: [85]
66: []
67: [83, 80, 132]
68: [73, 66]
69: [55, 44]
70: [29, 14]
71: [121, 102]
72: [92, 111]
73: [6, 21]
74: [38, 49]
75: [62, 69]
76: [132, 78, 81]
77: [85]
78: [85]
79: [83, 132]
80: [73]
81: [55]
82: [29]
83: [121]
84: [111]
85: [21]
86: [49]
87: [69]
88: [81]
89: [81, 83, 131]
90: [81, 83, 131]
91: [83]
92: [73]
93: [55]
94: [29]
95: [121]
96: [111]
97: [21]
98: [49]
99: [69]
100: [69]
101: [69, 73]
102: [69, 73]
103: [73]
104: [73]
105: [55]
106: [29]
107: [121]
108: [111]
109: [21]
110: [49]
111: [49]
112: [49]
113: [49, 55]
114: [49, 55]
115: [55]
116: [55]
117: [55]
118: [29]
119: [121]
120: [111]
121: [21]
122: [21]
123: [21]
124: [21]
125: [21, 29]
126: [21, 29]
127: [29]
128: [29]
129: [29]
130: [29]
131: [121]
132: [111]
133: [111]
134: [111]
135: [111]
136: [111]
137: [111, 121]
138: [111, 121]
139: [121]
140: [121]
141: [121]
142: [121]
143: [121]
67
0: [93]
1: [93]
2: [93]
3: [93]
4: [93]
5: [93]
6: [102, 93]
7: [102, 93]
8: [102]
9: [102]
10: [102]
11: [102]
12: [93]
13: [7]
14: [7]
15: [7]
16: [7]
17: [7]
18: [14, 7]
19: [14, 7]
20: [14]
21: [14]
22: [14]
23: [102]
24: [93]
25: [7]
26: [39]
27: [39]
28: [39]
29: [39]
30: [44, 39]
31: [44, 39]
32: [44]
33: [44]
34: [14]
35: [102]
36: [93]
37: [7]
38: [39]
39: [63]
40: [63]
41: [63]
42: [66, 63]
43: [66, 63]
44: [66]
45: [44]
46: [14]
47: [102]
48: [93, 110]
49: [7, 20]
50: [39, 48]
51: [63, 68]
52: [76]
53: [76, 79]
54: [80, 76, 79]
55: [76, 80, 79]
56: [66]
57: [44]
58: [14]
59: [102]
60: [93, 110]
61: [7, 20]
62: [39, 48]
63: [63, 68]
64: [132, 76]
65: [132, 79, 83]
66: [80, 132, 83]
67: []
68: [73, 66]
69: [55, 44]
70: [29, 14]
71: [121, 102]
72: [93, 110]
73: [7, 20]
74: [39, 48]
75: [63, 68]
76: [132, 76]
77: [79, 83, 132]
78: [79, 132]
79: [83, 79, 132, 76]
80: [73]
81: [55]
82: [29]
83: [121]
84: [93, 110]
85: [7, 20]
86: [39, 48]
87: [63, 68]
88: [76]
89: [83, 76]
90: [83, 76]
91: [83, 76]
92: [73]
93: [55]
94: [29]
95: [121]
96: [110]
97: [20]
98: [48]
99: [68]
100: [68]
101: [68, 73]
102: [68, 73]
103: [68, 73]
104: [73]
105: [55]
106: [29]
107: [121]
108: [110]
109: [20]
110: [48]
111: [48]
112: [48]
113: [48, 55]
114: [48, 55]
115: [48, 55]
116: [55]
117: [55]
118: [29]
119: [121]
120: [110]
121: [20]
122: [20]
123: [20]
124: [20]
125: [20, 29]
126: [20, 29]
127: [20, 29]
128: [29]
129: [29]
130: [29]
131: [121]
132: [110]
133: [110]
134: [110]
135: [110]
136: [110]
137: [110, 121]
138: [110, 121]
139: [110, 121]
140: [121]
141: [121]
142: [121]
143: [121]
68
0: [94]
1: [94]
2: [94]
3: [94]
4: [94]
5: [94]
6: [102, 94]
7: [102, 94]
8: [102, 94]
9: [102]
10: [102]
11: [102]
12: [94]
13: [8]
14: [8]
15: [8]
16: [8]
17: [8]
18: [14, 8]
19: [14, 8]
20: [14, 8]
21: [14]
22: [14]
23: [102]
24: [94]
25: [8]
26: [40]
27: [129, 40]
28: [129, 40]
29: [129, 40]
30: [129, 44, 40]
31: [129, 44, 40]
32: [129, 44, 40]
33: [44]
34: [14]
35: [102]
36: [94, 109]
37: [8, 19]
38: [40, 47]
39: [59]
40: [59, 64]
41: [59, 65, 64]
42: [66, 59, 65, 64]
43: [59, 66, 65, 64]
44: [59, 66, 65, 64]
45: [44]
46: [14]
47: [102]
48: [94, 109]
49: [8, 19]
50: [40, 47]
51: [59]
52: [64, 72]
53: [65, 72]
54: [66, 72]
55: [72]
56: [59, 66, 65, 64, 72]
57: [44]
58: [14]
59: [102]
60: [94, 109]
61: [8, 19]
62: [40, 47]
63: [59]
64: [64, 72]
65: [65, 73]
66: [66, 73]
67: [66, 73]
68: []
69: [55, 44]
70: [29, 14]
71: [121, 102]
72: [94, 109]
73: [8, 19]
74: [40, 47]
75: [59]
76: [64, 72]
77: [65, 73]
78: [65]
79: [65]
80: [64, 65, 72, 73, 59]
81: [55]
82: [29]
83: [121]
84: [94, 109]
85: [8, 19]
86: [40, 47]
87: [59]
88: [64, 72]
89: [64, 73]
90: [64]
91: [64]
92: [64, 73, 72, 59]
93: [55]
94: [29]
95: [121]
96: [94, 109]
97: [8, 19]
98: [40, 47]
99: [59]
100: [72, 59]
101: [72, 73, 59]
102: [72, 73, 59]
103: [72, 73, 59]
104: [72, 73, 59]
105: [55]
106: [29]
107: [121]
108: [109]
109: [19]
110: [47]
111: [47, 129]
112: [47, 129]
113: [47, 55, 129]
114: [47, 55, 129]
115: [47, 55, 129]
116: [47, 55, 129]
117: [55]
118: [29]
119: [121]
120: [109]
121: [19]
122: [19]
123: [19]
124: [19]
125: [19, 29]
126: [19, 29]
127: [19, 29]
128: [19, 29]
129: [29]
130: [29]
131: [121]
132: [109]
133: [109]
134: [109]
135: [109]
136: [109]
137: [109, 121]
138: [109, 121]
139: [109, 121]
140: [109, 121]
141: [121]
142: [121]
143: [121]
69
0: [95]
1: [95]
2: [95]
3: [95]
4: [95]
5: [95]
6: [102, 95]
7: [102, 95]
8: [102, 95]
9: [102, 95]
10: [102]
11: [102]
12: [95]
13: [9]
14: [9]
15: [9]
16: [9]
17: [9]
18: [14, 9]
19: [14, 9]
20: [14, 9]
21: [14, 9]
22: [14]
23: [102]
24: [95, 108]
25: [9, 18]
26: [34]
27: [34, 41]
28: [34, 42, 41]
29: [34, 43, 42, 41]
30: [34, 44, 43, 42, 41]
31: [34, 44, 43, 42, 41]
32: [34, 44, 43, 42, 41]
33: [34, 44, 43, 42, 41]
34: [14]
35: [102]
36: [95, 108]
37: [9, 18]
38: [130, 34]
39: [130, 41, 53]
40: [130, 42, 53]
41: [130, 43, 53]
42: [130, 44, 53]
43: [130, 53]
44: [130, 53]
45: [34, 130, 44, 43, 42, 41, 53]
46: [14]
47: [102]
48: [95, 108]
49: [9, 18]
50: [130, 34]
51: [41, 53]
52: [42, 54]
53: [43, 54]
54: [44, 54]
55: [54]
56: [54]
57: [34, 130, 44, 43, 42, 54, 41, 53]
58: [14]
59: [102]
60: [95, 108]
61: [9, 18]
62: [130, 34]
63: [41, 53]
64: [42, 54]
65: [43, 55]
66: [44, 55]
67: [44, 55]
68: [44, 55]
69: []
70: [29, 14]
71: [121, 102]
72: [95, 108]
73: [9, 18]
74: [130, 34]
75: [41, 53]
76: [42, 54]
77: [43, 55]
78: [43]
79: [43]
80: [43]
81: [41, 42, 43, 53, 54, 55, 130, 34]
82: [29]
83: [121]
84: [95, 108]
85: [9, 18]
86: [130, 34]
87: [41, 53]
88: [42, 54]
89: [42, 55]
90: [42]
91: [42]
92: [42]
93: [41, 42, 53, 54, 55, 130, 34]
94: [29]
95: [121]
96: [95, 108]
97: [9, 18]
98: [130, 34]
99: [41, 53, 130]
100: [41, 54, 130]
101: [41, 55, 130]
102: [41, 130]
103: [41, 130]
104: [41, 130]
105: [41, 53, 54, 55, 130, 34]
106: [29]
107: [121]
108: [95, 108]
109: [9, 18]
110: [34]
111: [53, 34]
112: [53, 54, 34]
113: [53, 54, 55, 34]
114: [53, 54, 55, 34]
115: [53, 54, 55, 34]
116: [53, 54, 55, 34]
117: [53, 54, 55, 34]
118: [29]
119: [121]
120: [108]
121: [18]
122: [18]
123: [18]
124: [18]
125: [18, 29]
126: [18, 29]
127: [18, 29]
128: [18, 29]
129: [18, 29]
130: [29]
131: [121]
132: [108]
133: [108]
134: [108]
135: [108]
136: [108]
137: [108, 121]
138: [108, 121]
139: [108, 121]
140: [108, 121]
141: [108, 121]
142: [121]
143: [121]
70
0: [96]
1: [127, 96]
2: [127, 96]
3: [127, 96]
4: [127, 96]
5: [127, 96]
6: [102, 127, 96]
7: [127, 102, 96]
8: [127, 102, 96]
9: [127, 102, 96]
10: [127, 102, 96]
11: [102]
12: [96, 107]
13: [1]
14: [1, 10]
15: [1, 11, 10]
16: [1, 12, 11, 10]
17: [1, 13, 12, 11, 10]
18: [1, 14, 13, 12, 11, 10]
19: [1, 14, 13, 12, 11, 10]
20: [1, 14, 13, 12, 11, 10]
21: [1, 14, 13, 12, 11, 10]
22: [1, 14, 13, 12, 11, 10]
23: [102]
24: [96, 107]
25: [1]
26: [10, 26]
27: [11, 26]
28: [12, 26]
29: [13, 26]
30: [14, 26]
31: [26]
32: [26]
33: [26]
34: [1, 14, 13, 12, 11, 10, 26]
35: [102]
36: [96, 107]
37: [1]
38: [10, 26]
39: [11, 27]
40: [12, 27]
41: [13, 27]
42: [14, 27]
43: [27]
44: [27]
45: [27]
46: [1, 14, 13, 12, 27, 11, 10, 26]
47: [102]
48: [96, 107]
49: [1]
50: [10, 26]
51: [11, 27]
52: [12, 28]
53: [13, 28]
54: [14, 28]
55: [28]
56: [28]
57: [28]
58: [1, 14, 13, 12, 28, 27, 11, 10, 26]
59: [102]
60: [96, 107]
61: [1]
62: [10, 26]
63: [11, 27]
64: [12, 28]
65: [13, 29]
66: [14, 29]
67: [14, 29]
68: [14, 29]
69: [14, 29]
70: []
71: [121, 102]
72: [96, 107]
73: [1]
74: [10, 26]
75: [11, 27]
76: [12, 28]
77: [13, 29]
78: [13]
79: [13]
80: [13]
81: [13]
82: [10, 11, 12, 13, 26, 27, 28, 29, 1]
83: [121]
84: [96, 107]
85: [1]
86: [10, 26]
87: [11, 27]
88: [12, 28]
89: [12, 29]
90: [12]
91: [12]
92: [12]
93: [12]
94: [10, 11, 12, 26, 27, 28, 29, 1]
95: [121]
96: [96, 107]
97: [1]
98: [10, 26]
99: [11, 27]
100: [11, 28]
101: [11, 29]
102: [11]
103: [11]
104: [11]
105: [11]
106: [10, 11, 26, 27, 28, 29, 1]
107: [121]
108: [96, 107]
109: [1]
110: [10, 26]
111: [10, 27]
112: [10, 28]
113: [10, 29]
114: [10]
115: [10]
116: [10]
117: [10]
118: [10, 26, 27, 28, 29, 1]
119: [121]
120: [96, 107]
121: [1]
122: [26, 1]
123: [26, 27, 1]
124: [26, 27, 28, 1]
125: [26, 27, 28, 29, 1]
126: [26, 27, 28, 29, 1]
127: [26, 27, 28, 29, 1]
128: [26, 27, 28, 29, 1]
129: [26, 27, 28, 29, 1]
130: [26, 27, 28, 29, 1]
131: [121]
132: [107]
133: [107, 127]
134: [107, 127]
135: [107, 127]
136: [107, 127]
137: [107, 121, 127]
138: [107, 121, 127]
139: [107, 121, 127]
140: [107, 121, 127]
141: [107, 121, 127]
142: [107, 121, 127]
143: [121]
71
0: [86]
1: [86, 97]
2: [86, 98, 97]
3: [86, 99, 98, 97]
4: [86, 100, 99, 98, 97]
5: [86, 101, 100, 99, 98, 97]
6: [102, 86, 101, 100, 99, 98, 97]
7: [86, 102, 101, 100, 99, 98, 97]
8: [86, 102, 101, 100, 99, 98, 97]
9: [86, 102, 101, 100, 99, 98, 97]
10: [86, 102, 101, 100, 99, 98, 97]
11: [86, 102, 101, 100, 99, 98, 97]
12: [128, 86]
13: [128, 97, 117]
14: [128, 98, 117]
15: [128, 99, 117]
16: [128, 100, 117]
17: [128, 101, 117]
18: [128, 102, 117]
19: [128, 117]
20: [128, 117]
21: [128, 117]
22: [128, 117]
23: [128, 86, 102, 101, 100, 99, 98, 97, 117]
24: [128, 86]
25: [97, 117]
26: [98, 118]
27: [99, 118]
28: [100, 118]
29: [101, 118]
30: [102, 118]
31: [118]
32: [118]
33: [118]
34: [118]
35: [128, 86, 102, 101, 100, 99, 98, 118, 97, 117]
36: [128, 86]
37: [97, 117]
38: [98, 118]
39: [99, 119]
40: [100, 119]
41: [101, 119]
42: [102, 119]
43: [119]
44: [119]
45: [119]
46: [119]
47: [128, 86, 102, 101, 100, 99, 119, 98, 118, 97, 117]
48: [128, 86]
49: [97, 117]
50: [98, 118]
51: [99, 119]
52: [100, 120]
53: [101, 120]
54: [102, 120]
55: [120]
56: [120]
57: [120]
58: [120]
59: [128, 86, 102, 101, 120, 100, 99, 119, 98, 118, 97, 117]
60: [128, 86]
61: [97, 117]
62: [98, 118]
63: [99, 119]
64: [100, 120]
65: [101, 121]
66: [102, 121]
67: [102, 121]
68: [102, 121]
69: [102, 121]
70: [102, 121]
71: []
72: [128, 86]
73: [97, 117]
74: [98, 118]
75: [99, 119]
76: [100, 120]
77: [101, 121]
78: [101]
79: [101]
80: [101]
81: [101]
82: [101]
83: [97, 98, 99, 100, 101, 117, 118, 119, 120, 121, 128, 86]
84: [128, 86]
85: [97, 117]
86: [98, 118]
87: [99, 119]
88: [100, 120]
89: [100, 121]
90: [100]
91: [100]
92: [100]
93: [100]
94: [100]
95: [97, 98, 99, 100, 117, 118, 119, 120, 121, 128, 86]
96: [128, 86]
97: [97, 117]
98: [98, 118]
99: [99, 119]
100: [99, 120]
101: [99, 121]
102: [99]
103: [99]
104: [99]
105: [99]
106: [99]
107: [97, 98, 99, 117, 118, 119, 120, 121, 128, 86]
108: [128, 86]
109: [97, 117]
110: [98, 118]
111: [98, 119]
112: [98, 120]
113: [98, 121]
114: [98]
115: [98]
116: [98]
117: [98]
118: [98]
119: [97, 98, 117, 118, 119, 120, 121, 128, 86]
120: [128, 86]
121: [97, 117, 128]
122: [97, 118, 128]
123: [97, 119, 128]
124: [97, 120, 128]
125: [97, 121, 128]
126: [97, 128]
127: [97, 128]
128: [97, 128]
129: [97, 128]
130: [97, 128]
131: [97, 117, 118, 119, 120, 121, 128, 86]
132: [86]
133: [117, 86]
134: [117, 118, 86]
135: [117, 118, 119, 86]
136: [120, 117, 118, 119, 86]
137: [117, 118, 119, 120, 121, 86]
138: [117, 118, 119, 120, 121, 86]
139: [117, 118, 119, 120, 121, 86]
140: [117, 118, 119, 120, 121, 86]
141: [117, 118, 119, 120, 121, 86]
142: [117, 118, 119, 120, 121, 86]
143: [117, 118, 119, 120, 121, 86]
72
0: [96, 92, 93, 94, 95, 86]
1: [96, 92, 93, 94, 95, 86]
2: [96, 92, 93, 94, 95, 86]
3: [96, 92, 93, 94, 95, 86]
4: [96, 92, 93, 94, 95, 86]
5: [96, 92, 93, 94, 95, 86]
6: [96, 92, 93, 94, 95, 86]
7: [96, 93, 94, 95, 86]
8: [96, 94, 95, 86]
9: [96, 95, 86]
10: [96, 86]
11: [86]
12: [96, 107, 92, 93, 94, 95, 128, 86]
13: [107, 128]
14: [107, 128]
15: [107, 128]
16: [107, 128]
17: [107, 128]
18: [107, 92, 128]
19: [107, 93, 128]
20: [107, 94, 128]
21: [107, 95, 128]
22: [107, 96, 128]
23: [128, 86]
24: [96, 107, 108, 92, 93, 94, 95, 128, 86]
25: [108]
26: [108]
27: [108]
28: [108]
29: [108]
30: [108, 92]
31: [108, 93]
32: [108, 94]
33: [108, 95]
34: [107, 96]
35: [128, 86]
36: [96, 107, 108, 109, 92, 93, 94, 95, 128, 86]
37: [109]
38: [109]
39: [109]
40: [109]
41: [109]
42: [109, 92]
43: [109, 93]
44: [109, 94]
45: [108, 95]
46: [107, 96]
47: [128, 86]
48: [96, 107, 108, 109, 110, 92, 93, 94, 95, 128, 86]
49: [110]
50: [110]
51: [110]
52: [110]
53: [110]
54: [110, 92]
55: [110, 93]
56: [109, 94]
57: [108, 95]
58: [107, 96]
59: [128, 86]
60: [96, 107, 108, 109, 110, 111, 92, 93, 94, 95, 128, 86]
61: [111]
62: [111]
63: [111]
64: [111]
65: [111]
66: [111, 92]
67: [110, 93]
68: [109, 94]
69: [108, 95]
70: [107, 96]
71: [128, 86]
72: []
73: [112, 92]
74: [112, 92]
75: [112, 92]
76: [112, 92]
77: [112, 92]
78: [111, 92]
79: [110, 93]
80: [109, 94]
81: [108, 95]
82: [107, 96]
83: [128, 86]
84: [128, 86, 112, 111, 93, 110, 109, 94, 108, 95, 96, 107]
85: [93]
86: [93]
87: [93]
88: [93]
89: [112, 93]
90: [111, 93]
91: [110, 93]
92: [109, 94]
93: [108, 95]
94: [107, 96]
95: [128, 86]
96: [128, 86, 112, 111, 110, 109, 94, 108, 95, 96, 107]
97: [94]
98: [94]
99: [94]
100: [94]
101: [112, 94]
102: [111, 94]
103: [110, 94]
104: [109, 94]
105: [108, 95]
106: [107, 96]
107: [128, 86]
108: [128, 86, 112, 111, 110, 109, 108, 95, 96, 107]
109: [95]
110: [95]
111: [95]
112: [95]
113: [112, 95]
114: [111, 95]
115: [110, 95]
116: [109, 95]
117: [108, 95]
118: [107, 96]
119: [128, 86]
120: [128, 86, 112, 111, 110, 109, 108, 96, 107]
121: [128, 96]
122: [128, 96]
123: [128, 96]
124: [128, 96]
125: [112, 128, 96]
126: [128, 111, 96]
127: [128, 110, 96]
128: [128, 109, 96]
129: [128, 108, 96]
130: [128, 107, 96]
131: [128, 86]
132: [86, 112, 111, 110, 109, 108, 107]
133: [86, 112, 111, 110, 109, 108, 107]
134: [86, 112, 111, 110, 109, 108, 107]
135: [86, 112, 111, 110, 109, 108, 107]
136: [86, 112, 111, 110, 109, 108, 107]
137: [112, 86, 111, 110, 109, 108, 107]
138: [86, 111, 110, 109, 108, 107]
139: [86, 110, 109, 108, 107]
140: [86, 109, 108, 107]
141: [86, 108, 107]
142: [86, 107]
143: [86]
73
0: [92]
1: [97, 92, 127]
2: [97, 92, 127]
3: [97, 92, 127]
4: [97, 92, 127]
5: [97, 92, 127]
6: [97, 92, 127]
7: [97, 127]
8: [97, 127]
9: [97, 127]
10: [97, 127]
11: [97]
12: [92]
13: [8, 9, 6, 7, 1]
14: [8, 9, 6, 7, 1]
15: [8, 9, 6, 7, 1]
16: [8, 9, 6, 7, 1]
17: [8, 9, 6, 7, 1]
18: [8, 9, 6, 7, 1]
19: [8, 9, 7, 1]
20: [8, 9, 1]
21: [9, 1]
22: [1]
23: [117, 97]
24: [92]
25: [6, 7, 8, 9, 18, 1]
26: [18]
27: [18]
28: [18]
29: [18]
30: [18, 6]
31: [18, 7]
32: [18, 8]
33: [18, 9]
34: [1]
35: [117, 97]
36: [92]
37: [6, 7, 8, 9, 18, 19, 1]
38: [19]
39: [19]
40: [19]
41: [19]
42: [19, 6]
43: [19, 7]
44: [19, 8]
45: [18, 9]
46: [1]
47: [117, 97]
48: [92]
49: [6, 7, 8, 9, 18, 19, 20, 1]
50: [20]
51: [20]
52: [20]
53: [20]
54: [20, 6]
55: [20, 7]
56: [19, 8]
57: [18, 9]
58: [1]
59: [117, 97]
60: [92]
61: [6, 7, 8, 9, 18, 19, 20, 21, 1]
62: [21]
63: [21]
64: [21]
65: [21]
66: [21, 6]
67: [20, 7]
68: [19, 8]
69: [18, 9]
70: [1]
71: [117, 97]
72: [92, 112]
73: []
74: [22, 6]
75: [22, 6]
76: [22, 6]
77: [22, 6]
78: [21, 6]
79: [20, 7]
80: [19, 8]
81: [18, 9]
82: [1]
83: [117, 97]
84: [112]
85: [1, 22, 21, 20, 7, 8, 19, 9, 18]
86: [7]
87: [7]
88: [7]
89: [22, 7]
90: [21, 7]
91: [20, 7]
92: [19, 8]
93: [18, 9]
94: [1]
95: [117, 97]
96: [112]
97: [1, 22, 21, 20, 8, 19, 9, 18]
98: [8]
99: [8]
100: [8]
101: [22, 8]
102: [21, 8]
103: [20, 8]
104: [19, 8]
105: [18, 9]
106: [1]
107: [117, 97]
108: [112]
109: [1, 22, 21, 20, 19, 9, 18]
110: [9]
111: [9]
112: [9]
113: [22, 9]
114: [21, 9]
115: [20, 9]
116: [19, 9]
117: [18, 9]
118: [1]
119: [117, 97]
120: [112]
121: [1, 22, 21, 20, 19, 18]
122: [1, 22, 21, 20, 19, 18]
123: [1, 22, 21, 20, 19, 18]
124: [1, 22, 21, 20, 19, 18]
125: [1, 22, 21, 20, 19, 18]
126: [1, 21, 20, 19, 18]
127: [1, 20, 19, 18]
128: [1, 19, 18]
129: [1, 18]
130: [1]
131: [117, 97]
132: [112]
133: [127, 112, 117]
134: [127, 112, 117]
135: [127, 112, 117]
136: [127, 112, 117]
137: [112, 127, 117]
138: [127, 117]
139: [127, 117]
140: [127, 117]
141: [127, 117]
142: [127, 117]
143: [117]
74
0: [92]
1: [92]
2: [98, 92]
3: [98, 92]
4: [98, 92]
5: [98, 92]
6: [98, 92]
7: [98]
8: [98]
9: [98]
10: [98]
11: [98]
12: [92]
13: [6]
14: [10, 6]
15: [10, 6]
16: [10, 6]
17: [10, 6]
18: [10, 6]
19: [10]
20: [10]
21: [10]
22: [10]
23: [98]
24: [92]
25: [6]
26: [40, 38, 39, 34]
27: [40, 38, 39, 34]
28: [40, 38, 39, 34]
29: [40, 38, 39, 34]
30: [40, 38, 39, 34]
31: [40, 39, 34]
32: [40, 34]
33: [34]
34: [26, 10]
35: [118, 98]
36: [92]
37: [6]
38: [40, 47, 38, 39, 130, 34]
39: [47, 130]
40: [47, 130]
41: [47, 130]
42: [47, 38, 130]
43: [47, 39, 130]
44: [47, 40, 130]
45: [130, 34]
46: [26, 10]
47: [118, 98]
48: [92]
49: [6]
50: [38, 39, 40, 47, 48, 130, 34]
51: [48]
52: [48]
53: [48]
54: [48, 38]
55: [48, 39]
56: [47, 40]
57: [130, 34]
58: [26, 10]
59: [118, 98]
60: [92]
61: [6]
62: [38, 39, 40, 47, 48, 49, 130, 34]
63: [49]
64: [49]
65: [49]
66: [49, 38]
67: [48, 39]
68: [47, 40]
69: [130, 34]
70: [26, 10]
71: [118, 98]
72: [92, 112]
73: [6, 22]
74: []
75: [50, 38]
76: [50, 38]
77: [50, 38]
78: [49, 38]
79: [48, 39]
80: [47, 40]
81: [130, 34]
82: [26, 10]
83: [118, 98]
84: [112]
85: [22]
86: [34, 130, 50, 49, 48, 39, 40, 47]
87: [39]
88: [39]
89: [50, 39]
90: [49, 39]
91: [48, 39]
92: [47, 40]
93: [130, 34]
94: [26, 10]
95: [118, 98]
96: [112]
97: [22]
98: [34, 130, 50, 49, 48, 40, 47]
99: [130, 40]
100: [130, 40]
101: [50, 130, 40]
102: [130, 49, 40]
103: [130, 48, 40]
104: [130, 47, 40]
105: [130, 34]
106: [26, 10]
107: [118, 98]
108: [112]
109: [22]
110: [34, 50, 49, 48, 47]
111: [34, 50, 49, 48, 47]
112: [34, 50, 49, 48, 47]
113: [34, 50, 49, 48, 47]
114: [34, 49, 48, 47]
115: [34, 48, 47]
116: [34, 47]
117: [34]
118: [26, 10]
119: [118, 98]
120: [112]
121: [22]
122: [22, 26]
123: [22, 26]
124: [22, 26]
125: [22, 26]
126: [26]
127: [26]
128: [26]
129: [26]
130: [26]
131: [118]
132: [112]
133: [112]
134: [112, 118]
135: [112, 118]
136: [112, 118]
137: [112, 118]
138: [118]
139: [118]
140: [118]
141: [118]
142: [118]
143: [118]
75
0: [92]
1: [92]
2: [92]
3: [99, 92]
4: [99, 92]
5: [99, 92]
6: [99, 92]
7: [99]
8: [99]
9: [99]
10: [99]
11: [99]
12: [92]
13: [6]
14: [6]
15: [11, 6]
16: [11, 6]
17: [11, 6]
18: [11, 6]
19: [11]
20: [11]
21: [11]
22: [11]
23: [99]
24: [92]
25: [6]
26: [38]
27: [41, 38, 129]
28: [41, 38, 129]
29: [41, 38, 129]
30: [41, 38, 129]
31: [41, 129]
32: [41, 129]
33: [41]
34: [11]
35: [99]
36: [92]
37: [6]
38: [38]
39: [62, 63, 59]
40: [62, 63, 59]
41: [62, 63, 59]
42: [62, 63, 59]
43: [63, 59]
44: [59]
45: [53, 41]
46: [27, 11]
47: [119, 99]
48: [92]
49: [6]
50: [38]
51: [68, 62, 63, 59]
52: [68]
53: [68]
54: [68, 62]
55: [68, 63]
56: [59]
57: [53, 41]
58: [27, 11]
59: [119, 99]
60: [92]
61: [6]
62: [38]
63: [68, 69, 62, 63, 59]
64: [69]
65: [69]
66: [69, 62]
67: [68, 63]
68: [59]
69: [53, 41]
70: [27, 11]
71: [119, 99]
72: [92, 112]
73: [6, 22]
74: [38, 50]
75: []
76: [70, 62]
77: [70, 62]
78: [69, 62]
79: [68, 63]
80: [59]
81: [53, 41]
82: [27, 11]
83: [119, 99]
84: [112]
85: [22]
86: [50]
87: [59, 70, 69, 68, 63]
88: [63]
89: [70, 63]
90: [69, 63]
91: [68, 63]
92: [59]
93: [53, 41]
94: [27, 11]
95: [119, 99]
96: [112]
97: [22]
98: [50]
99: [59, 70, 69, 68]
100: [59, 70, 69, 68]
101: [59, 70, 69, 68]
102: [59, 69, 68]
103: [59, 68]
104: [59]
105: [53, 41]
106: [27, 11]
107: [119, 99]
108: [112]
109: [22]
110: [50]
111: [129, 50, 53]
112: [129, 50, 53]
113: [129, 50, 53]
114: [129, 53]
115: [129, 53]
116: [129, 53]
117: [53]
118: [27]
119: [119]
120: [112]
121: [22]
122: [22]
123: [22, 27]
124: [22, 27]
125: [22, 27]
126: [27]
127: [27]
128: [27]
129: [27]
130: [27]
131: [119]
132: [112]
133: [112]
134: [112]
135: [112, 119]
136: [112, 119]
137: [112, 119]
138: [119]
139: [119]
140: [119]
141: [119]
142: [119]
143: [119]
76
0: [92]
1: [92]
2: [92]
3: [92]
4: [100, 92]
5: [100, 92]
6: [100, 92]
7: [100]
8: [100]
9: [100]
10: [100]
11: [100]
12: [92]
13: [6]
14: [6]
15: [6]
16: [12, 6]
17: [12, 6]
18: [12, 6]
19: [12]
20: [12]
21: [12]
22: [12]
23: [100]
24: [92]
25: [6]
26: [38]
27: [38]
28: [42, 38]
29: [42, 38]
30: [42, 38]
31: [42]
32: [42]
33: [42]
34: [12]
35: [100]
36: [92]
37: [6]
38: [38]
39: [62]
40: [64, 62]
41: [64, 62]
42: [64, 62]
43: [64]
44: [64]
45: [42]
46: [12]
47: [100]
48: [92]
49: [6]
50: [38]
51: [62]
52: [78, 76]
53: [78, 76]
54: [78, 76]
55: [76]
56: [72, 64]
57: [54, 42]
58: [28, 12]
59: [120, 100]
60: [92]
61: [6]
62: [38]
63: [62]
64: [81, 78, 132, 76]
65: [81, 132]
66: [81, 132, 78]
67: [132, 76]
68: [72, 64]
69: [54, 42]
70: [28, 12]
71: [120, 100]
72: [92, 112]
73: [6, 22]
74: [38, 50]
75: [62, 70]
76: []
77: [82, 132, 78]
78: [132, 81, 78]
79: [132, 76]
80: [72, 64]
81: [54, 42]
82: [28, 12]
83: [120, 100]
84: [112]
85: [22]
86: [50]
87: [70]
88: [76, 82, 81]
89: [82, 76, 81]
90: [76, 81]
91: [76]
92: [72, 64]
93: [54, 42]
94: [28, 12]
95: [120, 100]
96: [112]
97: [22]
98: [50]
99: [70]
100: [70, 72]
101: [70, 72]
102: [72]
103: [72]
104: [72]
105: [54]
106: [28]
107: [120]
108: [112]
109: [22]
110: [50]
111: [50]
112: [50, 54]
113: [50, 54]
114: [54]
115: [54]
116: [54]
117: [54]
118: [28]
119: [120]
120: [112]
121: [22]
122: [22]
123: [22]
124: [22, 28]
125: [22, 28]
126: [28]
127: [28]
128: [28]
129: [28]
130: [28]
131: [120]
132: [112]
133: [112]
134: [112]
135: [112]
136: [112, 120]
137: [112, 120]
138: [120]
139: [120]
140: [120]
141: [120]
142: [120]
143: [120]
77
0: [92]
1: [92]
2: [92]
3: [92]
4: [92]
5: [101, 92]
6: [101, 92]
7: [101]
8: [101]
9: [101]
10: [101]
11: [101]
12: [92]
13: [6]
14: [6]
15: [6]
16: [6]
17: [13, 6]
18: [13, 6]
19: [13]
20: [13]
21: [13]
22: [13]
23: [101]
24: [92]
25: [6]
26: [38]
27: [38]
28: [38]
29: [43, 38]
30: [43, 38]
31: [43]
32: [43]
33: [43]
34: [13]
35: [101]
36: [92]
37: [6]
38: [38]
39: [62]
40: [62]
41: [65, 62]
42: [65, 62]
43: [65]
44: [65]
45: [43]
46: [13]
47: [101]
48: [92]
49: [6]
50: [38]
51: [62]
52: [78]
53: [79, 78, 131]
54: [79, 131, 78]
55: [79]
56: [65]
57: [43]
58: [13]
59: [101]
60: [92]
61: [6]
62: [38]
63: [62]
64: [78, 132]
65: [85]
66: [85]
67: [83, 132, 79]
68: [73, 65]
69: [55, 43]
70: [29, 13]
71: [121, 101]
72: [92, 112]
73: [6, 22]
74: [38, 50]
75: [62, 70]
76: [78, 82, 132]
77: []
78: [85]
79: [132, 83, 79]
80: [73, 65]
81: [55, 43]
82: [29, 13]
83: [121, 101]
84: [112]
85: [22]
86: [50]
87: [70]
88: [82]
89: [82, 131, 83]
90: [131, 83]
91: [83]
92: [73]
93: [55]
94: [29]
95: [121]
96: [112]
97: [22]
98: [50]
99: [70]
100: [70]
101: [70, 73]
102: [73]
103: [73]
104: [73]
105: [55]
106: [29]
107: [121]
108: [112]
109: [22]
110: [50]
111: [50]
112: [50]
113: [50, 55]
114: [55]
115: [55]
116: [55]
117: [55]
118: [29]
119: [121]
120: [112]
121: [22]
122: [22]
123: [22]
124: [22]
125: [22, 29]
126: [29]
127: [29]
128: [29]
129: [29]
130: [29]
131: [121]
132: [112]
133: [112]
134: [112]
135: [112]
136: [112]
137: [112, 121]
138: [121]
139: [121]
140: [121]
141: [121]
142: [121]
143: [121]
78
0: [92]
1: [92]
2: [92]
3: [92]
4: [92]
5: [101, 92]
6: [101, 92]
7: [101]
8: [101]
9: [101]
10: [101]
11: [101]
12: [92]
13: [6]
14: [6]
15: [6]
16: [6]
17: [13, 6]
18: [13, 6]
19: [13]
20: [13]
21: [13]
22: [13]
23: [101]
24: [92]
25: [6]
26: [38]
27: [38]
28: [38]
29: [43, 38]
30: [43, 38]
31: [43]
32: [43]
33: [43]
34: [13]
35: [101]
36: [92]
37: [6]
38: [38]
39: [62]
40: [62]
41: [65, 62]
42: [65, 62]
43: [65]
44: [65]
45: [43]
46: [13]
47: [101]
48: [92]
49: [6]
50: [38]
51: [62]
52: [78]
53: [131, 79, 78]
54: [131, 79, 78]
55: [79]
56: [65]
57: [43]
58: [13]
59: [101]
60: [92, 111]
61: [6, 21]
62: [38, 49]
63: [62, 69]
64: [78, 81, 132]
65: [85]
66: [85]
67: [132, 79]
68: [65]
69: [43]
70: [13]
71: [101]
72: [92, 111]
73: [6, 21]
74: [38, 49]
75: [62, 69]
76: [78, 81, 132]
77: [85]
78: []
79: [132, 84, 79]
80: [74, 65]
81: [56, 43]
82: [30, 13]
83: [122, 101]
84: [111]
85: [21]
86: [49]
87: [69]
88: [81]
89: [81, 131]
90: [81, 84, 131]
91: [84]
92: [74]
93: [56]
94: [30]
95: [122]
96: [111]
97: [21]
98: [49]
99: [69]
100: [69]
101: [69]
102: [69, 74]
103: [74]
104: [74]
105: [56]
106: [30]
107: [122]
108: [111]
109: [21]
110: [49]
111: [49]
112: [49]
113: [49]
114: [49, 56]
115: [56]
116: [56]
117: [56]
118: [30]
119: [122]
120: [111]
121: [21]
122: [21]
123: [21]
124: [21]
125: [21]
126: [21, 30]
127: [30]
128: [30]
129: [30]
130: [30]
131: [122]
132: [111]
133: [111]
134: [111]
135: [111]
136: [111]
137: [111]
138: [111, 122]
139: [122]
140: [122]
141: [122]
142: [122]
143: [122]
79
0: [93]
1: [93]
2: [93]
3: [93]
4: [93]
5: [101, 93]
6: [101, 93]
7: [101, 93]
8: [101]
9: [101]
10: [101]
11: [101]
12: [93]
13: [7]
14: [7]
15: [7]
16: [7]
17: [13, 7]
18: [13, 7]
19: [13, 7]
20: [13]
21: [13]
22: [13]
23: [101]
24: [93]
25: [7]
26: [39]
27: [39]
28: [39]
29: [43, 39]
30: [43, 39]
31: [43, 39]
32: [43]
33: [43]
34: [13]
35: [101]
36: [93]
37: [7]
38: [39]
39: [63]
40: [63]
41: [65, 63]
42: [65, 63]
43: [65, 63]
44: [65]
45: [43]
46: [13]
47: [101]
48: [93, 110]
49: [7, 20]
50: [39, 48]
51: [63, 68]
52: [76]
53: [76, 79]
54: [76, 79]
55: [76, 79]
56: [65]
57: [43]
58: [13]
59: [101]
60: [93, 110]
61: [7, 20]
62: [39, 48]
63: [63, 68]
64: [132, 76]
65: [132, 79, 83]
66: [132, 83]
67: [132, 76, 83, 79]
68: [65]
69: [43]
70: [13]
71: [101]
72: [93, 110]
73: [7, 20]
74: [39, 48]
75: [63, 68]
76: [132, 76]
77: [79, 83, 132]
78: [79, 84, 132]
79: []
80: [74, 65]
81: [56, 43]
82: [30, 13]
83: [122, 101]
84: [93, 110]
85: [7, 20]
86: [39, 48]
87: [63, 68]
88: [76]
89: [83, 76]
90: [83, 84, 76]
91: [83, 84, 76]
92: [74]
93: [56]
94: [30]
95: [122]
96: [110]
97: [20]
98: [48]
99: [68]
100: [68]
101: [68]
102: [68, 74]
103: [68, 74]
104: [74]
105: [56]
106: [30]
107: [122]
108: [110]
109: [20]
110: [48]
111: [48]
112: [48]
113: [48]
114: [48, 56]
115: [48, 56]
116: [56]
117: [56]
118: [30]
119: [122]
120: [110]
121: [20]
122: [20]
123: [20]
124: [20]
125: [20]
126: [20, 30]
127: [20, 30]
128: [30]
129: [30]
130: [30]
131: [122]
132: [110]
133: [110]
134: [110]
135: [110]
136: [110]
137: [110]
138: [110, 122]
139: [110, 122]
140: [122]
141: [122]
142: [122]
143: [122]
80
0: [94]
1: [94]
2: [94]
3: [94]
4: [94]
5: [101, 94]
6: [101, 94]
7: [101, 94]
8: [101, 94]
9: [101]
10: [101]
11: [101]
12: [94]
13: [8]
14: [8]
15: [8]
16: [8]
17: [13, 8]
18: [13, 8]
19: [13, 8]
20: [13, 8]
21: [13]
22: [13]
23: [101]
24: [94]
25: [8]
26: [40]
27: [129, 40]
28: [129, 40]
29: [129, 43, 40]
30: [129, 43, 40]
31: [129, 43, 40]
32: [129, 43, 40]
33: [43]
34: [13]
35: [101]
36: [94, 109]
37: [8, 19]
38: [40, 47]
39: [59]
40: [59, 64]
41: [65, 59, 64]
42: [59, 65, 64]
43: [59, 65, 64]
44: [59, 65, 64]
45: [43]
46: [13]
47: [101]
48: [94, 109]
49: [8, 19]
50: [40, 47]
51: [59]
52: [64, 72]
53: [65, 72]
54: [72]
55: [72]
56: [59, 65, 64, 72]
57: [43]
58: [13]
59: [101]
60: [94, 109]
61: [8, 19]
62: [40, 47]
63: [59]
64: [64, 72]
65: [65, 73]
66: [73]
67: [73]
68: [59, 73, 65, 64, 72]
69: [43]
70: [13]
71: [101]
72: [94, 109]
73: [8, 19]
74: [40, 47]
75: [59]
76: [64, 72]
77: [65, 73]
78: [65, 74]
79: [65, 74]
80: []
81: [56, 43]
82: [30, 13]
83: [122, 101]
84: [94, 109]
85: [8, 19]
86: [40, 47]
87: [59]
88: [64, 72]
89: [64, 73]
90: [64, 74]
91: [64]
92: [64, 73, 74, 72, 59]
93: [56]
94: [30]
95: [122]
96: [94, 109]
97: [8, 19]
98: [40, 47]
99: [59]
100: [72, 59]
101: [72, 73, 59]
102: [72, 73, 74, 59]
103: [72, 73, 74, 59]
104: [72, 73, 74, 59]
105: [56]
106: [30]
107: [122]
108: [109]
109: [19]
110: [47]
111: [47, 129]
112: [47, 129]
113: [47, 129]
114: [47, 56, 129]
115: [47, 56, 129]
116: [47, 56, 129]
117: [56]
118: [30]
119: [122]
120: [109]
121: [19]
122: [19]
123: [19]
124: [19]
125: [19]
126: [19, 30]
127: [19, 30]
128: [19, 30]
129: [30]
130: [30]
131: [122]
132: [109]
133: [109]
134: [109]
135: [109]
136: [109]
137: [109]
138: [109, 122]
139: [109, 122]
140: [109, 122]
141: [122]
142: [122]
143: [122]
81
0: [95]
1: [95]
2: [95]
3: [95]
4: [95]
5: [101, 95]
6: [101, 95]
7: [101, 95]
8: [101, 95]
9: [101, 95]
10: [101]
11: [101]
12: [95]
13: [9]
14: [9]
15: [9]
16: [9]
17: [13, 9]
18: [13, 9]
19: [13, 9]
20: [13, 9]
21: [13, 9]
22: [13]
23: [101]
24: [95, 108]
25: [9, 18]
26: [34]
27: [34, 41]
28: [34, 42, 41]
29: [34, 43, 42, 41]
30: [34, 43, 42, 41]
31: [34, 43, 42, 41]
32: [34, 43, 42, 41]
33: [34, 43, 42, 41]
34: [13]
35: [101]
36: [95, 108]
37: [9, 18]
38: [130, 34]
39: [130, 41, 53]
40: [130, 42, 53]
41: [130, 43, 53]
42: [130, 53]
43: [130, 53]
44: [130, 53]
45: [34, 130, 43, 42, 41, 53]
46: [13]
47: [101]
48: [95, 108]
49: [9, 18]
50: [130, 34]
51: [41, 53]
52: [42, 54]
53: [43, 54]
54: [54]
55: [54]
56: [54]
57: [34, 130, 43, 42, 54, 41, 53]
58: [13]
59: [101]
60: [95, 108]
61: [9, 18]
62: [130, 34]
63: [41, 53]
64: [42, 54]
65: [43, 55]
66: [55]
67: [55]
68: [55]
69: [34, 130, 43, 55, 42, 54, 41, 53]
70: [13]
71: [101]
72: [95, 108]
73: [9, 18]
74: [130, 34]
75: [41, 53]
76: [42, 54]
77: [43, 55]
78: [43, 56]
79: [43, 56]
80: [43, 56]
81: []
82: [30, 13]
83: [122, 101]
84: [95, 108]
85: [9, 18]
86: [130, 34]
87: [41, 53]
88: [42, 54]
89: [42, 55]
90: [42, 56]
91: [42]
92: [42]
93: [41, 42, 53, 54, 55, 56, 130, 34]
94: [30]
95: [122]
96: [95, 108]
97: [9, 18]
98: [130, 34]
99: [41, 53, 130]
100: [41, 54, 130]
101: [41, 55, 130]
102: [41, 56, 130]
103: [41, 130]
104: [41, 130]
105: [41, 53, 54, 55, 56, 130, 34]
106: [30]
107: [122]
108: [95, 108]
109: [9, 18]
110: [34]
111: [53, 34]
112: [53, 54, 34]
113: [53, 54, 55, 34]
114: [56, 53, 54, 55, 34]
115: [56, 53, 54, 55, 34]
116: [56, 53, 54, 55, 34]
117: [56, 53, 54, 55, 34]
118: [30]
119: [122]
120: [108]
121: [18]
122: [18]
123: [18]
124: [18]
125: [18]
126: [18, 30]
127: [18, 30]
128: [18, 30]
129: [18, 30]
130: [30]
131: [122]
132: [108]
133: [108]
134: [108]
135: [108]
136: [108]
137: [108]
138: [108, 122]
139: [108, 122]
140: [108, 122]
141: [108, 122]
142: [122]
143: [122]
82
0: [96]
1: [127, 96]
2: [127, 96]
3: [127, 96]
4: [127, 96]
5: [101, 127, 96]
6: [127, 101, 96]
7: [127, 101, 96]
8: [127, 101, 96]
9: [127, 101, 96]
10: [127, 101, 96]
11: [101]
12: [96, 107]
13: [1]
14: [1, 10]
15: [1, 11, 10]
16: [1, 12, 11, 10]
17: [1, 13, 12, 11, 10]
18: [1, 13, 12, 11, 10]
19: [1, 13, 12, 11, 10]
20: [1, 13, 12, 11, 10]
21: [1, 13, 12, 11, 10]
22: [1, 13, 12, 11, 10]
23: [101]
24: [96, 107]
25: [1]
26: [10, 26]
27: [11, 26]
28: [12, 26]
29: [13, 26]
30: [26]
31: [26]
32: [26]
33: [26]
34: [1, 13, 12, 11, 10, 26]
35: [101]
36: [96, 107]
37: [1]
38: [10, 26]
39: [11, 27]
40: [12, 27]
41: [13, 27]
42: [27]
43: [27]
44: [27]
45: [27]
46: [1, 13, 12, 27, 11, 10, 26]
47: [101]
48: [96, 107]
49: [1]
50: [10, 26]
51: [11, 27]
52: [12, 28]
53: [13, 28]
54: [28]
55: [28]
56: [28]
57: [28]
58: [1, 13, 12, 28, 27, 11, 10, 26]
59: [101]
60: [96, 107]
61: [1]
62: [10, 26]
63: [11, 27]
64: [12, 28]
65: [13, 29]
66: [29]
67: [29]
68: [29]
69: [29]
70: [1, 29, 13, 12, 28, 27, 11, 10, 26]
71: [101]
72: [96, 107]
73: [1]
74: [10, 26]
75: [11, 27]
76: [12, 28]
77: [13, 29]
78: [13, 30]
79: [13, 30]
80: [13, 30]
81: [13, 30]
82: []
83: [122, 101]
84: [96, 107]
85: [1]
86: [10, 26]
87: [11, 27]
88: [12, 28]
89: [12, 29]
90: [12, 30]
91: [12]
92: [12]
93: [12]
94: [10, 11, 12, 26, 27, 28, 29, 30, 1]
95: [122]
96: [96, 107]
97: [1]
98: [10, 26]
99: [11, 27]
100: [11, 28]
101: [11, 29]
102: [11, 30]
103: [11]
104: [11]
105: [11]
106: [10, 11, 26, 27, 28, 29, 30, 1]
107: [122]
108: [96, 107]
109: [1]
110: [10, 26]
111: [10, 27]
112: [10, 28]
113: [10, 29]
114: [10, 30]
115: [10]
116: [10]
117: [10]
118: [10, 26, 27, 28, 29, 30, 1]
119: [122]
120: [96, 107]
121: [1]
122: [26, 1]
123: [26, 27, 1]
124: [26, 27, 28, 1]
125: [26, 27, 28, 29, 1]
126: [26, 27, 28, 29, 30, 1]
127: [26, 27, 28, 29, 30, 1]
128: [26, 27, 28, 29, 30, 1]
129: [26, 27, 28, 29, 30, 1]
130: [26, 27, 28, 29, 30, 1]
131: [122]
132: [107]
133: [107, 127]
134: [107, 127]
135: [107, 127]
136: [107, 127]
137: [107, 127]
138: [107, 122, 127]
139: [107, 122, 127]
140: [107, 122, 127]
141: [107, 122, 127]
142: [107, 122, 127]
143: [122]
83
0: [86]
1: [86, 97]
2: [86, 98, 97]
3: [86, 99, 98, 97]
4: [86, 100, 99, 98, 97]
5: [101, 86, 100, 99, 98, 97]
6: [86, 101, 100, 99, 98, 97]
7: [86, 101, 100, 99, 98, 97]
8: [86, 101, 100, 99, 98, 97]
9: [86, 101, 100, 99, 98, 97]
10: [86, 101, 100, 99, 98, 97]
11: [86, 101, 100, 99, 98, 97]
12: [128, 86]
13: [128, 97, 117]
14: [128, 98, 117]
15: [128, 99, 117]
16: [128, 100, 117]
17: [128, 101, 117]
18: [128, 117]
19: [128, 117]
20: [128, 117]
21: [128, 117]
22: [128, 117]
23: [128, 86, 101, 100, 99, 98, 97, 117]
24: [128, 86]
25: [97, 117]
26: [98, 118]
27: [99, 118]
28: [100, 118]
29: [101, 118]
30: [118]
31: [118]
32: [118]
33: [118]
34: [118]
35: [128, 86, 101, 100, 99, 98, 118, 97, 117]
36: [128, 86]
37: [97, 117]
38: [98, 118]
39: [99, 119]
40: [100, 119]
41: [101, 119]
42: [119]
43: [119]
44: [119]
45: [119]
46: [119]
47: [128, 86, 101, 100, 99, 119, 98, 118, 97, 117]
48: [128, 86]
49: [97, 117]
50: [98, 118]
51: [99, 119]
52: [100, 120]
53: [101, 120]
54: [120]
55: [120]
56: [120]
57: [120]
58: [120]
59: [128, 86, 101, 120, 100, 99, 119, 98, 118, 97, 117]
60: [128, 86]
61: [97, 117]
62: [98, 118]
63: [99, 119]
64: [100, 120]
65: [101, 121]
66: [121]
67: [121]
68: [121]
69: [121]
70: [121]
71: [128, 86, 121, 101, 120, 100, 99, 119, 98, 118, 97, 117]
72: [128, 86]
73: [97, 117]
74: [98, 118]
75: [99, 119]
76: [100, 120]
77: [101, 121]
78: [101, 122]
79: [101, 122]
80: [101, 122]
81: [101, 122]
82: [101, 122]
83: []
84: [128, 86]
85: [97, 117]
86: [98, 118]
87: [99, 119]
88: [100, 120]
89: [100, 121]
90: [100, 122]
91: [100]
92: [100]
93: [100]
94: [100]
95: [97, 98, 99, 100, 117, 118, 119, 120, 121, 122, 128, 86]
96: [128, 86]
97: [97, 117]
98: [98, 118]
99: [99, 119]
100: [99, 120]
101: [99, 121]
102: [99, 122]
103: [99]
104: [99]
105: [99]
106: [99]
107: [97, 98, 99, 117, 118, 119, 120, 121, 122, 128, 86]
108: [128, 86]
109: [97, 117]
110: [98, 118]
111: [98, 119]
112: [98, 120]
113: [98, 121]
114: [98, 122]
115: [98]
116: [98]
117: [98]
118: [98]
119: [97, 98, 117, 118, 119, 120, 121, 122, 128, 86]
120: [128, 86]
121: [97, 117, 128]
122: [97, 118, 128]
123: [97, 119, 128]
124: [97, 120, 128]
125: [97, 121, 128]
126: [97, 122, 128]
127: [97, 128]
128: [97, 128]
129: [97, 128]
130: [97, 128]
131: [97, 117, 118, 119, 120, 121, 122, 128, 86]
132: [86]
133: [117, 86]
134: [117, 118, 86]
135: [117, 118, 119, 86]
136: [120, 117, 118, 119, 86]
137: [117, 118, 119, 120, 121, 86]
138: [117, 118, 119, 120, 121, 122, 86]
139: [117, 118, 119, 120, 121, 122, 86]
140: [117, 118, 119, 120, 121, 122, 86]
141: [117, 118, 119, 120, 121, 122, 86]
142: [117, 118, 119, 120, 121, 122, 86]
143: [117, 118, 119, 120, 121, 122, 86]
84
0: [96, 93, 94, 95, 86]
1: [96, 93, 94, 95, 86]
2: [96, 93, 94, 95, 86]
3: [96, 93, 94, 95, 86]
4: [96, 93, 94, 95, 86]
5: [96, 93, 94, 95, 86]
6: [96, 93, 94, 95, 86]
7: [96, 93, 94, 95, 86]
8: [96, 94, 95, 86]
9: [96, 95, 86]
10: [96, 86]
11: [86]
12: [96, 107, 93, 94, 95, 128, 86]
13: [107, 128]
14: [107, 128]
15: [107, 128]
16: [107, 128]
17: [107, 128]
18: [107, 128]
19: [107, 93, 128]
20: [107, 94, 128]
21: [107, 95, 128]
22: [107, 96, 128]
23: [128, 86]
24: [96, 107, 108, 93, 94, 95, 128, 86]
25: [108]
26: [108]
27: [108]
28: [108]
29: [108]
30: [108]
31: [108, 93]
32: [108, 94]
33: [108, 95]
34: [107, 96]
35: [128, 86]
36: [96, 107, 108, 109, 93, 94, 95, 128, 86]
37: [109]
38: [109]
39: [109]
40: [109]
41: [109]
42: [109]
43: [109, 93]
44: [109, 94]
45: [108, 95]
46: [107, 96]
47: [128, 86]
48: [96, 107, 108, 109, 110, 93, 94, 95, 128, 86]
49: [110]
50: [110]
51: [110]
52: [110]
53: [110]
54: [110]
55: [110, 93]
56: [109, 94]
57: [108, 95]
58: [107, 96]
59: [128, 86]
60: [96, 107, 108, 109, 110, 111, 93, 94, 95, 128, 86]
61: [111]
62: [111]
63: [111]
64: [111]
65: [111]
66: [111]
67: [110, 93]
68: [109, 94]
69: [108, 95]
70: [107, 96]
71: [128, 86]
72: [96, 107, 108, 109, 110, 111, 112, 93, 94, 95, 128, 86]
73: [112]
74: [112]
75: [112]
76: [112]
77: [112]
78: [111]
79: [110, 93]
80: [109, 94]
81: [108, 95]
82: [107, 96]
83: [128, 86]
84: []
85: [113, 93]
86: [113, 93]
87: [113, 93]
88: [113, 93]
89: [112, 93]
90: [111, 93]
91: [110, 93]
92: [109, 94]
93: [108, 95]
94: [107, 96]
95: [128, 86]
96: [128, 86, 113, 112, 111, 110, 109, 94, 108, 95, 96, 107]
97: [94]
98: [94]
99: [94]
100: [113, 94]
101: [112, 94]
102: [111, 94]
103: [110, 94]
104: [109, 94]
105: [108, 95]
106: [107, 96]
107: [128, 86]
108: [128, 86, 113, 112, 111, 110, 109, 108, 95, 96, 107]
109: [95]
110: [95]
111: [95]
112: [113, 95]
113: [112, 95]
114: [111, 95]
115: [110, 95]
116: [109, 95]
117: [108, 95]
118: [107, 96]
119: [128, 86]
120: [128, 86, 113, 112, 111, 110, 109, 108, 96, 107]
121: [128, 96]
122: [128, 96]
123: [128, 96]
124: [128, 113, 96]
125: [128, 112, 96]
126: [128, 111, 96]
127: [128, 110, 96]
128: [128, 109, 96]
129: [128, 108, 96]
130: [128, 107, 96]
131: [128, 86]
132: [86, 113, 112, 111, 110, 109, 108, 107]
133: [86, 113, 112, 111, 110, 109, 108, 107]
134: [86, 113, 112, 111, 110, 109, 108, 107]
135: [86, 113, 112, 111, 110, 109, 108, 107]
136: [113, 86, 112, 111, 110, 109, 108, 107]
137: [86, 112, 111, 110, 109, 108, 107]
138: [86, 111, 110, 109, 108, 107]
139: [86, 110, 109, 108, 107]
140: [86, 109, 108, 107]
141: [86, 108, 107]
142: [86, 107]
143: [86]
85
0: [93]
1: [97, 93, 127]
2: [97, 93, 127]
3: [97, 93, 127]
4: [97, 93, 127]
5: [97, 93, 127]
6: [97, 93, 127]
7: [97, 93, 127]
8: [97, 127]
9: [97, 127]
10: [97, 127]
11: [97]
12: [93]
13: [8, 9, 7, 1]
14: [8, 9, 7, 1]
15: [8, 9, 7, 1]
16: [8, 9, 7, 1]
17: [8, 9, 7, 1]
18: [8, 9, 7, 1]
19: [8, 9, 7, 1]
20: [8, 9, 1]
21: [9, 1]
22: [1]
23: [117, 97]
24: [93]
25: [8, 9, 18, 7, 1]
26: [18]
27: [18]
28: [18]
29: [18]
30: [18]
31: [18, 7]
32: [18, 8]
33: [18, 9]
34: [1]
35: [117, 97]
36: [93]
37: [7, 8, 9, 18, 19, 1]
38: [19]
39: [19]
40: [19]
41: [19]
42: [19]
43: [19, 7]
44: [19, 8]
45: [18, 9]
46: [1]
47: [117, 97]
48: [93]
49: [7, 8, 9, 18, 19, 20, 1]
50: [20]
51: [20]
52: [20]
53: [20]
54: [20]
55: [20, 7]
56: [19, 8]
57: [18, 9]
58: [1]
59: [117, 97]
60: [93]
61: [7, 8, 9, 18, 19, 20, 21, 1]
62: [21]
63: [21]
64: [21]
65: [21]
66: [21]
67: [20, 7]
68: [19, 8]
69: [18, 9]
70: [1]
71: [117, 97]
72: [93]
73: [7, 8, 9, 18, 19, 20, 21, 22, 1]
74: [22]
75: [22]
76: [22]
77: [22]
78: [21]
79: [20, 7]
80: [19, 8]
81: [18, 9]
82: [1]
83: [117, 97]
84: [93, 113]
85: []
86: [23, 7]
87: [23, 7]
88: [23, 7]
89: [22, 7]
90: [21, 7]
91: [20, 7]
92: [19, 8]
93: [18, 9]
94: [1]
95: [117, 97]
96: [113]
97: [1, 23, 22, 21, 20, 8, 19, 9, 18]
98: [8]
99: [8]
100: [23, 8]
101: [22, 8]
102: [21, 8]
103: [20, 8]
104: [19, 8]
105: [18, 9]
106: [1]
107: [117, 97]
108: [113]
109: [1, 23, 22, 21, 20, 19, 9, 18]
110: [9]
111: [9]
112: [23, 9]
113: [22, 9]
114: [21, 9]
115: [20, 9]
116: [19, 9]
117: [18, 9]
118: [1]
119: [117, 97]
120: [113]
121: [1, 23, 22, 21, 20, 19, 18]
122: [1, 23, 22, 21, 20, 19, 18]
123: [1, 23, 22, 21, 20, 19, 18]
124: [1, 23, 22, 21, 20, 19, 18]
125: [1, 22, 21, 20, 19, 18]
126: [1, 21, 20, 19, 18]
127: [1, 20, 19, 18]
128: [1, 19, 18]
129: [1, 18]
130: [1]
131: [117, 97]
132: [113]
133: [127, 113, 117]
134: [127, 113, 117]
135: [127, 113, 117]
136: [113, 127, 117]
137: [127, 117]
138: [127, 117]
139: [127, 117]
140: [127, 117]
141: [127, 117]
142: [127, 117]
143: [117]
86
0: [93]
1: [93]
2: [98, 93]
3: [98, 93]
4: [98, 93]
5: [98, 93]
6: [98, 93]
7: [98, 93]
8: [98]
9: [98]
10: [98]
11: [98]
12: [93]
13: [7]
14: [10, 7]
15: [10, 7]
16: [10, 7]
17: [10, 7]
18: [10, 7]
19: [10, 7]
20: [10]
21: [10]
22: [10]
23: [98]
24: [93]
25: [7]
26: [40, 39, 34]
27: [40, 39, 34]
28: [40, 39, 34]
29: [40, 39, 34]
30: [40, 39, 34]
31: [40, 39, 34]
32: [40, 34]
33: [34]
34: [26, 10]
35: [118, 98]
36: [93]
37: [7]
38: [40, 47, 39, 130, 34]
39: [47, 130]
40: [47, 130]
41: [47, 130]
42: [47, 130]
43: [47, 39, 130]
44: [47, 40, 130]
45: [130, 34]
46: [26, 10]
47: [118, 98]
48: [93]
49: [7]
50: [40, 48, 47, 39, 130, 34]
51: [48]
52: [48]
53: [48]
54: [48]
55: [48, 39]
56: [47, 40]
57: [130, 34]
58: [26, 10]
59: [118, 98]
60: [93]
61: [7]
62: [39, 40, 47, 48, 49, 130, 34]
63: [49]
64: [49]
65: [49]
66: [49]
67: [48, 39]
68: [47, 40]
69: [130, 34]
70: [26, 10]
71: [118, 98]
72: [93]
73: [7]
74: [39, 40, 47, 48, 49, 50, 130, 34]
75: [50]
76: [50]
77: [50]
78: [49]
79: [48, 39]
80: [47, 40]
81: [130, 34]
82: [26, 10]
83: [118, 98]
84: [93, 113]
85: [7, 23]
86: []
87: [51, 39]
88: [51, 39]
89: [50, 39]
90: [49, 39]
91: [48, 39]
92: [47, 40]
93: [130, 34]
94: [26, 10]
95: [118, 98]
96: [113]
97: [23]
98: [34, 130, 51, 50, 49, 48, 40, 47]
99: [130, 40]
100: [130, 51, 40]
101: [130, 50, 40]
102: [130, 49, 40]
103: [130, 48, 40]
104: [130, 47, 40]
105: [130, 34]
106: [26, 10]
107: [118, 98]
108: [113]
109: [23]
110: [34, 51, 50, 49, 48, 47]
111: [34, 51, 50, 49, 48, 47]
112: [34, 51, 50, 49, 48, 47]
113: [34, 50, 49, 48, 47]
114: [34, 49, 48, 47]
115: [34, 48, 47]
116: [34, 47]
117: [34]
118: [26, 10]
119: [118, 98]
120: [113]
121: [23]
122: [23, 26]
123: [23, 26]
124: [23, 26]
125: [26]
126: [26]
127: [26]
128: [26]
129: [26]
130: [26]
131: [118]
132: [113]
133: [113]
134: [113, 118]
135: [113, 118]
136: [113, 118]
137: [118]
138: [118]
139: [118]
140: [118]
141: [118]
142: [118]
143: [118]
87
0: [93]
1: [93]
2: [93]
3: [99, 93]
4: [99, 93]
5: [99, 93]
6: [99, 93]
7: [99, 93]
8: [99]
9: [99]
10: [99]
11: [99]
12: [93]
13: [7]
14: [7]
15: [11, 7]
16: [11, 7]
17: [11, 7]
18: [11, 7]
19: [11, 7]
20: [11]
21: [11]
22: [11]
23: [99]
24: [93]
25: [7]
26: [39]
27: [41, 39, 129]
28: [41, 39, 129]
29: [41, 39, 129]
30: [41, 39, 129]
31: [41, 39, 129]
32: [41, 129]
33: [41]
34: [11]
35: [99]
36: [93]
37: [7]
38: [39]
39: [63, 59]
40: [63, 59]
41: [63, 59]
42: [63, 59]
43: [63, 59]
44: [59]
45: [53, 41]
46: [27, 11]
47: [119, 99]
48: [93]
49: [7]
50: [39]
51: [68, 63, 59]
52: [68]
53: [68]
54: [68]
55: [68, 63]
56: [59]
57: [53, 41]
58: [27, 11]
59: [119, 99]
60: [93]
61: [7]
62: [39]
63: [68, 69, 63, 59]
64: [69]
65: [69]
66: [69]
67: [68, 63]
68: [59]
69: [53, 41]
70: [27, 11]
71: [119, 99]
72: [93]
73: [7]
74: [39]
75: [68, 69, 70, 63, 59]
76: [70]
77: [70]
78: [69]
79: [68, 63]
80: [59]
81: [53, 41]
82: [27, 11]
83: [119, 99]
84: [93, 113]
85: [7, 23]
86: [39, 51]
87: []
88: [71, 63]
89: [70, 63]
90: [69, 63]
91: [68, 63]
92: [59]
93: [53, 41]
94: [27, 11]
95: [119, 99]
96: [113]
97: [23]
98: [51]
99: [59, 71, 70, 69, 68]
100: [59, 71, 70, 69, 68]
101: [59, 70, 69, 68]
102: [59, 69, 68]
103: [59, 68]
104: [59]
105: [53, 41]
106: [27, 11]
107: [119, 99]
108: [113]
109: [23]
110: [51]
111: [129, 51, 53]
112: [129, 51, 53]
113: [129, 53]
114: [129, 53]
115: [129, 53]
116: [129, 53]
117: [53]
118: [27]
119: [119]
120: [113]
121: [23]
122: [23]
123: [23, 27]
124: [23, 27]
125: [27]
126: [27]
127: [27]
128: [27]
129: [27]
130: [27]
131: [119]
132: [113]
133: [113]
134: [113]
135: [113, 119]
136: [113, 119]
137: [119]
138: [119]
139: [119]
140: [119]
141: [119]
142: [119]
143: [119]
88
0: [93]
1: [93]
2: [93]
3: [93]
4: [100, 93]
5: [100, 93]
6: [100, 93]
7: [100, 93]
8: [100]
9: [100]
10: [100]
11: [100]
12: [93]
13: [7]
14: [7]
15: [7]
16: [12, 7]
17: [12, 7]
18: [12, 7]
19: [12, 7]
20: [12]
21: [12]
22: [12]
23: [100]
24: [93]
25: [7]
26: [39]
27: [39]
28: [42, 39]
29: [42, 39]
30: [42, 39]
31: [42, 39]
32: [42]
33: [42]
34: [12]
35: [100]
36: [93]
37: [7]
38: [39]
39: [63]
40: [64, 63]
41: [64, 63]
42: [64, 63]
43: [64, 63]
44: [64]
45: [42]
46: [12]
47: [100]
48: [93]
49: [7]
50: [39]
51: [63]
52: [76]
53: [76]
54: [76]
55: [76]
56: [72, 64]
57: [54, 42]
58: [28, 12]
59: [120, 100]
60: [93]
61: [7]
62: [39]
63: [63]
64: [81, 76]
65: [81]
66: [81]
67: [76]
68: [72, 64]
69: [54, 42]
70: [28, 12]
71: [120, 100]
72: [93]
73: [7]
74: [39]
75: [63]
76: [81, 82, 76]
77: [82]
78: [81]
79: [76]
80: [72, 64]
81: [54, 42]
82: [28, 12]
83: [120, 100]
84: [93, 113]
85: [7, 23]
86: [39, 51]
87: [63, 71]
88: []
89: [76, 82, 81]
90: [76, 81]
91: [76]
92: [72, 64]
93: [54, 42]
94: [28, 12]
95: [120, 100]
96: [113]
97: [23]
98: [51]
99: [71]
100: [71, 72]
101: [72]
102: [72]
103: [72]
104: [72]
105: [54]
106: [28]
107: [120]
108: [113]
109: [23]
110: [51]
111: [51]
112: [51, 54]
113: [54]
114: [54]
115: [54]
116: [54]
117: [54]
118: [28]
119: [120]
120: [113]
121: [23]
122: [23]
123: [23]
124: [23, 28]
125: [28]
126: [28]
127: [28]
128: [28]
129: [28]
130: [28]
131: [120]
132: [113]
133: [113]
134: [113]
135: [113]
136: [113, 120]
137: [120]
138: [120]
139: [120]
140: [120]
141: [120]
142: [120]
143: [120]
89
0: [93]
1: [93]
2: [93]
3: [93]
4: [100, 93]
5: [100, 93]
6: [100, 93]
7: [100, 93]
8: [100]
9: [100]
10: [100]
11: [100]
12: [93]
13: [7]
14: [7]
15: [7]
16: [12, 7]
17: [12, 7]
18: [12, 7]
19: [12, 7]
20: [12]
21: [12]
22: [12]
23: [100]
24: [93]
25: [7]
26: [39]
27: [39]
28: [42, 39]
29: [42, 39]
30: [42, 39]
31: [42, 39]
32: [42]
33: [42]
34: [12]
35: [100]
36: [93]
37: [7]
38: [39]
39: [63]
40: [64, 63]
41: [64, 63]
42: [64, 63]
43: [64, 63]
44: [64]
45: [42]
46: [12]
47: [100]
48: [93]
49: [7]
50: [39]
51: [63]
52: [76]
53: [131, 76]
54: [131, 76]
55: [76]
56: [64]
57: [42]
58: [12]
59: [100]
60: [93]
61: [7]
62: [39]
63: [63]
64: [81, 76]
65: [83, 81, 131]
66: [83, 131, 81]
67: [83, 76]
68: [73, 64]
69: [55, 42]
70: [29, 12]
71: [121, 100]
72: [93, 112]
73: [7, 22]
74: [39, 50]
75: [63, 70]
76: [81, 82, 76]
77: [83, 82, 131]
78: [131, 81]
79: [76, 83]
80: [73, 64]
81: [55, 42]
82: [29, 12]
83: [121, 100]
84: [93, 112]
85: [7, 22]
86: [39, 50]
87: [63, 70]
88: [81, 82, 76]
89: []
90: [131, 76, 81, 83]
91: [76, 83]
92: [73, 64]
93: [55, 42]
94: [29, 12]
95: [121, 100]
96: [112]
97: [22]
98: [50]
99: [70]
100: [70]
101: [70, 73]
102: [73]
103: [73]
104: [73]
105: [55]
106: [29]
107: [121]
108: [112]
109: [22]
110: [50]
111: [50]
112: [50]
113: [50, 55]
114: [55]
115: [55]
116: [55]
117: [55]
118: [29]
119: [121]
120: [112]
121: [22]
122: [22]
123: [22]
124: [22]
125: [22, 29]
126: [29]
127: [29]
128: [29]
129: [29]
130: [29]
131: [121]
132: [112]
133: [112]
134: [112]
135: [112]
136: [112]
137: [112, 121]
138: [121]
139: [121]
140: [121]
141: [121]
142: [121]
143: [121]
90
0: [93]
1: [93]
2: [93]
3: [93]
4: [100, 93]
5: [100, 93]
6: [100, 93]
7: [100, 93]
8: [100]
9: [100]
10: [100]
11: [100]
12: [93]
13: [7]
14: [7]
15: [7]
16: [12, 7]
17: [12, 7]
18: [12, 7]
19: [12, 7]
20: [12]
21: [12]
22: [12]
23: [100]
24: [93]
25: [7]
26: [39]
27: [39]
28: [42, 39]
29: [42, 39]
30: [42, 39]
31: [42, 39]
32: [42]
33: [42]
34: [12]
35: [100]
36: [93]
37: [7]
38: [39]
39: [63]
40: [64, 63]
41: [64, 63]
42: [64, 63]
43: [64, 63]
44: [64]
45: [42]
46: [12]
47: [100]
48: [93]
49: [7]
50: [39]
51: [63]
52: [76]
53: [131, 76]
54: [131, 76]
55: [76]
56: [64]
57: [42]
58: [12]
59: [100]
60: [93, 111]
61: [7, 21]
62: [39, 49]
63: [63, 69]
64: [81, 76]
65: [83, 81, 131]
66: [131, 83, 81]
67: [76, 83]
68: [64]
69: [42]
70: [12]
71: [100]
72: [93, 111]
73: [7, 21]
74: [39, 49]
75: [63, 69]
76: [81, 76]
77: [83, 131]
78: [131, 84, 81]
79: [76, 84, 83]
80: [74, 64]
81: [56, 42]
82: [30, 12]
83: [122, 100]
84: [93, 111]
85: [7, 21]
86: [39, 49]
87: [63, 69]
88: [81, 76]
89: [81, 83, 131, 76]
90: []
91: [76, 84, 83]
92: [74, 64]
93: [56, 42]
94: [30, 12]
95: [122, 100]
96: [111]
97: [21]
98: [49]
99: [69]
100: [69]
101: [69]
102: [69, 74]
103: [74]
104: [74]
105: [56]
106: [30]
107: [122]
108: [111]
109: [21]
110: [49]
111: [49]
112: [49]
113: [49]
114: [49, 56]
115: [56]
116: [56]
117: [56]
118: [30]
119: [122]
120: [111]
121: [21]
122: [21]
123: [21]
124: [21]
125: [21]
126: [21, 30]
127: [30]
128: [30]
129: [30]
130: [30]
131: [122]
132: [111]
133: [111]
134: [111]
135: [111]
136: [111]
137: [111]
138: [111, 122]
139: [122]
140: [122]
141: [122]
142: [122]
143: [122]
91
0: [93]
1: [93]
2: [93]
3: [93]
4: [100, 93]
5: [100, 93]
6: [100, 93]
7: [100, 93]
8: [100]
9: [100]
10: [100]
11: [100]
12: [93]
13: [7]
14: [7]
15: [7]
16: [12, 7]
17: [12, 7]
18: [12, 7]
19: [12, 7]
20: [12]
21: [12]
22: [12]
23: [100]
24: [93]
25: [7]
26: [39]
27: [39]
28: [42, 39]
29: [42, 39]
30: [42, 39]
31: [42, 39]
32: [42]
33: [42]
34: [12]
35: [100]
36: [93]
37: [7]
38: [39]
39: [63]
40: [64, 63]
41: [64, 63]
42: [64, 63]
43: [64, 63]
44: [64]
45: [42]
46: [12]
47: [100]
48: [93, 110]
49: [7, 20]
50: [39, 48]
51: [63, 68]
52: [76]
53: [76]
54: [76]
55: [76]
56: [64]
57: [42]
58: [12]
59: [100]
60: [93, 110]
61: [7, 20]
62: [39, 48]
63: [63, 68]
64: [76]
65: [83]
66: [83]
67: [76, 83]
68: [64]
69: [42]
70: [12]
71: [100]
72: [93, 110]
73: [7, 20]
74: [39, 48]
75: [63, 68]
76: [76]
77: [83]
78: [84]
79: [76, 84, 83]
80: [64]
81: [42]
82: [12]
83: [100]
84: [93, 110]
85: [7, 20]
86: [39, 48]
87: [63, 68]
88: [76]
89: [83, 76]
90: [83, 84, 76]
91: []
92: [75, 64]
93: [57, 42]
94: [31, 12]
95: [123, 100]
96: [110]
97: [20]
98: [48]
99: [68]
100: [68]
101: [68]
102: [68]
103: [68, 75]
104: [75]
105: [57]
106: [31]
107: [123]
108: [110]
109: [20]
110: [48]
111: [48]
112: [48]
113: [48]
114: [48]
115: [48, 57]
116: [57]
117: [57]
118: [31]
119: [123]
120: [110]
121: [20]
122: [20]
123: [20]
124: [20]
125: [20]
126: [20]
127: [20, 31]
128: [31]
129: [31]
130: [31]
131: [123]
132: [110]
133: [110]
134: [110]
135: [110]
136: [110]
137: [110]
138: [110]
139: [110, 123]
140: [123]
141: [123]
142: [123]
143: [123]
92
0: [94]
1: [94]
2: [94]
3: [94]
4: [100, 94]
5: [100, 94]
6: [100, 94]
7: [100, 94]
8: [100, 94]
9: [100]
10: [100]
11: [100]
12: [94]
13: [8]
14: [8]
15: [8]
16: [12, 8]
17: [12, 8]
18: [12, 8]
19: [12, 8]
20: [12, 8]
21: [12]
22: [12]
23: [100]
24: [94]
25: [8]
26: [40]
27: [129, 40]
28: [129, 42, 40]
29: [129, 42, 40]
30: [129, 42, 40]
31: [129, 42, 40]
32: [129, 42, 40]
33: [42]
34: [12]
35: [100]
36: [94, 109]
37: [8, 19]
38: [40, 47]
39: [59]
40: [64, 59]
41: [59, 64]
42: [59, 64]
43: [59, 64]
44: [59, 64]
45: [42]
46: [12]
47: [100]
48: [94, 109]
49: [8, 19]
50: [40, 47]
51: [59]
52: [64, 72]
53: [72]
54: [72]
55: [72]
56: [59, 64, 72]
57: [42]
58: [12]
59: [100]
60: [94, 109]
61: [8, 19]
62: [40, 47]
63: [59]
64: [64, 72]
65: [73]
66: [73]
67: [73]
68: [59, 73, 64, 72]
69: [42]
70: [12]
71: [100]
72: [94, 109]
73: [8, 19]
74: [40, 47]
75: [59]
76: [64, 72]
77: [73]
78: [74]
79: [74]
80: [59, 74, 73, 64, 72]
81: [42]
82: [12]
83: [100]
84: [94, 109]
85: [8, 19]
86: [40, 47]
87: [59]
88: [64, 72]
89: [64, 73]
90: [64, 74]
91: [64, 75]
92: []
93: [57, 42]
94: [31, 12]
95: [123, 100]
96: [94, 109]
97: [8, 19]
98: [40, 47]
99: [59]
100: [72, 59]
101: [72, 73, 59]
102: [72, 73, 74, 59]
103: [72, 73, 74, 75, 59]
104: [72, 73, 74, 75, 59]
105: [57]
106: [31]
107: [123]
108: [109]
109: [19]
110: [47]
111: [47, 129]
112: [47, 129]
113: [47, 129]
114: [47, 129]
115: [47, 57, 129]
116: [47, 57, 129]
117: [57]
118: [31]
119: [123]
120: [109]
121: [19]
122: [19]
123: [19]
124: [19]
125: [19]
126: [19]
127: [19, 31]
128: [19, 31]
129: [31]
130: [31]
131: [123]
132: [109]
133: [109]
134: [109]
135: [109]
136: [109]
137: [109]
138: [109]
139: [109, 123]
140: [109, 123]
141: [123]
142: [123]
143: [123]
93
0: [95]
1: [95]
2: [95]
3: [95]
4: [100, 95]
5: [100, 95]
6: [100, 95]
7: [100, 95]
8: [100, 95]
9: [100, 95]
10: [100]
11: [100]
12: [95]
13: [9]
14: [9]
15: [9]
16: [12, 9]
17: [12, 9]
18: [12, 9]
19: [12, 9]
20: [12, 9]
21: [12, 9]
22: [12]
23: [100]
24: [95, 108]
25: [9, 18]
26: [34]
27: [34, 41]
28: [34, 42, 41]
29: [34, 42, 41]
30: [34, 42, 41]
31: [34, 42, 41]
32: [34, 42, 41]
33: [34, 42, 41]
34: [12]
35: [100]
36: [95, 108]
37: [9, 18]
38: [130, 34]
39: [130, 41, 53]
40: [42, 130, 53]
41: [130, 53]
42: [130, 53]
43: [130, 53]
44: [130, 53]
45: [34, 130, 42, 41, 53]
46: [12]
47: [100]
48: [95, 108]
49: [9, 18]
50: [130, 34]
51: [41, 53]
52: [42, 54]
53: [54]
54: [54]
55: [54]
56: [54]
57: [34, 130, 42, 54, 41, 53]
58: [12]
59: [100]
60: [95, 108]
61: [9, 18]
62: [130, 34]
63: [41, 53]
64: [42, 54]
65: [55]
66: [55]
67: [55]
68: [55]
69: [34, 130, 55, 42, 54, 41, 53]
70: [12]
71: [100]
72: [95, 108]
73: [9, 18]
74: [130, 34]
75: [41, 53]
76: [42, 54]
77: [55]
78: [56]
79: [56]
80: [56]
81: [34, 130, 56, 55, 42, 54, 41, 53]
82: [12]
83: [100]
84: [95, 108]
85: [9, 18]
86: [130, 34]
87: [41, 53]
88: [42, 54]
89: [42, 55]
90: [42, 56]
91: [42, 57]
92: [42, 57]
93: []
94: [31, 12]
95: [123, 100]
96: [95, 108]
97: [9, 18]
98: [130, 34]
99: [41, 53, 130]
100: [41, 54, 130]
101: [41, 55, 130]
102: [41, 56, 130]
103: [41, 57, 130]
104: [41, 130]
105: [41, 53, 54, 55, 56, 57, 130, 34]
106: [31]
107: [123]
108: [95, 108]
109: [9, 18]
110: [34]
111: [53, 34]
112: [53, 54, 34]
113: [53, 54, 55, 34]
114: [56, 53, 54, 55, 34]
115: [53, 54, 55, 56, 57, 34]
116: [53, 54, 55, 56, 57, 34]
117: [53, 54, 55, 56, 57, 34]
118: [31]
119: [123]
120: [108]
121: [18]
122: [18]
123: [18]
124: [18]
125: [18]
126: [18]
127: [18, 31]
128: [18, 31]
129: [18, 31]
130: [31]
131: [123]
132: [108]
133: [108]
134: [108]
135: [108]
136: [108]
137: [108]
138: [108]
139: [108, 123]
140: [108, 123]
141: [108, 123]
142: [123]
143: [123]
94
0: [96]
1: [127, 96]
2: [127, 96]
3: [127, 96]
4: [100, 127, 96]
5: [127, 100, 96]
6: [127, 100, 96]
7: [127, 100, 96]
8: [127, 100, 96]
9: [127, 100, 96]
10: [127, 100, 96]
11: [100]
12: [96, 107]
13: [1]
14: [1, 10]
15: [1, 11, 10]
16: [1, 12, 11, 10]
17: [1, 12, 11, 10]
18: [1, 12, 11, 10]
19: [1, 12, 11, 10]
20: [1, 12, 11, 10]
21: [1, 12, 11, 10]
22: [1, 12, 11, 10]
23: [100]
24: [96, 107]
25: [1]
26: [10, 26]
27: [11, 26]
28: [12, 26]
29: [26]
30: [26]
31: [26]
32: [26]
33: [26]
34: [1, 12, 11, 10, 26]
35: [100]
36: [96, 107]
37: [1]
38: [10, 26]
39: [11, 27]
40: [12, 27]
41: [27]
42: [27]
43: [27]
44: [27]
45: [27]
46: [1, 12, 27, 11, 10, 26]
47: [100]
48: [96, 107]
49: [1]
50: [10, 26]
51: [11, 27]
52: [12, 28]
53: [28]
54: [28]
55: [28]
56: [28]
57: [28]
58: [1, 12, 28, 27, 11, 10, 26]
59: [100]
60: [96, 107]
61: [1]
62: [10, 26]
63: [11, 27]
64: [12, 28]
65: [29]
66: [29]
67: [29]
68: [29]
69: [29]
70: [1, 29, 12, 28, 27, 11, 10, 26]
71: [100]
72: [96, 107]
73: [1]
74: [10, 26]
75: [11, 27]
76: [12, 28]
77: [29]
78: [30]
79: [30]
80: [30]
81: [30]
82: [1, 30, 29, 12, 28, 27, 11, 10, 26]
83: [100]
84: [96, 107]
85: [1]
86: [10, 26]
87: [11, 27]
88: [12, 28]
89: [12, 29]
90: [12, 30]
91: [12, 31]
92: [12, 31]
93: [12, 31]
94: []
95: [123, 100]
96: [96, 107]
97: [1]
98: [10, 26]
99: [11, 27]
100: [11, 28]
101: [11, 29]
102: [11, 30]
103: [11, 31]
104: [11]
105: [11]
106: [10, 11, 26, 27, 28, 29, 30, 31, 1]
107: [123]
108: [96, 107]
109: [1]
110: [10, 26]
111: [10, 27]
112: [10, 28]
113: [10, 29]
114: [10, 30]
115: [10, 31]
116: [10]
117: [10]
118: [10, 26, 27, 28, 29, 30, 31, 1]
119: [123]
120: [96, 107]
121: [1]
122: [26, 1]
123: [26, 27, 1]
124: [26, 27, 28, 1]
125: [26, 27, 28, 29, 1]
126: [26, 27, 28, 29, 30, 1]
127: [26, 27, 28, 29, 30, 31, 1]
128: [26, 27, 28, 29, 30, 31, 1]
129: [26, 27, 28, 29, 30, 31, 1]
130: [26, 27, 28, 29, 30, 31, 1]
131: [123]
132: [107]
133: [107, 127]
134: [107, 127]
135: [107, 127]
136: [107, 127]
137: [107, 127]
138: [107, 127]
139: [107, 123, 127]
140: [107, 123, 127]
141: [107, 123, 127]
142: [107, 123, 127]
143: [123]
95
0: [86]
1: [86, 97]
2: [86, 98, 97]
3: [86, 99, 98, 97]
4: [100, 86, 99, 98, 97]
5: [86, 100, 99, 98, 97]
6: [86, 100, 99, 98, 97]
7: [86, 100, 99, 98, 97]
8: [86, 100, 99, 98, 97]
9: [86, 100, 99, 98, 97]
10: [86, 100, 99, 98, 97]
11: [86, 100, 99, 98, 97]
12: [128, 86]
13: [128, 97, 117]
14: [128, 98, 117]
15: [128, 99, 117]
16: [128, 100, 117]
17: [128, 117]
18: [128, 117]
19: [128, 117]
20: [128, 117]
21: [128, 117]
22: [128, 117]
23: [128, 86, 100, 99, 98, 97, 117]
24: [128, 86]
25: [97, 117]
26: [98, 118]
27: [99, 118]
28: [100, 118]
29: [118]
30: [118]
31: [118]
32: [118]
33: [118]
34: [118]
35: [128, 86, 100, 99, 98, 118, 97, 117]
36: [128, 86]
37: [97, 117]
38: [98, 118]
39: [99, 119]
40: [100, 119]
41: [119]
42: [119]
43: [119]
44: [119]
45: [119]
46: [119]
47: [128, 86, 100, 99, 119, 98, 118, 97, 117]
48: [128, 86]
49: [97, 117]
50: [98, 118]
51: [99, 119]
52: [100, 120]
53: [120]
54: [120]
55: [120]
56: [120]
57: [120]
58: [120]
59: [128, 86, 120, 100, 99, 119, 98, 118, 97, 117]
60: [128, 86]
61: [97, 117]
62: [98, 118]
63: [99, 119]
64: [100, 120]
65: [121]
66: [121]
67: [121]
68: [121]
69: [121]
70: [121]
71: [128, 86, 121, 120, 100, 99, 119, 98, 118, 97, 117]
72: [128, 86]
73: [97, 117]
74: [98, 118]
75: [99, 119]
76: [100, 120]
77: [121]
78: [122]
79: [122]
80: [122]
81: [122]
82: [122]
83: [128, 86, 122, 121, 120, 100, 99, 119, 98, 118, 97, 117]
84: [128, 86]
85: [97, 117]
86: [98, 118]
87: [99, 119]
88: [100, 120]
89: [100, 121]
90: [100, 122]
91: [100, 123]
92: [100, 123]
93: [100, 123]
94: [100, 123]
95: []
96: [128, 86]
97: [97, 117]
98: [98, 118]
99: [99, 119]
100: [99, 120]
101: [99, 121]
102: [99, 122]
103: [99, 123]
104: [99]
105: [99]
106: [99]
107: [97, 98, 99, 117, 118, 119, 120, 121, 122, 123, 128, 86]
108: [128, 86]
109: [97, 117]
110: [98, 118]
111: [98, 119]
112: [98, 120]
113: [98, 121]
114: [98, 122]
115: [98, 123]
116: [98]
117: [98]
118: [98]
119: [97, 98, 117, 118, 119, 120, 121, 122, 123, 128, 86]
120: [128, 86]
121: [97, 117, 128]
122: [97, 118, 128]
123: [97, 119, 128]
124: [97, 120, 128]
125: [97, 121, 128]
126: [97, 122, 128]
127: [97, 123, 128]
128: [97, 128]
129: [97, 128]
130: [97, 128]
131: [97, 117, 118, 119, 120, 121, 122, 123, 128, 86]
132: [86]
133: [117, 86]
134: [117, 118, 86]
135: [117, 118, 119, 86]
136: [120, 117, 118, 119, 86]
137: [117, 118, 119, 120, 121, 86]
138: [117, 118, 119, 120, 121, 122, 86]
139: [117, 118, 119, 120, 121, 122, 123, 86]
140: [117, 118, 119, 120, 121, 122, 123, 86]
141: [117, 118, 119, 120, 121, 122, 123, 86]
142: [117, 118, 119, 120, 121, 122, 123, 86]
143: [117, 118, 119, 120, 121, 122, 123, 86]
96
0: [96, 94, 95, 86]
1: [96, 94, 95, 86]
2: [96, 94, 95, 86]
3: [96, 94, 95, 86]
4: [96, 94, 95, 86]
5: [96, 94, 95, 86]
6: [96, 94, 95, 86]
7: [96, 94, 95, 86]
8: [96, 94, 95, 86]
9: [96, 95, 86]
10: [96, 86]
11: [86]
12: [96, 107, 94, 95, 128, 86]
13: [107, 128]
14: [107, 128]
15: [107, 128]
16: [107, 128]
17: [107, 128]
18: [107, 128]
19: [107, 128]
20: [107, 94, 128]
21: [107, 95, 128]
22: [107, 96, 128]
23: [128, 86]
24: [96, 107, 108, 94, 95, 128, 86]
25: [108]
26: [108]
27: [108]
28: [108]
29: [108]
30: [108]
31: [108]
32: [108, 94]
33: [108, 95]
34: [107, 96]
35: [128, 86]
36: [96, 107, 108, 109, 94, 95, 128, 86]
37: [109]
38: [109]
39: [109]
40: [109]
41: [109]
42: [109]
43: [109]
44: [109, 94]
45: [108, 95]
46: [107, 96]
47: [128, 86]
48: [96, 107, 108, 109, 110, 94, 95, 128, 86]
49: [110]
50: [110]
51: [110]
52: [110]
53: [110]
54: [110]
55: [110]
56: [109, 94]
57: [108, 95]
58: [107, 96]
59: [128, 86]
60: [96, 107, 108, 109, 110, 111, 94, 95, 128, 86]
61: [111]
62: [111]
63: [111]
64: [111]
65: [111]
66: [111]
67: [110]
68: [109, 94]
69: [108, 95]
70: [107, 96]
71: [128, 86]
72: [96, 107, 108, 109, 110, 111, 112, 94, 95, 128, 86]
73: [112]
74: [112]
75: [112]
76: [112]
77: [112]
78: [111]
79: [110]
80: [109, 94]
81: [108, 95]
82: [107, 96]
83: [128, 86]
84: [96, 107, 108, 109, 110, 111, 112, 113, 94, 95, 128, 86]
85: [113]
86: [113]
87: [113]
88: [113]
89: [112]
90: [111]
91: [110]
92: [109, 94]
93: [108, 95]
94: [107, 96]
95: [128, 86]
96: []
97: [114, 94]
98: [114, 94]
99: [114, 94]
100: [113, 94]
101: [112, 94]
102: [111, 94]
103: [110, 94]
104: [109, 94]
105: [108, 95]
106: [107, 96]
107: [128, 86]
108: [128, 86, 114, 113, 112, 111, 110, 109, 108, 95, 96, 107]
109: [95]
110: [95]
111: [114, 95]
112: [113, 95]
113: [112, 95]
114: [111, 95]
115: [110, 95]
116: [109, 95]
117: [108, 95]
118: [107, 96]
119: [128, 86]
120: [128, 86, 114, 113, 112, 111, 110, 109, 108, 96, 107]
121: [128, 96]
122: [128, 96]
123: [128, 114, 96]
124: [128, 113, 96]
125: [128, 112, 96]
126: [128, 111, 96]
127: [128, 110, 96]
128: [128, 109, 96]
129: [128, 108, 96]
130: [128, 107, 96]
131: [128, 86]
132: [86, 114, 113, 112, 111, 110, 109, 108, 107]
133: [86, 114, 113, 112, 111, 110, 109, 108, 107]
134: [86, 114, 113, 112, 111, 110, 109, 108, 107]
135: [114, 86, 113, 112, 111, 110, 109, 108, 107]
136: [86, 113, 112, 111, 110, 109, 108, 107]
137: [86, 112, 111, 110, 109, 108, 107]
138: [86, 111, 110, 109, 108, 107]
139: [86, 110, 109, 108, 107]
140: [86, 109, 108, 107]
141: [86, 108, 107]
142: [86, 107]
143: [86]
97
0: [94]
1: [97, 94, 127]
2: [97, 94, 127]
3: [97, 94, 127]
4: [97, 94, 127]
5: [97, 94, 127]
6: [97, 94, 127]
7: [97, 94, 127]
8: [97, 94, 127]
9: [97, 127]
10: [97, 127]
11: [97]
12: [94]
13: [8, 9, 1]
14: [8, 9, 1]
15: [8, 9, 1]
16: [8, 9, 1]
17: [8, 9, 1]
18: [8, 9, 1]
19: [8, 9, 1]
20: [8, 9, 1]
21: [9, 1]
22: [1]
23: [117, 97]
24: [94]
25: [8, 9, 18, 1]
26: [18]
27: [18]
28: [18]
29: [18]
30: [18]
31: [18]
32: [18, 8]
33: [18, 9]
34: [1]
35: [117, 97]
36: [94]
37: [8, 9, 18, 19, 1]
38: [19]
39: [19]
40: [19]
41: [19]
42: [19]
43: [19]
44: [19, 8]
45: [18, 9]
46: [1]
47: [117, 97]
48: [94]
49: [8, 9, 18, 19, 20, 1]
50: [20]
51: [20]
52: [20]
53: [20]
54: [20]
55: [20]
56: [19, 8]
57: [18, 9]
58: [1]
59: [117, 97]
60: [94]
61: [8, 9, 18, 19, 20, 21, 1]
62: [21]
63: [21]
64: [21]
65: [21]
66: [21]
67: [20]
68: [19, 8]
69: [18, 9]
70: [1]
71: [117, 97]
72: [94]
73: [8, 9, 18, 19, 20, 21, 22, 1]
74: [22]
75: [22]
76: [22]
77: [22]
78: [21]
79: [20]
80: [19, 8]
81: [18, 9]
82: [1]
83: [117, 97]
84: [94]
85: [8, 9, 18, 19, 20, 21, 22, 23, 1]
86: [23]
87: [23]
88: [23]
89: [22]
90: [21]
91: [20]
92: [19, 8]
93: [18, 9]
94: [1]
95: [117, 97]
96: [94, 114]
97: []
98: [24, 8]
99: [24, 8]
100: [23, 8]
101: [22, 8]
102: [21, 8]
103: [20, 8]
104: [19, 8]
105: [18, 9]
106: [1]
107: [117, 97]
108: [114]
109: [1, 24, 23, 22, 21, 20, 19, 9, 18]
110: [9]
111: [24, 9]
112: [23, 9]
113: [22, 9]
114: [21, 9]
115: [20, 9]
116: [19, 9]
117: [18, 9]
118: [1]
119: [117, 97]
120: [114]
121: [1, 24, 23, 22, 21, 20, 19, 18]
122: [1, 24, 23, 22, 21, 20, 19, 18]
123: [24, 1, 23, 22, 21, 20, 19, 18]
124: [1, 23, 22, 21, 20, 19, 18]
125: [1, 22, 21, 20, 19, 18]
126: [1, 21, 20, 19, 18]
127: [1, 20, 19, 18]
128: [1, 19, 18]
129: [1, 18]
130: [1]
131: [117, 97]
132: [114]
133: [127, 114, 117]
134: [127, 114, 117]
135: [114, 127, 117]
136: [127, 117]
137: [127, 117]
138: [127, 117]
139: [127, 117]
140: [127, 117]
141: [127, 117]
142: [127, 117]
143: [117]
98
0: [94]
1: [94]
2: [98, 94]
3: [98, 94]
4: [98, 94]
5: [98, 94]
6: [98, 94]
7: [98, 94]
8: [98, 94]
9: [98]
10: [98]
11: [98]
12: [94]
13: [8]
14: [10, 8]
15: [10, 8]
16: [10, 8]
17: [10, 8]
18: [10, 8]
19: [10, 8]
20: [10, 8]
21: [10]
22: [10]
23: [98]
24: [94]
25: [8]
26: [40, 34]
27: [40, 34]
28: [40, 34]
29: [40, 34]
30: [40, 34]
31: [40, 34]
32: [40, 34]
33: [34]
34: [26, 10]
35: [118, 98]
36: [94]
37: [8]
38: [40, 47, 130, 34]
39: [47, 130]
40: [47, 130]
41: [47, 130]
42: [47, 130]
43: [47, 130]
44: [47, 40, 130]
45: [130, 34]
46: [26, 10]
47: [118, 98]
48: [94]
49: [8]
50: [40, 48, 47, 130, 34]
51: [48]
52: [48]
53: [48]
54: [48]
55: [48]
56: [47, 40]
57: [130, 34]
58: [26, 10]
59: [118, 98]
60: [94]
61: [8]
62: [40, 49, 48, 47, 130, 34]
63: [49]
64: [49]
65: [49]
66: [49]
67: [48]
68: [47, 40]
69: [130, 34]
70: [26, 10]
71: [118, 98]
72: [94]
73: [8]
74: [40, 47, 48, 49, 50, 130, 34]
75: [50]
76: [50]
77: [50]
78: [49]
79: [48]
80: [47, 40]
81: [130, 34]
82: [26, 10]
83: [118, 98]
84: [94]
85: [8]
86: [40, 47, 48, 49, 50, 51, 130, 34]
87: [51]
88: [51]
89: [50]
90: [49]
91: [48]
92: [47, 40]
93: [130, 34]
94: [26, 10]
95: [118, 98]
96: [94, 114]
97: [8, 24]
98: []
99: [130, 52, 40]
100: [130, 51, 40]
101: [130, 50, 40]
102: [130, 49, 40]
103: [130, 48, 40]
104: [130, 47, 40]
105: [130, 34]
106: [26, 10]
107: [118, 98]
108: [114]
109: [24]
110: [34, 52, 51, 50, 49, 48, 47]
111: [34, 52, 51, 50, 49, 48, 47]
112: [34, 51, 50, 49, 48, 47]
113: [34, 50, 49, 48, 47]
114: [34, 49, 48, 47]
115: [34, 48, 47]
116: [34, 47]
117: [34]
118: [26, 10]
119: [118, 98]
120: [114]
121: [24]
122: [24, 26]
123: [24, 26]
124: [26]
125: [26]
126: [26]
127: [26]
128: [26]
129: [26]
130: [26]
131: [118]
132: [114]
133: [114]
134: [114, 118]
135: [114, 118]
136: [118]
137: [118]
138: [118]
139: [118]
140: [118]
141: [118]
142: [118]
143: [118]
99
0: [94]
1: [94]
2: [94]
3: [99, 94]
4: [99, 94]
5: [99, 94]
6: [99, 94]
7: [99, 94]
8: [99, 94]
9: [99]
10: [99]
11: [99]
12: [94]
13: [8]
14: [8]
15: [11, 8]
16: [11, 8]
17: [11, 8]
18: [11, 8]
19: [11, 8]
20: [11, 8]
21: [11]
22: [11]
23: [99]
24: [94]
25: [8]
26: [40]
27: [41, 40, 129]
28: [41, 40, 129]
29: [41, 40, 129]
30: [41, 40, 129]
31: [41, 40, 129]
32: [41, 40, 129]
33: [41]
34: [11]
35: [99]
36: [94]
37: [8]
38: [40, 130]
39: [59]
40: [59]
41: [59]
42: [59]
43: [59]
44: [59]
45: [130, 53, 41]
46: [27, 11]
47: [119, 99]
48: [94]
49: [8]
50: [40, 130]
51: [68, 59]
52: [68]
53: [68]
54: [68]
55: [68]
56: [59]
57: [130, 53, 41]
58: [27, 11]
59: [119, 99]
60: [94]
61: [8]
62: [40, 130]
63: [68, 69, 59]
64: [69]
65: [69]
66: [69]
67: [68]
68: [59]
69: [130, 53, 41]
70: [27, 11]
71: [119, 99]
72: [94]
73: [8]
74: [40, 130]
75: [68, 69, 70, 59]
76: [70]
77: [70]
78: [69]
79: [68]
80: [59]
81: [130, 53, 41]
82: [27, 11]
83: [119, 99]
84: [94]
85: [8]
86: [40, 130]
87: [68, 69, 70, 71, 59]
88: [71]
89: [70]
90: [69]
91: [68]
92: [59]
93: [130, 53, 41]
94: [27, 11]
95: [119, 99]
96: [94, 114]
97: [8, 24]
98: [40, 52, 130]
99: []
100: [59, 71, 70, 69, 68]
101: [59, 70, 69, 68]
102: [59, 69, 68]
103: [59, 68]
104: [59]
105: [130, 53, 41]
106: [27, 11]
107: [119, 99]
108: [114]
109: [24]
110: [52]
111: [129, 52, 53]
112: [129, 53]
113: [129, 53]
114: [129, 53]
115: [129, 53]
116: [129, 53]
117: [53]
118: [27]
119: [119]
120: [114]
121: [24]
122: [24]
123: [24, 27]
124: [27]
125: [27]
126: [27]
127: [27]
128: [27]
129: [27]
130: [27]
131: [119]
132: [114]
133: [114]
134: [114]
135: [114, 119]
136: [119]
137: [119]
138: [119]
139: [119]
140: [119]
141: [119]
142: [119]
143: [119]
100
0: [94]
1: [94]
2: [94]
3: [99, 94]
4: [99, 94]
5: [99, 94]
6: [99, 94]
7: [99, 94]
8: [99, 94]
9: [99]
10: [99]
11: [99]
12: [94]
13: [8]
14: [8]
15: [11, 8]
16: [11, 8]
17: [11, 8]
18: [11, 8]
19: [11, 8]
20: [11, 8]
21: [11]
22: [11]
23: [99]
24: [94]
25: [8]
26: [40]
27: [41, 40]
28: [41, 40]
29: [41, 40]
30: [41, 40]
31: [41, 40]
32: [41, 40]
33: [41]
34: [11]
35: [99]
36: [94]
37: [8]
38: [40, 130]
39: [59]
40: [59]
41: [59]
42: [59]
43: [59]
44: [59]
45: [130, 41]
46: [11]
47: [99]
48: [94]
49: [8]
50: [40, 130]
51: [68, 59]
52: [72, 68]
53: [72, 68]
54: [72, 68]
55: [72, 68]
56: [72, 59]
57: [130, 54, 41]
58: [28, 11]
59: [120, 99]
60: [94]
61: [8]
62: [40, 130]
63: [68, 69, 59]
64: [72, 69]
65: [69]
66: [69]
67: [68]
68: [59, 72]
69: [130, 54, 41]
70: [28, 11]
71: [120, 99]
72: [94]
73: [8]
74: [40, 130]
75: [68, 69, 70, 59]
76: [72, 70]
77: [70]
78: [69]
79: [68]
80: [59, 72]
81: [130, 54, 41]
82: [28, 11]
83: [120, 99]
84: [94, 113]
85: [8, 23]
86: [40, 51, 130]
87: [68, 69, 70, 71, 59]
88: [72, 71]
89: [70]
90: [69]
91: [68]
92: [59, 72]
93: [130, 54, 41]
94: [28, 11]
95: [120, 99]
96: [94, 113]
97: [8, 23]
98: [40, 51, 130]
99: [68, 69, 70, 71, 59]
100: []
101: [59, 70, 69, 72, 68]
102: [59, 69, 72, 68]
103: [59, 72, 68]
104: [59, 72]
105: [130, 54, 41]
106: [28, 11]
107: [120, 99]
108: [113]
109: [23]
110: [51]
111: [51]
112: [51, 54]
113: [54]
114: [54]
115: [54]
116: [54]
117: [54]
118: [28]
119: [120]
120: [113]
121: [23]
122: [23]
123: [23]
124: [23, 28]
125: [28]
126: [28]
127: [28]
128: [28]
129: [28]
130: [28]
131: [120]
132: [113]
133: [113]
134: [113]
135: [113]
136: [113, 120]
137: [120]
138: [120]
139: [120]
140: [120]
141: [120]
142: [120]
143: [120]
101
0: [94]
1: [94]
2: [94]
3: [99, 94]
4: [99, 94]
5: [99, 94]
6: [99, 94]
7: [99, 94]
8: [99, 94]
9: [99]
10: [99]
11: [99]
12: [94]
13: [8]
14: [8]
15: [11, 8]
16: [11, 8]
17: [11, 8]
18: [11, 8]
19: [11, 8]
20: [11, 8]
21: [11]
22: [11]
23: [99]
24: [94]
25: [8]
26: [40]
27: [41, 40]
28: [41, 40]
29: [41, 40]
30: [41, 40]
31: [41, 40]
32: [41, 40]
33: [41]
34: [11]
35: [99]
36: [94]
37: [8]
38: [40, 130]
39: [59]
40: [59]
41: [59]
42: [59]
43: [59]
44: [59]
45: [130, 41]
46: [11]
47: [99]
48: [94]
49: [8]
50: [40, 130]
51: [68, 59]
52: [72, 68]
53: [72, 68]
54: [72, 68]
55: [72, 68]
56: [59, 72]
57: [130, 41]
58: [11]
59: [99]
60: [94]
61: [8]
62: [40, 130]
63: [68, 69, 59]
64: [72, 69]
65: [73, 69]
66: [73, 69]
67: [73, 68]
68: [73, 59, 72]
69: [130, 55, 41]
70: [29, 11]
71: [121, 99]
72: [94, 112]
73: [8, 22]
74: [40, 50, 130]
75: [68, 69, 70, 59]
76: [72, 70]
77: [73, 70]
78: [69]
79: [68]
80: [59, 73, 72]
81: [130, 55, 41]
82: [29, 11]
83: [121, 99]
84: [94, 112]
85: [8, 22]
86: [40, 50, 130]
87: [68, 69, 70, 59]
88: [72]
89: [73, 70]
90: [69]
91: [68]
92: [59, 73, 72]
93: [130, 55, 41]
94: [29, 11]
95: [121, 99]
96: [94, 112]
97: [8, 22]
98: [40, 50, 130]
99: [68, 69, 70, 59]
100: [72, 68, 69, 70, 59]
101: []
102: [59, 73, 69, 72, 68]
103: [59, 73, 72, 68]
104: [59, 73, 72]
105: [130, 55, 41]
106: [29, 11]
107: [121, 99]
108: [112]
109: [22]
110: [50]
111: [50]
112: [50]
113: [50, 55]
114: [55]
115: [55]
116: [55]
117: [55]
118: [29]
119: [121]
120: [112]
121: [22]
122: [22]
123: [22]
124: [22]
125: [22, 29]
126: [29]
127: [29]
128: [29]
129: [29]
130: [29]
131: [121]
132: [112]
133: [112]
134: [112]
135: [112]
136: [112]
137: [112, 121]
138: [121]
139: [121]
140: [121]
141: [121]
142: [121]
143: [121]
102
0: [94]
1: [94]
2: [94]
3: [99, 94]
4: [99, 94]
5: [99, 94]
6: [99, 94]
7: [99, 94]
8: [99, 94]
9: [99]
10: [99]
11: [99]
12: [94]
13: [8]
14: [8]
15: [11, 8]
16: [11, 8]
17: [11, 8]
18: [11, 8]
19: [11, 8]
20: [11, 8]
21: [11]
22: [11]
23: [99]
24: [94]
25: [8]
26: [40]
27: [41, 40]
28: [41, 40]
29: [41, 40]
30: [41, 40]
31: [41, 40]
32: [41, 40]
33: [41]
34: [11]
35: [99]
36: [94]
37: [8]
38: [40, 130]
39: [59]
40: [59]
41: [59]
42: [59]
43: [59]
44: [59]
45: [130, 41]
46: [11]
47: [99]
48: [94]
49: [8]
50: [40, 130]
51: [68, 59]
52: [72, 68]
53: [72, 68]
54: [72, 68]
55: [72, 68]
56: [59, 72]
57: [130, 41]
58: [11]
59: [99]
60: [94, 111]
61: [8, 21]
62: [40, 49, 130]
63: [68, 69, 59]
64: [72, 69]
65: [73, 69]
66: [73, 69]
67: [73, 68]
68: [59, 73, 72]
69: [130, 41]
70: [11]
71: [99]
72: [94, 111]
73: [8, 21]
74: [40, 49, 130]
75: [68, 69, 59]
76: [72]
77: [73]
78: [74, 69]
79: [74, 68]
80: [74, 59, 73, 72]
81: [56, 130, 41]
82: [30, 11]
83: [122, 99]
84: [94, 111]
85: [8, 21]
86: [40, 49, 130]
87: [68, 69, 59]
88: [72]
89: [73]
90: [74, 69]
91: [68]
92: [59, 74, 73, 72]
93: [130, 56, 41]
94: [30, 11]
95: [122, 99]
96: [94, 111]
97: [8, 21]
98: [40, 49, 130]
99: [68, 69, 59]
100: [72, 68, 69, 59]
101: [72, 73, 68, 69, 59]
102: []
103: [59, 74, 73, 72, 68]
104: [59, 74, 73, 72]
105: [130, 56, 41]
106: [30, 11]
107: [122, 99]
108: [111]
109: [21]
110: [49]
111: [49]
112: [49]
113: [49]
114: [49, 56]
115: [56]
116: [56]
117: [56]
118: [30]
119: [122]
120: [111]
121: [21]
122: [21]
123: [21]
124: [21]
125: [21]
126: [21, 30]
127: [30]
128: [30]
129: [30]
130: [30]
131: [122]
132: [111]
133: [111]
134: [111]
135: [111]
136: [111]
137: [111]
138: [111, 122]
139: [122]
140: [122]
141: [122]
142: [122]
143: [122]
103
0: [94]
1: [94]
2: [94]
3: [99, 94]
4: [99, 94]
5: [99, 94]
6: [99, 94]
7: [99, 94]
8: [99, 94]
9: [99]
10: [99]
11: [99]
12: [94]
13: [8]
14: [8]
15: [11, 8]
16: [11, 8]
17: [11, 8]
18: [11, 8]
19: [11, 8]
20: [11, 8]
21: [11]
22: [11]
23: [99]
24: [94]
25: [8]
26: [40]
27: [41, 40]
28: [41, 40]
29: [41, 40]
30: [41, 40]
31: [41, 40]
32: [41, 40]
33: [41]
34: [11]
35: [99]
36: [94]
37: [8]
38: [40, 130]
39: [59]
40: [59]
41: [59]
42: [59]
43: [59]
44: [59]
45: [130, 41]
46: [11]
47: [99]
48: [94, 110]
49: [8, 20]
50: [40, 48, 130]
51: [68, 59]
52: [72, 68]
53: [72, 68]
54: [72, 68]
55: [72, 68]
56: [59, 72]
57: [130, 41]
58: [11]
59: [99]
60: [94, 110]
61: [8, 20]
62: [40, 48, 130]
63: [68, 59]
64: [72]
65: [73]
66: [73]
67: [73, 68]
68: [59, 73, 72]
69: [130, 41]
70: [11]
71: [99]
72: [94, 110]
73: [8, 20]
74: [40, 48, 130]
75: [68, 59]
76: [72]
77: [73]
78: [74]
79: [74, 68]
80: [59, 74, 73, 72]
81: [130, 41]
82: [11]
83: [99]
84: [94, 110]
85: [8, 20]
86: [40, 48, 130]
87: [68, 59]
88: [72]
89: [73]
90: [74]
91: [75, 68]
92: [75, 59, 74, 73, 72]
93: [57, 130, 41]
94: [31, 11]
95: [123, 99]
96: [94, 110]
97: [8, 20]
98: [40, 48, 130]
99: [68, 59]
100: [72, 68, 59]
101: [72, 73, 68, 59]
102: [72, 73, 74, 68, 59]
103: []
104: [59, 75, 74, 73, 72]
105: [130, 57, 41]
106: [31, 11]
107: [123, 99]
108: [110]
109: [20]
110: [48]
111: [48]
112: [48]
113: [48]
114: [48]
115: [48, 57]
116: [57]
117: [57]
118: [31]
119: [123]
120: [110]
121: [20]
122: [20]
123: [20]
124: [20]
125: [20]
126: [20]
127: [20, 31]
128: [31]
129: [31]
130: [31]
131: [123]
132: [110]
133: [110]
134: [110]
135: [110]
136: [110]
137: [110]
138: [110]
139: [110, 123]
140: [123]
141: [123]
142: [123]
143: [123]
104
0: [94]
1: [94]
2: [94]
3: [99, 94]
4: [99, 94]
5: [99, 94]
6: [99, 94]
7: [99, 94]
8: [99, 94]
9: [99]
10: [99]
11: [99]
12: [94]
13: [8]
14: [8]
15: [11, 8]
16: [11, 8]
17: [11, 8]
18: [11, 8]
19: [11, 8]
20: [11, 8]
21: [11]
22: [11]
23: [99]
24: [94]
25: [8]
26: [40]
27: [41, 129, 40]
28: [129, 41, 40]
29: [129, 41, 40]
30: [129, 41, 40]
31: [129, 41, 40]
32: [129, 41, 40]
33: [41]
34: [11]
35: [99]
36: [94, 109]
37: [8, 19]
38: [40, 130, 47]
39: [59]
40: [59]
41: [59]
42: [59]
43: [59]
44: [59]
45: [130, 41]
46: [11]
47: [99]
48: [94, 109]
49: [8, 19]
50: [40, 47, 130]
51: [59]
52: [72]
53: [72]
54: [72]
55: [72]
56: [59, 72]
57: [130, 41]
58: [11]
59: [99]
60: [94, 109]
61: [8, 19]
62: [40, 47, 130]
63: [59]
64: [72]
65: [73]
66: [73]
67: [73]
68: [59, 73, 72]
69: [130, 41]
70: [11]
71: [99]
72: [94, 109]
73: [8, 19]
74: [40, 47, 130]
75: [59]
76: [72]
77: [73]
78: [74]
79: [74]
80: [59, 74, 73, 72]
81: [130, 41]
82: [11]
83: [99]
84: [94, 109]
85: [8, 19]
86: [40, 47, 130]
87: [59]
88: [72]
89: [73]
90: [74]
91: [75]
92: [59, 75, 74, 73, 72]
93: [130, 41]
94: [11]
95: [99]
96: [94, 109]
97: [8, 19]
98: [40, 47, 130]
99: [59]
100: [72, 59]
101: [72, 73, 59]
102: [72, 73, 74, 59]
103: [72, 73, 74, 75, 59]
104: []
105: [58, 130, 41]
106: [32, 11]
107: [124, 99]
108: [109]
109: [19]
110: [47]
111: [47, 129]
112: [47, 129]
113: [47, 129]
114: [47, 129]
115: [47, 129]
116: [47, 58, 129]
117: [58]
118: [32]
119: [124]
120: [109]
121: [19]
122: [19]
123: [19]
124: [19]
125: [19]
126: [19]
127: [19]
128: [19, 32]
129: [32]
130: [32]
131: [124]
132: [109]
133: [109]
134: [109]
135: [109]
136: [109]
137: [109]
138: [109]
139: [109]
140: [109, 124]
141: [124]
142: [124]
143: [124]
105
0: [95]
1: [95]
2: [95]
3: [99, 95]
4: [99, 95]
5: [99, 95]
6: [99, 95]
7: [99, 95]
8: [99, 95]
9: [99, 95]
10: [99]
11: [99]
12: [95]
13: [9]
14: [9]
15: [11, 9]
16: [11, 9]
17: [11, 9]
18: [11, 9]
19: [11, 9]
20: [11, 9]
21: [11, 9]
22: [11]
23: [99]
24: [95, 108]
25: [9, 18]
26: [34]
27: [41, 34]
28: [34, 41]
29: [34, 41]
30: [34, 41]
31: [34, 41]
32: [34, 41]
33: [34, 41]
34: [11]
35: [99]
36: [95, 108]
37: [9, 18]
38: [130, 34]
39: [41, 130, 53]
40: [130, 53]
41: [130, 53]
42: [130, 53]
43: [130, 53]
44: [130, 53]
45: [34, 130, 41, 53]
46: [11]
47: [99]
48: [95, 108]
49: [9, 18]
50: [130, 34]
51: [41, 53]
52: [54]
53: [54]
54: [54]
55: [54]
56: [54]
57: [34, 130, 54, 41, 53]
58: [11]
59: [99]
60: [95, 108]
61: [9, 18]
62: [130, 34]
63: [41, 53]
64: [54]
65: [55]
66: [55]
67: [55]
68: [55]
69: [34, 130, 55, 54, 41, 53]
70: [11]
71: [99]
72: [95, 108]
73: [9, 18]
74: [130, 34]
75: [41, 53]
76: [54]
77: [55]
78: [56]
79: [56]
80: [56]
81: [34, 130, 56, 55, 54, 41, 53]
82: [11]
83: [99]
84: [95, 108]
85: [9, 18]
86: [130, 34]
87: [41, 53]
88: [54]
89: [55]
90: [56]
91: [57]
92: [57]
93: [34, 130, 57, 56, 55, 54, 41, 53]
94: [11]
95: [99]
96: [95, 108]
97: [9, 18]
98: [130, 34]
99: [41, 53, 130]
100: [41, 54, 130]
101: [41, 55, 130]
102: [41, 56, 130]
103: [41, 57, 130]
104: [41, 58, 130]
105: []
106: [32, 11]
107: [124, 99]
108: [95, 108]
109: [9, 18]
110: [34]
111: [53, 34]
112: [53, 54, 34]
113: [53, 54, 55, 34]
114: [56, 53, 54, 55, 34]
115: [53, 54, 55, 56, 57, 34]
116: [53, 54, 55, 56, 57, 58, 34]
117: [53, 54, 55, 56, 57, 58, 34]
118: [32]
119: [124]
120: [108]
121: [18]
122: [18]
123: [18]
124: [18]
125: [18]
126: [18]
127: [18]
128: [18, 32]
129: [18, 32]
130: [32]
131: [124]
132: [108]
133: [108]
134: [108]
135: [108]
136: [108]
137: [108]
138: [108]
139: [108]
140: [108, 124]
141: [108, 124]
142: [124]
143: [124]
106
0: [96]
1: [127, 96]
2: [127, 96]
3: [99, 127, 96]
4: [127, 99, 96]
5: [127, 99, 96]
6: [127, 99, 96]
7: [127, 99, 96]
8: [127, 99, 96]
9: [127, 99, 96]
10: [127, 99, 96]
11: [99]
12: [96, 107]
13: [1]
14: [1, 10]
15: [1, 11, 10]
16: [1, 11, 10]
17: [1, 11, 10]
18: [1, 11, 10]
19: [1, 11, 10]
20: [1, 11, 10]
21: [1, 11, 10]
22: [1, 11, 10]
23: [99]
24: [96, 107]
25: [1]
26: [10, 26]
27: [11, 26]
28: [26]
29: [26]
30: [26]
31: [26]
32: [26]
33: [26]
34: [1, 11, 10, 26]
35: [99]
36: [96, 107]
37: [1]
38: [10, 26]
39: [11, 27]
40: [27]
41: [27]
42: [27]
43: [27]
44: [27]
45: [27]
46: [1, 27, 11, 10, 26]
47: [99]
48: [96, 107]
49: [1]
50: [10, 26]
51: [11, 27]
52: [28]
53: [28]
54: [28]
55: [28]
56: [28]
57: [28]
58: [1, 28, 27, 11, 10, 26]
59: [99]
60: [96, 107]
61: [1]
62: [10, 26]
63: [11, 27]
64: [28]
65: [29]
66: [29]
67: [29]
68: [29]
69: [29]
70: [1, 29, 28, 27, 11, 10, 26]
71: [99]
72: [96, 107]
73: [1]
74: [10, 26]
75: [11, 27]
76: [28]
77: [29]
78: [30]
79: [30]
80: [30]
81: [30]
82: [1, 30, 29, 28, 27, 11, 10, 26]
83: [99]
84: [96, 107]
85: [1]
86: [10, 26]
87: [11, 27]
88: [28]
89: [29]
90: [30]
91: [31]
92: [31]
93: [31]
94: [1, 31, 30, 29, 28, 27, 11, 10, 26]
95: [99]
96: [96, 107]
97: [1]
98: [10, 26]
99: [11, 27]
100: [11, 28]
101: [11, 29]
102: [11, 30]
103: [11, 31]
104: [11, 32]
105: [11, 32]
106: []
107: [124, 99]
108: [96, 107]
109: [1]
110: [10, 26]
111: [10, 27]
112: [10, 28]
113: [10, 29]
114: [10, 30]
115: [10, 31]
116: [10, 32]
117: [10]
118: [32, 10, 26, 27, 28, 29, 30, 31, 1]
119: [124]
120: [96, 107]
121: [1]
122: [26, 1]
123: [26, 27, 1]
124: [26, 27, 28, 1]
125: [26, 27, 28, 29, 1]
126: [26, 27, 28, 29, 30, 1]
127: [26, 27, 28, 29, 30, 31, 1]
128: [32, 26, 27, 28, 29, 30, 31, 1]
129: [32, 26, 27, 28, 29, 30, 31, 1]
130: [32, 26, 27, 28, 29, 30, 31, 1]
131: [124]
132: [107]
133: [107, 127]
134: [107, 127]
135: [107, 127]
136: [107, 127]
137: [107, 127]
138: [107, 127]
139: [107, 127]
140: [107, 124, 127]
141: [107, 124, 127]
142: [107, 124, 127]
143: [124]
107
0: [86]
1: [86, 97]
2: [86, 98, 97]
3: [99, 86, 98, 97]
4: [86, 99, 98, 97]
5: [86, 99, 98, 97]
6: [86, 99, 98, 97]
7: [86, 99, 98, 97]
8: [86, 99, 98, 97]
9: [86, 99, 98, 97]
10: [86, 99, 98, 97]
11: [86, 99, 98, 97]
12: [128, 86]
13: [128, 97, 117]
14: [128, 98, 117]
15: [128, 99, 117]
16: [128, 117]
17: [128, 117]
18: [128, 117]
19: [128, 117]
20: [128, 117]
21: [128, 117]
22: [128, 117]
23: [128, 86, 99, 98, 97, 117]
24: [128, 86]
25: [97, 117]
26: [98, 118]
27: [99, 118]
28: [118]
29: [118]
30: [118]
31: [118]
32: [118]
33: [118]
34: [118]
35: [128, 86, 99, 98, 118, 97, 117]
36: [128, 86]
37: [97, 117]
38: [98, 118]
39: [99, 119]
40: [119]
41: [119]
42: [119]
43: [119]
44: [119]
45: [119]
46: [119]
47: [128, 86, 99, 119, 98, 118, 97, 117]
48: [128, 86]
49: [97, 117]
50: [98, 118]
51: [99, 119]
52: [120]
53: [120]
54: [120]
55: [120]
56: [120]
57: [120]
58: [120]
59: [128, 86, 120, 99, 119, 98, 118, 97, 117]
60: [128, 86]
61: [97, 117]
62: [98, 118]
63: [99, 119]
64: [120]
65: [121]
66: [121]
67: [121]
68: [121]
69: [121]
70: [121]
71: [128, 86, 121, 120, 99, 119, 98, 118, 97, 117]
72: [128, 86]
73: [97, 117]
74: [98, 118]
75: [99, 119]
76: [120]
77: [121]
78: [122]
79: [122]
80: [122]
81: [122]
82: [122]
83: [128, 86, 122, 121, 120, 99, 119, 98, 118, 97, 117]
84: [128, 86]
85: [97, 117]
86: [98, 118]
87: [99, 119]
88: [120]
89: [121]
90: [122]
91: [123]
92: [123]
93: [123]
94: [123]
95: [128, 86, 123, 122, 121, 120, 99, 119, 98, 118, 97, 117]
96: [128, 86]
97: [97, 117]
98: [98, 118]
99: [99, 119]
100: [99, 120]
101: [99, 121]
102: [99, 122]
103: [99, 123]
104: [99, 124]
105: [99, 124]
106: [99, 124]
107: []
108: [128, 86]
109: [97, 117]
110: [98, 118]
111: [98, 119]
112: [98, 120]
113: [98, 121]
114: [98, 122]
115: [98, 123]
116: [98, 124]
117: [98]
118: [98]
119: [97, 98, 117, 118, 119, 120, 121, 122, 123, 124, 128, 86]
120: [128, 86]
121: [97, 117, 128]
122: [97, 118, 128]
123: [97, 119, 128]
124: [97, 120, 128]
125: [97, 121, 128]
126: [97, 122, 128]
127: [97, 123, 128]
128: [97, 124, 128]
129: [97, 128]
130: [97, 128]
131: [97, 117, 118, 119, 120, 121, 122, 123, 124, 128, 86]
132: [86]
133: [117, 86]
134: [117, 118, 86]
135: [117, 118, 119, 86]
136: [120, 117, 118, 119, 86]
137: [117, 118, 119, 120, 121, 86]
138: [117, 118, 119, 120, 121, 122, 86]
139: [117, 118, 119, 120, 121, 122, 123, 86]
140: [117, 118, 119, 120, 121, 122, 123, 124, 86]
141: [117, 118, 119, 120, 121, 122, 123, 124, 86]
142: [117, 118, 119, 120, 121, 122, 123, 124, 86]
143: [117, 118, 119, 120, 121, 122, 123, 124, 86]
108
0: [96, 95, 86]
1: [96, 95, 86]
2: [96, 95, 86]
3: [96, 95, 86]
4: [96, 95, 86]
5: [96, 95, 86]
6: [96, 95, 86]
7: [96, 95, 86]
8: [96, 95, 86]
9: [96, 95, 86]
10: [96, 86]
11: [86]
12: [96, 107, 95, 128, 86]
13: [107, 128]
14: [107, 128]
15: [107, 128]
16: [107, 128]
17: [107, 128]
18: [107, 128]
19: [107, 128]
20: [107, 128]
21: [107, 95, 128]
22: [107, 96, 128]
23: [128, 86]
24: [96, 107, 108, 95, 128, 86]
25: [108]
26: [108]
27: [108]
28: [108]
29: [108]
30: [108]
31: [108]
32: [108]
33: [108, 95]
34: [107, 96]
35: [128, 86]
36: [96, 107, 108, 109, 95, 128, 86]
37: [109]
38: [109]
39: [109]
40: [109]
41: [109]
42: [109]
43: [109]
44: [109]
45: [108, 95]
46: [107, 96]
47: [128, 86]
48: [96, 107, 108, 109, 110, 95, 128, 86]
49: [110]
50: [110]
51: [110]
52: [110]
53: [110]
54: [110]
55: [110]
56: [109]
57: [108, 95]
58: [107, 96]
59: [128, 86]
60: [96, 107, 108, 109, 110, 111, 95, 128, 86]
61: [111]
62: [111]
63: [111]
64: [111]
65: [111]
66: [111]
67: [110]
68: [109]
69: [108, 95]
70: [107, 96]
71: [128, 86]
72: [96, 107, 108, 109, 110, 111, 112, 95, 128, 86]
73: [112]
74: [112]
75: [112]
76: [112]
77: [112]
78: [111]
79: [110]
80: [109]
81: [108, 95]
82: [107, 96]
83: [128, 86]
84: [96, 107, 108, 109, 110, 111, 112, 113, 95, 128, 86]
85: [113]
86: [113]
87: [113]
88: [113]
89: [112]
90: [111]
91: [110]
92: [109]
93: [108, 95]
94: [107, 96]
95: [128, 86]
96: [96, 107, 108, 109, 110, 111, 112, 113, 114, 95, 128, 86]
97: [114]
98: [114]
99: [114]
100: [113]
101: [112]
102: [111]
103: [110]
104: [109]
105: [108, 95]
106: [107, 96]
107: [128, 86]
108: []
109: [115, 95]
110: [115, 95]
111: [114, 95]
112: [113, 95]
113: [112, 95]
114: [111, 95]
115: [110, 95]
116: [109, 95]
117: [108, 95]
118: [107, 96]
119: [128, 86]
120: [128, 86, 115, 114, 113, 112, 111, 110, 109, 108, 96, 107]
121: [128, 96]
122: [128, 115, 96]
123: [128, 114, 96]
124: [128, 113, 96]
125: [128, 112, 96]
126: [128, 111, 96]
127: [128, 110, 96]
128: [128, 109, 96]
129: [128, 108, 96]
130: [128, 107, 96]
131: [128, 86]
132: [86, 115, 114, 113, 112, 111, 110, 109, 108, 107]
133: [86, 115, 114, 113, 112, 111, 110, 109, 108, 107]
134: [115, 86, 114, 113, 112, 111, 110, 109, 108, 107]
135: [86, 114, 113, 112, 111, 110, 109, 108, 107]
136: [86, 113, 112, 111, 110, 109, 108, 107]
137: [86, 112, 111, 110, 109, 108, 107]
138: [86, 111, 110, 109, 108, 107]
139: [86, 110, 109, 108, 107]
140: [86, 109, 108, 107]
141: [86, 108, 107]
142: [86, 107]
143: [86]
109
0: [95]
1: [97, 95, 127]
2: [97, 95, 127]
3: [97, 95, 127]
4: [97, 95, 127]
5: [97, 95, 127]
6: [97, 95, 127]
7: [97, 95, 127]
8: [97, 95, 127]
9: [97, 95, 127]
10: [97, 127]
11: [97]
12: [95]
13: [9, 1]
14: [9, 1]
15: [9, 1]
16: [9, 1]
17: [9, 1]
18: [9, 1]
19: [9, 1]
20: [9, 1]
21: [9, 1]
22: [1]
23: [117, 97]
24: [95]
25: [9, 18, 1]
26: [18]
27: [18]
28: [18]
29: [18]
30: [18]
31: [18]
32: [18]
33: [18, 9]
34: [1]
35: [117, 97]
36: [95]
37: [9, 18, 19, 1]
38: [19]
39: [19]
40: [19]
41: [19]
42: [19]
43: [19]
44: [19]
45: [18, 9]
46: [1]
47: [117, 97]
48: [95]
49: [9, 18, 19, 20, 1]
50: [20]
51: [20]
52: [20]
53: [20]
54: [20]
55: [20]
56: [19]
57: [18, 9]
58: [1]
59: [117, 97]
60: [95]
61: [9, 18, 19, 20, 21, 1]
62: [21]
63: [21]
64: [21]
65: [21]
66: [21]
67: [20]
68: [19]
69: [18, 9]
70: [1]
71: [117, 97]
72: [95]
73: [9, 18, 19, 20, 21, 22, 1]
74: [22]
75: [22]
76: [22]
77: [22]
78: [21]
79: [20]
80: [19]
81: [18, 9]
82: [1]
83: [117, 97]
84: [95]
85: [9, 18, 19, 20, 21, 22, 23, 1]
86: [23]
87: [23]
88: [23]
89: [22]
90: [21]
91: [20]
92: [19]
93: [18, 9]
94: [1]
95: [117, 97]
96: [95]
97: [9, 18, 19, 20, 21, 22, 23, 24, 1]
98: [24]
99: [24]
100: [23]
101: [22]
102: [21]
103: [20]
104: [19]
105: [18, 9]
106: [1]
107: [117, 97]
108: [95, 115]
109: []
110: [25, 9]
111: [24, 9]
112: [23, 9]
113: [22, 9]
114: [21, 9]
115: [20, 9]
116: [19, 9]
117: [18, 9]
118: [1]
119: [117, 97]
120: [115]
121: [1, 25, 24, 23, 22, 21, 20, 19, 18]
122: [1, 25, 24, 23, 22, 21, 20, 19, 18]
123: [1, 24, 23, 22, 21, 20, 19, 18]
124: [1, 23, 22, 21, 20, 19, 18]
125: [1, 22, 21, 20, 19, 18]
126: [1, 21, 20, 19, 18]
127: [1, 20, 19, 18]
128: [1, 19, 18]
129: [1, 18]
130: [1]
131: [117, 97]
132: [115]
133: [127, 115, 117]
134: [115, 127, 117]
135: [127, 117]
136: [127, 117]
137: [127, 117]
138: [127, 117]
139: [127, 117]
140: [127, 117]
141: [127, 117]
142: [127, 117]
143: [117]
110
0: [95]
1: [95]
2: [98, 95]
3: [98, 95]
4: [98, 95]
5: [98, 95]
6: [98, 95]
7: [98, 95]
8: [98, 95]
9: [98, 95]
10: [98]
11: [98]
12: [95]
13: [9]
14: [10, 9]
15: [10, 9]
16: [10, 9]
17: [10, 9]
18: [10, 9]
19: [10, 9]
20: [10, 9]
21: [10, 9]
22: [10]
23: [98]
24: [95]
25: [9]
26: [34]
27: [34]
28: [34]
29: [34]
30: [34]
31: [34]
32: [34]
33: [34]
34: [26, 10]
35: [118, 98]
36: [95]
37: [9]
38: [47, 34]
39: [47]
40: [47]
41: [47]
42: [47]
43: [47]
44: [47]
45: [34]
46: [26, 10]
47: [118, 98]
48: [95]
49: [9]
50: [48, 47, 34]
51: [48]
52: [48]
53: [48]
54: [48]
55: [48]
56: [47]
57: [34]
58: [26, 10]
59: [118, 98]
60: [95]
61: [9]
62: [48, 49, 47, 34]
63: [49]
64: [49]
65: [49]
66: [49]
67: [48]
68: [47]
69: [34]
70: [26, 10]
71: [118, 98]
72: [95]
73: [9]
74: [48, 49, 50, 47, 34]
75: [50]
76: [50]
77: [50]
78: [49]
79: [48]
80: [47]
81: [34]
82: [26, 10]
83: [118, 98]
84: [95]
85: [9]
86: [47, 48, 49, 50, 51, 34]
87: [51]
88: [51]
89: [50]
90: [49]
91: [48]
92: [47]
93: [34]
94: [26, 10]
95: [118, 98]
96: [95]
97: [9]
98: [47, 48, 49, 50, 51, 52, 34]
99: [52]
100: [51]
101: [50]
102: [49]
103: [48]
104: [47]
105: [34]
106: [26, 10]
107: [118, 98]
108: [95, 115]
109: [9, 25]
110: []
111: [34, 52, 51, 50, 49, 48, 47]
112: [34, 51, 50, 49, 48, 47]
113: [34, 50, 49, 48, 47]
114: [34, 49, 48, 47]
115: [34, 48, 47]
116: [34, 47]
117: [34]
118: [26, 10]
119: [118, 98]
120: [115]
121: [25]
122: [25, 26]
123: [26]
124: [26]
125: [26]
126: [26]
127: [26]
128: [26]
129: [26]
130: [26]
131: [118]
132: [115]
133: [115]
134: [115, 118]
135: [118]
136: [118]
137: [118]
138: [118]
139: [118]
140: [118]
141: [118]
142: [118]
143: [118]
111
0: [95]
1: [95]
2: [98, 95]
3: [98, 95]
4: [98, 95]
5: [98, 95]
6: [98, 95]
7: [98, 95]
8: [98, 95]
9: [98, 95]
10: [98]
11: [98]
12: [95]
13: [9]
14: [10, 9]
15: [10, 9]
16: [10, 9]
17: [10, 9]
18: [10, 9]
19: [10, 9]
20: [10, 9]
21: [10, 9]
22: [10]
23: [98]
24: [95]
25: [9]
26: [34]
27: [129, 34]
28: [129, 34]
29: [129, 34]
30: [129, 34]
31: [129, 34]
32: [129, 34]
33: [34]
34: [10]
35: [98]
36: [95]
37: [9]
38: [47, 34]
39: [53, 47, 129]
40: [53, 47]
41: [53, 47]
42: [53, 47]
43: [53, 47]
44: [129, 53, 47]
45: [34, 53]
46: [27, 10]
47: [119, 98]
48: [95]
49: [9]
50: [48, 47, 34]
51: [53, 48, 129]
52: [48]
53: [48]
54: [48]
55: [48]
56: [129, 47]
57: [34, 53]
58: [27, 10]
59: [119, 98]
60: [95]
61: [9]
62: [48, 49, 47, 34]
63: [53, 49, 129]
64: [49]
65: [49]
66: [49]
67: [48]
68: [129, 47]
69: [34, 53]
70: [27, 10]
71: [119, 98]
72: [95]
73: [9]
74: [48, 49, 50, 47, 34]
75: [53, 50, 129]
76: [50]
77: [50]
78: [49]
79: [48]
80: [129, 47]
81: [34, 53]
82: [27, 10]
83: [119, 98]
84: [95]
85: [9]
86: [47, 48, 49, 50, 51, 34]
87: [53, 51, 129]
88: [51]
89: [50]
90: [49]
91: [48]
92: [129, 47]
93: [34, 53]
94: [27, 10]
95: [119, 98]
96: [95, 114]
97: [9, 24]
98: [47, 48, 49, 50, 51, 52, 34]
99: [53, 52, 129]
100: [51]
101: [50]
102: [49]
103: [48]
104: [129, 47]
105: [34, 53]
106: [27, 10]
107: [119, 98]
108: [95, 114]
109: [9, 24]
110: [47, 48, 49, 50, 51, 52, 34]
111: []
112: [129, 34, 51, 50, 49, 48, 53, 47]
113: [129, 34, 50, 49, 48, 53, 47]
114: [129, 34, 49, 48, 53, 47]
115: [129, 34, 48, 53, 47]
116: [129, 34, 53, 47]
117: [34, 53]
118: [27, 10]
119: [119, 98]
120: [114]
121: [24]
122: [24]
123: [24, 27]
124: [27]
125: [27]
126: [27]
127: [27]
128: [27]
129: [27]
130: [27]
131: [119]
132: [114]
133: [114]
134: [114]
135: [114, 119]
136: [119]
137: [119]
138: [119]
139: [119]
140: [119]
141: [119]
142: [119]
143: [119]
112
0: [95]
1: [95]
2: [98, 95]
3: [98, 95]
4: [98, 95]
5: [98, 95]
6: [98, 95]
7: [98, 95]
8: [98, 95]
9: [98, 95]
10: [98]
11: [98]
12: [95]
13: [9]
14: [10, 9]
15: [10, 9]
16: [10, 9]
17: [10, 9]
18: [10, 9]
19: [10, 9]
20: [10, 9]
21: [10, 9]
22: [10]
23: [98]
24: [95]
25: [9]
26: [34]
27: [129, 34]
28: [129, 34]
29: [129, 34]
30: [129, 34]
31: [129, 34]
32: [129, 34]
33: [34]
34: [10]
35: [98]
36: [95]
37: [9]
38: [47, 34]
39: [53, 47, 129]
40: [53, 47]
41: [53, 47]
42: [53, 47]
43: [53, 47]
44: [129, 53, 47]
45: [34, 53]
46: [10]
47: [98]
48: [95]
49: [9]
50: [48, 47, 34]
51: [53, 48, 129]
52: [54, 48]
53: [54, 48]
54: [54, 48]
55: [54, 48]
56: [129, 54, 47]
57: [34, 54, 53]
58: [28, 10]
59: [120, 98]
60: [95]
61: [9]
62: [48, 49, 47, 34]
63: [53, 49, 129]
64: [54, 49]
65: [49]
66: [49]
67: [48]
68: [129, 47]
69: [34, 54, 53]
70: [28, 10]
71: [120, 98]
72: [95]
73: [9]
74: [48, 49, 50, 47, 34]
75: [53, 50, 129]
76: [54, 50]
77: [50]
78: [49]
79: [48]
80: [129, 47]
81: [34, 54, 53]
82: [28, 10]
83: [120, 98]
84: [95, 113]
85: [9, 23]
86: [47, 48, 49, 50, 51, 34]
87: [53, 51, 129]
88: [54, 51]
89: [50]
90: [49]
91: [48]
92: [129, 47]
93: [34, 54, 53]
94: [28, 10]
95: [120, 98]
96: [95, 113]
97: [9, 23]
98: [47, 48, 49, 50, 51, 34]
99: [53, 129]
100: [54, 51]
101: [50]
102: [49]
103: [48]
104: [129, 47]
105: [34, 54, 53]
106: [28, 10]
107: [120, 98]
108: [95, 113]
109: [9, 23]
110: [47, 48, 49, 50, 51, 34]
111: [47, 48, 49, 50, 51, 53, 129, 34]
112: []
113: [129, 34, 50, 49, 48, 54, 53, 47]
114: [129, 34, 49, 48, 54, 53, 47]
115: [129, 34, 48, 54, 53, 47]
116: [129, 34, 54, 53, 47]
117: [34, 54, 53]
118: [28, 10]
119: [120, 98]
120: [113]
121: [23]
122: [23]
123: [23]
124: [23, 28]
125: [28]
126: [28]
127: [28]
128: [28]
129: [28]
130: [28]
131: [120]
132: [113]
133: [113]
134: [113]
135: [113]
136: [113, 120]
137: [120]
138: [120]
139: [120]
140: [120]
141: [120]
142: [120]
143: [120]
113
0: [95]
1: [95]
2: [98, 95]
3: [98, 95]
4: [98, 95]
5: [98, 95]
6: [98, 95]
7: [98, 95]
8: [98, 95]
9: [98, 95]
10: [98]
11: [98]
12: [95]
13: [9]
14: [10, 9]
15: [10, 9]
16: [10, 9]
17: [10, 9]
18: [10, 9]
19: [10, 9]
20: [10, 9]
21: [10, 9]
22: [10]
23: [98]
24: [95]
25: [9]
26: [34]
27: [129, 34]
28: [129, 34]
29: [129, 34]
30: [129, 34]
31: [129, 34]
32: [129, 34]
33: [34]
34: [10]
35: [98]
36: [95]
37: [9]
38: [47, 34]
39: [53, 47, 129]
40: [53, 47]
41: [53, 47]
42: [53, 47]
43: [53, 47]
44: [129, 53, 47]
45: [34, 53]
46: [10]
47: [98]
48: [95]
49: [9]
50: [48, 47, 34]
51: [53, 48, 129]
52: [54, 48]
53: [54, 48]
54: [54, 48]
55: [54, 48]
56: [129, 54, 47]
57: [34, 54, 53]
58: [10]
59: [98]
60: [95]
61: [9]
62: [48, 49, 47, 34]
63: [53, 49, 129]
64: [54, 49]
65: [55, 49]
66: [55, 49]
67: [55, 48]
68: [129, 55, 47]
69: [34, 55, 54, 53]
70: [29, 10]
71: [121, 98]
72: [95, 112]
73: [9, 22]
74: [48, 49, 50, 47, 34]
75: [53, 50, 129]
76: [54, 50]
77: [55, 50]
78: [49]
79: [48]
80: [129, 47]
81: [34, 55, 54, 53]
82: [29, 10]
83: [121, 98]
84: [95, 112]
85: [9, 22]
86: [48, 49, 50, 47, 34]
87: [53, 129]
88: [54]
89: [55, 50]
90: [49]
91: [48]
92: [129, 47]
93: [34, 55, 54, 53]
94: [29, 10]
95: [121, 98]
96: [95, 112]
97: [9, 22]
98: [48, 49, 50, 47, 34]
99: [53, 129]
100: [54]
101: [55, 50]
102: [49]
103: [48]
104: [129, 47]
105: [34, 55, 54, 53]
106: [29, 10]
107: [121, 98]
108: [95, 112]
109: [9, 22]
110: [48, 49, 50, 47, 34]
111: [47, 48, 49, 50, 53, 129, 34]
112: [47, 48, 49, 50, 53, 54, 129, 34]
113: []
114: [129, 34, 49, 55, 48, 54, 53, 47]
115: [129, 34, 55, 48, 54, 53, 47]
116: [129, 34, 55, 54, 53, 47]
117: [34, 55, 54, 53]
118: [29, 10]
119: [121, 98]
120: [112]
121: [22]
122: [22]
123: [22]
124: [22]
125: [22, 29]
126: [29]
127: [29]
128: [29]
129: [29]
130: [29]
131: [121]
132: [112]
133: [112]
134: [112]
135: [112]
136: [112]
137: [112, 121]
138: [121]
139: [121]
140: [121]
141: [121]
142: [121]
143: [121]
114
0: [95]
1: [95]
2: [98, 95]
3: [98, 95]
4: [98, 95]
5: [98, 95]
6: [98, 95]
7: [98, 95]
8: [98, 95]
9: [98, 95]
10: [98]
11: [98]
12: [95]
13: [9]
14: [10, 9]
15: [10, 9]
16: [10, 9]
17: [10, 9]
18: [10, 9]
19: [10, 9]
20: [10, 9]
21: [10, 9]
22: [10]
23: [98]
24: [95]
25: [9]
26: [34]
27: [129, 34]
28: [129, 34]
29: [129, 34]
30: [129, 34]
31: [129, 34]
32: [129, 34]
33: [34]
34: [10]
35: [98]
36: [95]
37: [9]
38: [47, 34]
39: [53, 47, 129]
40: [53, 47]
41: [53, 47]
42: [53, 47]
43: [53, 47]
44: [129, 53, 47]
45: [34, 53]
46: [10]
47: [98]
48: [95]
49: [9]
50: [48, 47, 34]
51: [53, 48, 129]
52: [54, 48]
53: [54, 48]
54: [54, 48]
55: [54, 48]
56: [129, 54, 47]
57: [34, 54, 53]
58: [10]
59: [98]
60: [95, 111]
61: [9, 21]
62: [48, 49, 47, 34]
63: [53, 49, 129]
64: [54, 49]
65: [55, 49]
66: [55, 49]
67: [55, 48]
68: [129, 55, 47]
69: [34, 55, 54, 53]
70: [10]
71: [98]
72: [95, 111]
73: [9, 21]
74: [48, 49, 47, 34]
75: [53, 129]
76: [54]
77: [55]
78: [56, 49]
79: [56, 48]
80: [56, 129, 47]
81: [56, 34, 55, 54, 53]
82: [30, 10]
83: [122, 98]
84: [95, 111]
85: [9, 21]
86: [48, 49, 47, 34]
87: [53, 129]
88: [54]
89: [55]
90: [56, 49]
91: [48]
92: [129, 47]
93: [34, 56, 55, 54, 53]
94: [30, 10]
95: [122, 98]
96: [95, 111]
97: [9, 21]
98: [48, 49, 47, 34]
99: [53, 129]
100: [54]
101: [55]
102: [56, 49]
103: [48]
104: [129, 47]
105: [34, 56, 55, 54, 53]
106: [30, 10]
107: [122, 98]
108: [95, 111]
109: [9, 21]
110: [48, 49, 47, 34]
111: [48, 49, 53, 47, 129, 34]
112: [47, 48, 49, 53, 54, 129, 34]
113: [47, 48, 49, 53, 54, 55, 129, 34]
114: []
115: [129, 34, 56, 55, 48, 54, 53, 47]
116: [129, 34, 56, 55, 54, 53, 47]
117: [34, 56, 55, 54, 53]
118: [30, 10]
119: [122, 98]
120: [111]
121: [21]
122: [21]
123: [21]
124: [21]
125: [21]
126: [21, 30]
127: [30]
128: [30]
129: [30]
130: [30]
131: [122]
132: [111]
133: [111]
134: [111]
135: [111]
136: [111]
137: [111]
138: [111, 122]
139: [122]
140: [122]
141: [122]
142: [122]
143: [122]
115
0: [95]
1: [95]
2: [98, 95]
3: [98, 95]
4: [98, 95]
5: [98, 95]
6: [98, 95]
7: [98, 95]
8: [98, 95]
9: [98, 95]
10: [98]
11: [98]
12: [95]
13: [9]
14: [10, 9]
15: [10, 9]
16: [10, 9]
17: [10, 9]
18: [10, 9]
19: [10, 9]
20: [10, 9]
21: [10, 9]
22: [10]
23: [98]
24: [95]
25: [9]
26: [34]
27: [129, 34]
28: [129, 34]
29: [129, 34]
30: [129, 34]
31: [129, 34]
32: [129, 34]
33: [34]
34: [10]
35: [98]
36: [95]
37: [9]
38: [47, 34]
39: [53, 47, 129]
40: [53, 47]
41: [53, 47]
42: [53, 47]
43: [53, 47]
44: [129, 53, 47]
45: [34, 53]
46: [10]
47: [98]
48: [95, 110]
49: [9, 20]
50: [48, 47, 34]
51: [53, 48, 129]
52: [54, 48]
53: [54, 48]
54: [54, 48]
55: [54, 48]
56: [129, 54, 47]
57: [34, 54, 53]
58: [10]
59: [98]
60: [95, 110]
61: [9, 20]
62: [48, 47, 34]
63: [53, 129]
64: [54]
65: [55]
66: [55]
67: [55, 48]
68: [129, 55, 47]
69: [34, 55, 54, 53]
70: [10]
71: [98]
72: [95, 110]
73: [9, 20]
74: [48, 47, 34]
75: [53, 129]
76: [54]
77: [55]
78: [56]
79: [56, 48]
80: [129, 56, 47]
81: [34, 56, 55, 54, 53]
82: [10]
83: [98]
84: [95, 110]
85: [9, 20]
86: [48, 47, 34]
87: [53, 129]
88: [54]
89: [55]
90: [56]
91: [57, 48]
92: [57, 129, 47]
93: [57, 34, 56, 55, 54, 53]
94: [31, 10]
95: [123, 98]
96: [95, 110]
97: [9, 20]
98: [48, 47, 34]
99: [53, 129]
100: [54]
101: [55]
102: [56]
103: [57, 48]
104: [129, 47]
105: [34, 57, 56, 55, 54, 53]
106: [31, 10]
107: [123, 98]
108: [95, 110]
109: [9, 20]
110: [48, 47, 34]
111: [48, 53, 47, 129, 34]
112: [48, 53, 54, 47, 129, 34]
113: [47, 48, 53, 54, 55, 129, 34]
114: [47, 48, 53, 54, 55, 56, 129, 34]
115: []
116: [129, 34, 57, 56, 55, 54, 53, 47]
117: [34, 57, 56, 55, 54, 53]
118: [31, 10]
119: [123, 98]
120: [110]
121: [20]
122: [20]
123: [20]
124: [20]
125: [20]
126: [20]
127: [20, 31]
128: [31]
129: [31]
130: [31]
131: [123]
132: [110]
133: [110]
134: [110]
135: [110]
136: [110]
137: [110]
138: [110]
139: [110, 123]
140: [123]
141: [123]
142: [123]
143: [123]
116
0: [95]
1: [95]
2: [98, 95]
3: [98, 95]
4: [98, 95]
5: [98, 95]
6: [98, 95]
7: [98, 95]
8: [98, 95]
9: [98, 95]
10: [98]
11: [98]
12: [95]
13: [9]
14: [10, 9]
15: [10, 9]
16: [10, 9]
17: [10, 9]
18: [10, 9]
19: [10, 9]
20: [10, 9]
21: [10, 9]
22: [10]
23: [98]
24: [95]
25: [9]
26: [34]
27: [129, 34]
28: [129, 34]
29: [129, 34]
30: [129, 34]
31: [129, 34]
32: [129, 34]
33: [34]
34: [10]
35: [98]
36: [95, 109]
37: [9, 19]
38: [47, 34]
39: [53, 129, 47]
40: [53, 47]
41: [53, 47]
42: [53, 47]
43: [53, 47]
44: [129, 53, 47]
45: [34, 53]
46: [10]
47: [98]
48: [95, 109]
49: [9, 19]
50: [47, 34]
51: [53, 129]
52: [54]
53: [54]
54: [54]
55: [54]
56: [129, 54, 47]
57: [34, 54, 53]
58: [10]
59: [98]
60: [95, 109]
61: [9, 19]
62: [47, 34]
63: [53, 129]
64: [54]
65: [55]
66: [55]
67: [55]
68: [129, 55, 47]
69: [34, 55, 54, 53]
70: [10]
71: [98]
72: [95, 109]
73: [9, 19]
74: [47, 34]
75: [53, 129]
76: [54]
77: [55]
78: [56]
79: [56]
80: [129, 56, 47]
81: [34, 56, 55, 54, 53]
82: [10]
83: [98]
84: [95, 109]
85: [9, 19]
86: [47, 34]
87: [53, 129]
88: [54]
89: [55]
90: [56]
91: [57]
92: [129, 57, 47]
93: [34, 57, 56, 55, 54, 53]
94: [10]
95: [98]
96: [95, 109]
97: [9, 19]
98: [47, 34]
99: [53, 129]
100: [54]
101: [55]
102: [56]
103: [57]
104: [129, 58, 47]
105: [34, 58, 57, 56, 55, 54, 53]
106: [32, 10]
107: [124, 98]
108: [95, 109]
109: [9, 19]
110: [47, 34]
111: [53, 47, 129, 34]
112: [53, 54, 47, 129, 34]
113: [55, 53, 54, 47, 129, 34]
114: [47, 53, 54, 55, 56, 129, 34]
115: [47, 53, 54, 55, 56, 57, 129, 34]
116: []
117: [34, 58, 57, 56, 55, 54, 53]
118: [32, 10]
119: [124, 98]
120: [109]
121: [19]
122: [19]
123: [19]
124: [19]
125: [19]
126: [19]
127: [19]
128: [19, 32]
129: [32]
130: [32]
131: [124]
132: [109]
133: [109]
134: [109]
135: [109]
136: [109]
137: [109]
138: [109]
139: [109]
140: [109, 124]
141: [124]
142: [124]
143: [124]
117
0: [95]
1: [95]
2: [98, 95]
3: [98, 95]
4: [98, 95]
5: [98, 95]
6: [98, 95]
7: [98, 95]
8: [98, 95]
9: [98, 95]
10: [98]
11: [98]
12: [95]
13: [9]
14: [10, 9]
15: [10, 9]
16: [10, 9]
17: [10, 9]
18: [10, 9]
19: [10, 9]
20: [10, 9]
21: [10, 9]
22: [10]
23: [98]
24: [95, 108]
25: [9, 18]
26: [34]
27: [34]
28: [34]
29: [34]
30: [34]
31: [34]
32: [34]
33: [34]
34: [10]
35: [98]
36: [95, 108]
37: [9, 18]
38: [34]
39: [53]
40: [53]
41: [53]
42: [53]
43: [53]
44: [53]
45: [34, 53]
46: [10]
47: [98]
48: [95, 108]
49: [9, 18]
50: [34]
51: [53]
52: [54]
53: [54]
54: [54]
55: [54]
56: [54]
57: [34, 54, 53]
58: [10]
59: [98]
60: [95, 108]
61: [9, 18]
62: [34]
63: [53]
64: [54]
65: [55]
66: [55]
67: [55]
68: [55]
69: [34, 55, 54, 53]
70: [10]
71: [98]
72: [95, 108]
73: [9, 18]
74: [34]
75: [53]
76: [54]
77: [55]
78: [56]
79: [56]
80: [56]
81: [34, 56, 55, 54, 53]
82: [10]
83: [98]
84: [95, 108]
85: [9, 18]
86: [34]
87: [53]
88: [54]
89: [55]
90: [56]
91: [57]
92: [57]
93: [34, 57, 56, 55, 54, 53]
94: [10]
95: [98]
96: [95, 108]
97: [9, 18]
98: [34]
99: [53]
100: [54]
101: [55]
102: [56]
103: [57]
104: [58]
105: [34, 58, 57, 56, 55, 54, 53]
106: [10]
107: [98]
108: [95, 108]
109: [9, 18]
110: [34]
111: [53, 34]
112: [53, 54, 34]
113: [53, 54, 55, 34]
114: [56, 53, 54, 55, 34]
115: [53, 54, 55, 56, 57, 34]
116: [53, 54, 55, 56, 57, 58, 34]
117: []
118: [33, 10]
119: [125, 98]
120: [108]
121: [18]
122: [18]
123: [18]
124: [18]
125: [18]
126: [18]
127: [18]
128: [18]
129: [18, 33]
130: [33]
131: [125]
132: [108]
133: [108]
134: [108]
135: [108]
136: [108]
137: [108]
138: [108]
139: [108]
140: [108]
141: [108, 125]
142: [125]
143: [125]
118
0: [96]
1: [127, 96]
2: [98, 127, 96]
3: [127, 98, 96]
4: [127, 98, 96]
5: [127, 98, 96]
6: [127, 98, 96]
7: [127, 98, 96]
8: [127, 98, 96]
9: [127, 98, 96]
10: [127, 98, 96]
11: [98]
12: [96, 107]
13: [1]
14: [1, 10]
15: [1, 10]
16: [1, 10]
17: [1, 10]
18: [1, 10]
19: [1, 10]
20: [1, 10]
21: [1, 10]
22: [1, 10]
23: [98]
24: [96, 107]
25: [1]
26: [10, 26]
27: [26]
28: [26]
29: [26]
30: [26]
31: [26]
32: [26]
33: [26]
34: [1, 10, 26]
35: [98]
36: [96, 107]
37: [1]
38: [10, 26]
39: [27]
40: [27]
41: [27]
42: [27]
43: [27]
44: [27]
45: [27]
46: [1, 27, 10, 26]
47: [98]
48: [96, 107]
49: [1]
50: [10, 26]
51: [27]
52: [28]
53: [28]
54: [28]
55: [28]
56: [28]
57: [28]
58: [1, 28, 27, 10, 26]
59: [98]
60: [96, 107]
61: [1]
62: [10, 26]
63: [27]
64: [28]
65: [29]
66: [29]
67: [29]
68: [29]
69: [29]
70: [1, 29, 28, 27, 10, 26]
71: [98]
72: [96, 107]
73: [1]
74: [10, 26]
75: [27]
76: [28]
77: [29]
78: [30]
79: [30]
80: [30]
81: [30]
82: [1, 30, 29, 28, 27, 10, 26]
83: [98]
84: [96, 107]
85: [1]
86: [10, 26]
87: [27]
88: [28]
89: [29]
90: [30]
91: [31]
92: [31]
93: [31]
94: [1, 31, 30, 29, 28, 27, 10, 26]
95: [98]
96: [96, 107]
97: [1]
98: [10, 26]
99: [27]
100: [28]
101: [29]
102: [30]
103: [31]
104: [32]
105: [32]
106: [1, 32, 31, 30, 29, 28, 27, 10, 26]
107: [98]
108: [96, 107]
109: [1]
110: [10, 26]
111: [10, 27]
112: [10, 28]
113: [10, 29]
114: [10, 30]
115: [10, 31]
116: [10, 32]
117: [10, 33]
118: []
119: [125, 98]
120: [96, 107]
121: [1]
122: [26, 1]
123: [26, 27, 1]
124: [26, 27, 28, 1]
125: [26, 27, 28, 29, 1]
126: [26, 27, 28, 29, 30, 1]
127: [26, 27, 28, 29, 30, 31, 1]
128: [32, 26, 27, 28, 29, 30, 31, 1]
129: [32, 33, 26, 27, 28, 29, 30, 31, 1]
130: [32, 33, 26, 27, 28, 29, 30, 31, 1]
131: [125]
132: [107]
133: [107, 127]
134: [107, 127]
135: [107, 127]
136: [107, 127]
137: [107, 127]
138: [107, 127]
139: [107, 127]
140: [107, 127]
141: [107, 125, 127]
142: [107, 125, 127]
143: [125]
119
0: [86]
1: [86, 97]
2: [98, 86, 97]
3: [86, 98, 97]
4: [86, 98, 97]
5: [86, 98, 97]
6: [86, 98, 97]
7: [86, 98, 97]
8: [86, 98, 97]
9: [86, 98, 97]
10: [86, 98, 97]
11: [86, 98, 97]
12: [128, 86]
13: [128, 97, 117]
14: [128, 98, 117]
15: [128, 117]
16: [128, 117]
17: [128, 117]
18: [128, 117]
19: [128, 117]
20: [128, 117]
21: [128, 117]
22: [128, 117]
23: [128, 86, 98, 97, 117]
24: [128, 86]
25: [97, 117]
26: [98, 118]
27: [118]
28: [118]
29: [118]
30: [118]
31: [118]
32: [118]
33: [118]
34: [118]
35: [128, 86, 98, 118, 97, 117]
36: [128, 86]
37: [97, 117]
38: [98, 118]
39: [119]
40: [119]
41: [119]
42: [119]
43: [119]
44: [119]
45: [119]
46: [119]
47: [128, 86, 119, 98, 118, 97, 117]
48: [128, 86]
49: [97, 117]
50: [98, 118]
51: [119]
52: [120]
53: [120]
54: [120]
55: [120]
56: [120]
57: [120]
58: [120]
59: [128, 86, 120, 119, 98, 118, 97, 117]
60: [128, 86]
61: [97, 117]
62: [98, 118]
63: [119]
64: [120]
65: [121]
66: [121]
67: [121]
68: [121]
69: [121]
70: [121]
71: [128, 86, 121, 120, 119, 98, 118, 97, 117]
72: [128, 86]
73: [97, 117]
74: [98, 118]
75: [119]
76: [120]
77: [121]
78: [122]
79: [122]
80: [122]
81: [122]
82: [122]
83: [128, 86, 122, 121, 120, 119, 98, 118, 97, 117]
84: [128, 86]
85: [97, 117]
86: [98, 118]
87: [119]
88: [120]
89: [121]
90: [122]
91: [123]
92: [123]
93: [123]
94: [123]
95: [128, 86, 123, 122, 121, 120, 119, 98, 118, 97, 117]
96: [128, 86]
97: [97, 117]
98: [98, 118]
99: [119]
100: [120]
101: [121]
102: [122]
103: [123]
104: [124]
105: [124]
106: [124]
107: [128, 86, 124, 123, 122, 121, 120, 119, 98, 118, 97, 117]
108: [128, 86]
109: [97, 117]
110: [98, 118]
111: [98, 119]
112: [98, 120]
113: [98, 121]
114: [98, 122]
115: [98, 123]
116: [98, 124]
117: [98, 125]
118: [98, 125]
119: []
120: [128, 86]
121: [97, 117, 128]
122: [97, 118, 128]
123: [97, 119, 128]
124: [97, 120, 128]
125: [97, 121, 128]
126: [97, 122, 128]
127: [97, 123, 128]
128: [97, 124, 128]
129: [97, 125, 128]
130: [97, 128]
131: [97, 117, 118, 119, 120, 121, 122, 123, 124, 125, 128, 86]
132: [86]
133: [117, 86]
134: [117, 118, 86]
135: [117, 118, 119, 86]
136: [120, 117, 118, 119, 86]
137: [117, 118, 119, 120, 121, 86]
138: [117, 118, 119, 120, 121, 122, 86]
139: [117, 118, 119, 120, 121, 122, 123, 86]
140: [117, 118, 119, 120, 121, 122, 123, 124, 86]
141: [117, 118, 119, 120, 121, 122, 123, 124, 125, 86]
142: [117, 118, 119, 120, 121, 122, 123, 124, 125, 86]
143: [117, 118, 119, 120, 121, 122, 123, 124, 125, 86]
120
0: [96, 86]
1: [96, 86]
2: [96, 86]
3: [96, 86]
4: [96, 86]
5: [96, 86]
6: [96, 86]
7: [96, 86]
8: [96, 86]
9: [96, 86]
10: [96, 86]
11: [86]
12: [96, 107, 128, 86]
13: [107, 128]
14: [107, 128]
15: [107, 128]
16: [107, 128]
17: [107, 128]
18: [107, 128]
19: [107, 128]
20: [107, 128]
21: [107, 128]
22: [107, 96, 128]
23: [128, 86]
24: [96, 107, 108, 128, 86]
25: [108]
26: [108]
27: [108]
28: [108]
29: [108]
30: [108]
31: [108]
32: [108]
33: [108]
34: [107, 96]
35: [128, 86]
36: [96, 107, 108, 109, 128, 86]
37: [109]
38: [109]
39: [109]
40: [109]
41: [109]
42: [109]
43: [109]
44: [109]
45: [108]
46: [107, 96]
47: [128, 86]
48: [96, 107, 108, 109, 110, 128, 86]
49: [110]
50: [110]
51: [110]
52: [110]
53: [110]
54: [110]
55: [110]
56: [109]
57: [108]
58: [107, 96]
59: [128, 86]
60: [96, 107, 108, 109, 110, 111, 128, 86]
61: [111]
62: [111]
63: [111]
64: [111]
65: [111]
66: [111]
67: [110]
68: [109]
69: [108]
70: [107, 96]
71: [128, 86]
72: [96, 107, 108, 109, 110, 111, 112, 128, 86]
73: [112]
74: [112]
75: [112]
76: [112]
77: [112]
78: [111]
79: [110]
80: [109]
81: [108]
82: [107, 96]
83: [128, 86]
84: [96, 107, 108, 109, 110, 111, 112, 113, 128, 86]
85: [113]
86: [113]
87: [113]
88: [113]
89: [112]
90: [111]
91: [110]
92: [109]
93: [108]
94: [107, 96]
95: [128, 86]
96: [96, 107, 108, 109, 110, 111, 112, 113, 114, 128, 86]
97: [114]
98: [114]
99: [114]
100: [113]
101: [112]
102: [111]
103: [110]
104: [109]
105: [108]
106: [107, 96]
107: [128, 86]
108: [96, 107, 108, 109, 110, 111, 112, 113, 114, 115, 128, 86]
109: [115]
110: [115]
111: [114]
112: [113]
113: [112]
114: [111]
115: [110]
116: [109]
117: [108]
118: [107, 96]
119: [128, 86]
120: []
121: [128, 116, 96]
122: [128, 115, 96]
123: [128, 114, 96]
124: [128, 113, 96]
125: [128, 112, 96]
126: [128, 111, 96]
127: [128, 110, 96]
128: [128, 109, 96]
129: [128, 108, 96]
130: [128, 107, 96]
131: [128, 86]
132: [86, 116, 115, 114, 113, 112, 111, 110, 109, 108, 107]
133: [116, 86, 115, 114, 113, 112, 111, 110, 109, 108, 107]
134: [86, 115, 114, 113, 112, 111, 110, 109, 108, 107]
135: [86, 114, 113, 112, 111, 110, 109, 108, 107]
136: [86, 113, 112, 111, 110, 109, 108, 107]
137: [86, 112, 111, 110, 109, 108, 107]
138: [86, 111, 110, 109, 108, 107]
139: [86, 110, 109, 108, 107]
140: [86, 109, 108, 107]
141: [86, 108, 107]
142: [86, 107]
143: [86]
121
0: [96]
1: [97, 96, 127]
2: [97, 96, 127]
3: [97, 96, 127]
4: [97, 96, 127]
5: [97, 96, 127]
6: [97, 96, 127]
7: [97, 96, 127]
8: [97, 96, 127]
9: [97, 96, 127]
10: [97, 96, 127]
11: [97]
12: [96, 128]
13: [1]
14: [1]
15: [1]
16: [1]
17: [1]
18: [1]
19: [1]
20: [1]
21: [1]
22: [1]
23: [128, 117, 97]
24: [96, 128]
25: [18, 1]
26: [18]
27: [18]
28: [18]
29: [18]
30: [18]
31: [18]
32: [18]
33: [18]
34: [1]
35: [128, 117, 97]
36: [96, 128]
37: [18, 19, 1]
38: [19]
39: [19]
40: [19]
41: [19]
42: [19]
43: [19]
44: [19]
45: [18]
46: [1]
47: [128, 117, 97]
48: [96, 128]
49: [18, 19, 20, 1]
50: [20]
51: [20]
52: [20]
53: [20]
54: [20]
55: [20]
56: [19]
57: [18]
58: [1]
59: [128, 117, 97]
60: [96, 128]
61: [18, 19, 20, 21, 1]
62: [21]
63: [21]
64: [21]
65: [21]
66: [21]
67: [20]
68: [19]
69: [18]
70: [1]
71: [128, 117, 97]
72: [96, 128]
73: [18, 19, 20, 21, 22, 1]
74: [22]
75: [22]
76: [22]
77: [22]
78: [21]
79: [20]
80: [19]
81: [18]
82: [1]
83: [128, 117, 97]
84: [96, 128]
85: [18, 19, 20, 21, 22, 23, 1]
86: [23]
87: [23]
88: [23]
89: [22]
90: [21]
91: [20]
92: [19]
93: [18]
94: [1]
95: [128, 117, 97]
96: [96, 128]
97: [18, 19, 20, 21, 22, 23, 24, 1]
98: [24]
99: [24]
100: [23]
101: [22]
102: [21]
103: [20]
104: [19]
105: [18]
106: [1]
107: [128, 117, 97]
108: [96, 128]
109: [18, 19, 20, 21, 22, 23, 24, 25, 1]
110: [25]
111: [24]
112: [23]
113: [22]
114: [21]
115: [20]
116: [19]
117: [18]
118: [1]
119: [128, 117, 97]
120: [96, 116, 128]
121: []
122: [1, 25, 24, 23, 22, 21, 20, 19, 18]
123: [1, 24, 23, 22, 21, 20, 19, 18]
124: [1, 23, 22, 21, 20, 19, 18]
125: [1, 22, 21, 20, 19, 18]
126: [1, 21, 20, 19, 18]
127: [1, 20, 19, 18]
128: [1, 19, 18]
129: [1, 18]
130: [1]
131: [128, 117, 97]
132: [116]
133: [116, 127, 117]
134: [127, 117]
135: [127, 117]
136: [127, 117]
137: [127, 117]
138: [127, 117]
139: [127, 117]
140: [127, 117]
141: [127, 117]
142: [127, 117]
143: [117]
122
0: [96]
1: [97, 96]
2: [97, 96]
3: [97, 96]
4: [97, 96]
5: [97, 96]
6: [97, 96]
7: [97, 96]
8: [97, 96]
9: [97, 96]
10: [97, 96]
11: [97]
12: [96, 128]
13: [1]
14: [1]
15: [1]
16: [1]
17: [1]
18: [1]
19: [1]
20: [1]
21: [1]
22: [1]
23: [128, 97]
24: [96, 128]
25: [18, 1]
26: [26, 18]
27: [26, 18]
28: [26, 18]
29: [26, 18]
30: [26, 18]
31: [26, 18]
32: [26, 18]
33: [26, 18]
34: [1, 26]
35: [128, 118, 97]
36: [96, 128]
37: [18, 19, 1]
38: [26, 19]
39: [19]
40: [19]
41: [19]
42: [19]
43: [19]
44: [19]
45: [18]
46: [1, 26]
47: [128, 118, 97]
48: [96, 128]
49: [18, 19, 20, 1]
50: [26, 20]
51: [20]
52: [20]
53: [20]
54: [20]
55: [20]
56: [19]
57: [18]
58: [1, 26]
59: [128, 118, 97]
60: [96, 128]
61: [18, 19, 20, 21, 1]
62: [26, 21]
63: [21]
64: [21]
65: [21]
66: [21]
67: [20]
68: [19]
69: [18]
70: [1, 26]
71: [128, 118, 97]
72: [96, 128]
73: [18, 19, 20, 21, 22, 1]
74: [26, 22]
75: [22]
76: [22]
77: [22]
78: [21]
79: [20]
80: [19]
81: [18]
82: [1, 26]
83: [128, 118, 97]
84: [96, 128]
85: [18, 19, 20, 21, 22, 23, 1]
86: [26, 23]
87: [23]
88: [23]
89: [22]
90: [21]
91: [20]
92: [19]
93: [18]
94: [1, 26]
95: [128, 118, 97]
96: [96, 128]
97: [18, 19, 20, 21, 22, 23, 24, 1]
98: [26, 24]
99: [24]
100: [23]
101: [22]
102: [21]
103: [20]
104: [19]
105: [18]
106: [1, 26]
107: [128, 118, 97]
108: [96, 115, 128]
109: [18, 19, 20, 21, 22, 23, 24, 25, 1]
110: [26, 25]
111: [24]
112: [23]
113: [22]
114: [21]
115: [20]
116: [19]
117: [18]
118: [1, 26]
119: [128, 118, 97]
120: [96, 115, 128]
121: [18, 19, 20, 21, 22, 23, 24, 25, 1]
122: []
123: [1, 24, 23, 22, 21, 20, 19, 18, 26]
124: [1, 23, 22, 21, 20, 19, 18, 26]
125: [1, 22, 21, 20, 19, 18, 26]
126: [1, 21, 20, 19, 18, 26]
127: [1, 20, 19, 18, 26]
128: [1, 19, 18, 26]
129: [1, 18, 26]
130: [1, 26]
131: [128, 118, 97]
132: [115]
133: [115]
134: [115, 118]
135: [118]
136: [118]
137: [118]
138: [118]
139: [118]
140: [118]
141: [118]
142: [118]
143: [118]
123
0: [96]
1: [97, 96]
2: [97, 96]
3: [97, 96]
4: [97, 96]
5: [97, 96]
6: [97, 96]
7: [97, 96]
8: [97, 96]
9: [97, 96]
10: [97, 96]
11: [97]
12: [96, 128]
13: [1]
14: [1]
15: [1]
16: [1]
17: [1]
18: [1]
19: [1]
20: [1]
21: [1]
22: [1]
23: [128, 97]
24: [96, 128]
25: [18, 1]
26: [26, 18]
27: [26, 18]
28: [26, 18]
29: [26, 18]
30: [26, 18]
31: [26, 18]
32: [26, 18]
33: [26, 18]
34: [1, 26]
35: [128, 97]
36: [96, 128]
37: [18, 19, 1]
38: [26, 19]
39: [27, 19]
40: [27, 19]
41: [27, 19]
42: [27, 19]
43: [27, 19]
44: [27, 19]
45: [27, 18]
46: [1, 27, 26]
47: [128, 119, 97]
48: [96, 128]
49: [18, 19, 20, 1]
50: [26, 20]
51: [27, 20]
52: [20]
53: [20]
54: [20]
55: [20]
56: [19]
57: [18]
58: [1, 27, 26]
59: [128, 119, 97]
60: [96, 128]
61: [18, 19, 20, 21, 1]
62: [26, 21]
63: [27, 21]
64: [21]
65: [21]
66: [21]
67: [20]
68: [19]
69: [18]
70: [1, 27, 26]
71: [128, 119, 97]
72: [96, 128]
73: [18, 19, 20, 21, 22, 1]
74: [26, 22]
75: [27, 22]
76: [22]
77: [22]
78: [21]
79: [20]
80: [19]
81: [18]
82: [1, 27, 26]
83: [128, 119, 97]
84: [96, 128]
85: [18, 19, 20, 21, 22, 23, 1]
86: [26, 23]
87: [27, 23]
88: [23]
89: [22]
90: [21]
91: [20]
92: [19]
93: [18]
94: [1, 27, 26]
95: [128, 119, 97]
96: [96, 114, 128]
97: [18, 19, 20, 21, 22, 23, 24, 1]
98: [26, 24]
99: [27, 24]
100: [23]
101: [22]
102: [21]
103: [20]
104: [19]
105: [18]
106: [1, 27, 26]
107: [128, 119, 97]
108: [96, 114, 128]
109: [18, 19, 20, 21, 22, 23, 24, 1]
110: [26]
111: [27, 24]
112: [23]
113: [22]
114: [21]
115: [20]
116: [19]
117: [18]
118: [1, 27, 26]
119: [128, 119, 97]
120: [96, 114, 128]
121: [18, 19, 20, 21, 22, 23, 24, 1]
122: [18, 19, 20, 21, 22, 23, 24, 26, 1]
123: []
124: [1, 23, 22, 21, 20, 27, 19, 18, 26]
125: [1, 22, 21, 20, 27, 19, 18, 26]
126: [1, 21, 20, 27, 19, 18, 26]
127: [1, 20, 27, 19, 18, 26]
128: [1, 27, 19, 18, 26]
129: [1, 27, 18, 26]
130: [1, 27, 26]
131: [128, 119, 97]
132: [114]
133: [114]
134: [114]
135: [114, 119]
136: [119]
137: [119]
138: [119]
139: [119]
140: [119]
141: [119]
142: [119]
143: [119]
124
0: [96]
1: [97, 96]
2: [97, 96]
3: [97, 96]
4: [97, 96]
5: [97, 96]
6: [97, 96]
7: [97, 96]
8: [97, 96]
9: [97, 96]
10: [97, 96]
11: [97]
12: [96, 128]
13: [1]
14: [1]
15: [1]
16: [1]
17: [1]
18: [1]
19: [1]
20: [1]
21: [1]
22: [1]
23: [128, 97]
24: [96, 128]
25: [18, 1]
26: [26, 18]
27: [26, 18]
28: [26, 18]
29: [26, 18]
30: [26, 18]
31: [26, 18]
32: [26, 18]
33: [26, 18]
34: [1, 26]
35: [128, 97]
36: [96, 128]
37: [18, 19, 1]
38: [26, 19]
39: [27, 19]
40: [27, 19]
41: [27, 19]
42: [27, 19]
43: [27, 19]
44: [27, 19]
45: [27, 18]
46: [1, 27, 26]
47: [128, 97]
48: [96, 128]
49: [18, 19, 20, 1]
50: [26, 20]
51: [27, 20]
52: [28, 20]
53: [28, 20]
54: [28, 20]
55: [28, 20]
56: [28, 19]
57: [28, 18]
58: [1, 28, 27, 26]
59: [120, 128, 97]
60: [96, 128]
61: [18, 19, 20, 21, 1]
62: [26, 21]
63: [27, 21]
64: [28, 21]
65: [21]
66: [21]
67: [20]
68: [19]
69: [18]
70: [1, 28, 27, 26]
71: [128, 120, 97]
72: [96, 128]
73: [18, 19, 20, 21, 22, 1]
74: [26, 22]
75: [27, 22]
76: [28, 22]
77: [22]
78: [21]
79: [20]
80: [19]
81: [18]
82: [1, 28, 27, 26]
83: [128, 120, 97]
84: [96, 113, 128]
85: [18, 19, 20, 21, 22, 23, 1]
86: [26, 23]
87: [27, 23]
88: [28, 23]
89: [22]
90: [21]
91: [20]
92: [19]
93: [18]
94: [1, 28, 27, 26]
95: [128, 120, 97]
96: [96, 113, 128]
97: [18, 19, 20, 21, 22, 23, 1]
98: [26]
99: [27]
100: [28, 23]
101: [22]
102: [21]
103: [20]
104: [19]
105: [18]
106: [1, 28, 27, 26]
107: [128, 120, 97]
108: [96, 113, 128]
109: [18, 19, 20, 21, 22, 23, 1]
110: [26]
111: [27]
112: [28, 23]
113: [22]
114: [21]
115: [20]
116: [19]
117: [18]
118: [1, 28, 27, 26]
119: [128, 120, 97]
120: [96, 113, 128]
121: [18, 19, 20, 21, 22, 23, 1]
122: [18, 19, 20, 21, 22, 23, 26, 1]
123: [18, 19, 20, 21, 22, 23, 26, 27, 1]
124: []
125: [1, 22, 21, 20, 28, 27, 19, 18, 26]
126: [1, 21, 20, 28, 27, 19, 18, 26]
127: [1, 20, 28, 27, 19, 18, 26]
128: [1, 28, 27, 19, 18, 26]
129: [1, 28, 27, 18, 26]
130: [1, 28, 27, 26]
131: [128, 120, 97]
132: [113]
133: [113]
134: [113]
135: [113]
136: [113, 120]
137: [120]
138: [120]
139: [120]
140: [120]
141: [120]
142: [120]
143: [120]
125
0: [96]
1: [97, 96]
2: [97, 96]
3: [97, 96]
4: [97, 96]
5: [97, 96]
6: [97, 96]
7: [97, 96]
8: [97, 96]
9: [97, 96]
10: [97, 96]
11: [97]
12: [96, 128]
13: [1]
14: [1]
15: [1]
16: [1]
17: [1]
18: [1]
19: [1]
20: [1]
21: [1]
22: [1]
23: [128, 97]
24: [96, 128]
25: [18, 1]
26: [26, 18]
27: [26, 18]
28: [26, 18]
29: [26, 18]
30: [26, 18]
31: [26, 18]
32: [26, 18]
33: [26, 18]
34: [1, 26]
35: [128, 97]
36: [96, 128]
37: [18, 19, 1]
38: [26, 19]
39: [27, 19]
40: [27, 19]
41: [27, 19]
42: [27, 19]
43: [27, 19]
44: [27, 19]
45: [27, 18]
46: [1, 27, 26]
47: [128, 97]
48: [96, 128]
49: [18, 19, 20, 1]
50: [26, 20]
51: [27, 20]
52: [28, 20]
53: [28, 20]
54: [28, 20]
55: [28, 20]
56: [28, 19]
57: [28, 18]
58: [1, 28, 27, 26]
59: [128, 97]
60: [96, 128]
61: [18, 19, 20, 21, 1]
62: [26, 21]
63: [27, 21]
64: [28, 21]
65: [29, 21]
66: [29, 21]
67: [29, 20]
68: [29, 19]
69: [29, 18]
70: [1, 29, 28, 27, 26]
71: [128, 121, 97]
72: [96, 112, 128]
73: [18, 19, 20, 21, 22, 1]
74: [26, 22]
75: [27, 22]
76: [28, 22]
77: [29, 22]
78: [21]
79: [20]
80: [19]
81: [18]
82: [1, 29, 28, 27, 26]
83: [128, 121, 97]
84: [96, 112, 128]
85: [18, 19, 20, 21, 22, 1]
86: [26]
87: [27]
88: [28]
89: [29, 22]
90: [21]
91: [20]
92: [19]
93: [18]
94: [1, 29, 28, 27, 26]
95: [128, 121, 97]
96: [96, 112, 128]
97: [18, 19, 20, 21, 22, 1]
98: [26]
99: [27]
100: [28]
101: [29, 22]
102: [21]
103: [20]
104: [19]
105: [18]
106: [1, 29, 28, 27, 26]
107: [128, 121, 97]
108: [96, 112, 128]
109: [18, 19, 20, 21, 22, 1]
110: [26]
111: [27]
112: [28]
113: [29, 22]
114: [21]
115: [20]
116: [19]
117: [18]
118: [1, 29, 28, 27, 26]
119: [128, 121, 97]
120: [96, 112, 128]
121: [18, 19, 20, 21, 22, 1]
122: [18, 19, 20, 21, 22, 26, 1]
123: [18, 19, 20, 21, 22, 26, 27, 1]
124: [18, 19, 20, 21, 22, 26, 27, 28, 1]
125: []
126: [1, 29, 21, 20, 28, 27, 19, 18, 26]
127: [1, 29, 20, 28, 27, 19, 18, 26]
128: [1, 29, 28, 27, 19, 18, 26]
129: [1, 29, 28, 27, 18, 26]
130: [1, 29, 28, 27, 26]
131: [128, 121, 97]
132: [112]
133: [112]
134: [112]
135: [112]
136: [112]
137: [112, 121]
138: [121]
139: [121]
140: [121]
141: [121]
142: [121]
143: [121]
126
0: [96]
1: [97, 96]
2: [97, 96]
3: [97, 96]
4: [97, 96]
5: [97, 96]
6: [97, 96]
7: [97, 96]
8: [97, 96]
9: [97, 96]
10: [97, 96]
11: [97]
12: [96, 128]
13: [1]
14: [1]
15: [1]
16: [1]
17: [1]
18: [1]
19: [1]
20: [1]
21: [1]
22: [1]
23: [128, 97]
24: [96, 128]
25: [18, 1]
26: [26, 18]
27: [26, 18]
28: [26, 18]
29: [26, 18]
30: [26, 18]
31: [26, 18]
32: [26, 18]
33: [26, 18]
34: [1, 26]
35: [128, 97]
36: [96, 128]
37: [18, 19, 1]
38: [26, 19]
39: [27, 19]
40: [27, 19]
41: [27, 19]
42: [27, 19]
43: [27, 19]
44: [27, 19]
45: [27, 18]
46: [1, 27, 26]
47: [128, 97]
48: [96, 128]
49: [18, 19, 20, 1]
50: [26, 20]
51: [27, 20]
52: [28, 20]
53: [28, 20]
54: [28, 20]
55: [28, 20]
56: [28, 19]
57: [28, 18]
58: [1, 28, 27, 26]
59: [128, 97]
60: [96, 111, 128]
61: [18, 19, 20, 21, 1]
62: [26, 21]
63: [27, 21]
64: [28, 21]
65: [29, 21]
66: [29, 21]
67: [29, 20]
68: [29, 19]
69: [29, 18]
70: [1, 29, 28, 27, 26]
71: [128, 97]
72: [96, 111, 128]
73: [18, 19, 20, 21, 1]
74: [26]
75: [27]
76: [28]
77: [29]
78: [30, 21]
79: [30, 20]
80: [30, 19]
81: [30, 18]
82: [1, 30, 29, 28, 27, 26]
83: [128, 122, 97]
84: [96, 111, 128]
85: [18, 19, 20, 21, 1]
86: [26]
87: [27]
88: [28]
89: [29]
90: [30, 21]
91: [20]
92: [19]
93: [18]
94: [1, 30, 29, 28, 27, 26]
95: [128, 122, 97]
96: [96, 111, 128]
97: [18, 19, 20, 21, 1]
98: [26]
99: [27]
100: [28]
101: [29]
102: [30, 21]
103: [20]
104: [19]
105: [18]
106: [1, 30, 29, 28, 27, 26]
107: [128, 122, 97]
108: [96, 111, 128]
109: [18, 19, 20, 21, 1]
110: [26]
111: [27]
112: [28]
113: [29]
114: [30, 21]
115: [20]
116: [19]
117: [18]
118: [1, 30, 29, 28, 27, 26]
119: [128, 122, 97]
120: [96, 111, 128]
121: [18, 19, 20, 21, 1]
122: [18, 19, 20, 21, 26, 1]
123: [18, 19, 20, 21, 26, 27, 1]
124: [18, 19, 20, 21, 26, 27, 28, 1]
125: [18, 19, 20, 21, 26, 27, 28, 29, 1]
126: []
127: [1, 30, 29, 20, 28, 27, 19, 18, 26]
128: [1, 30, 29, 28, 27, 19, 18, 26]
129: [1, 30, 29, 28, 27, 18, 26]
130: [1, 30, 29, 28, 27, 26]
131: [128, 122, 97]
132: [111]
133: [111]
134: [111]
135: [111]
136: [111]
137: [111]
138: [111, 122]
139: [122]
140: [122]
141: [122]
142: [122]
143: [122]
127
0: [96]
1: [97, 96]
2: [97, 96]
3: [97, 96]
4: [97, 96]
5: [97, 96]
6: [97, 96]
7: [97, 96]
8: [97, 96]
9: [97, 96]
10: [97, 96]
11: [97]
12: [96, 128]
13: [1]
14: [1]
15: [1]
16: [1]
17: [1]
18: [1]
19: [1]
20: [1]
21: [1]
22: [1]
23: [128, 97]
24: [96, 128]
25: [18, 1]
26: [26, 18]
27: [26, 18]
28: [26, 18]
29: [26, 18]
30: [26, 18]
31: [26, 18]
32: [26, 18]
33: [26, 18]
34: [1, 26]
35: [128, 97]
36: [96, 128]
37: [18, 19, 1]
38: [26, 19]
39: [27, 19]
40: [27, 19]
41: [27, 19]
42: [27, 19]
43: [27, 19]
44: [27, 19]
45: [27, 18]
46: [1, 27, 26]
47: [128, 97]
48: [96, 110, 128]
49: [18, 19, 20, 1]
50: [26, 20]
51: [27, 20]
52: [28, 20]
53: [28, 20]
54: [28, 20]
55: [28, 20]
56: [28, 19]
57: [28, 18]
58: [1, 28, 27, 26]
59: [128, 97]
60: [96, 110, 128]
61: [18, 19, 20, 1]
62: [26]
63: [27]
64: [28]
65: [29]
66: [29]
67: [29, 20]
68: [29, 19]
69: [29, 18]
70: [1, 29, 28, 27, 26]
71: [128, 97]
72: [96, 110, 128]
73: [18, 19, 20, 1]
74: [26]
75: [27]
76: [28]
77: [29]
78: [30]
79: [30, 20]
80: [30, 19]
81: [30, 18]
82: [1, 30, 29, 28, 27, 26]
83: [128, 97]
84: [96, 110, 128]
85: [18, 19, 20, 1]
86: [26]
87: [27]
88: [28]
89: [29]
90: [30]
91: [31, 20]
92: [31, 19]
93: [31, 18]
94: [1, 31, 30, 29, 28, 27, 26]
95: [128, 123, 97]
96: [96, 110, 128]
97: [18, 19, 20, 1]
98: [26]
99: [27]
100: [28]
101: [29]
102: [30]
103: [31, 20]
104: [19]
105: [18]
106: [1, 31, 30, 29, 28, 27, 26]
107: [128, 123, 97]
108: [96, 110, 128]
109: [18, 19, 20, 1]
110: [26]
111: [27]
112: [28]
113: [29]
114: [30]
115: [31, 20]
116: [19]
117: [18]
118: [1, 31, 30, 29, 28, 27, 26]
119: [128, 123, 97]
120: [96, 110, 128]
121: [18, 19, 20, 1]
122: [26, 18, 19, 20, 1]
123: [18, 19, 20, 26, 27, 1]
124: [18, 19, 20, 26, 27, 28, 1]
125: [18, 19, 20, 26, 27, 28, 29, 1]
126: [18, 19, 20, 26, 27, 28, 29, 30, 1]
127: []
128: [1, 31, 30, 29, 28, 27, 19, 18, 26]
129: [1, 31, 30, 29, 28, 27, 18, 26]
130: [1, 31, 30, 29, 28, 27, 26]
131: [128, 123, 97]
132: [110]
133: [110]
134: [110]
135: [110]
136: [110]
137: [110]
138: [110]
139: [110, 123]
140: [123]
141: [123]
142: [123]
143: [123]
128
0: [96]
1: [97, 96]
2: [97, 96]
3: [97, 96]
4: [97, 96]
5: [97, 96]
6: [97, 96]
7: [97, 96]
8: [97, 96]
9: [97, 96]
10: [97, 96]
11: [97]
12: [96, 128]
13: [1]
14: [1]
15: [1]
16: [1]
17: [1]
18: [1]
19: [1]
20: [1]
21: [1]
22: [1]
23: [128, 97]
24: [96, 128]
25: [18, 1]
26: [26, 18]
27: [26, 18]
28: [26, 18]
29: [26, 18]
30: [26, 18]
31: [26, 18]
32: [26, 18]
33: [26, 18]
34: [1, 26]
35: [128, 97]
36: [96, 109, 128]
37: [18, 19, 1]
38: [26, 19]
39: [27, 19]
40: [27, 19]
41: [27, 19]
42: [27, 19]
43: [27, 19]
44: [27, 19]
45: [27, 18]
46: [1, 27, 26]
47: [128, 97]
48: [96, 109, 128]
49: [18, 19, 1]
50: [26]
51: [27]
52: [28]
53: [28]
54: [28]
55: [28]
56: [28, 19]
57: [28, 18]
58: [1, 28, 27, 26]
59: [128, 97]
60: [96, 109, 128]
61: [18, 19, 1]
62: [26]
63: [27]
64: [28]
65: [29]
66: [29]
67: [29]
68: [29, 19]
69: [29, 18]
70: [1, 29, 28, 27, 26]
71: [128, 97]
72: [96, 109, 128]
73: [18, 19, 1]
74: [26]
75: [27]
76: [28]
77: [29]
78: [30]
79: [30]
80: [30, 19]
81: [30, 18]
82: [1, 30, 29, 28, 27, 26]
83: [128, 97]
84: [96, 109, 128]
85: [18, 19, 1]
86: [26]
87: [27]
88: [28]
89: [29]
90: [30]
91: [31]
92: [31, 19]
93: [31, 18]
94: [1, 31, 30, 29, 28, 27, 26]
95: [128, 97]
96: [96, 109, 128]
97: [18, 19, 1]
98: [26]
99: [27]
100: [28]
101: [29]
102: [30]
103: [31]
104: [32, 19]
105: [32, 18]
106: [32, 1, 31, 30, 29, 28, 27, 26]
107: [128, 124, 97]
108: [96, 109, 128]
109: [18, 19, 1]
110: [26]
111: [27]
112: [28]
113: [29]
114: [30]
115: [31]
116: [32, 19]
117: [18]
118: [1, 32, 31, 30, 29, 28, 27, 26]
119: [128, 124, 97]
120: [96, 109, 128]
121: [18, 19, 1]
122: [26, 18, 19, 1]
123: [26, 27, 18, 19, 1]
124: [18, 19, 26, 27, 28, 1]
125: [18, 19, 26, 27, 28, 29, 1]
126: [18, 19, 26, 27, 28, 29, 30, 1]
127: [18, 19, 26, 27, 28, 29, 30, 31, 1]
128: []
129: [1, 32, 31, 30, 29, 28, 27, 18, 26]
130: [1, 32, 31, 30, 29, 28, 27, 26]
131: [128, 124, 97]
132: [109]
133: [109]
134: [109]
135: [109]
136: [109]
137: [109]
138: [109]
139: [109]
140: [109, 124]
141: [124]
142: [124]
143: [124]
129
0: [96]
1: [97, 96]
2: [97, 96]
3: [97, 96]
4: [97, 96]
5: [97, 96]
6: [97, 96]
7: [97, 96]
8: [97, 96]
9: [97, 96]
10: [97, 96]
11: [97]
12: [96, 128]
13: [1]
14: [1]
15: [1]
16: [1]
17: [1]
18: [1]
19: [1]
20: [1]
21: [1]
22: [1]
23: [128, 97]
24: [96, 108, 128]
25: [18, 1]
26: [26, 18]
27: [26, 18]
28: [26, 18]
29: [26, 18]
30: [26, 18]
31: [26, 18]
32: [26, 18]
33: [26, 18]
34: [1, 26]
35: [128, 97]
36: [96, 108, 128]
37: [18, 1]
38: [26]
39: [27]
40: [27]
41: [27]
42: [27]
43: [27]
44: [27]
45: [27, 18]
46: [1, 27, 26]
47: [128, 97]
48: [96, 108, 128]
49: [18, 1]
50: [26]
51: [27]
52: [28]
53: [28]
54: [28]
55: [28]
56: [28]
57: [28, 18]
58: [1, 28, 27, 26]
59: [128, 97]
60: [96, 108, 128]
61: [18, 1]
62: [26]
63: [27]
64: [28]
65: [29]
66: [29]
67: [29]
68: [29]
69: [29, 18]
70: [1, 29, 28, 27, 26]
71: [128, 97]
72: [96, 108, 128]
73: [18, 1]
74: [26]
75: [27]
76: [28]
77: [29]
78: [30]
79: [30]
80: [30]
81: [30, 18]
82: [1, 30, 29, 28, 27, 26]
83: [128, 97]
84: [96, 108, 128]
85: [18, 1]
86: [26]
87: [27]
88: [28]
89: [29]
90: [30]
91: [31]
92: [31]
93: [31, 18]
94: [1, 31, 30, 29, 28, 27, 26]
95: [128, 97]
96: [96, 108, 128]
97: [18, 1]
98: [26]
99: [27]
100: [28]
101: [29]
102: [30]
103: [31]
104: [32]
105: [32, 18]
106: [1, 32, 31, 30, 29, 28, 27, 26]
107: [128, 97]
108: [96, 108, 128]
109: [18, 1]
110: [26]
111: [27]
112: [28]
113: [29]
114: [30]
115: [31]
116: [32]
117: [33, 18]
118: [1, 33, 32, 31, 30, 29, 28, 27, 26]
119: [128, 125, 97]
120: [96, 108, 128]
121: [18, 1]
122: [18, 26, 1]
123: [27, 18, 26, 1]
124: [27, 18, 26, 28, 1]
125: [18, 26, 27, 28, 29, 1]
126: [18, 26, 27, 28, 29, 30, 1]
127: [18, 26, 27, 28, 29, 30, 31, 1]
128: [32, 18, 26, 27, 28, 29, 30, 31, 1]
129: []
130: [1, 33, 32, 31, 30, 29, 28, 27, 26]
131: [128, 125, 97]
132: [108]
133: [108]
134: [108]
135: [108]
136: [108]
137: [108]
138: [108]
139: [108]
140: [108]
141: [108, 125]
142: [125]
143: [125]
130
0: [96]
1: [97, 127, 96]
2: [127, 97, 96]
3: [127, 97, 96]
4: [127, 97, 96]
5: [127, 97, 96]
6: [127, 97, 96]
7: [127, 97, 96]
8: [127, 97, 96]
9: [127, 97, 96]
10: [127, 97, 96]
11: [97]
12: [96, 128, 107]
13: [1]
14: [1]
15: [1]
16: [1]
17: [1]
18: [1]
19: [1]
20: [1]
21: [1]
22: [1]
23: [128, 97]
24: [96, 107, 128]
25: [1]
26: [26]
27: [26]
28: [26]
29: [26]
30: [26]
31: [26]
32: [26]
33: [26]
34: [1, 26]
35: [128, 97]
36: [96, 107, 128]
37: [1]
38: [26]
39: [27]
40: [27]
41: [27]
42: [27]
43: [27]
44: [27]
45: [27]
46: [1, 27, 26]
47: [128, 97]
48: [96, 107, 128]
49: [1]
50: [26]
51: [27]
52: [28]
53: [28]
54: [28]
55: [28]
56: [28]
57: [28]
58: [1, 28, 27, 26]
59: [128, 97]
60: [96, 107, 128]
61: [1]
62: [26]
63: [27]
64: [28]
65: [29]
66: [29]
67: [29]
68: [29]
69: [29]
70: [1, 29, 28, 27, 26]
71: [128, 97]
72: [96, 107, 128]
73: [1]
74: [26]
75: [27]
76: [28]
77: [29]
78: [30]
79: [30]
80: [30]
81: [30]
82: [1, 30, 29, 28, 27, 26]
83: [128, 97]
84: [96, 107, 128]
85: [1]
86: [26]
87: [27]
88: [28]
89: [29]
90: [30]
91: [31]
92: [31]
93: [31]
94: [1, 31, 30, 29, 28, 27, 26]
95: [128, 97]
96: [96, 107, 128]
97: [1]
98: [26]
99: [27]
100: [28]
101: [29]
102: [30]
103: [31]
104: [32]
105: [32]
106: [1, 32, 31, 30, 29, 28, 27, 26]
107: [128, 97]
108: [96, 107, 128]
109: [1]
110: [26]
111: [27]
112: [28]
113: [29]
114: [30]
115: [31]
116: [32]
117: [33]
118: [1, 33, 32, 31, 30, 29, 28, 27, 26]
119: [128, 97]
120: [96, 107, 128]
121: [1]
122: [26, 1]
123: [26, 27, 1]
124: [26, 27, 28, 1]
125: [26, 27, 28, 29, 1]
126: [26, 27, 28, 29, 30, 1]
127: [26, 27, 28, 29, 30, 31, 1]
128: [32, 26, 27, 28, 29, 30, 31, 1]
129: [32, 33, 26, 27, 28, 29, 30, 31, 1]
130: []
131: [128, 126, 97]
132: [107]
133: [107, 127]
134: [107, 127]
135: [107, 127]
136: [107, 127]
137: [107, 127]
138: [107, 127]
139: [107, 127]
140: [107, 127]
141: [107, 127]
142: [107, 126, 127]
143: [126]
131
0: [86]
1: [97, 86]
2: [86, 97]
3: [86, 97]
4: [86, 97]
5: [86, 97]
6: [86, 97]
7: [86, 97]
8: [86, 97]
9: [86, 97]
10: [86, 97]
11: [86, 97]
12: [128, 86]
13: [128, 97, 117]
14: [128, 117]
15: [128, 117]
16: [128, 117]
17: [128, 117]
18: [128, 117]
19: [128, 117]
20: [128, 117]
21: [128, 117]
22: [128, 117]
23: [128, 86, 97, 117]
24: [128, 86]
25: [97, 117]
26: [118]
27: [118]
28: [118]
29: [118]
30: [118]
31: [118]
32: [118]
33: [118]
34: [118]
35: [128, 86, 118, 97, 117]
36: [128, 86]
37: [97, 117]
38: [118]
39: [119]
40: [119]
41: [119]
42: [119]
43: [119]
44: [119]
45: [119]
46: [119]
47: [128, 86, 119, 118, 97, 117]
48: [128, 86]
49: [97, 117]
50: [118]
51: [119]
52: [120]
53: [120]
54: [120]
55: [120]
56: [120]
57: [120]
58: [120]
59: [128, 86, 120, 119, 118, 97, 117]
60: [128, 86]
61: [97, 117]
62: [118]
63: [119]
64: [120]
65: [121]
66: [121]
67: [121]
68: [121]
69: [121]
70: [121]
71: [128, 86, 121, 120, 119, 118, 97, 117]
72: [128, 86]
73: [97, 117]
74: [118]
75: [119]
76: [120]
77: [121]
78: [122]
79: [122]
80: [122]
81: [122]
82: [122]
83: [128, 86, 122, 121, 120, 119, 118, 97, 117]
84: [128, 86]
85: [97, 117]
86: [118]
87: [119]
88: [120]
89: [121]
90: [122]
91: [123]
92: [123]
93: [123]
94: [123]
95: [128, 86, 123, 122, 121, 120, 119, 118, 97, 117]
96: [128, 86]
97: [97, 117]
98: [118]
99: [119]
100: [120]
101: [121]
102: [122]
103: [123]
104: [124]
105: [124]
106: [124]
107: [128, 86, 124, 123, 122, 121, 120, 119, 118, 97, 117]
108: [128, 86]
109: [97, 117]
110: [118]
111: [119]
112: [120]
113: [121]
114: [122]
115: [123]
116: [124]
117: [125]
118: [125]
119: [128, 86, 125, 124, 123, 122, 121, 120, 119, 118, 97, 117]
120: [128, 86]
121: [97, 117, 128]
122: [97, 118, 128]
123: [97, 119, 128]
124: [97, 120, 128]
125: [97, 121, 128]
126: [97, 122, 128]
127: [97, 123, 128]
128: [97, 124, 128]
129: [97, 125, 128]
130: [97, 126, 128]
131: []
132: [86]
133: [117, 86]
134: [117, 118, 86]
135: [117, 118, 119, 86]
136: [120, 117, 118, 119, 86]
137: [117, 118, 119, 120, 121, 86]
138: [117, 118, 119, 120, 121, 122, 86]
139: [117, 118, 119, 120, 121, 122, 123, 86]
140: [117, 118, 119, 120, 121, 122, 123, 124, 86]
141: [117, 118, 119, 120, 121, 122, 123, 124, 125, 86]
142: [117, 118, 119, 120, 121, 122, 123, 124, 125, 126, 86]
143: [117, 118, 119, 120, 121, 122, 123, 124, 125, 126, 86]
132
0: [86]
1: [86]
2: [86]
3: [86]
4: [86]
5: [86]
6: [86]
7: [86]
8: [86]
9: [86]
10: [86]
11: [86]
12: [107, 86]
13: [107]
14: [107]
15: [107]
16: [107]
17: [107]
18: [107]
19: [107]
20: [107]
21: [107]
22: [107]
23: [86]
24: [107, 108, 86]
25: [108]
26: [108]
27: [108]
28: [108]
29: [108]
30: [108]
31: [108]
32: [108]
33: [108]
34: [107]
35: [86]
36: [107, 108, 109, 86]
37: [109]
38: [109]
39: [109]
40: [109]
41: [109]
42: [109]
43: [109]
44: [109]
45: [108]
46: [107]
47: [86]
48: [107, 108, 109, 110, 86]
49: [110]
50: [110]
51: [110]
52: [110]
53: [110]
54: [110]
55: [110]
56: [109]
57: [108]
58: [107]
59: [86]
60: [107, 108, 109, 110, 111, 86]
61: [111]
62: [111]
63: [111]
64: [111]
65: [111]
66: [111]
67: [110]
68: [109]
69: [108]
70: [107]
71: [86]
72: [107, 108, 109, 110, 111, 112, 86]
73: [112]
74: [112]
75: [112]
76: [112]
77: [112]
78: [111]
79: [110]
80: [109]
81: [108]
82: [107]
83: [86]
84: [107, 108, 109, 110, 111, 112, 113, 86]
85: [113]
86: [113]
87: [113]
88: [113]
89: [112]
90: [111]
91: [110]
92: [109]
93: [108]
94: [107]
95: [86]
96: [107, 108, 109, 110, 111, 112, 113, 114, 86]
97: [114]
98: [114]
99: [114]
100: [113]
101: [112]
102: [111]
103: [110]
104: [109]
105: [108]
106: [107]
107: [86]
108: [107, 108, 109, 110, 111, 112, 113, 114, 115, 86]
109: [115]
110: [115]
111: [114]
112: [113]
113: [112]
114: [111]
115: [110]
116: [109]
117: [108]
118: [107]
119: [86]
120: [107, 108, 109, 110, 111, 112, 113, 114, 115, 116, 86]
121: [116]
122: [115]
123: [114]
124: [113]
125: [112]
126: [111]
127: [110]
128: [109]
129: [108]
130: [107]
131: [86]
132: []
133: [86, 116, 115, 114, 113, 112, 111, 110, 109, 108, 107]
134: [86, 115, 114, 113, 112, 111, 110, 109, 108, 107]
135: [86, 114, 113, 112, 111, 110, 109, 108, 107]
136: [86, 113, 112, 111, 110, 109, 108, 107]
137: [86, 112, 111, 110, 109, 108, 107]
138: [86, 111, 110, 109, 108, 107]
139: [86, 110, 109, 108, 107]
140: [86, 109, 108, 107]
141: [86, 108, 107]
142: [86, 107]
143: [86]
133
0: [86]
1: [127, 86]
2: [127, 86]
3: [127, 86]
4: [127, 86]
5: [127, 86]
6: [127, 86]
7: [127, 86]
8: [127, 86]
9: [127, 86]
10: [127, 86]
11: [86]
12: [107, 86]
13: [117, 107, 127]
14: [117, 107]
15: [117, 107]
16: [117, 107]
17: [117, 107]
18: [117, 107]
19: [117, 107]
20: [117, 107]
21: [117, 107]
22: [117, 127, 107]
23: [117, 86]
24: [107, 108, 86]
25: [117, 108, 127]
26: [108]
27: [108]
28: [108]
29: [108]
30: [108]
31: [108]
32: [108]
33: [108]
34: [127, 107]
35: [86, 117]
36: [107, 108, 109, 86]
37: [117, 109, 127]
38: [109]
39: [109]
40: [109]
41: [109]
42: [109]
43: [109]
44: [109]
45: [108]
46: [127, 107]
47: [86, 117]
48: [107, 108, 109, 110, 86]
49: [117, 110, 127]
50: [110]
51: [110]
52: [110]
53: [110]
54: [110]
55: [110]
56: [109]
57: [108]
58: [127, 107]
59: [86, 117]
60: [107, 108, 109, 110, 111, 86]
61: [117, 111, 127]
62: [111]
63: [111]
64: [111]
65: [111]
66: [111]
67: [110]
68: [109]
69: [108]
70: [127, 107]
71: [86, 117]
72: [107, 108, 109, 110, 111, 112, 86]
73: [117, 112, 127]
74: [112]
75: [112]
76: [112]
77: [112]
78: [111]
79: [110]
80: [109]
81: [108]
82: [127, 107]
83: [86, 117]
84: [107, 108, 109, 110, 111, 112, 113, 86]
85: [117, 113, 127]
86: [113]
87: [113]
88: [113]
89: [112]
90: [111]
91: [110]
92: [109]
93: [108]
94: [127, 107]
95: [86, 117]
96: [107, 108, 109, 110, 111, 112, 113, 114, 86]
97: [117, 114, 127]
98: [114]
99: [114]
100: [113]
101: [112]
102: [111]
103: [110]
104: [109]
105: [108]
106: [127, 107]
107: [86, 117]
108: [107, 108, 109, 110, 111, 112, 113, 114, 115, 86]
109: [117, 115, 127]
110: [115]
111: [114]
112: [113]
113: [112]
114: [111]
115: [110]
116: [109]
117: [108]
118: [127, 107]
119: [86, 117]
120: [107, 108, 109, 110, 111, 112, 113, 114, 115, 116, 86]
121: [117, 116, 127]
122: [115]
123: [114]
124: [113]
125: [112]
126: [111]
127: [110]
128: [109]
129: [108]
130: [127, 107]
131: [86, 117]
132: [107, 108, 109, 110, 111, 112, 113, 114, 115, 116, 86]
133: []
134: [86, 127, 115, 114, 113, 112, 111, 110, 109, 108, 107, 117]
135: [86, 127, 114, 113, 112, 111, 110, 109, 108, 107, 117]
136: [86, 127, 113, 112, 111, 110, 109, 108, 107, 117]
137: [86, 127, 112, 111, 110, 109, 108, 107, 117]
138: [86, 127, 111, 110, 109, 108, 107, 117]
139: [86, 127, 110, 109, 108, 107, 117]
140: [86, 127, 109, 108, 107, 117]
141: [86, 127, 108, 107, 117]
142: [86, 127, 107, 117]
143: [86, 117]
134
0: [86]
1: [127, 86]
2: [127, 86]
3: [127, 86]
4: [127, 86]
5: [127, 86]
6: [127, 86]
7: [127, 86]
8: [127, 86]
9: [127, 86]
10: [127, 86]
11: [86]
12: [107, 86]
13: [117, 107, 127]
14: [117, 107]
15: [117, 107]
16: [117, 107]
17: [117, 107]
18: [117, 107]
19: [117, 107]
20: [117, 107]
21: [117, 107]
22: [127, 117, 107]
23: [86, 117]
24: [107, 108, 86]
25: [117, 108, 127]
26: [118, 108]
27: [118, 108]
28: [118, 108]
29: [118, 108]
30: [118, 108]
31: [118, 108]
32: [118, 108]
33: [118, 108]
34: [118, 127, 107]
35: [118, 86, 117]
36: [107, 108, 109, 86]
37: [117, 109, 127]
38: [118, 109]
39: [109]
40: [109]
41: [109]
42: [109]
43: [109]
44: [109]
45: [108]
46: [127, 107]
47: [86, 118, 117]
48: [107, 108, 109, 110, 86]
49: [117, 110, 127]
50: [118, 110]
51: [110]
52: [110]
53: [110]
54: [110]
55: [110]
56: [109]
57: [108]
58: [127, 107]
59: [86, 118, 117]
60: [107, 108, 109, 110, 111, 86]
61: [117, 111, 127]
62: [118, 111]
63: [111]
64: [111]
65: [111]
66: [111]
67: [110]
68: [109]
69: [108]
70: [127, 107]
71: [86, 118, 117]
72: [107, 108, 109, 110, 111, 112, 86]
73: [117, 112, 127]
74: [118, 112]
75: [112]
76: [112]
77: [112]
78: [111]
79: [110]
80: [109]
81: [108]
82: [127, 107]
83: [86, 118, 117]
84: [107, 108, 109, 110, 111, 112, 113, 86]
85: [117, 113, 127]
86: [118, 113]
87: [113]
88: [113]
89: [112]
90: [111]
91: [110]
92: [109]
93: [108]
94: [127, 107]
95: [86, 118, 117]
96: [107, 108, 109, 110, 111, 112, 113, 114, 86]
97: [117, 114, 127]
98: [118, 114]
99: [114]
100: [113]
101: [112]
102: [111]
103: [110]
104: [109]
105: [108]
106: [127, 107]
107: [86, 118, 117]
108: [107, 108, 109, 110, 111, 112, 113, 114, 115, 86]
109: [117, 115, 127]
110: [118, 115]
111: [114]
112: [113]
113: [112]
114: [111]
115: [110]
116: [109]
117: [108]
118: [127, 107]
119: [86, 118, 117]
120: [107, 108, 109, 110, 111, 112, 113, 114, 115, 86]
121: [117, 127]
122: [118, 115]
123: [114]
124: [113]
125: [112]
126: [111]
127: [110]
128: [109]
129: [108]
130: [127, 107]
131: [86, 118, 117]
132: [107, 108, 109, 110, 111, 112, 113, 114, 115, 86]
133: [107, 108, 109, 110, 111, 112, 113, 114, 115, 117, 127, 86]
134: []
135: [86, 127, 114, 113, 112, 111, 110, 109, 108, 118, 107, 117]
136: [86, 127, 113, 112, 111, 110, 109, 108, 118, 107, 117]
137: [86, 127, 112, 111, 110, 109, 108, 118, 107, 117]
138: [86, 127, 111, 110, 109, 108, 118, 107, 117]
139: [86, 127, 110, 109, 108, 118, 107, 117]
140: [86, 127, 109, 108, 118, 107, 117]
141: [86, 127, 108, 118, 107, 117]
142: [86, 127, 118, 107, 117]
143: [86, 118, 117]
135
0: [86]
1: [127, 86]
2: [127, 86]
3: [127, 86]
4: [127, 86]
5: [127, 86]
6: [127, 86]
7: [127, 86]
8: [127, 86]
9: [127, 86]
10: [127, 86]
11: [86]
12: [107, 86]
13: [117, 107, 127]
14: [117, 107]
15: [117, 107]
16: [117, 107]
17: [117, 107]
18: [117, 107]
19: [117, 107]
20: [117, 107]
21: [117, 107]
22: [127, 117, 107]
23: [86, 117]
24: [107, 108, 86]
25: [117, 108, 127]
26: [118, 108]
27: [118, 108]
28: [118, 108]
29: [118, 108]
30: [118, 108]
31: [118, 108]
32: [118, 108]
33: [118, 108]
34: [127, 118, 107]
35: [86, 118, 117]
36: [107, 108, 109, 86]
37: [117, 109, 127]
38: [118, 109]
39: [119, 109]
40: [119, 109]
41: [119, 109]
42: [119, 109]
43: [119, 109]
44: [119, 109]
45: [119, 108]
46: [127, 119, 107]
47: [86, 119, 118, 117]
48: [107, 108, 109, 110, 86]
49: [117, 110, 127]
50: [118, 110]
51: [119, 110]
52: [110]
53: [110]
54: [110]
55: [110]
56: [109]
57: [108]
58: [127, 107]
59: [86, 119, 118, 117]
60: [107, 108, 109, 110, 111, 86]
61: [117, 111, 127]
62: [118, 111]
63: [119, 111]
64: [111]
65: [111]
66: [111]
67: [110]
68: [109]
69: [108]
70: [127, 107]
71: [86, 119, 118, 117]
72: [107, 108, 109, 110, 111, 112, 86]
73: [117, 112, 127]
74: [118, 112]
75: [119, 112]
76: [112]
77: [112]
78: [111]
79: [110]
80: [109]
81: [108]
82: [127, 107]
83: [86, 119, 118, 117]
84: [107, 108, 109, 110, 111, 112, 113, 86]
85: [117, 113, 127]
86: [118, 113]
87: [119, 113]
88: [113]
89: [112]
90: [111]
91: [110]
92: [109]
93: [108]
94: [127, 107]
95: [86, 119, 118, 117]
96: [107, 108, 109, 110, 111, 112, 113, 114, 86]
97: [117, 114, 127]
98: [118, 114]
99: [119, 114]
100: [113]
101: [112]
102: [111]
103: [110]
104: [109]
105: [108]
106: [127, 107]
107: [86, 119, 118, 117]
108: [107, 108, 109, 110, 111, 112, 113, 114, 86]
109: [117, 127]
110: [118]
111: [119, 114]
112: [113]
113: [112]
114: [111]
115: [110]
116: [109]
117: [108]
118: [127, 107]
119: [86, 119, 118, 117]
120: [107, 108, 109, 110, 111, 112, 113, 114, 86]
121: [117, 127]
122: [118]
123: [119, 114]
124: [113]
125: [112]
126: [111]
127: [110]
128: [109]
129: [108]
130: [127, 107]
131: [86, 119, 118, 117]
132: [107, 108, 109, 110, 111, 112, 113, 114, 86]
133: [107, 108, 109, 110, 111, 112, 113, 114, 117, 127, 86]
134: [107, 108, 109, 110, 111, 112, 113, 114, 117, 118, 127, 86]
135: []
136: [86, 127, 113, 112, 111, 110, 109, 119, 108, 118, 107, 117]
137: [86, 127, 112, 111, 110, 109, 119, 108, 118, 107, 117]
138: [86, 127, 111, 110, 109, 119, 108, 118, 107, 117]
139: [86, 127, 110, 109, 119, 108, 118, 107, 117]
140: [86, 127, 109, 119, 108, 118, 107, 117]
141: [86, 127, 119, 108, 118, 107, 117]
142: [86, 127, 119, 118, 107, 117]
143: [86, 119, 118, 117]
136
0: [86]
1: [127, 86]
2: [127, 86]
3: [127, 86]
4: [127, 86]
5: [127, 86]
6: [127, 86]
7: [127, 86]
8: [127, 86]
9: [127, 86]
10: [127, 86]
11: [86]
12: [107, 86]
13: [117, 107, 127]
14: [117, 107]
15: [117, 107]
16: [117, 107]
17: [117, 107]
18: [117, 107]
19: [117, 107]
20: [117, 107]
21: [117, 107]
22: [127, 117, 107]
23: [86, 117]
24: [107, 108, 86]
25: [117, 108, 127]
26: [118, 108]
27: [118, 108]
28: [118, 108]
29: [118, 108]
30: [118, 108]
31: [118, 108]
32: [118, 108]
33: [118, 108]
34: [127, 118, 107]
35: [86, 118, 117]
36: [107, 108, 109, 86]
37: [117, 109, 127]
38: [118, 109]
39: [119, 109]
40: [119, 109]
41: [119, 109]
42: [119, 109]
43: [119, 109]
44: [119, 109]
45: [119, 108]
46: [127, 119, 107]
47: [86, 119, 118, 117]
48: [107, 108, 109, 110, 86]
49: [117, 110, 127]
50: [118, 110]
51: [119, 110]
52: [120, 110]
53: [120, 110]
54: [120, 110]
55: [120, 110]
56: [120, 109]
57: [120, 108]
58: [120, 127, 107]
59: [120, 86, 119, 118, 117]
60: [107, 108, 109, 110, 111, 86]
61: [117, 111, 127]
62: [118, 111]
63: [119, 111]
64: [120, 111]
65: [111]
66: [111]
67: [110]
68: [109]
69: [108]
70: [127, 107]
71: [86, 120, 119, 118, 117]
72: [107, 108, 109, 110, 111, 112, 86]
73: [117, 112, 127]
74: [118, 112]
75: [119, 112]
76: [120, 112]
77: [112]
78: [111]
79: [110]
80: [109]
81: [108]
82: [127, 107]
83: [86, 120, 119, 118, 117]
84: [107, 108, 109, 110, 111, 112, 113, 86]
85: [117, 113, 127]
86: [118, 113]
87: [119, 113]
88: [120, 113]
89: [112]
90: [111]
91: [110]
92: [109]
93: [108]
94: [127, 107]
95: [86, 120, 119, 118, 117]
96: [107, 108, 109, 110, 111, 112, 113, 86]
97: [117, 127]
98: [118]
99: [119]
100: [120, 113]
101: [112]
102: [111]
103: [110]
104: [109]
105: [108]
106: [127, 107]
107: [86, 120, 119, 118, 117]
108: [107, 108, 109, 110, 111, 112, 113, 86]
109: [117, 127]
110: [118]
111: [119]
112: [120, 113]
113: [112]
114: [111]
115: [110]
116: [109]
117: [108]
118: [127, 107]
119: [86, 120, 119, 118, 117]
120: [107, 108, 109, 110, 111, 112, 113, 86]
121: [117, 127]
122: [118]
123: [119]
124: [120, 113]
125: [112]
126: [111]
127: [110]
128: [109]
129: [108]
130: [127, 107]
131: [86, 120, 119, 118, 117]
132: [107, 108, 109, 110, 111, 112, 113, 86]
133: [107, 108, 109, 110, 111, 112, 113, 117, 127, 86]
134: [107, 108, 109, 110, 111, 112, 113, 117, 118, 127, 86]
135: [107, 108, 109, 110, 111, 112, 113, 117, 118, 119, 127, 86]
136: []
137: [86, 127, 112, 111, 120, 110, 109, 119, 108, 118, 107, 117]
138: [86, 127, 111, 120, 110, 109, 119, 108, 118, 107, 117]
139: [86, 127, 120, 110, 109, 119, 108, 118, 107, 117]
140: [86, 127, 120, 109, 119, 108, 118, 107, 117]
141: [86, 127, 120, 119, 108, 118, 107, 117]
142: [86, 127, 120, 119, 118, 107, 117]
143: [86, 120, 119, 118, 117]
137
0: [86]
1: [127, 86]
2: [127, 86]
3: [127, 86]
4: [127, 86]
5: [127, 86]
6: [127, 86]
7: [127, 86]
8: [127, 86]
9: [127, 86]
10: [127, 86]
11: [86]
12: [107, 86]
13: [117, 107, 127]
14: [117, 107]
15: [117, 107]
16: [117, 107]
17: [117, 107]
18: [117, 107]
19: [117, 107]
20: [117, 107]
21: [117, 107]
22: [127, 117, 107]
23: [86, 117]
24: [107, 108, 86]
25: [117, 108, 127]
26: [118, 108]
27: [118, 108]
28: [118, 108]
29: [118, 108]
30: [118, 108]
31: [118, 108]
32: [118, 108]
33: [118, 108]
34: [127, 118, 107]
35: [86, 118, 117]
36: [107, 108, 109, 86]
37: [117, 109, 127]
38: [118, 109]
39: [119, 109]
40: [119, 109]
41: [119, 109]
42: [119, 109]
43: [119, 109]
44: [119, 109]
45: [119, 108]
46: [127, 119, 107]
47: [86, 119, 118, 117]
48: [107, 108, 109, 110, 86]
49: [117, 110, 127]
50: [118, 110]
51: [119, 110]
52: [120, 110]
53: [120, 110]
54: [120, 110]
55: [120, 110]
56: [120, 109]
57: [120, 108]
58: [127, 120, 107]
59: [86, 120, 119, 118, 117]
60: [107, 108, 109, 110, 111, 86]
61: [117, 111, 127]
62: [118, 111]
63: [119, 111]
64: [120, 111]
65: [121, 111]
66: [121, 111]
67: [121, 110]
68: [121, 109]
69: [121, 108]
70: [121, 127, 107]
71: [121, 86, 120, 119, 118, 117]
72: [107, 108, 109, 110, 111, 112, 86]
73: [117, 112, 127]
74: [118, 112]
75: [119, 112]
76: [120, 112]
77: [121, 112]
78: [111]
79: [110]
80: [109]
81: [108]
82: [127, 107]
83: [86, 121, 120, 119, 118, 117]
84: [107, 108, 109, 110, 111, 112, 86]
85: [117, 127]
86: [118]
87: [119]
88: [120]
89: [121, 112]
90: [111]
91: [110]
92: [109]
93: [108]
94: [127, 107]
95: [86, 121, 120, 119, 118, 117]
96: [107, 108, 109, 110, 111, 112, 86]
97: [117, 127]
98: [118]
99: [119]
100: [120]
101: [121, 112]
102: [111]
103: [110]
104: [109]
105: [108]
106: [127, 107]
107: [86, 121, 120, 119, 118, 117]
108: [107, 108, 109, 110, 111, 112, 86]
109: [117, 127]
110: [118]
111: [119]
112: [120]
113: [121, 112]
114: [111]
115: [110]
116: [109]
117: [108]
118: [127, 107]
119: [86, 121, 120, 119, 118, 117]
120: [107, 108, 109, 110, 111, 112, 86]
121: [117, 127]
122: [118]
123: [119]
124: [120]
125: [121, 112]
126: [111]
127: [110]
128: [109]
129: [108]
130: [127, 107]
131: [86, 121, 120, 119, 118, 117]
132: [107, 108, 109, 110, 111, 112, 86]
133: [107, 108, 109, 110, 111, 112, 117, 127, 86]
134: [107, 108, 109, 110, 111, 112, 117, 118, 127, 86]
135: [107, 108, 109, 110, 111, 112, 117, 118, 119, 127, 86]
136: [107, 108, 109, 110, 111, 112, 117, 118, 119, 120, 127, 86]
137: []
138: [86, 127, 121, 111, 120, 110, 109, 119, 108, 118, 107, 117]
139: [86, 127, 121, 120, 110, 109, 119, 108, 118, 107, 117]
140: [86, 127, 121, 120, 109, 119, 108, 118, 107, 117]
141: [86, 127, 121, 120, 119, 108, 118, 107, 117]
142: [86, 127, 121, 120, 119, 118, 107, 117]
143: [86, 121, 120, 119, 118, 117]
138
0: [86]
1: [127, 86]
2: [127, 86]
3: [127, 86]
4: [127, 86]
5: [127, 86]
6: [127, 86]
7: [127, 86]
8: [127, 86]
9: [127, 86]
10: [127, 86]
11: [86]
12: [107, 86]
13: [117, 107, 127]
14: [117, 107]
15: [117, 107]
16: [117, 107]
17: [117, 107]
18: [117, 107]
19: [117, 107]
20: [117, 107]
21: [117, 107]
22: [127, 117, 107]
23: [86, 117]
24: [107, 108, 86]
25: [117, 108, 127]
26: [118, 108]
27: [118, 108]
28: [118, 108]
29: [118, 108]
30: [118, 108]
31: [118, 108]
32: [118, 108]
33: [118, 108]
34: [127, 118, 107]
35: [86, 118, 117]
36: [107, 108, 109, 86]
37: [117, 109, 127]
38: [118, 109]
39: [119, 109]
40: [119, 109]
41: [119, 109]
42: [119, 109]
43: [119, 109]
44: [119, 109]
45: [119, 108]
46: [127, 119, 107]
47: [86, 119, 118, 117]
48: [107, 108, 109, 110, 86]
49: [117, 110, 127]
50: [118, 110]
51: [119, 110]
52: [120, 110]
53: [120, 110]
54: [120, 110]
55: [120, 110]
56: [120, 109]
57: [120, 108]
58: [127, 120, 107]
59: [86, 120, 119, 118, 117]
60: [107, 108, 109, 110, 111, 86]
61: [117, 111, 127]
62: [118, 111]
63: [119, 111]
64: [120, 111]
65: [121, 111]
66: [121, 111]
67: [121, 110]
68: [121, 109]
69: [121, 108]
70: [127, 121, 107]
71: [86, 121, 120, 119, 118, 117]
72: [107, 108, 109, 110, 111, 86]
73: [117, 127]
74: [118]
75: [119]
76: [120]
77: [121]
78: [122, 111]
79: [122, 110]
80: [122, 109]
81: [122, 108]
82: [122, 127, 107]
83: [122, 86, 121, 120, 119, 118, 117]
84: [107, 108, 109, 110, 111, 86]
85: [117, 127]
86: [118]
87: [119]
88: [120]
89: [121]
90: [122, 111]
91: [110]
92: [109]
93: [108]
94: [127, 107]
95: [86, 122, 121, 120, 119, 118, 117]
96: [107, 108, 109, 110, 111, 86]
97: [117, 127]
98: [118]
99: [119]
100: [120]
101: [121]
102: [122, 111]
103: [110]
104: [109]
105: [108]
106: [127, 107]
107: [86, 122, 121, 120, 119, 118, 117]
108: [107, 108, 109, 110, 111, 86]
109: [117, 127]
110: [118]
111: [119]
112: [120]
113: [121]
114: [122, 111]
115: [110]
116: [109]
117: [108]
118: [127, 107]
119: [86, 122, 121, 120, 119, 118, 117]
120: [107, 108, 109, 110, 111, 86]
121: [117, 127]
122: [118]
123: [119]
124: [120]
125: [121]
126: [122, 111]
127: [110]
128: [109]
129: [108]
130: [127, 107]
131: [86, 122, 121, 120, 119, 118, 117]
132: [107, 108, 109, 110, 111, 86]
133: [107, 108, 109, 110, 111, 117, 127, 86]
134: [107, 108, 109, 110, 111, 117, 118, 127, 86]
135: [107, 108, 109, 110, 111, 117, 118, 119, 127, 86]
136: [107, 108, 109, 110, 111, 117, 118, 119, 120, 127, 86]
137: [107, 108, 109, 110, 111, 117, 118, 119, 120, 121, 127, 86]
138: []
139: [86, 127, 122, 121, 120, 110, 109, 119, 108, 118, 107, 117]
140: [86, 127, 122, 121, 120, 109, 119, 108, 118, 107, 117]
141: [86, 127, 122, 121, 120, 119, 108, 118, 107, 117]
142: [86, 127, 122, 121, 120, 119, 118, 107, 117]
143: [86, 122, 121, 120, 119, 118, 117]
139
0: [86]
1: [127, 86]
2: [127, 86]
3: [127, 86]
4: [127, 86]
5: [127, 86]
6: [127, 86]
7: [127, 86]
8: [127, 86]
9: [127, 86]
10: [127, 86]
11: [86]
12: [107, 86]
13: [117, 107, 127]
14: [117, 107]
15: [117, 107]
16: [117, 107]
17: [117, 107]
18: [117, 107]
19: [117, 107]
20: [117, 107]
21: [117, 107]
22: [127, 117, 107]
23: [86, 117]
24: [107, 108, 86]
25: [117, 108, 127]
26: [118, 108]
27: [118, 108]
28: [118, 108]
29: [118, 108]
30: [118, 108]
31: [118, 108]
32: [118, 108]
33: [118, 108]
34: [127, 118, 107]
35: [86, 118, 117]
36: [107, 108, 109, 86]
37: [117, 109, 127]
38: [118, 109]
39: [119, 109]
40: [119, 109]
41: [119, 109]
42: [119, 109]
43: [119, 109]
44: [119, 109]
45: [119, 108]
46: [127, 119, 107]
47: [86, 119, 118, 117]
48: [107, 108, 109, 110, 86]
49: [117, 110, 127]
50: [118, 110]
51: [119, 110]
52: [120, 110]
53: [120, 110]
54: [120, 110]
55: [120, 110]
56: [120, 109]
57: [120, 108]
58: [127, 120, 107]
59: [86, 120, 119, 118, 117]
60: [107, 108, 109, 110, 86]
61: [117, 127]
62: [118]
63: [119]
64: [120]
65: [121]
66: [121]
67: [121, 110]
68: [121, 109]
69: [121, 108]
70: [127, 121, 107]
71: [86, 121, 120, 119, 118, 117]
72: [107, 108, 109, 110, 86]
73: [117, 127]
74: [118]
75: [119]
76: [120]
77: [121]
78: [122]
79: [122, 110]
80: [122, 109]
81: [122, 108]
82: [127, 122, 107]
83: [86, 122, 121, 120, 119, 118, 117]
84: [107, 108, 109, 110, 86]
85: [117, 127]
86: [118]
87: [119]
88: [120]
89: [121]
90: [122]
91: [123, 110]
92: [123, 109]
93: [123, 108]
94: [123, 127, 107]
95: [123, 86, 122, 121, 120, 119, 118, 117]
96: [107, 108, 109, 110, 86]
97: [117, 127]
98: [118]
99: [119]
100: [120]
101: [121]
102: [122]
103: [123, 110]
104: [109]
105: [108]
106: [127, 107]
107: [86, 123, 122, 121, 120, 119, 118, 117]
108: [107, 108, 109, 110, 86]
109: [117, 127]
110: [118]
111: [119]
112: [120]
113: [121]
114: [122]
115: [123, 110]
116: [109]
117: [108]
118: [127, 107]
119: [86, 123, 122, 121, 120, 119, 118, 117]
120: [107, 108, 109, 110, 86]
121: [117, 127]
122: [118]
123: [119]
124: [120]
125: [121]
126: [122]
127: [123, 110]
128: [109]
129: [108]
130: [127, 107]
131: [86, 123, 122, 121, 120, 119, 118, 117]
132: [107, 108, 109, 110, 86]
133: [107, 108, 109, 110, 117, 127, 86]
134: [107, 108, 109, 110, 117, 118, 127, 86]
135: [107, 108, 109, 110, 117, 118, 119, 127, 86]
136: [107, 108, 109, 110, 117, 118, 119, 120, 127, 86]
137: [107, 108, 109, 110, 117, 118, 119, 120, 121, 127, 86]
138: [107, 108, 109, 110, 117, 118, 119, 120, 121, 122, 127, 86]
139: []
140: [86, 127, 123, 122, 121, 120, 109, 119, 108, 118, 107, 117]
141: [86, 127, 123, 122, 121, 120, 119, 108, 118, 107, 117]
142: [86, 127, 123, 122, 121, 120, 119, 118, 107, 117]
143: [86, 123, 122, 121, 120, 119, 118, 117]
140
0: [86]
1: [127, 86]
2: [127, 86]
3: [127, 86]
4: [127, 86]
5: [127, 86]
6: [127, 86]
7: [127, 86]
8: [127, 86]
9: [127, 86]
10: [127, 86]
11: [86]
12: [107, 86]
13: [117, 107, 127]
14: [117, 107]
15: [117, 107]
16: [117, 107]
17: [117, 107]
18: [117, 107]
19: [117, 107]
20: [117, 107]
21: [117, 107]
22: [127, 117, 107]
23: [86, 117]
24: [107, 108, 86]
25: [117, 108, 127]
26: [118, 108]
27: [118, 108]
28: [118, 108]
29: [118, 108]
30: [118, 108]
31: [118, 108]
32: [118, 108]
33: [118, 108]
34: [127, 118, 107]
35: [86, 118, 117]
36: [107, 108, 109, 86]
37: [117, 109, 127]
38: [118, 109]
39: [119, 109]
40: [119, 109]
41: [119, 109]
42: [119, 109]
43: [119, 109]
44: [119, 109]
45: [119, 108]
46: [127, 119, 107]
47: [86, 119, 118, 117]
48: [107, 108, 109, 86]
49: [117, 127]
50: [118]
51: [119]
52: [120]
53: [120]
54: [120]
55: [120]
56: [120, 109]
57: [120, 108]
58: [127, 120, 107]
59: [86, 120, 119, 118, 117]
60: [107, 108, 109, 86]
61: [117, 127]
62: [118]
63: [119]
64: [120]
65: [121]
66: [121]
67: [121]
68: [121, 109]
69: [121, 108]
70: [127, 121, 107]
71: [86, 121, 120, 119, 118, 117]
72: [107, 108, 109, 86]
73: [117, 127]
74: [118]
75: [119]
76: [120]
77: [121]
78: [122]
79: [122]
80: [122, 109]
81: [122, 108]
82: [127, 122, 107]
83: [86, 122, 121, 120, 119, 118, 117]
84: [107, 108, 109, 86]
85: [117, 127]
86: [118]
87: [119]
88: [120]
89: [121]
90: [122]
91: [123]
92: [123, 109]
93: [123, 108]
94: [127, 123, 107]
95: [86, 123, 122, 121, 120, 119, 118, 117]
96: [107, 108, 109, 86]
97: [117, 127]
98: [118]
99: [119]
100: [120]
101: [121]
102: [122]
103: [123]
104: [124, 109]
105: [124, 108]
106: [124, 127, 107]
107: [124, 86, 123, 122, 121, 120, 119, 118, 117]
108: [107, 108, 109, 86]
109: [117, 127]
110: [118]
111: [119]
112: [120]
113: [121]
114: [122]
115: [123]
116: [124, 109]
117: [108]
118: [127, 107]
119: [86, 124, 123, 122, 121, 120, 119, 118, 117]
120: [107, 108, 109, 86]
121: [117, 127]
122: [118]
123: [119]
124: [120]
125: [121]
126: [122]
127: [123]
128: [124, 109]
129: [108]
130: [127, 107]
131: [86, 124, 123, 122, 121, 120, 119, 118, 117]
132: [107, 108, 109, 86]
133: [117, 107, 108, 109, 127, 86]
134: [107, 108, 109, 117, 118, 127, 86]
135: [107, 108, 109, 117, 118, 119, 127, 86]
136: [107, 108, 109, 117, 118, 119, 120, 127, 86]
137: [107, 108, 109, 117, 118, 119, 120, 121, 127, 86]
138: [107, 108, 109, 117, 118, 119, 120, 121, 122, 127, 86]
139: [107, 108, 109, 117, 118, 119, 120, 121, 122, 123, 127, 86]
140: []
141: [86, 127, 124, 123, 122, 121, 120, 119, 108, 118, 107, 117]
142: [86, 127, 124, 123, 122, 121, 120, 119, 118, 107, 117]
143: [86, 124, 123, 122, 121, 120, 119, 118, 117]
141
0: [86]
1: [127, 86]
2: [127, 86]
3: [127, 86]
4: [127, 86]
5: [127, 86]
6: [127, 86]
7: [127, 86]
8: [127, 86]
9: [127, 86]
10: [127, 86]
11: [86]
12: [107, 86]
13: [117, 107, 127]
14: [117, 107]
15: [117, 107]
16: [117, 107]
17: [117, 107]
18: [117, 107]
19: [117, 107]
20: [117, 107]
21: [117, 107]
22: [127, 117, 107]
23: [86, 117]
24: [107, 108, 86]
25: [117, 108, 127]
26: [118, 108]
27: [118, 108]
28: [118, 108]
29: [118, 108]
30: [118, 108]
31: [118, 108]
32: [118, 108]
33: [118, 108]
34: [127, 118, 107]
35: [86, 118, 117]
36: [107, 108, 86]
37: [117, 127]
38: [118]
39: [119]
40: [119]
41: [119]
42: [119]
43: [119]
44: [119]
45: [119, 108]
46: [127, 119, 107]
47: [86, 119, 118, 117]
48: [107, 108, 86]
49: [117, 127]
50: [118]
51: [119]
52: [120]
53: [120]
54: [120]
55: [120]
56: [120]
57: [120, 108]
58: [127, 120, 107]
59: [86, 120, 119, 118, 117]
60: [107, 108, 86]
61: [117, 127]
62: [118]
63: [119]
64: [120]
65: [121]
66: [121]
67: [121]
68: [121]
69: [121, 108]
70: [127, 121, 107]
71: [86, 121, 120, 119, 118, 117]
72: [107, 108, 86]
73: [117, 127]
74: [118]
75: [119]
76: [120]
77: [121]
78: [122]
79: [122]
80: [122]
81: [122, 108]
82: [127, 122, 107]
83: [86, 122, 121, 120, 119, 118, 117]
84: [107, 108, 86]
85: [117, 127]
86: [118]
87: [119]
88: [120]
89: [121]
90: [122]
91: [123]
92: [123]
93: [123, 108]
94: [127, 123, 107]
95: [86, 123, 122, 121, 120, 119, 118, 117]
96: [107, 108, 86]
97: [117, 127]
98: [118]
99: [119]
100: [120]
101: [121]
102: [122]
103: [123]
104: [124]
105: [124, 108]
106: [127, 124, 107]
107: [86, 124, 123, 122, 121, 120, 119, 118, 117]
108: [107, 108, 86]
109: [117, 127]
110: [118]
111: [119]
112: [120]
113: [121]
114: [122]
115: [123]
116: [124]
117: [125, 108]
118: [125, 127, 107]
119: [125, 86, 124, 123, 122, 121, 120, 119, 118, 117]
120: [107, 108, 86]
121: [117, 127]
122: [118]
123: [119]
124: [120]
125: [121]
126: [122]
127: [123]
128: [124]
129: [125, 108]
130: [127, 107]
131: [86, 125, 124, 123, 122, 121, 120, 119, 118, 117]
132: [107, 108, 86]
133: [107, 108, 117, 127, 86]
134: [107, 108, 117, 118, 127, 86]
135: [107, 108, 117, 118, 119, 127, 86]
136: [107, 108, 117, 118, 119, 120, 127, 86]
137: [107, 108, 117, 118, 119, 120, 121, 127, 86]
138: [107, 108, 117, 118, 119, 120, 121, 122, 127, 86]
139: [107, 108, 117, 118, 119, 120, 121, 122, 123, 127, 86]
140: [107, 108, 117, 118, 119, 120, 121, 122, 123, 124, 127, 86]
141: []
142: [86, 127, 125, 124, 123, 122, 121, 120, 119, 118, 107, 117]
143: [86, 125, 124, 123, 122, 121, 120, 119, 118, 117]
142
0: [86]
1: [127, 86]
2: [127, 86]
3: [127, 86]
4: [127, 86]
5: [127, 86]
6: [127, 86]
7: [127, 86]
8: [127, 86]
9: [127, 86]
10: [127, 86]
11: [86]
12: [107, 86]
13: [117, 107, 127]
14: [117, 107]
15: [117, 107]
16: [117, 107]
17: [117, 107]
18: [117, 107]
19: [117, 107]
20: [117, 107]
21: [117, 107]
22: [127, 117, 107]
23: [86, 117]
24: [107, 86]
25: [117, 127]
26: [118]
27: [118]
28: [118]
29: [118]
30: [118]
31: [118]
32: [118]
33: [118]
34: [127, 118, 107]
35: [86, 118, 117]
36: [107, 86]
37: [117, 127]
38: [118]
39: [119]
40: [119]
41: [119]
42: [119]
43: [119]
44: [119]
45: [119]
46: [127, 119, 107]
47: [86, 119, 118, 117]
48: [107, 86]
49: [117, 127]
50: [118]
51: [119]
52: [120]
53: [120]
54: [120]
55: [120]
56: [120]
57: [120]
58: [127, 120, 107]
59: [86, 120, 119, 118, 117]
60: [107, 86]
61: [117, 127]
62: [118]
63: [119]
64: [120]
65: [121]
66: [121]
67: [121]
68: [121]
69: [121]
70: [127, 121, 107]
71: [86, 121, 120, 119, 118, 117]
72: [107, 86]
73: [117, 127]
74: [118]
75: [119]
76: [120]
77: [121]
78: [122]
79: [122]
80: [122]
81: [122]
82: [127, 122, 107]
83: [86, 122, 121, 120, 119, 118, 117]
84: [107, 86]
85: [117, 127]
86: [118]
87: [119]
88: [120]
89: [121]
90: [122]
91: [123]
92: [123]
93: [123]
94: [127, 123, 107]
95: [86, 123, 122, 121, 120, 119, 118, 117]
96: [107, 86]
97: [117, 127]
98: [118]
99: [119]
100: [120]
101: [121]
102: [122]
103: [123]
104: [124]
105: [124]
106: [127, 124, 107]
107: [86, 124, 123, 122, 121, 120, 119, 118, 117]
108: [107, 86]
109: [117, 127]
110: [118]
111: [119]
112: [120]
113: [121]
114: [122]
115: [123]
116: [124]
117: [125]
118: [127, 125, 107]
119: [86, 125, 124, 123, 122, 121, 120, 119, 118, 117]
120: [107, 86]
121: [117, 127]
122: [118]
123: [119]
124: [120]
125: [121]
126: [122]
127: [123]
128: [124]
129: [125]
130: [126, 127, 107]
131: [126, 86, 125, 124, 123, 122, 121, 120, 119, 118, 117]
132: [107, 86]
133: [107, 117, 127, 86]
134: [107, 117, 118, 127, 86]
135: [107, 117, 118, 119, 127, 86]
136: [107, 117, 118, 119, 120, 127, 86]
137: [107, 117, 118, 119, 120, 121, 127, 86]
138: [107, 117, 118, 119, 120, 121, 122, 127, 86]
139: [107, 117, 118, 119, 120, 121, 122, 123, 127, 86]
140: [107, 117, 118, 119, 120, 121, 122, 123, 124, 127, 86]
141: [107, 117, 118, 119, 120, 121, 122, 123, 124, 125, 127, 86]
142: []
143: [86, 126, 125, 124, 123, 122, 121, 120, 119, 118, 117]
143
0: [86]
1: [86]
2: [86]
3: [86]
4: [86]
5: [86]
6: [86]
7: [86]
8: [86]
9: [86]
10: [86]
11: [86]
12: [86]
13: [117]
14: [117]
15: [117]
16: [117]
17: [117]
18: [117]
19: [117]
20: [117]
21: [117]
22: [117]
23: [86, 117]
24: [86]
25: [117]
26: [118]
27: [118]
28: [118]
29: [118]
30: [118]
31: [118]
32: [118]
33: [118]
34: [118]
35: [86, 118, 117]
36: [86]
37: [117]
38: [118]
39: [119]
40: [119]
41: [119]
42: [119]
43: [119]
44: [119]
45: [119]
46: [119]
47: [86, 119, 118, 117]
48: [86]
49: [117]
50: [118]
51: [119]
52: [120]
53: [120]
54: [120]
55: [120]
56: [120]
57: [120]
58: [120]
59: [86, 120, 119, 118, 117]
60: [86]
61: [117]
62: [118]
63: [119]
64: [120]
65: [121]
66: [121]
67: [121]
68: [121]
69: [121]
70: [121]
71: [86, 121, 120, 119, 118, 117]
72: [86]
73: [117]
74: [118]
75: [119]
76: [120]
77: [121]
78: [122]
79: [122]
80: [122]
81: [122]
82: [122]
83: [86, 122, 121, 120, 119, 118, 117]
84: [86]
85: [117]
86: [118]
87: [119]
88: [120]
89: [121]
90: [122]
91: [123]
92: [123]
93: [123]
94: [123]
95: [86, 123, 122, 121, 120, 119, 118, 117]
96: [86]
97: [117]
98: [118]
99: [119]
100: [120]
101: [121]
102: [122]
103: [123]
104: [124]
105: [124]
106: [124]
107: [86, 124, 123, 122, 121, 120, 119, 118, 117]
108: [86]
109: [117]
110: [118]
111: [119]
112: [120]
113: [121]
114: [122]
115: [123]
116: [124]
117: [125]
118: [125]
119: [86, 125, 124, 123, 122, 121, 120, 119, 118, 117]
120: [86]
121: [117]
122: [118]
123: [119]
124: [120]
125: [121]
126: [122]
127: [123]
128: [124]
129: [125]
130: [126]
131: [86, 126, 125, 124, 123, 122, 121, 120, 119, 118, 117]
132: [86]
133: [117, 86]
134: [117, 118, 86]
135: [117, 118, 119, 86]
136: [120, 117, 118, 119, 86]
137: [117, 118, 119, 120, 121, 86]
138: [117, 118, 119, 120, 121, 122, 86]
139: [117, 118, 119, 120, 121, 122, 123, 86]
140: [117, 118, 119, 120, 121, 122, 123, 124, 86]
141: [117, 118, 119, 120, 121, 122, 123, 124, 125, 86]
142: [117, 118, 119, 120, 121, 122, 123, 124, 125, 126, 86]
143: []
