181
1: [29, 43, 57, 71, 85, 99, 113, 127, 141, 155, 169, 170, 171, 172, 173, 174, 175, 176, 177, 178, 179, 180, 166, 152, 138, 124, 110, 96, 82, 68, 54, 40, 26, 25, 24, 23, 22, 21, 20, 19, 18, 17, 16, 15]
2: [15, 16, 30, 29]
3: [15, 16, 17, 31, 45, 44, 43, 29]
4: [15, 16, 17, 18, 32, 46, 60, 59, 58, 57, 43, 29]
5: [15, 16, 17, 18, 19, 33, 47, 61, 75, 74, 73, 72, 71, 57, 43, 29]
6: [15, 16, 17, 18, 19, 20, 34, 48, 62, 76, 90, 89, 88, 87, 86, 85, 71, 57, 43, 29]
7: [15, 16, 17, 18, 19, 20, 21, 35, 49, 63, 77, 91, 105, 104, 103, 102, 101, 100, 99, 85, 71, 57, 43, 29]
8: [15, 16, 17, 18, 19, 20, 21, 22, 36, 50, 64, 78, 92, 106, 120, 119, 118, 117, 116, 115, 114, 113, 99, 85, 71, 57, 43, 29]
9: [15, 16, 17, 18, 19, 20, 21, 22, 23, 37, 51, 65, 79, 93, 107, 121, 135, 134, 133, 132, 131, 130, 129, 128, 127, 113, 99, 85, 71, 57, 43, 29]
10: [15, 16, 17, 18, 19, 20, 21, 22, 23, 24, 38, 52, 66, 80, 94, 108, 122, 136, 150, 149, 148, 147, 146, 145, 144, 143, 142, 141, 127, 113, 99, 85, 71, 57, 43, 29]
11: [15, 16, 17, 18, 19, 20, 21, 22, 23, 24, 25, 39, 53, 67, 81, 95, 109, 123, 137, 151, 165, 164, 163, 162, 161, 160, 159, 158, 157, 156, 155, 141, 127, 113, 99, 85, 71, 57, 43, 29]
12: [16, 17, 18, 19, 20, 21, 22, 23, 24, 25, 26, 40, 54, 68, 82, 96, 110, 124, 138, 152, 166, 165, 164, 163, 162, 161, 160, 159, 158, 157, 156, 142, 128, 114, 100, 86, 72, 58, 44, 30]
13: [17, 18, 19, 20, 21, 22, 23, 24, 25, 26, 40, 54, 68, 82, 96, 110, 124, 138, 152, 151, 150, 149, 148, 147, 146, 145, 144, 143, 129, 115, 101, 87, 73, 59, 45, 31]
14: [18, 19, 20, 21, 22, 23, 24, 25, 26, 40, 54, 68, 82, 96, 110, 124, 138, 137, 136, 135, 134, 133, 132, 131, 130, 116, 102, 88, 74, 60, 46, 32]
15: [19, 20, 21, 22, 23, 24, 25, 26, 40, 54, 68, 82, 96, 110, 124, 123, 122, 121, 120, 119, 118, 117, 103, 89, 75, 61, 47, 33]
16: [20, 21, 22, 23, 24, 25, 26, 40, 54, 68, 82, 96, 110, 109, 108, 107, 106, 105, 104, 90, 76, 62, 48, 34]
17: [21, 22, 23, 24, 25, 26, 40, 54, 68, 82, 96, 95, 94, 93, 92, 91, 77, 63, 49, 35]
18: [22, 23, 24, 25, 26, 40, 54, 68, 82, 81, 80, 79, 78, 64, 50, 36]
19: [23, 24, 25, 26, 40, 54, 68, 67, 66, 65, 51, 37]
20: [24, 25, 26, 40, 54, 53, 52, 38]
21: [25, 26, 40, 39]
22: [29, 30, 31, 32, 33, 34, 35, 36, 37, 38, 39, 53, 67, 81, 95, 109, 123, 137, 151, 165, 179, 178, 177, 176, 175, 174, 173, 172, 171, 170, 169, 155, 141, 127, 113, 99, 85, 71, 57, 43]
23: [43, 44, 45, 46, 47, 48, 49, 50, 51, 52, 66, 80, 94, 108, 122, 136, 150, 164, 178, 177, 176, 175, 174, 173, 172, 171, 170, 169, 155, 141, 127, 113, 99, 85, 71, 57]
24: [57, 58, 59, 60, 61, 62, 63, 64, 65, 79, 93, 107, 121, 135, 149, 163, 177, 176, 175, 174, 173, 172, 171, 170, 169, 155, 141, 127, 113, 99, 85, 71]
25: [71, 72, 73, 74, 75, 76, 77, 78, 92, 106, 120, 134, 148, 162, 176, 175, 174, 173, 172, 171, 170, 169, 155, 141, 127, 113, 99, 85]
26: [85, 86, 87, 88, 89, 90, 91, 105, 119, 133, 147, 161, 175, 174, 173, 172, 171, 170, 169, 155, 141, 127, 113, 99]
27: [99, 100, 101, 102, 103, 104, 118, 132, 146, 160, 174, 173, 172, 171, 170, 169, 155, 141, 127, 113]
28: [113, 114, 115, 116, 117, 131, 145, 159, 173, 172, 171, 170, 169, 155, 141, 127]
29: [127, 128, 129, 130, 144, 158, 172, 171, 170, 169, 155, 141]
30: [141, 142, 143, 157, 171, 170, 169, 155]
31: [155, 156, 170, 169]
32: [30, 31, 32, 33, 34, 35, 36, 37, 38, 39, 40, 54, 68, 82, 96, 110, 124, 138, 152, 166, 180, 179, 178, 177, 176, 175, 174, 173, 172, 171, 170, 156, 142, 128, 114, 100, 86, 72, 58, 44]
33: [45, 46, 47, 48, 49, 50, 51, 52, 53, 54, 68, 82, 96, 110, 124, 138, 152, 166, 180, 179, 178, 177, 176, 175, 174, 173, 172, 171, 157, 143, 129, 115, 101, 87, 73, 59]
34: [60, 61, 62, 63, 64, 65, 66, 67, 68, 82, 96, 110, 124, 138, 152, 166, 180, 179, 178, 177, 176, 175, 174, 173, 172, 158, 144, 130, 116, 102, 88, 74]
35: [75, 76, 77, 78, 79, 80, 81, 82, 96, 110, 124, 138, 152, 166, 180, 179, 178, 177, 176, 175, 174, 173, 159, 145, 131, 117, 103, 89]
36: [90, 91, 92, 93, 94, 95, 96, 110, 124, 138, 152, 166, 180, 179, 178, 177, 176, 175, 174, 160, 146, 132, 118, 104]
37: [105, 106, 107, 108, 109, 110, 124, 138, 152, 166, 180, 179, 178, 177, 176, 175, 161, 147, 133, 119]
38: [120, 121, 122, 123, 124, 138, 152, 166, 180, 179, 178, 177, 176, 162, 148, 134]
39: [135, 136, 137, 138, 152, 166, 180, 179, 178, 177, 163, 149]
40: [150, 151, 152, 166, 180, 179, 178, 164]
41: [165, 166, 180, 179]
42: [44, 58, 72, 86, 100, 114, 128, 142, 156, 157, 158, 159, 160, 161, 162, 163, 164, 165, 151, 137, 123, 109, 95, 81, 67, 53, 39, 38, 37, 36, 35, 34, 33, 32, 31, 30]
43: [30, 31, 45, 44]
44: [30, 31, 32, 46, 60, 59, 58, 44]
45: [30, 31, 32, 33, 47, 61, 75, 74, 73, 72, 58, 44]
46: [30, 31, 32, 33, 34, 48, 62, 76, 90, 89, 88, 87, 86, 72, 58, 44]
47: [30, 31, 32, 33, 34, 35, 49, 63, 77, 91, 105, 104, 103, 102, 101, 100, 86, 72, 58, 44]
48: [30, 31, 32, 33, 34, 35, 36, 50, 64, 78, 92, 106, 120, 119, 118, 117, 116, 115, 114, 100, 86, 72, 58, 44]
49: [30, 31, 32, 33, 34, 35, 36, 37, 51, 65, 79, 93, 107, 121, 135, 134, 133, 132, 131, 130, 129, 128, 114, 100, 86, 72, 58, 44]
50: [30, 31, 32, 33, 34, 35, 36, 37, 38, 52, 66, 80, 94, 108, 122, 136, 150, 149, 148, 147, 146, 145, 144, 143, 142, 128, 114, 100, 86, 72, 58, 44]
51: [31, 32, 33, 34, 35, 36, 37, 38, 39, 53, 67, 81, 95, 109, 123, 137, 151, 150, 149, 148, 147, 146, 145, 144, 143, 129, 115, 101, 87, 73, 59, 45]
52: [32, 33, 34, 35, 36, 37, 38, 39, 53, 67, 81, 95, 109, 123, 137, 136, 135, 134, 133, 132, 131, 130, 116, 102, 88, 74, 60, 46]
53: [33, 34, 35, 36, 37, 38, 39, 53, 67, 81, 95, 109, 123, 122, 121, 120, 119, 118, 117, 103, 89, 75, 61, 47]
54: [34, 35, 36, 37, 38, 39, 53, 67, 81, 95, 109, 108, 107, 106, 105, 104, 90, 76, 62, 48]
55: [35, 36, 37, 38, 39, 53, 67, 81, 95, 94, 93, 92, 91, 77, 63, 49]
56: [36, 37, 38, 39, 53, 67, 81, 80, 79, 78, 64, 50]
57: [37, 38, 39, 53, 67, 66, 65, 51]
58: [38, 39, 53, 52]
59: [44, 45, 46, 47, 48, 49, 50, 51, 52, 66, 80, 94, 108, 122, 136, 150, 164, 163, 162, 161, 160, 159, 158, 157, 156, 142, 128, 114, 100, 86, 72, 58]
60: [58, 59, 60, 61, 62, 63, 64, 65, 79, 93, 107, 121, 135, 149, 163, 162, 161, 160, 159, 158, 157, 156, 142, 128, 114, 100, 86, 72]
61: [72, 73, 74, 75, 76, 77, 78, 92, 106, 120, 134, 148, 162, 161, 160, 159, 158, 157, 156, 142, 128, 114, 100, 86]
62: [86, 87, 88, 89, 90, 91, 105, 119, 133, 147, 161, 160, 159, 158, 157, 156, 142, 128, 114, 100]
63: [100, 101, 102, 103, 104, 118, 132, 146, 160, 159, 158, 157, 156, 142, 128, 114]
64: [114, 115, 116, 117, 131, 145, 159, 158, 157, 156, 142, 128]
65: [128, 129, 130, 144, 158, 157, 156, 142]
66: [142, 143, 157, 156]
67: [45, 46, 47, 48, 49, 50, 51, 52, 53, 67, 81, 95, 109, 123, 137, 151, 165, 164, 163, 162, 161, 160, 159, 158, 157, 143, 129, 115, 101, 87, 73, 59]
68: [60, 61, 62, 63, 64, 65, 66, 67, 81, 95, 109, 123, 137, 151, 165, 164, 163, 162, 161, 160, 159, 158, 144, 130, 116, 102, 88, 74]
69: [75, 76, 77, 78, 79, 80, 81, 95, 109, 123, 137, 151, 165, 164, 163, 162, 161, 160, 159, 145, 131, 117, 103, 89]
70: [90, 91, 92, 93, 94, 95, 109, 123, 137, 151, 165, 164, 163, 162, 161, 160, 146, 132, 118, 104]
71: [105, 106, 107, 108, 109, 123, 137, 151, 165, 164, 163, 162, 161, 147, 133, 119]
72: [120, 121, 122, 123, 137, 151, 165, 164, 163, 162, 148, 134]
73: [135, 136, 137, 151, 165, 164, 163, 149]
74: [150, 151, 165, 164]
75: [59, 73, 87, 101, 115, 129, 143, 144, 145, 146, 147, 148, 149, 150, 136, 122, 108, 94, 80, 66, 52, 51, 50, 49, 48, 47, 46, 45]
76: [45, 46, 60, 59]
77: [45, 46, 47, 61, 75, 74, 73, 59]
78: [45, 46, 47, 48, 62, 76, 90, 89, 88, 87, 73, 59]
79: [45, 46, 47, 48, 49, 63, 77, 91, 105, 104, 103, 102, 101, 87, 73, 59]
80: [45, 46, 47, 48, 49, 50, 64, 78, 92, 106, 120, 119, 118, 117, 116, 115, 101, 87, 73, 59]
81: [45, 46, 47, 48, 49, 50, 51, 65, 79, 93, 107, 121, 135, 134, 133, 132, 131, 130, 129, 115, 101, 87, 73, 59]
82: [46, 47, 48, 49, 50, 51, 52, 66, 80, 94, 108, 122, 136, 135, 134, 133, 132, 131, 130, 116, 102, 88, 74, 60]
83: [47, 48, 49, 50, 51, 52, 66, 80, 94, 108, 122, 121, 120, 119, 118, 117, 103, 89, 75, 61]
84: [48, 49, 50, 51, 52, 66, 80, 94, 108, 107, 106, 105, 104, 90, 76, 62]
85: [49, 50, 51, 52, 66, 80, 94, 93, 92, 91, 77, 63]
86: [50, 51, 52, 66, 80, 79, 78, 64]
87: [51, 52, 66, 65]
88: [59, 60, 61, 62, 63, 64, 65, 79, 93, 107, 121, 135, 149, 148, 147, 146, 145, 144, 143, 129, 115, 101, 87, 73]
89: [73, 74, 75, 76, 77, 78, 92, 106, 120, 134, 148, 147, 146, 145, 144, 143, 129, 115, 101, 87]
90: [87, 88, 89, 90, 91, 105, 119, 133, 147, 146, 145, 144, 143, 129, 115, 101]
91: [101, 102, 103, 104, 118, 132, 146, 145, 144, 143, 129, 115]
92: [115, 116, 117, 131, 145, 144, 143, 129]
93: [129, 130, 144, 143]
94: [60, 61, 62, 63, 64, 65, 66, 80, 94, 108, 122, 136, 150, 149, 148, 147, 146, 145, 144, 130, 116, 102, 88, 74]
95: [75, 76, 77, 78, 79, 80, 94, 108, 122, 136, 150, 149, 148, 147, 146, 145, 131, 117, 103, 89]
96: [90, 91, 92, 93, 94, 108, 122, 136, 150, 149, 148, 147, 146, 132, 118, 104]
97: [105, 106, 107, 108, 122, 136, 150, 149, 148, 147, 133, 119]
98: [120, 121, 122, 136, 150, 149, 148, 134]
99: [135, 136, 150, 149]
100: [74, 88, 102, 116, 130, 131, 132, 133, 134, 135, 121, 107, 93, 79, 65, 64, 63, 62, 61, 60]
101: [60, 61, 75, 74]
102: [60, 61, 62, 76, 90, 89, 88, 74]
103: [60, 61, 62, 63, 77, 91, 105, 104, 103, 102, 88, 74]
104: [60, 61, 62, 63, 64, 78, 92, 106, 120, 119, 118, 117, 116, 102, 88, 74]
105: [61, 62, 63, 64, 65, 79, 93, 107, 121, 120, 119, 118, 117, 103, 89, 75]
106: [62, 63, 64, 65, 79, 93, 107, 106, 105, 104, 90, 76]
107: [63, 64, 65, 79, 93, 92, 91, 77]
108: [64, 65, 79, 78]
109: [74, 75, 76, 77, 78, 92, 106, 120, 134, 133, 132, 131, 130, 116, 102, 88]
110: [88, 89, 90, 91, 105, 119, 133, 132, 131, 130, 116, 102]
111: [102, 103, 104, 118, 132, 131, 130, 116]
112: [116, 117, 131, 130]
113: [75, 76, 77, 78, 79, 93, 107, 121, 135, 134, 133, 132, 131, 117, 103, 89]
114: [90, 91, 92, 93, 107, 121, 135, 134, 133, 132, 118, 104]
115: [105, 106, 107, 121, 135, 134, 133, 119]
116: [120, 121, 135, 134]
117: [89, 103, 117, 118, 119, 120, 106, 92, 78, 77, 76, 75]
118: [75, 76, 90, 89]
119: [75, 76, 77, 91, 105, 104, 103, 89]
120: [76, 77, 78, 92, 106, 105, 104, 90]
121: [77, 78, 92, 91]
122: [89, 90, 91, 105, 119, 118, 117, 103]
123: [103, 104, 118, 117]
124: [90, 91, 92, 106, 120, 119, 118, 104]
125: [105, 106, 120, 119]
126: [104, 105, 91, 90]
127: [14, 28, 42, 56, 70, 84, 98, 112, 126, 140, 154, 168, 182, 183, 184, 185, 186, 187, 188, 189, 190, 191, 192, 193, 194, 195, 181, 167, 153, 139, 125, 111, 97, 83, 69, 55, 41, 27, 13, 12, 11, 10, 9, 8, 7, 6, 5, 4, 3, 2, 1, 0]
128: [0, 1, 15, 14]
129: [0, 1, 2, 16, 30, 29, 28, 14]
130: [0, 1, 2, 3, 17, 31, 45, 44, 43, 42, 28, 14]
131: [0, 1, 2, 3, 4, 18, 32, 46, 60, 59, 58, 57, 56, 42, 28, 14]
132: [0, 1, 2, 3, 4, 5, 19, 33, 47, 61, 75, 74, 73, 72, 71, 70, 56, 42, 28, 14]
133: [0, 1, 2, 3, 4, 5, 6, 20, 34, 48, 62, 76, 90, 89, 88, 87, 86, 85, 84, 70, 56, 42, 28, 14]
134: [0, 1, 2, 3, 4, 5, 6, 7, 21, 35, 49, 63, 77, 91, 105, 104, 103, 102, 101, 100, 99, 98, 84, 70, 56, 42, 28, 14]
135: [0, 1, 2, 3, 4, 5, 6, 7, 8, 22, 36, 50, 64, 78, 92, 106, 120, 119, 118, 117, 116, 115, 114, 113, 112, 98, 84, 70, 56, 42, 28, 14]
136: [0, 1, 2, 3, 4, 5, 6, 7, 8, 9, 23, 37, 51, 65, 79, 93, 107, 121, 135, 134, 133, 132, 131, 130, 129, 128, 127, 126, 112, 98, 84, 70, 56, 42, 28, 14]
137: [0, 1, 2, 3, 4, 5, 6, 7, 8, 9, 10, 24, 38, 52, 66, 80, 94, 108, 122, 136, 150, 149, 148, 147, 146, 145, 144, 143, 142, 141, 140, 126, 112, 98, 84, 70, 56, 42, 28, 14]
138: [0, 1, 2, 3, 4, 5, 6, 7, 8, 9, 10, 11, 25, 39, 53, 67, 81, 95, 109, 123, 137, 151, 165, 164, 163, 162, 161, 160, 159, 158, 157, 156, 155, 154, 140, 126, 112, 98, 84, 70, 56, 42, 28, 14]
139: [0, 1, 2, 3, 4, 5, 6, 7, 8, 9, 10, 11, 12, 26, 40, 54, 68, 82, 96, 110, 124, 138, 152, 166, 180, 179, 178, 177, 176, 175, 174, 173, 172, 171, 170, 169, 168, 154, 140, 126, 112, 98, 84, 70, 56, 42, 28, 14]
140: [1, 2, 3, 4, 5, 6, 7, 8, 9, 10, 11, 12, 13, 27, 41, 55, 69, 83, 97, 111, 125, 139, 153, 167, 181, 180, 179, 178, 177, 176, 175, 174, 173, 172, 171, 170, 169, 155, 141, 127, 113, 99, 85, 71, 57, 43, 29, 15]
141: [2, 3, 4, 5, 6, 7, 8, 9, 10, 11, 12, 13, 27, 41, 55, 69, 83, 97, 111, 125, 139, 153, 167, 166, 165, 164, 163, 162, 161, 160, 159, 158, 157, 156, 142, 128, 114, 100, 86, 72, 58, 44, 30, 16]
142: [3, 4, 5, 6, 7, 8, 9, 10, 11, 12, 13, 27, 41, 55, 69, 83, 97, 111, 125, 139, 153, 152, 151, 150, 149, 148, 147, 146, 145, 144, 143, 129, 115, 101, 87, 73, 59, 45, 31, 17]
143: [4, 5, 6, 7, 8, 9, 10, 11, 12, 13, 27, 41, 55, 69, 83, 97, 111, 125, 139, 138, 137, 136, 135, 134, 133, 132, 131, 130, 116, 102, 88, 74, 60, 46, 32, 18]
144: [5, 6, 7, 8, 9, 10, 11, 12, 13, 27, 41, 55, 69, 83, 97, 111, 125, 124, 123, 122, 121, 120, 119, 118, 117, 103, 89, 75, 61, 47, 33, 19]
145: [6, 7, 8, 9, 10, 11, 12, 13, 27, 41, 55, 69, 83, 97, 111, 110, 109, 108, 107, 106, 105, 104, 90, 76, 62, 48, 34, 20]
146: [7, 8, 9, 10, 11, 12, 13, 27, 41, 55, 69, 83, 97, 96, 95, 94, 93, 92, 91, 77, 63, 49, 35, 21]
147: [8, 9, 10, 11, 12, 13, 27, 41, 55, 69, 83, 82, 81, 80, 79, 78, 64, 50, 36, 22]
148: [9, 10, 11, 12, 13, 27, 41, 55, 69, 68, 67, 66, 65, 51, 37, 23]
149: [10, 11, 12, 13, 27, 41, 55, 54, 53, 52, 38, 24]
150: [11, 12, 13, 27, 41, 40, 39, 25]
151: [12, 13, 27, 26]
152: [14, 15, 16, 17, 18, 19, 20, 21, 22, 23, 24, 25, 26, 40, 54, 68, 82, 96, 110, 124, 138, 152, 166, 180, 194, 193, 192, 191, 190, 189, 188, 187, 186, 185, 184, 183, 182, 168, 154, 140, 126, 112, 98, 84, 70, 56, 42, 28]
153: [28, 29, 30, 31, 32, 33, 34, 35, 36, 37, 38, 39, 53, 67, 81, 95, 109, 123, 137, 151, 165, 179, 193, 192, 191, 190, 189, 188, 187, 186, 185, 184, 183, 182, 168, 154, 140, 126, 112, 98, 84, 70, 56, 42]
154: [42, 43, 44, 45, 46, 47, 48, 49, 50, 51, 52, 66, 80, 94, 108, 122, 136, 150, 164, 178, 192, 191, 190, 189, 188, 187, 186, 185, 184, 183, 182, 168, 154, 140, 126, 112, 98, 84, 70, 56]
155: [56, 57, 58, 59, 60, 61, 62, 63, 64, 65, 79, 93, 107, 121, 135, 149, 163, 177, 191, 190, 189, 188, 187, 186, 185, 184, 183, 182, 168, 154, 140, 126, 112, 98, 84, 70]
156: [70, 71, 72, 73, 74, 75, 76, 77, 78, 92, 106, 120, 134, 148, 162, 176, 190, 189, 188, 187, 186, 185, 184, 183, 182, 168, 154, 140, 126, 112, 98, 84]
157: [84, 85, 86, 87, 88, 89, 90, 91, 105, 119, 133, 147, 161, 175, 189, 188, 187, 186, 185, 184, 183, 182, 168, 154, 140, 126, 112, 98]
158: [98, 99, 100, 101, 102, 103, 104, 118, 132, 146, 160, 174, 188, 187, 186, 185, 184, 183, 182, 168, 154, 140, 126, 112]
159: [112, 113, 114, 115, 116, 117, 131, 145, 159, 173, 187, 186, 185, 184, 183, 182, 168, 154, 140, 126]
160: [126, 127, 128, 129, 130, 144, 158, 172, 186, 185, 184, 183, 182, 168, 154, 140]
161: [140, 141, 142, 143, 157, 171, 185, 184, 183, 182, 168, 154]
162: [154, 155, 156, 170, 184, 183, 182, 168]
163: [168, 169, 183, 182]
164: [15, 16, 17, 18, 19, 20, 21, 22, 23, 24, 25, 26, 27, 41, 55, 69, 83, 97, 111, 125, 139, 153, 167, 181, 195, 194, 193, 192, 191, 190, 189, 188, 187, 186, 185, 184, 183, 169, 155, 141, 127, 113, 99, 85, 71, 57, 43, 29]
165: [30, 31, 32, 33, 34, 35, 36, 37, 38, 39, 40, 41, 55, 69, 83, 97, 111, 125, 139, 153, 167, 181, 195, 194, 193, 192, 191, 190, 189, 188, 187, 186, 185, 184, 170, 156, 142, 128, 114, 100, 86, 72, 58, 44]
166: [45, 46, 47, 48, 49, 50, 51, 52, 53, 54, 55, 69, 83, 97, 111, 125, 139, 153, 167, 181, 195, 194, 193, 192, 191, 190, 189, 188, 187, 186, 185, 171, 157, 143, 129, 115, 101, 87, 73, 59]
167: [60, 61, 62, 63, 64, 65, 66, 67, 68, 69, 83, 97, 111, 125, 139, 153, 167, 181, 195, 194, 193, 192, 191, 190, 189, 188, 187, 186, 172, 158, 144, 130, 116, 102, 88, 74]
168: [75, 76, 77, 78, 79, 80, 81, 82, 83, 97, 111, 125, 139, 153, 167, 181, 195, 194, 193, 192, 191, 190, 189, 188, 187, 173, 159, 145, 131, 117, 103, 89]
169: [90, 91, 92, 93, 94, 95, 96, 97, 111, 125, 139, 153, 167, 181, 195, 194, 193, 192, 191, 190, 189, 188, 174, 160, 146, 132, 118, 104]
170: [105, 106, 107, 108, 109, 110, 111, 125, 139, 153, 167, 181, 195, 194, 193, 192, 191, 190, 189, 175, 161, 147, 133, 119]
171: [120, 121, 122, 123, 124, 125, 139, 153, 167, 181, 195, 194, 193, 192, 191, 190, 176, 162, 148, 134]
172: [135, 136, 137, 138, 139, 153, 167, 181, 195, 194, 193, 192, 191, 177, 163, 149]
173: [150, 151, 152, 153, 167, 181, 195, 194, 193, 192, 178, 164]
174: [165, 166, 167, 181, 195, 194, 193, 179]
175: [180, 181, 195, 194]
176: [15, 29, 43, 57, 71, 85, 99, 113, 127, 141, 155, 169, 183, 184, 185, 186, 187, 188, 189, 190, 191, 192, 193, 194, 180, 166, 152, 138, 124, 110, 96, 82, 68, 54, 40, 26, 12, 11, 10, 9, 8, 7, 6, 5, 4, 3, 2, 1]
177: [28, 42, 56, 70, 84, 98, 112, 126, 140, 154, 168, 169, 170, 171, 172, 173, 174, 175, 176, 177, 178, 179, 180, 181, 167, 153, 139, 125, 111, 97, 83, 69, 55, 41, 27, 26, 25, 24, 23, 22, 21, 20, 19, 18, 17, 16, 15, 14]
178: [45, 59, 73, 87, 101, 115, 129, 143, 157, 158, 159, 160, 161, 162, 163, 164, 150, 136, 122, 108, 94, 80, 66, 52, 38, 37, 36, 35, 34, 33, 32, 31]
179: [58, 72, 86, 100, 114, 128, 142, 143, 144, 145, 146, 147, 148, 149, 150, 151, 137, 123, 109, 95, 81, 67, 53, 52, 51, 50, 49, 48, 47, 46, 45, 44]
180: [75, 89, 103, 117, 131, 132, 133, 134, 120, 106, 92, 78, 64, 63, 62, 61]
181: [88, 102, 116, 117, 118, 119, 120, 121, 107, 93, 79, 78, 77, 76, 75, 74]
196
0
0: []
1: [128, 129, 130, 131, 132, 133, 134, 135, 136, 137, 138, 139, 127]
2: [129, 130, 131, 132, 133, 134, 135, 136, 137, 138, 139, 127]
3: [130, 131, 132, 133, 134, 135, 136, 137, 138, 139, 127]
4: [131, 132, 133, 134, 135, 136, 137, 138, 139, 127]
5: [132, 133, 134, 135, 136, 137, 138, 139, 127]
6: [133, 134, 135, 136, 137, 138, 139, 127]
7: [134, 135, 136, 137, 138, 139, 127]
8: [135, 136, 137, 138, 139, 127]
9: [136, 137, 138, 139, 127]
10: [137, 138, 139, 127]
11: [138, 139, 127]
12: [139, 127]
13: [127]
14: [127, 128, 129, 130, 131, 132, 133, 134, 135, 136, 137, 138, 139]
15: [128]
16: [129]
17: [130]
18: [131]
19: [132]
20: [133]
21: [134]
22: [135]
23: [136]
24: [137]
25: [138]
26: [139]
27: [127]
28: [127, 129, 130, 131, 132, 133, 134, 135, 136, 137, 138, 139]
29: [129]
30: [129]
31: [130]
32: [131]
33: [132]
34: [133]
35: [134]
36: [135]
37: [136]
38: [137]
39: [138]
40: [139]
41: [127]
42: [127, 130, 131, 132, 133, 134, 135, 136, 137, 138, 139]
43: [130]
44: [130]
45: [130]
46: [131]
47: [132]
48: [133]
49: [134]
50: [135]
51: [136]
52: [137]
53: [138]
54: [139]
55: [127]
56: [127, 131, 132, 133, 134, 135, 136, 137, 138, 139]
57: [131]
58: [131]
59: [131]
60: [131]
61: [132]
62: [133]
63: [134]
64: [135]
65: [136]
66: [137]
67: [138]
68: [139]
69: [127]
70: [127, 132, 133, 134, 135, 136, 137, 138, 139]
71: [132]
72: [132]
73: [132]
74: [132]
75: [132]
76: [133]
77: [134]
78: [135]
79: [136]
80: [137]
81: [138]
82: [139]
83: [127]
84: [127, 133, 134, 135, 136, 137, 138, 139]
85: [133]
86: [133]
87: [133]
88: [133]
89: [133]
90: [133]
91: [134]
92: [135]
93: [136]
94: [137]
95: [138]
96: [139]
97: [127]
98: [127, 134, 135, 136, 137, 138, 139]
99: [134]
100: [134]
101: [134]
102: [134]
103: [134]
104: [134]
105: [134]
106: [135]
107: [136]
108: [137]
109: [138]
110: [139]
111: [127]
112: [127, 135, 136, 137, 138, 139]
113: [135]
114: [135]
115: [135]
116: [135]
117: [135]
118: [135]
119: [135]
120: [135]
121: [136]
122: [137]
123: [138]
124: [139]
125: [127]
126: [127, 136, 137, 138, 139]
127: [136]
128: [136]
129: [136]
130: [136]
131: [136]
132: [136]
133: [136]
134: [136]
135: [136]
136: [137]
137: [138]
138: [139]
139: [127]
140: [127, 137, 138, 139]
141: [137]
142: [137]
143: [137]
144: [137]
145: [137]
146: [137]
147: [137]
148: [137]
149: [137]
150: [137]
151: [138]
152: [139]
153: [127]
154: [127, 138, 139]
155: [138]
156: [138]
157: [138]
158: [138]
159: [138]
160: [138]
161: [138]
162: [138]
163: [138]
164: [138]
165: [138]
166: [139]
167: [127]
168: [127, 139]
169: [139]
170: [139]
171: [139]
172: [139]
173: [139]
174: [139]
175: [139]
176: [139]
177: [139]
178: [139]
179: [139]
180: [139]
181: [127]
182: [127]
183: [127]
184: [127]
185: [127]
186: [127]
187: [127]
188: [127]
189: [127]
190: [127]
191: [127]
192: [127]
193: [127]
194: [127]
195: [127]
1
0: [127, 128, 129, 130, 131, 132, 133, 134, 135, 136, 137, 138, 139]
1: []
2: [129, 130, 131, 132, 133, 134, 135, 136, 137, 138, 139, 140, 176, 127]
3: [130, 131, 132, 133, 134, 135, 136, 137, 138, 139, 140, 176, 127]
4: [131, 132, 133, 134, 135, 136, 137, 138, 139, 140, 176, 127]
5: [132, 133, 134, 135, 136, 137, 138, 139, 140, 176, 127]
6: [133, 134, 135, 136, 137, 138, 139, 140, 176, 127]
7: [134, 135, 136, 137, 138, 139, 140, 176, 127]
8: [135, 136, 137, 138, 139, 140, 176, 127]
9: [136, 137, 138, 139, 140, 176, 127]
10: [137, 138, 139, 140, 176, 127]
11: [138, 139, 140, 176, 127]
12: [139, 140, 176, 127]
13: [140, 127]
14: [128, 127, 129, 130, 131, 132, 133, 134, 135, 136, 137, 138, 139]
15: [128, 176, 140]
16: [129]
17: [130]
18: [131]
19: [132]
20: [133]
21: [134]
22: [135]
23: [136]
24: [137]
25: [138]
26: [139, 176]
27: [140, 127]
28: [127, 129, 130, 131, 132, 133, 134, 135, 136, 137, 138, 139]
29: [176, 129, 140]
30: [129]
31: [130]
32: [131]
33: [132]
34: [133]
35: [134]
36: [135]
37: [136]
38: [137]
39: [138]
40: [139, 176]
41: [140, 127]
42: [127, 130, 131, 132, 133, 134, 135, 136, 137, 138, 139]
43: [176, 130, 140]
44: [130]
45: [130]
46: [131]
47: [132]
48: [133]
49: [134]
50: [135]
51: [136]
52: [137]
53: [138]
54: [139, 176]
55: [140, 127]
56: [127, 131, 132, 133, 134, 135, 136, 137, 138, 139]
57: [176, 131, 140]
58: [131]
59: [131]
60: [131]
61: [132]
62: [133]
63: [134]
64: [135]
65: [136]
66: [137]
67: [138]
68: [139, 176]
69: [140, 127]
70: [127, 132, 133, 134, 135, 136, 137, 138, 139]
71: [176, 132, 140]
72: [132]
73: [132]
74: [132]
75: [132]
76: [133]
77: [134]
78: [135]
79: [136]
80: [137]
81: [138]
82: [139, 176]
83: [140, 127]
84: [127, 133, 134, 135, 136, 137, 138, 139]
85: [176, 133, 140]
86: [133]
87: [133]
88: [133]
89: [133]
90: [133]
91: [134]
92: [135]
93: [136]
94: [137]
95: [138]
96: [139, 176]
97: [140, 127]
98: [127, 134, 135, 136, 137, 138, 139]
99: [176, 134, 140]
100: [134]
101: [134]
102: [134]
103: [134]
104: [134]
105: [134]
106: [135]
107: [136]
108: [137]
109: [138]
110: [139, 176]
111: [140, 127]
112: [127, 135, 136, 137, 138, 139]
113: [176, 135, 140]
114: [135]
115: [135]
116: [135]
117: [135]
118: [135]
119: [135]
120: [135]
121: [136]
122: [137]
123: [138]
124: [139, 176]
125: [140, 127]
126: [127, 136, 137, 138, 139]
127: [176, 136, 140]
128: [136]
129: [136]
130: [136]
131: [136]
132: [136]
133: [136]
134: [136]
135: [136]
136: [137]
137: [138]
138: [139, 176]
139: [140, 127]
140: [127, 137, 138, 139]
141: [176, 137, 140]
142: [137]
143: [137]
144: [137]
145: [137]
146: [137]
147: [137]
148: [137]
149: [137]
150: [137]
151: [138]
152: [139, 176]
153: [140, 127]
154: [127, 138, 139]
155: [176, 138, 140]
156: [138]
157: [138]
158: [138]
159: [138]
160: [138]
161: [138]
162: [138]
163: [138]
164: [138]
165: [138]
166: [139, 176]
167: [140, 127]
168: [127, 139]
169: [176, 139, 140]
170: [139, 140]
171: [139, 140]
172: [139, 140]
173: [139, 140]
174: [139, 140]
175: [139, 140]
176: [139, 140]
177: [139, 140]
178: [139, 140]
179: [139, 140]
180: [139, 176, 140]
181: [140, 127]
182: [127]
183: [176, 127]
184: [176, 127]
185: [176, 127]
186: [176, 127]
187: [176, 127]
188: [176, 127]
189: [176, 127]
190: [176, 127]
191: [176, 127]
192: [176, 127]
193: [176, 127]
194: [176, 127]
195: [127]
2
0: [127, 129, 130, 131, 132, 133, 134, 135, 136, 137, 138, 139]
1: [176, 127, 129, 130, 131, 132, 133, 134, 135, 136, 137, 138, 139, 140]
2: []
3: [130, 131, 132, 133, 134, 135, 136, 137, 138, 139, 140, 141, 176, 127]
4: [131, 132, 133, 134, 135, 136, 137, 138, 139, 140, 141, 176, 127]
5: [132, 133, 134, 135, 136, 137, 138, 139, 140, 141, 176, 127]
6: [133, 134, 135, 136, 137, 138, 139, 140, 141, 176, 127]
7: [134, 135, 136, 137, 138, 139, 140, 141, 176, 127]
8: [135, 136, 137, 138, 139, 140, 141, 176, 127]
9: [136, 137, 138, 139, 140, 141, 176, 127]
10: [137, 138, 139, 140, 141, 176, 127]
11: [138, 139, 140, 141, 176, 127]
12: [139, 140, 141, 176, 127]
13: [140, 141, 127]
14: [127, 129, 130, 131, 132, 133, 134, 135, 136, 137, 138, 139]
15: [176, 140]
16: [129, 141]
17: [130]
18: [131]
19: [132]
20: [133]
21: [134]
22: [135]
23: [136]
24: [137]
25: [138]
26: [139, 176]
27: [140, 141, 127]
28: [129, 127, 130, 131, 132, 133, 134, 135, 136, 137, 138, 139]
29: [176, 129, 140]
30: [129, 141]
31: [130]
32: [131]
33: [132]
34: [133]
35: [134]
36: [135]
37: [136]
38: [137]
39: [138]
40: [139, 176]
41: [140, 141, 127]
42: [127, 130, 131, 132, 133, 134, 135, 136, 137, 138, 139]
43: [176, 130, 140]
44: [130, 141]
45: [130]
46: [131]
47: [132]
48: [133]
49: [134]
50: [135]
51: [136]
52: [137]
53: [138]
54: [139, 176]
55: [140, 141, 127]
56: [127, 131, 132, 133, 134, 135, 136, 137, 138, 139]
57: [176, 131, 140]
58: [131, 141]
59: [131]
60: [131]
61: [132]
62: [133]
63: [134]
64: [135]
65: [136]
66: [137]
67: [138]
68: [139, 176]
69: [140, 141, 127]
70: [127, 132, 133, 134, 135, 136, 137, 138, 139]
71: [176, 132, 140]
72: [132, 141]
73: [132]
74: [132]
75: [132]
76: [133]
77: [134]
78: [135]
79: [136]
80: [137]
81: [138]
82: [139, 176]
83: [140, 141, 127]
84: [127, 133, 134, 135, 136, 137, 138, 139]
85: [176, 133, 140]
86: [133, 141]
87: [133]
88: [133]
89: [133]
90: [133]
91: [134]
92: [135]
93: [136]
94: [137]
95: [138]
96: [139, 176]
97: [140, 141, 127]
98: [127, 134, 135, 136, 137, 138, 139]
99: [176, 134, 140]
100: [134, 141]
101: [134]
102: [134]
103: [134]
104: [134]
105: [134]
106: [135]
107: [136]
108: [137]
109: [138]
110: [139, 176]
111: [140, 141, 127]
112: [127, 135, 136, 137, 138, 139]
113: [176, 135, 140]
114: [135, 141]
115: [135]
116: [135]
117: [135]
118: [135]
119: [135]
120: [135]
121: [136]
122: [137]
123: [138]
124: [139, 176]
125: [140, 141, 127]
126: [127, 136, 137, 138, 139]
127: [176, 136, 140]
128: [136, 141]
129: [136]
130: [136]
131: [136]
132: [136]
133: [136]
134: [136]
135: [136]
136: [137]
137: [138]
138: [139, 176]
139: [140, 141, 127]
140: [127, 137, 138, 139]
141: [176, 137, 140]
142: [137, 141]
143: [137]
144: [137]
145: [137]
146: [137]
147: [137]
148: [137]
149: [137]
150: [137]
151: [138]
152: [139, 176]
153: [140, 141, 127]
154: [127, 138, 139]
155: [176, 138, 140]
156: [138, 141]
157: [138, 141]
158: [138, 141]
159: [138, 141]
160: [138, 141]
161: [138, 141]
162: [138, 141]
163: [138, 141]
164: [138, 141]
165: [138, 141]
166: [139, 141, 176]
167: [140, 141, 127]
168: [127, 139]
169: [176, 139, 140]
170: [139, 140]
171: [139, 140]
172: [139, 140]
173: [139, 140]
174: [139, 140]
175: [139, 140]
176: [139, 140]
177: [139, 140]
178: [139, 140]
179: [139, 140]
180: [139, 140, 176]
181: [140, 127]
182: [127]
183: [176, 127]
184: [176, 127]
185: [176, 127]
186: [176, 127]
187: [176, 127]
188: [176, 127]
189: [176, 127]
190: [176, 127]
191: [176, 127]
192: [176, 127]
193: [176, 127]
194: [176, 127]
195: [127]
3
0: [127, 130, 131, 132, 133, 134, 135, 136, 137, 138, 139]
1: [176, 127, 130, 131, 132, 133, 134, 135, 136, 137, 138, 139, 140]
2: [176, 127, 130, 131, 132, 133, 134, 135, 136, 137, 138, 141, 139, 140]
3: []
4: [131, 132, 133, 134, 135, 136, 137, 138, 139, 140, 141, 142, 176, 127]
5: [132, 133, 134, 135, 136, 137, 138, 139, 140, 141, 142, 176, 127]
6: [133, 134, 135, 136, 137, 138, 139, 140, 141, 142, 176, 127]
7: [134, 135, 136, 137, 138, 139, 140, 141, 142, 176, 127]
8: [135, 136, 137, 138, 139, 140, 141, 142, 176, 127]
9: [136, 137, 138, 139, 140, 141, 142, 176, 127]
10: [137, 138, 139, 140, 141, 142, 176, 127]
11: [138, 139, 140, 141, 142, 176, 127]
12: [139, 140, 141, 142, 176, 127]
13: [140, 141, 142, 127]
14: [127, 130, 131, 132, 133, 134, 135, 136, 137, 138, 139]
15: [176, 140]
16: [141]
17: [130, 142]
18: [131]
19: [132]
20: [133]
21: [134]
22: [135]
23: [136]
24: [137]
25: [138]
26: [139, 176]
27: [140, 141, 142, 127]
28: [127, 130, 131, 132, 133, 134, 135, 136, 137, 138, 139]
29: [176, 140]
30: [141]
31: [130, 142]
32: [131]
33: [132]
34: [133]
35: [134]
36: [135]
37: [136]
38: [137]
39: [138]
40: [139, 176]
41: [140, 141, 142, 127]
42: [130, 127, 131, 132, 133, 134, 135, 136, 137, 138, 139]
43: [176, 130, 140]
44: [130, 141]
45: [130, 142]
46: [131]
47: [132]
48: [133]
49: [134]
50: [135]
51: [136]
52: [137]
53: [138]
54: [139, 176]
55: [140, 141, 142, 127]
56: [127, 131, 132, 133, 134, 135, 136, 137, 138, 139]
57: [176, 131, 140]
58: [131, 141]
59: [131, 142]
60: [131]
61: [132]
62: [133]
63: [134]
64: [135]
65: [136]
66: [137]
67: [138]
68: [139, 176]
69: [140, 141, 142, 127]
70: [127, 132, 133, 134, 135, 136, 137, 138, 139]
71: [176, 132, 140]
72: [132, 141]
73: [132, 142]
74: [132]
75: [132]
76: [133]
77: [134]
78: [135]
79: [136]
80: [137]
81: [138]
82: [139, 176]
83: [140, 141, 142, 127]
84: [127, 133, 134, 135, 136, 137, 138, 139]
85: [176, 133, 140]
86: [133, 141]
87: [133, 142]
88: [133]
89: [133]
90: [133]
91: [134]
92: [135]
93: [136]
94: [137]
95: [138]
96: [139, 176]
97: [140, 141, 142, 127]
98: [127, 134, 135, 136, 137, 138, 139]
99: [176, 134, 140]
100: [134, 141]
101: [134, 142]
102: [134]
103: [134]
104: [134]
105: [134]
106: [135]
107: [136]
108: [137]
109: [138]
110: [139, 176]
111: [140, 141, 142, 127]
112: [127, 135, 136, 137, 138, 139]
113: [176, 135, 140]
114: [135, 141]
115: [135, 142]
116: [135]
117: [135]
118: [135]
119: [135]
120: [135]
121: [136]
122: [137]
123: [138]
124: [139, 176]
125: [140, 141, 142, 127]
126: [127, 136, 137, 138, 139]
127: [176, 136, 140]
128: [136, 141]
129: [136, 142]
130: [136]
131: [136]
132: [136]
133: [136]
134: [136]
135: [136]
136: [137]
137: [138]
138: [139, 176]
139: [140, 141, 142, 127]
140: [127, 137, 138, 139]
141: [176, 137, 140]
142: [137, 141]
143: [137, 142]
144: [137, 142]
145: [137, 142]
146: [137, 142]
147: [137, 142]
148: [137, 142]
149: [137, 142]
150: [137, 142]
151: [138, 142]
152: [139, 142, 176]
153: [140, 141, 142, 127]
154: [127, 138, 139]
155: [176, 138, 140]
156: [138, 141]
157: [138, 141]
158: [138, 141]
159: [138, 141]
160: [138, 141]
161: [138, 141]
162: [138, 141]
163: [138, 141]
164: [138, 141]
165: [138, 141]
166: [139, 141, 176]
167: [140, 141, 127]
168: [127, 139]
169: [176, 139, 140]
170: [139, 140]
171: [139, 140]
172: [139, 140]
173: [139, 140]
174: [139, 140]
175: [139, 140]
176: [139, 140]
177: [139, 140]
178: [139, 140]
179: [139, 140]
180: [139, 140, 176]
181: [140, 127]
182: [127]
183: [176, 127]
184: [176, 127]
185: [176, 127]
186: [176, 127]
187: [176, 127]
188: [176, 127]
189: [176, 127]
190: [176, 127]
191: [176, 127]
192: [176, 127]
193: [176, 127]
194: [176, 127]
195: [127]
4
0: [127, 131, 132, 133, 134, 135, 136, 137, 138, 139]
1: [176, 127, 131, 132, 133, 134, 135, 136, 137, 138, 139, 140]
2: [176, 127, 131, 132, 133, 134, 135, 136, 137, 138, 141, 139, 140]
3: [176, 127, 131, 132, 133, 134, 135, 136, 137, 142, 138, 141, 139, 140]
4: []
5: [132, 133, 134, 135, 136, 137, 138, 139, 140, 141, 142, 143, 176, 127]
6: [133, 134, 135, 136, 137, 138, 139, 140, 141, 142, 143, 176, 127]
7: [134, 135, 136, 137, 138, 139, 140, 141, 142, 143, 176, 127]
8: [135, 136, 137, 138, 139, 140, 141, 142, 143, 176, 127]
9: [136, 137, 138, 139, 140, 141, 142, 143, 176, 127]
10: [137, 138, 139, 140, 141, 142, 143, 176, 127]
11: [138, 139, 140, 141, 142, 143, 176, 127]
12: [139, 140, 141, 142, 143, 176, 127]
13: [140, 141, 142, 143, 127]
14: [127, 131, 132, 133, 134, 135, 136, 137, 138, 139]
15: [176, 140]
16: [141]
17: [142]
18: [131, 143]
19: [132]
20: [133]
21: [134]
22: [135]
23: [136]
24: [137]
25: [138]
26: [139, 176]
27: [140, 141, 142, 143, 127]
28: [127, 131, 132, 133, 134, 135, 136, 137, 138, 139]
29: [176, 140]
30: [141]
31: [142]
32: [131, 143]
33: [132]
34: [133]
35: [134]
36: [135]
37: [136]
38: [137]
39: [138]
40: [139, 176]
41: [140, 141, 142, 143, 127]
42: [127, 131, 132, 133, 134, 135, 136, 137, 138, 139]
43: [176, 140]
44: [141]
45: [142]
46: [131, 143]
47: [132]
48: [133]
49: [134]
50: [135]
51: [136]
52: [137]
53: [138]
54: [139, 176]
55: [140, 141, 142, 143, 127]
56: [131, 127, 132, 133, 134, 135, 136, 137, 138, 139]
57: [176, 131, 140]
58: [131, 141]
59: [131, 142]
60: [131, 143]
61: [132]
62: [133]
63: [134]
64: [135]
65: [136]
66: [137]
67: [138]
68: [139, 176]
69: [140, 141, 142, 143, 127]
70: [127, 132, 133, 134, 135, 136, 137, 138, 139]
71: [176, 132, 140]
72: [132, 141]
73: [132, 142]
74: [132, 143]
75: [132]
76: [133]
77: [134]
78: [135]
79: [136]
80: [137]
81: [138]
82: [139, 176]
83: [140, 141, 142, 143, 127]
84: [127, 133, 134, 135, 136, 137, 138, 139]
85: [176, 133, 140]
86: [133, 141]
87: [133, 142]
88: [133, 143]
89: [133]
90: [133]
91: [134]
92: [135]
93: [136]
94: [137]
95: [138]
96: [139, 176]
97: [140, 141, 142, 143, 127]
98: [127, 134, 135, 136, 137, 138, 139]
99: [176, 134, 140]
100: [134, 141]
101: [134, 142]
102: [134, 143]
103: [134]
104: [134]
105: [134]
106: [135]
107: [136]
108: [137]
109: [138]
110: [139, 176]
111: [140, 141, 142, 143, 127]
112: [127, 135, 136, 137, 138, 139]
113: [176, 135, 140]
114: [135, 141]
115: [135, 142]
116: [135, 143]
117: [135]
118: [135]
119: [135]
120: [135]
121: [136]
122: [137]
123: [138]
124: [139, 176]
125: [140, 141, 142, 143, 127]
126: [127, 136, 137, 138, 139]
127: [176, 136, 140]
128: [136, 141]
129: [136, 142]
130: [136, 143]
131: [136, 143]
132: [136, 143]
133: [136, 143]
134: [136, 143]
135: [136, 143]
136: [137, 143]
137: [138, 143]
138: [139, 143, 176]
139: [140, 141, 142, 143, 127]
140: [127, 137, 138, 139]
141: [176, 137, 140]
142: [137, 141]
143: [137, 142]
144: [137, 142]
145: [137, 142]
146: [137, 142]
147: [137, 142]
148: [137, 142]
149: [137, 142]
150: [137, 142]
151: [138, 142]
152: [139, 142, 176]
153: [140, 141, 142, 127]
154: [127, 138, 139]
155: [176, 138, 140]
156: [138, 141]
157: [138, 141]
158: [138, 141]
159: [138, 141]
160: [138, 141]
161: [138, 141]
162: [138, 141]
163: [138, 141]
164: [138, 141]
165: [138, 141]
166: [139, 141, 176]
167: [140, 141, 127]
168: [127, 139]
169: [176, 139, 140]
170: [139, 140]
171: [139, 140]
172: [139, 140]
173: [139, 140]
174: [139, 140]
175: [139, 140]
176: [139, 140]
177: [139, 140]
178: [139, 140]
179: [139, 140]
180: [139, 140, 176]
181: [140, 127]
182: [127]
183: [176, 127]
184: [176, 127]
185: [176, 127]
186: [176, 127]
187: [176, 127]
188: [176, 127]
189: [176, 127]
190: [176, 127]
191: [176, 127]
192: [176, 127]
193: [176, 127]
194: [176, 127]
195: [127]
5
0: [127, 132, 133, 134, 135, 136, 137, 138, 139]
1: [176, 127, 132, 133, 134, 135, 136, 137, 138, 139, 140]
2: [176, 127, 132, 133, 134, 135, 136, 137, 138, 141, 139, 140]
3: [176, 127, 132, 133, 134, 135, 136, 137, 142, 138, 141, 139, 140]
4: [176, 127, 132, 133, 134, 135, 136, 143, 137, 142, 138, 141, 139, 140]
5: []
6: [133, 134, 135, 136, 137, 138, 139, 140, 141, 142, 143, 144, 176, 127]
7: [134, 135, 136, 137, 138, 139, 140, 141, 142, 143, 144, 176, 127]
8: [135, 136, 137, 138, 139, 140, 141, 142, 143, 144, 176, 127]
9: [136, 137, 138, 139, 140, 141, 142, 143, 144, 176, 127]
10: [137, 138, 139, 140, 141, 142, 143, 144, 176, 127]
11: [138, 139, 140, 141, 142, 143, 144, 176, 127]
12: [139, 140, 141, 142, 143, 144, 176, 127]
13: [140, 141, 142, 143, 144, 127]
14: [127, 132, 133, 134, 135, 136, 137, 138, 139]
15: [176, 140]
16: [141]
17: [142]
18: [143]
19: [132, 144]
20: [133]
21: [134]
22: [135]
23: [136]
24: [137]
25: [138]
26: [139, 176]
27: [140, 141, 142, 143, 144, 127]
28: [127, 132, 133, 134, 135, 136, 137, 138, 139]
29: [176, 140]
30: [141]
31: [142]
32: [143]
33: [132, 144]
34: [133]
35: [134]
36: [135]
37: [136]
38: [137]
39: [138]
40: [139, 176]
41: [140, 141, 142, 143, 144, 127]
42: [127, 132, 133, 134, 135, 136, 137, 138, 139]
43: [176, 140]
44: [141]
45: [142]
46: [143]
47: [132, 144]
48: [133]
49: [134]
50: [135]
51: [136]
52: [137]
53: [138]
54: [139, 176]
55: [140, 141, 142, 143, 144, 127]
56: [127, 132, 133, 134, 135, 136, 137, 138, 139]
57: [176, 140]
58: [141]
59: [142]
60: [143]
61: [132, 144]
62: [133]
63: [134]
64: [135]
65: [136]
66: [137]
67: [138]
68: [139, 176]
69: [140, 141, 142, 143, 144, 127]
70: [132, 127, 133, 134, 135, 136, 137, 138, 139]
71: [176, 132, 140]
72: [132, 141]
73: [132, 142]
74: [132, 143]
75: [132, 144]
76: [133]
77: [134]
78: [135]
79: [136]
80: [137]
81: [138]
82: [139, 176]
83: [140, 141, 142, 143, 144, 127]
84: [127, 133, 134, 135, 136, 137, 138, 139]
85: [176, 133, 140]
86: [133, 141]
87: [133, 142]
88: [133, 143]
89: [133, 144]
90: [133]
91: [134]
92: [135]
93: [136]
94: [137]
95: [138]
96: [139, 176]
97: [140, 141, 142, 143, 144, 127]
98: [127, 134, 135, 136, 137, 138, 139]
99: [176, 134, 140]
100: [134, 141]
101: [134, 142]
102: [134, 143]
103: [134, 144]
104: [134]
105: [134]
106: [135]
107: [136]
108: [137]
109: [138]
110: [139, 176]
111: [140, 141, 142, 143, 144, 127]
112: [127, 135, 136, 137, 138, 139]
113: [176, 135, 140]
114: [135, 141]
115: [135, 142]
116: [135, 143]
117: [135, 144]
118: [135, 144]
119: [135, 144]
120: [135, 144]
121: [136, 144]
122: [137, 144]
123: [138, 144]
124: [139, 144, 176]
125: [140, 141, 142, 143, 144, 127]
126: [127, 136, 137, 138, 139]
127: [176, 136, 140]
128: [136, 141]
129: [136, 142]
130: [136, 143]
131: [136, 143]
132: [136, 143]
133: [136, 143]
134: [136, 143]
135: [136, 143]
136: [137, 143]
137: [138, 143]
138: [139, 143, 176]
139: [140, 141, 142, 143, 127]
140: [127, 137, 138, 139]
141: [176, 137, 140]
142: [137, 141]
143: [137, 142]
144: [137, 142]
145: [137, 142]
146: [137, 142]
147: [137, 142]
148: [137, 142]
149: [137, 142]
150: [137, 142]
151: [138, 142]
152: [139, 142, 176]
153: [140, 141, 142, 127]
154: [127, 138, 139]
155: [176, 138, 140]
156: [138, 141]
157: [138, 141]
158: [138, 141]
159: [138, 141]
160: [138, 141]
161: [138, 141]
162: [138, 141]
163: [138, 141]
164: [138, 141]
165: [138, 141]
166: [139, 141, 176]
167: [140, 141, 127]
168: [127, 139]
169: [176, 139, 140]
170: [139, 140]
171: [139, 140]
172: [139, 140]
173: [139, 140]
174: [139, 140]
175: [139, 140]
176: [139, 140]
177: [139, 140]
178: [139, 140]
179: [139, 140]
180: [139, 140, 176]
181: [140, 127]
182: [127]
183: [176, 127]
184: [176, 127]
185: [176, 127]
186: [176, 127]
187: [176, 127]
188: [176, 127]
189: [176, 127]
190: [176, 127]
191: [176, 127]
192: [176, 127]
193: [176, 127]
194: [176, 127]
195: [127]
6
0: [127, 133, 134, 135, 136, 137, 138, 139]
1: [176, 127, 133, 134, 135, 136, 137, 138, 139, 140]
2: [176, 127, 133, 134, 135, 136, 137, 138, 141, 139, 140]
3: [176, 127, 133, 134, 135, 136, 137, 142, 138, 141, 139, 140]
4: [176, 127, 133, 134, 135, 136, 143, 137, 142, 138, 141, 139, 140]
5: [176, 127, 133, 134, 144, 135, 136, 143, 137, 142, 138, 141, 139, 140]
6: []
7: [134, 135, 136, 137, 138, 139, 140, 141, 142, 143, 144, 145, 176, 127]
8: [135, 136, 137, 138, 139, 140, 141, 142, 143, 144, 145, 176, 127]
9: [136, 137, 138, 139, 140, 141, 142, 143, 144, 145, 176, 127]
10: [137, 138, 139, 140, 141, 142, 143, 144, 145, 176, 127]
11: [138, 139, 140, 141, 142, 143, 144, 145, 176, 127]
12: [139, 140, 141, 142, 143, 144, 145, 176, 127]
13: [140, 141, 142, 143, 144, 145, 127]
14: [127, 133, 134, 135, 136, 137, 138, 139]
15: [176, 140]
16: [141]
17: [142]
18: [143]
19: [144]
20: [133, 145]
21: [134]
22: [135]
23: [136]
24: [137]
25: [138]
26: [139, 176]
27: [140, 141, 142, 143, 144, 145, 127]
28: [127, 133, 134, 135, 136, 137, 138, 139]
29: [176, 140]
30: [141]
31: [142]
32: [143]
33: [144]
34: [133, 145]
35: [134]
36: [135]
37: [136]
38: [137]
39: [138]
40: [139, 176]
41: [140, 141, 142, 143, 144, 145, 127]
42: [127, 133, 134, 135, 136, 137, 138, 139]
43: [176, 140]
44: [141]
45: [142]
46: [143]
47: [144]
48: [133, 145]
49: [134]
50: [135]
51: [136]
52: [137]
53: [138]
54: [139, 176]
55: [140, 141, 142, 143, 144, 145, 127]
56: [127, 133, 134, 135, 136, 137, 138, 139]
57: [176, 140]
58: [141]
59: [142]
60: [143]
61: [144]
62: [133, 145]
63: [134]
64: [135]
65: [136]
66: [137]
67: [138]
68: [139, 176]
69: [140, 141, 142, 143, 144, 145, 127]
70: [127, 133, 134, 135, 136, 137, 138, 139]
71: [176, 140]
72: [141]
73: [142]
74: [143]
75: [144]
76: [133, 145]
77: [134]
78: [135]
79: [136]
80: [137]
81: [138]
82: [139, 176]
83: [140, 141, 142, 143, 144, 145, 127]
84: [133, 127, 134, 135, 136, 137, 138, 139]
85: [176, 133, 140]
86: [133, 141]
87: [133, 142]
88: [133, 143]
89: [133, 144]
90: [133, 145]
91: [134]
92: [135]
93: [136]
94: [137]
95: [138]
96: [139, 176]
97: [140, 141, 142, 143, 144, 145, 127]
98: [127, 134, 135, 136, 137, 138, 139]
99: [176, 134, 140]
100: [134, 141]
101: [134, 142]
102: [134, 143]
103: [134, 144]
104: [134, 145]
105: [134, 145]
106: [135, 145]
107: [136, 145]
108: [137, 145]
109: [138, 145]
110: [139, 145, 176]
111: [140, 141, 142, 143, 144, 145, 127]
112: [127, 135, 136, 137, 138, 139]
113: [176, 135, 140]
114: [135, 141]
115: [135, 142]
116: [135, 143]
117: [135, 144]
118: [135, 144]
119: [135, 144]
120: [135, 144]
121: [136, 144]
122: [137, 144]
123: [138, 144]
124: [139, 144, 176]
125: [140, 141, 142, 143, 144, 127]
126: [127, 136, 137, 138, 139]
127: [176, 136, 140]
128: [136, 141]
129: [136, 142]
130: [136, 143]
131: [136, 143]
132: [136, 143]
133: [136, 143]
134: [136, 143]
135: [136, 143]
136: [137, 143]
137: [138, 143]
138: [139, 143, 176]
139: [140, 141, 142, 143, 127]
140: [127, 137, 138, 139]
141: [176, 137, 140]
142: [137, 141]
143: [137, 142]
144: [137, 142]
145: [137, 142]
146: [137, 142]
147: [137, 142]
148: [137, 142]
149: [137, 142]
150: [137, 142]
151: [138, 142]
152: [139, 142, 176]
153: [140, 141, 142, 127]
154: [127, 138, 139]
155: [176, 138, 140]
156: [138, 141]
157: [138, 141]
158: [138, 141]
159: [138, 141]
160: [138, 141]
161: [138, 141]
162: [138, 141]
163: [138, 141]
164: [138, 141]
165: [138, 141]
166: [139, 141, 176]
167: [140, 141, 127]
168: [127, 139]
169: [176, 139, 140]
170: [139, 140]
171: [139, 140]
172: [139, 140]
173: [139, 140]
174: [139, 140]
175: [139, 140]
176: [139, 140]
177: [139, 140]
178: [139, 140]
179: [139, 140]
180: [139, 140, 176]
181: [140, 127]
182: [127]
183: [176, 127]
184: [176, 127]
185: [176, 127]
186: [176, 127]
187: [176, 127]
188: [176, 127]
189: [176, 127]
190: [176, 127]
191: [176, 127]
192: [176, 127]
193: [176, 127]
194: [176, 127]
195: [127]
7
0: [127, 134, 135, 136, 137, 138, 139]
1: [176, 127, 134, 135, 136, 137, 138, 139, 140]
2: [176, 127, 134, 135, 136, 137, 138, 141, 139, 140]
3: [176, 127, 134, 135, 136, 137, 142, 138, 141, 139, 140]
4: [176, 127, 134, 135, 136, 143, 137, 142, 138, 141, 139, 140]
5: [176, 127, 134, 144, 135, 136, 143, 137, 142, 138, 141, 139, 140]
6: [176, 127, 145, 134, 144, 135, 136, 143, 137, 142, 138, 141, 139, 140]
7: []
8: [135, 136, 137, 138, 139, 140, 141, 142, 143, 144, 145, 146, 176, 127]
9: [136, 137, 138, 139, 140, 141, 142, 143, 144, 145, 146, 176, 127]
10: [137, 138, 139, 140, 141, 142, 143, 144, 145, 146, 176, 127]
11: [138, 139, 140, 141, 142, 143, 144, 145, 146, 176, 127]
12: [139, 140, 141, 142, 143, 144, 145, 146, 176, 127]
13: [140, 141, 142, 143, 144, 145, 146, 127]
14: [127, 134, 135, 136, 137, 138, 139]
15: [176, 140]
16: [141]
17: [142]
18: [143]
19: [144]
20: [145]
21: [134, 146]
22: [135]
23: [136]
24: [137]
25: [138]
26: [139, 176]
27: [140, 141, 142, 143, 144, 145, 146, 127]
28: [127, 134, 135, 136, 137, 138, 139]
29: [176, 140]
30: [141]
31: [142]
32: [143]
33: [144]
34: [145]
35: [134, 146]
36: [135]
37: [136]
38: [137]
39: [138]
40: [139, 176]
41: [140, 141, 142, 143, 144, 145, 146, 127]
42: [127, 134, 135, 136, 137, 138, 139]
43: [176, 140]
44: [141]
45: [142]
46: [143]
47: [144]
48: [145]
49: [134, 146]
50: [135]
51: [136]
52: [137]
53: [138]
54: [139, 176]
55: [140, 141, 142, 143, 144, 145, 146, 127]
56: [127, 134, 135, 136, 137, 138, 139]
57: [176, 140]
58: [141]
59: [142]
60: [143]
61: [144]
62: [145]
63: [134, 146]
64: [135]
65: [136]
66: [137]
67: [138]
68: [139, 176]
69: [140, 141, 142, 143, 144, 145, 146, 127]
70: [127, 134, 135, 136, 137, 138, 139]
71: [176, 140]
72: [141]
73: [142]
74: [143]
75: [144]
76: [145]
77: [134, 146]
78: [135]
79: [136]
80: [137]
81: [138]
82: [139, 176]
83: [140, 141, 142, 143, 144, 145, 146, 127]
84: [127, 134, 135, 136, 137, 138, 139]
85: [176, 140]
86: [141]
87: [142]
88: [143]
89: [144]
90: [145]
91: [134, 146]
92: [135, 146]
93: [136, 146]
94: [137, 146]
95: [138, 146]
96: [139, 146, 176]
97: [140, 141, 142, 143, 144, 145, 146, 127]
98: [134, 127, 135, 136, 137, 138, 139]
99: [176, 134, 140]
100: [134, 141]
101: [134, 142]
102: [134, 143]
103: [134, 144]
104: [134, 145]
105: [134, 145]
106: [135, 145]
107: [136, 145]
108: [137, 145]
109: [138, 145]
110: [139, 145, 176]
111: [140, 141, 142, 143, 144, 145, 127]
112: [127, 135, 136, 137, 138, 139]
113: [176, 135, 140]
114: [135, 141]
115: [135, 142]
116: [135, 143]
117: [135, 144]
118: [135, 144]
119: [135, 144]
120: [135, 144]
121: [136, 144]
122: [137, 144]
123: [138, 144]
124: [139, 144, 176]
125: [140, 141, 142, 143, 144, 127]
126: [127, 136, 137, 138, 139]
127: [176, 136, 140]
128: [136, 141]
129: [136, 142]
130: [136, 143]
131: [136, 143]
132: [136, 143]
133: [136, 143]
134: [136, 143]
135: [136, 143]
136: [137, 143]
137: [138, 143]
138: [139, 143, 176]
139: [140, 141, 142, 143, 127]
140: [127, 137, 138, 139]
141: [176, 137, 140]
142: [137, 141]
143: [137, 142]
144: [137, 142]
145: [137, 142]
146: [137, 142]
147: [137, 142]
148: [137, 142]
149: [137, 142]
150: [137, 142]
151: [138, 142]
152: [139, 142, 176]
153: [140, 141, 142, 127]
154: [127, 138, 139]
155: [176, 138, 140]
156: [138, 141]
157: [138, 141]
158: [138, 141]
159: [138, 141]
160: [138, 141]
161: [138, 141]
162: [138, 141]
163: [138, 141]
164: [138, 141]
165: [138, 141]
166: [139, 141, 176]
167: [140, 141, 127]
168: [127, 139]
169: [176, 139, 140]
170: [139, 140]
171: [139, 140]
172: [139, 140]
173: [139, 140]
174: [139, 140]
175: [139, 140]
176: [139, 140]
177: [139, 140]
178: [139, 140]
179: [139, 140]
180: [139, 140, 176]
181: [140, 127]
182: [127]
183: [176, 127]
184: [176, 127]
185: [176, 127]
186: [176, 127]
187: [176, 127]
188: [176, 127]
189: [176, 127]
190: [176, 127]
191: [176, 127]
192: [176, 127]
193: [176, 127]
194: [176, 127]
195: [127]
8
0: [127, 135, 136, 137, 138, 139]
1: [176, 127, 135, 136, 137, 138, 139, 140]
2: [176, 127, 135, 136, 137, 138, 141, 139, 140]
3: [176, 127, 135, 136, 137, 142, 138, 141, 139, 140]
4: [176, 127, 135, 136, 143, 137, 142, 138, 141, 139, 140]
5: [176, 127, 144, 135, 136, 143, 137, 142, 138, 141, 139, 140]
6: [176, 127, 145, 144, 135, 136, 143, 137, 142, 138, 141, 139, 140]
7: [176, 127, 146, 145, 144, 135, 136, 143, 137, 142, 138, 141, 139, 140]
8: []
9: [136, 137, 138, 139, 140, 141, 142, 143, 144, 145, 146, 147, 176, 127]
10: [137, 138, 139, 140, 141, 142, 143, 144, 145, 146, 147, 176, 127]
11: [138, 139, 140, 141, 142, 143, 144, 145, 146, 147, 176, 127]
12: [139, 140, 141, 142, 143, 144, 145, 146, 147, 176, 127]
13: [140, 141, 142, 143, 144, 145, 146, 147, 127]
14: [127, 135, 136, 137, 138, 139]
15: [176, 140]
16: [141]
17: [142]
18: [143]
19: [144]
20: [145]
21: [146]
22: [135, 147]
23: [136]
24: [137]
25: [138]
26: [139, 176]
27: [140, 141, 142, 143, 144, 145, 146, 147, 127]
28: [127, 135, 136, 137, 138, 139]
29: [176, 140]
30: [141]
31: [142]
32: [143]
33: [144]
34: [145]
35: [146]
36: [135, 147]
37: [136]
38: [137]
39: [138]
40: [139, 176]
41: [140, 141, 142, 143, 144, 145, 146, 147, 127]
42: [127, 135, 136, 137, 138, 139]
43: [176, 140]
44: [141]
45: [142]
46: [143]
47: [144]
48: [145]
49: [146]
50: [135, 147]
51: [136]
52: [137]
53: [138]
54: [139, 176]
55: [140, 141, 142, 143, 144, 145, 146, 147, 127]
56: [127, 135, 136, 137, 138, 139]
57: [176, 140]
58: [141]
59: [142]
60: [143]
61: [144]
62: [145]
63: [146]
64: [135, 147]
65: [136]
66: [137]
67: [138]
68: [139, 176]
69: [140, 141, 142, 143, 144, 145, 146, 147, 127]
70: [127, 135, 136, 137, 138, 139]
71: [176, 140]
72: [141]
73: [142]
74: [143]
75: [144]
76: [145]
77: [146]
78: [135, 147]
79: [136, 147]
80: [137, 147]
81: [138, 147]
82: [139, 147, 176]
83: [140, 141, 142, 143, 144, 145, 146, 147, 127]
84: [127, 135, 136, 137, 138, 139]
85: [176, 140]
86: [141]
87: [142]
88: [143]
89: [144]
90: [145]
91: [146]
92: [135, 146]
93: [136, 146]
94: [137, 146]
95: [138, 146]
96: [139, 146, 176]
97: [140, 141, 142, 143, 144, 145, 146, 127]
98: [127, 135, 136, 137, 138, 139]
99: [176, 140]
100: [141]
101: [142]
102: [143]
103: [144]
104: [145]
105: [145]
106: [135, 145]
107: [136, 145]
108: [137, 145]
109: [138, 145]
110: [139, 145, 176]
111: [140, 141, 142, 143, 144, 145, 127]
112: [135, 127, 136, 137, 138, 139]
113: [176, 135, 140]
114: [135, 141]
115: [135, 142]
116: [135, 143]
117: [135, 144]
118: [135, 144]
119: [135, 144]
120: [135, 144]
121: [136, 144]
122: [137, 144]
123: [138, 144]
124: [139, 144, 176]
125: [140, 141, 142, 143, 144, 127]
126: [127, 136, 137, 138, 139]
127: [176, 136, 140]
128: [136, 141]
129: [136, 142]
130: [136, 143]
131: [136, 143]
132: [136, 143]
133: [136, 143]
134: [136, 143]
135: [136, 143]
136: [137, 143]
137: [138, 143]
138: [139, 143, 176]
139: [140, 141, 142, 143, 127]
140: [127, 137, 138, 139]
141: [176, 137, 140]
142: [137, 141]
143: [137, 142]
144: [137, 142]
145: [137, 142]
146: [137, 142]
147: [137, 142]
148: [137, 142]
149: [137, 142]
150: [137, 142]
151: [138, 142]
152: [139, 142, 176]
153: [140, 141, 142, 127]
154: [127, 138, 139]
155: [176, 138, 140]
156: [138, 141]
157: [138, 141]
158: [138, 141]
159: [138, 141]
160: [138, 141]
161: [138, 141]
162: [138, 141]
163: [138, 141]
164: [138, 141]
165: [138, 141]
166: [139, 141, 176]
167: [140, 141, 127]
168: [127, 139]
169: [176, 139, 140]
170: [139, 140]
171: [139, 140]
172: [139, 140]
173: [139, 140]
174: [139, 140]
175: [139, 140]
176: [139, 140]
177: [139, 140]
178: [139, 140]
179: [139, 140]
180: [139, 140, 176]
181: [140, 127]
182: [127]
183: [176, 127]
184: [176, 127]
185: [176, 127]
186: [176, 127]
187: [176, 127]
188: [176, 127]
189: [176, 127]
190: [176, 127]
191: [176, 127]
192: [176, 127]
193: [176, 127]
194: [176, 127]
195: [127]
9
0: [127, 136, 137, 138, 139]
1: [176, 127, 136, 137, 138, 139, 140]
2: [176, 127, 136, 137, 138, 141, 139, 140]
3: [176, 127, 136, 137, 142, 138, 141, 139, 140]
4: [176, 127, 136, 143, 137, 142, 138, 141, 139, 140]
5: [176, 127, 144, 136, 143, 137, 142, 138, 141, 139, 140]
6: [176, 127, 145, 144, 136, 143, 137, 142, 138, 141, 139, 140]
7: [176, 127, 146, 145, 144, 136, 143, 137, 142, 138, 141, 139, 140]
8: [176, 127, 147, 146, 145, 144, 136, 143, 137, 142, 138, 141, 139, 140]
9: []
10: [137, 138, 139, 140, 141, 142, 143, 144, 145, 146, 147, 148, 176, 127]
11: [138, 139, 140, 141, 142, 143, 144, 145, 146, 147, 148, 176, 127]
12: [139, 140, 141, 142, 143, 144, 145, 146, 147, 148, 176, 127]
13: [140, 141, 142, 143, 144, 145, 146, 147, 148, 127]
14: [127, 136, 137, 138, 139]
15: [176, 140]
16: [141]
17: [142]
18: [143]
19: [144]
20: [145]
21: [146]
22: [147]
23: [136, 148]
24: [137]
25: [138]
26: [139, 176]
27: [140, 141, 142, 143, 144, 145, 146, 147, 148, 127]
28: [127, 136, 137, 138, 139]
29: [176, 140]
30: [141]
31: [142]
32: [143]
33: [144]
34: [145]
35: [146]
36: [147]
37: [136, 148]
38: [137]
39: [138]
40: [139, 176]
41: [140, 141, 142, 143, 144, 145, 146, 147, 148, 127]
42: [127, 136, 137, 138, 139]
43: [176, 140]
44: [141]
45: [142]
46: [143]
47: [144]
48: [145]
49: [146]
50: [147]
51: [136, 148]
52: [137]
53: [138]
54: [139, 176]
55: [140, 141, 142, 143, 144, 145, 146, 147, 148, 127]
56: [127, 136, 137, 138, 139]
57: [176, 140]
58: [141]
59: [142]
60: [143]
61: [144]
62: [145]
63: [146]
64: [147]
65: [136, 148]
66: [137, 148]
67: [138, 148]
68: [139, 148, 176]
69: [140, 141, 142, 143, 144, 145, 146, 147, 148, 127]
70: [127, 136, 137, 138, 139]
71: [176, 140]
72: [141]
73: [142]
74: [143]
75: [144]
76: [145]
77: [146]
78: [147]
79: [136, 147]
80: [137, 147]
81: [138, 147]
82: [139, 147, 176]
83: [140, 141, 142, 143, 144, 145, 146, 147, 127]
84: [127, 136, 137, 138, 139]
85: [176, 140]
86: [141]
87: [142]
88: [143]
89: [144]
90: [145]
91: [146]
92: [146]
93: [136, 146]
94: [137, 146]
95: [138, 146]
96: [139, 146, 176]
97: [140, 141, 142, 143, 144, 145, 146, 127]
98: [127, 136, 137, 138, 139]
99: [176, 140]
100: [141]
101: [142]
102: [143]
103: [144]
104: [145]
105: [145]
106: [145]
107: [136, 145]
108: [137, 145]
109: [138, 145]
110: [139, 145, 176]
111: [140, 141, 142, 143, 144, 145, 127]
112: [127, 136, 137, 138, 139]
113: [176, 140]
114: [141]
115: [142]
116: [143]
117: [144]
118: [144]
119: [144]
120: [144]
121: [136, 144]
122: [137, 144]
123: [138, 144]
124: [139, 144, 176]
125: [140, 141, 142, 143, 144, 127]
126: [136, 127, 137, 138, 139]
127: [136, 176, 140]
128: [136, 141]
129: [136, 142]
130: [136, 143]
131: [136, 143]
132: [136, 143]
133: [136, 143]
134: [136, 143]
135: [136, 143]
136: [137, 143]
137: [138, 143]
138: [139, 143, 176]
139: [140, 141, 142, 143, 127]
140: [127, 137, 138, 139]
141: [176, 137, 140]
142: [137, 141]
143: [137, 142]
144: [137, 142]
145: [137, 142]
146: [137, 142]
147: [137, 142]
148: [137, 142]
149: [137, 142]
150: [137, 142]
151: [138, 142]
152: [139, 142, 176]
153: [140, 141, 142, 127]
154: [127, 138, 139]
155: [176, 138, 140]
156: [138, 141]
157: [138, 141]
158: [138, 141]
159: [138, 141]
160: [138, 141]
161: [138, 141]
162: [138, 141]
163: [138, 141]
164: [138, 141]
165: [138, 141]
166: [139, 141, 176]
167: [140, 141, 127]
168: [127, 139]
169: [176, 139, 140]
170: [139, 140]
171: [139, 140]
172: [139, 140]
173: [139, 140]
174: [139, 140]
175: [139, 140]
176: [139, 140]
177: [139, 140]
178: [139, 140]
179: [139, 140]
180: [139, 140, 176]
181: [140, 127]
182: [127]
183: [176, 127]
184: [176, 127]
185: [176, 127]
186: [176, 127]
187: [176, 127]
188: [176, 127]
189: [176, 127]
190: [176, 127]
191: [176, 127]
192: [176, 127]
193: [176, 127]
194: [176, 127]
195: [127]
10
0: [127, 137, 138, 139]
1: [176, 127, 137, 138, 139, 140]
2: [176, 127, 137, 138, 141, 139, 140]
3: [176, 127, 137, 142, 138, 141, 139, 140]
4: [176, 127, 143, 137, 142, 138, 141, 139, 140]
5: [176, 127, 144, 143, 137, 142, 138, 141, 139, 140]
6: [176, 127, 145, 144, 143, 137, 142, 138, 141, 139, 140]
7: [176, 127, 146, 145, 144, 143, 137, 142, 138, 141, 139, 140]
8: [176, 127, 147, 146, 145, 144, 143, 137, 142, 138, 141, 139, 140]
9: [176, 127, 148, 147, 146, 145, 144, 143, 137, 142, 138, 141, 139, 140]
10: []
11: [138, 139, 140, 141, 142, 143, 144, 145, 146, 147, 148, 149, 176, 127]
12: [139, 140, 141, 142, 143, 144, 145, 146, 147, 148, 149, 176, 127]
13: [140, 141, 142, 143, 144, 145, 146, 147, 148, 149, 127]
14: [127, 137, 138, 139]
15: [176, 140]
16: [141]
17: [142]
18: [143]
19: [144]
20: [145]
21: [146]
22: [147]
23: [148]
24: [137, 149]
25: [138]
26: [139, 176]
27: [140, 141, 142, 143, 144, 145, 146, 147, 148, 149, 127]
28: [127, 137, 138, 139]
29: [176, 140]
30: [141]
31: [142]
32: [143]
33: [144]
34: [145]
35: [146]
36: [147]
37: [148]
38: [137, 149]
39: [138]
40: [139, 176]
41: [140, 141, 142, 143, 144, 145, 146, 147, 148, 149, 127]
42: [127, 137, 138, 139]
43: [176, 140]
44: [141]
45: [142]
46: [143]
47: [144]
48: [145]
49: [146]
50: [147]
51: [148]
52: [137, 149]
53: [138, 149]
54: [139, 149, 176]
55: [140, 141, 142, 143, 144, 145, 146, 147, 148, 149, 127]
56: [127, 137, 138, 139]
57: [176, 140]
58: [141]
59: [142]
60: [143]
61: [144]
62: [145]
63: [146]
64: [147]
65: [148]
66: [137, 148]
67: [138, 148]
68: [139, 148, 176]
69: [140, 141, 142, 143, 144, 145, 146, 147, 148, 127]
70: [127, 137, 138, 139]
71: [176, 140]
72: [141]
73: [142]
74: [143]
75: [144]
76: [145]
77: [146]
78: [147]
79: [147]
80: [137, 147]
81: [138, 147]
82: [139, 147, 176]
83: [140, 141, 142, 143, 144, 145, 146, 147, 127]
84: [127, 137, 138, 139]
85: [176, 140]
86: [141]
87: [142]
88: [143]
89: [144]
90: [145]
91: [146]
92: [146]
93: [146]
94: [137, 146]
95: [138, 146]
96: [139, 146, 176]
97: [140, 141, 142, 143, 144, 145, 146, 127]
98: [127, 137, 138, 139]
99: [176, 140]
100: [141]
101: [142]
102: [143]
103: [144]
104: [145]
105: [145]
106: [145]
107: [145]
108: [137, 145]
109: [138, 145]
110: [139, 145, 176]
111: [140, 141, 142, 143, 144, 145, 127]
112: [127, 137, 138, 139]
113: [176, 140]
114: [141]
115: [142]
116: [143]
117: [144]
118: [144]
119: [144]
120: [144]
121: [144]
122: [137, 144]
123: [138, 144]
124: [139, 144, 176]
125: [140, 141, 142, 143, 144, 127]
126: [127, 137, 138, 139]
127: [176, 140]
128: [141]
129: [142]
130: [143]
131: [143]
132: [143]
133: [143]
134: [143]
135: [143]
136: [137, 143]
137: [138, 143]
138: [139, 143, 176]
139: [140, 141, 142, 143, 127]
140: [137, 127, 138, 139]
141: [176, 137, 140]
142: [137, 141]
143: [137, 142]
144: [137, 142]
145: [137, 142]
146: [137, 142]
147: [137, 142]
148: [137, 142]
149: [137, 142]
150: [137, 142]
151: [138, 142]
152: [139, 142, 176]
153: [140, 141, 142, 127]
154: [127, 138, 139]
155: [176, 138, 140]
156: [138, 141]
157: [138, 141]
158: [138, 141]
159: [138, 141]
160: [138, 141]
161: [138, 141]
162: [138, 141]
163: [138, 141]
164: [138, 141]
165: [138, 141]
166: [139, 141, 176]
167: [140, 141, 127]
168: [127, 139]
169: [176, 139, 140]
170: [139, 140]
171: [139, 140]
172: [139, 140]
173: [139, 140]
174: [139, 140]
175: [139, 140]
176: [139, 140]
177: [139, 140]
178: [139, 140]
179: [139, 140]
180: [139, 140, 176]
181: [140, 127]
182: [127]
183: [176, 127]
184: [176, 127]
185: [176, 127]
186: [176, 127]
187: [176, 127]
188: [176, 127]
189: [176, 127]
190: [176, 127]
191: [176, 127]
192: [176, 127]
193: [176, 127]
194: [176, 127]
195: [127]
11
0: [127, 138, 139]
1: [176, 127, 138, 139, 140]
2: [176, 127, 138, 141, 139, 140]
3: [176, 127, 142, 138, 141, 139, 140]
4: [176, 127, 143, 142, 138, 141, 139, 140]
5: [176, 127, 144, 143, 142, 138, 141, 139, 140]
6: [176, 127, 145, 144, 143, 142, 138, 141, 139, 140]
7: [176, 127, 146, 145, 144, 143, 142, 138, 141, 139, 140]
8: [176, 127, 147, 146, 145, 144, 143, 142, 138, 141, 139, 140]
9: [176, 127, 148, 147, 146, 145, 144, 143, 142, 138, 141, 139, 140]
10: [176, 127, 149, 148, 147, 146, 145, 144, 143, 142, 138, 141, 139, 140]
11: []
12: [139, 140, 141, 142, 143, 144, 145, 146, 147, 148, 149, 150, 176, 127]
13: [140, 141, 142, 143, 144, 145, 146, 147, 148, 149, 150, 127]
14: [127, 138, 139]
15: [176, 140]
16: [141]
17: [142]
18: [143]
19: [144]
20: [145]
21: [146]
22: [147]
23: [148]
24: [149]
25: [138, 150]
26: [139, 176]
27: [140, 141, 142, 143, 144, 145, 146, 147, 148, 149, 150, 127]
28: [127, 138, 139]
29: [176, 140]
30: [141]
31: [142]
32: [143]
33: [144]
34: [145]
35: [146]
36: [147]
37: [148]
38: [149]
39: [138, 150]
40: [139, 150, 176]
41: [140, 141, 142, 143, 144, 145, 146, 147, 148, 149, 150, 127]
42: [127, 138, 139]
43: [176, 140]
44: [141]
45: [142]
46: [143]
47: [144]
48: [145]
49: [146]
50: [147]
51: [148]
52: [149]
53: [138, 149]
54: [139, 149, 176]
55: [140, 141, 142, 143, 144, 145, 146, 147, 148, 149, 127]
56: [127, 138, 139]
57: [176, 140]
58: [141]
59: [142]
60: [143]
61: [144]
62: [145]
63: [146]
64: [147]
65: [148]
66: [148]
67: [138, 148]
68: [139, 148, 176]
69: [140, 141, 142, 143, 144, 145, 146, 147, 148, 127]
70: [127, 138, 139]
71: [176, 140]
72: [141]
73: [142]
74: [143]
75: [144]
76: [145]
77: [146]
78: [147]
79: [147]
80: [147]
81: [138, 147]
82: [139, 147, 176]
83: [140, 141, 142, 143, 144, 145, 146, 147, 127]
84: [127, 138, 139]
85: [176, 140]
86: [141]
87: [142]
88: [143]
89: [144]
90: [145]
91: [146]
92: [146]
93: [146]
94: [146]
95: [138, 146]
96: [139, 146, 176]
97: [140, 141, 142, 143, 144, 145, 146, 127]
98: [127, 138, 139]
99: [176, 140]
100: [141]
101: [142]
102: [143]
103: [144]
104: [145]
105: [145]
106: [145]
107: [145]
108: [145]
109: [138, 145]
110: [139, 145, 176]
111: [140, 141, 142, 143, 144, 145, 127]
112: [127, 138, 139]
113: [176, 140]
114: [141]
115: [142]
116: [143]
117: [144]
118: [144]
119: [144]
120: [144]
121: [144]
122: [144]
123: [138, 144]
124: [139, 144, 176]
125: [140, 141, 142, 143, 144, 127]
126: [127, 138, 139]
127: [176, 140]
128: [141]
129: [142]
130: [143]
131: [143]
132: [143]
133: [143]
134: [143]
135: [143]
136: [143]
137: [138, 143]
138: [139, 143, 176]
139: [140, 141, 142, 143, 127]
140: [127, 138, 139]
141: [176, 140]
142: [141]
143: [142]
144: [142]
145: [142]
146: [142]
147: [142]
148: [142]
149: [142]
150: [142]
151: [138, 142]
152: [139, 142, 176]
153: [140, 141, 142, 127]
154: [138, 127, 139]
155: [176, 138, 140]
156: [138, 141]
157: [138, 141]
158: [138, 141]
159: [138, 141]
160: [138, 141]
161: [138, 141]
162: [138, 141]
163: [138, 141]
164: [138, 141]
165: [138, 141]
166: [139, 141, 176]
167: [140, 141, 127]
168: [127, 139]
169: [176, 139, 140]
170: [139, 140]
171: [139, 140]
172: [139, 140]
173: [139, 140]
174: [139, 140]
175: [139, 140]
176: [139, 140]
177: [139, 140]
178: [139, 140]
179: [139, 140]
180: [139, 140, 176]
181: [140, 127]
182: [127]
183: [176, 127]
184: [176, 127]
185: [176, 127]
186: [176, 127]
187: [176, 127]
188: [176, 127]
189: [176, 127]
190: [176, 127]
191: [176, 127]
192: [176, 127]
193: [176, 127]
194: [176, 127]
195: [127]
12
0: [127, 139]
1: [176, 127, 139, 140]
2: [176, 127, 141, 139, 140]
3: [176, 127, 142, 141, 139, 140]
4: [176, 127, 143, 142, 141, 139, 140]
5: [176, 127, 144, 143, 142, 141, 139, 140]
6: [176, 127, 145, 144, 143, 142, 141, 139, 140]
7: [176, 127, 146, 145, 144, 143, 142, 141, 139, 140]
8: [176, 127, 147, 146, 145, 144, 143, 142, 141, 139, 140]
9: [176, 127, 148, 147, 146, 145, 144, 143, 142, 141, 139, 140]
10: [176, 127, 149, 148, 147, 146, 145, 144, 143, 142, 141, 139, 140]
11: [176, 127, 150, 149, 148, 147, 146, 145, 144, 143, 142, 141, 139, 140]
12: []
13: [140, 141, 142, 143, 144, 145, 146, 147, 148, 149, 150, 151, 127]
14: [127, 139]
15: [176, 140]
16: [141]
17: [142]
18: [143]
19: [144]
20: [145]
21: [146]
22: [147]
23: [148]
24: [149]
25: [150]
26: [139, 151, 176]
27: [140, 141, 142, 143, 144, 145, 146, 147, 148, 149, 150, 151, 127]
28: [127, 139]
29: [176, 140]
30: [141]
31: [142]
32: [143]
33: [144]
34: [145]
35: [146]
36: [147]
37: [148]
38: [149]
39: [150]
40: [139, 150, 176]
41: [140, 141, 142, 143, 144, 145, 146, 147, 148, 149, 150, 127]
42: [127, 139]
43: [176, 140]
44: [141]
45: [142]
46: [143]
47: [144]
48: [145]
49: [146]
50: [147]
51: [148]
52: [149]
53: [149]
54: [139, 149, 176]
55: [140, 141, 142, 143, 144, 145, 146, 147, 148, 149, 127]
56: [127, 139]
57: [176, 140]
58: [141]
59: [142]
60: [143]
61: [144]
62: [145]
63: [146]
64: [147]
65: [148]
66: [148]
67: [148]
68: [139, 148, 176]
69: [140, 141, 142, 143, 144, 145, 146, 147, 148, 127]
70: [127, 139]
71: [176, 140]
72: [141]
73: [142]
74: [143]
75: [144]
76: [145]
77: [146]
78: [147]
79: [147]
80: [147]
81: [147]
82: [139, 147, 176]
83: [140, 141, 142, 143, 144, 145, 146, 147, 127]
84: [127, 139]
85: [176, 140]
86: [141]
87: [142]
88: [143]
89: [144]
90: [145]
91: [146]
92: [146]
93: [146]
94: [146]
95: [146]
96: [139, 146, 176]
97: [140, 141, 142, 143, 144, 145, 146, 127]
98: [127, 139]
99: [176, 140]
100: [141]
101: [142]
102: [143]
103: [144]
104: [145]
105: [145]
106: [145]
107: [145]
108: [145]
109: [145]
110: [139, 145, 176]
111: [140, 141, 142, 143, 144, 145, 127]
112: [127, 139]
113: [176, 140]
114: [141]
115: [142]
116: [143]
117: [144]
118: [144]
119: [144]
120: [144]
121: [144]
122: [144]
123: [144]
124: [139, 144, 176]
125: [140, 141, 142, 143, 144, 127]
126: [127, 139]
127: [176, 140]
128: [141]
129: [142]
130: [143]
131: [143]
132: [143]
133: [143]
134: [143]
135: [143]
136: [143]
137: [143]
138: [139, 143, 176]
139: [140, 141, 142, 143, 127]
140: [127, 139]
141: [176, 140]
142: [141]
143: [142]
144: [142]
145: [142]
146: [142]
147: [142]
148: [142]
149: [142]
150: [142]
151: [142]
152: [139, 142, 176]
153: [140, 141, 142, 127]
154: [127, 139]
155: [176, 140]
156: [141]
157: [141]
158: [141]
159: [141]
160: [141]
161: [141]
162: [141]
163: [141]
164: [141]
165: [141]
166: [139, 141, 176]
167: [140, 141, 127]
168: [139, 127]
169: [176, 139, 140]
170: [139, 140]
171: [139, 140]
172: [139, 140]
173: [139, 140]
174: [139, 140]
175: [139, 140]
176: [139, 140]
177: [139, 140]
178: [139, 140]
179: [139, 140]
180: [139, 140, 176]
181: [140, 127]
182: [127]
183: [176, 127]
184: [176, 127]
185: [176, 127]
186: [176, 127]
187: [176, 127]
188: [176, 127]
189: [176, 127]
190: [176, 127]
191: [176, 127]
192: [176, 127]
193: [176, 127]
194: [176, 127]
195: [127]
13
0: [127]
1: [127, 140]
2: [127, 141, 140]
3: [127, 142, 141, 140]
4: [127, 143, 142, 141, 140]
5: [127, 144, 143, 142, 141, 140]
6: [127, 145, 144, 143, 142, 141, 140]
7: [127, 146, 145, 144, 143, 142, 141, 140]
8: [127, 147, 146, 145, 144, 143, 142, 141, 140]
9: [127, 148, 147, 146, 145, 144, 143, 142, 141, 140]
10: [127, 149, 148, 147, 146, 145, 144, 143, 142, 141, 140]
11: [127, 150, 149, 148, 147, 146, 145, 144, 143, 142, 141, 140]
12: [127, 151, 150, 149, 148, 147, 146, 145, 144, 143, 142, 141, 140]
13: []
14: [127]
15: [140]
16: [141]
17: [142]
18: [143]
19: [144]
20: [145]
21: [146]
22: [147]
23: [148]
24: [149]
25: [150]
26: [151]
27: [140, 141, 142, 143, 144, 145, 146, 147, 148, 149, 150, 151, 127]
28: [127]
29: [140]
30: [141]
31: [142]
32: [143]
33: [144]
34: [145]
35: [146]
36: [147]
37: [148]
38: [149]
39: [150]
40: [150]
41: [140, 141, 142, 143, 144, 145, 146, 147, 148, 149, 150, 127]
42: [127]
43: [140]
44: [141]
45: [142]
46: [143]
47: [144]
48: [145]
49: [146]
50: [147]
51: [148]
52: [149]
53: [149]
54: [149]
55: [140, 141, 142, 143, 144, 145, 146, 147, 148, 149, 127]
56: [127]
57: [140]
58: [141]
59: [142]
60: [143]
61: [144]
62: [145]
63: [146]
64: [147]
65: [148]
66: [148]
67: [148]
68: [148]
69: [140, 141, 142, 143, 144, 145, 146, 147, 148, 127]
70: [127]
71: [140]
72: [141]
73: [142]
74: [143]
75: [144]
76: [145]
77: [146]
78: [147]
79: [147]
80: [147]
81: [147]
82: [147]
83: [140, 141, 142, 143, 144, 145, 146, 147, 127]
84: [127]
85: [140]
86: [141]
87: [142]
88: [143]
89: [144]
90: [145]
91: [146]
92: [146]
93: [146]
94: [146]
95: [146]
96: [146]
97: [140, 141, 142, 143, 144, 145, 146, 127]
98: [127]
99: [140]
100: [141]
101: [142]
102: [143]
103: [144]
104: [145]
105: [145]
106: [145]
107: [145]
108: [145]
109: [145]
110: [145]
111: [140, 141, 142, 143, 144, 145, 127]
112: [127]
113: [140]
114: [141]
115: [142]
116: [143]
117: [144]
118: [144]
119: [144]
120: [144]
121: [144]
122: [144]
123: [144]
124: [144]
125: [140, 141, 142, 143, 144, 127]
126: [127]
127: [140]
128: [141]
129: [142]
130: [143]
131: [143]
132: [143]
133: [143]
134: [143]
135: [143]
136: [143]
137: [143]
138: [143]
139: [140, 141, 142, 143, 127]
140: [127]
141: [140]
142: [141]
143: [142]
144: [142]
145: [142]
146: [142]
147: [142]
148: [142]
149: [142]
150: [142]
151: [142]
152: [142]
153: [140, 141, 142, 127]
154: [127]
155: [140]
156: [141]
157: [141]
158: [141]
159: [141]
160: [141]
161: [141]
162: [141]
163: [141]
164: [141]
165: [141]
166: [141]
167: [140, 141, 127]
168: [127]
169: [140]
170: [140]
171: [140]
172: [140]
173: [140]
174: [140]
175: [140]
176: [140]
177: [140]
178: [140]
179: [140]
180: [140]
181: [140, 127]
182: [127]
183: [127]
184: [127]
185: [127]
186: [127]
187: [127]
188: [127]
189: [127]
190: [127]
191: [127]
192: [127]
193: [127]
194: [127]
195: [127]
14
0: [128, 129, 130, 131, 132, 133, 134, 135, 136, 137, 138, 139, 127]
1: [128, 129, 130, 131, 132, 133, 134, 135, 136, 137, 138, 139, 127]
2: [129, 130, 131, 132, 133, 134, 135, 136, 137, 138, 139, 127]
3: [130, 131, 132, 133, 134, 135, 136, 137, 138, 139, 127]
4: [131, 132, 133, 134, 135, 136, 137, 138, 139, 127]
5: [132, 133, 134, 135, 136, 137, 138, 139, 127]
6: [133, 134, 135, 136, 137, 138, 139, 127]
7: [134, 135, 136, 137, 138, 139, 127]
8: [135, 136, 137, 138, 139, 127]
9: [136, 137, 138, 139, 127]
10: [137, 138, 139, 127]
11: [138, 139, 127]
12: [139, 127]
13: [127]
14: []
15: [152, 128, 177]
16: [152, 129, 177]
17: [152, 130, 177]
18: [152, 131, 177]
19: [152, 132, 177]
20: [152, 133, 177]
21: [152, 134, 177]
22: [152, 135, 177]
23: [152, 136, 177]
24: [152, 137, 177]
25: [152, 138, 177]
26: [152, 139, 177]
27: [177, 127]
28: [177, 127, 129, 130, 131, 132, 133, 134, 135, 136, 137, 138, 152, 139]
29: [129]
30: [129]
31: [130]
32: [131]
33: [132]
34: [133]
35: [134]
36: [135]
37: [136]
38: [137]
39: [138]
40: [152, 139]
41: [177, 127]
42: [177, 127, 130, 131, 132, 133, 134, 135, 136, 137, 138, 152, 139]
43: [130]
44: [130]
45: [130]
46: [131]
47: [132]
48: [133]
49: [134]
50: [135]
51: [136]
52: [137]
53: [138]
54: [152, 139]
55: [177, 127]
56: [177, 127, 131, 132, 133, 134, 135, 136, 137, 138, 152, 139]
57: [131]
58: [131]
59: [131]
60: [131]
61: [132]
62: [133]
63: [134]
64: [135]
65: [136]
66: [137]
67: [138]
68: [152, 139]
69: [177, 127]
70: [177, 127, 132, 133, 134, 135, 136, 137, 138, 152, 139]
71: [132]
72: [132]
73: [132]
74: [132]
75: [132]
76: [133]
77: [134]
78: [135]
79: [136]
80: [137]
81: [138]
82: [152, 139]
83: [177, 127]
84: [177, 127, 133, 134, 135, 136, 137, 138, 152, 139]
85: [133]
86: [133]
87: [133]
88: [133]
89: [133]
90: [133]
91: [134]
92: [135]
93: [136]
94: [137]
95: [138]
96: [152, 139]
97: [177, 127]
98: [177, 127, 134, 135, 136, 137, 138, 152, 139]
99: [134]
100: [134]
101: [134]
102: [134]
103: [134]
104: [134]
105: [134]
106: [135]
107: [136]
108: [137]
109: [138]
110: [152, 139]
111: [177, 127]
112: [177, 127, 135, 136, 137, 138, 152, 139]
113: [135]
114: [135]
115: [135]
116: [135]
117: [135]
118: [135]
119: [135]
120: [135]
121: [136]
122: [137]
123: [138]
124: [152, 139]
125: [177, 127]
126: [177, 127, 136, 137, 138, 152, 139]
127: [136]
128: [136]
129: [136]
130: [136]
131: [136]
132: [136]
133: [136]
134: [136]
135: [136]
136: [137]
137: [138]
138: [152, 139]
139: [177, 127]
140: [177, 127, 137, 138, 152, 139]
141: [137]
142: [137]
143: [137]
144: [137]
145: [137]
146: [137]
147: [137]
148: [137]
149: [137]
150: [137]
151: [138]
152: [152, 139]
153: [177, 127]
154: [177, 127, 138, 152, 139]
155: [138]
156: [138]
157: [138]
158: [138]
159: [138]
160: [138]
161: [138]
162: [138]
163: [138]
164: [138]
165: [138]
166: [152, 139]
167: [177, 127]
168: [177, 127, 152, 139]
169: [177, 139]
170: [177, 139]
171: [177, 139]
172: [177, 139]
173: [177, 139]
174: [177, 139]
175: [177, 139]
176: [177, 139]
177: [177, 139]
178: [177, 139]
179: [177, 139]
180: [152, 177, 139]
181: [177, 127]
182: [127, 152]
183: [127, 152]
184: [127, 152]
185: [127, 152]
186: [127, 152]
187: [127, 152]
188: [127, 152]
189: [127, 152]
190: [127, 152]
191: [127, 152]
192: [127, 152]
193: [127, 152]
194: [152, 127]
195: [127]
15
0: [128]
1: [140, 128, 176]
2: [140, 176]
3: [140, 176]
4: [140, 176]
5: [140, 176]
6: [140, 176]
7: [140, 176]
8: [140, 176]
9: [140, 176]
10: [140, 176]
11: [140, 176]
12: [140, 176]
13: [140]
14: [128, 177, 152]
15: []
16: [2, 3, 4, 5, 6, 7, 8, 9, 10, 11, 1]
17: [3, 4, 5, 6, 7, 8, 9, 10, 11, 1]
18: [4, 5, 6, 7, 8, 9, 10, 11, 1]
19: [5, 6, 7, 8, 9, 10, 11, 1]
20: [6, 7, 8, 9, 10, 11, 1]
21: [7, 8, 9, 10, 11, 1]
22: [8, 9, 10, 11, 1]
23: [9, 10, 11, 1]
24: [10, 11, 1]
25: [11, 1]
26: [1]
27: [164, 140, 177]
28: [177, 152]
29: [1, 2, 3, 4, 5, 6, 7, 8, 9, 10, 11]
30: [2]
31: [3]
32: [4]
33: [5]
34: [6]
35: [7]
36: [8]
37: [9]
38: [10]
39: [11]
40: [1]
41: [164, 140, 177]
42: [177, 152]
43: [1, 3, 4, 5, 6, 7, 8, 9, 10, 11]
44: [3]
45: [3]
46: [4]
47: [5]
48: [6]
49: [7]
50: [8]
51: [9]
52: [10]
53: [11]
54: [1]
55: [164, 140, 177]
56: [177, 152]
57: [1, 4, 5, 6, 7, 8, 9, 10, 11]
58: [4]
59: [4]
60: [4]
61: [5]
62: [6]
63: [7]
64: [8]
65: [9]
66: [10]
67: [11]
68: [1]
69: [164, 140, 177]
70: [177, 152]
71: [1, 5, 6, 7, 8, 9, 10, 11]
72: [5]
73: [5]
74: [5]
75: [5]
76: [6]
77: [7]
78: [8]
79: [9]
80: [10]
81: [11]
82: [1]
83: [164, 140, 177]
84: [177, 152]
85: [1, 6, 7, 8, 9, 10, 11]
86: [6]
87: [6]
88: [6]
89: [6]
90: [6]
91: [7]
92: [8]
93: [9]
94: [10]
95: [11]
96: [1]
97: [164, 140, 177]
98: [177, 152]
99: [1, 7, 8, 9, 10, 11]
100: [7]
101: [7]
102: [7]
103: [7]
104: [7]
105: [7]
106: [8]
107: [9]
108: [10]
109: [11]
110: [1]
111: [164, 140, 177]
112: [177, 152]
113: [1, 8, 9, 10, 11]
114: [8]
115: [8]
116: [8]
117: [8]
118: [8]
119: [8]
120: [8]
121: [9]
122: [10]
123: [11]
124: [1]
125: [164, 140, 177]
126: [177, 152]
127: [1, 9, 10, 11]
128: [9]
129: [9]
130: [9]
131: [9]
132: [9]
133: [9]
134: [9]
135: [9]
136: [10]
137: [11]
138: [1]
139: [164, 140, 177]
140: [177, 152]
141: [1, 10, 11]
142: [10]
143: [10]
144: [10]
145: [10]
146: [10]
147: [10]
148: [10]
149: [10]
150: [10]
151: [11]
152: [1]
153: [164, 140, 177]
154: [177, 152]
155: [1, 11]
156: [11]
157: [11]
158: [11]
159: [11]
160: [11]
161: [11]
162: [11]
163: [11]
164: [11]
165: [11]
166: [1]
167: [164, 140, 177]
168: [177, 152]
169: [1]
170: [1]
171: [1]
172: [1]
173: [1]
174: [1]
175: [1]
176: [1]
177: [1]
178: [1]
179: [1]
180: [1]
181: [164, 177, 140]
182: [152]
183: [176, 152, 164]
184: [176, 152, 164]
185: [176, 152, 164]
186: [176, 152, 164]
187: [176, 152, 164]
188: [176, 152, 164]
189: [176, 152, 164]
190: [176, 152, 164]
191: [176, 152, 164]
192: [176, 152, 164]
193: [176, 152, 164]
194: [152, 176, 164]
195: [164]
16
0: [129]
1: [129]
2: [141, 129]
3: [141]
4: [141]
5: [141]
6: [141]
7: [141]
8: [141]
9: [141]
10: [141]
11: [141]
12: [141]
13: [141]
14: [177, 129, 152]
15: [1, 2, 3, 4, 5, 6, 7, 8, 9, 10, 11]
16: []
17: [3, 4, 5, 6, 7, 8, 9, 10, 11, 12, 1]
18: [4, 5, 6, 7, 8, 9, 10, 11, 12, 1]
19: [5, 6, 7, 8, 9, 10, 11, 12, 1]
20: [6, 7, 8, 9, 10, 11, 12, 1]
21: [7, 8, 9, 10, 11, 12, 1]
22: [8, 9, 10, 11, 12, 1]
23: [9, 10, 11, 12, 1]
24: [10, 11, 12, 1]
25: [11, 12, 1]
26: [12, 1]
27: [164, 141, 177]
28: [129, 177, 152]
29: [1, 2, 3, 4, 5, 6, 7, 8, 9, 10, 11]
30: [2, 12]
31: [3]
32: [4]
33: [5]
34: [6]
35: [7]
36: [8]
37: [9]
38: [10]
39: [11]
40: [12, 1]
41: [164, 141, 177]
42: [177, 152]
43: [1, 3, 4, 5, 6, 7, 8, 9, 10, 11]
44: [3, 12]
45: [3]
46: [4]
47: [5]
48: [6]
49: [7]
50: [8]
51: [9]
52: [10]
53: [11]
54: [12, 1]
55: [164, 141, 177]
56: [177, 152]
57: [1, 4, 5, 6, 7, 8, 9, 10, 11]
58: [4, 12]
59: [4]
60: [4]
61: [5]
62: [6]
63: [7]
64: [8]
65: [9]
66: [10]
67: [11]
68: [12, 1]
69: [164, 141, 177]
70: [177, 152]
71: [1, 5, 6, 7, 8, 9, 10, 11]
72: [5, 12]
73: [5]
74: [5]
75: [5]
76: [6]
77: [7]
78: [8]
79: [9]
80: [10]
81: [11]
82: [12, 1]
83: [164, 141, 177]
84: [177, 152]
85: [1, 6, 7, 8, 9, 10, 11]
86: [6, 12]
87: [6]
88: [6]
89: [6]
90: [6]
91: [7]
92: [8]
93: [9]
94: [10]
95: [11]
96: [12, 1]
97: [164, 141, 177]
98: [177, 152]
99: [1, 7, 8, 9, 10, 11]
100: [7, 12]
101: [7]
102: [7]
103: [7]
104: [7]
105: [7]
106: [8]
107: [9]
108: [10]
109: [11]
110: [12, 1]
111: [164, 141, 177]
112: [177, 152]
113: [1, 8, 9, 10, 11]
114: [8, 12]
115: [8]
116: [8]
117: [8]
118: [8]
119: [8]
120: [8]
121: [9]
122: [10]
123: [11]
124: [12, 1]
125: [164, 141, 177]
126: [177, 152]
127: [1, 9, 10, 11]
128: [9, 12]
129: [9]
130: [9]
131: [9]
132: [9]
133: [9]
134: [9]
135: [9]
136: [10]
137: [11]
138: [12, 1]
139: [164, 141, 177]
140: [177, 152]
141: [1, 10, 11]
142: [10, 12]
143: [10]
144: [10]
145: [10]
146: [10]
147: [10]
148: [10]
149: [10]
150: [10]
151: [11]
152: [12, 1]
153: [164, 141, 177]
154: [177, 152]
155: [1, 11]
156: [11, 12]
157: [11, 12]
158: [11, 12]
159: [11, 12]
160: [11, 12]
161: [11, 12]
162: [11, 12]
163: [11, 12]
164: [11, 12]
165: [11, 12]
166: [12, 1]
167: [164, 141, 177]
168: [177, 152]
169: [1]
170: [1]
171: [1]
172: [1]
173: [1]
174: [1]
175: [1]
176: [1]
177: [1]
178: [1]
179: [1]
180: [1]
181: [164, 177]
182: [152]
183: [152, 164]
184: [152, 164]
185: [152, 164]
186: [152, 164]
187: [152, 164]
188: [152, 164]
189: [152, 164]
190: [152, 164]
191: [152, 164]
192: [152, 164]
193: [152, 164]
194: [152, 164]
195: [164]
17
0: [130]
1: [130]
2: [130]
3: [142, 130]
4: [142]
5: [142]
6: [142]
7: [142]
8: [142]
9: [142]
10: [142]
11: [142]
12: [142]
13: [142]
14: [177, 130, 152]
15: [1, 3, 4, 5, 6, 7, 8, 9, 10, 11]
16: [1, 3, 4, 5, 6, 7, 8, 9, 10, 11, 12]
17: []
18: [4, 5, 6, 7, 8, 9, 10, 11, 12, 13, 1]
19: [5, 6, 7, 8, 9, 10, 11, 12, 13, 1]
20: [6, 7, 8, 9, 10, 11, 12, 13, 1]
21: [7, 8, 9, 10, 11, 12, 13, 1]
22: [8, 9, 10, 11, 12, 13, 1]
23: [9, 10, 11, 12, 13, 1]
24: [10, 11, 12, 13, 1]
25: [11, 12, 13, 1]
26: [12, 13, 1]
27: [164, 142, 177]
28: [177, 130, 152]
29: [1, 3, 4, 5, 6, 7, 8, 9, 10, 11]
30: [12]
31: [3, 13]
32: [4]
33: [5]
34: [6]
35: [7]
36: [8]
37: [9]
38: [10]
39: [11]
40: [12, 13, 1]
41: [164, 142, 177]
42: [177, 130, 152]
43: [1, 3, 4, 5, 6, 7, 8, 9, 10, 11]
44: [3, 12]
45: [3, 13]
46: [4]
47: [5]
48: [6]
49: [7]
50: [8]
51: [9]
52: [10]
53: [11]
54: [12, 13, 1]
55: [164, 142, 177]
56: [177, 152]
57: [1, 4, 5, 6, 7, 8, 9, 10, 11]
58: [4, 12]
59: [4, 13]
60: [4]
61: [5]
62: [6]
63: [7]
64: [8]
65: [9]
66: [10]
67: [11]
68: [12, 13, 1]
69: [164, 142, 177]
70: [177, 152]
71: [1, 5, 6, 7, 8, 9, 10, 11]
72: [5, 12]
73: [5, 13]
74: [5]
75: [5]
76: [6]
77: [7]
78: [8]
79: [9]
80: [10]
81: [11]
82: [12, 13, 1]
83: [164, 142, 177]
84: [177, 152]
85: [1, 6, 7, 8, 9, 10, 11]
86: [6, 12]
87: [6, 13]
88: [6]
89: [6]
90: [6]
91: [7]
92: [8]
93: [9]
94: [10]
95: [11]
96: [12, 13, 1]
97: [164, 142, 177]
98: [177, 152]
99: [1, 7, 8, 9, 10, 11]
100: [7, 12]
101: [7, 13]
102: [7]
103: [7]
104: [7]
105: [7]
106: [8]
107: [9]
108: [10]
109: [11]
110: [12, 13, 1]
111: [164, 142, 177]
112: [177, 152]
113: [1, 8, 9, 10, 11]
114: [8, 12]
115: [8, 13]
116: [8]
117: [8]
118: [8]
119: [8]
120: [8]
121: [9]
122: [10]
123: [11]
124: [12, 13, 1]
125: [164, 142, 177]
126: [177, 152]
127: [1, 9, 10, 11]
128: [9, 12]
129: [9, 13]
130: [9]
131: [9]
132: [9]
133: [9]
134: [9]
135: [9]
136: [10]
137: [11]
138: [12, 13, 1]
139: [164, 142, 177]
140: [177, 152]
141: [1, 10, 11]
142: [10, 12]
143: [10, 13]
144: [10, 13]
145: [10, 13]
146: [10, 13]
147: [10, 13]
148: [10, 13]
149: [10, 13]
150: [10, 13]
151: [11, 13]
152: [12, 13, 1]
153: [164, 142, 177]
154: [177, 152]
155: [1, 11]
156: [11, 12]
157: [11, 12]
158: [11, 12]
159: [11, 12]
160: [11, 12]
161: [11, 12]
162: [11, 12]
163: [11, 12]
164: [11, 12]
165: [11, 12]
166: [12, 1]
167: [164, 177]
168: [177, 152]
169: [1]
170: [1]
171: [1]
172: [1]
173: [1]
174: [1]
175: [1]
176: [1]
177: [1]
178: [1]
179: [1]
180: [1]
181: [164, 177]
182: [152]
183: [152, 164]
184: [152, 164]
185: [152, 164]
186: [152, 164]
187: [152, 164]
188: [152, 164]
189: [152, 164]
190: [152, 164]
191: [152, 164]
192: [152, 164]
193: [152, 164]
194: [152, 164]
195: [164]
18
0: [131]
1: [131]
2: [131]
3: [131]
4: [143, 131]
5: [143]
6: [143]
7: [143]
8: [143]
9: [143]
10: [143]
11: [143]
12: [143]
13: [143]
14: [177, 131, 152]
15: [1, 4, 5, 6, 7, 8, 9, 10, 11]
16: [1, 4, 5, 6, 7, 8, 9, 10, 11, 12]
17: [1, 4, 5, 6, 7, 8, 9, 10, 13, 11, 12]
18: []
19: [5, 6, 7, 8, 9, 10, 11, 12, 13, 14, 1]
20: [6, 7, 8, 9, 10, 11, 12, 13, 14, 1]
21: [7, 8, 9, 10, 11, 12, 13, 14, 1]
22: [8, 9, 10, 11, 12, 13, 14, 1]
23: [9, 10, 11, 12, 13, 14, 1]
24: [10, 11, 12, 13, 14, 1]
25: [11, 12, 13, 14, 1]
26: [12, 13, 14, 1]
27: [164, 143, 177]
28: [177, 131, 152]
29: [1, 4, 5, 6, 7, 8, 9, 10, 11]
30: [12]
31: [13]
32: [4, 14]
33: [5]
34: [6]
35: [7]
36: [8]
37: [9]
38: [10]
39: [11]
40: [12, 13, 14, 1]
41: [164, 143, 177]
42: [177, 131, 152]
43: [1, 4, 5, 6, 7, 8, 9, 10, 11]
44: [12]
45: [13]
46: [4, 14]
47: [5]
48: [6]
49: [7]
50: [8]
51: [9]
52: [10]
53: [11]
54: [12, 13, 14, 1]
55: [164, 143, 177]
56: [177, 131, 152]
57: [1, 4, 5, 6, 7, 8, 9, 10, 11]
58: [4, 12]
59: [4, 13]
60: [4, 14]
61: [5]
62: [6]
63: [7]
64: [8]
65: [9]
66: [10]
67: [11]
68: [12, 13, 14, 1]
69: [164, 143, 177]
70: [177, 152]
71: [1, 5, 6, 7, 8, 9, 10, 11]
72: [5, 12]
73: [5, 13]
74: [5, 14]
75: [5]
76: [6]
77: [7]
78: [8]
79: [9]
80: [10]
81: [11]
82: [12, 13, 14, 1]
83: [164, 143, 177]
84: [177, 152]
85: [1, 6, 7, 8, 9, 10, 11]
86: [6, 12]
87: [6, 13]
88: [6, 14]
89: [6]
90: [6]
91: [7]
92: [8]
93: [9]
94: [10]
95: [11]
96: [12, 13, 14, 1]
97: [164, 143, 177]
98: [177, 152]
99: [1, 7, 8, 9, 10, 11]
100: [7, 12]
101: [7, 13]
102: [7, 14]
103: [7]
104: [7]
105: [7]
106: [8]
107: [9]
108: [10]
109: [11]
110: [12, 13, 14, 1]
111: [164, 143, 177]
112: [177, 152]
113: [1, 8, 9, 10, 11]
114: [8, 12]
115: [8, 13]
116: [8, 14]
117: [8]
118: [8]
119: [8]
120: [8]
121: [9]
122: [10]
123: [11]
124: [12, 13, 14, 1]
125: [164, 143, 177]
126: [177, 152]
127: [1, 9, 10, 11]
128: [9, 12]
129: [9, 13]
130: [9, 14]
131: [9, 14]
132: [9, 14]
133: [9, 14]
134: [9, 14]
135: [9, 14]
136: [10, 14]
137: [11, 14]
138: [12, 13, 14, 1]
139: [164, 143, 177]
140: [177, 152]
141: [1, 10, 11]
142: [10, 12]
143: [10, 13]
144: [10, 13]
145: [10, 13]
146: [10, 13]
147: [10, 13]
148: [10, 13]
149: [10, 13]
150: [10, 13]
151: [11, 13]
152: [12, 13, 1]
153: [164, 177]
154: [177, 152]
155: [1, 11]
156: [11, 12]
157: [11, 12]
158: [11, 12]
159: [11, 12]
160: [11, 12]
161: [11, 12]
162: [11, 12]
163: [11, 12]
164: [11, 12]
165: [11, 12]
166: [12, 1]
167: [164, 177]
168: [177, 152]
169: [1]
170: [1]
171: [1]
172: [1]
173: [1]
174: [1]
175: [1]
176: [1]
177: [1]
178: [1]
179: [1]
180: [1]
181: [164, 177]
182: [152]
183: [152, 164]
184: [152, 164]
185: [152, 164]
186: [152, 164]
187: [152, 164]
188: [152, 164]
189: [152, 164]
190: [152, 164]
191: [152, 164]
192: [152, 164]
193: [152, 164]
194: [152, 164]
195: [164]
19
0: [132]
1: [132]
2: [132]
3: [132]
4: [132]
5: [144, 132]
6: [144]
7: [144]
8: [144]
9: [144]
10: [144]
11: [144]
12: [144]
13: [144]
14: [177, 132, 152]
15: [1, 5, 6, 7, 8, 9, 10, 11]
16: [1, 5, 6, 7, 8, 9, 10, 11, 12]
17: [1, 5, 6, 7, 8, 9, 10, 13, 11, 12]
18: [1, 5, 6, 7, 8, 9, 14, 10, 13, 11, 12]
19: []
20: [6, 7, 8, 9, 10, 11, 12, 13, 14, 15, 1]
21: [7, 8, 9, 10, 11, 12, 13, 14, 15, 1]
22: [8, 9, 10, 11, 12, 13, 14, 15, 1]
23: [9, 10, 11, 12, 13, 14, 15, 1]
24: [10, 11, 12, 13, 14, 15, 1]
25: [11, 12, 13, 14, 15, 1]
26: [12, 13, 14, 15, 1]
27: [164, 144, 177]
28: [177, 132, 152]
29: [1, 5, 6, 7, 8, 9, 10, 11]
30: [12]
31: [13]
32: [14]
33: [5, 15]
34: [6]
35: [7]
36: [8]
37: [9]
38: [10]
39: [11]
40: [12, 13, 14, 15, 1]
41: [164, 144, 177]
42: [177, 132, 152]
43: [1, 5, 6, 7, 8, 9, 10, 11]
44: [12]
45: [13]
46: [14]
47: [5, 15]
48: [6]
49: [7]
50: [8]
51: [9]
52: [10]
53: [11]
54: [12, 13, 14, 15, 1]
55: [164, 144, 177]
56: [177, 132, 152]
57: [1, 5, 6, 7, 8, 9, 10, 11]
58: [12]
59: [13]
60: [14]
61: [5, 15]
62: [6]
63: [7]
64: [8]
65: [9]
66: [10]
67: [11]
68: [12, 13, 14, 15, 1]
69: [164, 144, 177]
70: [177, 132, 152]
71: [1, 5, 6, 7, 8, 9, 10, 11]
72: [5, 12]
73: [5, 13]
74: [5, 14]
75: [5, 15]
76: [6]
77: [7]
78: [8]
79: [9]
80: [10]
81: [11]
82: [12, 13, 14, 15, 1]
83: [164, 144, 177]
84: [177, 152]
85: [1, 6, 7, 8, 9, 10, 11]
86: [6, 12]
87: [6, 13]
88: [6, 14]
89: [6, 15]
90: [6]
91: [7]
92: [8]
93: [9]
94: [10]
95: [11]
96: [12, 13, 14, 15, 1]
97: [164, 144, 177]
98: [177, 152]
99: [1, 7, 8, 9, 10, 11]
100: [7, 12]
101: [7, 13]
102: [7, 14]
103: [7, 15]
104: [7]
105: [7]
106: [8]
107: [9]
108: [10]
109: [11]
110: [12, 13, 14, 15, 1]
111: [164, 144, 177]
112: [177, 152]
113: [1, 8, 9, 10, 11]
114: [8, 12]
115: [8, 13]
116: [8, 14]
117: [8, 15]
118: [8, 15]
119: [8, 15]
120: [8, 15]
121: [9, 15]
122: [10, 15]
123: [11, 15]
124: [12, 13, 14, 15, 1]
125: [164, 144, 177]
126: [177, 152]
127: [1, 9, 10, 11]
128: [9, 12]
129: [9, 13]
130: [9, 14]
131: [9, 14]
132: [9, 14]
133: [9, 14]
134: [9, 14]
135: [9, 14]
136: [10, 14]
137: [11, 14]
138: [12, 13, 14, 1]
139: [164, 177]
140: [177, 152]
141: [1, 10, 11]
142: [10, 12]
143: [10, 13]
144: [10, 13]
145: [10, 13]
146: [10, 13]
147: [10, 13]
148: [10, 13]
149: [10, 13]
150: [10, 13]
151: [11, 13]
152: [12, 13, 1]
153: [164, 177]
154: [177, 152]
155: [1, 11]
156: [11, 12]
157: [11, 12]
158: [11, 12]
159: [11, 12]
160: [11, 12]
161: [11, 12]
162: [11, 12]
163: [11, 12]
164: [11, 12]
165: [11, 12]
166: [12, 1]
167: [164, 177]
168: [177, 152]
169: [1]
170: [1]
171: [1]
172: [1]
173: [1]
174: [1]
175: [1]
176: [1]
177: [1]
178: [1]
179: [1]
180: [1]
181: [164, 177]
182: [152]
183: [152, 164]
184: [152, 164]
185: [152, 164]
186: [152, 164]
187: [152, 164]
188: [152, 164]
189: [152, 164]
190: [152, 164]
191: [152, 164]
192: [152, 164]
193: [152, 164]
194: [152, 164]
195: [164]
20
0: [133]
1: [133]
2: [133]
3: [133]
4: [133]
5: [133]
6: [145, 133]
7: [145]
8: [145]
9: [145]
10: [145]
11: [145]
12: [145]
13: [145]
14: [177, 133, 152]
15: [1, 6, 7, 8, 9, 10, 11]
16: [1, 6, 7, 8, 9, 10, 11, 12]
17: [1, 6, 7, 8, 9, 10, 13, 11, 12]
18: [1, 6, 7, 8, 9, 14, 10, 13, 11, 12]
19: [1, 6, 7, 8, 15, 9, 14, 10, 13, 11, 12]
20: []
21: [7, 8, 9, 10, 11, 12, 13, 14, 15, 16, 1]
22: [8, 9, 10, 11, 12, 13, 14, 15, 16, 1]
23: [9, 10, 11, 12, 13, 14, 15, 16, 1]
24: [10, 11, 12, 13, 14, 15, 16, 1]
25: [11, 12, 13, 14, 15, 16, 1]
26: [12, 13, 14, 15, 16, 1]
27: [164, 145, 177]
28: [177, 133, 152]
29: [1, 6, 7, 8, 9, 10, 11]
30: [12]
31: [13]
32: [14]
33: [15]
34: [6, 16]
35: [7]
36: [8]
37: [9]
38: [10]
39: [11]
40: [12, 13, 14, 15, 16, 1]
41: [164, 145, 177]
42: [177, 133, 152]
43: [1, 6, 7, 8, 9, 10, 11]
44: [12]
45: [13]
46: [14]
47: [15]
48: [6, 16]
49: [7]
50: [8]
51: [9]
52: [10]
53: [11]
54: [12, 13, 14, 15, 16, 1]
55: [164, 145, 177]
56: [177, 133, 152]
57: [1, 6, 7, 8, 9, 10, 11]
58: [12]
59: [13]
60: [14]
61: [15]
62: [6, 16]
63: [7]
64: [8]
65: [9]
66: [10]
67: [11]
68: [12, 13, 14, 15, 16, 1]
69: [164, 145, 177]
70: [177, 133, 152]
71: [1, 6, 7, 8, 9, 10, 11]
72: [12]
73: [13]
74: [14]
75: [15]
76: [6, 16]
77: [7]
78: [8]
79: [9]
80: [10]
81: [11]
82: [12, 13, 14, 15, 16, 1]
83: [164, 145, 177]
84: [177, 133, 152]
85: [1, 6, 7, 8, 9, 10, 11]
86: [6, 12]
87: [6, 13]
88: [6, 14]
89: [6, 15]
90: [6, 16]
91: [7]
92: [8]
93: [9]
94: [10]
95: [11]
96: [12, 13, 14, 15, 16, 1]
97: [164, 145, 177]
98: [177, 152]
99: [1, 7, 8, 9, 10, 11]
100: [7, 12]
101: [7, 13]
102: [7, 14]
103: [7, 15]
104: [7, 16]
105: [7, 16]
106: [8, 16]
107: [9, 16]
108: [10, 16]
109: [11, 16]
110: [12, 13, 14, 15, 16, 1]
111: [164, 145, 177]
112: [177, 152]
113: [1, 8, 9, 10, 11]
114: [8, 12]
115: [8, 13]
116: [8, 14]
117: [8, 15]
118: [8, 15]
119: [8, 15]
120: [8, 15]
121: [9, 15]
122: [10, 15]
123: [11, 15]
124: [12, 13, 14, 15, 1]
125: [164, 177]
126: [177, 152]
127: [1, 9, 10, 11]
128: [9, 12]
129: [9, 13]
130: [9, 14]
131: [9, 14]
132: [9, 14]
133: [9, 14]
134: [9, 14]
135: [9, 14]
136: [10, 14]
137: [11, 14]
138: [12, 13, 14, 1]
139: [164, 177]
140: [177, 152]
141: [1, 10, 11]
142: [10, 12]
143: [10, 13]
144: [10, 13]
145: [10, 13]
146: [10, 13]
147: [10, 13]
148: [10, 13]
149: [10, 13]
150: [10, 13]
151: [11, 13]
152: [12, 13, 1]
153: [164, 177]
154: [177, 152]
155: [1, 11]
156: [11, 12]
157: [11, 12]
158: [11, 12]
159: [11, 12]
160: [11, 12]
161: [11, 12]
162: [11, 12]
163: [11, 12]
164: [11, 12]
165: [11, 12]
166: [12, 1]
167: [164, 177]
168: [177, 152]
169: [1]
170: [1]
171: [1]
172: [1]
173: [1]
174: [1]
175: [1]
176: [1]
177: [1]
178: [1]
179: [1]
180: [1]
181: [164, 177]
182: [152]
183: [152, 164]
184: [152, 164]
185: [152, 164]
186: [152, 164]
187: [152, 164]
188: [152, 164]
189: [152, 164]
190: [152, 164]
191: [152, 164]
192: [152, 164]
193: [152, 164]
194: [152, 164]
195: [164]
21
0: [134]
1: [134]
2: [134]
3: [134]
4: [134]
5: [134]
6: [134]
7: [146, 134]
8: [146]
9: [146]
10: [146]
11: [146]
12: [146]
13: [146]
14: [177, 134, 152]
15: [1, 7, 8, 9, 10, 11]
16: [1, 7, 8, 9, 10, 11, 12]
17: [1, 7, 8, 9, 10, 13, 11, 12]
18: [1, 7, 8, 9, 14, 10, 13, 11, 12]
19: [1, 7, 8, 15, 9, 14, 10, 13, 11, 12]
20: [1, 16, 7, 8, 15, 9, 14, 10, 13, 11, 12]
21: []
22: [8, 9, 10, 11, 12, 13, 14, 15, 16, 17, 1]
23: [9, 10, 11, 12, 13, 14, 15, 16, 17, 1]
24: [10, 11, 12, 13, 14, 15, 16, 17, 1]
25: [11, 12, 13, 14, 15, 16, 17, 1]
26: [12, 13, 14, 15, 16, 17, 1]
27: [164, 146, 177]
28: [177, 134, 152]
29: [1, 7, 8, 9, 10, 11]
30: [12]
31: [13]
32: [14]
33: [15]
34: [16]
35: [7, 17]
36: [8]
37: [9]
38: [10]
39: [11]
40: [12, 13, 14, 15, 16, 17, 1]
41: [164, 146, 177]
42: [177, 134, 152]
43: [1, 7, 8, 9, 10, 11]
44: [12]
45: [13]
46: [14]
47: [15]
48: [16]
49: [7, 17]
50: [8]
51: [9]
52: [10]
53: [11]
54: [12, 13, 14, 15, 16, 17, 1]
55: [164, 146, 177]
56: [177, 134, 152]
57: [1, 7, 8, 9, 10, 11]
58: [12]
59: [13]
60: [14]
61: [15]
62: [16]
63: [7, 17]
64: [8]
65: [9]
66: [10]
67: [11]
68: [12, 13, 14, 15, 16, 17, 1]
69: [164, 146, 177]
70: [177, 134, 152]
71: [1, 7, 8, 9, 10, 11]
72: [12]
73: [13]
74: [14]
75: [15]
76: [16]
77: [7, 17]
78: [8]
79: [9]
80: [10]
81: [11]
82: [12, 13, 14, 15, 16, 17, 1]
83: [164, 146, 177]
84: [177, 134, 152]
85: [1, 7, 8, 9, 10, 11]
86: [12]
87: [13]
88: [14]
89: [15]
90: [16]
91: [7, 17]
92: [8, 17]
93: [9, 17]
94: [10, 17]
95: [11, 17]
96: [12, 13, 14, 15, 16, 17, 1]
97: [164, 146, 177]
98: [177, 134, 152]
99: [1, 7, 8, 9, 10, 11]
100: [7, 12]
101: [7, 13]
102: [7, 14]
103: [7, 15]
104: [7, 16]
105: [7, 16]
106: [8, 16]
107: [9, 16]
108: [10, 16]
109: [11, 16]
110: [12, 13, 14, 15, 16, 1]
111: [164, 177]
112: [177, 152]
113: [1, 8, 9, 10, 11]
114: [8, 12]
115: [8, 13]
116: [8, 14]
117: [8, 15]
118: [8, 15]
119: [8, 15]
120: [8, 15]
121: [9, 15]
122: [10, 15]
123: [11, 15]
124: [12, 13, 14, 15, 1]
125: [164, 177]
126: [177, 152]
127: [1, 9, 10, 11]
128: [9, 12]
129: [9, 13]
130: [9, 14]
131: [9, 14]
132: [9, 14]
133: [9, 14]
134: [9, 14]
135: [9, 14]
136: [10, 14]
137: [11, 14]
138: [12, 13, 14, 1]
139: [164, 177]
140: [177, 152]
141: [1, 10, 11]
142: [10, 12]
143: [10, 13]
144: [10, 13]
145: [10, 13]
146: [10, 13]
147: [10, 13]
148: [10, 13]
149: [10, 13]
150: [10, 13]
151: [11, 13]
152: [12, 13, 1]
153: [164, 177]
154: [177, 152]
155: [1, 11]
156: [11, 12]
157: [11, 12]
158: [11, 12]
159: [11, 12]
160: [11, 12]
161: [11, 12]
162: [11, 12]
163: [11, 12]
164: [11, 12]
165: [11, 12]
166: [12, 1]
167: [164, 177]
168: [177, 152]
169: [1]
170: [1]
171: [1]
172: [1]
173: [1]
174: [1]
175: [1]
176: [1]
177: [1]
178: [1]
179: [1]
180: [1]
181: [164, 177]
182: [152]
183: [152, 164]
184: [152, 164]
185: [152, 164]
186: [152, 164]
187: [152, 164]
188: [152, 164]
189: [152, 164]
190: [152, 164]
191: [152, 164]
192: [152, 164]
193: [152, 164]
194: [152, 164]
195: [164]
22
0: [135]
1: [135]
2: [135]
3: [135]
4: [135]
5: [135]
6: [135]
7: [135]
8: [147, 135]
9: [147]
10: [147]
11: [147]
12: [147]
13: [147]
14: [177, 135, 152]
15: [1, 8, 9, 10, 11]
16: [1, 8, 9, 10, 11, 12]
17: [1, 8, 9, 10, 13, 11, 12]
18: [1, 8, 9, 14, 10, 13, 11, 12]
19: [1, 8, 15, 9, 14, 10, 13, 11, 12]
20: [1, 16, 8, 15, 9, 14, 10, 13, 11, 12]
21: [1, 17, 16, 8, 15, 9, 14, 10, 13, 11, 12]
22: []
23: [9, 10, 11, 12, 13, 14, 15, 16, 17, 18, 1]
24: [10, 11, 12, 13, 14, 15, 16, 17, 18, 1]
25: [11, 12, 13, 14, 15, 16, 17, 18, 1]
26: [12, 13, 14, 15, 16, 17, 18, 1]
27: [164, 147, 177]
28: [177, 135, 152]
29: [1, 8, 9, 10, 11]
30: [12]
31: [13]
32: [14]
33: [15]
34: [16]
35: [17]
36: [8, 18]
37: [9]
38: [10]
39: [11]
40: [12, 13, 14, 15, 16, 17, 18, 1]
41: [164, 147, 177]
42: [177, 135, 152]
43: [1, 8, 9, 10, 11]
44: [12]
45: [13]
46: [14]
47: [15]
48: [16]
49: [17]
50: [8, 18]
51: [9]
52: [10]
53: [11]
54: [12, 13, 14, 15, 16, 17, 18, 1]
55: [164, 147, 177]
56: [177, 135, 152]
57: [1, 8, 9, 10, 11]
58: [12]
59: [13]
60: [14]
61: [15]
62: [16]
63: [17]
64: [8, 18]
65: [9]
66: [10]
67: [11]
68: [12, 13, 14, 15, 16, 17, 18, 1]
69: [164, 147, 177]
70: [177, 135, 152]
71: [1, 8, 9, 10, 11]
72: [12]
73: [13]
74: [14]
75: [15]
76: [16]
77: [17]
78: [8, 18]
79: [9, 18]
80: [10, 18]
81: [11, 18]
82: [12, 13, 14, 15, 16, 17, 18, 1]
83: [164, 147, 177]
84: [177, 135, 152]
85: [1, 8, 9, 10, 11]
86: [12]
87: [13]
88: [14]
89: [15]
90: [16]
91: [17]
92: [8, 17]
93: [9, 17]
94: [10, 17]
95: [11, 17]
96: [12, 13, 14, 15, 16, 17, 1]
97: [164, 177]
98: [177, 135, 152]
99: [1, 8, 9, 10, 11]
100: [12]
101: [13]
102: [14]
103: [15]
104: [16]
105: [16]
106: [8, 16]
107: [9, 16]
108: [10, 16]
109: [11, 16]
110: [12, 13, 14, 15, 16, 1]
111: [164, 177]
112: [177, 135, 152]
113: [8, 1, 9, 10, 11]
114: [8, 12]
115: [8, 13]
116: [8, 14]
117: [8, 15]
118: [8, 15]
119: [8, 15]
120: [8, 15]
121: [9, 15]
122: [10, 15]
123: [11, 15]
124: [12, 13, 14, 15, 1]
125: [164, 177]
126: [177, 152]
127: [1, 9, 10, 11]
128: [9, 12]
129: [9, 13]
130: [9, 14]
131: [9, 14]
132: [9, 14]
133: [9, 14]
134: [9, 14]
135: [9, 14]
136: [10, 14]
137: [11, 14]
138: [12, 13, 14, 1]
139: [164, 177]
140: [177, 152]
141: [1, 10, 11]
142: [10, 12]
143: [10, 13]
144: [10, 13]
145: [10, 13]
146: [10, 13]
147: [10, 13]
148: [10, 13]
149: [10, 13]
150: [10, 13]
151: [11, 13]
152: [12, 13, 1]
153: [164, 177]
154: [177, 152]
155: [1, 11]
156: [11, 12]
157: [11, 12]
158: [11, 12]
159: [11, 12]
160: [11, 12]
161: [11, 12]
162: [11, 12]
163: [11, 12]
164: [11, 12]
165: [11, 12]
166: [12, 1]
167: [164, 177]
168: [177, 152]
169: [1]
170: [1]
171: [1]
172: [1]
173: [1]
174: [1]
175: [1]
176: [1]
177: [1]
178: [1]
179: [1]
180: [1]
181: [164, 177]
182: [152]
183: [152, 164]
184: [152, 164]
185: [152, 164]
186: [152, 164]
187: [152, 164]
188: [152, 164]
189: [152, 164]
190: [152, 164]
191: [152, 164]
192: [152, 164]
193: [152, 164]
194: [152, 164]
195: [164]
23
0: [136]
1: [136]
2: [136]
3: [136]
4: [136]
5: [136]
6: [136]
7: [136]
8: [136]
9: [148, 136]
10: [148]
11: [148]
12: [148]
13: [148]
14: [177, 136, 152]
15: [1, 9, 10, 11]
16: [1, 9, 10, 11, 12]
17: [1, 9, 10, 13, 11, 12]
18: [1, 9, 14, 10, 13, 11, 12]
19: [1, 15, 9, 14, 10, 13, 11, 12]
20: [1, 16, 15, 9, 14, 10, 13, 11, 12]
21: [1, 17, 16, 15, 9, 14, 10, 13, 11, 12]
22: [1, 18, 17, 16, 15, 9, 14, 10, 13, 11, 12]
23: []
24: [10, 11, 12, 13, 14, 15, 16, 17, 18, 19, 1]
25: [11, 12, 13, 14, 15, 16, 17, 18, 19, 1]
26: [12, 13, 14, 15, 16, 17, 18, 19, 1]
27: [164, 148, 177]
28: [177, 136, 152]
29: [1, 9, 10, 11]
30: [12]
31: [13]
32: [14]
33: [15]
34: [16]
35: [17]
36: [18]
37: [9, 19]
38: [10]
39: [11]
40: [12, 13, 14, 15, 16, 17, 18, 19, 1]
41: [164, 148, 177]
42: [177, 136, 152]
43: [1, 9, 10, 11]
44: [12]
45: [13]
46: [14]
47: [15]
48: [16]
49: [17]
50: [18]
51: [9, 19]
52: [10]
53: [11]
54: [12, 13, 14, 15, 16, 17, 18, 19, 1]
55: [164, 148, 177]
56: [177, 136, 152]
57: [1, 9, 10, 11]
58: [12]
59: [13]
60: [14]
61: [15]
62: [16]
63: [17]
64: [18]
65: [9, 19]
66: [10, 19]
67: [11, 19]
68: [12, 13, 14, 15, 16, 17, 18, 19, 1]
69: [164, 148, 177]
70: [177, 136, 152]
71: [1, 9, 10, 11]
72: [12]
73: [13]
74: [14]
75: [15]
76: [16]
77: [17]
78: [18]
79: [9, 18]
80: [10, 18]
81: [11, 18]
82: [12, 13, 14, 15, 16, 17, 18, 1]
83: [164, 177]
84: [177, 136, 152]
85: [1, 9, 10, 11]
86: [12]
87: [13]
88: [14]
89: [15]
90: [16]
91: [17]
92: [17]
93: [9, 17]
94: [10, 17]
95: [11, 17]
96: [12, 13, 14, 15, 16, 17, 1]
97: [164, 177]
98: [177, 136, 152]
99: [1, 9, 10, 11]
100: [12]
101: [13]
102: [14]
103: [15]
104: [16]
105: [16]
106: [16]
107: [9, 16]
108: [10, 16]
109: [11, 16]
110: [12, 13, 14, 15, 16, 1]
111: [164, 177]
112: [177, 136, 152]
113: [1, 9, 10, 11]
114: [12]
115: [13]
116: [14]
117: [15]
118: [15]
119: [15]
120: [15]
121: [9, 15]
122: [10, 15]
123: [11, 15]
124: [12, 13, 14, 15, 1]
125: [164, 177]
126: [136, 177, 152]
127: [1, 9, 10, 11]
128: [9, 12]
129: [9, 13]
130: [9, 14]
131: [9, 14]
132: [9, 14]
133: [9, 14]
134: [9, 14]
135: [9, 14]
136: [10, 14]
137: [11, 14]
138: [12, 13, 14, 1]
139: [164, 177]
140: [177, 152]
141: [1, 10, 11]
142: [10, 12]
143: [10, 13]
144: [10, 13]
145: [10, 13]
146: [10, 13]
147: [10, 13]
148: [10, 13]
149: [10, 13]
150: [10, 13]
151: [11, 13]
152: [12, 13, 1]
153: [164, 177]
154: [177, 152]
155: [1, 11]
156: [11, 12]
157: [11, 12]
158: [11, 12]
159: [11, 12]
160: [11, 12]
161: [11, 12]
162: [11, 12]
163: [11, 12]
164: [11, 12]
165: [11, 12]
166: [12, 1]
167: [164, 177]
168: [177, 152]
169: [1]
170: [1]
171: [1]
172: [1]
173: [1]
174: [1]
175: [1]
176: [1]
177: [1]
178: [1]
179: [1]
180: [1]
181: [164, 177]
182: [152]
183: [152, 164]
184: [152, 164]
185: [152, 164]
186: [152, 164]
187: [152, 164]
188: [152, 164]
189: [152, 164]
190: [152, 164]
191: [152, 164]
192: [152, 164]
193: [152, 164]
194: [152, 164]
195: [164]
24
0: [137]
1: [137]
2: [137]
3: [137]
4: [137]
5: [137]
6: [137]
7: [137]
8: [137]
9: [137]
10: [149, 137]
11: [149]
12: [149]
13: [149]
14: [177, 137, 152]
15: [1, 10, 11]
16: [1, 10, 11, 12]
17: [1, 10, 13, 11, 12]
18: [1, 14, 10, 13, 11, 12]
19: [1, 15, 14, 10, 13, 11, 12]
20: [1, 16, 15, 14, 10, 13, 11, 12]
21: [1, 17, 16, 15, 14, 10, 13, 11, 12]
22: [1, 18, 17, 16, 15, 14, 10, 13, 11, 12]
23: [1, 19, 18, 17, 16, 15, 14, 10, 13, 11, 12]
24: []
25: [11, 12, 13, 14, 15, 16, 17, 18, 19, 20, 1]
26: [12, 13, 14, 15, 16, 17, 18, 19, 20, 1]
27: [164, 149, 177]
28: [177, 137, 152]
29: [1, 10, 11]
30: [12]
31: [13]
32: [14]
33: [15]
34: [16]
35: [17]
36: [18]
37: [19]
38: [10, 20]
39: [11]
40: [12, 13, 14, 15, 16, 17, 18, 19, 20, 1]
41: [164, 149, 177]
42: [177, 137, 152]
43: [1, 10, 11]
44: [12]
45: [13]
46: [14]
47: [15]
48: [16]
49: [17]
50: [18]
51: [19]
52: [10, 20]
53: [11, 20]
54: [12, 13, 14, 15, 16, 17, 18, 19, 20, 1]
55: [164, 149, 177]
56: [177, 137, 152]
57: [1, 10, 11]
58: [12]
59: [13]
60: [14]
61: [15]
62: [16]
63: [17]
64: [18]
65: [19]
66: [10, 19]
67: [11, 19]
68: [12, 13, 14, 15, 16, 17, 18, 19, 1]
69: [164, 177]
70: [177, 137, 152]
71: [1, 10, 11]
72: [12]
73: [13]
74: [14]
75: [15]
76: [16]
77: [17]
78: [18]
79: [18]
80: [10, 18]
81: [11, 18]
82: [12, 13, 14, 15, 16, 17, 18, 1]
83: [164, 177]
84: [177, 137, 152]
85: [1, 10, 11]
86: [12]
87: [13]
88: [14]
89: [15]
90: [16]
91: [17]
92: [17]
93: [17]
94: [10, 17]
95: [11, 17]
96: [12, 13, 14, 15, 16, 17, 1]
97: [164, 177]
98: [177, 137, 152]
99: [1, 10, 11]
100: [12]
101: [13]
102: [14]
103: [15]
104: [16]
105: [16]
106: [16]
107: [16]
108: [10, 16]
109: [11, 16]
110: [12, 13, 14, 15, 16, 1]
111: [164, 177]
112: [177, 137, 152]
113: [1, 10, 11]
114: [12]
115: [13]
116: [14]
117: [15]
118: [15]
119: [15]
120: [15]
121: [15]
122: [10, 15]
123: [11, 15]
124: [12, 13, 14, 15, 1]
125: [164, 177]
126: [177, 137, 152]
127: [1, 10, 11]
128: [12]
129: [13]
130: [14]
131: [14]
132: [14]
133: [14]
134: [14]
135: [14]
136: [10, 14]
137: [11, 14]
138: [12, 13, 14, 1]
139: [164, 177]
140: [137, 177, 152]
141: [1, 10, 11]
142: [10, 12]
143: [10, 13]
144: [10, 13]
145: [10, 13]
146: [10, 13]
147: [10, 13]
148: [10, 13]
149: [10, 13]
150: [10, 13]
151: [11, 13]
152: [12, 13, 1]
153: [164, 177]
154: [177, 152]
155: [1, 11]
156: [11, 12]
157: [11, 12]
158: [11, 12]
159: [11, 12]
160: [11, 12]
161: [11, 12]
162: [11, 12]
163: [11, 12]
164: [11, 12]
165: [11, 12]
166: [12, 1]
167: [164, 177]
168: [177, 152]
169: [1]
170: [1]
171: [1]
172: [1]
173: [1]
174: [1]
175: [1]
176: [1]
177: [1]
178: [1]
179: [1]
180: [1]
181: [164, 177]
182: [152]
183: [152, 164]
184: [152, 164]
185: [152, 164]
186: [152, 164]
187: [152, 164]
188: [152, 164]
189: [152, 164]
190: [152, 164]
191: [152, 164]
192: [152, 164]
193: [152, 164]
194: [152, 164]
195: [164]
25
0: [138]
1: [138]
2: [138]
3: [138]
4: [138]
5: [138]
6: [138]
7: [138]
8: [138]
9: [138]
10: [138]
11: [150, 138]
12: [150]
13: [150]
14: [177, 138, 152]
15: [1, 11]
16: [1, 11, 12]
17: [1, 13, 11, 12]
18: [1, 14, 13, 11, 12]
19: [1, 15, 14, 13, 11, 12]
20: [1, 16, 15, 14, 13, 11, 12]
21: [1, 17, 16, 15, 14, 13, 11, 12]
22: [1, 18, 17, 16, 15, 14, 13, 11, 12]
23: [1, 19, 18, 17, 16, 15, 14, 13, 11, 12]
24: [1, 20, 19, 18, 17, 16, 15, 14, 13, 11, 12]
25: []
26: [12, 13, 14, 15, 16, 17, 18, 19, 20, 21, 1]
27: [164, 150, 177]
28: [177, 138, 152]
29: [1, 11]
30: [12]
31: [13]
32: [14]
33: [15]
34: [16]
35: [17]
36: [18]
37: [19]
38: [20]
39: [11, 21]
40: [12, 13, 14, 15, 16, 17, 18, 19, 20, 21, 1]
41: [164, 150, 177]
42: [177, 138, 152]
43: [1, 11]
44: [12]
45: [13]
46: [14]
47: [15]
48: [16]
49: [17]
50: [18]
51: [19]
52: [20]
53: [11, 20]
54: [12, 13, 14, 15, 16, 17, 18, 19, 20, 1]
55: [164, 177]
56: [177, 138, 152]
57: [1, 11]
58: [12]
59: [13]
60: [14]
61: [15]
62: [16]
63: [17]
64: [18]
65: [19]
66: [19]
67: [11, 19]
68: [12, 13, 14, 15, 16, 17, 18, 19, 1]
69: [164, 177]
70: [177, 138, 152]
71: [1, 11]
72: [12]
73: [13]
74: [14]
75: [15]
76: [16]
77: [17]
78: [18]
79: [18]
80: [18]
81: [11, 18]
82: [12, 13, 14, 15, 16, 17, 18, 1]
83: [164, 177]
84: [177, 138, 152]
85: [1, 11]
86: [12]
87: [13]
88: [14]
89: [15]
90: [16]
91: [17]
92: [17]
93: [17]
94: [17]
95: [11, 17]
96: [12, 13, 14, 15, 16, 17, 1]
97: [164, 177]
98: [177, 138, 152]
99: [1, 11]
100: [12]
101: [13]
102: [14]
103: [15]
104: [16]
105: [16]
106: [16]
107: [16]
108: [16]
109: [11, 16]
110: [12, 13, 14, 15, 16, 1]
111: [164, 177]
112: [177, 138, 152]
113: [1, 11]
114: [12]
115: [13]
116: [14]
117: [15]
118: [15]
119: [15]
120: [15]
121: [15]
122: [15]
123: [11, 15]
124: [12, 13, 14, 15, 1]
125: [164, 177]
126: [177, 138, 152]
127: [1, 11]
128: [12]
129: [13]
130: [14]
131: [14]
132: [14]
133: [14]
134: [14]
135: [14]
136: [14]
137: [11, 14]
138: [12, 13, 14, 1]
139: [164, 177]
140: [177, 138, 152]
141: [1, 11]
142: [12]
143: [13]
144: [13]
145: [13]
146: [13]
147: [13]
148: [13]
149: [13]
150: [13]
151: [11, 13]
152: [12, 13, 1]
153: [164, 177]
154: [177, 138, 152]
155: [1, 11]
156: [11, 12]
157: [11, 12]
158: [11, 12]
159: [11, 12]
160: [11, 12]
161: [11, 12]
162: [11, 12]
163: [11, 12]
164: [11, 12]
165: [11, 12]
166: [12, 1]
167: [164, 177]
168: [177, 152]
169: [1]
170: [1]
171: [1]
172: [1]
173: [1]
174: [1]
175: [1]
176: [1]
177: [1]
178: [1]
179: [1]
180: [1]
181: [164, 177]
182: [152]
183: [152, 164]
184: [152, 164]
185: [152, 164]
186: [152, 164]
187: [152, 164]
188: [152, 164]
189: [152, 164]
190: [152, 164]
191: [152, 164]
192: [152, 164]
193: [152, 164]
194: [152, 164]
195: [164]
26
0: [139]
1: [176, 139]
2: [176, 139]
3: [176, 139]
4: [176, 139]
5: [176, 139]
6: [176, 139]
7: [176, 139]
8: [176, 139]
9: [176, 139]
10: [176, 139]
11: [176, 139]
12: [176, 151, 139]
13: [151]
14: [177, 139, 152]
15: [1]
16: [1, 12]
17: [1, 13, 12]
18: [1, 14, 13, 12]
19: [1, 15, 14, 13, 12]
20: [1, 16, 15, 14, 13, 12]
21: [1, 17, 16, 15, 14, 13, 12]
22: [1, 18, 17, 16, 15, 14, 13, 12]
23: [1, 19, 18, 17, 16, 15, 14, 13, 12]
24: [1, 20, 19, 18, 17, 16, 15, 14, 13, 12]
25: [1, 21, 20, 19, 18, 17, 16, 15, 14, 13, 12]
26: []
27: [164, 151, 177]
28: [177, 139, 152]
29: [1]
30: [12]
31: [13]
32: [14]
33: [15]
34: [16]
35: [17]
36: [18]
37: [19]
38: [20]
39: [21]
40: [12, 13, 14, 15, 16, 17, 18, 19, 20, 21, 1]
41: [164, 177]
42: [177, 139, 152]
43: [1]
44: [12]
45: [13]
46: [14]
47: [15]
48: [16]
49: [17]
50: [18]
51: [19]
52: [20]
53: [20]
54: [12, 13, 14, 15, 16, 17, 18, 19, 20, 1]
55: [164, 177]
56: [177, 139, 152]
57: [1]
58: [12]
59: [13]
60: [14]
61: [15]
62: [16]
63: [17]
64: [18]
65: [19]
66: [19]
67: [19]
68: [12, 13, 14, 15, 16, 17, 18, 19, 1]
69: [164, 177]
70: [177, 139, 152]
71: [1]
72: [12]
73: [13]
74: [14]
75: [15]
76: [16]
77: [17]
78: [18]
79: [18]
80: [18]
81: [18]
82: [12, 13, 14, 15, 16, 17, 18, 1]
83: [164, 177]
84: [177, 139, 152]
85: [1]
86: [12]
87: [13]
88: [14]
89: [15]
90: [16]
91: [17]
92: [17]
93: [17]
94: [17]
95: [17]
96: [12, 13, 14, 15, 16, 17, 1]
97: [164, 177]
98: [177, 139, 152]
99: [1]
100: [12]
101: [13]
102: [14]
103: [15]
104: [16]
105: [16]
106: [16]
107: [16]
108: [16]
109: [16]
110: [12, 13, 14, 15, 16, 1]
111: [164, 177]
112: [177, 139, 152]
113: [1]
114: [12]
115: [13]
116: [14]
117: [15]
118: [15]
119: [15]
120: [15]
121: [15]
122: [15]
123: [15]
124: [12, 13, 14, 15, 1]
125: [164, 177]
126: [177, 139, 152]
127: [1]
128: [12]
129: [13]
130: [14]
131: [14]
132: [14]
133: [14]
134: [14]
135: [14]
136: [14]
137: [14]
138: [12, 13, 14, 1]
139: [164, 177]
140: [177, 139, 152]
141: [1]
142: [12]
143: [13]
144: [13]
145: [13]
146: [13]
147: [13]
148: [13]
149: [13]
150: [13]
151: [13]
152: [12, 13, 1]
153: [164, 177]
154: [177, 139, 152]
155: [1]
156: [12]
157: [12]
158: [12]
159: [12]
160: [12]
161: [12]
162: [12]
163: [12]
164: [12]
165: [12]
166: [12, 1]
167: [164, 177]
168: [177, 139, 152]
169: [1]
170: [1]
171: [1]
172: [1]
173: [1]
174: [1]
175: [1]
176: [1]
177: [1]
178: [1]
179: [1]
180: [1]
181: [164, 177]
182: [152]
183: [152, 176, 164]
184: [152, 164, 176]
185: [152, 164, 176]
186: [152, 164, 176]
187: [152, 164, 176]
188: [152, 164, 176]
189: [152, 164, 176]
190: [152, 164, 176]
191: [152, 164, 176]
192: [152, 164, 176]
193: [152, 164, 176]
194: [152, 164, 176]
195: [164]
27
0: [127]
1: [127, 140]
2: [127, 141, 140]
3: [127, 142, 141, 140]
4: [127, 143, 142, 141, 140]
5: [127, 144, 143, 142, 141, 140]
6: [127, 145, 144, 143, 142, 141, 140]
7: [127, 146, 145, 144, 143, 142, 141, 140]
8: [127, 147, 146, 145, 144, 143, 142, 141, 140]
9: [127, 148, 147, 146, 145, 144, 143, 142, 141, 140]
10: [127, 149, 148, 147, 146, 145, 144, 143, 142, 141, 140]
11: [127, 150, 149, 148, 147, 146, 145, 144, 143, 142, 141, 140]
12: [151, 127, 150, 149, 148, 147, 146, 145, 144, 143, 142, 141, 140]
13: [127, 151, 150, 149, 148, 147, 146, 145, 144, 143, 142, 141, 140]
14: [177, 127]
15: [177, 140, 164]
16: [177, 141, 164]
17: [177, 142, 164]
18: [177, 143, 164]
19: [177, 144, 164]
20: [177, 145, 164]
21: [177, 146, 164]
22: [177, 147, 164]
23: [177, 148, 164]
24: [177, 149, 164]
25: [177, 150, 164]
26: [177, 151, 164]
27: []
28: [177, 127]
29: [140, 164]
30: [141]
31: [142]
32: [143]
33: [144]
34: [145]
35: [146]
36: [147]
37: [148]
38: [149]
39: [150]
40: [150]
41: [164, 140, 141, 142, 143, 144, 145, 146, 147, 148, 149, 150, 177, 127]
42: [177, 127]
43: [140, 164]
44: [141]
45: [142]
46: [143]
47: [144]
48: [145]
49: [146]
50: [147]
51: [148]
52: [149]
53: [149]
54: [149]
55: [164, 140, 141, 142, 143, 144, 145, 146, 147, 148, 149, 177, 127]
56: [177, 127]
57: [140, 164]
58: [141]
59: [142]
60: [143]
61: [144]
62: [145]
63: [146]
64: [147]
65: [148]
66: [148]
67: [148]
68: [148]
69: [164, 140, 141, 142, 143, 144, 145, 146, 147, 148, 177, 127]
70: [177, 127]
71: [140, 164]
72: [141]
73: [142]
74: [143]
75: [144]
76: [145]
77: [146]
78: [147]
79: [147]
80: [147]
81: [147]
82: [147]
83: [164, 140, 141, 142, 143, 144, 145, 146, 147, 177, 127]
84: [177, 127]
85: [140, 164]
86: [141]
87: [142]
88: [143]
89: [144]
90: [145]
91: [146]
92: [146]
93: [146]
94: [146]
95: [146]
96: [146]
97: [164, 140, 141, 142, 143, 144, 145, 146, 177, 127]
98: [177, 127]
99: [140, 164]
100: [141]
101: [142]
102: [143]
103: [144]
104: [145]
105: [145]
106: [145]
107: [145]
108: [145]
109: [145]
110: [145]
111: [164, 140, 141, 142, 143, 144, 145, 177, 127]
112: [177, 127]
113: [140, 164]
114: [141]
115: [142]
116: [143]
117: [144]
118: [144]
119: [144]
120: [144]
121: [144]
122: [144]
123: [144]
124: [144]
125: [164, 140, 141, 142, 143, 144, 177, 127]
126: [177, 127]
127: [140, 164]
128: [141]
129: [142]
130: [143]
131: [143]
132: [143]
133: [143]
134: [143]
135: [143]
136: [143]
137: [143]
138: [143]
139: [164, 140, 141, 142, 143, 177, 127]
140: [177, 127]
141: [140, 164]
142: [141]
143: [142]
144: [142]
145: [142]
146: [142]
147: [142]
148: [142]
149: [142]
150: [142]
151: [142]
152: [142]
153: [164, 140, 141, 142, 177, 127]
154: [177, 127]
155: [140, 164]
156: [141]
157: [141]
158: [141]
159: [141]
160: [141]
161: [141]
162: [141]
163: [141]
164: [141]
165: [141]
166: [141]
167: [164, 140, 141, 177, 127]
168: [177, 127]
169: [140, 177, 164]
170: [140, 177]
171: [140, 177]
172: [140, 177]
173: [140, 177]
174: [140, 177]
175: [140, 177]
176: [140, 177]
177: [140, 177]
178: [140, 177]
179: [140, 177]
180: [140, 177]
181: [164, 140, 177, 127]
182: [127]
183: [164, 127]
184: [164, 127]
185: [164, 127]
186: [164, 127]
187: [164, 127]
188: [164, 127]
189: [164, 127]
190: [164, 127]
191: [164, 127]
192: [164, 127]
193: [164, 127]
194: [164, 127]
195: [164, 127]
28
0: [129, 130, 131, 132, 133, 134, 135, 136, 137, 138, 139, 127]
1: [129, 130, 131, 132, 133, 134, 135, 136, 137, 138, 139, 127]
2: [129, 130, 131, 132, 133, 134, 135, 136, 137, 138, 139, 127]
3: [130, 131, 132, 133, 134, 135, 136, 137, 138, 139, 127]
4: [131, 132, 133, 134, 135, 136, 137, 138, 139, 127]
5: [132, 133, 134, 135, 136, 137, 138, 139, 127]
6: [133, 134, 135, 136, 137, 138, 139, 127]
7: [134, 135, 136, 137, 138, 139, 127]
8: [135, 136, 137, 138, 139, 127]
9: [136, 137, 138, 139, 127]
10: [137, 138, 139, 127]
11: [138, 139, 127]
12: [139, 127]
13: [127]
14: [129, 130, 131, 132, 133, 134, 135, 136, 137, 138, 139, 152, 177, 127]
15: [152, 177]
16: [152, 129, 177]
17: [152, 130, 177]
18: [152, 131, 177]
19: [152, 132, 177]
20: [152, 133, 177]
21: [152, 134, 177]
22: [152, 135, 177]
23: [152, 136, 177]
24: [152, 137, 177]
25: [152, 138, 177]
26: [152, 139, 177]
27: [177, 127]
28: []
29: [153, 129]
30: [153, 129]
31: [153, 130]
32: [153, 131]
33: [153, 132]
34: [153, 133]
35: [153, 134]
36: [153, 135]
37: [153, 136]
38: [153, 137]
39: [153, 138]
40: [152, 139]
41: [177, 127]
42: [177, 127, 130, 131, 132, 133, 134, 135, 136, 137, 153, 138, 152, 139]
43: [130]
44: [130]
45: [130]
46: [131]
47: [132]
48: [133]
49: [134]
50: [135]
51: [136]
52: [137]
53: [153, 138]
54: [152, 139]
55: [177, 127]
56: [177, 127, 131, 132, 133, 134, 135, 136, 137, 153, 138, 152, 139]
57: [131]
58: [131]
59: [131]
60: [131]
61: [132]
62: [133]
63: [134]
64: [135]
65: [136]
66: [137]
67: [153, 138]
68: [152, 139]
69: [177, 127]
70: [177, 127, 132, 133, 134, 135, 136, 137, 153, 138, 152, 139]
71: [132]
72: [132]
73: [132]
74: [132]
75: [132]
76: [133]
77: [134]
78: [135]
79: [136]
80: [137]
81: [153, 138]
82: [152, 139]
83: [177, 127]
84: [177, 127, 133, 134, 135, 136, 137, 153, 138, 152, 139]
85: [133]
86: [133]
87: [133]
88: [133]
89: [133]
90: [133]
91: [134]
92: [135]
93: [136]
94: [137]
95: [153, 138]
96: [152, 139]
97: [177, 127]
98: [177, 127, 134, 135, 136, 137, 153, 138, 152, 139]
99: [134]
100: [134]
101: [134]
102: [134]
103: [134]
104: [134]
105: [134]
106: [135]
107: [136]
108: [137]
109: [153, 138]
110: [152, 139]
111: [177, 127]
112: [177, 127, 135, 136, 137, 153, 138, 152, 139]
113: [135]
114: [135]
115: [135]
116: [135]
117: [135]
118: [135]
119: [135]
120: [135]
121: [136]
122: [137]
123: [153, 138]
124: [152, 139]
125: [177, 127]
126: [177, 127, 136, 137, 153, 138, 152, 139]
127: [136]
128: [136]
129: [136]
130: [136]
131: [136]
132: [136]
133: [136]
134: [136]
135: [136]
136: [137]
137: [153, 138]
138: [152, 139]
139: [177, 127]
140: [177, 127, 137, 153, 138, 152, 139]
141: [137]
142: [137]
143: [137]
144: [137]
145: [137]
146: [137]
147: [137]
148: [137]
149: [137]
150: [137]
151: [153, 138]
152: [152, 139]
153: [177, 127]
154: [177, 127, 153, 138, 152, 139]
155: [138]
156: [138]
157: [138]
158: [138]
159: [138]
160: [138]
161: [138]
162: [138]
163: [138]
164: [138]
165: [153, 138]
166: [152, 139]
167: [177, 127]
168: [177, 127, 153, 152, 139]
169: [177, 139]
170: [177, 139]
171: [177, 139]
172: [177, 139]
173: [177, 139]
174: [177, 139]
175: [177, 139]
176: [177, 139]
177: [177, 139]
178: [177, 139]
179: [153, 177, 139]
180: [177, 152, 139]
181: [177, 127]
182: [127, 153, 152]
183: [127, 153, 152]
184: [127, 153, 152]
185: [127, 153, 152]
186: [127, 153, 152]
187: [127, 153, 152]
188: [127, 153, 152]
189: [127, 153, 152]
190: [127, 153, 152]
191: [127, 153, 152]
192: [127, 153, 152]
193: [153, 127, 152]
194: [127, 152]
195: [127]
29
0: [129]
1: [140, 129, 176]
2: [140, 129, 176]
3: [140, 176]
4: [140, 176]
5: [140, 176]
6: [140, 176]
7: [140, 176]
8: [140, 176]
9: [140, 176]
10: [140, 176]
11: [140, 176]
12: [140, 176]
13: [140]
14: [129]
15: [2, 3, 4, 5, 6, 7, 8, 9, 10, 11, 1]
16: [2, 3, 4, 5, 6, 7, 8, 9, 10, 11, 1]
17: [3, 4, 5, 6, 7, 8, 9, 10, 11, 1]
18: [4, 5, 6, 7, 8, 9, 10, 11, 1]
19: [5, 6, 7, 8, 9, 10, 11, 1]
20: [6, 7, 8, 9, 10, 11, 1]
21: [7, 8, 9, 10, 11, 1]
22: [8, 9, 10, 11, 1]
23: [9, 10, 11, 1]
24: [10, 11, 1]
25: [11, 1]
26: [1]
27: [164, 140]
28: [129, 153]
29: []
30: [22, 2]
31: [22, 3]
32: [22, 4]
33: [22, 5]
34: [22, 6]
35: [22, 7]
36: [22, 8]
37: [22, 9]
38: [22, 10]
39: [22, 11]
40: [1]
41: [164, 140]
42: [153]
43: [1, 3, 4, 5, 6, 7, 8, 9, 10, 11, 22]
44: [3]
45: [3]
46: [4]
47: [5]
48: [6]
49: [7]
50: [8]
51: [9]
52: [10]
53: [22, 11]
54: [1]
55: [164, 140]
56: [153]
57: [1, 4, 5, 6, 7, 8, 9, 10, 11, 22]
58: [4]
59: [4]
60: [4]
61: [5]
62: [6]
63: [7]
64: [8]
65: [9]
66: [10]
67: [22, 11]
68: [1]
69: [164, 140]
70: [153]
71: [1, 5, 6, 7, 8, 9, 10, 11, 22]
72: [5]
73: [5]
74: [5]
75: [5]
76: [6]
77: [7]
78: [8]
79: [9]
80: [10]
81: [22, 11]
82: [1]
83: [164, 140]
84: [153]
85: [1, 6, 7, 8, 9, 10, 11, 22]
86: [6]
87: [6]
88: [6]
89: [6]
90: [6]
91: [7]
92: [8]
93: [9]
94: [10]
95: [22, 11]
96: [1]
97: [164, 140]
98: [153]
99: [1, 7, 8, 9, 10, 11, 22]
100: [7]
101: [7]
102: [7]
103: [7]
104: [7]
105: [7]
106: [8]
107: [9]
108: [10]
109: [22, 11]
110: [1]
111: [164, 140]
112: [153]
113: [1, 8, 9, 10, 11, 22]
114: [8]
115: [8]
116: [8]
117: [8]
118: [8]
119: [8]
120: [8]
121: [9]
122: [10]
123: [22, 11]
124: [1]
125: [164, 140]
126: [153]
127: [1, 9, 10, 11, 22]
128: [9]
129: [9]
130: [9]
131: [9]
132: [9]
133: [9]
134: [9]
135: [9]
136: [10]
137: [22, 11]
138: [1]
139: [164, 140]
140: [153]
141: [1, 10, 11, 22]
142: [10]
143: [10]
144: [10]
145: [10]
146: [10]
147: [10]
148: [10]
149: [10]
150: [10]
151: [22, 11]
152: [1]
153: [164, 140]
154: [153]
155: [1, 11, 22]
156: [11]
157: [11]
158: [11]
159: [11]
160: [11]
161: [11]
162: [11]
163: [11]
164: [11]
165: [22, 11]
166: [1]
167: [164, 140]
168: [153]
169: [1, 22]
170: [1, 22]
171: [1, 22]
172: [1, 22]
173: [1, 22]
174: [1, 22]
175: [1, 22]
176: [1, 22]
177: [1, 22]
178: [1, 22]
179: [1, 22]
180: [1]
181: [164, 140]
182: [153]
183: [176, 153, 164]
184: [176, 153, 164]
185: [176, 153, 164]
186: [176, 153, 164]
187: [176, 153, 164]
188: [176, 153, 164]
189: [176, 153, 164]
190: [176, 153, 164]
191: [176, 153, 164]
192: [176, 153, 164]
193: [176, 153, 164]
194: [176, 164]
195: [164]
30
0: [129]
1: [129]
2: [141, 129]
3: [141]
4: [141]
5: [141]
6: [141]
7: [141]
8: [141]
9: [141]
10: [141]
11: [141]
12: [141]
13: [141]
14: [129]
15: [2]
16: [12, 2]
17: [12]
18: [12]
19: [12]
20: [12]
21: [12]
22: [12]
23: [12]
24: [12]
25: [12]
26: [12]
27: [141]
28: [129, 153]
29: [2, 22]
30: []
31: [43, 44, 45, 46, 47, 48, 49, 50, 42]
32: [44, 45, 46, 47, 48, 49, 50, 42]
33: [45, 46, 47, 48, 49, 50, 42]
34: [46, 47, 48, 49, 50, 42]
35: [48, 49, 50, 47, 42]
36: [48, 49, 50, 42]
37: [49, 50, 42]
38: [50, 42]
39: [42]
40: [32, 12]
41: [165, 141]
42: [153]
43: [22]
44: [42, 43, 44, 45, 46, 47, 48, 49, 50]
45: [43]
46: [44]
47: [45]
48: [46]
49: [47]
50: [48]
51: [49]
52: [50]
53: [42]
54: [32, 12]
55: [165, 141]
56: [153]
57: [22]
58: [42, 44, 45, 46, 47, 48, 49, 50]
59: [44]
60: [44]
61: [45]
62: [46]
63: [47]
64: [48]
65: [49]
66: [50]
67: [42]
68: [32, 12]
69: [165, 141]
70: [153]
71: [22]
72: [42, 45, 46, 47, 48, 49, 50]
73: [45]
74: [45]
75: [45]
76: [46]
77: [47]
78: [48]
79: [49]
80: [50]
81: [42]
82: [32, 12]
83: [165, 141]
84: [153]
85: [22]
86: [42, 46, 47, 48, 49, 50]
87: [46]
88: [46]
89: [46]
90: [46]
91: [47]
92: [48]
93: [49]
94: [50]
95: [42]
96: [32, 12]
97: [165, 141]
98: [153]
99: [22]
100: [42, 47, 48, 49, 50]
101: [47]
102: [47]
103: [47]
104: [47]
105: [47]
106: [48]
107: [49]
108: [50]
109: [42]
110: [32, 12]
111: [165, 141]
112: [153]
113: [22]
114: [42, 48, 49, 50]
115: [48]
116: [48]
117: [48]
118: [48]
119: [48]
120: [48]
121: [49]
122: [50]
123: [42]
124: [32, 12]
125: [165, 141]
126: [153]
127: [22]
128: [42, 49, 50]
129: [49]
130: [49]
131: [49]
132: [49]
133: [49]
134: [49]
135: [49]
136: [50]
137: [42]
138: [32, 12]
139: [165, 141]
140: [153]
141: [22]
142: [42, 50]
143: [50]
144: [50]
145: [50]
146: [50]
147: [50]
148: [50]
149: [50]
150: [50]
151: [42]
152: [32, 12]
153: [165, 141]
154: [153]
155: [22]
156: [42]
157: [42]
158: [42]
159: [42]
160: [42]
161: [42]
162: [42]
163: [42]
164: [42]
165: [42]
166: [32, 12]
167: [165, 141]
168: [153]
169: [22]
170: [22, 32]
171: [22, 32]
172: [22, 32]
173: [22, 32]
174: [22, 32]
175: [22, 32]
176: [22, 32]
177: [22, 32]
178: [22, 32]
179: [22, 32]
180: [32]
181: [165]
182: [153]
183: [153]
184: [153, 165]
185: [153, 165]
186: [153, 165]
187: [153, 165]
188: [153, 165]
189: [153, 165]
190: [153, 165]
191: [153, 165]
192: [153, 165]
193: [153, 165]
194: [165]
195: [165]
31
0: [130]
1: [130]
2: [130]
3: [142, 130]
4: [142]
5: [142]
6: [142]
7: [142]
8: [142]
9: [142]
10: [142]
11: [142]
12: [142]
13: [142]
14: [130]
15: [3]
16: [3]
17: [13, 3]
18: [13]
19: [13]
20: [13]
21: [13]
22: [13]
23: [13]
24: [13]
25: [13]
26: [13]
27: [142]
28: [130, 153]
29: [3, 22]
30: [42, 43, 44, 45, 46, 47, 48, 49, 50]
31: []
32: [44, 45, 46, 47, 48, 49, 50, 51, 178, 42]
33: [45, 46, 47, 48, 49, 50, 51, 178, 42]
34: [46, 47, 48, 49, 50, 51, 178, 42]
35: [47, 48, 49, 50, 51, 178, 42]
36: [48, 49, 50, 51, 178, 42]
37: [49, 50, 51, 178, 42]
38: [50, 51, 178, 42]
39: [51, 42]
40: [32, 13]
41: [165, 142]
42: [130, 153]
43: [3, 22]
44: [42, 43, 44, 45, 46, 47, 48, 49, 50]
45: [178, 43, 51]
46: [44]
47: [45]
48: [46]
49: [47]
50: [48]
51: [49]
52: [50, 178]
53: [51, 42]
54: [32, 13]
55: [165, 142]
56: [153]
57: [22]
58: [42, 44, 45, 46, 47, 48, 49, 50]
59: [178, 44, 51]
60: [44]
61: [45]
62: [46]
63: [47]
64: [48]
65: [49]
66: [50, 178]
67: [51, 42]
68: [32, 13]
69: [165, 142]
70: [153]
71: [22]
72: [42, 45, 46, 47, 48, 49, 50]
73: [178, 45, 51]
74: [45]
75: [45]
76: [46]
77: [47]
78: [48]
79: [49]
80: [50, 178]
81: [51, 42]
82: [32, 13]
83: [165, 142]
84: [153]
85: [22]
86: [42, 46, 47, 48, 49, 50]
87: [178, 46, 51]
88: [46]
89: [46]
90: [46]
91: [47]
92: [48]
93: [49]
94: [50, 178]
95: [51, 42]
96: [32, 13]
97: [165, 142]
98: [153]
99: [22]
100: [42, 47, 48, 49, 50]
101: [178, 47, 51]
102: [47]
103: [47]
104: [47]
105: [47]
106: [48]
107: [49]
108: [50, 178]
109: [51, 42]
110: [32, 13]
111: [165, 142]
112: [153]
113: [22]
114: [42, 48, 49, 50]
115: [178, 48, 51]
116: [48]
117: [48]
118: [48]
119: [48]
120: [48]
121: [49]
122: [50, 178]
123: [51, 42]
124: [32, 13]
125: [165, 142]
126: [153]
127: [22]
128: [42, 49, 50]
129: [178, 49, 51]
130: [49]
131: [49]
132: [49]
133: [49]
134: [49]
135: [49]
136: [50, 178]
137: [51, 42]
138: [32, 13]
139: [165, 142]
140: [153]
141: [22]
142: [42, 50]
143: [178, 50, 51]
144: [50, 51]
145: [50, 51]
146: [50, 51]
147: [50, 51]
148: [50, 51]
149: [50, 51]
150: [50, 178, 51]
151: [51, 42]
152: [32, 13]
153: [165, 142]
154: [153]
155: [22]
156: [42]
157: [178, 42]
158: [178, 42]
159: [178, 42]
160: [178, 42]
161: [178, 42]
162: [178, 42]
163: [178, 42]
164: [178, 42]
165: [42]
166: [32]
167: [165]
168: [153]
169: [22]
170: [22, 32]
171: [22, 32]
172: [22, 32]
173: [22, 32]
174: [22, 32]
175: [22, 32]
176: [22, 32]
177: [22, 32]
178: [22, 32]
179: [22, 32]
180: [32]
181: [165]
182: [153]
183: [153]
184: [153, 165]
185: [153, 165]
186: [153, 165]
187: [153, 165]
188: [153, 165]
189: [153, 165]
190: [153, 165]
191: [153, 165]
192: [153, 165]
193: [153, 165]
194: [165]
195: [165]
32
0: [131]
1: [131]
2: [131]
3: [131]
4: [143, 131]
5: [143]
6: [143]
7: [143]
8: [143]
9: [143]
10: [143]
11: [143]
12: [143]
13: [143]
14: [131]
15: [4]
16: [4]
17: [4]
18: [14, 4]
19: [14]
20: [14]
21: [14]
22: [14]
23: [14]
24: [14]
25: [14]
26: [14]
27: [143]
28: [131, 153]
29: [4, 22]
30: [42, 44, 45, 46, 47, 48, 49, 50]
31: [178, 42, 44, 45, 46, 47, 48, 49, 50, 51]
32: []
33: [45, 46, 47, 48, 49, 50, 51, 52, 178, 42]
34: [46, 47, 48, 49, 50, 51, 52, 178, 42]
35: [47, 48, 49, 50, 51, 52, 178, 42]
36: [48, 49, 50, 51, 52, 178, 42]
37: [49, 50, 51, 52, 178, 42]
38: [50, 51, 52, 178, 42]
39: [51, 52, 42]
40: [32, 14]
41: [165, 143]
42: [131, 153]
43: [4, 22]
44: [42, 44, 45, 46, 47, 48, 49, 50]
45: [178, 51]
46: [44, 52]
47: [45]
48: [46]
49: [47]
50: [48]
51: [49]
52: [50, 178]
53: [51, 52, 42]
54: [32, 14]
55: [165, 143]
56: [131, 153]
57: [4, 22]
58: [42, 44, 45, 46, 47, 48, 49, 50]
59: [178, 44, 51]
60: [44, 52]
61: [45]
62: [46]
63: [47]
64: [48]
65: [49]
66: [50, 178]
67: [51, 52, 42]
68: [32, 14]
69: [165, 143]
70: [153]
71: [22]
72: [42, 45, 46, 47, 48, 49, 50]
73: [178, 45, 51]
74: [45, 52]
75: [45]
76: [46]
77: [47]
78: [48]
79: [49]
80: [50, 178]
81: [51, 52, 42]
82: [32, 14]
83: [165, 143]
84: [153]
85: [22]
86: [42, 46, 47, 48, 49, 50]
87: [178, 46, 51]
88: [46, 52]
89: [46]
90: [46]
91: [47]
92: [48]
93: [49]
94: [50, 178]
95: [51, 52, 42]
96: [32, 14]
97: [165, 143]
98: [153]
99: [22]
100: [42, 47, 48, 49, 50]
101: [178, 47, 51]
102: [47, 52]
103: [47]
104: [47]
105: [47]
106: [48]
107: [49]
108: [50, 178]
109: [51, 52, 42]
110: [32, 14]
111: [165, 143]
112: [153]
113: [22]
114: [42, 48, 49, 50]
115: [178, 48, 51]
116: [48, 52]
117: [48]
118: [48]
119: [48]
120: [48]
121: [49]
122: [50, 178]
123: [51, 52, 42]
124: [32, 14]
125: [165, 143]
126: [153]
127: [22]
128: [42, 49, 50]
129: [178, 49, 51]
130: [49, 52]
131: [49, 52]
132: [49, 52]
133: [49, 52]
134: [49, 52]
135: [49, 52]
136: [50, 52, 178]
137: [51, 52, 42]
138: [32, 14]
139: [165, 143]
140: [153]
141: [22]
142: [42, 50]
143: [178, 50, 51]
144: [50, 51]
145: [50, 51]
146: [50, 51]
147: [50, 51]
148: [50, 51]
149: [50, 51]
150: [50, 51, 178]
151: [51, 42]
152: [32]
153: [165]
154: [153]
155: [22]
156: [42]
157: [178, 42]
158: [178, 42]
159: [178, 42]
160: [178, 42]
161: [178, 42]
162: [178, 42]
163: [178, 42]
164: [178, 42]
165: [42]
166: [32]
167: [165]
168: [153]
169: [22]
170: [22, 32]
171: [22, 32]
172: [22, 32]
173: [22, 32]
174: [22, 32]
175: [22, 32]
176: [22, 32]
177: [22, 32]
178: [22, 32]
179: [22, 32]
180: [32]
181: [165]
182: [153]
183: [153]
184: [153, 165]
185: [153, 165]
186: [153, 165]
187: [153, 165]
188: [153, 165]
189: [153, 165]
190: [153, 165]
191: [153, 165]
192: [153, 165]
193: [153, 165]
194: [165]
195: [165]
33
0: [132]
1: [132]
2: [132]
3: [132]
4: [132]
5: [144, 132]
6: [144]
7: [144]
8: [144]
9: [144]
10: [144]
11: [144]
12: [144]
13: [144]
14: [132]
15: [5]
16: [5]
17: [5]
18: [5]
19: [15, 5]
20: [15]
21: [15]
22: [15]
23: [15]
24: [15]
25: [15]
26: [15]
27: [144]
28: [132, 153]
29: [5, 22]
30: [42, 45, 46, 47, 48, 49, 50]
31: [178, 42, 45, 46, 47, 48, 49, 50, 51]
32: [178, 42, 45, 46, 47, 48, 49, 52, 50, 51]
33: []
34: [46, 47, 48, 49, 50, 51, 52, 53, 178, 42]
35: [47, 48, 49, 50, 51, 52, 53, 178, 42]
36: [48, 49, 50, 51, 52, 53, 178, 42]
37: [49, 50, 51, 52, 53, 178, 42]
38: [50, 51, 52, 53, 178, 42]
39: [51, 52, 53, 42]
40: [32, 15]
41: [165, 144]
42: [132, 153]
43: [5, 22]
44: [42, 45, 46, 47, 48, 49, 50]
45: [178, 51]
46: [52]
47: [45, 53]
48: [46]
49: [47]
50: [48]
51: [49]
52: [50, 178]
53: [51, 52, 53, 42]
54: [32, 15]
55: [165, 144]
56: [132, 153]
57: [5, 22]
58: [42, 45, 46, 47, 48, 49, 50]
59: [178, 51]
60: [52]
61: [45, 53]
62: [46]
63: [47]
64: [48]
65: [49]
66: [50, 178]
67: [51, 52, 53, 42]
68: [32, 15]
69: [165, 144]
70: [132, 153]
71: [5, 22]
72: [42, 45, 46, 47, 48, 49, 50]
73: [178, 45, 51]
74: [45, 52]
75: [45, 53]
76: [46]
77: [47]
78: [48]
79: [49]
80: [50, 178]
81: [51, 52, 53, 42]
82: [32, 15]
83: [165, 144]
84: [153]
85: [22]
86: [42, 46, 47, 48, 49, 50]
87: [178, 46, 51]
88: [46, 52]
89: [46, 53]
90: [46]
91: [47]
92: [48]
93: [49]
94: [50, 178]
95: [51, 52, 53, 42]
96: [32, 15]
97: [165, 144]
98: [153]
99: [22]
100: [42, 47, 48, 49, 50]
101: [178, 47, 51]
102: [47, 52]
103: [47, 53]
104: [47]
105: [47]
106: [48]
107: [49]
108: [50, 178]
109: [51, 52, 53, 42]
110: [32, 15]
111: [165, 144]
112: [153]
113: [22]
114: [42, 48, 49, 50]
115: [178, 48, 51]
116: [48, 52]
117: [48, 53]
118: [48, 53]
119: [48, 53]
120: [48, 53]
121: [49, 53]
122: [50, 53, 178]
123: [51, 52, 53, 42]
124: [32, 15]
125: [165, 144]
126: [153]
127: [22]
128: [42, 49, 50]
129: [178, 49, 51]
130: [49, 52]
131: [49, 52]
132: [49, 52]
133: [49, 52]
134: [49, 52]
135: [49, 52]
136: [50, 52, 178]
137: [51, 52, 42]
138: [32]
139: [165]
140: [153]
141: [22]
142: [42, 50]
143: [178, 50, 51]
144: [50, 51]
145: [50, 51]
146: [50, 51]
147: [50, 51]
148: [50, 51]
149: [50, 51]
150: [50, 51, 178]
151: [51, 42]
152: [32]
153: [165]
154: [153]
155: [22]
156: [42]
157: [178, 42]
158: [178, 42]
159: [178, 42]
160: [178, 42]
161: [178, 42]
162: [178, 42]
163: [178, 42]
164: [178, 42]
165: [42]
166: [32]
167: [165]
168: [153]
169: [22]
170: [22, 32]
171: [22, 32]
172: [22, 32]
173: [22, 32]
174: [22, 32]
175: [22, 32]
176: [22, 32]
177: [22, 32]
178: [22, 32]
179: [22, 32]
180: [32]
181: [165]
182: [153]
183: [153]
184: [153, 165]
185: [153, 165]
186: [153, 165]
187: [153, 165]
188: [153, 165]
189: [153, 165]
190: [153, 165]
191: [153, 165]
192: [153, 165]
193: [153, 165]
194: [165]
195: [165]
34
0: [133]
1: [133]
2: [133]
3: [133]
4: [133]
5: [133]
6: [145, 133]
7: [145]
8: [145]
9: [145]
10: [145]
11: [145]
12: [145]
13: [145]
14: [133]
15: [6]
16: [6]
17: [6]
18: [6]
19: [6]
20: [16, 6]
21: [16]
22: [16]
23: [16]
24: [16]
25: [16]
26: [16]
27: [145]
28: [133, 153]
29: [6, 22]
30: [42, 46, 47, 48, 49, 50]
31: [178, 42, 46, 47, 48, 49, 50, 51]
32: [178, 42, 46, 47, 48, 49, 52, 50, 51]
33: [178, 42, 46, 47, 48, 53, 49, 52, 50, 51]
34: []
35: [47, 48, 49, 50, 51, 52, 53, 54, 178, 42]
36: [48, 49, 50, 51, 52, 53, 54, 178, 42]
37: [49, 50, 51, 52, 53, 54, 178, 42]
38: [50, 51, 52, 53, 54, 178, 42]
39: [51, 52, 53, 54, 42]
40: [32, 16]
41: [165, 145]
42: [133, 153]
43: [6, 22]
44: [42, 46, 47, 48, 49, 50]
45: [178, 51]
46: [52]
47: [53]
48: [46, 54]
49: [47]
50: [48]
51: [49]
52: [50, 178]
53: [51, 52, 53, 54, 42]
54: [32, 16]
55: [165, 145]
56: [133, 153]
57: [6, 22]
58: [42, 46, 47, 48, 49, 50]
59: [178, 51]
60: [52]
61: [53]
62: [46, 54]
63: [47]
64: [48]
65: [49]
66: [50, 178]
67: [51, 52, 53, 54, 42]
68: [32, 16]
69: [165, 145]
70: [133, 153]
71: [6, 22]
72: [42, 46, 47, 48, 49, 50]
73: [178, 51]
74: [52]
75: [53]
76: [46, 54]
77: [47]
78: [48]
79: [49]
80: [50, 178]
81: [51, 52, 53, 54, 42]
82: [32, 16]
83: [165, 145]
84: [133, 153]
85: [6, 22]
86: [42, 46, 47, 48, 49, 50]
87: [178, 46, 51]
88: [46, 52]
89: [46, 53]
90: [46, 54]
91: [47]
92: [48]
93: [49]
94: [50, 178]
95: [51, 52, 53, 54, 42]
96: [32, 16]
97: [165, 145]
98: [153]
99: [22]
100: [42, 47, 48, 49, 50]
101: [178, 47, 51]
102: [47, 52]
103: [47, 53]
104: [47, 54]
105: [47, 54]
106: [48, 54]
107: [49, 54]
108: [50, 54, 178]
109: [51, 52, 53, 54, 42]
110: [32, 16]
111: [165, 145]
112: [153]
113: [22]
114: [42, 48, 49, 50]
115: [178, 48, 51]
116: [48, 52]
117: [48, 53]
118: [48, 53]
119: [48, 53]
120: [48, 53]
121: [49, 53]
122: [50, 53, 178]
123: [51, 52, 53, 42]
124: [32]
125: [165]
126: [153]
127: [22]
128: [42, 49, 50]
129: [178, 49, 51]
130: [49, 52]
131: [49, 52]
132: [49, 52]
133: [49, 52]
134: [49, 52]
135: [49, 52]
136: [50, 52, 178]
137: [51, 52, 42]
138: [32]
139: [165]
140: [153]
141: [22]
142: [42, 50]
143: [178, 50, 51]
144: [50, 51]
145: [50, 51]
146: [50, 51]
147: [50, 51]
148: [50, 51]
149: [50, 51]
150: [50, 51, 178]
151: [51, 42]
152: [32]
153: [165]
154: [153]
155: [22]
156: [42]
157: [178, 42]
158: [178, 42]
159: [178, 42]
160: [178, 42]
161: [178, 42]
162: [178, 42]
163: [178, 42]
164: [178, 42]
165: [42]
166: [32]
167: [165]
168: [153]
169: [22]
170: [22, 32]
171: [22, 32]
172: [22, 32]
173: [22, 32]
174: [22, 32]
175: [22, 32]
176: [22, 32]
177: [22, 32]
178: [22, 32]
179: [22, 32]
180: [32]
181: [165]
182: [153]
183: [153]
184: [153, 165]
185: [153, 165]
186: [153, 165]
187: [153, 165]
188: [153, 165]
189: [153, 165]
190: [153, 165]
191: [153, 165]
192: [153, 165]
193: [153, 165]
194: [165]
195: [165]
35
0: [134]
1: [134]
2: [134]
3: [134]
4: [134]
5: [134]
6: [134]
7: [146, 134]
8: [146]
9: [146]
10: [146]
11: [146]
12: [146]
13: [146]
14: [134]
15: [7]
16: [7]
17: [7]
18: [7]
19: [7]
20: [7]
21: [17, 7]
22: [17]
23: [17]
24: [17]
25: [17]
26: [17]
27: [146]
28: [134, 153]
29: [7, 22]
30: [42, 47, 48, 49, 50]
31: [178, 42, 47, 48, 49, 50, 51]
32: [178, 42, 47, 48, 49, 52, 50, 51]
33: [178, 42, 47, 48, 53, 49, 52, 50, 51]
34: [178, 42, 54, 47, 48, 53, 49, 52, 50, 51]
35: []
36: [48, 49, 50, 51, 52, 53, 54, 55, 178, 42]
37: [49, 50, 51, 52, 53, 54, 55, 178, 42]
38: [50, 51, 52, 53, 54, 55, 178, 42]
39: [51, 52, 53, 54, 55, 42]
40: [32, 17]
41: [165, 146]
42: [134, 153]
43: [7, 22]
44: [42, 47, 48, 49, 50]
45: [178, 51]
46: [52]
47: [53]
48: [54]
49: [47, 55]
50: [48]
51: [49]
52: [50, 178]
53: [51, 52, 53, 54, 55, 42]
54: [32, 17]
55: [165, 146]
56: [134, 153]
57: [7, 22]
58: [42, 47, 48, 49, 50]
59: [178, 51]
60: [52]
61: [53]
62: [54]
63: [47, 55]
64: [48]
65: [49]
66: [50, 178]
67: [51, 52, 53, 54, 55, 42]
68: [32, 17]
69: [165, 146]
70: [134, 153]
71: [7, 22]
72: [42, 47, 48, 49, 50]
73: [178, 51]
74: [52]
75: [53]
76: [54]
77: [47, 55]
78: [48]
79: [49]
80: [50, 178]
81: [51, 52, 53, 54, 55, 42]
82: [32, 17]
83: [165, 146]
84: [134, 153]
85: [7, 22]
86: [42, 47, 48, 49, 50]
87: [178, 51]
88: [52]
89: [53]
90: [54]
91: [47, 55]
92: [48, 55]
93: [49, 55]
94: [50, 55, 178]
95: [51, 52, 53, 54, 55, 42]
96: [32, 17]
97: [165, 146]
98: [134, 153]
99: [7, 22]
100: [42, 47, 48, 49, 50]
101: [178, 47, 51]
102: [47, 52]
103: [47, 53]
104: [47, 54]
105: [47, 54]
106: [48, 54]
107: [49, 54]
108: [50, 54, 178]
109: [51, 52, 53, 54, 42]
110: [32]
111: [165]
112: [153]
113: [22]
114: [42, 48, 49, 50]
115: [178, 48, 51]
116: [48, 52]
117: [48, 53]
118: [48, 53]
119: [48, 53]
120: [48, 53]
121: [49, 53]
122: [50, 53, 178]
123: [51, 52, 53, 42]
124: [32]
125: [165]
126: [153]
127: [22]
128: [42, 49, 50]
129: [178, 49, 51]
130: [49, 52]
131: [49, 52]
132: [49, 52]
133: [49, 52]
134: [49, 52]
135: [49, 52]
136: [50, 52, 178]
137: [51, 52, 42]
138: [32]
139: [165]
140: [153]
141: [22]
142: [42, 50]
143: [178, 50, 51]
144: [50, 51]
145: [50, 51]
146: [50, 51]
147: [50, 51]
148: [50, 51]
149: [50, 51]
150: [50, 51, 178]
151: [51, 42]
152: [32]
153: [165]
154: [153]
155: [22]
156: [42]
157: [178, 42]
158: [178, 42]
159: [178, 42]
160: [178, 42]
161: [178, 42]
162: [178, 42]
163: [178, 42]
164: [178, 42]
165: [42]
166: [32]
167: [165]
168: [153]
169: [22]
170: [22, 32]
171: [22, 32]
172: [22, 32]
173: [22, 32]
174: [22, 32]
175: [22, 32]
176: [22, 32]
177: [22, 32]
178: [22, 32]
179: [22, 32]
180: [32]
181: [165]
182: [153]
183: [153]
184: [153, 165]
185: [153, 165]
186: [153, 165]
187: [153, 165]
188: [153, 165]
189: [153, 165]
190: [153, 165]
191: [153, 165]
192: [153, 165]
193: [153, 165]
194: [165]
195: [165]
36
0: [135]
1: [135]
2: [135]
3: [135]
4: [135]
5: [135]
6: [135]
7: [135]
8: [147, 135]
9: [147]
10: [147]
11: [147]
12: [147]
13: [147]
14: [135]
15: [8]
16: [8]
17: [8]
18: [8]
19: [8]
20: [8]
21: [8]
22: [18, 8]
23: [18]
24: [18]
25: [18]
26: [18]
27: [147]
28: [135, 153]
29: [8, 22]
30: [42, 48, 49, 50]
31: [178, 42, 48, 49, 50, 51]
32: [178, 42, 48, 49, 52, 50, 51]
33: [178, 42, 48, 53, 49, 52, 50, 51]
34: [178, 42, 54, 48, 53, 49, 52, 50, 51]
35: [178, 42, 55, 54, 48, 53, 49, 52, 50, 51]
36: []
37: [49, 50, 51, 52, 53, 54, 55, 56, 178, 42]
38: [50, 51, 52, 53, 54, 55, 56, 178, 42]
39: [51, 52, 53, 54, 55, 56, 42]
40: [32, 18]
41: [165, 147]
42: [135, 153]
43: [8, 22]
44: [42, 48, 49, 50]
45: [178, 51]
46: [52]
47: [53]
48: [54]
49: [55]
50: [48, 56]
51: [49]
52: [50, 178]
53: [51, 52, 53, 54, 55, 56, 42]
54: [32, 18]
55: [165, 147]
56: [135, 153]
57: [8, 22]
58: [42, 48, 49, 50]
59: [178, 51]
60: [52]
61: [53]
62: [54]
63: [55]
64: [48, 56]
65: [49]
66: [50, 178]
67: [51, 52, 53, 54, 55, 56, 42]
68: [32, 18]
69: [165, 147]
70: [135, 153]
71: [8, 22]
72: [42, 48, 49, 50]
73: [178, 51]
74: [52]
75: [53]
76: [54]
77: [55]
78: [48, 56]
79: [49, 56]
80: [50, 56, 178]
81: [51, 52, 53, 54, 55, 56, 42]
82: [32, 18]
83: [165, 147]
84: [135, 153]
85: [8, 22]
86: [42, 48, 49, 50]
87: [178, 51]
88: [52]
89: [53]
90: [54]
91: [55]
92: [48, 55]
93: [49, 55]
94: [50, 55, 178]
95: [51, 52, 53, 54, 55, 42]
96: [32]
97: [165]
98: [135, 153]
99: [8, 22]
100: [42, 48, 49, 50]
101: [178, 51]
102: [52]
103: [53]
104: [54]
105: [54]
106: [48, 54]
107: [49, 54]
108: [50, 54, 178]
109: [51, 52, 53, 54, 42]
110: [32]
111: [165]
112: [135, 153]
113: [8, 22]
114: [48, 42, 49, 50]
115: [48, 178, 51]
116: [48, 52]
117: [48, 53]
118: [48, 53]
119: [48, 53]
120: [48, 53]
121: [49, 53]
122: [50, 53, 178]
123: [51, 52, 53, 42]
124: [32]
125: [165]
126: [153]
127: [22]
128: [42, 49, 50]
129: [178, 49, 51]
130: [49, 52]
131: [49, 52]
132: [49, 52]
133: [49, 52]
134: [49, 52]
135: [49, 52]
136: [50, 52, 178]
137: [51, 52, 42]
138: [32]
139: [165]
140: [153]
141: [22]
142: [42, 50]
143: [178, 50, 51]
144: [50, 51]
145: [50, 51]
146: [50, 51]
147: [50, 51]
148: [50, 51]
149: [50, 51]
150: [50, 51, 178]
151: [51, 42]
152: [32]
153: [165]
154: [153]
155: [22]
156: [42]
157: [178, 42]
158: [178, 42]
159: [178, 42]
160: [178, 42]
161: [178, 42]
162: [178, 42]
163: [178, 42]
164: [178, 42]
165: [42]
166: [32]
167: [165]
168: [153]
169: [22]
170: [22, 32]
171: [22, 32]
172: [22, 32]
173: [22, 32]
174: [22, 32]
175: [22, 32]
176: [22, 32]
177: [22, 32]
178: [22, 32]
179: [22, 32]
180: [32]
181: [165]
182: [153]
183: [153]
184: [153, 165]
185: [153, 165]
186: [153, 165]
187: [153, 165]
188: [153, 165]
189: [153, 165]
190: [153, 165]
191: [153, 165]
192: [153, 165]
193: [153, 165]
194: [165]
195: [165]
37
0: [136]
1: [136]
2: [136]
3: [136]
4: [136]
5: [136]
6: [136]
7: [136]
8: [136]
9: [148, 136]
10: [148]
11: [148]
12: [148]
13: [148]
14: [136]
15: [9]
16: [9]
17: [9]
18: [9]
19: [9]
20: [9]
21: [9]
22: [9]
23: [19, 9]
24: [19]
25: [19]
26: [19]
27: [148]
28: [136, 153]
29: [9, 22]
30: [42, 49, 50]
31: [178, 42, 49, 50, 51]
32: [178, 42, 49, 52, 50, 51]
33: [178, 42, 53, 49, 52, 50, 51]
34: [178, 42, 54, 53, 49, 52, 50, 51]
35: [178, 42, 55, 54, 53, 49, 52, 50, 51]
36: [178, 42, 56, 55, 54, 53, 49, 52, 50, 51]
37: []
38: [50, 51, 52, 53, 54, 55, 56, 57, 178, 42]
39: [51, 52, 53, 54, 55, 56, 57, 42]
40: [32, 19]
41: [165, 148]
42: [136, 153]
43: [9, 22]
44: [42, 49, 50]
45: [178, 51]
46: [52]
47: [53]
48: [54]
49: [55]
50: [56]
51: [49, 57]
52: [50, 178]
53: [51, 52, 53, 54, 55, 56, 57, 42]
54: [32, 19]
55: [165, 148]
56: [136, 153]
57: [9, 22]
58: [42, 49, 50]
59: [178, 51]
60: [52]
61: [53]
62: [54]
63: [55]
64: [56]
65: [49, 57]
66: [50, 57, 178]
67: [51, 52, 53, 54, 55, 56, 57, 42]
68: [32, 19]
69: [165, 148]
70: [136, 153]
71: [9, 22]
72: [42, 49, 50]
73: [178, 51]
74: [52]
75: [53]
76: [54]
77: [55]
78: [56]
79: [49, 56]
80: [50, 56, 178]
81: [51, 52, 53, 54, 55, 56, 42]
82: [32]
83: [165]
84: [136, 153]
85: [9, 22]
86: [42, 49, 50]
87: [178, 51]
88: [52]
89: [53]
90: [54]
91: [55]
92: [55]
93: [49, 55]
94: [50, 55, 178]
95: [51, 52, 53, 54, 55, 42]
96: [32]
97: [165]
98: [136, 153]
99: [9, 22]
100: [42, 49, 50]
101: [178, 51]
102: [52]
103: [53]
104: [54]
105: [54]
106: [54]
107: [49, 54]
108: [50, 54, 178]
109: [51, 52, 53, 54, 42]
110: [32]
111: [165]
112: [136, 153]
113: [9, 22]
114: [42, 49, 50]
115: [178, 51]
116: [52]
117: [53]
118: [53]
119: [53]
120: [53]
121: [49, 53]
122: [50, 53, 178]
123: [51, 52, 53, 42]
124: [32]
125: [165]
126: [136, 153]
127: [9, 22]
128: [49, 42, 50]
129: [49, 178, 51]
130: [49, 52]
131: [49, 52]
132: [49, 52]
133: [49, 52]
134: [49, 52]
135: [49, 52]
136: [50, 52, 178]
137: [51, 52, 42]
138: [32]
139: [165]
140: [153]
141: [22]
142: [42, 50]
143: [178, 50, 51]
144: [50, 51]
145: [50, 51]
146: [50, 51]
147: [50, 51]
148: [50, 51]
149: [50, 51]
150: [50, 51, 178]
151: [51, 42]
152: [32]
153: [165]
154: [153]
155: [22]
156: [42]
157: [178, 42]
158: [178, 42]
159: [178, 42]
160: [178, 42]
161: [178, 42]
162: [178, 42]
163: [178, 42]
164: [178, 42]
165: [42]
166: [32]
167: [165]
168: [153]
169: [22]
170: [22, 32]
171: [22, 32]
172: [22, 32]
173: [22, 32]
174: [22, 32]
175: [22, 32]
176: [22, 32]
177: [22, 32]
178: [22, 32]
179: [22, 32]
180: [32]
181: [165]
182: [153]
183: [153]
184: [153, 165]
185: [153, 165]
186: [153, 165]
187: [153, 165]
188: [153, 165]
189: [153, 165]
190: [153, 165]
191: [153, 165]
192: [153, 165]
193: [153, 165]
194: [165]
195: [165]
38
0: [137]
1: [137]
2: [137]
3: [137]
4: [137]
5: [137]
6: [137]
7: [137]
8: [137]
9: [137]
10: [149, 137]
11: [149]
12: [149]
13: [149]
14: [137]
15: [10]
16: [10]
17: [10]
18: [10]
19: [10]
20: [10]
21: [10]
22: [10]
23: [10]
24: [20, 10]
25: [20]
26: [20]
27: [149]
28: [137, 153]
29: [10, 22]
30: [42, 50]
31: [178, 42, 50, 51]
32: [178, 42, 52, 50, 51]
33: [178, 42, 53, 52, 50, 51]
34: [178, 42, 54, 53, 52, 50, 51]
35: [178, 42, 55, 54, 53, 52, 50, 51]
36: [178, 42, 56, 55, 54, 53, 52, 50, 51]
37: [178, 42, 57, 56, 55, 54, 53, 52, 50, 51]
38: []
39: [51, 52, 53, 54, 55, 56, 57, 58, 42]
40: [32, 20]
41: [165, 149]
42: [137, 153]
43: [10, 22]
44: [42, 50]
45: [178, 51]
46: [52]
47: [53]
48: [54]
49: [55]
50: [56]
51: [57]
52: [50, 58, 178]
53: [51, 52, 53, 54, 55, 56, 57, 58, 42]
54: [32, 20]
55: [165, 149]
56: [137, 153]
57: [10, 22]
58: [42, 50]
59: [178, 51]
60: [52]
61: [53]
62: [54]
63: [55]
64: [56]
65: [57]
66: [50, 57, 178]
67: [51, 52, 53, 54, 55, 56, 57, 42]
68: [32]
69: [165]
70: [137, 153]
71: [10, 22]
72: [42, 50]
73: [178, 51]
74: [52]
75: [53]
76: [54]
77: [55]
78: [56]
79: [56]
80: [50, 56, 178]
81: [51, 52, 53, 54, 55, 56, 42]
82: [32]
83: [165]
84: [137, 153]
85: [10, 22]
86: [42, 50]
87: [178, 51]
88: [52]
89: [53]
90: [54]
91: [55]
92: [55]
93: [55]
94: [50, 55, 178]
95: [51, 52, 53, 54, 55, 42]
96: [32]
97: [165]
98: [137, 153]
99: [10, 22]
100: [42, 50]
101: [178, 51]
102: [52]
103: [53]
104: [54]
105: [54]
106: [54]
107: [54]
108: [50, 54, 178]
109: [51, 52, 53, 54, 42]
110: [32]
111: [165]
112: [137, 153]
113: [10, 22]
114: [42, 50]
115: [178, 51]
116: [52]
117: [53]
118: [53]
119: [53]
120: [53]
121: [53]
122: [50, 53, 178]
123: [51, 52, 53, 42]
124: [32]
125: [165]
126: [137, 153]
127: [10, 22]
128: [42, 50]
129: [178, 51]
130: [52]
131: [52]
132: [52]
133: [52]
134: [52]
135: [52]
136: [50, 52, 178]
137: [51, 52, 42]
138: [32]
139: [165]
140: [137, 153]
141: [10, 22]
142: [42, 50]
143: [178, 50, 51]
144: [50, 51]
145: [50, 51]
146: [50, 51]
147: [50, 51]
148: [50, 51]
149: [50, 51]
150: [50, 51, 178]
151: [51, 42]
152: [32]
153: [165]
154: [153]
155: [22]
156: [42]
157: [178, 42]
158: [178, 42]
159: [178, 42]
160: [178, 42]
161: [178, 42]
162: [178, 42]
163: [178, 42]
164: [178, 42]
165: [42]
166: [32]
167: [165]
168: [153]
169: [22]
170: [22, 32]
171: [22, 32]
172: [22, 32]
173: [22, 32]
174: [22, 32]
175: [22, 32]
176: [22, 32]
177: [22, 32]
178: [22, 32]
179: [22, 32]
180: [32]
181: [165]
182: [153]
183: [153]
184: [153, 165]
185: [153, 165]
186: [153, 165]
187: [153, 165]
188: [153, 165]
189: [153, 165]
190: [153, 165]
191: [153, 165]
192: [153, 165]
193: [153, 165]
194: [165]
195: [165]
39
0: [138]
1: [138]
2: [138]
3: [138]
4: [138]
5: [138]
6: [138]
7: [138]
8: [138]
9: [138]
10: [138]
11: [150, 138]
12: [150]
13: [150]
14: [138]
15: [11]
16: [11]
17: [11]
18: [11]
19: [11]
20: [11]
21: [11]
22: [11]
23: [11]
24: [11]
25: [21, 11]
26: [21]
27: [150]
28: [138, 153]
29: [11, 22]
30: [42]
31: [42, 51]
32: [42, 52, 51]
33: [42, 53, 52, 51]
34: [42, 54, 53, 52, 51]
35: [42, 55, 54, 53, 52, 51]
36: [42, 56, 55, 54, 53, 52, 51]
37: [42, 57, 56, 55, 54, 53, 52, 51]
38: [42, 58, 57, 56, 55, 54, 53, 52, 51]
39: []
40: [32, 21]
41: [165, 150]
42: [138, 153]
43: [11, 22]
44: [42]
45: [51]
46: [52]
47: [53]
48: [54]
49: [55]
50: [56]
51: [57]
52: [58]
53: [51, 52, 53, 54, 55, 56, 57, 58, 42]
54: [32]
55: [165]
56: [138, 153]
57: [11, 22]
58: [42]
59: [51]
60: [52]
61: [53]
62: [54]
63: [55]
64: [56]
65: [57]
66: [57]
67: [51, 52, 53, 54, 55, 56, 57, 42]
68: [32]
69: [165]
70: [138, 153]
71: [11, 22]
72: [42]
73: [51]
74: [52]
75: [53]
76: [54]
77: [55]
78: [56]
79: [56]
80: [56]
81: [51, 52, 53, 54, 55, 56, 42]
82: [32]
83: [165]
84: [138, 153]
85: [11, 22]
86: [42]
87: [51]
88: [52]
89: [53]
90: [54]
91: [55]
92: [55]
93: [55]
94: [55]
95: [51, 52, 53, 54, 55, 42]
96: [32]
97: [165]
98: [138, 153]
99: [11, 22]
100: [42]
101: [51]
102: [52]
103: [53]
104: [54]
105: [54]
106: [54]
107: [54]
108: [54]
109: [51, 52, 53, 54, 42]
110: [32]
111: [165]
112: [138, 153]
113: [11, 22]
114: [42]
115: [51]
116: [52]
117: [53]
118: [53]
119: [53]
120: [53]
121: [53]
122: [53]
123: [51, 52, 53, 42]
124: [32]
125: [165]
126: [138, 153]
127: [11, 22]
128: [42]
129: [51]
130: [52]
131: [52]
132: [52]
133: [52]
134: [52]
135: [52]
136: [52]
137: [51, 52, 42]
138: [32]
139: [165]
140: [138, 153]
141: [11, 22]
142: [42]
143: [51]
144: [51]
145: [51]
146: [51]
147: [51]
148: [51]
149: [51]
150: [51]
151: [51, 42]
152: [32]
153: [165]
154: [138, 153]
155: [11, 22]
156: [42]
157: [42]
158: [42]
159: [42]
160: [42]
161: [42]
162: [42]
163: [42]
164: [42]
165: [42]
166: [32]
167: [165]
168: [153]
169: [22]
170: [22, 32]
171: [22, 32]
172: [22, 32]
173: [22, 32]
174: [22, 32]
175: [22, 32]
176: [22, 32]
177: [22, 32]
178: [22, 32]
179: [22, 32]
180: [32]
181: [165]
182: [153]
183: [153]
184: [153, 165]
185: [153, 165]
186: [153, 165]
187: [153, 165]
188: [153, 165]
189: [153, 165]
190: [153, 165]
191: [153, 165]
192: [153, 165]
193: [153, 165]
194: [165]
195: [165]
40
0: [139]
1: [176, 139]
2: [176, 139]
3: [176, 139]
4: [176, 139]
5: [176, 139]
6: [176, 139]
7: [176, 139]
8: [176, 139]
9: [176, 139]
10: [176, 139]
11: [176, 150, 139]
12: [176, 150, 139]
13: [150]
14: [139, 152]
15: [1]
16: [1, 12]
17: [1, 13, 12]
18: [1, 14, 13, 12]
19: [1, 15, 14, 13, 12]
20: [1, 16, 15, 14, 13, 12]
21: [1, 17, 16, 15, 14, 13, 12]
22: [1, 18, 17, 16, 15, 14, 13, 12]
23: [1, 19, 18, 17, 16, 15, 14, 13, 12]
24: [1, 20, 19, 18, 17, 16, 15, 14, 13, 12]
25: [1, 21, 20, 19, 18, 17, 16, 15, 14, 13, 12]
26: [1, 21, 20, 19, 18, 17, 16, 15, 14, 13, 12]
27: [150]
28: [139, 152]
29: [1]
30: [12, 32]
31: [13, 32]
32: [14, 32]
33: [15, 32]
34: [16, 32]
35: [17, 32]
36: [18, 32]
37: [19, 32]
38: [20, 32]
39: [21, 32]
40: []
41: [165, 150]
42: [139, 152]
43: [1]
44: [12, 32]
45: [13]
46: [14]
47: [15]
48: [16]
49: [17]
50: [18]
51: [19]
52: [20]
53: [20]
54: [32, 12, 13, 14, 15, 16, 17, 18, 19, 20, 1]
55: [165]
56: [139, 152]
57: [1]
58: [12, 32]
59: [13]
60: [14]
61: [15]
62: [16]
63: [17]
64: [18]
65: [19]
66: [19]
67: [19]
68: [32, 12, 13, 14, 15, 16, 17, 18, 19, 1]
69: [165]
70: [139, 152]
71: [1]
72: [12, 32]
73: [13]
74: [14]
75: [15]
76: [16]
77: [17]
78: [18]
79: [18]
80: [18]
81: [18]
82: [32, 12, 13, 14, 15, 16, 17, 18, 1]
83: [165]
84: [139, 152]
85: [1]
86: [12, 32]
87: [13]
88: [14]
89: [15]
90: [16]
91: [17]
92: [17]
93: [17]
94: [17]
95: [17]
96: [32, 12, 13, 14, 15, 16, 17, 1]
97: [165]
98: [139, 152]
99: [1]
100: [12, 32]
101: [13]
102: [14]
103: [15]
104: [16]
105: [16]
106: [16]
107: [16]
108: [16]
109: [16]
110: [32, 12, 13, 14, 15, 16, 1]
111: [165]
112: [139, 152]
113: [1]
114: [12, 32]
115: [13]
116: [14]
117: [15]
118: [15]
119: [15]
120: [15]
121: [15]
122: [15]
123: [15]
124: [32, 12, 13, 14, 15, 1]
125: [165]
126: [139, 152]
127: [1]
128: [12, 32]
129: [13]
130: [14]
131: [14]
132: [14]
133: [14]
134: [14]
135: [14]
136: [14]
137: [14]
138: [32, 12, 13, 14, 1]
139: [165]
140: [139, 152]
141: [1]
142: [12, 32]
143: [13]
144: [13]
145: [13]
146: [13]
147: [13]
148: [13]
149: [13]
150: [13]
151: [13]
152: [32, 12, 13, 1]
153: [165]
154: [139, 152]
155: [1]
156: [12, 32]
157: [12]
158: [12]
159: [12]
160: [12]
161: [12]
162: [12]
163: [12]
164: [12]
165: [12]
166: [32, 12, 1]
167: [165]
168: [139, 152]
169: [1]
170: [32, 1]
171: [32, 1]
172: [32, 1]
173: [32, 1]
174: [32, 1]
175: [32, 1]
176: [32, 1]
177: [32, 1]
178: [32, 1]
179: [32, 1]
180: [32, 1]
181: [165]
182: [152]
183: [152, 176]
184: [152, 165, 176]
185: [152, 165, 176]
186: [152, 165, 176]
187: [152, 165, 176]
188: [152, 165, 176]
189: [152, 165, 176]
190: [152, 165, 176]
191: [152, 165, 176]
192: [152, 165, 176]
193: [152, 165, 176]
194: [152, 165, 176]
195: [165]
41
0: [127]
1: [127, 140]
2: [127, 141, 140]
3: [127, 142, 141, 140]
4: [127, 143, 142, 141, 140]
5: [127, 144, 143, 142, 141, 140]
6: [127, 145, 144, 143, 142, 141, 140]
7: [127, 146, 145, 144, 143, 142, 141, 140]
8: [127, 147, 146, 145, 144, 143, 142, 141, 140]
9: [127, 148, 147, 146, 145, 144, 143, 142, 141, 140]
10: [127, 149, 148, 147, 146, 145, 144, 143, 142, 141, 140]
11: [150, 127, 149, 148, 147, 146, 145, 144, 143, 142, 141, 140]
12: [127, 150, 149, 148, 147, 146, 145, 144, 143, 142, 141, 140]
13: [127, 150, 149, 148, 147, 146, 145, 144, 143, 142, 141, 140]
14: [177, 127]
15: [177, 140, 164]
16: [177, 141, 164]
17: [177, 142, 164]
18: [177, 143, 164]
19: [177, 144, 164]
20: [177, 145, 164]
21: [177, 146, 164]
22: [177, 147, 164]
23: [177, 148, 164]
24: [177, 149, 164]
25: [177, 150, 164]
26: [177, 164]
27: [177, 127, 150, 149, 148, 147, 146, 145, 144, 143, 142, 141, 164, 140]
28: [177, 127]
29: [140, 164]
30: [141, 165]
31: [142, 165]
32: [143, 165]
33: [144, 165]
34: [145, 165]
35: [146, 165]
36: [147, 165]
37: [148, 165]
38: [149, 165]
39: [150, 165]
40: [150, 165]
41: []
42: [177, 127]
43: [140, 164]
44: [141, 165]
45: [142]
46: [143]
47: [144]
48: [145]
49: [146]
50: [147]
51: [148]
52: [149]
53: [149]
54: [149]
55: [164, 165, 140, 141, 142, 143, 144, 145, 146, 147, 148, 149, 177, 127]
56: [177, 127]
57: [140, 164]
58: [141, 165]
59: [142]
60: [143]
61: [144]
62: [145]
63: [146]
64: [147]
65: [148]
66: [148]
67: [148]
68: [148]
69: [164, 165, 140, 141, 142, 143, 144, 145, 146, 147, 148, 177, 127]
70: [177, 127]
71: [140, 164]
72: [141, 165]
73: [142]
74: [143]
75: [144]
76: [145]
77: [146]
78: [147]
79: [147]
80: [147]
81: [147]
82: [147]
83: [164, 165, 140, 141, 142, 143, 144, 145, 146, 147, 177, 127]
84: [177, 127]
85: [140, 164]
86: [141, 165]
87: [142]
88: [143]
89: [144]
90: [145]
91: [146]
92: [146]
93: [146]
94: [146]
95: [146]
96: [146]
97: [164, 165, 140, 141, 142, 143, 144, 145, 146, 177, 127]
98: [177, 127]
99: [140, 164]
100: [141, 165]
101: [142]
102: [143]
103: [144]
104: [145]
105: [145]
106: [145]
107: [145]
108: [145]
109: [145]
110: [145]
111: [164, 165, 140, 141, 142, 143, 144, 145, 177, 127]
112: [177, 127]
113: [140, 164]
114: [141, 165]
115: [142]
116: [143]
117: [144]
118: [144]
119: [144]
120: [144]
121: [144]
122: [144]
123: [144]
124: [144]
125: [164, 165, 140, 141, 142, 143, 144, 177, 127]
126: [177, 127]
127: [140, 164]
128: [141, 165]
129: [142]
130: [143]
131: [143]
132: [143]
133: [143]
134: [143]
135: [143]
136: [143]
137: [143]
138: [143]
139: [164, 165, 140, 141, 142, 143, 177, 127]
140: [177, 127]
141: [140, 164]
142: [141, 165]
143: [142]
144: [142]
145: [142]
146: [142]
147: [142]
148: [142]
149: [142]
150: [142]
151: [142]
152: [142]
153: [164, 165, 140, 141, 142, 177, 127]
154: [177, 127]
155: [140, 164]
156: [141, 165]
157: [141]
158: [141]
159: [141]
160: [141]
161: [141]
162: [141]
163: [141]
164: [141]
165: [141]
166: [141]
167: [164, 140, 141, 165, 177, 127]
168: [177, 127]
169: [140, 164, 177]
170: [140, 165, 177]
171: [140, 177]
172: [140, 177]
173: [140, 177]
174: [140, 177]
175: [140, 177]
176: [140, 177]
177: [140, 177]
178: [140, 177]
179: [140, 177]
180: [140, 177]
181: [164, 140, 165, 177, 127]
182: [127]
183: [164, 127]
184: [164, 165, 127]
185: [164, 165, 127]
186: [164, 165, 127]
187: [164, 165, 127]
188: [164, 165, 127]
189: [164, 165, 127]
190: [164, 165, 127]
191: [164, 165, 127]
192: [164, 165, 127]
193: [164, 165, 127]
194: [164, 165, 127]
195: [164, 165, 127]
42
0: [130, 131, 132, 133, 134, 135, 136, 137, 138, 139, 127]
1: [130, 131, 132, 133, 134, 135, 136, 137, 138, 139, 127]
2: [130, 131, 132, 133, 134, 135, 136, 137, 138, 139, 127]
3: [130, 131, 132, 133, 134, 135, 136, 137, 138, 139, 127]
4: [131, 132, 133, 134, 135, 136, 137, 138, 139, 127]
5: [132, 133, 134, 135, 136, 137, 138, 139, 127]
6: [133, 134, 135, 136, 137, 138, 139, 127]
7: [134, 135, 136, 137, 138, 139, 127]
8: [135, 136, 137, 138, 139, 127]
9: [136, 137, 138, 139, 127]
10: [137, 138, 139, 127]
11: [138, 139, 127]
12: [139, 127]
13: [127]
14: [130, 131, 132, 133, 134, 135, 136, 137, 138, 139, 152, 177, 127]
15: [152, 177]
16: [152, 177]
17: [152, 130, 177]
18: [152, 131, 177]
19: [152, 132, 177]
20: [152, 133, 177]
21: [152, 134, 177]
22: [152, 135, 177]
23: [152, 136, 177]
24: [152, 137, 177]
25: [152, 138, 177]
26: [152, 139, 177]
27: [177, 127]
28: [130, 131, 132, 133, 134, 135, 136, 137, 138, 139, 152, 153, 177, 127]
29: [153]
30: [153]
31: [153, 130]
32: [153, 131]
33: [153, 132]
34: [153, 133]
35: [153, 134]
36: [153, 135]
37: [153, 136]
38: [153, 137]
39: [153, 138]
40: [152, 139]
41: [177, 127]
42: []
43: [154, 130]
44: [154, 130]
45: [154, 130]
46: [154, 131]
47: [154, 132]
48: [154, 133]
49: [154, 134]
50: [154, 135]
51: [154, 136]
52: [154, 137]
53: [153, 138]
54: [152, 139]
55: [177, 127]
56: [177, 127, 131, 132, 133, 134, 135, 136, 137, 154, 153, 138, 152, 139]
57: [131]
58: [131]
59: [131]
60: [131]
61: [132]
62: [133]
63: [134]
64: [135]
65: [136]
66: [154, 137]
67: [153, 138]
68: [152, 139]
69: [177, 127]
70: [177, 127, 132, 133, 134, 135, 136, 137, 154, 153, 138, 152, 139]
71: [132]
72: [132]
73: [132]
74: [132]
75: [132]
76: [133]
77: [134]
78: [135]
79: [136]
80: [154, 137]
81: [153, 138]
82: [152, 139]
83: [177, 127]
84: [177, 127, 133, 134, 135, 136, 137, 154, 153, 138, 152, 139]
85: [133]
86: [133]
87: [133]
88: [133]
89: [133]
90: [133]
91: [134]
92: [135]
93: [136]
94: [154, 137]
95: [153, 138]
96: [152, 139]
97: [177, 127]
98: [177, 127, 134, 135, 136, 137, 154, 153, 138, 152, 139]
99: [134]
100: [134]
101: [134]
102: [134]
103: [134]
104: [134]
105: [134]
106: [135]
107: [136]
108: [154, 137]
109: [153, 138]
110: [152, 139]
111: [177, 127]
112: [177, 127, 135, 136, 137, 154, 153, 138, 152, 139]
113: [135]
114: [135]
115: [135]
116: [135]
117: [135]
118: [135]
119: [135]
120: [135]
121: [136]
122: [154, 137]
123: [153, 138]
124: [152, 139]
125: [177, 127]
126: [177, 127, 136, 137, 154, 153, 138, 152, 139]
127: [136]
128: [136]
129: [136]
130: [136]
131: [136]
132: [136]
133: [136]
134: [136]
135: [136]
136: [154, 137]
137: [153, 138]
138: [152, 139]
139: [177, 127]
140: [177, 127, 137, 154, 153, 138, 152, 139]
141: [137]
142: [137]
143: [137]
144: [137]
145: [137]
146: [137]
147: [137]
148: [137]
149: [137]
150: [154, 137]
151: [153, 138]
152: [152, 139]
153: [177, 127]
154: [177, 127, 154, 153, 138, 152, 139]
155: [138]
156: [138]
157: [138]
158: [138]
159: [138]
160: [138]
161: [138]
162: [138]
163: [138]
164: [154, 138]
165: [153, 138]
166: [152, 139]
167: [177, 127]
168: [177, 127, 154, 153, 152, 139]
169: [177, 139]
170: [177, 139]
171: [177, 139]
172: [177, 139]
173: [177, 139]
174: [177, 139]
175: [177, 139]
176: [177, 139]
177: [177, 139]
178: [177, 154, 139]
179: [177, 153, 139]
180: [177, 152, 139]
181: [177, 127]
182: [127, 154, 153, 152]
183: [127, 154, 153, 152]
184: [127, 154, 153, 152]
185: [127, 154, 153, 152]
186: [127, 154, 153, 152]
187: [127, 154, 153, 152]
188: [127, 154, 153, 152]
189: [127, 154, 153, 152]
190: [127, 154, 153, 152]
191: [127, 154, 153, 152]
192: [154, 127, 153, 152]
193: [127, 153, 152]
194: [127, 152]
195: [127]
43
0: [130]
1: [140, 130, 176]
2: [140, 130, 176]
3: [140, 130, 176]
4: [140, 176]
5: [140, 176]
6: [140, 176]
7: [140, 176]
8: [140, 176]
9: [140, 176]
10: [140, 176]
11: [140, 176]
12: [140, 176]
13: [140]
14: [130]
15: [3, 4, 5, 6, 7, 8, 9, 10, 11, 1]
16: [3, 4, 5, 6, 7, 8, 9, 10, 11, 1]
17: [3, 4, 5, 6, 7, 8, 9, 10, 11, 1]
18: [4, 5, 6, 7, 8, 9, 10, 11, 1]
19: [5, 6, 7, 8, 9, 10, 11, 1]
20: [6, 7, 8, 9, 10, 11, 1]
21: [7, 8, 9, 10, 11, 1]
22: [8, 9, 10, 11, 1]
23: [9, 10, 11, 1]
24: [10, 11, 1]
25: [11, 1]
26: [1]
27: [164, 140]
28: [130]
29: [3, 4, 5, 6, 7, 8, 9, 10, 11, 22, 1]
30: [22]
31: [22, 3]
32: [22, 4]
33: [22, 5]
34: [22, 6]
35: [22, 7]
36: [22, 8]
37: [22, 9]
38: [22, 10]
39: [22, 11]
40: [1]
41: [164, 140]
42: [130, 154]
43: []
44: [23, 3]
45: [23, 3]
46: [23, 4]
47: [23, 5]
48: [23, 6]
49: [23, 7]
50: [23, 8]
51: [23, 9]
52: [23, 10]
53: [22, 11]
54: [1]
55: [164, 140]
56: [154]
57: [1, 4, 5, 6, 7, 8, 9, 10, 23, 11, 22]
58: [4]
59: [4]
60: [4]
61: [5]
62: [6]
63: [7]
64: [8]
65: [9]
66: [23, 10]
67: [22, 11]
68: [1]
69: [164, 140]
70: [154]
71: [1, 5, 6, 7, 8, 9, 10, 23, 11, 22]
72: [5]
73: [5]
74: [5]
75: [5]
76: [6]
77: [7]
78: [8]
79: [9]
80: [23, 10]
81: [22, 11]
82: [1]
83: [164, 140]
84: [154]
85: [1, 6, 7, 8, 9, 10, 23, 11, 22]
86: [6]
87: [6]
88: [6]
89: [6]
90: [6]
91: [7]
92: [8]
93: [9]
94: [23, 10]
95: [22, 11]
96: [1]
97: [164, 140]
98: [154]
99: [1, 7, 8, 9, 10, 23, 11, 22]
100: [7]
101: [7]
102: [7]
103: [7]
104: [7]
105: [7]
106: [8]
107: [9]
108: [23, 10]
109: [22, 11]
110: [1]
111: [164, 140]
112: [154]
113: [1, 8, 9, 10, 23, 11, 22]
114: [8]
115: [8]
116: [8]
117: [8]
118: [8]
119: [8]
120: [8]
121: [9]
122: [23, 10]
123: [22, 11]
124: [1]
125: [164, 140]
126: [154]
127: [1, 9, 10, 23, 11, 22]
128: [9]
129: [9]
130: [9]
131: [9]
132: [9]
133: [9]
134: [9]
135: [9]
136: [23, 10]
137: [22, 11]
138: [1]
139: [164, 140]
140: [154]
141: [1, 10, 23, 11, 22]
142: [10]
143: [10]
144: [10]
145: [10]
146: [10]
147: [10]
148: [10]
149: [10]
150: [23, 10]
151: [22, 11]
152: [1]
153: [164, 140]
154: [154]
155: [1, 23, 11, 22]
156: [11]
157: [11]
158: [11]
159: [11]
160: [11]
161: [11]
162: [11]
163: [11]
164: [23, 11]
165: [22, 11]
166: [1]
167: [164, 140]
168: [154]
169: [1, 23, 22]
170: [1, 23, 22]
171: [1, 23, 22]
172: [1, 23, 22]
173: [1, 23, 22]
174: [1, 23, 22]
175: [1, 23, 22]
176: [1, 23, 22]
177: [1, 23, 22]
178: [1, 23, 22]
179: [1, 22]
180: [1]
181: [164, 140]
182: [154]
183: [176, 154, 164]
184: [176, 154, 164]
185: [176, 154, 164]
186: [176, 154, 164]
187: [176, 154, 164]
188: [176, 154, 164]
189: [176, 154, 164]
190: [176, 154, 164]
191: [176, 154, 164]
192: [176, 154, 164]
193: [176, 164]
194: [176, 164]
195: [164]
44
0: [130]
1: [130]
2: [141, 130]
3: [141, 130]
4: [141]
5: [141]
6: [141]
7: [141]
8: [141]
9: [141]
10: [141]
11: [141]
12: [141]
13: [141]
14: [130]
15: [3]
16: [12, 3]
17: [12, 3]
18: [12]
19: [12]
20: [12]
21: [12]
22: [12]
23: [12]
24: [12]
25: [12]
26: [12]
27: [141]
28: [130]
29: [3]
30: [43, 44, 45, 46, 47, 48, 49, 50, 42]
31: [43, 44, 45, 46, 47, 48, 49, 50, 42]
32: [44, 45, 46, 47, 48, 49, 50, 42]
33: [45, 46, 47, 48, 49, 50, 42]
34: [46, 47, 48, 49, 50, 42]
35: [48, 49, 50, 47, 42]
36: [48, 49, 50, 42]
37: [49, 50, 42]
38: [50, 42]
39: [42]
40: [32, 12]
41: [165, 141]
42: [130, 154]
43: [3, 23]
44: []
45: [59, 43, 179]
46: [59, 44, 179]
47: [59, 45, 179]
48: [59, 46, 179]
49: [59, 47, 179]
50: [59, 48, 179]
51: [59, 49, 179]
52: [59, 50, 179]
53: [179, 42]
54: [32, 12]
55: [165, 141]
56: [154]
57: [23]
58: [42, 179, 44, 45, 46, 47, 48, 49, 50, 59]
59: [44]
60: [44]
61: [45]
62: [46]
63: [47]
64: [48]
65: [49]
66: [59, 50]
67: [179, 42]
68: [32, 12]
69: [165, 141]
70: [154]
71: [23]
72: [42, 179, 45, 46, 47, 48, 49, 50, 59]
73: [45]
74: [45]
75: [45]
76: [46]
77: [47]
78: [48]
79: [49]
80: [59, 50]
81: [179, 42]
82: [32, 12]
83: [165, 141]
84: [154]
85: [23]
86: [42, 179, 46, 47, 48, 49, 50, 59]
87: [46]
88: [46]
89: [46]
90: [46]
91: [47]
92: [48]
93: [49]
94: [59, 50]
95: [179, 42]
96: [32, 12]
97: [165, 141]
98: [154]
99: [23]
100: [42, 179, 47, 48, 49, 50, 59]
101: [47]
102: [47]
103: [47]
104: [47]
105: [47]
106: [48]
107: [49]
108: [59, 50]
109: [179, 42]
110: [32, 12]
111: [165, 141]
112: [154]
113: [23]
114: [42, 179, 48, 49, 50, 59]
115: [48]
116: [48]
117: [48]
118: [48]
119: [48]
120: [48]
121: [49]
122: [59, 50]
123: [179, 42]
124: [32, 12]
125: [165, 141]
126: [154]
127: [23]
128: [42, 179, 49, 50, 59]
129: [49]
130: [49]
131: [49]
132: [49]
133: [49]
134: [49]
135: [49]
136: [59, 50]
137: [179, 42]
138: [32, 12]
139: [165, 141]
140: [154]
141: [23]
142: [42, 179, 50, 59]
143: [179, 50]
144: [179, 50]
145: [179, 50]
146: [179, 50]
147: [179, 50]
148: [179, 50]
149: [179, 50]
150: [59, 179, 50]
151: [179, 42]
152: [32, 12]
153: [165, 141]
154: [154]
155: [23]
156: [42, 59]
157: [42, 59]
158: [42, 59]
159: [42, 59]
160: [42, 59]
161: [42, 59]
162: [42, 59]
163: [42, 59]
164: [42, 59]
165: [42]
166: [32, 12]
167: [165, 141]
168: [154]
169: [23]
170: [23, 32]
171: [23, 32]
172: [23, 32]
173: [23, 32]
174: [23, 32]
175: [23, 32]
176: [23, 32]
177: [23, 32]
178: [23, 32]
179: [32]
180: [32]
181: [165]
182: [154]
183: [154]
184: [154, 165]
185: [154, 165]
186: [154, 165]
187: [154, 165]
188: [154, 165]
189: [154, 165]
190: [154, 165]
191: [154, 165]
192: [154, 165]
193: [165]
194: [165]
195: [165]
45
0: [130]
1: [130]
2: [130]
3: [142, 130]
4: [142]
5: [142]
6: [142]
7: [142]
8: [142]
9: [142]
10: [142]
11: [142]
12: [142]
13: [142]
14: [130]
15: [3]
16: [3]
17: [13, 3]
18: [13]
19: [13]
20: [13]
21: [13]
22: [13]
23: [13]
24: [13]
25: [13]
26: [13]
27: [142]
28: [130]
29: [3]
30: [43]
31: [51, 43, 178]
32: [51, 178]
33: [51, 178]
34: [51, 178]
35: [51, 178]
36: [51, 178]
37: [51, 178]
38: [51, 178]
39: [51]
40: [13]
41: [142]
42: [130, 154]
43: [3, 23]
44: [43, 179, 59]
45: []
46: [76, 77, 78, 79, 80, 81, 75]
47: [77, 78, 79, 80, 81, 75]
48: [80, 81, 78, 79, 75]
49: [80, 81, 79, 75]
50: [80, 81, 75]
51: [81, 75]
52: [75]
53: [67, 51, 179]
54: [33, 13]
55: [166, 142]
56: [154]
57: [23]
58: [179, 59]
59: [75, 76, 77, 78, 79, 80, 81]
60: [76]
61: [77]
62: [78]
63: [79]
64: [80]
65: [81]
66: [75]
67: [67, 51, 179]
68: [33, 13]
69: [166, 142]
70: [154]
71: [23]
72: [179, 59]
73: [75, 77, 78, 79, 80, 81]
74: [77]
75: [77]
76: [78]
77: [79]
78: [80]
79: [81]
80: [75]
81: [67, 51, 179]
82: [33, 13]
83: [166, 142]
84: [154]
85: [23]
86: [179, 59]
87: [75, 78, 79, 80, 81]
88: [78]
89: [78]
90: [78]
91: [79]
92: [80]
93: [81]
94: [75]
95: [67, 51, 179]
96: [33, 13]
97: [166, 142]
98: [154]
99: [23]
100: [179, 59]
101: [75, 79, 80, 81]
102: [79]
103: [79]
104: [79]
105: [79]
106: [80]
107: [81]
108: [75]
109: [67, 51, 179]
110: [33, 13]
111: [166, 142]
112: [154]
113: [23]
114: [179, 59]
115: [75, 80, 81]
116: [80]
117: [80]
118: [80]
119: [80]
120: [80]
121: [81]
122: [75]
123: [67, 51, 179]
124: [33, 13]
125: [166, 142]
126: [154]
127: [23]
128: [179, 59]
129: [75, 81]
130: [81]
131: [81]
132: [81]
133: [81]
134: [81]
135: [81]
136: [75]
137: [67, 51, 179]
138: [33, 13]
139: [166, 142]
140: [154]
141: [23]
142: [179, 59]
143: [75]
144: [75]
145: [75]
146: [75]
147: [75]
148: [75]
149: [75]
150: [75]
151: [67, 51, 179]
152: [33, 13]
153: [166, 142]
154: [154]
155: [23]
156: [59]
157: [178, 59, 67]
158: [178, 59, 67]
159: [178, 59, 67]
160: [178, 59, 67]
161: [178, 59, 67]
162: [178, 59, 67]
163: [178, 59, 67]
164: [178, 59, 67]
165: [67]
166: [33]
167: [166]
168: [154]
169: [23]
170: [23]
171: [23, 33]
172: [23, 33]
173: [23, 33]
174: [23, 33]
175: [23, 33]
176: [23, 33]
177: [23, 33]
178: [23, 33]
179: [33]
180: [33]
181: [166]
182: [154]
183: [154]
184: [154]
185: [154, 166]
186: [154, 166]
187: [154, 166]
188: [154, 166]
189: [154, 166]
190: [154, 166]
191: [154, 166]
192: [154, 166]
193: [166]
194: [166]
195: [166]
46
0: [131]
1: [131]
2: [131]
3: [131]
4: [143, 131]
5: [143]
6: [143]
7: [143]
8: [143]
9: [143]
10: [143]
11: [143]
12: [143]
13: [143]
14: [131]
15: [4]
16: [4]
17: [4]
18: [14, 4]
19: [14]
20: [14]
21: [14]
22: [14]
23: [14]
24: [14]
25: [14]
26: [14]
27: [143]
28: [131]
29: [4]
30: [44]
31: [44]
32: [52, 44]
33: [52]
34: [52]
35: [52]
36: [52]
37: [52]
38: [52]
39: [52]
40: [14]
41: [143]
42: [131, 154]
43: [4, 23]
44: [179, 44, 59]
45: [75, 76, 77, 78, 79, 80, 81]
46: []
47: [77, 78, 79, 80, 81, 82, 75]
48: [78, 79, 80, 81, 82, 75]
49: [80, 81, 82, 79, 75]
50: [80, 81, 82, 75]
51: [81, 82, 75]
52: [82, 75]
53: [67, 52, 179]
54: [33, 14]
55: [166, 143]
56: [131, 154]
57: [4, 23]
58: [179, 44, 59]
59: [75, 76, 77, 78, 79, 80, 81]
60: [76, 82]
61: [77]
62: [78]
63: [79]
64: [80]
65: [81]
66: [82, 75]
67: [67, 52, 179]
68: [33, 14]
69: [166, 143]
70: [154]
71: [23]
72: [179, 59]
73: [75, 77, 78, 79, 80, 81]
74: [77, 82]
75: [77]
76: [78]
77: [79]
78: [80]
79: [81]
80: [82, 75]
81: [67, 52, 179]
82: [33, 14]
83: [166, 143]
84: [154]
85: [23]
86: [179, 59]
87: [75, 78, 79, 80, 81]
88: [78, 82]
89: [78]
90: [78]
91: [79]
92: [80]
93: [81]
94: [82, 75]
95: [67, 52, 179]
96: [33, 14]
97: [166, 143]
98: [154]
99: [23]
100: [179, 59]
101: [75, 79, 80, 81]
102: [79, 82]
103: [79]
104: [79]
105: [79]
106: [80]
107: [81]
108: [82, 75]
109: [67, 52, 179]
110: [33, 14]
111: [166, 143]
112: [154]
113: [23]
114: [179, 59]
115: [75, 80, 81]
116: [80, 82]
117: [80]
118: [80]
119: [80]
120: [80]
121: [81]
122: [82, 75]
123: [67, 52, 179]
124: [33, 14]
125: [166, 143]
126: [154]
127: [23]
128: [179, 59]
129: [75, 81]
130: [81, 82]
131: [81, 82]
132: [81, 82]
133: [81, 82]
134: [81, 82]
135: [81, 82]
136: [82, 75]
137: [67, 52, 179]
138: [33, 14]
139: [166, 143]
140: [154]
141: [23]
142: [179, 59]
143: [75]
144: [75]
145: [75]
146: [75]
147: [75]
148: [75]
149: [75]
150: [75]
151: [67, 179]
152: [33]
153: [166]
154: [154]
155: [23]
156: [59]
157: [59, 67]
158: [59, 67]
159: [59, 67]
160: [59, 67]
161: [59, 67]
162: [59, 67]
163: [59, 67]
164: [59, 67]
165: [67]
166: [33]
167: [166]
168: [154]
169: [23]
170: [23]
171: [23, 33]
172: [23, 33]
173: [23, 33]
174: [23, 33]
175: [23, 33]
176: [23, 33]
177: [23, 33]
178: [23, 33]
179: [33]
180: [33]
181: [166]
182: [154]
183: [154]
184: [154]
185: [154, 166]
186: [154, 166]
187: [154, 166]
188: [154, 166]
189: [154, 166]
190: [154, 166]
191: [154, 166]
192: [154, 166]
193: [166]
194: [166]
195: [166]
47
0: [132]
1: [132]
2: [132]
3: [132]
4: [132]
5: [144, 132]
6: [144]
7: [144]
8: [144]
9: [144]
10: [144]
11: [144]
12: [144]
13: [144]
14: [132]
15: [5]
16: [5]
17: [5]
18: [5]
19: [15, 5]
20: [15]
21: [15]
22: [15]
23: [15]
24: [15]
25: [15]
26: [15]
27: [144]
28: [132]
29: [5]
30: [45]
31: [45]
32: [45]
33: [53, 45]
34: [53]
35: [53]
36: [53]
37: [53]
38: [53]
39: [53]
40: [15]
41: [144]
42: [132, 154]
43: [5, 23]
44: [179, 45, 59]
45: [75, 77, 78, 79, 80, 81]
46: [75, 77, 78, 79, 80, 81, 82]
47: []
48: [78, 79, 80, 81, 82, 83, 75]
49: [79, 80, 81, 82, 83, 75]
50: [80, 81, 82, 83, 75]
51: [81, 82, 83, 75]
52: [82, 83, 75]
53: [67, 53, 179]
54: [33, 15]
55: [166, 144]
56: [132, 154]
57: [5, 23]
58: [179, 45, 59]
59: [75, 77, 78, 79, 80, 81]
60: [82]
61: [77, 83]
62: [78]
63: [79]
64: [80]
65: [81]
66: [82, 83, 75]
67: [67, 53, 179]
68: [33, 15]
69: [166, 144]
70: [132, 154]
71: [5, 23]
72: [179, 45, 59]
73: [75, 77, 78, 79, 80, 81]
74: [77, 82]
75: [77, 83]
76: [78]
77: [79]
78: [80]
79: [81]
80: [82, 83, 75]
81: [67, 53, 179]
82: [33, 15]
83: [166, 144]
84: [154]
85: [23]
86: [179, 59]
87: [75, 78, 79, 80, 81]
88: [78, 82]
89: [78, 83]
90: [78]
91: [79]
92: [80]
93: [81]
94: [82, 83, 75]
95: [67, 53, 179]
96: [33, 15]
97: [166, 144]
98: [154]
99: [23]
100: [179, 59]
101: [75, 79, 80, 81]
102: [79, 82]
103: [79, 83]
104: [79]
105: [79]
106: [80]
107: [81]
108: [82, 83, 75]
109: [67, 53, 179]
110: [33, 15]
111: [166, 144]
112: [154]
113: [23]
114: [179, 59]
115: [75, 80, 81]
116: [80, 82]
117: [80, 83]
118: [80, 83]
119: [80, 83]
120: [80, 83]
121: [81, 83]
122: [82, 83, 75]
123: [67, 53, 179]
124: [33, 15]
125: [166, 144]
126: [154]
127: [23]
128: [179, 59]
129: [75, 81]
130: [81, 82]
131: [81, 82]
132: [81, 82]
133: [81, 82]
134: [81, 82]
135: [81, 82]
136: [82, 75]
137: [67, 179]
138: [33]
139: [166]
140: [154]
141: [23]
142: [179, 59]
143: [75]
144: [75]
145: [75]
146: [75]
147: [75]
148: [75]
149: [75]
150: [75]
151: [67, 179]
152: [33]
153: [166]
154: [154]
155: [23]
156: [59]
157: [59, 67]
158: [59, 67]
159: [59, 67]
160: [59, 67]
161: [59, 67]
162: [59, 67]
163: [59, 67]
164: [59, 67]
165: [67]
166: [33]
167: [166]
168: [154]
169: [23]
170: [23]
171: [23, 33]
172: [23, 33]
173: [23, 33]
174: [23, 33]
175: [23, 33]
176: [23, 33]
177: [23, 33]
178: [23, 33]
179: [33]
180: [33]
181: [166]
182: [154]
183: [154]
184: [154]
185: [154, 166]
186: [154, 166]
187: [154, 166]
188: [154, 166]
189: [154, 166]
190: [154, 166]
191: [154, 166]
192: [154, 166]
193: [166]
194: [166]
195: [166]
48
0: [133]
1: [133]
2: [133]
3: [133]
4: [133]
5: [133]
6: [145, 133]
7: [145]
8: [145]
9: [145]
10: [145]
11: [145]
12: [145]
13: [145]
14: [133]
15: [6]
16: [6]
17: [6]
18: [6]
19: [6]
20: [16, 6]
21: [16]
22: [16]
23: [16]
24: [16]
25: [16]
26: [16]
27: [145]
28: [133]
29: [6]
30: [46]
31: [46]
32: [46]
33: [46]
34: [54, 46]
35: [54]
36: [54]
37: [54]
38: [54]
39: [54]
40: [16]
41: [145]
42: [133, 154]
43: [6, 23]
44: [179, 46, 59]
45: [75, 78, 79, 80, 81]
46: [75, 78, 79, 80, 81, 82]
47: [75, 78, 79, 80, 83, 81, 82]
48: []
49: [79, 80, 81, 82, 83, 84, 75]
50: [80, 81, 82, 83, 84, 75]
51: [81, 82, 83, 84, 75]
52: [82, 83, 84, 75]
53: [67, 54, 179]
54: [33, 16]
55: [166, 145]
56: [133, 154]
57: [6, 23]
58: [179, 46, 59]
59: [75, 78, 79, 80, 81]
60: [82]
61: [83]
62: [78, 84]
63: [79]
64: [80]
65: [81]
66: [82, 83, 84, 75]
67: [67, 54, 179]
68: [33, 16]
69: [166, 145]
70: [133, 154]
71: [6, 23]
72: [179, 46, 59]
73: [75, 78, 79, 80, 81]
74: [82]
75: [83]
76: [78, 84]
77: [79]
78: [80]
79: [81]
80: [82, 83, 84, 75]
81: [67, 54, 179]
82: [33, 16]
83: [166, 145]
84: [133, 154]
85: [6, 23]
86: [179, 46, 59]
87: [75, 78, 79, 80, 81]
88: [78, 82]
89: [78, 83]
90: [78, 84]
91: [79]
92: [80]
93: [81]
94: [82, 83, 84, 75]
95: [67, 54, 179]
96: [33, 16]
97: [166, 145]
98: [154]
99: [23]
100: [179, 59]
101: [75, 79, 80, 81]
102: [79, 82]
103: [79, 83]
104: [79, 84]
105: [79, 84]
106: [80, 84]
107: [81, 84]
108: [82, 83, 84, 75]
109: [67, 54, 179]
110: [33, 16]
111: [166, 145]
112: [154]
113: [23]
114: [179, 59]
115: [75, 80, 81]
116: [80, 82]
117: [80, 83]
118: [80, 83]
119: [80, 83]
120: [80, 83]
121: [81, 83]
122: [82, 83, 75]
123: [67, 179]
124: [33]
125: [166]
126: [154]
127: [23]
128: [179, 59]
129: [75, 81]
130: [81, 82]
131: [81, 82]
132: [81, 82]
133: [81, 82]
134: [81, 82]
135: [81, 82]
136: [82, 75]
137: [67, 179]
138: [33]
139: [166]
140: [154]
141: [23]
142: [179, 59]
143: [75]
144: [75]
145: [75]
146: [75]
147: [75]
148: [75]
149: [75]
150: [75]
151: [67, 179]
152: [33]
153: [166]
154: [154]
155: [23]
156: [59]
157: [59, 67]
158: [59, 67]
159: [59, 67]
160: [59, 67]
161: [59, 67]
162: [59, 67]
163: [59, 67]
164: [59, 67]
165: [67]
166: [33]
167: [166]
168: [154]
169: [23]
170: [23]
171: [23, 33]
172: [23, 33]
173: [23, 33]
174: [23, 33]
175: [23, 33]
176: [23, 33]
177: [23, 33]
178: [23, 33]
179: [33]
180: [33]
181: [166]
182: [154]
183: [154]
184: [154]
185: [154, 166]
186: [154, 166]
187: [154, 166]
188: [154, 166]
189: [154, 166]
190: [154, 166]
191: [154, 166]
192: [154, 166]
193: [166]
194: [166]
195: [166]
49
0: [134]
1: [134]
2: [134]
3: [134]
4: [134]
5: [134]
6: [134]
7: [146, 134]
8: [146]
9: [146]
10: [146]
11: [146]
12: [146]
13: [146]
14: [134]
15: [7]
16: [7]
17: [7]
18: [7]
19: [7]
20: [7]
21: [17, 7]
22: [17]
23: [17]
24: [17]
25: [17]
26: [17]
27: [146]
28: [134]
29: [7]
30: [47]
31: [47]
32: [47]
33: [47]
34: [47]
35: [55, 47]
36: [55]
37: [55]
38: [55]
39: [55]
40: [17]
41: [146]
42: [134, 154]
43: [7, 23]
44: [179, 47, 59]
45: [75, 79, 80, 81]
46: [75, 79, 80, 81, 82]
47: [75, 79, 80, 83, 81, 82]
48: [75, 84, 79, 80, 83, 81, 82]
49: []
50: [80, 81, 82, 83, 84, 85, 75]
51: [81, 82, 83, 84, 85, 75]
52: [82, 83, 84, 85, 75]
53: [67, 55, 179]
54: [33, 17]
55: [166, 146]
56: [134, 154]
57: [7, 23]
58: [179, 47, 59]
59: [75, 79, 80, 81]
60: [82]
61: [83]
62: [84]
63: [79, 85]
64: [80]
65: [81]
66: [82, 83, 84, 85, 75]
67: [67, 55, 179]
68: [33, 17]
69: [166, 146]
70: [134, 154]
71: [7, 23]
72: [179, 47, 59]
73: [75, 79, 80, 81]
74: [82]
75: [83]
76: [84]
77: [79, 85]
78: [80]
79: [81]
80: [82, 83, 84, 85, 75]
81: [67, 55, 179]
82: [33, 17]
83: [166, 146]
84: [134, 154]
85: [7, 23]
86: [179, 47, 59]
87: [75, 79, 80, 81]
88: [82]
89: [83]
90: [84]
91: [79, 85]
92: [80, 85]
93: [81, 85]
94: [82, 83, 84, 85, 75]
95: [67, 55, 179]
96: [33, 17]
97: [166, 146]
98: [134, 154]
99: [7, 23]
100: [179, 47, 59]
101: [75, 79, 80, 81]
102: [79, 82]
103: [79, 83]
104: [79, 84]
105: [79, 84]
106: [80, 84]
107: [81, 84]
108: [82, 83, 84, 75]
109: [67, 179]
110: [33]
111: [166]
112: [154]
113: [23]
114: [179, 59]
115: [75, 80, 81]
116: [80, 82]
117: [80, 83]
118: [80, 83]
119: [80, 83]
120: [80, 83]
121: [81, 83]
122: [82, 83, 75]
123: [67, 179]
124: [33]
125: [166]
126: [154]
127: [23]
128: [179, 59]
129: [75, 81]
130: [81, 82]
131: [81, 82]
132: [81, 82]
133: [81, 82]
134: [81, 82]
135: [81, 82]
136: [82, 75]
137: [67, 179]
138: [33]
139: [166]
140: [154]
141: [23]
142: [179, 59]
143: [75]
144: [75]
145: [75]
146: [75]
147: [75]
148: [75]
149: [75]
150: [75]
151: [67, 179]
152: [33]
153: [166]
154: [154]
155: [23]
156: [59]
157: [59, 67]
158: [59, 67]
159: [59, 67]
160: [59, 67]
161: [59, 67]
162: [59, 67]
163: [59, 67]
164: [59, 67]
165: [67]
166: [33]
167: [166]
168: [154]
169: [23]
170: [23]
171: [23, 33]
172: [23, 33]
173: [23, 33]
174: [23, 33]
175: [23, 33]
176: [23, 33]
177: [23, 33]
178: [23, 33]
179: [33]
180: [33]
181: [166]
182: [154]
183: [154]
184: [154]
185: [154, 166]
186: [154, 166]
187: [154, 166]
188: [154, 166]
189: [154, 166]
190: [154, 166]
191: [154, 166]
192: [154, 166]
193: [166]
194: [166]
195: [166]
50
0: [135]
1: [135]
2: [135]
3: [135]
4: [135]
5: [135]
6: [135]
7: [135]
8: [147, 135]
9: [147]
10: [147]
11: [147]
12: [147]
13: [147]
14: [135]
15: [8]
16: [8]
17: [8]
18: [8]
19: [8]
20: [8]
21: [8]
22: [18, 8]
23: [18]
24: [18]
25: [18]
26: [18]
27: [147]
28: [135]
29: [8]
30: [48]
31: [48]
32: [48]
33: [48]
34: [48]
35: [48]
36: [56, 48]
37: [56]
38: [56]
39: [56]
40: [18]
41: [147]
42: [135, 154]
43: [8, 23]
44: [179, 48, 59]
45: [75, 80, 81]
46: [75, 80, 81, 82]
47: [75, 80, 83, 81, 82]
48: [75, 84, 80, 83, 81, 82]
49: [75, 85, 84, 80, 83, 81, 82]
50: []
51: [81, 82, 83, 84, 85, 86, 75]
52: [82, 83, 84, 85, 86, 75]
53: [67, 56, 179]
54: [33, 18]
55: [166, 147]
56: [135, 154]
57: [8, 23]
58: [179, 48, 59]
59: [75, 80, 81]
60: [82]
61: [83]
62: [84]
63: [85]
64: [80, 86]
65: [81]
66: [82, 83, 84, 85, 86, 75]
67: [67, 56, 179]
68: [33, 18]
69: [166, 147]
70: [135, 154]
71: [8, 23]
72: [179, 48, 59]
73: [75, 80, 81]
74: [82]
75: [83]
76: [84]
77: [85]
78: [80, 86]
79: [81, 86]
80: [82, 83, 84, 85, 86, 75]
81: [67, 56, 179]
82: [33, 18]
83: [166, 147]
84: [135, 154]
85: [8, 23]
86: [179, 48, 59]
87: [75, 80, 81]
88: [82]
89: [83]
90: [84]
91: [85]
92: [80, 85]
93: [81, 85]
94: [82, 83, 84, 85, 75]
95: [67, 179]
96: [33]
97: [166]
98: [135, 154]
99: [8, 23]
100: [179, 48, 59]
101: [75, 80, 81]
102: [82]
103: [83]
104: [84]
105: [84]
106: [80, 84]
107: [81, 84]
108: [82, 83, 84, 75]
109: [67, 179]
110: [33]
111: [166]
112: [135, 154]
113: [8, 23]
114: [48, 179, 59]
115: [80, 75, 81]
116: [80, 82]
117: [80, 83]
118: [80, 83]
119: [80, 83]
120: [80, 83]
121: [81, 83]
122: [82, 83, 75]
123: [67, 179]
124: [33]
125: [166]
126: [154]
127: [23]
128: [179, 59]
129: [75, 81]
130: [81, 82]
131: [81, 82]
132: [81, 82]
133: [81, 82]
134: [81, 82]
135: [81, 82]
136: [82, 75]
137: [67, 179]
138: [33]
139: [166]
140: [154]
141: [23]
142: [179, 59]
143: [75]
144: [75]
145: [75]
146: [75]
147: [75]
148: [75]
149: [75]
150: [75]
151: [67, 179]
152: [33]
153: [166]
154: [154]
155: [23]
156: [59]
157: [59, 67]
158: [59, 67]
159: [59, 67]
160: [59, 67]
161: [59, 67]
162: [59, 67]
163: [59, 67]
164: [59, 67]
165: [67]
166: [33]
167: [166]
168: [154]
169: [23]
170: [23]
171: [23, 33]
172: [23, 33]
173: [23, 33]
174: [23, 33]
175: [23, 33]
176: [23, 33]
177: [23, 33]
178: [23, 33]
179: [33]
180: [33]
181: [166]
182: [154]
183: [154]
184: [154]
185: [154, 166]
186: [154, 166]
187: [154, 166]
188: [154, 166]
189: [154, 166]
190: [154, 166]
191: [154, 166]
192: [154, 166]
193: [166]
194: [166]
195: [166]
51
0: [136]
1: [136]
2: [136]
3: [136]
4: [136]
5: [136]
6: [136]
7: [136]
8: [136]
9: [148, 136]
10: [148]
11: [148]
12: [148]
13: [148]
14: [136]
15: [9]
16: [9]
17: [9]
18: [9]
19: [9]
20: [9]
21: [9]
22: [9]
23: [19, 9]
24: [19]
25: [19]
26: [19]
27: [148]
28: [136]
29: [9]
30: [49]
31: [49]
32: [49]
33: [49]
34: [49]
35: [49]
36: [49]
37: [57, 49]
38: [57]
39: [57]
40: [19]
41: [148]
42: [136, 154]
43: [9, 23]
44: [179, 49, 59]
45: [75, 81]
46: [75, 81, 82]
47: [75, 83, 81, 82]
48: [75, 84, 83, 81, 82]
49: [75, 85, 84, 83, 81, 82]
50: [75, 86, 85, 84, 83, 81, 82]
51: []
52: [82, 83, 84, 85, 86, 87, 75]
53: [67, 57, 179]
54: [33, 19]
55: [166, 148]
56: [136, 154]
57: [9, 23]
58: [179, 49, 59]
59: [75, 81]
60: [82]
61: [83]
62: [84]
63: [85]
64: [86]
65: [81, 87]
66: [82, 83, 84, 85, 86, 87, 75]
67: [67, 57, 179]
68: [33, 19]
69: [166, 148]
70: [136, 154]
71: [9, 23]
72: [179, 49, 59]
73: [75, 81]
74: [82]
75: [83]
76: [84]
77: [85]
78: [86]
79: [81, 86]
80: [82, 83, 84, 85, 86, 75]
81: [67, 179]
82: [33]
83: [166]
84: [136, 154]
85: [9, 23]
86: [179, 49, 59]
87: [75, 81]
88: [82]
89: [83]
90: [84]
91: [85]
92: [85]
93: [81, 85]
94: [82, 83, 84, 85, 75]
95: [67, 179]
96: [33]
97: [166]
98: [136, 154]
99: [9, 23]
100: [179, 49, 59]
101: [75, 81]
102: [82]
103: [83]
104: [84]
105: [84]
106: [84]
107: [81, 84]
108: [82, 83, 84, 75]
109: [67, 179]
110: [33]
111: [166]
112: [136, 154]
113: [9, 23]
114: [179, 49, 59]
115: [75, 81]
116: [82]
117: [83]
118: [83]
119: [83]
120: [83]
121: [81, 83]
122: [82, 83, 75]
123: [67, 179]
124: [33]
125: [166]
126: [136, 154]
127: [9, 23]
128: [49, 179, 59]
129: [81, 75]
130: [81, 82]
131: [81, 82]
132: [81, 82]
133: [81, 82]
134: [81, 82]
135: [81, 82]
136: [82, 75]
137: [67, 179]
138: [33]
139: [166]
140: [154]
141: [23]
142: [179, 59]
143: [75]
144: [75]
145: [75]
146: [75]
147: [75]
148: [75]
149: [75]
150: [75]
151: [67, 179]
152: [33]
153: [166]
154: [154]
155: [23]
156: [59]
157: [59, 67]
158: [59, 67]
159: [59, 67]
160: [59, 67]
161: [59, 67]
162: [59, 67]
163: [59, 67]
164: [59, 67]
165: [67]
166: [33]
167: [166]
168: [154]
169: [23]
170: [23]
171: [23, 33]
172: [23, 33]
173: [23, 33]
174: [23, 33]
175: [23, 33]
176: [23, 33]
177: [23, 33]
178: [23, 33]
179: [33]
180: [33]
181: [166]
182: [154]
183: [154]
184: [154]
185: [154, 166]
186: [154, 166]
187: [154, 166]
188: [154, 166]
189: [154, 166]
190: [154, 166]
191: [154, 166]
192: [154, 166]
193: [166]
194: [166]
195: [166]
52
0: [137]
1: [137]
2: [137]
3: [137]
4: [137]
5: [137]
6: [137]
7: [137]
8: [137]
9: [137]
10: [149, 137]
11: [149]
12: [149]
13: [149]
14: [137]
15: [10]
16: [10]
17: [10]
18: [10]
19: [10]
20: [10]
21: [10]
22: [10]
23: [10]
24: [20, 10]
25: [20]
26: [20]
27: [149]
28: [137]
29: [10]
30: [50]
31: [178, 50]
32: [178, 50]
33: [178, 50]
34: [178, 50]
35: [178, 50]
36: [178, 50]
37: [178, 50]
38: [178, 58, 50]
39: [58]
40: [20]
41: [149]
42: [137, 154]
43: [10, 23]
44: [179, 50, 59]
45: [75]
46: [75, 82]
47: [75, 83, 82]
48: [75, 84, 83, 82]
49: [75, 85, 84, 83, 82]
50: [75, 86, 85, 84, 83, 82]
51: [75, 87, 86, 85, 84, 83, 82]
52: []
53: [67, 58, 179]
54: [33, 20]
55: [166, 149]
56: [137, 154]
57: [10, 23]
58: [179, 50, 59]
59: [75]
60: [82]
61: [83]
62: [84]
63: [85]
64: [86]
65: [87]
66: [82, 83, 84, 85, 86, 87, 75]
67: [67, 179]
68: [33]
69: [166]
70: [137, 154]
71: [10, 23]
72: [179, 50, 59]
73: [75]
74: [82]
75: [83]
76: [84]
77: [85]
78: [86]
79: [86]
80: [82, 83, 84, 85, 86, 75]
81: [67, 179]
82: [33]
83: [166]
84: [137, 154]
85: [10, 23]
86: [179, 50, 59]
87: [75]
88: [82]
89: [83]
90: [84]
91: [85]
92: [85]
93: [85]
94: [82, 83, 84, 85, 75]
95: [67, 179]
96: [33]
97: [166]
98: [137, 154]
99: [10, 23]
100: [179, 50, 59]
101: [75]
102: [82]
103: [83]
104: [84]
105: [84]
106: [84]
107: [84]
108: [82, 83, 84, 75]
109: [67, 179]
110: [33]
111: [166]
112: [137, 154]
113: [10, 23]
114: [179, 50, 59]
115: [75]
116: [82]
117: [83]
118: [83]
119: [83]
120: [83]
121: [83]
122: [82, 83, 75]
123: [67, 179]
124: [33]
125: [166]
126: [137, 154]
127: [10, 23]
128: [179, 50, 59]
129: [75]
130: [82]
131: [82]
132: [82]
133: [82]
134: [82]
135: [82]
136: [82, 75]
137: [67, 179]
138: [33]
139: [166]
140: [137, 154]
141: [10, 23]
142: [50, 179, 59]
143: [75]
144: [75]
145: [75]
146: [75]
147: [75]
148: [75]
149: [75]
150: [75]
151: [67, 179]
152: [33]
153: [166]
154: [154]
155: [23]
156: [59]
157: [59, 178, 67]
158: [59, 67, 178]
159: [59, 67, 178]
160: [59, 67, 178]
161: [59, 67, 178]
162: [59, 67, 178]
163: [59, 67, 178]
164: [59, 67, 178]
165: [67]
166: [33]
167: [166]
168: [154]
169: [23]
170: [23]
171: [23, 33]
172: [23, 33]
173: [23, 33]
174: [23, 33]
175: [23, 33]
176: [23, 33]
177: [23, 33]
178: [23, 33]
179: [33]
180: [33]
181: [166]
182: [154]
183: [154]
184: [154]
185: [154, 166]
186: [154, 166]
187: [154, 166]
188: [154, 166]
189: [154, 166]
190: [154, 166]
191: [154, 166]
192: [154, 166]
193: [166]
194: [166]
195: [166]
53
0: [138]
1: [138]
2: [138]
3: [138]
4: [138]
5: [138]
6: [138]
7: [138]
8: [138]
9: [138]
10: [149, 138]
11: [149, 138]
12: [149]
13: [149]
14: [138]
15: [11]
16: [11]
17: [11]
18: [11]
19: [11]
20: [11]
21: [11]
22: [11]
23: [11]
24: [20, 11]
25: [20, 11]
26: [20]
27: [149]
28: [138, 153]
29: [11, 22]
30: [42]
31: [42, 51]
32: [42, 52, 51]
33: [42, 53, 52, 51]
34: [42, 54, 53, 52, 51]
35: [42, 55, 54, 53, 52, 51]
36: [42, 56, 55, 54, 53, 52, 51]
37: [42, 57, 56, 55, 54, 53, 52, 51]
38: [42, 58, 57, 56, 55, 54, 53, 52, 51]
39: [42, 58, 57, 56, 55, 54, 53, 52, 51]
40: [20]
41: [149]
42: [138, 153]
43: [11, 22]
44: [179, 42]
45: [179, 51, 67]
46: [179, 52, 67]
47: [179, 53, 67]
48: [179, 54, 67]
49: [179, 55, 67]
50: [179, 56, 67]
51: [179, 57, 67]
52: [58, 179, 67]
53: []
54: [33, 20]
55: [166, 149]
56: [138, 153]
57: [11, 22]
58: [179, 42]
59: [51, 67]
60: [52]
61: [53]
62: [54]
63: [55]
64: [56]
65: [57]
66: [57]
67: [67, 51, 52, 53, 54, 55, 56, 57, 179, 42]
68: [33]
69: [166]
70: [138, 153]
71: [11, 22]
72: [179, 42]
73: [51, 67]
74: [52]
75: [53]
76: [54]
77: [55]
78: [56]
79: [56]
80: [56]
81: [67, 51, 52, 53, 54, 55, 56, 179, 42]
82: [33]
83: [166]
84: [138, 153]
85: [11, 22]
86: [179, 42]
87: [51, 67]
88: [52]
89: [53]
90: [54]
91: [55]
92: [55]
93: [55]
94: [55]
95: [67, 51, 52, 53, 54, 55, 179, 42]
96: [33]
97: [166]
98: [138, 153]
99: [11, 22]
100: [179, 42]
101: [51, 67]
102: [52]
103: [53]
104: [54]
105: [54]
106: [54]
107: [54]
108: [54]
109: [67, 51, 52, 53, 54, 179, 42]
110: [33]
111: [166]
112: [138, 153]
113: [11, 22]
114: [179, 42]
115: [51, 67]
116: [52]
117: [53]
118: [53]
119: [53]
120: [53]
121: [53]
122: [53]
123: [67, 51, 52, 53, 179, 42]
124: [33]
125: [166]
126: [138, 153]
127: [11, 22]
128: [179, 42]
129: [51, 67]
130: [52]
131: [52]
132: [52]
133: [52]
134: [52]
135: [52]
136: [52]
137: [67, 51, 52, 179, 42]
138: [33]
139: [166]
140: [138, 153]
141: [11, 22]
142: [179, 42]
143: [51, 67, 179]
144: [51, 179]
145: [51, 179]
146: [51, 179]
147: [51, 179]
148: [51, 179]
149: [51, 179]
150: [51, 179]
151: [67, 51, 179, 42]
152: [33]
153: [166]
154: [138, 153]
155: [11, 22]
156: [42]
157: [67, 42]
158: [67, 42]
159: [67, 42]
160: [67, 42]
161: [67, 42]
162: [67, 42]
163: [67, 42]
164: [67, 42]
165: [67, 42]
166: [33]
167: [166]
168: [153]
169: [22]
170: [22]
171: [22, 33]
172: [22, 33]
173: [22, 33]
174: [22, 33]
175: [22, 33]
176: [22, 33]
177: [22, 33]
178: [22, 33]
179: [22, 33]
180: [33]
181: [166]
182: [153]
183: [153]
184: [153]
185: [153, 166]
186: [153, 166]
187: [153, 166]
188: [153, 166]
189: [153, 166]
190: [153, 166]
191: [153, 166]
192: [153, 166]
193: [153, 166]
194: [166]
195: [166]
54
0: [139]
1: [176, 139]
2: [176, 139]
3: [176, 139]
4: [176, 139]
5: [176, 139]
6: [176, 139]
7: [176, 139]
8: [176, 139]
9: [176, 139]
10: [176, 149, 139]
11: [176, 149, 139]
12: [176, 149, 139]
13: [149]
14: [139, 152]
15: [1]
16: [1, 12]
17: [1, 13, 12]
18: [1, 14, 13, 12]
19: [1, 15, 14, 13, 12]
20: [1, 16, 15, 14, 13, 12]
21: [1, 17, 16, 15, 14, 13, 12]
22: [1, 18, 17, 16, 15, 14, 13, 12]
23: [1, 19, 18, 17, 16, 15, 14, 13, 12]
24: [1, 20, 19, 18, 17, 16, 15, 14, 13, 12]
25: [1, 20, 19, 18, 17, 16, 15, 14, 13, 12]
26: [1, 20, 19, 18, 17, 16, 15, 14, 13, 12]
27: [149]
28: [139, 152]
29: [1]
30: [12, 32]
31: [13, 32]
32: [14, 32]
33: [15, 32]
34: [16, 32]
35: [17, 32]
36: [18, 32]
37: [19, 32]
38: [20, 32]
39: [32]
40: [1, 20, 19, 18, 17, 16, 15, 14, 13, 32, 12]
41: [149]
42: [139, 152]
43: [1]
44: [12, 32]
45: [13, 33]
46: [14, 33]
47: [15, 33]
48: [16, 33]
49: [17, 33]
50: [18, 33]
51: [19, 33]
52: [20, 33]
53: [20, 33]
54: []
55: [166, 149]
56: [139, 152]
57: [1]
58: [12, 32]
59: [13, 33]
60: [14]
61: [15]
62: [16]
63: [17]
64: [18]
65: [19]
66: [19]
67: [19]
68: [32, 33, 12, 13, 14, 15, 16, 17, 18, 19, 1]
69: [166]
70: [139, 152]
71: [1]
72: [12, 32]
73: [13, 33]
74: [14]
75: [15]
76: [16]
77: [17]
78: [18]
79: [18]
80: [18]
81: [18]
82: [32, 33, 12, 13, 14, 15, 16, 17, 18, 1]
83: [166]
84: [139, 152]
85: [1]
86: [12, 32]
87: [13, 33]
88: [14]
89: [15]
90: [16]
91: [17]
92: [17]
93: [17]
94: [17]
95: [17]
96: [32, 33, 12, 13, 14, 15, 16, 17, 1]
97: [166]
98: [139, 152]
99: [1]
100: [12, 32]
101: [13, 33]
102: [14]
103: [15]
104: [16]
105: [16]
106: [16]
107: [16]
108: [16]
109: [16]
110: [32, 33, 12, 13, 14, 15, 16, 1]
111: [166]
112: [139, 152]
113: [1]
114: [12, 32]
115: [13, 33]
116: [14]
117: [15]
118: [15]
119: [15]
120: [15]
121: [15]
122: [15]
123: [15]
124: [32, 33, 12, 13, 14, 15, 1]
125: [166]
126: [139, 152]
127: [1]
128: [12, 32]
129: [13, 33]
130: [14]
131: [14]
132: [14]
133: [14]
134: [14]
135: [14]
136: [14]
137: [14]
138: [32, 33, 12, 13, 14, 1]
139: [166]
140: [139, 152]
141: [1]
142: [12, 32]
143: [13, 33]
144: [13]
145: [13]
146: [13]
147: [13]
148: [13]
149: [13]
150: [13]
151: [13]
152: [32, 33, 12, 13, 1]
153: [166]
154: [139, 152]
155: [1]
156: [12, 32]
157: [12, 33]
158: [12]
159: [12]
160: [12]
161: [12]
162: [12]
163: [12]
164: [12]
165: [12]
166: [32, 33, 12, 1]
167: [166]
168: [139, 152]
169: [1]
170: [32, 1]
171: [32, 33, 1]
172: [32, 33, 1]
173: [32, 33, 1]
174: [32, 33, 1]
175: [32, 33, 1]
176: [32, 33, 1]
177: [32, 33, 1]
178: [32, 33, 1]
179: [32, 33, 1]
180: [32, 33, 1]
181: [166]
182: [152]
183: [152, 176]
184: [152, 176]
185: [152, 166, 176]
186: [152, 166, 176]
187: [152, 166, 176]
188: [152, 166, 176]
189: [152, 166, 176]
190: [152, 166, 176]
191: [152, 166, 176]
192: [152, 166, 176]
193: [152, 166, 176]
194: [152, 166, 176]
195: [166]
55
0: [127]
1: [127, 140]
2: [127, 141, 140]
3: [127, 142, 141, 140]
4: [127, 143, 142, 141, 140]
5: [127, 144, 143, 142, 141, 140]
6: [127, 145, 144, 143, 142, 141, 140]
7: [127, 146, 145, 144, 143, 142, 141, 140]
8: [127, 147, 146, 145, 144, 143, 142, 141, 140]
9: [127, 148, 147, 146, 145, 144, 143, 142, 141, 140]
10: [149, 127, 148, 147, 146, 145, 144, 143, 142, 141, 140]
11: [127, 149, 148, 147, 146, 145, 144, 143, 142, 141, 140]
12: [127, 149, 148, 147, 146, 145, 144, 143, 142, 141, 140]
13: [127, 149, 148, 147, 146, 145, 144, 143, 142, 141, 140]
14: [177, 127]
15: [177, 140, 164]
16: [177, 141, 164]
17: [177, 142, 164]
18: [177, 143, 164]
19: [177, 144, 164]
20: [177, 145, 164]
21: [177, 146, 164]
22: [177, 147, 164]
23: [177, 148, 164]
24: [177, 149, 164]
25: [177, 164]
26: [177, 164]
27: [177, 127, 149, 148, 147, 146, 145, 144, 143, 142, 141, 164, 140]
28: [177, 127]
29: [140, 164]
30: [141, 165]
31: [142, 165]
32: [143, 165]
33: [144, 165]
34: [145, 165]
35: [146, 165]
36: [147, 165]
37: [148, 165]
38: [149, 165]
39: [165]
40: [165]
41: [177, 127, 149, 148, 147, 146, 145, 144, 143, 142, 141, 165, 164, 140]
42: [177, 127]
43: [140, 164]
44: [141, 165]
45: [142, 166]
46: [143, 166]
47: [144, 166]
48: [145, 166]
49: [146, 166]
50: [147, 166]
51: [148, 166]
52: [149, 166]
53: [149, 166]
54: [149, 166]
55: []
56: [177, 127]
57: [140, 164]
58: [141, 165]
59: [142, 166]
60: [143]
61: [144]
62: [145]
63: [146]
64: [147]
65: [148]
66: [148]
67: [148]
68: [148]
69: [164, 165, 166, 140, 141, 142, 143, 144, 145, 146, 147, 148, 177, 127]
70: [177, 127]
71: [140, 164]
72: [141, 165]
73: [142, 166]
74: [143]
75: [144]
76: [145]
77: [146]
78: [147]
79: [147]
80: [147]
81: [147]
82: [147]
83: [164, 165, 166, 140, 141, 142, 143, 144, 145, 146, 147, 177, 127]
84: [177, 127]
85: [140, 164]
86: [141, 165]
87: [142, 166]
88: [143]
89: [144]
90: [145]
91: [146]
92: [146]
93: [146]
94: [146]
95: [146]
96: [146]
97: [164, 165, 166, 140, 141, 142, 143, 144, 145, 146, 177, 127]
98: [177, 127]
99: [140, 164]
100: [141, 165]
101: [142, 166]
102: [143]
103: [144]
104: [145]
105: [145]
106: [145]
107: [145]
108: [145]
109: [145]
110: [145]
111: [164, 165, 166, 140, 141, 142, 143, 144, 145, 177, 127]
112: [177, 127]
113: [140, 164]
114: [141, 165]
115: [142, 166]
116: [143]
117: [144]
118: [144]
119: [144]
120: [144]
121: [144]
122: [144]
123: [144]
124: [144]
125: [164, 165, 166, 140, 141, 142, 143, 144, 177, 127]
126: [177, 127]
127: [140, 164]
128: [141, 165]
129: [142, 166]
130: [143]
131: [143]
132: [143]
133: [143]
134: [143]
135: [143]
136: [143]
137: [143]
138: [143]
139: [164, 165, 166, 140, 141, 142, 143, 177, 127]
140: [177, 127]
141: [140, 164]
142: [141, 165]
143: [142, 166]
144: [142]
145: [142]
146: [142]
147: [142]
148: [142]
149: [142]
150: [142]
151: [142]
152: [142]
153: [164, 165, 166, 140, 141, 142, 177, 127]
154: [177, 127]
155: [140, 164]
156: [141, 165]
157: [141, 166]
158: [141]
159: [141]
160: [141]
161: [141]
162: [141]
163: [141]
164: [141]
165: [141]
166: [141]
167: [164, 165, 166, 140, 141, 177, 127]
168: [177, 127]
169: [140, 164, 177]
170: [140, 165, 177]
171: [140, 166, 177]
172: [140, 177]
173: [140, 177]
174: [140, 177]
175: [140, 177]
176: [140, 177]
177: [140, 177]
178: [140, 177]
179: [140, 177]
180: [140, 177]
181: [164, 140, 165, 166, 177, 127]
182: [127]
183: [164, 127]
184: [164, 165, 127]
185: [164, 165, 166, 127]
186: [164, 165, 166, 127]
187: [164, 165, 166, 127]
188: [164, 165, 166, 127]
189: [164, 165, 166, 127]
190: [164, 165, 166, 127]
191: [164, 165, 166, 127]
192: [164, 165, 166, 127]
193: [164, 165, 166, 127]
194: [164, 165, 166, 127]
195: [164, 165, 166, 127]
56
0: [131, 132, 133, 134, 135, 136, 137, 138, 139, 127]
1: [131, 132, 133, 134, 135, 136, 137, 138, 139, 127]
2: [131, 132, 133, 134, 135, 136, 137, 138, 139, 127]
3: [131, 132, 133, 134, 135, 136, 137, 138, 139, 127]
4: [131, 132, 133, 134, 135, 136, 137, 138, 139, 127]
5: [132, 133, 134, 135, 136, 137, 138, 139, 127]
6: [133, 134, 135, 136, 137, 138, 139, 127]
7: [134, 135, 136, 137, 138, 139, 127]
8: [135, 136, 137, 138, 139, 127]
9: [136, 137, 138, 139, 127]
10: [137, 138, 139, 127]
11: [138, 139, 127]
12: [139, 127]
13: [127]
14: [131, 132, 133, 134, 135, 136, 137, 138, 139, 152, 177, 127]
15: [152, 177]
16: [152, 177]
17: [152, 177]
18: [152, 131, 177]
19: [152, 132, 177]
20: [152, 133, 177]
21: [152, 134, 177]
22: [152, 135, 177]
23: [152, 136, 177]
24: [152, 137, 177]
25: [152, 138, 177]
26: [152, 139, 177]
27: [177, 127]
28: [131, 132, 133, 134, 135, 136, 137, 138, 139, 152, 153, 177, 127]
29: [153]
30: [153]
31: [153]
32: [153, 131]
33: [153, 132]
34: [153, 133]
35: [153, 134]
36: [153, 135]
37: [153, 136]
38: [153, 137]
39: [153, 138]
40: [152, 139]
41: [177, 127]
42: [131, 132, 133, 134, 135, 136, 137, 138, 139, 152, 153, 154, 177, 127]
43: [154]
44: [154]
45: [154]
46: [154, 131]
47: [154, 132]
48: [154, 133]
49: [154, 134]
50: [154, 135]
51: [154, 136]
52: [154, 137]
53: [153, 138]
54: [152, 139]
55: [177, 127]
56: []
57: [155, 131]
58: [155, 131]
59: [155, 131]
60: [155, 131]
61: [155, 132]
62: [155, 133]
63: [155, 134]
64: [155, 135]
65: [155, 136]
66: [154, 137]
67: [153, 138]
68: [152, 139]
69: [177, 127]
70: [177, 127, 132, 133, 134, 135, 136, 155, 137, 154, 153, 138, 152, 139]
71: [132]
72: [132]
73: [132]
74: [132]
75: [132]
76: [133]
77: [134]
78: [135]
79: [155, 136]
80: [154, 137]
81: [153, 138]
82: [152, 139]
83: [177, 127]
84: [177, 127, 133, 134, 135, 136, 155, 137, 154, 153, 138, 152, 139]
85: [133]
86: [133]
87: [133]
88: [133]
89: [133]
90: [133]
91: [134]
92: [135]
93: [155, 136]
94: [154, 137]
95: [153, 138]
96: [152, 139]
97: [177, 127]
98: [177, 127, 134, 135, 136, 155, 137, 154, 153, 138, 152, 139]
99: [134]
100: [134]
101: [134]
102: [134]
103: [134]
104: [134]
105: [134]
106: [135]
107: [155, 136]
108: [154, 137]
109: [153, 138]
110: [152, 139]
111: [177, 127]
112: [177, 127, 135, 136, 155, 137, 154, 153, 138, 152, 139]
113: [135]
114: [135]
115: [135]
116: [135]
117: [135]
118: [135]
119: [135]
120: [135]
121: [155, 136]
122: [154, 137]
123: [153, 138]
124: [152, 139]
125: [177, 127]
126: [177, 127, 136, 155, 137, 154, 153, 138, 152, 139]
127: [136]
128: [136]
129: [136]
130: [136]
131: [136]
132: [136]
133: [136]
134: [136]
135: [155, 136]
136: [154, 137]
137: [153, 138]
138: [152, 139]
139: [177, 127]
140: [177, 127, 155, 137, 154, 153, 138, 152, 139]
141: [137]
142: [137]
143: [137]
144: [137]
145: [137]
146: [137]
147: [137]
148: [137]
149: [155, 137]
150: [154, 137]
151: [153, 138]
152: [152, 139]
153: [177, 127]
154: [177, 127, 155, 154, 153, 138, 152, 139]
155: [138]
156: [138]
157: [138]
158: [138]
159: [138]
160: [138]
161: [138]
162: [138]
163: [155, 138]
164: [154, 138]
165: [153, 138]
166: [152, 139]
167: [177, 127]
168: [177, 127, 155, 154, 153, 152, 139]
169: [177, 139]
170: [177, 139]
171: [177, 139]
172: [177, 139]
173: [177, 139]
174: [177, 139]
175: [177, 139]
176: [177, 139]
177: [177, 155, 139]
178: [177, 154, 139]
179: [177, 153, 139]
180: [177, 152, 139]
181: [177, 127]
182: [127, 155, 154, 153, 152]
183: [127, 155, 154, 153, 152]
184: [127, 155, 154, 153, 152]
185: [127, 155, 154, 153, 152]
186: [127, 155, 154, 153, 152]
187: [127, 155, 154, 153, 152]
188: [127, 155, 154, 153, 152]
189: [127, 155, 154, 153, 152]
190: [127, 155, 154, 153, 152]
191: [155, 127, 154, 153, 152]
192: [127, 154, 153, 152]
193: [127, 153, 152]
194: [127, 152]
195: [127]
57
0: [131]
1: [140, 131, 176]
2: [140, 131, 176]
3: [140, 131, 176]
4: [140, 131, 176]
5: [140, 176]
6: [140, 176]
7: [140, 176]
8: [140, 176]
9: [140, 176]
10: [140, 176]
11: [140, 176]
12: [140, 176]
13: [140]
14: [131]
15: [4, 5, 6, 7, 8, 9, 10, 11, 1]
16: [4, 5, 6, 7, 8, 9, 10, 11, 1]
17: [4, 5, 6, 7, 8, 9, 10, 11, 1]
18: [4, 5, 6, 7, 8, 9, 10, 11, 1]
19: [5, 6, 7, 8, 9, 10, 11, 1]
20: [6, 7, 8, 9, 10, 11, 1]
21: [7, 8, 9, 10, 11, 1]
22: [8, 9, 10, 11, 1]
23: [9, 10, 11, 1]
24: [10, 11, 1]
25: [11, 1]
26: [1]
27: [164, 140]
28: [131]
29: [4, 5, 6, 7, 8, 9, 10, 11, 22, 1]
30: [22]
31: [22]
32: [22, 4]
33: [22, 5]
34: [22, 6]
35: [22, 7]
36: [22, 8]
37: [22, 9]
38: [22, 10]
39: [22, 11]
40: [1]
41: [164, 140]
42: [131]
43: [4, 5, 6, 7, 8, 9, 10, 11, 22, 23, 1]
44: [23]
45: [23]
46: [23, 4]
47: [23, 5]
48: [23, 6]
49: [23, 7]
50: [23, 8]
51: [23, 9]
52: [23, 10]
53: [22, 11]
54: [1]
55: [164, 140]
56: [131, 155]
57: []
58: [24, 4]
59: [24, 4]
60: [24, 4]
61: [24, 5]
62: [24, 6]
63: [24, 7]
64: [24, 8]
65: [24, 9]
66: [23, 10]
67: [22, 11]
68: [1]
69: [164, 140]
70: [155]
71: [1, 5, 6, 7, 8, 24, 9, 10, 23, 11, 22]
72: [5]
73: [5]
74: [5]
75: [5]
76: [6]
77: [7]
78: [8]
79: [24, 9]
80: [23, 10]
81: [22, 11]
82: [1]
83: [164, 140]
84: [155]
85: [1, 6, 7, 8, 24, 9, 10, 23, 11, 22]
86: [6]
87: [6]
88: [6]
89: [6]
90: [6]
91: [7]
92: [8]
93: [24, 9]
94: [23, 10]
95: [22, 11]
96: [1]
97: [164, 140]
98: [155]
99: [1, 7, 8, 24, 9, 10, 23, 11, 22]
100: [7]
101: [7]
102: [7]
103: [7]
104: [7]
105: [7]
106: [8]
107: [24, 9]
108: [23, 10]
109: [22, 11]
110: [1]
111: [164, 140]
112: [155]
113: [1, 8, 24, 9, 10, 23, 11, 22]
114: [8]
115: [8]
116: [8]
117: [8]
118: [8]
119: [8]
120: [8]
121: [24, 9]
122: [23, 10]
123: [22, 11]
124: [1]
125: [164, 140]
126: [155]
127: [1, 24, 9, 10, 23, 11, 22]
128: [9]
129: [9]
130: [9]
131: [9]
132: [9]
133: [9]
134: [9]
135: [24, 9]
136: [23, 10]
137: [22, 11]
138: [1]
139: [164, 140]
140: [155]
141: [1, 24, 10, 23, 11, 22]
142: [10]
143: [10]
144: [10]
145: [10]
146: [10]
147: [10]
148: [10]
149: [24, 10]
150: [23, 10]
151: [22, 11]
152: [1]
153: [164, 140]
154: [155]
155: [1, 24, 23, 11, 22]
156: [11]
157: [11]
158: [11]
159: [11]
160: [11]
161: [11]
162: [11]
163: [24, 11]
164: [23, 11]
165: [22, 11]
166: [1]
167: [164, 140]
168: [155]
169: [1, 24, 23, 22]
170: [1, 24, 23, 22]
171: [1, 24, 23, 22]
172: [1, 24, 23, 22]
173: [1, 24, 23, 22]
174: [1, 24, 23, 22]
175: [1, 24, 23, 22]
176: [1, 24, 23, 22]
177: [24, 1, 23, 22]
178: [1, 23, 22]
179: [1, 22]
180: [1]
181: [164, 140]
182: [155]
183: [176, 155, 164]
184: [176, 155, 164]
185: [176, 155, 164]
186: [176, 155, 164]
187: [176, 155, 164]
188: [176, 155, 164]
189: [176, 155, 164]
190: [176, 155, 164]
191: [176, 155, 164]
192: [176, 164]
193: [176, 164]
194: [176, 164]
195: [164]
58
0: [131]
1: [131]
2: [141, 131]
3: [141, 131]
4: [141, 131]
5: [141]
6: [141]
7: [141]
8: [141]
9: [141]
10: [141]
11: [141]
12: [141]
13: [141]
14: [131]
15: [4]
16: [12, 4]
17: [12, 4]
18: [12, 4]
19: [12]
20: [12]
21: [12]
22: [12]
23: [12]
24: [12]
25: [12]
26: [12]
27: [141]
28: [131]
29: [4]
30: [44, 45, 46, 47, 48, 49, 50, 42]
31: [44, 45, 46, 47, 48, 49, 50, 42]
32: [44, 45, 46, 47, 48, 49, 50, 42]
33: [45, 46, 47, 48, 49, 50, 42]
34: [46, 47, 48, 49, 50, 42]
35: [48, 49, 50, 47, 42]
36: [48, 49, 50, 42]
37: [49, 50, 42]
38: [50, 42]
39: [42]
40: [32, 12]
41: [165, 141]
42: [131]
43: [4]
44: [44, 45, 46, 47, 48, 49, 50, 59, 179, 42]
45: [59, 179]
46: [59, 44, 179]
47: [59, 45, 179]
48: [59, 46, 179]
49: [59, 47, 179]
50: [59, 48, 179]
51: [59, 49, 179]
52: [59, 50, 179]
53: [179, 42]
54: [32, 12]
55: [165, 141]
56: [131, 155]
57: [4, 24]
58: []
59: [60, 44]
60: [60, 44]
61: [60, 45]
62: [60, 46]
63: [60, 47]
64: [60, 48]
65: [60, 49]
66: [59, 50]
67: [179, 42]
68: [32, 12]
69: [165, 141]
70: [155]
71: [24]
72: [42, 179, 45, 46, 47, 48, 49, 60, 50, 59]
73: [45]
74: [45]
75: [45]
76: [46]
77: [47]
78: [48]
79: [60, 49]
80: [59, 50]
81: [179, 42]
82: [32, 12]
83: [165, 141]
84: [155]
85: [24]
86: [42, 179, 46, 47, 48, 49, 60, 50, 59]
87: [46]
88: [46]
89: [46]
90: [46]
91: [47]
92: [48]
93: [60, 49]
94: [59, 50]
95: [179, 42]
96: [32, 12]
97: [165, 141]
98: [155]
99: [24]
100: [42, 179, 47, 48, 49, 60, 50, 59]
101: [47]
102: [47]
103: [47]
104: [47]
105: [47]
106: [48]
107: [60, 49]
108: [59, 50]
109: [179, 42]
110: [32, 12]
111: [165, 141]
112: [155]
113: [24]
114: [42, 179, 48, 49, 60, 50, 59]
115: [48]
116: [48]
117: [48]
118: [48]
119: [48]
120: [48]
121: [60, 49]
122: [59, 50]
123: [179, 42]
124: [32, 12]
125: [165, 141]
126: [155]
127: [24]
128: [42, 179, 49, 60, 50, 59]
129: [49]
130: [49]
131: [49]
132: [49]
133: [49]
134: [49]
135: [60, 49]
136: [59, 50]
137: [179, 42]
138: [32, 12]
139: [165, 141]
140: [155]
141: [24]
142: [42, 179, 60, 50, 59]
143: [179, 50]
144: [179, 50]
145: [179, 50]
146: [179, 50]
147: [179, 50]
148: [179, 50]
149: [179, 60, 50]
150: [179, 59, 50]
151: [179, 42]
152: [32, 12]
153: [165, 141]
154: [155]
155: [24]
156: [42, 60, 59]
157: [42, 60, 59]
158: [42, 60, 59]
159: [42, 60, 59]
160: [42, 60, 59]
161: [42, 60, 59]
162: [42, 60, 59]
163: [42, 60, 59]
164: [42, 59]
165: [42]
166: [32, 12]
167: [165, 141]
168: [155]
169: [24]
170: [24, 32]
171: [24, 32]
172: [24, 32]
173: [24, 32]
174: [24, 32]
175: [24, 32]
176: [24, 32]
177: [24, 32]
178: [32]
179: [32]
180: [32]
181: [165]
182: [155]
183: [155]
184: [155, 165]
185: [155, 165]
186: [155, 165]
187: [155, 165]
188: [155, 165]
189: [155, 165]
190: [155, 165]
191: [155, 165]
192: [165]
193: [165]
194: [165]
195: [165]
59
0: [131]
1: [131]
2: [131]
3: [142, 131]
4: [142, 131]
5: [142]
6: [142]
7: [142]
8: [142]
9: [142]
10: [142]
11: [142]
12: [142]
13: [142]
14: [131]
15: [4]
16: [4]
17: [13, 4]
18: [13, 4]
19: [13]
20: [13]
21: [13]
22: [13]
23: [13]
24: [13]
25: [13]
26: [13]
27: [142]
28: [131]
29: [4]
30: [44]
31: [51, 44, 178]
32: [51, 44, 178]
33: [51, 178]
34: [51, 178]
35: [51, 178]
36: [51, 178]
37: [51, 178]
38: [51, 178]
39: [51]
40: [13]
41: [142]
42: [131]
43: [4]
44: [44]
45: [76, 77, 78, 79, 80, 81, 75]
46: [76, 77, 78, 79, 80, 81, 75]
47: [77, 78, 79, 80, 81, 75]
48: [80, 81, 78, 79, 75]
49: [80, 81, 79, 75]
50: [80, 81, 75]
51: [81, 75]
52: [75]
53: [67, 51]
54: [33, 13]
55: [166, 142]
56: [131, 155]
57: [4, 24]
58: [44, 60]
59: []
60: [88, 76]
61: [88, 77]
62: [88, 78]
63: [88, 79]
64: [88, 80]
65: [88, 81]
66: [75]
67: [67, 51]
68: [33, 13]
69: [166, 142]
70: [155]
71: [24]
72: [60]
73: [75, 77, 78, 79, 80, 88, 81]
74: [77]
75: [77]
76: [78]
77: [79]
78: [80]
79: [88, 81]
80: [75]
81: [67, 51]
82: [33, 13]
83: [166, 142]
84: [155]
85: [24]
86: [60]
87: [75, 78, 79, 80, 88, 81]
88: [78]
89: [78]
90: [78]
91: [79]
92: [80]
93: [88, 81]
94: [75]
95: [67, 51]
96: [33, 13]
97: [166, 142]
98: [155]
99: [24]
100: [60]
101: [75, 79, 80, 88, 81]
102: [79]
103: [79]
104: [79]
105: [79]
106: [80]
107: [88, 81]
108: [75]
109: [67, 51]
110: [33, 13]
111: [166, 142]
112: [155]
113: [24]
114: [60]
115: [75, 80, 88, 81]
116: [80]
117: [80]
118: [80]
119: [80]
120: [80]
121: [88, 81]
122: [75]
123: [67, 51]
124: [33, 13]
125: [166, 142]
126: [155]
127: [24]
128: [60]
129: [75, 88, 81]
130: [81]
131: [81]
132: [81]
133: [81]
134: [81]
135: [88, 81]
136: [75]
137: [67, 51]
138: [33, 13]
139: [166, 142]
140: [155]
141: [24]
142: [60]
143: [75, 88]
144: [75, 88]
145: [75, 88]
146: [75, 88]
147: [75, 88]
148: [75, 88]
149: [88, 75]
150: [75]
151: [67, 51]
152: [33, 13]
153: [166, 142]
154: [155]
155: [24]
156: [60]
157: [178, 60, 67]
158: [178, 60, 67]
159: [178, 60, 67]
160: [178, 60, 67]
161: [178, 60, 67]
162: [178, 60, 67]
163: [178, 60, 67]
164: [178, 67]
165: [67]
166: [33]
167: [166]
168: [155]
169: [24]
170: [24]
171: [24, 33]
172: [24, 33]
173: [24, 33]
174: [24, 33]
175: [24, 33]
176: [24, 33]
177: [24, 33]
178: [33]
179: [33]
180: [33]
181: [166]
182: [155]
183: [155]
184: [155]
185: [155, 166]
186: [155, 166]
187: [155, 166]
188: [155, 166]
189: [155, 166]
190: [155, 166]
191: [155, 166]
192: [166]
193: [166]
194: [166]
195: [166]
60
0: [131]
1: [131]
2: [131]
3: [131]
4: [143, 131]
5: [143]
6: [143]
7: [143]
8: [143]
9: [143]
10: [143]
11: [143]
12: [143]
13: [143]
14: [131]
15: [4]
16: [4]
17: [4]
18: [14, 4]
19: [14]
20: [14]
21: [14]
22: [14]
23: [14]
24: [14]
25: [14]
26: [14]
27: [143]
28: [131]
29: [4]
30: [44]
31: [44]
32: [52, 44]
33: [52]
34: [52]
35: [52]
36: [52]
37: [52]
38: [52]
39: [52]
40: [14]
41: [143]
42: [131]
43: [4]
44: [44]
45: [76]
46: [82, 76]
47: [82]
48: [82]
49: [82]
50: [82]
51: [82]
52: [82]
53: [52]
54: [14]
55: [143]
56: [131, 155]
57: [4, 24]
58: [44, 60]
59: [76, 88]
60: []
61: [104, 101, 102, 103, 100]
62: [104, 102, 103, 100]
63: [104, 103, 100]
64: [104, 100]
65: [100]
66: [94, 82]
67: [68, 52]
68: [34, 14]
69: [167, 143]
70: [155]
71: [24]
72: [60]
73: [88]
74: [100, 101, 102, 103, 104]
75: [101]
76: [102]
77: [103]
78: [104]
79: [100]
80: [94, 82]
81: [68, 52]
82: [34, 14]
83: [167, 143]
84: [155]
85: [24]
86: [60]
87: [88]
88: [100, 102, 103, 104]
89: [102]
90: [102]
91: [103]
92: [104]
93: [100]
94: [94, 82]
95: [68, 52]
96: [34, 14]
97: [167, 143]
98: [155]
99: [24]
100: [60]
101: [88]
102: [100, 103, 104]
103: [103]
104: [103]
105: [103]
106: [104]
107: [100]
108: [94, 82]
109: [68, 52]
110: [34, 14]
111: [167, 143]
112: [155]
113: [24]
114: [60]
115: [88]
116: [100, 104]
117: [104]
118: [104]
119: [104]
120: [104]
121: [100]
122: [94, 82]
123: [68, 52]
124: [34, 14]
125: [167, 143]
126: [155]
127: [24]
128: [60]
129: [88]
130: [100]
131: [100]
132: [100]
133: [100]
134: [100]
135: [100]
136: [94, 82]
137: [68, 52]
138: [34, 14]
139: [167, 143]
140: [155]
141: [24]
142: [60]
143: [88]
144: [88, 94]
145: [88, 94]
146: [88, 94]
147: [88, 94]
148: [88, 94]
149: [88, 94]
150: [94]
151: [68]
152: [34]
153: [167]
154: [155]
155: [24]
156: [60]
157: [60]
158: [60, 68]
159: [60, 68]
160: [60, 68]
161: [60, 68]
162: [60, 68]
163: [60, 68]
164: [68]
165: [68]
166: [34]
167: [167]
168: [155]
169: [24]
170: [24]
171: [24]
172: [24, 34]
173: [24, 34]
174: [24, 34]
175: [24, 34]
176: [24, 34]
177: [24, 34]
178: [34]
179: [34]
180: [34]
181: [167]
182: [155]
183: [155]
184: [155]
185: [155]
186: [155, 167]
187: [155, 167]
188: [155, 167]
189: [155, 167]
190: [155, 167]
191: [155, 167]
192: [167]
193: [167]
194: [167]
195: [167]
61
0: [132]
1: [132]
2: [132]
3: [132]
4: [132]
5: [144, 132]
6: [144]
7: [144]
8: [144]
9: [144]
10: [144]
11: [144]
12: [144]
13: [144]
14: [132]
15: [5]
16: [5]
17: [5]
18: [5]
19: [15, 5]
20: [15]
21: [15]
22: [15]
23: [15]
24: [15]
25: [15]
26: [15]
27: [144]
28: [132]
29: [5]
30: [45]
31: [45]
32: [45]
33: [53, 45]
34: [53]
35: [53]
36: [53]
37: [53]
38: [53]
39: [53]
40: [15]
41: [144]
42: [132]
43: [5]
44: [45]
45: [77]
46: [77]
47: [83, 77]
48: [83]
49: [83]
50: [83]
51: [83]
52: [83]
53: [53]
54: [15]
55: [144]
56: [132, 155]
57: [5, 24]
58: [45, 60]
59: [77, 88]
60: [100, 101, 102, 103, 104]
61: []
62: [104, 105, 102, 103, 180, 100]
63: [104, 105, 103, 180, 100]
64: [104, 105, 180, 100]
65: [105, 100]
66: [94, 83]
67: [68, 53]
68: [34, 15]
69: [167, 144]
70: [132, 155]
71: [5, 24]
72: [45, 60]
73: [77, 88]
74: [100, 101, 102, 103, 104]
75: [180, 101, 105]
76: [102]
77: [103]
78: [104, 180]
79: [105, 100]
80: [94, 83]
81: [68, 53]
82: [34, 15]
83: [167, 144]
84: [155]
85: [24]
86: [60]
87: [88]
88: [100, 102, 103, 104]
89: [180, 102, 105]
90: [102]
91: [103]
92: [104, 180]
93: [105, 100]
94: [94, 83]
95: [68, 53]
96: [34, 15]
97: [167, 144]
98: [155]
99: [24]
100: [60]
101: [88]
102: [100, 103, 104]
103: [180, 103, 105]
104: [103]
105: [103]
106: [104, 180]
107: [105, 100]
108: [94, 83]
109: [68, 53]
110: [34, 15]
111: [167, 144]
112: [155]
113: [24]
114: [60]
115: [88]
116: [100, 104]
117: [180, 104, 105]
118: [104, 105]
119: [104, 105]
120: [104, 105, 180]
121: [105, 100]
122: [94, 83]
123: [68, 53]
124: [34, 15]
125: [167, 144]
126: [155]
127: [24]
128: [60]
129: [88]
130: [100]
131: [180, 100]
132: [180, 100]
133: [180, 100]
134: [180, 100]
135: [100]
136: [94]
137: [68]
138: [34]
139: [167]
140: [155]
141: [24]
142: [60]
143: [88]
144: [88, 94]
145: [88, 94]
146: [88, 94]
147: [88, 94]
148: [88, 94]
149: [88, 94]
150: [94]
151: [68]
152: [34]
153: [167]
154: [155]
155: [24]
156: [60]
157: [60]
158: [60, 68]
159: [60, 68]
160: [60, 68]
161: [60, 68]
162: [60, 68]
163: [60, 68]
164: [68]
165: [68]
166: [34]
167: [167]
168: [155]
169: [24]
170: [24]
171: [24]
172: [24, 34]
173: [24, 34]
174: [24, 34]
175: [24, 34]
176: [24, 34]
177: [24, 34]
178: [34]
179: [34]
180: [34]
181: [167]
182: [155]
183: [155]
184: [155]
185: [155]
186: [155, 167]
187: [155, 167]
188: [155, 167]
189: [155, 167]
190: [155, 167]
191: [155, 167]
192: [167]
193: [167]
194: [167]
195: [167]
62
0: [133]
1: [133]
2: [133]
3: [133]
4: [133]
5: [133]
6: [145, 133]
7: [145]
8: [145]
9: [145]
10: [145]
11: [145]
12: [145]
13: [145]
14: [133]
15: [6]
16: [6]
17: [6]
18: [6]
19: [6]
20: [16, 6]
21: [16]
22: [16]
23: [16]
24: [16]
25: [16]
26: [16]
27: [145]
28: [133]
29: [6]
30: [46]
31: [46]
32: [46]
33: [46]
34: [54, 46]
35: [54]
36: [54]
37: [54]
38: [54]
39: [54]
40: [16]
41: [145]
42: [133]
43: [6]
44: [46]
45: [78]
46: [78]
47: [78]
48: [84, 78]
49: [84]
50: [84]
51: [84]
52: [84]
53: [54]
54: [16]
55: [145]
56: [133, 155]
57: [6, 24]
58: [46, 60]
59: [78, 88]
60: [100, 102, 103, 104]
61: [180, 100, 102, 103, 104, 105]
62: []
63: [104, 105, 106, 103, 180, 100]
64: [104, 105, 106, 180, 100]
65: [105, 106, 100]
66: [94, 84]
67: [68, 54]
68: [34, 16]
69: [167, 145]
70: [133, 155]
71: [6, 24]
72: [46, 60]
73: [78, 88]
74: [100, 102, 103, 104]
75: [180, 105]
76: [102, 106]
77: [103]
78: [104, 180]
79: [105, 106, 100]
80: [94, 84]
81: [68, 54]
82: [34, 16]
83: [167, 145]
84: [133, 155]
85: [6, 24]
86: [46, 60]
87: [78, 88]
88: [100, 102, 103, 104]
89: [180, 102, 105]
90: [102, 106]
91: [103]
92: [104, 180]
93: [105, 106, 100]
94: [94, 84]
95: [68, 54]
96: [34, 16]
97: [167, 145]
98: [155]
99: [24]
100: [60]
101: [88]
102: [100, 103, 104]
103: [180, 103, 105]
104: [103, 106]
105: [103, 106]
106: [104, 106, 180]
107: [105, 106, 100]
108: [94, 84]
109: [68, 54]
110: [34, 16]
111: [167, 145]
112: [155]
113: [24]
114: [60]
115: [88]
116: [100, 104]
117: [180, 104, 105]
118: [104, 105]
119: [104, 105]
120: [104, 105, 180]
121: [105, 100]
122: [94]
123: [68]
124: [34]
125: [167]
126: [155]
127: [24]
128: [60]
129: [88]
130: [100]
131: [180, 100]
132: [180, 100]
133: [180, 100]
134: [180, 100]
135: [100]
136: [94]
137: [68]
138: [34]
139: [167]
140: [155]
141: [24]
142: [60]
143: [88]
144: [88, 94]
145: [88, 94]
146: [88, 94]
147: [88, 94]
148: [88, 94]
149: [88, 94]
150: [94]
151: [68]
152: [34]
153: [167]
154: [155]
155: [24]
156: [60]
157: [60]
158: [60, 68]
159: [60, 68]
160: [60, 68]
161: [60, 68]
162: [60, 68]
163: [60, 68]
164: [68]
165: [68]
166: [34]
167: [167]
168: [155]
169: [24]
170: [24]
171: [24]
172: [24, 34]
173: [24, 34]
174: [24, 34]
175: [24, 34]
176: [24, 34]
177: [24, 34]
178: [34]
179: [34]
180: [34]
181: [167]
182: [155]
183: [155]
184: [155]
185: [155]
186: [155, 167]
187: [155, 167]
188: [155, 167]
189: [155, 167]
190: [155, 167]
191: [155, 167]
192: [167]
193: [167]
194: [167]
195: [167]
63
0: [134]
1: [134]
2: [134]
3: [134]
4: [134]
5: [134]
6: [134]
7: [146, 134]
8: [146]
9: [146]
10: [146]
11: [146]
12: [146]
13: [146]
14: [134]
15: [7]
16: [7]
17: [7]
18: [7]
19: [7]
20: [7]
21: [17, 7]
22: [17]
23: [17]
24: [17]
25: [17]
26: [17]
27: [146]
28: [134]
29: [7]
30: [47]
31: [47]
32: [47]
33: [47]
34: [47]
35: [55, 47]
36: [55]
37: [55]
38: [55]
39: [55]
40: [17]
41: [146]
42: [134]
43: [7]
44: [47]
45: [79]
46: [79]
47: [79]
48: [79]
49: [85, 79]
50: [85]
51: [85]
52: [85]
53: [55]
54: [17]
55: [146]
56: [134, 155]
57: [7, 24]
58: [47, 60]
59: [79, 88]
60: [100, 103, 104]
61: [180, 100, 103, 104, 105]
62: [180, 100, 106, 103, 104, 105]
63: []
64: [104, 105, 106, 107, 180, 100]
65: [105, 106, 107, 100]
66: [94, 85]
67: [68, 55]
68: [34, 17]
69: [167, 146]
70: [134, 155]
71: [7, 24]
72: [47, 60]
73: [79, 88]
74: [100, 103, 104]
75: [180, 105]
76: [106]
77: [103, 107]
78: [104, 180]
79: [105, 106, 107, 100]
80: [94, 85]
81: [68, 55]
82: [34, 17]
83: [167, 146]
84: [134, 155]
85: [7, 24]
86: [47, 60]
87: [79, 88]
88: [100, 103, 104]
89: [180, 105]
90: [106]
91: [103, 107]
92: [104, 107, 180]
93: [105, 106, 107, 100]
94: [94, 85]
95: [68, 55]
96: [34, 17]
97: [167, 146]
98: [134, 155]
99: [7, 24]
100: [47, 60]
101: [79, 88]
102: [100, 103, 104]
103: [180, 103, 105]
104: [103, 106]
105: [103, 106]
106: [104, 106, 180]
107: [105, 106, 100]
108: [94]
109: [68]
110: [34]
111: [167]
112: [155]
113: [24]
114: [60]
115: [88]
116: [100, 104]
117: [180, 104, 105]
118: [104, 105]
119: [104, 105]
120: [104, 105, 180]
121: [105, 100]
122: [94]
123: [68]
124: [34]
125: [167]
126: [155]
127: [24]
128: [60]
129: [88]
130: [100]
131: [180, 100]
132: [180, 100]
133: [180, 100]
134: [180, 100]
135: [100]
136: [94]
137: [68]
138: [34]
139: [167]
140: [155]
141: [24]
142: [60]
143: [88]
144: [88, 94]
145: [88, 94]
146: [88, 94]
147: [88, 94]
148: [88, 94]
149: [88, 94]
150: [94]
151: [68]
152: [34]
153: [167]
154: [155]
155: [24]
156: [60]
157: [60]
158: [60, 68]
159: [60, 68]
160: [60, 68]
161: [60, 68]
162: [60, 68]
163: [60, 68]
164: [68]
165: [68]
166: [34]
167: [167]
168: [155]
169: [24]
170: [24]
171: [24]
172: [24, 34]
173: [24, 34]
174: [24, 34]
175: [24, 34]
176: [24, 34]
177: [24, 34]
178: [34]
179: [34]
180: [34]
181: [167]
182: [155]
183: [155]
184: [155]
185: [155]
186: [155, 167]
187: [155, 167]
188: [155, 167]
189: [155, 167]
190: [155, 167]
191: [155, 167]
192: [167]
193: [167]
194: [167]
195: [167]
64
0: [135]
1: [135]
2: [135]
3: [135]
4: [135]
5: [135]
6: [135]
7: [135]
8: [147, 135]
9: [147]
10: [147]
11: [147]
12: [147]
13: [147]
14: [135]
15: [8]
16: [8]
17: [8]
18: [8]
19: [8]
20: [8]
21: [8]
22: [18, 8]
23: [18]
24: [18]
25: [18]
26: [18]
27: [147]
28: [135]
29: [8]
30: [48]
31: [48]
32: [48]
33: [48]
34: [48]
35: [48]
36: [56, 48]
37: [56]
38: [56]
39: [56]
40: [18]
41: [147]
42: [135]
43: [8]
44: [48]
45: [80]
46: [80]
47: [80]
48: [80]
49: [80]
50: [86, 80]
51: [86]
52: [86]
53: [56]
54: [18]
55: [147]
56: [135, 155]
57: [8, 24]
58: [48, 60]
59: [80, 88]
60: [100, 104]
61: [180, 100, 104, 105]
62: [180, 100, 106, 104, 105]
63: [180, 100, 107, 106, 104, 105]
64: []
65: [105, 106, 107, 108, 100]
66: [94, 86]
67: [68, 56]
68: [34, 18]
69: [167, 147]
70: [135, 155]
71: [8, 24]
72: [48, 60]
73: [80, 88]
74: [100, 104]
75: [180, 105]
76: [106]
77: [107]
78: [104, 108, 180]
79: [105, 106, 107, 108, 100]
80: [94, 86]
81: [68, 56]
82: [34, 18]
83: [167, 147]
84: [135, 155]
85: [8, 24]
86: [48, 60]
87: [80, 88]
88: [100, 104]
89: [180, 105]
90: [106]
91: [107]
92: [104, 107, 180]
93: [105, 106, 107, 100]
94: [94]
95: [68]
96: [34]
97: [167]
98: [135, 155]
99: [8, 24]
100: [48, 60]
101: [80, 88]
102: [100, 104]
103: [180, 105]
104: [106]
105: [106]
106: [104, 106, 180]
107: [105, 106, 100]
108: [94]
109: [68]
110: [34]
111: [167]
112: [135, 155]
113: [8, 24]
114: [48, 60]
115: [80, 88]
116: [104, 100]
117: [104, 180, 105]
118: [104, 105]
119: [104, 105]
120: [104, 105, 180]
121: [105, 100]
122: [94]
123: [68]
124: [34]
125: [167]
126: [155]
127: [24]
128: [60]
129: [88]
130: [100]
131: [180, 100]
132: [180, 100]
133: [180, 100]
134: [180, 100]
135: [100]
136: [94]
137: [68]
138: [34]
139: [167]
140: [155]
141: [24]
142: [60]
143: [88]
144: [88, 94]
145: [88, 94]
146: [88, 94]
147: [88, 94]
148: [88, 94]
149: [88, 94]
150: [94]
151: [68]
152: [34]
153: [167]
154: [155]
155: [24]
156: [60]
157: [60]
158: [60, 68]
159: [60, 68]
160: [60, 68]
161: [60, 68]
162: [60, 68]
163: [60, 68]
164: [68]
165: [68]
166: [34]
167: [167]
168: [155]
169: [24]
170: [24]
171: [24]
172: [24, 34]
173: [24, 34]
174: [24, 34]
175: [24, 34]
176: [24, 34]
177: [24, 34]
178: [34]
179: [34]
180: [34]
181: [167]
182: [155]
183: [155]
184: [155]
185: [155]
186: [155, 167]
187: [155, 167]
188: [155, 167]
189: [155, 167]
190: [155, 167]
191: [155, 167]
192: [167]
193: [167]
194: [167]
195: [167]
65
0: [136]
1: [136]
2: [136]
3: [136]
4: [136]
5: [136]
6: [136]
7: [136]
8: [136]
9: [148, 136]
10: [148]
11: [148]
12: [148]
13: [148]
14: [136]
15: [9]
16: [9]
17: [9]
18: [9]
19: [9]
20: [9]
21: [9]
22: [9]
23: [19, 9]
24: [19]
25: [19]
26: [19]
27: [148]
28: [136]
29: [9]
30: [49]
31: [49]
32: [49]
33: [49]
34: [49]
35: [49]
36: [49]
37: [57, 49]
38: [57]
39: [57]
40: [19]
41: [148]
42: [136]
43: [9]
44: [49]
45: [81]
46: [81]
47: [81]
48: [81]
49: [81]
50: [81]
51: [87, 81]
52: [87]
53: [57]
54: [19]
55: [148]
56: [136, 155]
57: [9, 24]
58: [49, 60]
59: [81, 88]
60: [100]
61: [100, 105]
62: [100, 106, 105]
63: [100, 107, 106, 105]
64: [100, 108, 107, 106, 105]
65: []
66: [94, 87]
67: [68, 57]
68: [34, 19]
69: [167, 148]
70: [136, 155]
71: [9, 24]
72: [49, 60]
73: [81, 88]
74: [100]
75: [105]
76: [106]
77: [107]
78: [108]
79: [105, 106, 107, 108, 100]
80: [94]
81: [68]
82: [34]
83: [167]
84: [136, 155]
85: [9, 24]
86: [49, 60]
87: [81, 88]
88: [100]
89: [105]
90: [106]
91: [107]
92: [107]
93: [105, 106, 107, 100]
94: [94]
95: [68]
96: [34]
97: [167]
98: [136, 155]
99: [9, 24]
100: [49, 60]
101: [81, 88]
102: [100]
103: [105]
104: [106]
105: [106]
106: [106]
107: [105, 106, 100]
108: [94]
109: [68]
110: [34]
111: [167]
112: [136, 155]
113: [9, 24]
114: [49, 60]
115: [81, 88]
116: [100]
117: [105]
118: [105]
119: [105]
120: [105]
121: [105, 100]
122: [94]
123: [68]
124: [34]
125: [167]
126: [136, 155]
127: [9, 24]
128: [49, 60]
129: [81, 88]
130: [100]
131: [100]
132: [100]
133: [100]
134: [100]
135: [100]
136: [94]
137: [68]
138: [34]
139: [167]
140: [155]
141: [24]
142: [60]
143: [88]
144: [88, 94]
145: [88, 94]
146: [88, 94]
147: [88, 94]
148: [88, 94]
149: [88, 94]
150: [94]
151: [68]
152: [34]
153: [167]
154: [155]
155: [24]
156: [60]
157: [60]
158: [60, 68]
159: [60, 68]
160: [60, 68]
161: [60, 68]
162: [60, 68]
163: [60, 68]
164: [68]
165: [68]
166: [34]
167: [167]
168: [155]
169: [24]
170: [24]
171: [24]
172: [24, 34]
173: [24, 34]
174: [24, 34]
175: [24, 34]
176: [24, 34]
177: [24, 34]
178: [34]
179: [34]
180: [34]
181: [167]
182: [155]
183: [155]
184: [155]
185: [155]
186: [155, 167]
187: [155, 167]
188: [155, 167]
189: [155, 167]
190: [155, 167]
191: [155, 167]
192: [167]
193: [167]
194: [167]
195: [167]
66
0: [137]
1: [137]
2: [137]
3: [137]
4: [137]
5: [137]
6: [137]
7: [137]
8: [137]
9: [148, 137]
10: [148, 137]
11: [148]
12: [148]
13: [148]
14: [137]
15: [10]
16: [10]
17: [10]
18: [10]
19: [10]
20: [10]
21: [10]
22: [10]
23: [19, 10]
24: [19, 10]
25: [19]
26: [19]
27: [148]
28: [137]
29: [10]
30: [50]
31: [178, 50]
32: [178, 50]
33: [178, 50]
34: [178, 50]
35: [178, 50]
36: [178, 50]
37: [57, 178, 50]
38: [178, 57, 50]
39: [57]
40: [19]
41: [148]
42: [137, 154]
43: [10, 23]
44: [50, 59]
45: [75]
46: [75, 82]
47: [75, 83, 82]
48: [75, 84, 83, 82]
49: [75, 85, 84, 83, 82]
50: [75, 86, 85, 84, 83, 82]
51: [75, 87, 86, 85, 84, 83, 82]
52: [75, 87, 86, 85, 84, 83, 82]
53: [57]
54: [19]
55: [148]
56: [137, 154]
57: [10, 23]
58: [50, 59]
59: [75]
60: [82, 94]
61: [83, 94]
62: [84, 94]
63: [85, 94]
64: [86, 94]
65: [87, 94]
66: []
67: [68, 57]
68: [34, 19]
69: [167, 148]
70: [137, 154]
71: [10, 23]
72: [50, 59]
73: [75]
74: [82, 94]
75: [83]
76: [84]
77: [85]
78: [86]
79: [86]
80: [82, 83, 84, 85, 86, 94, 75]
81: [68]
82: [34]
83: [167]
84: [137, 154]
85: [10, 23]
86: [50, 59]
87: [75]
88: [82, 94]
89: [83]
90: [84]
91: [85]
92: [85]
93: [85]
94: [82, 83, 84, 85, 94, 75]
95: [68]
96: [34]
97: [167]
98: [137, 154]
99: [10, 23]
100: [50, 59]
101: [75]
102: [82, 94]
103: [83]
104: [84]
105: [84]
106: [84]
107: [84]
108: [82, 83, 84, 94, 75]
109: [68]
110: [34]
111: [167]
112: [137, 154]
113: [10, 23]
114: [50, 59]
115: [75]
116: [82, 94]
117: [83]
118: [83]
119: [83]
120: [83]
121: [83]
122: [82, 83, 94, 75]
123: [68]
124: [34]
125: [167]
126: [137, 154]
127: [10, 23]
128: [50, 59]
129: [75]
130: [82, 94]
131: [82]
132: [82]
133: [82]
134: [82]
135: [82]
136: [82, 94, 75]
137: [68]
138: [34]
139: [167]
140: [137, 154]
141: [10, 23]
142: [50, 59]
143: [75]
144: [94, 75]
145: [94, 75]
146: [94, 75]
147: [94, 75]
148: [94, 75]
149: [94, 75]
150: [94, 75]
151: [68]
152: [34]
153: [167]
154: [154]
155: [23]
156: [59]
157: [59, 178]
158: [59, 68, 178]
159: [59, 68, 178]
160: [59, 68, 178]
161: [59, 68, 178]
162: [59, 68, 178]
163: [59, 68, 178]
164: [59, 68, 178]
165: [68]
166: [34]
167: [167]
168: [154]
169: [23]
170: [23]
171: [23]
172: [23, 34]
173: [23, 34]
174: [23, 34]
175: [23, 34]
176: [23, 34]
177: [23, 34]
178: [23, 34]
179: [34]
180: [34]
181: [167]
182: [154]
183: [154]
184: [154]
185: [154]
186: [154, 167]
187: [154, 167]
188: [154, 167]
189: [154, 167]
190: [154, 167]
191: [154, 167]
192: [154, 167]
193: [167]
194: [167]
195: [167]
67
0: [138]
1: [138]
2: [138]
3: [138]
4: [138]
5: [138]
6: [138]
7: [138]
8: [138]
9: [148, 138]
10: [148, 138]
11: [148, 138]
12: [148]
13: [148]
14: [138]
15: [11]
16: [11]
17: [11]
18: [11]
19: [11]
20: [11]
21: [11]
22: [11]
23: [19, 11]
24: [19, 11]
25: [19, 11]
26: [19]
27: [148]
28: [138, 153]
29: [11, 22]
30: [42]
31: [42, 51]
32: [42, 52, 51]
33: [42, 53, 52, 51]
34: [42, 54, 53, 52, 51]
35: [42, 55, 54, 53, 52, 51]
36: [42, 56, 55, 54, 53, 52, 51]
37: [57, 42, 56, 55, 54, 53, 52, 51]
38: [42, 57, 56, 55, 54, 53, 52, 51]
39: [42, 57, 56, 55, 54, 53, 52, 51]
40: [19]
41: [148]
42: [138, 153]
43: [11, 22]
44: [179, 42]
45: [179, 51, 67]
46: [179, 52, 67]
47: [179, 53, 67]
48: [179, 54, 67]
49: [179, 55, 67]
50: [179, 56, 67]
51: [57, 179, 67]
52: [179, 67]
53: [42, 179, 57, 56, 55, 54, 53, 52, 67, 51]
54: [19]
55: [148]
56: [138, 153]
57: [11, 22]
58: [179, 42]
59: [51, 67]
60: [52, 68]
61: [53, 68]
62: [54, 68]
63: [55, 68]
64: [56, 68]
65: [57, 68]
66: [57, 68]
67: []
68: [34, 19]
69: [167, 148]
70: [138, 153]
71: [11, 22]
72: [179, 42]
73: [51, 67]
74: [52, 68]
75: [53]
76: [54]
77: [55]
78: [56]
79: [56]
80: [56]
81: [67, 68, 51, 52, 53, 54, 55, 56, 179, 42]
82: [34]
83: [167]
84: [138, 153]
85: [11, 22]
86: [179, 42]
87: [51, 67]
88: [52, 68]
89: [53]
90: [54]
91: [55]
92: [55]
93: [55]
94: [55]
95: [67, 68, 51, 52, 53, 54, 55, 179, 42]
96: [34]
97: [167]
98: [138, 153]
99: [11, 22]
100: [179, 42]
101: [51, 67]
102: [52, 68]
103: [53]
104: [54]
105: [54]
106: [54]
107: [54]
108: [54]
109: [67, 68, 51, 52, 53, 54, 179, 42]
110: [34]
111: [167]
112: [138, 153]
113: [11, 22]
114: [179, 42]
115: [51, 67]
116: [52, 68]
117: [53]
118: [53]
119: [53]
120: [53]
121: [53]
122: [53]
123: [67, 68, 51, 52, 53, 179, 42]
124: [34]
125: [167]
126: [138, 153]
127: [11, 22]
128: [179, 42]
129: [51, 67]
130: [52, 68]
131: [52]
132: [52]
133: [52]
134: [52]
135: [52]
136: [52]
137: [67, 51, 52, 68, 179, 42]
138: [34]
139: [167]
140: [138, 153]
141: [11, 22]
142: [179, 42]
143: [51, 67, 179]
144: [51, 68, 179]
145: [51, 179]
146: [51, 179]
147: [51, 179]
148: [51, 179]
149: [51, 179]
150: [51, 179]
151: [67, 51, 68, 179, 42]
152: [34]
153: [167]
154: [138, 153]
155: [11, 22]
156: [42]
157: [67, 42]
158: [67, 68, 42]
159: [67, 68, 42]
160: [67, 68, 42]
161: [67, 68, 42]
162: [67, 68, 42]
163: [67, 68, 42]
164: [67, 68, 42]
165: [67, 68, 42]
166: [34]
167: [167]
168: [153]
169: [22]
170: [22]
171: [22]
172: [22, 34]
173: [22, 34]
174: [22, 34]
175: [22, 34]
176: [22, 34]
177: [22, 34]
178: [22, 34]
179: [22, 34]
180: [34]
181: [167]
182: [153]
183: [153]
184: [153]
185: [153]
186: [153, 167]
187: [153, 167]
188: [153, 167]
189: [153, 167]
190: [153, 167]
191: [153, 167]
192: [153, 167]
193: [153, 167]
194: [167]
195: [167]
68
0: [139]
1: [176, 139]
2: [176, 139]
3: [176, 139]
4: [176, 139]
5: [176, 139]
6: [176, 139]
7: [176, 139]
8: [176, 139]
9: [176, 148, 139]
10: [176, 148, 139]
11: [176, 148, 139]
12: [176, 148, 139]
13: [148]
14: [139, 152]
15: [1]
16: [1, 12]
17: [1, 13, 12]
18: [1, 14, 13, 12]
19: [1, 15, 14, 13, 12]
20: [1, 16, 15, 14, 13, 12]
21: [1, 17, 16, 15, 14, 13, 12]
22: [1, 18, 17, 16, 15, 14, 13, 12]
23: [1, 19, 18, 17, 16, 15, 14, 13, 12]
24: [1, 19, 18, 17, 16, 15, 14, 13, 12]
25: [1, 19, 18, 17, 16, 15, 14, 13, 12]
26: [1, 19, 18, 17, 16, 15, 14, 13, 12]
27: [148]
28: [139, 152]
29: [1]
30: [12, 32]
31: [13, 32]
32: [14, 32]
33: [15, 32]
34: [16, 32]
35: [17, 32]
36: [18, 32]
37: [19, 32]
38: [32]
39: [32]
40: [1, 19, 18, 17, 16, 15, 14, 13, 32, 12]
41: [148]
42: [139, 152]
43: [1]
44: [12, 32]
45: [13, 33]
46: [14, 33]
47: [15, 33]
48: [16, 33]
49: [17, 33]
50: [18, 33]
51: [19, 33]
52: [33]
53: [33]
54: [1, 19, 18, 17, 16, 15, 14, 33, 13, 32, 12]
55: [148]
56: [139, 152]
57: [1]
58: [12, 32]
59: [13, 33]
60: [14, 34]
61: [15, 34]
62: [16, 34]
63: [17, 34]
64: [18, 34]
65: [19, 34]
66: [19, 34]
67: [19, 34]
68: []
69: [167, 148]
70: [139, 152]
71: [1]
72: [12, 32]
73: [13, 33]
74: [14, 34]
75: [15]
76: [16]
77: [17]
78: [18]
79: [18]
80: [18]
81: [18]
82: [32, 33, 34, 12, 13, 14, 15, 16, 17, 18, 1]
83: [167]
84: [139, 152]
85: [1]
86: [12, 32]
87: [13, 33]
88: [14, 34]
89: [15]
90: [16]
91: [17]
92: [17]
93: [17]
94: [17]
95: [17]
96: [32, 33, 34, 12, 13, 14, 15, 16, 17, 1]
97: [167]
98: [139, 152]
99: [1]
100: [12, 32]
101: [13, 33]
102: [14, 34]
103: [15]
104: [16]
105: [16]
106: [16]
107: [16]
108: [16]
109: [16]
110: [32, 33, 34, 12, 13, 14, 15, 16, 1]
111: [167]
112: [139, 152]
113: [1]
114: [12, 32]
115: [13, 33]
116: [14, 34]
117: [15]
118: [15]
119: [15]
120: [15]
121: [15]
122: [15]
123: [15]
124: [32, 33, 34, 12, 13, 14, 15, 1]
125: [167]
126: [139, 152]
127: [1]
128: [12, 32]
129: [13, 33]
130: [14, 34]
131: [14]
132: [14]
133: [14]
134: [14]
135: [14]
136: [14]
137: [14]
138: [32, 33, 34, 12, 13, 14, 1]
139: [167]
140: [139, 152]
141: [1]
142: [12, 32]
143: [13, 33]
144: [13, 34]
145: [13]
146: [13]
147: [13]
148: [13]
149: [13]
150: [13]
151: [13]
152: [32, 33, 34, 12, 13, 1]
153: [167]
154: [139, 152]
155: [1]
156: [12, 32]
157: [12, 33]
158: [12, 34]
159: [12]
160: [12]
161: [12]
162: [12]
163: [12]
164: [12]
165: [12]
166: [32, 33, 34, 12, 1]
167: [167]
168: [139, 152]
169: [1]
170: [32, 1]
171: [32, 33, 1]
172: [32, 33, 34, 1]
173: [32, 33, 34, 1]
174: [32, 33, 34, 1]
175: [32, 33, 34, 1]
176: [32, 33, 34, 1]
177: [32, 33, 34, 1]
178: [32, 33, 34, 1]
179: [32, 33, 34, 1]
180: [32, 33, 34, 1]
181: [167]
182: [152]
183: [152, 176]
184: [152, 176]
185: [152, 176]
186: [152, 167, 176]
187: [152, 167, 176]
188: [152, 167, 176]
189: [152, 167, 176]
190: [152, 167, 176]
191: [152, 167, 176]
192: [152, 167, 176]
193: [152, 167, 176]
194: [152, 167, 176]
195: [167]
69
0: [127]
1: [127, 140]
2: [127, 141, 140]
3: [127, 142, 141, 140]
4: [127, 143, 142, 141, 140]
5: [127, 144, 143, 142, 141, 140]
6: [127, 145, 144, 143, 142, 141, 140]
7: [127, 146, 145, 144, 143, 142, 141, 140]
8: [127, 147, 146, 145, 144, 143, 142, 141, 140]
9: [148, 127, 147, 146, 145, 144, 143, 142, 141, 140]
10: [127, 148, 147, 146, 145, 144, 143, 142, 141, 140]
11: [127, 148, 147, 146, 145, 144, 143, 142, 141, 140]
12: [127, 148, 147, 146, 145, 144, 143, 142, 141, 140]
13: [127, 148, 147, 146, 145, 144, 143, 142, 141, 140]
14: [177, 127]
15: [177, 140, 164]
16: [177, 141, 164]
17: [177, 142, 164]
18: [177, 143, 164]
19: [177, 144, 164]
20: [177, 145, 164]
21: [177, 146, 164]
22: [177, 147, 164]
23: [177, 148, 164]
24: [177, 164]
25: [177, 164]
26: [177, 164]
27: [177, 127, 148, 147, 146, 145, 144, 143, 142, 141, 164, 140]
28: [177, 127]
29: [140, 164]
30: [141, 165]
31: [142, 165]
32: [143, 165]
33: [144, 165]
34: [145, 165]
35: [146, 165]
36: [147, 165]
37: [148, 165]
38: [165]
39: [165]
40: [165]
41: [177, 127, 148, 147, 146, 145, 144, 143, 142, 141, 165, 164, 140]
42: [177, 127]
43: [140, 164]
44: [141, 165]
45: [142, 166]
46: [143, 166]
47: [144, 166]
48: [145, 166]
49: [146, 166]
50: [147, 166]
51: [148, 166]
52: [166]
53: [166]
54: [166]
55: [177, 127, 148, 147, 146, 145, 144, 143, 166, 142, 141, 165, 164, 140]
56: [177, 127]
57: [140, 164]
58: [141, 165]
59: [142, 166]
60: [143, 167]
61: [144, 167]
62: [145, 167]
63: [146, 167]
64: [147, 167]
65: [148, 167]
66: [148, 167]
67: [148, 167]
68: [148, 167]
69: []
70: [177, 127]
71: [140, 164]
72: [141, 165]
73: [142, 166]
74: [143, 167]
75: [144]
76: [145]
77: [146]
78: [147]
79: [147]
80: [147]
81: [147]
82: [147]
83: [164, 165, 166, 167, 140, 141, 142, 143, 144, 145, 146, 147, 177, 127]
84: [177, 127]
85: [140, 164]
86: [141, 165]
87: [142, 166]
88: [143, 167]
89: [144]
90: [145]
91: [146]
92: [146]
93: [146]
94: [146]
95: [146]
96: [146]
97: [164, 165, 166, 167, 140, 141, 142, 143, 144, 145, 146, 177, 127]
98: [177, 127]
99: [140, 164]
100: [141, 165]
101: [142, 166]
102: [143, 167]
103: [144]
104: [145]
105: [145]
106: [145]
107: [145]
108: [145]
109: [145]
110: [145]
111: [164, 165, 166, 167, 140, 141, 142, 143, 144, 145, 177, 127]
112: [177, 127]
113: [140, 164]
114: [141, 165]
115: [142, 166]
116: [143, 167]
117: [144]
118: [144]
119: [144]
120: [144]
121: [144]
122: [144]
123: [144]
124: [144]
125: [164, 165, 166, 167, 140, 141, 142, 143, 144, 177, 127]
126: [177, 127]
127: [140, 164]
128: [141, 165]
129: [142, 166]
130: [143, 167]
131: [143]
132: [143]
133: [143]
134: [143]
135: [143]
136: [143]
137: [143]
138: [143]
139: [164, 165, 166, 167, 140, 141, 142, 143, 177, 127]
140: [177, 127]
141: [140, 164]
142: [141, 165]
143: [142, 166]
144: [142, 167]
145: [142]
146: [142]
147: [142]
148: [142]
149: [142]
150: [142]
151: [142]
152: [142]
153: [164, 165, 166, 167, 140, 141, 142, 177, 127]
154: [177, 127]
155: [140, 164]
156: [141, 165]
157: [141, 166]
158: [141, 167]
159: [141]
160: [141]
161: [141]
162: [141]
163: [141]
164: [141]
165: [141]
166: [141]
167: [164, 165, 166, 167, 140, 141, 177, 127]
168: [177, 127]
169: [140, 164, 177]
170: [140, 165, 177]
171: [140, 166, 177]
172: [140, 167, 177]
173: [140, 177]
174: [140, 177]
175: [140, 177]
176: [140, 177]
177: [140, 177]
178: [140, 177]
179: [140, 177]
180: [140, 177]
181: [164, 165, 166, 167, 140, 177, 127]
182: [127]
183: [164, 127]
184: [164, 165, 127]
185: [164, 165, 166, 127]
186: [164, 165, 166, 167, 127]
187: [164, 165, 166, 167, 127]
188: [164, 165, 166, 167, 127]
189: [164, 165, 166, 167, 127]
190: [164, 165, 166, 167, 127]
191: [164, 165, 166, 167, 127]
192: [164, 165, 166, 167, 127]
193: [164, 165, 166, 167, 127]
194: [164, 165, 166, 167, 127]
195: [164, 165, 166, 167, 127]
70
0: [132, 133, 134, 135, 136, 137, 138, 139, 127]
1: [132, 133, 134, 135, 136, 137, 138, 139, 127]
2: [132, 133, 134, 135, 136, 137, 138, 139, 127]
3: [132, 133, 134, 135, 136, 137, 138, 139, 127]
4: [132, 133, 134, 135, 136, 137, 138, 139, 127]
5: [132, 133, 134, 135, 136, 137, 138, 139, 127]
6: [133, 134, 135, 136, 137, 138, 139, 127]
7: [134, 135, 136, 137, 138, 139, 127]
8: [135, 136, 137, 138, 139, 127]
9: [136, 137, 138, 139, 127]
10: [137, 138, 139, 127]
11: [138, 139, 127]
12: [139, 127]
13: [127]
14: [132, 133, 134, 135, 136, 137, 138, 139, 152, 177, 127]
15: [152, 177]
16: [152, 177]
17: [152, 177]
18: [152, 177]
19: [152, 132, 177]
20: [152, 133, 177]
21: [152, 134, 177]
22: [152, 135, 177]
23: [152, 136, 177]
24: [152, 137, 177]
25: [152, 138, 177]
26: [152, 139, 177]
27: [177, 127]
28: [132, 133, 134, 135, 136, 137, 138, 139, 152, 153, 177, 127]
29: [153]
30: [153]
31: [153]
32: [153]
33: [153, 132]
34: [153, 133]
35: [153, 134]
36: [153, 135]
37: [153, 136]
38: [153, 137]
39: [153, 138]
40: [152, 139]
41: [177, 127]
42: [132, 133, 134, 135, 136, 137, 138, 139, 152, 153, 154, 177, 127]
43: [154]
44: [154]
45: [154]
46: [154]
47: [154, 132]
48: [154, 133]
49: [154, 134]
50: [154, 135]
51: [154, 136]
52: [154, 137]
53: [153, 138]
54: [152, 139]
55: [177, 127]
56: [132, 133, 134, 135, 136, 137, 138, 139, 152, 153, 154, 155, 177, 127]
57: [155]
58: [155]
59: [155]
60: [155]
61: [155, 132]
62: [155, 133]
63: [155, 134]
64: [155, 135]
65: [155, 136]
66: [154, 137]
67: [153, 138]
68: [152, 139]
69: [177, 127]
70: []
71: [156, 132]
72: [156, 132]
73: [156, 132]
74: [156, 132]
75: [156, 132]
76: [156, 133]
77: [156, 134]
78: [156, 135]
79: [155, 136]
80: [154, 137]
81: [153, 138]
82: [152, 139]
83: [177, 127]
84: [177, 127, 133, 134, 156, 135, 136, 155, 137, 154, 153, 138, 152, 139]
85: [133]
86: [133]
87: [133]
88: [133]
89: [133]
90: [133]
91: [134]
92: [156, 135]
93: [155, 136]
94: [154, 137]
95: [153, 138]
96: [152, 139]
97: [177, 127]
98: [177, 127, 134, 156, 135, 136, 155, 137, 154, 153, 138, 152, 139]
99: [134]
100: [134]
101: [134]
102: [134]
103: [134]
104: [134]
105: [134]
106: [156, 135]
107: [155, 136]
108: [154, 137]
109: [153, 138]
110: [152, 139]
111: [177, 127]
112: [177, 127, 156, 135, 136, 155, 137, 154, 153, 138, 152, 139]
113: [135]
114: [135]
115: [135]
116: [135]
117: [135]
118: [135]
119: [135]
120: [156, 135]
121: [155, 136]
122: [154, 137]
123: [153, 138]
124: [152, 139]
125: [177, 127]
126: [177, 127, 156, 136, 155, 137, 154, 153, 138, 152, 139]
127: [136]
128: [136]
129: [136]
130: [136]
131: [136]
132: [136]
133: [136]
134: [156, 136]
135: [155, 136]
136: [154, 137]
137: [153, 138]
138: [152, 139]
139: [177, 127]
140: [177, 127, 156, 155, 137, 154, 153, 138, 152, 139]
141: [137]
142: [137]
143: [137]
144: [137]
145: [137]
146: [137]
147: [137]
148: [156, 137]
149: [155, 137]
150: [154, 137]
151: [153, 138]
152: [152, 139]
153: [177, 127]
154: [177, 127, 156, 155, 154, 153, 138, 152, 139]
155: [138]
156: [138]
157: [138]
158: [138]
159: [138]
160: [138]
161: [138]
162: [156, 138]
163: [155, 138]
164: [154, 138]
165: [153, 138]
166: [152, 139]
167: [177, 127]
168: [177, 127, 156, 155, 154, 153, 152, 139]
169: [177, 139]
170: [177, 139]
171: [177, 139]
172: [177, 139]
173: [177, 139]
174: [177, 139]
175: [177, 139]
176: [177, 156, 139]
177: [177, 155, 139]
178: [177, 154, 139]
179: [177, 153, 139]
180: [177, 152, 139]
181: [177, 127]
182: [127, 156, 155, 154, 153, 152]
183: [127, 156, 155, 154, 153, 152]
184: [127, 156, 155, 154, 153, 152]
185: [127, 156, 155, 154, 153, 152]
186: [127, 156, 155, 154, 153, 152]
187: [127, 156, 155, 154, 153, 152]
188: [127, 156, 155, 154, 153, 152]
189: [127, 156, 155, 154, 153, 152]
190: [156, 127, 155, 154, 153, 152]
191: [127, 155, 154, 153, 152]
192: [127, 154, 153, 152]
193: [127, 153, 152]
194: [127, 152]
195: [127]
71
0: [132]
1: [140, 132, 176]
2: [140, 132, 176]
3: [140, 132, 176]
4: [140, 132, 176]
5: [140, 132, 176]
6: [140, 176]
7: [140, 176]
8: [140, 176]
9: [140, 176]
10: [140, 176]
11: [140, 176]
12: [140, 176]
13: [140]
14: [132]
15: [5, 6, 7, 8, 9, 10, 11, 1]
16: [5, 6, 7, 8, 9, 10, 11, 1]
17: [5, 6, 7, 8, 9, 10, 11, 1]
18: [5, 6, 7, 8, 9, 10, 11, 1]
19: [5, 6, 7, 8, 9, 10, 11, 1]
20: [6, 7, 8, 9, 10, 11, 1]
21: [7, 8, 9, 10, 11, 1]
22: [8, 9, 10, 11, 1]
23: [9, 10, 11, 1]
24: [10, 11, 1]
25: [11, 1]
26: [1]
27: [164, 140]
28: [132]
29: [5, 6, 7, 8, 9, 10, 11, 22, 1]
30: [22]
31: [22]
32: [22]
33: [22, 5]
34: [22, 6]
35: [22, 7]
36: [22, 8]
37: [22, 9]
38: [22, 10]
39: [22, 11]
40: [1]
41: [164, 140]
42: [132]
43: [5, 6, 7, 8, 9, 10, 11, 22, 23, 1]
44: [23]
45: [23]
46: [23]
47: [23, 5]
48: [23, 6]
49: [23, 7]
50: [23, 8]
51: [23, 9]
52: [23, 10]
53: [22, 11]
54: [1]
55: [164, 140]
56: [132]
57: [5, 6, 7, 8, 9, 10, 11, 22, 23, 24, 1]
58: [24]
59: [24]
60: [24]
61: [24, 5]
62: [24, 6]
63: [24, 7]
64: [24, 8]
65: [24, 9]
66: [23, 10]
67: [22, 11]
68: [1]
69: [164, 140]
70: [132, 156]
71: []
72: [25, 5]
73: [25, 5]
74: [25, 5]
75: [25, 5]
76: [25, 6]
77: [25, 7]
78: [25, 8]
79: [24, 9]
80: [23, 10]
81: [22, 11]
82: [1]
83: [164, 140]
84: [156]
85: [1, 6, 7, 8, 25, 24, 9, 10, 23, 11, 22]
86: [6]
87: [6]
88: [6]
89: [6]
90: [6]
91: [7]
92: [25, 8]
93: [24, 9]
94: [23, 10]
95: [22, 11]
96: [1]
97: [164, 140]
98: [156]
99: [1, 7, 8, 25, 24, 9, 10, 23, 11, 22]
100: [7]
101: [7]
102: [7]
103: [7]
104: [7]
105: [7]
106: [25, 8]
107: [24, 9]
108: [23, 10]
109: [22, 11]
110: [1]
111: [164, 140]
112: [156]
113: [1, 8, 25, 24, 9, 10, 23, 11, 22]
114: [8]
115: [8]
116: [8]
117: [8]
118: [8]
119: [8]
120: [25, 8]
121: [24, 9]
122: [23, 10]
123: [22, 11]
124: [1]
125: [164, 140]
126: [156]
127: [1, 25, 24, 9, 10, 23, 11, 22]
128: [9]
129: [9]
130: [9]
131: [9]
132: [9]
133: [9]
134: [25, 9]
135: [24, 9]
136: [23, 10]
137: [22, 11]
138: [1]
139: [164, 140]
140: [156]
141: [1, 25, 24, 10, 23, 11, 22]
142: [10]
143: [10]
144: [10]
145: [10]
146: [10]
147: [10]
148: [25, 10]
149: [24, 10]
150: [23, 10]
151: [22, 11]
152: [1]
153: [164, 140]
154: [156]
155: [1, 25, 24, 23, 11, 22]
156: [11]
157: [11]
158: [11]
159: [11]
160: [11]
161: [11]
162: [25, 11]
163: [24, 11]
164: [23, 11]
165: [22, 11]
166: [1]
167: [164, 140]
168: [156]
169: [1, 25, 24, 23, 22]
170: [1, 25, 24, 23, 22]
171: [1, 25, 24, 23, 22]
172: [1, 25, 24, 23, 22]
173: [1, 25, 24, 23, 22]
174: [1, 25, 24, 23, 22]
175: [1, 25, 24, 23, 22]
176: [1, 25, 24, 23, 22]
177: [1, 24, 23, 22]
178: [1, 23, 22]
179: [1, 22]
180: [1]
181: [164, 140]
182: [156]
183: [176, 156, 164]
184: [176, 156, 164]
185: [176, 156, 164]
186: [176, 156, 164]
187: [176, 156, 164]
188: [176, 156, 164]
189: [176, 156, 164]
190: [176, 156, 164]
191: [176, 164]
192: [176, 164]
193: [176, 164]
194: [176, 164]
195: [164]
72
0: [132]
1: [132]
2: [141, 132]
3: [141, 132]
4: [141, 132]
5: [141, 132]
6: [141]
7: [141]
8: [141]
9: [141]
10: [141]
11: [141]
12: [141]
13: [141]
14: [132]
15: [5]
16: [12, 5]
17: [12, 5]
18: [12, 5]
19: [12, 5]
20: [12]
21: [12]
22: [12]
23: [12]
24: [12]
25: [12]
26: [12]
27: [141]
28: [132]
29: [5]
30: [45, 46, 47, 48, 49, 50, 42]
31: [45, 46, 47, 48, 49, 50, 42]
32: [45, 46, 47, 48, 49, 50, 42]
33: [45, 46, 47, 48, 49, 50, 42]
34: [46, 47, 48, 49, 50, 42]
35: [48, 49, 50, 47, 42]
36: [48, 49, 50, 42]
37: [49, 50, 42]
38: [50, 42]
39: [42]
40: [32, 12]
41: [165, 141]
42: [132]
43: [5]
44: [45, 46, 47, 48, 49, 50, 59, 179, 42]
45: [59, 179]
46: [59, 179]
47: [59, 45, 179]
48: [59, 46, 179]
49: [59, 47, 179]
50: [59, 48, 179]
51: [59, 49, 179]
52: [59, 50, 179]
53: [179, 42]
54: [32, 12]
55: [165, 141]
56: [132]
57: [5]
58: [45, 46, 47, 48, 49, 50, 59, 60, 179, 42]
59: [60]
60: [60]
61: [60, 45]
62: [60, 46]
63: [60, 47]
64: [60, 48]
65: [60, 49]
66: [59, 50]
67: [179, 42]
68: [32, 12]
69: [165, 141]
70: [132, 156]
71: [5, 25]
72: []
73: [61, 45]
74: [61, 45]
75: [61, 45]
76: [61, 46]
77: [61, 47]
78: [61, 48]
79: [60, 49]
80: [59, 50]
81: [179, 42]
82: [32, 12]
83: [165, 141]
84: [156]
85: [25]
86: [42, 179, 46, 47, 48, 61, 49, 60, 50, 59]
87: [46]
88: [46]
89: [46]
90: [46]
91: [47]
92: [61, 48]
93: [60, 49]
94: [59, 50]
95: [179, 42]
96: [32, 12]
97: [165, 141]
98: [156]
99: [25]
100: [42, 179, 47, 48, 61, 49, 60, 50, 59]
101: [47]
102: [47]
103: [47]
104: [47]
105: [47]
106: [61, 48]
107: [60, 49]
108: [59, 50]
109: [179, 42]
110: [32, 12]
111: [165, 141]
112: [156]
113: [25]
114: [42, 179, 48, 61, 49, 60, 50, 59]
115: [48]
116: [48]
117: [48]
118: [48]
119: [48]
120: [61, 48]
121: [60, 49]
122: [59, 50]
123: [179, 42]
124: [32, 12]
125: [165, 141]
126: [156]
127: [25]
128: [42, 179, 61, 49, 60, 50, 59]
129: [49]
130: [49]
131: [49]
132: [49]
133: [49]
134: [61, 49]
135: [60, 49]
136: [59, 50]
137: [179, 42]
138: [32, 12]
139: [165, 141]
140: [156]
141: [25]
142: [42, 179, 61, 60, 50, 59]
143: [179, 50]
144: [179, 50]
145: [179, 50]
146: [179, 50]
147: [179, 50]
148: [179, 61, 50]
149: [179, 60, 50]
150: [179, 59, 50]
151: [179, 42]
152: [32, 12]
153: [165, 141]
154: [156]
155: [25]
156: [42, 61, 60, 59]
157: [42, 61, 60, 59]
158: [42, 61, 60, 59]
159: [42, 61, 60, 59]
160: [42, 61, 60, 59]
161: [42, 61, 60, 59]
162: [42, 61, 60, 59]
163: [42, 60, 59]
164: [42, 59]
165: [42]
166: [32, 12]
167: [165, 141]
168: [156]
169: [25]
170: [25, 32]
171: [25, 32]
172: [25, 32]
173: [25, 32]
174: [25, 32]
175: [25, 32]
176: [25, 32]
177: [32]
178: [32]
179: [32]
180: [32]
181: [165]
182: [156]
183: [156]
184: [156, 165]
185: [156, 165]
186: [156, 165]
187: [156, 165]
188: [156, 165]
189: [156, 165]
190: [156, 165]
191: [165]
192: [165]
193: [165]
194: [165]
195: [165]
73
0: [132]
1: [132]
2: [132]
3: [142, 132]
4: [142, 132]
5: [142, 132]
6: [142]
7: [142]
8: [142]
9: [142]
10: [142]
11: [142]
12: [142]
13: [142]
14: [132]
15: [5]
16: [5]
17: [13, 5]
18: [13, 5]
19: [13, 5]
20: [13]
21: [13]
22: [13]
23: [13]
24: [13]
25: [13]
26: [13]
27: [142]
28: [132]
29: [5]
30: [45]
31: [51, 45, 178]
32: [51, 45, 178]
33: [51, 45, 178]
34: [51, 178]
35: [51, 178]
36: [51, 178]
37: [51, 178]
38: [51, 178]
39: [51]
40: [13]
41: [142]
42: [132]
43: [5]
44: [45]
45: [77, 78, 79, 80, 81, 75]
46: [77, 78, 79, 80, 81, 75]
47: [77, 78, 79, 80, 81, 75]
48: [80, 81, 78, 79, 75]
49: [80, 81, 79, 75]
50: [80, 81, 75]
51: [81, 75]
52: [75]
53: [67, 51]
54: [33, 13]
55: [166, 142]
56: [132]
57: [5]
58: [45]
59: [77, 78, 79, 80, 81, 88, 75]
60: [88]
61: [88, 77]
62: [88, 78]
63: [88, 79]
64: [88, 80]
65: [88, 81]
66: [75]
67: [67, 51]
68: [33, 13]
69: [166, 142]
70: [132, 156]
71: [5, 25]
72: [45, 61]
73: []
74: [89, 77]
75: [89, 77]
76: [89, 78]
77: [89, 79]
78: [89, 80]
79: [88, 81]
80: [75]
81: [67, 51]
82: [33, 13]
83: [166, 142]
84: [156]
85: [25]
86: [61]
87: [75, 78, 79, 80, 89, 88, 81]
88: [78]
89: [78]
90: [78]
91: [79]
92: [89, 80]
93: [88, 81]
94: [75]
95: [67, 51]
96: [33, 13]
97: [166, 142]
98: [156]
99: [25]
100: [61]
101: [75, 79, 80, 89, 88, 81]
102: [79]
103: [79]
104: [79]
105: [79]
106: [89, 80]
107: [88, 81]
108: [75]
109: [67, 51]
110: [33, 13]
111: [166, 142]
112: [156]
113: [25]
114: [61]
115: [75, 80, 89, 88, 81]
116: [80]
117: [80]
118: [80]
119: [80]
120: [89, 80]
121: [88, 81]
122: [75]
123: [67, 51]
124: [33, 13]
125: [166, 142]
126: [156]
127: [25]
128: [61]
129: [75, 89, 88, 81]
130: [81]
131: [81]
132: [81]
133: [81]
134: [89, 81]
135: [88, 81]
136: [75]
137: [67, 51]
138: [33, 13]
139: [166, 142]
140: [156]
141: [25]
142: [61]
143: [75, 89, 88]
144: [75, 89, 88]
145: [75, 89, 88]
146: [75, 89, 88]
147: [75, 89, 88]
148: [89, 75, 88]
149: [75, 88]
150: [75]
151: [67, 51]
152: [33, 13]
153: [166, 142]
154: [156]
155: [25]
156: [61]
157: [178, 61, 67]
158: [178, 61, 67]
159: [178, 61, 67]
160: [178, 61, 67]
161: [178, 61, 67]
162: [178, 61, 67]
163: [178, 67]
164: [178, 67]
165: [67]
166: [33]
167: [166]
168: [156]
169: [25]
170: [25]
171: [25, 33]
172: [25, 33]
173: [25, 33]
174: [25, 33]
175: [25, 33]
176: [25, 33]
177: [33]
178: [33]
179: [33]
180: [33]
181: [166]
182: [156]
183: [156]
184: [156]
185: [156, 166]
186: [156, 166]
187: [156, 166]
188: [156, 166]
189: [156, 166]
190: [156, 166]
191: [166]
192: [166]
193: [166]
194: [166]
195: [166]
74
0: [132]
1: [132]
2: [132]
3: [132]
4: [143, 132]
5: [143, 132]
6: [143]
7: [143]
8: [143]
9: [143]
10: [143]
11: [143]
12: [143]
13: [143]
14: [132]
15: [5]
16: [5]
17: [5]
18: [14, 5]
19: [14, 5]
20: [14]
21: [14]
22: [14]
23: [14]
24: [14]
25: [14]
26: [14]
27: [143]
28: [132]
29: [5]
30: [45]
31: [45]
32: [52, 45]
33: [52, 45]
34: [52]
35: [52]
36: [52]
37: [52]
38: [52]
39: [52]
40: [14]
41: [143]
42: [132]
43: [5]
44: [45]
45: [77]
46: [82, 77]
47: [82, 77]
48: [82]
49: [82]
50: [82]
51: [82]
52: [82]
53: [52]
54: [14]
55: [143]
56: [132]
57: [5]
58: [45]
59: [77]
60: [104, 101, 102, 103, 100]
61: [104, 101, 102, 103, 100]
62: [104, 102, 103, 100]
63: [104, 103, 100]
64: [104, 100]
65: [100]
66: [94, 82]
67: [68, 52]
68: [34, 14]
69: [167, 143]
70: [132, 156]
71: [5, 25]
72: [45, 61]
73: [77, 89]
74: []
75: [109, 101, 181]
76: [109, 102, 181]
77: [109, 103, 181]
78: [109, 104, 181]
79: [181, 100]
80: [94, 82]
81: [68, 52]
82: [34, 14]
83: [167, 143]
84: [156]
85: [25]
86: [61]
87: [89]
88: [100, 181, 102, 103, 104, 109]
89: [102]
90: [102]
91: [103]
92: [109, 104]
93: [181, 100]
94: [94, 82]
95: [68, 52]
96: [34, 14]
97: [167, 143]
98: [156]
99: [25]
100: [61]
101: [89]
102: [100, 181, 103, 104, 109]
103: [103]
104: [103]
105: [103]
106: [109, 104]
107: [181, 100]
108: [94, 82]
109: [68, 52]
110: [34, 14]
111: [167, 143]
112: [156]
113: [25]
114: [61]
115: [89]
116: [100, 181, 104, 109]
117: [181, 104]
118: [181, 104]
119: [181, 104]
120: [109, 181, 104]
121: [181, 100]
122: [94, 82]
123: [68, 52]
124: [34, 14]
125: [167, 143]
126: [156]
127: [25]
128: [61]
129: [89]
130: [100, 109]
131: [100, 109]
132: [100, 109]
133: [100, 109]
134: [100, 109]
135: [100]
136: [94, 82]
137: [68, 52]
138: [34, 14]
139: [167, 143]
140: [156]
141: [25]
142: [61]
143: [89]
144: [89, 94]
145: [89, 94]
146: [89, 94]
147: [89, 94]
148: [89, 94]
149: [94]
150: [94]
151: [68]
152: [34]
153: [167]
154: [156]
155: [25]
156: [61]
157: [61]
158: [61, 68]
159: [61, 68]
160: [61, 68]
161: [61, 68]
162: [61, 68]
163: [68]
164: [68]
165: [68]
166: [34]
167: [167]
168: [156]
169: [25]
170: [25]
171: [25]
172: [25, 34]
173: [25, 34]
174: [25, 34]
175: [25, 34]
176: [25, 34]
177: [34]
178: [34]
179: [34]
180: [34]
181: [167]
182: [156]
183: [156]
184: [156]
185: [156]
186: [156, 167]
187: [156, 167]
188: [156, 167]
189: [156, 167]
190: [156, 167]
191: [167]
192: [167]
193: [167]
194: [167]
195: [167]
75
0: [132]
1: [132]
2: [132]
3: [132]
4: [132]
5: [144, 132]
6: [144]
7: [144]
8: [144]
9: [144]
10: [144]
11: [144]
12: [144]
13: [144]
14: [132]
15: [5]
16: [5]
17: [5]
18: [5]
19: [15, 5]
20: [15]
21: [15]
22: [15]
23: [15]
24: [15]
25: [15]
26: [15]
27: [144]
28: [132]
29: [5]
30: [45]
31: [45]
32: [45]
33: [53, 45]
34: [53]
35: [53]
36: [53]
37: [53]
38: [53]
39: [53]
40: [15]
41: [144]
42: [132]
43: [5]
44: [45]
45: [77]
46: [77]
47: [83, 77]
48: [83]
49: [83]
50: [83]
51: [83]
52: [83]
53: [53]
54: [15]
55: [144]
56: [132]
57: [5]
58: [45]
59: [77]
60: [101]
61: [105, 101, 180]
62: [105, 180]
63: [105, 180]
64: [105, 180]
65: [105]
66: [83]
67: [53]
68: [15]
69: [144]
70: [132, 156]
71: [5, 25]
72: [45, 61]
73: [77, 89]
74: [101, 181, 109]
75: []
76: [118, 119, 117]
77: [119, 117]
78: [117]
79: [113, 105, 181]
80: [95, 83]
81: [69, 53]
82: [35, 15]
83: [168, 144]
84: [156]
85: [25]
86: [61]
87: [89]
88: [181, 109]
89: [117, 118, 119]
90: [118]
91: [119]
92: [117]
93: [113, 105, 181]
94: [95, 83]
95: [69, 53]
96: [35, 15]
97: [168, 144]
98: [156]
99: [25]
100: [61]
101: [89]
102: [181, 109]
103: [117, 119]
104: [119]
105: [119]
106: [117]
107: [113, 105, 181]
108: [95, 83]
109: [69, 53]
110: [35, 15]
111: [168, 144]
112: [156]
113: [25]
114: [61]
115: [89]
116: [181, 109]
117: [117]
118: [117]
119: [117]
120: [117]
121: [113, 105, 181]
122: [95, 83]
123: [69, 53]
124: [35, 15]
125: [168, 144]
126: [156]
127: [25]
128: [61]
129: [89]
130: [109]
131: [180, 109, 113]
132: [180, 109, 113]
133: [180, 109, 113]
134: [180, 109, 113]
135: [113]
136: [95]
137: [69]
138: [35]
139: [168]
140: [156]
141: [25]
142: [61]
143: [89]
144: [89]
145: [89, 95]
146: [89, 95]
147: [89, 95]
148: [89, 95]
149: [95]
150: [95]
151: [69]
152: [35]
153: [168]
154: [156]
155: [25]
156: [61]
157: [61]
158: [61]
159: [61, 69]
160: [61, 69]
161: [61, 69]
162: [61, 69]
163: [69]
164: [69]
165: [69]
166: [35]
167: [168]
168: [156]
169: [25]
170: [25]
171: [25]
172: [25]
173: [25, 35]
174: [25, 35]
175: [25, 35]
176: [25, 35]
177: [35]
178: [35]
179: [35]
180: [35]
181: [168]
182: [156]
183: [156]
184: [156]
185: [156]
186: [156]
187: [156, 168]
188: [156, 168]
189: [156, 168]
190: [156, 168]
191: [168]
192: [168]
193: [168]
194: [168]
195: [168]
76
0: [133]
1: [133]
2: [133]
3: [133]
4: [133]
5: [133]
6: [145, 133]
7: [145]
8: [145]
9: [145]
10: [145]
11: [145]
12: [145]
13: [145]
14: [133]
15: [6]
16: [6]
17: [6]
18: [6]
19: [6]
20: [16, 6]
21: [16]
22: [16]
23: [16]
24: [16]
25: [16]
26: [16]
27: [145]
28: [133]
29: [6]
30: [46]
31: [46]
32: [46]
33: [46]
34: [54, 46]
35: [54]
36: [54]
37: [54]
38: [54]
39: [54]
40: [16]
41: [145]
42: [133]
43: [6]
44: [46]
45: [78]
46: [78]
47: [78]
48: [84, 78]
49: [84]
50: [84]
51: [84]
52: [84]
53: [54]
54: [16]
55: [145]
56: [133]
57: [6]
58: [46]
59: [78]
60: [102]
61: [102]
62: [106, 102]
63: [106]
64: [106]
65: [106]
66: [84]
67: [54]
68: [16]
69: [145]
70: [133, 156]
71: [6, 25]
72: [46, 61]
73: [78, 89]
74: [181, 102, 109]
75: [117, 118, 119]
76: []
77: [120, 119, 117]
78: [120, 117]
79: [113, 106, 181]
80: [95, 84]
81: [69, 54]
82: [35, 16]
83: [168, 145]
84: [133, 156]
85: [6, 25]
86: [46, 61]
87: [78, 89]
88: [181, 102, 109]
89: [117, 118, 119]
90: [118, 120]
91: [119]
92: [120, 117]
93: [113, 106, 181]
94: [95, 84]
95: [69, 54]
96: [35, 16]
97: [168, 145]
98: [156]
99: [25]
100: [61]
101: [89]
102: [181, 109]
103: [117, 119]
104: [119, 120]
105: [119, 120]
106: [120, 117]
107: [113, 106, 181]
108: [95, 84]
109: [69, 54]
110: [35, 16]
111: [168, 145]
112: [156]
113: [25]
114: [61]
115: [89]
116: [181, 109]
117: [117]
118: [117]
119: [117]
120: [117]
121: [113, 181]
122: [95]
123: [69]
124: [35]
125: [168]
126: [156]
127: [25]
128: [61]
129: [89]
130: [109]
131: [109, 113]
132: [109, 113]
133: [109, 113]
134: [109, 113]
135: [113]
136: [95]
137: [69]
138: [35]
139: [168]
140: [156]
141: [25]
142: [61]
143: [89]
144: [89]
145: [89, 95]
146: [89, 95]
147: [89, 95]
148: [89, 95]
149: [95]
150: [95]
151: [69]
152: [35]
153: [168]
154: [156]
155: [25]
156: [61]
157: [61]
158: [61]
159: [61, 69]
160: [61, 69]
161: [61, 69]
162: [61, 69]
163: [69]
164: [69]
165: [69]
166: [35]
167: [168]
168: [156]
169: [25]
170: [25]
171: [25]
172: [25]
173: [25, 35]
174: [25, 35]
175: [25, 35]
176: [25, 35]
177: [35]
178: [35]
179: [35]
180: [35]
181: [168]
182: [156]
183: [156]
184: [156]
185: [156]
186: [156]
187: [156, 168]
188: [156, 168]
189: [156, 168]
190: [156, 168]
191: [168]
192: [168]
193: [168]
194: [168]
195: [168]
77
0: [134]
1: [134]
2: [134]
3: [134]
4: [134]
5: [134]
6: [134]
7: [146, 134]
8: [146]
9: [146]
10: [146]
11: [146]
12: [146]
13: [146]
14: [134]
15: [7]
16: [7]
17: [7]
18: [7]
19: [7]
20: [7]
21: [17, 7]
22: [17]
23: [17]
24: [17]
25: [17]
26: [17]
27: [146]
28: [134]
29: [7]
30: [47]
31: [47]
32: [47]
33: [47]
34: [47]
35: [55, 47]
36: [55]
37: [55]
38: [55]
39: [55]
40: [17]
41: [146]
42: [134]
43: [7]
44: [47]
45: [79]
46: [79]
47: [79]
48: [79]
49: [85, 79]
50: [85]
51: [85]
52: [85]
53: [55]
54: [17]
55: [146]
56: [134]
57: [7]
58: [47]
59: [79]
60: [103]
61: [103]
62: [103]
63: [107, 103]
64: [107]
65: [107]
66: [85]
67: [55]
68: [17]
69: [146]
70: [134, 156]
71: [7, 25]
72: [47, 61]
73: [79, 89]
74: [181, 103, 109]
75: [117, 119]
76: [117, 120, 119]
77: []
78: [120, 121, 117]
79: [113, 107, 181]
80: [95, 85]
81: [69, 55]
82: [35, 17]
83: [168, 146]
84: [134, 156]
85: [7, 25]
86: [47, 61]
87: [79, 89]
88: [181, 103, 109]
89: [117, 119]
90: [120]
91: [119, 121]
92: [120, 121, 117]
93: [113, 107, 181]
94: [95, 85]
95: [69, 55]
96: [35, 17]
97: [168, 146]
98: [134, 156]
99: [7, 25]
100: [47, 61]
101: [79, 89]
102: [181, 103, 109]
103: [117, 119]
104: [119, 120]
105: [119, 120]
106: [120, 117]
107: [113, 181]
108: [95]
109: [69]
110: [35]
111: [168]
112: [156]
113: [25]
114: [61]
115: [89]
116: [181, 109]
117: [117]
118: [117]
119: [117]
120: [117]
121: [113, 181]
122: [95]
123: [69]
124: [35]
125: [168]
126: [156]
127: [25]
128: [61]
129: [89]
130: [109]
131: [109, 113]
132: [109, 113]
133: [109, 113]
134: [109, 113]
135: [113]
136: [95]
137: [69]
138: [35]
139: [168]
140: [156]
141: [25]
142: [61]
143: [89]
144: [89]
145: [89, 95]
146: [89, 95]
147: [89, 95]
148: [89, 95]
149: [95]
150: [95]
151: [69]
152: [35]
153: [168]
154: [156]
155: [25]
156: [61]
157: [61]
158: [61]
159: [61, 69]
160: [61, 69]
161: [61, 69]
162: [61, 69]
163: [69]
164: [69]
165: [69]
166: [35]
167: [168]
168: [156]
169: [25]
170: [25]
171: [25]
172: [25]
173: [25, 35]
174: [25, 35]
175: [25, 35]
176: [25, 35]
177: [35]
178: [35]
179: [35]
180: [35]
181: [168]
182: [156]
183: [156]
184: [156]
185: [156]
186: [156]
187: [156, 168]
188: [156, 168]
189: [156, 168]
190: [156, 168]
191: [168]
192: [168]
193: [168]
194: [168]
195: [168]
78
0: [135]
1: [135]
2: [135]
3: [135]
4: [135]
5: [135]
6: [135]
7: [135]
8: [147, 135]
9: [147]
10: [147]
11: [147]
12: [147]
13: [147]
14: [135]
15: [8]
16: [8]
17: [8]
18: [8]
19: [8]
20: [8]
21: [8]
22: [18, 8]
23: [18]
24: [18]
25: [18]
26: [18]
27: [147]
28: [135]
29: [8]
30: [48]
31: [48]
32: [48]
33: [48]
34: [48]
35: [48]
36: [56, 48]
37: [56]
38: [56]
39: [56]
40: [18]
41: [147]
42: [135]
43: [8]
44: [48]
45: [80]
46: [80]
47: [80]
48: [80]
49: [80]
50: [86, 80]
51: [86]
52: [86]
53: [56]
54: [18]
55: [147]
56: [135]
57: [8]
58: [48]
59: [80]
60: [104]
61: [180, 104]
62: [180, 104]
63: [180, 104]
64: [180, 108, 104]
65: [108]
66: [86]
67: [56]
68: [18]
69: [147]
70: [135, 156]
71: [8, 25]
72: [48, 61]
73: [80, 89]
74: [181, 104, 109]
75: [117]
76: [117, 120]
77: [117, 121, 120]
78: []
79: [113, 108, 181]
80: [95, 86]
81: [69, 56]
82: [35, 18]
83: [168, 147]
84: [135, 156]
85: [8, 25]
86: [48, 61]
87: [80, 89]
88: [181, 104, 109]
89: [117]
90: [120]
91: [121]
92: [120, 121, 117]
93: [113, 181]
94: [95]
95: [69]
96: [35]
97: [168]
98: [135, 156]
99: [8, 25]
100: [48, 61]
101: [80, 89]
102: [181, 104, 109]
103: [117]
104: [120]
105: [120]
106: [120, 117]
107: [113, 181]
108: [95]
109: [69]
110: [35]
111: [168]
112: [135, 156]
113: [8, 25]
114: [48, 61]
115: [80, 89]
116: [104, 181, 109]
117: [117]
118: [117]
119: [117]
120: [117]
121: [113, 181]
122: [95]
123: [69]
124: [35]
125: [168]
126: [156]
127: [25]
128: [61]
129: [89]
130: [109]
131: [109, 113, 180]
132: [109, 113, 180]
133: [109, 113, 180]
134: [109, 113, 180]
135: [113]
136: [95]
137: [69]
138: [35]
139: [168]
140: [156]
141: [25]
142: [61]
143: [89]
144: [89]
145: [89, 95]
146: [89, 95]
147: [89, 95]
148: [89, 95]
149: [95]
150: [95]
151: [69]
152: [35]
153: [168]
154: [156]
155: [25]
156: [61]
157: [61]
158: [61]
159: [61, 69]
160: [61, 69]
161: [61, 69]
162: [61, 69]
163: [69]
164: [69]
165: [69]
166: [35]
167: [168]
168: [156]
169: [25]
170: [25]
171: [25]
172: [25]
173: [25, 35]
174: [25, 35]
175: [25, 35]
176: [25, 35]
177: [35]
178: [35]
179: [35]
180: [35]
181: [168]
182: [156]
183: [156]
184: [156]
185: [156]
186: [156]
187: [156, 168]
188: [156, 168]
189: [156, 168]
190: [156, 168]
191: [168]
192: [168]
193: [168]
194: [168]
195: [168]
79
0: [136]
1: [136]
2: [136]
3: [136]
4: [136]
5: [136]
6: [136]
7: [136]
8: [147, 136]
9: [147, 136]
10: [147]
11: [147]
12: [147]
13: [147]
14: [136]
15: [9]
16: [9]
17: [9]
18: [9]
19: [9]
20: [9]
21: [9]
22: [18, 9]
23: [18, 9]
24: [18]
25: [18]
26: [18]
27: [147]
28: [136]
29: [9]
30: [49]
31: [49]
32: [49]
33: [49]
34: [49]
35: [49]
36: [56, 49]
37: [56, 49]
38: [56]
39: [56]
40: [18]
41: [147]
42: [136]
43: [9]
44: [49]
45: [81]
46: [81]
47: [81]
48: [81]
49: [81]
50: [86, 81]
51: [86, 81]
52: [86]
53: [56]
54: [18]
55: [147]
56: [136, 155]
57: [9, 24]
58: [49, 60]
59: [81, 88]
60: [100]
61: [100, 105]
62: [100, 106, 105]
63: [100, 107, 106, 105]
64: [108, 100, 107, 106, 105]
65: [100, 108, 107, 106, 105]
66: [86]
67: [56]
68: [18]
69: [147]
70: [136, 155]
71: [9, 24]
72: [49, 60]
73: [81, 88]
74: [181, 100]
75: [181, 105, 113]
76: [181, 106, 113]
77: [181, 107, 113]
78: [108, 181, 113]
79: []
80: [95, 86]
81: [69, 56]
82: [35, 18]
83: [168, 147]
84: [136, 155]
85: [9, 24]
86: [49, 60]
87: [81, 88]
88: [181, 100]
89: [105, 113]
90: [106]
91: [107]
92: [107]
93: [105, 106, 107, 113, 181, 100]
94: [95]
95: [69]
96: [35]
97: [168]
98: [136, 155]
99: [9, 24]
100: [49, 60]
101: [81, 88]
102: [181, 100]
103: [105, 113]
104: [106]
105: [106]
106: [106]
107: [105, 106, 113, 181, 100]
108: [95]
109: [69]
110: [35]
111: [168]
112: [136, 155]
113: [9, 24]
114: [49, 60]
115: [81, 88]
116: [181, 100]
117: [105, 113, 181]
118: [105, 181]
119: [105, 181]
120: [105, 181]
121: [105, 113, 181, 100]
122: [95]
123: [69]
124: [35]
125: [168]
126: [136, 155]
127: [9, 24]
128: [49, 60]
129: [81, 88]
130: [100]
131: [113, 100]
132: [113, 100]
133: [113, 100]
134: [113, 100]
135: [113, 100]
136: [95]
137: [69]
138: [35]
139: [168]
140: [155]
141: [24]
142: [60]
143: [88]
144: [88]
145: [88, 95]
146: [88, 95]
147: [88, 95]
148: [88, 95]
149: [88, 95]
150: [95]
151: [69]
152: [35]
153: [168]
154: [155]
155: [24]
156: [60]
157: [60]
158: [60]
159: [60, 69]
160: [60, 69]
161: [60, 69]
162: [60, 69]
163: [60, 69]
164: [69]
165: [69]
166: [35]
167: [168]
168: [155]
169: [24]
170: [24]
171: [24]
172: [24]
173: [24, 35]
174: [24, 35]
175: [24, 35]
176: [24, 35]
177: [24, 35]
178: [35]
179: [35]
180: [35]
181: [168]
182: [155]
183: [155]
184: [155]
185: [155]
186: [155]
187: [155, 168]
188: [155, 168]
189: [155, 168]
190: [155, 168]
191: [155, 168]
192: [168]
193: [168]
194: [168]
195: [168]
80
0: [137]
1: [137]
2: [137]
3: [137]
4: [137]
5: [137]
6: [137]
7: [137]
8: [147, 137]
9: [147, 137]
10: [147, 137]
11: [147]
12: [147]
13: [147]
14: [137]
15: [10]
16: [10]
17: [10]
18: [10]
19: [10]
20: [10]
21: [10]
22: [18, 10]
23: [18, 10]
24: [18, 10]
25: [18]
26: [18]
27: [147]
28: [137]
29: [10]
30: [50]
31: [178, 50]
32: [178, 50]
33: [178, 50]
34: [178, 50]
35: [178, 50]
36: [56, 178, 50]
37: [178, 56, 50]
38: [178, 56, 50]
39: [56]
40: [18]
41: [147]
42: [137, 154]
43: [10, 23]
44: [50, 59]
45: [75]
46: [75, 82]
47: [75, 83, 82]
48: [75, 84, 83, 82]
49: [75, 85, 84, 83, 82]
50: [75, 86, 85, 84, 83, 82]
51: [75, 86, 85, 84, 83, 82]
52: [75, 86, 85, 84, 83, 82]
53: [56]
54: [18]
55: [147]
56: [137, 154]
57: [10, 23]
58: [50, 59]
59: [75]
60: [82, 94]
61: [83, 94]
62: [84, 94]
63: [85, 94]
64: [86, 94]
65: [94]
66: [75, 86, 85, 84, 83, 82, 94]
67: [56]
68: [18]
69: [147]
70: [137, 154]
71: [10, 23]
72: [50, 59]
73: [75]
74: [82, 94]
75: [83, 95]
76: [84, 95]
77: [85, 95]
78: [86, 95]
79: [86, 95]
80: []
81: [69, 56]
82: [35, 18]
83: [168, 147]
84: [137, 154]
85: [10, 23]
86: [50, 59]
87: [75]
88: [82, 94]
89: [83, 95]
90: [84]
91: [85]
92: [85]
93: [85]
94: [82, 83, 84, 85, 94, 95, 75]
95: [69]
96: [35]
97: [168]
98: [137, 154]
99: [10, 23]
100: [50, 59]
101: [75]
102: [82, 94]
103: [83, 95]
104: [84]
105: [84]
106: [84]
107: [84]
108: [82, 83, 84, 94, 95, 75]
109: [69]
110: [35]
111: [168]
112: [137, 154]
113: [10, 23]
114: [50, 59]
115: [75]
116: [82, 94]
117: [83, 95]
118: [83]
119: [83]
120: [83]
121: [83]
122: [82, 83, 94, 95, 75]
123: [69]
124: [35]
125: [168]
126: [137, 154]
127: [10, 23]
128: [50, 59]
129: [75]
130: [82, 94]
131: [82, 95]
132: [82]
133: [82]
134: [82]
135: [82]
136: [82, 94, 95, 75]
137: [69]
138: [35]
139: [168]
140: [137, 154]
141: [10, 23]
142: [50, 59]
143: [75]
144: [94, 75]
145: [94, 95, 75]
146: [94, 95, 75]
147: [94, 95, 75]
148: [94, 95, 75]
149: [94, 95, 75]
150: [94, 95, 75]
151: [69]
152: [35]
153: [168]
154: [154]
155: [23]
156: [59]
157: [59, 178]
158: [59, 178]
159: [59, 69, 178]
160: [59, 69, 178]
161: [59, 69, 178]
162: [59, 69, 178]
163: [59, 69, 178]
164: [59, 69, 178]
165: [69]
166: [35]
167: [168]
168: [154]
169: [23]
170: [23]
171: [23]
172: [23]
173: [23, 35]
174: [23, 35]
175: [23, 35]
176: [23, 35]
177: [23, 35]
178: [23, 35]
179: [35]
180: [35]
181: [168]
182: [154]
183: [154]
184: [154]
185: [154]
186: [154]
187: [154, 168]
188: [154, 168]
189: [154, 168]
190: [154, 168]
191: [154, 168]
192: [154, 168]
193: [168]
194: [168]
195: [168]
81
0: [138]
1: [138]
2: [138]
3: [138]
4: [138]
5: [138]
6: [138]
7: [138]
8: [147, 138]
9: [147, 138]
10: [147, 138]
11: [147, 138]
12: [147]
13: [147]
14: [138]
15: [11]
16: [11]
17: [11]
18: [11]
19: [11]
20: [11]
21: [11]
22: [18, 11]
23: [18, 11]
24: [18, 11]
25: [18, 11]
26: [18]
27: [147]
28: [138, 153]
29: [11, 22]
30: [42]
31: [42, 51]
32: [42, 52, 51]
33: [42, 53, 52, 51]
34: [42, 54, 53, 52, 51]
35: [42, 55, 54, 53, 52, 51]
36: [56, 42, 55, 54, 53, 52, 51]
37: [42, 56, 55, 54, 53, 52, 51]
38: [42, 56, 55, 54, 53, 52, 51]
39: [42, 56, 55, 54, 53, 52, 51]
40: [18]
41: [147]
42: [138, 153]
43: [11, 22]
44: [179, 42]
45: [179, 51, 67]
46: [179, 52, 67]
47: [179, 53, 67]
48: [179, 54, 67]
49: [179, 55, 67]
50: [56, 179, 67]
51: [179, 67]
52: [179, 67]
53: [42, 179, 56, 55, 54, 53, 52, 67, 51]
54: [18]
55: [147]
56: [138, 153]
57: [11, 22]
58: [179, 42]
59: [51, 67]
60: [52, 68]
61: [53, 68]
62: [54, 68]
63: [55, 68]
64: [56, 68]
65: [68]
66: [68]
67: [42, 179, 56, 55, 54, 53, 52, 68, 67, 51]
68: [18]
69: [147]
70: [138, 153]
71: [11, 22]
72: [179, 42]
73: [51, 67]
74: [52, 68]
75: [53, 69]
76: [54, 69]
77: [55, 69]
78: [56, 69]
79: [56, 69]
80: [56, 69]
81: []
82: [35, 18]
83: [168, 147]
84: [138, 153]
85: [11, 22]
86: [179, 42]
87: [51, 67]
88: [52, 68]
89: [53, 69]
90: [54]
91: [55]
92: [55]
93: [55]
94: [55]
95: [67, 68, 69, 51, 52, 53, 54, 55, 179, 42]
96: [35]
97: [168]
98: [138, 153]
99: [11, 22]
100: [179, 42]
101: [51, 67]
102: [52, 68]
103: [53, 69]
104: [54]
105: [54]
106: [54]
107: [54]
108: [54]
109: [67, 68, 69, 51, 52, 53, 54, 179, 42]
110: [35]
111: [168]
112: [138, 153]
113: [11, 22]
114: [179, 42]
115: [51, 67]
116: [52, 68]
117: [53, 69]
118: [53]
119: [53]
120: [53]
121: [53]
122: [53]
123: [67, 68, 69, 51, 52, 53, 179, 42]
124: [35]
125: [168]
126: [138, 153]
127: [11, 22]
128: [179, 42]
129: [51, 67]
130: [52, 68]
131: [52, 69]
132: [52]
133: [52]
134: [52]
135: [52]
136: [52]
137: [67, 68, 69, 51, 52, 179, 42]
138: [35]
139: [168]
140: [138, 153]
141: [11, 22]
142: [179, 42]
143: [51, 67, 179]
144: [51, 68, 179]
145: [51, 69, 179]
146: [51, 179]
147: [51, 179]
148: [51, 179]
149: [51, 179]
150: [51, 179]
151: [67, 51, 68, 69, 179, 42]
152: [35]
153: [168]
154: [138, 153]
155: [11, 22]
156: [42]
157: [67, 42]
158: [67, 68, 42]
159: [67, 68, 69, 42]
160: [67, 68, 69, 42]
161: [67, 68, 69, 42]
162: [67, 68, 69, 42]
163: [67, 68, 69, 42]
164: [67, 68, 69, 42]
165: [67, 68, 69, 42]
166: [35]
167: [168]
168: [153]
169: [22]
170: [22]
171: [22]
172: [22]
173: [22, 35]
174: [22, 35]
175: [22, 35]
176: [22, 35]
177: [22, 35]
178: [22, 35]
179: [22, 35]
180: [35]
181: [168]
182: [153]
183: [153]
184: [153]
185: [153]
186: [153]
187: [153, 168]
188: [153, 168]
189: [153, 168]
190: [153, 168]
191: [153, 168]
192: [153, 168]
193: [153, 168]
194: [168]
195: [168]
82
0: [139]
1: [176, 139]
2: [176, 139]
3: [176, 139]
4: [176, 139]
5: [176, 139]
6: [176, 139]
7: [176, 139]
8: [176, 147, 139]
9: [176, 147, 139]
10: [176, 147, 139]
11: [176, 147, 139]
12: [176, 147, 139]
13: [147]
14: [139, 152]
15: [1]
16: [1, 12]
17: [1, 13, 12]
18: [1, 14, 13, 12]
19: [1, 15, 14, 13, 12]
20: [1, 16, 15, 14, 13, 12]
21: [1, 17, 16, 15, 14, 13, 12]
22: [1, 18, 17, 16, 15, 14, 13, 12]
23: [1, 18, 17, 16, 15, 14, 13, 12]
24: [1, 18, 17, 16, 15, 14, 13, 12]
25: [1, 18, 17, 16, 15, 14, 13, 12]
26: [1, 18, 17, 16, 15, 14, 13, 12]
27: [147]
28: [139, 152]
29: [1]
30: [12, 32]
31: [13, 32]
32: [14, 32]
33: [15, 32]
34: [16, 32]
35: [17, 32]
36: [18, 32]
37: [32]
38: [32]
39: [32]
40: [1, 18, 17, 16, 15, 14, 13, 32, 12]
41: [147]
42: [139, 152]
43: [1]
44: [12, 32]
45: [13, 33]
46: [14, 33]
47: [15, 33]
48: [16, 33]
49: [17, 33]
50: [18, 33]
51: [33]
52: [33]
53: [33]
54: [1, 18, 17, 16, 15, 14, 33, 13, 32, 12]
55: [147]
56: [139, 152]
57: [1]
58: [12, 32]
59: [13, 33]
60: [14, 34]
61: [15, 34]
62: [16, 34]
63: [17, 34]
64: [18, 34]
65: [34]
66: [34]
67: [34]
68: [1, 18, 17, 16, 15, 34, 14, 33, 13, 32, 12]
69: [147]
70: [139, 152]
71: [1]
72: [12, 32]
73: [13, 33]
74: [14, 34]
75: [15, 35]
76: [16, 35]
77: [17, 35]
78: [18, 35]
79: [18, 35]
80: [18, 35]
81: [18, 35]
82: []
83: [168, 147]
84: [139, 152]
85: [1]
86: [12, 32]
87: [13, 33]
88: [14, 34]
89: [15, 35]
90: [16]
91: [17]
92: [17]
93: [17]
94: [17]
95: [17]
96: [32, 33, 34, 35, 12, 13, 14, 15, 16, 17, 1]
97: [168]
98: [139, 152]
99: [1]
100: [12, 32]
101: [13, 33]
102: [14, 34]
103: [15, 35]
104: [16]
105: [16]
106: [16]
107: [16]
108: [16]
109: [16]
110: [32, 33, 34, 35, 12, 13, 14, 15, 16, 1]
111: [168]
112: [139, 152]
113: [1]
114: [12, 32]
115: [13, 33]
116: [14, 34]
117: [15, 35]
118: [15]
119: [15]
120: [15]
121: [15]
122: [15]
123: [15]
124: [32, 33, 34, 35, 12, 13, 14, 15, 1]
125: [168]
126: [139, 152]
127: [1]
128: [12, 32]
129: [13, 33]
130: [14, 34]
131: [14, 35]
132: [14]
133: [14]
134: [14]
135: [14]
136: [14]
137: [14]
138: [32, 33, 34, 35, 12, 13, 14, 1]
139: [168]
140: [139, 152]
141: [1]
142: [12, 32]
143: [13, 33]
144: [13, 34]
145: [13, 35]
146: [13]
147: [13]
148: [13]
149: [13]
150: [13]
151: [13]
152: [32, 33, 34, 35, 12, 13, 1]
153: [168]
154: [139, 152]
155: [1]
156: [12, 32]
157: [12, 33]
158: [12, 34]
159: [12, 35]
160: [12]
161: [12]
162: [12]
163: [12]
164: [12]
165: [12]
166: [32, 33, 34, 35, 12, 1]
167: [168]
168: [139, 152]
169: [1]
170: [32, 1]
171: [32, 33, 1]
172: [32, 33, 34, 1]
173: [32, 33, 34, 35, 1]
174: [32, 33, 34, 35, 1]
175: [32, 33, 34, 35, 1]
176: [32, 33, 34, 35, 1]
177: [32, 33, 34, 35, 1]
178: [32, 33, 34, 35, 1]
179: [32, 33, 34, 35, 1]
180: [32, 33, 34, 35, 1]
181: [168]
182: [152]
183: [152, 176]
184: [152, 176]
185: [152, 176]
186: [152, 176]
187: [152, 168, 176]
188: [152, 168, 176]
189: [152, 168, 176]
190: [152, 168, 176]
191: [152, 168, 176]
192: [152, 168, 176]
193: [152, 168, 176]
194: [152, 168, 176]
195: [168]
83
0: [127]
1: [127, 140]
2: [127, 141, 140]
3: [127, 142, 141, 140]
4: [127, 143, 142, 141, 140]
5: [127, 144, 143, 142, 141, 140]
6: [127, 145, 144, 143, 142, 141, 140]
7: [127, 146, 145, 144, 143, 142, 141, 140]
8: [147, 127, 146, 145, 144, 143, 142, 141, 140]
9: [127, 147, 146, 145, 144, 143, 142, 141, 140]
10: [127, 147, 146, 145, 144, 143, 142, 141, 140]
11: [127, 147, 146, 145, 144, 143, 142, 141, 140]
12: [127, 147, 146, 145, 144, 143, 142, 141, 140]
13: [127, 147, 146, 145, 144, 143, 142, 141, 140]
14: [177, 127]
15: [177, 140, 164]
16: [177, 141, 164]
17: [177, 142, 164]
18: [177, 143, 164]
19: [177, 144, 164]
20: [177, 145, 164]
21: [177, 146, 164]
22: [177, 147, 164]
23: [177, 164]
24: [177, 164]
25: [177, 164]
26: [177, 164]
27: [177, 127, 147, 146, 145, 144, 143, 142, 141, 164, 140]
28: [177, 127]
29: [140, 164]
30: [141, 165]
31: [142, 165]
32: [143, 165]
33: [144, 165]
34: [145, 165]
35: [146, 165]
36: [147, 165]
37: [165]
38: [165]
39: [165]
40: [165]
41: [177, 127, 147, 146, 145, 144, 143, 142, 141, 165, 164, 140]
42: [177, 127]
43: [140, 164]
44: [141, 165]
45: [142, 166]
46: [143, 166]
47: [144, 166]
48: [145, 166]
49: [146, 166]
50: [147, 166]
51: [166]
52: [166]
53: [166]
54: [166]
55: [177, 127, 147, 146, 145, 144, 143, 166, 142, 141, 165, 164, 140]
56: [177, 127]
57: [140, 164]
58: [141, 165]
59: [142, 166]
60: [143, 167]
61: [144, 167]
62: [145, 167]
63: [146, 167]
64: [147, 167]
65: [167]
66: [167]
67: [167]
68: [167]
69: [177, 127, 147, 146, 145, 144, 167, 143, 166, 142, 141, 165, 164, 140]
70: [177, 127]
71: [140, 164]
72: [141, 165]
73: [142, 166]
74: [143, 167]
75: [144, 168]
76: [145, 168]
77: [146, 168]
78: [147, 168]
79: [147, 168]
80: [147, 168]
81: [147, 168]
82: [147, 168]
83: []
84: [177, 127]
85: [140, 164]
86: [141, 165]
87: [142, 166]
88: [143, 167]
89: [144, 168]
90: [145]
91: [146]
92: [146]
93: [146]
94: [146]
95: [146]
96: [146]
97: [164, 165, 166, 167, 168, 140, 141, 142, 143, 144, 145, 146, 177, 127]
98: [177, 127]
99: [140, 164]
100: [141, 165]
101: [142, 166]
102: [143, 167]
103: [144, 168]
104: [145]
105: [145]
106: [145]
107: [145]
108: [145]
109: [145]
110: [145]
111: [164, 165, 166, 167, 168, 140, 141, 142, 143, 144, 145, 177, 127]
112: [177, 127]
113: [140, 164]
114: [141, 165]
115: [142, 166]
116: [143, 167]
117: [144, 168]
118: [144]
119: [144]
120: [144]
121: [144]
122: [144]
123: [144]
124: [144]
125: [164, 165, 166, 167, 168, 140, 141, 142, 143, 144, 177, 127]
126: [177, 127]
127: [140, 164]
128: [141, 165]
129: [142, 166]
130: [143, 167]
131: [143, 168]
132: [143]
133: [143]
134: [143]
135: [143]
136: [143]
137: [143]
138: [143]
139: [164, 165, 166, 167, 168, 140, 141, 142, 143, 177, 127]
140: [177, 127]
141: [140, 164]
142: [141, 165]
143: [142, 166]
144: [142, 167]
145: [142, 168]
146: [142]
147: [142]
148: [142]
149: [142]
150: [142]
151: [142]
152: [142]
153: [164, 165, 166, 167, 168, 140, 141, 142, 177, 127]
154: [177, 127]
155: [140, 164]
156: [141, 165]
157: [141, 166]
158: [141, 167]
159: [141, 168]
160: [141]
161: [141]
162: [141]
163: [141]
164: [141]
165: [141]
166: [141]
167: [164, 165, 166, 167, 168, 140, 141, 177, 127]
168: [177, 127]
169: [140, 164, 177]
170: [140, 165, 177]
171: [140, 166, 177]
172: [140, 167, 177]
173: [140, 168, 177]
174: [140, 177]
175: [140, 177]
176: [140, 177]
177: [140, 177]
178: [140, 177]
179: [140, 177]
180: [140, 177]
181: [164, 165, 166, 167, 168, 140, 177, 127]
182: [127]
183: [164, 127]
184: [164, 165, 127]
185: [164, 165, 166, 127]
186: [164, 165, 166, 167, 127]
187: [164, 165, 166, 167, 168, 127]
188: [164, 165, 166, 167, 168, 127]
189: [164, 165, 166, 167, 168, 127]
190: [164, 165, 166, 167, 168, 127]
191: [164, 165, 166, 167, 168, 127]
192: [164, 165, 166, 167, 168, 127]
193: [164, 165, 166, 167, 168, 127]
194: [164, 165, 166, 167, 168, 127]
195: [164, 165, 166, 167, 168, 127]
84
0: [133, 134, 135, 136, 137, 138, 139, 127]
1: [133, 134, 135, 136, 137, 138, 139, 127]
2: [133, 134, 135, 136, 137, 138, 139, 127]
3: [133, 134, 135, 136, 137, 138, 139, 127]
4: [133, 134, 135, 136, 137, 138, 139, 127]
5: [133, 134, 135, 136, 137, 138, 139, 127]
6: [133, 134, 135, 136, 137, 138, 139, 127]
7: [134, 135, 136, 137, 138, 139, 127]
8: [135, 136, 137, 138, 139, 127]
9: [136, 137, 138, 139, 127]
10: [137, 138, 139, 127]
11: [138, 139, 127]
12: [139, 127]
13: [127]
14: [133, 134, 135, 136, 137, 138, 139, 152, 177, 127]
15: [152, 177]
16: [152, 177]
17: [152, 177]
18: [152, 177]
19: [152, 177]
20: [152, 133, 177]
21: [152, 134, 177]
22: [152, 135, 177]
23: [152, 136, 177]
24: [152, 137, 177]
25: [152, 138, 177]
26: [152, 139, 177]
27: [177, 127]
28: [133, 134, 135, 136, 137, 138, 139, 152, 153, 177, 127]
29: [153]
30: [153]
31: [153]
32: [153]
33: [153]
34: [153, 133]
35: [153, 134]
36: [153, 135]
37: [153, 136]
38: [153, 137]
39: [153, 138]
40: [152, 139]
41: [177, 127]
42: [133, 134, 135, 136, 137, 138, 139, 152, 153, 154, 177, 127]
43: [154]
44: [154]
45: [154]
46: [154]
47: [154]
48: [154, 133]
49: [154, 134]
50: [154, 135]
51: [154, 136]
52: [154, 137]
53: [153, 138]
54: [152, 139]
55: [177, 127]
56: [133, 134, 135, 136, 137, 138, 139, 152, 153, 154, 155, 177, 127]
57: [155]
58: [155]
59: [155]
60: [155]
61: [155]
62: [155, 133]
63: [155, 134]
64: [155, 135]
65: [155, 136]
66: [154, 137]
67: [153, 138]
68: [152, 139]
69: [177, 127]
70: [133, 134, 135, 136, 137, 138, 139, 152, 153, 154, 155, 156, 177, 127]
71: [156]
72: [156]
73: [156]
74: [156]
75: [156]
76: [156, 133]
77: [156, 134]
78: [156, 135]
79: [155, 136]
80: [154, 137]
81: [153, 138]
82: [152, 139]
83: [177, 127]
84: []
85: [157, 133]
86: [157, 133]
87: [157, 133]
88: [157, 133]
89: [157, 133]
90: [157, 133]
91: [157, 134]
92: [156, 135]
93: [155, 136]
94: [154, 137]
95: [153, 138]
96: [152, 139]
97: [177, 127]
98: [177, 127, 157, 134, 156, 135, 136, 155, 137, 154, 153, 138, 152, 139]
99: [134]
100: [134]
101: [134]
102: [134]
103: [134]
104: [134]
105: [157, 134]
106: [156, 135]
107: [155, 136]
108: [154, 137]
109: [153, 138]
110: [152, 139]
111: [177, 127]
112: [177, 127, 157, 156, 135, 136, 155, 137, 154, 153, 138, 152, 139]
113: [135]
114: [135]
115: [135]
116: [135]
117: [135]
118: [135]
119: [157, 135]
120: [156, 135]
121: [155, 136]
122: [154, 137]
123: [153, 138]
124: [152, 139]
125: [177, 127]
126: [177, 127, 157, 156, 136, 155, 137, 154, 153, 138, 152, 139]
127: [136]
128: [136]
129: [136]
130: [136]
131: [136]
132: [136]
133: [157, 136]
134: [156, 136]
135: [155, 136]
136: [154, 137]
137: [153, 138]
138: [152, 139]
139: [177, 127]
140: [177, 127, 157, 156, 155, 137, 154, 153, 138, 152, 139]
141: [137]
142: [137]
143: [137]
144: [137]
145: [137]
146: [137]
147: [157, 137]
148: [156, 137]
149: [155, 137]
150: [154, 137]
151: [153, 138]
152: [152, 139]
153: [177, 127]
154: [177, 127, 157, 156, 155, 154, 153, 138, 152, 139]
155: [138]
156: [138]
157: [138]
158: [138]
159: [138]
160: [138]
161: [157, 138]
162: [156, 138]
163: [155, 138]
164: [154, 138]
165: [153, 138]
166: [152, 139]
167: [177, 127]
168: [177, 127, 157, 156, 155, 154, 153, 152, 139]
169: [177, 139]
170: [177, 139]
171: [177, 139]
172: [177, 139]
173: [177, 139]
174: [177, 139]
175: [177, 157, 139]
176: [177, 156, 139]
177: [177, 155, 139]
178: [177, 154, 139]
179: [177, 153, 139]
180: [177, 152, 139]
181: [177, 127]
182: [127, 157, 156, 155, 154, 153, 152]
183: [127, 157, 156, 155, 154, 153, 152]
184: [127, 157, 156, 155, 154, 153, 152]
185: [127, 157, 156, 155, 154, 153, 152]
186: [127, 157, 156, 155, 154, 153, 152]
187: [127, 157, 156, 155, 154, 153, 152]
188: [127, 157, 156, 155, 154, 153, 152]
189: [157, 127, 156, 155, 154, 153, 152]
190: [127, 156, 155, 154, 153, 152]
191: [127, 155, 154, 153, 152]
192: [127, 154, 153, 152]
193: [127, 153, 152]
194: [127, 152]
195: [127]
85
0: [133]
1: [140, 133, 176]
2: [140, 133, 176]
3: [140, 133, 176]
4: [140, 133, 176]
5: [140, 133, 176]
6: [140, 133, 176]
7: [140, 176]
8: [140, 176]
9: [140, 176]
10: [140, 176]
11: [140, 176]
12: [140, 176]
13: [140]
14: [133]
15: [6, 7, 8, 9, 10, 11, 1]
16: [6, 7, 8, 9, 10, 11, 1]
17: [6, 7, 8, 9, 10, 11, 1]
18: [6, 7, 8, 9, 10, 11, 1]
19: [6, 7, 8, 9, 10, 11, 1]
20: [6, 7, 8, 9, 10, 11, 1]
21: [7, 8, 9, 10, 11, 1]
22: [8, 9, 10, 11, 1]
23: [9, 10, 11, 1]
24: [10, 11, 1]
25: [11, 1]
26: [1]
27: [164, 140]
28: [133]
29: [6, 7, 8, 9, 10, 11, 22, 1]
30: [22]
31: [22]
32: [22]
33: [22]
34: [22, 6]
35: [22, 7]
36: [22, 8]
37: [22, 9]
38: [22, 10]
39: [22, 11]
40: [1]
41: [164, 140]
42: [133]
43: [6, 7, 8, 9, 10, 11, 22, 23, 1]
44: [23]
45: [23]
46: [23]
47: [23]
48: [23, 6]
49: [23, 7]
50: [23, 8]
51: [23, 9]
52: [23, 10]
53: [22, 11]
54: [1]
55: [164, 140]
56: [133]
57: [6, 7, 8, 9, 10, 11, 22, 23, 24, 1]
58: [24]
59: [24]
60: [24]
61: [24]
62: [24, 6]
63: [24, 7]
64: [24, 8]
65: [24, 9]
66: [23, 10]
67: [22, 11]
68: [1]
69: [164, 140]
70: [133]
71: [6, 7, 8, 9, 10, 11, 22, 23, 24, 25, 1]
72: [25]
73: [25]
74: [25]
75: [25]
76: [25, 6]
77: [25, 7]
78: [25, 8]
79: [24, 9]
80: [23, 10]
81: [22, 11]
82: [1]
83: [164, 140]
84: [133, 157]
85: []
86: [26, 6]
87: [26, 6]
88: [26, 6]
89: [26, 6]
90: [26, 6]
91: [26, 7]
92: [25, 8]
93: [24, 9]
94: [23, 10]
95: [22, 11]
96: [1]
97: [164, 140]
98: [157]
99: [1, 26, 7, 8, 25, 24, 9, 10, 23, 11, 22]
100: [7]
101: [7]
102: [7]
103: [7]
104: [7]
105: [26, 7]
106: [25, 8]
107: [24, 9]
108: [23, 10]
109: [22, 11]
110: [1]
111: [164, 140]
112: [157]
113: [1, 26, 8, 25, 24, 9, 10, 23, 11, 22]
114: [8]
115: [8]
116: [8]
117: [8]
118: [8]
119: [26, 8]
120: [25, 8]
121: [24, 9]
122: [23, 10]
123: [22, 11]
124: [1]
125: [164, 140]
126: [157]
127: [1, 26, 25, 24, 9, 10, 23, 11, 22]
128: [9]
129: [9]
130: [9]
131: [9]
132: [9]
133: [26, 9]
134: [25, 9]
135: [24, 9]
136: [23, 10]
137: [22, 11]
138: [1]
139: [164, 140]
140: [157]
141: [1, 26, 25, 24, 10, 23, 11, 22]
142: [10]
143: [10]
144: [10]
145: [10]
146: [10]
147: [26, 10]
148: [25, 10]
149: [24, 10]
150: [23, 10]
151: [22, 11]
152: [1]
153: [164, 140]
154: [157]
155: [1, 26, 25, 24, 23, 11, 22]
156: [11]
157: [11]
158: [11]
159: [11]
160: [11]
161: [26, 11]
162: [25, 11]
163: [24, 11]
164: [23, 11]
165: [22, 11]
166: [1]
167: [164, 140]
168: [157]
169: [1, 26, 25, 24, 23, 22]
170: [1, 26, 25, 24, 23, 22]
171: [1, 26, 25, 24, 23, 22]
172: [1, 26, 25, 24, 23, 22]
173: [1, 26, 25, 24, 23, 22]
174: [1, 26, 25, 24, 23, 22]
175: [1, 26, 25, 24, 23, 22]
176: [1, 25, 24, 23, 22]
177: [1, 24, 23, 22]
178: [1, 23, 22]
179: [1, 22]
180: [1]
181: [164, 140]
182: [157]
183: [176, 157, 164]
184: [176, 157, 164]
185: [176, 157, 164]
186: [176, 157, 164]
187: [176, 157, 164]
188: [176, 157, 164]
189: [176, 157, 164]
190: [176, 164]
191: [176, 164]
192: [176, 164]
193: [176, 164]
194: [176, 164]
195: [164]
86
0: [133]
1: [133]
2: [141, 133]
3: [141, 133]
4: [141, 133]
5: [141, 133]
6: [141, 133]
7: [141]
8: [141]
9: [141]
10: [141]
11: [141]
12: [141]
13: [141]
14: [133]
15: [6]
16: [12, 6]
17: [12, 6]
18: [12, 6]
19: [12, 6]
20: [12, 6]
21: [12]
22: [12]
23: [12]
24: [12]
25: [12]
26: [12]
27: [141]
28: [133]
29: [6]
30: [46, 47, 48, 49, 50, 42]
31: [46, 47, 48, 49, 50, 42]
32: [46, 47, 48, 49, 50, 42]
33: [46, 47, 48, 49, 50, 42]
34: [46, 47, 48, 49, 50, 42]
35: [48, 49, 50, 47, 42]
36: [48, 49, 50, 42]
37: [49, 50, 42]
38: [50, 42]
39: [42]
40: [32, 12]
41: [165, 141]
42: [133]
43: [6]
44: [46, 47, 48, 49, 50, 59, 179, 42]
45: [59, 179]
46: [59, 179]
47: [59, 179]
48: [59, 46, 179]
49: [59, 47, 179]
50: [59, 48, 179]
51: [59, 49, 179]
52: [59, 50, 179]
53: [179, 42]
54: [32, 12]
55: [165, 141]
56: [133]
57: [6]
58: [46, 47, 48, 49, 50, 59, 60, 179, 42]
59: [60]
60: [60]
61: [60]
62: [60, 46]
63: [60, 47]
64: [60, 48]
65: [60, 49]
66: [59, 50]
67: [179, 42]
68: [32, 12]
69: [165, 141]
70: [133]
71: [6]
72: [46, 47, 48, 49, 50, 59, 60, 61, 179, 42]
73: [61]
74: [61]
75: [61]
76: [61, 46]
77: [61, 47]
78: [61, 48]
79: [60, 49]
80: [59, 50]
81: [179, 42]
82: [32, 12]
83: [165, 141]
84: [133, 157]
85: [6, 26]
86: []
87: [62, 46]
88: [62, 46]
89: [62, 46]
90: [62, 46]
91: [62, 47]
92: [61, 48]
93: [60, 49]
94: [59, 50]
95: [179, 42]
96: [32, 12]
97: [165, 141]
98: [157]
99: [26]
100: [42, 179, 62, 47, 48, 61, 49, 60, 50, 59]
101: [47]
102: [47]
103: [47]
104: [47]
105: [62, 47]
106: [61, 48]
107: [60, 49]
108: [59, 50]
109: [179, 42]
110: [32, 12]
111: [165, 141]
112: [157]
113: [26]
114: [42, 179, 62, 48, 61, 49, 60, 50, 59]
115: [48]
116: [48]
117: [48]
118: [48]
119: [62, 48]
120: [61, 48]
121: [60, 49]
122: [59, 50]
123: [179, 42]
124: [32, 12]
125: [165, 141]
126: [157]
127: [26]
128: [42, 179, 62, 61, 49, 60, 50, 59]
129: [49]
130: [49]
131: [49]
132: [49]
133: [62, 49]
134: [61, 49]
135: [60, 49]
136: [59, 50]
137: [179, 42]
138: [32, 12]
139: [165, 141]
140: [157]
141: [26]
142: [42, 179, 62, 61, 60, 50, 59]
143: [179, 50]
144: [179, 50]
145: [179, 50]
146: [179, 50]
147: [179, 62, 50]
148: [179, 61, 50]
149: [179, 60, 50]
150: [179, 59, 50]
151: [179, 42]
152: [32, 12]
153: [165, 141]
154: [157]
155: [26]
156: [42, 62, 61, 60, 59]
157: [42, 62, 61, 60, 59]
158: [42, 62, 61, 60, 59]
159: [42, 62, 61, 60, 59]
160: [42, 62, 61, 60, 59]
161: [42, 62, 61, 60, 59]
162: [42, 61, 60, 59]
163: [42, 60, 59]
164: [42, 59]
165: [42]
166: [32, 12]
167: [165, 141]
168: [157]
169: [26]
170: [26, 32]
171: [26, 32]
172: [26, 32]
173: [26, 32]
174: [26, 32]
175: [26, 32]
176: [32]
177: [32]
178: [32]
179: [32]
180: [32]
181: [165]
182: [157]
183: [157]
184: [157, 165]
185: [157, 165]
186: [157, 165]
187: [157, 165]
188: [157, 165]
189: [157, 165]
190: [165]
191: [165]
192: [165]
193: [165]
194: [165]
195: [165]
87
0: [133]
1: [133]
2: [133]
3: [142, 133]
4: [142, 133]
5: [142, 133]
6: [142, 133]
7: [142]
8: [142]
9: [142]
10: [142]
11: [142]
12: [142]
13: [142]
14: [133]
15: [6]
16: [6]
17: [13, 6]
18: [13, 6]
19: [13, 6]
20: [13, 6]
21: [13]
22: [13]
23: [13]
24: [13]
25: [13]
26: [13]
27: [142]
28: [133]
29: [6]
30: [46]
31: [51, 46, 178]
32: [51, 46, 178]
33: [51, 46, 178]
34: [51, 46, 178]
35: [51, 178]
36: [51, 178]
37: [51, 178]
38: [51, 178]
39: [51]
40: [13]
41: [142]
42: [133]
43: [6]
44: [46]
45: [80, 81, 78, 79, 75]
46: [80, 81, 78, 79, 75]
47: [80, 81, 78, 79, 75]
48: [80, 81, 78, 79, 75]
49: [80, 81, 79, 75]
50: [80, 81, 75]
51: [81, 75]
52: [75]
53: [67, 51]
54: [33, 13]
55: [166, 142]
56: [133]
57: [6]
58: [46]
59: [78, 79, 80, 81, 88, 75]
60: [88]
61: [88]
62: [88, 78]
63: [88, 79]
64: [88, 80]
65: [88, 81]
66: [75]
67: [67, 51]
68: [33, 13]
69: [166, 142]
70: [133]
71: [6]
72: [46]
73: [78, 79, 80, 81, 88, 89, 75]
74: [89]
75: [89]
76: [89, 78]
77: [89, 79]
78: [89, 80]
79: [88, 81]
80: [75]
81: [67, 51]
82: [33, 13]
83: [166, 142]
84: [133, 157]
85: [6, 26]
86: [46, 62]
87: []
88: [90, 78]
89: [90, 78]
90: [90, 78]
91: [90, 79]
92: [89, 80]
93: [88, 81]
94: [75]
95: [67, 51]
96: [33, 13]
97: [166, 142]
98: [157]
99: [26]
100: [62]
101: [75, 90, 79, 80, 89, 88, 81]
102: [79]
103: [79]
104: [79]
105: [90, 79]
106: [89, 80]
107: [88, 81]
108: [75]
109: [67, 51]
110: [33, 13]
111: [166, 142]
112: [157]
113: [26]
114: [62]
115: [75, 90, 80, 89, 88, 81]
116: [80]
117: [80]
118: [80]
119: [90, 80]
120: [89, 80]
121: [88, 81]
122: [75]
123: [67, 51]
124: [33, 13]
125: [166, 142]
126: [157]
127: [26]
128: [62]
129: [75, 90, 89, 88, 81]
130: [81]
131: [81]
132: [81]
133: [90, 81]
134: [89, 81]
135: [88, 81]
136: [75]
137: [67, 51]
138: [33, 13]
139: [166, 142]
140: [157]
141: [26]
142: [62]
143: [75, 90, 89, 88]
144: [75, 90, 89, 88]
145: [75, 90, 89, 88]
146: [75, 90, 89, 88]
147: [90, 75, 89, 88]
148: [75, 89, 88]
149: [75, 88]
150: [75]
151: [67, 51]
152: [33, 13]
153: [166, 142]
154: [157]
155: [26]
156: [62]
157: [178, 62, 67]
158: [178, 62, 67]
159: [178, 62, 67]
160: [178, 62, 67]
161: [178, 62, 67]
162: [178, 67]
163: [178, 67]
164: [178, 67]
165: [67]
166: [33]
167: [166]
168: [157]
169: [26]
170: [26]
171: [26, 33]
172: [26, 33]
173: [26, 33]
174: [26, 33]
175: [26, 33]
176: [33]
177: [33]
178: [33]
179: [33]
180: [33]
181: [166]
182: [157]
183: [157]
184: [157]
185: [157, 166]
186: [157, 166]
187: [157, 166]
188: [157, 166]
189: [157, 166]
190: [166]
191: [166]
192: [166]
193: [166]
194: [166]
195: [166]
88
0: [133]
1: [133]
2: [133]
3: [133]
4: [143, 133]
5: [143, 133]
6: [143, 133]
7: [143]
8: [143]
9: [143]
10: [143]
11: [143]
12: [143]
13: [143]
14: [133]
15: [6]
16: [6]
17: [6]
18: [14, 6]
19: [14, 6]
20: [14, 6]
21: [14]
22: [14]
23: [14]
24: [14]
25: [14]
26: [14]
27: [143]
28: [133]
29: [6]
30: [46]
31: [46]
32: [52, 46]
33: [52, 46]
34: [52, 46]
35: [52]
36: [52]
37: [52]
38: [52]
39: [52]
40: [14]
41: [143]
42: [133]
43: [6]
44: [46]
45: [78]
46: [82, 78]
47: [82, 78]
48: [82, 78]
49: [82]
50: [82]
51: [82]
52: [82]
53: [52]
54: [14]
55: [143]
56: [133]
57: [6]
58: [46]
59: [78]
60: [104, 102, 103, 100]
61: [104, 102, 103, 100]
62: [104, 102, 103, 100]
63: [104, 103, 100]
64: [104, 100]
65: [100]
66: [94, 82]
67: [68, 52]
68: [34, 14]
69: [167, 143]
70: [133]
71: [6]
72: [46]
73: [78]
74: [104, 109, 102, 103, 181, 100]
75: [109, 181]
76: [109, 102, 181]
77: [109, 103, 181]
78: [109, 104, 181]
79: [181, 100]
80: [94, 82]
81: [68, 52]
82: [34, 14]
83: [167, 143]
84: [133, 157]
85: [6, 26]
86: [46, 62]
87: [78, 90]
88: []
89: [110, 102]
90: [110, 102]
91: [110, 103]
92: [109, 104]
93: [181, 100]
94: [94, 82]
95: [68, 52]
96: [34, 14]
97: [167, 143]
98: [157]
99: [26]
100: [62]
101: [90]
102: [100, 181, 110, 103, 104, 109]
103: [103]
104: [103]
105: [110, 103]
106: [109, 104]
107: [181, 100]
108: [94, 82]
109: [68, 52]
110: [34, 14]
111: [167, 143]
112: [157]
113: [26]
114: [62]
115: [90]
116: [100, 181, 110, 104, 109]
117: [181, 104]
118: [181, 104]
119: [181, 110, 104]
120: [181, 109, 104]
121: [181, 100]
122: [94, 82]
123: [68, 52]
124: [34, 14]
125: [167, 143]
126: [157]
127: [26]
128: [62]
129: [90]
130: [100, 110, 109]
131: [100, 110, 109]
132: [100, 110, 109]
133: [100, 110, 109]
134: [100, 109]
135: [100]
136: [94, 82]
137: [68, 52]
138: [34, 14]
139: [167, 143]
140: [157]
141: [26]
142: [62]
143: [90]
144: [90, 94]
145: [90, 94]
146: [90, 94]
147: [90, 94]
148: [94]
149: [94]
150: [94]
151: [68]
152: [34]
153: [167]
154: [157]
155: [26]
156: [62]
157: [62]
158: [62, 68]
159: [62, 68]
160: [62, 68]
161: [62, 68]
162: [68]
163: [68]
164: [68]
165: [68]
166: [34]
167: [167]
168: [157]
169: [26]
170: [26]
171: [26]
172: [26, 34]
173: [26, 34]
174: [26, 34]
175: [26, 34]
176: [34]
177: [34]
178: [34]
179: [34]
180: [34]
181: [167]
182: [157]
183: [157]
184: [157]
185: [157]
186: [157, 167]
187: [157, 167]
188: [157, 167]
189: [157, 167]
190: [167]
191: [167]
192: [167]
193: [167]
194: [167]
195: [167]
89
0: [133]
1: [133]
2: [133]
3: [133]
4: [133]
5: [144, 133]
6: [144, 133]
7: [144]
8: [144]
9: [144]
10: [144]
11: [144]
12: [144]
13: [144]
14: [133]
15: [6]
16: [6]
17: [6]
18: [6]
19: [15, 6]
20: [15, 6]
21: [15]
22: [15]
23: [15]
24: [15]
25: [15]
26: [15]
27: [144]
28: [133]
29: [6]
30: [46]
31: [46]
32: [46]
33: [53, 46]
34: [53, 46]
35: [53]
36: [53]
37: [53]
38: [53]
39: [53]
40: [15]
41: [144]
42: [133]
43: [6]
44: [46]
45: [78]
46: [78]
47: [83, 78]
48: [83, 78]
49: [83]
50: [83]
51: [83]
52: [83]
53: [53]
54: [15]
55: [144]
56: [133]
57: [6]
58: [46]
59: [78]
60: [102]
61: [105, 102, 180]
62: [105, 102, 180]
63: [105, 180]
64: [105, 180]
65: [105]
66: [83]
67: [53]
68: [15]
69: [144]
70: [133]
71: [6]
72: [46]
73: [78]
74: [102]
75: [118, 119, 117]
76: [118, 119, 117]
77: [119, 117]
78: [117]
79: [113, 105]
80: [95, 83]
81: [69, 53]
82: [35, 15]
83: [168, 144]
84: [133, 157]
85: [6, 26]
86: [46, 62]
87: [78, 90]
88: [102, 110]
89: []
90: [122, 118]
91: [122, 119]
92: [117]
93: [113, 105]
94: [95, 83]
95: [69, 53]
96: [35, 15]
97: [168, 144]
98: [157]
99: [26]
100: [62]
101: [90]
102: [110]
103: [117, 122, 119]
104: [119]
105: [122, 119]
106: [117]
107: [113, 105]
108: [95, 83]
109: [69, 53]
110: [35, 15]
111: [168, 144]
112: [157]
113: [26]
114: [62]
115: [90]
116: [110]
117: [117, 122]
118: [117, 122]
119: [122, 117]
120: [117]
121: [113, 105]
122: [95, 83]
123: [69, 53]
124: [35, 15]
125: [168, 144]
126: [157]
127: [26]
128: [62]
129: [90]
130: [110]
131: [180, 110, 113]
132: [180, 110, 113]
133: [180, 110, 113]
134: [180, 113]
135: [113]
136: [95]
137: [69]
138: [35]
139: [168]
140: [157]
141: [26]
142: [62]
143: [90]
144: [90]
145: [90, 95]
146: [90, 95]
147: [90, 95]
148: [95]
149: [95]
150: [95]
151: [69]
152: [35]
153: [168]
154: [157]
155: [26]
156: [62]
157: [62]
158: [62]
159: [62, 69]
160: [62, 69]
161: [62, 69]
162: [69]
163: [69]
164: [69]
165: [69]
166: [35]
167: [168]
168: [157]
169: [26]
170: [26]
171: [26]
172: [26]
173: [26, 35]
174: [26, 35]
175: [26, 35]
176: [35]
177: [35]
178: [35]
179: [35]
180: [35]
181: [168]
182: [157]
183: [157]
184: [157]
185: [157]
186: [157]
187: [157, 168]
188: [157, 168]
189: [157, 168]
190: [168]
191: [168]
192: [168]
193: [168]
194: [168]
195: [168]
90
0: [133]
1: [133]
2: [133]
3: [133]
4: [133]
5: [133]
6: [145, 133]
7: [145]
8: [145]
9: [145]
10: [145]
11: [145]
12: [145]
13: [145]
14: [133]
15: [6]
16: [6]
17: [6]
18: [6]
19: [6]
20: [16, 6]
21: [16]
22: [16]
23: [16]
24: [16]
25: [16]
26: [16]
27: [145]
28: [133]
29: [6]
30: [46]
31: [46]
32: [46]
33: [46]
34: [54, 46]
35: [54]
36: [54]
37: [54]
38: [54]
39: [54]
40: [16]
41: [145]
42: [133]
43: [6]
44: [46]
45: [78]
46: [78]
47: [78]
48: [84, 78]
49: [84]
50: [84]
51: [84]
52: [84]
53: [54]
54: [16]
55: [145]
56: [133]
57: [6]
58: [46]
59: [78]
60: [102]
61: [102]
62: [106, 102]
63: [106]
64: [106]
65: [106]
66: [84]
67: [54]
68: [16]
69: [145]
70: [133]
71: [6]
72: [46]
73: [78]
74: [102]
75: [118]
76: [120, 118]
77: [120]
78: [120]
79: [106]
80: [84]
81: [54]
82: [16]
83: [145]
84: [133, 157]
85: [6, 26]
86: [46, 62]
87: [78, 90]
88: [102, 110]
89: [118, 122]
90: []
91: [126]
92: [124, 120]
93: [114, 106]
94: [96, 84]
95: [70, 54]
96: [36, 16]
97: [169, 145]
98: [157]
99: [26]
100: [62]
101: [90]
102: [110]
103: [122]
104: [126]
105: [126]
106: [124, 120]
107: [114, 106]
108: [96, 84]
109: [70, 54]
110: [36, 16]
111: [169, 145]
112: [157]
113: [26]
114: [62]
115: [90]
116: [110]
117: [122]
118: [122, 124]
119: [122, 124]
120: [124]
121: [114]
122: [96]
123: [70]
124: [36]
125: [169]
126: [157]
127: [26]
128: [62]
129: [90]
130: [110]
131: [110]
132: [110, 114]
133: [110, 114]
134: [114]
135: [114]
136: [96]
137: [70]
138: [36]
139: [169]
140: [157]
141: [26]
142: [62]
143: [90]
144: [90]
145: [90]
146: [90, 96]
147: [90, 96]
148: [96]
149: [96]
150: [96]
151: [70]
152: [36]
153: [169]
154: [157]
155: [26]
156: [62]
157: [62]
158: [62]
159: [62]
160: [62, 70]
161: [62, 70]
162: [70]
163: [70]
164: [70]
165: [70]
166: [36]
167: [169]
168: [157]
169: [26]
170: [26]
171: [26]
172: [26]
173: [26]
174: [26, 36]
175: [26, 36]
176: [36]
177: [36]
178: [36]
179: [36]
180: [36]
181: [169]
182: [157]
183: [157]
184: [157]
185: [157]
186: [157]
187: [157]
188: [157, 169]
189: [157, 169]
190: [169]
191: [169]
192: [169]
193: [169]
194: [169]
195: [169]
91
0: [134]
1: [134]
2: [134]
3: [134]
4: [134]
5: [134]
6: [134]
7: [146, 134]
8: [146]
9: [146]
10: [146]
11: [146]
12: [146]
13: [146]
14: [134]
15: [7]
16: [7]
17: [7]
18: [7]
19: [7]
20: [7]
21: [17, 7]
22: [17]
23: [17]
24: [17]
25: [17]
26: [17]
27: [146]
28: [134]
29: [7]
30: [47]
31: [47]
32: [47]
33: [47]
34: [47]
35: [55, 47]
36: [55]
37: [55]
38: [55]
39: [55]
40: [17]
41: [146]
42: [134]
43: [7]
44: [47]
45: [79]
46: [79]
47: [79]
48: [79]
49: [85, 79]
50: [85]
51: [85]
52: [85]
53: [55]
54: [17]
55: [146]
56: [134]
57: [7]
58: [47]
59: [79]
60: [103]
61: [103]
62: [103]
63: [107, 103]
64: [107]
65: [107]
66: [85]
67: [55]
68: [17]
69: [146]
70: [134]
71: [7]
72: [47]
73: [79]
74: [103]
75: [119]
76: [119]
77: [121, 119]
78: [121]
79: [107]
80: [85]
81: [55]
82: [17]
83: [146]
84: [134, 157]
85: [7, 26]
86: [47, 62]
87: [79, 90]
88: [103, 110]
89: [119, 122]
90: [126]
91: []
92: [124, 121]
93: [114, 107]
94: [96, 85]
95: [70, 55]
96: [36, 17]
97: [169, 146]
98: [134, 157]
99: [7, 26]
100: [47, 62]
101: [79, 90]
102: [103, 110]
103: [119, 122]
104: [126]
105: [126]
106: [124]
107: [114]
108: [96]
109: [70]
110: [36]
111: [169]
112: [157]
113: [26]
114: [62]
115: [90]
116: [110]
117: [122]
118: [122, 124]
119: [122, 124]
120: [124]
121: [114]
122: [96]
123: [70]
124: [36]
125: [169]
126: [157]
127: [26]
128: [62]
129: [90]
130: [110]
131: [110]
132: [110, 114]
133: [110, 114]
134: [114]
135: [114]
136: [96]
137: [70]
138: [36]
139: [169]
140: [157]
141: [26]
142: [62]
143: [90]
144: [90]
145: [90]
146: [90, 96]
147: [90, 96]
148: [96]
149: [96]
150: [96]
151: [70]
152: [36]
153: [169]
154: [157]
155: [26]
156: [62]
157: [62]
158: [62]
159: [62]
160: [62, 70]
161: [62, 70]
162: [70]
163: [70]
164: [70]
165: [70]
166: [36]
167: [169]
168: [157]
169: [26]
170: [26]
171: [26]
172: [26]
173: [26]
174: [26, 36]
175: [26, 36]
176: [36]
177: [36]
178: [36]
179: [36]
180: [36]
181: [169]
182: [157]
183: [157]
184: [157]
185: [157]
186: [157]
187: [157]
188: [157, 169]
189: [157, 169]
190: [169]
191: [169]
192: [169]
193: [169]
194: [169]
195: [169]
92
0: [135]
1: [135]
2: [135]
3: [135]
4: [135]
5: [135]
6: [135]
7: [146, 135]
8: [146, 135]
9: [146]
10: [146]
11: [146]
12: [146]
13: [146]
14: [135]
15: [8]
16: [8]
17: [8]
18: [8]
19: [8]
20: [8]
21: [17, 8]
22: [17, 8]
23: [17]
24: [17]
25: [17]
26: [17]
27: [146]
28: [135]
29: [8]
30: [48]
31: [48]
32: [48]
33: [48]
34: [48]
35: [55, 48]
36: [55, 48]
37: [55]
38: [55]
39: [55]
40: [17]
41: [146]
42: [135]
43: [8]
44: [48]
45: [80]
46: [80]
47: [80]
48: [80]
49: [85, 80]
50: [85, 80]
51: [85]
52: [85]
53: [55]
54: [17]
55: [146]
56: [135]
57: [8]
58: [48]
59: [80]
60: [104]
61: [180, 104]
62: [180, 104]
63: [107, 180, 104]
64: [180, 107, 104]
65: [107]
66: [85]
67: [55]
68: [17]
69: [146]
70: [135, 156]
71: [8, 25]
72: [48, 61]
73: [80, 89]
74: [104, 109]
75: [117]
76: [117, 120]
77: [121, 117, 120]
78: [117, 121, 120]
79: [107]
80: [85]
81: [55]
82: [17]
83: [146]
84: [135, 156]
85: [8, 25]
86: [48, 61]
87: [80, 89]
88: [104, 109]
89: [117]
90: [120, 124]
91: [121, 124]
92: []
93: [114, 107]
94: [96, 85]
95: [70, 55]
96: [36, 17]
97: [169, 146]
98: [135, 156]
99: [8, 25]
100: [48, 61]
101: [80, 89]
102: [104, 109]
103: [117]
104: [120, 124]
105: [120]
106: [120, 124, 117]
107: [114]
108: [96]
109: [70]
110: [36]
111: [169]
112: [135, 156]
113: [8, 25]
114: [48, 61]
115: [80, 89]
116: [104, 109]
117: [117]
118: [124, 117]
119: [124, 117]
120: [124, 117]
121: [114]
122: [96]
123: [70]
124: [36]
125: [169]
126: [156]
127: [25]
128: [61]
129: [89]
130: [109]
131: [109, 180]
132: [109, 114, 180]
133: [109, 114, 180]
134: [109, 114, 180]
135: [114]
136: [96]
137: [70]
138: [36]
139: [169]
140: [156]
141: [25]
142: [61]
143: [89]
144: [89]
145: [89]
146: [89, 96]
147: [89, 96]
148: [89, 96]
149: [96]
150: [96]
151: [70]
152: [36]
153: [169]
154: [156]
155: [25]
156: [61]
157: [61]
158: [61]
159: [61]
160: [61, 70]
161: [61, 70]
162: [61, 70]
163: [70]
164: [70]
165: [70]
166: [36]
167: [169]
168: [156]
169: [25]
170: [25]
171: [25]
172: [25]
173: [25]
174: [25, 36]
175: [25, 36]
176: [25, 36]
177: [36]
178: [36]
179: [36]
180: [36]
181: [169]
182: [156]
183: [156]
184: [156]
185: [156]
186: [156]
187: [156]
188: [156, 169]
189: [156, 169]
190: [156, 169]
191: [169]
192: [169]
193: [169]
194: [169]
195: [169]
93
0: [136]
1: [136]
2: [136]
3: [136]
4: [136]
5: [136]
6: [136]
7: [146, 136]
8: [146, 136]
9: [146, 136]
10: [146]
11: [146]
12: [146]
13: [146]
14: [136]
15: [9]
16: [9]
17: [9]
18: [9]
19: [9]
20: [9]
21: [17, 9]
22: [17, 9]
23: [17, 9]
24: [17]
25: [17]
26: [17]
27: [146]
28: [136]
29: [9]
30: [49]
31: [49]
32: [49]
33: [49]
34: [49]
35: [55, 49]
36: [55, 49]
37: [55, 49]
38: [55]
39: [55]
40: [17]
41: [146]
42: [136]
43: [9]
44: [49]
45: [81]
46: [81]
47: [81]
48: [81]
49: [85, 81]
50: [85, 81]
51: [85, 81]
52: [85]
53: [55]
54: [17]
55: [146]
56: [136, 155]
57: [9, 24]
58: [49, 60]
59: [81, 88]
60: [100]
61: [100, 105]
62: [100, 106, 105]
63: [107, 100, 106, 105]
64: [100, 107, 106, 105]
65: [100, 107, 106, 105]
66: [85]
67: [55]
68: [17]
69: [146]
70: [136, 155]
71: [9, 24]
72: [49, 60]
73: [81, 88]
74: [181, 100]
75: [181, 105, 113]
76: [181, 106, 113]
77: [107, 181, 113]
78: [181, 113]
79: [100, 181, 107, 106, 105, 113]
80: [85]
81: [55]
82: [17]
83: [146]
84: [136, 155]
85: [9, 24]
86: [49, 60]
87: [81, 88]
88: [181, 100]
89: [105, 113]
90: [106, 114]
91: [107, 114]
92: [107, 114]
93: []
94: [96, 85]
95: [70, 55]
96: [36, 17]
97: [169, 146]
98: [136, 155]
99: [9, 24]
100: [49, 60]
101: [81, 88]
102: [181, 100]
103: [105, 113]
104: [106, 114]
105: [106]
106: [106]
107: [105, 106, 113, 114, 181, 100]
108: [96]
109: [70]
110: [36]
111: [169]
112: [136, 155]
113: [9, 24]
114: [49, 60]
115: [81, 88]
116: [181, 100]
117: [105, 113, 181]
118: [105, 114, 181]
119: [105, 181]
120: [105, 181]
121: [105, 114, 113, 181, 100]
122: [96]
123: [70]
124: [36]
125: [169]
126: [136, 155]
127: [9, 24]
128: [49, 60]
129: [81, 88]
130: [100]
131: [113, 100]
132: [113, 114, 100]
133: [113, 114, 100]
134: [113, 114, 100]
135: [113, 114, 100]
136: [96]
137: [70]
138: [36]
139: [169]
140: [155]
141: [24]
142: [60]
143: [88]
144: [88]
145: [88]
146: [88, 96]
147: [88, 96]
148: [88, 96]
149: [88, 96]
150: [96]
151: [70]
152: [36]
153: [169]
154: [155]
155: [24]
156: [60]
157: [60]
158: [60]
159: [60]
160: [60, 70]
161: [60, 70]
162: [60, 70]
163: [60, 70]
164: [70]
165: [70]
166: [36]
167: [169]
168: [155]
169: [24]
170: [24]
171: [24]
172: [24]
173: [24]
174: [24, 36]
175: [24, 36]
176: [24, 36]
177: [24, 36]
178: [36]
179: [36]
180: [36]
181: [169]
182: [155]
183: [155]
184: [155]
185: [155]
186: [155]
187: [155]
188: [155, 169]
189: [155, 169]
190: [155, 169]
191: [155, 169]
192: [169]
193: [169]
194: [169]
195: [169]
94
0: [137]
1: [137]
2: [137]
3: [137]
4: [137]
5: [137]
6: [137]
7: [146, 137]
8: [146, 137]
9: [146, 137]
10: [146, 137]
11: [146]
12: [146]
13: [146]
14: [137]
15: [10]
16: [10]
17: [10]
18: [10]
19: [10]
20: [10]
21: [17, 10]
22: [17, 10]
23: [17, 10]
24: [17, 10]
25: [17]
26: [17]
27: [146]
28: [137]
29: [10]
30: [50]
31: [178, 50]
32: [178, 50]
33: [178, 50]
34: [178, 50]
35: [178, 55, 50]
36: [178, 55, 50]
37: [178, 55, 50]
38: [178, 55, 50]
39: [55]
40: [17]
41: [146]
42: [137, 154]
43: [10, 23]
44: [50, 59]
45: [75]
46: [75, 82]
47: [75, 83, 82]
48: [75, 84, 83, 82]
49: [75, 85, 84, 83, 82]
50: [75, 85, 84, 83, 82]
51: [75, 85, 84, 83, 82]
52: [75, 85, 84, 83, 82]
53: [55]
54: [17]
55: [146]
56: [137, 154]
57: [10, 23]
58: [50, 59]
59: [75]
60: [82, 94]
61: [83, 94]
62: [84, 94]
63: [85, 94]
64: [94]
65: [94]
66: [75, 85, 84, 83, 82, 94]
67: [55]
68: [17]
69: [146]
70: [137, 154]
71: [10, 23]
72: [50, 59]
73: [75]
74: [82, 94]
75: [83, 95]
76: [84, 95]
77: [85, 95]
78: [95]
79: [95]
80: [75, 85, 84, 83, 95, 82, 94]
81: [55]
82: [17]
83: [146]
84: [137, 154]
85: [10, 23]
86: [50, 59]
87: [75]
88: [82, 94]
89: [83, 95]
90: [84, 96]
91: [85, 96]
92: [85, 96]
93: [85, 96]
94: []
95: [70, 55]
96: [36, 17]
97: [169, 146]
98: [137, 154]
99: [10, 23]
100: [50, 59]
101: [75]
102: [82, 94]
103: [83, 95]
104: [84, 96]
105: [84]
106: [84]
107: [84]
108: [96, 82, 83, 84, 94, 95, 75]
109: [70]
110: [36]
111: [169]
112: [137, 154]
113: [10, 23]
114: [50, 59]
115: [75]
116: [82, 94]
117: [83, 95]
118: [83, 96]
119: [83]
120: [83]
121: [83]
122: [96, 82, 83, 94, 95, 75]
123: [70]
124: [36]
125: [169]
126: [137, 154]
127: [10, 23]
128: [50, 59]
129: [75]
130: [82, 94]
131: [82, 95]
132: [82, 96]
133: [82]
134: [82]
135: [82]
136: [96, 82, 94, 95, 75]
137: [70]
138: [36]
139: [169]
140: [137, 154]
141: [10, 23]
142: [50, 59]
143: [75]
144: [94, 75]
145: [94, 95, 75]
146: [96, 94, 95, 75]
147: [96, 94, 95, 75]
148: [96, 94, 95, 75]
149: [96, 94, 95, 75]
150: [96, 94, 95, 75]
151: [70]
152: [36]
153: [169]
154: [154]
155: [23]
156: [59]
157: [59, 178]
158: [59, 178]
159: [59, 178]
160: [59, 70, 178]
161: [59, 70, 178]
162: [59, 70, 178]
163: [59, 70, 178]
164: [59, 70, 178]
165: [70]
166: [36]
167: [169]
168: [154]
169: [23]
170: [23]
171: [23]
172: [23]
173: [23]
174: [23, 36]
175: [23, 36]
176: [23, 36]
177: [23, 36]
178: [23, 36]
179: [36]
180: [36]
181: [169]
182: [154]
183: [154]
184: [154]
185: [154]
186: [154]
187: [154]
188: [154, 169]
189: [154, 169]
190: [154, 169]
191: [154, 169]
192: [154, 169]
193: [169]
194: [169]
195: [169]
95
0: [138]
1: [138]
2: [138]
3: [138]
4: [138]
5: [138]
6: [138]
7: [146, 138]
8: [146, 138]
9: [146, 138]
10: [146, 138]
11: [146, 138]
12: [146]
13: [146]
14: [138]
15: [11]
16: [11]
17: [11]
18: [11]
19: [11]
20: [11]
21: [17, 11]
22: [17, 11]
23: [17, 11]
24: [17, 11]
25: [17, 11]
26: [17]
27: [146]
28: [138, 153]
29: [11, 22]
30: [42]
31: [42, 51]
32: [42, 52, 51]
33: [42, 53, 52, 51]
34: [42, 54, 53, 52, 51]
35: [42, 55, 54, 53, 52, 51]
36: [42, 55, 54, 53, 52, 51]
37: [42, 55, 54, 53, 52, 51]
38: [42, 55, 54, 53, 52, 51]
39: [42, 55, 54, 53, 52, 51]
40: [17]
41: [146]
42: [138, 153]
43: [11, 22]
44: [179, 42]
45: [179, 51, 67]
46: [179, 52, 67]
47: [179, 53, 67]
48: [179, 54, 67]
49: [179, 55, 67]
50: [179, 67]
51: [179, 67]
52: [179, 67]
53: [42, 179, 55, 54, 53, 52, 67, 51]
54: [17]
55: [146]
56: [138, 153]
57: [11, 22]
58: [179, 42]
59: [51, 67]
60: [52, 68]
61: [53, 68]
62: [54, 68]
63: [55, 68]
64: [68]
65: [68]
66: [68]
67: [42, 179, 55, 54, 53, 52, 68, 67, 51]
68: [17]
69: [146]
70: [138, 153]
71: [11, 22]
72: [179, 42]
73: [51, 67]
74: [52, 68]
75: [53, 69]
76: [54, 69]
77: [55, 69]
78: [69]
79: [69]
80: [69]
81: [42, 179, 55, 54, 69, 53, 52, 68, 67, 51]
82: [17]
83: [146]
84: [138, 153]
85: [11, 22]
86: [179, 42]
87: [51, 67]
88: [52, 68]
89: [53, 69]
90: [54, 70]
91: [55, 70]
92: [55, 70]
93: [55, 70]
94: [55, 70]
95: []
96: [36, 17]
97: [169, 146]
98: [138, 153]
99: [11, 22]
100: [179, 42]
101: [51, 67]
102: [52, 68]
103: [53, 69]
104: [54, 70]
105: [54]
106: [54]
107: [54]
108: [54]
109: [67, 68, 69, 70, 51, 52, 53, 54, 179, 42]
110: [36]
111: [169]
112: [138, 153]
113: [11, 22]
114: [179, 42]
115: [51, 67]
116: [52, 68]
117: [53, 69]
118: [53, 70]
119: [53]
120: [53]
121: [53]
122: [53]
123: [67, 68, 69, 70, 51, 52, 53, 179, 42]
124: [36]
125: [169]
126: [138, 153]
127: [11, 22]
128: [179, 42]
129: [51, 67]
130: [52, 68]
131: [52, 69]
132: [52, 70]
133: [52]
134: [52]
135: [52]
136: [52]
137: [67, 68, 69, 70, 51, 52, 179, 42]
138: [36]
139: [169]
140: [138, 153]
141: [11, 22]
142: [179, 42]
143: [51, 67, 179]
144: [51, 68, 179]
145: [51, 69, 179]
146: [51, 70, 179]
147: [51, 179]
148: [51, 179]
149: [51, 179]
150: [51, 179]
151: [67, 68, 69, 70, 51, 179, 42]
152: [36]
153: [169]
154: [138, 153]
155: [11, 22]
156: [42]
157: [67, 42]
158: [67, 68, 42]
159: [67, 68, 69, 42]
160: [67, 68, 69, 70, 42]
161: [67, 68, 69, 70, 42]
162: [67, 68, 69, 70, 42]
163: [67, 68, 69, 70, 42]
164: [67, 68, 69, 70, 42]
165: [67, 68, 69, 70, 42]
166: [36]
167: [169]
168: [153]
169: [22]
170: [22]
171: [22]
172: [22]
173: [22]
174: [22, 36]
175: [22, 36]
176: [22, 36]
177: [22, 36]
178: [22, 36]
179: [22, 36]
180: [36]
181: [169]
182: [153]
183: [153]
184: [153]
185: [153]
186: [153]
187: [153]
188: [153, 169]
189: [153, 169]
190: [153, 169]
191: [153, 169]
192: [153, 169]
193: [153, 169]
194: [169]
195: [169]
96
0: [139]
1: [176, 139]
2: [176, 139]
3: [176, 139]
4: [176, 139]
5: [176, 139]
6: [176, 139]
7: [176, 146, 139]
8: [176, 146, 139]
9: [176, 146, 139]
10: [176, 146, 139]
11: [176, 146, 139]
12: [176, 146, 139]
13: [146]
14: [139, 152]
15: [1]
16: [1, 12]
17: [1, 13, 12]
18: [1, 14, 13, 12]
19: [1, 15, 14, 13, 12]
20: [1, 16, 15, 14, 13, 12]
21: [1, 17, 16, 15, 14, 13, 12]
22: [1, 17, 16, 15, 14, 13, 12]
23: [1, 17, 16, 15, 14, 13, 12]
24: [1, 17, 16, 15, 14, 13, 12]
25: [1, 17, 16, 15, 14, 13, 12]
26: [1, 17, 16, 15, 14, 13, 12]
27: [146]
28: [139, 152]
29: [1]
30: [12, 32]
31: [13, 32]
32: [14, 32]
33: [15, 32]
34: [16, 32]
35: [17, 32]
36: [32]
37: [32]
38: [32]
39: [32]
40: [1, 17, 16, 15, 14, 13, 32, 12]
41: [146]
42: [139, 152]
43: [1]
44: [12, 32]
45: [13, 33]
46: [14, 33]
47: [15, 33]
48: [16, 33]
49: [17, 33]
50: [33]
51: [33]
52: [33]
53: [33]
54: [1, 17, 16, 15, 14, 33, 13, 32, 12]
55: [146]
56: [139, 152]
57: [1]
58: [12, 32]
59: [13, 33]
60: [14, 34]
61: [15, 34]
62: [16, 34]
63: [17, 34]
64: [34]
65: [34]
66: [34]
67: [34]
68: [1, 17, 16, 15, 34, 14, 33, 13, 32, 12]
69: [146]
70: [139, 152]
71: [1]
72: [12, 32]
73: [13, 33]
74: [14, 34]
75: [15, 35]
76: [16, 35]
77: [17, 35]
78: [35]
79: [35]
80: [35]
81: [35]
82: [1, 17, 16, 35, 15, 34, 14, 33, 13, 32, 12]
83: [146]
84: [139, 152]
85: [1]
86: [12, 32]
87: [13, 33]
88: [14, 34]
89: [15, 35]
90: [16, 36]
91: [17, 36]
92: [17, 36]
93: [17, 36]
94: [17, 36]
95: [17, 36]
96: []
97: [169, 146]
98: [139, 152]
99: [1]
100: [12, 32]
101: [13, 33]
102: [14, 34]
103: [15, 35]
104: [16, 36]
105: [16]
106: [16]
107: [16]
108: [16]
109: [16]
110: [32, 33, 34, 35, 36, 12, 13, 14, 15, 16, 1]
111: [169]
112: [139, 152]
113: [1]
114: [12, 32]
115: [13, 33]
116: [14, 34]
117: [15, 35]
118: [15, 36]
119: [15]
120: [15]
121: [15]
122: [15]
123: [15]
124: [32, 33, 34, 35, 36, 12, 13, 14, 15, 1]
125: [169]
126: [139, 152]
127: [1]
128: [12, 32]
129: [13, 33]
130: [14, 34]
131: [14, 35]
132: [14, 36]
133: [14]
134: [14]
135: [14]
136: [14]
137: [14]
138: [32, 33, 34, 35, 36, 12, 13, 14, 1]
139: [169]
140: [139, 152]
141: [1]
142: [12, 32]
143: [13, 33]
144: [13, 34]
145: [13, 35]
146: [13, 36]
147: [13]
148: [13]
149: [13]
150: [13]
151: [13]
152: [32, 33, 34, 35, 36, 12, 13, 1]
153: [169]
154: [139, 152]
155: [1]
156: [12, 32]
157: [12, 33]
158: [12, 34]
159: [12, 35]
160: [12, 36]
161: [12]
162: [12]
163: [12]
164: [12]
165: [12]
166: [32, 33, 34, 35, 36, 12, 1]
167: [169]
168: [139, 152]
169: [1]
170: [32, 1]
171: [32, 33, 1]
172: [32, 33, 34, 1]
173: [32, 33, 34, 35, 1]
174: [32, 33, 34, 35, 36, 1]
175: [32, 33, 34, 35, 36, 1]
176: [32, 33, 34, 35, 36, 1]
177: [32, 33, 34, 35, 36, 1]
178: [32, 33, 34, 35, 36, 1]
179: [32, 33, 34, 35, 36, 1]
180: [32, 33, 34, 35, 36, 1]
181: [169]
182: [152]
183: [152, 176]
184: [152, 176]
185: [152, 176]
186: [152, 176]
187: [152, 176]
188: [152, 169, 176]
189: [152, 169, 176]
190: [152, 169, 176]
191: [152, 169, 176]
192: [152, 169, 176]
193: [152, 169, 176]
194: [152, 169, 176]
195: [169]
97
0: [127]
1: [127, 140]
2: [127, 141, 140]
3: [127, 142, 141, 140]
4: [127, 143, 142, 141, 140]
5: [127, 144, 143, 142, 141, 140]
6: [127, 145, 144, 143, 142, 141, 140]
7: [146, 127, 145, 144, 143, 142, 141, 140]
8: [127, 146, 145, 144, 143, 142, 141, 140]
9: [127, 146, 145, 144, 143, 142, 141, 140]
10: [127, 146, 145, 144, 143, 142, 141, 140]
11: [127, 146, 145, 144, 143, 142, 141, 140]
12: [127, 146, 145, 144, 143, 142, 141, 140]
13: [127, 146, 145, 144, 143, 142, 141, 140]
14: [177, 127]
15: [177, 140, 164]
16: [177, 141, 164]
17: [177, 142, 164]
18: [177, 143, 164]
19: [177, 144, 164]
20: [177, 145, 164]
21: [177, 146, 164]
22: [177, 164]
23: [177, 164]
24: [177, 164]
25: [177, 164]
26: [177, 164]
27: [177, 127, 146, 145, 144, 143, 142, 141, 164, 140]
28: [177, 127]
29: [140, 164]
30: [141, 165]
31: [142, 165]
32: [143, 165]
33: [144, 165]
34: [145, 165]
35: [146, 165]
36: [165]
37: [165]
38: [165]
39: [165]
40: [165]
41: [177, 127, 146, 145, 144, 143, 142, 141, 165, 164, 140]
42: [177, 127]
43: [140, 164]
44: [141, 165]
45: [142, 166]
46: [143, 166]
47: [144, 166]
48: [145, 166]
49: [146, 166]
50: [166]
51: [166]
52: [166]
53: [166]
54: [166]
55: [177, 127, 146, 145, 144, 143, 166, 142, 141, 165, 164, 140]
56: [177, 127]
57: [140, 164]
58: [141, 165]
59: [142, 166]
60: [143, 167]
61: [144, 167]
62: [145, 167]
63: [146, 167]
64: [167]
65: [167]
66: [167]
67: [167]
68: [167]
69: [177, 127, 146, 145, 144, 167, 143, 166, 142, 141, 165, 164, 140]
70: [177, 127]
71: [140, 164]
72: [141, 165]
73: [142, 166]
74: [143, 167]
75: [144, 168]
76: [145, 168]
77: [146, 168]
78: [168]
79: [168]
80: [168]
81: [168]
82: [168]
83: [177, 127, 146, 145, 144, 168, 167, 143, 166, 142, 141, 165, 164, 140]
84: [177, 127]
85: [140, 164]
86: [141, 165]
87: [142, 166]
88: [143, 167]
89: [144, 168]
90: [145, 169]
91: [146, 169]
92: [146, 169]
93: [146, 169]
94: [146, 169]
95: [146, 169]
96: [146, 169]
97: []
98: [177, 127]
99: [140, 164]
100: [141, 165]
101: [142, 166]
102: [143, 167]
103: [144, 168]
104: [145, 169]
105: [145]
106: [145]
107: [145]
108: [145]
109: [145]
110: [145]
111: [164, 165, 166, 167, 168, 169, 140, 141, 142, 143, 144, 145, 177, 127]
112: [177, 127]
113: [140, 164]
114: [141, 165]
115: [142, 166]
116: [143, 167]
117: [144, 168]
118: [144, 169]
119: [144]
120: [144]
121: [144]
122: [144]
123: [144]
124: [144]
125: [164, 165, 166, 167, 168, 169, 140, 141, 142, 143, 144, 177, 127]
126: [177, 127]
127: [140, 164]
128: [141, 165]
129: [142, 166]
130: [143, 167]
131: [143, 168]
132: [143, 169]
133: [143]
134: [143]
135: [143]
136: [143]
137: [143]
138: [143]
139: [164, 165, 166, 167, 168, 169, 140, 141, 142, 143, 177, 127]
140: [177, 127]
141: [140, 164]
142: [141, 165]
143: [142, 166]
144: [142, 167]
145: [142, 168]
146: [142, 169]
147: [142]
148: [142]
149: [142]
150: [142]
151: [142]
152: [142]
153: [164, 165, 166, 167, 168, 169, 140, 141, 142, 177, 127]
154: [177, 127]
155: [140, 164]
156: [141, 165]
157: [141, 166]
158: [141, 167]
159: [141, 168]
160: [141, 169]
161: [141]
162: [141]
163: [141]
164: [141]
165: [141]
166: [141]
167: [164, 165, 166, 167, 168, 169, 140, 141, 177, 127]
168: [177, 127]
169: [140, 164, 177]
170: [140, 165, 177]
171: [140, 166, 177]
172: [140, 167, 177]
173: [140, 168, 177]
174: [140, 169, 177]
175: [140, 177]
176: [140, 177]
177: [140, 177]
178: [140, 177]
179: [140, 177]
180: [140, 177]
181: [164, 165, 166, 167, 168, 169, 140, 177, 127]
182: [127]
183: [164, 127]
184: [164, 165, 127]
185: [164, 165, 166, 127]
186: [164, 165, 166, 167, 127]
187: [164, 165, 166, 167, 168, 127]
188: [164, 165, 166, 167, 168, 169, 127]
189: [164, 165, 166, 167, 168, 169, 127]
190: [164, 165, 166, 167, 168, 169, 127]
191: [164, 165, 166, 167, 168, 169, 127]
192: [164, 165, 166, 167, 168, 169, 127]
193: [164, 165, 166, 167, 168, 169, 127]
194: [164, 165, 166, 167, 168, 169, 127]
195: [164, 165, 166, 167, 168, 169, 127]
98
0: [134, 135, 136, 137, 138, 139, 127]
1: [134, 135, 136, 137, 138, 139, 127]
2: [134, 135, 136, 137, 138, 139, 127]
3: [134, 135, 136, 137, 138, 139, 127]
4: [134, 135, 136, 137, 138, 139, 127]
5: [134, 135, 136, 137, 138, 139, 127]
6: [134, 135, 136, 137, 138, 139, 127]
7: [134, 135, 136, 137, 138, 139, 127]
8: [135, 136, 137, 138, 139, 127]
9: [136, 137, 138, 139, 127]
10: [137, 138, 139, 127]
11: [138, 139, 127]
12: [139, 127]
13: [127]
14: [134, 135, 136, 137, 138, 139, 152, 177, 127]
15: [152, 177]
16: [152, 177]
17: [152, 177]
18: [152, 177]
19: [152, 177]
20: [152, 177]
21: [152, 134, 177]
22: [152, 135, 177]
23: [152, 136, 177]
24: [152, 137, 177]
25: [152, 138, 177]
26: [152, 139, 177]
27: [177, 127]
28: [134, 135, 136, 137, 138, 139, 152, 153, 177, 127]
29: [153]
30: [153]
31: [153]
32: [153]
33: [153]
34: [153]
35: [153, 134]
36: [153, 135]
37: [153, 136]
38: [153, 137]
39: [153, 138]
40: [152, 139]
41: [177, 127]
42: [134, 135, 136, 137, 138, 139, 152, 153, 154, 177, 127]
43: [154]
44: [154]
45: [154]
46: [154]
47: [154]
48: [154]
49: [154, 134]
50: [154, 135]
51: [154, 136]
52: [154, 137]
53: [153, 138]
54: [152, 139]
55: [177, 127]
56: [134, 135, 136, 137, 138, 139, 152, 153, 154, 155, 177, 127]
57: [155]
58: [155]
59: [155]
60: [155]
61: [155]
62: [155]
63: [155, 134]
64: [155, 135]
65: [155, 136]
66: [154, 137]
67: [153, 138]
68: [152, 139]
69: [177, 127]
70: [134, 135, 136, 137, 138, 139, 152, 153, 154, 155, 156, 177, 127]
71: [156]
72: [156]
73: [156]
74: [156]
75: [156]
76: [156]
77: [156, 134]
78: [156, 135]
79: [155, 136]
80: [154, 137]
81: [153, 138]
82: [152, 139]
83: [177, 127]
84: [134, 135, 136, 137, 138, 139, 152, 153, 154, 155, 156, 157, 177, 127]
85: [157]
86: [157]
87: [157]
88: [157]
89: [157]
90: [157]
91: [157, 134]
92: [156, 135]
93: [155, 136]
94: [154, 137]
95: [153, 138]
96: [152, 139]
97: [177, 127]
98: []
99: [158, 134]
100: [158, 134]
101: [158, 134]
102: [158, 134]
103: [158, 134]
104: [158, 134]
105: [157, 134]
106: [156, 135]
107: [155, 136]
108: [154, 137]
109: [153, 138]
110: [152, 139]
111: [177, 127]
112: [177, 127, 158, 157, 156, 135, 136, 155, 137, 154, 153, 138, 152, 139]
113: [135]
114: [135]
115: [135]
116: [135]
117: [135]
118: [158, 135]
119: [157, 135]
120: [156, 135]
121: [155, 136]
122: [154, 137]
123: [153, 138]
124: [152, 139]
125: [177, 127]
126: [177, 127, 158, 157, 156, 136, 155, 137, 154, 153, 138, 152, 139]
127: [136]
128: [136]
129: [136]
130: [136]
131: [136]
132: [158, 136]
133: [157, 136]
134: [156, 136]
135: [155, 136]
136: [154, 137]
137: [153, 138]
138: [152, 139]
139: [177, 127]
140: [177, 127, 158, 157, 156, 155, 137, 154, 153, 138, 152, 139]
141: [137]
142: [137]
143: [137]
144: [137]
145: [137]
146: [158, 137]
147: [157, 137]
148: [156, 137]
149: [155, 137]
150: [154, 137]
151: [153, 138]
152: [152, 139]
153: [177, 127]
154: [177, 127, 158, 157, 156, 155, 154, 153, 138, 152, 139]
155: [138]
156: [138]
157: [138]
158: [138]
159: [138]
160: [158, 138]
161: [157, 138]
162: [156, 138]
163: [155, 138]
164: [154, 138]
165: [153, 138]
166: [152, 139]
167: [177, 127]
168: [177, 127, 158, 157, 156, 155, 154, 153, 152, 139]
169: [177, 139]
170: [177, 139]
171: [177, 139]
172: [177, 139]
173: [177, 139]
174: [177, 158, 139]
175: [177, 157, 139]
176: [177, 156, 139]
177: [177, 155, 139]
178: [177, 154, 139]
179: [177, 153, 139]
180: [177, 152, 139]
181: [177, 127]
182: [127, 158, 157, 156, 155, 154, 153, 152]
183: [127, 158, 157, 156, 155, 154, 153, 152]
184: [127, 158, 157, 156, 155, 154, 153, 152]
185: [127, 158, 157, 156, 155, 154, 153, 152]
186: [127, 158, 157, 156, 155, 154, 153, 152]
187: [127, 158, 157, 156, 155, 154, 153, 152]
188: [158, 127, 157, 156, 155, 154, 153, 152]
189: [127, 157, 156, 155, 154, 153, 152]
190: [127, 156, 155, 154, 153, 152]
191: [127, 155, 154, 153, 152]
192: [127, 154, 153, 152]
193: [127, 153, 152]
194: [127, 152]
195: [127]
99
0: [134]
1: [140, 134, 176]
2: [140, 134, 176]
3: [140, 134, 176]
4: [140, 134, 176]
5: [140, 134, 176]
6: [140, 134, 176]
7: [140, 134, 176]
8: [140, 176]
9: [140, 176]
10: [140, 176]
11: [140, 176]
12: [140, 176]
13: [140]
14: [134]
15: [7, 8, 9, 10, 11, 1]
16: [7, 8, 9, 10, 11, 1]
17: [7, 8, 9, 10, 11, 1]
18: [7, 8, 9, 10, 11, 1]
19: [7, 8, 9, 10, 11, 1]
20: [7, 8, 9, 10, 11, 1]
21: [7, 8, 9, 10, 11, 1]
22: [8, 9, 10, 11, 1]
23: [9, 10, 11, 1]
24: [10, 11, 1]
25: [11, 1]
26: [1]
27: [164, 140]
28: [134]
29: [7, 8, 9, 10, 11, 22, 1]
30: [22]
31: [22]
32: [22]
33: [22]
34: [22]
35: [22, 7]
36: [22, 8]
37: [22, 9]
38: [22, 10]
39: [22, 11]
40: [1]
41: [164, 140]
42: [134]
43: [7, 8, 9, 10, 11, 22, 23, 1]
44: [23]
45: [23]
46: [23]
47: [23]
48: [23]
49: [23, 7]
50: [23, 8]
51: [23, 9]
52: [23, 10]
53: [22, 11]
54: [1]
55: [164, 140]
56: [134]
57: [7, 8, 9, 10, 11, 22, 23, 24, 1]
58: [24]
59: [24]
60: [24]
61: [24]
62: [24]
63: [24, 7]
64: [24, 8]
65: [24, 9]
66: [23, 10]
67: [22, 11]
68: [1]
69: [164, 140]
70: [134]
71: [7, 8, 9, 10, 11, 22, 23, 24, 25, 1]
72: [25]
73: [25]
74: [25]
75: [25]
76: [25]
77: [25, 7]
78: [25, 8]
79: [24, 9]
80: [23, 10]
81: [22, 11]
82: [1]
83: [164, 140]
84: [134]
85: [7, 8, 9, 10, 11, 22, 23, 24, 25, 26, 1]
86: [26]
87: [26]
88: [26]
89: [26]
90: [26]
91: [26, 7]
92: [25, 8]
93: [24, 9]
94: [23, 10]
95: [22, 11]
96: [1]
97: [164, 140]
98: [134, 158]
99: []
100: [27, 7]
101: [27, 7]
102: [27, 7]
103: [27, 7]
104: [27, 7]
105: [26, 7]
106: [25, 8]
107: [24, 9]
108: [23, 10]
109: [22, 11]
110: [1]
111: [164, 140]
112: [158]
113: [1, 27, 26, 8, 25, 24, 9, 10, 23, 11, 22]
114: [8]
115: [8]
116: [8]
117: [8]
118: [27, 8]
119: [26, 8]
120: [25, 8]
121: [24, 9]
122: [23, 10]
123: [22, 11]
124: [1]
125: [164, 140]
126: [158]
127: [1, 27, 26, 25, 24, 9, 10, 23, 11, 22]
128: [9]
129: [9]
130: [9]
131: [9]
132: [27, 9]
133: [26, 9]
134: [25, 9]
135: [24, 9]
136: [23, 10]
137: [22, 11]
138: [1]
139: [164, 140]
140: [158]
141: [1, 27, 26, 25, 24, 10, 23, 11, 22]
142: [10]
143: [10]
144: [10]
145: [10]
146: [27, 10]
147: [26, 10]
148: [25, 10]
149: [24, 10]
150: [23, 10]
151: [22, 11]
152: [1]
153: [164, 140]
154: [158]
155: [1, 27, 26, 25, 24, 23, 11, 22]
156: [11]
157: [11]
158: [11]
159: [11]
160: [27, 11]
161: [26, 11]
162: [25, 11]
163: [24, 11]
164: [23, 11]
165: [22, 11]
166: [1]
167: [164, 140]
168: [158]
169: [1, 27, 26, 25, 24, 23, 22]
170: [1, 27, 26, 25, 24, 23, 22]
171: [1, 27, 26, 25, 24, 23, 22]
172: [1, 27, 26, 25, 24, 23, 22]
173: [1, 27, 26, 25, 24, 23, 22]
174: [1, 27, 26, 25, 24, 23, 22]
175: [1, 26, 25, 24, 23, 22]
176: [1, 25, 24, 23, 22]
177: [1, 24, 23, 22]
178: [1, 23, 22]
179: [1, 22]
180: [1]
181: [164, 140]
182: [158]
183: [176, 158, 164]
184: [176, 158, 164]
185: [176, 158, 164]
186: [176, 158, 164]
187: [176, 158, 164]
188: [176, 158, 164]
189: [176, 164]
190: [176, 164]
191: [176, 164]
192: [176, 164]
193: [176, 164]
194: [176, 164]
195: [164]
100
0: [134]
1: [134]
2: [141, 134]
3: [141, 134]
4: [141, 134]
5: [141, 134]
6: [141, 134]
7: [141, 134]
8: [141]
9: [141]
10: [141]
11: [141]
12: [141]
13: [141]
14: [134]
15: [7]
16: [12, 7]
17: [12, 7]
18: [12, 7]
19: [12, 7]
20: [12, 7]
21: [12, 7]
22: [12]
23: [12]
24: [12]
25: [12]
26: [12]
27: [141]
28: [134]
29: [7]
30: [48, 49, 50, 47, 42]
31: [48, 49, 50, 47, 42]
32: [48, 49, 50, 47, 42]
33: [48, 49, 50, 47, 42]
34: [48, 49, 50, 47, 42]
35: [48, 49, 50, 47, 42]
36: [48, 49, 50, 42]
37: [49, 50, 42]
38: [50, 42]
39: [42]
40: [32, 12]
41: [165, 141]
42: [134]
43: [7]
44: [47, 48, 49, 50, 59, 179, 42]
45: [59, 179]
46: [59, 179]
47: [59, 179]
48: [59, 179]
49: [59, 47, 179]
50: [59, 48, 179]
51: [59, 49, 179]
52: [59, 50, 179]
53: [179, 42]
54: [32, 12]
55: [165, 141]
56: [134]
57: [7]
58: [47, 48, 49, 50, 59, 60, 179, 42]
59: [60]
60: [60]
61: [60]
62: [60]
63: [60, 47]
64: [60, 48]
65: [60, 49]
66: [59, 50]
67: [179, 42]
68: [32, 12]
69: [165, 141]
70: [134]
71: [7]
72: [47, 48, 49, 50, 59, 60, 61, 179, 42]
73: [61]
74: [61]
75: [61]
76: [61]
77: [61, 47]
78: [61, 48]
79: [60, 49]
80: [59, 50]
81: [179, 42]
82: [32, 12]
83: [165, 141]
84: [134]
85: [7]
86: [47, 48, 49, 50, 59, 60, 61, 62, 179, 42]
87: [62]
88: [62]
89: [62]
90: [62]
91: [62, 47]
92: [61, 48]
93: [60, 49]
94: [59, 50]
95: [179, 42]
96: [32, 12]
97: [165, 141]
98: [134, 158]
99: [7, 27]
100: []
101: [63, 47]
102: [63, 47]
103: [63, 47]
104: [63, 47]
105: [62, 47]
106: [61, 48]
107: [60, 49]
108: [59, 50]
109: [179, 42]
110: [32, 12]
111: [165, 141]
112: [158]
113: [27]
114: [42, 179, 63, 62, 48, 61, 49, 60, 50, 59]
115: [48]
116: [48]
117: [48]
118: [63, 48]
119: [62, 48]
120: [61, 48]
121: [60, 49]
122: [59, 50]
123: [179, 42]
124: [32, 12]
125: [165, 141]
126: [158]
127: [27]
128: [42, 179, 63, 62, 61, 49, 60, 50, 59]
129: [49]
130: [49]
131: [49]
132: [63, 49]
133: [62, 49]
134: [61, 49]
135: [60, 49]
136: [59, 50]
137: [179, 42]
138: [32, 12]
139: [165, 141]
140: [158]
141: [27]
142: [42, 179, 63, 62, 61, 60, 50, 59]
143: [179, 50]
144: [179, 50]
145: [179, 50]
146: [179, 63, 50]
147: [179, 62, 50]
148: [179, 61, 50]
149: [179, 60, 50]
150: [179, 59, 50]
151: [179, 42]
152: [32, 12]
153: [165, 141]
154: [158]
155: [27]
156: [42, 63, 62, 61, 60, 59]
157: [42, 63, 62, 61, 60, 59]
158: [42, 63, 62, 61, 60, 59]
159: [42, 63, 62, 61, 60, 59]
160: [42, 63, 62, 61, 60, 59]
161: [42, 62, 61, 60, 59]
162: [42, 61, 60, 59]
163: [42, 60, 59]
164: [42, 59]
165: [42]
166: [32, 12]
167: [165, 141]
168: [158]
169: [27]
170: [27, 32]
171: [27, 32]
172: [27, 32]
173: [27, 32]
174: [27, 32]
175: [32]
176: [32]
177: [32]
178: [32]
179: [32]
180: [32]
181: [165]
182: [158]
183: [158]
184: [158, 165]
185: [158, 165]
186: [158, 165]
187: [158, 165]
188: [158, 165]
189: [165]
190: [165]
191: [165]
192: [165]
193: [165]
194: [165]
195: [165]
101
0: [134]
1: [134]
2: [134]
3: [142, 134]
4: [142, 134]
5: [142, 134]
6: [142, 134]
7: [142, 134]
8: [142]
9: [142]
10: [142]
11: [142]
12: [142]
13: [142]
14: [134]
15: [7]
16: [7]
17: [13, 7]
18: [13, 7]
19: [13, 7]
20: [13, 7]
21: [13, 7]
22: [13]
23: [13]
24: [13]
25: [13]
26: [13]
27: [142]
28: [134]
29: [7]
30: [47]
31: [51, 47, 178]
32: [51, 47, 178]
33: [51, 47, 178]
34: [51, 47, 178]
35: [51, 47, 178]
36: [51, 178]
37: [51, 178]
38: [51, 178]
39: [51]
40: [13]
41: [142]
42: [134]
43: [7]
44: [47]
45: [80, 81, 79, 75]
46: [80, 81, 79, 75]
47: [80, 81, 79, 75]
48: [80, 81, 79, 75]
49: [80, 81, 79, 75]
50: [80, 81, 75]
51: [81, 75]
52: [75]
53: [67, 51]
54: [33, 13]
55: [166, 142]
56: [134]
57: [7]
58: [47]
59: [80, 81, 88, 79, 75]
60: [88]
61: [88]
62: [88]
63: [88, 79]
64: [88, 80]
65: [88, 81]
66: [75]
67: [67, 51]
68: [33, 13]
69: [166, 142]
70: [134]
71: [7]
72: [47]
73: [79, 80, 81, 88, 89, 75]
74: [89]
75: [89]
76: [89]
77: [89, 79]
78: [89, 80]
79: [88, 81]
80: [75]
81: [67, 51]
82: [33, 13]
83: [166, 142]
84: [134]
85: [7]
86: [47]
87: [79, 80, 81, 88, 89, 90, 75]
88: [90]
89: [90]
90: [90]
91: [90, 79]
92: [89, 80]
93: [88, 81]
94: [75]
95: [67, 51]
96: [33, 13]
97: [166, 142]
98: [134, 158]
99: [7, 27]
100: [47, 63]
101: []
102: [91, 79]
103: [91, 79]
104: [91, 79]
105: [90, 79]
106: [89, 80]
107: [88, 81]
108: [75]
109: [67, 51]
110: [33, 13]
111: [166, 142]
112: [158]
113: [27]
114: [63]
115: [75, 91, 90, 80, 89, 88, 81]
116: [80]
117: [80]
118: [91, 80]
119: [90, 80]
120: [89, 80]
121: [88, 81]
122: [75]
123: [67, 51]
124: [33, 13]
125: [166, 142]
126: [158]
127: [27]
128: [63]
129: [75, 91, 90, 89, 88, 81]
130: [81]
131: [81]
132: [91, 81]
133: [90, 81]
134: [89, 81]
135: [88, 81]
136: [75]
137: [67, 51]
138: [33, 13]
139: [166, 142]
140: [158]
141: [27]
142: [63]
143: [75, 91, 90, 89, 88]
144: [75, 91, 90, 89, 88]
145: [75, 91, 90, 89, 88]
146: [91, 75, 90, 89, 88]
147: [75, 90, 89, 88]
148: [75, 89, 88]
149: [75, 88]
150: [75]
151: [67, 51]
152: [33, 13]
153: [166, 142]
154: [158]
155: [27]
156: [63]
157: [178, 63, 67]
158: [178, 63, 67]
159: [178, 63, 67]
160: [178, 63, 67]
161: [178, 67]
162: [178, 67]
163: [178, 67]
164: [178, 67]
165: [67]
166: [33]
167: [166]
168: [158]
169: [27]
170: [27]
171: [27, 33]
172: [27, 33]
173: [27, 33]
174: [27, 33]
175: [33]
176: [33]
177: [33]
178: [33]
179: [33]
180: [33]
181: [166]
182: [158]
183: [158]
184: [158]
185: [158, 166]
186: [158, 166]
187: [158, 166]
188: [158, 166]
189: [166]
190: [166]
191: [166]
192: [166]
193: [166]
194: [166]
195: [166]
102
0: [134]
1: [134]
2: [134]
3: [134]
4: [143, 134]
5: [143, 134]
6: [143, 134]
7: [143, 134]
8: [143]
9: [143]
10: [143]
11: [143]
12: [143]
13: [143]
14: [134]
15: [7]
16: [7]
17: [7]
18: [14, 7]
19: [14, 7]
20: [14, 7]
21: [14, 7]
22: [14]
23: [14]
24: [14]
25: [14]
26: [14]
27: [143]
28: [134]
29: [7]
30: [47]
31: [47]
32: [52, 47]
33: [52, 47]
34: [52, 47]
35: [52, 47]
36: [52]
37: [52]
38: [52]
39: [52]
40: [14]
41: [143]
42: [134]
43: [7]
44: [47]
45: [79]
46: [82, 79]
47: [82, 79]
48: [82, 79]
49: [82, 79]
50: [82]
51: [82]
52: [82]
53: [52]
54: [14]
55: [143]
56: [134]
57: [7]
58: [47]
59: [79]
60: [104, 103, 100]
61: [104, 103, 100]
62: [104, 103, 100]
63: [104, 103, 100]
64: [104, 100]
65: [100]
66: [94, 82]
67: [68, 52]
68: [34, 14]
69: [167, 143]
70: [134]
71: [7]
72: [47]
73: [79]
74: [104, 109, 103, 181, 100]
75: [109, 181]
76: [109, 181]
77: [109, 103, 181]
78: [109, 104, 181]
79: [181, 100]
80: [94, 82]
81: [68, 52]
82: [34, 14]
83: [167, 143]
84: [134]
85: [7]
86: [47]
87: [79]
88: [104, 109, 110, 103, 181, 100]
89: [110]
90: [110]
91: [110, 103]
92: [109, 104]
93: [181, 100]
94: [94, 82]
95: [68, 52]
96: [34, 14]
97: [167, 143]
98: [134, 158]
99: [7, 27]
100: [47, 63]
101: [79, 91]
102: []
103: [111, 103]
104: [111, 103]
105: [110, 103]
106: [109, 104]
107: [181, 100]
108: [94, 82]
109: [68, 52]
110: [34, 14]
111: [167, 143]
112: [158]
113: [27]
114: [63]
115: [91]
116: [100, 181, 111, 110, 104, 109]
117: [181, 104]
118: [181, 111, 104]
119: [181, 110, 104]
120: [181, 109, 104]
121: [181, 100]
122: [94, 82]
123: [68, 52]
124: [34, 14]
125: [167, 143]
126: [158]
127: [27]
128: [63]
129: [91]
130: [100, 111, 110, 109]
131: [100, 111, 110, 109]
132: [100, 111, 110, 109]
133: [100, 110, 109]
134: [100, 109]
135: [100]
136: [94, 82]
137: [68, 52]
138: [34, 14]
139: [167, 143]
140: [158]
141: [27]
142: [63]
143: [91]
144: [91, 94]
145: [91, 94]
146: [91, 94]
147: [94]
148: [94]
149: [94]
150: [94]
151: [68]
152: [34]
153: [167]
154: [158]
155: [27]
156: [63]
157: [63]
158: [63, 68]
159: [63, 68]
160: [63, 68]
161: [68]
162: [68]
163: [68]
164: [68]
165: [68]
166: [34]
167: [167]
168: [158]
169: [27]
170: [27]
171: [27]
172: [27, 34]
173: [27, 34]
174: [27, 34]
175: [34]
176: [34]
177: [34]
178: [34]
179: [34]
180: [34]
181: [167]
182: [158]
183: [158]
184: [158]
185: [158]
186: [158, 167]
187: [158, 167]
188: [158, 167]
189: [167]
190: [167]
191: [167]
192: [167]
193: [167]
194: [167]
195: [167]
103
0: [134]
1: [134]
2: [134]
3: [134]
4: [134]
5: [144, 134]
6: [144, 134]
7: [144, 134]
8: [144]
9: [144]
10: [144]
11: [144]
12: [144]
13: [144]
14: [134]
15: [7]
16: [7]
17: [7]
18: [7]
19: [15, 7]
20: [15, 7]
21: [15, 7]
22: [15]
23: [15]
24: [15]
25: [15]
26: [15]
27: [144]
28: [134]
29: [7]
30: [47]
31: [47]
32: [47]
33: [53, 47]
34: [53, 47]
35: [53, 47]
36: [53]
37: [53]
38: [53]
39: [53]
40: [15]
41: [144]
42: [134]
43: [7]
44: [47]
45: [79]
46: [79]
47: [83, 79]
48: [83, 79]
49: [83, 79]
50: [83]
51: [83]
52: [83]
53: [53]
54: [15]
55: [144]
56: [134]
57: [7]
58: [47]
59: [79]
60: [103]
61: [105, 103, 180]
62: [105, 103, 180]
63: [105, 103, 180]
64: [105, 180]
65: [105]
66: [83]
67: [53]
68: [15]
69: [144]
70: [134]
71: [7]
72: [47]
73: [79]
74: [103]
75: [119, 117]
76: [119, 117]
77: [119, 117]
78: [117]
79: [113, 105]
80: [95, 83]
81: [69, 53]
82: [35, 15]
83: [168, 144]
84: [134]
85: [7]
86: [47]
87: [79]
88: [103]
89: [122, 119, 117]
90: [122]
91: [122, 119]
92: [117]
93: [113, 105]
94: [95, 83]
95: [69, 53]
96: [35, 15]
97: [168, 144]
98: [134, 158]
99: [7, 27]
100: [47, 63]
101: [79, 91]
102: [103, 111]
103: []
104: [123, 119]
105: [122, 119]
106: [117]
107: [113, 105]
108: [95, 83]
109: [69, 53]
110: [35, 15]
111: [168, 144]
112: [158]
113: [27]
114: [63]
115: [91]
116: [111]
117: [117, 123, 122]
118: [123, 117, 122]
119: [117, 122]
120: [117]
121: [113, 105]
122: [95, 83]
123: [69, 53]
124: [35, 15]
125: [168, 144]
126: [158]
127: [27]
128: [63]
129: [91]
130: [111]
131: [180, 111, 113]
132: [180, 111, 113]
133: [180, 113]
134: [180, 113]
135: [113]
136: [95]
137: [69]
138: [35]
139: [168]
140: [158]
141: [27]
142: [63]
143: [91]
144: [91]
145: [91, 95]
146: [91, 95]
147: [95]
148: [95]
149: [95]
150: [95]
151: [69]
152: [35]
153: [168]
154: [158]
155: [27]
156: [63]
157: [63]
158: [63]
159: [63, 69]
160: [63, 69]
161: [69]
162: [69]
163: [69]
164: [69]
165: [69]
166: [35]
167: [168]
168: [158]
169: [27]
170: [27]
171: [27]
172: [27]
173: [27, 35]
174: [27, 35]
175: [35]
176: [35]
177: [35]
178: [35]
179: [35]
180: [35]
181: [168]
182: [158]
183: [158]
184: [158]
185: [158]
186: [158]
187: [158, 168]
188: [158, 168]
189: [168]
190: [168]
191: [168]
192: [168]
193: [168]
194: [168]
195: [168]
104
0: [134]
1: [134]
2: [134]
3: [134]
4: [134]
5: [134]
6: [145, 134]
7: [145, 134]
8: [145]
9: [145]
10: [145]
11: [145]
12: [145]
13: [145]
14: [134]
15: [7]
16: [7]
17: [7]
18: [7]
19: [7]
20: [16, 7]
21: [16, 7]
22: [16]
23: [16]
24: [16]
25: [16]
26: [16]
27: [145]
28: [134]
29: [7]
30: [47]
31: [47]
32: [47]
33: [47]
34: [54, 47]
35: [54, 47]
36: [54]
37: [54]
38: [54]
39: [54]
40: [16]
41: [145]
42: [134]
43: [7]
44: [47]
45: [79]
46: [79]
47: [79]
48: [84, 79]
49: [84, 79]
50: [84]
51: [84]
52: [84]
53: [54]
54: [16]
55: [145]
56: [134]
57: [7]
58: [47]
59: [79]
60: [103]
61: [103]
62: [106, 103]
63: [106, 103]
64: [106]
65: [106]
66: [84]
67: [54]
68: [16]
69: [145]
70: [134]
71: [7]
72: [47]
73: [79]
74: [103]
75: [119]
76: [120, 119]
77: [120, 119]
78: [120]
79: [106]
80: [84]
81: [54]
82: [16]
83: [145]
84: [134]
85: [7]
86: [47]
87: [79]
88: [103]
89: [119]
90: [126]
91: [126]
92: [124, 120]
93: [114, 106]
94: [96, 84]
95: [70, 54]
96: [36, 16]
97: [169, 145]
98: [134, 158]
99: [7, 27]
100: [47, 63]
101: [79, 91]
102: [103, 111]
103: [119, 123]
104: []
105: [126]
106: [124, 120]
107: [114, 106]
108: [96, 84]
109: [70, 54]
110: [36, 16]
111: [169, 145]
112: [158]
113: [27]
114: [63]
115: [91]
116: [111]
117: [123]
118: [123, 124]
119: [124]
120: [124]
121: [114]
122: [96]
123: [70]
124: [36]
125: [169]
126: [158]
127: [27]
128: [63]
129: [91]
130: [111]
131: [111]
132: [111, 114]
133: [114]
134: [114]
135: [114]
136: [96]
137: [70]
138: [36]
139: [169]
140: [158]
141: [27]
142: [63]
143: [91]
144: [91]
145: [91]
146: [91, 96]
147: [96]
148: [96]
149: [96]
150: [96]
151: [70]
152: [36]
153: [169]
154: [158]
155: [27]
156: [63]
157: [63]
158: [63]
159: [63]
160: [63, 70]
161: [70]
162: [70]
163: [70]
164: [70]
165: [70]
166: [36]
167: [169]
168: [158]
169: [27]
170: [27]
171: [27]
172: [27]
173: [27]
174: [27, 36]
175: [36]
176: [36]
177: [36]
178: [36]
179: [36]
180: [36]
181: [169]
182: [158]
183: [158]
184: [158]
185: [158]
186: [158]
187: [158]
188: [158, 169]
189: [169]
190: [169]
191: [169]
192: [169]
193: [169]
194: [169]
195: [169]
105
0: [134]
1: [134]
2: [134]
3: [134]
4: [134]
5: [134]
6: [145, 134]
7: [145, 134]
8: [145]
9: [145]
10: [145]
11: [145]
12: [145]
13: [145]
14: [134]
15: [7]
16: [7]
17: [7]
18: [7]
19: [7]
20: [16, 7]
21: [16, 7]
22: [16]
23: [16]
24: [16]
25: [16]
26: [16]
27: [145]
28: [134]
29: [7]
30: [47]
31: [47]
32: [47]
33: [47]
34: [54, 47]
35: [54, 47]
36: [54]
37: [54]
38: [54]
39: [54]
40: [16]
41: [145]
42: [134]
43: [7]
44: [47]
45: [79]
46: [79]
47: [79]
48: [84, 79]
49: [84, 79]
50: [84]
51: [84]
52: [84]
53: [54]
54: [16]
55: [145]
56: [134]
57: [7]
58: [47]
59: [79]
60: [103]
61: [103]
62: [106, 103]
63: [106, 103]
64: [106]
65: [106]
66: [84]
67: [54]
68: [16]
69: [145]
70: [134]
71: [7]
72: [47]
73: [79]
74: [103]
75: [119]
76: [120, 119]
77: [120, 119]
78: [120]
79: [106]
80: [84]
81: [54]
82: [16]
83: [145]
84: [134, 157]
85: [7, 26]
86: [47, 62]
87: [79, 90]
88: [103, 110]
89: [119, 122]
90: [126]
91: [126]
92: [120]
93: [106]
94: [84]
95: [54]
96: [16]
97: [145]
98: [134, 157]
99: [7, 26]
100: [47, 62]
101: [79, 90]
102: [103, 110]
103: [119, 122]
104: [126]
105: []
106: [125, 120]
107: [115, 106]
108: [97, 84]
109: [71, 54]
110: [37, 16]
111: [170, 145]
112: [157]
113: [26]
114: [62]
115: [90]
116: [110]
117: [122]
118: [122]
119: [122, 125]
120: [125]
121: [115]
122: [97]
123: [71]
124: [37]
125: [170]
126: [157]
127: [26]
128: [62]
129: [90]
130: [110]
131: [110]
132: [110]
133: [110, 115]
134: [115]
135: [115]
136: [97]
137: [71]
138: [37]
139: [170]
140: [157]
141: [26]
142: [62]
143: [90]
144: [90]
145: [90]
146: [90]
147: [90, 97]
148: [97]
149: [97]
150: [97]
151: [71]
152: [37]
153: [170]
154: [157]
155: [26]
156: [62]
157: [62]
158: [62]
159: [62]
160: [62]
161: [62, 71]
162: [71]
163: [71]
164: [71]
165: [71]
166: [37]
167: [170]
168: [157]
169: [26]
170: [26]
171: [26]
172: [26]
173: [26]
174: [26]
175: [26, 37]
176: [37]
177: [37]
178: [37]
179: [37]
180: [37]
181: [170]
182: [157]
183: [157]
184: [157]
185: [157]
186: [157]
187: [157]
188: [157]
189: [157, 170]
190: [170]
191: [170]
192: [170]
193: [170]
194: [170]
195: [170]
106
0: [135]
1: [135]
2: [135]
3: [135]
4: [135]
5: [135]
6: [145, 135]
7: [145, 135]
8: [145, 135]
9: [145]
10: [145]
11: [145]
12: [145]
13: [145]
14: [135]
15: [8]
16: [8]
17: [8]
18: [8]
19: [8]
20: [16, 8]
21: [16, 8]
22: [16, 8]
23: [16]
24: [16]
25: [16]
26: [16]
27: [145]
28: [135]
29: [8]
30: [48]
31: [48]
32: [48]
33: [48]
34: [54, 48]
35: [54, 48]
36: [54, 48]
37: [54]
38: [54]
39: [54]
40: [16]
41: [145]
42: [135]
43: [8]
44: [48]
45: [80]
46: [80]
47: [80]
48: [84, 80]
49: [84, 80]
50: [84, 80]
51: [84]
52: [84]
53: [54]
54: [16]
55: [145]
56: [135]
57: [8]
58: [48]
59: [80]
60: [104]
61: [180, 104]
62: [106, 180, 104]
63: [180, 106, 104]
64: [180, 106, 104]
65: [106]
66: [84]
67: [54]
68: [16]
69: [145]
70: [135, 156]
71: [8, 25]
72: [48, 61]
73: [80, 89]
74: [104, 109]
75: [117]
76: [120, 117]
77: [117, 120]
78: [117, 120]
79: [106]
80: [84]
81: [54]
82: [16]
83: [145]
84: [135, 156]
85: [8, 25]
86: [48, 61]
87: [80, 89]
88: [104, 109]
89: [117]
90: [120, 124]
91: [124]
92: [117, 120, 124]
93: [106]
94: [84]
95: [54]
96: [16]
97: [145]
98: [135, 156]
99: [8, 25]
100: [48, 61]
101: [80, 89]
102: [104, 109]
103: [117]
104: [120, 124]
105: [120, 125]
106: []
107: [115, 106]
108: [97, 84]
109: [71, 54]
110: [37, 16]
111: [170, 145]
112: [135, 156]
113: [8, 25]
114: [48, 61]
115: [80, 89]
116: [104, 109]
117: [117]
118: [124, 117]
119: [124, 125, 117]
120: [124, 125, 117]
121: [115]
122: [97]
123: [71]
124: [37]
125: [170]
126: [156]
127: [25]
128: [61]
129: [89]
130: [109]
131: [109, 180]
132: [109, 180]
133: [109, 115, 180]
134: [109, 115, 180]
135: [115]
136: [97]
137: [71]
138: [37]
139: [170]
140: [156]
141: [25]
142: [61]
143: [89]
144: [89]
145: [89]
146: [89]
147: [89, 97]
148: [89, 97]
149: [97]
150: [97]
151: [71]
152: [37]
153: [170]
154: [156]
155: [25]
156: [61]
157: [61]
158: [61]
159: [61]
160: [61]
161: [61, 71]
162: [61, 71]
163: [71]
164: [71]
165: [71]
166: [37]
167: [170]
168: [156]
169: [25]
170: [25]
171: [25]
172: [25]
173: [25]
174: [25]
175: [25, 37]
176: [25, 37]
177: [37]
178: [37]
179: [37]
180: [37]
181: [170]
182: [156]
183: [156]
184: [156]
185: [156]
186: [156]
187: [156]
188: [156]
189: [156, 170]
190: [156, 170]
191: [170]
192: [170]
193: [170]
194: [170]
195: [170]
107
0: [136]
1: [136]
2: [136]
3: [136]
4: [136]
5: [136]
6: [145, 136]
7: [145, 136]
8: [145, 136]
9: [145, 136]
10: [145]
11: [145]
12: [145]
13: [145]
14: [136]
15: [9]
16: [9]
17: [9]
18: [9]
19: [9]
20: [16, 9]
21: [16, 9]
22: [16, 9]
23: [16, 9]
24: [16]
25: [16]
26: [16]
27: [145]
28: [136]
29: [9]
30: [49]
31: [49]
32: [49]
33: [49]
34: [54, 49]
35: [54, 49]
36: [54, 49]
37: [54, 49]
38: [54]
39: [54]
40: [16]
41: [145]
42: [136]
43: [9]
44: [49]
45: [81]
46: [81]
47: [81]
48: [84, 81]
49: [84, 81]
50: [84, 81]
51: [84, 81]
52: [84]
53: [54]
54: [16]
55: [145]
56: [136, 155]
57: [9, 24]
58: [49, 60]
59: [81, 88]
60: [100]
61: [100, 105]
62: [106, 100, 105]
63: [100, 106, 105]
64: [100, 106, 105]
65: [100, 106, 105]
66: [84]
67: [54]
68: [16]
69: [145]
70: [136, 155]
71: [9, 24]
72: [49, 60]
73: [81, 88]
74: [181, 100]
75: [181, 105, 113]
76: [106, 181, 113]
77: [181, 113]
78: [181, 113]
79: [100, 181, 106, 105, 113]
80: [84]
81: [54]
82: [16]
83: [145]
84: [136, 155]
85: [9, 24]
86: [49, 60]
87: [81, 88]
88: [181, 100]
89: [105, 113]
90: [106, 114]
91: [114]
92: [114]
93: [100, 181, 106, 114, 105, 113]
94: [84]
95: [54]
96: [16]
97: [145]
98: [136, 155]
99: [9, 24]
100: [49, 60]
101: [81, 88]
102: [181, 100]
103: [105, 113]
104: [106, 114]
105: [106, 115]
106: [106, 115]
107: []
108: [97, 84]
109: [71, 54]
110: [37, 16]
111: [170, 145]
112: [136, 155]
113: [9, 24]
114: [49, 60]
115: [81, 88]
116: [181, 100]
117: [105, 113, 181]
118: [105, 114, 181]
119: [105, 115, 181]
120: [105, 181]
121: [105, 114, 115, 113, 181, 100]
122: [97]
123: [71]
124: [37]
125: [170]
126: [136, 155]
127: [9, 24]
128: [49, 60]
129: [81, 88]
130: [100]
131: [113, 100]
132: [113, 114, 100]
133: [113, 114, 115, 100]
134: [113, 114, 115, 100]
135: [113, 114, 115, 100]
136: [97]
137: [71]
138: [37]
139: [170]
140: [155]
141: [24]
142: [60]
143: [88]
144: [88]
145: [88]
146: [88]
147: [88, 97]
148: [88, 97]
149: [88, 97]
150: [97]
151: [71]
152: [37]
153: [170]
154: [155]
155: [24]
156: [60]
157: [60]
158: [60]
159: [60]
160: [60]
161: [60, 71]
162: [60, 71]
163: [60, 71]
164: [71]
165: [71]
166: [37]
167: [170]
168: [155]
169: [24]
170: [24]
171: [24]
172: [24]
173: [24]
174: [24]
175: [24, 37]
176: [24, 37]
177: [24, 37]
178: [37]
179: [37]
180: [37]
181: [170]
182: [155]
183: [155]
184: [155]
185: [155]
186: [155]
187: [155]
188: [155]
189: [155, 170]
190: [155, 170]
191: [155, 170]
192: [170]
193: [170]
194: [170]
195: [170]
108
0: [137]
1: [137]
2: [137]
3: [137]
4: [137]
5: [137]
6: [145, 137]
7: [145, 137]
8: [145, 137]
9: [145, 137]
10: [145, 137]
11: [145]
12: [145]
13: [145]
14: [137]
15: [10]
16: [10]
17: [10]
18: [10]
19: [10]
20: [16, 10]
21: [16, 10]
22: [16, 10]
23: [16, 10]
24: [16, 10]
25: [16]
26: [16]
27: [145]
28: [137]
29: [10]
30: [50]
31: [178, 50]
32: [178, 50]
33: [178, 50]
34: [178, 54, 50]
35: [178, 54, 50]
36: [178, 54, 50]
37: [178, 54, 50]
38: [178, 54, 50]
39: [54]
40: [16]
41: [145]
42: [137, 154]
43: [10, 23]
44: [50, 59]
45: [75]
46: [75, 82]
47: [75, 83, 82]
48: [75, 84, 83, 82]
49: [75, 84, 83, 82]
50: [75, 84, 83, 82]
51: [75, 84, 83, 82]
52: [75, 84, 83, 82]
53: [54]
54: [16]
55: [145]
56: [137, 154]
57: [10, 23]
58: [50, 59]
59: [75]
60: [82, 94]
61: [83, 94]
62: [84, 94]
63: [94]
64: [94]
65: [94]
66: [75, 84, 83, 82, 94]
67: [54]
68: [16]
69: [145]
70: [137, 154]
71: [10, 23]
72: [50, 59]
73: [75]
74: [82, 94]
75: [83, 95]
76: [84, 95]
77: [95]
78: [95]
79: [95]
80: [75, 84, 83, 95, 82, 94]
81: [54]
82: [16]
83: [145]
84: [137, 154]
85: [10, 23]
86: [50, 59]
87: [75]
88: [82, 94]
89: [83, 95]
90: [84, 96]
91: [96]
92: [96]
93: [96]
94: [75, 96, 84, 83, 95, 82, 94]
95: [54]
96: [16]
97: [145]
98: [137, 154]
99: [10, 23]
100: [50, 59]
101: [75]
102: [82, 94]
103: [83, 95]
104: [84, 96]
105: [84, 97]
106: [84, 97]
107: [84, 97]
108: []
109: [71, 54]
110: [37, 16]
111: [170, 145]
112: [137, 154]
113: [10, 23]
114: [50, 59]
115: [75]
116: [82, 94]
117: [83, 95]
118: [83, 96]
119: [83, 97]
120: [83]
121: [83]
122: [96, 97, 82, 83, 94, 95, 75]
123: [71]
124: [37]
125: [170]
126: [137, 154]
127: [10, 23]
128: [50, 59]
129: [75]
130: [82, 94]
131: [82, 95]
132: [82, 96]
133: [82, 97]
134: [82]
135: [82]
136: [96, 97, 82, 94, 95, 75]
137: [71]
138: [37]
139: [170]
140: [137, 154]
141: [10, 23]
142: [50, 59]
143: [75]
144: [94, 75]
145: [94, 95, 75]
146: [96, 94, 95, 75]
147: [96, 97, 94, 95, 75]
148: [96, 97, 94, 95, 75]
149: [96, 97, 94, 95, 75]
150: [96, 97, 94, 95, 75]
151: [71]
152: [37]
153: [170]
154: [154]
155: [23]
156: [59]
157: [59, 178]
158: [59, 178]
159: [59, 178]
160: [59, 178]
161: [59, 71, 178]
162: [59, 71, 178]
163: [59, 71, 178]
164: [59, 71, 178]
165: [71]
166: [37]
167: [170]
168: [154]
169: [23]
170: [23]
171: [23]
172: [23]
173: [23]
174: [23]
175: [23, 37]
176: [23, 37]
177: [23, 37]
178: [23, 37]
179: [37]
180: [37]
181: [170]
182: [154]
183: [154]
184: [154]
185: [154]
186: [154]
187: [154]
188: [154]
189: [154, 170]
190: [154, 170]
191: [154, 170]
192: [154, 170]
193: [170]
194: [170]
195: [170]
109
0: [138]
1: [138]
2: [138]
3: [138]
4: [138]
5: [138]
6: [145, 138]
7: [145, 138]
8: [145, 138]
9: [145, 138]
10: [145, 138]
11: [145, 138]
12: [145]
13: [145]
14: [138]
15: [11]
16: [11]
17: [11]
18: [11]
19: [11]
20: [16, 11]
21: [16, 11]
22: [16, 11]
23: [16, 11]
24: [16, 11]
25: [16, 11]
26: [16]
27: [145]
28: [138, 153]
29: [11, 22]
30: [42]
31: [42, 51]
32: [42, 52, 51]
33: [42, 53, 52, 51]
34: [42, 54, 53, 52, 51]
35: [42, 54, 53, 52, 51]
36: [42, 54, 53, 52, 51]
37: [42, 54, 53, 52, 51]
38: [42, 54, 53, 52, 51]
39: [42, 54, 53, 52, 51]
40: [16]
41: [145]
42: [138, 153]
43: [11, 22]
44: [179, 42]
45: [179, 51, 67]
46: [179, 52, 67]
47: [179, 53, 67]
48: [179, 54, 67]
49: [179, 67]
50: [179, 67]
51: [179, 67]
52: [179, 67]
53: [42, 179, 54, 53, 52, 67, 51]
54: [16]
55: [145]
56: [138, 153]
57: [11, 22]
58: [179, 42]
59: [51, 67]
60: [52, 68]
61: [53, 68]
62: [54, 68]
63: [68]
64: [68]
65: [68]
66: [68]
67: [42, 179, 54, 53, 52, 68, 67, 51]
68: [16]
69: [145]
70: [138, 153]
71: [11, 22]
72: [179, 42]
73: [51, 67]
74: [52, 68]
75: [53, 69]
76: [54, 69]
77: [69]
78: [69]
79: [69]
80: [69]
81: [42, 179, 54, 69, 53, 52, 68, 67, 51]
82: [16]
83: [145]
84: [138, 153]
85: [11, 22]
86: [179, 42]
87: [51, 67]
88: [52, 68]
89: [53, 69]
90: [54, 70]
91: [70]
92: [70]
93: [70]
94: [70]
95: [42, 179, 70, 54, 69, 53, 52, 68, 67, 51]
96: [16]
97: [145]
98: [138, 153]
99: [11, 22]
100: [179, 42]
101: [51, 67]
102: [52, 68]
103: [53, 69]
104: [54, 70]
105: [54, 71]
106: [54, 71]
107: [54, 71]
108: [54, 71]
109: []
110: [37, 16]
111: [170, 145]
112: [138, 153]
113: [11, 22]
114: [179, 42]
115: [51, 67]
116: [52, 68]
117: [53, 69]
118: [53, 70]
119: [53, 71]
120: [53]
121: [53]
122: [53]
123: [67, 68, 69, 70, 71, 51, 52, 53, 179, 42]
124: [37]
125: [170]
126: [138, 153]
127: [11, 22]
128: [179, 42]
129: [51, 67]
130: [52, 68]
131: [52, 69]
132: [52, 70]
133: [52, 71]
134: [52]
135: [52]
136: [52]
137: [67, 68, 69, 70, 71, 51, 52, 179, 42]
138: [37]
139: [170]
140: [138, 153]
141: [11, 22]
142: [179, 42]
143: [51, 67, 179]
144: [51, 68, 179]
145: [51, 69, 179]
146: [51, 70, 179]
147: [51, 71, 179]
148: [51, 179]
149: [51, 179]
150: [51, 179]
151: [67, 68, 69, 70, 71, 51, 179, 42]
152: [37]
153: [170]
154: [138, 153]
155: [11, 22]
156: [42]
157: [67, 42]
158: [67, 68, 42]
159: [67, 68, 69, 42]
160: [67, 68, 69, 70, 42]
161: [67, 68, 69, 70, 71, 42]
162: [67, 68, 69, 70, 71, 42]
163: [67, 68, 69, 70, 71, 42]
164: [67, 68, 69, 70, 71, 42]
165: [67, 68, 69, 70, 71, 42]
166: [37]
167: [170]
168: [153]
169: [22]
170: [22]
171: [22]
172: [22]
173: [22]
174: [22]
175: [22, 37]
176: [22, 37]
177: [22, 37]
178: [22, 37]
179: [22, 37]
180: [37]
181: [170]
182: [153]
183: [153]
184: [153]
185: [153]
186: [153]
187: [153]
188: [153]
189: [153, 170]
190: [153, 170]
191: [153, 170]
192: [153, 170]
193: [153, 170]
194: [170]
195: [170]
110
0: [139]
1: [176, 139]
2: [176, 139]
3: [176, 139]
4: [176, 139]
5: [176, 139]
6: [176, 145, 139]
7: [176, 145, 139]
8: [176, 145, 139]
9: [176, 145, 139]
10: [176, 145, 139]
11: [176, 145, 139]
12: [176, 145, 139]
13: [145]
14: [139, 152]
15: [1]
16: [1, 12]
17: [1, 13, 12]
18: [1, 14, 13, 12]
19: [1, 15, 14, 13, 12]
20: [16, 1, 15, 14, 13, 12]
21: [1, 16, 15, 14, 13, 12]
22: [1, 16, 15, 14, 13, 12]
23: [1, 16, 15, 14, 13, 12]
24: [1, 16, 15, 14, 13, 12]
25: [1, 16, 15, 14, 13, 12]
26: [1, 16, 15, 14, 13, 12]
27: [145]
28: [139, 152]
29: [1]
30: [12, 32]
31: [13, 32]
32: [14, 32]
33: [15, 32]
34: [16, 32]
35: [32]
36: [32]
37: [32]
38: [32]
39: [32]
40: [1, 16, 15, 14, 13, 32, 12]
41: [145]
42: [139, 152]
43: [1]
44: [12, 32]
45: [13, 33]
46: [14, 33]
47: [15, 33]
48: [16, 33]
49: [33]
50: [33]
51: [33]
52: [33]
53: [33]
54: [1, 16, 15, 14, 33, 13, 32, 12]
55: [145]
56: [139, 152]
57: [1]
58: [12, 32]
59: [13, 33]
60: [14, 34]
61: [15, 34]
62: [16, 34]
63: [34]
64: [34]
65: [34]
66: [34]
67: [34]
68: [1, 16, 15, 34, 14, 33, 13, 32, 12]
69: [145]
70: [139, 152]
71: [1]
72: [12, 32]
73: [13, 33]
74: [14, 34]
75: [15, 35]
76: [16, 35]
77: [35]
78: [35]
79: [35]
80: [35]
81: [35]
82: [1, 16, 35, 15, 34, 14, 33, 13, 32, 12]
83: [145]
84: [139, 152]
85: [1]
86: [12, 32]
87: [13, 33]
88: [14, 34]
89: [15, 35]
90: [16, 36]
91: [36]
92: [36]
93: [36]
94: [36]
95: [36]
96: [1, 16, 36, 35, 15, 34, 14, 33, 13, 32, 12]
97: [145]
98: [139, 152]
99: [1]
100: [12, 32]
101: [13, 33]
102: [14, 34]
103: [15, 35]
104: [16, 36]
105: [16, 37]
106: [16, 37]
107: [16, 37]
108: [16, 37]
109: [16, 37]
110: []
111: [170, 145]
112: [139, 152]
113: [1]
114: [12, 32]
115: [13, 33]
116: [14, 34]
117: [15, 35]
118: [15, 36]
119: [15, 37]
120: [15]
121: [15]
122: [15]
123: [15]
124: [32, 33, 34, 35, 36, 37, 12, 13, 14, 15, 1]
125: [170]
126: [139, 152]
127: [1]
128: [12, 32]
129: [13, 33]
130: [14, 34]
131: [14, 35]
132: [14, 36]
133: [14, 37]
134: [14]
135: [14]
136: [14]
137: [14]
138: [32, 33, 34, 35, 36, 37, 12, 13, 14, 1]
139: [170]
140: [139, 152]
141: [1]
142: [12, 32]
143: [13, 33]
144: [13, 34]
145: [13, 35]
146: [13, 36]
147: [13, 37]
148: [13]
149: [13]
150: [13]
151: [13]
152: [32, 33, 34, 35, 36, 37, 12, 13, 1]
153: [170]
154: [139, 152]
155: [1]
156: [12, 32]
157: [12, 33]
158: [12, 34]
159: [12, 35]
160: [12, 36]
161: [12, 37]
162: [12]
163: [12]
164: [12]
165: [12]
166: [32, 33, 34, 35, 36, 37, 12, 1]
167: [170]
168: [139, 152]
169: [1]
170: [32, 1]
171: [32, 33, 1]
172: [32, 33, 34, 1]
173: [32, 33, 34, 35, 1]
174: [32, 33, 34, 35, 36, 1]
175: [32, 33, 34, 35, 36, 37, 1]
176: [32, 33, 34, 35, 36, 37, 1]
177: [32, 33, 34, 35, 36, 37, 1]
178: [32, 33, 34, 35, 36, 37, 1]
179: [32, 33, 34, 35, 36, 37, 1]
180: [32, 33, 34, 35, 36, 37, 1]
181: [170]
182: [152]
183: [152, 176]
184: [152, 176]
185: [152, 176]
186: [152, 176]
187: [152, 176]
188: [152, 176]
189: [152, 170, 176]
190: [152, 170, 176]
191: [152, 170, 176]
192: [152, 170, 176]
193: [152, 170, 176]
194: [152, 170, 176]
195: [170]
111
0: [127]
1: [127, 140]
2: [127, 141, 140]
3: [127, 142, 141, 140]
4: [127, 143, 142, 141, 140]
5: [127, 144, 143, 142, 141, 140]
6: [145, 127, 144, 143, 142, 141, 140]
7: [127, 145, 144, 143, 142, 141, 140]
8: [127, 145, 144, 143, 142, 141, 140]
9: [127, 145, 144, 143, 142, 141, 140]
10: [127, 145, 144, 143, 142, 141, 140]
11: [127, 145, 144, 143, 142, 141, 140]
12: [127, 145, 144, 143, 142, 141, 140]
13: [127, 145, 144, 143, 142, 141, 140]
14: [177, 127]
15: [177, 140, 164]
16: [177, 141, 164]
17: [177, 142, 164]
18: [177, 143, 164]
19: [177, 144, 164]
20: [145, 177, 164]
21: [177, 164]
22: [177, 164]
23: [177, 164]
24: [177, 164]
25: [177, 164]
26: [177, 164]
27: [177, 127, 145, 144, 143, 142, 141, 164, 140]
28: [177, 127]
29: [140, 164]
30: [141, 165]
31: [142, 165]
32: [143, 165]
33: [144, 165]
34: [145, 165]
35: [165]
36: [165]
37: [165]
38: [165]
39: [165]
40: [165]
41: [177, 127, 145, 144, 143, 142, 141, 165, 164, 140]
42: [177, 127]
43: [140, 164]
44: [141, 165]
45: [142, 166]
46: [143, 166]
47: [144, 166]
48: [145, 166]
49: [166]
50: [166]
51: [166]
52: [166]
53: [166]
54: [166]
55: [177, 127, 145, 144, 143, 166, 142, 141, 165, 164, 140]
56: [177, 127]
57: [140, 164]
58: [141, 165]
59: [142, 166]
60: [143, 167]
61: [144, 167]
62: [145, 167]
63: [167]
64: [167]
65: [167]
66: [167]
67: [167]
68: [167]
69: [177, 127, 145, 144, 167, 143, 166, 142, 141, 165, 164, 140]
70: [177, 127]
71: [140, 164]
72: [141, 165]
73: [142, 166]
74: [143, 167]
75: [144, 168]
76: [145, 168]
77: [168]
78: [168]
79: [168]
80: [168]
81: [168]
82: [168]
83: [177, 127, 145, 144, 168, 167, 143, 166, 142, 141, 165, 164, 140]
84: [177, 127]
85: [140, 164]
86: [141, 165]
87: [142, 166]
88: [143, 167]
89: [144, 168]
90: [145, 169]
91: [169]
92: [169]
93: [169]
94: [169]
95: [169]
96: [169]
97: [177, 127, 145, 169, 144, 168, 167, 143, 166, 142, 141, 165, 164, 140]
98: [177, 127]
99: [140, 164]
100: [141, 165]
101: [142, 166]
102: [143, 167]
103: [144, 168]
104: [145, 169]
105: [145, 170]
106: [145, 170]
107: [145, 170]
108: [145, 170]
109: [145, 170]
110: [145, 170]
111: []
112: [177, 127]
113: [140, 164]
114: [141, 165]
115: [142, 166]
116: [143, 167]
117: [144, 168]
118: [144, 169]
119: [144, 170]
120: [144]
121: [144]
122: [144]
123: [144]
124: [144]
125: [164, 165, 166, 167, 168, 169, 170, 140, 141, 142, 143, 144, 177, 127]
126: [177, 127]
127: [140, 164]
128: [141, 165]
129: [142, 166]
130: [143, 167]
131: [143, 168]
132: [143, 169]
133: [143, 170]
134: [143]
135: [143]
136: [143]
137: [143]
138: [143]
139: [164, 165, 166, 167, 168, 169, 170, 140, 141, 142, 143, 177, 127]
140: [177, 127]
141: [140, 164]
142: [141, 165]
143: [142, 166]
144: [142, 167]
145: [142, 168]
146: [142, 169]
147: [142, 170]
148: [142]
149: [142]
150: [142]
151: [142]
152: [142]
153: [164, 165, 166, 167, 168, 169, 170, 140, 141, 142, 177, 127]
154: [177, 127]
155: [140, 164]
156: [141, 165]
157: [141, 166]
158: [141, 167]
159: [141, 168]
160: [141, 169]
161: [141, 170]
162: [141]
163: [141]
164: [141]
165: [141]
166: [141]
167: [164, 165, 166, 167, 168, 169, 170, 140, 141, 177, 127]
168: [177, 127]
169: [140, 164, 177]
170: [140, 165, 177]
171: [140, 166, 177]
172: [140, 167, 177]
173: [140, 168, 177]
174: [140, 169, 177]
175: [140, 170, 177]
176: [140, 177]
177: [140, 177]
178: [140, 177]
179: [140, 177]
180: [140, 177]
181: [164, 165, 166, 167, 168, 169, 170, 140, 177, 127]
182: [127]
183: [164, 127]
184: [164, 165, 127]
185: [164, 165, 166, 127]
186: [164, 165, 166, 167, 127]
187: [164, 165, 166, 167, 168, 127]
188: [164, 165, 166, 167, 168, 169, 127]
189: [164, 165, 166, 167, 168, 169, 170, 127]
190: [164, 165, 166, 167, 168, 169, 170, 127]
191: [164, 165, 166, 167, 168, 169, 170, 127]
192: [164, 165, 166, 167, 168, 169, 170, 127]
193: [164, 165, 166, 167, 168, 169, 170, 127]
194: [164, 165, 166, 167, 168, 169, 170, 127]
195: [164, 165, 166, 167, 168, 169, 170, 127]
112
0: [135, 136, 137, 138, 139, 127]
1: [135, 136, 137, 138, 139, 127]
2: [135, 136, 137, 138, 139, 127]
3: [135, 136, 137, 138, 139, 127]
4: [135, 136, 137, 138, 139, 127]
5: [135, 136, 137, 138, 139, 127]
6: [135, 136, 137, 138, 139, 127]
7: [135, 136, 137, 138, 139, 127]
8: [135, 136, 137, 138, 139, 127]
9: [136, 137, 138, 139, 127]
10: [137, 138, 139, 127]
11: [138, 139, 127]
12: [139, 127]
13: [127]
14: [135, 136, 137, 138, 139, 152, 177, 127]
15: [152, 177]
16: [152, 177]
17: [152, 177]
18: [152, 177]
19: [152, 177]
20: [152, 177]
21: [152, 177]
22: [152, 135, 177]
23: [152, 136, 177]
24: [152, 137, 177]
25: [152, 138, 177]
26: [152, 139, 177]
27: [177, 127]
28: [135, 136, 137, 138, 139, 152, 153, 177, 127]
29: [153]
30: [153]
31: [153]
32: [153]
33: [153]
34: [153]
35: [153]
36: [153, 135]
37: [153, 136]
38: [153, 137]
39: [153, 138]
40: [152, 139]
41: [177, 127]
42: [135, 136, 137, 138, 139, 152, 153, 154, 177, 127]
43: [154]
44: [154]
45: [154]
46: [154]
47: [154]
48: [154]
49: [154]
50: [154, 135]
51: [154, 136]
52: [154, 137]
53: [153, 138]
54: [152, 139]
55: [177, 127]
56: [135, 136, 137, 138, 139, 152, 153, 154, 155, 177, 127]
57: [155]
58: [155]
59: [155]
60: [155]
61: [155]
62: [155]
63: [155]
64: [155, 135]
65: [155, 136]
66: [154, 137]
67: [153, 138]
68: [152, 139]
69: [177, 127]
70: [135, 136, 137, 138, 139, 152, 153, 154, 155, 156, 177, 127]
71: [156]
72: [156]
73: [156]
74: [156]
75: [156]
76: [156]
77: [156]
78: [156, 135]
79: [155, 136]
80: [154, 137]
81: [153, 138]
82: [152, 139]
83: [177, 127]
84: [135, 136, 137, 138, 139, 152, 153, 154, 155, 156, 157, 177, 127]
85: [157]
86: [157]
87: [157]
88: [157]
89: [157]
90: [157]
91: [157]
92: [156, 135]
93: [155, 136]
94: [154, 137]
95: [153, 138]
96: [152, 139]
97: [177, 127]
98: [135, 136, 137, 138, 139, 152, 153, 154, 155, 156, 157, 158, 177, 127]
99: [158]
100: [158]
101: [158]
102: [158]
103: [158]
104: [158]
105: [157]
106: [156, 135]
107: [155, 136]
108: [154, 137]
109: [153, 138]
110: [152, 139]
111: [177, 127]
112: []
113: [159, 135]
114: [159, 135]
115: [159, 135]
116: [159, 135]
117: [159, 135]
118: [158, 135]
119: [157, 135]
120: [156, 135]
121: [155, 136]
122: [154, 137]
123: [153, 138]
124: [152, 139]
125: [177, 127]
126: [177, 127, 159, 158, 157, 156, 136, 155, 137, 154, 153, 138, 152, 139]
127: [136]
128: [136]
129: [136]
130: [136]
131: [159, 136]
132: [158, 136]
133: [157, 136]
134: [156, 136]
135: [155, 136]
136: [154, 137]
137: [153, 138]
138: [152, 139]
139: [177, 127]
140: [177, 127, 159, 158, 157, 156, 155, 137, 154, 153, 138, 152, 139]
141: [137]
142: [137]
143: [137]
144: [137]
145: [159, 137]
146: [158, 137]
147: [157, 137]
148: [156, 137]
149: [155, 137]
150: [154, 137]
151: [153, 138]
152: [152, 139]
153: [177, 127]
154: [177, 127, 159, 158, 157, 156, 155, 154, 153, 138, 152, 139]
155: [138]
156: [138]
157: [138]
158: [138]
159: [159, 138]
160: [158, 138]
161: [157, 138]
162: [156, 138]
163: [155, 138]
164: [154, 138]
165: [153, 138]
166: [152, 139]
167: [177, 127]
168: [177, 127, 159, 158, 157, 156, 155, 154, 153, 152, 139]
169: [177, 139]
170: [177, 139]
171: [177, 139]
172: [177, 139]
173: [177, 159, 139]
174: [177, 158, 139]
175: [177, 157, 139]
176: [177, 156, 139]
177: [177, 155, 139]
178: [177, 154, 139]
179: [177, 153, 139]
180: [177, 152, 139]
181: [177, 127]
182: [127, 159, 158, 157, 156, 155, 154, 153, 152]
183: [127, 159, 158, 157, 156, 155, 154, 153, 152]
184: [127, 159, 158, 157, 156, 155, 154, 153, 152]
185: [127, 159, 158, 157, 156, 155, 154, 153, 152]
186: [127, 159, 158, 157, 156, 155, 154, 153, 152]
187: [159, 127, 158, 157, 156, 155, 154, 153, 152]
188: [127, 158, 157, 156, 155, 154, 153, 152]
189: [127, 157, 156, 155, 154, 153, 152]
190: [127, 156, 155, 154, 153, 152]
191: [127, 155, 154, 153, 152]
192: [127, 154, 153, 152]
193: [127, 153, 152]
194: [127, 152]
195: [127]
113
0: [135]
1: [140, 135, 176]
2: [140, 135, 176]
3: [140, 135, 176]
4: [140, 135, 176]
5: [140, 135, 176]
6: [140, 135, 176]
7: [140, 135, 176]
8: [140, 135, 176]
9: [140, 176]
10: [140, 176]
11: [140, 176]
12: [140, 176]
13: [140]
14: [135]
15: [8, 9, 10, 11, 1]
16: [8, 9, 10, 11, 1]
17: [8, 9, 10, 11, 1]
18: [8, 9, 10, 11, 1]
19: [8, 9, 10, 11, 1]
20: [8, 9, 10, 11, 1]
21: [8, 9, 10, 11, 1]
22: [8, 9, 10, 11, 1]
23: [9, 10, 11, 1]
24: [10, 11, 1]
25: [11, 1]
26: [1]
27: [164, 140]
28: [135]
29: [8, 9, 10, 11, 22, 1]
30: [22]
31: [22]
32: [22]
33: [22]
34: [22]
35: [22]
36: [22, 8]
37: [22, 9]
38: [22, 10]
39: [22, 11]
40: [1]
41: [164, 140]
42: [135]
43: [8, 9, 10, 11, 22, 23, 1]
44: [23]
45: [23]
46: [23]
47: [23]
48: [23]
49: [23]
50: [23, 8]
51: [23, 9]
52: [23, 10]
53: [22, 11]
54: [1]
55: [164, 140]
56: [135]
57: [8, 9, 10, 11, 22, 23, 24, 1]
58: [24]
59: [24]
60: [24]
61: [24]
62: [24]
63: [24]
64: [24, 8]
65: [24, 9]
66: [23, 10]
67: [22, 11]
68: [1]
69: [164, 140]
70: [135]
71: [8, 9, 10, 11, 22, 23, 24, 25, 1]
72: [25]
73: [25]
74: [25]
75: [25]
76: [25]
77: [25]
78: [25, 8]
79: [24, 9]
80: [23, 10]
81: [22, 11]
82: [1]
83: [164, 140]
84: [135]
85: [8, 9, 10, 11, 22, 23, 24, 25, 26, 1]
86: [26]
87: [26]
88: [26]
89: [26]
90: [26]
91: [26]
92: [25, 8]
93: [24, 9]
94: [23, 10]
95: [22, 11]
96: [1]
97: [164, 140]
98: [135]
99: [8, 9, 10, 11, 22, 23, 24, 25, 26, 27, 1]
100: [27]
101: [27]
102: [27]
103: [27]
104: [27]
105: [26]
106: [25, 8]
107: [24, 9]
108: [23, 10]
109: [22, 11]
110: [1]
111: [164, 140]
112: [135, 159]
113: []
114: [28, 8]
115: [28, 8]
116: [28, 8]
117: [28, 8]
118: [27, 8]
119: [26, 8]
120: [25, 8]
121: [24, 9]
122: [23, 10]
123: [22, 11]
124: [1]
125: [164, 140]
126: [159]
127: [1, 28, 27, 26, 25, 24, 9, 10, 23, 11, 22]
128: [9]
129: [9]
130: [9]
131: [28, 9]
132: [27, 9]
133: [26, 9]
134: [25, 9]
135: [24, 9]
136: [23, 10]
137: [22, 11]
138: [1]
139: [164, 140]
140: [159]
141: [1, 28, 27, 26, 25, 24, 10, 23, 11, 22]
142: [10]
143: [10]
144: [10]
145: [28, 10]
146: [27, 10]
147: [26, 10]
148: [25, 10]
149: [24, 10]
150: [23, 10]
151: [22, 11]
152: [1]
153: [164, 140]
154: [159]
155: [1, 28, 27, 26, 25, 24, 23, 11, 22]
156: [11]
157: [11]
158: [11]
159: [28, 11]
160: [27, 11]
161: [26, 11]
162: [25, 11]
163: [24, 11]
164: [23, 11]
165: [22, 11]
166: [1]
167: [164, 140]
168: [159]
169: [1, 28, 27, 26, 25, 24, 23, 22]
170: [1, 28, 27, 26, 25, 24, 23, 22]
171: [1, 28, 27, 26, 25, 24, 23, 22]
172: [1, 28, 27, 26, 25, 24, 23, 22]
173: [1, 28, 27, 26, 25, 24, 23, 22]
174: [1, 27, 26, 25, 24, 23, 22]
175: [1, 26, 25, 24, 23, 22]
176: [1, 25, 24, 23, 22]
177: [1, 24, 23, 22]
178: [1, 23, 22]
179: [1, 22]
180: [1]
181: [164, 140]
182: [159]
183: [176, 159, 164]
184: [176, 159, 164]
185: [176, 159, 164]
186: [176, 159, 164]
187: [176, 159, 164]
188: [176, 164]
189: [176, 164]
190: [176, 164]
191: [176, 164]
192: [176, 164]
193: [176, 164]
194: [176, 164]
195: [164]
114
0: [135]
1: [135]
2: [141, 135]
3: [141, 135]
4: [141, 135]
5: [141, 135]
6: [141, 135]
7: [141, 135]
8: [141, 135]
9: [141]
10: [141]
11: [141]
12: [141]
13: [141]
14: [135]
15: [8]
16: [12, 8]
17: [12, 8]
18: [12, 8]
19: [12, 8]
20: [12, 8]
21: [12, 8]
22: [12, 8]
23: [12]
24: [12]
25: [12]
26: [12]
27: [141]
28: [135]
29: [8]
30: [48, 49, 50, 42]
31: [48, 49, 50, 42]
32: [48, 49, 50, 42]
33: [48, 49, 50, 42]
34: [48, 49, 50, 42]
35: [48, 49, 50, 42]
36: [48, 49, 50, 42]
37: [49, 50, 42]
38: [50, 42]
39: [42]
40: [32, 12]
41: [165, 141]
42: [135]
43: [8]
44: [48, 49, 50, 59, 179, 42]
45: [59, 179]
46: [59, 179]
47: [59, 179]
48: [59, 179]
49: [59, 179]
50: [59, 48, 179]
51: [59, 49, 179]
52: [59, 50, 179]
53: [179, 42]
54: [32, 12]
55: [165, 141]
56: [135]
57: [8]
58: [48, 49, 50, 59, 60, 179, 42]
59: [60]
60: [60]
61: [60]
62: [60]
63: [60]
64: [60, 48]
65: [60, 49]
66: [59, 50]
67: [179, 42]
68: [32, 12]
69: [165, 141]
70: [135]
71: [8]
72: [48, 49, 50, 59, 60, 61, 179, 42]
73: [61]
74: [61]
75: [61]
76: [61]
77: [61]
78: [61, 48]
79: [60, 49]
80: [59, 50]
81: [179, 42]
82: [32, 12]
83: [165, 141]
84: [135]
85: [8]
86: [48, 49, 50, 59, 60, 61, 62, 179, 42]
87: [62]
88: [62]
89: [62]
90: [62]
91: [62]
92: [61, 48]
93: [60, 49]
94: [59, 50]
95: [179, 42]
96: [32, 12]
97: [165, 141]
98: [135]
99: [8]
100: [48, 49, 50, 59, 60, 61, 62, 63, 179, 42]
101: [63]
102: [63]
103: [63]
104: [63]
105: [62]
106: [61, 48]
107: [60, 49]
108: [59, 50]
109: [179, 42]
110: [32, 12]
111: [165, 141]
112: [135, 159]
113: [8, 28]
114: []
115: [64, 48]
116: [64, 48]
117: [64, 48]
118: [63, 48]
119: [62, 48]
120: [61, 48]
121: [60, 49]
122: [59, 50]
123: [179, 42]
124: [32, 12]
125: [165, 141]
126: [159]
127: [28]
128: [42, 179, 64, 63, 62, 61, 49, 60, 50, 59]
129: [49]
130: [49]
131: [64, 49]
132: [63, 49]
133: [62, 49]
134: [61, 49]
135: [60, 49]
136: [59, 50]
137: [179, 42]
138: [32, 12]
139: [165, 141]
140: [159]
141: [28]
142: [42, 179, 64, 63, 62, 61, 60, 50, 59]
143: [179, 50]
144: [179, 50]
145: [64, 179, 50]
146: [179, 63, 50]
147: [179, 62, 50]
148: [179, 61, 50]
149: [179, 60, 50]
150: [179, 59, 50]
151: [179, 42]
152: [32, 12]
153: [165, 141]
154: [159]
155: [28]
156: [42, 64, 63, 62, 61, 60, 59]
157: [42, 64, 63, 62, 61, 60, 59]
158: [42, 64, 63, 62, 61, 60, 59]
159: [64, 42, 63, 62, 61, 60, 59]
160: [42, 63, 62, 61, 60, 59]
161: [42, 62, 61, 60, 59]
162: [42, 61, 60, 59]
163: [42, 60, 59]
164: [42, 59]
165: [42]
166: [32, 12]
167: [165, 141]
168: [159]
169: [28]
170: [28, 32]
171: [28, 32]
172: [28, 32]
173: [28, 32]
174: [32]
175: [32]
176: [32]
177: [32]
178: [32]
179: [32]
180: [32]
181: [165]
182: [159]
183: [159]
184: [159, 165]
185: [159, 165]
186: [159, 165]
187: [159, 165]
188: [165]
189: [165]
190: [165]
191: [165]
192: [165]
193: [165]
194: [165]
195: [165]
115
0: [135]
1: [135]
2: [135]
3: [142, 135]
4: [142, 135]
5: [142, 135]
6: [142, 135]
7: [142, 135]
8: [142, 135]
9: [142]
10: [142]
11: [142]
12: [142]
13: [142]
14: [135]
15: [8]
16: [8]
17: [13, 8]
18: [13, 8]
19: [13, 8]
20: [13, 8]
21: [13, 8]
22: [13, 8]
23: [13]
24: [13]
25: [13]
26: [13]
27: [142]
28: [135]
29: [8]
30: [48]
31: [51, 48, 178]
32: [51, 48, 178]
33: [51, 48, 178]
34: [51, 48, 178]
35: [51, 48, 178]
36: [51, 48, 178]
37: [51, 178]
38: [51, 178]
39: [51]
40: [13]
41: [142]
42: [135]
43: [8]
44: [48]
45: [80, 81, 75]
46: [80, 81, 75]
47: [80, 81, 75]
48: [80, 81, 75]
49: [80, 81, 75]
50: [80, 81, 75]
51: [81, 75]
52: [75]
53: [67, 51]
54: [33, 13]
55: [166, 142]
56: [135]
57: [8]
58: [48]
59: [80, 81, 88, 75]
60: [88]
61: [88]
62: [88]
63: [88]
64: [88, 80]
65: [88, 81]
66: [75]
67: [67, 51]
68: [33, 13]
69: [166, 142]
70: [135]
71: [8]
72: [48]
73: [80, 81, 88, 89, 75]
74: [89]
75: [89]
76: [89]
77: [89]
78: [89, 80]
79: [88, 81]
80: [75]
81: [67, 51]
82: [33, 13]
83: [166, 142]
84: [135]
85: [8]
86: [48]
87: [80, 81, 88, 89, 90, 75]
88: [90]
89: [90]
90: [90]
91: [90]
92: [89, 80]
93: [88, 81]
94: [75]
95: [67, 51]
96: [33, 13]
97: [166, 142]
98: [135]
99: [8]
100: [48]
101: [80, 81, 88, 89, 90, 91, 75]
102: [91]
103: [91]
104: [91]
105: [90]
106: [89, 80]
107: [88, 81]
108: [75]
109: [67, 51]
110: [33, 13]
111: [166, 142]
112: [135, 159]
113: [8, 28]
114: [48, 64]
115: []
116: [92, 80]
117: [92, 80]
118: [91, 80]
119: [90, 80]
120: [89, 80]
121: [88, 81]
122: [75]
123: [67, 51]
124: [33, 13]
125: [166, 142]
126: [159]
127: [28]
128: [64]
129: [75, 92, 91, 90, 89, 88, 81]
130: [81]
131: [92, 81]
132: [91, 81]
133: [90, 81]
134: [89, 81]
135: [88, 81]
136: [75]
137: [67, 51]
138: [33, 13]
139: [166, 142]
140: [159]
141: [28]
142: [64]
143: [75, 92, 91, 90, 89, 88]
144: [75, 92, 91, 90, 89, 88]
145: [75, 92, 91, 90, 89, 88]
146: [75, 91, 90, 89, 88]
147: [75, 90, 89, 88]
148: [75, 89, 88]
149: [75, 88]
150: [75]
151: [67, 51]
152: [33, 13]
153: [166, 142]
154: [159]
155: [28]
156: [64]
157: [178, 64, 67]
158: [178, 64, 67]
159: [64, 178, 67]
160: [178, 67]
161: [178, 67]
162: [178, 67]
163: [178, 67]
164: [178, 67]
165: [67]
166: [33]
167: [166]
168: [159]
169: [28]
170: [28]
171: [28, 33]
172: [28, 33]
173: [28, 33]
174: [33]
175: [33]
176: [33]
177: [33]
178: [33]
179: [33]
180: [33]
181: [166]
182: [159]
183: [159]
184: [159]
185: [159, 166]
186: [159, 166]
187: [159, 166]
188: [166]
189: [166]
190: [166]
191: [166]
192: [166]
193: [166]
194: [166]
195: [166]
116
0: [135]
1: [135]
2: [135]
3: [135]
4: [143, 135]
5: [143, 135]
6: [143, 135]
7: [143, 135]
8: [143, 135]
9: [143]
10: [143]
11: [143]
12: [143]
13: [143]
14: [135]
15: [8]
16: [8]
17: [8]
18: [14, 8]
19: [14, 8]
20: [14, 8]
21: [14, 8]
22: [14, 8]
23: [14]
24: [14]
25: [14]
26: [14]
27: [143]
28: [135]
29: [8]
30: [48]
31: [48]
32: [52, 48]
33: [52, 48]
34: [52, 48]
35: [52, 48]
36: [52, 48]
37: [52]
38: [52]
39: [52]
40: [14]
41: [143]
42: [135]
43: [8]
44: [48]
45: [80]
46: [82, 80]
47: [82, 80]
48: [82, 80]
49: [82, 80]
50: [82, 80]
51: [82]
52: [82]
53: [52]
54: [14]
55: [143]
56: [135]
57: [8]
58: [48]
59: [80]
60: [104, 100]
61: [104, 100]
62: [104, 100]
63: [104, 100]
64: [104, 100]
65: [100]
66: [94, 82]
67: [68, 52]
68: [34, 14]
69: [167, 143]
70: [135]
71: [8]
72: [48]
73: [80]
74: [104, 109, 181, 100]
75: [109, 181]
76: [109, 181]
77: [109, 181]
78: [109, 104, 181]
79: [181, 100]
80: [94, 82]
81: [68, 52]
82: [34, 14]
83: [167, 143]
84: [135]
85: [8]
86: [48]
87: [80]
88: [104, 109, 110, 181, 100]
89: [110]
90: [110]
91: [110]
92: [109, 104]
93: [181, 100]
94: [94, 82]
95: [68, 52]
96: [34, 14]
97: [167, 143]
98: [135]
99: [8]
100: [48]
101: [80]
102: [104, 109, 110, 111, 181, 100]
103: [111]
104: [111]
105: [110]
106: [109, 104]
107: [181, 100]
108: [94, 82]
109: [68, 52]
110: [34, 14]
111: [167, 143]
112: [135, 159]
113: [8, 28]
114: [48, 64]
115: [80, 92]
116: []
117: [112, 181, 104]
118: [181, 111, 104]
119: [181, 110, 104]
120: [181, 109, 104]
121: [181, 100]
122: [94, 82]
123: [68, 52]
124: [34, 14]
125: [167, 143]
126: [159]
127: [28]
128: [64]
129: [92]
130: [100, 112, 111, 110, 109]
131: [112, 100, 111, 110, 109]
132: [100, 111, 110, 109]
133: [100, 110, 109]
134: [100, 109]
135: [100]
136: [94, 82]
137: [68, 52]
138: [34, 14]
139: [167, 143]
140: [159]
141: [28]
142: [64]
143: [92]
144: [92, 94]
145: [92, 94]
146: [94]
147: [94]
148: [94]
149: [94]
150: [94]
151: [68]
152: [34]
153: [167]
154: [159]
155: [28]
156: [64]
157: [64]
158: [64, 68]
159: [64, 68]
160: [68]
161: [68]
162: [68]
163: [68]
164: [68]
165: [68]
166: [34]
167: [167]
168: [159]
169: [28]
170: [28]
171: [28]
172: [28, 34]
173: [28, 34]
174: [34]
175: [34]
176: [34]
177: [34]
178: [34]
179: [34]
180: [34]
181: [167]
182: [159]
183: [159]
184: [159]
185: [159]
186: [159, 167]
187: [159, 167]
188: [167]
189: [167]
190: [167]
191: [167]
192: [167]
193: [167]
194: [167]
195: [167]
117
0: [135]
1: [135]
2: [135]
3: [135]
4: [135]
5: [144, 135]
6: [144, 135]
7: [144, 135]
8: [144, 135]
9: [144]
10: [144]
11: [144]
12: [144]
13: [144]
14: [135]
15: [8]
16: [8]
17: [8]
18: [8]
19: [15, 8]
20: [15, 8]
21: [15, 8]
22: [15, 8]
23: [15]
24: [15]
25: [15]
26: [15]
27: [144]
28: [135]
29: [8]
30: [48]
31: [48]
32: [48]
33: [53, 48]
34: [53, 48]
35: [53, 48]
36: [53, 48]
37: [53]
38: [53]
39: [53]
40: [15]
41: [144]
42: [135]
43: [8]
44: [48]
45: [80]
46: [80]
47: [83, 80]
48: [83, 80]
49: [83, 80]
50: [83, 80]
51: [83]
52: [83]
53: [53]
54: [15]
55: [144]
56: [135]
57: [8]
58: [48]
59: [80]
60: [104]
61: [105, 104, 180]
62: [105, 104, 180]
63: [105, 104, 180]
64: [105, 104, 180]
65: [105]
66: [83]
67: [53]
68: [15]
69: [144]
70: [135]
71: [8]
72: [48]
73: [80]
74: [104, 181]
75: [117]
76: [117]
77: [117]
78: [117]
79: [113, 181, 105]
80: [95, 83]
81: [69, 53]
82: [35, 15]
83: [168, 144]
84: [135]
85: [8]
86: [48]
87: [80]
88: [104, 181]
89: [122, 117]
90: [122]
91: [122]
92: [117]
93: [181, 113, 105]
94: [95, 83]
95: [69, 53]
96: [35, 15]
97: [168, 144]
98: [135]
99: [8]
100: [48]
101: [80]
102: [104, 181]
103: [122, 123, 117]
104: [123]
105: [122]
106: [117]
107: [181, 113, 105]
108: [95, 83]
109: [69, 53]
110: [35, 15]
111: [168, 144]
112: [135, 159]
113: [8, 28]
114: [48, 64]
115: [80, 92]
116: [104, 112, 181]
117: []
118: [117, 123, 122]
119: [117, 122]
120: [117]
121: [181, 113, 105]
122: [95, 83]
123: [69, 53]
124: [35, 15]
125: [168, 144]
126: [159]
127: [28]
128: [64]
129: [92]
130: [112]
131: [112, 180, 113]
132: [180, 113]
133: [180, 113]
134: [180, 113]
135: [113]
136: [95]
137: [69]
138: [35]
139: [168]
140: [159]
141: [28]
142: [64]
143: [92]
144: [92]
145: [92, 95]
146: [95]
147: [95]
148: [95]
149: [95]
150: [95]
151: [69]
152: [35]
153: [168]
154: [159]
155: [28]
156: [64]
157: [64]
158: [64]
159: [64, 69]
160: [69]
161: [69]
162: [69]
163: [69]
164: [69]
165: [69]
166: [35]
167: [168]
168: [159]
169: [28]
170: [28]
171: [28]
172: [28]
173: [28, 35]
174: [35]
175: [35]
176: [35]
177: [35]
178: [35]
179: [35]
180: [35]
181: [168]
182: [159]
183: [159]
184: [159]
185: [159]
186: [159]
187: [159, 168]
188: [168]
189: [168]
190: [168]
191: [168]
192: [168]
193: [168]
194: [168]
195: [168]
118
0: [135]
1: [135]
2: [135]
3: [135]
4: [135]
5: [144, 135]
6: [144, 135]
7: [144, 135]
8: [144, 135]
9: [144]
10: [144]
11: [144]
12: [144]
13: [144]
14: [135]
15: [8]
16: [8]
17: [8]
18: [8]
19: [15, 8]
20: [15, 8]
21: [15, 8]
22: [15, 8]
23: [15]
24: [15]
25: [15]
26: [15]
27: [144]
28: [135]
29: [8]
30: [48]
31: [48]
32: [48]
33: [53, 48]
34: [53, 48]
35: [53, 48]
36: [53, 48]
37: [53]
38: [53]
39: [53]
40: [15]
41: [144]
42: [135]
43: [8]
44: [48]
45: [80]
46: [80]
47: [83, 80]
48: [83, 80]
49: [83, 80]
50: [83, 80]
51: [83]
52: [83]
53: [53]
54: [15]
55: [144]
56: [135]
57: [8]
58: [48]
59: [80]
60: [104]
61: [105, 104]
62: [105, 104]
63: [105, 104]
64: [105, 104]
65: [105]
66: [83]
67: [53]
68: [15]
69: [144]
70: [135]
71: [8]
72: [48]
73: [80]
74: [104, 181]
75: [117]
76: [117]
77: [117]
78: [117]
79: [181, 105]
80: [83]
81: [53]
82: [15]
83: [144]
84: [135]
85: [8]
86: [48]
87: [80]
88: [104, 181]
89: [122, 117]
90: [124, 122]
91: [124, 122]
92: [124, 117]
93: [114, 181, 105]
94: [96, 83]
95: [70, 53]
96: [36, 15]
97: [169, 144]
98: [135, 158]
99: [8, 27]
100: [48, 63]
101: [80, 91]
102: [104, 111, 181]
103: [122, 123, 117]
104: [124, 123]
105: [122]
106: [117, 124]
107: [181, 114, 105]
108: [96, 83]
109: [70, 53]
110: [36, 15]
111: [169, 144]
112: [135, 158]
113: [8, 27]
114: [48, 63]
115: [80, 91]
116: [104, 111, 181]
117: [122, 123, 117]
118: []
119: [117, 122, 124]
120: [117, 124]
121: [181, 114, 105]
122: [96, 83]
123: [70, 53]
124: [36, 15]
125: [169, 144]
126: [158]
127: [27]
128: [63]
129: [91]
130: [111]
131: [111]
132: [111, 114]
133: [114]
134: [114]
135: [114]
136: [96]
137: [70]
138: [36]
139: [169]
140: [158]
141: [27]
142: [63]
143: [91]
144: [91]
145: [91]
146: [91, 96]
147: [96]
148: [96]
149: [96]
150: [96]
151: [70]
152: [36]
153: [169]
154: [158]
155: [27]
156: [63]
157: [63]
158: [63]
159: [63]
160: [63, 70]
161: [70]
162: [70]
163: [70]
164: [70]
165: [70]
166: [36]
167: [169]
168: [158]
169: [27]
170: [27]
171: [27]
172: [27]
173: [27]
174: [27, 36]
175: [36]
176: [36]
177: [36]
178: [36]
179: [36]
180: [36]
181: [169]
182: [158]
183: [158]
184: [158]
185: [158]
186: [158]
187: [158]
188: [158, 169]
189: [169]
190: [169]
191: [169]
192: [169]
193: [169]
194: [169]
195: [169]
119
0: [135]
1: [135]
2: [135]
3: [135]
4: [135]
5: [144, 135]
6: [144, 135]
7: [144, 135]
8: [144, 135]
9: [144]
10: [144]
11: [144]
12: [144]
13: [144]
14: [135]
15: [8]
16: [8]
17: [8]
18: [8]
19: [15, 8]
20: [15, 8]
21: [15, 8]
22: [15, 8]
23: [15]
24: [15]
25: [15]
26: [15]
27: [144]
28: [135]
29: [8]
30: [48]
31: [48]
32: [48]
33: [53, 48]
34: [53, 48]
35: [53, 48]
36: [53, 48]
37: [53]
38: [53]
39: [53]
40: [15]
41: [144]
42: [135]
43: [8]
44: [48]
45: [80]
46: [80]
47: [83, 80]
48: [83, 80]
49: [83, 80]
50: [83, 80]
51: [83]
52: [83]
53: [53]
54: [15]
55: [144]
56: [135]
57: [8]
58: [48]
59: [80]
60: [104]
61: [105, 104]
62: [105, 104]
63: [105, 104]
64: [105, 104]
65: [105]
66: [83]
67: [53]
68: [15]
69: [144]
70: [135]
71: [8]
72: [48]
73: [80]
74: [104, 181]
75: [117]
76: [117]
77: [117]
78: [117]
79: [181, 105]
80: [83]
81: [53]
82: [15]
83: [144]
84: [135, 157]
85: [8, 26]
86: [48, 62]
87: [80, 90]
88: [104, 110, 181]
89: [122, 117]
90: [124, 122]
91: [124, 122]
92: [117, 124]
93: [181, 105]
94: [83]
95: [53]
96: [15]
97: [144]
98: [135, 157]
99: [8, 26]
100: [48, 62]
101: [80, 90]
102: [104, 110, 181]
103: [122, 117]
104: [124]
105: [125, 122]
106: [125, 117, 124]
107: [115, 181, 105]
108: [97, 83]
109: [71, 53]
110: [37, 15]
111: [170, 144]
112: [135, 157]
113: [8, 26]
114: [48, 62]
115: [80, 90]
116: [104, 110, 181]
117: [122, 117]
118: [122, 124, 117]
119: []
120: [117, 125, 124]
121: [181, 115, 105]
122: [97, 83]
123: [71, 53]
124: [37, 15]
125: [170, 144]
126: [157]
127: [26]
128: [62]
129: [90]
130: [110]
131: [110]
132: [110]
133: [110, 115]
134: [115]
135: [115]
136: [97]
137: [71]
138: [37]
139: [170]
140: [157]
141: [26]
142: [62]
143: [90]
144: [90]
145: [90]
146: [90]
147: [90, 97]
148: [97]
149: [97]
150: [97]
151: [71]
152: [37]
153: [170]
154: [157]
155: [26]
156: [62]
157: [62]
158: [62]
159: [62]
160: [62]
161: [62, 71]
162: [71]
163: [71]
164: [71]
165: [71]
166: [37]
167: [170]
168: [157]
169: [26]
170: [26]
171: [26]
172: [26]
173: [26]
174: [26]
175: [26, 37]
176: [37]
177: [37]
178: [37]
179: [37]
180: [37]
181: [170]
182: [157]
183: [157]
184: [157]
185: [157]
186: [157]
187: [157]
188: [157]
189: [157, 170]
190: [170]
191: [170]
192: [170]
193: [170]
194: [170]
195: [170]
120
0: [135]
1: [135]
2: [135]
3: [135]
4: [135]
5: [144, 135]
6: [144, 135]
7: [144, 135]
8: [144, 135]
9: [144]
10: [144]
11: [144]
12: [144]
13: [144]
14: [135]
15: [8]
16: [8]
17: [8]
18: [8]
19: [15, 8]
20: [15, 8]
21: [15, 8]
22: [15, 8]
23: [15]
24: [15]
25: [15]
26: [15]
27: [144]
28: [135]
29: [8]
30: [48]
31: [48]
32: [48]
33: [53, 48]
34: [53, 48]
35: [53, 48]
36: [53, 48]
37: [53]
38: [53]
39: [53]
40: [15]
41: [144]
42: [135]
43: [8]
44: [48]
45: [80]
46: [80]
47: [83, 80]
48: [83, 80]
49: [83, 80]
50: [83, 80]
51: [83]
52: [83]
53: [53]
54: [15]
55: [144]
56: [135]
57: [8]
58: [48]
59: [80]
60: [104]
61: [105, 180, 104]
62: [180, 105, 104]
63: [180, 105, 104]
64: [180, 105, 104]
65: [105]
66: [83]
67: [53]
68: [15]
69: [144]
70: [135, 156]
71: [8, 25]
72: [48, 61]
73: [80, 89]
74: [104, 109, 181]
75: [117]
76: [117]
77: [117]
78: [117]
79: [181, 105]
80: [83]
81: [53]
82: [15]
83: [144]
84: [135, 156]
85: [8, 25]
86: [48, 61]
87: [80, 89]
88: [104, 109, 181]
89: [117]
90: [124]
91: [124]
92: [117, 124]
93: [181, 105]
94: [83]
95: [53]
96: [15]
97: [144]
98: [135, 156]
99: [8, 25]
100: [48, 61]
101: [80, 89]
102: [104, 109, 181]
103: [117]
104: [124]
105: [125]
106: [117, 125, 124]
107: [181, 105]
108: [83]
109: [53]
110: [15]
111: [144]
112: [135, 156]
113: [8, 25]
114: [48, 61]
115: [80, 89]
116: [104, 109, 181]
117: [117]
118: [124, 117]
119: [124, 125, 117]
120: []
121: [116, 181, 105]
122: [98, 83]
123: [72, 53]
124: [38, 15]
125: [171, 144]
126: [156]
127: [25]
128: [61]
129: [89]
130: [109]
131: [109, 180]
132: [109, 180]
133: [109, 180]
134: [109, 116, 180]
135: [116]
136: [98]
137: [72]
138: [38]
139: [171]
140: [156]
141: [25]
142: [61]
143: [89]
144: [89]
145: [89]
146: [89]
147: [89]
148: [89, 98]
149: [98]
150: [98]
151: [72]
152: [38]
153: [171]
154: [156]
155: [25]
156: [61]
157: [61]
158: [61]
159: [61]
160: [61]
161: [61]
162: [61, 72]
163: [72]
164: [72]
165: [72]
166: [38]
167: [171]
168: [156]
169: [25]
170: [25]
171: [25]
172: [25]
173: [25]
174: [25]
175: [25]
176: [25, 38]
177: [38]
178: [38]
179: [38]
180: [38]
181: [171]
182: [156]
183: [156]
184: [156]
185: [156]
186: [156]
187: [156]
188: [156]
189: [156]
190: [156, 171]
191: [171]
192: [171]
193: [171]
194: [171]
195: [171]
121
0: [136]
1: [136]
2: [136]
3: [136]
4: [136]
5: [144, 136]
6: [144, 136]
7: [144, 136]
8: [144, 136]
9: [144, 136]
10: [144]
11: [144]
12: [144]
13: [144]
14: [136]
15: [9]
16: [9]
17: [9]
18: [9]
19: [15, 9]
20: [15, 9]
21: [15, 9]
22: [15, 9]
23: [15, 9]
24: [15]
25: [15]
26: [15]
27: [144]
28: [136]
29: [9]
30: [49]
31: [49]
32: [49]
33: [53, 49]
34: [53, 49]
35: [53, 49]
36: [53, 49]
37: [53, 49]
38: [53]
39: [53]
40: [15]
41: [144]
42: [136]
43: [9]
44: [49]
45: [81]
46: [81]
47: [83, 81]
48: [83, 81]
49: [83, 81]
50: [83, 81]
51: [83, 81]
52: [83]
53: [53]
54: [15]
55: [144]
56: [136, 155]
57: [9, 24]
58: [49, 60]
59: [81, 88]
60: [100]
61: [105, 100]
62: [100, 105]
63: [100, 105]
64: [100, 105]
65: [100, 105]
66: [83]
67: [53]
68: [15]
69: [144]
70: [136, 155]
71: [9, 24]
72: [49, 60]
73: [81, 88]
74: [181, 100]
75: [105, 181, 113]
76: [181, 113]
77: [181, 113]
78: [181, 113]
79: [100, 181, 105, 113]
80: [83]
81: [53]
82: [15]
83: [144]
84: [136, 155]
85: [9, 24]
86: [49, 60]
87: [81, 88]
88: [181, 100]
89: [105, 113]
90: [114]
91: [114]
92: [114]
93: [100, 181, 114, 105, 113]
94: [83]
95: [53]
96: [15]
97: [144]
98: [136, 155]
99: [9, 24]
100: [49, 60]
101: [81, 88]
102: [181, 100]
103: [105, 113]
104: [114]
105: [115]
106: [115]
107: [100, 181, 115, 114, 105, 113]
108: [83]
109: [53]
110: [15]
111: [144]
112: [136, 155]
113: [9, 24]
114: [49, 60]
115: [81, 88]
116: [181, 100]
117: [105, 113, 181]
118: [105, 114, 181]
119: [105, 115, 181]
120: [105, 116, 181]
121: []
122: [98, 83]
123: [72, 53]
124: [38, 15]
125: [171, 144]
126: [136, 155]
127: [9, 24]
128: [49, 60]
129: [81, 88]
130: [100]
131: [113, 100]
132: [113, 114, 100]
133: [113, 114, 115, 100]
134: [113, 114, 115, 116, 100]
135: [113, 114, 115, 116, 100]
136: [98]
137: [72]
138: [38]
139: [171]
140: [155]
141: [24]
142: [60]
143: [88]
144: [88]
145: [88]
146: [88]
147: [88]
148: [88, 98]
149: [88, 98]
150: [98]
151: [72]
152: [38]
153: [171]
154: [155]
155: [24]
156: [60]
157: [60]
158: [60]
159: [60]
160: [60]
161: [60]
162: [60, 72]
163: [60, 72]
164: [72]
165: [72]
166: [38]
167: [171]
168: [155]
169: [24]
170: [24]
171: [24]
172: [24]
173: [24]
174: [24]
175: [24]
176: [24, 38]
177: [24, 38]
178: [38]
179: [38]
180: [38]
181: [171]
182: [155]
183: [155]
184: [155]
185: [155]
186: [155]
187: [155]
188: [155]
189: [155]
190: [155, 171]
191: [155, 171]
192: [171]
193: [171]
194: [171]
195: [171]
122
0: [137]
1: [137]
2: [137]
3: [137]
4: [137]
5: [144, 137]
6: [144, 137]
7: [144, 137]
8: [144, 137]
9: [144, 137]
10: [144, 137]
11: [144]
12: [144]
13: [144]
14: [137]
15: [10]
16: [10]
17: [10]
18: [10]
19: [15, 10]
20: [15, 10]
21: [15, 10]
22: [15, 10]
23: [15, 10]
24: [15, 10]
25: [15]
26: [15]
27: [144]
28: [137]
29: [10]
30: [50]
31: [178, 50]
32: [178, 50]
33: [178, 53, 50]
34: [178, 53, 50]
35: [178, 53, 50]
36: [178, 53, 50]
37: [178, 53, 50]
38: [178, 53, 50]
39: [53]
40: [15]
41: [144]
42: [137, 154]
43: [10, 23]
44: [50, 59]
45: [75]
46: [75, 82]
47: [83, 75, 82]
48: [75, 83, 82]
49: [75, 83, 82]
50: [75, 83, 82]
51: [75, 83, 82]
52: [75, 83, 82]
53: [53]
54: [15]
55: [144]
56: [137, 154]
57: [10, 23]
58: [50, 59]
59: [75]
60: [82, 94]
61: [83, 94]
62: [94]
63: [94]
64: [94]
65: [94]
66: [75, 83, 82, 94]
67: [53]
68: [15]
69: [144]
70: [137, 154]
71: [10, 23]
72: [50, 59]
73: [75]
74: [82, 94]
75: [83, 95]
76: [95]
77: [95]
78: [95]
79: [95]
80: [75, 83, 95, 82, 94]
81: [53]
82: [15]
83: [144]
84: [137, 154]
85: [10, 23]
86: [50, 59]
87: [75]
88: [82, 94]
89: [83, 95]
90: [96]
91: [96]
92: [96]
93: [96]
94: [75, 96, 83, 95, 82, 94]
95: [53]
96: [15]
97: [144]
98: [137, 154]
99: [10, 23]
100: [50, 59]
101: [75]
102: [82, 94]
103: [83, 95]
104: [96]
105: [97]
106: [97]
107: [97]
108: [75, 97, 96, 83, 95, 82, 94]
109: [53]
110: [15]
111: [144]
112: [137, 154]
113: [10, 23]
114: [50, 59]
115: [75]
116: [82, 94]
117: [83, 95]
118: [83, 96]
119: [83, 97]
120: [83, 98]
121: [83, 98]
122: []
123: [72, 53]
124: [38, 15]
125: [171, 144]
126: [137, 154]
127: [10, 23]
128: [50, 59]
129: [75]
130: [82, 94]
131: [82, 95]
132: [82, 96]
133: [82, 97]
134: [82, 98]
135: [82]
136: [96, 97, 98, 82, 94, 95, 75]
137: [72]
138: [38]
139: [171]
140: [137, 154]
141: [10, 23]
142: [50, 59]
143: [75]
144: [94, 75]
145: [94, 95, 75]
146: [96, 94, 95, 75]
147: [96, 97, 94, 95, 75]
148: [96, 97, 98, 94, 95, 75]
149: [96, 97, 98, 94, 95, 75]
150: [96, 97, 98, 94, 95, 75]
151: [72]
152: [38]
153: [171]
154: [154]
155: [23]
156: [59]
157: [59, 178]
158: [59, 178]
159: [59, 178]
160: [59, 178]
161: [59, 178]
162: [59, 72, 178]
163: [59, 72, 178]
164: [59, 72, 178]
165: [72]
166: [38]
167: [171]
168: [154]
169: [23]
170: [23]
171: [23]
172: [23]
173: [23]
174: [23]
175: [23]
176: [23, 38]
177: [23, 38]
178: [23, 38]
179: [38]
180: [38]
181: [171]
182: [154]
183: [154]
184: [154]
185: [154]
186: [154]
187: [154]
188: [154]
189: [154]
190: [154, 171]
191: [154, 171]
192: [154, 171]
193: [171]
194: [171]
195: [171]
123
0: [138]
1: [138]
2: [138]
3: [138]
4: [138]
5: [144, 138]
6: [144, 138]
7: [144, 138]
8: [144, 138]
9: [144, 138]
10: [144, 138]
11: [144, 138]
12: [144]
13: [144]
14: [138]
15: [11]
16: [11]
17: [11]
18: [11]
19: [15, 11]
20: [15, 11]
21: [15, 11]
22: [15, 11]
23: [15, 11]
24: [15, 11]
25: [15, 11]
26: [15]
27: [144]
28: [138, 153]
29: [11, 22]
30: [42]
31: [42, 51]
32: [42, 52, 51]
33: [42, 53, 52, 51]
34: [42, 53, 52, 51]
35: [42, 53, 52, 51]
36: [42, 53, 52, 51]
37: [42, 53, 52, 51]
38: [42, 53, 52, 51]
39: [42, 53, 52, 51]
40: [15]
41: [144]
42: [138, 153]
43: [11, 22]
44: [179, 42]
45: [179, 51, 67]
46: [179, 52, 67]
47: [179, 53, 67]
48: [179, 67]
49: [179, 67]
50: [179, 67]
51: [179, 67]
52: [179, 67]
53: [42, 179, 53, 52, 67, 51]
54: [15]
55: [144]
56: [138, 153]
57: [11, 22]
58: [179, 42]
59: [51, 67]
60: [52, 68]
61: [53, 68]
62: [68]
63: [68]
64: [68]
65: [68]
66: [68]
67: [42, 179, 53, 52, 68, 67, 51]
68: [15]
69: [144]
70: [138, 153]
71: [11, 22]
72: [179, 42]
73: [51, 67]
74: [52, 68]
75: [53, 69]
76: [69]
77: [69]
78: [69]
79: [69]
80: [69]
81: [42, 179, 69, 53, 52, 68, 67, 51]
82: [15]
83: [144]
84: [138, 153]
85: [11, 22]
86: [179, 42]
87: [51, 67]
88: [52, 68]
89: [53, 69]
90: [70]
91: [70]
92: [70]
93: [70]
94: [70]
95: [42, 179, 70, 69, 53, 52, 68, 67, 51]
96: [15]
97: [144]
98: [138, 153]
99: [11, 22]
100: [179, 42]
101: [51, 67]
102: [52, 68]
103: [53, 69]
104: [70]
105: [71]
106: [71]
107: [71]
108: [71]
109: [42, 179, 71, 70, 69, 53, 52, 68, 67, 51]
110: [15]
111: [144]
112: [138, 153]
113: [11, 22]
114: [179, 42]
115: [51, 67]
116: [52, 68]
117: [53, 69]
118: [53, 70]
119: [53, 71]
120: [53, 72]
121: [53, 72]
122: [53, 72]
123: []
124: [38, 15]
125: [171, 144]
126: [138, 153]
127: [11, 22]
128: [179, 42]
129: [51, 67]
130: [52, 68]
131: [52, 69]
132: [52, 70]
133: [52, 71]
134: [52, 72]
135: [52]
136: [52]
137: [67, 68, 69, 70, 71, 72, 51, 52, 179, 42]
138: [38]
139: [171]
140: [138, 153]
141: [11, 22]
142: [179, 42]
143: [51, 67, 179]
144: [51, 68, 179]
145: [51, 69, 179]
146: [51, 70, 179]
147: [51, 71, 179]
148: [51, 72, 179]
149: [51, 179]
150: [51, 179]
151: [67, 68, 69, 70, 71, 72, 51, 179, 42]
152: [38]
153: [171]
154: [138, 153]
155: [11, 22]
156: [42]
157: [67, 42]
158: [67, 68, 42]
159: [67, 68, 69, 42]
160: [67, 68, 69, 70, 42]
161: [67, 68, 69, 70, 71, 42]
162: [67, 68, 69, 70, 71, 72, 42]
163: [67, 68, 69, 70, 71, 72, 42]
164: [67, 68, 69, 70, 71, 72, 42]
165: [67, 68, 69, 70, 71, 72, 42]
166: [38]
167: [171]
168: [153]
169: [22]
170: [22]
171: [22]
172: [22]
173: [22]
174: [22]
175: [22]
176: [22, 38]
177: [22, 38]
178: [22, 38]
179: [22, 38]
180: [38]
181: [171]
182: [153]
183: [153]
184: [153]
185: [153]
186: [153]
187: [153]
188: [153]
189: [153]
190: [153, 171]
191: [153, 171]
192: [153, 171]
193: [153, 171]
194: [171]
195: [171]
124
0: [139]
1: [176, 139]
2: [176, 139]
3: [176, 139]
4: [176, 139]
5: [144, 176, 139]
6: [176, 144, 139]
7: [176, 144, 139]
8: [176, 144, 139]
9: [176, 144, 139]
10: [176, 144, 139]
11: [176, 144, 139]
12: [176, 144, 139]
13: [144]
14: [139, 152]
15: [1]
16: [1, 12]
17: [1, 13, 12]
18: [1, 14, 13, 12]
19: [1, 15, 14, 13, 12]
20: [1, 15, 14, 13, 12]
21: [1, 15, 14, 13, 12]
22: [1, 15, 14, 13, 12]
23: [1, 15, 14, 13, 12]
24: [1, 15, 14, 13, 12]
25: [1, 15, 14, 13, 12]
26: [1, 15, 14, 13, 12]
27: [144]
28: [139, 152]
29: [1]
30: [12, 32]
31: [13, 32]
32: [14, 32]
33: [15, 32]
34: [32]
35: [32]
36: [32]
37: [32]
38: [32]
39: [32]
40: [1, 15, 14, 13, 32, 12]
41: [144]
42: [139, 152]
43: [1]
44: [12, 32]
45: [13, 33]
46: [14, 33]
47: [15, 33]
48: [33]
49: [33]
50: [33]
51: [33]
52: [33]
53: [33]
54: [1, 15, 14, 33, 13, 32, 12]
55: [144]
56: [139, 152]
57: [1]
58: [12, 32]
59: [13, 33]
60: [14, 34]
61: [15, 34]
62: [34]
63: [34]
64: [34]
65: [34]
66: [34]
67: [34]
68: [1, 15, 34, 14, 33, 13, 32, 12]
69: [144]
70: [139, 152]
71: [1]
72: [12, 32]
73: [13, 33]
74: [14, 34]
75: [15, 35]
76: [35]
77: [35]
78: [35]
79: [35]
80: [35]
81: [35]
82: [1, 35, 15, 34, 14, 33, 13, 32, 12]
83: [144]
84: [139, 152]
85: [1]
86: [12, 32]
87: [13, 33]
88: [14, 34]
89: [15, 35]
90: [36]
91: [36]
92: [36]
93: [36]
94: [36]
95: [36]
96: [1, 36, 35, 15, 34, 14, 33, 13, 32, 12]
97: [144]
98: [139, 152]
99: [1]
100: [12, 32]
101: [13, 33]
102: [14, 34]
103: [15, 35]
104: [36]
105: [37]
106: [37]
107: [37]
108: [37]
109: [37]
110: [1, 37, 36, 35, 15, 34, 14, 33, 13, 32, 12]
111: [144]
112: [139, 152]
113: [1]
114: [12, 32]
115: [13, 33]
116: [14, 34]
117: [15, 35]
118: [15, 36]
119: [15, 37]
120: [15, 38]
121: [15, 38]
122: [15, 38]
123: [15, 38]
124: []
125: [171, 144]
126: [139, 152]
127: [1]
128: [12, 32]
129: [13, 33]
130: [14, 34]
131: [14, 35]
132: [14, 36]
133: [14, 37]
134: [14, 38]
135: [14]
136: [14]
137: [14]
138: [32, 33, 34, 35, 36, 37, 38, 12, 13, 14, 1]
139: [171]
140: [139, 152]
141: [1]
142: [12, 32]
143: [13, 33]
144: [13, 34]
145: [13, 35]
146: [13, 36]
147: [13, 37]
148: [13, 38]
149: [13]
150: [13]
151: [13]
152: [32, 33, 34, 35, 36, 37, 38, 12, 13, 1]
153: [171]
154: [139, 152]
155: [1]
156: [12, 32]
157: [12, 33]
158: [12, 34]
159: [12, 35]
160: [12, 36]
161: [12, 37]
162: [12, 38]
163: [12]
164: [12]
165: [12]
166: [32, 33, 34, 35, 36, 37, 38, 12, 1]
167: [171]
168: [139, 152]
169: [1]
170: [32, 1]
171: [32, 33, 1]
172: [32, 33, 34, 1]
173: [32, 33, 34, 35, 1]
174: [32, 33, 34, 35, 36, 1]
175: [32, 33, 34, 35, 36, 37, 1]
176: [32, 33, 34, 35, 36, 37, 38, 1]
177: [32, 33, 34, 35, 36, 37, 38, 1]
178: [32, 33, 34, 35, 36, 37, 38, 1]
179: [32, 33, 34, 35, 36, 37, 38, 1]
180: [32, 33, 34, 35, 36, 37, 38, 1]
181: [171]
182: [152]
183: [152, 176]
184: [152, 176]
185: [152, 176]
186: [152, 176]
187: [152, 176]
188: [152, 176]
189: [152, 176]
190: [152, 171, 176]
191: [152, 171, 176]
192: [152, 171, 176]
193: [152, 171, 176]
194: [152, 171, 176]
195: [171]
125
0: [127]
1: [127, 140]
2: [127, 141, 140]
3: [127, 142, 141, 140]
4: [127, 143, 142, 141, 140]
5: [144, 127, 143, 142, 141, 140]
6: [127, 144, 143, 142, 141, 140]
7: [127, 144, 143, 142, 141, 140]
8: [127, 144, 143, 142, 141, 140]
9: [127, 144, 143, 142, 141, 140]
10: [127, 144, 143, 142, 141, 140]
11: [127, 144, 143, 142, 141, 140]
12: [127, 144, 143, 142, 141, 140]
13: [127, 144, 143, 142, 141, 140]
14: [177, 127]
15: [177, 140, 164]
16: [177, 141, 164]
17: [177, 142, 164]
18: [177, 143, 164]
19: [144, 177, 164]
20: [177, 164]
21: [177, 164]
22: [177, 164]
23: [177, 164]
24: [177, 164]
25: [177, 164]
26: [177, 164]
27: [177, 127, 144, 143, 142, 141, 164, 140]
28: [177, 127]
29: [140, 164]
30: [141, 165]
31: [142, 165]
32: [143, 165]
33: [144, 165]
34: [165]
35: [165]
36: [165]
37: [165]
38: [165]
39: [165]
40: [165]
41: [177, 127, 144, 143, 142, 141, 165, 164, 140]
42: [177, 127]
43: [140, 164]
44: [141, 165]
45: [142, 166]
46: [143, 166]
47: [144, 166]
48: [166]
49: [166]
50: [166]
51: [166]
52: [166]
53: [166]
54: [166]
55: [177, 127, 144, 143, 166, 142, 141, 165, 164, 140]
56: [177, 127]
57: [140, 164]
58: [141, 165]
59: [142, 166]
60: [143, 167]
61: [144, 167]
62: [167]
63: [167]
64: [167]
65: [167]
66: [167]
67: [167]
68: [167]
69: [177, 127, 144, 167, 143, 166, 142, 141, 165, 164, 140]
70: [177, 127]
71: [140, 164]
72: [141, 165]
73: [142, 166]
74: [143, 167]
75: [144, 168]
76: [168]
77: [168]
78: [168]
79: [168]
80: [168]
81: [168]
82: [168]
83: [177, 127, 144, 168, 167, 143, 166, 142, 141, 165, 164, 140]
84: [177, 127]
85: [140, 164]
86: [141, 165]
87: [142, 166]
88: [143, 167]
89: [144, 168]
90: [169]
91: [169]
92: [169]
93: [169]
94: [169]
95: [169]
96: [169]
97: [177, 127, 169, 144, 168, 167, 143, 166, 142, 141, 165, 164, 140]
98: [177, 127]
99: [140, 164]
100: [141, 165]
101: [142, 166]
102: [143, 167]
103: [144, 168]
104: [169]
105: [170]
106: [170]
107: [170]
108: [170]
109: [170]
110: [170]
111: [177, 127, 170, 169, 144, 168, 167, 143, 166, 142, 141, 165, 164, 140]
112: [177, 127]
113: [140, 164]
114: [141, 165]
115: [142, 166]
116: [143, 167]
117: [144, 168]
118: [144, 169]
119: [144, 170]
120: [144, 171]
121: [144, 171]
122: [144, 171]
123: [144, 171]
124: [144, 171]
125: []
126: [177, 127]
127: [140, 164]
128: [141, 165]
129: [142, 166]
130: [143, 167]
131: [143, 168]
132: [143, 169]
133: [143, 170]
134: [143, 171]
135: [143]
136: [143]
137: [143]
138: [143]
139: [164, 165, 166, 167, 168, 169, 170, 171, 140, 141, 142, 143, 177, 127]
140: [177, 127]
141: [140, 164]
142: [141, 165]
143: [142, 166]
144: [142, 167]
145: [142, 168]
146: [142, 169]
147: [142, 170]
148: [142, 171]
149: [142]
150: [142]
151: [142]
152: [142]
153: [164, 165, 166, 167, 168, 169, 170, 171, 140, 141, 142, 177, 127]
154: [177, 127]
155: [140, 164]
156: [141, 165]
157: [141, 166]
158: [141, 167]
159: [141, 168]
160: [141, 169]
161: [141, 170]
162: [141, 171]
163: [141]
164: [141]
165: [141]
166: [141]
167: [164, 165, 166, 167, 168, 169, 170, 171, 140, 141, 177, 127]
168: [177, 127]
169: [140, 164, 177]
170: [140, 165, 177]
171: [140, 166, 177]
172: [140, 167, 177]
173: [140, 168, 177]
174: [140, 169, 177]
175: [140, 170, 177]
176: [140, 171, 177]
177: [140, 177]
178: [140, 177]
179: [140, 177]
180: [140, 177]
181: [164, 165, 166, 167, 168, 169, 170, 171, 140, 177, 127]
182: [127]
183: [164, 127]
184: [164, 165, 127]
185: [164, 165, 166, 127]
186: [164, 165, 166, 167, 127]
187: [164, 165, 166, 167, 168, 127]
188: [164, 165, 166, 167, 168, 169, 127]
189: [164, 165, 166, 167, 168, 169, 170, 127]
190: [164, 165, 166, 167, 168, 169, 170, 171, 127]
191: [164, 165, 166, 167, 168, 169, 170, 171, 127]
192: [164, 165, 166, 167, 168, 169, 170, 171, 127]
193: [164, 165, 166, 167, 168, 169, 170, 171, 127]
194: [164, 165, 166, 167, 168, 169, 170, 171, 127]
195: [164, 165, 166, 167, 168, 169, 170, 171, 127]
126
0: [136, 137, 138, 139, 127]
1: [136, 137, 138, 139, 127]
2: [136, 137, 138, 139, 127]
3: [136, 137, 138, 139, 127]
4: [136, 137, 138, 139, 127]
5: [136, 137, 138, 139, 127]
6: [136, 137, 138, 139, 127]
7: [136, 137, 138, 139, 127]
8: [136, 137, 138, 139, 127]
9: [136, 137, 138, 139, 127]
10: [137, 138, 139, 127]
11: [138, 139, 127]
12: [139, 127]
13: [127]
14: [136, 137, 138, 139, 152, 177, 127]
15: [152, 177]
16: [152, 177]
17: [152, 177]
18: [152, 177]
19: [152, 177]
20: [152, 177]
21: [152, 177]
22: [152, 177]
23: [152, 136, 177]
24: [152, 137, 177]
25: [152, 138, 177]
26: [152, 139, 177]
27: [177, 127]
28: [136, 137, 138, 139, 152, 153, 177, 127]
29: [153]
30: [153]
31: [153]
32: [153]
33: [153]
34: [153]
35: [153]
36: [153]
37: [153, 136]
38: [153, 137]
39: [153, 138]
40: [152, 139]
41: [177, 127]
42: [136, 137, 138, 139, 152, 153, 154, 177, 127]
43: [154]
44: [154]
45: [154]
46: [154]
47: [154]
48: [154]
49: [154]
50: [154]
51: [154, 136]
52: [154, 137]
53: [153, 138]
54: [152, 139]
55: [177, 127]
56: [136, 137, 138, 139, 152, 153, 154, 155, 177, 127]
57: [155]
58: [155]
59: [155]
60: [155]
61: [155]
62: [155]
63: [155]
64: [155]
65: [155, 136]
66: [154, 137]
67: [153, 138]
68: [152, 139]
69: [177, 127]
70: [136, 137, 138, 139, 152, 153, 154, 155, 156, 177, 127]
71: [156]
72: [156]
73: [156]
74: [156]
75: [156]
76: [156]
77: [156]
78: [156]
79: [155, 136]
80: [154, 137]
81: [153, 138]
82: [152, 139]
83: [177, 127]
84: [136, 137, 138, 139, 152, 153, 154, 155, 156, 157, 177, 127]
85: [157]
86: [157]
87: [157]
88: [157]
89: [157]
90: [157]
91: [157]
92: [156]
93: [155, 136]
94: [154, 137]
95: [153, 138]
96: [152, 139]
97: [177, 127]
98: [136, 137, 138, 139, 152, 153, 154, 155, 156, 157, 158, 177, 127]
99: [158]
100: [158]
101: [158]
102: [158]
103: [158]
104: [158]
105: [157]
106: [156]
107: [155, 136]
108: [154, 137]
109: [153, 138]
110: [152, 139]
111: [177, 127]
112: [136, 137, 138, 139, 152, 153, 154, 155, 156, 157, 158, 159, 177, 127]
113: [159]
114: [159]
115: [159]
116: [159]
117: [159]
118: [158]
119: [157]
120: [156]
121: [155, 136]
122: [154, 137]
123: [153, 138]
124: [152, 139]
125: [177, 127]
126: []
127: [160, 136]
128: [160, 136]
129: [160, 136]
130: [160, 136]
131: [159, 136]
132: [158, 136]
133: [157, 136]
134: [156, 136]
135: [155, 136]
136: [154, 137]
137: [153, 138]
138: [152, 139]
139: [177, 127]
140: [177, 127, 160, 159, 158, 157, 156, 155, 137, 154, 153, 138, 152, 139]
141: [137]
142: [137]
143: [137]
144: [160, 137]
145: [159, 137]
146: [158, 137]
147: [157, 137]
148: [156, 137]
149: [155, 137]
150: [154, 137]
151: [153, 138]
152: [152, 139]
153: [177, 127]
154: [177, 127, 160, 159, 158, 157, 156, 155, 154, 153, 138, 152, 139]
155: [138]
156: [138]
157: [138]
158: [160, 138]
159: [159, 138]
160: [158, 138]
161: [157, 138]
162: [156, 138]
163: [155, 138]
164: [154, 138]
165: [153, 138]
166: [152, 139]
167: [177, 127]
168: [177, 127, 160, 159, 158, 157, 156, 155, 154, 153, 152, 139]
169: [177, 139]
170: [177, 139]
171: [177, 139]
172: [160, 177, 139]
173: [177, 159, 139]
174: [177, 158, 139]
175: [177, 157, 139]
176: [177, 156, 139]
177: [177, 155, 139]
178: [177, 154, 139]
179: [177, 153, 139]
180: [177, 152, 139]
181: [177, 127]
182: [127, 160, 159, 158, 157, 156, 155, 154, 153, 152]
183: [127, 160, 159, 158, 157, 156, 155, 154, 153, 152]
184: [127, 160, 159, 158, 157, 156, 155, 154, 153, 152]
185: [127, 160, 159, 158, 157, 156, 155, 154, 153, 152]
186: [160, 127, 159, 158, 157, 156, 155, 154, 153, 152]
187: [127, 159, 158, 157, 156, 155, 154, 153, 152]
188: [127, 158, 157, 156, 155, 154, 153, 152]
189: [127, 157, 156, 155, 154, 153, 152]
190: [127, 156, 155, 154, 153, 152]
191: [127, 155, 154, 153, 152]
192: [127, 154, 153, 152]
193: [127, 153, 152]
194: [127, 152]
195: [127]
127
0: [136]
1: [140, 136, 176]
2: [140, 136, 176]
3: [140, 136, 176]
4: [140, 136, 176]
5: [140, 136, 176]
6: [140, 136, 176]
7: [140, 136, 176]
8: [140, 136, 176]
9: [140, 136, 176]
10: [140, 176]
11: [140, 176]
12: [140, 176]
13: [140]
14: [136]
15: [9, 10, 11, 1]
16: [9, 10, 11, 1]
17: [9, 10, 11, 1]
18: [9, 10, 11, 1]
19: [9, 10, 11, 1]
20: [9, 10, 11, 1]
21: [9, 10, 11, 1]
22: [9, 10, 11, 1]
23: [9, 10, 11, 1]
24: [10, 11, 1]
25: [11, 1]
26: [1]
27: [164, 140]
28: [136]
29: [9, 10, 11, 22, 1]
30: [22]
31: [22]
32: [22]
33: [22]
34: [22]
35: [22]
36: [22]
37: [22, 9]
38: [22, 10]
39: [22, 11]
40: [1]
41: [164, 140]
42: [136]
43: [9, 10, 11, 22, 23, 1]
44: [23]
45: [23]
46: [23]
47: [23]
48: [23]
49: [23]
50: [23]
51: [23, 9]
52: [23, 10]
53: [22, 11]
54: [1]
55: [164, 140]
56: [136]
57: [9, 10, 11, 22, 23, 24, 1]
58: [24]
59: [24]
60: [24]
61: [24]
62: [24]
63: [24]
64: [24]
65: [24, 9]
66: [23, 10]
67: [22, 11]
68: [1]
69: [164, 140]
70: [136]
71: [9, 10, 11, 22, 23, 24, 25, 1]
72: [25]
73: [25]
74: [25]
75: [25]
76: [25]
77: [25]
78: [25]
79: [24, 9]
80: [23, 10]
81: [22, 11]
82: [1]
83: [164, 140]
84: [136]
85: [9, 10, 11, 22, 23, 24, 25, 26, 1]
86: [26]
87: [26]
88: [26]
89: [26]
90: [26]
91: [26]
92: [25]
93: [24, 9]
94: [23, 10]
95: [22, 11]
96: [1]
97: [164, 140]
98: [136]
99: [9, 10, 11, 22, 23, 24, 25, 26, 27, 1]
100: [27]
101: [27]
102: [27]
103: [27]
104: [27]
105: [26]
106: [25]
107: [24, 9]
108: [23, 10]
109: [22, 11]
110: [1]
111: [164, 140]
112: [136]
113: [9, 10, 11, 22, 23, 24, 25, 26, 27, 28, 1]
114: [28]
115: [28]
116: [28]
117: [28]
118: [27]
119: [26]
120: [25]
121: [24, 9]
122: [23, 10]
123: [22, 11]
124: [1]
125: [164, 140]
126: [136, 160]
127: []
128: [29, 9]
129: [29, 9]
130: [29, 9]
131: [28, 9]
132: [27, 9]
133: [26, 9]
134: [25, 9]
135: [24, 9]
136: [23, 10]
137: [22, 11]
138: [1]
139: [164, 140]
140: [160]
141: [1, 29, 28, 27, 26, 25, 24, 10, 23, 11, 22]
142: [10]
143: [10]
144: [29, 10]
145: [28, 10]
146: [27, 10]
147: [26, 10]
148: [25, 10]
149: [24, 10]
150: [23, 10]
151: [22, 11]
152: [1]
153: [164, 140]
154: [160]
155: [1, 29, 28, 27, 26, 25, 24, 23, 11, 22]
156: [11]
157: [11]
158: [29, 11]
159: [28, 11]
160: [27, 11]
161: [26, 11]
162: [25, 11]
163: [24, 11]
164: [23, 11]
165: [22, 11]
166: [1]
167: [164, 140]
168: [160]
169: [1, 29, 28, 27, 26, 25, 24, 23, 22]
170: [1, 29, 28, 27, 26, 25, 24, 23, 22]
171: [1, 29, 28, 27, 26, 25, 24, 23, 22]
172: [1, 29, 28, 27, 26, 25, 24, 23, 22]
173: [1, 28, 27, 26, 25, 24, 23, 22]
174: [1, 27, 26, 25, 24, 23, 22]
175: [1, 26, 25, 24, 23, 22]
176: [1, 25, 24, 23, 22]
177: [1, 24, 23, 22]
178: [1, 23, 22]
179: [1, 22]
180: [1]
181: [164, 140]
182: [160]
183: [176, 160, 164]
184: [176, 160, 164]
185: [176, 160, 164]
186: [160, 176, 164]
187: [176, 164]
188: [176, 164]
189: [176, 164]
190: [176, 164]
191: [176, 164]
192: [176, 164]
193: [176, 164]
194: [176, 164]
195: [164]
128
0: [136]
1: [136]
2: [141, 136]
3: [141, 136]
4: [141, 136]
5: [141, 136]
6: [141, 136]
7: [141, 136]
8: [141, 136]
9: [141, 136]
10: [141]
11: [141]
12: [141]
13: [141]
14: [136]
15: [9]
16: [12, 9]
17: [12, 9]
18: [12, 9]
19: [12, 9]
20: [12, 9]
21: [12, 9]
22: [12, 9]
23: [12, 9]
24: [12]
25: [12]
26: [12]
27: [141]
28: [136]
29: [9]
30: [49, 50, 42]
31: [49, 50, 42]
32: [49, 50, 42]
33: [49, 50, 42]
34: [49, 50, 42]
35: [49, 50, 42]
36: [49, 50, 42]
37: [49, 50, 42]
38: [50, 42]
39: [42]
40: [32, 12]
41: [165, 141]
42: [136]
43: [9]
44: [49, 50, 59, 179, 42]
45: [59, 179]
46: [59, 179]
47: [59, 179]
48: [59, 179]
49: [59, 179]
50: [59, 179]
51: [59, 49, 179]
52: [59, 50, 179]
53: [179, 42]
54: [32, 12]
55: [165, 141]
56: [136]
57: [9]
58: [49, 50, 59, 60, 179, 42]
59: [60]
60: [60]
61: [60]
62: [60]
63: [60]
64: [60]
65: [60, 49]
66: [59, 50]
67: [179, 42]
68: [32, 12]
69: [165, 141]
70: [136]
71: [9]
72: [49, 50, 59, 60, 61, 179, 42]
73: [61]
74: [61]
75: [61]
76: [61]
77: [61]
78: [61]
79: [60, 49]
80: [59, 50]
81: [179, 42]
82: [32, 12]
83: [165, 141]
84: [136]
85: [9]
86: [49, 50, 59, 60, 61, 62, 179, 42]
87: [62]
88: [62]
89: [62]
90: [62]
91: [62]
92: [61]
93: [60, 49]
94: [59, 50]
95: [179, 42]
96: [32, 12]
97: [165, 141]
98: [136]
99: [9]
100: [49, 50, 59, 60, 61, 62, 63, 179, 42]
101: [63]
102: [63]
103: [63]
104: [63]
105: [62]
106: [61]
107: [60, 49]
108: [59, 50]
109: [179, 42]
110: [32, 12]
111: [165, 141]
112: [136]
113: [9]
114: [64, 49, 50, 59, 60, 61, 62, 63, 179, 42]
115: [64]
116: [64]
117: [64]
118: [63]
119: [62]
120: [61]
121: [60, 49]
122: [59, 50]
123: [179, 42]
124: [32, 12]
125: [165, 141]
126: [136, 160]
127: [9, 29]
128: []
129: [65, 49]
130: [65, 49]
131: [64, 49]
132: [63, 49]
133: [62, 49]
134: [61, 49]
135: [60, 49]
136: [59, 50]
137: [179, 42]
138: [32, 12]
139: [165, 141]
140: [160]
141: [29]
142: [42, 179, 65, 64, 63, 62, 61, 60, 50, 59]
143: [179, 50]
144: [65, 179, 50]
145: [179, 64, 50]
146: [179, 63, 50]
147: [179, 62, 50]
148: [179, 61, 50]
149: [179, 60, 50]
150: [179, 59, 50]
151: [179, 42]
152: [32, 12]
153: [165, 141]
154: [160]
155: [29]
156: [42, 65, 64, 63, 62, 61, 60, 59]
157: [42, 65, 64, 63, 62, 61, 60, 59]
158: [65, 42, 64, 63, 62, 61, 60, 59]
159: [42, 64, 63, 62, 61, 60, 59]
160: [42, 63, 62, 61, 60, 59]
161: [42, 62, 61, 60, 59]
162: [42, 61, 60, 59]
163: [42, 60, 59]
164: [42, 59]
165: [42]
166: [32, 12]
167: [165, 141]
168: [160]
169: [29]
170: [29, 32]
171: [29, 32]
172: [29, 32]
173: [32]
174: [32]
175: [32]
176: [32]
177: [32]
178: [32]
179: [32]
180: [32]
181: [165]
182: [160]
183: [160]
184: [160, 165]
185: [160, 165]
186: [160, 165]
187: [165]
188: [165]
189: [165]
190: [165]
191: [165]
192: [165]
193: [165]
194: [165]
195: [165]
129
0: [136]
1: [136]
2: [136]
3: [142, 136]
4: [142, 136]
5: [142, 136]
6: [142, 136]
7: [142, 136]
8: [142, 136]
9: [142, 136]
10: [142]
11: [142]
12: [142]
13: [142]
14: [136]
15: [9]
16: [9]
17: [13, 9]
18: [13, 9]
19: [13, 9]
20: [13, 9]
21: [13, 9]
22: [13, 9]
23: [13, 9]
24: [13]
25: [13]
26: [13]
27: [142]
28: [136]
29: [9]
30: [49]
31: [51, 49, 178]
32: [51, 49, 178]
33: [51, 49, 178]
34: [51, 49, 178]
35: [51, 49, 178]
36: [51, 49, 178]
37: [51, 49, 178]
38: [51, 178]
39: [51]
40: [13]
41: [142]
42: [136]
43: [9]
44: [49]
45: [81, 75]
46: [81, 75]
47: [81, 75]
48: [81, 75]
49: [81, 75]
50: [81, 75]
51: [81, 75]
52: [75]
53: [67, 51]
54: [33, 13]
55: [166, 142]
56: [136]
57: [9]
58: [49]
59: [88, 81, 75]
60: [88]
61: [88]
62: [88]
63: [88]
64: [88]
65: [88, 81]
66: [75]
67: [67, 51]
68: [33, 13]
69: [166, 142]
70: [136]
71: [9]
72: [49]
73: [88, 81, 89, 75]
74: [89]
75: [89]
76: [89]
77: [89]
78: [89]
79: [88, 81]
80: [75]
81: [67, 51]
82: [33, 13]
83: [166, 142]
84: [136]
85: [9]
86: [49]
87: [88, 81, 90, 89, 75]
88: [90]
89: [90]
90: [90]
91: [90]
92: [89]
93: [88, 81]
94: [75]
95: [67, 51]
96: [33, 13]
97: [166, 142]
98: [136]
99: [9]
100: [49]
101: [81, 88, 89, 90, 91, 75]
102: [91]
103: [91]
104: [91]
105: [90]
106: [89]
107: [88, 81]
108: [75]
109: [67, 51]
110: [33, 13]
111: [166, 142]
112: [136]
113: [9]
114: [49]
115: [81, 88, 89, 90, 91, 92, 75]
116: [92]
117: [92]
118: [91]
119: [90]
120: [89]
121: [88, 81]
122: [75]
123: [67, 51]
124: [33, 13]
125: [166, 142]
126: [136, 160]
127: [9, 29]
128: [49, 65]
129: []
130: [93, 81]
131: [92, 81]
132: [91, 81]
133: [90, 81]
134: [89, 81]
135: [88, 81]
136: [75]
137: [67, 51]
138: [33, 13]
139: [166, 142]
140: [160]
141: [29]
142: [65]
143: [75, 93, 92, 91, 90, 89, 88]
144: [75, 93, 92, 91, 90, 89, 88]
145: [75, 92, 91, 90, 89, 88]
146: [75, 91, 90, 89, 88]
147: [75, 90, 89, 88]
148: [75, 89, 88]
149: [75, 88]
150: [75]
151: [67, 51]
152: [33, 13]
153: [166, 142]
154: [160]
155: [29]
156: [65]
157: [178, 65, 67]
158: [65, 178, 67]
159: [178, 67]
160: [178, 67]
161: [178, 67]
162: [178, 67]
163: [178, 67]
164: [178, 67]
165: [67]
166: [33]
167: [166]
168: [160]
169: [29]
170: [29]
171: [29, 33]
172: [29, 33]
173: [33]
174: [33]
175: [33]
176: [33]
177: [33]
178: [33]
179: [33]
180: [33]
181: [166]
182: [160]
183: [160]
184: [160]
185: [160, 166]
186: [160, 166]
187: [166]
188: [166]
189: [166]
190: [166]
191: [166]
192: [166]
193: [166]
194: [166]
195: [166]
130
0: [136]
1: [136]
2: [136]
3: [136]
4: [143, 136]
5: [143, 136]
6: [143, 136]
7: [143, 136]
8: [143, 136]
9: [143, 136]
10: [143]
11: [143]
12: [143]
13: [143]
14: [136]
15: [9]
16: [9]
17: [9]
18: [14, 9]
19: [14, 9]
20: [14, 9]
21: [14, 9]
22: [14, 9]
23: [14, 9]
24: [14]
25: [14]
26: [14]
27: [143]
28: [136]
29: [9]
30: [49]
31: [49]
32: [52, 49]
33: [52, 49]
34: [52, 49]
35: [52, 49]
36: [52, 49]
37: [52, 49]
38: [52]
39: [52]
40: [14]
41: [143]
42: [136]
43: [9]
44: [49]
45: [81]
46: [82, 81]
47: [82, 81]
48: [82, 81]
49: [82, 81]
50: [82, 81]
51: [82, 81]
52: [82]
53: [52]
54: [14]
55: [143]
56: [136]
57: [9]
58: [49]
59: [81]
60: [100]
61: [100]
62: [100]
63: [100]
64: [100]
65: [100]
66: [94, 82]
67: [68, 52]
68: [34, 14]
69: [167, 143]
70: [136]
71: [9]
72: [49]
73: [81]
74: [109, 100]
75: [109]
76: [109]
77: [109]
78: [109]
79: [100]
80: [94, 82]
81: [68, 52]
82: [34, 14]
83: [167, 143]
84: [136]
85: [9]
86: [49]
87: [81]
88: [109, 110, 100]
89: [110]
90: [110]
91: [110]
92: [109]
93: [100]
94: [94, 82]
95: [68, 52]
96: [34, 14]
97: [167, 143]
98: [136]
99: [9]
100: [49]
101: [81]
102: [109, 110, 111, 100]
103: [111]
104: [111]
105: [110]
106: [109]
107: [100]
108: [94, 82]
109: [68, 52]
110: [34, 14]
111: [167, 143]
112: [136]
113: [9]
114: [49]
115: [81]
116: [112, 109, 110, 111, 100]
117: [112]
118: [111]
119: [110]
120: [109]
121: [100]
122: [94, 82]
123: [68, 52]
124: [34, 14]
125: [167, 143]
126: [136, 160]
127: [9, 29]
128: [49, 65]
129: [81, 93]
130: []
131: [100, 112, 111, 110, 109]
132: [100, 111, 110, 109]
133: [100, 110, 109]
134: [100, 109]
135: [100]
136: [94, 82]
137: [68, 52]
138: [34, 14]
139: [167, 143]
140: [160]
141: [29]
142: [65]
143: [93]
144: [93, 94]
145: [94]
146: [94]
147: [94]
148: [94]
149: [94]
150: [94]
151: [68]
152: [34]
153: [167]
154: [160]
155: [29]
156: [65]
157: [65]
158: [65, 68]
159: [68]
160: [68]
161: [68]
162: [68]
163: [68]
164: [68]
165: [68]
166: [34]
167: [167]
168: [160]
169: [29]
170: [29]
171: [29]
172: [29, 34]
173: [34]
174: [34]
175: [34]
176: [34]
177: [34]
178: [34]
179: [34]
180: [34]
181: [167]
182: [160]
183: [160]
184: [160]
185: [160]
186: [160, 167]
187: [167]
188: [167]
189: [167]
190: [167]
191: [167]
192: [167]
193: [167]
194: [167]
195: [167]
131
0: [136]
1: [136]
2: [136]
3: [136]
4: [143, 136]
5: [143, 136]
6: [143, 136]
7: [143, 136]
8: [143, 136]
9: [143, 136]
10: [143]
11: [143]
12: [143]
13: [143]
14: [136]
15: [9]
16: [9]
17: [9]
18: [14, 9]
19: [14, 9]
20: [14, 9]
21: [14, 9]
22: [14, 9]
23: [14, 9]
24: [14]
25: [14]
26: [14]
27: [143]
28: [136]
29: [9]
30: [49]
31: [49]
32: [52, 49]
33: [52, 49]
34: [52, 49]
35: [52, 49]
36: [52, 49]
37: [52, 49]
38: [52]
39: [52]
40: [14]
41: [143]
42: [136]
43: [9]
44: [49]
45: [81]
46: [82, 81]
47: [82, 81]
48: [82, 81]
49: [82, 81]
50: [82, 81]
51: [82, 81]
52: [82]
53: [52]
54: [14]
55: [143]
56: [136]
57: [9]
58: [49]
59: [81]
60: [100]
61: [180, 100]
62: [180, 100]
63: [180, 100]
64: [180, 100]
65: [100]
66: [82]
67: [52]
68: [14]
69: [143]
70: [136]
71: [9]
72: [49]
73: [81]
74: [109, 100]
75: [113, 109, 180]
76: [113, 109]
77: [113, 109]
78: [113, 180, 109]
79: [113, 100]
80: [95, 82]
81: [69, 52]
82: [35, 14]
83: [168, 143]
84: [136]
85: [9]
86: [49]
87: [81]
88: [109, 110, 100]
89: [113, 110, 180]
90: [110]
91: [110]
92: [180, 109]
93: [100, 113]
94: [95, 82]
95: [69, 52]
96: [35, 14]
97: [168, 143]
98: [136]
99: [9]
100: [49]
101: [81]
102: [109, 110, 111, 100]
103: [113, 111, 180]
104: [111]
105: [110]
106: [180, 109]
107: [100, 113]
108: [95, 82]
109: [69, 52]
110: [35, 14]
111: [168, 143]
112: [136, 159]
113: [9, 28]
114: [49, 64]
115: [81, 92]
116: [112, 109, 110, 111, 100]
117: [113, 112, 180]
118: [111]
119: [110]
120: [180, 109]
121: [100, 113]
122: [95, 82]
123: [69, 52]
124: [35, 14]
125: [168, 143]
126: [136, 159]
127: [9, 28]
128: [49, 64]
129: [81, 92]
130: [112, 109, 110, 111, 100]
131: []
132: [180, 100, 111, 110, 113, 109]
133: [180, 100, 110, 113, 109]
134: [180, 100, 113, 109]
135: [100, 113]
136: [95, 82]
137: [69, 52]
138: [35, 14]
139: [168, 143]
140: [159]
141: [28]
142: [64]
143: [92]
144: [92]
145: [92, 95]
146: [95]
147: [95]
148: [95]
149: [95]
150: [95]
151: [69]
152: [35]
153: [168]
154: [159]
155: [28]
156: [64]
157: [64]
158: [64]
159: [64, 69]
160: [69]
161: [69]
162: [69]
163: [69]
164: [69]
165: [69]
166: [35]
167: [168]
168: [159]
169: [28]
170: [28]
171: [28]
172: [28]
173: [28, 35]
174: [35]
175: [35]
176: [35]
177: [35]
178: [35]
179: [35]
180: [35]
181: [168]
182: [159]
183: [159]
184: [159]
185: [159]
186: [159]
187: [159, 168]
188: [168]
189: [168]
190: [168]
191: [168]
192: [168]
193: [168]
194: [168]
195: [168]
132
0: [136]
1: [136]
2: [136]
3: [136]
4: [143, 136]
5: [143, 136]
6: [143, 136]
7: [143, 136]
8: [143, 136]
9: [143, 136]
10: [143]
11: [143]
12: [143]
13: [143]
14: [136]
15: [9]
16: [9]
17: [9]
18: [14, 9]
19: [14, 9]
20: [14, 9]
21: [14, 9]
22: [14, 9]
23: [14, 9]
24: [14]
25: [14]
26: [14]
27: [143]
28: [136]
29: [9]
30: [49]
31: [49]
32: [52, 49]
33: [52, 49]
34: [52, 49]
35: [52, 49]
36: [52, 49]
37: [52, 49]
38: [52]
39: [52]
40: [14]
41: [143]
42: [136]
43: [9]
44: [49]
45: [81]
46: [82, 81]
47: [82, 81]
48: [82, 81]
49: [82, 81]
50: [82, 81]
51: [82, 81]
52: [82]
53: [52]
54: [14]
55: [143]
56: [136]
57: [9]
58: [49]
59: [81]
60: [100]
61: [180, 100]
62: [180, 100]
63: [180, 100]
64: [180, 100]
65: [100]
66: [82]
67: [52]
68: [14]
69: [143]
70: [136]
71: [9]
72: [49]
73: [81]
74: [109, 100]
75: [113, 109, 180]
76: [113, 109]
77: [113, 109]
78: [180, 113, 109]
79: [100, 113]
80: [82]
81: [52]
82: [14]
83: [143]
84: [136]
85: [9]
86: [49]
87: [81]
88: [109, 110, 100]
89: [113, 110, 180]
90: [114, 110]
91: [114, 110]
92: [114, 180, 109]
93: [114, 100, 113]
94: [96, 82]
95: [70, 52]
96: [36, 14]
97: [169, 143]
98: [136, 158]
99: [9, 27]
100: [49, 63]
101: [81, 91]
102: [109, 110, 111, 100]
103: [113, 111, 180]
104: [114, 111]
105: [110]
106: [180, 109]
107: [100, 114, 113]
108: [96, 82]
109: [70, 52]
110: [36, 14]
111: [169, 143]
112: [136, 158]
113: [9, 27]
114: [49, 63]
115: [81, 91]
116: [109, 110, 111, 100]
117: [113, 180]
118: [114, 111]
119: [110]
120: [180, 109]
121: [100, 114, 113]
122: [96, 82]
123: [70, 52]
124: [36, 14]
125: [169, 143]
126: [136, 158]
127: [9, 27]
128: [49, 63]
129: [81, 91]
130: [109, 110, 111, 100]
131: [113, 109, 110, 111, 180, 100]
132: []
133: [180, 100, 114, 110, 113, 109]
134: [180, 100, 114, 113, 109]
135: [100, 114, 113]
136: [96, 82]
137: [70, 52]
138: [36, 14]
139: [169, 143]
140: [158]
141: [27]
142: [63]
143: [91]
144: [91]
145: [91]
146: [91, 96]
147: [96]
148: [96]
149: [96]
150: [96]
151: [70]
152: [36]
153: [169]
154: [158]
155: [27]
156: [63]
157: [63]
158: [63]
159: [63]
160: [63, 70]
161: [70]
162: [70]
163: [70]
164: [70]
165: [70]
166: [36]
167: [169]
168: [158]
169: [27]
170: [27]
171: [27]
172: [27]
173: [27]
174: [27, 36]
175: [36]
176: [36]
177: [36]
178: [36]
179: [36]
180: [36]
181: [169]
182: [158]
183: [158]
184: [158]
185: [158]
186: [158]
187: [158]
188: [158, 169]
189: [169]
190: [169]
191: [169]
192: [169]
193: [169]
194: [169]
195: [169]
133
0: [136]
1: [136]
2: [136]
3: [136]
4: [143, 136]
5: [143, 136]
6: [143, 136]
7: [143, 136]
8: [143, 136]
9: [143, 136]
10: [143]
11: [143]
12: [143]
13: [143]
14: [136]
15: [9]
16: [9]
17: [9]
18: [14, 9]
19: [14, 9]
20: [14, 9]
21: [14, 9]
22: [14, 9]
23: [14, 9]
24: [14]
25: [14]
26: [14]
27: [143]
28: [136]
29: [9]
30: [49]
31: [49]
32: [52, 49]
33: [52, 49]
34: [52, 49]
35: [52, 49]
36: [52, 49]
37: [52, 49]
38: [52]
39: [52]
40: [14]
41: [143]
42: [136]
43: [9]
44: [49]
45: [81]
46: [82, 81]
47: [82, 81]
48: [82, 81]
49: [82, 81]
50: [82, 81]
51: [82, 81]
52: [82]
53: [52]
54: [14]
55: [143]
56: [136]
57: [9]
58: [49]
59: [81]
60: [100]
61: [180, 100]
62: [180, 100]
63: [180, 100]
64: [180, 100]
65: [100]
66: [82]
67: [52]
68: [14]
69: [143]
70: [136]
71: [9]
72: [49]
73: [81]
74: [109, 100]
75: [113, 109, 180]
76: [113, 109]
77: [113, 109]
78: [180, 113, 109]
79: [100, 113]
80: [82]
81: [52]
82: [14]
83: [143]
84: [136, 157]
85: [9, 26]
86: [49, 62]
87: [81, 90]
88: [109, 110, 100]
89: [113, 110, 180]
90: [114, 110]
91: [114, 110]
92: [180, 114, 109]
93: [100, 114, 113]
94: [82]
95: [52]
96: [14]
97: [143]
98: [136, 157]
99: [9, 26]
100: [49, 62]
101: [81, 90]
102: [109, 110, 100]
103: [113, 180]
104: [114]
105: [115, 110]
106: [115, 180, 109]
107: [115, 100, 114, 113]
108: [97, 82]
109: [71, 52]
110: [37, 14]
111: [170, 143]
112: [136, 157]
113: [9, 26]
114: [49, 62]
115: [81, 90]
116: [109, 110, 100]
117: [113, 180]
118: [114]
119: [115, 110]
120: [180, 109]
121: [100, 115, 114, 113]
122: [97, 82]
123: [71, 52]
124: [37, 14]
125: [170, 143]
126: [136, 157]
127: [9, 26]
128: [49, 62]
129: [81, 90]
130: [109, 110, 100]
131: [113, 109, 110, 180, 100]
132: [113, 114, 109, 110, 180, 100]
133: []
134: [180, 100, 115, 114, 113, 109]
135: [100, 115, 114, 113]
136: [97, 82]
137: [71, 52]
138: [37, 14]
139: [170, 143]
140: [157]
141: [26]
142: [62]
143: [90]
144: [90]
145: [90]
146: [90]
147: [90, 97]
148: [97]
149: [97]
150: [97]
151: [71]
152: [37]
153: [170]
154: [157]
155: [26]
156: [62]
157: [62]
158: [62]
159: [62]
160: [62]
161: [62, 71]
162: [71]
163: [71]
164: [71]
165: [71]
166: [37]
167: [170]
168: [157]
169: [26]
170: [26]
171: [26]
172: [26]
173: [26]
174: [26]
175: [26, 37]
176: [37]
177: [37]
178: [37]
179: [37]
180: [37]
181: [170]
182: [157]
183: [157]
184: [157]
185: [157]
186: [157]
187: [157]
188: [157]
189: [157, 170]
190: [170]
191: [170]
192: [170]
193: [170]
194: [170]
195: [170]
134
0: [136]
1: [136]
2: [136]
3: [136]
4: [143, 136]
5: [143, 136]
6: [143, 136]
7: [143, 136]
8: [143, 136]
9: [143, 136]
10: [143]
11: [143]
12: [143]
13: [143]
14: [136]
15: [9]
16: [9]
17: [9]
18: [14, 9]
19: [14, 9]
20: [14, 9]
21: [14, 9]
22: [14, 9]
23: [14, 9]
24: [14]
25: [14]
26: [14]
27: [143]
28: [136]
29: [9]
30: [49]
31: [49]
32: [52, 49]
33: [52, 49]
34: [52, 49]
35: [52, 49]
36: [52, 49]
37: [52, 49]
38: [52]
39: [52]
40: [14]
41: [143]
42: [136]
43: [9]
44: [49]
45: [81]
46: [82, 81]
47: [82, 81]
48: [82, 81]
49: [82, 81]
50: [82, 81]
51: [82, 81]
52: [82]
53: [52]
54: [14]
55: [143]
56: [136]
57: [9]
58: [49]
59: [81]
60: [100]
61: [180, 100]
62: [180, 100]
63: [180, 100]
64: [180, 100]
65: [100]
66: [82]
67: [52]
68: [14]
69: [143]
70: [136, 156]
71: [9, 25]
72: [49, 61]
73: [81, 89]
74: [109, 100]
75: [113, 180, 109]
76: [113, 109]
77: [113, 109]
78: [180, 113, 109]
79: [100, 113]
80: [82]
81: [52]
82: [14]
83: [143]
84: [136, 156]
85: [9, 25]
86: [49, 61]
87: [81, 89]
88: [109, 100]
89: [113, 180]
90: [114]
91: [114]
92: [180, 114, 109]
93: [100, 114, 113]
94: [82]
95: [52]
96: [14]
97: [143]
98: [136, 156]
99: [9, 25]
100: [49, 61]
101: [81, 89]
102: [109, 100]
103: [113, 180]
104: [114]
105: [115]
106: [180, 115, 109]
107: [100, 115, 114, 113]
108: [82]
109: [52]
110: [14]
111: [143]
112: [136, 156]
113: [9, 25]
114: [49, 61]
115: [81, 89]
116: [109, 100]
117: [113, 180]
118: [114]
119: [115]
120: [180, 116, 109]
121: [116, 100, 115, 114, 113]
122: [98, 82]
123: [72, 52]
124: [38, 14]
125: [171, 143]
126: [136, 156]
127: [9, 25]
128: [49, 61]
129: [81, 89]
130: [109, 100]
131: [113, 109, 180, 100]
132: [113, 114, 109, 180, 100]
133: [113, 114, 115, 109, 180, 100]
134: []
135: [100, 116, 115, 114, 113]
136: [98, 82]
137: [72, 52]
138: [38, 14]
139: [171, 143]
140: [156]
141: [25]
142: [61]
143: [89]
144: [89]
145: [89]
146: [89]
147: [89]
148: [89, 98]
149: [98]
150: [98]
151: [72]
152: [38]
153: [171]
154: [156]
155: [25]
156: [61]
157: [61]
158: [61]
159: [61]
160: [61]
161: [61]
162: [61, 72]
163: [72]
164: [72]
165: [72]
166: [38]
167: [171]
168: [156]
169: [25]
170: [25]
171: [25]
172: [25]
173: [25]
174: [25]
175: [25]
176: [25, 38]
177: [38]
178: [38]
179: [38]
180: [38]
181: [171]
182: [156]
183: [156]
184: [156]
185: [156]
186: [156]
187: [156]
188: [156]
189: [156]
190: [156, 171]
191: [171]
192: [171]
193: [171]
194: [171]
195: [171]
135
0: [136]
1: [136]
2: [136]
3: [136]
4: [143, 136]
5: [143, 136]
6: [143, 136]
7: [143, 136]
8: [143, 136]
9: [143, 136]
10: [143]
11: [143]
12: [143]
13: [143]
14: [136]
15: [9]
16: [9]
17: [9]
18: [14, 9]
19: [14, 9]
20: [14, 9]
21: [14, 9]
22: [14, 9]
23: [14, 9]
24: [14]
25: [14]
26: [14]
27: [143]
28: [136]
29: [9]
30: [49]
31: [49]
32: [52, 49]
33: [52, 49]
34: [52, 49]
35: [52, 49]
36: [52, 49]
37: [52, 49]
38: [52]
39: [52]
40: [14]
41: [143]
42: [136]
43: [9]
44: [49]
45: [81]
46: [82, 81]
47: [82, 81]
48: [82, 81]
49: [82, 81]
50: [82, 81]
51: [82, 81]
52: [82]
53: [52]
54: [14]
55: [143]
56: [136, 155]
57: [9, 24]
58: [49, 60]
59: [81, 88]
60: [100]
61: [100]
62: [100]
63: [100]
64: [100]
65: [100]
66: [82]
67: [52]
68: [14]
69: [143]
70: [136, 155]
71: [9, 24]
72: [49, 60]
73: [81, 88]
74: [100]
75: [113]
76: [113]
77: [113]
78: [113]
79: [100, 113]
80: [82]
81: [52]
82: [14]
83: [143]
84: [136, 155]
85: [9, 24]
86: [49, 60]
87: [81, 88]
88: [100]
89: [113]
90: [114]
91: [114]
92: [114]
93: [100, 114, 113]
94: [82]
95: [52]
96: [14]
97: [143]
98: [136, 155]
99: [9, 24]
100: [49, 60]
101: [81, 88]
102: [100]
103: [113]
104: [114]
105: [115]
106: [115]
107: [100, 115, 114, 113]
108: [82]
109: [52]
110: [14]
111: [143]
112: [136, 155]
113: [9, 24]
114: [49, 60]
115: [81, 88]
116: [100]
117: [113]
118: [114]
119: [115]
120: [116]
121: [100, 116, 115, 114, 113]
122: [82]
123: [52]
124: [14]
125: [143]
126: [136, 155]
127: [9, 24]
128: [49, 60]
129: [81, 88]
130: [100]
131: [113, 100]
132: [113, 114, 100]
133: [113, 114, 115, 100]
134: [113, 114, 115, 116, 100]
135: []
136: [99, 82]
137: [73, 52]
138: [39, 14]
139: [172, 143]
140: [155]
141: [24]
142: [60]
143: [88]
144: [88]
145: [88]
146: [88]
147: [88]
148: [88]
149: [88, 99]
150: [99]
151: [73]
152: [39]
153: [172]
154: [155]
155: [24]
156: [60]
157: [60]
158: [60]
159: [60]
160: [60]
161: [60]
162: [60]
163: [60, 73]
164: [73]
165: [73]
166: [39]
167: [172]
168: [155]
169: [24]
170: [24]
171: [24]
172: [24]
173: [24]
174: [24]
175: [24]
176: [24]
177: [24, 39]
178: [39]
179: [39]
180: [39]
181: [172]
182: [155]
183: [155]
184: [155]
185: [155]
186: [155]
187: [155]
188: [155]
189: [155]
190: [155]
191: [155, 172]
192: [172]
193: [172]
194: [172]
195: [172]
136
0: [137]
1: [137]
2: [137]
3: [137]
4: [143, 137]
5: [143, 137]
6: [143, 137]
7: [143, 137]
8: [143, 137]
9: [143, 137]
10: [143, 137]
11: [143]
12: [143]
13: [143]
14: [137]
15: [10]
16: [10]
17: [10]
18: [14, 10]
19: [14, 10]
20: [14, 10]
21: [14, 10]
22: [14, 10]
23: [14, 10]
24: [14, 10]
25: [14]
26: [14]
27: [143]
28: [137]
29: [10]
30: [50]
31: [178, 50]
32: [178, 52, 50]
33: [178, 52, 50]
34: [178, 52, 50]
35: [178, 52, 50]
36: [178, 52, 50]
37: [178, 52, 50]
38: [178, 52, 50]
39: [52]
40: [14]
41: [143]
42: [137, 154]
43: [10, 23]
44: [50, 59]
45: [75]
46: [82, 75]
47: [75, 82]
48: [75, 82]
49: [75, 82]
50: [75, 82]
51: [75, 82]
52: [75, 82]
53: [52]
54: [14]
55: [143]
56: [137, 154]
57: [10, 23]
58: [50, 59]
59: [75]
60: [82, 94]
61: [94]
62: [94]
63: [94]
64: [94]
65: [94]
66: [75, 82, 94]
67: [52]
68: [14]
69: [143]
70: [137, 154]
71: [10, 23]
72: [50, 59]
73: [75]
74: [82, 94]
75: [95]
76: [95]
77: [95]
78: [95]
79: [95]
80: [75, 95, 82, 94]
81: [52]
82: [14]
83: [143]
84: [137, 154]
85: [10, 23]
86: [50, 59]
87: [75]
88: [82, 94]
89: [95]
90: [96]
91: [96]
92: [96]
93: [96]
94: [75, 96, 95, 82, 94]
95: [52]
96: [14]
97: [143]
98: [137, 154]
99: [10, 23]
100: [50, 59]
101: [75]
102: [82, 94]
103: [95]
104: [96]
105: [97]
106: [97]
107: [97]
108: [75, 97, 96, 95, 82, 94]
109: [52]
110: [14]
111: [143]
112: [137, 154]
113: [10, 23]
114: [50, 59]
115: [75]
116: [82, 94]
117: [95]
118: [96]
119: [97]
120: [98]
121: [98]
122: [75, 98, 97, 96, 95, 82, 94]
123: [52]
124: [14]
125: [143]
126: [137, 154]
127: [10, 23]
128: [50, 59]
129: [75]
130: [82, 94]
131: [82, 95]
132: [82, 96]
133: [82, 97]
134: [82, 98]
135: [82, 99]
136: []
137: [73, 52]
138: [39, 14]
139: [172, 143]
140: [137, 154]
141: [10, 23]
142: [50, 59]
143: [75]
144: [94, 75]
145: [94, 95, 75]
146: [96, 94, 95, 75]
147: [96, 97, 94, 95, 75]
148: [96, 97, 98, 94, 95, 75]
149: [96, 97, 98, 99, 94, 95, 75]
150: [96, 97, 98, 99, 94, 95, 75]
151: [73]
152: [39]
153: [172]
154: [154]
155: [23]
156: [59]
157: [59, 178]
158: [59, 178]
159: [59, 178]
160: [59, 178]
161: [59, 178]
162: [59, 178]
163: [59, 73, 178]
164: [59, 73, 178]
165: [73]
166: [39]
167: [172]
168: [154]
169: [23]
170: [23]
171: [23]
172: [23]
173: [23]
174: [23]
175: [23]
176: [23]
177: [23, 39]
178: [23, 39]
179: [39]
180: [39]
181: [172]
182: [154]
183: [154]
184: [154]
185: [154]
186: [154]
187: [154]
188: [154]
189: [154]
190: [154]
191: [154, 172]
192: [154, 172]
193: [172]
194: [172]
195: [172]
137
0: [138]
1: [138]
2: [138]
3: [138]
4: [143, 138]
5: [143, 138]
6: [143, 138]
7: [143, 138]
8: [143, 138]
9: [143, 138]
10: [143, 138]
11: [143, 138]
12: [143]
13: [143]
14: [138]
15: [11]
16: [11]
17: [11]
18: [14, 11]
19: [14, 11]
20: [14, 11]
21: [14, 11]
22: [14, 11]
23: [14, 11]
24: [14, 11]
25: [14, 11]
26: [14]
27: [143]
28: [138, 153]
29: [11, 22]
30: [42]
31: [42, 51]
32: [42, 52, 51]
33: [42, 52, 51]
34: [42, 52, 51]
35: [42, 52, 51]
36: [42, 52, 51]
37: [42, 52, 51]
38: [42, 52, 51]
39: [42, 52, 51]
40: [14]
41: [143]
42: [138, 153]
43: [11, 22]
44: [179, 42]
45: [179, 51, 67]
46: [179, 52, 67]
47: [179, 67]
48: [179, 67]
49: [179, 67]
50: [179, 67]
51: [179, 67]
52: [179, 67]
53: [42, 179, 52, 67, 51]
54: [14]
55: [143]
56: [138, 153]
57: [11, 22]
58: [179, 42]
59: [51, 67]
60: [52, 68]
61: [68]
62: [68]
63: [68]
64: [68]
65: [68]
66: [68]
67: [42, 179, 52, 68, 67, 51]
68: [14]
69: [143]
70: [138, 153]
71: [11, 22]
72: [179, 42]
73: [51, 67]
74: [52, 68]
75: [69]
76: [69]
77: [69]
78: [69]
79: [69]
80: [69]
81: [42, 179, 69, 52, 68, 67, 51]
82: [14]
83: [143]
84: [138, 153]
85: [11, 22]
86: [179, 42]
87: [51, 67]
88: [52, 68]
89: [69]
90: [70]
91: [70]
92: [70]
93: [70]
94: [70]
95: [42, 179, 70, 69, 52, 68, 67, 51]
96: [14]
97: [143]
98: [138, 153]
99: [11, 22]
100: [179, 42]
101: [51, 67]
102: [52, 68]
103: [69]
104: [70]
105: [71]
106: [71]
107: [71]
108: [71]
109: [42, 179, 71, 70, 69, 52, 68, 67, 51]
110: [14]
111: [143]
112: [138, 153]
113: [11, 22]
114: [179, 42]
115: [51, 67]
116: [52, 68]
117: [69]
118: [70]
119: [71]
120: [72]
121: [72]
122: [72]
123: [42, 179, 72, 71, 70, 69, 52, 68, 67, 51]
124: [14]
125: [143]
126: [138, 153]
127: [11, 22]
128: [179, 42]
129: [51, 67]
130: [52, 68]
131: [52, 69]
132: [52, 70]
133: [52, 71]
134: [52, 72]
135: [52, 73]
136: [52, 73]
137: []
138: [39, 14]
139: [172, 143]
140: [138, 153]
141: [11, 22]
142: [179, 42]
143: [51, 67, 179]
144: [51, 68, 179]
145: [51, 69, 179]
146: [51, 70, 179]
147: [51, 71, 179]
148: [51, 72, 179]
149: [51, 73, 179]
150: [51, 179]
151: [67, 68, 69, 70, 71, 72, 73, 51, 179, 42]
152: [39]
153: [172]
154: [138, 153]
155: [11, 22]
156: [42]
157: [67, 42]
158: [67, 68, 42]
159: [67, 68, 69, 42]
160: [67, 68, 69, 70, 42]
161: [67, 68, 69, 70, 71, 42]
162: [67, 68, 69, 70, 71, 72, 42]
163: [67, 68, 69, 70, 71, 72, 73, 42]
164: [67, 68, 69, 70, 71, 72, 73, 42]
165: [67, 68, 69, 70, 71, 72, 73, 42]
166: [39]
167: [172]
168: [153]
169: [22]
170: [22]
171: [22]
172: [22]
173: [22]
174: [22]
175: [22]
176: [22]
177: [22, 39]
178: [22, 39]
179: [22, 39]
180: [39]
181: [172]
182: [153]
183: [153]
184: [153]
185: [153]
186: [153]
187: [153]
188: [153]
189: [153]
190: [153]
191: [153, 172]
192: [153, 172]
193: [153, 172]
194: [172]
195: [172]
138
0: [139]
1: [176, 139]
2: [176, 139]
3: [176, 139]
4: [176, 143, 139]
5: [176, 143, 139]
6: [176, 143, 139]
7: [176, 143, 139]
8: [176, 143, 139]
9: [176, 143, 139]
10: [176, 143, 139]
11: [176, 143, 139]
12: [176, 143, 139]
13: [143]
14: [139, 152]
15: [1]
16: [1, 12]
17: [1, 13, 12]
18: [1, 14, 13, 12]
19: [1, 14, 13, 12]
20: [1, 14, 13, 12]
21: [1, 14, 13, 12]
22: [1, 14, 13, 12]
23: [1, 14, 13, 12]
24: [1, 14, 13, 12]
25: [1, 14, 13, 12]
26: [1, 14, 13, 12]
27: [143]
28: [139, 152]
29: [1]
30: [12, 32]
31: [13, 32]
32: [14, 32]
33: [32]
34: [32]
35: [32]
36: [32]
37: [32]
38: [32]
39: [32]
40: [1, 14, 13, 32, 12]
41: [143]
42: [139, 152]
43: [1]
44: [12, 32]
45: [13, 33]
46: [14, 33]
47: [33]
48: [33]
49: [33]
50: [33]
51: [33]
52: [33]
53: [33]
54: [1, 14, 33, 13, 32, 12]
55: [143]
56: [139, 152]
57: [1]
58: [12, 32]
59: [13, 33]
60: [14, 34]
61: [34]
62: [34]
63: [34]
64: [34]
65: [34]
66: [34]
67: [34]
68: [1, 34, 14, 33, 13, 32, 12]
69: [143]
70: [139, 152]
71: [1]
72: [12, 32]
73: [13, 33]
74: [14, 34]
75: [35]
76: [35]
77: [35]
78: [35]
79: [35]
80: [35]
81: [35]
82: [1, 35, 34, 14, 33, 13, 32, 12]
83: [143]
84: [139, 152]
85: [1]
86: [12, 32]
87: [13, 33]
88: [14, 34]
89: [35]
90: [36]
91: [36]
92: [36]
93: [36]
94: [36]
95: [36]
96: [1, 36, 35, 34, 14, 33, 13, 32, 12]
97: [143]
98: [139, 152]
99: [1]
100: [12, 32]
101: [13, 33]
102: [14, 34]
103: [35]
104: [36]
105: [37]
106: [37]
107: [37]
108: [37]
109: [37]
110: [1, 37, 36, 35, 34, 14, 33, 13, 32, 12]
111: [143]
112: [139, 152]
113: [1]
114: [12, 32]
115: [13, 33]
116: [14, 34]
117: [35]
118: [36]
119: [37]
120: [38]
121: [38]
122: [38]
123: [38]
124: [1, 38, 37, 36, 35, 34, 14, 33, 13, 32, 12]
125: [143]
126: [139, 152]
127: [1]
128: [12, 32]
129: [13, 33]
130: [14, 34]
131: [14, 35]
132: [14, 36]
133: [14, 37]
134: [14, 38]
135: [14, 39]
136: [14, 39]
137: [14, 39]
138: []
139: [172, 143]
140: [139, 152]
141: [1]
142: [12, 32]
143: [13, 33]
144: [13, 34]
145: [13, 35]
146: [13, 36]
147: [13, 37]
148: [13, 38]
149: [13, 39]
150: [13]
151: [13]
152: [32, 33, 34, 35, 36, 37, 38, 39, 12, 13, 1]
153: [172]
154: [139, 152]
155: [1]
156: [12, 32]
157: [12, 33]
158: [12, 34]
159: [12, 35]
160: [12, 36]
161: [12, 37]
162: [12, 38]
163: [12, 39]
164: [12]
165: [12]
166: [32, 33, 34, 35, 36, 37, 38, 39, 12, 1]
167: [172]
168: [139, 152]
169: [1]
170: [32, 1]
171: [32, 33, 1]
172: [32, 33, 34, 1]
173: [32, 33, 34, 35, 1]
174: [32, 33, 34, 35, 36, 1]
175: [32, 33, 34, 35, 36, 37, 1]
176: [32, 33, 34, 35, 36, 37, 38, 1]
177: [32, 33, 34, 35, 36, 37, 38, 39, 1]
178: [32, 33, 34, 35, 36, 37, 38, 39, 1]
179: [32, 33, 34, 35, 36, 37, 38, 39, 1]
180: [32, 33, 34, 35, 36, 37, 38, 39, 1]
181: [172]
182: [152]
183: [152, 176]
184: [152, 176]
185: [152, 176]
186: [152, 176]
187: [152, 176]
188: [152, 176]
189: [152, 176]
190: [152, 176]
191: [152, 172, 176]
192: [152, 172, 176]
193: [152, 172, 176]
194: [152, 172, 176]
195: [172]
139
0: [127]
1: [127, 140]
2: [127, 141, 140]
3: [127, 142, 141, 140]
4: [143, 127, 142, 141, 140]
5: [127, 143, 142, 141, 140]
6: [127, 143, 142, 141, 140]
7: [127, 143, 142, 141, 140]
8: [127, 143, 142, 141, 140]
9: [127, 143, 142, 141, 140]
10: [127, 143, 142, 141, 140]
11: [127, 143, 142, 141, 140]
12: [127, 143, 142, 141, 140]
13: [127, 143, 142, 141, 140]
14: [177, 127]
15: [177, 140, 164]
16: [177, 141, 164]
17: [177, 142, 164]
18: [177, 143, 164]
19: [177, 164]
20: [177, 164]
21: [177, 164]
22: [177, 164]
23: [177, 164]
24: [177, 164]
25: [177, 164]
26: [177, 164]
27: [177, 127, 143, 142, 141, 164, 140]
28: [177, 127]
29: [140, 164]
30: [141, 165]
31: [142, 165]
32: [143, 165]
33: [165]
34: [165]
35: [165]
36: [165]
37: [165]
38: [165]
39: [165]
40: [165]
41: [177, 127, 143, 142, 141, 165, 164, 140]
42: [177, 127]
43: [140, 164]
44: [141, 165]
45: [142, 166]
46: [143, 166]
47: [166]
48: [166]
49: [166]
50: [166]
51: [166]
52: [166]
53: [166]
54: [166]
55: [177, 127, 143, 166, 142, 141, 165, 164, 140]
56: [177, 127]
57: [140, 164]
58: [141, 165]
59: [142, 166]
60: [143, 167]
61: [167]
62: [167]
63: [167]
64: [167]
65: [167]
66: [167]
67: [167]
68: [167]
69: [177, 127, 167, 143, 166, 142, 141, 165, 164, 140]
70: [177, 127]
71: [140, 164]
72: [141, 165]
73: [142, 166]
74: [143, 167]
75: [168]
76: [168]
77: [168]
78: [168]
79: [168]
80: [168]
81: [168]
82: [168]
83: [177, 127, 168, 167, 143, 166, 142, 141, 165, 164, 140]
84: [177, 127]
85: [140, 164]
86: [141, 165]
87: [142, 166]
88: [143, 167]
89: [168]
90: [169]
91: [169]
92: [169]
93: [169]
94: [169]
95: [169]
96: [169]
97: [177, 127, 169, 168, 167, 143, 166, 142, 141, 165, 164, 140]
98: [177, 127]
99: [140, 164]
100: [141, 165]
101: [142, 166]
102: [143, 167]
103: [168]
104: [169]
105: [170]
106: [170]
107: [170]
108: [170]
109: [170]
110: [170]
111: [177, 127, 170, 169, 168, 167, 143, 166, 142, 141, 165, 164, 140]
112: [177, 127]
113: [140, 164]
114: [141, 165]
115: [142, 166]
116: [143, 167]
117: [168]
118: [169]
119: [170]
120: [171]
121: [171]
122: [171]
123: [171]
124: [171]
125: [177, 127, 171, 170, 169, 168, 167, 143, 166, 142, 141, 165, 164, 140]
126: [177, 127]
127: [140, 164]
128: [141, 165]
129: [142, 166]
130: [143, 167]
131: [143, 168]
132: [143, 169]
133: [143, 170]
134: [143, 171]
135: [143, 172]
136: [143, 172]
137: [143, 172]
138: [143, 172]
139: []
140: [177, 127]
141: [140, 164]
142: [141, 165]
143: [142, 166]
144: [142, 167]
145: [142, 168]
146: [142, 169]
147: [142, 170]
148: [142, 171]
149: [142, 172]
150: [142]
151: [142]
152: [142]
153: [164, 165, 166, 167, 168, 169, 170, 171, 140, 141, 142, 172, 177, 127]
154: [177, 127]
155: [140, 164]
156: [141, 165]
157: [141, 166]
158: [141, 167]
159: [141, 168]
160: [141, 169]
161: [141, 170]
162: [141, 171]
163: [141, 172]
164: [141]
165: [141]
166: [141]
167: [164, 165, 166, 167, 168, 169, 170, 171, 140, 141, 172, 177, 127]
168: [177, 127]
169: [140, 164, 177]
170: [140, 165, 177]
171: [140, 166, 177]
172: [140, 167, 177]
173: [140, 168, 177]
174: [140, 169, 177]
175: [140, 170, 177]
176: [140, 171, 177]
177: [140, 172, 177]
178: [140, 177]
179: [140, 177]
180: [140, 177]
181: [164, 165, 166, 167, 168, 169, 170, 171, 140, 172, 177, 127]
182: [127]
183: [164, 127]
184: [164, 165, 127]
185: [164, 165, 166, 127]
186: [164, 165, 166, 167, 127]
187: [164, 165, 166, 167, 168, 127]
188: [164, 165, 166, 167, 168, 169, 127]
189: [164, 165, 166, 167, 168, 169, 170, 127]
190: [164, 165, 166, 167, 168, 169, 170, 171, 127]
191: [164, 165, 166, 167, 168, 169, 170, 171, 172, 127]
192: [164, 165, 166, 167, 168, 169, 170, 171, 172, 127]
193: [164, 165, 166, 167, 168, 169, 170, 171, 172, 127]
194: [164, 165, 166, 167, 168, 169, 170, 171, 172, 127]
195: [164, 165, 166, 167, 168, 169, 170, 171, 172, 127]
140
0: [137, 138, 139, 127]
1: [137, 138, 139, 127]
2: [137, 138, 139, 127]
3: [137, 138, 139, 127]
4: [137, 138, 139, 127]
5: [137, 138, 139, 127]
6: [137, 138, 139, 127]
7: [137, 138, 139, 127]
8: [137, 138, 139, 127]
9: [137, 138, 139, 127]
10: [137, 138, 139, 127]
11: [138, 139, 127]
12: [139, 127]
13: [127]
14: [152, 137, 138, 139, 177, 127]
15: [152, 177]
16: [152, 177]
17: [152, 177]
18: [152, 177]
19: [152, 177]
20: [152, 177]
21: [152, 177]
22: [152, 177]
23: [152, 177]
24: [152, 137, 177]
25: [152, 138, 177]
26: [152, 139, 177]
27: [177, 127]
28: [137, 138, 139, 152, 153, 177, 127]
29: [153]
30: [153]
31: [153]
32: [153]
33: [153]
34: [153]
35: [153]
36: [153]
37: [153]
38: [153, 137]
39: [153, 138]
40: [152, 139]
41: [177, 127]
42: [137, 138, 139, 152, 153, 154, 177, 127]
43: [154]
44: [154]
45: [154]
46: [154]
47: [154]
48: [154]
49: [154]
50: [154]
51: [154]
52: [154, 137]
53: [153, 138]
54: [152, 139]
55: [177, 127]
56: [137, 138, 139, 152, 153, 154, 155, 177, 127]
57: [155]
58: [155]
59: [155]
60: [155]
61: [155]
62: [155]
63: [155]
64: [155]
65: [155]
66: [154, 137]
67: [153, 138]
68: [152, 139]
69: [177, 127]
70: [137, 138, 139, 152, 153, 154, 155, 156, 177, 127]
71: [156]
72: [156]
73: [156]
74: [156]
75: [156]
76: [156]
77: [156]
78: [156]
79: [155]
80: [154, 137]
81: [153, 138]
82: [152, 139]
83: [177, 127]
84: [137, 138, 139, 152, 153, 154, 155, 156, 157, 177, 127]
85: [157]
86: [157]
87: [157]
88: [157]
89: [157]
90: [157]
91: [157]
92: [156]
93: [155]
94: [154, 137]
95: [153, 138]
96: [152, 139]
97: [177, 127]
98: [137, 138, 139, 152, 153, 154, 155, 156, 157, 158, 177, 127]
99: [158]
100: [158]
101: [158]
102: [158]
103: [158]
104: [158]
105: [157]
106: [156]
107: [155]
108: [154, 137]
109: [153, 138]
110: [152, 139]
111: [177, 127]
112: [137, 138, 139, 152, 153, 154, 155, 156, 157, 158, 159, 177, 127]
113: [159]
114: [159]
115: [159]
116: [159]
117: [159]
118: [158]
119: [157]
120: [156]
121: [155]
122: [154, 137]
123: [153, 138]
124: [152, 139]
125: [177, 127]
126: [160, 137, 138, 139, 152, 153, 154, 155, 156, 157, 158, 159, 177, 127]
127: [160]
128: [160]
129: [160]
130: [160]
131: [159]
132: [158]
133: [157]
134: [156]
135: [155]
136: [154, 137]
137: [153, 138]
138: [152, 139]
139: [177, 127]
140: []
141: [161, 137]
142: [161, 137]
143: [161, 137]
144: [160, 137]
145: [159, 137]
146: [158, 137]
147: [157, 137]
148: [156, 137]
149: [155, 137]
150: [154, 137]
151: [153, 138]
152: [152, 139]
153: [177, 127]
154: [177, 127, 161, 160, 159, 158, 157, 156, 155, 154, 153, 138, 152, 139]
155: [138]
156: [138]
157: [161, 138]
158: [160, 138]
159: [159, 138]
160: [158, 138]
161: [157, 138]
162: [156, 138]
163: [155, 138]
164: [154, 138]
165: [153, 138]
166: [152, 139]
167: [177, 127]
168: [177, 127, 161, 160, 159, 158, 157, 156, 155, 154, 153, 152, 139]
169: [177, 139]
170: [177, 139]
171: [161, 177, 139]
172: [177, 160, 139]
173: [177, 159, 139]
174: [177, 158, 139]
175: [177, 157, 139]
176: [177, 156, 139]
177: [177, 155, 139]
178: [177, 154, 139]
179: [177, 153, 139]
180: [177, 152, 139]
181: [177, 127]
182: [127, 161, 160, 159, 158, 157, 156, 155, 154, 153, 152]
183: [127, 161, 160, 159, 158, 157, 156, 155, 154, 153, 152]
184: [127, 161, 160, 159, 158, 157, 156, 155, 154, 153, 152]
185: [161, 127, 160, 159, 158, 157, 156, 155, 154, 153, 152]
186: [127, 160, 159, 158, 157, 156, 155, 154, 153, 152]
187: [127, 159, 158, 157, 156, 155, 154, 153, 152]
188: [127, 158, 157, 156, 155, 154, 153, 152]
189: [127, 157, 156, 155, 154, 153, 152]
190: [127, 156, 155, 154, 153, 152]
191: [127, 155, 154, 153, 152]
192: [127, 154, 153, 152]
193: [127, 153, 152]
194: [127, 152]
195: [127]
141
0: [137]
1: [140, 137, 176]
2: [140, 137, 176]
3: [140, 137, 176]
4: [140, 137, 176]
5: [140, 137, 176]
6: [140, 137, 176]
7: [140, 137, 176]
8: [140, 137, 176]
9: [140, 137, 176]
10: [140, 137, 176]
11: [140, 176]
12: [140, 176]
13: [140]
14: [137]
15: [10, 11, 1]
16: [10, 11, 1]
17: [10, 11, 1]
18: [10, 11, 1]
19: [10, 11, 1]
20: [10, 11, 1]
21: [10, 11, 1]
22: [10, 11, 1]
23: [10, 11, 1]
24: [10, 11, 1]
25: [11, 1]
26: [1]
27: [164, 140]
28: [137]
29: [10, 11, 22, 1]
30: [22]
31: [22]
32: [22]
33: [22]
34: [22]
35: [22]
36: [22]
37: [22]
38: [22, 10]
39: [22, 11]
40: [1]
41: [164, 140]
42: [137]
43: [10, 11, 22, 23, 1]
44: [23]
45: [23]
46: [23]
47: [23]
48: [23]
49: [23]
50: [23]
51: [23]
52: [23, 10]
53: [22, 11]
54: [1]
55: [164, 140]
56: [137]
57: [10, 11, 22, 23, 24, 1]
58: [24]
59: [24]
60: [24]
61: [24]
62: [24]
63: [24]
64: [24]
65: [24]
66: [23, 10]
67: [22, 11]
68: [1]
69: [164, 140]
70: [137]
71: [10, 11, 22, 23, 24, 25, 1]
72: [25]
73: [25]
74: [25]
75: [25]
76: [25]
77: [25]
78: [25]
79: [24]
80: [23, 10]
81: [22, 11]
82: [1]
83: [164, 140]
84: [137]
85: [10, 11, 22, 23, 24, 25, 26, 1]
86: [26]
87: [26]
88: [26]
89: [26]
90: [26]
91: [26]
92: [25]
93: [24]
94: [23, 10]
95: [22, 11]
96: [1]
97: [164, 140]
98: [137]
99: [10, 11, 22, 23, 24, 25, 26, 27, 1]
100: [27]
101: [27]
102: [27]
103: [27]
104: [27]
105: [26]
106: [25]
107: [24]
108: [23, 10]
109: [22, 11]
110: [1]
111: [164, 140]
112: [137]
113: [10, 11, 22, 23, 24, 25, 26, 27, 28, 1]
114: [28]
115: [28]
116: [28]
117: [28]
118: [27]
119: [26]
120: [25]
121: [24]
122: [23, 10]
123: [22, 11]
124: [1]
125: [164, 140]
126: [137]
127: [10, 11, 22, 23, 24, 25, 26, 27, 28, 29, 1]
128: [29]
129: [29]
130: [29]
131: [28]
132: [27]
133: [26]
134: [25]
135: [24]
136: [23, 10]
137: [22, 11]
138: [1]
139: [164, 140]
140: [137, 161]
141: []
142: [30, 10]
143: [30, 10]
144: [29, 10]
145: [28, 10]
146: [27, 10]
147: [26, 10]
148: [25, 10]
149: [24, 10]
150: [23, 10]
151: [22, 11]
152: [1]
153: [164, 140]
154: [161]
155: [1, 30, 29, 28, 27, 26, 25, 24, 23, 11, 22]
156: [11]
157: [30, 11]
158: [29, 11]
159: [28, 11]
160: [27, 11]
161: [26, 11]
162: [25, 11]
163: [24, 11]
164: [23, 11]
165: [22, 11]
166: [1]
167: [164, 140]
168: [161]
169: [1, 30, 29, 28, 27, 26, 25, 24, 23, 22]
170: [1, 30, 29, 28, 27, 26, 25, 24, 23, 22]
171: [1, 30, 29, 28, 27, 26, 25, 24, 23, 22]
172: [1, 29, 28, 27, 26, 25, 24, 23, 22]
173: [1, 28, 27, 26, 25, 24, 23, 22]
174: [1, 27, 26, 25, 24, 23, 22]
175: [1, 26, 25, 24, 23, 22]
176: [1, 25, 24, 23, 22]
177: [1, 24, 23, 22]
178: [1, 23, 22]
179: [1, 22]
180: [1]
181: [164, 140]
182: [161]
183: [176, 161, 164]
184: [176, 161, 164]
185: [176, 161, 164]
186: [176, 164]
187: [176, 164]
188: [176, 164]
189: [176, 164]
190: [176, 164]
191: [176, 164]
192: [176, 164]
193: [176, 164]
194: [176, 164]
195: [164]
142
0: [137]
1: [137]
2: [141, 137]
3: [141, 137]
4: [141, 137]
5: [141, 137]
6: [141, 137]
7: [141, 137]
8: [141, 137]
9: [141, 137]
10: [141, 137]
11: [141]
12: [141]
13: [141]
14: [137]
15: [10]
16: [12, 10]
17: [12, 10]
18: [12, 10]
19: [12, 10]
20: [12, 10]
21: [12, 10]
22: [12, 10]
23: [12, 10]
24: [12, 10]
25: [12]
26: [12]
27: [141]
28: [137]
29: [10]
30: [50, 42]
31: [50, 42]
32: [50, 42]
33: [50, 42]
34: [50, 42]
35: [50, 42]
36: [50, 42]
37: [50, 42]
38: [50, 42]
39: [42]
40: [32, 12]
41: [165, 141]
42: [137]
43: [10]
44: [50, 59, 179, 42]
45: [59, 179]
46: [59, 179]
47: [59, 179]
48: [59, 179]
49: [59, 179]
50: [59, 179]
51: [59, 179]
52: [59, 50, 179]
53: [179, 42]
54: [32, 12]
55: [165, 141]
56: [137]
57: [10]
58: [50, 59, 60, 179, 42]
59: [60]
60: [60]
61: [60]
62: [60]
63: [60]
64: [60]
65: [60]
66: [59, 50]
67: [179, 42]
68: [32, 12]
69: [165, 141]
70: [137]
71: [10]
72: [50, 59, 60, 61, 179, 42]
73: [61]
74: [61]
75: [61]
76: [61]
77: [61]
78: [61]
79: [60]
80: [59, 50]
81: [179, 42]
82: [32, 12]
83: [165, 141]
84: [137]
85: [10]
86: [50, 59, 60, 61, 62, 179, 42]
87: [62]
88: [62]
89: [62]
90: [62]
91: [62]
92: [61]
93: [60]
94: [59, 50]
95: [179, 42]
96: [32, 12]
97: [165, 141]
98: [137]
99: [10]
100: [50, 59, 60, 61, 62, 63, 179, 42]
101: [63]
102: [63]
103: [63]
104: [63]
105: [62]
106: [61]
107: [60]
108: [59, 50]
109: [179, 42]
110: [32, 12]
111: [165, 141]
112: [137]
113: [10]
114: [64, 50, 59, 60, 61, 62, 63, 179, 42]
115: [64]
116: [64]
117: [64]
118: [63]
119: [62]
120: [61]
121: [60]
122: [59, 50]
123: [179, 42]
124: [32, 12]
125: [165, 141]
126: [137]
127: [10]
128: [64, 65, 50, 59, 60, 61, 62, 63, 179, 42]
129: [65]
130: [65]
131: [64]
132: [63]
133: [62]
134: [61]
135: [60]
136: [59, 50]
137: [179, 42]
138: [32, 12]
139: [165, 141]
140: [137, 161]
141: [10, 30]
142: []
143: [66, 179, 50]
144: [179, 65, 50]
145: [179, 64, 50]
146: [179, 63, 50]
147: [179, 62, 50]
148: [179, 61, 50]
149: [179, 60, 50]
150: [179, 59, 50]
151: [179, 42]
152: [32, 12]
153: [165, 141]
154: [161]
155: [30]
156: [42, 66, 65, 64, 63, 62, 61, 60, 59]
157: [42, 66, 65, 64, 63, 62, 61, 60, 59]
158: [42, 65, 64, 63, 62, 61, 60, 59]
159: [42, 64, 63, 62, 61, 60, 59]
160: [42, 63, 62, 61, 60, 59]
161: [42, 62, 61, 60, 59]
162: [42, 61, 60, 59]
163: [42, 60, 59]
164: [42, 59]
165: [42]
166: [32, 12]
167: [165, 141]
168: [161]
169: [30]
170: [30, 32]
171: [30, 32]
172: [32]
173: [32]
174: [32]
175: [32]
176: [32]
177: [32]
178: [32]
179: [32]
180: [32]
181: [165]
182: [161]
183: [161]
184: [161, 165]
185: [161, 165]
186: [165]
187: [165]
188: [165]
189: [165]
190: [165]
191: [165]
192: [165]
193: [165]
194: [165]
195: [165]
143
0: [137]
1: [137]
2: [137]
3: [142, 137]
4: [142, 137]
5: [142, 137]
6: [142, 137]
7: [142, 137]
8: [142, 137]
9: [142, 137]
10: [142, 137]
11: [142]
12: [142]
13: [142]
14: [137]
15: [10]
16: [10]
17: [13, 10]
18: [13, 10]
19: [13, 10]
20: [13, 10]
21: [13, 10]
22: [13, 10]
23: [13, 10]
24: [13, 10]
25: [13]
26: [13]
27: [142]
28: [137]
29: [10]
30: [50]
31: [51, 50, 178]
32: [51, 50, 178]
33: [51, 50, 178]
34: [51, 50, 178]
35: [51, 50, 178]
36: [51, 50, 178]
37: [51, 50, 178]
38: [51, 178, 50]
39: [51]
40: [13]
41: [142]
42: [137]
43: [10]
44: [50, 179]
45: [75]
46: [75]
47: [75]
48: [75]
49: [75]
50: [75]
51: [75]
52: [75]
53: [67, 179, 51]
54: [33, 13]
55: [166, 142]
56: [137]
57: [10]
58: [50, 179]
59: [88, 75]
60: [88]
61: [88]
62: [88]
63: [88]
64: [88]
65: [88]
66: [75]
67: [179, 67, 51]
68: [33, 13]
69: [166, 142]
70: [137]
71: [10]
72: [50, 179]
73: [88, 89, 75]
74: [89]
75: [89]
76: [89]
77: [89]
78: [89]
79: [88]
80: [75]
81: [179, 67, 51]
82: [33, 13]
83: [166, 142]
84: [137]
85: [10]
86: [50, 179]
87: [88, 89, 90, 75]
88: [90]
89: [90]
90: [90]
91: [90]
92: [89]
93: [88]
94: [75]
95: [179, 67, 51]
96: [33, 13]
97: [166, 142]
98: [137]
99: [10]
100: [50, 179]
101: [88, 89, 90, 91, 75]
102: [91]
103: [91]
104: [91]
105: [90]
106: [89]
107: [88]
108: [75]
109: [179, 67, 51]
110: [33, 13]
111: [166, 142]
112: [137]
113: [10]
114: [50, 179]
115: [88, 89, 90, 91, 92, 75]
116: [92]
117: [92]
118: [91]
119: [90]
120: [89]
121: [88]
122: [75]
123: [179, 67, 51]
124: [33, 13]
125: [166, 142]
126: [137]
127: [10]
128: [50, 179]
129: [88, 89, 90, 91, 92, 93, 75]
130: [93]
131: [92]
132: [91]
133: [90]
134: [89]
135: [88]
136: [75]
137: [179, 67, 51]
138: [33, 13]
139: [166, 142]
140: [137, 161]
141: [10, 30]
142: [50, 66, 179]
143: []
144: [75, 93, 92, 91, 90, 89, 88]
145: [75, 92, 91, 90, 89, 88]
146: [75, 91, 90, 89, 88]
147: [75, 90, 89, 88]
148: [75, 89, 88]
149: [75, 88]
150: [75]
151: [179, 67, 51]
152: [33, 13]
153: [166, 142]
154: [161]
155: [30]
156: [66]
157: [178, 66, 67]
158: [178, 67]
159: [178, 67]
160: [178, 67]
161: [178, 67]
162: [178, 67]
163: [178, 67]
164: [178, 67]
165: [67]
166: [33]
167: [166]
168: [161]
169: [30]
170: [30]
171: [30, 33]
172: [33]
173: [33]
174: [33]
175: [33]
176: [33]
177: [33]
178: [33]
179: [33]
180: [33]
181: [166]
182: [161]
183: [161]
184: [161]
185: [161, 166]
186: [166]
187: [166]
188: [166]
189: [166]
190: [166]
191: [166]
192: [166]
193: [166]
194: [166]
195: [166]
144
0: [137]
1: [137]
2: [137]
3: [142, 137]
4: [142, 137]
5: [142, 137]
6: [142, 137]
7: [142, 137]
8: [142, 137]
9: [142, 137]
10: [142, 137]
11: [142]
12: [142]
13: [142]
14: [137]
15: [10]
16: [10]
17: [13, 10]
18: [13, 10]
19: [13, 10]
20: [13, 10]
21: [13, 10]
22: [13, 10]
23: [13, 10]
24: [13, 10]
25: [13]
26: [13]
27: [142]
28: [137]
29: [10]
30: [50]
31: [51, 50]
32: [51, 50]
33: [51, 50]
34: [51, 50]
35: [51, 50]
36: [51, 50]
37: [51, 50]
38: [51, 50]
39: [51]
40: [13]
41: [142]
42: [137]
43: [10]
44: [50, 179]
45: [75]
46: [75]
47: [75]
48: [75]
49: [75]
50: [75]
51: [75]
52: [75]
53: [179, 51]
54: [13]
55: [142]
56: [137]
57: [10]
58: [50, 179]
59: [88, 75]
60: [94, 88]
61: [94, 88]
62: [94, 88]
63: [94, 88]
64: [94, 88]
65: [94, 88]
66: [75, 94]
67: [179, 68, 51]
68: [34, 13]
69: [167, 142]
70: [137]
71: [10]
72: [50, 179]
73: [88, 89, 75]
74: [94, 89]
75: [89]
76: [89]
77: [89]
78: [89]
79: [88]
80: [75, 94]
81: [179, 68, 51]
82: [34, 13]
83: [167, 142]
84: [137]
85: [10]
86: [50, 179]
87: [88, 89, 90, 75]
88: [94, 90]
89: [90]
90: [90]
91: [90]
92: [89]
93: [88]
94: [75, 94]
95: [179, 68, 51]
96: [34, 13]
97: [167, 142]
98: [137]
99: [10]
100: [50, 179]
101: [88, 89, 90, 91, 75]
102: [94, 91]
103: [91]
104: [91]
105: [90]
106: [89]
107: [88]
108: [75, 94]
109: [179, 68, 51]
110: [34, 13]
111: [167, 142]
112: [137]
113: [10]
114: [50, 179]
115: [88, 89, 90, 91, 92, 75]
116: [94, 92]
117: [92]
118: [91]
119: [90]
120: [89]
121: [88]
122: [75, 94]
123: [179, 68, 51]
124: [34, 13]
125: [167, 142]
126: [137, 160]
127: [10, 29]
128: [50, 65, 179]
129: [88, 89, 90, 91, 92, 93, 75]
130: [94, 93]
131: [92]
132: [91]
133: [90]
134: [89]
135: [88]
136: [75, 94]
137: [179, 68, 51]
138: [34, 13]
139: [167, 142]
140: [137, 160]
141: [10, 29]
142: [50, 65, 179]
143: [88, 89, 90, 91, 92, 93, 75]
144: []
145: [75, 92, 91, 90, 89, 88, 94]
146: [75, 91, 90, 89, 88, 94]
147: [75, 90, 89, 88, 94]
148: [75, 89, 88, 94]
149: [75, 88, 94]
150: [75, 94]
151: [179, 68, 51]
152: [34, 13]
153: [167, 142]
154: [160]
155: [29]
156: [65]
157: [65]
158: [65, 68]
159: [68]
160: [68]
161: [68]
162: [68]
163: [68]
164: [68]
165: [68]
166: [34]
167: [167]
168: [160]
169: [29]
170: [29]
171: [29]
172: [29, 34]
173: [34]
174: [34]
175: [34]
176: [34]
177: [34]
178: [34]
179: [34]
180: [34]
181: [167]
182: [160]
183: [160]
184: [160]
185: [160]
186: [160, 167]
187: [167]
188: [167]
189: [167]
190: [167]
191: [167]
192: [167]
193: [167]
194: [167]
195: [167]
145
0: [137]
1: [137]
2: [137]
3: [142, 137]
4: [142, 137]
5: [142, 137]
6: [142, 137]
7: [142, 137]
8: [142, 137]
9: [142, 137]
10: [142, 137]
11: [142]
12: [142]
13: [142]
14: [137]
15: [10]
16: [10]
17: [13, 10]
18: [13, 10]
19: [13, 10]
20: [13, 10]
21: [13, 10]
22: [13, 10]
23: [13, 10]
24: [13, 10]
25: [13]
26: [13]
27: [142]
28: [137]
29: [10]
30: [50]
31: [51, 50]
32: [51, 50]
33: [51, 50]
34: [51, 50]
35: [51, 50]
36: [51, 50]
37: [51, 50]
38: [51, 50]
39: [51]
40: [13]
41: [142]
42: [137]
43: [10]
44: [50, 179]
45: [75]
46: [75]
47: [75]
48: [75]
49: [75]
50: [75]
51: [75]
52: [75]
53: [179, 51]
54: [13]
55: [142]
56: [137]
57: [10]
58: [50, 179]
59: [88, 75]
60: [94, 88]
61: [94, 88]
62: [94, 88]
63: [94, 88]
64: [94, 88]
65: [94, 88]
66: [75, 94]
67: [179, 51]
68: [13]
69: [142]
70: [137]
71: [10]
72: [50, 179]
73: [88, 89, 75]
74: [94, 89]
75: [95, 89]
76: [95, 89]
77: [95, 89]
78: [95, 89]
79: [95, 88]
80: [75, 95, 94]
81: [179, 69, 51]
82: [35, 13]
83: [168, 142]
84: [137]
85: [10]
86: [50, 179]
87: [88, 89, 90, 75]
88: [94, 90]
89: [95, 90]
90: [90]
91: [90]
92: [89]
93: [88]
94: [75, 95, 94]
95: [179, 69, 51]
96: [35, 13]
97: [168, 142]
98: [137]
99: [10]
100: [50, 179]
101: [88, 89, 90, 91, 75]
102: [94, 91]
103: [95, 91]
104: [91]
105: [90]
106: [89]
107: [88]
108: [75, 95, 94]
109: [179, 69, 51]
110: [35, 13]
111: [168, 142]
112: [137, 159]
113: [10, 28]
114: [50, 64, 179]
115: [88, 89, 90, 91, 92, 75]
116: [94, 92]
117: [95, 92]
118: [91]
119: [90]
120: [89]
121: [88]
122: [75, 95, 94]
123: [179, 69, 51]
124: [35, 13]
125: [168, 142]
126: [137, 159]
127: [10, 28]
128: [50, 64, 179]
129: [88, 89, 90, 91, 92, 75]
130: [94]
131: [95, 92]
132: [91]
133: [90]
134: [89]
135: [88]
136: [75, 95, 94]
137: [179, 69, 51]
138: [35, 13]
139: [168, 142]
140: [137, 159]
141: [10, 28]
142: [50, 64, 179]
143: [88, 89, 90, 91, 92, 75]
144: [88, 89, 90, 91, 92, 94, 75]
145: []
146: [75, 91, 90, 89, 95, 88, 94]
147: [75, 90, 89, 95, 88, 94]
148: [75, 89, 95, 88, 94]
149: [75, 95, 88, 94]
150: [75, 95, 94]
151: [179, 69, 51]
152: [35, 13]
153: [168, 142]
154: [159]
155: [28]
156: [64]
157: [64]
158: [64]
159: [64, 69]
160: [69]
161: [69]
162: [69]
163: [69]
164: [69]
165: [69]
166: [35]
167: [168]
168: [159]
169: [28]
170: [28]
171: [28]
172: [28]
173: [28, 35]
174: [35]
175: [35]
176: [35]
177: [35]
178: [35]
179: [35]
180: [35]
181: [168]
182: [159]
183: [159]
184: [159]
185: [159]
186: [159]
187: [159, 168]
188: [168]
189: [168]
190: [168]
191: [168]
192: [168]
193: [168]
194: [168]
195: [168]
146
0: [137]
1: [137]
2: [137]
3: [142, 137]
4: [142, 137]
5: [142, 137]
6: [142, 137]
7: [142, 137]
8: [142, 137]
9: [142, 137]
10: [142, 137]
11: [142]
12: [142]
13: [142]
14: [137]
15: [10]
16: [10]
17: [13, 10]
18: [13, 10]
19: [13, 10]
20: [13, 10]
21: [13, 10]
22: [13, 10]
23: [13, 10]
24: [13, 10]
25: [13]
26: [13]
27: [142]
28: [137]
29: [10]
30: [50]
31: [51, 50]
32: [51, 50]
33: [51, 50]
34: [51, 50]
35: [51, 50]
36: [51, 50]
37: [51, 50]
38: [51, 50]
39: [51]
40: [13]
41: [142]
42: [137]
43: [10]
44: [50, 179]
45: [75]
46: [75]
47: [75]
48: [75]
49: [75]
50: [75]
51: [75]
52: [75]
53: [179, 51]
54: [13]
55: [142]
56: [137]
57: [10]
58: [50, 179]
59: [88, 75]
60: [94, 88]
61: [94, 88]
62: [94, 88]
63: [94, 88]
64: [94, 88]
65: [94, 88]
66: [75, 94]
67: [179, 51]
68: [13]
69: [142]
70: [137]
71: [10]
72: [50, 179]
73: [88, 89, 75]
74: [94, 89]
75: [95, 89]
76: [95, 89]
77: [95, 89]
78: [95, 89]
79: [95, 88]
80: [75, 95, 94]
81: [179, 51]
82: [13]
83: [142]
84: [137]
85: [10]
86: [50, 179]
87: [88, 89, 90, 75]
88: [94, 90]
89: [95, 90]
90: [96, 90]
91: [96, 90]
92: [96, 89]
93: [96, 88]
94: [96, 75, 95, 94]
95: [179, 70, 51]
96: [36, 13]
97: [169, 142]
98: [137, 158]
99: [10, 27]
100: [50, 63, 179]
101: [88, 89, 90, 91, 75]
102: [94, 91]
103: [95, 91]
104: [96, 91]
105: [90]
106: [89]
107: [88]
108: [75, 96, 95, 94]
109: [179, 70, 51]
110: [36, 13]
111: [169, 142]
112: [137, 158]
113: [10, 27]
114: [50, 63, 179]
115: [88, 89, 90, 91, 75]
116: [94]
117: [95]
118: [96, 91]
119: [90]
120: [89]
121: [88]
122: [75, 96, 95, 94]
123: [179, 70, 51]
124: [36, 13]
125: [169, 142]
126: [137, 158]
127: [10, 27]
128: [50, 63, 179]
129: [88, 89, 90, 91, 75]
130: [94]
131: [95]
132: [96, 91]
133: [90]
134: [89]
135: [88]
136: [75, 96, 95, 94]
137: [179, 70, 51]
138: [36, 13]
139: [169, 142]
140: [137, 158]
141: [10, 27]
142: [50, 63, 179]
143: [88, 89, 90, 91, 75]
144: [88, 89, 90, 91, 94, 75]
145: [88, 89, 90, 91, 94, 95, 75]
146: []
147: [75, 96, 90, 89, 95, 88, 94]
148: [75, 96, 89, 95, 88, 94]
149: [75, 96, 95, 88, 94]
150: [75, 96, 95, 94]
151: [179, 70, 51]
152: [36, 13]
153: [169, 142]
154: [158]
155: [27]
156: [63]
157: [63]
158: [63]
159: [63]
160: [63, 70]
161: [70]
162: [70]
163: [70]
164: [70]
165: [70]
166: [36]
167: [169]
168: [158]
169: [27]
170: [27]
171: [27]
172: [27]
173: [27]
174: [27, 36]
175: [36]
176: [36]
177: [36]
178: [36]
179: [36]
180: [36]
181: [169]
182: [158]
183: [158]
184: [158]
185: [158]
186: [158]
187: [158]
188: [158, 169]
189: [169]
190: [169]
191: [169]
192: [169]
193: [169]
194: [169]
195: [169]
147
0: [137]
1: [137]
2: [137]
3: [142, 137]
4: [142, 137]
5: [142, 137]
6: [142, 137]
7: [142, 137]
8: [142, 137]
9: [142, 137]
10: [142, 137]
11: [142]
12: [142]
13: [142]
14: [137]
15: [10]
16: [10]
17: [13, 10]
18: [13, 10]
19: [13, 10]
20: [13, 10]
21: [13, 10]
22: [13, 10]
23: [13, 10]
24: [13, 10]
25: [13]
26: [13]
27: [142]
28: [137]
29: [10]
30: [50]
31: [51, 50]
32: [51, 50]
33: [51, 50]
34: [51, 50]
35: [51, 50]
36: [51, 50]
37: [51, 50]
38: [51, 50]
39: [51]
40: [13]
41: [142]
42: [137]
43: [10]
44: [50, 179]
45: [75]
46: [75]
47: [75]
48: [75]
49: [75]
50: [75]
51: [75]
52: [75]
53: [179, 51]
54: [13]
55: [142]
56: [137]
57: [10]
58: [50, 179]
59: [88, 75]
60: [94, 88]
61: [94, 88]
62: [94, 88]
63: [94, 88]
64: [94, 88]
65: [94, 88]
66: [75, 94]
67: [179, 51]
68: [13]
69: [142]
70: [137]
71: [10]
72: [50, 179]
73: [88, 89, 75]
74: [94, 89]
75: [95, 89]
76: [95, 89]
77: [95, 89]
78: [95, 89]
79: [95, 88]
80: [75, 95, 94]
81: [179, 51]
82: [13]
83: [142]
84: [137, 157]
85: [10, 26]
86: [50, 62, 179]
87: [88, 89, 90, 75]
88: [94, 90]
89: [95, 90]
90: [96, 90]
91: [96, 90]
92: [96, 89]
93: [96, 88]
94: [75, 96, 95, 94]
95: [179, 51]
96: [13]
97: [142]
98: [137, 157]
99: [10, 26]
100: [50, 62, 179]
101: [88, 89, 90, 75]
102: [94]
103: [95]
104: [96]
105: [97, 90]
106: [97, 89]
107: [97, 88]
108: [97, 75, 96, 95, 94]
109: [179, 71, 51]
110: [37, 13]
111: [170, 142]
112: [137, 157]
113: [10, 26]
114: [50, 62, 179]
115: [88, 89, 90, 75]
116: [94]
117: [95]
118: [96]
119: [97, 90]
120: [89]
121: [88]
122: [75, 97, 96, 95, 94]
123: [179, 71, 51]
124: [37, 13]
125: [170, 142]
126: [137, 157]
127: [10, 26]
128: [50, 62, 179]
129: [88, 89, 90, 75]
130: [94]
131: [95]
132: [96]
133: [97, 90]
134: [89]
135: [88]
136: [75, 97, 96, 95, 94]
137: [179, 71, 51]
138: [37, 13]
139: [170, 142]
140: [137, 157]
141: [10, 26]
142: [50, 62, 179]
143: [88, 89, 90, 75]
144: [88, 89, 90, 94, 75]
145: [88, 89, 90, 94, 95, 75]
146: [96, 88, 89, 90, 94, 95, 75]
147: []
148: [75, 97, 96, 89, 95, 88, 94]
149: [75, 97, 96, 95, 88, 94]
150: [75, 97, 96, 95, 94]
151: [179, 71, 51]
152: [37, 13]
153: [170, 142]
154: [157]
155: [26]
156: [62]
157: [62]
158: [62]
159: [62]
160: [62]
161: [62, 71]
162: [71]
163: [71]
164: [71]
165: [71]
166: [37]
167: [170]
168: [157]
169: [26]
170: [26]
171: [26]
172: [26]
173: [26]
174: [26]
175: [26, 37]
176: [37]
177: [37]
178: [37]
179: [37]
180: [37]
181: [170]
182: [157]
183: [157]
184: [157]
185: [157]
186: [157]
187: [157]
188: [157]
189: [157, 170]
190: [170]
191: [170]
192: [170]
193: [170]
194: [170]
195: [170]
148
0: [137]
1: [137]
2: [137]
3: [142, 137]
4: [142, 137]
5: [142, 137]
6: [142, 137]
7: [142, 137]
8: [142, 137]
9: [142, 137]
10: [142, 137]
11: [142]
12: [142]
13: [142]
14: [137]
15: [10]
16: [10]
17: [13, 10]
18: [13, 10]
19: [13, 10]
20: [13, 10]
21: [13, 10]
22: [13, 10]
23: [13, 10]
24: [13, 10]
25: [13]
26: [13]
27: [142]
28: [137]
29: [10]
30: [50]
31: [51, 50]
32: [51, 50]
33: [51, 50]
34: [51, 50]
35: [51, 50]
36: [51, 50]
37: [51, 50]
38: [51, 50]
39: [51]
40: [13]
41: [142]
42: [137]
43: [10]
44: [50, 179]
45: [75]
46: [75]
47: [75]
48: [75]
49: [75]
50: [75]
51: [75]
52: [75]
53: [179, 51]
54: [13]
55: [142]
56: [137]
57: [10]
58: [50, 179]
59: [88, 75]
60: [94, 88]
61: [94, 88]
62: [94, 88]
63: [94, 88]
64: [94, 88]
65: [94, 88]
66: [75, 94]
67: [179, 51]
68: [13]
69: [142]
70: [137, 156]
71: [10, 25]
72: [50, 61, 179]
73: [88, 89, 75]
74: [94, 89]
75: [95, 89]
76: [95, 89]
77: [95, 89]
78: [95, 89]
79: [95, 88]
80: [75, 95, 94]
81: [179, 51]
82: [13]
83: [142]
84: [137, 156]
85: [10, 25]
86: [50, 61, 179]
87: [88, 89, 75]
88: [94]
89: [95]
90: [96]
91: [96]
92: [96, 89]
93: [96, 88]
94: [75, 96, 95, 94]
95: [179, 51]
96: [13]
97: [142]
98: [137, 156]
99: [10, 25]
100: [50, 61, 179]
101: [88, 89, 75]
102: [94]
103: [95]
104: [96]
105: [97]
106: [97, 89]
107: [97, 88]
108: [75, 97, 96, 95, 94]
109: [179, 51]
110: [13]
111: [142]
112: [137, 156]
113: [10, 25]
114: [50, 61, 179]
115: [88, 89, 75]
116: [94]
117: [95]
118: [96]
119: [97]
120: [98, 89]
121: [98, 88]
122: [98, 75, 97, 96, 95, 94]
123: [72, 179, 51]
124: [38, 13]
125: [171, 142]
126: [137, 156]
127: [10, 25]
128: [50, 61, 179]
129: [88, 89, 75]
130: [94]
131: [95]
132: [96]
133: [97]
134: [98, 89]
135: [88]
136: [75, 98, 97, 96, 95, 94]
137: [179, 72, 51]
138: [38, 13]
139: [171, 142]
140: [137, 156]
141: [10, 25]
142: [50, 61, 179]
143: [88, 89, 75]
144: [88, 89, 94, 75]
145: [88, 89, 94, 95, 75]
146: [96, 88, 89, 94, 95, 75]
147: [96, 97, 88, 89, 94, 95, 75]
148: []
149: [75, 98, 97, 96, 95, 88, 94]
150: [75, 98, 97, 96, 95, 94]
151: [179, 72, 51]
152: [38, 13]
153: [171, 142]
154: [156]
155: [25]
156: [61]
157: [61]
158: [61]
159: [61]
160: [61]
161: [61]
162: [61, 72]
163: [72]
164: [72]
165: [72]
166: [38]
167: [171]
168: [156]
169: [25]
170: [25]
171: [25]
172: [25]
173: [25]
174: [25]
175: [25]
176: [25, 38]
177: [38]
178: [38]
179: [38]
180: [38]
181: [171]
182: [156]
183: [156]
184: [156]
185: [156]
186: [156]
187: [156]
188: [156]
189: [156]
190: [156, 171]
191: [171]
192: [171]
193: [171]
194: [171]
195: [171]
149
0: [137]
1: [137]
2: [137]
3: [142, 137]
4: [142, 137]
5: [142, 137]
6: [142, 137]
7: [142, 137]
8: [142, 137]
9: [142, 137]
10: [142, 137]
11: [142]
12: [142]
13: [142]
14: [137]
15: [10]
16: [10]
17: [13, 10]
18: [13, 10]
19: [13, 10]
20: [13, 10]
21: [13, 10]
22: [13, 10]
23: [13, 10]
24: [13, 10]
25: [13]
26: [13]
27: [142]
28: [137]
29: [10]
30: [50]
31: [51, 50]
32: [51, 50]
33: [51, 50]
34: [51, 50]
35: [51, 50]
36: [51, 50]
37: [51, 50]
38: [51, 50]
39: [51]
40: [13]
41: [142]
42: [137]
43: [10]
44: [50, 179]
45: [75]
46: [75]
47: [75]
48: [75]
49: [75]
50: [75]
51: [75]
52: [75]
53: [179, 51]
54: [13]
55: [142]
56: [137, 155]
57: [10, 24]
58: [50, 60, 179]
59: [88, 75]
60: [94, 88]
61: [94, 88]
62: [94, 88]
63: [94, 88]
64: [94, 88]
65: [94, 88]
66: [75, 94]
67: [179, 51]
68: [13]
69: [142]
70: [137, 155]
71: [10, 24]
72: [50, 60, 179]
73: [88, 75]
74: [94]
75: [95]
76: [95]
77: [95]
78: [95]
79: [95, 88]
80: [75, 95, 94]
81: [179, 51]
82: [13]
83: [142]
84: [137, 155]
85: [10, 24]
86: [50, 60, 179]
87: [88, 75]
88: [94]
89: [95]
90: [96]
91: [96]
92: [96]
93: [96, 88]
94: [75, 96, 95, 94]
95: [179, 51]
96: [13]
97: [142]
98: [137, 155]
99: [10, 24]
100: [50, 60, 179]
101: [88, 75]
102: [94]
103: [95]
104: [96]
105: [97]
106: [97]
107: [97, 88]
108: [75, 97, 96, 95, 94]
109: [179, 51]
110: [13]
111: [142]
112: [137, 155]
113: [10, 24]
114: [50, 60, 179]
115: [88, 75]
116: [94]
117: [95]
118: [96]
119: [97]
120: [98]
121: [98, 88]
122: [75, 98, 97, 96, 95, 94]
123: [179, 51]
124: [13]
125: [142]
126: [137, 155]
127: [10, 24]
128: [50, 60, 179]
129: [88, 75]
130: [94]
131: [95]
132: [96]
133: [97]
134: [98]
135: [99, 88]
136: [99, 75, 98, 97, 96, 95, 94]
137: [73, 179, 51]
138: [39, 13]
139: [172, 142]
140: [137, 155]
141: [10, 24]
142: [50, 60, 179]
143: [88, 75]
144: [88, 94, 75]
145: [88, 94, 95, 75]
146: [88, 96, 94, 95, 75]
147: [96, 97, 88, 94, 95, 75]
148: [96, 97, 98, 88, 94, 95, 75]
149: []
150: [75, 99, 98, 97, 96, 95, 94]
151: [179, 73, 51]
152: [39, 13]
153: [172, 142]
154: [155]
155: [24]
156: [60]
157: [60]
158: [60]
159: [60]
160: [60]
161: [60]
162: [60]
163: [60, 73]
164: [73]
165: [73]
166: [39]
167: [172]
168: [155]
169: [24]
170: [24]
171: [24]
172: [24]
173: [24]
174: [24]
175: [24]
176: [24]
177: [24, 39]
178: [39]
179: [39]
180: [39]
181: [172]
182: [155]
183: [155]
184: [155]
185: [155]
186: [155]
187: [155]
188: [155]
189: [155]
190: [155]
191: [155, 172]
192: [172]
193: [172]
194: [172]
195: [172]
150
0: [137]
1: [137]
2: [137]
3: [142, 137]
4: [142, 137]
5: [142, 137]
6: [142, 137]
7: [142, 137]
8: [142, 137]
9: [142, 137]
10: [142, 137]
11: [142]
12: [142]
13: [142]
14: [137]
15: [10]
16: [10]
17: [13, 10]
18: [13, 10]
19: [13, 10]
20: [13, 10]
21: [13, 10]
22: [13, 10]
23: [13, 10]
24: [13, 10]
25: [13]
26: [13]
27: [142]
28: [137]
29: [10]
30: [50]
31: [178, 51, 50]
32: [178, 51, 50]
33: [178, 51, 50]
34: [178, 51, 50]
35: [178, 51, 50]
36: [178, 51, 50]
37: [178, 51, 50]
38: [178, 51, 50]
39: [51]
40: [13]
41: [142]
42: [137, 154]
43: [10, 23]
44: [50, 59, 179]
45: [75]
46: [75]
47: [75]
48: [75]
49: [75]
50: [75]
51: [75]
52: [75]
53: [179, 51]
54: [13]
55: [142]
56: [137, 154]
57: [10, 23]
58: [50, 59, 179]
59: [75]
60: [94]
61: [94]
62: [94]
63: [94]
64: [94]
65: [94]
66: [75, 94]
67: [179, 51]
68: [13]
69: [142]
70: [137, 154]
71: [10, 23]
72: [50, 59, 179]
73: [75]
74: [94]
75: [95]
76: [95]
77: [95]
78: [95]
79: [95]
80: [75, 95, 94]
81: [179, 51]
82: [13]
83: [142]
84: [137, 154]
85: [10, 23]
86: [50, 59, 179]
87: [75]
88: [94]
89: [95]
90: [96]
91: [96]
92: [96]
93: [96]
94: [75, 96, 95, 94]
95: [179, 51]
96: [13]
97: [142]
98: [137, 154]
99: [10, 23]
100: [50, 59, 179]
101: [75]
102: [94]
103: [95]
104: [96]
105: [97]
106: [97]
107: [97]
108: [75, 97, 96, 95, 94]
109: [179, 51]
110: [13]
111: [142]
112: [137, 154]
113: [10, 23]
114: [50, 59, 179]
115: [75]
116: [94]
117: [95]
118: [96]
119: [97]
120: [98]
121: [98]
122: [75, 98, 97, 96, 95, 94]
123: [179, 51]
124: [13]
125: [142]
126: [137, 154]
127: [10, 23]
128: [50, 59, 179]
129: [75]
130: [94]
131: [95]
132: [96]
133: [97]
134: [98]
135: [99]
136: [75, 99, 98, 97, 96, 95, 94]
137: [179, 51]
138: [13]
139: [142]
140: [137, 154]
141: [10, 23]
142: [50, 59, 179]
143: [75]
144: [94, 75]
145: [94, 95, 75]
146: [96, 94, 95, 75]
147: [96, 97, 94, 95, 75]
148: [96, 97, 98, 94, 95, 75]
149: [96, 97, 98, 99, 94, 95, 75]
150: []
151: [74, 179, 51]
152: [40, 13]
153: [173, 142]
154: [154]
155: [23]
156: [59]
157: [59, 178]
158: [59, 178]
159: [59, 178]
160: [59, 178]
161: [59, 178]
162: [59, 178]
163: [59, 178]
164: [59, 74, 178]
165: [74]
166: [40]
167: [173]
168: [154]
169: [23]
170: [23]
171: [23]
172: [23]
173: [23]
174: [23]
175: [23]
176: [23]
177: [23]
178: [23, 40]
179: [40]
180: [40]
181: [173]
182: [154]
183: [154]
184: [154]
185: [154]
186: [154]
187: [154]
188: [154]
189: [154]
190: [154]
191: [154]
192: [154, 173]
193: [173]
194: [173]
195: [173]
151
0: [138]
1: [138]
2: [138]
3: [142, 138]
4: [142, 138]
5: [142, 138]
6: [142, 138]
7: [142, 138]
8: [142, 138]
9: [142, 138]
10: [142, 138]
11: [142, 138]
12: [142]
13: [142]
14: [138]
15: [11]
16: [11]
17: [13, 11]
18: [13, 11]
19: [13, 11]
20: [13, 11]
21: [13, 11]
22: [13, 11]
23: [13, 11]
24: [13, 11]
25: [13, 11]
26: [13]
27: [142]
28: [138, 153]
29: [11, 22]
30: [42]
31: [42, 51]
32: [42, 51]
33: [42, 51]
34: [42, 51]
35: [42, 51]
36: [42, 51]
37: [42, 51]
38: [42, 51]
39: [42, 51]
40: [13]
41: [142]
42: [138, 153]
43: [11, 22]
44: [179, 42]
45: [51, 179, 67]
46: [179, 67]
47: [179, 67]
48: [179, 67]
49: [179, 67]
50: [179, 67]
51: [179, 67]
52: [179, 67]
53: [42, 179, 67, 51]
54: [13]
55: [142]
56: [138, 153]
57: [11, 22]
58: [179, 42]
59: [51, 67]
60: [68]
61: [68]
62: [68]
63: [68]
64: [68]
65: [68]
66: [68]
67: [42, 179, 68, 67, 51]
68: [13]
69: [142]
70: [138, 153]
71: [11, 22]
72: [179, 42]
73: [51, 67]
74: [68]
75: [69]
76: [69]
77: [69]
78: [69]
79: [69]
80: [69]
81: [42, 179, 69, 68, 67, 51]
82: [13]
83: [142]
84: [138, 153]
85: [11, 22]
86: [179, 42]
87: [51, 67]
88: [68]
89: [69]
90: [70]
91: [70]
92: [70]
93: [70]
94: [70]
95: [42, 179, 70, 69, 68, 67, 51]
96: [13]
97: [142]
98: [138, 153]
99: [11, 22]
100: [179, 42]
101: [51, 67]
102: [68]
103: [69]
104: [70]
105: [71]
106: [71]
107: [71]
108: [71]
109: [42, 179, 71, 70, 69, 68, 67, 51]
110: [13]
111: [142]
112: [138, 153]
113: [11, 22]
114: [179, 42]
115: [51, 67]
116: [68]
117: [69]
118: [70]
119: [71]
120: [72]
121: [72]
122: [72]
123: [42, 179, 72, 71, 70, 69, 68, 67, 51]
124: [13]
125: [142]
126: [138, 153]
127: [11, 22]
128: [179, 42]
129: [51, 67]
130: [68]
131: [69]
132: [70]
133: [71]
134: [72]
135: [73]
136: [73]
137: [42, 179, 73, 72, 71, 70, 69, 68, 67, 51]
138: [13]
139: [142]
140: [138, 153]
141: [11, 22]
142: [179, 42]
143: [51, 67, 179]
144: [51, 68, 179]
145: [51, 69, 179]
146: [51, 70, 179]
147: [51, 71, 179]
148: [51, 72, 179]
149: [51, 73, 179]
150: [51, 74, 179]
151: []
152: [40, 13]
153: [173, 142]
154: [138, 153]
155: [11, 22]
156: [42]
157: [67, 42]
158: [67, 68, 42]
159: [67, 68, 69, 42]
160: [67, 68, 69, 70, 42]
161: [67, 68, 69, 70, 71, 42]
162: [67, 68, 69, 70, 71, 72, 42]
163: [67, 68, 69, 70, 71, 72, 73, 42]
164: [67, 68, 69, 70, 71, 72, 73, 74, 42]
165: [67, 68, 69, 70, 71, 72, 73, 74, 42]
166: [40]
167: [173]
168: [153]
169: [22]
170: [22]
171: [22]
172: [22]
173: [22]
174: [22]
175: [22]
176: [22]
177: [22]
178: [22, 40]
179: [22, 40]
180: [40]
181: [173]
182: [153]
183: [153]
184: [153]
185: [153]
186: [153]
187: [153]
188: [153]
189: [153]
190: [153]
191: [153]
192: [153, 173]
193: [153, 173]
194: [173]
195: [173]
152
0: [139]
1: [176, 139]
2: [176, 139]
3: [176, 142, 139]
4: [176, 142, 139]
5: [176, 142, 139]
6: [176, 142, 139]
7: [176, 142, 139]
8: [176, 142, 139]
9: [176, 142, 139]
10: [176, 142, 139]
11: [176, 142, 139]
12: [176, 142, 139]
13: [142]
14: [139, 152]
15: [1]
16: [1, 12]
17: [1, 13, 12]
18: [1, 13, 12]
19: [1, 13, 12]
20: [1, 13, 12]
21: [1, 13, 12]
22: [1, 13, 12]
23: [1, 13, 12]
24: [1, 13, 12]
25: [1, 13, 12]
26: [1, 13, 12]
27: [142]
28: [139, 152]
29: [1]
30: [12, 32]
31: [13, 32]
32: [32]
33: [32]
34: [32]
35: [32]
36: [32]
37: [32]
38: [32]
39: [32]
40: [1, 13, 32, 12]
41: [142]
42: [139, 152]
43: [1]
44: [12, 32]
45: [13, 33]
46: [33]
47: [33]
48: [33]
49: [33]
50: [33]
51: [33]
52: [33]
53: [33]
54: [1, 33, 13, 32, 12]
55: [142]
56: [139, 152]
57: [1]
58: [12, 32]
59: [13, 33]
60: [34]
61: [34]
62: [34]
63: [34]
64: [34]
65: [34]
66: [34]
67: [34]
68: [1, 34, 33, 13, 32, 12]
69: [142]
70: [139, 152]
71: [1]
72: [12, 32]
73: [13, 33]
74: [34]
75: [35]
76: [35]
77: [35]
78: [35]
79: [35]
80: [35]
81: [35]
82: [1, 35, 34, 33, 13, 32, 12]
83: [142]
84: [139, 152]
85: [1]
86: [12, 32]
87: [13, 33]
88: [34]
89: [35]
90: [36]
91: [36]
92: [36]
93: [36]
94: [36]
95: [36]
96: [1, 36, 35, 34, 33, 13, 32, 12]
97: [142]
98: [139, 152]
99: [1]
100: [12, 32]
101: [13, 33]
102: [34]
103: [35]
104: [36]
105: [37]
106: [37]
107: [37]
108: [37]
109: [37]
110: [1, 37, 36, 35, 34, 33, 13, 32, 12]
111: [142]
112: [139, 152]
113: [1]
114: [12, 32]
115: [13, 33]
116: [34]
117: [35]
118: [36]
119: [37]
120: [38]
121: [38]
122: [38]
123: [38]
124: [1, 38, 37, 36, 35, 34, 33, 13, 32, 12]
125: [142]
126: [139, 152]
127: [1]
128: [12, 32]
129: [13, 33]
130: [34]
131: [35]
132: [36]
133: [37]
134: [38]
135: [39]
136: [39]
137: [39]
138: [1, 39, 38, 37, 36, 35, 34, 33, 13, 32, 12]
139: [142]
140: [139, 152]
141: [1]
142: [12, 32]
143: [13, 33]
144: [13, 34]
145: [13, 35]
146: [13, 36]
147: [13, 37]
148: [13, 38]
149: [13, 39]
150: [13, 40]
151: [13, 40]
152: []
153: [173, 142]
154: [139, 152]
155: [1]
156: [12, 32]
157: [12, 33]
158: [12, 34]
159: [12, 35]
160: [12, 36]
161: [12, 37]
162: [12, 38]
163: [12, 39]
164: [12, 40]
165: [12]
166: [32, 33, 34, 35, 36, 37, 38, 39, 40, 12, 1]
167: [173]
168: [139, 152]
169: [1]
170: [32, 1]
171: [32, 33, 1]
172: [32, 33, 34, 1]
173: [32, 33, 34, 35, 1]
174: [32, 33, 34, 35, 36, 1]
175: [32, 33, 34, 35, 36, 37, 1]
176: [32, 33, 34, 35, 36, 37, 38, 1]
177: [32, 33, 34, 35, 36, 37, 38, 39, 1]
178: [32, 33, 34, 35, 36, 37, 38, 39, 40, 1]
179: [32, 33, 34, 35, 36, 37, 38, 39, 40, 1]
180: [32, 33, 34, 35, 36, 37, 38, 39, 40, 1]
181: [173]
182: [152]
183: [152, 176]
184: [152, 176]
185: [152, 176]
186: [152, 176]
187: [152, 176]
188: [152, 176]
189: [152, 176]
190: [152, 176]
191: [152, 176]
192: [152, 173, 176]
193: [152, 173, 176]
194: [152, 173, 176]
195: [173]
153
0: [127]
1: [127, 140]
2: [127, 141, 140]
3: [142, 127, 141, 140]
4: [127, 142, 141, 140]
5: [127, 142, 141, 140]
6: [127, 142, 141, 140]
7: [127, 142, 141, 140]
8: [127, 142, 141, 140]
9: [127, 142, 141, 140]
10: [127, 142, 141, 140]
11: [127, 142, 141, 140]
12: [127, 142, 141, 140]
13: [127, 142, 141, 140]
14: [177, 127]
15: [177, 140, 164]
16: [177, 141, 164]
17: [177, 142, 164]
18: [177, 164]
19: [177, 164]
20: [177, 164]
21: [177, 164]
22: [177, 164]
23: [177, 164]
24: [177, 164]
25: [177, 164]
26: [177, 164]
27: [177, 127, 142, 141, 164, 140]
28: [177, 127]
29: [140, 164]
30: [141, 165]
31: [142, 165]
32: [165]
33: [165]
34: [165]
35: [165]
36: [165]
37: [165]
38: [165]
39: [165]
40: [165]
41: [177, 127, 142, 141, 165, 164, 140]
42: [177, 127]
43: [140, 164]
44: [141, 165]
45: [142, 166]
46: [166]
47: [166]
48: [166]
49: [166]
50: [166]
51: [166]
52: [166]
53: [166]
54: [166]
55: [177, 127, 166, 142, 141, 165, 164, 140]
56: [177, 127]
57: [140, 164]
58: [141, 165]
59: [142, 166]
60: [167]
61: [167]
62: [167]
63: [167]
64: [167]
65: [167]
66: [167]
67: [167]
68: [167]
69: [177, 127, 167, 166, 142, 141, 165, 164, 140]
70: [177, 127]
71: [140, 164]
72: [141, 165]
73: [142, 166]
74: [167]
75: [168]
76: [168]
77: [168]
78: [168]
79: [168]
80: [168]
81: [168]
82: [168]
83: [177, 127, 168, 167, 166, 142, 141, 165, 164, 140]
84: [177, 127]
85: [140, 164]
86: [141, 165]
87: [142, 166]
88: [167]
89: [168]
90: [169]
91: [169]
92: [169]
93: [169]
94: [169]
95: [169]
96: [169]
97: [177, 127, 169, 168, 167, 166, 142, 141, 165, 164, 140]
98: [177, 127]
99: [140, 164]
100: [141, 165]
101: [142, 166]
102: [167]
103: [168]
104: [169]
105: [170]
106: [170]
107: [170]
108: [170]
109: [170]
110: [170]
111: [177, 127, 170, 169, 168, 167, 166, 142, 141, 165, 164, 140]
112: [177, 127]
113: [140, 164]
114: [141, 165]
115: [142, 166]
116: [167]
117: [168]
118: [169]
119: [170]
120: [171]
121: [171]
122: [171]
123: [171]
124: [171]
125: [177, 127, 171, 170, 169, 168, 167, 166, 142, 141, 165, 164, 140]
126: [177, 127]
127: [140, 164]
128: [141, 165]
129: [142, 166]
130: [167]
131: [168]
132: [169]
133: [170]
134: [171]
135: [172]
136: [172]
137: [172]
138: [172]
139: [177, 127, 172, 171, 170, 169, 168, 167, 166, 142, 141, 165, 164, 140]
140: [177, 127]
141: [140, 164]
142: [141, 165]
143: [142, 166]
144: [142, 167]
145: [142, 168]
146: [142, 169]
147: [142, 170]
148: [142, 171]
149: [142, 172]
150: [142, 173]
151: [142, 173]
152: [142, 173]
153: []
154: [177, 127]
155: [140, 164]
156: [141, 165]
157: [141, 166]
158: [141, 167]
159: [141, 168]
160: [141, 169]
161: [141, 170]
162: [141, 171]
163: [141, 172]
164: [141, 173]
165: [141]
166: [141]
167: [164, 165, 166, 167, 168, 169, 170, 171, 140, 141, 172, 173, 177, 127]
168: [177, 127]
169: [140, 164, 177]
170: [140, 165, 177]
171: [140, 166, 177]
172: [140, 167, 177]
173: [140, 168, 177]
174: [140, 169, 177]
175: [140, 170, 177]
176: [140, 171, 177]
177: [140, 172, 177]
178: [140, 173, 177]
179: [140, 177]
180: [140, 177]
181: [164, 165, 166, 167, 168, 169, 170, 171, 140, 172, 173, 177, 127]
182: [127]
183: [164, 127]
184: [164, 165, 127]
185: [164, 165, 166, 127]
186: [164, 165, 166, 167, 127]
187: [164, 165, 166, 167, 168, 127]
188: [164, 165, 166, 167, 168, 169, 127]
189: [164, 165, 166, 167, 168, 169, 170, 127]
190: [164, 165, 166, 167, 168, 169, 170, 171, 127]
191: [164, 165, 166, 167, 168, 169, 170, 171, 172, 127]
192: [164, 165, 166, 167, 168, 169, 170, 171, 172, 173, 127]
193: [164, 165, 166, 167, 168, 169, 170, 171, 172, 173, 127]
194: [164, 165, 166, 167, 168, 169, 170, 171, 172, 173, 127]
195: [164, 165, 166, 167, 168, 169, 170, 171, 172, 173, 127]
154
0: [138, 139, 127]
1: [138, 139, 127]
2: [138, 139, 127]
3: [138, 139, 127]
4: [138, 139, 127]
5: [138, 139, 127]
6: [138, 139, 127]
7: [138, 139, 127]
8: [138, 139, 127]
9: [138, 139, 127]
10: [138, 139, 127]
11: [138, 139, 127]
12: [139, 127]
13: [127]
14: [152, 138, 139, 177, 127]
15: [152, 177]
16: [152, 177]
17: [152, 177]
18: [152, 177]
19: [152, 177]
20: [152, 177]
21: [152, 177]
22: [152, 177]
23: [152, 177]
24: [152, 177]
25: [152, 138, 177]
26: [152, 139, 177]
27: [177, 127]
28: [152, 153, 138, 139, 177, 127]
29: [153]
30: [153]
31: [153]
32: [153]
33: [153]
34: [153]
35: [153]
36: [153]
37: [153]
38: [153]
39: [153, 138]
40: [152, 139]
41: [177, 127]
42: [138, 139, 152, 153, 154, 177, 127]
43: [154]
44: [154]
45: [154]
46: [154]
47: [154]
48: [154]
49: [154]
50: [154]
51: [154]
52: [154]
53: [153, 138]
54: [152, 139]
55: [177, 127]
56: [138, 139, 152, 153, 154, 155, 177, 127]
57: [155]
58: [155]
59: [155]
60: [155]
61: [155]
62: [155]
63: [155]
64: [155]
65: [155]
66: [154]
67: [153, 138]
68: [152, 139]
69: [177, 127]
70: [138, 139, 152, 153, 154, 155, 156, 177, 127]
71: [156]
72: [156]
73: [156]
74: [156]
75: [156]
76: [156]
77: [156]
78: [156]
79: [155]
80: [154]
81: [153, 138]
82: [152, 139]
83: [177, 127]
84: [138, 139, 152, 153, 154, 155, 156, 157, 177, 127]
85: [157]
86: [157]
87: [157]
88: [157]
89: [157]
90: [157]
91: [157]
92: [156]
93: [155]
94: [154]
95: [153, 138]
96: [152, 139]
97: [177, 127]
98: [138, 139, 152, 153, 154, 155, 156, 157, 158, 177, 127]
99: [158]
100: [158]
101: [158]
102: [158]
103: [158]
104: [158]
105: [157]
106: [156]
107: [155]
108: [154]
109: [153, 138]
110: [152, 139]
111: [177, 127]
112: [138, 139, 152, 153, 154, 155, 156, 157, 158, 159, 177, 127]
113: [159]
114: [159]
115: [159]
116: [159]
117: [159]
118: [158]
119: [157]
120: [156]
121: [155]
122: [154]
123: [153, 138]
124: [152, 139]
125: [177, 127]
126: [160, 138, 139, 152, 153, 154, 155, 156, 157, 158, 159, 177, 127]
127: [160]
128: [160]
129: [160]
130: [160]
131: [159]
132: [158]
133: [157]
134: [156]
135: [155]
136: [154]
137: [153, 138]
138: [152, 139]
139: [177, 127]
140: [160, 161, 138, 139, 152, 153, 154, 155, 156, 157, 158, 159, 177, 127]
141: [161]
142: [161]
143: [161]
144: [160]
145: [159]
146: [158]
147: [157]
148: [156]
149: [155]
150: [154]
151: [153, 138]
152: [152, 139]
153: [177, 127]
154: []
155: [162, 138]
156: [162, 138]
157: [161, 138]
158: [160, 138]
159: [159, 138]
160: [158, 138]
161: [157, 138]
162: [156, 138]
163: [155, 138]
164: [154, 138]
165: [153, 138]
166: [152, 139]
167: [177, 127]
168: [177, 127, 162, 161, 160, 159, 158, 157, 156, 155, 154, 153, 152, 139]
169: [177, 139]
170: [177, 162, 139]
171: [177, 161, 139]
172: [177, 160, 139]
173: [177, 159, 139]
174: [177, 158, 139]
175: [177, 157, 139]
176: [177, 156, 139]
177: [177, 155, 139]
178: [177, 154, 139]
179: [177, 153, 139]
180: [177, 152, 139]
181: [177, 127]
182: [127, 162, 161, 160, 159, 158, 157, 156, 155, 154, 153, 152]
183: [127, 162, 161, 160, 159, 158, 157, 156, 155, 154, 153, 152]
184: [162, 127, 161, 160, 159, 158, 157, 156, 155, 154, 153, 152]
185: [127, 161, 160, 159, 158, 157, 156, 155, 154, 153, 152]
186: [127, 160, 159, 158, 157, 156, 155, 154, 153, 152]
187: [127, 159, 158, 157, 156, 155, 154, 153, 152]
188: [127, 158, 157, 156, 155, 154, 153, 152]
189: [127, 157, 156, 155, 154, 153, 152]
190: [127, 156, 155, 154, 153, 152]
191: [127, 155, 154, 153, 152]
192: [127, 154, 153, 152]
193: [127, 153, 152]
194: [127, 152]
195: [127]
155
0: [138]
1: [140, 138, 176]
2: [140, 138, 176]
3: [140, 138, 176]
4: [140, 138, 176]
5: [140, 138, 176]
6: [140, 138, 176]
7: [140, 138, 176]
8: [140, 138, 176]
9: [140, 138, 176]
10: [140, 138, 176]
11: [140, 138, 176]
12: [140, 176]
13: [140]
14: [138]
15: [11, 1]
16: [11, 1]
17: [11, 1]
18: [11, 1]
19: [11, 1]
20: [11, 1]
21: [11, 1]
22: [11, 1]
23: [11, 1]
24: [11, 1]
25: [11, 1]
26: [1]
27: [164, 140]
28: [138]
29: [11, 22, 1]
30: [22]
31: [22]
32: [22]
33: [22]
34: [22]
35: [22]
36: [22]
37: [22]
38: [22]
39: [22, 11]
40: [1]
41: [164, 140]
42: [138]
43: [11, 22, 23, 1]
44: [23]
45: [23]
46: [23]
47: [23]
48: [23]
49: [23]
50: [23]
51: [23]
52: [23]
53: [22, 11]
54: [1]
55: [164, 140]
56: [138]
57: [24, 11, 22, 23, 1]
58: [24]
59: [24]
60: [24]
61: [24]
62: [24]
63: [24]
64: [24]
65: [24]
66: [23]
67: [22, 11]
68: [1]
69: [164, 140]
70: [138]
71: [11, 22, 23, 24, 25, 1]
72: [25]
73: [25]
74: [25]
75: [25]
76: [25]
77: [25]
78: [25]
79: [24]
80: [23]
81: [22, 11]
82: [1]
83: [164, 140]
84: [138]
85: [11, 22, 23, 24, 25, 26, 1]
86: [26]
87: [26]
88: [26]
89: [26]
90: [26]
91: [26]
92: [25]
93: [24]
94: [23]
95: [22, 11]
96: [1]
97: [164, 140]
98: [138]
99: [11, 22, 23, 24, 25, 26, 27, 1]
100: [27]
101: [27]
102: [27]
103: [27]
104: [27]
105: [26]
106: [25]
107: [24]
108: [23]
109: [22, 11]
110: [1]
111: [164, 140]
112: [138]
113: [11, 22, 23, 24, 25, 26, 27, 28, 1]
114: [28]
115: [28]
116: [28]
117: [28]
118: [27]
119: [26]
120: [25]
121: [24]
122: [23]
123: [22, 11]
124: [1]
125: [164, 140]
126: [138]
127: [11, 22, 23, 24, 25, 26, 27, 28, 29, 1]
128: [29]
129: [29]
130: [29]
131: [28]
132: [27]
133: [26]
134: [25]
135: [24]
136: [23]
137: [22, 11]
138: [1]
139: [164, 140]
140: [138]
141: [11, 22, 23, 24, 25, 26, 27, 28, 29, 30, 1]
142: [30]
143: [30]
144: [29]
145: [28]
146: [27]
147: [26]
148: [25]
149: [24]
150: [23]
151: [22, 11]
152: [1]
153: [164, 140]
154: [138, 162]
155: []
156: [31, 11]
157: [30, 11]
158: [29, 11]
159: [28, 11]
160: [27, 11]
161: [26, 11]
162: [25, 11]
163: [24, 11]
164: [23, 11]
165: [22, 11]
166: [1]
167: [164, 140]
168: [162]
169: [1, 31, 30, 29, 28, 27, 26, 25, 24, 23, 22]
170: [1, 31, 30, 29, 28, 27, 26, 25, 24, 23, 22]
171: [1, 30, 29, 28, 27, 26, 25, 24, 23, 22]
172: [1, 29, 28, 27, 26, 25, 24, 23, 22]
173: [1, 28, 27, 26, 25, 24, 23, 22]
174: [1, 27, 26, 25, 24, 23, 22]
175: [1, 26, 25, 24, 23, 22]
176: [1, 25, 24, 23, 22]
177: [1, 24, 23, 22]
178: [1, 23, 22]
179: [1, 22]
180: [1]
181: [164, 140]
182: [162]
183: [176, 162, 164]
184: [176, 162, 164]
185: [176, 164]
186: [176, 164]
187: [176, 164]
188: [176, 164]
189: [176, 164]
190: [176, 164]
191: [176, 164]
192: [176, 164]
193: [176, 164]
194: [176, 164]
195: [164]
156
0: [138]
1: [138]
2: [141, 138]
3: [141, 138]
4: [141, 138]
5: [141, 138]
6: [141, 138]
7: [141, 138]
8: [141, 138]
9: [141, 138]
10: [141, 138]
11: [141, 138]
12: [141]
13: [141]
14: [138]
15: [11]
16: [12, 11]
17: [12, 11]
18: [12, 11]
19: [12, 11]
20: [12, 11]
21: [12, 11]
22: [12, 11]
23: [12, 11]
24: [12, 11]
25: [12, 11]
26: [12]
27: [141]
28: [138]
29: [11]
30: [42]
31: [42]
32: [42]
33: [42]
34: [42]
35: [42]
36: [42]
37: [42]
38: [42]
39: [42]
40: [32, 12]
41: [165, 141]
42: [138]
43: [11]
44: [59, 42]
45: [59]
46: [59]
47: [59]
48: [59]
49: [59]
50: [59]
51: [59]
52: [59]
53: [42]
54: [32, 12]
55: [165, 141]
56: [138]
57: [11]
58: [59, 60, 42]
59: [60]
60: [60]
61: [60]
62: [60]
63: [60]
64: [60]
65: [60]
66: [59]
67: [42]
68: [32, 12]
69: [165, 141]
70: [138]
71: [11]
72: [59, 60, 61, 42]
73: [61]
74: [61]
75: [61]
76: [61]
77: [61]
78: [61]
79: [60]
80: [59]
81: [42]
82: [32, 12]
83: [165, 141]
84: [138]
85: [11]
86: [59, 60, 61, 62, 42]
87: [62]
88: [62]
89: [62]
90: [62]
91: [62]
92: [61]
93: [60]
94: [59]
95: [42]
96: [32, 12]
97: [165, 141]
98: [138]
99: [11]
100: [59, 60, 61, 62, 63, 42]
101: [63]
102: [63]
103: [63]
104: [63]
105: [62]
106: [61]
107: [60]
108: [59]
109: [42]
110: [32, 12]
111: [165, 141]
112: [138]
113: [11]
114: [64, 59, 60, 61, 62, 63, 42]
115: [64]
116: [64]
117: [64]
118: [63]
119: [62]
120: [61]
121: [60]
122: [59]
123: [42]
124: [32, 12]
125: [165, 141]
126: [138]
127: [11]
128: [64, 65, 59, 60, 61, 62, 63, 42]
129: [65]
130: [65]
131: [64]
132: [63]
133: [62]
134: [61]
135: [60]
136: [59]
137: [42]
138: [32, 12]
139: [165, 141]
140: [138]
141: [11]
142: [64, 65, 66, 59, 60, 61, 62, 63, 42]
143: [66]
144: [65]
145: [64]
146: [63]
147: [62]
148: [61]
149: [60]
150: [59]
151: [42]
152: [32, 12]
153: [165, 141]
154: [138, 162]
155: [11, 31]
156: []
157: [42, 66, 65, 64, 63, 62, 61, 60, 59]
158: [42, 65, 64, 63, 62, 61, 60, 59]
159: [42, 64, 63, 62, 61, 60, 59]
160: [42, 63, 62, 61, 60, 59]
161: [42, 62, 61, 60, 59]
162: [42, 61, 60, 59]
163: [42, 60, 59]
164: [42, 59]
165: [42]
166: [32, 12]
167: [165, 141]
168: [162]
169: [31]
170: [31, 32]
171: [32]
172: [32]
173: [32]
174: [32]
175: [32]
176: [32]
177: [32]
178: [32]
179: [32]
180: [32]
181: [165]
182: [162]
183: [162]
184: [162, 165]
185: [165]
186: [165]
187: [165]
188: [165]
189: [165]
190: [165]
191: [165]
192: [165]
193: [165]
194: [165]
195: [165]
157
0: [138]
1: [138]
2: [141, 138]
3: [141, 138]
4: [141, 138]
5: [141, 138]
6: [141, 138]
7: [141, 138]
8: [141, 138]
9: [141, 138]
10: [141, 138]
11: [141, 138]
12: [141]
13: [141]
14: [138]
15: [11]
16: [12, 11]
17: [12, 11]
18: [12, 11]
19: [12, 11]
20: [12, 11]
21: [12, 11]
22: [12, 11]
23: [12, 11]
24: [12, 11]
25: [12, 11]
26: [12]
27: [141]
28: [138]
29: [11]
30: [42]
31: [178, 42]
32: [178, 42]
33: [178, 42]
34: [178, 42]
35: [178, 42]
36: [178, 42]
37: [178, 42]
38: [178, 42]
39: [42]
40: [12]
41: [141]
42: [138]
43: [11]
44: [59, 42]
45: [67, 59, 178]
46: [67, 59]
47: [67, 59]
48: [67, 59]
49: [67, 59]
50: [67, 59]
51: [67, 59]
52: [178, 67, 59]
53: [42, 67]
54: [33, 12]
55: [166, 141]
56: [138]
57: [11]
58: [59, 60, 42]
59: [67, 60, 178]
60: [60]
61: [60]
62: [60]
63: [60]
64: [60]
65: [60]
66: [178, 59]
67: [42, 67]
68: [33, 12]
69: [166, 141]
70: [138]
71: [11]
72: [59, 60, 61, 42]
73: [67, 61, 178]
74: [61]
75: [61]
76: [61]
77: [61]
78: [61]
79: [60]
80: [178, 59]
81: [42, 67]
82: [33, 12]
83: [166, 141]
84: [138]
85: [11]
86: [59, 60, 61, 62, 42]
87: [67, 62, 178]
88: [62]
89: [62]
90: [62]
91: [62]
92: [61]
93: [60]
94: [178, 59]
95: [42, 67]
96: [33, 12]
97: [166, 141]
98: [138]
99: [11]
100: [59, 60, 61, 62, 63, 42]
101: [67, 63, 178]
102: [63]
103: [63]
104: [63]
105: [62]
106: [61]
107: [60]
108: [178, 59]
109: [42, 67]
110: [33, 12]
111: [166, 141]
112: [138]
113: [11]
114: [64, 59, 60, 61, 62, 63, 42]
115: [67, 64, 178]
116: [64]
117: [64]
118: [63]
119: [62]
120: [61]
121: [60]
122: [178, 59]
123: [42, 67]
124: [33, 12]
125: [166, 141]
126: [138]
127: [11]
128: [64, 65, 59, 60, 61, 62, 63, 42]
129: [67, 65, 178]
130: [65]
131: [64]
132: [63]
133: [62]
134: [61]
135: [60]
136: [178, 59]
137: [42, 67]
138: [33, 12]
139: [166, 141]
140: [138, 161]
141: [11, 30]
142: [64, 65, 66, 59, 60, 61, 62, 63, 42]
143: [67, 66, 178]
144: [65]
145: [64]
146: [63]
147: [62]
148: [61]
149: [60]
150: [178, 59]
151: [42, 67]
152: [33, 12]
153: [166, 141]
154: [138, 161]
155: [11, 30]
156: [64, 65, 66, 59, 60, 61, 62, 63, 42]
157: []
158: [178, 42, 65, 64, 63, 62, 61, 60, 67, 59]
159: [178, 42, 64, 63, 62, 61, 60, 67, 59]
160: [178, 42, 63, 62, 61, 60, 67, 59]
161: [178, 42, 62, 61, 60, 67, 59]
162: [178, 42, 61, 60, 67, 59]
163: [178, 42, 60, 67, 59]
164: [178, 42, 67, 59]
165: [42, 67]
166: [33, 12]
167: [166, 141]
168: [161]
169: [30]
170: [30]
171: [30, 33]
172: [33]
173: [33]
174: [33]
175: [33]
176: [33]
177: [33]
178: [33]
179: [33]
180: [33]
181: [166]
182: [161]
183: [161]
184: [161]
185: [161, 166]
186: [166]
187: [166]
188: [166]
189: [166]
190: [166]
191: [166]
192: [166]
193: [166]
194: [166]
195: [166]
158
0: [138]
1: [138]
2: [141, 138]
3: [141, 138]
4: [141, 138]
5: [141, 138]
6: [141, 138]
7: [141, 138]
8: [141, 138]
9: [141, 138]
10: [141, 138]
11: [141, 138]
12: [141]
13: [141]
14: [138]
15: [11]
16: [12, 11]
17: [12, 11]
18: [12, 11]
19: [12, 11]
20: [12, 11]
21: [12, 11]
22: [12, 11]
23: [12, 11]
24: [12, 11]
25: [12, 11]
26: [12]
27: [141]
28: [138]
29: [11]
30: [42]
31: [178, 42]
32: [178, 42]
33: [178, 42]
34: [178, 42]
35: [178, 42]
36: [178, 42]
37: [178, 42]
38: [178, 42]
39: [42]
40: [12]
41: [141]
42: [138]
43: [11]
44: [59, 42]
45: [67, 59, 178]
46: [67, 59]
47: [67, 59]
48: [67, 59]
49: [67, 59]
50: [67, 59]
51: [67, 59]
52: [178, 67, 59]
53: [42, 67]
54: [12]
55: [141]
56: [138]
57: [11]
58: [59, 60, 42]
59: [67, 60, 178]
60: [68, 60]
61: [68, 60]
62: [68, 60]
63: [68, 60]
64: [68, 60]
65: [68, 60]
66: [178, 68, 59]
67: [42, 68, 67]
68: [34, 12]
69: [167, 141]
70: [138]
71: [11]
72: [59, 60, 61, 42]
73: [67, 61, 178]
74: [68, 61]
75: [61]
76: [61]
77: [61]
78: [61]
79: [60]
80: [178, 59]
81: [42, 68, 67]
82: [34, 12]
83: [167, 141]
84: [138]
85: [11]
86: [59, 60, 61, 62, 42]
87: [67, 62, 178]
88: [68, 62]
89: [62]
90: [62]
91: [62]
92: [61]
93: [60]
94: [178, 59]
95: [42, 68, 67]
96: [34, 12]
97: [167, 141]
98: [138]
99: [11]
100: [59, 60, 61, 62, 63, 42]
101: [67, 63, 178]
102: [68, 63]
103: [63]
104: [63]
105: [62]
106: [61]
107: [60]
108: [178, 59]
109: [42, 68, 67]
110: [34, 12]
111: [167, 141]
112: [138]
113: [11]
114: [64, 59, 60, 61, 62, 63, 42]
115: [67, 64, 178]
116: [68, 64]
117: [64]
118: [63]
119: [62]
120: [61]
121: [60]
122: [178, 59]
123: [42, 68, 67]
124: [34, 12]
125: [167, 141]
126: [138, 160]
127: [11, 29]
128: [64, 65, 59, 60, 61, 62, 63, 42]
129: [67, 65, 178]
130: [68, 65]
131: [64]
132: [63]
133: [62]
134: [61]
135: [60]
136: [178, 59]
137: [42, 68, 67]
138: [34, 12]
139: [167, 141]
140: [138, 160]
141: [11, 29]
142: [64, 65, 59, 60, 61, 62, 63, 42]
143: [67, 178]
144: [68, 65]
145: [64]
146: [63]
147: [62]
148: [61]
149: [60]
150: [178, 59]
151: [42, 68, 67]
152: [34, 12]
153: [167, 141]
154: [138, 160]
155: [11, 29]
156: [64, 65, 59, 60, 61, 62, 63, 42]
157: [64, 65, 67, 59, 60, 61, 62, 63, 178, 42]
158: []
159: [178, 42, 64, 63, 62, 61, 60, 68, 67, 59]
160: [178, 42, 63, 62, 61, 60, 68, 67, 59]
161: [178, 42, 62, 61, 60, 68, 67, 59]
162: [178, 42, 61, 60, 68, 67, 59]
163: [178, 42, 60, 68, 67, 59]
164: [178, 42, 68, 67, 59]
165: [42, 68, 67]
166: [34, 12]
167: [167, 141]
168: [160]
169: [29]
170: [29]
171: [29]
172: [29, 34]
173: [34]
174: [34]
175: [34]
176: [34]
177: [34]
178: [34]
179: [34]
180: [34]
181: [167]
182: [160]
183: [160]
184: [160]
185: [160]
186: [160, 167]
187: [167]
188: [167]
189: [167]
190: [167]
191: [167]
192: [167]
193: [167]
194: [167]
195: [167]
159
0: [138]
1: [138]
2: [141, 138]
3: [141, 138]
4: [141, 138]
5: [141, 138]
6: [141, 138]
7: [141, 138]
8: [141, 138]
9: [141, 138]
10: [141, 138]
11: [141, 138]
12: [141]
13: [141]
14: [138]
15: [11]
16: [12, 11]
17: [12, 11]
18: [12, 11]
19: [12, 11]
20: [12, 11]
21: [12, 11]
22: [12, 11]
23: [12, 11]
24: [12, 11]
25: [12, 11]
26: [12]
27: [141]
28: [138]
29: [11]
30: [42]
31: [178, 42]
32: [178, 42]
33: [178, 42]
34: [178, 42]
35: [178, 42]
36: [178, 42]
37: [178, 42]
38: [178, 42]
39: [42]
40: [12]
41: [141]
42: [138]
43: [11]
44: [59, 42]
45: [67, 59, 178]
46: [67, 59]
47: [67, 59]
48: [67, 59]
49: [67, 59]
50: [67, 59]
51: [67, 59]
52: [178, 67, 59]
53: [42, 67]
54: [12]
55: [141]
56: [138]
57: [11]
58: [59, 60, 42]
59: [67, 60, 178]
60: [68, 60]
61: [68, 60]
62: [68, 60]
63: [68, 60]
64: [68, 60]
65: [68, 60]
66: [178, 68, 59]
67: [42, 68, 67]
68: [12]
69: [141]
70: [138]
71: [11]
72: [59, 60, 61, 42]
73: [67, 61, 178]
74: [68, 61]
75: [69, 61]
76: [69, 61]
77: [69, 61]
78: [69, 61]
79: [69, 60]
80: [178, 69, 59]
81: [42, 69, 68, 67]
82: [35, 12]
83: [168, 141]
84: [138]
85: [11]
86: [59, 60, 61, 62, 42]
87: [67, 62, 178]
88: [68, 62]
89: [69, 62]
90: [62]
91: [62]
92: [61]
93: [60]
94: [178, 59]
95: [42, 69, 68, 67]
96: [35, 12]
97: [168, 141]
98: [138]
99: [11]
100: [59, 60, 61, 62, 63, 42]
101: [67, 63, 178]
102: [68, 63]
103: [69, 63]
104: [63]
105: [62]
106: [61]
107: [60]
108: [178, 59]
109: [42, 69, 68, 67]
110: [35, 12]
111: [168, 141]
112: [138, 159]
113: [11, 28]
114: [64, 59, 60, 61, 62, 63, 42]
115: [67, 64, 178]
116: [68, 64]
117: [69, 64]
118: [63]
119: [62]
120: [61]
121: [60]
122: [178, 59]
123: [42, 69, 68, 67]
124: [35, 12]
125: [168, 141]
126: [138, 159]
127: [11, 28]
128: [64, 59, 60, 61, 62, 63, 42]
129: [67, 178]
130: [68]
131: [69, 64]
132: [63]
133: [62]
134: [61]
135: [60]
136: [178, 59]
137: [42, 69, 68, 67]
138: [35, 12]
139: [168, 141]
140: [138, 159]
141: [11, 28]
142: [64, 59, 60, 61, 62, 63, 42]
143: [67, 178]
144: [68]
145: [69, 64]
146: [63]
147: [62]
148: [61]
149: [60]
150: [178, 59]
151: [42, 69, 68, 67]
152: [35, 12]
153: [168, 141]
154: [138, 159]
155: [11, 28]
156: [64, 59, 60, 61, 62, 63, 42]
157: [64, 67, 59, 60, 61, 62, 63, 178, 42]
158: [64, 67, 68, 59, 60, 61, 62, 63, 178, 42]
159: []
160: [178, 42, 63, 62, 69, 61, 60, 68, 67, 59]
161: [178, 42, 62, 69, 61, 60, 68, 67, 59]
162: [178, 42, 69, 61, 60, 68, 67, 59]
163: [178, 42, 69, 60, 68, 67, 59]
164: [178, 42, 69, 68, 67, 59]
165: [42, 69, 68, 67]
166: [35, 12]
167: [168, 141]
168: [159]
169: [28]
170: [28]
171: [28]
172: [28]
173: [28, 35]
174: [35]
175: [35]
176: [35]
177: [35]
178: [35]
179: [35]
180: [35]
181: [168]
182: [159]
183: [159]
184: [159]
185: [159]
186: [159]
187: [159, 168]
188: [168]
189: [168]
190: [168]
191: [168]
192: [168]
193: [168]
194: [168]
195: [168]
160
0: [138]
1: [138]
2: [141, 138]
3: [141, 138]
4: [141, 138]
5: [141, 138]
6: [141, 138]
7: [141, 138]
8: [141, 138]
9: [141, 138]
10: [141, 138]
11: [141, 138]
12: [141]
13: [141]
14: [138]
15: [11]
16: [12, 11]
17: [12, 11]
18: [12, 11]
19: [12, 11]
20: [12, 11]
21: [12, 11]
22: [12, 11]
23: [12, 11]
24: [12, 11]
25: [12, 11]
26: [12]
27: [141]
28: [138]
29: [11]
30: [42]
31: [178, 42]
32: [178, 42]
33: [178, 42]
34: [178, 42]
35: [178, 42]
36: [178, 42]
37: [178, 42]
38: [178, 42]
39: [42]
40: [12]
41: [141]
42: [138]
43: [11]
44: [59, 42]
45: [67, 59, 178]
46: [67, 59]
47: [67, 59]
48: [67, 59]
49: [67, 59]
50: [67, 59]
51: [67, 59]
52: [178, 67, 59]
53: [42, 67]
54: [12]
55: [141]
56: [138]
57: [11]
58: [59, 60, 42]
59: [67, 60, 178]
60: [68, 60]
61: [68, 60]
62: [68, 60]
63: [68, 60]
64: [68, 60]
65: [68, 60]
66: [178, 68, 59]
67: [42, 68, 67]
68: [12]
69: [141]
70: [138]
71: [11]
72: [59, 60, 61, 42]
73: [67, 61, 178]
74: [68, 61]
75: [69, 61]
76: [69, 61]
77: [69, 61]
78: [69, 61]
79: [69, 60]
80: [178, 69, 59]
81: [42, 69, 68, 67]
82: [12]
83: [141]
84: [138]
85: [11]
86: [59, 60, 61, 62, 42]
87: [67, 62, 178]
88: [68, 62]
89: [69, 62]
90: [70, 62]
91: [70, 62]
92: [70, 61]
93: [70, 60]
94: [178, 70, 59]
95: [42, 70, 69, 68, 67]
96: [36, 12]
97: [169, 141]
98: [138, 158]
99: [11, 27]
100: [59, 60, 61, 62, 63, 42]
101: [67, 63, 178]
102: [68, 63]
103: [69, 63]
104: [70, 63]
105: [62]
106: [61]
107: [60]
108: [178, 59]
109: [42, 70, 69, 68, 67]
110: [36, 12]
111: [169, 141]
112: [138, 158]
113: [11, 27]
114: [59, 60, 61, 62, 63, 42]
115: [67, 178]
116: [68]
117: [69]
118: [70, 63]
119: [62]
120: [61]
121: [60]
122: [178, 59]
123: [42, 70, 69, 68, 67]
124: [36, 12]
125: [169, 141]
126: [138, 158]
127: [11, 27]
128: [59, 60, 61, 62, 63, 42]
129: [67, 178]
130: [68]
131: [69]
132: [70, 63]
133: [62]
134: [61]
135: [60]
136: [178, 59]
137: [42, 70, 69, 68, 67]
138: [36, 12]
139: [169, 141]
140: [138, 158]
141: [11, 27]
142: [59, 60, 61, 62, 63, 42]
143: [67, 178]
144: [68]
145: [69]
146: [70, 63]
147: [62]
148: [61]
149: [60]
150: [178, 59]
151: [42, 70, 69, 68, 67]
152: [36, 12]
153: [169, 141]
154: [138, 158]
155: [11, 27]
156: [59, 60, 61, 62, 63, 42]
157: [67, 59, 60, 61, 62, 63, 178, 42]
158: [67, 68, 59, 60, 61, 62, 63, 178, 42]
159: [67, 68, 69, 59, 60, 61, 62, 63, 178, 42]
160: []
161: [178, 42, 70, 62, 69, 61, 60, 68, 67, 59]
162: [178, 42, 70, 69, 61, 60, 68, 67, 59]
163: [178, 42, 70, 69, 60, 68, 67, 59]
164: [178, 42, 70, 69, 68, 67, 59]
165: [42, 70, 69, 68, 67]
166: [36, 12]
167: [169, 141]
168: [158]
169: [27]
170: [27]
171: [27]
172: [27]
173: [27]
174: [27, 36]
175: [36]
176: [36]
177: [36]
178: [36]
179: [36]
180: [36]
181: [169]
182: [158]
183: [158]
184: [158]
185: [158]
186: [158]
187: [158]
188: [158, 169]
189: [169]
190: [169]
191: [169]
192: [169]
193: [169]
194: [169]
195: [169]
161
0: [138]
1: [138]
2: [141, 138]
3: [141, 138]
4: [141, 138]
5: [141, 138]
6: [141, 138]
7: [141, 138]
8: [141, 138]
9: [141, 138]
10: [141, 138]
11: [141, 138]
12: [141]
13: [141]
14: [138]
15: [11]
16: [12, 11]
17: [12, 11]
18: [12, 11]
19: [12, 11]
20: [12, 11]
21: [12, 11]
22: [12, 11]
23: [12, 11]
24: [12, 11]
25: [12, 11]
26: [12]
27: [141]
28: [138]
29: [11]
30: [42]
31: [178, 42]
32: [178, 42]
33: [178, 42]
34: [178, 42]
35: [178, 42]
36: [178, 42]
37: [178, 42]
38: [178, 42]
39: [42]
40: [12]
41: [141]
42: [138]
43: [11]
44: [59, 42]
45: [67, 59, 178]
46: [67, 59]
47: [67, 59]
48: [67, 59]
49: [67, 59]
50: [67, 59]
51: [67, 59]
52: [178, 67, 59]
53: [42, 67]
54: [12]
55: [141]
56: [138]
57: [11]
58: [59, 60, 42]
59: [67, 60, 178]
60: [68, 60]
61: [68, 60]
62: [68, 60]
63: [68, 60]
64: [68, 60]
65: [68, 60]
66: [178, 68, 59]
67: [42, 68, 67]
68: [12]
69: [141]
70: [138]
71: [11]
72: [59, 60, 61, 42]
73: [67, 61, 178]
74: [68, 61]
75: [69, 61]
76: [69, 61]
77: [69, 61]
78: [69, 61]
79: [69, 60]
80: [178, 69, 59]
81: [42, 69, 68, 67]
82: [12]
83: [141]
84: [138, 157]
85: [11, 26]
86: [59, 60, 61, 62, 42]
87: [67, 62, 178]
88: [68, 62]
89: [69, 62]
90: [70, 62]
91: [70, 62]
92: [70, 61]
93: [70, 60]
94: [178, 70, 59]
95: [42, 70, 69, 68, 67]
96: [12]
97: [141]
98: [138, 157]
99: [11, 26]
100: [59, 60, 61, 62, 42]
101: [67, 178]
102: [68]
103: [69]
104: [70]
105: [71, 62]
106: [71, 61]
107: [71, 60]
108: [178, 71, 59]
109: [42, 71, 70, 69, 68, 67]
110: [37, 12]
111: [170, 141]
112: [138, 157]
113: [11, 26]
114: [59, 60, 61, 62, 42]
115: [67, 178]
116: [68]
117: [69]
118: [70]
119: [71, 62]
120: [61]
121: [60]
122: [178, 59]
123: [42, 71, 70, 69, 68, 67]
124: [37, 12]
125: [170, 141]
126: [138, 157]
127: [11, 26]
128: [59, 60, 61, 62, 42]
129: [67, 178]
130: [68]
131: [69]
132: [70]
133: [71, 62]
134: [61]
135: [60]
136: [178, 59]
137: [42, 71, 70, 69, 68, 67]
138: [37, 12]
139: [170, 141]
140: [138, 157]
141: [11, 26]
142: [59, 60, 61, 62, 42]
143: [67, 178]
144: [68]
145: [69]
146: [70]
147: [71, 62]
148: [61]
149: [60]
150: [178, 59]
151: [42, 71, 70, 69, 68, 67]
152: [37, 12]
153: [170, 141]
154: [138, 157]
155: [11, 26]
156: [59, 60, 61, 62, 42]
157: [67, 59, 60, 61, 62, 178, 42]
158: [67, 68, 59, 60, 61, 62, 178, 42]
159: [67, 68, 69, 59, 60, 61, 62, 178, 42]
160: [67, 68, 69, 70, 59, 60, 61, 62, 178, 42]
161: []
162: [178, 42, 71, 70, 69, 61, 60, 68, 67, 59]
163: [178, 42, 71, 70, 69, 60, 68, 67, 59]
164: [178, 42, 71, 70, 69, 68, 67, 59]
165: [42, 71, 70, 69, 68, 67]
166: [37, 12]
167: [170, 141]
168: [157]
169: [26]
170: [26]
171: [26]
172: [26]
173: [26]
174: [26]
175: [26, 37]
176: [37]
177: [37]
178: [37]
179: [37]
180: [37]
181: [170]
182: [157]
183: [157]
184: [157]
185: [157]
186: [157]
187: [157]
188: [157]
189: [157, 170]
190: [170]
191: [170]
192: [170]
193: [170]
194: [170]
195: [170]
162
0: [138]
1: [138]
2: [141, 138]
3: [141, 138]
4: [141, 138]
5: [141, 138]
6: [141, 138]
7: [141, 138]
8: [141, 138]
9: [141, 138]
10: [141, 138]
11: [141, 138]
12: [141]
13: [141]
14: [138]
15: [11]
16: [12, 11]
17: [12, 11]
18: [12, 11]
19: [12, 11]
20: [12, 11]
21: [12, 11]
22: [12, 11]
23: [12, 11]
24: [12, 11]
25: [12, 11]
26: [12]
27: [141]
28: [138]
29: [11]
30: [42]
31: [178, 42]
32: [178, 42]
33: [178, 42]
34: [178, 42]
35: [178, 42]
36: [178, 42]
37: [178, 42]
38: [178, 42]
39: [42]
40: [12]
41: [141]
42: [138]
43: [11]
44: [59, 42]
45: [67, 59, 178]
46: [67, 59]
47: [67, 59]
48: [67, 59]
49: [67, 59]
50: [67, 59]
51: [67, 59]
52: [178, 67, 59]
53: [42, 67]
54: [12]
55: [141]
56: [138]
57: [11]
58: [59, 60, 42]
59: [67, 60, 178]
60: [68, 60]
61: [68, 60]
62: [68, 60]
63: [68, 60]
64: [68, 60]
65: [68, 60]
66: [178, 68, 59]
67: [42, 68, 67]
68: [12]
69: [141]
70: [138, 156]
71: [11, 25]
72: [59, 60, 61, 42]
73: [67, 61, 178]
74: [68, 61]
75: [69, 61]
76: [69, 61]
77: [69, 61]
78: [69, 61]
79: [69, 60]
80: [178, 69, 59]
81: [42, 69, 68, 67]
82: [12]
83: [141]
84: [138, 156]
85: [11, 25]
86: [59, 60, 61, 42]
87: [67, 178]
88: [68]
89: [69]
90: [70]
91: [70]
92: [70, 61]
93: [70, 60]
94: [178, 70, 59]
95: [42, 70, 69, 68, 67]
96: [12]
97: [141]
98: [138, 156]
99: [11, 25]
100: [59, 60, 61, 42]
101: [67, 178]
102: [68]
103: [69]
104: [70]
105: [71]
106: [71, 61]
107: [71, 60]
108: [178, 71, 59]
109: [42, 71, 70, 69, 68, 67]
110: [12]
111: [141]
112: [138, 156]
113: [11, 25]
114: [59, 60, 61, 42]
115: [67, 178]
116: [68]
117: [69]
118: [70]
119: [71]
120: [72, 61]
121: [72, 60]
122: [72, 178, 59]
123: [72, 42, 71, 70, 69, 68, 67]
124: [38, 12]
125: [171, 141]
126: [138, 156]
127: [11, 25]
128: [59, 60, 61, 42]
129: [67, 178]
130: [68]
131: [69]
132: [70]
133: [71]
134: [72, 61]
135: [60]
136: [178, 59]
137: [42, 72, 71, 70, 69, 68, 67]
138: [38, 12]
139: [171, 141]
140: [138, 156]
141: [11, 25]
142: [59, 60, 61, 42]
143: [67, 178]
144: [68]
145: [69]
146: [70]
147: [71]
148: [72, 61]
149: [60]
150: [178, 59]
151: [42, 72, 71, 70, 69, 68, 67]
152: [38, 12]
153: [171, 141]
154: [138, 156]
155: [11, 25]
156: [59, 60, 61, 42]
157: [67, 59, 60, 61, 178, 42]
158: [67, 68, 59, 60, 61, 178, 42]
159: [67, 68, 69, 59, 60, 61, 178, 42]
160: [67, 68, 69, 70, 59, 60, 61, 178, 42]
161: [67, 68, 69, 70, 71, 59, 60, 61, 178, 42]
162: []
163: [178, 42, 72, 71, 70, 69, 60, 68, 67, 59]
164: [178, 42, 72, 71, 70, 69, 68, 67, 59]
165: [42, 72, 71, 70, 69, 68, 67]
166: [38, 12]
167: [171, 141]
168: [156]
169: [25]
170: [25]
171: [25]
172: [25]
173: [25]
174: [25]
175: [25]
176: [25, 38]
177: [38]
178: [38]
179: [38]
180: [38]
181: [171]
182: [156]
183: [156]
184: [156]
185: [156]
186: [156]
187: [156]
188: [156]
189: [156]
190: [156, 171]
191: [171]
192: [171]
193: [171]
194: [171]
195: [171]
163
0: [138]
1: [138]
2: [141, 138]
3: [141, 138]
4: [141, 138]
5: [141, 138]
6: [141, 138]
7: [141, 138]
8: [141, 138]
9: [141, 138]
10: [141, 138]
11: [141, 138]
12: [141]
13: [141]
14: [138]
15: [11]
16: [12, 11]
17: [12, 11]
18: [12, 11]
19: [12, 11]
20: [12, 11]
21: [12, 11]
22: [12, 11]
23: [12, 11]
24: [12, 11]
25: [12, 11]
26: [12]
27: [141]
28: [138]
29: [11]
30: [42]
31: [178, 42]
32: [178, 42]
33: [178, 42]
34: [178, 42]
35: [178, 42]
36: [178, 42]
37: [178, 42]
38: [178, 42]
39: [42]
40: [12]
41: [141]
42: [138]
43: [11]
44: [59, 42]
45: [67, 59, 178]
46: [67, 59]
47: [67, 59]
48: [67, 59]
49: [67, 59]
50: [67, 59]
51: [67, 59]
52: [178, 67, 59]
53: [42, 67]
54: [12]
55: [141]
56: [138, 155]
57: [11, 24]
58: [59, 60, 42]
59: [67, 60, 178]
60: [68, 60]
61: [68, 60]
62: [68, 60]
63: [68, 60]
64: [68, 60]
65: [68, 60]
66: [178, 68, 59]
67: [42, 68, 67]
68: [12]
69: [141]
70: [138, 155]
71: [11, 24]
72: [59, 60, 42]
73: [67, 178]
74: [68]
75: [69]
76: [69]
77: [69]
78: [69]
79: [69, 60]
80: [178, 69, 59]
81: [42, 69, 68, 67]
82: [12]
83: [141]
84: [138, 155]
85: [11, 24]
86: [59, 60, 42]
87: [67, 178]
88: [68]
89: [69]
90: [70]
91: [70]
92: [70]
93: [70, 60]
94: [178, 70, 59]
95: [42, 70, 69, 68, 67]
96: [12]
97: [141]
98: [138, 155]
99: [11, 24]
100: [59, 60, 42]
101: [67, 178]
102: [68]
103: [69]
104: [70]
105: [71]
106: [71]
107: [71, 60]
108: [178, 71, 59]
109: [42, 71, 70, 69, 68, 67]
110: [12]
111: [141]
112: [138, 155]
113: [11, 24]
114: [59, 60, 42]
115: [67, 178]
116: [68]
117: [69]
118: [70]
119: [71]
120: [72]
121: [72, 60]
122: [178, 72, 59]
123: [42, 72, 71, 70, 69, 68, 67]
124: [12]
125: [141]
126: [138, 155]
127: [11, 24]
128: [59, 60, 42]
129: [67, 178]
130: [68]
131: [69]
132: [70]
133: [71]
134: [72]
135: [73, 60]
136: [73, 178, 59]
137: [73, 42, 72, 71, 70, 69, 68, 67]
138: [39, 12]
139: [172, 141]
140: [138, 155]
141: [11, 24]
142: [59, 60, 42]
143: [67, 178]
144: [68]
145: [69]
146: [70]
147: [71]
148: [72]
149: [73, 60]
150: [178, 59]
151: [42, 73, 72, 71, 70, 69, 68, 67]
152: [39, 12]
153: [172, 141]
154: [138, 155]
155: [11, 24]
156: [59, 60, 42]
157: [67, 59, 60, 178, 42]
158: [67, 59, 60, 68, 178, 42]
159: [67, 68, 69, 59, 60, 178, 42]
160: [67, 68, 69, 70, 59, 60, 178, 42]
161: [67, 68, 69, 70, 71, 59, 60, 178, 42]
162: [67, 68, 69, 70, 71, 72, 59, 60, 178, 42]
163: []
164: [178, 42, 73, 72, 71, 70, 69, 68, 67, 59]
165: [42, 73, 72, 71, 70, 69, 68, 67]
166: [39, 12]
167: [172, 141]
168: [155]
169: [24]
170: [24]
171: [24]
172: [24]
173: [24]
174: [24]
175: [24]
176: [24]
177: [24, 39]
178: [39]
179: [39]
180: [39]
181: [172]
182: [155]
183: [155]
184: [155]
185: [155]
186: [155]
187: [155]
188: [155]
189: [155]
190: [155]
191: [155, 172]
192: [172]
193: [172]
194: [172]
195: [172]
164
0: [138]
1: [138]
2: [141, 138]
3: [141, 138]
4: [141, 138]
5: [141, 138]
6: [141, 138]
7: [141, 138]
8: [141, 138]
9: [141, 138]
10: [141, 138]
11: [141, 138]
12: [141]
13: [141]
14: [138]
15: [11]
16: [12, 11]
17: [12, 11]
18: [12, 11]
19: [12, 11]
20: [12, 11]
21: [12, 11]
22: [12, 11]
23: [12, 11]
24: [12, 11]
25: [12, 11]
26: [12]
27: [141]
28: [138]
29: [11]
30: [42]
31: [178, 42]
32: [178, 42]
33: [178, 42]
34: [178, 42]
35: [178, 42]
36: [178, 42]
37: [178, 42]
38: [178, 42]
39: [42]
40: [12]
41: [141]
42: [138, 154]
43: [11, 23]
44: [59, 42]
45: [67, 178, 59]
46: [67, 59]
47: [67, 59]
48: [67, 59]
49: [67, 59]
50: [67, 59]
51: [67, 59]
52: [178, 67, 59]
53: [42, 67]
54: [12]
55: [141]
56: [138, 154]
57: [11, 23]
58: [59, 42]
59: [67, 178]
60: [68]
61: [68]
62: [68]
63: [68]
64: [68]
65: [68]
66: [178, 68, 59]
67: [42, 68, 67]
68: [12]
69: [141]
70: [138, 154]
71: [11, 23]
72: [59, 42]
73: [67, 178]
74: [68]
75: [69]
76: [69]
77: [69]
78: [69]
79: [69]
80: [178, 69, 59]
81: [42, 69, 68, 67]
82: [12]
83: [141]
84: [138, 154]
85: [11, 23]
86: [59, 42]
87: [67, 178]
88: [68]
89: [69]
90: [70]
91: [70]
92: [70]
93: [70]
94: [178, 70, 59]
95: [42, 70, 69, 68, 67]
96: [12]
97: [141]
98: [138, 154]
99: [11, 23]
100: [59, 42]
101: [67, 178]
102: [68]
103: [69]
104: [70]
105: [71]
106: [71]
107: [71]
108: [178, 71, 59]
109: [42, 71, 70, 69, 68, 67]
110: [12]
111: [141]
112: [138, 154]
113: [11, 23]
114: [59, 42]
115: [67, 178]
116: [68]
117: [69]
118: [70]
119: [71]
120: [72]
121: [72]
122: [178, 72, 59]
123: [42, 72, 71, 70, 69, 68, 67]
124: [12]
125: [141]
126: [138, 154]
127: [11, 23]
128: [59, 42]
129: [67, 178]
130: [68]
131: [69]
132: [70]
133: [71]
134: [72]
135: [73]
136: [178, 73, 59]
137: [42, 73, 72, 71, 70, 69, 68, 67]
138: [12]
139: [141]
140: [138, 154]
141: [11, 23]
142: [59, 42]
143: [67, 178]
144: [68]
145: [69]
146: [70]
147: [71]
148: [72]
149: [73]
150: [178, 74, 59]
151: [42, 74, 73, 72, 71, 70, 69, 68, 67]
152: [40, 12]
153: [173, 141]
154: [138, 154]
155: [11, 23]
156: [59, 42]
157: [67, 59, 178, 42]
158: [67, 59, 68, 178, 42]
159: [67, 59, 68, 69, 178, 42]
160: [67, 68, 69, 70, 59, 178, 42]
161: [67, 68, 69, 70, 71, 59, 178, 42]
162: [67, 68, 69, 70, 71, 72, 59, 178, 42]
163: [67, 68, 69, 70, 71, 72, 73, 59, 178, 42]
164: []
165: [42, 74, 73, 72, 71, 70, 69, 68, 67]
166: [40, 12]
167: [173, 141]
168: [154]
169: [23]
170: [23]
171: [23]
172: [23]
173: [23]
174: [23]
175: [23]
176: [23]
177: [23]
178: [23, 40]
179: [40]
180: [40]
181: [173]
182: [154]
183: [154]
184: [154]
185: [154]
186: [154]
187: [154]
188: [154]
189: [154]
190: [154]
191: [154]
192: [154, 173]
193: [173]
194: [173]
195: [173]
165
0: [138]
1: [138]
2: [141, 138]
3: [141, 138]
4: [141, 138]
5: [141, 138]
6: [141, 138]
7: [141, 138]
8: [141, 138]
9: [141, 138]
10: [141, 138]
11: [141, 138]
12: [141]
13: [141]
14: [138]
15: [11]
16: [12, 11]
17: [12, 11]
18: [12, 11]
19: [12, 11]
20: [12, 11]
21: [12, 11]
22: [12, 11]
23: [12, 11]
24: [12, 11]
25: [12, 11]
26: [12]
27: [141]
28: [138, 153]
29: [11, 22]
30: [42]
31: [42]
32: [42]
33: [42]
34: [42]
35: [42]
36: [42]
37: [42]
38: [42]
39: [42]
40: [12]
41: [141]
42: [138, 153]
43: [11, 22]
44: [42]
45: [67]
46: [67]
47: [67]
48: [67]
49: [67]
50: [67]
51: [67]
52: [67]
53: [42, 67]
54: [12]
55: [141]
56: [138, 153]
57: [11, 22]
58: [42]
59: [67]
60: [68]
61: [68]
62: [68]
63: [68]
64: [68]
65: [68]
66: [68]
67: [42, 68, 67]
68: [12]
69: [141]
70: [138, 153]
71: [11, 22]
72: [42]
73: [67]
74: [68]
75: [69]
76: [69]
77: [69]
78: [69]
79: [69]
80: [69]
81: [42, 69, 68, 67]
82: [12]
83: [141]
84: [138, 153]
85: [11, 22]
86: [42]
87: [67]
88: [68]
89: [69]
90: [70]
91: [70]
92: [70]
93: [70]
94: [70]
95: [42, 70, 69, 68, 67]
96: [12]
97: [141]
98: [138, 153]
99: [11, 22]
100: [42]
101: [67]
102: [68]
103: [69]
104: [70]
105: [71]
106: [71]
107: [71]
108: [71]
109: [42, 71, 70, 69, 68, 67]
110: [12]
111: [141]
112: [138, 153]
113: [11, 22]
114: [42]
115: [67]
116: [68]
117: [69]
118: [70]
119: [71]
120: [72]
121: [72]
122: [72]
123: [42, 72, 71, 70, 69, 68, 67]
124: [12]
125: [141]
126: [138, 153]
127: [11, 22]
128: [42]
129: [67]
130: [68]
131: [69]
132: [70]
133: [71]
134: [72]
135: [73]
136: [73]
137: [42, 73, 72, 71, 70, 69, 68, 67]
138: [12]
139: [141]
140: [138, 153]
141: [11, 22]
142: [42]
143: [67]
144: [68]
145: [69]
146: [70]
147: [71]
148: [72]
149: [73]
150: [74]
151: [42, 74, 73, 72, 71, 70, 69, 68, 67]
152: [12]
153: [141]
154: [138, 153]
155: [11, 22]
156: [42]
157: [67, 42]
158: [67, 68, 42]
159: [67, 68, 69, 42]
160: [67, 68, 69, 70, 42]
161: [67, 68, 69, 70, 71, 42]
162: [67, 68, 69, 70, 71, 72, 42]
163: [67, 68, 69, 70, 71, 72, 73, 42]
164: [67, 68, 69, 70, 71, 72, 73, 74, 42]
165: []
166: [41, 12]
167: [174, 141]
168: [153]
169: [22]
170: [22]
171: [22]
172: [22]
173: [22]
174: [22]
175: [22]
176: [22]
177: [22]
178: [22]
179: [22, 41]
180: [41]
181: [174]
182: [153]
183: [153]
184: [153]
185: [153]
186: [153]
187: [153]
188: [153]
189: [153]
190: [153]
191: [153]
192: [153]
193: [153, 174]
194: [174]
195: [174]
166
0: [139]
1: [176, 139]
2: [176, 141, 139]
3: [176, 141, 139]
4: [176, 141, 139]
5: [176, 141, 139]
6: [176, 141, 139]
7: [176, 141, 139]
8: [176, 141, 139]
9: [176, 141, 139]
10: [176, 141, 139]
11: [176, 141, 139]
12: [176, 141, 139]
13: [141]
14: [139, 152]
15: [1]
16: [1, 12]
17: [1, 12]
18: [1, 12]
19: [1, 12]
20: [1, 12]
21: [1, 12]
22: [1, 12]
23: [1, 12]
24: [1, 12]
25: [1, 12]
26: [1, 12]
27: [141]
28: [139, 152]
29: [1]
30: [12, 32]
31: [32]
32: [32]
33: [32]
34: [32]
35: [32]
36: [32]
37: [32]
38: [32]
39: [32]
40: [1, 32, 12]
41: [141]
42: [139, 152]
43: [1]
44: [12, 32]
45: [33]
46: [33]
47: [33]
48: [33]
49: [33]
50: [33]
51: [33]
52: [33]
53: [33]
54: [1, 33, 32, 12]
55: [141]
56: [139, 152]
57: [1]
58: [12, 32]
59: [33]
60: [34]
61: [34]
62: [34]
63: [34]
64: [34]
65: [34]
66: [34]
67: [34]
68: [1, 34, 33, 32, 12]
69: [141]
70: [139, 152]
71: [1]
72: [12, 32]
73: [33]
74: [34]
75: [35]
76: [35]
77: [35]
78: [35]
79: [35]
80: [35]
81: [35]
82: [1, 35, 34, 33, 32, 12]
83: [141]
84: [139, 152]
85: [1]
86: [12, 32]
87: [33]
88: [34]
89: [35]
90: [36]
91: [36]
92: [36]
93: [36]
94: [36]
95: [36]
96: [1, 36, 35, 34, 33, 32, 12]
97: [141]
98: [139, 152]
99: [1]
100: [12, 32]
101: [33]
102: [34]
103: [35]
104: [36]
105: [37]
106: [37]
107: [37]
108: [37]
109: [37]
110: [1, 37, 36, 35, 34, 33, 32, 12]
111: [141]
112: [139, 152]
113: [1]
114: [12, 32]
115: [33]
116: [34]
117: [35]
118: [36]
119: [37]
120: [38]
121: [38]
122: [38]
123: [38]
124: [1, 38, 37, 36, 35, 34, 33, 32, 12]
125: [141]
126: [139, 152]
127: [1]
128: [12, 32]
129: [33]
130: [34]
131: [35]
132: [36]
133: [37]
134: [38]
135: [39]
136: [39]
137: [39]
138: [1, 39, 38, 37, 36, 35, 34, 33, 32, 12]
139: [141]
140: [139, 152]
141: [1]
142: [12, 32]
143: [33]
144: [34]
145: [35]
146: [36]
147: [37]
148: [38]
149: [39]
150: [40]
151: [40]
152: [1, 40, 39, 38, 37, 36, 35, 34, 33, 32, 12]
153: [141]
154: [139, 152]
155: [1]
156: [12, 32]
157: [12, 33]
158: [12, 34]
159: [12, 35]
160: [12, 36]
161: [12, 37]
162: [12, 38]
163: [12, 39]
164: [12, 40]
165: [12, 41]
166: []
167: [174, 141]
168: [139, 152]
169: [1]
170: [32, 1]
171: [32, 33, 1]
172: [32, 33, 34, 1]
173: [32, 33, 34, 35, 1]
174: [32, 33, 34, 35, 36, 1]
175: [32, 33, 34, 35, 36, 37, 1]
176: [32, 33, 34, 35, 36, 37, 38, 1]
177: [32, 33, 34, 35, 36, 37, 38, 39, 1]
178: [32, 33, 34, 35, 36, 37, 38, 39, 40, 1]
179: [32, 33, 34, 35, 36, 37, 38, 39, 40, 41, 1]
180: [32, 33, 34, 35, 36, 37, 38, 39, 40, 41, 1]
181: [174]
182: [152]
183: [152, 176]
184: [152, 176]
185: [152, 176]
186: [152, 176]
187: [152, 176]
188: [152, 176]
189: [152, 176]
190: [152, 176]
191: [152, 176]
192: [152, 176]
193: [152, 174, 176]
194: [152, 174, 176]
195: [174]
167
0: [127]
1: [127, 140]
2: [141, 127, 140]
3: [127, 141, 140]
4: [127, 141, 140]
5: [127, 141, 140]
6: [127, 141, 140]
7: [127, 141, 140]
8: [127, 141, 140]
9: [127, 141, 140]
10: [127, 141, 140]
11: [127, 141, 140]
12: [127, 141, 140]
13: [127, 141, 140]
14: [177, 127]
15: [177, 140, 164]
16: [177, 141, 164]
17: [177, 164]
18: [177, 164]
19: [177, 164]
20: [177, 164]
21: [177, 164]
22: [177, 164]
23: [177, 164]
24: [177, 164]
25: [177, 164]
26: [177, 164]
27: [177, 127, 141, 164, 140]
28: [177, 127]
29: [140, 164]
30: [141, 165]
31: [165]
32: [165]
33: [165]
34: [165]
35: [165]
36: [165]
37: [165]
38: [165]
39: [165]
40: [165]
41: [177, 127, 141, 165, 164, 140]
42: [177, 127]
43: [140, 164]
44: [141, 165]
45: [166]
46: [166]
47: [166]
48: [166]
49: [166]
50: [166]
51: [166]
52: [166]
53: [166]
54: [166]
55: [177, 127, 166, 141, 165, 164, 140]
56: [177, 127]
57: [140, 164]
58: [141, 165]
59: [166]
60: [167]
61: [167]
62: [167]
63: [167]
64: [167]
65: [167]
66: [167]
67: [167]
68: [167]
69: [177, 127, 167, 166, 141, 165, 164, 140]
70: [177, 127]
71: [140, 164]
72: [141, 165]
73: [166]
74: [167]
75: [168]
76: [168]
77: [168]
78: [168]
79: [168]
80: [168]
81: [168]
82: [168]
83: [177, 127, 168, 167, 166, 141, 165, 164, 140]
84: [177, 127]
85: [140, 164]
86: [141, 165]
87: [166]
88: [167]
89: [168]
90: [169]
91: [169]
92: [169]
93: [169]
94: [169]
95: [169]
96: [169]
97: [177, 127, 169, 168, 167, 166, 141, 165, 164, 140]
98: [177, 127]
99: [140, 164]
100: [141, 165]
101: [166]
102: [167]
103: [168]
104: [169]
105: [170]
106: [170]
107: [170]
108: [170]
109: [170]
110: [170]
111: [177, 127, 170, 169, 168, 167, 166, 141, 165, 164, 140]
112: [177, 127]
113: [140, 164]
114: [141, 165]
115: [166]
116: [167]
117: [168]
118: [169]
119: [170]
120: [171]
121: [171]
122: [171]
123: [171]
124: [171]
125: [177, 127, 171, 170, 169, 168, 167, 166, 141, 165, 164, 140]
126: [177, 127]
127: [140, 164]
128: [141, 165]
129: [166]
130: [167]
131: [168]
132: [169]
133: [170]
134: [171]
135: [172]
136: [172]
137: [172]
138: [172]
139: [177, 127, 172, 171, 170, 169, 168, 167, 166, 141, 165, 164, 140]
140: [177, 127]
141: [140, 164]
142: [141, 165]
143: [166]
144: [167]
145: [168]
146: [169]
147: [170]
148: [171]
149: [172]
150: [173]
151: [173]
152: [173]
153: [177, 127, 173, 172, 171, 170, 169, 168, 167, 166, 141, 165, 164, 140]
154: [177, 127]
155: [140, 164]
156: [141, 165]
157: [141, 166]
158: [141, 167]
159: [141, 168]
160: [141, 169]
161: [141, 170]
162: [141, 171]
163: [141, 172]
164: [141, 173]
165: [141, 174]
166: [141, 174]
167: []
168: [177, 127]
169: [140, 164, 177]
170: [140, 165, 177]
171: [140, 166, 177]
172: [140, 167, 177]
173: [140, 168, 177]
174: [140, 169, 177]
175: [140, 170, 177]
176: [140, 171, 177]
177: [140, 172, 177]
178: [140, 173, 177]
179: [140, 174, 177]
180: [140, 177]
181: [164, 165, 166, 167, 168, 169, 170, 171, 140, 172, 173, 174, 177, 127]
182: [127]
183: [164, 127]
184: [164, 165, 127]
185: [164, 165, 166, 127]
186: [164, 165, 166, 167, 127]
187: [164, 165, 166, 167, 168, 127]
188: [164, 165, 166, 167, 168, 169, 127]
189: [164, 165, 166, 167, 168, 169, 170, 127]
190: [164, 165, 166, 167, 168, 169, 170, 171, 127]
191: [164, 165, 166, 167, 168, 169, 170, 171, 172, 127]
192: [164, 165, 166, 167, 168, 169, 170, 171, 172, 173, 127]
193: [164, 165, 166, 167, 168, 169, 170, 171, 172, 173, 174, 127]
194: [164, 165, 166, 167, 168, 169, 170, 171, 172, 173, 174, 127]
195: [164, 165, 166, 167, 168, 169, 170, 171, 172, 173, 174, 127]
168
0: [139, 127]
1: [139, 127]
2: [139, 127]
3: [139, 127]
4: [139, 127]
5: [139, 127]
6: [139, 127]
7: [139, 127]
8: [139, 127]
9: [139, 127]
10: [139, 127]
11: [139, 127]
12: [139, 127]
13: [127]
14: [152, 139, 177, 127]
15: [152, 177]
16: [152, 177]
17: [152, 177]
18: [152, 177]
19: [152, 177]
20: [152, 177]
21: [152, 177]
22: [152, 177]
23: [152, 177]
24: [152, 177]
25: [152, 177]
26: [152, 177, 139]
27: [177, 127]
28: [152, 153, 139, 177, 127]
29: [153]
30: [153]
31: [153]
32: [153]
33: [153]
34: [153]
35: [153]
36: [153]
37: [153]
38: [153]
39: [153]
40: [152, 139]
41: [177, 127]
42: [152, 153, 154, 139, 177, 127]
43: [154]
44: [154]
45: [154]
46: [154]
47: [154]
48: [154]
49: [154]
50: [154]
51: [154]
52: [154]
53: [153]
54: [152, 139]
55: [177, 127]
56: [139, 152, 153, 154, 155, 177, 127]
57: [155]
58: [155]
59: [155]
60: [155]
61: [155]
62: [155]
63: [155]
64: [155]
65: [155]
66: [154]
67: [153]
68: [152, 139]
69: [177, 127]
70: [139, 152, 153, 154, 155, 156, 177, 127]
71: [156]
72: [156]
73: [156]
74: [156]
75: [156]
76: [156]
77: [156]
78: [156]
79: [155]
80: [154]
81: [153]
82: [152, 139]
83: [177, 127]
84: [139, 152, 153, 154, 155, 156, 157, 177, 127]
85: [157]
86: [157]
87: [157]
88: [157]
89: [157]
90: [157]
91: [157]
92: [156]
93: [155]
94: [154]
95: [153]
96: [152, 139]
97: [177, 127]
98: [139, 152, 153, 154, 155, 156, 157, 158, 177, 127]
99: [158]
100: [158]
101: [158]
102: [158]
103: [158]
104: [158]
105: [157]
106: [156]
107: [155]
108: [154]
109: [153]
110: [152, 139]
111: [177, 127]
112: [139, 152, 153, 154, 155, 156, 157, 158, 159, 177, 127]
113: [159]
114: [159]
115: [159]
116: [159]
117: [159]
118: [158]
119: [157]
120: [156]
121: [155]
122: [154]
123: [153]
124: [152, 139]
125: [177, 127]
126: [160, 139, 152, 153, 154, 155, 156, 157, 158, 159, 177, 127]
127: [160]
128: [160]
129: [160]
130: [160]
131: [159]
132: [158]
133: [157]
134: [156]
135: [155]
136: [154]
137: [153]
138: [152, 139]
139: [177, 127]
140: [160, 161, 139, 152, 153, 154, 155, 156, 157, 158, 159, 177, 127]
141: [161]
142: [161]
143: [161]
144: [160]
145: [159]
146: [158]
147: [157]
148: [156]
149: [155]
150: [154]
151: [153]
152: [152, 139]
153: [177, 127]
154: [160, 161, 162, 139, 152, 153, 154, 155, 156, 157, 158, 159, 177, 127]
155: [162]
156: [162]
157: [161]
158: [160]
159: [159]
160: [158]
161: [157]
162: [156]
163: [155]
164: [154]
165: [153]
166: [152, 139]
167: [177, 127]
168: []
169: [177, 163, 139]
170: [177, 162, 139]
171: [177, 161, 139]
172: [177, 160, 139]
173: [177, 159, 139]
174: [177, 158, 139]
175: [177, 157, 139]
176: [177, 156, 139]
177: [177, 155, 139]
178: [177, 154, 139]
179: [177, 153, 139]
180: [177, 152, 139]
181: [177, 127]
182: [127, 163, 162, 161, 160, 159, 158, 157, 156, 155, 154, 153, 152]
183: [163, 127, 162, 161, 160, 159, 158, 157, 156, 155, 154, 153, 152]
184: [127, 162, 161, 160, 159, 158, 157, 156, 155, 154, 153, 152]
185: [127, 161, 160, 159, 158, 157, 156, 155, 154, 153, 152]
186: [127, 160, 159, 158, 157, 156, 155, 154, 153, 152]
187: [127, 159, 158, 157, 156, 155, 154, 153, 152]
188: [127, 158, 157, 156, 155, 154, 153, 152]
189: [127, 157, 156, 155, 154, 153, 152]
190: [127, 156, 155, 154, 153, 152]
191: [127, 155, 154, 153, 152]
192: [127, 154, 153, 152]
193: [127, 153, 152]
194: [127, 152]
195: [127]
169
0: [139]
1: [140, 139, 176]
2: [140, 139, 176]
3: [140, 139, 176]
4: [140, 139, 176]
5: [140, 139, 176]
6: [140, 139, 176]
7: [140, 139, 176]
8: [140, 139, 176]
9: [140, 139, 176]
10: [140, 139, 176]
11: [140, 139, 176]
12: [140, 176, 139]
13: [140]
14: [139, 177]
15: [1]
16: [1]
17: [1]
18: [1]
19: [1]
20: [1]
21: [1]
22: [1]
23: [1]
24: [1]
25: [1]
26: [1]
27: [177, 164, 140]
28: [139, 177]
29: [22, 1]
30: [22]
31: [22]
32: [22]
33: [22]
34: [22]
35: [22]
36: [22]
37: [22]
38: [22]
39: [22]
40: [1]
41: [177, 164, 140]
42: [139, 177]
43: [22, 23, 1]
44: [23]
45: [23]
46: [23]
47: [23]
48: [23]
49: [23]
50: [23]
51: [23]
52: [23]
53: [22]
54: [1]
55: [177, 164, 140]
56: [139, 177]
57: [24, 22, 23, 1]
58: [24]
59: [24]
60: [24]
61: [24]
62: [24]
63: [24]
64: [24]
65: [24]
66: [23]
67: [22]
68: [1]
69: [177, 164, 140]
70: [139, 177]
71: [24, 25, 22, 23, 1]
72: [25]
73: [25]
74: [25]
75: [25]
76: [25]
77: [25]
78: [25]
79: [24]
80: [23]
81: [22]
82: [1]
83: [177, 164, 140]
84: [139, 177]
85: [22, 23, 24, 25, 26, 1]
86: [26]
87: [26]
88: [26]
89: [26]
90: [26]
91: [26]
92: [25]
93: [24]
94: [23]
95: [22]
96: [1]
97: [177, 164, 140]
98: [139, 177]
99: [22, 23, 24, 25, 26, 27, 1]
100: [27]
101: [27]
102: [27]
103: [27]
104: [27]
105: [26]
106: [25]
107: [24]
108: [23]
109: [22]
110: [1]
111: [177, 164, 140]
112: [139, 177]
113: [22, 23, 24, 25, 26, 27, 28, 1]
114: [28]
115: [28]
116: [28]
117: [28]
118: [27]
119: [26]
120: [25]
121: [24]
122: [23]
123: [22]
124: [1]
125: [177, 164, 140]
126: [139, 177]
127: [22, 23, 24, 25, 26, 27, 28, 29, 1]
128: [29]
129: [29]
130: [29]
131: [28]
132: [27]
133: [26]
134: [25]
135: [24]
136: [23]
137: [22]
138: [1]
139: [177, 164, 140]
140: [139, 177]
141: [22, 23, 24, 25, 26, 27, 28, 29, 30, 1]
142: [30]
143: [30]
144: [29]
145: [28]
146: [27]
147: [26]
148: [25]
149: [24]
150: [23]
151: [22]
152: [1]
153: [177, 164, 140]
154: [139, 177]
155: [22, 23, 24, 25, 26, 27, 28, 29, 30, 31, 1]
156: [31]
157: [30]
158: [29]
159: [28]
160: [27]
161: [26]
162: [25]
163: [24]
164: [23]
165: [22]
166: [1]
167: [177, 164, 140]
168: [139, 163, 177]
169: []
170: [1, 31, 30, 29, 28, 27, 26, 25, 24, 23, 22]
171: [1, 30, 29, 28, 27, 26, 25, 24, 23, 22]
172: [1, 29, 28, 27, 26, 25, 24, 23, 22]
173: [1, 28, 27, 26, 25, 24, 23, 22]
174: [1, 27, 26, 25, 24, 23, 22]
175: [1, 26, 25, 24, 23, 22]
176: [1, 25, 24, 23, 22]
177: [1, 24, 23, 22]
178: [1, 23, 22]
179: [1, 22]
180: [1]
181: [177, 164, 140]
182: [163]
183: [176, 163, 164]
184: [176, 164]
185: [176, 164]
186: [176, 164]
187: [176, 164]
188: [176, 164]
189: [176, 164]
190: [176, 164]
191: [176, 164]
192: [176, 164]
193: [176, 164]
194: [176, 164]
195: [164]
170
0: [139]
1: [140, 139]
2: [140, 139]
3: [140, 139]
4: [140, 139]
5: [140, 139]
6: [140, 139]
7: [140, 139]
8: [140, 139]
9: [140, 139]
10: [140, 139]
11: [140, 139]
12: [140, 139]
13: [140]
14: [139, 177]
15: [1]
16: [1]
17: [1]
18: [1]
19: [1]
20: [1]
21: [1]
22: [1]
23: [1]
24: [1]
25: [1]
26: [1]
27: [177, 140]
28: [139, 177]
29: [22, 1]
30: [32, 22]
31: [32, 22]
32: [32, 22]
33: [32, 22]
34: [32, 22]
35: [32, 22]
36: [32, 22]
37: [32, 22]
38: [32, 22]
39: [32, 22]
40: [32, 1]
41: [177, 165, 140]
42: [139, 177]
43: [22, 23, 1]
44: [32, 23]
45: [23]
46: [23]
47: [23]
48: [23]
49: [23]
50: [23]
51: [23]
52: [23]
53: [22]
54: [1, 32]
55: [177, 165, 140]
56: [139, 177]
57: [24, 22, 23, 1]
58: [32, 24]
59: [24]
60: [24]
61: [24]
62: [24]
63: [24]
64: [24]
65: [24]
66: [23]
67: [22]
68: [1, 32]
69: [177, 165, 140]
70: [139, 177]
71: [24, 25, 22, 23, 1]
72: [32, 25]
73: [25]
74: [25]
75: [25]
76: [25]
77: [25]
78: [25]
79: [24]
80: [23]
81: [22]
82: [1, 32]
83: [177, 165, 140]
84: [139, 177]
85: [22, 23, 24, 25, 26, 1]
86: [32, 26]
87: [26]
88: [26]
89: [26]
90: [26]
91: [26]
92: [25]
93: [24]
94: [23]
95: [22]
96: [1, 32]
97: [177, 165, 140]
98: [139, 177]
99: [22, 23, 24, 25, 26, 27, 1]
100: [32, 27]
101: [27]
102: [27]
103: [27]
104: [27]
105: [26]
106: [25]
107: [24]
108: [23]
109: [22]
110: [1, 32]
111: [177, 165, 140]
112: [139, 177]
113: [22, 23, 24, 25, 26, 27, 28, 1]
114: [32, 28]
115: [28]
116: [28]
117: [28]
118: [27]
119: [26]
120: [25]
121: [24]
122: [23]
123: [22]
124: [1, 32]
125: [177, 165, 140]
126: [139, 177]
127: [22, 23, 24, 25, 26, 27, 28, 29, 1]
128: [32, 29]
129: [29]
130: [29]
131: [28]
132: [27]
133: [26]
134: [25]
135: [24]
136: [23]
137: [22]
138: [1, 32]
139: [177, 165, 140]
140: [139, 177]
141: [22, 23, 24, 25, 26, 27, 28, 29, 30, 1]
142: [32, 30]
143: [30]
144: [29]
145: [28]
146: [27]
147: [26]
148: [25]
149: [24]
150: [23]
151: [22]
152: [1, 32]
153: [177, 165, 140]
154: [139, 162, 177]
155: [22, 23, 24, 25, 26, 27, 28, 29, 30, 31, 1]
156: [32, 31]
157: [30]
158: [29]
159: [28]
160: [27]
161: [26]
162: [25]
163: [24]
164: [23]
165: [22]
166: [1, 32]
167: [177, 165, 140]
168: [139, 162, 177]
169: [22, 23, 24, 25, 26, 27, 28, 29, 30, 31, 1]
170: []
171: [1, 30, 29, 28, 27, 26, 25, 24, 23, 32, 22]
172: [1, 29, 28, 27, 26, 25, 24, 23, 32, 22]
173: [1, 28, 27, 26, 25, 24, 23, 32, 22]
174: [1, 27, 26, 25, 24, 23, 32, 22]
175: [1, 26, 25, 24, 23, 32, 22]
176: [1, 25, 24, 23, 32, 22]
177: [1, 24, 23, 32, 22]
178: [1, 23, 32, 22]
179: [1, 32, 22]
180: [1, 32]
181: [177, 165, 140]
182: [162]
183: [162]
184: [162, 165]
185: [165]
186: [165]
187: [165]
188: [165]
189: [165]
190: [165]
191: [165]
192: [165]
193: [165]
194: [165]
195: [165]
171
0: [139]
1: [140, 139]
2: [140, 139]
3: [140, 139]
4: [140, 139]
5: [140, 139]
6: [140, 139]
7: [140, 139]
8: [140, 139]
9: [140, 139]
10: [140, 139]
11: [140, 139]
12: [140, 139]
13: [140]
14: [139, 177]
15: [1]
16: [1]
17: [1]
18: [1]
19: [1]
20: [1]
21: [1]
22: [1]
23: [1]
24: [1]
25: [1]
26: [1]
27: [177, 140]
28: [139, 177]
29: [22, 1]
30: [32, 22]
31: [32, 22]
32: [32, 22]
33: [32, 22]
34: [32, 22]
35: [32, 22]
36: [32, 22]
37: [32, 22]
38: [32, 22]
39: [32, 22]
40: [1, 32]
41: [177, 140]
42: [139, 177]
43: [22, 23, 1]
44: [32, 23]
45: [33, 23]
46: [33, 23]
47: [33, 23]
48: [33, 23]
49: [33, 23]
50: [33, 23]
51: [33, 23]
52: [33, 23]
53: [33, 22]
54: [1, 33, 32]
55: [177, 166, 140]
56: [139, 177]
57: [24, 22, 23, 1]
58: [32, 24]
59: [33, 24]
60: [24]
61: [24]
62: [24]
63: [24]
64: [24]
65: [24]
66: [23]
67: [22]
68: [1, 33, 32]
69: [177, 166, 140]
70: [139, 177]
71: [24, 25, 22, 23, 1]
72: [32, 25]
73: [33, 25]
74: [25]
75: [25]
76: [25]
77: [25]
78: [25]
79: [24]
80: [23]
81: [22]
82: [1, 33, 32]
83: [177, 166, 140]
84: [139, 177]
85: [22, 23, 24, 25, 26, 1]
86: [32, 26]
87: [33, 26]
88: [26]
89: [26]
90: [26]
91: [26]
92: [25]
93: [24]
94: [23]
95: [22]
96: [1, 33, 32]
97: [177, 166, 140]
98: [139, 177]
99: [22, 23, 24, 25, 26, 27, 1]
100: [32, 27]
101: [33, 27]
102: [27]
103: [27]
104: [27]
105: [26]
106: [25]
107: [24]
108: [23]
109: [22]
110: [1, 33, 32]
111: [177, 166, 140]
112: [139, 177]
113: [22, 23, 24, 25, 26, 27, 28, 1]
114: [32, 28]
115: [33, 28]
116: [28]
117: [28]
118: [27]
119: [26]
120: [25]
121: [24]
122: [23]
123: [22]
124: [1, 33, 32]
125: [177, 166, 140]
126: [139, 177]
127: [22, 23, 24, 25, 26, 27, 28, 29, 1]
128: [32, 29]
129: [33, 29]
130: [29]
131: [28]
132: [27]
133: [26]
134: [25]
135: [24]
136: [23]
137: [22]
138: [1, 33, 32]
139: [177, 166, 140]
140: [139, 161, 177]
141: [22, 23, 24, 25, 26, 27, 28, 29, 30, 1]
142: [32, 30]
143: [33, 30]
144: [29]
145: [28]
146: [27]
147: [26]
148: [25]
149: [24]
150: [23]
151: [22]
152: [1, 33, 32]
153: [177, 166, 140]
154: [139, 161, 177]
155: [22, 23, 24, 25, 26, 27, 28, 29, 30, 1]
156: [32]
157: [33, 30]
158: [29]
159: [28]
160: [27]
161: [26]
162: [25]
163: [24]
164: [23]
165: [22]
166: [1, 33, 32]
167: [177, 166, 140]
168: [139, 161, 177]
169: [22, 23, 24, 25, 26, 27, 28, 29, 30, 1]
170: [32, 22, 23, 24, 25, 26, 27, 28, 29, 30, 1]
171: []
172: [1, 29, 28, 27, 26, 25, 24, 33, 23, 32, 22]
173: [1, 28, 27, 26, 25, 24, 33, 23, 32, 22]
174: [1, 27, 26, 25, 24, 33, 23, 32, 22]
175: [1, 26, 25, 24, 33, 23, 32, 22]
176: [1, 25, 24, 33, 23, 32, 22]
177: [1, 24, 33, 23, 32, 22]
178: [1, 33, 23, 32, 22]
179: [1, 33, 32, 22]
180: [1, 33, 32]
181: [177, 166, 140]
182: [161]
183: [161]
184: [161]
185: [161, 166]
186: [166]
187: [166]
188: [166]
189: [166]
190: [166]
191: [166]
192: [166]
193: [166]
194: [166]
195: [166]
172
0: [139]
1: [140, 139]
2: [140, 139]
3: [140, 139]
4: [140, 139]
5: [140, 139]
6: [140, 139]
7: [140, 139]
8: [140, 139]
9: [140, 139]
10: [140, 139]
11: [140, 139]
12: [140, 139]
13: [140]
14: [139, 177]
15: [1]
16: [1]
17: [1]
18: [1]
19: [1]
20: [1]
21: [1]
22: [1]
23: [1]
24: [1]
25: [1]
26: [1]
27: [177, 140]
28: [139, 177]
29: [22, 1]
30: [32, 22]
31: [32, 22]
32: [32, 22]
33: [32, 22]
34: [32, 22]
35: [32, 22]
36: [32, 22]
37: [32, 22]
38: [32, 22]
39: [32, 22]
40: [1, 32]
41: [177, 140]
42: [139, 177]
43: [22, 23, 1]
44: [32, 23]
45: [33, 23]
46: [33, 23]
47: [33, 23]
48: [33, 23]
49: [33, 23]
50: [33, 23]
51: [33, 23]
52: [33, 23]
53: [33, 22]
54: [1, 33, 32]
55: [177, 140]
56: [139, 177]
57: [24, 22, 23, 1]
58: [32, 24]
59: [33, 24]
60: [34, 24]
61: [34, 24]
62: [34, 24]
63: [34, 24]
64: [34, 24]
65: [34, 24]
66: [34, 23]
67: [34, 22]
68: [1, 34, 33, 32]
69: [177, 167, 140]
70: [139, 177]
71: [24, 25, 22, 23, 1]
72: [32, 25]
73: [33, 25]
74: [34, 25]
75: [25]
76: [25]
77: [25]
78: [25]
79: [24]
80: [23]
81: [22]
82: [1, 34, 33, 32]
83: [177, 167, 140]
84: [139, 177]
85: [22, 23, 24, 25, 26, 1]
86: [32, 26]
87: [33, 26]
88: [34, 26]
89: [26]
90: [26]
91: [26]
92: [25]
93: [24]
94: [23]
95: [22]
96: [1, 34, 33, 32]
97: [177, 167, 140]
98: [139, 177]
99: [22, 23, 24, 25, 26, 27, 1]
100: [32, 27]
101: [33, 27]
102: [34, 27]
103: [27]
104: [27]
105: [26]
106: [25]
107: [24]
108: [23]
109: [22]
110: [1, 34, 33, 32]
111: [177, 167, 140]
112: [139, 177]
113: [22, 23, 24, 25, 26, 27, 28, 1]
114: [32, 28]
115: [33, 28]
116: [34, 28]
117: [28]
118: [27]
119: [26]
120: [25]
121: [24]
122: [23]
123: [22]
124: [1, 34, 33, 32]
125: [177, 167, 140]
126: [139, 160, 177]
127: [22, 23, 24, 25, 26, 27, 28, 29, 1]
128: [32, 29]
129: [33, 29]
130: [34, 29]
131: [28]
132: [27]
133: [26]
134: [25]
135: [24]
136: [23]
137: [22]
138: [1, 34, 33, 32]
139: [177, 167, 140]
140: [139, 160, 177]
141: [22, 23, 24, 25, 26, 27, 28, 29, 1]
142: [32]
143: [33]
144: [34, 29]
145: [28]
146: [27]
147: [26]
148: [25]
149: [24]
150: [23]
151: [22]
152: [1, 34, 33, 32]
153: [177, 167, 140]
154: [139, 160, 177]
155: [22, 23, 24, 25, 26, 27, 28, 29, 1]
156: [32]
157: [33]
158: [34, 29]
159: [28]
160: [27]
161: [26]
162: [25]
163: [24]
164: [23]
165: [22]
166: [1, 34, 33, 32]
167: [177, 167, 140]
168: [139, 160, 177]
169: [22, 23, 24, 25, 26, 27, 28, 29, 1]
170: [32, 22, 23, 24, 25, 26, 27, 28, 29, 1]
171: [32, 33, 22, 23, 24, 25, 26, 27, 28, 29, 1]
172: []
173: [1, 28, 27, 26, 25, 24, 34, 33, 23, 32, 22]
174: [1, 27, 26, 25, 24, 34, 33, 23, 32, 22]
175: [1, 26, 25, 24, 34, 33, 23, 32, 22]
176: [1, 25, 24, 34, 33, 23, 32, 22]
177: [1, 24, 34, 33, 23, 32, 22]
178: [1, 34, 33, 23, 32, 22]
179: [1, 34, 33, 32, 22]
180: [1, 34, 33, 32]
181: [177, 167, 140]
182: [160]
183: [160]
184: [160]
185: [160]
186: [160, 167]
187: [167]
188: [167]
189: [167]
190: [167]
191: [167]
192: [167]
193: [167]
194: [167]
195: [167]
173
0: [139]
1: [140, 139]
2: [140, 139]
3: [140, 139]
4: [140, 139]
5: [140, 139]
6: [140, 139]
7: [140, 139]
8: [140, 139]
9: [140, 139]
10: [140, 139]
11: [140, 139]
12: [140, 139]
13: [140]
14: [139, 177]
15: [1]
16: [1]
17: [1]
18: [1]
19: [1]
20: [1]
21: [1]
22: [1]
23: [1]
24: [1]
25: [1]
26: [1]
27: [177, 140]
28: [139, 177]
29: [22, 1]
30: [32, 22]
31: [32, 22]
32: [32, 22]
33: [32, 22]
34: [32, 22]
35: [32, 22]
36: [32, 22]
37: [32, 22]
38: [32, 22]
39: [32, 22]
40: [1, 32]
41: [177, 140]
42: [139, 177]
43: [22, 23, 1]
44: [32, 23]
45: [33, 23]
46: [33, 23]
47: [33, 23]
48: [33, 23]
49: [33, 23]
50: [33, 23]
51: [33, 23]
52: [33, 23]
53: [33, 22]
54: [1, 33, 32]
55: [177, 140]
56: [139, 177]
57: [24, 22, 23, 1]
58: [32, 24]
59: [33, 24]
60: [34, 24]
61: [34, 24]
62: [34, 24]
63: [34, 24]
64: [34, 24]
65: [34, 24]
66: [34, 23]
67: [34, 22]
68: [1, 34, 33, 32]
69: [177, 140]
70: [139, 177]
71: [24, 25, 22, 23, 1]
72: [32, 25]
73: [33, 25]
74: [34, 25]
75: [35, 25]
76: [35, 25]
77: [35, 25]
78: [35, 25]
79: [35, 24]
80: [35, 23]
81: [35, 22]
82: [1, 35, 34, 33, 32]
83: [168, 177, 140]
84: [139, 177]
85: [22, 23, 24, 25, 26, 1]
86: [32, 26]
87: [33, 26]
88: [34, 26]
89: [35, 26]
90: [26]
91: [26]
92: [25]
93: [24]
94: [23]
95: [22]
96: [1, 35, 34, 33, 32]
97: [177, 168, 140]
98: [139, 177]
99: [22, 23, 24, 25, 26, 27, 1]
100: [32, 27]
101: [33, 27]
102: [34, 27]
103: [35, 27]
104: [27]
105: [26]
106: [25]
107: [24]
108: [23]
109: [22]
110: [1, 35, 34, 33, 32]
111: [177, 168, 140]
112: [139, 159, 177]
113: [22, 23, 24, 25, 26, 27, 28, 1]
114: [32, 28]
115: [33, 28]
116: [34, 28]
117: [35, 28]
118: [27]
119: [26]
120: [25]
121: [24]
122: [23]
123: [22]
124: [1, 35, 34, 33, 32]
125: [177, 168, 140]
126: [139, 159, 177]
127: [22, 23, 24, 25, 26, 27, 28, 1]
128: [32]
129: [33]
130: [34]
131: [35, 28]
132: [27]
133: [26]
134: [25]
135: [24]
136: [23]
137: [22]
138: [1, 35, 34, 33, 32]
139: [177, 168, 140]
140: [139, 159, 177]
141: [22, 23, 24, 25, 26, 27, 28, 1]
142: [32]
143: [33]
144: [34]
145: [35, 28]
146: [27]
147: [26]
148: [25]
149: [24]
150: [23]
151: [22]
152: [1, 35, 34, 33, 32]
153: [177, 168, 140]
154: [139, 159, 177]
155: [22, 23, 24, 25, 26, 27, 28, 1]
156: [32]
157: [33]
158: [34]
159: [35, 28]
160: [27]
161: [26]
162: [25]
163: [24]
164: [23]
165: [22]
166: [1, 35, 34, 33, 32]
167: [177, 168, 140]
168: [139, 159, 177]
169: [22, 23, 24, 25, 26, 27, 28, 1]
170: [32, 22, 23, 24, 25, 26, 27, 28, 1]
171: [32, 33, 22, 23, 24, 25, 26, 27, 28, 1]
172: [32, 33, 34, 22, 23, 24, 25, 26, 27, 28, 1]
173: []
174: [1, 27, 26, 25, 35, 24, 34, 33, 23, 32, 22]
175: [1, 26, 25, 35, 24, 34, 33, 23, 32, 22]
176: [1, 25, 35, 24, 34, 33, 23, 32, 22]
177: [1, 35, 24, 34, 33, 23, 32, 22]
178: [1, 35, 34, 33, 23, 32, 22]
179: [1, 35, 34, 33, 32, 22]
180: [1, 35, 34, 33, 32]
181: [177, 168, 140]
182: [159]
183: [159]
184: [159]
185: [159]
186: [159]
187: [159, 168]
188: [168]
189: [168]
190: [168]
191: [168]
192: [168]
193: [168]
194: [168]
195: [168]
174
0: [139]
1: [140, 139]
2: [140, 139]
3: [140, 139]
4: [140, 139]
5: [140, 139]
6: [140, 139]
7: [140, 139]
8: [140, 139]
9: [140, 139]
10: [140, 139]
11: [140, 139]
12: [140, 139]
13: [140]
14: [139, 177]
15: [1]
16: [1]
17: [1]
18: [1]
19: [1]
20: [1]
21: [1]
22: [1]
23: [1]
24: [1]
25: [1]
26: [1]
27: [177, 140]
28: [139, 177]
29: [22, 1]
30: [32, 22]
31: [32, 22]
32: [32, 22]
33: [32, 22]
34: [32, 22]
35: [32, 22]
36: [32, 22]
37: [32, 22]
38: [32, 22]
39: [32, 22]
40: [1, 32]
41: [177, 140]
42: [139, 177]
43: [22, 23, 1]
44: [32, 23]
45: [33, 23]
46: [33, 23]
47: [33, 23]
48: [33, 23]
49: [33, 23]
50: [33, 23]
51: [33, 23]
52: [33, 23]
53: [33, 22]
54: [1, 33, 32]
55: [177, 140]
56: [139, 177]
57: [24, 22, 23, 1]
58: [32, 24]
59: [33, 24]
60: [34, 24]
61: [34, 24]
62: [34, 24]
63: [34, 24]
64: [34, 24]
65: [34, 24]
66: [34, 23]
67: [34, 22]
68: [1, 34, 33, 32]
69: [177, 140]
70: [139, 177]
71: [24, 25, 22, 23, 1]
72: [32, 25]
73: [33, 25]
74: [34, 25]
75: [35, 25]
76: [35, 25]
77: [35, 25]
78: [35, 25]
79: [35, 24]
80: [35, 23]
81: [35, 22]
82: [1, 35, 34, 33, 32]
83: [177, 140]
84: [139, 177]
85: [22, 23, 24, 25, 26, 1]
86: [32, 26]
87: [33, 26]
88: [34, 26]
89: [35, 26]
90: [36, 26]
91: [36, 26]
92: [36, 25]
93: [36, 24]
94: [36, 23]
95: [36, 22]
96: [1, 36, 35, 34, 33, 32]
97: [169, 177, 140]
98: [139, 158, 177]
99: [22, 23, 24, 25, 26, 27, 1]
100: [32, 27]
101: [33, 27]
102: [34, 27]
103: [35, 27]
104: [36, 27]
105: [26]
106: [25]
107: [24]
108: [23]
109: [22]
110: [1, 36, 35, 34, 33, 32]
111: [177, 169, 140]
112: [139, 158, 177]
113: [22, 23, 24, 25, 26, 27, 1]
114: [32]
115: [33]
116: [34]
117: [35]
118: [36, 27]
119: [26]
120: [25]
121: [24]
122: [23]
123: [22]
124: [1, 36, 35, 34, 33, 32]
125: [177, 169, 140]
126: [139, 158, 177]
127: [22, 23, 24, 25, 26, 27, 1]
128: [32]
129: [33]
130: [34]
131: [35]
132: [36, 27]
133: [26]
134: [25]
135: [24]
136: [23]
137: [22]
138: [1, 36, 35, 34, 33, 32]
139: [177, 169, 140]
140: [139, 158, 177]
141: [22, 23, 24, 25, 26, 27, 1]
142: [32]
143: [33]
144: [34]
145: [35]
146: [36, 27]
147: [26]
148: [25]
149: [24]
150: [23]
151: [22]
152: [1, 36, 35, 34, 33, 32]
153: [177, 169, 140]
154: [139, 158, 177]
155: [22, 23, 24, 25, 26, 27, 1]
156: [32]
157: [33]
158: [34]
159: [35]
160: [36, 27]
161: [26]
162: [25]
163: [24]
164: [23]
165: [22]
166: [1, 36, 35, 34, 33, 32]
167: [177, 169, 140]
168: [139, 158, 177]
169: [22, 23, 24, 25, 26, 27, 1]
170: [32, 22, 23, 24, 25, 26, 27, 1]
171: [32, 33, 22, 23, 24, 25, 26, 27, 1]
172: [32, 33, 34, 22, 23, 24, 25, 26, 27, 1]
173: [32, 33, 34, 35, 22, 23, 24, 25, 26, 27, 1]
174: []
175: [1, 26, 36, 25, 35, 24, 34, 33, 23, 32, 22]
176: [1, 36, 25, 35, 24, 34, 33, 23, 32, 22]
177: [1, 36, 35, 24, 34, 33, 23, 32, 22]
178: [1, 36, 35, 34, 33, 23, 32, 22]
179: [1, 36, 35, 34, 33, 32, 22]
180: [1, 36, 35, 34, 33, 32]
181: [177, 169, 140]
182: [158]
183: [158]
184: [158]
185: [158]
186: [158]
187: [158]
188: [158, 169]
189: [169]
190: [169]
191: [169]
192: [169]
193: [169]
194: [169]
195: [169]
175
0: [139]
1: [140, 139]
2: [140, 139]
3: [140, 139]
4: [140, 139]
5: [140, 139]
6: [140, 139]
7: [140, 139]
8: [140, 139]
9: [140, 139]
10: [140, 139]
11: [140, 139]
12: [140, 139]
13: [140]
14: [139, 177]
15: [1]
16: [1]
17: [1]
18: [1]
19: [1]
20: [1]
21: [1]
22: [1]
23: [1]
24: [1]
25: [1]
26: [1]
27: [177, 140]
28: [139, 177]
29: [22, 1]
30: [32, 22]
31: [32, 22]
32: [32, 22]
33: [32, 22]
34: [32, 22]
35: [32, 22]
36: [32, 22]
37: [32, 22]
38: [32, 22]
39: [32, 22]
40: [1, 32]
41: [177, 140]
42: [139, 177]
43: [22, 23, 1]
44: [32, 23]
45: [33, 23]
46: [33, 23]
47: [33, 23]
48: [33, 23]
49: [33, 23]
50: [33, 23]
51: [33, 23]
52: [33, 23]
53: [33, 22]
54: [1, 33, 32]
55: [177, 140]
56: [139, 177]
57: [24, 22, 23, 1]
58: [32, 24]
59: [33, 24]
60: [34, 24]
61: [34, 24]
62: [34, 24]
63: [34, 24]
64: [34, 24]
65: [34, 24]
66: [34, 23]
67: [34, 22]
68: [1, 34, 33, 32]
69: [177, 140]
70: [139, 177]
71: [24, 25, 22, 23, 1]
72: [32, 25]
73: [33, 25]
74: [34, 25]
75: [35, 25]
76: [35, 25]
77: [35, 25]
78: [35, 25]
79: [35, 24]
80: [35, 23]
81: [35, 22]
82: [1, 35, 34, 33, 32]
83: [177, 140]
84: [139, 157, 177]
85: [22, 23, 24, 25, 26, 1]
86: [32, 26]
87: [33, 26]
88: [34, 26]
89: [35, 26]
90: [36, 26]
91: [36, 26]
92: [36, 25]
93: [36, 24]
94: [36, 23]
95: [36, 22]
96: [1, 36, 35, 34, 33, 32]
97: [177, 140]
98: [139, 157, 177]
99: [22, 23, 24, 25, 26, 1]
100: [32]
101: [33]
102: [34]
103: [35]
104: [36]
105: [37, 26]
106: [37, 25]
107: [37, 24]
108: [37, 23]
109: [37, 22]
110: [1, 37, 36, 35, 34, 33, 32]
111: [177, 170, 140]
112: [139, 157, 177]
113: [22, 23, 24, 25, 26, 1]
114: [32]
115: [33]
116: [34]
117: [35]
118: [36]
119: [37, 26]
120: [25]
121: [24]
122: [23]
123: [22]
124: [1, 37, 36, 35, 34, 33, 32]
125: [177, 170, 140]
126: [139, 157, 177]
127: [22, 23, 24, 25, 26, 1]
128: [32]
129: [33]
130: [34]
131: [35]
132: [36]
133: [37, 26]
134: [25]
135: [24]
136: [23]
137: [22]
138: [1, 37, 36, 35, 34, 33, 32]
139: [177, 170, 140]
140: [139, 157, 177]
141: [22, 23, 24, 25, 26, 1]
142: [32]
143: [33]
144: [34]
145: [35]
146: [36]
147: [37, 26]
148: [25]
149: [24]
150: [23]
151: [22]
152: [1, 37, 36, 35, 34, 33, 32]
153: [177, 170, 140]
154: [139, 157, 177]
155: [22, 23, 24, 25, 26, 1]
156: [32]
157: [33]
158: [34]
159: [35]
160: [36]
161: [37, 26]
162: [25]
163: [24]
164: [23]
165: [22]
166: [1, 37, 36, 35, 34, 33, 32]
167: [177, 170, 140]
168: [139, 157, 177]
169: [22, 23, 24, 25, 26, 1]
170: [32, 22, 23, 24, 25, 26, 1]
171: [32, 33, 22, 23, 24, 25, 26, 1]
172: [32, 33, 34, 22, 23, 24, 25, 26, 1]
173: [32, 33, 34, 35, 22, 23, 24, 25, 26, 1]
174: [32, 33, 34, 35, 36, 22, 23, 24, 25, 26, 1]
175: []
176: [1, 37, 36, 25, 35, 24, 34, 33, 23, 32, 22]
177: [1, 37, 36, 35, 24, 34, 33, 23, 32, 22]
178: [1, 37, 36, 35, 34, 33, 23, 32, 22]
179: [1, 37, 36, 35, 34, 33, 32, 22]
180: [1, 37, 36, 35, 34, 33, 32]
181: [177, 170, 140]
182: [157]
183: [157]
184: [157]
185: [157]
186: [157]
187: [157]
188: [157]
189: [157, 170]
190: [170]
191: [170]
192: [170]
193: [170]
194: [170]
195: [170]
176
0: [139]
1: [140, 139]
2: [140, 139]
3: [140, 139]
4: [140, 139]
5: [140, 139]
6: [140, 139]
7: [140, 139]
8: [140, 139]
9: [140, 139]
10: [140, 139]
11: [140, 139]
12: [140, 139]
13: [140]
14: [139, 177]
15: [1]
16: [1]
17: [1]
18: [1]
19: [1]
20: [1]
21: [1]
22: [1]
23: [1]
24: [1]
25: [1]
26: [1]
27: [177, 140]
28: [139, 177]
29: [22, 1]
30: [32, 22]
31: [32, 22]
32: [32, 22]
33: [32, 22]
34: [32, 22]
35: [32, 22]
36: [32, 22]
37: [32, 22]
38: [32, 22]
39: [32, 22]
40: [1, 32]
41: [177, 140]
42: [139, 177]
43: [22, 23, 1]
44: [32, 23]
45: [33, 23]
46: [33, 23]
47: [33, 23]
48: [33, 23]
49: [33, 23]
50: [33, 23]
51: [33, 23]
52: [33, 23]
53: [33, 22]
54: [1, 33, 32]
55: [177, 140]
56: [139, 177]
57: [24, 22, 23, 1]
58: [32, 24]
59: [33, 24]
60: [34, 24]
61: [34, 24]
62: [34, 24]
63: [34, 24]
64: [34, 24]
65: [34, 24]
66: [34, 23]
67: [34, 22]
68: [1, 34, 33, 32]
69: [177, 140]
70: [139, 156, 177]
71: [24, 25, 22, 23, 1]
72: [32, 25]
73: [33, 25]
74: [34, 25]
75: [35, 25]
76: [35, 25]
77: [35, 25]
78: [35, 25]
79: [35, 24]
80: [35, 23]
81: [35, 22]
82: [1, 35, 34, 33, 32]
83: [177, 140]
84: [139, 156, 177]
85: [24, 25, 22, 23, 1]
86: [32]
87: [33]
88: [34]
89: [35]
90: [36]
91: [36]
92: [36, 25]
93: [36, 24]
94: [36, 23]
95: [36, 22]
96: [1, 36, 35, 34, 33, 32]
97: [177, 140]
98: [139, 156, 177]
99: [24, 25, 22, 23, 1]
100: [32]
101: [33]
102: [34]
103: [35]
104: [36]
105: [37]
106: [37, 25]
107: [37, 24]
108: [37, 23]
109: [37, 22]
110: [1, 37, 36, 35, 34, 33, 32]
111: [177, 140]
112: [139, 156, 177]
113: [24, 25, 22, 23, 1]
114: [32]
115: [33]
116: [34]
117: [35]
118: [36]
119: [37]
120: [38, 25]
121: [38, 24]
122: [38, 23]
123: [38, 22]
124: [1, 38, 37, 36, 35, 34, 33, 32]
125: [177, 171, 140]
126: [139, 156, 177]
127: [24, 25, 22, 23, 1]
128: [32]
129: [33]
130: [34]
131: [35]
132: [36]
133: [37]
134: [38, 25]
135: [24]
136: [23]
137: [22]
138: [1, 38, 37, 36, 35, 34, 33, 32]
139: [177, 171, 140]
140: [139, 156, 177]
141: [24, 25, 22, 23, 1]
142: [32]
143: [33]
144: [34]
145: [35]
146: [36]
147: [37]
148: [38, 25]
149: [24]
150: [23]
151: [22]
152: [1, 38, 37, 36, 35, 34, 33, 32]
153: [177, 171, 140]
154: [139, 156, 177]
155: [24, 25, 22, 23, 1]
156: [32]
157: [33]
158: [34]
159: [35]
160: [36]
161: [37]
162: [38, 25]
163: [24]
164: [23]
165: [22]
166: [1, 38, 37, 36, 35, 34, 33, 32]
167: [177, 171, 140]
168: [139, 156, 177]
169: [24, 25, 22, 23, 1]
170: [32, 22, 23, 24, 25, 1]
171: [32, 33, 22, 23, 24, 25, 1]
172: [32, 33, 34, 22, 23, 24, 25, 1]
173: [32, 33, 34, 35, 22, 23, 24, 25, 1]
174: [32, 33, 34, 35, 36, 22, 23, 24, 25, 1]
175: [32, 33, 34, 35, 36, 37, 22, 23, 24, 25, 1]
176: []
177: [1, 38, 37, 36, 35, 24, 34, 33, 23, 32, 22]
178: [1, 38, 37, 36, 35, 34, 33, 23, 32, 22]
179: [1, 38, 37, 36, 35, 34, 33, 32, 22]
180: [1, 38, 37, 36, 35, 34, 33, 32]
181: [177, 171, 140]
182: [156]
183: [156]
184: [156]
185: [156]
186: [156]
187: [156]
188: [156]
189: [156]
190: [156, 171]
191: [171]
192: [171]
193: [171]
194: [171]
195: [171]
177
0: [139]
1: [140, 139]
2: [140, 139]
3: [140, 139]
4: [140, 139]
5: [140, 139]
6: [140, 139]
7: [140, 139]
8: [140, 139]
9: [140, 139]
10: [140, 139]
11: [140, 139]
12: [140, 139]
13: [140]
14: [139, 177]
15: [1]
16: [1]
17: [1]
18: [1]
19: [1]
20: [1]
21: [1]
22: [1]
23: [1]
24: [1]
25: [1]
26: [1]
27: [177, 140]
28: [139, 177]
29: [22, 1]
30: [32, 22]
31: [32, 22]
32: [32, 22]
33: [32, 22]
34: [32, 22]
35: [32, 22]
36: [32, 22]
37: [32, 22]
38: [32, 22]
39: [32, 22]
40: [1, 32]
41: [177, 140]
42: [139, 177]
43: [22, 23, 1]
44: [32, 23]
45: [33, 23]
46: [33, 23]
47: [33, 23]
48: [33, 23]
49: [33, 23]
50: [33, 23]
51: [33, 23]
52: [33, 23]
53: [33, 22]
54: [1, 33, 32]
55: [177, 140]
56: [139, 155, 177]
57: [24, 22, 23, 1]
58: [32, 24]
59: [33, 24]
60: [34, 24]
61: [34, 24]
62: [34, 24]
63: [34, 24]
64: [34, 24]
65: [34, 24]
66: [34, 23]
67: [34, 22]
68: [1, 34, 33, 32]
69: [177, 140]
70: [139, 155, 177]
71: [24, 22, 23, 1]
72: [32]
73: [33]
74: [34]
75: [35]
76: [35]
77: [35]
78: [35]
79: [35, 24]
80: [35, 23]
81: [35, 22]
82: [1, 35, 34, 33, 32]
83: [177, 140]
84: [139, 155, 177]
85: [24, 22, 23, 1]
86: [32]
87: [33]
88: [34]
89: [35]
90: [36]
91: [36]
92: [36]
93: [36, 24]
94: [36, 23]
95: [36, 22]
96: [1, 36, 35, 34, 33, 32]
97: [177, 140]
98: [139, 155, 177]
99: [24, 22, 23, 1]
100: [32]
101: [33]
102: [34]
103: [35]
104: [36]
105: [37]
106: [37]
107: [37, 24]
108: [37, 23]
109: [37, 22]
110: [1, 37, 36, 35, 34, 33, 32]
111: [177, 140]
112: [139, 155, 177]
113: [24, 22, 23, 1]
114: [32]
115: [33]
116: [34]
117: [35]
118: [36]
119: [37]
120: [38]
121: [38, 24]
122: [38, 23]
123: [38, 22]
124: [1, 38, 37, 36, 35, 34, 33, 32]
125: [177, 140]
126: [139, 155, 177]
127: [24, 22, 23, 1]
128: [32]
129: [33]
130: [34]
131: [35]
132: [36]
133: [37]
134: [38]
135: [39, 24]
136: [39, 23]
137: [39, 22]
138: [1, 39, 38, 37, 36, 35, 34, 33, 32]
139: [177, 172, 140]
140: [139, 155, 177]
141: [24, 22, 23, 1]
142: [32]
143: [33]
144: [34]
145: [35]
146: [36]
147: [37]
148: [38]
149: [39, 24]
150: [23]
151: [22]
152: [1, 39, 38, 37, 36, 35, 34, 33, 32]
153: [177, 172, 140]
154: [139, 155, 177]
155: [24, 22, 23, 1]
156: [32]
157: [33]
158: [34]
159: [35]
160: [36]
161: [37]
162: [38]
163: [39, 24]
164: [23]
165: [22]
166: [1, 39, 38, 37, 36, 35, 34, 33, 32]
167: [177, 172, 140]
168: [139, 155, 177]
169: [24, 22, 23, 1]
170: [24, 32, 22, 23, 1]
171: [32, 33, 22, 23, 24, 1]
172: [32, 33, 34, 22, 23, 24, 1]
173: [32, 33, 34, 35, 22, 23, 24, 1]
174: [32, 33, 34, 35, 36, 22, 23, 24, 1]
175: [32, 33, 34, 35, 36, 37, 22, 23, 24, 1]
176: [32, 33, 34, 35, 36, 37, 38, 22, 23, 24, 1]
177: []
178: [1, 39, 38, 37, 36, 35, 34, 33, 23, 32, 22]
179: [1, 39, 38, 37, 36, 35, 34, 33, 32, 22]
180: [1, 39, 38, 37, 36, 35, 34, 33, 32]
181: [177, 172, 140]
182: [155]
183: [155]
184: [155]
185: [155]
186: [155]
187: [155]
188: [155]
189: [155]
190: [155]
191: [155, 172]
192: [172]
193: [172]
194: [172]
195: [172]
178
0: [139]
1: [140, 139]
2: [140, 139]
3: [140, 139]
4: [140, 139]
5: [140, 139]
6: [140, 139]
7: [140, 139]
8: [140, 139]
9: [140, 139]
10: [140, 139]
11: [140, 139]
12: [140, 139]
13: [140]
14: [139, 177]
15: [1]
16: [1]
17: [1]
18: [1]
19: [1]
20: [1]
21: [1]
22: [1]
23: [1]
24: [1]
25: [1]
26: [1]
27: [177, 140]
28: [139, 177]
29: [22, 1]
30: [32, 22]
31: [32, 22]
32: [32, 22]
33: [32, 22]
34: [32, 22]
35: [32, 22]
36: [32, 22]
37: [32, 22]
38: [32, 22]
39: [32, 22]
40: [1, 32]
41: [177, 140]
42: [139, 154, 177]
43: [22, 23, 1]
44: [32, 23]
45: [33, 23]
46: [33, 23]
47: [33, 23]
48: [33, 23]
49: [33, 23]
50: [33, 23]
51: [33, 23]
52: [33, 23]
53: [33, 22]
54: [1, 33, 32]
55: [177, 140]
56: [139, 154, 177]
57: [22, 23, 1]
58: [32]
59: [33]
60: [34]
61: [34]
62: [34]
63: [34]
64: [34]
65: [34]
66: [34, 23]
67: [34, 22]
68: [1, 34, 33, 32]
69: [177, 140]
70: [139, 154, 177]
71: [22, 23, 1]
72: [32]
73: [33]
74: [34]
75: [35]
76: [35]
77: [35]
78: [35]
79: [35]
80: [35, 23]
81: [35, 22]
82: [1, 35, 34, 33, 32]
83: [177, 140]
84: [139, 154, 177]
85: [22, 23, 1]
86: [32]
87: [33]
88: [34]
89: [35]
90: [36]
91: [36]
92: [36]
93: [36]
94: [36, 23]
95: [36, 22]
96: [1, 36, 35, 34, 33, 32]
97: [177, 140]
98: [139, 154, 177]
99: [22, 23, 1]
100: [32]
101: [33]
102: [34]
103: [35]
104: [36]
105: [37]
106: [37]
107: [37]
108: [37, 23]
109: [37, 22]
110: [1, 37, 36, 35, 34, 33, 32]
111: [177, 140]
112: [139, 154, 177]
113: [22, 23, 1]
114: [32]
115: [33]
116: [34]
117: [35]
118: [36]
119: [37]
120: [38]
121: [38]
122: [38, 23]
123: [38, 22]
124: [1, 38, 37, 36, 35, 34, 33, 32]
125: [177, 140]
126: [139, 154, 177]
127: [22, 23, 1]
128: [32]
129: [33]
130: [34]
131: [35]
132: [36]
133: [37]
134: [38]
135: [39]
136: [39, 23]
137: [39, 22]
138: [1, 39, 38, 37, 36, 35, 34, 33, 32]
139: [177, 140]
140: [139, 154, 177]
141: [22, 23, 1]
142: [32]
143: [33]
144: [34]
145: [35]
146: [36]
147: [37]
148: [38]
149: [39]
150: [40, 23]
151: [40, 22]
152: [40, 1, 39, 38, 37, 36, 35, 34, 33, 32]
153: [177, 173, 140]
154: [139, 154, 177]
155: [22, 23, 1]
156: [32]
157: [33]
158: [34]
159: [35]
160: [36]
161: [37]
162: [38]
163: [39]
164: [40, 23]
165: [22]
166: [1, 40, 39, 38, 37, 36, 35, 34, 33, 32]
167: [177, 173, 140]
168: [139, 154, 177]
169: [22, 23, 1]
170: [32, 22, 23, 1]
171: [32, 33, 22, 23, 1]
172: [32, 33, 34, 22, 23, 1]
173: [32, 33, 34, 35, 22, 23, 1]
174: [32, 33, 34, 35, 36, 22, 23, 1]
175: [32, 33, 34, 35, 36, 37, 22, 23, 1]
176: [32, 33, 34, 35, 36, 37, 38, 22, 23, 1]
177: [32, 33, 34, 35, 36, 37, 38, 39, 22, 23, 1]
178: []
179: [1, 40, 39, 38, 37, 36, 35, 34, 33, 32, 22]
180: [1, 40, 39, 38, 37, 36, 35, 34, 33, 32]
181: [177, 173, 140]
182: [154]
183: [154]
184: [154]
185: [154]
186: [154]
187: [154]
188: [154]
189: [154]
190: [154]
191: [154]
192: [154, 173]
193: [173]
194: [173]
195: [173]
179
0: [139]
1: [140, 139]
2: [140, 139]
3: [140, 139]
4: [140, 139]
5: [140, 139]
6: [140, 139]
7: [140, 139]
8: [140, 139]
9: [140, 139]
10: [140, 139]
11: [140, 139]
12: [140, 139]
13: [140]
14: [139, 177]
15: [1]
16: [1]
17: [1]
18: [1]
19: [1]
20: [1]
21: [1]
22: [1]
23: [1]
24: [1]
25: [1]
26: [1]
27: [177, 140]
28: [139, 153, 177]
29: [22, 1]
30: [32, 22]
31: [32, 22]
32: [32, 22]
33: [32, 22]
34: [32, 22]
35: [32, 22]
36: [32, 22]
37: [32, 22]
38: [32, 22]
39: [32, 22]
40: [1, 32]
41: [177, 140]
42: [139, 153, 177]
43: [22, 1]
44: [32]
45: [33]
46: [33]
47: [33]
48: [33]
49: [33]
50: [33]
51: [33]
52: [33]
53: [33, 22]
54: [1, 33, 32]
55: [177, 140]
56: [139, 153, 177]
57: [22, 1]
58: [32]
59: [33]
60: [34]
61: [34]
62: [34]
63: [34]
64: [34]
65: [34]
66: [34]
67: [34, 22]
68: [1, 34, 33, 32]
69: [177, 140]
70: [139, 153, 177]
71: [22, 1]
72: [32]
73: [33]
74: [34]
75: [35]
76: [35]
77: [35]
78: [35]
79: [35]
80: [35]
81: [35, 22]
82: [1, 35, 34, 33, 32]
83: [177, 140]
84: [139, 153, 177]
85: [22, 1]
86: [32]
87: [33]
88: [34]
89: [35]
90: [36]
91: [36]
92: [36]
93: [36]
94: [36]
95: [36, 22]
96: [1, 36, 35, 34, 33, 32]
97: [177, 140]
98: [139, 153, 177]
99: [22, 1]
100: [32]
101: [33]
102: [34]
103: [35]
104: [36]
105: [37]
106: [37]
107: [37]
108: [37]
109: [37, 22]
110: [1, 37, 36, 35, 34, 33, 32]
111: [177, 140]
112: [139, 153, 177]
113: [22, 1]
114: [32]
115: [33]
116: [34]
117: [35]
118: [36]
119: [37]
120: [38]
121: [38]
122: [38]
123: [38, 22]
124: [1, 38, 37, 36, 35, 34, 33, 32]
125: [177, 140]
126: [139, 153, 177]
127: [22, 1]
128: [32]
129: [33]
130: [34]
131: [35]
132: [36]
133: [37]
134: [38]
135: [39]
136: [39]
137: [39, 22]
138: [1, 39, 38, 37, 36, 35, 34, 33, 32]
139: [177, 140]
140: [139, 153, 177]
141: [22, 1]
142: [32]
143: [33]
144: [34]
145: [35]
146: [36]
147: [37]
148: [38]
149: [39]
150: [40]
151: [40, 22]
152: [1, 40, 39, 38, 37, 36, 35, 34, 33, 32]
153: [177, 140]
154: [139, 153, 177]
155: [22, 1]
156: [32]
157: [33]
158: [34]
159: [35]
160: [36]
161: [37]
162: [38]
163: [39]
164: [40]
165: [41, 22]
166: [1, 41, 40, 39, 38, 37, 36, 35, 34, 33, 32]
167: [177, 174, 140]
168: [139, 153, 177]
169: [22, 1]
170: [32, 22, 1]
171: [32, 33, 22, 1]
172: [32, 33, 34, 22, 1]
173: [32, 33, 34, 35, 22, 1]
174: [32, 33, 34, 35, 36, 22, 1]
175: [32, 33, 34, 35, 36, 37, 22, 1]
176: [32, 33, 34, 35, 36, 37, 38, 22, 1]
177: [32, 33, 34, 35, 36, 37, 38, 39, 22, 1]
178: [32, 33, 34, 35, 36, 37, 38, 39, 40, 22, 1]
179: []
180: [1, 41, 40, 39, 38, 37, 36, 35, 34, 33, 32]
181: [177, 174, 140]
182: [153]
183: [153]
184: [153]
185: [153]
186: [153]
187: [153]
188: [153]
189: [153]
190: [153]
191: [153]
192: [153]
193: [153, 174]
194: [174]
195: [174]
180
0: [139]
1: [176, 140, 139]
2: [176, 140, 139]
3: [176, 140, 139]
4: [176, 140, 139]
5: [176, 140, 139]
6: [176, 140, 139]
7: [176, 140, 139]
8: [176, 140, 139]
9: [176, 140, 139]
10: [176, 140, 139]
11: [176, 140, 139]
12: [176, 140, 139]
13: [140]
14: [139, 152, 177]
15: [1]
16: [1]
17: [1]
18: [1]
19: [1]
20: [1]
21: [1]
22: [1]
23: [1]
24: [1]
25: [1]
26: [1]
27: [177, 140]
28: [139, 152, 177]
29: [1]
30: [32]
31: [32]
32: [32]
33: [32]
34: [32]
35: [32]
36: [32]
37: [32]
38: [32]
39: [32]
40: [1, 32]
41: [177, 140]
42: [139, 152, 177]
43: [1]
44: [32]
45: [33]
46: [33]
47: [33]
48: [33]
49: [33]
50: [33]
51: [33]
52: [33]
53: [33]
54: [1, 33, 32]
55: [177, 140]
56: [139, 152, 177]
57: [1]
58: [32]
59: [33]
60: [34]
61: [34]
62: [34]
63: [34]
64: [34]
65: [34]
66: [34]
67: [34]
68: [1, 34, 33, 32]
69: [177, 140]
70: [139, 152, 177]
71: [1]
72: [32]
73: [33]
74: [34]
75: [35]
76: [35]
77: [35]
78: [35]
79: [35]
80: [35]
81: [35]
82: [1, 35, 34, 33, 32]
83: [177, 140]
84: [139, 152, 177]
85: [1]
86: [32]
87: [33]
88: [34]
89: [35]
90: [36]
91: [36]
92: [36]
93: [36]
94: [36]
95: [36]
96: [1, 36, 35, 34, 33, 32]
97: [177, 140]
98: [139, 152, 177]
99: [1]
100: [32]
101: [33]
102: [34]
103: [35]
104: [36]
105: [37]
106: [37]
107: [37]
108: [37]
109: [37]
110: [1, 37, 36, 35, 34, 33, 32]
111: [177, 140]
112: [139, 152, 177]
113: [1]
114: [32]
115: [33]
116: [34]
117: [35]
118: [36]
119: [37]
120: [38]
121: [38]
122: [38]
123: [38]
124: [1, 38, 37, 36, 35, 34, 33, 32]
125: [177, 140]
126: [139, 152, 177]
127: [1]
128: [32]
129: [33]
130: [34]
131: [35]
132: [36]
133: [37]
134: [38]
135: [39]
136: [39]
137: [39]
138: [1, 39, 38, 37, 36, 35, 34, 33, 32]
139: [177, 140]
140: [139, 152, 177]
141: [1]
142: [32]
143: [33]
144: [34]
145: [35]
146: [36]
147: [37]
148: [38]
149: [39]
150: [40]
151: [40]
152: [1, 40, 39, 38, 37, 36, 35, 34, 33, 32]
153: [177, 140]
154: [139, 152, 177]
155: [1]
156: [32]
157: [33]
158: [34]
159: [35]
160: [36]
161: [37]
162: [38]
163: [39]
164: [40]
165: [41]
166: [1, 41, 40, 39, 38, 37, 36, 35, 34, 33, 32]
167: [177, 140]
168: [139, 152, 177]
169: [1]
170: [32, 1]
171: [32, 33, 1]
172: [32, 33, 34, 1]
173: [32, 33, 34, 35, 1]
174: [32, 33, 34, 35, 36, 1]
175: [32, 33, 34, 35, 36, 37, 1]
176: [32, 33, 34, 35, 36, 37, 38, 1]
177: [32, 33, 34, 35, 36, 37, 38, 39, 1]
178: [32, 33, 34, 35, 36, 37, 38, 39, 40, 1]
179: [32, 33, 34, 35, 36, 37, 38, 39, 40, 41, 1]
180: []
181: [177, 175, 140]
182: [152]
183: [152, 176]
184: [152, 176]
185: [152, 176]
186: [152, 176]
187: [152, 176]
188: [152, 176]
189: [152, 176]
190: [152, 176]
191: [152, 176]
192: [152, 176]
193: [152, 176]
194: [152, 175, 176]
195: [175]
181
0: [127]
1: [140, 127]
2: [127, 140]
3: [127, 140]
4: [127, 140]
5: [127, 140]
6: [127, 140]
7: [127, 140]
8: [127, 140]
9: [127, 140]
10: [127, 140]
11: [127, 140]
12: [127, 140]
13: [127, 140]
14: [177, 127]
15: [177, 140, 164]
16: [177, 164]
17: [177, 164]
18: [177, 164]
19: [177, 164]
20: [177, 164]
21: [177, 164]
22: [177, 164]
23: [177, 164]
24: [177, 164]
25: [177, 164]
26: [177, 164]
27: [177, 127, 164, 140]
28: [177, 127]
29: [140, 164]
30: [165]
31: [165]
32: [165]
33: [165]
34: [165]
35: [165]
36: [165]
37: [165]
38: [165]
39: [165]
40: [165]
41: [177, 127, 165, 164, 140]
42: [177, 127]
43: [140, 164]
44: [165]
45: [166]
46: [166]
47: [166]
48: [166]
49: [166]
50: [166]
51: [166]
52: [166]
53: [166]
54: [166]
55: [177, 127, 166, 165, 164, 140]
56: [177, 127]
57: [140, 164]
58: [165]
59: [166]
60: [167]
61: [167]
62: [167]
63: [167]
64: [167]
65: [167]
66: [167]
67: [167]
68: [167]
69: [177, 127, 167, 166, 165, 164, 140]
70: [177, 127]
71: [140, 164]
72: [165]
73: [166]
74: [167]
75: [168]
76: [168]
77: [168]
78: [168]
79: [168]
80: [168]
81: [168]
82: [168]
83: [177, 127, 168, 167, 166, 165, 164, 140]
84: [177, 127]
85: [140, 164]
86: [165]
87: [166]
88: [167]
89: [168]
90: [169]
91: [169]
92: [169]
93: [169]
94: [169]
95: [169]
96: [169]
97: [177, 127, 169, 168, 167, 166, 165, 164, 140]
98: [177, 127]
99: [140, 164]
100: [165]
101: [166]
102: [167]
103: [168]
104: [169]
105: [170]
106: [170]
107: [170]
108: [170]
109: [170]
110: [170]
111: [177, 127, 170, 169, 168, 167, 166, 165, 164, 140]
112: [177, 127]
113: [140, 164]
114: [165]
115: [166]
116: [167]
117: [168]
118: [169]
119: [170]
120: [171]
121: [171]
122: [171]
123: [171]
124: [171]
125: [177, 127, 171, 170, 169, 168, 167, 166, 165, 164, 140]
126: [177, 127]
127: [140, 164]
128: [165]
129: [166]
130: [167]
131: [168]
132: [169]
133: [170]
134: [171]
135: [172]
136: [172]
137: [172]
138: [172]
139: [177, 127, 172, 171, 170, 169, 168, 167, 166, 165, 164, 140]
140: [177, 127]
141: [140, 164]
142: [165]
143: [166]
144: [167]
145: [168]
146: [169]
147: [170]
148: [171]
149: [172]
150: [173]
151: [173]
152: [173]
153: [177, 127, 173, 172, 171, 170, 169, 168, 167, 166, 165, 164, 140]
154: [177, 127]
155: [140, 164]
156: [165]
157: [166]
158: [167]
159: [168]
160: [169]
161: [170]
162: [171]
163: [172]
164: [173]
165: [174]
166: [174]
167: [177, 127, 174, 173, 172, 171, 170, 169, 168, 167, 166, 165, 164, 140]
168: [177, 127]
169: [140, 164, 177]
170: [140, 165, 177]
171: [140, 166, 177]
172: [140, 167, 177]
173: [140, 168, 177]
174: [140, 169, 177]
175: [140, 170, 177]
176: [140, 171, 177]
177: [140, 172, 177]
178: [140, 173, 177]
179: [140, 174, 177]
180: [140, 175, 177]
181: []
182: [127]
183: [164, 127]
184: [164, 165, 127]
185: [164, 165, 166, 127]
186: [164, 165, 166, 167, 127]
187: [164, 165, 166, 167, 168, 127]
188: [164, 165, 166, 167, 168, 169, 127]
189: [164, 165, 166, 167, 168, 169, 170, 127]
190: [164, 165, 166, 167, 168, 169, 170, 171, 127]
191: [164, 165, 166, 167, 168, 169, 170, 171, 172, 127]
192: [164, 165, 166, 167, 168, 169, 170, 171, 172, 173, 127]
193: [164, 165, 166, 167, 168, 169, 170, 171, 172, 173, 174, 127]
194: [164, 165, 166, 167, 168, 169, 170, 171, 172, 173, 174, 175, 127]
195: [164, 165, 166, 167, 168, 169, 170, 171, 172, 173, 174, 175, 127]
182
0: [127]
1: [127]
2: [127]
3: [127]
4: [127]
5: [127]
6: [127]
7: [127]
8: [127]
9: [127]
10: [127]
11: [127]
12: [127]
13: [127]
14: [152, 127]
15: [152]
16: [152]
17: [152]
18: [152]
19: [152]
20: [152]
21: [152]
22: [152]
23: [152]
24: [152]
25: [152]
26: [152]
27: [127]
28: [152, 153, 127]
29: [153]
30: [153]
31: [153]
32: [153]
33: [153]
34: [153]
35: [153]
36: [153]
37: [153]
38: [153]
39: [153]
40: [152]
41: [127]
42: [152, 153, 154, 127]
43: [154]
44: [154]
45: [154]
46: [154]
47: [154]
48: [154]
49: [154]
50: [154]
51: [154]
52: [154]
53: [153]
54: [152]
55: [127]
56: [152, 153, 154, 155, 127]
57: [155]
58: [155]
59: [155]
60: [155]
61: [155]
62: [155]
63: [155]
64: [155]
65: [155]
66: [154]
67: [153]
68: [152]
69: [127]
70: [152, 153, 154, 155, 156, 127]
71: [156]
72: [156]
73: [156]
74: [156]
75: [156]
76: [156]
77: [156]
78: [156]
79: [155]
80: [154]
81: [153]
82: [152]
83: [127]
84: [152, 153, 154, 155, 156, 157, 127]
85: [157]
86: [157]
87: [157]
88: [157]
89: [157]
90: [157]
91: [157]
92: [156]
93: [155]
94: [154]
95: [153]
96: [152]
97: [127]
98: [152, 153, 154, 155, 156, 157, 158, 127]
99: [158]
100: [158]
101: [158]
102: [158]
103: [158]
104: [158]
105: [157]
106: [156]
107: [155]
108: [154]
109: [153]
110: [152]
111: [127]
112: [152, 153, 154, 155, 156, 157, 158, 159, 127]
113: [159]
114: [159]
115: [159]
116: [159]
117: [159]
118: [158]
119: [157]
120: [156]
121: [155]
122: [154]
123: [153]
124: [152]
125: [127]
126: [160, 152, 153, 154, 155, 156, 157, 158, 159, 127]
127: [160]
128: [160]
129: [160]
130: [160]
131: [159]
132: [158]
133: [157]
134: [156]
135: [155]
136: [154]
137: [153]
138: [152]
139: [127]
140: [160, 161, 152, 153, 154, 155, 156, 157, 158, 159, 127]
141: [161]
142: [161]
143: [161]
144: [160]
145: [159]
146: [158]
147: [157]
148: [156]
149: [155]
150: [154]
151: [153]
152: [152]
153: [127]
154: [160, 161, 162, 152, 153, 154, 155, 156, 157, 158, 159, 127]
155: [162]
156: [162]
157: [161]
158: [160]
159: [159]
160: [158]
161: [157]
162: [156]
163: [155]
164: [154]
165: [153]
166: [152]
167: [127]
168: [160, 161, 162, 163, 152, 153, 154, 155, 156, 157, 158, 159, 127]
169: [163]
170: [162]
171: [161]
172: [160]
173: [159]
174: [158]
175: [157]
176: [156]
177: [155]
178: [154]
179: [153]
180: [152]
181: [127]
182: []
183: [127, 163, 162, 161, 160, 159, 158, 157, 156, 155, 154, 153, 152]
184: [127, 162, 161, 160, 159, 158, 157, 156, 155, 154, 153, 152]
185: [127, 161, 160, 159, 158, 157, 156, 155, 154, 153, 152]
186: [127, 160, 159, 158, 157, 156, 155, 154, 153, 152]
187: [127, 159, 158, 157, 156, 155, 154, 153, 152]
188: [127, 158, 157, 156, 155, 154, 153, 152]
189: [127, 157, 156, 155, 154, 153, 152]
190: [127, 156, 155, 154, 153, 152]
191: [127, 155, 154, 153, 152]
192: [127, 154, 153, 152]
193: [127, 153, 152]
194: [127, 152]
195: [127]
183
0: [127]
1: [176, 127]
2: [176, 127]
3: [176, 127]
4: [176, 127]
5: [176, 127]
6: [176, 127]
7: [176, 127]
8: [176, 127]
9: [176, 127]
10: [176, 127]
11: [176, 127]
12: [176, 127]
13: [127]
14: [152, 127]
15: [164, 152, 176]
16: [164, 152]
17: [164, 152]
18: [164, 152]
19: [164, 152]
20: [164, 152]
21: [164, 152]
22: [164, 152]
23: [164, 152]
24: [164, 152]
25: [164, 152]
26: [176, 164, 152]
27: [164, 127]
28: [152, 153, 127]
29: [164, 153, 176]
30: [153]
31: [153]
32: [153]
33: [153]
34: [153]
35: [153]
36: [153]
37: [153]
38: [153]
39: [153]
40: [176, 152]
41: [127, 164]
42: [152, 153, 154, 127]
43: [164, 154, 176]
44: [154]
45: [154]
46: [154]
47: [154]
48: [154]
49: [154]
50: [154]
51: [154]
52: [154]
53: [153]
54: [176, 152]
55: [127, 164]
56: [152, 153, 154, 155, 127]
57: [164, 155, 176]
58: [155]
59: [155]
60: [155]
61: [155]
62: [155]
63: [155]
64: [155]
65: [155]
66: [154]
67: [153]
68: [176, 152]
69: [127, 164]
70: [152, 153, 154, 155, 156, 127]
71: [164, 156, 176]
72: [156]
73: [156]
74: [156]
75: [156]
76: [156]
77: [156]
78: [156]
79: [155]
80: [154]
81: [153]
82: [176, 152]
83: [127, 164]
84: [152, 153, 154, 155, 156, 157, 127]
85: [164, 157, 176]
86: [157]
87: [157]
88: [157]
89: [157]
90: [157]
91: [157]
92: [156]
93: [155]
94: [154]
95: [153]
96: [176, 152]
97: [127, 164]
98: [152, 153, 154, 155, 156, 157, 158, 127]
99: [164, 158, 176]
100: [158]
101: [158]
102: [158]
103: [158]
104: [158]
105: [157]
106: [156]
107: [155]
108: [154]
109: [153]
110: [176, 152]
111: [127, 164]
112: [152, 153, 154, 155, 156, 157, 158, 159, 127]
113: [164, 159, 176]
114: [159]
115: [159]
116: [159]
117: [159]
118: [158]
119: [157]
120: [156]
121: [155]
122: [154]
123: [153]
124: [176, 152]
125: [127, 164]
126: [160, 152, 153, 154, 155, 156, 157, 158, 159, 127]
127: [164, 160, 176]
128: [160]
129: [160]
130: [160]
131: [159]
132: [158]
133: [157]
134: [156]
135: [155]
136: [154]
137: [153]
138: [176, 152]
139: [127, 164]
140: [160, 161, 152, 153, 154, 155, 156, 157, 158, 159, 127]
141: [164, 161, 176]
142: [161]
143: [161]
144: [160]
145: [159]
146: [158]
147: [157]
148: [156]
149: [155]
150: [154]
151: [153]
152: [176, 152]
153: [127, 164]
154: [160, 161, 162, 152, 153, 154, 155, 156, 157, 158, 159, 127]
155: [164, 162, 176]
156: [162]
157: [161]
158: [160]
159: [159]
160: [158]
161: [157]
162: [156]
163: [155]
164: [154]
165: [153]
166: [176, 152]
167: [127, 164]
168: [160, 161, 162, 163, 152, 153, 154, 155, 156, 157, 158, 159, 127]
169: [164, 163, 176]
170: [162]
171: [161]
172: [160]
173: [159]
174: [158]
175: [157]
176: [156]
177: [155]
178: [154]
179: [153]
180: [176, 152]
181: [127, 164]
182: [160, 161, 162, 163, 152, 153, 154, 155, 156, 157, 158, 159, 127]
183: []
184: [176, 127, 162, 161, 160, 159, 158, 157, 156, 155, 154, 153, 152, 164]
185: [176, 127, 161, 160, 159, 158, 157, 156, 155, 154, 153, 152, 164]
186: [176, 127, 160, 159, 158, 157, 156, 155, 154, 153, 152, 164]
187: [176, 127, 159, 158, 157, 156, 155, 154, 153, 152, 164]
188: [176, 127, 158, 157, 156, 155, 154, 153, 152, 164]
189: [176, 127, 157, 156, 155, 154, 153, 152, 164]
190: [176, 127, 156, 155, 154, 153, 152, 164]
191: [176, 127, 155, 154, 153, 152, 164]
192: [176, 127, 154, 153, 152, 164]
193: [176, 127, 153, 152, 164]
194: [176, 127, 152, 164]
195: [127, 164]
184
0: [127]
1: [176, 127]
2: [176, 127]
3: [176, 127]
4: [176, 127]
5: [176, 127]
6: [176, 127]
7: [176, 127]
8: [176, 127]
9: [176, 127]
10: [176, 127]
11: [176, 127]
12: [176, 127]
13: [127]
14: [152, 127]
15: [164, 152, 176]
16: [164, 152]
17: [164, 152]
18: [164, 152]
19: [164, 152]
20: [164, 152]
21: [164, 152]
22: [164, 152]
23: [164, 152]
24: [164, 152]
25: [164, 152]
26: [176, 164, 152]
27: [127, 164]
28: [152, 153, 127]
29: [164, 153, 176]
30: [165, 153]
31: [165, 153]
32: [165, 153]
33: [165, 153]
34: [165, 153]
35: [165, 153]
36: [165, 153]
37: [165, 153]
38: [165, 153]
39: [165, 153]
40: [176, 165, 152]
41: [165, 127, 164]
42: [152, 153, 154, 127]
43: [164, 154, 176]
44: [165, 154]
45: [154]
46: [154]
47: [154]
48: [154]
49: [154]
50: [154]
51: [154]
52: [154]
53: [153]
54: [176, 152]
55: [127, 165, 164]
56: [152, 153, 154, 155, 127]
57: [164, 155, 176]
58: [165, 155]
59: [155]
60: [155]
61: [155]
62: [155]
63: [155]
64: [155]
65: [155]
66: [154]
67: [153]
68: [176, 152]
69: [127, 165, 164]
70: [152, 153, 154, 155, 156, 127]
71: [164, 156, 176]
72: [165, 156]
73: [156]
74: [156]
75: [156]
76: [156]
77: [156]
78: [156]
79: [155]
80: [154]
81: [153]
82: [176, 152]
83: [127, 165, 164]
84: [152, 153, 154, 155, 156, 157, 127]
85: [164, 157, 176]
86: [165, 157]
87: [157]
88: [157]
89: [157]
90: [157]
91: [157]
92: [156]
93: [155]
94: [154]
95: [153]
96: [176, 152]
97: [127, 165, 164]
98: [152, 153, 154, 155, 156, 157, 158, 127]
99: [164, 158, 176]
100: [165, 158]
101: [158]
102: [158]
103: [158]
104: [158]
105: [157]
106: [156]
107: [155]
108: [154]
109: [153]
110: [176, 152]
111: [127, 165, 164]
112: [152, 153, 154, 155, 156, 157, 158, 159, 127]
113: [164, 159, 176]
114: [165, 159]
115: [159]
116: [159]
117: [159]
118: [158]
119: [157]
120: [156]
121: [155]
122: [154]
123: [153]
124: [176, 152]
125: [127, 165, 164]
126: [160, 152, 153, 154, 155, 156, 157, 158, 159, 127]
127: [164, 160, 176]
128: [165, 160]
129: [160]
130: [160]
131: [159]
132: [158]
133: [157]
134: [156]
135: [155]
136: [154]
137: [153]
138: [176, 152]
139: [127, 165, 164]
140: [160, 161, 152, 153, 154, 155, 156, 157, 158, 159, 127]
141: [164, 161, 176]
142: [165, 161]
143: [161]
144: [160]
145: [159]
146: [158]
147: [157]
148: [156]
149: [155]
150: [154]
151: [153]
152: [176, 152]
153: [127, 165, 164]
154: [160, 161, 162, 152, 153, 154, 155, 156, 157, 158, 159, 127]
155: [164, 162, 176]
156: [165, 162]
157: [161]
158: [160]
159: [159]
160: [158]
161: [157]
162: [156]
163: [155]
164: [154]
165: [153]
166: [176, 152]
167: [127, 165, 164]
168: [160, 161, 162, 152, 153, 154, 155, 156, 157, 158, 159, 127]
169: [164, 176]
170: [165, 162]
171: [161]
172: [160]
173: [159]
174: [158]
175: [157]
176: [156]
177: [155]
178: [154]
179: [153]
180: [176, 152]
181: [127, 165, 164]
182: [160, 161, 162, 152, 153, 154, 155, 156, 157, 158, 159, 127]
183: [160, 161, 162, 164, 152, 153, 154, 155, 156, 157, 158, 159, 176, 127]
184: []
185: [176, 127, 161, 160, 159, 158, 157, 156, 155, 154, 153, 165, 152, 164]
186: [176, 127, 160, 159, 158, 157, 156, 155, 154, 153, 165, 152, 164]
187: [176, 127, 159, 158, 157, 156, 155, 154, 153, 165, 152, 164]
188: [176, 127, 158, 157, 156, 155, 154, 153, 165, 152, 164]
189: [176, 127, 157, 156, 155, 154, 153, 165, 152, 164]
190: [176, 127, 156, 155, 154, 153, 165, 152, 164]
191: [176, 127, 155, 154, 153, 165, 152, 164]
192: [176, 127, 154, 153, 165, 152, 164]
193: [176, 127, 153, 165, 152, 164]
194: [176, 127, 165, 152, 164]
195: [127, 165, 164]
185
0: [127]
1: [176, 127]
2: [176, 127]
3: [176, 127]
4: [176, 127]
5: [176, 127]
6: [176, 127]
7: [176, 127]
8: [176, 127]
9: [176, 127]
10: [176, 127]
11: [176, 127]
12: [176, 127]
13: [127]
14: [152, 127]
15: [164, 152, 176]
16: [164, 152]
17: [164, 152]
18: [164, 152]
19: [164, 152]
20: [164, 152]
21: [164, 152]
22: [164, 152]
23: [164, 152]
24: [164, 152]
25: [164, 152]
26: [176, 164, 152]
27: [127, 164]
28: [152, 153, 127]
29: [164, 153, 176]
30: [165, 153]
31: [165, 153]
32: [165, 153]
33: [165, 153]
34: [165, 153]
35: [165, 153]
36: [165, 153]
37: [165, 153]
38: [165, 153]
39: [165, 153]
40: [176, 165, 152]
41: [127, 165, 164]
42: [152, 153, 154, 127]
43: [164, 154, 176]
44: [165, 154]
45: [166, 154]
46: [166, 154]
47: [166, 154]
48: [166, 154]
49: [166, 154]
50: [166, 154]
51: [166, 154]
52: [166, 154]
53: [166, 153]
54: [176, 166, 152]
55: [166, 127, 165, 164]
56: [152, 153, 154, 155, 127]
57: [164, 155, 176]
58: [165, 155]
59: [166, 155]
60: [155]
61: [155]
62: [155]
63: [155]
64: [155]
65: [155]
66: [154]
67: [153]
68: [176, 152]
69: [127, 166, 165, 164]
70: [152, 153, 154, 155, 156, 127]
71: [164, 156, 176]
72: [165, 156]
73: [166, 156]
74: [156]
75: [156]
76: [156]
77: [156]
78: [156]
79: [155]
80: [154]
81: [153]
82: [176, 152]
83: [127, 166, 165, 164]
84: [152, 153, 154, 155, 156, 157, 127]
85: [164, 157, 176]
86: [165, 157]
87: [166, 157]
88: [157]
89: [157]
90: [157]
91: [157]
92: [156]
93: [155]
94: [154]
95: [153]
96: [176, 152]
97: [127, 166, 165, 164]
98: [152, 153, 154, 155, 156, 157, 158, 127]
99: [164, 158, 176]
100: [165, 158]
101: [166, 158]
102: [158]
103: [158]
104: [158]
105: [157]
106: [156]
107: [155]
108: [154]
109: [153]
110: [176, 152]
111: [127, 166, 165, 164]
112: [152, 153, 154, 155, 156, 157, 158, 159, 127]
113: [164, 159, 176]
114: [165, 159]
115: [166, 159]
116: [159]
117: [159]
118: [158]
119: [157]
120: [156]
121: [155]
122: [154]
123: [153]
124: [176, 152]
125: [127, 166, 165, 164]
126: [160, 152, 153, 154, 155, 156, 157, 158, 159, 127]
127: [164, 160, 176]
128: [165, 160]
129: [166, 160]
130: [160]
131: [159]
132: [158]
133: [157]
134: [156]
135: [155]
136: [154]
137: [153]
138: [176, 152]
139: [127, 166, 165, 164]
140: [160, 161, 152, 153, 154, 155, 156, 157, 158, 159, 127]
141: [164, 161, 176]
142: [165, 161]
143: [166, 161]
144: [160]
145: [159]
146: [158]
147: [157]
148: [156]
149: [155]
150: [154]
151: [153]
152: [176, 152]
153: [127, 166, 165, 164]
154: [160, 161, 152, 153, 154, 155, 156, 157, 158, 159, 127]
155: [164, 176]
156: [165]
157: [166, 161]
158: [160]
159: [159]
160: [158]
161: [157]
162: [156]
163: [155]
164: [154]
165: [153]
166: [176, 152]
167: [127, 166, 165, 164]
168: [160, 161, 152, 153, 154, 155, 156, 157, 158, 159, 127]
169: [164, 176]
170: [165]
171: [166, 161]
172: [160]
173: [159]
174: [158]
175: [157]
176: [156]
177: [155]
178: [154]
179: [153]
180: [176, 152]
181: [127, 166, 165, 164]
182: [160, 161, 152, 153, 154, 155, 156, 157, 158, 159, 127]
183: [160, 161, 164, 152, 153, 154, 155, 156, 157, 158, 159, 176, 127]
184: [160, 161, 164, 165, 152, 153, 154, 155, 156, 157, 158, 159, 176, 127]
185: []
186: [176, 127, 160, 159, 158, 157, 156, 155, 154, 166, 153, 165, 152, 164]
187: [176, 127, 159, 158, 157, 156, 155, 154, 166, 153, 165, 152, 164]
188: [176, 127, 158, 157, 156, 155, 154, 166, 153, 165, 152, 164]
189: [176, 127, 157, 156, 155, 154, 166, 153, 165, 152, 164]
190: [176, 127, 156, 155, 154, 166, 153, 165, 152, 164]
191: [176, 127, 155, 154, 166, 153, 165, 152, 164]
192: [176, 127, 154, 166, 153, 165, 152, 164]
193: [176, 127, 166, 153, 165, 152, 164]
194: [176, 127, 166, 165, 152, 164]
195: [127, 166, 165, 164]
186
0: [127]
1: [176, 127]
2: [176, 127]
3: [176, 127]
4: [176, 127]
5: [176, 127]
6: [176, 127]
7: [176, 127]
8: [176, 127]
9: [176, 127]
10: [176, 127]
11: [176, 127]
12: [176, 127]
13: [127]
14: [152, 127]
15: [164, 152, 176]
16: [164, 152]
17: [164, 152]
18: [164, 152]
19: [164, 152]
20: [164, 152]
21: [164, 152]
22: [164, 152]
23: [164, 152]
24: [164, 152]
25: [164, 152]
26: [176, 164, 152]
27: [127, 164]
28: [152, 153, 127]
29: [164, 153, 176]
30: [165, 153]
31: [165, 153]
32: [165, 153]
33: [165, 153]
34: [165, 153]
35: [165, 153]
36: [165, 153]
37: [165, 153]
38: [165, 153]
39: [165, 153]
40: [176, 165, 152]
41: [127, 165, 164]
42: [152, 153, 154, 127]
43: [164, 154, 176]
44: [165, 154]
45: [166, 154]
46: [166, 154]
47: [166, 154]
48: [166, 154]
49: [166, 154]
50: [166, 154]
51: [166, 154]
52: [166, 154]
53: [166, 153]
54: [176, 166, 152]
55: [127, 166, 165, 164]
56: [152, 153, 154, 155, 127]
57: [164, 155, 176]
58: [165, 155]
59: [166, 155]
60: [167, 155]
61: [167, 155]
62: [167, 155]
63: [167, 155]
64: [167, 155]
65: [167, 155]
66: [167, 154]
67: [167, 153]
68: [176, 167, 152]
69: [167, 127, 166, 165, 164]
70: [152, 153, 154, 155, 156, 127]
71: [164, 156, 176]
72: [165, 156]
73: [166, 156]
74: [167, 156]
75: [156]
76: [156]
77: [156]
78: [156]
79: [155]
80: [154]
81: [153]
82: [176, 152]
83: [127, 167, 166, 165, 164]
84: [152, 153, 154, 155, 156, 157, 127]
85: [164, 157, 176]
86: [165, 157]
87: [166, 157]
88: [167, 157]
89: [157]
90: [157]
91: [157]
92: [156]
93: [155]
94: [154]
95: [153]
96: [176, 152]
97: [127, 167, 166, 165, 164]
98: [152, 153, 154, 155, 156, 157, 158, 127]
99: [164, 158, 176]
100: [165, 158]
101: [166, 158]
102: [167, 158]
103: [158]
104: [158]
105: [157]
106: [156]
107: [155]
108: [154]
109: [153]
110: [176, 152]
111: [127, 167, 166, 165, 164]
112: [152, 153, 154, 155, 156, 157, 158, 159, 127]
113: [164, 159, 176]
114: [165, 159]
115: [166, 159]
116: [167, 159]
117: [159]
118: [158]
119: [157]
120: [156]
121: [155]
122: [154]
123: [153]
124: [176, 152]
125: [127, 167, 166, 165, 164]
126: [160, 152, 153, 154, 155, 156, 157, 158, 159, 127]
127: [164, 160, 176]
128: [165, 160]
129: [166, 160]
130: [167, 160]
131: [159]
132: [158]
133: [157]
134: [156]
135: [155]
136: [154]
137: [153]
138: [176, 152]
139: [127, 167, 166, 165, 164]
140: [160, 152, 153, 154, 155, 156, 157, 158, 159, 127]
141: [164, 176]
142: [165]
143: [166]
144: [167, 160]
145: [159]
146: [158]
147: [157]
148: [156]
149: [155]
150: [154]
151: [153]
152: [176, 152]
153: [127, 167, 166, 165, 164]
154: [160, 152, 153, 154, 155, 156, 157, 158, 159, 127]
155: [164, 176]
156: [165]
157: [166]
158: [167, 160]
159: [159]
160: [158]
161: [157]
162: [156]
163: [155]
164: [154]
165: [153]
166: [176, 152]
167: [127, 167, 166, 165, 164]
168: [160, 152, 153, 154, 155, 156, 157, 158, 159, 127]
169: [164, 176]
170: [165]
171: [166]
172: [167, 160]
173: [159]
174: [158]
175: [157]
176: [156]
177: [155]
178: [154]
179: [153]
180: [176, 152]
181: [127, 167, 166, 165, 164]
182: [160, 152, 153, 154, 155, 156, 157, 158, 159, 127]
183: [160, 164, 152, 153, 154, 155, 156, 157, 158, 159, 176, 127]
184: [160, 164, 165, 152, 153, 154, 155, 156, 157, 158, 159, 176, 127]
185: [160, 164, 165, 166, 152, 153, 154, 155, 156, 157, 158, 159, 176, 127]
186: []
187: [176, 127, 159, 158, 157, 156, 155, 167, 154, 166, 153, 165, 152, 164]
188: [176, 127, 158, 157, 156, 155, 167, 154, 166, 153, 165, 152, 164]
189: [176, 127, 157, 156, 155, 167, 154, 166, 153, 165, 152, 164]
190: [176, 127, 156, 155, 167, 154, 166, 153, 165, 152, 164]
191: [176, 127, 155, 167, 154, 166, 153, 165, 152, 164]
192: [176, 127, 167, 154, 166, 153, 165, 152, 164]
193: [176, 127, 167, 166, 153, 165, 152, 164]
194: [176, 127, 167, 166, 165, 152, 164]
195: [127, 167, 166, 165, 164]
187
0: [127]
1: [176, 127]
2: [176, 127]
3: [176, 127]
4: [176, 127]
5: [176, 127]
6: [176, 127]
7: [176, 127]
8: [176, 127]
9: [176, 127]
10: [176, 127]
11: [176, 127]
12: [176, 127]
13: [127]
14: [152, 127]
15: [164, 152, 176]
16: [164, 152]
17: [164, 152]
18: [164, 152]
19: [164, 152]
20: [164, 152]
21: [164, 152]
22: [164, 152]
23: [164, 152]
24: [164, 152]
25: [164, 152]
26: [176, 164, 152]
27: [127, 164]
28: [152, 153, 127]
29: [164, 153, 176]
30: [165, 153]
31: [165, 153]
32: [165, 153]
33: [165, 153]
34: [165, 153]
35: [165, 153]
36: [165, 153]
37: [165, 153]
38: [165, 153]
39: [165, 153]
40: [176, 165, 152]
41: [127, 165, 164]
42: [152, 153, 154, 127]
43: [164, 154, 176]
44: [165, 154]
45: [166, 154]
46: [166, 154]
47: [166, 154]
48: [166, 154]
49: [166, 154]
50: [166, 154]
51: [166, 154]
52: [166, 154]
53: [166, 153]
54: [176, 166, 152]
55: [127, 166, 165, 164]
56: [152, 153, 154, 155, 127]
57: [164, 155, 176]
58: [165, 155]
59: [166, 155]
60: [167, 155]
61: [167, 155]
62: [167, 155]
63: [167, 155]
64: [167, 155]
65: [167, 155]
66: [167, 154]
67: [167, 153]
68: [176, 167, 152]
69: [127, 167, 166, 165, 164]
70: [152, 153, 154, 155, 156, 127]
71: [164, 156, 176]
72: [165, 156]
73: [166, 156]
74: [167, 156]
75: [168, 156]
76: [168, 156]
77: [168, 156]
78: [168, 156]
79: [168, 155]
80: [168, 154]
81: [168, 153]
82: [168, 176, 152]
83: [168, 127, 167, 166, 165, 164]
84: [152, 153, 154, 155, 156, 157, 127]
85: [164, 157, 176]
86: [165, 157]
87: [166, 157]
88: [167, 157]
89: [168, 157]
90: [157]
91: [157]
92: [156]
93: [155]
94: [154]
95: [153]
96: [176, 152]
97: [127, 168, 167, 166, 165, 164]
98: [152, 153, 154, 155, 156, 157, 158, 127]
99: [164, 158, 176]
100: [165, 158]
101: [166, 158]
102: [167, 158]
103: [168, 158]
104: [158]
105: [157]
106: [156]
107: [155]
108: [154]
109: [153]
110: [176, 152]
111: [127, 168, 167, 166, 165, 164]
112: [152, 153, 154, 155, 156, 157, 158, 159, 127]
113: [164, 159, 176]
114: [165, 159]
115: [166, 159]
116: [167, 159]
117: [168, 159]
118: [158]
119: [157]
120: [156]
121: [155]
122: [154]
123: [153]
124: [176, 152]
125: [127, 168, 167, 166, 165, 164]
126: [152, 153, 154, 155, 156, 157, 158, 159, 127]
127: [164, 176]
128: [165]
129: [166]
130: [167]
131: [168, 159]
132: [158]
133: [157]
134: [156]
135: [155]
136: [154]
137: [153]
138: [176, 152]
139: [127, 168, 167, 166, 165, 164]
140: [152, 153, 154, 155, 156, 157, 158, 159, 127]
141: [164, 176]
142: [165]
143: [166]
144: [167]
145: [168, 159]
146: [158]
147: [157]
148: [156]
149: [155]
150: [154]
151: [153]
152: [176, 152]
153: [127, 168, 167, 166, 165, 164]
154: [152, 153, 154, 155, 156, 157, 158, 159, 127]
155: [164, 176]
156: [165]
157: [166]
158: [167]
159: [168, 159]
160: [158]
161: [157]
162: [156]
163: [155]
164: [154]
165: [153]
166: [176, 152]
167: [127, 168, 167, 166, 165, 164]
168: [152, 153, 154, 155, 156, 157, 158, 159, 127]
169: [164, 176]
170: [165]
171: [166]
172: [167]
173: [168, 159]
174: [158]
175: [157]
176: [156]
177: [155]
178: [154]
179: [153]
180: [176, 152]
181: [127, 168, 167, 166, 165, 164]
182: [152, 153, 154, 155, 156, 157, 158, 159, 127]
183: [164, 152, 153, 154, 155, 156, 157, 158, 159, 176, 127]
184: [164, 165, 152, 153, 154, 155, 156, 157, 158, 159, 176, 127]
185: [164, 165, 166, 152, 153, 154, 155, 156, 157, 158, 159, 176, 127]
186: [164, 165, 166, 167, 152, 153, 154, 155, 156, 157, 158, 159, 176, 127]
187: []
188: [176, 127, 158, 157, 168, 156, 155, 167, 154, 166, 153, 165, 152, 164]
189: [176, 127, 157, 168, 156, 155, 167, 154, 166, 153, 165, 152, 164]
190: [176, 127, 168, 156, 155, 167, 154, 166, 153, 165, 152, 164]
191: [176, 127, 168, 155, 167, 154, 166, 153, 165, 152, 164]
192: [176, 127, 168, 167, 154, 166, 153, 165, 152, 164]
193: [176, 127, 168, 167, 166, 153, 165, 152, 164]
194: [176, 127, 168, 167, 166, 165, 152, 164]
195: [127, 168, 167, 166, 165, 164]
188
0: [127]
1: [176, 127]
2: [176, 127]
3: [176, 127]
4: [176, 127]
5: [176, 127]
6: [176, 127]
7: [176, 127]
8: [176, 127]
9: [176, 127]
10: [176, 127]
11: [176, 127]
12: [176, 127]
13: [127]
14: [152, 127]
15: [164, 152, 176]
16: [164, 152]
17: [164, 152]
18: [164, 152]
19: [164, 152]
20: [164, 152]
21: [164, 152]
22: [164, 152]
23: [164, 152]
24: [164, 152]
25: [164, 152]
26: [176, 164, 152]
27: [127, 164]
28: [152, 153, 127]
29: [164, 153, 176]
30: [165, 153]
31: [165, 153]
32: [165, 153]
33: [165, 153]
34: [165, 153]
35: [165, 153]
36: [165, 153]
37: [165, 153]
38: [165, 153]
39: [165, 153]
40: [176, 165, 152]
41: [127, 165, 164]
42: [152, 153, 154, 127]
43: [164, 154, 176]
44: [165, 154]
45: [166, 154]
46: [166, 154]
47: [166, 154]
48: [166, 154]
49: [166, 154]
50: [166, 154]
51: [166, 154]
52: [166, 154]
53: [166, 153]
54: [176, 166, 152]
55: [127, 166, 165, 164]
56: [152, 153, 154, 155, 127]
57: [164, 155, 176]
58: [165, 155]
59: [166, 155]
60: [167, 155]
61: [167, 155]
62: [167, 155]
63: [167, 155]
64: [167, 155]
65: [167, 155]
66: [167, 154]
67: [167, 153]
68: [176, 167, 152]
69: [127, 167, 166, 165, 164]
70: [152, 153, 154, 155, 156, 127]
71: [164, 156, 176]
72: [165, 156]
73: [166, 156]
74: [167, 156]
75: [168, 156]
76: [168, 156]
77: [168, 156]
78: [168, 156]
79: [168, 155]
80: [168, 154]
81: [168, 153]
82: [176, 168, 152]
83: [127, 168, 167, 166, 165, 164]
84: [152, 153, 154, 155, 156, 157, 127]
85: [164, 157, 176]
86: [165, 157]
87: [166, 157]
88: [167, 157]
89: [168, 157]
90: [169, 157]
91: [169, 157]
92: [169, 156]
93: [169, 155]
94: [169, 154]
95: [169, 153]
96: [176, 169, 152]
97: [169, 127, 168, 167, 166, 165, 164]
98: [152, 153, 154, 155, 156, 157, 158, 127]
99: [164, 158, 176]
100: [165, 158]
101: [166, 158]
102: [167, 158]
103: [168, 158]
104: [169, 158]
105: [157]
106: [156]
107: [155]
108: [154]
109: [153]
110: [176, 152]
111: [127, 169, 168, 167, 166, 165, 164]
112: [152, 153, 154, 155, 156, 157, 158, 127]
113: [164, 176]
114: [165]
115: [166]
116: [167]
117: [168]
118: [169, 158]
119: [157]
120: [156]
121: [155]
122: [154]
123: [153]
124: [176, 152]
125: [127, 169, 168, 167, 166, 165, 164]
126: [152, 153, 154, 155, 156, 157, 158, 127]
127: [164, 176]
128: [165]
129: [166]
130: [167]
131: [168]
132: [169, 158]
133: [157]
134: [156]
135: [155]
136: [154]
137: [153]
138: [176, 152]
139: [127, 169, 168, 167, 166, 165, 164]
140: [152, 153, 154, 155, 156, 157, 158, 127]
141: [164, 176]
142: [165]
143: [166]
144: [167]
145: [168]
146: [169, 158]
147: [157]
148: [156]
149: [155]
150: [154]
151: [153]
152: [176, 152]
153: [127, 169, 168, 167, 166, 165, 164]
154: [152, 153, 154, 155, 156, 157, 158, 127]
155: [164, 176]
156: [165]
157: [166]
158: [167]
159: [168]
160: [169, 158]
161: [157]
162: [156]
163: [155]
164: [154]
165: [153]
166: [176, 152]
167: [127, 169, 168, 167, 166, 165, 164]
168: [152, 153, 154, 155, 156, 157, 158, 127]
169: [164, 176]
170: [165]
171: [166]
172: [167]
173: [168]
174: [169, 158]
175: [157]
176: [156]
177: [155]
178: [154]
179: [153]
180: [176, 152]
181: [127, 169, 168, 167, 166, 165, 164]
182: [152, 153, 154, 155, 156, 157, 158, 127]
183: [164, 152, 153, 154, 155, 156, 157, 158, 176, 127]
184: [164, 165, 152, 153, 154, 155, 156, 157, 158, 176, 127]
185: [164, 165, 166, 152, 153, 154, 155, 156, 157, 158, 176, 127]
186: [164, 165, 166, 167, 152, 153, 154, 155, 156, 157, 158, 176, 127]
187: [164, 165, 166, 167, 168, 152, 153, 154, 155, 156, 157, 158, 176, 127]
188: []
189: [176, 127, 169, 157, 168, 156, 155, 167, 154, 166, 153, 165, 152, 164]
190: [176, 127, 169, 168, 156, 155, 167, 154, 166, 153, 165, 152, 164]
191: [176, 127, 169, 168, 155, 167, 154, 166, 153, 165, 152, 164]
192: [176, 127, 169, 168, 167, 154, 166, 153, 165, 152, 164]
193: [176, 127, 169, 168, 167, 166, 153, 165, 152, 164]
194: [176, 127, 169, 168, 167, 166, 165, 152, 164]
195: [127, 169, 168, 167, 166, 165, 164]
189
0: [127]
1: [176, 127]
2: [176, 127]
3: [176, 127]
4: [176, 127]
5: [176, 127]
6: [176, 127]
7: [176, 127]
8: [176, 127]
9: [176, 127]
10: [176, 127]
11: [176, 127]
12: [176, 127]
13: [127]
14: [152, 127]
15: [164, 152, 176]
16: [164, 152]
17: [164, 152]
18: [164, 152]
19: [164, 152]
20: [164, 152]
21: [164, 152]
22: [164, 152]
23: [164, 152]
24: [164, 152]
25: [164, 152]
26: [176, 164, 152]
27: [127, 164]
28: [152, 153, 127]
29: [164, 153, 176]
30: [165, 153]
31: [165, 153]
32: [165, 153]
33: [165, 153]
34: [165, 153]
35: [165, 153]
36: [165, 153]
37: [165, 153]
38: [165, 153]
39: [165, 153]
40: [176, 165, 152]
41: [127, 165, 164]
42: [152, 153, 154, 127]
43: [164, 154, 176]
44: [165, 154]
45: [166, 154]
46: [166, 154]
47: [166, 154]
48: [166, 154]
49: [166, 154]
50: [166, 154]
51: [166, 154]
52: [166, 154]
53: [166, 153]
54: [176, 166, 152]
55: [127, 166, 165, 164]
56: [152, 153, 154, 155, 127]
57: [164, 155, 176]
58: [165, 155]
59: [166, 155]
60: [167, 155]
61: [167, 155]
62: [167, 155]
63: [167, 155]
64: [167, 155]
65: [167, 155]
66: [167, 154]
67: [167, 153]
68: [176, 167, 152]
69: [127, 167, 166, 165, 164]
70: [152, 153, 154, 155, 156, 127]
71: [164, 156, 176]
72: [165, 156]
73: [166, 156]
74: [167, 156]
75: [168, 156]
76: [168, 156]
77: [168, 156]
78: [168, 156]
79: [168, 155]
80: [168, 154]
81: [168, 153]
82: [176, 168, 152]
83: [127, 168, 167, 166, 165, 164]
84: [152, 153, 154, 155, 156, 157, 127]
85: [164, 157, 176]
86: [165, 157]
87: [166, 157]
88: [167, 157]
89: [168, 157]
90: [169, 157]
91: [169, 157]
92: [169, 156]
93: [169, 155]
94: [169, 154]
95: [169, 153]
96: [176, 169, 152]
97: [127, 169, 168, 167, 166, 165, 164]
98: [152, 153, 154, 155, 156, 157, 127]
99: [164, 176]
100: [165]
101: [166]
102: [167]
103: [168]
104: [169]
105: [170, 157]
106: [170, 156]
107: [170, 155]
108: [170, 154]
109: [170, 153]
110: [176, 170, 152]
111: [170, 127, 169, 168, 167, 166, 165, 164]
112: [152, 153, 154, 155, 156, 157, 127]
113: [164, 176]
114: [165]
115: [166]
116: [167]
117: [168]
118: [169]
119: [170, 157]
120: [156]
121: [155]
122: [154]
123: [153]
124: [176, 152]
125: [127, 170, 169, 168, 167, 166, 165, 164]
126: [152, 153, 154, 155, 156, 157, 127]
127: [164, 176]
128: [165]
129: [166]
130: [167]
131: [168]
132: [169]
133: [170, 157]
134: [156]
135: [155]
136: [154]
137: [153]
138: [176, 152]
139: [127, 170, 169, 168, 167, 166, 165, 164]
140: [152, 153, 154, 155, 156, 157, 127]
141: [164, 176]
142: [165]
143: [166]
144: [167]
145: [168]
146: [169]
147: [170, 157]
148: [156]
149: [155]
150: [154]
151: [153]
152: [176, 152]
153: [127, 170, 169, 168, 167, 166, 165, 164]
154: [152, 153, 154, 155, 156, 157, 127]
155: [164, 176]
156: [165]
157: [166]
158: [167]
159: [168]
160: [169]
161: [170, 157]
162: [156]
163: [155]
164: [154]
165: [153]
166: [176, 152]
167: [127, 170, 169, 168, 167, 166, 165, 164]
168: [152, 153, 154, 155, 156, 157, 127]
169: [164, 176]
170: [165]
171: [166]
172: [167]
173: [168]
174: [169]
175: [170, 157]
176: [156]
177: [155]
178: [154]
179: [153]
180: [176, 152]
181: [127, 170, 169, 168, 167, 166, 165, 164]
182: [152, 153, 154, 155, 156, 157, 127]
183: [164, 152, 153, 154, 155, 156, 157, 176, 127]
184: [164, 165, 152, 153, 154, 155, 156, 157, 176, 127]
185: [164, 165, 166, 152, 153, 154, 155, 156, 157, 176, 127]
186: [164, 165, 166, 167, 152, 153, 154, 155, 156, 157, 176, 127]
187: [164, 165, 166, 167, 168, 152, 153, 154, 155, 156, 157, 176, 127]
188: [164, 165, 166, 167, 168, 169, 152, 153, 154, 155, 156, 157, 176, 127]
189: []
190: [176, 127, 170, 169, 168, 156, 155, 167, 154, 166, 153, 165, 152, 164]
191: [176, 127, 170, 169, 168, 155, 167, 154, 166, 153, 165, 152, 164]
192: [176, 127, 170, 169, 168, 167, 154, 166, 153, 165, 152, 164]
193: [176, 127, 170, 169, 168, 167, 166, 153, 165, 152, 164]
194: [176, 127, 170, 169, 168, 167, 166, 165, 152, 164]
195: [127, 170, 169, 168, 167, 166, 165, 164]
190
0: [127]
1: [176, 127]
2: [176, 127]
3: [176, 127]
4: [176, 127]
5: [176, 127]
6: [176, 127]
7: [176, 127]
8: [176, 127]
9: [176, 127]
10: [176, 127]
11: [176, 127]
12: [176, 127]
13: [127]
14: [152, 127]
15: [164, 152, 176]
16: [164, 152]
17: [164, 152]
18: [164, 152]
19: [164, 152]
20: [164, 152]
21: [164, 152]
22: [164, 152]
23: [164, 152]
24: [164, 152]
25: [164, 152]
26: [176, 164, 152]
27: [127, 164]
28: [152, 153, 127]
29: [164, 153, 176]
30: [165, 153]
31: [165, 153]
32: [165, 153]
33: [165, 153]
34: [165, 153]
35: [165, 153]
36: [165, 153]
37: [165, 153]
38: [165, 153]
39: [165, 153]
40: [176, 165, 152]
41: [127, 165, 164]
42: [152, 153, 154, 127]
43: [164, 154, 176]
44: [165, 154]
45: [166, 154]
46: [166, 154]
47: [166, 154]
48: [166, 154]
49: [166, 154]
50: [166, 154]
51: [166, 154]
52: [166, 154]
53: [166, 153]
54: [176, 166, 152]
55: [127, 166, 165, 164]
56: [152, 153, 154, 155, 127]
57: [164, 155, 176]
58: [165, 155]
59: [166, 155]
60: [167, 155]
61: [167, 155]
62: [167, 155]
63: [167, 155]
64: [167, 155]
65: [167, 155]
66: [167, 154]
67: [167, 153]
68: [176, 167, 152]
69: [127, 167, 166, 165, 164]
70: [152, 153, 154, 155, 156, 127]
71: [164, 156, 176]
72: [165, 156]
73: [166, 156]
74: [167, 156]
75: [168, 156]
76: [168, 156]
77: [168, 156]
78: [168, 156]
79: [168, 155]
80: [168, 154]
81: [168, 153]
82: [176, 168, 152]
83: [127, 168, 167, 166, 165, 164]
84: [152, 153, 154, 155, 156, 127]
85: [164, 176]
86: [165]
87: [166]
88: [167]
89: [168]
90: [169]
91: [169]
92: [169, 156]
93: [169, 155]
94: [169, 154]
95: [169, 153]
96: [176, 169, 152]
97: [127, 169, 168, 167, 166, 165, 164]
98: [152, 153, 154, 155, 156, 127]
99: [164, 176]
100: [165]
101: [166]
102: [167]
103: [168]
104: [169]
105: [170]
106: [170, 156]
107: [170, 155]
108: [170, 154]
109: [170, 153]
110: [176, 170, 152]
111: [127, 170, 169, 168, 167, 166, 165, 164]
112: [152, 153, 154, 155, 156, 127]
113: [164, 176]
114: [165]
115: [166]
116: [167]
117: [168]
118: [169]
119: [170]
120: [171, 156]
121: [171, 155]
122: [171, 154]
123: [171, 153]
124: [176, 171, 152]
125: [171, 127, 170, 169, 168, 167, 166, 165, 164]
126: [152, 153, 154, 155, 156, 127]
127: [164, 176]
128: [165]
129: [166]
130: [167]
131: [168]
132: [169]
133: [170]
134: [171, 156]
135: [155]
136: [154]
137: [153]
138: [176, 152]
139: [127, 171, 170, 169, 168, 167, 166, 165, 164]
140: [152, 153, 154, 155, 156, 127]
141: [164, 176]
142: [165]
143: [166]
144: [167]
145: [168]
146: [169]
147: [170]
148: [171, 156]
149: [155]
150: [154]
151: [153]
152: [176, 152]
153: [127, 171, 170, 169, 168, 167, 166, 165, 164]
154: [152, 153, 154, 155, 156, 127]
155: [164, 176]
156: [165]
157: [166]
158: [167]
159: [168]
160: [169]
161: [170]
162: [171, 156]
163: [155]
164: [154]
165: [153]
166: [176, 152]
167: [127, 171, 170, 169, 168, 167, 166, 165, 164]
168: [152, 153, 154, 155, 156, 127]
169: [164, 176]
170: [165]
171: [166]
172: [167]
173: [168]
174: [169]
175: [170]
176: [171, 156]
177: [155]
178: [154]
179: [153]
180: [176, 152]
181: [127, 171, 170, 169, 168, 167, 166, 165, 164]
182: [152, 153, 154, 155, 156, 127]
183: [164, 152, 153, 154, 155, 156, 176, 127]
184: [164, 165, 152, 153, 154, 155, 156, 176, 127]
185: [164, 165, 166, 152, 153, 154, 155, 156, 176, 127]
186: [164, 165, 166, 167, 152, 153, 154, 155, 156, 176, 127]
187: [164, 165, 166, 167, 168, 152, 153, 154, 155, 156, 176, 127]
188: [164, 165, 166, 167, 168, 169, 152, 153, 154, 155, 156, 176, 127]
189: [164, 165, 166, 167, 168, 169, 170, 152, 153, 154, 155, 156, 176, 127]
190: []
191: [176, 127, 171, 170, 169, 168, 155, 167, 154, 166, 153, 165, 152, 164]
192: [176, 127, 171, 170, 169, 168, 167, 154, 166, 153, 165, 152, 164]
193: [176, 127, 171, 170, 169, 168, 167, 166, 153, 165, 152, 164]
194: [176, 127, 171, 170, 169, 168, 167, 166, 165, 152, 164]
195: [127, 171, 170, 169, 168, 167, 166, 165, 164]
191
0: [127]
1: [176, 127]
2: [176, 127]
3: [176, 127]
4: [176, 127]
5: [176, 127]
6: [176, 127]
7: [176, 127]
8: [176, 127]
9: [176, 127]
10: [176, 127]
11: [176, 127]
12: [176, 127]
13: [127]
14: [152, 127]
15: [164, 152, 176]
16: [164, 152]
17: [164, 152]
18: [164, 152]
19: [164, 152]
20: [164, 152]
21: [164, 152]
22: [164, 152]
23: [164, 152]
24: [164, 152]
25: [164, 152]
26: [176, 164, 152]
27: [127, 164]
28: [152, 153, 127]
29: [164, 153, 176]
30: [165, 153]
31: [165, 153]
32: [165, 153]
33: [165, 153]
34: [165, 153]
35: [165, 153]
36: [165, 153]
37: [165, 153]
38: [165, 153]
39: [165, 153]
40: [176, 165, 152]
41: [127, 165, 164]
42: [152, 153, 154, 127]
43: [164, 154, 176]
44: [165, 154]
45: [166, 154]
46: [166, 154]
47: [166, 154]
48: [166, 154]
49: [166, 154]
50: [166, 154]
51: [166, 154]
52: [166, 154]
53: [166, 153]
54: [176, 166, 152]
55: [127, 166, 165, 164]
56: [152, 153, 154, 155, 127]
57: [164, 155, 176]
58: [165, 155]
59: [166, 155]
60: [167, 155]
61: [167, 155]
62: [167, 155]
63: [167, 155]
64: [167, 155]
65: [167, 155]
66: [167, 154]
67: [167, 153]
68: [176, 167, 152]
69: [127, 167, 166, 165, 164]
70: [152, 153, 154, 155, 127]
71: [164, 176]
72: [165]
73: [166]
74: [167]
75: [168]
76: [168]
77: [168]
78: [168]
79: [168, 155]
80: [168, 154]
81: [168, 153]
82: [176, 168, 152]
83: [127, 168, 167, 166, 165, 164]
84: [152, 153, 154, 155, 127]
85: [164, 176]
86: [165]
87: [166]
88: [167]
89: [168]
90: [169]
91: [169]
92: [169]
93: [169, 155]
94: [169, 154]
95: [169, 153]
96: [176, 169, 152]
97: [127, 169, 168, 167, 166, 165, 164]
98: [152, 153, 154, 155, 127]
99: [164, 176]
100: [165]
101: [166]
102: [167]
103: [168]
104: [169]
105: [170]
106: [170]
107: [170, 155]
108: [170, 154]
109: [170, 153]
110: [176, 170, 152]
111: [127, 170, 169, 168, 167, 166, 165, 164]
112: [152, 153, 154, 155, 127]
113: [164, 176]
114: [165]
115: [166]
116: [167]
117: [168]
118: [169]
119: [170]
120: [171]
121: [171, 155]
122: [171, 154]
123: [171, 153]
124: [176, 171, 152]
125: [127, 171, 170, 169, 168, 167, 166, 165, 164]
126: [152, 153, 154, 155, 127]
127: [164, 176]
128: [165]
129: [166]
130: [167]
131: [168]
132: [169]
133: [170]
134: [171]
135: [172, 155]
136: [172, 154]
137: [172, 153]
138: [176, 172, 152]
139: [172, 127, 171, 170, 169, 168, 167, 166, 165, 164]
140: [152, 153, 154, 155, 127]
141: [164, 176]
142: [165]
143: [166]
144: [167]
145: [168]
146: [169]
147: [170]
148: [171]
149: [172, 155]
150: [154]
151: [153]
152: [176, 152]
153: [127, 172, 171, 170, 169, 168, 167, 166, 165, 164]
154: [152, 153, 154, 155, 127]
155: [164, 176]
156: [165]
157: [166]
158: [167]
159: [168]
160: [169]
161: [170]
162: [171]
163: [172, 155]
164: [154]
165: [153]
166: [176, 152]
167: [127, 172, 171, 170, 169, 168, 167, 166, 165, 164]
168: [152, 153, 154, 155, 127]
169: [164, 176]
170: [165]
171: [166]
172: [167]
173: [168]
174: [169]
175: [170]
176: [171]
177: [172, 155]
178: [154]
179: [153]
180: [176, 152]
181: [127, 172, 171, 170, 169, 168, 167, 166, 165, 164]
182: [152, 153, 154, 155, 127]
183: [164, 152, 153, 154, 155, 176, 127]
184: [164, 165, 152, 153, 154, 155, 176, 127]
185: [164, 165, 166, 152, 153, 154, 155, 176, 127]
186: [164, 165, 166, 167, 152, 153, 154, 155, 176, 127]
187: [164, 165, 166, 167, 168, 152, 153, 154, 155, 176, 127]
188: [164, 165, 166, 167, 168, 169, 152, 153, 154, 155, 176, 127]
189: [164, 165, 166, 167, 168, 169, 170, 152, 153, 154, 155, 176, 127]
190: [164, 165, 166, 167, 168, 169, 170, 171, 152, 153, 154, 155, 176, 127]
191: []
192: [176, 127, 172, 171, 170, 169, 168, 167, 154, 166, 153, 165, 152, 164]
193: [176, 127, 172, 171, 170, 169, 168, 167, 166, 153, 165, 152, 164]
194: [176, 127, 172, 171, 170, 169, 168, 167, 166, 165, 152, 164]
195: [127, 172, 171, 170, 169, 168, 167, 166, 165, 164]
192
0: [127]
1: [176, 127]
2: [176, 127]
3: [176, 127]
4: [176, 127]
5: [176, 127]
6: [176, 127]
7: [176, 127]
8: [176, 127]
9: [176, 127]
10: [176, 127]
11: [176, 127]
12: [176, 127]
13: [127]
14: [152, 127]
15: [164, 152, 176]
16: [164, 152]
17: [164, 152]
18: [164, 152]
19: [164, 152]
20: [164, 152]
21: [164, 152]
22: [164, 152]
23: [164, 152]
24: [164, 152]
25: [164, 152]
26: [176, 164, 152]
27: [127, 164]
28: [152, 153, 127]
29: [164, 153, 176]
30: [165, 153]
31: [165, 153]
32: [165, 153]
33: [165, 153]
34: [165, 153]
35: [165, 153]
36: [165, 153]
37: [165, 153]
38: [165, 153]
39: [165, 153]
40: [176, 165, 152]
41: [127, 165, 164]
42: [152, 153, 154, 127]
43: [164, 154, 176]
44: [165, 154]
45: [166, 154]
46: [166, 154]
47: [166, 154]
48: [166, 154]
49: [166, 154]
50: [166, 154]
51: [166, 154]
52: [166, 154]
53: [166, 153]
54: [176, 166, 152]
55: [127, 166, 165, 164]
56: [152, 153, 154, 127]
57: [164, 176]
58: [165]
59: [166]
60: [167]
61: [167]
62: [167]
63: [167]
64: [167]
65: [167]
66: [167, 154]
67: [167, 153]
68: [176, 167, 152]
69: [127, 167, 166, 165, 164]
70: [152, 153, 154, 127]
71: [164, 176]
72: [165]
73: [166]
74: [167]
75: [168]
76: [168]
77: [168]
78: [168]
79: [168]
80: [168, 154]
81: [168, 153]
82: [176, 168, 152]
83: [127, 168, 167, 166, 165, 164]
84: [152, 153, 154, 127]
85: [164, 176]
86: [165]
87: [166]
88: [167]
89: [168]
90: [169]
91: [169]
92: [169]
93: [169]
94: [169, 154]
95: [169, 153]
96: [176, 169, 152]
97: [127, 169, 168, 167, 166, 165, 164]
98: [152, 153, 154, 127]
99: [164, 176]
100: [165]
101: [166]
102: [167]
103: [168]
104: [169]
105: [170]
106: [170]
107: [170]
108: [170, 154]
109: [170, 153]
110: [176, 170, 152]
111: [127, 170, 169, 168, 167, 166, 165, 164]
112: [152, 153, 154, 127]
113: [164, 176]
114: [165]
115: [166]
116: [167]
117: [168]
118: [169]
119: [170]
120: [171]
121: [171]
122: [171, 154]
123: [171, 153]
124: [176, 171, 152]
125: [127, 171, 170, 169, 168, 167, 166, 165, 164]
126: [152, 153, 154, 127]
127: [164, 176]
128: [165]
129: [166]
130: [167]
131: [168]
132: [169]
133: [170]
134: [171]
135: [172]
136: [172, 154]
137: [172, 153]
138: [176, 172, 152]
139: [127, 172, 171, 170, 169, 168, 167, 166, 165, 164]
140: [152, 153, 154, 127]
141: [164, 176]
142: [165]
143: [166]
144: [167]
145: [168]
146: [169]
147: [170]
148: [171]
149: [172]
150: [173, 154]
151: [173, 153]
152: [176, 173, 152]
153: [173, 127, 172, 171, 170, 169, 168, 167, 166, 165, 164]
154: [152, 153, 154, 127]
155: [164, 176]
156: [165]
157: [166]
158: [167]
159: [168]
160: [169]
161: [170]
162: [171]
163: [172]
164: [173, 154]
165: [153]
166: [176, 152]
167: [127, 173, 172, 171, 170, 169, 168, 167, 166, 165, 164]
168: [152, 153, 154, 127]
169: [164, 176]
170: [165]
171: [166]
172: [167]
173: [168]
174: [169]
175: [170]
176: [171]
177: [172]
178: [173, 154]
179: [153]
180: [176, 152]
181: [127, 173, 172, 171, 170, 169, 168, 167, 166, 165, 164]
182: [152, 153, 154, 127]
183: [152, 153, 154, 164, 176, 127]
184: [164, 165, 152, 153, 154, 176, 127]
185: [164, 165, 166, 152, 153, 154, 176, 127]
186: [164, 165, 166, 167, 152, 153, 154, 176, 127]
187: [164, 165, 166, 167, 168, 152, 153, 154, 176, 127]
188: [164, 165, 166, 167, 168, 169, 152, 153, 154, 176, 127]
189: [164, 165, 166, 167, 168, 169, 170, 152, 153, 154, 176, 127]
190: [164, 165, 166, 167, 168, 169, 170, 171, 152, 153, 154, 176, 127]
191: [164, 165, 166, 167, 168, 169, 170, 171, 172, 152, 153, 154, 176, 127]
192: []
193: [176, 127, 173, 172, 171, 170, 169, 168, 167, 166, 153, 165, 152, 164]
194: [176, 127, 173, 172, 171, 170, 169, 168, 167, 166, 165, 152, 164]
195: [127, 173, 172, 171, 170, 169, 168, 167, 166, 165, 164]
193
0: [127]
1: [176, 127]
2: [176, 127]
3: [176, 127]
4: [176, 127]
5: [176, 127]
6: [176, 127]
7: [176, 127]
8: [176, 127]
9: [176, 127]
10: [176, 127]
11: [176, 127]
12: [176, 127]
13: [127]
14: [152, 127]
15: [164, 152, 176]
16: [164, 152]
17: [164, 152]
18: [164, 152]
19: [164, 152]
20: [164, 152]
21: [164, 152]
22: [164, 152]
23: [164, 152]
24: [164, 152]
25: [164, 152]
26: [176, 164, 152]
27: [127, 164]
28: [152, 153, 127]
29: [164, 153, 176]
30: [165, 153]
31: [165, 153]
32: [165, 153]
33: [165, 153]
34: [165, 153]
35: [165, 153]
36: [165, 153]
37: [165, 153]
38: [165, 153]
39: [165, 153]
40: [176, 165, 152]
41: [127, 165, 164]
42: [152, 153, 127]
43: [164, 176]
44: [165]
45: [166]
46: [166]
47: [166]
48: [166]
49: [166]
50: [166]
51: [166]
52: [166]
53: [166, 153]
54: [176, 166, 152]
55: [127, 166, 165, 164]
56: [152, 153, 127]
57: [164, 176]
58: [165]
59: [166]
60: [167]
61: [167]
62: [167]
63: [167]
64: [167]
65: [167]
66: [167]
67: [167, 153]
68: [176, 167, 152]
69: [127, 167, 166, 165, 164]
70: [152, 153, 127]
71: [164, 176]
72: [165]
73: [166]
74: [167]
75: [168]
76: [168]
77: [168]
78: [168]
79: [168]
80: [168]
81: [168, 153]
82: [176, 168, 152]
83: [127, 168, 167, 166, 165, 164]
84: [152, 153, 127]
85: [164, 176]
86: [165]
87: [166]
88: [167]
89: [168]
90: [169]
91: [169]
92: [169]
93: [169]
94: [169]
95: [169, 153]
96: [176, 169, 152]
97: [127, 169, 168, 167, 166, 165, 164]
98: [152, 153, 127]
99: [164, 176]
100: [165]
101: [166]
102: [167]
103: [168]
104: [169]
105: [170]
106: [170]
107: [170]
108: [170]
109: [170, 153]
110: [176, 170, 152]
111: [127, 170, 169, 168, 167, 166, 165, 164]
112: [152, 153, 127]
113: [164, 176]
114: [165]
115: [166]
116: [167]
117: [168]
118: [169]
119: [170]
120: [171]
121: [171]
122: [171]
123: [171, 153]
124: [176, 171, 152]
125: [127, 171, 170, 169, 168, 167, 166, 165, 164]
126: [152, 153, 127]
127: [164, 176]
128: [165]
129: [166]
130: [167]
131: [168]
132: [169]
133: [170]
134: [171]
135: [172]
136: [172]
137: [172, 153]
138: [176, 172, 152]
139: [127, 172, 171, 170, 169, 168, 167, 166, 165, 164]
140: [152, 153, 127]
141: [164, 176]
142: [165]
143: [166]
144: [167]
145: [168]
146: [169]
147: [170]
148: [171]
149: [172]
150: [173]
151: [173, 153]
152: [176, 173, 152]
153: [127, 173, 172, 171, 170, 169, 168, 167, 166, 165, 164]
154: [152, 153, 127]
155: [164, 176]
156: [165]
157: [166]
158: [167]
159: [168]
160: [169]
161: [170]
162: [171]
163: [172]
164: [173]
165: [174, 153]
166: [176, 174, 152]
167: [174, 127, 173, 172, 171, 170, 169, 168, 167, 166, 165, 164]
168: [152, 153, 127]
169: [164, 176]
170: [165]
171: [166]
172: [167]
173: [168]
174: [169]
175: [170]
176: [171]
177: [172]
178: [173]
179: [174, 153]
180: [176, 152]
181: [127, 174, 173, 172, 171, 170, 169, 168, 167, 166, 165, 164]
182: [152, 153, 127]
183: [152, 153, 164, 176, 127]
184: [152, 153, 164, 165, 176, 127]
185: [164, 165, 166, 152, 153, 176, 127]
186: [164, 165, 166, 167, 152, 153, 176, 127]
187: [164, 165, 166, 167, 168, 152, 153, 176, 127]
188: [164, 165, 166, 167, 168, 169, 152, 153, 176, 127]
189: [164, 165, 166, 167, 168, 169, 170, 152, 153, 176, 127]
190: [164, 165, 166, 167, 168, 169, 170, 171, 152, 153, 176, 127]
191: [164, 165, 166, 167, 168, 169, 170, 171, 172, 152, 153, 176, 127]
192: [164, 165, 166, 167, 168, 169, 170, 171, 172, 173, 152, 153, 176, 127]
193: []
194: [176, 127, 174, 173, 172, 171, 170, 169, 168, 167, 166, 165, 152, 164]
195: [127, 174, 173, 172, 171, 170, 169, 168, 167, 166, 165, 164]
194
0: [127]
1: [176, 127]
2: [176, 127]
3: [176, 127]
4: [176, 127]
5: [176, 127]
6: [176, 127]
7: [176, 127]
8: [176, 127]
9: [176, 127]
10: [176, 127]
11: [176, 127]
12: [176, 127]
13: [127]
14: [152, 127]
15: [164, 152, 176]
16: [164, 152]
17: [164, 152]
18: [164, 152]
19: [164, 152]
20: [164, 152]
21: [164, 152]
22: [164, 152]
23: [164, 152]
24: [164, 152]
25: [164, 152]
26: [176, 164, 152]
27: [127, 164]
28: [152, 127]
29: [164, 176]
30: [165]
31: [165]
32: [165]
33: [165]
34: [165]
35: [165]
36: [165]
37: [165]
38: [165]
39: [165]
40: [176, 165, 152]
41: [127, 165, 164]
42: [152, 127]
43: [164, 176]
44: [165]
45: [166]
46: [166]
47: [166]
48: [166]
49: [166]
50: [166]
51: [166]
52: [166]
53: [166]
54: [176, 166, 152]
55: [127, 166, 165, 164]
56: [152, 127]
57: [164, 176]
58: [165]
59: [166]
60: [167]
61: [167]
62: [167]
63: [167]
64: [167]
65: [167]
66: [167]
67: [167]
68: [176, 167, 152]
69: [127, 167, 166, 165, 164]
70: [152, 127]
71: [164, 176]
72: [165]
73: [166]
74: [167]
75: [168]
76: [168]
77: [168]
78: [168]
79: [168]
80: [168]
81: [168]
82: [176, 168, 152]
83: [127, 168, 167, 166, 165, 164]
84: [152, 127]
85: [164, 176]
86: [165]
87: [166]
88: [167]
89: [168]
90: [169]
91: [169]
92: [169]
93: [169]
94: [169]
95: [169]
96: [176, 169, 152]
97: [127, 169, 168, 167, 166, 165, 164]
98: [152, 127]
99: [164, 176]
100: [165]
101: [166]
102: [167]
103: [168]
104: [169]
105: [170]
106: [170]
107: [170]
108: [170]
109: [170]
110: [176, 170, 152]
111: [127, 170, 169, 168, 167, 166, 165, 164]
112: [152, 127]
113: [164, 176]
114: [165]
115: [166]
116: [167]
117: [168]
118: [169]
119: [170]
120: [171]
121: [171]
122: [171]
123: [171]
124: [176, 171, 152]
125: [127, 171, 170, 169, 168, 167, 166, 165, 164]
126: [152, 127]
127: [164, 176]
128: [165]
129: [166]
130: [167]
131: [168]
132: [169]
133: [170]
134: [171]
135: [172]
136: [172]
137: [172]
138: [176, 172, 152]
139: [127, 172, 171, 170, 169, 168, 167, 166, 165, 164]
140: [152, 127]
141: [164, 176]
142: [165]
143: [166]
144: [167]
145: [168]
146: [169]
147: [170]
148: [171]
149: [172]
150: [173]
151: [173]
152: [176, 173, 152]
153: [127, 173, 172, 171, 170, 169, 168, 167, 166, 165, 164]
154: [152, 127]
155: [164, 176]
156: [165]
157: [166]
158: [167]
159: [168]
160: [169]
161: [170]
162: [171]
163: [172]
164: [173]
165: [174]
166: [176, 174, 152]
167: [127, 174, 173, 172, 171, 170, 169, 168, 167, 166, 165, 164]
168: [152, 127]
169: [164, 176]
170: [165]
171: [166]
172: [167]
173: [168]
174: [169]
175: [170]
176: [171]
177: [172]
178: [173]
179: [174]
180: [176, 175, 152]
181: [175, 127, 174, 173, 172, 171, 170, 169, 168, 167, 166, 165, 164]
182: [152, 127]
183: [152, 164, 176, 127]
184: [152, 164, 165, 176, 127]
185: [152, 164, 165, 166, 176, 127]
186: [164, 165, 166, 167, 152, 176, 127]
187: [164, 165, 166, 167, 168, 152, 176, 127]
188: [164, 165, 166, 167, 168, 169, 152, 176, 127]
189: [164, 165, 166, 167, 168, 169, 170, 152, 176, 127]
190: [164, 165, 166, 167, 168, 169, 170, 171, 152, 176, 127]
191: [164, 165, 166, 167, 168, 169, 170, 171, 172, 152, 176, 127]
192: [164, 165, 166, 167, 168, 169, 170, 171, 172, 173, 152, 176, 127]
193: [164, 165, 166, 167, 168, 169, 170, 171, 172, 173, 174, 152, 176, 127]
194: []
195: [127, 175, 174, 173, 172, 171, 170, 169, 168, 167, 166, 165, 164]
195
0: [127]
1: [127]
2: [127]
3: [127]
4: [127]
5: [127]
6: [127]
7: [127]
8: [127]
9: [127]
10: [127]
11: [127]
12: [127]
13: [127]
14: [127]
15: [164]
16: [164]
17: [164]
18: [164]
19: [164]
20: [164]
21: [164]
22: [164]
23: [164]
24: [164]
25: [164]
26: [164]
27: [127, 164]
28: [127]
29: [164]
30: [165]
31: [165]
32: [165]
33: [165]
34: [165]
35: [165]
36: [165]
37: [165]
38: [165]
39: [165]
40: [165]
41: [127, 165, 164]
42: [127]
43: [164]
44: [165]
45: [166]
46: [166]
47: [166]
48: [166]
49: [166]
50: [166]
51: [166]
52: [166]
53: [166]
54: [166]
55: [127, 166, 165, 164]
56: [127]
57: [164]
58: [165]
59: [166]
60: [167]
61: [167]
62: [167]
63: [167]
64: [167]
65: [167]
66: [167]
67: [167]
68: [167]
69: [127, 167, 166, 165, 164]
70: [127]
71: [164]
72: [165]
73: [166]
74: [167]
75: [168]
76: [168]
77: [168]
78: [168]
79: [168]
80: [168]
81: [168]
82: [168]
83: [127, 168, 167, 166, 165, 164]
84: [127]
85: [164]
86: [165]
87: [166]
88: [167]
89: [168]
90: [169]
91: [169]
92: [169]
93: [169]
94: [169]
95: [169]
96: [169]
97: [127, 169, 168, 167, 166, 165, 164]
98: [127]
99: [164]
100: [165]
101: [166]
102: [167]
103: [168]
104: [169]
105: [170]
106: [170]
107: [170]
108: [170]
109: [170]
110: [170]
111: [127, 170, 169, 168, 167, 166, 165, 164]
112: [127]
113: [164]
114: [165]
115: [166]
116: [167]
117: [168]
118: [169]
119: [170]
120: [171]
121: [171]
122: [171]
123: [171]
124: [171]
125: [127, 171, 170, 169, 168, 167, 166, 165, 164]
126: [127]
127: [164]
128: [165]
129: [166]
130: [167]
131: [168]
132: [169]
133: [170]
134: [171]
135: [172]
136: [172]
137: [172]
138: [172]
139: [127, 172, 171, 170, 169, 168, 167, 166, 165, 164]
140: [127]
141: [164]
142: [165]
143: [166]
144: [167]
145: [168]
146: [169]
147: [170]
148: [171]
149: [172]
150: [173]
151: [173]
152: [173]
153: [127, 173, 172, 171, 170, 169, 168, 167, 166, 165, 164]
154: [127]
155: [164]
156: [165]
157: [166]
158: [167]
159: [168]
160: [169]
161: [170]
162: [171]
163: [172]
164: [173]
165: [174]
166: [174]
167: [127, 174, 173, 172, 171, 170, 169, 168, 167, 166, 165, 164]
168: [127]
169: [164]
170: [165]
171: [166]
172: [167]
173: [168]
174: [169]
175: [170]
176: [171]
177: [172]
178: [173]
179: [174]
180: [175]
181: [127, 175, 174, 173, 172, 171, 170, 169, 168, 167, 166, 165, 164]
182: [127]
183: [164, 127]
184: [164, 165, 127]
185: [164, 165, 166, 127]
186: [164, 165, 166, 167, 127]
187: [164, 165, 166, 167, 168, 127]
188: [164, 165, 166, 167, 168, 169, 127]
189: [164, 165, 166, 167, 168, 169, 170, 127]
190: [164, 165, 166, 167, 168, 169, 170, 171, 127]
191: [164, 165, 166, 167, 168, 169, 170, 171, 172, 127]
192: [164, 165, 166, 167, 168, 169, 170, 171, 172, 173, 127]
193: [164, 165, 166, 167, 168, 169, 170, 171, 172, 173, 174, 127]
194: [164, 165, 166, 167, 168, 169, 170, 171, 172, 173, 174, 175, 127]
195: []
